snr_db,sigma_step_hz,trial_index,trajectory_seed,noise_seed,decoded_success,decoded_message,reported_snr,reported_drift,reported_frequency,max_abs_frequency_hz,frequency_rms_hz,frequency_peak_to_peak_hz,max_abs_phase_rad,phase_rms_rad,phase_peak_to_peak_rad,final_phase_rad,fitted_constant_hz,fitted_linear_coefficient,runtime_seconds
-30.0,0.01,2,2026100502,2026100602,1,K1ABC FN42 33,-30,0,10.140200,0.07587703231482912,0.03207629588096787,0.14549338108793383,3.3376254293115615,1.8452332053177496,6.572154858581034,2.696212597261792e-13,0.03300681209468137,0.012094252891375624,0.11587085499922978
-30.0,0.01,0,2026100500,2026100600,1,K1ABC FN42 33,-30,0,10.140200,0.08706627268076156,0.030412949831287676,0.14191204260925916,3.8390687854358423,1.9632151071173896,6.8533905651266105,-4.0338218876279086e-13,0.0030645212093909327,0.007108262944734168,0.1788652209997963
-30.0,0.01,3,2026100503,2026100603,1,K1ABC FN42 33,-30,0,10.140200,0.07978638916234715,0.030215322627960433,0.14691353071743724,4.138252789453713,2.22154963246015,6.9163616615708925,-3.9430134504692127e-13,0.18225867876494056,0.16646388312614027,0.21613054999943415
-30.0,0.01,6,2026100506,2026100606,1,K1ABC FN42 33,-30,0,10.140200,0.07726198959158363,0.03168602205297465,0.13403846878404174,4.873261373253615,2.450273718253279,8.106929738932381,5.579227401256159e-13,0.033410744697402066,0.006732921357926199,0.060446747000241885
-30.0,0.01,1,2026100501,2026100601,1,K1ABC FN42 33,-30,0,10.140200,0.10096218687182573,0.03371249948194264,0.17377002314245812,4.923937032663197,2.8948226761085136,8.172581916538377,-2.8253124124098805e-13,0.0804407229564972,-0.005799620559813208,0.3601184449998982
-30.0,0.01,4,2026100504,2026100604,1,K1ABC FN42 33,-30,0,10.140200,0.06249558089603634,0.027427283541514056,0.11642503988194498,3.571531516661408,1.9199285920066431,6.7063507383285845,-1.0196563645509249e-13,-0.01963731835009674,-0.07858614376595431,0.24816425100107153
-30.0,0.01,7,2026100507,2026100607,1,K1ABC FN42 33,-31,0,10.140200,0.05345542072719445,0.019442159534515273,0.10553186220962649,1.6571377301587427,0.6785704137870608,3.0970875003728207,3.394875526530061e-14,0.02525244260363734,0.038867023936151775,0.09884360800060676
-30.0,0.01,5,2026100505,2026100605,1,K1ABC FN42 33,-30,0,10.140200,0.10875573074192403,0.05329953264599074,0.18730657806339118,8.456689423304908,5.561799850892724,16.1017636737034,3.849060827010309e-13,-0.0017757054467297038,-0.029606210438718843,0.24518514200099162
-30.0,0.01,9,2026100509,2026100609,1,K1ABC FN42 33,-30,0,10.140200,0.08056743739414672,0.032115265733740954,0.14175877341750995,4.665232379716655,2.4499445021598873,8.599830253985672,-4.90357754401316e-13,0.011810812564594078,-0.018115791414105218,0.06606008100061445
-30.0,0.01,8,2026100508,2026100608,1,K1ABC FN42 33,-30,0,10.140200,0.045306401075616606,0.019214889707929547,0.08872911523779775,1.6575433997358224,0.7804246670717557,3.0971765412025323,1.8626484903083718e-14,-0.03955397271531902,-0.03475452315950251,0.08269580100022722
-30.0,0.01,10,2026100510,2026100610,1,K1ABC FN42 33,-31,0,10.140200,0.07779709187026482,0.03413335244549043,0.1489110513736408,3.6551006608257195,1.7620834854974494,6.827609001973451,-1.8609170194389124e-13,-0.042222140383057286,-0.08755294550912085,0.08462709200102836
-30.0,0.01,12,2026100512,2026100612,1,K1ABC FN42 33,-30,0,10.140200,0.0588995792971783,0.026575421967579192,0.10227630897438411,3.25105944850824,1.707378103369667,5.753457251511459,-4.0436100648411077e-13,-0.037461298826191966,-0.06484646259852579,0.07026171399957093
-30.0,0.01,13,2026100513,2026100613,1,K1ABC FN42 33,-29,0,10.140200,0.0761740321710283,0.02299601561900943,0.12670408800537308,2.7617546197154526,1.6726694246114702,5.429922567165904,-1.206968552880383e-13,0.20182875800336855,0.16058370757001986,0.08673175599869865
-30.0,0.01,16,2026100516,2026100616,1,K1ABC FN42 33,-29,0,10.140200,0.06306461781848977,0.025905026832833595,0.1197641989769018,3.0466477716420557,1.2927867238048134,5.079017690193725,-2.2438756581977248e-13,0.06686557847939952,0.10139125951293149,0.049726104000001214
-30.0,0.01,11,2026100511,2026100611,1,K1ABC FN42 33,-30,0,10.140200,0.07279257583863183,0.026257378657913624,0.12573385298093862,3.5818194544152053,1.7309090912381129,5.963331903445557,-2.1219267662409003e-13,0.017596298582874894,0.008663498121572726,0.29790295100065123
-30.0,0.01,14,2026100514,2026100614,1,K1ABC FN42 33,-30,0,10.140200,0.0675527471782344,0.029507995544240086,0.13228518820261714,4.666712095880341,2.3213876211478306,6.994184625704719,8.913703108959226e-14,-0.13962564683159073,-0.08816167406695423,0.25658802300131356
-30.0,0.01,17,2026100517,2026100617,1,K1ABC FN42 33,-30,0,10.140200,0.07877606437454332,0.036011192510548996,0.1558260584337431,5.095661849683089,2.421303836358817,8.162394777121019,2.674406919880856e-13,-0.007269135610598812,0.0037416792838888013,0.2817042719998426
-30.0,0.01,20,2026100520,2026100620,1,K1ABC FN42 33,-30,0,10.140200,0.07099555090908471,0.026211017852887576,0.12457374751596026,3.207040371618591,1.2768215223238226,4.618673871484264,3.337668683101036e-13,0.022763809990257764,0.003668289016010658,0.05318162099865731
-30.0,0.01,19,2026100519,2026100619,1,K1ABC FN42 33,-30,0,10.140200,0.05561724441334631,0.02240150848270471,0.10161621914215352,2.2863486344294484,1.202488898271592,4.394163439004857,-2.5607163958718537e-13,-0.04690586953320641,-0.04169798385041233,0.24802095300037763
-30.0,0.01,18,2026100518,2026100618,1,K1ABC FN42 33,-30,0,10.140200,0.10378842523802687,0.03669355226944312,0.16746022732254418,3.853755744354253,2.495425355994515,7.579187607550473,-3.4854454392108103e-13,-0.06772961435933367,-0.07855290171864619,0.25751429900083167
-30.0,0.01,15,2026100515,2026100615,0,,,,,0.13480703300981134,0.05112862268337331,0.22367259948365942,7.801002556243986,5.210925327871413,15.44701443337936,-6.008583387784316e-13,-0.17121085257393712,-0.13499439444027045,0.5290279800010467
-30.0,0.01,23,2026100523,2026100623,1,K1ABC FN42 33,-30,0,10.140200,0.04804188084557121,0.01858831465437167,0.0878259989226168,1.2990832722340158,0.674560351861808,2.3836724457342156,1.6958842370771304e-13,0.03227913348205269,-0.007504984594992894,0.12424290799935989
-30.0,0.01,24,2026100524,2026100624,1,K1ABC FN42 33,-30,0,10.140200,0.059952431848683915,0.022971631291215388,0.11741140552826858,3.047514616946032,1.5916092097724717,5.804617431538167,-4.2457736545292724e-14,-0.031103939822576043,5.347008677606121e-05,0.11833575000127894
-30.0,0.01,25,2026100525,2026100625,1,K1ABC FN42 33,-30,0,10.140200,0.070938800642103,0.024120396986628365,0.11500252128639499,2.7803826449891336,1.4175183892331111,4.61074482613608,-9.476938006049151e-14,-0.007839879198568022,0.06309892144353499,0.09266537899929972
-30.0,0.01,26,2026100526,2026100626,1,K1ABC FN42 33,-30,0,10.140200,0.08105389081608357,0.04185976853850245,0.16178707199488201,7.214400123148817,4.113763586594497,12.014323893490005,-2.7739963104345122e-14,0.09961210489296951,0.06122586044558038,0.07299099800002296
-30.0,0.01,27,2026100527,2026100627,1,K1ABC FN42 33,-30,0,10.140200,0.05579809519207696,0.017893954773141596,0.10730914788674044,2.2191013524976833,1.19438231620416,4.253737269857551,2.3786246410029133e-13,-0.045453573696895185,0.008752986041827419,0.06574851900040812
-30.0,0.01,21,2026100521,2026100621,0,,,,,0.07304268489153215,0.02658710789224622,0.1311446295006397,2.7972070247780696,1.3518634225444492,4.879025328536283,-3.5713619561672516e-13,0.00354171717280924,0.004558712360303101,0.5593680340007268
-30.0,0.01,28,2026100528,2026100628,1,K1ABC FN42 33,-30,0,10.140200,0.09644490627332858,0.038631124749158044,0.18674885250123396,5.588035456794292,2.754823251160403,9.534881352123415,-5.761818973326616e-13,0.07631189743644931,0.0694007643210553,0.25861572100075136
-30.0,0.01,22,2026100522,2026100622,0,,,,,0.09493234749041414,0.03771707293223808,0.1771359709934855,4.158389604286842,2.1797173805266055,8.216016992957304,2.380652776691819e-13,-0.07216269734185031,-0.03092015139033655,0.5780038690008951
-30.0,0.01,29,2026100529,2026100629,1,K1ABC FN42 33,-29,0,10.140200,0.08523341877154521,0.038649590304982794,0.166088699313288,3.3261552113197648,2.003969260596563,6.60862030217824,3.7125250790248643e-13,0.0019060953389557923,-0.030563053957527474,0.3094608100000187
-30.0,0.01,30,2026100530,2026100630,1,K1ABC FN42 33,-29,0,10.140200,0.10416153210638954,0.03529513365604826,0.16314487278636164,5.522898901274101,3.0327942295969383,9.192923981314257,-2.0813776049899424e-13,-0.08388286742905769,-0.026261737377963106,0.1103556979996938
-30.0,0.01,33,2026100533,2026100633,1,K1ABC FN42 33,-30,0,10.140200,0.08873739978364882,0.030606867510817565,0.14019374656172873,3.4963006012355717,1.6337928428893633,6.854645653087072,-5.729862114292605e-14,0.011051062865589654,-0.028620945055454584,0.09177879200069583
-30.0,0.01,35,2026100535,2026100635,1,K1ABC FN42 33,-30,0,10.140200,0.07647572180883076,0.04233106524955289,0.15050855647162598,6.927086024670218,3.6844218178134622,12.404136957073376,8.400287843796095e-13,0.1480099113942021,0.0878378820447916,0.08687138200002664
-30.0,0.01,36,2026100536,2026100636,1,K1ABC FN42 33,-30,0,10.140200,0.08944259947866026,0.030948722623823293,0.14892038769812155,4.293342263707883,1.9677572938849444,6.523308433958606,5.707207709898521e-14,0.035743667173497376,-0.002147986486681427,0.0497569660001318
-30.0,0.01,31,2026100531,2026100631,1,K1ABC FN42 33,-30,0,10.140200,0.06909084227784452,0.02969724178208306,0.12855007820154785,3.6726453722201837,2.260955130108821,7.170270776917583,-2.7418510712730326e-13,-0.0024481780514399483,0.013155052200865831,0.3228220050004893
-30.0,0.01,32,2026100532,2026100632,1,K1ABC FN42 33,-30,0,10.140200,0.0790984413660592,0.04188568842383106,0.15416353075674907,7.086072576527193,4.226417088720422,12.326576882831905,-2.960847712840664e-13,-0.03163593461593745,-0.0795199635402427,0.3042153229998803
-30.0,0.01,38,2026100538,2026100638,1,K1ABC FN42 33,-29,0,10.140200,0.08745902912702226,0.03348082559926694,0.16269041072442264,4.541687639007242,3.0368026871716594,8.935984819416866,-3.5182571916578254e-13,0.08402513665961786,0.0015110648155811494,0.04676832299992384
-30.0,0.01,34,2026100534,2026100634,1,K1ABC FN42 33,-30,0,10.140200,0.06611175134191372,0.031116095476637184,0.11928123932301979,4.491358010711711,2.626358494942413,8.744159413234165,-3.047390898652802e-13,-0.09281052571146513,-0.06994656515979059,0.30946563799989235
-30.0,0.01,40,2026100540,2026100640,1,K1ABC FN42 33,-30,0,10.140200,0.0767418898556531,0.027877018840706272,0.13914315747443773,2.548205450892453,1.5111335004469442,4.885799530640311,-2.2115295705837923e-13,-0.037497407800855774,-0.08344665622790065,0.05445142099961231
-30.0,0.01,41,2026100541,2026100641,1,K1ABC FN42 33,-30,0,10.140200,0.06769706778947426,0.023629585520231408,0.12186915922175216,3.042096708688906,1.8115057469303155,6.002299435322689,4.741452456352713e-13,0.012755250892003026,0.011543943917248558,0.062084246001177235
-30.0,0.01,39,2026100539,2026100639,1,K1ABC FN42 33,-29,0,10.140200,0.12657689082321663,0.065457030047751,0.2478334819588332,10.843380362332793,6.61192095171565,19.64819647446017,3.697454668827316e-13,-0.0806191369431978,-0.026652424954748215,0.14331022599981225
-30.0,0.01,44,2026100544,2026100644,1,K1ABC FN42 33,-29,0,10.140200,0.07973217174240346,0.0329099963697646,0.13964194613967873,3.5759540326198667,1.8656755959956828,6.008939248505121,3.4801577852155985e-13,0.0334656959787879,-0.005206826092629841,0.06326123100006953
-30.0,0.01,37,2026100537,2026100637,1,K1ABC FN42 33,-30,0,10.140200,0.08326409764334954,0.034830997125232244,0.16248956495261024,5.572211982662865,2.8317569031317227,8.941583153024247,-6.516727261984823e-14,-0.005767126098192796,-0.08903122374154233,0.32392564400106494
-30.0,0.01,42,2026100542,2026100642,1,K1ABC FN42 33,-29,0,10.140200,0.09740883812163492,0.04220911498507825,0.18263767693976007,5.810598012727078,4.098143648578754,11.60056195854073,-4.493488914292243e-13,0.16192219128280913,0.06451335316117421,0.22179725699970732
-30.0,0.01,43,2026100543,2026100643,1,K1ABC FN42 33,-30,0,10.140200,0.1456492151311575,0.048341718203759765,0.23293025388208002,7.108821119246857,3.6660818517191074,10.99152684192081,-1.515126999557248e-13,-0.003070637097109194,-0.13495354389316452,0.2394767089990637
-30.0,0.01,47,2026100547,2026100647,1,K1ABC FN42 33,-30,0,10.140200,0.08959965766389053,0.04223057433536554,0.1535695267403766,6.497920434795055,3.8137051906614063,12.402184744827792,1.6803496528244866e-13,0.052676648951613184,0.051704298450755116,0.07685485299953143
-30.0,0.01,46,2026100546,2026100646,1,K1ABC FN42 33,-29,0,10.140200,0.0823353124833345,0.026383744409058288,0.13771203533418996,2.8488904930956296,1.6336399268358952,4.933732483784458,-4.1365958510126977e-14,-0.09771557340967787,-0.09283056587754476,0.25380033500005084
-30.0,0.01,45,2026100545,2026100645,1,K1ABC FN42 33,-29,0,10.140200,0.07790773755196508,0.038158480913117486,0.15283937473297832,5.695261298472131,3.7287793286626463,11.062928240874248,1.56392775249245e-13,0.12956578884798386,0.057527223038997495,0.3417642819986213
-30.0,0.01,50,2026100550,2026100650,1,K1ABC FN42 33,-30,0,10.140200,0.10783847614004748,0.055742327402246196,0.2022250273105285,8.472858345184996,5.535971266343771,16.531823665494137,7.501789987818253e-13,-0.011531707606448963,-0.01002029760877395,0.06243458999961149
-30.0,0.01,49,2026100549,2026100649,1,K1ABC FN42 33,-30,0,10.140200,0.11296727956457885,0.05038362343715621,0.2041274741885548,7.641646823996091,3.6585444862310648,12.519524925531845,-5.272906677261657e-13,0.017391698786193607,0.05482839301157741,0.2365741989997332
-30.0,0.01,51,2026100551,2026100651,1,K1ABC FN42 33,-29,0,10.140200,0.08684235700972859,0.040196681100862976,0.16629301544079778,6.129263858414146,3.999181283253156,11.214624596290212,-1.610274413810231e-13,-0.05665683405728673,0.005508461806236645,0.04833279400008905
-30.0,0.01,48,2026100548,2026100648,1,K1ABC FN42 33,-30,0,10.140200,0.06791194601766568,0.032560596835816684,0.1243187122320182,4.971094999728444,2.5383644747766145,8.396440577733557,-4.575320157462759e-13,0.05358864432759511,0.05574435097466866,0.25829681799950777
-30.0,0.01,52,2026100552,2026100652,1,K1ABC FN42 33,-29,0,10.140200,0.0841985767336404,0.040395900537635455,0.1519242277200017,5.2289474688426925,2.3396789179144566,8.449079673758522,4.946347151313368e-13,-0.07503775892573068,-0.05994683443927449,0.0760035120001703
-30.0,0.01,53,2026100553,2026100653,1,K1ABC FN42 33,-30,0,10.140200,0.08124663194157106,0.03742092888339449,0.1575466973089704,5.180208740397934,2.5085370528534114,9.165844049463598,-3.589359712230511e-13,-0.04322949993870468,-0.007354762732886826,0.08209139999962645
-30.0,0.01,56,2026100556,2026100656,1,K1ABC FN42 33,-29,0,10.140200,0.04189238046451696,0.01863347861772538,0.07824931006727501,2.195808197652094,1.3734625465501098,4.370248293238026,9.704151544831507e-15,0.0958757242814105,0.07696341124579363,0.06415400699916063
-30.0,0.01,57,2026100557,2026100657,1,K1ABC FN42 33,-30,0,10.140200,0.08055944087016288,0.034218411866309514,0.15079337996132772,5.114998324776977,2.6413677109510396,8.740974581508723,-3.72761608906369e-13,0.04882852725452078,-0.010509707212786972,0.07516227700034506
-30.0,0.01,54,2026100554,2026100654,1,K1ABC FN42 33,-30,0,10.140200,0.0734573855952445,0.033020127867243704,0.13763521657519717,4.325719659633386,2.019669361377593,6.311149678745206,-5.4952231458814393e-14,-0.018854100212883133,-0.030165894716760157,0.2572546589999547
-30.0,0.01,55,2026100555,2026100655,1,K1ABC FN42 33,-29,0,10.140200,0.05144964613248984,0.021022952667119375,0.09869389182364954,2.308381165394705,1.0891098612671344,3.776937380168227,2.3095718046373115e-13,-0.09192473846839695,-0.13407971616156708,0.2893618140005856
-30.0,0.01,61,2026100561,2026100661,1,K1ABC FN42 33,-30,0,10.140200,0.056195314883608766,0.02355597827474908,0.09590670816272334,3.3768153597563813,1.6318184569889282,6.0671346359472995,-1.5313087169815942e-13,0.011363686287967356,0.002385150628434399,0.0501675460000115
-30.0,0.01,59,2026100559,2026100659,1,K1ABC FN42 33,-30,0,10.140200,0.049906634724321414,0.019526900375228407,0.08969299558448429,1.4978820171860294,0.7995138986113356,2.911903796412752,-1.0575774197357779e-13,0.07205327871787506,0.07950210814415326,0.2421341509998456
-30.0,0.01,60,2026100560,2026100660,1,K1ABC FN42 33,-30,0,10.140200,0.07871356898831924,0.03599018963026479,0.1529684093000797,5.776845310348188,2.9226685346138446,10.13360882623605,-4.826117804002106e-13,0.024971032116479906,0.014590280460747684,0.2445633169991197
-30.0,0.01,62,2026100562,2026100662,1,K1ABC FN42 33,-30,0,10.140200,0.06728195925331423,0.025585967114245312,0.12669249669534133,2.0612391551810734,1.105481602378864,3.811813787271844,2.3056903608598134e-13,0.01677327272004086,0.0013473978839679327,0.2510774849997688
-30.0,0.01,63,2026100563,2026100663,1,K1ABC FN42 33,-30,0,10.140200,0.06473201664610273,0.025305239381373155,0.1103670949485534,2.96211495286955,1.3646576015475778,5.215405944841008,2.9431319848675225e-13,-0.028739355991236917,-0.00411472154552759,0.25913020799998776
-30.0,0.01,65,2026100565,2026100665,1,K1ABC FN42 33,-29,0,10.140200,0.05891015015092195,0.024400230675009325,0.1080553178546464,2.609301366187984,1.3558305202227312,4.6615848483428035,4.755261397322574e-13,-0.03588821899843529,0.012163309198603534,0.060492832999443635
-30.0,0.01,58,2026100558,2026100658,0,,,,,0.05783428940902258,0.0281070486147284,0.10897811908562335,3.1484602831181596,1.4415369429303087,5.108938869406244,-1.3919247698890302e-13,-0.06637850930697793,-0.08803057402051363,0.5510433270010253
-30.0,0.01,66,2026100566,2026100666,1,K1ABC FN42 33,-31,0,10.140200,0.05130927622092679,0.02018023611667015,0.09327968250636953,1.7818310796179029,0.7486010901246013,2.8605657297268348,6.478194716774688e-14,-0.014318953788907567,-0.011337177004961516,0.07141106400013086
-30.0,0.01,68,2026100568,2026100668,1,K1ABC FN42 33,-30,0,10.140200,0.11510313737392315,0.050193126394381476,0.19851665993798512,7.858732560643875,4.524340393760825,13.377781506536506,8.606619377685837e-13,0.057427648603086905,-0.025985873960975073,0.24243912499878206
-30.0,0.01,67,2026100567,2026100667,1,K1ABC FN42 33,-30,0,10.140200,0.06496561396941747,0.026836326361179698,0.11217968605859491,3.4866129058252255,1.834345075595775,6.002953169979575,-1.6131995912715968e-13,-0.0011232881084676752,-0.046537296323182945,0.2863220449999062
-30.0,0.01,70,2026100570,2026100670,1,K1ABC FN42 33,-31,0,10.140200,0.056590860983905145,0.022758223314561222,0.10513051574619817,3.120504440666631,1.7297451640843287,5.713805076501885,-5.6184305255099765e-14,0.04338496778900911,0.04735020149104625,0.05226502799996524
-30.0,0.01,69,2026100569,2026100669,1,K1ABC FN42 33,-29,0,10.140200,0.0727228428300746,0.02696741018231446,0.12535099574013384,3.8431692942910862,2.28398111357773,6.740701833185742,-6.66875409061074e-14,0.06664277681773861,0.05964557959466264,0.262728778001474
-30.0,0.01,71,2026100571,2026100671,0,,,,,0.0759802873573113,0.02903144516048588,0.13504661384711633,3.724136061077758,1.9205070056066063,6.015052438157136,-2.602735735268702e-14,0.09962964058915202,0.14365239320084755,0.04571871799998917
-30.0,0.01,64,2026100564,2026100664,0,,,,,0.05442968234949096,0.025522634874241137,0.10593326805736819,3.3759148287648233,2.000635381623192,6.60977964361393,3.40635180652582e-14,0.07154074822672121,0.05749442736462647,0.5283894570002303
-30.0,0.01,74,2026100574,2026100674,1,K1ABC FN42 33,-29,0,10.140200,0.09023553756700936,0.0441419913141421,0.15957075113779776,5.6762844843439275,3.096963489517035,10.492796566611926,4.41292401925919e-13,-0.029447409534982125,0.026281850293202822,0.05427522699937981
-30.0,0.01,72,2026100572,2026100672,1,K1ABC FN42 33,-30,0,10.140200,0.06564669413164279,0.02498380207906722,0.11496190553748817,3.019069431703556,1.4576124338778507,5.418670947227202,-1.23113325090074e-13,0.15424691851261546,0.17914580751499365,0.07482306600104494
-30.0,0.01,73,2026100573,2026100673,1,K1ABC FN42 33,-29,0,10.140200,0.06711429322783373,0.026752399847789692,0.11961335461361255,2.841121135952246,1.2400039491985055,4.511014665857343,-2.308331477351988e-13,-0.009994133107398521,0.013231029077882438,0.07536808499935432
-30.0,0.01,77,2026100577,2026100677,1,K1ABC FN42 33,-30,0,10.140200,0.15119086832452183,0.048834143370415646,0.21650497285761305,7.4134846304543665,4.2275444890050515,13.617349676439344,1.7302782470696165e-13,-0.027321204129260236,0.1162636569834434,0.05931339400012803
-30.0,0.01,76,2026100576,2026100676,1,K1ABC FN42 33,-30,0,10.140200,0.07791987845987872,0.030200622420144336,0.13369582600570268,3.9776912060151455,2.788668926883841,7.888257332803898,1.8639094174349724e-13,0.07248502271147587,0.08141940744168209,0.19435790499846917
-30.0,0.01,78,2026100578,2026100678,1,K1ABC FN42 33,-28,0,10.140200,0.06469650998798498,0.023799077499448918,0.10814052510054457,1.9844256176756776,1.0129982502996822,3.5624829959561124,-4.4269492585624626e-14,0.03381160924274151,0.03735339124039136,0.18735079299949575
-30.0,0.01,75,2026100575,2026100675,1,K1ABC FN42 33,-30,0,10.140200,0.10501300964412333,0.045599320186463975,0.19307890108522,6.196010673417559,3.823990354254764,12.33824794071788,-3.051131396147877e-13,0.04566705389190704,0.06773738463131969,0.27432942599989474
-30.0,0.01,81,2026100581,2026100681,1,K1ABC FN42 33,-30,0,10.140200,0.08859085274027591,0.036479991757057705,0.16950291023149922,5.131351028304676,2.4849330021997185,7.997528998139913,-4.32803315755792e-13,0.08898245472247379,0.02137162269803133,0.059172348001084174
-30.0,0.01,82,2026100582,2026100682,1,K1ABC FN42 33,-29,0,10.140200,0.10889878937986416,0.046516731247608425,0.2169319330014176,6.7066061777694275,4.672266376996562,13.35915358305395,8.905851316826086e-13,-0.015759034200156497,-0.12379217782170995,0.06883743599973968
-30.0,0.01,83,2026100583,2026100683,1,K1ABC FN42 33,-29,0,10.140200,0.07472872068820174,0.028503975271869954,0.13549388838274254,2.977003218694945,1.453817407855589,5.26189754780245,8.108162578845945e-14,0.008057971275136975,-0.03406997154768581,0.07215731799988134
-30.0,0.01,84,2026100584,2026100684,1,K1ABC FN42 33,-29,0,10.140200,0.10399948736348391,0.03055487479417778,0.15090388777668842,3.550782290434799,2.180107884389194,6.945275588733287,2.8918534233923765e-13,0.16710510706978582,0.08732489973111479,0.06219224699998449
-30.0,0.01,85,2026100585,2026100685,1,K1ABC FN42 33,-30,0,10.140200,0.08077674892171177,0.029327686458795754,0.1311577081174159,4.64774482754584,2.4430285586025655,7.75956380950319,1.074480565285696e-12,0.12568227882171945,0.08600046326845298,0.0559414060007839
-30.0,0.01,80,2026100580,2026100680,1,K1ABC FN42 33,-30,0,10.140200,0.06645150300629468,0.024493482568258344,0.11437680910173231,2.8709767943595996,1.3738070513283647,4.883961684718124,-7.192055111182594e-15,-0.09506584014678603,-0.12211492886497818,0.25088655299987295
-30.0,0.01,79,2026100579,2026100679,0,,,,,0.11407563346906488,0.05581080673935392,0.20578209718915408,8.262134789644396,5.200507238310115,16.414226571969834,-4.0733952669236295e-13,0.011127662072949357,0.03060761352736409,0.5429562040008022
-30.0,0.01,86,2026100586,2026100686,1,K1ABC FN42 33,-30,0,10.140200,0.06827844552806475,0.030974164101513928,0.13023558931551432,4.632291124747185,2.7987687075387875,8.80806246835003,3.880981907372627e-13,-0.08493387906555513,-0.09777182870277507,0.2544533380005305
-30.0,0.01,88,2026100588,2026100688,1,K1ABC FN42 33,-29,0,10.140200,0.08886090698837515,0.04089346012224964,0.1697155183755928,5.9448214872918586,3.3879470715486963,10.616899106070075,-2.2890630363425757e-13,0.011506611544353304,-0.02029154012598888,0.3895190940002067
-30.0,0.01,91,2026100591,2026100691,1,K1ABC FN42 33,-29,0,10.140200,0.05516843018121608,0.027740232242004614,0.10781035038241207,3.9226019206721037,2.3593314775477596,7.597281776509851,7.000652228056348e-13,-0.1254364848271787,-0.14303649402663676,0.06494182399910642
-30.0,0.01,90,2026100590,2026100690,1,K1ABC FN42 33,-29,0,10.140200,0.07151624275416059,0.027450256030913667,0.1356046541171192,3.5873711939768236,1.8216847644369716,6.701891437504714,1.271769961477126e-13,0.03752743743232954,0.02920093232323516,0.26215350199890963
-30.0,0.01,87,2026100587,2026100687,0,,,,,0.10364035856145272,0.03998916771453461,0.19677565464998076,5.431748540512727,3.72511571725544,9.88807379357619,-9.453679158943906e-14,0.09814255886602778,0.027068347971522206,0.5183779790004337
-30.0,0.01,89,2026100589,2026100689,1,K1ABC FN42 33,-30,0,10.140200,0.07287812016349354,0.023167520285530933,0.12014913192059842,2.043007019996516,1.0664928226119146,3.5737047661098797,-4.5543972239381336e-14,-0.04209476243746608,-0.043150379055550754,0.34711087699906784
-30.0,0.01,93,2026100593,2026100693,1,K1ABC FN42 33,-31,0,10.140200,0.0693390220410863,0.03228024441436018,0.13246118975814392,5.133262820621028,2.6633488969965184,8.301703679795535,-1.6601683135858414e-13,0.0152239089439524,-0.022494967972850218,0.06654164099927584
-30.0,0.01,95,2026100595,2026100695,1,K1ABC FN42 33,-29,0,10.140200,0.08742875742828518,0.040199243921609965,0.15920145370469369,6.669921963334249,4.0566101689656255,11.718999575651809,6.63750928135351e-13,-0.06600490668819475,-0.0057842458616632186,0.11934813799962285
-30.0,0.01,97,2026100597,2026100697,1,K1ABC FN42 33,-29,0,10.140200,0.05594991309536246,0.024534128745769067,0.09755199370860809,1.9841968477683307,0.9613907814706608,3.792993835639685,-1.919690535007179e-13,0.0012699182193888446,0.021967122876103945,0.06852404999881401
-30.0,0.01,92,2026100592,2026100692,1,K1ABC FN42 33,-31,0,10.140200,0.07677104283828257,0.02852213680111379,0.1328010770481836,3.960992256514326,1.981736518948761,7.164047725589802,2.1487233650349657e-13,0.09072325109995834,0.04700614354501244,0.27214072399874567
-30.0,0.01,94,2026100594,2026100694,1,K1ABC FN42 33,-30,0,10.140200,0.058812866011821695,0.020981494168901726,0.10478724895791601,2.3022063847475316,1.1256976896662378,3.742333985596331,1.3131206191840938e-14,-0.02734582498762631,-0.028732672488857545,0.29517178099922603
-30.0,0.01,100,2026100600,2026100700,1,K1ABC FN42 33,-30,0,10.140200,0.05672811943519538,0.02315453254908629,0.10208925132227104,2.3005560698840624,1.2084805016896338,4.588252181699316,2.8809940544327617e-13,-0.032751327543127165,-0.0037306740887891364,0.09447969699976966
-30.0,0.01,96,2026100596,2026100696,1,K1ABC FN42 33,-30,0,10.140200,0.08279448227356558,0.033312500882901025,0.15382783548937592,4.735133333858947,2.91455730878056,9.446585840538091,9.981588038748823e-14,0.09580436686824359,0.01300988459467801,0.3770777219997399
-30.0,0.01,98,2026100598,2026100698,1,K1ABC FN42 33,-29,0,10.140200,0.07878934416330081,0.033097436820351614,0.14341099027606735,4.113009429455072,2.089538992165471,7.610992552887355,-6.000755448098971e-13,-0.013019361611703058,0.0012209383039028438,0.2675043149993144
-30.0,0.01,99,2026100599,2026100699,1,K1ABC FN42 33,-29,0,10.140200,0.04660864561951516,0.017363189461114755,0.08363634856358212,1.6471260594467743,0.7274910859399193,2.904646806020854,-4.628806019035814e-14,-0.0059066838368931115,-0.029601704226441993,0.25669452200054366
-30.0,0.01,101,2026100601,2026100701,1,K1ABC FN42 33,-31,0,10.140200,0.07321402051346088,0.031116693326353258,0.12282684062686794,2.9399600932024166,1.3402281303909591,5.172845625745236,-5.428860486156317e-14,-0.05034434556443705,-0.10431622344592122,0.23715270499997132
-30.0,0.01,105,2026100605,2026100705,1,K1ABC FN42 33,-29,0,10.140200,0.08722101582810395,0.032725306066195316,0.1424182180551981,4.086450960624638,2.3660553250052203,7.983158965258104,2.1531428441405598e-13,-0.10045671027727528,-0.013235694449171333,0.06451479700081109
-30.0,0.01,102,2026100602,2026100702,1,K1ABC FN42 33,-30,0,10.140200,0.06827503153147584,0.03122807829705682,0.12733822886647247,4.132333706146371,2.3383472811122425,7.6323165954870085,5.654070961425006e-14,0.008466176736244075,0.046678186423559795,0.29509960700124793
-30.0,0.01,104,2026100604,2026100704,1,K1ABC FN42 33,-30,0,10.140200,0.06530981701076677,0.03227431657961276,0.12990709849299098,4.543655442983929,2.439428316493352,8.458663240842405,4.834065005926425e-13,-0.06106345008185733,-0.008460178375724126,0.27277628400042886
-30.0,0.01,108,2026100608,2026100708,1,K1ABC FN42 33,-30,0,10.140200,0.06690847241565032,0.023038758277502784,0.11257727043448165,2.5784806790146146,1.317537316481146,4.417719547390339,1.2954069240900257e-13,-0.015973334522413594,-0.02168126231653151,0.08224504399913712
-30.0,0.01,103,2026100603,2026100703,1,K1ABC FN42 33,-29,0,10.140200,0.06760901490775845,0.024973071369629722,0.11805384421959096,3.617195137492407,1.4545343496133558,5.230454011027257,7.077498309637775e-14,-0.11646708614298514,-0.1387210832700082,0.39121624899962626
-30.0,0.01,107,2026100607,2026100707,1,K1ABC FN42 33,-30,0,10.140200,0.05368597980462811,0.022359071649509153,0.09494246509683629,1.5755104883529045,0.9541711301411775,2.982286531584907,-1.0002697455047116e-13,0.08032710240208388,0.04510267435457966,0.2473013290000381
-30.0,0.01,109,2026100609,2026100709,1,K1ABC FN42 33,-31,0,10.140200,0.0581039933867159,0.028486266684648626,0.11577536154909479,3.530294898592554,1.5555461863607452,5.418709226745223,5.467642397866124e-13,-0.07865967237873177,-0.03682833953132172,0.25446794600065914
-30.0,0.01,110,2026100610,2026100710,1,K1ABC FN42 33,-30,0,10.140200,0.06861722864069471,0.030035812372212676,0.13614772005116094,4.112309637518004,2.3497527384598422,7.562663754201537,1.5655163797256844e-13,-0.05157370368316413,-0.0011139902962085568,0.2889160840004479
-30.0,0.01,106,2026100606,2026100706,0,,,,,0.09223567528142108,0.034682435216509676,0.15436563701192463,4.757845055115263,2.545316953388498,8.847670424011714,2.0435476227875782e-14,-0.06937558011692144,-0.007245618386417907,0.5186863409999205
-30.0,0.01,114,2026100614,2026100714,1,K1ABC FN42 33,-29,0,10.140200,0.07654162996537534,0.03758382155127967,0.1493379751034871,5.335919335933986,2.9219719272904094,9.393075074492454,5.19971300174879e-13,0.0996601235281783,0.07348702474920424,0.05671031499878154
-30.0,0.01,112,2026100612,2026100712,1,K1ABC FN42 33,-30,0,10.140200,0.09303741267733075,0.04139228415170866,0.1635817527984189,6.974858609218949,3.8968914756258637,12.224669253908202,8.523954111994136e-14,-0.0449802030712168,-0.058666977806676374,0.24621134200060624
-30.0,0.01,113,2026100613,2026100713,1,K1ABC FN42 33,-29,0,10.140200,0.09603935451670881,0.04269689732522223,0.17727971124518027,6.76902626633479,4.337624666761884,12.278844896980134,9.920272069086078e-13,0.08664424562572381,0.03077800446810321,0.23231530300108716
-30.0,0.01,111,2026100611,2026100711,0,,,,,0.07671512750672967,0.032198725733518244,0.14455392162555966,3.669731877268515,1.8673446267820941,6.754134068181903,-2.0250533021293204e-13,-0.012239159248303573,-0.017587571159925753,0.4990097829995648
-30.0,0.01,115,2026100615,2026100715,1,K1ABC FN42 33,-31,0,10.140200,0.049482866915683266,0.02024130002392902,0.09190204919621534,2.5530299372373944,1.092088941993699,4.311369822964354,-4.385478525464892e-14,0.023526647682888317,0.029699579642254455,0.2517353790008201
-30.0,0.01,118,2026100618,2026100718,1,K1ABC FN42 33,-30,0,10.140200,0.08529877744391054,0.050189809873715956,0.16906676769296325,7.938377300891685,5.153131600908688,15.860545550817143,-6.394919316310421e-13,-0.06367623921816708,-0.01845382381003766,0.057864594000420766
-30.0,0.01,116,2026100616,2026100716,1,K1ABC FN42 33,-31,0,10.140200,0.09818859859755316,0.04148466620528372,0.1766363884354134,6.063125486880226,4.088917516828798,11.951500748955754,-3.124065676290977e-13,-0.1250919425803052,-0.04754137780330366,0.2491878219989303
-30.0,0.01,120,2026100620,2026100720,1,K1ABC FN42 33,-29,0,10.140200,0.07481292228822078,0.024531305900266153,0.14169900029795024,3.273448257241274,1.6609510687951108,5.87301394130156,-5.533312523453571e-14,0.07695787794829008,0.08943424503687301,0.09708512199904362
-30.0,0.01,117,2026100617,2026100717,1,K1ABC FN42 33,-31,0,10.140200,0.07630585792332793,0.028875919730490078,0.13010067044600115,3.5109299246191497,1.8523002244771245,6.777672032209094,9.834936142393003e-14,0.0266054364044366,0.041451404061153434,0.23492038500080525
-30.0,0.01,122,2026100622,2026100722,1,K1ABC FN42 33,-30,0,10.140200,0.06584532890592007,0.02818675185467392,0.11818421287945143,4.247287620203198,2.2069396584886087,7.7020754163894445,1.1794552964503047e-13,0.018929131444448542,0.012945986689137982,0.06213693900099315
-30.0,0.01,123,2026100623,2026100723,1,K1ABC FN42 33,-31,0,10.140200,0.0821378625538095,0.031484161119008654,0.1435288398507622,4.076435852477057,1.828709524763843,7.145374412987676,6.839147304038562e-16,-0.02074331021362423,-0.007339351192318046,0.11695988000064972
-30.0,0.01,119,2026100619,2026100719,1,K1ABC FN42 33,-30,0,10.140200,0.08545330085752686,0.032827470694445415,0.14021029494236287,3.821733587199924,2.227488847413928,7.541096043567736,-1.4345653571307126e-13,0.029445704200099395,0.027822322957023367,0.25354459899972426
-30.0,0.01,125,2026100625,2026100725,1,K1ABC FN42 33,-29,0,10.140200,0.07513026471302442,0.029388716458546547,0.1420164643966132,3.761943576195538,2.446424427634655,7.407457004398581,1.8495621700864717e-13,-0.06510396967469217,0.010026295038332241,0.0717300600008457
-30.0,0.01,121,2026100621,2026100721,1,K1ABC FN42 33,-30,0,10.140200,0.08029622592689115,0.0298669071403758,0.15562161851317347,4.219304735245526,2.3432842089862147,7.5406347668682345,2.333012255606448e-13,0.05176285443987936,0.025728595817832017,0.2595007029995031
-30.0,0.01,124,2026100624,2026100724,1,K1ABC FN42 33,-31,0,10.140200,0.08041243672951422,0.028107988569228585,0.13341459028487965,3.3168163009520963,1.903368774953117,6.614853554984894,2.0918575031891873e-13,0.0908631789093078,0.086719989124247,0.24194618000001356
-30.0,0.01,128,2026100628,2026100728,1,K1ABC FN42 33,-30,0,10.140200,0.06388340994870594,0.02292952237554749,0.10897988356827508,3.140998066404743,1.7663584499111091,6.030342804397348,1.4430530338380154e-13,-0.04973381198727716,-0.050109084316363066,0.14628900299976522
-30.0,0.01,126,2026100626,2026100726,1,K1ABC FN42 33,-31,0,10.140200,0.05945674346501721,0.023747369848666357,0.1013716076889022,3.1871234223727996,1.5395997038386773,5.7437499906091185,1.6495116904324814e-13,0.08254974361280248,0.0973076431391479,0.2752226579996204
-30.0,0.01,130,2026100630,2026100730,1,K1ABC FN42 33,-29,0,10.140200,0.0623116712113903,0.022755856685410095,0.1092582785961825,2.6703370854315707,1.2496566818203032,4.230937025997294,-1.621341949586963e-13,-0.016705860880498264,0.006634751964171905,0.08579801699852396
-30.0,0.01,131,2026100631,2026100731,1,K1ABC FN42 33,-29,0,10.140200,0.08471189996740901,0.03640249388564789,0.141448032005398,5.538257475669514,3.3925867425464955,10.147706508455165,-6.38459689847673e-13,0.034121066635112544,-0.041688560790016586,0.06800679600019066
-30.0,0.01,127,2026100627,2026100727,1,K1ABC FN42 33,-31,0,10.140200,0.09966303864486944,0.04448608623356803,0.1831015344000682,6.5355014183429265,4.260619636115868,12.502406203481101,5.592102302054425e-13,0.016113823336699275,0.0020624539215309103,0.2891081210000266
-30.0,0.01,133,2026100633,2026100733,1,K1ABC FN42 33,-31,0,10.140200,0.050843254408349,0.01966258596668684,0.09739322342699314,2.3193578135559565,1.0552824123935134,3.9259002909660805,1.0943698204590735e-13,-0.12701988317082258,-0.11001282452670223,0.07631222599957255
-30.0,0.01,129,2026100629,2026100729,1,K1ABC FN42 33,-30,0,10.140200,0.0547437304605894,0.02163641572598236,0.10817931820578333,1.6890465043582525,0.7039595786108248,3.233099966684349,-8.282545656268514e-14,0.010246437458386697,-0.026671568082913953,0.259522606000246
-30.0,0.01,134,2026100634,2026100734,1,K1ABC FN42 33,-29,0,10.140200,0.06051712367373822,0.02566002464476464,0.11555900655437934,3.0941166690982875,1.6004646219124636,5.1908498276030794,-5.2013731863254087e-14,-0.02274625725376069,-0.04990626529995716,0.07320541300032346
-30.0,0.01,135,2026100635,2026100735,1,K1ABC FN42 33,-30,0,10.140200,0.08539075731383913,0.03493508052702474,0.16040947477333845,4.539261281232359,3.078969799475177,8.067505353504608,2.25583874496893e-13,0.14771993269594147,0.07715570496999384,0.08213356499982183
-30.0,0.01,138,2026100638,2026100738,1,K1ABC FN42 33,-29,0,10.140200,0.07213406246350879,0.034699971306956304,0.1382531460506168,4.371437147370116,2.6680151263060226,8.337923380889716,-2.384765562107871e-13,-0.07254455129463655,-0.0639536495587072,0.07598957699883613
-30.0,0.01,139,2026100639,2026100739,1,K1ABC FN42 33,-29,0,10.140200,0.05103940129751386,0.021423487081636976,0.10150285789818722,1.878173925151632,0.9555318867718698,3.4486414332280972,2.5380522336582167e-14,-0.030399456090352134,0.0037200972982918625,0.06640789099947142
-30.0,0.01,136,2026100636,2026100736,1,K1ABC FN42 33,-30,0,10.140200,0.1260493213042801,0.04749588605057636,0.21756205805698176,7.38098508961279,3.870799091149345,12.407852011768806,5.394421888349488e-13,-0.10856181261251559,-0.14023743616684214,0.26175127799979236
-30.0,0.01,137,2026100637,2026100737,1,K1ABC FN42 33,-30,0,10.140200,0.07501263247196144,0.03365632819936696,0.1416936282977196,4.919010036349813,3.0522449714062088,9.6593225773866,-1.7731649482044531e-13,-0.11960722922142954,-0.044594596749468106,0.2764677439990919
-30.0,0.01,140,2026100640,2026100740,1,K1ABC FN42 33,-30,0,10.140200,0.05713395915566011,0.02361092125032146,0.10775952698932634,2.5607511610534566,1.3276440220890016,4.914286090156713,-1.5721180867539486e-13,-0.07920058814851759,-0.0815593216367388,0.07478331600032107
-30.0,0.01,142,2026100642,2026100742,1,K1ABC FN42 33,-30,0,10.140200,0.07407192073951652,0.02571913548187269,0.12745542332832124,2.9051859305451595,1.353664522716072,5.21753958966703,-1.7426901935402306e-13,0.02661047656136895,0.03773778406580784,0.06775361000109115
-30.0,0.01,143,2026100643,2026100743,1,K1ABC FN42 33,-30,0,10.140200,0.12604436133165306,0.04549801582075708,0.21367152309355414,6.947747734735832,3.2524052438431332,11.184699896955534,2.3587728992247037e-13,-0.04409371909034428,-0.05374660919224095,0.08036442599950533
-30.0,0.01,144,2026100644,2026100744,1,K1ABC FN42 33,-30,0,10.140200,0.0849227157098904,0.027206274229682158,0.14882613128355757,3.4187559547967337,1.950850175198304,6.165268180731328,-2.5934246070113964e-13,0.06558304602356507,0.0494633564158456,0.09251647499877436
-30.0,0.01,132,2026100632,2026100732,0,,,,,0.06645803837291325,0.028453819698733465,0.1242762362013391,3.9531077206191263,1.998854056896048,6.571180439907748,4.681823505270355e-14,0.13278996404339383,0.07946444511073858,0.5580966100005753
-30.0,0.01,141,2026100641,2026100741,1,K1ABC FN42 33,-30,0,10.140200,0.05227716069479044,0.021976363713200667,0.09660187275522805,2.59458445483182,1.1406182322912324,4.392579346479586,3.0825613329260593e-13,-0.12712054843900047,-0.13610232438032877,0.2528884450002806
-30.0,0.01,148,2026100648,2026100748,1,K1ABC FN42 33,-30,0,10.140200,0.10533840596354654,0.04341102369184,0.20598495038416953,6.215352894371769,3.5349554329485304,11.381519099593817,-1.2777105762307173e-13,0.0012980194182446792,0.08385579733067994,0.05575830700036022
-30.0,0.01,146,2026100646,2026100746,1,K1ABC FN42 33,-29,0,10.140200,0.07190181216101055,0.03145264242837931,0.1389647708804932,4.290540452145809,2.6377900144853674,8.404176894978098,1.6774645908435026e-13,-0.06286329068450083,-0.10488550073484487,0.2494202520010731
-30.0,0.01,145,2026100645,2026100745,1,K1ABC FN42 33,-30,0,10.140200,0.10520051232251712,0.04686404276918672,0.17897527016759238,7.286097420507116,4.491328807169291,13.754029222283467,7.908893808958317e-13,-0.05597834054354341,-0.1452578588141657,0.3223614649996307
-30.0,0.01,149,2026100649,2026100749,1,K1ABC FN42 33,-31,0,10.140200,0.08487691638534933,0.03164640348355803,0.14783748651172593,4.020317618903934,2.056119429425813,6.450916533456397,4.689210174671499e-13,-0.03088240364781708,-0.008787344598760799,0.1447003670000413
-30.0,0.01,147,2026100647,2026100747,1,K1ABC FN42 33,-30,0,10.140200,0.0476237000541435,0.021431918937019158,0.0915790809757359,2.080478723061104,0.8819745639679419,3.3742359003868976,-7.096059850830727e-14,-0.05044524528270765,-0.041950596077997046,0.24768233699978737
-30.0,0.01,152,2026100652,2026100752,1,K1ABC FN42 33,-30,0,10.140200,0.09812347733587125,0.03911502325846762,0.18701088831678975,6.327799932941361,3.799949016450967,11.283421199302197,9.171580595684903e-14,-0.05960657165829103,-0.13696779381509708,0.05747309800062794
-30.0,0.01,154,2026100654,2026100754,1,K1ABC FN42 33,-30,0,10.140200,0.048015148278025985,0.018471127941012695,0.09003032437403152,1.7518251547613672,0.9102458696075603,3.089242754704733,-1.577820448080136e-14,0.07255374968689494,0.07232944997073558,0.06322590699892316
-30.0,0.01,155,2026100655,2026100755,1,K1ABC FN42 33,-30,0,10.140200,0.06992854083784039,0.03201096593391047,0.13260643684473666,4.567431816410454,2.4184155122288633,7.945897245867585,-1.1395820810437829e-12,0.0660663485124687,0.10455101018031263,0.07322625300002983
-30.0,0.01,150,2026100650,2026100750,1,K1ABC FN42 33,-29,0,10.140200,0.08889435087688002,0.0355173892248901,0.17453100009397596,5.682276877335465,2.847618364389077,9.13989750968013,9.983784632350279e-13,0.01847592970075163,0.00787551374933643,0.26481676600087667
-30.0,0.01,153,2026100653,2026100753,1,K1ABC FN42 33,-30,0,10.140200,0.06717968994888396,0.0291104776603987,0.12701206707476043,3.279762351633563,1.7797205328605215,6.290971154689398,-3.626513152277244e-13,0.03672630621733455,0.01753549404617959,0.2442220320008346
-30.0,0.01,151,2026100651,2026100751,1,K1ABC FN42 33,-30,0,10.140200,0.08313450263143687,0.03451758144517159,0.15126350675912598,4.377839508067523,2.741436196987435,8.3840711338586,-1.539729715255289e-14,-0.060414689596862914,-0.07063362430190892,0.2755948920002993
-30.0,0.01,156,2026100656,2026100756,1,K1ABC FN42 33,-29,0,10.140200,0.05621968360978935,0.025691064496679385,0.11188118623097207,4.265442851709893,2.215618884701033,7.072001920831209,2.6557228638424135e-13,-0.03837912215485254,-0.0073283579354139,0.2673139769995032
-30.0,0.01,159,2026100659,2026100759,1,K1ABC FN42 33,-30,0,10.140200,0.06018221113335892,0.022662177694040445,0.1203233486507328,3.0476788167083546,1.5361028497911848,5.0252751411640775,-1.2295893470071206e-13,-0.04508889691629867,-0.029596812645446155,0.24746417999995174
-30.0,0.01,158,2026100658,2026100758,0,,,,,0.07325692641178651,0.02349652506173981,0.12297903389370814,2.2866747966245273,1.2323665152186811,4.5024959525121035,2.7978289715395455e-13,0.09059743274572261,0.035810589435346894,0.49964681200071936
-30.0,0.01,160,2026100660,2026100760,1,K1ABC FN42 33,-31,0,10.140200,0.06889677969814167,0.028119474954463358,0.13576556972987325,3.6264729407913374,1.6255205107958108,5.9847476093049625,6.960176792553119e-14,0.04043542592149512,0.03923439518815934,0.2925236880000739
-30.0,0.01,157,2026100657,2026100757,0,,,,,0.07289869905166178,0.03705022596642727,0.14177910520948517,6.1522444200828685,3.824814253420375,11.561607048332355,-1.2297021040330591e-15,0.06513567204747277,0.00908192685786848,0.5344200259987701
-30.0,0.01,161,2026100661,2026100761,1,K1ABC FN42 33,-30,0,10.140200,0.049735494478879864,0.023352525770389227,0.09846281540073179,3.14709958819539,1.6538201981397536,5.188199447928977,6.361577931102147e-14,0.08646771750032584,0.13262698756490787,0.26986010399923543
-30.0,0.01,164,2026100664,2026100764,1,K1ABC FN42 33,-29,0,10.140200,0.060547485834349934,0.027601769518021728,0.10588781153457773,4.385768961916772,2.43170901073205,8.248696110929579,-5.13021916614953e-13,0.0401060158305679,0.09867470869582667,0.061738699001580244
-30.0,0.01,163,2026100663,2026100763,1,K1ABC FN42 33,-30,0,10.140200,0.04464396617311843,0.017906578442942547,0.07992337322707539,1.4911948243602284,0.6966612438567223,2.93365646556557,1.289134543471654e-13,0.007932768654495454,0.024107021715186947,0.10753440900043643
-30.0,0.01,162,2026100662,2026100762,1,K1ABC FN42 33,-30,0,10.140200,0.04428668057879445,0.017645994480753033,0.0870320160087759,1.8179678606286558,0.9925957464098681,3.410797295429383,-1.9185331491880508e-13,0.03449712650908046,0.06997534697492935,0.2677111760003754
-30.0,0.01,165,2026100665,2026100765,1,K1ABC FN42 33,-29,0,10.140200,0.12629580564737802,0.040747238874855755,0.20382287646670585,6.358633009965089,3.2923617391505444,10.150574474012142,6.27276144438485e-14,-0.038585692286656585,-0.05248470876515317,0.2694452449995879
-30.0,0.01,166,2026100666,2026100766,1,K1ABC FN42 33,-30,0,10.140200,0.051762224112081756,0.016008536741261344,0.09214762854603711,1.234744019286106,0.668995993366503,2.4028999234693904,-7.263135405610743e-14,0.021575951516925276,-0.012792943387046354,0.24479112399967562
-30.0,0.01,167,2026100667,2026100767,1,K1ABC FN42 33,-29,0,10.140200,0.08945623670368844,0.0478954158167558,0.1611971944552063,7.534046559291804,4.786730322365476,14.599629818743642,2.4534194120739983e-13,-0.08027189544427663,-0.011644224367308007,0.24836578299982648
-30.0,0.01,168,2026100668,2026100768,1,K1ABC FN42 33,-31,0,10.140200,0.09230937279696629,0.0366200927284464,0.16745006826725023,5.328978374609326,3.392662297992533,9.772922696118567,-2.5703915450085713e-13,0.05934717700917123,-0.015793518461112706,0.09682343200074683
-30.0,0.01,170,2026100670,2026100770,1,K1ABC FN42 33,-30,0,10.140200,0.0552066655167511,0.023138616635846224,0.10038844336508457,3.033908026871259,1.4575652384612356,5.127295464582719,3.475674609232371e-13,-0.03264211444692822,-0.03303159172372047,0.07582200499928149
-30.0,0.01,172,2026100672,2026100772,1,K1ABC FN42 33,-30,0,10.140200,0.07876297690529059,0.027166707265297643,0.1477045885745294,3.595087083189899,2.1879465391596873,6.931842177557313,1.6274302868865553e-13,-0.01349778748912303,0.06526518941616756,0.05018568600098661
-30.0,0.01,171,2026100671,2026100771,1,K1ABC FN42 33,-30,0,10.140200,0.06644614280778446,0.024868255172079308,0.11323275467188774,2.8850005974792534,1.418176358548418,4.680670817592032,-4.769795669545829e-14,0.02207879672498976,-0.044367346082794704,0.0546424059994024
-30.0,0.01,169,2026100669,2026100769,1,K1ABC FN42 33,-30,0,10.140200,0.1210271677745911,0.04187916511678582,0.21694782868947912,5.4620457229150015,3.458232743798788,9.298824669352095,3.9607640084371454e-14,-0.11763199776991982,-0.06939685507133632,0.3307887690007192
-30.0,0.01,175,2026100675,2026100775,1,K1ABC FN42 33,-30,0,10.140200,0.11964898423930233,0.04050721795094214,0.2033686060456154,5.68021524015081,3.490882079077405,9.42544885562641,-6.149161041468787e-13,0.03485885517331637,0.06143219528810382,0.24857728099959786
-30.0,0.01,174,2026100674,2026100774,1,K1ABC FN42 33,-29,0,10.140200,0.07075809861171506,0.027587703430727965,0.13795237659263915,2.8335790153523064,1.463089258894051,5.572422489007151,9.241782686353339e-14,0.02809504811908838,0.048679905938797445,0.25052379599947017
-30.0,0.01,178,2026100678,2026100778,1,K1ABC FN42 33,-31,0,10.140200,0.06256057263264368,0.027757923296554902,0.11973123993222713,4.063013880540033,2.055299363199041,6.472829451882489,4.867764177851619e-14,0.03380872008776805,0.0013238265233962267,0.05479340899910312
-30.0,0.01,173,2026100673,2026100773,1,K1ABC FN42 33,-29,0,10.140200,0.0551256677290977,0.02410954804697877,0.10481743523873426,1.901224706501077,1.0462483832273601,3.4072201391667485,6.163624298449744e-14,-0.03320574309146347,-0.04346107970180446,0.3277609169999778
-30.0,0.01,177,2026100677,2026100777,1,K1ABC FN42 33,-29,0,10.140200,0.07957993378529417,0.03027265849969474,0.14923998496601104,4.009378326025944,2.174173729025382,6.959730054382634,-4.1028210559859724e-13,0.028310492160677863,0.010109015261785273,0.08911779299887712
-30.0,0.01,179,2026100679,2026100779,1,K1ABC FN42 33,-29,0,10.140200,0.05851648416209508,0.022325998117312108,0.10921711318225492,2.54102447020581,0.9405776554895727,4.363479720242195,1.4491527552604189e-13,-0.06614328133690307,-0.046582877419633635,0.06888894199983042
-30.0,0.01,181,2026100681,2026100781,1,K1ABC FN42 33,-30,0,10.140200,0.10129029555783,0.038125614078535805,0.17117144057015193,5.853704056717455,2.9979507029533856,10.137007093360765,6.105142433265875e-14,0.025722515003636873,-0.013701828763810828,0.07305908300077135
-30.0,0.01,176,2026100676,2026100776,1,K1ABC FN42 33,-30,0,10.140200,0.08232599334748181,0.03226247708670092,0.1477192482224195,5.023858110289193,2.4752960890602065,8.163028318775382,6.400212391316495e-13,-0.07076315004143098,-0.030644194259604154,0.26891943200098467
-30.0,0.01,180,2026100680,2026100780,1,K1ABC FN42 33,-30,0,10.140200,0.05427067084507138,0.0240377826856232,0.09423217106955797,1.9628486882251694,0.9194950735310162,3.612546933076147,-1.2807452581115042e-13,0.1281651752194016,0.1236125050159894,0.33232518899967545
-30.0,0.01,184,2026100684,2026100784,1,K1ABC FN42 33,-30,0,10.140200,0.10821655748175919,0.029744225996593175,0.16125446688564876,4.07139758279185,2.123007054270268,6.037121006205216,1.4933150202511847e-13,-0.1201837399976607,-0.04653105576252122,0.2824170169988065
-30.0,0.01,183,2026100683,2026100783,1,K1ABC FN42 33,-30,0,10.140200,0.1251764439043773,0.05309146052367176,0.20986256944437015,7.465565089083508,4.981585024260028,14.853140513993907,6.851854153500092e-14,-0.1335584183653785,-0.020595866802004766,0.3884093659999053
-30.0,0.01,185,2026100685,2026100785,1,K1ABC FN42 33,-30,0,10.140200,0.12211714923217856,0.049256942406675934,0.19528075178889187,7.012186874068628,4.035625235242351,13.494519971124257,-9.279762288455506e-13,-0.0541963401880309,-0.05287897966670514,0.27213359199959086
-30.0,0.01,186,2026100686,2026100786,1,K1ABC FN42 33,-29,0,10.140200,0.05584024405353642,0.02483161514839194,0.10858996810999656,2.0350132634779237,1.1685263955439231,3.9113407971172096,1.6374488570614076e-13,0.14951063393995367,0.13642295484300676,0.279962283999339
-30.0,0.01,182,2026100682,2026100782,1,K1ABC FN42 33,-30,0,10.140200,0.08893883888178152,0.04372679171905817,0.17332867462312185,6.238168247622635,3.7286207849203667,11.842541865270295,3.614717574741688e-13,0.07840895500856429,0.0022248447187224463,0.7056903040011093
-30.0,0.01,187,2026100687,2026100787,1,K1ABC FN42 33,-30,0,10.140200,0.07147304525104523,0.032507184404644854,0.14157740668835156,4.319565984994484,2.386339847109235,8.41771278153493,-7.947680193002085e-13,-0.018203229470577554,-0.005426606418621798,0.3130827200002386
-30.0,0.01,191,2026100691,2026100791,1,K1ABC FN42 33,-30,0,10.140200,0.1056502833536811,0.03280647011582236,0.17361385388999345,4.658498768372714,2.2259570423441373,7.948517202497478,2.5588732521786284e-13,-0.03526618736941329,0.0703840959842678,0.07673859499846003
-30.0,0.01,188,2026100688,2026100788,1,K1ABC FN42 33,-30,0,10.140200,0.09364947425193795,0.03808298496861906,0.17700827081596,5.759233464625058,3.385887821000742,9.762006018266955,5.843932109061978e-13,0.11114719482479897,0.08450025996365881,0.30735242199989443
-30.0,0.01,192,2026100692,2026100792,1,K1ABC FN42 33,-31,0,10.140200,0.07198889808452472,0.032530993790948634,0.14078859058175575,3.6183261320269042,1.9818367643165258,6.577813590343711,1.6901193986007534e-13,-0.026401589991848183,-0.0983904880763729,0.08024732100057008
-30.0,0.01,194,2026100694,2026100794,1,K1ABC FN42 33,-30,0,10.140200,0.07126657088527942,0.03579254025324104,0.1333050176803231,5.828119952675832,3.322751484162058,10.720163426327439,6.696311257228804e-13,-0.07987551439303624,-0.08435919740283107,0.07720003999929759
-30.0,0.01,190,2026100690,2026100790,1,K1ABC FN42 33,-30,0,10.140200,0.06177022844346271,0.027098616747642093,0.11566083593023116,3.9856784510807155,2.050254852095349,6.79963263318006,-2.763230182861731e-13,0.05275923091455859,0.04429082020057366,0.2900650979991042
-30.0,0.01,189,2026100689,2026100789,1,K1ABC FN42 33,-30,0,10.140200,0.04457589036827637,0.017640122442862637,0.08066375015696528,2.3836008987401236,1.3458635393768752,4.531218224188697,8.30232150389465e-14,-0.03957564059315599,-0.03677248628971545,0.33084369000061997
-30.0,0.01,196,2026100696,2026100796,1,K1ABC FN42 33,-30,0,10.140200,0.09506323447715714,0.0349462711024853,0.16792341666345117,5.0304210783367616,2.09069632302185,6.989500963245132,1.587494241964138e-13,0.15751123241821866,0.11973661718696992,0.10926540199943702
-30.0,0.01,193,2026100693,2026100793,1,K1ABC FN42 33,-29,0,10.140200,0.05341330326625354,0.024320308804609322,0.10421907764531071,3.696027113850356,1.7433235948398873,5.37249429056439,-8.22150507395758e-15,-0.05090015395154306,-0.05176194423626264,0.2604857970000012
-30.0,0.01,197,2026100697,2026100797,1,K1ABC FN42 33,-30,0,10.140200,0.06640658377491758,0.021834676799180733,0.12012543013496627,2.3439600024296223,1.2920265630293206,4.514230875452487,-1.520732324788998e-13,0.011750874421163118,0.040901117918296696,0.14311993500086828
-30.0,0.01,198,2026100698,2026100798,1,K1ABC FN42 33,-29,0,10.140200,0.08238653872751953,0.030015904736223405,0.1504547191712513,2.5264869126609284,1.4044110197080688,4.945959727316343,1.8461728185700105e-13,0.018782333250402263,-0.038591020341623,0.057333542999913334
-30.0,0.02,1,2026200501,2026100601,1,K1ABC FN42 33,-29,0,10.140200,0.13000722338906986,0.060578053813754806,0.2548669834340361,7.831722911360931,4.119043177839243,14.310057686793954,4.4496849781194836e-13,0.013797783700989804,-0.031206905581002545,0.12293815799966978
-30.0,0.01,195,2026100695,2026100795,1,K1ABC FN42 33,-29,0,10.140200,0.0534825567019053,0.019170188270135943,0.10426692087905105,1.412068410740204,0.6919449222326768,2.6848912486017835,1.1141998781938334e-13,-0.00910893776070342,-0.03291804543594963,0.3560242510011449
-30.0,0.01,199,2026100699,2026100799,1,K1ABC FN42 33,-30,0,10.140200,0.08294232278992467,0.03619421143040612,0.1388718118901579,4.720550823037873,2.659065085475401,9.204845278028749,4.2588285328881703e-13,0.09434889498123494,0.1341210417877093,0.22713744699831295
-30.0,0.02,0,2026200500,2026100600,1,K1ABC FN42 33,-31,0,10.140200,0.1347578904101907,0.040250637519680714,0.24634766508698921,3.5078717564297404,2.096462069628749,6.800614013654354,-5.768176734866071e-13,-0.20520020521394566,-0.25019123988832903,0.2682070199989539
-30.0,0.02,2,2026200502,2026100602,1,K1ABC FN42 33,-30,0,10.140200,0.12058213030675574,0.06346493855734428,0.23669516331514187,7.515357067970315,4.117055706876146,14.309799364107427,-2.350359490366216e-13,-0.032060353797593484,-0.05863427448965645,0.12656350299948826
-30.0,0.02,6,2026200506,2026100606,1,K1ABC FN42 33,-30,0,10.140200,0.20865061932597206,0.0853538711883674,0.3310359601592772,14.397041483487167,8.1626798533517,24.377212941285176,-1.1068366275596153e-12,-0.38050148189545674,-0.27337688549024675,0.06707636600003752
-30.0,0.02,7,2026200507,2026100607,1,K1ABC FN42 33,-30,0,10.140200,0.18936865088378887,0.0667880703242655,0.2863251063579476,10.520245674723066,6.033404005131731,19.45674461512929,-3.5857428137830993e-13,0.11495384452948851,0.06606273298808799,0.06250017999991542
-30.0,0.02,3,2026200503,2026100603,1,K1ABC FN42 33,-29,0,10.140200,0.25698835690326405,0.12407415393469423,0.45469770030316037,19.32748173107644,12.265960537864647,37.31553116240977,-9.479370413623123e-13,-0.09713109459005159,-0.013440601902254707,0.21835866599940346
-30.0,0.02,9,2026200509,2026100609,1,K1ABC FN42 33,-30,0,10.140200,0.15641650694298131,0.05781309921194553,0.2754776432871665,7.042740126262642,3.685602929951627,12.65311595847808,-3.389189970337547e-13,-0.09809298993754671,-0.028034344672645123,0.06164218200137839
-30.0,0.02,4,2026200504,2026100604,1,K1ABC FN42 33,-30,0,10.140200,0.15650371290207343,0.0784075257060911,0.2946458363326149,12.328226438175783,7.964819058262847,23.391056131955473,2.4689660038657024e-12,0.07335098353305075,0.08567276991312864,0.2755050839987234
-30.0,0.02,10,2026200510,2026100610,1,K1ABC FN42 33,-31,0,10.140200,0.17690839022976007,0.08327444265711922,0.3235634926509943,11.90623160871778,6.026953879900352,20.469881352868246,1.3859985208142245e-12,0.2163897472760064,0.09570764622507473,0.11424589899979765
-30.0,0.02,11,2026200511,2026100611,1,K1ABC FN42 33,-30,0,10.140200,0.1594969732836884,0.06132333916675433,0.2884523026079283,7.311967863385915,4.175020425091923,14.238760967289535,2.472710621329033e-13,0.1683913167217893,0.008894343438100905,0.1288835380000819
-30.0,0.02,12,2026200512,2026100612,1,K1ABC FN42 33,-30,0,10.140200,0.17071382987215372,0.07574976870894606,0.3244802736248831,10.845909884997214,5.626986412580124,17.84638144028816,-9.528038080741652e-13,-0.09444310013062016,-0.06915062837714961,0.08379660399987188
-30.0,0.02,8,2026200508,2026100608,1,K1ABC FN42 33,-30,0,10.140200,0.12831479118499725,0.06522973650665563,0.2474990270366897,8.685215025356145,4.900118623908717,16.415669460460386,1.0224373431233502e-13,-0.0030808458500000743,-0.11357359630088656,0.3052767370008951
-30.0,0.02,5,2026200505,2026100605,0,,,,,0.18395012586105147,0.0953102631002394,0.3591249178525808,15.56418595915748,9.321874830908744,28.10500740680535,2.5075887275915337e-12,-0.07961932914088812,-0.05357368448500922,0.5648960910002643
-30.0,0.02,13,2026200513,2026100613,1,K1ABC FN42 33,-30,0,10.140200,0.11327577553430784,0.048560217607587004,0.22076036791771392,5.3161711792045026,2.4834130941465493,9.67372874481789,2.632813671937795e-13,0.039644130658104605,0.07092421653126811,0.2918647839996993
-30.0,0.02,14,2026200514,2026100614,1,K1ABC FN42 33,-30,0,10.140200,0.192242285248375,0.07605296300977707,0.36472310265863817,9.463193273691031,5.277302580965681,16.81893650752022,3.7629881849410296e-13,0.0977817138515937,0.04275716633206888,0.2829238369995437
-30.0,0.02,15,2026200515,2026100615,1,K1ABC FN42 33,-29,0,10.140200,0.1568259874755787,0.06064725956059498,0.2688406948166292,5.321879490132775,3.045320557215015,10.210164448578343,9.169910924339275e-15,-0.21394195035518265,-0.15445416892610508,0.3208046290001221
-30.0,0.02,16,2026200516,2026100616,1,K1ABC FN42 33,-31,0,10.140200,0.14896899241350983,0.05446570401119901,0.26398344925189465,6.321944908679291,3.159314655850809,10.090054095967558,1.6056600493641326e-14,-0.02825458168491504,-0.14326903852329986,0.36458666100043047
-30.0,0.02,17,2026200517,2026100617,1,K1ABC FN42 33,-31,0,10.140200,0.1063899739930756,0.04717226865558075,0.19405555498462898,7.5347910970829615,3.8357913285411045,13.087194216082192,-1.4777432749690789e-12,0.02046135052956076,-0.06720423046199261,0.2998205709991453
-30.0,0.02,19,2026200519,2026100619,1,K1ABC FN42 33,-30,0,10.140200,0.19834101705074225,0.08326690553147564,0.37069510560659785,12.621905333682006,7.386863522936357,23.756639323722133,-1.16188883601126e-12,0.09353172865138576,0.013580366994982359,0.21961463699881278
-30.0,0.02,20,2026200520,2026100620,1,K1ABC FN42 33,-30,0,10.140200,0.13900987961487882,0.04775677106675996,0.23094689898923834,5.548030584502632,2.377818399408468,8.459608735891244,3.6757814673993305e-13,-0.07136872160096062,-0.07503132876836204,0.08225835799930792
-30.0,0.02,18,2026200518,2026100618,1,K1ABC FN42 33,-30,0,10.140200,0.17599254972021183,0.059856895224451714,0.2792811376313805,7.108223765580246,4.969966661612688,14.073902339783565,3.8548331193766217e-13,-0.10473635973329753,-0.01906839984680011,0.3903481540000939
-30.0,0.02,23,2026200523,2026100623,1,K1ABC FN42 33,-31,0,10.140200,0.1375602543687362,0.06400159302394665,0.2652270848177201,8.925046199144933,6.232068365610247,17.679412755407768,-8.740369539239623e-13,-0.020417855790873955,-0.10141286555058839,0.25219907599966973
-30.0,0.02,24,2026200524,2026100624,1,K1ABC FN42 33,-30,0,10.140200,0.11435621654918113,0.04405503834444072,0.21785291300716528,4.944570883700872,2.496533075244261,8.150542059553466,-2.358079009834313e-13,0.21037583195498868,0.09623484263216871,0.2782496590007213
-30.0,0.02,21,2026200521,2026100621,0,,,,,0.18826696988601083,0.07325554721597895,0.3367068868275876,11.692286264797202,6.022811618182274,19.725562237374355,9.512356180518822e-15,-0.04667927918341994,-0.02353004047516005,0.5139790130015172
-30.0,0.02,22,2026200522,2026100622,0,,,,,0.1592303292297893,0.06518078177836777,0.2671719243728327,10.080444678578697,6.099520206483805,18.870752931583084,-3.879751337906856e-13,0.22214010905017015,0.15733673205361656,0.49632648000078916
-30.0,0.02,25,2026200525,2026100625,1,K1ABC FN42 33,-31,0,10.140200,0.1303045798973122,0.043238369656499034,0.21662414730263335,5.370545521589178,3.081592231722727,10.274354479474876,4.72331375400703e-13,0.11247208418833503,0.16627167995431932,0.22392051099996024
-30.0,0.02,27,2026200527,2026100627,1,K1ABC FN42 33,-30,0,10.140200,0.12150825315565808,0.04398954413310297,0.21886272047935915,4.86761844526669,2.3736490992557067,8.3665561318622,8.051892486093948e-14,-0.005527555340616082,0.055628978140930804,0.04984152500037453
-30.0,0.02,28,2026200528,2026100628,1,K1ABC FN42 33,-29,0,10.140200,0.2016444165354429,0.08978892517415321,0.38172193988818615,12.078383162203789,8.106032382800693,23.547126948809463,7.986489074240932e-13,-0.023106610672629483,0.17853780586281343,0.055953212999156676
-30.0,0.02,26,2026200526,2026100626,1,K1ABC FN42 33,-30,0,10.140200,0.17377074535127335,0.06837017884940794,0.3312030758173332,10.875212047123926,6.412615265340873,19.516116933910524,2.3747930705253495e-13,-0.15669378745380821,-0.11166522602082123,0.23775351099902764
-30.0,0.02,30,2026200530,2026100630,1,K1ABC FN42 33,-29,0,10.140200,0.14683836942206266,0.06373348151511403,0.2611136297622205,7.6855797969572475,4.1830293501068185,13.407120736438065,-1.520450432224152e-13,-0.13350043784371593,0.0033714461737338985,0.1521800880000228
-30.0,0.02,29,2026200529,2026100629,1,K1ABC FN42 33,-29,0,10.140200,0.11444313805577647,0.04095818658438313,0.19884181373990384,4.829045922217872,2.602579693968215,9.154708713540174,-6.542040265631113e-13,0.0846951809765534,-0.012934122782381579,0.23071699100000842
-30.0,0.02,31,2026200531,2026100631,1,K1ABC FN42 33,-30,0,10.140200,0.10834046886149,0.04704675037517396,0.210945983771553,5.271039084462745,2.1622846783123517,9.002847513294025,3.0785595427074153e-13,-0.16908749218722346,-0.12858134235997135,0.2676262949989905
-30.0,0.02,32,2026200532,2026100632,1,K1ABC FN42 33,-30,0,10.140200,0.11499438098841461,0.05464024155465562,0.22409405347638128,7.909280895214698,3.7181876250959545,13.471828110188236,1.46749366131127e-13,0.018878027965802173,-0.04382643116950193,0.25152153199996974
-30.0,0.02,35,2026200535,2026100635,1,K1ABC FN42 33,-29,0,10.140200,0.11132516956445393,0.038385280598115745,0.19449591829256876,2.2772241964727544,1.2526416151909288,4.455254080647567,-1.8551783373399466e-13,0.12698325519463954,0.21015400392275438,0.06666562099962903
-30.0,0.02,33,2026200533,2026100633,1,K1ABC FN42 33,-30,0,10.140200,0.16436149957231497,0.08370598982703126,0.2945779286551241,13.417108125840512,7.948113446147057,25.781257908426305,-3.048514132103497e-13,0.13083140353972447,0.07805181130998075,0.26531867400080955
-30.0,0.02,36,2026200536,2026100636,1,K1ABC FN42 33,-30,0,10.140200,0.12110527478681576,0.04529894758094081,0.19493779569271727,5.324408865159786,2.579452257993152,9.21763749806568,5.4423696452254866e-14,-0.04626097838093118,0.028412394128786083,0.0825603660014167
-30.0,0.02,38,2026200538,2026100638,1,K1ABC FN42 33,-30,0,10.140200,0.1490165743109356,0.06248643657484843,0.26455373620969364,8.508502241439459,4.67157561917914,15.053736230913744,-5.800481622797449e-15,-0.08197263575160592,-0.13896052662290395,0.06270429799951671
-30.0,0.02,34,2026200534,2026100634,1,K1ABC FN42 33,-31,0,10.140200,0.21594828384667153,0.08686026719478988,0.3709362502652696,11.004374843513308,7.100559934813736,20.61405073142016,-7.825398315453036e-13,0.16962691252777498,0.35197970482134394,0.2888186210002459
-30.0,0.02,40,2026200540,2026100640,1,K1ABC FN42 33,-30,0,10.140200,0.12595469260972658,0.0561282108468366,0.24116387203523348,7.034155233541532,3.363198840016318,11.628076489672099,8.861249407854377e-14,0.25415673988227816,0.24287388461716006,0.06932662899998832
-30.0,0.02,39,2026200539,2026100639,1,K1ABC FN42 33,-29,0,10.140200,0.0959284116510527,0.04301015419269655,0.1834028707829891,5.438841507471798,2.8605505996732985,10.448973532555634,7.482088408040932e-13,0.0807559923928851,0.0429756072774305,0.1724163890012278
-30.0,0.02,37,2026200537,2026100637,1,K1ABC FN42 33,-30,0,10.140200,0.25289017841966793,0.0991068219315247,0.4238943903841333,16.46592063013673,8.831043272951115,27.385477781002507,-1.7893013459779894e-12,-0.06441424789145293,-0.14076567875093504,0.2484643589996267
-30.0,0.02,41,2026200541,2026100641,1,K1ABC FN42 33,-30,0,10.140200,0.1857063640754417,0.08708380675320326,0.3357542329500328,14.27546461189785,8.430367780007895,25.145759105517516,2.047723319034689e-12,0.054450875661814446,-0.0932045657953178,0.23644536400024663
-30.0,0.02,42,2026200542,2026100642,1,K1ABC FN42 33,-29,0,10.140200,0.226910951649964,0.09258915606435031,0.38054682423474545,14.800815747127237,7.512505553204389,22.824654624356445,-3.3686031394863925e-13,-0.35654713860819587,-0.2582005740182717,0.25016750400027377
-30.0,0.02,44,2026200544,2026100644,1,K1ABC FN42 33,-30,0,10.140200,0.1932470194796009,0.08152996710357055,0.3409685018070886,11.583799198922803,6.890917610730205,22.247445094467196,-2.016633388057798e-12,0.07192476391165638,0.13165755470411458,0.2488514849992498
-30.0,0.02,46,2026200546,2026100646,1,K1ABC FN42 33,-29,0,10.140200,0.14049640180698386,0.06881913576897254,0.2754088797492167,8.630208113381416,5.438862269517581,17.224153613554712,-2.575817163730232e-13,-0.2697736069384912,-0.3074463903811268,0.13436196300062875
-30.0,0.02,47,2026200547,2026100647,1,K1ABC FN42 33,-30,0,10.140200,0.07004917173194189,0.033312553124093654,0.1353342948233091,4.322218191653033,1.9802898669242255,7.890545820201869,4.554232696258459e-13,-0.10816156882828648,-0.17172259121110303,0.06924560499828658
-30.0,0.02,43,2026200543,2026100643,1,K1ABC FN42 33,-30,0,10.140200,0.22640693678752574,0.10826247896378614,0.3891815545494639,16.51177257185801,11.18126725323849,31.682199116807524,3.898359933474094e-12,-0.042881770079097874,0.17742544801642857,0.3676095470000291
-30.0,0.02,45,2026200545,2026100645,1,K1ABC FN42 33,-29,0,10.140200,0.1366866623974055,0.04258600585773931,0.22694833571040754,4.688794335083158,2.2954188701441054,8.714477182521097,5.70611266570431e-14,0.07033797168490118,0.040029171906395364,0.26264013100080774
-30.0,0.02,50,2026200550,2026100650,1,K1ABC FN42 33,-30,0,10.140200,0.1520958428157408,0.04777752269217445,0.24975841076997002,6.237594231812739,3.3893033719085994,11.64831909878909,-2.821885520393197e-14,0.14461657329298883,0.029788096051514296,0.06452453699967009
-30.0,0.02,49,2026200549,2026100649,1,K1ABC FN42 33,-29,0,10.140200,0.16233611606295167,0.0774809242867535,0.30809059841526953,12.813965650355874,6.642052186831987,22.087926680438486,-1.3592009462382038e-12,-0.0058030691030088195,0.03923622774126091,0.09787751300063974
-30.0,0.02,53,2026200553,2026100653,1,K1ABC FN42 33,-30,0,10.140200,0.2244952041768402,0.09648195834099507,0.4015742053517482,14.331199589348705,8.745003718863252,28.15876014819792,-3.2193258475698983e-13,-0.035122744867067526,-0.03519569185804762,0.07090326700017613
-30.0,0.02,51,2026200551,2026100651,1,K1ABC FN42 33,-29,0,10.140200,0.18926622596997783,0.08280365968638317,0.36892899804132706,11.94364930408967,6.578245244507239,21.109018796129448,4.4664359016843846e-14,0.22051737917499029,0.12383980219730137,0.09936501099946327
-30.0,0.02,52,2026200552,2026100652,1,K1ABC FN42 33,-30,0,10.140200,0.20108811069170424,0.058364267442834634,0.33108033986465935,8.038400989534408,3.9076598266524223,13.106257954509296,4.725534200056281e-13,-0.26607588744446153,-0.24462592947001863,0.08820971500063024
-30.0,0.02,48,2026200548,2026100648,1,K1ABC FN42 33,-30,0,10.140200,0.1676690032054758,0.05030938662564949,0.27757158183554154,5.766012508283227,3.1947884858027544,10.153279207625769,-7.881737797144073e-14,-0.20529121870817618,-0.12887872264999456,0.29333209799915494
-30.0,0.02,57,2026200557,2026100657,1,K1ABC FN42 33,-30,0,10.140200,0.11098373091164866,0.04598012564502683,0.21152257644126832,6.282333352435348,2.9579822397586537,10.808548377385122,9.38793964441742e-13,0.1578610734254583,0.11788679172623118,0.09295684099924983
-30.0,0.02,54,2026200554,2026100654,1,K1ABC FN42 33,-30,0,10.140200,0.11314305907041744,0.037618742806342136,0.21056177846518953,3.941616947094331,2.0850334385760885,7.2906918612776614,4.0753094258591527e-13,0.12686777392138043,0.06586332310987111,0.2631335770001897
-30.0,0.02,56,2026200556,2026100656,1,K1ABC FN42 33,-30,0,10.140200,0.1830798202033531,0.06785914422327555,0.34812104893478757,9.397140955051016,5.543741032328218,17.48263152272608,-1.0411940407073494e-12,-0.03426780009918411,0.00309421800148248,0.2647663129991997
-30.0,0.02,58,2026200558,2026100658,1,K1ABC FN42 33,-30,0,10.140200,0.16650226666371254,0.06683502783537533,0.33248382041307206,8.80281055568151,5.462761470443585,16.683890996687758,5.180882307366519e-13,-0.19098779481725545,-0.22722809951322884,0.10074697900017782
-30.0,0.02,55,2026200555,2026100655,1,K1ABC FN42 33,-29,0,10.140200,0.1548802598521452,0.06598519443777066,0.2940301902885807,9.804600191765125,6.238788103855479,18.6016711194359,1.3770985220207255e-12,0.24292144617225447,0.08804118632010928,0.32124337399909564
-30.0,0.02,59,2026200559,2026100659,1,K1ABC FN42 33,-29,0,10.140200,0.22840245770980708,0.09655186255034552,0.3922907083945447,15.05224627715727,9.39875232823712,27.594627529457952,-1.0456913113188193e-13,0.08995530525527867,0.058272057269756615,0.09500759699949413
-30.0,0.02,62,2026200562,2026100662,1,K1ABC FN42 33,-29,0,10.140200,0.24395064844763745,0.10606949078424645,0.42040883945395413,16.96643079612476,10.806936628137343,30.038451542590142,2.66914702146126e-12,-0.181181071719457,-0.055360247981850096,0.07561876399995526
-30.0,0.02,63,2026200563,2026100663,1,K1ABC FN42 33,-30,0,10.140200,0.14065878750211228,0.0576640512422792,0.250544685568026,8.467087432469599,5.312881141452859,16.393252729945814,-2.958963369464884e-13,-0.13892973294639813,-0.0810610283235588,0.06934990099944116
-30.0,0.02,60,2026200560,2026100660,1,K1ABC FN42 33,-29,0,10.140200,0.20800399371333655,0.07344040205031242,0.3711352756065409,9.854983982945907,5.5339588274896006,17.2103252010244,3.309635551729251e-13,-0.18782839925257738,-0.14289788609985873,0.2903177650005091
-30.0,0.02,61,2026200561,2026100661,1,K1ABC FN42 33,-30,0,10.140200,0.15632315674473332,0.061990268850830074,0.28595240903997265,8.20339442505452,3.8611972880336487,13.248310465996727,-1.163374951929086e-13,0.11168563911155893,0.16586047022998687,0.2696299260005617
-30.0,0.02,66,2026200566,2026100666,1,K1ABC FN42 33,-30,0,10.140200,0.12926204412222697,0.05118086176666889,0.21455378761175659,5.765080730365749,3.2042172939710833,11.309507581600954,-8.245124418285177e-14,-0.07794513915286805,-0.05099864871798551,0.055791666000004625
-30.0,0.02,65,2026200565,2026100665,1,K1ABC FN42 33,-30,0,10.140200,0.16791022520266402,0.06783041323930587,0.2787644895280845,10.200324752085507,6.703530225001095,19.332922976374718,-9.10777963464282e-13,-0.1230179013113022,0.012901029191988952,0.19822410100096022
-30.0,0.02,69,2026200569,2026100669,1,K1ABC FN42 33,-30,0,10.140200,0.22620597697827527,0.09891095407546492,0.38202494569759865,15.047511168375468,7.469758006696694,25.253956415784877,-1.0019970964059155e-12,0.19488329577246336,0.1282569219202601,0.2817182409999077
-30.0,0.02,64,2026200564,2026100664,0,,,,,0.25141523927998244,0.10248741226857873,0.42460897766704164,13.055759241581303,6.916632745320772,22.64206162176026,-1.7421199031975032e-13,-0.05869311252039688,-0.24599921469185293,0.5275040630003787
-30.0,0.02,68,2026200568,2026100668,1,K1ABC FN42 33,-30,0,10.140200,0.09747277892463951,0.03804198999753027,0.18643512060604261,3.618904102458366,1.6384301280836677,6.414204747867036,2.79044474159329e-13,-0.08057488802426588,-0.15746300643788558,0.3140292190000764
-30.0,0.02,67,2026200567,2026100667,1,K1ABC FN42 33,-30,0,10.140200,0.22122116921449092,0.07107730812498382,0.3544825744084054,10.477706666277655,5.37995874159331,17.542966500945532,-7.685579603289305e-13,-0.25706358233322946,-0.2375968173217826,0.38236330799918505
-30.0,0.02,70,2026200570,2026100670,1,K1ABC FN42 33,-31,0,10.140200,0.2803096119360513,0.12622654023512078,0.48621906456998226,20.742473202441403,12.734001617319667,37.36286980329802,-2.5000661263430146e-13,0.0739359856762799,0.04402173572566848,0.09719645099903573
-30.0,0.02,71,2026200571,2026100671,1,K1ABC FN42 33,-28,0,10.140200,0.19301250864824832,0.06700539129608248,0.3221970610311785,8.331735390437379,4.002219517591377,14.465762601366727,2.1253571819146444e-13,-0.0451463704255401,-0.10563755218416002,0.09563875300045765
-30.0,0.02,73,2026200573,2026100673,0,,,,,0.18803082897348078,0.06624048131001298,0.2806968569086692,9.710672430718942,5.611167050777332,18.24389756069054,-1.1761305904883779e-12,-0.07294906044158835,-0.0888727738476367,0.05687705099990126
-30.0,0.02,74,2026200574,2026100674,1,K1ABC FN42 33,-30,0,10.140200,0.12845452025049492,0.050383892274751874,0.2168176970375778,6.5017534498011536,4.009142462377684,12.658951612820534,5.2916004911196524e-14,-0.2139996134946645,-0.1969414326169481,0.06031376899954921
-30.0,0.02,76,2026200576,2026100676,1,K1ABC FN42 33,-30,0,10.140200,0.1409516207935097,0.07187015036156616,0.28056193373443916,12.187032687330692,6.8946173761520795,20.934592402903963,-1.427989670954588e-12,0.011434617534754755,0.013531008358095719,0.05506634499943175
-30.0,0.02,77,2026200577,2026100677,1,K1ABC FN42 33,-30,0,10.140200,0.11916465371835777,0.054299713296836104,0.22520548143106364,5.3987183663084695,2.787850332676718,10.711024145958596,1.003456432530081e-12,-0.14719943461995433,-0.17247154493044003,0.053936767999402946
-30.0,0.02,72,2026200572,2026100672,1,K1ABC FN42 33,-31,0,10.140200,0.2832728975870127,0.12109901130551584,0.5003653360931033,19.162415800047537,12.775409431604889,36.02647141988537,-4.770073225301985e-13,0.24248195885011523,-0.04079093873689745,0.2666469779996987
-30.0,0.02,79,2026200579,2026100679,1,K1ABC FN42 33,-31,0,10.140200,0.12753070866002672,0.04258229693689053,0.2263822727667351,4.012698686478522,1.7002675808349508,6.7691184714244965,1.9327551711856295e-13,0.06138836433404595,0.1247114719221197,0.10314703999938502
-30.0,0.02,80,2026200580,2026100680,1,K1ABC FN42 33,-29,0,10.140200,0.16863490428767483,0.06837608017527406,0.3226357460680018,10.194444493965555,5.539618949789337,16.372022133725732,-1.312279278298245e-13,0.1838184089929156,0.07711158375325293,0.054298178998578805
-30.0,0.02,75,2026200575,2026100675,1,K1ABC FN42 33,-30,0,10.140200,0.15980911917774,0.056125671838056945,0.24811046554053273,5.445537232767099,2.413186222473351,10.019085627113542,-2.2874280594664675e-13,-0.04081259762288143,0.0007834514887416411,0.2543663590004144
-30.0,0.02,81,2026200581,2026100681,1,K1ABC FN42 33,-29,0,10.140200,0.11714139511079873,0.04594874938298725,0.21245976115742304,7.122466050883317,3.4543870487740516,11.696504256036144,-6.189666834632845e-14,-0.16629850252735442,-0.21382478559068233,0.06349613800011866
-30.0,0.02,82,2026200582,2026100682,1,K1ABC FN42 33,-30,0,10.140200,0.1566886048344161,0.052391403151570086,0.28320448690817623,7.284403332774925,3.301764499968555,11.900328236724004,-5.891012504199988e-15,0.17194038826892039,0.17174441427106585,0.07624589099941659
-30.0,0.02,78,2026200578,2026100678,1,K1ABC FN42 33,-29,0,10.140200,0.2109476653821511,0.05264616736924567,0.3318464059502064,6.2419463114203895,3.4950879224622,12.070828302692107,8.337089699161915e-13,-0.1261431531166314,0.08480451226551967,0.27702310299901
-30.0,0.02,84,2026200584,2026100684,1,K1ABC FN42 33,-30,0,10.140200,0.12206747933021608,0.04995409097584017,0.23864816992288285,5.052825366175351,2.4245844315645346,9.390019252152456,6.06814945514067e-13,0.15011791852464804,0.1646398339715653,0.06749231499998132
-30.0,0.02,87,2026200587,2026100687,1,K1ABC FN42 33,-29,0,10.140200,0.24614277954599678,0.10219347316109684,0.43970164382712235,16.08755275608089,8.727551612105328,28.110810488307294,-5.287437154777308e-14,-0.0515847902387538,-0.04538954456286985,0.06325580100019579
-30.0,0.02,85,2026200585,2026100685,1,K1ABC FN42 33,-29,0,10.140200,0.1481359496488209,0.06961413089512583,0.2822816544807125,10.029885240324779,5.922640260541028,20.004235948927473,3.436183629301759e-14,0.15416460532979515,0.11747340109889205,0.0901641889995517
-30.0,0.02,83,2026200583,2026100683,1,K1ABC FN42 33,-29,0,10.140200,0.21496622973214918,0.06722311809854382,0.3685533533915434,7.921090398872052,4.381413108815273,14.227040023032904,-2.096153112196575e-14,0.32502317928176805,0.3421195284190661,0.23762411200004863
-30.0,0.02,86,2026200586,2026100686,1,K1ABC FN42 33,-29,0,10.140200,0.11990167260906491,0.0508275110083983,0.21631748864377143,6.70010116175294,3.2569321991684212,10.797959344295752,6.606185867438774e-13,0.11411342921719034,0.03618442886597763,0.24476434700045502
-30.0,0.02,91,2026200591,2026100691,1,K1ABC FN42 33,-29,0,10.140200,0.1077024877987956,0.04407334641751829,0.2037715790646081,4.084601562266284,2.1471676174033494,8.011941706700014,-6.977925182116707e-16,0.05937221578160654,-0.024844890815220358,0.05415551099940785
-30.0,0.02,89,2026200589,2026100689,1,K1ABC FN42 33,-30,0,10.140200,0.26478779466517244,0.08305536084591152,0.43975922058968253,11.686176094018315,6.026567074590579,20.03779093317554,5.607320163747431e-13,0.18122555322813413,-0.04942559306081977,0.25609637799971097
-30.0,0.02,92,2026200592,2026100692,1,K1ABC FN42 33,-30,0,10.140200,0.13658210015069203,0.06605299710066598,0.2685887249853114,7.77622802113583,4.471345290618229,14.022802043266708,8.769133422875663e-13,0.030650693059119872,0.05622773658417191,0.09347930300100415
-30.0,0.02,90,2026200590,2026100690,1,K1ABC FN42 33,-29,0,10.140200,0.1541043184346288,0.06560642648594421,0.30705494096748076,11.205510251717808,5.639278435762025,18.217242868011468,1.9701514725189995e-13,0.17100107710578402,0.09325499564957938,0.2521472000007634
-30.0,0.02,93,2026200593,2026100693,1,K1ABC FN42 33,-31,0,10.140200,0.08502468968180513,0.03692304238666265,0.1696617579191025,4.54910907870707,2.162779367741214,8.071311431221204,-3.7276621676560207e-13,-0.06812592529186598,-0.011672733610273914,0.09092651900027704
-30.0,0.02,88,2026200588,2026100688,1,K1ABC FN42 33,-30,0,10.140200,0.15008888767502612,0.05716953031083126,0.27371104218372416,6.551860947882471,3.5392603598212715,12.902393973883665,1.676518624448009e-13,-0.14717994873608795,-0.10869023789048832,0.3618686490008258
-30.0,0.02,95,2026200595,2026100695,1,K1ABC FN42 33,-29,0,10.140200,0.1820819043352097,0.07236110168929259,0.3355518081410447,9.656177601284458,4.746131077172772,16.452685405167205,3.753768129666213e-14,0.1231055645271525,0.1662230386663132,0.10171514099965862
-30.0,0.02,96,2026200596,2026100696,1,K1ABC FN42 33,-30,0,10.140200,0.136094222969885,0.04871832096990151,0.24301779861048456,5.210445634248648,2.6438776148953034,10.283564115812444,1.1490201151653778e-13,-0.20487353633635266,-0.24151710710706484,0.2583518120009103
-30.0,0.02,98,2026200598,2026100698,1,K1ABC FN42 33,-29,0,10.140200,0.17957703094665295,0.06572903628858906,0.32166025592898784,9.082882470972072,5.891365173952887,16.95980707534217,1.4978842818869076e-12,0.2175014326437969,0.1127668268493843,0.26045803899978637
-30.0,0.02,94,2026200594,2026100694,1,K1ABC FN42 33,-30,0,10.140200,0.1309948768563109,0.06123002304615356,0.25057263402430263,8.047262289579054,4.259669913729239,15.099070111491436,-4.640686164340824e-13,0.0992243545926963,0.12332598162176599,0.41515996800080757
-30.0,0.02,100,2026200600,2026100700,1,K1ABC FN42 33,-30,0,10.140200,0.11491541952069975,0.04706273824942376,0.21636104473377582,5.782933290749824,3.1384562169332346,10.303890296699642,-2.017760958317183e-13,-0.16921217818759798,-0.14071503140458141,0.05175143499945989
-30.0,0.02,101,2026200601,2026100701,1,K1ABC FN42 33,-30,0,10.140200,0.19583433601812836,0.07098060260433495,0.30827540097136585,10.189601157273598,4.940848854278955,16.610102883506826,-1.0535357308771864e-12,-0.3174976280138401,-0.1327192672117034,0.06030187299984391
-30.0,0.02,99,2026200599,2026100699,1,K1ABC FN42 33,-29,0,10.140200,0.15109887006365053,0.06620796825169724,0.2928392862915452,10.51967268322829,5.823178718175534,18.815218459753062,5.35757202491105e-13,-0.11742470501086477,-0.07454103589121866,0.24442087700117554
-30.0,0.02,103,2026200603,2026100703,1,K1ABC FN42 33,-29,0,10.140200,0.10465329892415189,0.051588632293806114,0.18291282526559743,7.079916398032074,3.7502071865186277,12.668897673532882,-2.4461845309770025e-13,0.08900845850704116,0.13661980312520708,0.05780929499997001
-30.0,0.02,97,2026200597,2026100697,0,,,,,0.15677634979572913,0.07668661486276751,0.3035367949912207,11.465071581926058,7.6212758409141435,22.373589148920438,-5.217441062521644e-14,-0.004918947274849432,0.05862230031010548,0.5264626120006142
-30.0,0.02,105,2026200605,2026100705,1,K1ABC FN42 33,-30,0,10.140200,0.18633010064839908,0.10340292575820952,0.35538382559177784,16.149624038137528,10.740507710936228,31.404009024236103,-1.2827924486535913e-12,-0.12164754074790052,-0.07911373549457461,0.058802444000320975
-30.0,0.02,102,2026200602,2026100702,1,K1ABC FN42 33,-30,0,10.140200,0.1576330399031046,0.06965096047794694,0.30740634236460057,8.356111227172539,5.171094143920198,16.664055969716287,7.253095693493528e-13,0.09021854621252845,0.09434647803651766,0.2395690339999419
-30.0,0.02,104,2026200604,2026100704,1,K1ABC FN42 33,-30,0,10.140200,0.1289942822821286,0.05185528611232261,0.24045506206996922,7.726462482444082,4.15867158982349,12.724351919527646,7.730725781751602e-13,-0.06603360317097248,-0.13836131091388462,0.2665488090005965
-30.0,0.02,108,2026200608,2026100708,1,K1ABC FN42 33,-30,0,10.140200,0.10860816700849896,0.04458198052431023,0.21246544582896182,5.201336152219497,3.2907126665478534,9.658357010369675,8.498719306429536e-14,0.14992287317303643,0.08309956810519652,0.12822770999991917
-30.0,0.02,106,2026200606,2026100706,1,K1ABC FN42 33,-29,0,10.140200,0.2521615907524502,0.0831132801515876,0.4066441594918964,11.490873424944168,6.686784467468353,20.259466740345626,9.525453342762447e-13,0.2898109981651071,0.038841916226882156,0.2706448539993289
-30.0,0.02,107,2026200607,2026100707,1,K1ABC FN42 33,-29,0,10.140200,0.21352611200506397,0.07373611844807489,0.4005349324798031,10.19677209025526,6.677017492393394,20.195200214238156,-4.391305027939829e-13,0.2805256732058135,0.06699956120074954,0.2665614289999212
-30.0,0.02,109,2026200609,2026100709,1,K1ABC FN42 33,-30,0,10.140200,0.16702247416301036,0.0730395889127986,0.33089073698009736,12.015193235064475,6.1452781562369,19.496952958924055,-4.902892328240149e-14,-0.06873158065503983,0.04090695142634558,0.07724007999968308
-30.0,0.02,110,2026200610,2026100710,1,K1ABC FN42 33,-29,0,10.140200,0.09890401262237603,0.04483696640554052,0.1965943091422428,6.149010462767622,3.187725824141413,11.188381148827347,3.6958934176989366e-14,-0.0680093037933026,-0.10747775575511646,0.1948523290011508
-30.0,0.02,112,2026200612,2026100712,1,K1ABC FN42 33,-30,0,10.140200,0.11813804581163057,0.04283117425587711,0.20618788168355334,4.61823793259173,1.946150800053018,7.887432891275032,-7.636046742837133e-14,-0.1703672397261533,-0.12133497897248487,0.2616541169991251
-30.0,0.02,113,2026200613,2026100713,1,K1ABC FN42 33,-29,0,10.140200,0.18607864906067392,0.0964921462234748,0.3562776494285322,15.380706089689504,9.935398840888197,29.703813849371194,1.929831945288174e-12,-0.14944812305400265,-0.021166304402712516,0.26179727999988245
-30.0,0.02,111,2026200611,2026100711,1,K1ABC FN42 33,-29,0,10.140200,0.1971806518202357,0.07069485923377707,0.35274260408930586,10.410836689354594,6.195453586785466,17.222656670433555,-4.860452318400377e-13,-0.2532006606361382,-0.19033992578464834,0.3518744019984297
-30.0,0.02,116,2026200616,2026100716,1,K1ABC FN42 33,-30,0,10.140200,0.1466844483115607,0.06018901443080083,0.2686880346034809,7.856050719190449,4.236004633938379,15.308408861740734,-2.1656417978355158e-13,-0.17654848983880433,-0.12079019929164136,0.06617949000064982
-30.0,0.02,115,2026200615,2026100715,1,K1ABC FN42 33,-30,0,10.140200,0.12949141181425528,0.06736127154644574,0.24237017159777152,9.534000424660627,4.720122122089026,16.166207237311205,2.8549211605888303e-13,0.15487978959799267,0.12106786163848518,0.09915632899901539
-30.0,0.02,114,2026200614,2026100714,1,K1ABC FN42 33,-29,0,10.140200,0.12283567576208185,0.06067625492242491,0.2292565597737145,8.979986457229726,5.469569304198818,17.635205437462297,-7.742801625548745e-13,-0.06687968037904503,0.04279556894741848,0.33631526499993925
-30.0,0.02,117,2026200617,2026100717,1,K1ABC FN42 33,-31,0,10.140200,0.2799204522283714,0.09144656888037622,0.4564793561173351,11.714264748063593,6.312610446027647,20.93843728305656,3.977829350632067e-13,0.020802821917965054,-0.25911763031040635,0.23237772500033316
-30.0,0.02,118,2026200618,2026100718,1,K1ABC FN42 33,-30,0,10.140200,0.0966306727493656,0.03147470526150251,0.19110305077842957,2.488344890216842,1.2013291575300296,4.551272389239968,-3.795201999889919e-13,0.19329452922313184,0.21031695328913722,0.23826866500166943
-30.0,0.02,119,2026200619,2026100719,1,K1ABC FN42 33,-30,0,10.140200,0.20276105376401915,0.08856046718516006,0.38381645730133973,11.05495038751198,6.4696688095580965,21.060652870236957,2.2839976437927234e-13,-0.2707484904755832,-0.33991246425756666,0.23530473400023766
-30.0,0.02,123,2026200623,2026100723,1,K1ABC FN42 33,-30,0,10.140200,0.1292873415464097,0.04543520114092287,0.24202196042650256,4.827065154240469,2.2957880767883907,8.254388777478376,-3.441405146964449e-13,-0.1606192982034528,-0.10203032226985502,0.05586013599895523
-30.0,0.02,122,2026200622,2026100722,1,K1ABC FN42 33,-30,0,10.140200,0.1622653504002852,0.07503166731724104,0.30773076333379923,11.256349068526289,6.891283334217026,22.379694854783562,-7.118030123653973e-13,-0.1154285395728862,-0.0666920378811955,0.07637921799869218
-30.0,0.02,120,2026200620,2026100720,1,K1ABC FN42 33,-30,0,10.140200,0.17174943497174106,0.062072962479660654,0.2822005642199519,6.6768000596023365,3.3041199011334634,11.788184216136756,-5.266854660734843e-13,-0.21114636012357146,-0.04562793070541265,0.2426091780016577
-30.0,0.02,124,2026200624,2026100724,1,K1ABC FN42 33,-29,0,10.140200,0.1527744610550169,0.07582583541702607,0.30533303250985344,12.250063100949545,5.993091370665319,18.76342027627701,3.8705540508776615e-13,0.25950439270597625,0.15347316593614957,0.08731522999914887
-30.0,0.02,121,2026200621,2026100721,1,K1ABC FN42 33,-29,0,10.140200,0.1465207587541953,0.06913897837756991,0.28813193455185643,9.593263120396314,5.458088793130084,17.88253134668342,4.699652125794707e-13,0.20211990754480819,0.22607155953255895,0.26930012899902067
-30.0,0.02,128,2026200628,2026100728,1,K1ABC FN42 33,-30,0,10.140200,0.12337268296317878,0.05853714731277925,0.23209810917325252,6.671614811346846,3.4199382124072457,11.753580113189656,-5.2820161439148805e-14,0.08285909941170647,0.15637383721348683,0.07149737699910474
-30.0,0.02,125,2026200625,2026100725,1,K1ABC FN42 33,-30,0,10.140200,0.1038093502640692,0.049007259584715815,0.2055410490560156,5.482501139979376,2.970731538770518,10.510789023804278,-2.4029151064752785e-13,0.14250037588394734,0.094363026605353,0.2671813619999739
-30.0,0.02,126,2026200626,2026100726,1,K1ABC FN42 33,-30,0,10.140200,0.13235876288089443,0.0557710214267164,0.25876219683295637,8.485090292815778,3.5230748470626514,12.800067360224581,1.6710461139823884e-13,-0.22827945342317105,-0.17442863392235528,0.26728509799977473
-30.0,0.02,127,2026200627,2026100727,1,K1ABC FN42 33,-30,0,10.140200,0.14427034785113324,0.053932760343548825,0.25176461377764564,6.107856618200449,3.1986595159518627,11.763768483422602,-6.232514504489473e-13,0.13343529024996403,0.1246681739884411,0.3120773009995901
-30.0,0.02,131,2026200631,2026100731,1,K1ABC FN42 33,-29,0,10.140200,0.09890052771208181,0.03843164360385533,0.18144252902640257,3.9305324529036194,1.8705530407525965,7.4986040939601395,1.4194729918391713e-13,-0.11688387830721117,-0.05248916873880285,0.1437713449995499
-30.0,0.02,129,2026200629,2026100729,1,K1ABC FN42 33,-29,0,10.140200,0.10178922707046584,0.04321464860896083,0.1923215853820222,4.536674644613684,2.2191664673528866,8.730358271943514,2.967643492057803e-13,-0.16380889956140737,-0.10718264729141215,0.29192274199886015
-30.0,0.02,133,2026200633,2026100733,1,K1ABC FN42 33,-31,0,10.140200,0.1553621310548099,0.04715427373833505,0.24598948130937237,4.07599361979046,2.3545376823120585,8.02072724007499,-2.1204652617123898e-13,0.2840354539594322,0.2885905080644498,0.06875379099983547
-30.0,0.02,130,2026200630,2026100730,1,K1ABC FN42 33,-30,0,10.140200,0.1811159809402212,0.09318869215819084,0.3572368920789892,14.328169620244587,9.29647842480175,27.15911088300382,-1.9395735018079563e-12,0.10546524062580236,0.10128355247073259,0.3311285820000194
-30.0,0.02,135,2026200635,2026100735,1,K1ABC FN42 33,-31,0,10.140200,0.12649541398502256,0.061960044543442845,0.24274173007412703,8.087411089231157,4.445196994886163,15.611855284751595,-4.2327144393616845e-14,-0.24896326578777056,-0.3418842366922806,0.10268474100121239
-30.0,0.02,132,2026200632,2026100732,0,,,,,0.22420430604170916,0.09092130292588778,0.4422566727877101,12.41968292363068,6.795963310729354,20.848935904177104,2.0464532846098393e-14,-0.03196652871930073,0.053982426917105635,0.4625638719990093
-30.0,0.02,136,2026200636,2026100736,1,K1ABC FN42 33,-30,0,10.140200,0.11701697616751958,0.04074575836097303,0.20187382186006098,4.9340694876396425,2.3291769943596687,8.369561176129578,-3.0493576413936907e-13,-0.08691059070031,-0.12007352785181048,0.2786434130011912
-30.0,0.02,137,2026200637,2026100737,1,K1ABC FN42 33,-30,0,10.140200,0.13579350609512617,0.05748822199239819,0.2610068770390182,7.581493558702445,3.8552748497844465,13.242362131083434,7.467637619384959e-14,0.03314177534920488,-0.09486156281101417,0.2704067089998716
-30.0,0.02,138,2026200638,2026100738,1,K1ABC FN42 33,-29,0,10.140200,0.20038607332743136,0.061896742484653496,0.3064580006746441,8.708901521231349,3.805524754568991,13.371846143933567,-7.782474751444335e-13,0.1800053754384788,0.017233489462692694,0.0605871110001317
-30.0,0.02,141,2026200641,2026100741,1,K1ABC FN42 33,-29,0,10.140200,0.11280924052551597,0.048527501150280206,0.21340082068943808,5.789717840098168,2.7211410865338284,10.618801353369406,-1.3599061113311883e-13,0.1780919173600918,0.13416855109462245,0.05722234100176138
-30.0,0.02,140,2026200640,2026100740,1,K1ABC FN42 33,-30,0,10.140200,0.19802357724507808,0.06841715678130358,0.32273297637245724,9.134639462952336,4.7694730586544205,16.75129420557984,-1.2796257109481957e-12,0.06802206592088297,0.003944136677829676,0.0660427590009931
-30.0,0.02,143,2026200643,2026100743,1,K1ABC FN42 33,-30,0,10.140200,0.13621253762941768,0.055004992104485166,0.2552513445044665,6.364301377954211,3.291013821360734,11.574126969432927,-2.350133976314339e-13,-0.07862645889085322,-0.11238315846406294,0.047285263000958366
-30.0,0.02,134,2026200634,2026100734,0,,,,,0.18616392650766256,0.0740052257845769,0.35038096130311414,9.664161947312925,5.454699705870418,18.488266522199563,-1.6878937483810752e-12,0.04146001011979942,0.09519405666388403,0.5334891700003936
-30.0,0.02,139,2026200639,2026100739,1,K1ABC FN42 33,-30,0,10.140200,0.12208726966216213,0.05405838348132534,0.24032496454584545,8.750787693043135,4.98195508807575,14.46607082798549,-1.4809160842066404e-13,-0.03367042438527379,0.06864608377404499,0.2977111709988094
-30.0,0.02,142,2026200642,2026100742,1,K1ABC FN42 33,-30,0,10.140200,0.28226638070569965,0.1386981514990217,0.551777630073651,24.342970821192623,13.164106442649016,39.25914691476504,-8.308800696077423e-13,-0.24138332879002772,-0.02883708686336771,0.22989025700007915
-30.0,0.02,147,2026200647,2026100747,1,K1ABC FN42 33,-29,0,10.140200,0.13973216818716452,0.061568508925625126,0.2610711095332261,6.93286640483059,3.966935536142471,13.222200513427307,4.829036476250437e-15,-0.007592457334156002,-0.07352026309618778,0.04984768299982534
-30.0,0.02,144,2026200644,2026100744,1,K1ABC FN42 33,-30,0,10.140200,0.11654369538542991,0.04805456204739735,0.20793130999385473,5.6891025910492,3.3899197302201074,11.144723959102517,-5.001834450096831e-13,0.06125379175188303,0.10443521630204765,0.2525510719988233
-30.0,0.02,145,2026200645,2026100745,1,K1ABC FN42 33,-30,0,10.140200,0.11179791145375248,0.0425508153546233,0.19903565540744295,4.258765019022118,2.3616982704423397,7.5798994829494815,3.903873752042486e-13,-0.008825016928736837,0.09125665046895155,0.23999691900098696
-30.0,0.02,150,2026200650,2026100750,1,K1ABC FN42 33,-29,0,10.140200,0.18601612263059475,0.06907188998264872,0.3260921626557822,10.361304479950926,6.273075357227697,18.249671827342514,5.208168965542548e-13,-0.10261745196385678,-0.11771657433243171,0.05056959600005939
-30.0,0.02,146,2026200646,2026100746,1,K1ABC FN42 33,-30,0,10.140200,0.1830249080632111,0.08636126544626137,0.348325485419343,13.660773107886024,8.151368597435,24.266953281093453,-3.587399474702657e-13,0.07860437719173392,0.03448440487419773,0.23605535100068664
-30.0,0.02,148,2026200648,2026100748,1,K1ABC FN42 33,-30,0,10.140200,0.1304957268029456,0.062022648154168546,0.25786136290724904,7.310210909625104,4.103990988527149,14.022754784571156,-3.547856453067766e-13,-0.15888475105927438,-0.08402041562645525,0.19392683700061752
-30.0,0.02,149,2026200649,2026100749,1,K1ABC FN42 33,-31,0,10.140200,0.16319788083528897,0.058601763019118305,0.27437574970594936,7.620588009498609,4.468401643227133,13.879797640067608,-5.95599958241877e-14,-0.09495443084184493,-0.12620969819302086,0.18610231799902976
-30.0,0.02,152,2026200652,2026100752,1,K1ABC FN42 33,-30,0,10.140200,0.11497577985027949,0.049945037734227885,0.2089340648793547,6.831646376540653,3.37568237811182,11.496242596784903,-8.612403325225504e-14,0.07567780099723753,0.15087928691630417,0.050950275001014234
-30.0,0.02,155,2026200655,2026100755,1,K1ABC FN42 33,-30,0,10.140200,0.09696381381902805,0.04570167958404764,0.18519952263735753,5.093048728506479,2.719383858963788,8.83458356000459,-1.305036807786042e-13,0.1833207352575654,0.09784175111590025,0.06348121199880552
-30.0,0.02,154,2026200654,2026100754,1,K1ABC FN42 33,-30,0,10.140200,0.1465344651504996,0.05323023147236869,0.27412153007169404,7.310288431061391,3.411284010470192,12.039168303686694,-3.5668218595699686e-13,0.31560226353977944,0.19024279592713478,0.06636709999838786
-30.0,0.02,151,2026200651,2026100751,1,K1ABC FN42 33,-30,0,10.140200,0.1684947206491436,0.05355126914885747,0.28126296977927556,7.696382389565016,4.917753730818011,14.104901027558327,-3.590936142189305e-13,0.17864565418072897,0.010150933531585388,0.2381051190004655
-30.0,0.02,153,2026200653,2026100753,1,K1ABC FN42 33,-30,0,10.140200,0.16531312949728103,0.06930419384165468,0.3020782043902917,7.497801927274063,3.827584568625936,13.068090286262418,8.861832708623174e-13,-0.14877795910448705,-0.12889410308712265,0.24771629699898767
-30.0,0.02,156,2026200656,2026100756,1,K1ABC FN42 33,-29,0,10.140200,0.20779052712067947,0.08432761403673987,0.37157757900375865,11.90697527529284,6.668816165029173,20.74187299197287,-1.0115142230759933e-12,0.08794504987918098,0.12648023634771727,0.2379941039998812
-30.0,0.02,160,2026200660,2026100760,1,K1ABC FN42 33,-30,0,10.140200,0.19690451958787492,0.0790934057441647,0.3424726510428018,11.919347148074971,6.715437143536761,21.586996800620383,2.2808491206838255e-13,0.1453199953947219,0.03435254092401409,0.0536167549998936
-30.0,0.02,159,2026200659,2026100759,1,K1ABC FN42 33,-30,0,10.140200,0.10211000946011234,0.04411516880975117,0.18944288812572108,4.160530976327321,2.034914085879516,7.984995483948996,6.428234680666556e-14,0.10124969265731895,0.1296838660454575,0.2152639919986541
-30.0,0.02,162,2026200662,2026100762,1,K1ABC FN42 33,-29,0,10.140200,0.16024181352300765,0.06324230448140168,0.2930834595557454,8.494087187855326,5.443307700609654,15.191330571396175,1.0963946764364074e-12,-0.15129419339366385,-0.22499411041105064,0.05185634299959929
-30.0,0.02,157,2026200657,2026100757,0,,,,,0.1347321856001006,0.06631923765281202,0.26268626603527334,9.942723723830689,5.444463494604015,19.092564896850114,4.666544386154603e-14,-0.28848622341013813,-0.28377954939670574,0.5073262480000267
-30.0,0.02,161,2026200661,2026100761,1,K1ABC FN42 33,-30,0,10.140200,0.15023011788536916,0.06407818845763419,0.2835268617793575,8.262624030984739,4.900523933083128,15.706025636166286,3.9849026856053626e-13,0.0157365961527693,0.03238059831258476,0.2469762479995552
-30.0,0.02,158,2026200658,2026100758,0,,,,,0.1641014150997277,0.06824095187713863,0.31516330860381253,9.662552364534793,5.6562709571414205,16.39201811524087,-4.874546946642688e-13,-0.009901996866812018,0.0390260533161569,0.4928428349994647
-30.0,0.02,163,2026200663,2026100763,1,K1ABC FN42 33,-30,0,10.140200,0.10873821266995026,0.050069599643499295,0.21527934033956364,4.591387638473155,2.5967257900956047,8.741263371572902,2.9278630301471376e-13,-0.07586575793216635,0.009427099966006833,0.24885291300051904
-30.0,0.02,164,2026200664,2026100764,1,K1ABC FN42 33,-30,0,10.140200,0.1279038450631471,0.052757375420818486,0.24330672629334438,7.358914991607696,4.29722633953167,13.799141710561177,-1.0073933874588104e-12,-0.07403986435636531,0.042379841021612116,0.24182826999822282
-30.0,0.02,165,2026200665,2026100765,1,K1ABC FN42 33,-29,0,10.140200,0.21174826680355863,0.07613008158788939,0.3752228990571677,10.596071249327595,6.076309958443919,18.833857960451617,9.175273388284388e-13,-0.022912752893517345,-0.00849280836130631,0.271139275000678
-30.0,0.02,168,2026200668,2026100768,1,K1ABC FN42 33,-30,0,10.140200,0.16430027359141647,0.07218325823353508,0.3264973025734008,11.134839110395793,5.270096264280983,17.24145152908333,1.3105695998924527e-12,-0.25234118195482513,-0.13568892538639094,0.05944013400039694
-30.0,0.02,166,2026200666,2026100766,1,K1ABC FN42 33,-29,0,10.140200,0.09641299168417997,0.03186412687618655,0.16448997734476237,2.6889326209757622,1.2929847916756252,5.35590779319018,4.992713057219711e-14,0.1393567832132022,0.23576977489738216,0.25880220600083703
-30.0,0.02,170,2026200670,2026100770,1,K1ABC FN42 33,-29,0,10.140200,0.12196213903695952,0.04948003484716687,0.2135339850669064,7.375836550663193,4.110610245919358,12.75833984424716,-1.2967576231565081e-12,-0.2546369653502752,-0.24603721415588709,0.09619475300132763
-30.0,0.02,169,2026200669,2026100769,1,K1ABC FN42 33,-30,0,10.140200,0.21329293983602046,0.1050453125123945,0.4000366165064689,17.236439410103316,10.793314831757435,31.508504901442677,2.221725407813846e-12,-0.016401535847667723,-0.1189763993414414,0.09894737400099984
-30.0,0.02,167,2026200667,2026100767,1,K1ABC FN42 33,-30,0,10.140200,0.22127296039959451,0.08284993063864804,0.3349489995906737,12.136910670519555,6.7387929090759,22.00433807256971,1.6617584044920086e-12,-0.15196098620013762,0.008018639067950849,0.2726788519994443
-30.0,0.02,171,2026200671,2026100771,1,K1ABC FN42 33,-30,0,10.140200,0.1449685454264028,0.05433034967006096,0.2576869115095201,7.648249298274173,4.210195299369711,15.140198345888551,-2.903482575894456e-13,-0.0973916457961399,-0.1257258076203262,0.17541699299908942
-30.0,0.02,175,2026200675,2026100775,1,K1ABC FN42 33,-29,0,10.140200,0.1369475769392231,0.06765746943811579,0.2638273036079467,11.367013869116391,6.625624325018223,19.172207035115694,-5.22261704369309e-13,-0.08975114758086995,-0.17233830537039874,0.09111407899945334
-30.0,0.02,172,2026200672,2026100772,1,K1ABC FN42 33,-30,0,10.140200,0.1511673706082558,0.06406224422400732,0.2937304813778295,8.914989177309018,3.877788327167846,12.819043106836146,-4.936385501752572e-13,0.07048240727154381,-0.02327641523579642,0.17916550100017048
-30.0,0.02,177,2026200677,2026100777,1,K1ABC FN42 33,-29,0,10.140200,0.19993624418580674,0.07759984094366405,0.34698330271514055,10.707157421632411,7.028081064293757,21.39519852115381,-1.1139414043959128e-12,0.044109484554848234,0.10641064508462754,0.056270050001330674
-30.0,0.02,173,2026200673,2026100773,1,K1ABC FN42 33,-30,0,10.140200,0.1318226353337319,0.04251444545407225,0.22229917480325717,3.0583915062797713,1.5637320585341412,5.583944175590843,-2.3828481505658305e-13,-0.003881982687115581,0.021062391000288543,0.2505253389990685
-30.0,0.02,178,2026200678,2026100778,1,K1ABC FN42 33,-32,0,10.140200,0.15019158104819308,0.06882794149357693,0.29390332654303125,10.327975699396646,4.977865837534503,16.133787093972305,-1.0617721979411243e-13,-0.11212163756305389,-0.013926223662667755,0.058402456999829155
-30.0,0.02,179,2026200679,2026100779,1,K1ABC FN42 33,-30,0,10.140200,0.11983678244846997,0.04474967321112739,0.20417848337881378,4.65084127631794,1.9200910683232424,7.316193311701854,9.84640971188333e-14,-0.01493885886070257,-0.00458507677624829,0.06971458600128244
-30.0,0.02,174,2026200674,2026100774,1,K1ABC FN42 33,-30,0,10.140200,0.1829238373635485,0.07510135377267474,0.3378460282067795,10.706773411167594,5.05070486982154,18.214147685987403,1.1468603844377867e-13,-0.26335961083382037,-0.2762133653164278,0.2792441259989573
-30.0,0.02,180,2026200680,2026100780,1,K1ABC FN42 33,-30,0,10.140200,0.15171021407688937,0.06688784087501522,0.28067876330019326,8.123854985086236,5.308809775526052,15.683716511641482,1.270550505083623e-13,-0.060205776812889585,-0.139988814923974,0.25832092900054704
-30.0,0.02,181,2026200681,2026100781,1,K1ABC FN42 33,-31,0,10.140200,0.2502012320409139,0.09540725719980327,0.42456196224214116,14.299475490300571,8.909994477230672,25.750746477703757,-6.862921689276824e-13,-0.32917516611597825,-0.08231059810230436,0.2354155749999336
-30.0,0.02,176,2026200676,2026100776,0,,,,,0.23103377085365606,0.08952690939459523,0.37397102816893096,13.537905725574207,9.215058977296199,26.898198085883063,1.330575189958938e-12,-0.4315526747375162,-0.20681957405490953,0.6501692769998044
-30.0,0.02,184,2026200684,2026100784,1,K1ABC FN42 33,-29,0,10.140200,0.12423974351260181,0.040531659006638014,0.23756593145012783,3.315920015879066,1.7752734454660117,6.345781463135246,2.7698026164313383e-13,-0.0034888199924318344,-0.11681500792995786,0.2957394770000974
-30.0,0.02,183,2026200683,2026100783,1,K1ABC FN42 33,-30,0,10.140200,0.12084992859218663,0.04474553966081356,0.2095974347506933,5.096952793769285,2.3335786501667153,8.779759999942353,-7.886746811180956e-14,0.131797283846737,0.1399670104731953,0.32280943100158765
-30.0,0.02,187,2026200687,2026100787,1,K1ABC FN42 33,-29,0,10.140200,0.13113893249475111,0.052802915622737534,0.2574048186615816,7.587145168824041,4.578267596594469,14.534706824201063,5.568371284903062e-13,-0.17291454314940638,-0.15253202885337636,0.08745370699944033
-30.0,0.02,182,2026200682,2026100782,1,K1ABC FN42 33,-30,0,10.140200,0.13378663196027707,0.05737135574656578,0.26490602400110796,8.384443050637032,4.501677952838371,15.494416211058919,3.2348039177843013e-13,-0.2844968300270197,-0.22617608594723335,0.703238023999802
-30.0,0.02,185,2026200685,2026100785,1,K1ABC FN42 33,-30,0,10.140200,0.1816143207760645,0.0713961591498362,0.3001395799497141,10.487886407914825,6.253325456775058,19.13780967064033,5.831750013451931e-14,-0.09305599870504344,-0.02586964808051873,0.2692117730002792
-30.0,0.02,189,2026200689,2026100789,1,K1ABC FN42 33,-30,0,10.140200,0.10528696105585666,0.04194264092493568,0.21025398996902417,3.693321711252749,1.7022780147146688,6.58027337560843,-3.104166229617178e-13,0.11129960129140848,0.15387840915826367,0.06078066900045087
-30.0,0.02,186,2026200686,2026100786,1,K1ABC FN42 33,-29,0,10.140200,0.11400612331138368,0.04679360057628928,0.22696206528313576,6.308496836236667,3.4899264303768684,11.959385904839802,-1.82650335828205e-13,-0.1324550777061132,-0.10728166161037435,0.2535730010004045
-30.0,0.02,188,2026200688,2026100788,1,K1ABC FN42 33,-30,0,10.140200,0.18114519502304047,0.0727463835571374,0.31224016734797433,6.881513546402384,3.6008518757661805,12.77310808812362,-3.89535625977544e-13,-0.017781604053582836,0.0423095910244354,0.2522664320003969
-30.0,0.02,191,2026200691,2026100791,1,K1ABC FN42 33,-30,0,10.140200,0.25757922277857315,0.1288620352200442,0.47962024890032995,18.842696350517965,11.2305614534615,34.47679302562784,3.891236291519995e-13,0.10598052973964361,-0.057332356808917545,0.24774584400074673
-30.0,0.02,192,2026200692,2026100792,1,K1ABC FN42 33,-31,0,10.140200,0.16317971700557887,0.0681593367082009,0.3109622269451746,9.552245195221508,5.542062882024575,17.053835692226727,2.35380291646603e-14,0.1630104774373606,0.007356889773312075,0.24410389300101087
-30.0,0.02,190,2026200690,2026100790,1,K1ABC FN42 33,-31,0,10.140200,0.13386270101796505,0.052627380222649595,0.25342553627731207,6.904893251082972,3.605979392488837,12.427234685456085,7.800184109729713e-15,0.056373202568158406,0.1741607847378425,0.27156299499984016
-30.0,0.02,195,2026200695,2026100795,1,K1ABC FN42 33,-29,0,10.140200,0.13770795595086494,0.046594266214992255,0.2516784680686236,5.131432306430157,2.172064313726054,8.598455496135488,2.327406930374698e-13,0.08161521987346367,0.05673592216066863,0.0877381090012932
-30.0,0.02,196,2026200696,2026100796,1,K1ABC FN42 33,-30,0,10.140200,0.17320062727114097,0.06996460312190328,0.34062414101187133,10.235699049005175,5.639135708474325,17.513869570854737,6.64519004059394e-13,-0.006729753016462465,0.07356583198957928,0.07899249299953226
-30.0,0.02,193,2026200693,2026100793,1,K1ABC FN42 33,-29,0,10.140200,0.13229095243904207,0.05884870364545571,0.25781515852081177,9.50304952603171,4.733446476582762,14.976016918004706,7.011121284233868e-13,0.05031185502279026,0.010828121924072367,0.2688348579995363
-30.0,0.02,197,2026200697,2026100797,1,K1ABC FN42 33,-30,0,10.140200,0.08894574596991944,0.03532120313277933,0.16980399774702096,3.6255282046691035,1.7091806443587962,6.1451469464765065,-7.973743193501193e-14,0.12561643462191902,0.1371476978856528,0.07096733300022606
-30.0,0.02,199,2026200699,2026100799,1,K1ABC FN42 33,-30,0,10.140200,0.21149202421422827,0.05202337065778778,0.34462550879285314,5.141920314158298,2.6383177991070736,10.117850089370362,6.133002092290063e-13,-0.18278495254515023,-0.2219275742488359,0.0740531209994515
-30.0,0.04,0,2026300500,2026100600,1,K1ABC FN42 33,-30,0,10.140200,0.34830774801471864,0.1365412546396321,0.6508196519292595,13.10720160871081,6.617729265349294,21.71830997786175,1.5511203432794218e-13,-0.23309316763415833,-0.07765940645501358,0.0800775080006133
-30.0,0.02,194,2026200694,2026100794,1,K1ABC FN42 33,-30,0,10.140200,0.12563613915349708,0.040990885365486035,0.21673869220219585,4.787478717769124,2.4448115256210983,8.32961935074948,-5.411095833560142e-14,0.05665199674211701,0.1822881358956141,0.2977926790008496
-30.0,0.04,1,2026300501,2026100601,1,K1ABC FN42 33,-30,0,10.140200,0.3440726494525219,0.1391174143420745,0.6384747323500495,21.90392445858889,11.741881891255257,36.105982323694995,-1.839531998948374e-12,0.06214627396730214,0.008550114008176131,0.09612984799969126
-30.0,0.02,198,2026200698,2026100798,1,K1ABC FN42 33,-30,0,10.140200,0.1526202704811933,0.06326980933433379,0.2732482178702049,5.6079151703499415,2.995176648056436,10.639043230906484,-1.7672321939166125e-13,-0.22984730603807763,-0.19976999053482344,0.30229811599929235
-30.0,0.04,5,2026300505,2026100605,1,K1ABC FN42 33,-29,0,10.140200,0.31492256358948956,0.09815814335536441,0.45905941557106,10.344503510278388,4.67176906197107,19.37052737054502,-4.314908890259983e-13,0.5270003174196476,0.38332414386647046,0.08673575099965092
-30.0,0.04,3,2026300503,2026100603,1,K1ABC FN42 33,-30,0,10.140200,0.35603979093389704,0.1459252176804529,0.616860103977676,24.457379822833854,12.391272164004446,38.58103382867796,-3.3452450878823647e-13,-0.16183400287029018,-0.23543893882427233,0.2705279950005206
-30.0,0.04,7,2026300507,2026100607,1,K1ABC FN42 33,-31,0,10.140200,0.3835363070192552,0.13657532724601218,0.6291946288208108,19.83267162953809,9.918471614876552,34.82223962222825,-9.485482061269424e-13,0.4077603984943885,0.2713535104336728,0.10383997700046166
-30.0,0.04,6,2026300506,2026100606,1,K1ABC FN42 33,-30,0,10.140200,0.20357404697699905,0.09259951296493962,0.39649114800313867,8.950659664665734,4.7567129834235224,16.32570890479004,-2.943112333703146e-13,0.07153496044642269,0.1481478632033916,0.26626606799982255
-30.0,0.04,2,2026300502,2026100602,0,,,,,0.48224268410919846,0.18718007884510304,0.8622442718048685,24.744764035711395,15.461775194435562,48.52959062299097,-2.623515987787428e-12,0.21640717597783332,0.19607860168615732,0.5396839450004336
-30.0,0.04,9,2026300509,2026100609,1,K1ABC FN42 33,-29,0,10.140200,0.23898269212521028,0.1010426619194153,0.4451678598608361,13.734988067974534,7.207297154705353,26.519792259143127,-8.081452174124593e-13,0.20014636901419006,0.17260672600498828,0.06939311499991163
-30.0,0.04,4,2026300504,2026100604,0,,,,,0.3100635170578879,0.13589753395289275,0.5312069880788717,19.506540794274493,11.450120216081428,35.65278728279269,-5.579739144681573e-13,0.4217140623414994,0.5037697498730339,0.5475897139986046
-30.0,0.04,12,2026300512,2026100612,1,K1ABC FN42 33,-30,0,10.140200,0.24621496607103924,0.09730046082401636,0.44354307739987164,10.816088311274603,4.950772848182096,18.523997125554732,5.226210089692707e-13,-0.13083214731552711,0.04163623754331288,0.0621568139995361
-30.0,0.04,8,2026300508,2026100608,1,K1ABC FN42 33,-30,0,10.140200,0.3352796221798425,0.15194267188294547,0.6611554691388081,17.39444641190568,9.122794578276006,32.5723128176358,3.856699681836773e-12,-0.17834154136069424,0.03511469160053517,0.2859629650010902
-30.0,0.04,10,2026300510,2026100610,1,K1ABC FN42 33,-30,0,10.140200,0.32065225655507135,0.13911505253206133,0.5977778299743917,15.664804861162207,7.756441772810242,29.79388828943147,6.314931216833131e-13,0.4216673095330374,0.38135230680751414,0.23034421700140228
-30.0,0.04,14,2026300514,2026100614,1,K1ABC FN42 33,-30,0,10.140200,0.393429470570339,0.17344160763378125,0.7024783670633816,26.04646511150773,15.019332591201174,50.09909677153644,-1.0151775253763873e-13,-0.01198931367715108,-0.14029654211430848,0.09475804899921059
-30.0,0.04,16,2026300516,2026100616,1,K1ABC FN42 33,-29,0,10.140200,0.38674756423841367,0.15605266787503422,0.6809090431774467,21.686948785496032,12.59374542082318,39.95245805673798,-1.6271289871028216e-12,-0.19090566988327323,-0.0637401772165704,0.06573935500091466
-30.0,0.04,11,2026300511,2026100611,1,K1ABC FN42 33,-30,0,10.140200,0.32515599870878514,0.12106129457023984,0.6324367352162195,18.31595080823245,8.718441408279292,28.070676155353055,-1.259031941203137e-13,-0.06966784025294569,0.061377641254434755,0.3036544059996231
-30.0,0.04,17,2026300517,2026100617,1,K1ABC FN42 33,-30,0,10.140200,0.27588737103742583,0.1179805878026234,0.5493232210391329,16.972801013656266,9.417115358042576,31.662698340554368,8.690342282596797e-13,-0.17402461897779845,-0.2524170158929419,0.0631106330001785
-30.0,0.04,13,2026300513,2026100613,1,K1ABC FN42 33,-30,0,10.140200,0.33256760118117895,0.1082663569178534,0.5114128643904683,14.91469281878579,9.159847841174651,28.217722306154634,6.15194960945642e-13,0.4412578917441361,0.11196576964821342,0.29133321799963596
-30.0,0.04,20,2026300520,2026100620,1,K1ABC FN42 33,-30,0,10.140200,0.19194140642387847,0.07793035599944521,0.37278521762431754,7.682411095262689,3.8316606116913348,14.110879243267998,-8.200465046598326e-13,0.11147340851435808,0.03210323665344977,0.07898429500164639
-30.0,0.04,21,2026300521,2026100621,1,K1ABC FN42 33,-28,0,10.140200,0.35236290258789754,0.13822863947289443,0.6254180896010204,18.428247254447186,11.781717354690656,35.35376432811721,8.007275398291824e-13,-0.026347441711477418,0.17431996257089666,0.06940702800056897
-30.0,0.04,22,2026300522,2026100622,1,K1ABC FN42 33,-29,0,10.140200,0.5100158927060525,0.19169482218693915,0.9231327229092597,28.40008193518388,17.15519914812745,48.24044115069519,1.9952789420685235e-13,0.7185587244953368,0.2085428317892842,0.07914983299997402
-30.0,0.04,15,2026300515,2026100615,1,K1ABC FN42 33,-29,0,10.140200,0.3142998910241072,0.1181000472790965,0.5353984177208592,13.036789879839729,8.315045077682981,25.86014821096306,-2.5182529672651555e-12,-0.04002353198951774,0.10570993530287082,0.46095836499989673
-30.0,0.04,18,2026300518,2026100618,1,K1ABC FN42 33,-30,0,10.140200,0.17765703710850123,0.07020836161852771,0.3472876747548896,6.371159536128635,2.9798566978642267,11.689053355326836,6.640738306473715e-15,-0.2111463199713685,-0.16799285255169205,0.3977937510007905
-30.0,0.04,19,2026300519,2026100619,1,K1ABC FN42 33,-30,0,10.140200,0.3643539292812078,0.1278720131742475,0.7099356180139157,12.650414585162801,9.22484559982279,25.110593013502427,1.353353193400686e-12,-0.03469378325916886,0.01698414745131251,0.36895203499989293
-30.0,0.04,26,2026300526,2026100626,1,K1ABC FN42 33,-30,0,10.140200,0.22326557301789907,0.08072197177031974,0.42818645780115805,7.658974667055256,3.191150309762031,13.811487017507869,-5.840598187381585e-13,0.5409237555973908,0.5180262184145008,0.08249834200069017
-30.0,0.04,23,2026300523,2026100623,1,K1ABC FN42 33,-30,0,10.140200,0.23767550154063083,0.10699723354721159,0.44268247718424236,15.655713386877569,9.628631469658028,28.441732729530457,7.349927957922553e-13,0.32102883225711537,0.22706515103508332,0.24357938899993314
-30.0,0.04,27,2026300527,2026100627,1,K1ABC FN42 33,-29,0,10.140200,0.31073239085532756,0.1034486994291636,0.5344349306574219,13.532230585052485,8.047197515018496,24.695033300000528,4.1474549489217694e-13,-0.11371296856350921,-0.3931864803533979,0.05882952700085298
-30.0,0.04,29,2026300529,2026100629,1,K1ABC FN42 33,-29,0,10.140200,0.3426105991035932,0.13862593729464442,0.581126492165277,23.042093975984457,10.695711107491695,36.106809469189095,1.3872774456968884e-12,0.14382870000709258,0.16887380210818567,0.10340283500045189
-30.0,0.04,24,2026300524,2026100624,0,,,,,0.3119957542801437,0.1135184685693922,0.5050068182379004,10.977312245743278,6.1167293219097685,20.92175622336896,2.023362380421112e-12,0.3015837045680174,0.15648168115497263,0.5322418189989548
-30.0,0.04,30,2026300530,2026100630,1,K1ABC FN42 33,-30,0,10.140200,0.2887035878620261,0.15551424189504137,0.5456674611544972,24.29359484445127,14.165906577653727,47.72855581720172,6.224708248847577e-13,0.06908719570419962,0.13635521730617198,0.25324742600059835
-30.0,0.04,25,2026300525,2026100625,0,,,,,0.31675019139089844,0.11914401637806836,0.5741593432457656,13.486787156562833,6.204512397086278,24.90224992981691,-1.3671013106286711e-12,0.08441013263638979,0.02620385846464557,0.5279176019994338
-30.0,0.04,32,2026300532,2026100632,1,K1ABC FN42 33,-30,0,10.140200,0.3551508165620677,0.13067117648274096,0.5579575265628056,10.95114603345116,6.811166233947626,21.133667461607224,4.701803182904918e-13,0.3448895866355226,0.17362487067449253,0.1204738680007722
-30.0,0.04,28,2026300528,2026100628,0,,,,,0.25050496879842954,0.0819829416309832,0.4194013969523932,8.467950863662672,4.536165298762581,16.019027648645242,4.992386712365793e-13,-0.3417434148605398,-0.3851844813399378,0.56542804899982
-30.0,0.04,31,2026300531,2026100631,1,K1ABC FN42 33,-31,0,10.140200,0.24502860913747693,0.09281469557881965,0.4508908902690426,12.16077800263542,6.8511335844838275,23.339321963718756,-1.6371724261650053e-12,0.13504473672368622,0.08726670945844743,0.2421046360013861
-30.0,0.04,36,2026300536,2026100636,1,K1ABC FN42 33,-30,0,10.140200,0.2603097319568769,0.10099145509168506,0.49476851751281026,13.828458060811228,7.377222638147889,21.881947881458537,-8.57232687612175e-13,-0.19122067848568985,-0.03689946465281288,0.06594523300009314
-30.0,0.04,35,2026300535,2026100635,1,K1ABC FN42 33,-30,0,10.140200,0.2686093610891818,0.1153178006441136,0.5363797444178204,10.573035147196121,5.341152546501637,20.021197479954353,-2.309237870368186e-13,0.299617128205645,0.33934940898602883,0.07547778899970581
-30.0,0.04,34,2026300534,2026100634,0,,,,,0.3027495125883244,0.10969854699673288,0.5614721803768584,14.899273557282546,9.238399800182501,27.82967126920501,-4.788263535671078e-12,0.027994214625534423,0.16271602625857262,0.34404640199863934
-30.0,0.04,33,2026300533,2026100633,0,,,,,0.40453036577141216,0.18861783461617798,0.789877740009828,29.55859871812212,17.265868308660995,50.74901906093551,3.4019679434615924e-12,0.4593958279887767,0.2678556855679367,0.5147600929994951
-30.0,0.04,40,2026300540,2026100640,1,K1ABC FN42 33,-30,0,10.140200,0.330533477787044,0.13819022381047466,0.5602705905361912,14.337240714603222,7.920279496639015,26.76913402416129,-3.6754280174911003e-13,-0.11565717281384488,0.08789629277624489,0.2670161369987909
-30.0,0.04,37,2026300537,2026100637,0,,,,,0.30545390146228935,0.11705565120986157,0.5550623599126063,17.595360900819657,8.672408247987695,29.55222648797301,-4.2607519075421596e-13,0.20316342475251514,-0.02693693387522069,0.5315026030002628
-30.0,0.04,38,2026300538,2026100638,0,,,,,0.26903597663433615,0.1121031022775735,0.5143316907513995,17.4657187189621,8.22475606776636,26.688814406166188,-1.8306694051298256e-13,-0.36580539599430123,-0.50717185026567,0.5271548479995545
-30.0,0.04,39,2026300539,2026100639,0,,,,,0.2954334269327718,0.12113988527909567,0.5517563756500795,13.452225517152156,7.67846091402469,23.844534056708373,1.1977478470842629e-12,-0.2545276118687815,-0.13067951484092774,0.43741698099984205
-30.0,0.04,44,2026300544,2026100644,1,K1ABC FN42 33,-29,0,10.140200,0.24571867457122415,0.10627547612231555,0.4596462160649117,15.803684511333106,8.49275245359553,26.580716060640086,-9.376784288264717e-13,-0.35620927384070605,-0.39111883806953424,0.05429966600058833
-30.0,0.04,42,2026300542,2026100642,1,K1ABC FN42 33,-29,0,10.140200,0.19270413488105975,0.0789607172767487,0.34822792272722564,8.769030228192651,4.014925960829505,15.23519572017302,-1.1622300344349412e-13,-0.016333130416818702,0.07949600267558049,0.245751652000763
-30.0,0.04,43,2026300543,2026100643,1,K1ABC FN42 33,-30,0,10.140200,0.4245736565634127,0.1924699178661835,0.7418581921589233,28.084960757516317,18.7362295570284,51.992898390406054,-2.530252049548487e-12,0.10879698406284428,0.05415091775903434,0.26544195799942827
-30.0,0.04,46,2026300546,2026100646,1,K1ABC FN42 33,-29,0,10.140200,0.30373096962897395,0.13359876528266065,0.5735745834518331,16.133172945415374,8.901115954821973,29.33513864308307,-1.0087243540457536e-12,-0.34802425192646325,-0.08217452354243932,0.05829164200076775
-30.0,0.04,47,2026300547,2026100647,1,K1ABC FN42 33,-30,0,10.140200,0.3542151422429244,0.11633415749145067,0.6402814365968742,14.339148788304698,7.531604447768672,26.272512999191086,-4.761664153252188e-13,0.08976810898983781,-0.2644470332530866,0.08423994300028426
-30.0,0.04,45,2026300545,2026100645,1,K1ABC FN42 33,-29,0,10.140200,0.24228636081878652,0.07944146849318248,0.44849906132049205,6.651016002091747,3.191189218046288,11.648932237167465,-1.6081190198913298e-13,-0.3886355570175677,-0.2951665636144976,0.25654134600154066
-30.0,0.04,50,2026300550,2026100650,1,K1ABC FN42 33,-30,0,10.140200,0.2913516899882762,0.10140567318131395,0.4535343640097582,11.06908096974601,5.663071949235677,20.779212320514738,1.154536535818984e-12,-0.358362025246203,-0.06701033525792677,0.08896158799871046
-30.0,0.04,41,2026300541,2026100641,0,,,,,0.29526670402794575,0.13339789420039072,0.535127079828096,18.46933134449204,12.617890325754548,35.51232817231883,-9.119389271505796e-13,-0.17936584012869697,0.04293376334319948,0.5501104359991587
-30.0,0.04,48,2026300548,2026100648,1,K1ABC FN42 33,-30,0,10.140200,0.21113514314310972,0.08108380545563301,0.4138558782663454,6.3189516596396444,3.218961321047591,11.110775688104981,1.579149137842517e-13,0.0259126146749107,0.18987299262318083,0.28271412499998405
-30.0,0.04,49,2026300549,2026100649,1,K1ABC FN42 33,-30,0,10.140200,0.21030442027748109,0.09005031400741274,0.40101273467415727,10.202437342654575,5.290013056871619,17.59916297576975,6.944583796908432e-13,0.042757439324764696,0.19022463792469924,0.261109896000562
-30.0,0.04,53,2026300553,2026100653,1,K1ABC FN42 33,-29,0,10.140200,0.2912336823721564,0.13245630763219898,0.5375588408397486,16.297983007628694,9.443939361539565,31.9106500122982,1.5382313478529142e-13,-0.40666964483126944,-0.17129637745627735,0.06041039599949727
-30.0,0.04,52,2026300552,2026100652,1,K1ABC FN42 33,-30,0,10.140200,0.478609003247167,0.1823053574449029,0.7895440551673123,26.476206011757398,17.62275548793508,50.76492567158997,-2.062187226536949e-13,-0.20408035869535143,-0.1442428785936376,0.1477625370007445
-30.0,0.04,56,2026300556,2026100656,1,K1ABC FN42 33,-29,0,10.140200,0.26693804518603664,0.09503827334196636,0.4726033044811368,10.645369477789249,6.022646541695827,19.057767775827763,1.0623086611760701e-12,0.050558053225214096,-0.21637999196082253,0.06465538099837431
-30.0,0.04,54,2026300554,2026100654,1,K1ABC FN42 33,-29,0,10.140200,0.311829263343843,0.1191138117173817,0.5815024642904656,15.292325272329615,6.868631803630624,24.574087570793118,3.908818147629889e-12,-0.5583220231854158,-0.34077191701204995,0.24148662900006457
-30.0,0.04,55,2026300555,2026100655,1,K1ABC FN42 33,-30,0,10.140200,0.23599739844155015,0.09848311267679268,0.4561198868462452,15.03484794276158,7.745784563990521,26.816390576780663,9.774516265825817e-15,-0.050225789239565194,-0.09240161662422407,0.31671632200050226
-30.0,0.04,51,2026300551,2026100651,0,,,,,0.3237492330650096,0.12468744581353343,0.5866864987880942,17.850549578377986,9.359586949656924,29.18700513254661,2.214032776559627e-12,-0.024479848183031176,0.04048747078278956,0.503226803999496
-30.0,0.04,60,2026300560,2026100660,1,K1ABC FN42 33,-29,0,10.140200,0.275139521634516,0.10387174155598101,0.5221394412761386,7.6708329250714895,4.27783018218917,15.138380372354991,-4.6432996336776e-13,0.301376029703905,0.23945895633640157,0.06195783400107757
-30.0,0.04,57,2026300557,2026100657,1,K1ABC FN42 33,-30,0,10.140200,0.32408175636805103,0.1486382400550425,0.6096300180910323,24.01985355232605,13.96742994514606,43.55096039397096,-9.86844720524127e-13,0.056433867586907056,-0.03440379300565981,0.3707697179997922
-30.0,0.04,59,2026300559,2026100659,1,K1ABC FN42 33,-30,0,10.140200,0.21606616165176804,0.07757137878680909,0.4129258155537194,8.480733371416898,4.738884284919916,15.61250865733329,-9.028715275416488e-13,-0.24970907307957788,-0.36537745711165653,0.20621788500102411
-30.0,0.04,62,2026300562,2026100662,1,K1ABC FN42 33,-29,0,10.140200,0.27888009422092497,0.10941657372101823,0.5114768609323445,14.925929396109467,7.597463846182597,25.14843216215965,-2.8628870107905158e-12,0.12206612980853511,0.2295772676721931,0.09206157700100448
-30.0,0.04,63,2026300563,2026100663,1,K1ABC FN42 33,-30,0,10.140200,0.26099988783768546,0.10144911153153777,0.4218858986966983,7.136738991394483,3.7768958497115457,13.636778817967553,-6.200595592531499e-14,-0.20954264976703094,-0.147522830875489,0.05322141999931773
-30.0,0.04,65,2026300565,2026100665,1,K1ABC FN42 33,-30,0,10.140200,0.25626871388884254,0.10537738155520907,0.45340279168839415,8.32898834231699,4.263301290511526,16.555468867486358,-1.3586276201293934e-12,-0.26872497762505415,-0.3128299577526021,0.049079966000135755
-30.0,0.04,58,2026300558,2026100658,1,K1ABC FN42 33,-31,0,10.140200,0.4158087597928537,0.16745058119678446,0.7337788803035101,24.812431740724193,15.127570895443515,47.92098236977765,2.3115693387198988e-12,-0.06283201259186579,-0.1890307866781836,0.42821436099984567
-30.0,0.04,61,2026300561,2026100661,1,K1ABC FN42 33,-30,0,10.140200,0.3793925639023489,0.15936026298277753,0.7144465780318806,21.9689969776424,11.609341176124916,40.32498032226991,-9.470150358348306e-13,-0.41159716417895653,-0.20729999556254136,0.2522993349994067
-30.0,0.04,64,2026300564,2026100664,0,,,,,0.2158194926319757,0.08920799791533283,0.4144575785908193,8.091735447765126,3.8005756239031228,13.822909398182045,1.2500920437696905e-12,0.4513462428303942,0.6671657354623699,0.5272465529997135
-30.0,0.04,67,2026300567,2026100667,0,,,,,0.23422686129752288,0.10372388779880251,0.44853811236057817,14.050547473822187,8.677495492938611,25.785109445247343,7.501652209439052e-13,-0.12673998182666424,0.016718621859741628,0.5415348869992158
-30.0,0.04,66,2026300566,2026100666,0,,,,,0.4699022734422043,0.19893033475662447,0.806948572620084,33.66767708818952,19.709965427439535,59.252659804420624,-2.2557971116055064e-12,-0.11386439404840644,-0.41614721559638873,0.561917340999571
-30.0,0.04,71,2026300571,2026100671,0,,,,,0.4882680290947876,0.26884798032737006,0.8972182364675273,44.13973601263223,27.25736864990719,82.15310061980034,2.048436940904619e-12,-0.534047432461029,-0.17019147561513412,0.05027456199968583
-30.0,0.04,70,2026300570,2026100670,1,K1ABC FN42 33,-30,0,10.140200,0.49099336934933857,0.18565679281187286,0.7618969548270766,27.38988281701355,16.3036157707576,52.93146389883039,-6.6212335093907e-13,-0.23433245077608228,-0.49893999927519017,0.11519825200048217
-30.0,0.04,73,2026300573,2026100673,1,K1ABC FN42 33,-29,0,10.140200,0.2826569230888161,0.11278751917599729,0.5445265016272596,15.961249012503158,8.404623443794874,28.037322715144985,1.282975461980307e-13,0.44812028202819176,0.3109431315304013,0.06885234200126433
-30.0,0.04,68,2026300568,2026100668,1,K1ABC FN42 33,-30,0,10.140200,0.35352944450797874,0.13617764541864563,0.6443224475678396,19.60925120779534,9.208196097288825,32.3024004666205,-1.5948423137679413e-12,0.21650908081234557,-0.13702036369563317,0.7365296499992837
-30.0,0.04,74,2026300574,2026100674,1,K1ABC FN42 33,-30,0,10.140200,0.3320722185648673,0.1314692890604327,0.5540665979428743,21.072880755781476,10.774217779068213,35.20294915521876,-2.511168356589266e-13,-0.08719295532463976,-0.24109570756491974,0.06285163099892088
-30.0,0.04,72,2026300572,2026100672,1,K1ABC FN42 33,-31,0,10.140200,0.38704048068312247,0.17114076216047733,0.6510524500443309,26.894920585502216,17.13710097757276,52.919714234326484,3.1565436028890836e-12,0.3196999509138757,0.05587132863592024,0.28527671299889334
-30.0,0.04,77,2026300577,2026100677,1,K1ABC FN42 33,-30,0,10.140200,0.31445910580787934,0.1371328769726968,0.5590433387747089,21.369705665617854,13.802233188679029,38.900896982030105,2.674762321352997e-12,-0.47055803726867607,-0.23070691068391402,0.05555081400052586
-30.0,0.04,76,2026300576,2026100676,1,K1ABC FN42 33,-30,0,10.140200,0.22521887236822613,0.07915620086688505,0.4229418907232977,5.784941846334694,2.863538942628084,10.5695091585423,-1.3924972286361026e-13,0.13673334960345276,0.03846794248440594,0.1678890710009
-30.0,0.04,75,2026300575,2026100675,1,K1ABC FN42 33,-29,0,10.140200,0.26585016525011285,0.10242557599987526,0.4668369100005305,9.774772093568275,5.523927768824221,18.305603022058897,-2.1492009560919456e-13,0.5939987300798575,0.4917575100963531,0.197489988999223
-30.0,0.04,69,2026300569,2026100669,0,,,,,0.4201738686217258,0.211297080598607,0.7603299797626059,35.22725773774074,20.49416503420715,65.62920904986875,2.5541374570892117e-12,-0.8115286942602569,-0.6786369611191431,0.5225697290006792
-30.0,0.04,81,2026300581,2026100681,1,K1ABC FN42 33,-30,0,10.140200,0.27575681858047296,0.09848982074354974,0.46053674317539506,8.692989488349037,3.898696228946221,14.739144105976335,8.402660078149493e-13,-0.1896984097895283,-0.12949058385696605,0.13495047200012777
-30.0,0.04,82,2026300582,2026100682,1,K1ABC FN42 33,-30,0,10.140200,0.2598081489324565,0.09550375705733044,0.4914182108321293,12.406684389000171,6.161736529818927,22.50585934082861,1.7618241934802548e-12,0.017634270831176847,-0.10837981172083828,0.09896777900030429
-30.0,0.04,80,2026300580,2026100680,1,K1ABC FN42 33,-30,0,10.140200,0.23330626152403783,0.10573162846919307,0.4140902605002077,13.552942639113539,7.008176899441399,26.244683049955167,1.904357747883889e-13,0.21999573805458578,0.30895246960479067,0.24390884199965512
-30.0,0.04,83,2026300583,2026100683,1,K1ABC FN42 33,-29,0,10.140200,0.3238015318950012,0.11717673428362574,0.5928075022879622,13.559643714875552,7.5847974891976335,24.39931285487691,7.893128425168205e-13,-0.10828532465777241,-0.06093143710370903,0.056126438999854145
-30.0,0.04,84,2026300584,2026100684,1,K1ABC FN42 33,-30,0,10.140200,0.37812797610711313,0.11051792353296247,0.5489087416112911,11.560381337008465,5.9392499216961046,21.04855794438744,-8.809107956975204e-13,0.41930624371493075,0.5167718013618137,0.06761895699855813
-30.0,0.04,85,2026300585,2026100685,1,K1ABC FN42 33,-30,0,10.140200,0.32979792014954434,0.13138883607888543,0.5474002154545524,18.556804267446346,9.73856849853052,34.98931183608379,1.5466538640096505e-12,-0.03787647310350826,-0.06546802480714761,0.132438935999744
-30.0,0.04,78,2026300578,2026100678,0,,,,,0.30948788175891284,0.13424633461248117,0.5787414952723233,17.82558169364592,9.818055081762829,34.74838260404308,1.6961146029337293e-12,0.19747697209391593,0.2400379006089675,0.4674848729991936
-30.0,0.04,79,2026300579,2026100679,0,,,,,0.38988333355818666,0.1891429456496643,0.7229890442383785,25.467235682229155,14.830286804844054,49.30556143210564,2.384700509977522e-12,-0.11379899681470022,0.18237091528012045,0.5412777260007715
-30.0,0.04,87,2026300587,2026100687,1,K1ABC FN42 33,-30,0,10.140200,0.2183008338117639,0.07996000979949029,0.42584638031881783,8.982927002648216,5.231490292739332,17.51083986545295,-1.691346715460007e-13,0.059180098797562,0.046040579439029124,0.2516775530002633
-30.0,0.04,88,2026300588,2026100688,1,K1ABC FN42 33,-29,0,10.140200,0.2656803259679606,0.09909043734790142,0.47172272391949766,9.653461164288009,5.03764939338192,16.811191784713877,-6.033307534125676e-13,0.18510941689074495,0.20916693718750523,0.2645964909988834
-30.0,0.04,89,2026300589,2026100689,1,K1ABC FN42 33,-30,0,10.140200,0.3291109558295856,0.1461180674835631,0.6415088132553398,21.853023492081512,13.58769017289944,43.037413595930055,-1.5714252815657304e-13,0.022037789428762895,-0.2186399164533165,0.2704028690004634
-30.0,0.04,86,2026300586,2026100686,0,,,,,0.2414706657054576,0.10032484060200944,0.45386273303429436,11.116309594976505,5.98393487198382,20.687581757494023,-8.590832038801732e-13,0.2960174214798761,0.19744239330113708,0.5033594930009713
-30.0,0.04,93,2026300593,2026100693,1,K1ABC FN42 33,-30,0,10.140200,0.3382227907743576,0.1350176924839303,0.5926904896863238,17.592182227803303,10.352356869229098,34.60868246691146,1.804707208327705e-12,-0.36311699219818205,-0.16995545324315664,0.08804034000058891
-30.0,0.04,90,2026300590,2026100690,1,K1ABC FN42 33,-30,0,10.140200,0.2685383701904343,0.11401417944212257,0.5100860998181771,15.490806572409332,9.172018120335485,29.68093224636948,-2.1066455871410206e-12,0.1312716543079743,-0.07652494784119124,0.24860822899972845
-30.0,0.04,91,2026300591,2026100691,1,K1ABC FN42 33,-30,0,10.140200,0.2670301374772715,0.12148443261928704,0.49937722240358867,15.64646866930527,7.809314798088664,29.27478412866224,-1.037332546249825e-12,0.04640311062721493,0.22923493193654704,0.244846673000211
-30.0,0.04,92,2026300592,2026100692,1,K1ABC FN42 33,-30,0,10.140200,0.276786806773515,0.0878157528456049,0.47105362947014706,11.051632384709087,5.9767676932196405,19.117111539738488,-2.8041848357251986e-13,-0.05230102982560368,-0.04842708186248214,0.17592863099889655
-30.0,0.04,97,2026300597,2026100697,1,K1ABC FN42 33,-29,0,10.140200,0.33487017845091305,0.15309340163882829,0.6276213367087576,20.13504744410645,9.033698813888666,33.05436851167835,-3.1159562777216543e-12,-0.06911993400716886,0.06812156095385753,0.06701578499996685
-30.0,0.04,96,2026300596,2026100696,1,K1ABC FN42 33,-30,0,10.140200,0.2840830288884326,0.14037797393459955,0.5485000320756307,19.452071333089005,10.029273815841584,31.87314605679969,2.1964288027254142e-13,-0.19906071094600522,-0.4127642262636438,0.2578762419998384
-30.0,0.04,98,2026300598,2026100698,1,K1ABC FN42 33,-29,0,10.140200,0.2621621849426292,0.09214843008316508,0.42927735196313443,12.95956596281896,7.012756588980318,22.28480947373602,7.141565984414289e-13,0.005758552308135335,0.13237729207643423,0.23683720900044136
-30.0,0.04,100,2026300600,2026100700,1,K1ABC FN42 33,-30,0,10.140200,0.24647169854306777,0.12467937749473144,0.47210311237556296,20.40682526311217,12.280267879331632,37.99174252246852,-1.898986610321396e-13,-0.18627848950526957,-0.03595135087200229,0.05462920900026802
-30.0,0.04,94,2026300594,2026100694,0,,,,,0.26077778468906365,0.1102349981444398,0.49287706174128476,12.119085914505531,5.876760374903158,21.71495758185594,2.7189361873070084e-13,-0.6132240114608843,-0.5309714789360513,0.510496635999516
-30.0,0.04,95,2026300595,2026100695,0,,,,,0.2946294501341281,0.1343772067417346,0.567729888273782,17.948280329880877,8.60943067493811,31.95898207405586,-6.367979060728501e-13,0.24587125500469095,0.4195155060036744,0.5154109069990227
-30.0,0.04,99,2026300599,2026100699,1,K1ABC FN42 33,-29,0,10.140200,0.27817830144898936,0.1231133108016997,0.48898216155442,18.76116896425876,9.655316490946376,33.739554194697156,-2.885257137374975e-14,0.4408395410929134,0.37671669746587877,0.2492544699998689
-30.0,0.04,101,2026300601,2026100701,1,K1ABC FN42 33,-30,0,10.140200,0.28544548921240964,0.12212056180633923,0.4845632935646804,15.588711293308785,7.49472327926771,26.093279707667364,-1.6025778794281909e-12,0.3971660118007684,0.15848515356712292,0.2594583110003441
-30.0,0.04,104,2026300604,2026100704,1,K1ABC FN42 33,-30,0,10.140200,0.4391841773599463,0.21634383385103056,0.7553029450221744,34.93916543140816,22.99787018979173,66.61522242696509,9.304102627227806e-13,0.38504135461566585,-0.032703116301198966,0.1359082649996708
-30.0,0.04,105,2026300605,2026100705,1,K1ABC FN42 33,-30,0,10.140200,0.3036792799937654,0.11583809218872926,0.48934310279413973,16.547664340989975,9.299674746925668,29.63991596715186,-1.5894221702672517e-12,-0.4310593355018285,-0.49654404050625894,0.05825793099938892
-30.0,0.04,107,2026300607,2026100707,1,K1ABC FN42 33,-30,0,10.140200,0.33842802077446804,0.14246419291204104,0.6097377597731752,18.510275773783114,11.242760305363399,36.93492929033376,-6.625418529776494e-13,0.38175733526652966,0.30507980546360697,0.08291024100071809
-30.0,0.04,102,2026300602,2026100702,0,,,,,0.2555298918871974,0.0986460422552991,0.5003635805036762,9.142284575785299,4.902897276809434,17.919922908297725,1.6731023576126158e-12,-0.24377450969955572,-0.2124182321865418,0.5094963749997987
-30.0,0.04,106,2026300606,2026100706,1,K1ABC FN42 33,-29,0,10.140200,0.2079672710974047,0.09833671979286834,0.39584180006551273,12.746257140669337,8.102946614179722,23.491319749195565,8.276990204336698e-13,-0.3342425380873299,-0.16242295384866245,0.3607574149991706
-30.0,0.04,103,2026300603,2026100703,0,,,,,0.2865573987006001,0.1255144044532473,0.5566335908333335,8.983994854641914,5.151696817206542,17.02465130936528,1.5195605190809758e-12,0.01921285986574139,0.18114650171924038,0.5132659899991268
-30.0,0.04,108,2026300608,2026100708,1,K1ABC FN42 33,-30,0,10.140200,0.3796310421761241,0.1646916602013469,0.661834967599285,25.144994259505836,13.297514389991198,41.12491192547431,2.941917542909067e-14,-0.37488780260558513,-0.1713451477981943,0.2585459739984799
-30.0,0.04,110,2026300610,2026100710,1,K1ABC FN42 33,-29,0,10.140200,0.5089327249615966,0.1541316811336584,0.7971191863675033,23.20948737998091,13.339114061622384,41.61796078870648,-1.0023613883358706e-12,-0.6181344565231801,-0.5420666409579388,0.06159393699999782
-30.0,0.04,109,2026300609,2026100709,1,K1ABC FN42 33,-30,0,10.140200,0.23697345698587388,0.10037375056170085,0.47142190810550944,10.322641559819644,6.54278054857523,19.381698547421202,1.5356639571084685e-14,0.1538998062548088,-0.07307430245116564,0.17077233599957253
-30.0,0.04,111,2026300611,2026100711,1,K1ABC FN42 33,-28,0,10.140200,0.3504790480320235,0.12167869927323295,0.6111716542945247,15.767249250057631,7.555649347693775,24.71994338931337,1.490300938211675e-13,-0.19748124916736243,-0.3535276899742734,0.24088203999963298
-30.0,0.04,112,2026300612,2026100712,1,K1ABC FN42 33,-29,0,10.140200,0.2546245373280496,0.11856970261596723,0.4901414253495726,16.130270327523196,9.241712211448622,30.90425853968547,5.738760161522194e-13,-0.040881880404864096,0.01111330664128508,0.23844647399891983
-30.0,0.04,116,2026300616,2026100716,1,K1ABC FN42 33,-30,0,10.140200,0.5383237500822776,0.16208481979162115,0.8548147068091649,22.848481005410225,11.748674670654495,38.41758802379374,8.734957201994575e-13,-0.5713736555367706,-0.033049905454492975,0.07378356900153449
-30.0,0.04,114,2026300614,2026100714,1,K1ABC FN42 33,-29,0,10.140200,0.25887157615142375,0.12125839971303168,0.4859188652683092,17.448829784090158,7.906495588341427,29.705316112467933,-8.266616557950357e-13,-0.25943124558937947,-0.13432080173150646,0.24846922800134053
-30.0,0.04,113,2026300613,2026100713,1,K1ABC FN42 33,-30,0,10.140200,0.30963479618749534,0.12885383540579004,0.5325092476484586,14.186532853581232,8.706979556293842,26.234489766421554,7.251144129583054e-13,0.25117582316612047,0.07304890653059352,0.3374990779993823
-30.0,0.04,117,2026300617,2026100717,1,K1ABC FN42 33,-30,0,10.140200,0.2797167410237834,0.11176153870726652,0.48473544385000417,14.827743537441771,7.893571992586664,26.653850947164244,-7.851228348010331e-14,0.17548239582117958,0.13434194364754262,0.06834028099910938
-30.0,0.04,119,2026300619,2026100719,1,K1ABC FN42 33,-30,0,10.140200,0.22126070853979068,0.10334153421586427,0.4200833515936938,10.836869341968688,5.693765568417266,20.480149166825438,-5.381127943411557e-13,-0.1332699251484885,-0.24782929702188447,0.05866459800017765
-30.0,0.04,118,2026300618,2026100718,1,K1ABC FN42 33,-30,0,10.140200,0.27520802618503437,0.13084657860588275,0.5208291655897525,12.429515215022409,6.266474877580281,21.5424305627623,3.2506549535460394e-13,-0.15342690908220089,-0.23777184495270987,0.08301777099950414
-30.0,0.04,115,2026300615,2026100715,1,K1ABC FN42 33,-31,0,10.140200,0.2546223495289731,0.10985010383347492,0.4763129845967756,15.531944667736136,7.0891296648377145,25.046476635369654,1.4290218314227943e-13,0.37652093478652715,0.5982115698543297,0.23994030600078986
-30.0,0.04,120,2026300620,2026100720,1,K1ABC FN42 33,-29,0,10.140200,0.2515352020186179,0.11432134888641404,0.4903143410423053,16.11922595948734,9.411019075104717,28.645045303625977,-1.4733657002774514e-12,0.16934470481856534,0.3366949387118804,0.09931151199998567
-30.0,0.04,123,2026300623,2026100723,1,K1ABC FN42 33,-30,0,10.140200,0.24799299716195233,0.09739921932613932,0.4412850592243238,7.030039031121387,3.622982380826103,13.072892444945811,1.673316433331573e-13,0.11305773918066117,0.21175882868533313,0.04899521700099285
-30.0,0.04,122,2026300622,2026100722,1,K1ABC FN42 33,-30,0,10.140200,0.3170879656551555,0.17394344755781027,0.6005235186144533,24.809028343601312,14.243870433271454,47.71058150018394,2.5246853219140775e-12,0.17102203006725208,0.30335505359419856,0.09443817700048385
-30.0,0.04,121,2026300621,2026100721,1,K1ABC FN42 33,-29,0,10.140200,0.3927100760194626,0.1249323482981801,0.6414100674656972,14.391546869437507,8.40561440937128,27.826805241517874,1.8879667794402533e-12,-0.1853764396228911,0.17582911448025568,0.2626748149996274
-30.0,0.04,124,2026300624,2026100724,1,K1ABC FN42 33,-30,0,10.140200,0.23361636335721142,0.09369348293567398,0.4440737906202435,7.950655124351167,4.2893449397463215,14.346090599323126,-8.306257157780772e-13,0.07638421473682212,0.05464094743688195,0.2360499449987401
-30.0,0.04,126,2026300626,2026100726,1,K1ABC FN42 33,-30,0,10.140200,0.26760138686406826,0.11874040289963057,0.5143263439378265,15.327011233203407,8.28359048807196,26.055682699080563,1.1281782799632545e-12,-0.068974373916505,-0.08592426623868751,0.23758289000033983
-30.0,0.04,128,2026300628,2026100728,1,K1ABC FN42 33,-30,0,10.140200,0.24239489093747463,0.06393951131075268,0.3786711479708763,6.142666564137781,2.700615689297833,10.13014361235016,5.080940009005719e-13,-0.07512357595911154,-0.16027532924631327,0.04855347500051721
-30.0,0.04,125,2026300625,2026100725,0,,,,,0.2823961390792489,0.08875097500040996,0.46737384682646427,9.377551263810668,4.572001430085833,17.093222030718806,-1.1612217264145297e-13,0.1869331809223986,0.1392660607618862,0.5033736069999577
-30.0,0.04,130,2026300630,2026100730,1,K1ABC FN42 33,-30,0,10.140200,0.3784212979467711,0.13251207347777577,0.6410636135568248,12.645831978485145,7.580845156229009,23.74461187581545,-1.1484670094270844e-12,0.4176581751439579,0.11097639752793258,0.272084652000558
-30.0,0.04,132,2026300632,2026100732,1,K1ABC FN42 33,-29,0,10.140200,0.2291979511374855,0.07282722205427739,0.3648364116761472,6.354296566294916,2.9812154540755715,12.258118077903355,-5.26462527001767e-13,0.1032278212350424,0.11142904142292338,0.07457997300116403
-30.0,0.04,133,2026300633,2026100733,1,K1ABC FN42 33,-31,0,10.140200,0.423913866756807,0.14481498292367287,0.6604994846014486,19.196465956593233,9.733721830827953,33.81615798807513,2.3325386760975064e-12,0.2866321819060117,0.17145770724220874,0.07710234000114724
-30.0,0.04,127,2026300627,2026100727,0,,,,,0.7468203649832028,0.2702435279245649,1.1640418458843662,40.80196543172529,27.898227954653994,78.99023740843221,-2.3138123361743368e-12,0.41057821072079326,0.27236261753882307,0.5212224219994823
-30.0,0.04,134,2026300634,2026100734,1,K1ABC FN42 33,-29,0,10.140200,0.22801785751209197,0.0907178158221903,0.40395714726783194,8.01206578763428,3.6098948767596037,13.925044787177761,-4.499378300493184e-13,-0.0026579283932616814,0.21577978644563542,0.06130599300013273
-30.0,0.04,131,2026300631,2026100731,1,K1ABC FN42 33,-29,0,10.140200,0.32744133034922285,0.12242266195928717,0.5266968291179986,15.117739679521497,7.014408813621869,27.009001036423086,1.0735570418751728e-12,0.2238115789569121,-0.08032659852156958,0.26415935900149634
-30.0,0.04,129,2026300629,2026100729,0,,,,,0.3150642619502464,0.13435852431941664,0.6033996284375219,19.55162734133753,9.918641302708336,32.926048855390235,1.323358089777571e-12,0.23911300022497545,0.1951408130466878,0.5058783039985428
-30.0,0.04,135,2026300635,2026100735,1,K1ABC FN42 33,-30,0,10.140200,0.3002179591552563,0.09597492240430902,0.4382336680306661,12.546441041645693,6.924163720114523,22.52059848444965,1.5014647511413237e-12,0.06713249908817845,0.017120310361173886,0.07036276199869462
-30.0,0.04,139,2026300639,2026100739,1,K1ABC FN42 33,-29,0,10.140200,0.23096160164013144,0.07826379691465828,0.4436091884167517,7.7643084734082715,3.4116708874236155,12.334735970561328,3.072455484476322e-14,-0.10918370642053722,-0.029258631244955757,0.0714206180000474
-30.0,0.04,140,2026300640,2026100740,1,K1ABC FN42 33,-30,0,10.140200,0.3939709486328935,0.1654730555523777,0.7145882807605215,27.161744524790556,16.262600768660466,47.152722734302145,3.993694697862482e-12,0.32686136761106754,-0.0004241839470991979,0.06545983999967575
-30.0,0.04,136,2026300636,2026100736,1,K1ABC FN42 33,-30,0,10.140200,0.3519221491521426,0.15441978443420878,0.6458971000006254,21.849986762693664,12.026141153251686,39.46249053151884,-9.019279463909347e-13,-0.27948627823604055,-0.6186579030027154,0.29033860500021547
-30.0,0.04,137,2026300637,2026100737,1,K1ABC FN42 33,-29,0,10.140200,0.29194375185339083,0.10950524483256735,0.5594947714605527,6.890964302719621,3.7383499923900168,13.168585464587826,-5.954334247881832e-13,-0.13432959334430666,-0.06329168200037091,0.3082110690011177
-30.0,0.04,142,2026300642,2026100742,1,K1ABC FN42 33,-29,0,10.140200,0.22293372713343962,0.08715363007788902,0.420487212373176,7.855102002983609,3.879940226282578,13.130428278855987,-9.31196092457398e-13,-0.01900320863663963,0.027922913703218293,0.061809209000784904
-30.0,0.04,143,2026300643,2026100743,1,K1ABC FN42 33,-30,0,10.140200,0.3956110742355268,0.20467643957359807,0.7161821294220561,30.26358121198311,15.887784573976754,54.144668541087256,1.7335646806948546e-12,0.2014936368990395,0.558429589381259,0.06190902100024687
-30.0,0.04,141,2026300641,2026100741,1,K1ABC FN42 33,-30,0,10.140200,0.3166052136424796,0.11005354457888149,0.5681292289550848,13.511882661731171,5.381876784295167,19.50965969081242,1.225112676236928e-12,-0.07638977121370051,0.17513424409890457,0.28804173600110516
-30.0,0.04,138,2026300638,2026100738,0,,,,,0.3427893586371288,0.15686966760422347,0.6663409130906782,22.810190143309857,14.791907144572464,45.271258145422614,-1.1244477571281664e-12,-0.14968558125176978,0.0036692894161776063,0.5334724559997994
-30.0,0.04,145,2026300645,2026100745,1,K1ABC FN42 33,-30,0,10.140200,0.26188403130481364,0.0964852380568415,0.4588849083509667,14.262956295896283,7.955564539387777,27.132686529035897,-4.839618289453895e-13,0.24136694754433485,0.09768810132172492,0.2570658629992977
-30.0,0.04,146,2026300646,2026100746,1,K1ABC FN42 33,-29,0,10.140200,0.33627955661594566,0.15981817218552669,0.6026663164271453,22.515413886759376,13.89610006436058,42.50267955769408,-2.0394276545321333e-13,0.3261436798234415,0.3669845999620068,0.2380341349999071
-30.0,0.04,147,2026300647,2026100747,1,K1ABC FN42 33,-30,0,10.140200,0.30654064144149035,0.1135448785873777,0.5769278332384471,12.577501293468138,6.185693540107157,21.15633004611535,-7.901982020108722e-13,0.06429670040045553,0.16727721608776536,0.26963088599950424
-30.0,0.04,144,2026300644,2026100744,0,,,,,0.31281206343201173,0.09911696558263745,0.5535093894121231,13.212305968501532,8.114250792695252,23.909060168970406,5.61342639038287e-13,-0.14278769766907423,0.1700243657629375,0.5324900559990056
-30.0,0.04,149,2026300649,2026100749,1,K1ABC FN42 33,-31,0,10.140200,0.3399650479085701,0.12407116832092956,0.6478579307656523,15.01702216711669,9.709547881670503,27.164575851966447,5.595602106667208e-13,0.22455220805332968,0.030751917572130985,0.2269090289992164
-30.0,0.04,151,2026300651,2026100751,1,K1ABC FN42 33,-30,0,10.140200,0.5409092232240286,0.19665450127306003,0.8684798607961115,29.134996805759172,19.144618912637664,56.417831723515675,3.8517002087790075e-12,-0.477809386426399,-0.28942417485108,0.11186153299968282
-30.0,0.04,153,2026300653,2026100753,1,K1ABC FN42 33,-30,0,10.140200,0.31796032945282604,0.13053389680250074,0.5742163735188083,17.99401809479647,9.624120418669508,33.114166495053226,-2.3593973996760553e-14,-0.058475356575407124,-0.22191458737701908,0.05163813299986941
-30.0,0.04,154,2026300654,2026100754,1,K1ABC FN42 33,-30,0,10.140200,0.2204233688465937,0.0921662118772155,0.38708446038381183,9.63034194445901,5.772929218961112,19.098897919258782,4.216878582430361e-13,0.13902985669737244,0.19329636710080017,0.07221247600136849
-30.0,0.04,152,2026300652,2026100752,1,K1ABC FN42 33,-30,0,10.140200,0.2639380279976135,0.09020364540431493,0.4468371194482279,9.230436917577117,4.237146767835953,15.256750669135087,7.726480046044149e-13,-0.1866616616065685,-0.3053730735955313,0.2565696290002961
-30.0,0.04,150,2026300650,2026100750,1,K1ABC FN42 33,-30,0,10.140200,0.16622942897517623,0.08588967480255445,0.3315748603024392,10.139770487535728,4.357026704372959,15.954166063437079,-7.699561474505678e-13,0.16906394002632813,0.32113697961009924,0.3940290840000671
-30.0,0.04,155,2026300655,2026100755,1,K1ABC FN42 33,-30,0,10.140200,0.34491527724928417,0.14044353383868516,0.5874867484246429,15.161547677420371,9.51281331463863,28.711684146033804,4.601943826010313e-13,-0.17099841544298924,-0.3578730742587075,0.1701963670002442
-30.0,0.04,148,2026300648,2026100748,0,,,,,0.3258110692930733,0.1261513604441277,0.5630616798109116,17.141517186589965,9.896625889628426,33.10916806899877,-3.697278594394504e-12,0.5458628848903193,0.2697107002550475,0.8813007799999468
-30.0,0.04,156,2026300656,2026100756,1,K1ABC FN42 33,-30,0,10.140200,0.23392248029111828,0.1081181469382446,0.45659919355932177,10.53350832019717,6.007041173827673,19.356555768277104,8.237160953328271e-13,0.20298508205929197,0.06000613561430643,0.35068736300127057
-30.0,0.04,160,2026300660,2026100760,1,K1ABC FN42 33,-30,0,10.140200,0.6093999704966642,0.2114407214096338,0.9612739559452154,35.57303819494532,17.318770674234965,56.01085284926891,3.5064659509309593e-12,-0.04021444357667867,-0.10509413025349046,0.09353492199988978
-30.0,0.04,157,2026300657,2026100757,0,,,,,0.4767125547836588,0.18178248726342613,0.8996550766329653,26.39949996653743,15.25151850492534,43.030342820279735,-1.19343510768255e-12,-0.5304952843480129,-0.05378272956435401,0.4260943440003757
-30.0,0.04,161,2026300661,2026100761,1,K1ABC FN42 33,-30,0,10.140200,0.2710886841610207,0.10005427824619999,0.4543937785066786,7.645170718813957,4.2776214680901825,15.07079550314564,6.422596829369631e-14,-0.0053194020759220065,-0.06241542550301284,0.05992446900017967
-30.0,0.04,159,2026300659,2026100759,1,K1ABC FN42 33,-30,0,10.140200,0.16823966322371206,0.06933039668787319,0.325254064900119,6.419554354034674,2.6236213411350118,10.420472036756632,1.3053794156725473e-14,0.021852645713487006,0.10155208237184644,0.2397624339992035
-30.0,0.04,158,2026300658,2026100758,0,,,,,0.5168792698807267,0.2273493877430227,0.9068037693199061,36.064059311857754,22.085799067645734,61.970169944469575,1.7079046510382057e-12,0.2262762371126067,0.3816683592454976,0.5017151349984488
-30.0,0.04,165,2026300665,2026100765,1,K1ABC FN42 33,-29,0,10.140200,0.18699797983555533,0.08548574730001676,0.3592846445038359,10.492718332384579,5.636495906344023,20.975456954413662,5.954529404272879e-13,-0.35933175298585496,-0.26710057302570067,0.07259340100063127
-30.0,0.04,163,2026300663,2026100763,0,,,,,0.4013327271465639,0.21120103568529577,0.7392614863885101,33.42955665675684,18.8520068716039,61.66977469257789,2.317876928803822e-13,0.6303416516803003,0.4717676152674466,0.5147212940009922
-30.0,0.04,162,2026300662,2026100762,0,,,,,0.21481340705047128,0.08333109852185436,0.3639356376450822,8.602536674163796,4.656326511076185,16.515826644489685,-2.1474884587605048e-13,0.22313854396254854,0.39622374507957003,0.5498869070015644
-30.0,0.04,164,2026300664,2026100764,0,,,,,0.27848595208150295,0.10888106816661276,0.5090716288367112,14.51030530984361,8.275420574319199,27.12269246073247,-1.0909233585931766e-12,0.23876708895804935,0.21192358571969422,0.5266146540016052
-30.0,0.04,166,2026300666,2026100766,0,,,,,0.29306934203195034,0.14014673410376882,0.5785482333271788,22.629675172580864,13.392230951949417,39.762389413012755,2.68813617199104e-13,0.05603365571273038,-0.03532809837964399,0.5343092349994549
-30.0,0.04,167,2026300667,2026100767,1,K1ABC FN42 33,-30,0,10.140200,0.26826403743391936,0.1056375369035433,0.5164790633324616,10.999439702030765,6.759300399362163,21.329207860685802,-5.672849343052455e-13,0.1651451301463443,0.11568410440022728,0.2366115320000972
-30.0,0.04,168,2026300668,2026100768,1,K1ABC FN42 33,-30,0,10.140200,0.3376091725430627,0.15249172548475884,0.6398315187035777,19.95725093459685,9.212412281786614,35.91238006048296,1.1939039167019327e-12,-0.03807756501894015,-0.04974853742678215,0.2519674590002978
-30.0,0.04,172,2026300672,2026100772,1,K1ABC FN42 33,-30,0,10.140200,0.23467418131382867,0.09640599405814212,0.4252232780364219,15.47567201037806,7.588498781493516,25.709845368298005,8.145463470388137e-13,-0.26279014825024016,-0.36255767447054466,0.06454344799931278
-30.0,0.04,170,2026300670,2026100770,1,K1ABC FN42 33,-30,0,10.140200,0.19929437017105772,0.09511909054374111,0.38994125119144246,8.202344044296996,4.031477848961646,14.632766699372178,2.899971929259948e-13,0.10639642340189151,0.27153817496488586,0.1098612489986408
-30.0,0.04,169,2026300669,2026100769,1,K1ABC FN42 33,-30,0,10.140200,0.4827787973396971,0.14153392470706008,0.7125545906161221,16.89120580280737,7.922026634777558,29.660391097387958,-5.401486549705403e-13,0.6283431168690925,0.6203408840618244,0.23702069600039977
-30.0,0.04,173,2026300673,2026100773,1,K1ABC FN42 33,-29,0,10.140200,0.22583737071046717,0.09211093910441749,0.41566475324162666,7.669873633460777,4.084439454100815,14.613209209803177,9.236574179116719e-13,0.06868726627656842,0.005555148304329374,0.2563296989992523
-30.0,0.04,174,2026300674,2026100774,1,K1ABC FN42 33,-29,0,10.140200,0.4397620521844847,0.14198203048742108,0.7682604806502453,19.454506400048043,10.689053259211727,29.867472297168803,-2.877524607480808e-13,0.44583002567219326,0.15226203874584113,0.25375423900004535
-30.0,0.04,171,2026300671,2026100771,1,K1ABC FN42 33,-30,0,10.140200,0.22770440408197984,0.10410132916239064,0.43195713688120585,9.325660513202896,4.678833188528041,18.58941544868432,1.216211810081691e-12,0.11600924619220493,0.04793065405146017,0.36994098300056066
-30.0,0.04,176,2026300676,2026100776,1,K1ABC FN42 33,-30,0,10.140200,0.26224005834222597,0.09263171076812346,0.48950062773135355,10.425896927942405,5.265714148911516,17.43988875400734,-1.0770030700602007e-13,0.07571662596908942,0.31637217773786835,0.07372580199989898
-30.0,0.04,175,2026300675,2026100775,1,K1ABC FN42 33,-30,0,10.140200,0.3201839767940745,0.117159808755087,0.5501247841225796,15.909059293223963,7.235433866459174,24.687655688365616,-2.954555003431558e-13,0.17768780812440102,0.22857005505731753,0.35432711400062544
-30.0,0.04,179,2026300679,2026100779,1,K1ABC FN42 33,-30,0,10.140200,0.24518594947561612,0.09561947208925548,0.4385322544596729,10.562467706620916,5.2487727525737755,19.173574997006426,1.308055877155545e-12,0.08555457668644215,0.16325687041496723,0.05367061700053455
-30.0,0.04,178,2026300678,2026100778,1,K1ABC FN42 33,-31,0,10.140200,0.22345006360142983,0.1027944272447567,0.4022333195244616,8.447898500858036,4.793740070813145,15.799791499385933,-3.5849014728972506e-13,0.24488320825834156,0.3913077723727018,0.12176146499950846
-30.0,0.04,177,2026300677,2026100777,1,K1ABC FN42 33,-30,0,10.140200,0.16675931692039506,0.0682831013968305,0.3246034881900445,8.835474575817674,5.232896969917971,17.368428024788997,4.397090330732212e-14,0.043872062310545426,0.14987781330842917,0.26757782399909047
-30.0,0.04,180,2026300680,2026100780,1,K1ABC FN42 33,-30,0,10.140200,0.20703713171656735,0.08715572396684951,0.40038514580660745,8.466141365055423,4.070443318565338,15.3485617087487,-8.288282169963135e-13,-0.33229267559536246,-0.18633760802679486,0.2387442569997802
-30.0,0.04,181,2026300681,2026100781,1,K1ABC FN42 33,-30,0,10.140200,0.3902645991961893,0.16720031248393408,0.7339842405521302,24.260164571139946,13.7373017384549,43.057281609058876,-2.028860803318655e-12,0.19600814142197182,0.5319568913069644,0.3179934380004852
-30.0,0.04,182,2026300682,2026100782,1,K1ABC FN42 33,-30,0,10.140200,0.5348597911365602,0.17753209674661002,0.8896705975423282,25.180899279862476,12.43848358685997,43.26610568230278,-3.8816172498457036e-14,-0.0942676851535804,-0.21173658258612132,0.332051875999241
-30.0,0.04,183,2026300683,2026100783,1,K1ABC FN42 33,-30,0,10.140200,0.21628520268515605,0.09744595096996853,0.4213052667875562,13.681174233495337,7.637799051560689,25.182208303257127,-5.400100939328967e-13,-0.19743694263691572,-0.04726876597930755,0.22595619999992778
-30.0,0.04,186,2026300686,2026100786,1,K1ABC FN42 33,-29,0,10.140200,0.31992427282601055,0.10226454879391503,0.524139852547437,13.216793549479256,7.557514563014889,24.64318064681131,2.0519176635591663e-13,0.4181846154581392,0.4034416548500166,0.05280873700030497
-30.0,0.04,184,2026300684,2026100784,1,K1ABC FN42 33,-30,0,10.140200,0.48232304547327964,0.18340331044794145,0.7550615684602154,26.80042736198407,15.35390817486306,49.92743006185799,2.9439940069098114e-12,0.5830341745026429,0.10071112902936331,0.26438294400031737
-30.0,0.04,185,2026300685,2026100785,1,K1ABC FN42 33,-30,0,10.140200,0.2102454237046073,0.09474349462737043,0.38018968850713675,9.798955840509189,4.410454159527729,17.931217172146358,4.492656247023774e-13,0.28675196465086955,0.2890334752865084,0.23179668900047545
-30.0,0.04,187,2026300687,2026100787,1,K1ABC FN42 33,-29,0,10.140200,0.2627695595453791,0.10567394160476683,0.447905824939242,15.530486503720402,8.385905633882425,26.386047260532475,-5.273993047838488e-15,-0.11423534832047033,0.044767620729616535,0.2382878240005084
-30.0,0.04,188,2026300688,2026100788,1,K1ABC FN42 33,-29,0,10.140200,0.2395504569614638,0.1136468572418397,0.4764887609710737,13.891480837160163,6.309762356315014,24.687017164914156,9.077747234464972e-13,-0.16937327480715514,-0.255538263278893,0.2551581019997684
-30.0,0.04,191,2026300691,2026100791,1,K1ABC FN42 33,-31,0,10.140200,0.26954468245132984,0.1025282370140981,0.49367199129796185,9.838498797069805,4.917732275538477,17.49271793129616,1.7448108929896122e-13,-0.7055881889140584,-0.5612352817565316,0.07750637800018012
-30.0,0.04,189,2026300689,2026100789,1,K1ABC FN42 33,-30,0,10.140200,0.20736792141682747,0.08796242694911147,0.4055076361994767,9.78016922173356,4.011030718842603,16.837170673145973,3.4950081023721324e-13,-0.033152998526231915,0.14492772522010317,0.25981338099882123
-30.0,0.04,190,2026300690,2026100790,1,K1ABC FN42 33,-30,0,10.140200,0.2962386371523226,0.09996439680144571,0.5216615070556678,10.741240838339955,5.649711700177333,19.638611872923086,-1.7275018221463156e-12,0.33769909512575874,0.2558935433516286,0.23168172599980608
-30.0,0.04,193,2026300693,2026100793,1,K1ABC FN42 33,-29,0,10.140200,0.28019098428355693,0.11206919487924873,0.517259347680079,12.508894616119152,6.0632385092156875,24.786098649025917,3.513287751000238e-13,0.13132922516296083,-0.06708026345513193,0.1051315960012289
-30.0,0.04,194,2026300694,2026100794,1,K1ABC FN42 33,-30,0,10.140200,0.3078911515917119,0.1443725165003285,0.6012855200826199,23.727183807802827,13.201323219125069,37.99916525905949,1.970198310052851e-12,0.08427027559314466,0.2688994573984585,0.05526526200083026
-30.0,0.04,197,2026300697,2026100797,1,K1ABC FN42 33,-29,0,10.140200,0.28605786928333865,0.11447128225582207,0.47325122816356213,16.641008636512655,9.605223614146405,32.51272349300077,-1.4060198318122108e-12,0.12670986991231922,0.10702303885810681,0.059635511999658775
-30.0,0.04,192,2026300692,2026100792,1,K1ABC FN42 33,-30,0,10.140200,0.3008242970810726,0.12696542778157732,0.5573062708287118,16.68425597965451,11.323144469190284,33.26161175616669,-1.998372821387928e-12,0.02633076953791854,0.2176104000150866,0.2325451009983226
-30.0,0.04,198,2026300698,2026100798,1,K1ABC FN42 33,-29,0,10.140200,0.22599294170597528,0.0958485525057988,0.4155686851806143,10.2493732269559,5.2611713692476725,20.100947235309388,-1.3172442737269252e-12,0.16431612268158455,0.18356775729451222,0.09445643099934387
-30.0,0.04,199,2026300699,2026100799,1,K1ABC FN42 33,-30,0,10.140200,0.20720252713469342,0.07830511604180862,0.36939950360643203,8.994356952530449,3.5393390237076843,13.514745786699638,-6.483008574420523e-14,0.12165315881529054,0.04228421990070584,0.06275973399897339
-30.0,0.04,195,2026300695,2026100795,1,K1ABC FN42 33,-29,0,10.140200,0.3648693383836493,0.19098157845078678,0.6677733493535398,32.01472163015566,19.599067113924516,57.07877035867121,-1.9311106533304034e-12,-0.20295812467492663,0.11724028689971923,0.25254522200157226
-30.0,0.08,1,2026400501,2026100601,1,K1ABC FN42 33,-29,0,10.140200,0.9035111199272424,0.3076684291731047,1.51970205930448,30.914796043547625,19.893389039197086,60.08483672024724,-1.838692392786001e-12,-0.18219358365143432,-0.7983845230286721,0.2138288959995407
-30.0,0.04,196,2026300696,2026100796,0,,,,,0.35023856887687377,0.17815209234186205,0.6955842344612254,25.585848658448132,16.440685882498208,50.809937944987965,-5.641167220848953e-12,0.23177513200003635,0.09816816031347501,0.5098252120005782
-30.0,0.08,0,2026400500,2026100600,0,,,,,0.43328609178781996,0.17107303121161507,0.8366519029862942,23.50555503917428,8.91965843778894,36.21989792638709,2.745958842254037e-13,0.0548577183249769,0.27594787074045124,0.5482103439990169
-30.0,0.08,2,2026400502,2026100602,0,,,,,0.7089470659471566,0.29105574413394364,1.2827931779891069,33.93976475550484,16.581458611349777,60.47829085606549,-3.890155558794461e-12,-0.2775112431574599,-0.1629201006898576,0.5313227469996491
-30.0,0.08,3,2026400503,2026100603,0,,,,,0.946399213825007,0.3632589921898681,1.654816795656708,42.98119564584,21.482845073315378,70.59425411289416,8.731314282695024e-13,0.21714934510350467,-0.40517594625706554,0.44938773500143725
-30.0,0.08,4,2026400504,2026100604,0,,,,,1.0977753337918807,0.4139174845149715,2.074917143444295,60.30677071274353,34.99239693693365,113.97818221140874,-5.064282326827652e-13,-0.4363271848216435,-0.4047662886851796,0.522117270000308
-30.0,0.08,6,2026400506,2026100606,1,K1ABC FN42 33,-30,0,10.140200,0.38648080077598407,0.14510015979847013,0.716453017750738,14.12112218904983,6.015957257225892,24.943464636056653,4.2832751234733735e-13,0.20828836442829723,0.14008775814846555,0.27207281600021815
-30.0,0.08,5,2026400505,2026100605,0,,,,,0.4665814428232028,0.2205094847045881,0.8853235473813869,24.663468288371373,12.543524822713161,43.55762893866344,-1.0568750735684418e-12,-0.34611572730151446,-0.6643699541202448,0.4767048350004188
-30.0,0.08,8,2026400508,2026100608,1,K1ABC FN42 33,-30,0,10.140200,0.28038898726545136,0.09852764146292922,0.5028411580023588,6.185406162724116,2.370728123254734,10.763987464631144,3.001303632704788e-13,-0.2270874843838858,-0.15590555531833367,0.26620019800066075
-30.0,0.08,7,2026400507,2026100607,0,,,,,0.6705711789367788,0.2676068175867131,1.2181978336082546,29.44776573347666,14.571987128147287,54.785563676670975,-8.530220800551103e-13,1.3997203105769866,0.8520936559055108,0.49970335199941474
-30.0,0.08,11,2026400511,2026100611,1,K1ABC FN42 33,-29,0,10.140200,0.6119171988096549,0.3068927155969488,1.1373331207827038,47.588364249200204,28.512840926313192,91.24933324865431,-2.5062209252357803e-12,-0.7583975930358142,-0.384717258401911,0.08814468199852854
-30.0,0.08,12,2026400512,2026100612,1,K1ABC FN42 33,-31,0,10.140200,0.6153939537364258,0.23025211773402635,1.0802834529247418,30.527283036091948,13.34794305327795,49.27838509857558,4.5111570728950667e-13,-0.17867992634888397,0.286209572839432,0.0735773540000082
-30.0,0.08,9,2026400509,2026100609,0,,,,,0.5924849203809609,0.2925561867950165,1.1173160271856837,46.25850265171046,26.412956224836574,90.48664536207838,7.385000597159852e-12,-0.07201827104467944,-0.42540200767964,0.505635641000481
-30.0,0.08,10,2026400510,2026100610,0,,,,,0.8215235830792831,0.3746862057154641,1.4716349594453955,53.53584197812512,38.107961731545515,106.94037313629164,1.279721294211722e-11,0.796239602923671,1.2424072299285291,0.4388037200005783
-30.0,0.08,15,2026400515,2026100615,1,K1ABC FN42 33,-28,0,10.140200,0.6061880369948773,0.17924754986452338,1.0401714627587815,25.110608634502693,13.469023591346529,42.02490942647461,-2.501748808114712e-13,0.31783093568075216,0.07744205461401589,0.08512457799952244
-30.0,0.08,14,2026400514,2026100614,1,K1ABC FN42 33,-30,0,10.140200,0.38833552456413706,0.1516853914641645,0.7244923660345054,14.575003336418842,7.085957276792876,28.753691455542018,-4.15565151734576e-13,0.07210149457003945,0.15418772521600102,0.26193092399989837
-30.0,0.08,16,2026400516,2026100616,0,,,,,1.1969015085412427,0.5136323785712023,1.897172843190653,82.55736595243754,54.19049793506325,156.28276366753306,-9.736975115082203e-12,1.0359772465067731,-0.16092426203446955,0.05719766299989715
-30.0,0.08,17,2026400517,2026100617,1,K1ABC FN42 33,-30,0,10.140200,0.5065371983637115,0.18176331282005348,0.9711628275124233,16.414847212291818,10.462066038318007,32.78725340286268,7.909298216368654e-13,0.33986425537462095,-0.10283090071815397,0.06165021200104093
-30.0,0.08,20,2026400520,2026100620,1,K1ABC FN42 33,-30,0,10.140200,0.5174461568301476,0.17667408407977367,0.9017777966613953,17.809726282461465,9.579685275409796,33.44646964585885,-4.516608441418324e-13,0.09035841000245898,0.19916225975570356,0.07293156599916983
-30.0,0.08,13,2026400513,2026100613,0,,,,,0.7694636852337808,0.35065718052855865,1.4813183584946095,60.244357212015935,32.3114864568411,99.16622345350979,-1.2185639650108548e-11,0.335351351152337,-0.05417000405009453,0.5139590079998015
-30.0,0.08,21,2026400521,2026100621,0,,,,,0.8336651268996129,0.3759863823717752,1.5053642137016152,63.91088948544182,35.03291862283283,108.30700120618215,5.431123432930729e-12,0.493831918906008,-0.0012832008122465658,0.39479851800024335
-30.0,0.08,18,2026400518,2026100618,0,,,,,0.6412932815323198,0.2669186722071777,1.1866381335725391,38.10258571097668,15.64255662760946,53.956705785111645,-2.4848040292013707e-12,1.3617392370708814,1.2166583717253032,0.5105702509990806
-30.0,0.08,19,2026400519,2026100619,0,,,,,0.603773582402253,0.21348580373733586,1.0774787445960297,24.28228504155362,11.571852019587247,39.89000326016702,3.8581308287044536e-12,-0.23722458005211555,-0.11055288344761567,0.5153811370000767
-30.0,0.08,22,2026400522,2026100622,0,,,,,0.6609784075257923,0.28759630968650857,1.188810407160735,39.90061421668217,27.504550719640847,71.90478066045134,-5.443822476136617e-12,-0.04478183371465333,-0.6280470174155706,0.4756216059995495
-30.0,0.08,24,2026400524,2026100624,1,K1ABC FN42 33,-29,0,10.140200,0.3945862643328544,0.14626525975870006,0.7161569220410344,12.96017795553985,5.71085468464426,24.19244972850514,2.029005652728899e-12,-0.29192365054366,-0.3720936738054654,0.26037084499876073
-30.0,0.08,23,2026400523,2026100623,0,,,,,0.5808369872752369,0.26517543057348725,1.0166964404062848,38.17109187364265,24.58596551970625,75.62094485110262,-6.951689224266033e-12,-0.4955734629263504,-0.2772677046591704,0.5498127280006884
-30.0,0.08,25,2026400525,2026100625,0,,,,,0.8327614893743484,0.2931419056127801,1.3353325372179814,37.463579901951825,19.984052819114854,64.12176105192334,-1.4112565283053158e-12,-0.08256178381833901,-0.04453781945391942,0.5323951530008344
-30.0,0.08,28,2026400528,2026100628,0,,,,,0.8069023072250473,0.3816202137131154,1.5719109884784235,53.72101451984839,25.669724970459832,82.05369197072667,2.3536077600749827e-12,1.1234443854555096,0.9124100128945146,0.053885529001490795
-30.0,0.08,26,2026400526,2026100626,0,,,,,0.7474011257065719,0.3685205199745273,1.4444621312222625,57.751180697929925,33.21933475901858,105.95596416771812,2.5617008514444706e-13,0.5250305909813148,-0.15144423384531475,0.436973597999895
-30.0,0.08,27,2026400527,2026100627,0,,,,,0.5889124233246843,0.23387730920643734,1.0038707439054932,31.176541043242985,17.455761095652093,60.91633205069081,-2.756280880616968e-12,-0.1298429518653348,-0.22845557054026602,0.5381607039998926
-30.0,0.08,29,2026400529,2026100629,0,,,,,0.6179746002564157,0.23602903778443043,1.1372265378622302,22.843544367097287,12.462380837540655,41.752143978627586,2.167123685364869e-12,-0.640554339340751,-0.6664129729233359,0.5275568390006811
-30.0,0.08,30,2026400530,2026100630,0,,,,,0.495714049489417,0.22529908519283479,0.8824875420144297,30.677761998250453,15.221728105229264,55.24441908846633,1.8588667931307423e-12,0.3194988138060631,0.7082002604352886,0.5293102000014187
-30.0,0.08,31,2026400531,2026100631,0,,,,,0.5722925616726602,0.20938737514869563,0.9425748529317465,19.877909074573996,8.264820267353501,34.081844203872265,-1.8897383657900946e-12,-0.5719764894868492,-0.5163740540109334,0.5019422749992373
-30.0,0.08,32,2026400532,2026100632,0,,,,,0.6277636833164808,0.26685586940981726,1.213545153293451,38.093314893074016,18.13256625685386,63.698158859213116,9.975041626031356e-13,0.4508772028011099,0.5294342293206376,0.495903177999935
-30.0,0.08,36,2026400536,2026100636,1,K1ABC FN42 33,-30,0,10.140200,0.43416735039935184,0.22302267557886127,0.844822161643842,29.493519799457648,16.51723730981241,58.81271086418053,1.2539665486532847e-14,0.32866427565783096,0.3217623575549873,0.10485004100155493
-30.0,0.08,33,2026400533,2026100633,0,,,,,0.4522392470077393,0.153408265997996,0.8245737042177128,19.89767129358848,9.741746982154938,36.790926750831076,3.873147462474247e-13,-0.6795167067380788,-0.7719317846193523,0.5185384039996279
-30.0,0.08,34,2026400534,2026100634,0,,,,,0.8854479586191382,0.2956327596203201,1.3987556198808004,39.894013781635245,27.865949342977043,78.86599109247355,-4.661628721924771e-12,-1.0409919503878315,-1.131359056450417,0.5339722870012338
-30.0,0.08,35,2026400535,2026100635,0,,,,,0.6873978412983872,0.30755170899841505,1.2733826266951438,47.15353089273403,27.10029075043987,90.59139169055268,-1.4740218594322396e-12,0.5316411918683257,0.3025988641532741,0.5279832239993993
-30.0,0.08,38,2026400538,2026100638,1,K1ABC FN42 33,-30,0,10.140200,0.4541592026725102,0.18580909557681818,0.8966448624533023,25.440173887824347,12.35495297383894,42.97395001642457,5.707535138954611e-13,0.23274118391977472,0.18629885602656218,0.09647735599901353
-30.0,0.08,39,2026400539,2026100639,0,,,,,0.811606252652282,0.463074825257121,1.5947278357416006,71.39627272416465,49.45146660505502,139.82026221800425,-8.680573621022702e-12,0.45225850667247885,-0.057949970611602585,0.05178593300115608
-30.0,0.08,41,2026400541,2026100641,1,K1ABC FN42 33,-31,0,10.140200,0.6502624130390751,0.2726639694612827,1.1931208374621933,38.68535266595557,23.62843758110579,75.54520126437853,4.007141840567385e-12,-0.45271284686301744,-0.6703554524697306,0.0683480169991526
-30.0,0.08,37,2026400537,2026100637,0,,,,,0.4938820487737565,0.16323940173372362,0.8133434260542675,14.35047491158623,5.759285545556081,26.40634589127771,-5.361154228888942e-13,-0.6932431978871109,-0.6580052145680845,0.5211992810000083
-30.0,0.08,40,2026400540,2026100640,0,,,,,0.7012104174873292,0.295937812990646,1.3044550818511347,36.9778112410994,20.050661878996397,68.5266793193201,-2.51296899955733e-12,-0.23950700527884392,-0.7332985288261558,0.5246344299994234
-30.0,0.08,42,2026400542,2026100642,0,,,,,0.42397642267057195,0.16794543663976996,0.8125042071025237,20.662969788901204,8.786947683877983,35.109321176648734,3.3063118215492793e-12,0.3865051958353255,0.294831837322575,0.5092956249991403
-30.0,0.08,43,2026400543,2026100643,0,,,,,0.44203725643275005,0.1811963179694171,0.7612983197131373,22.898991969665815,12.792132252413829,43.99874712832949,2.6379853163005507e-13,-0.07721730658798374,0.009327327521812366,0.5158243810001295
-30.0,0.08,46,2026400546,2026100646,1,K1ABC FN42 33,-29,0,10.140200,0.6276708723536913,0.24776583524161513,1.055087531883954,28.96157107482927,15.346108432522845,51.30243402636373,-1.4446360774300615e-12,-0.21893050853192894,0.10353291751937689,0.09802130200114334
-30.0,0.08,44,2026400544,2026100644,0,,,,,0.6089814750994278,0.30286814137297013,1.20172591316471,47.44526980105571,26.666650278821947,81.32386743189738,-7.030202591948309e-12,0.5483203108451433,0.46132187916140266,0.5360974519990123
-30.0,0.08,47,2026400547,2026100647,1,K1ABC FN42 33,-30,0,10.140200,0.40234282223215856,0.17061795851257927,0.7748517293283872,17.810462949569665,9.947828570503559,31.93615452787552,1.651999717577901e-12,-0.26743115176096666,-0.1367571055069817,0.20541795899953286
-30.0,0.08,48,2026400548,2026100648,1,K1ABC FN42 33,-30,0,10.140200,0.5883347222498208,0.20160972376392214,0.9485193989192169,21.65981140707718,10.365278345700244,38.24687693181448,2.484783212519659e-12,-0.11004749262189058,-0.34187312595811076,0.2776500230011152
-30.0,0.08,51,2026400551,2026100651,1,K1ABC FN42 33,-29,0,10.140200,0.47933725584646125,0.21898588245019734,0.9522222088917174,18.192992149984057,8.763608528799267,33.61503267301671,-1.2778320068740356e-13,0.5219850206693573,0.6570378924674143,0.05838212799972098
-30.0,0.08,45,2026400545,2026100645,0,,,,,0.40836650237380406,0.20335039919152734,0.8114676193287129,28.071146300804802,15.00325964218119,52.559153804594686,3.0468119346926947e-12,0.3965392926637328,0.3384803289303194,0.5310670420003589
-30.0,0.08,50,2026400550,2026100650,1,K1ABC FN42 33,-30,0,10.140200,0.36428566969613213,0.14211592072115645,0.7079359804258348,10.060806178312799,5.115299584483483,18.28338709911813,1.3972156764907595e-13,0.43321270839584036,0.6305034945824242,0.2634175349994621
-30.0,0.08,53,2026400553,2026100653,1,K1ABC FN42 33,-29,0,10.140200,0.595651581282863,0.25271641422997376,1.0896744437643124,24.5957071243562,12.340239967308849,46.4679634577964,-8.171241461241152e-14,-0.1599873393481429,-0.34225337447793824,0.06010578299901681
-30.0,0.08,49,2026400549,2026100649,0,,,,,0.6018003855832265,0.25282591964651496,1.19931852608054,30.754417074898313,18.403321310969655,60.68082892080439,9.127178179912931e-13,0.1336217594843842,0.03230323218731476,0.5253453549994447
-30.0,0.08,52,2026400552,2026100652,0,,,,,0.51332547347477,0.2095043880912966,0.9237163173333024,28.453677743815298,13.992807756090636,45.079107853387676,-1.4082962226935614e-12,-0.9283667557751656,-0.4150412823003956,0.5232023490007123
-30.0,0.08,54,2026400554,2026100654,0,,,,,0.47521299376471304,0.2249851710132745,0.9271258198702033,25.215624334399173,11.290880825319887,41.6228041670048,-5.870460367818353e-13,0.4995569305691824,0.399632085281192,0.5292931549993227
-30.0,0.08,55,2026400555,2026100655,0,,,,,0.7730265793874799,0.31393057863836266,1.3869757313175315,46.70247876661848,27.47631873688072,78.49213447615803,-7.193265080807087e-13,-0.3464513933792636,-0.023435900565343455,0.543563607001488
-30.0,0.08,58,2026400558,2026100658,1,K1ABC FN42 33,-30,0,10.140200,0.8213052074728511,0.26950580624042236,1.2987295016644667,40.68515321876478,20.64153621255719,67.63732660407788,-2.1803392424857293e-13,0.13764712919690547,0.6895943906539543,0.10483571000077063
-30.0,0.08,56,2026400556,2026100656,0,,,,,0.6042231634656638,0.26414782377374196,1.1703853947544056,34.602754648144554,22.626300859631236,68.27265488805025,-2.3274559363128944e-12,-1.6011407869489127,-1.7346087482325614,0.47473853699921165
-30.0,0.08,57,2026400557,2026100657,1,K1ABC FN42 33,-29,0,10.140200,0.4825383487197158,0.19051744542437685,0.9342653019669028,20.1382637793514,10.404545341874973,35.65424711199546,-7.746320945800633e-13,-0.5920562806590036,-0.6539461098864027,0.3405735359992832
-30.0,0.08,59,2026400559,2026100659,1,K1ABC FN42 33,-30,0,10.140200,0.6729139442129013,0.27240724962089863,1.2208363022141313,37.9267603119474,23.14789169377632,71.42246054930709,-2.1644526448927337e-12,-1.0010030376014114,-0.597971672487411,0.21076462300152343
-30.0,0.08,61,2026400561,2026100661,1,K1ABC FN42 33,-31,0,10.140200,0.5328967706323501,0.21898902528306483,1.0504611735565668,31.289651409824824,13.08281291092036,50.325150147378935,1.3748282026715408e-12,-0.19424131141529746,0.18964079407182657,0.0869113759999891
-30.0,0.08,60,2026400560,2026100660,0,,,,,0.743248933993437,0.24428478951631047,1.1788758989173296,31.139672350514875,16.599949721967693,57.627511546085586,-1.4903165507229588e-12,-0.4463867277032762,-0.7393093863541443,0.5815988729991659
-30.0,0.08,63,2026400563,2026100663,0,,,,,0.5608402715401354,0.2647230277229497,1.0284540234857258,40.439007395614745,20.178839896292093,69.69660429026356,-9.685581330021176e-13,-0.45676725742323554,-0.6944402837462775,0.45191897099903144
-30.0,0.08,62,2026400562,2026100662,0,,,,,0.5255503743975902,0.30232460567208275,0.9970443623011462,46.60339038934788,27.345238430726855,92.13061575627566,1.131428284395497e-12,-0.2934781813019286,-0.42281142649526493,0.5318672710000101
-30.0,0.08,64,2026400564,2026100664,0,,,,,0.5443523913007088,0.1998990633585785,0.998254790616855,24.274465733537898,12.979651165439378,46.83798641022754,-2.6706865885461895e-12,-0.6398073301821761,-0.5460191256561133,0.5397320809988742
-30.0,0.08,66,2026400566,2026100666,0,,,,,0.6789334938314864,0.2608634427556812,1.252202865093066,38.853311809530105,21.43576201120085,70.48932346966787,-5.975586345186024e-12,0.33856877413393655,-0.22937849850584016,0.42642507500022475
-30.0,0.08,65,2026400565,2026100665,0,,,,,0.6895768945637463,0.3010342758610469,1.3486581871514693,49.275362965807524,25.29078355325715,80.5076111401444,5.141520889595519e-13,0.08282388270359987,0.0724989070187639,0.5187701590002689
-30.0,0.08,67,2026400567,2026100667,0,,,,,0.4794658641643066,0.14631426139920375,0.8752371103748082,8.169358739942075,3.9409578621047983,15.664740935022149,2.0883295093199195e-13,1.637468097183213,1.5745741663987138,0.5320932039994659
-30.0,0.08,71,2026400571,2026100671,0,,,,,0.8437957966572718,0.3946634962665001,1.4454005684076425,55.32956278384995,33.2704805381375,109.65373149449805,7.145164451424768e-12,0.11917303122638884,0.43431016098174174,0.054844463998961146
-30.0,0.08,72,2026400572,2026100672,1,K1ABC FN42 33,-31,0,10.140200,0.40526012102464504,0.19586468239384527,0.809165297334455,28.73953895446312,17.727426421731227,56.68672158684035,4.559269628501283e-13,0.4883898217543489,0.27338587638028516,0.3237302269990323
-30.0,0.08,69,2026400569,2026100669,0,,,,,0.5732618563720584,0.22171233944485125,0.9818411479068464,23.91765095546402,13.818504479764119,47.64023883279796,-4.165071065820314e-13,-0.6227015748546565,-0.08648778816338638,0.5522177339989867
-30.0,0.08,68,2026400568,2026100668,0,,,,,0.4350114130945535,0.18969225406277473,0.8646643901338615,17.160169493974784,10.180685742992614,34.10071281325281,-1.8125024051074412e-12,-0.3452246204879433,-0.6397998118348627,0.9098777700000937
-30.0,0.08,73,2026400573,2026100673,0,,,,,0.706413542521788,0.3370093951212564,1.3844700122093965,52.18354064066879,31.12915236534869,94.40116718656597,3.0423337460394606e-12,0.32315433315681297,0.44585937400062,0.05735346199980995
-30.0,0.08,70,2026400570,2026100670,0,,,,,0.5991029567948261,0.2768581145382065,1.1302875247758313,42.31717881870757,21.630186984086194,74.61581071678887,-5.046918612194862e-12,0.3716509354750711,0.7812472890859825,0.5657539220010221
-30.0,0.08,76,2026400576,2026100676,1,K1ABC FN42 33,-30,0,10.140200,0.5646906528863254,0.1771365468623507,0.9146514570981763,23.393583526301576,12.9902905425329,45.13639811984471,-2.9601416803859415e-12,-1.3336549798775224,-1.1373315418213081,0.057317545000842074
-30.0,0.08,77,2026400577,2026100677,0,,,,,1.2096964837122226,0.6816411742033401,2.321920901087499,105.84767149280856,73.38229287557775,207.57493039844746,2.7215972531191568e-12,0.47704596324715576,-0.008665030366220279,0.06292707399916253
-30.0,0.08,78,2026400578,2026100678,1,K1ABC FN42 33,-29,0,10.140200,0.5884324889974732,0.2524971766781077,1.173521486709927,34.750828930864635,20.415029672921587,64.60796094733325,6.377287586900593e-12,0.35039746522192167,-0.023323515331670503,0.05406981699889002
-30.0,0.08,74,2026400574,2026100674,0,,,,,0.7073168284480149,0.28773861286415986,1.207916375360162,38.26372943992049,21.403217247380752,75.87155905955717,-4.24538008914066e-12,1.2921703799672049,0.8117333633281705,0.41091402299935
-30.0,0.08,75,2026400575,2026100675,0,,,,,0.8274598351929914,0.310227373420134,1.4080598182756061,45.78375783749605,27.746068800321883,87.23579697911335,-4.583000645652646e-13,-0.3895558241991544,-0.39768896596338815,0.5261762640002416
-30.0,0.08,82,2026400582,2026100682,1,K1ABC FN42 33,-30,0,10.140200,0.8838597441716425,0.38130924571485275,1.5848820482132653,57.272215699972435,35.54025403721871,106.62788035079213,-4.429031360414504e-12,0.6461567396271639,-0.2377030045444785,0.09140776300046127
-30.0,0.08,79,2026400579,2026100679,0,,,,,0.41714648727497816,0.15354122614515747,0.8338664808717886,12.70299497434171,5.080592927281519,20.756700665824596,-6.743893637972675e-13,-0.9292041644738785,-1.0166414665508068,0.5214436520000163
-30.0,0.08,80,2026400580,2026100680,0,,,,,0.6492369540421434,0.22795549754388347,1.1306609343176222,23.631629074872418,12.438157958384172,46.73553110202994,-1.865158526757893e-12,-0.2627284973154355,0.38650845672670797,0.5271840130008059
-30.0,0.08,83,2026400583,2026100683,1,K1ABC FN42 33,-29,0,10.140200,0.4878432809914195,0.18468955644340754,0.8754151059162891,24.216515370301938,13.248729189954375,45.89473331334618,2.137438663563085e-12,-1.1121958179533389,-0.7656734075752819,0.06594977799977642
-30.0,0.08,84,2026400584,2026100684,1,K1ABC FN42 33,-29,0,10.140200,0.6036596454904266,0.2397546642833504,1.0940648889828406,32.71219607126366,18.686344661364544,60.530962540068316,3.957043026581175e-12,-0.0691969858822419,-0.04974048518182092,0.07713451400013582
-30.0,0.08,85,2026400585,2026100685,1,K1ABC FN42 33,-31,0,10.140200,0.46959513523992524,0.2176486404475702,0.8649594848209019,35.4937744076818,20.37132251950056,64.4088579670122,-3.794992098349326e-12,-0.11053427256125586,-0.16973620982376544,0.06294683099986287
-30.0,0.08,86,2026400586,2026100686,1,K1ABC FN42 33,-30,0,10.140200,0.3632877948130749,0.1700849163003745,0.7223302064534065,13.65042696877526,6.572090462761996,26.04053687057167,1.4400915356038713e-12,-0.30961996014419235,-0.3638187978223377,0.07029513099951146
-30.0,0.08,81,2026400581,2026100681,0,,,,,0.8167483129847102,0.2841859827837118,1.4340080597386637,38.04798877604935,24.7026391979784,75.9224750102928,-5.012202458631876e-12,0.9233993026432251,0.6195620819572296,0.5357060030000866
-30.0,0.08,89,2026400589,2026100689,1,K1ABC FN42 33,-30,0,10.140200,0.48769103450142176,0.21370422328468344,0.8970499283388114,28.421793822262938,11.919085700523484,44.57925539812224,-1.1245795961123406e-12,0.46138757848035666,0.10864873549473564,0.21551820599961502
-30.0,0.08,91,2026400591,2026100691,1,K1ABC FN42 33,-29,0,10.140200,0.3552260742902771,0.1426643870208227,0.6164763970074694,9.834425379431837,4.6132902311178166,19.338722480240214,-1.3866537312921118e-12,0.0699956212739175,0.2067220042845656,0.06281559499984724
-30.0,0.08,87,2026400587,2026100687,0,,,,,0.5686196499716696,0.22357769917377254,1.1365543558323308,28.396415324866044,16.80352953369348,54.88321530461032,-2.0398439881663677e-12,0.12236980048571687,0.03088558371964264,0.49848611199922743
-30.0,0.08,88,2026400588,2026100688,0,,,,,0.7419064518212722,0.29894200642733587,1.408222520321249,41.63017481690978,28.273484197159405,78.32529971135065,3.698213610348056e-12,-0.7649216841405152,-0.2650625984384807,0.5248940090004908
-30.0,0.08,93,2026400593,2026100693,1,K1ABC FN42 33,-30,0,10.140200,0.8583974395199301,0.24574764999856671,1.2661174520443812,28.751339737548705,12.418074017292735,50.968586578692836,-2.0160886848863413e-12,-1.4458400611158324,-1.0732325213784675,0.04920820999905118
-30.0,0.08,90,2026400590,2026100690,0,,,,,0.6437279952161752,0.27103948581206966,1.140685673687002,44.34141162132366,20.659576904423588,69.82374466404431,7.327617245617146e-13,1.029700448497309,0.9340839813876118,0.5117732350008737
-30.0,0.08,92,2026400592,2026100692,0,,,,,0.8332946745374404,0.33317402182230343,1.6080153560131363,44.37761730916909,28.79087043383739,85.29313553124503,3.133401524357815e-12,0.30368902100895245,-0.5284386177645776,0.5291922300002625
-30.0,0.08,95,2026400595,2026100695,0,,,,,0.5906570330943127,0.2577942910895446,1.1305127073195451,28.984943446294732,16.146247027696585,56.75186715673516,-3.1526673632820135e-12,0.04504171220429476,-0.5196394420547734,0.4438984939988586
-30.0,0.08,94,2026400594,2026100694,0,,,,,0.4600005382953599,0.17416574067893015,0.8217006403227671,23.058292923652466,11.648424960642977,40.54921499816239,-7.267658697074353e-13,0.14475781829470047,-0.12061691269067726,0.5525271279984736
-30.0,0.08,96,2026400596,2026100696,0,,,,,0.6017677289934846,0.23439349590887248,1.1401462860238372,25.30674015453475,12.341945336758078,42.85404609170429,2.6008227689555685e-12,-0.5710649983928513,-1.0237997552535303,0.5588679630000115
-30.0,0.08,100,2026400600,2026100700,1,K1ABC FN42 33,-30,0,10.140200,0.5974561043487088,0.21597687149784825,1.0704907984407595,24.35927182079576,14.75993050359478,47.62577574875308,-1.9585370651664658e-12,0.5271905046838761,0.2847342439865641,0.08131562599919562
-30.0,0.08,97,2026400597,2026100697,0,,,,,0.539532764978061,0.21054941959239046,1.0330330199607785,32.1563123991543,17.089632964128572,54.4519689860714,-1.1857893139621822e-12,-0.9675745276694869,-1.156133419059818,0.5358898650010815
-30.0,0.08,98,2026400598,2026100698,0,,,,,0.564460131177308,0.2347354102026968,1.0014216297227723,30.979789811385544,14.895321059926768,51.111854347939754,8.400728029878124e-13,0.039697563385528115,-0.1691863160891846,0.5373621789985918
-30.0,0.08,99,2026400599,2026100699,0,,,,,0.8056631609505573,0.3277772844560347,1.521918644049754,32.39138828767171,19.941522893073373,60.99121478957173,5.52615939120038e-12,-0.44589355119873614,-1.1621490342979328,0.5403436399992643
-30.0,0.08,103,2026400603,2026100703,1,K1ABC FN42 33,-29,0,10.140200,0.5237823129792916,0.17644612571174867,0.9302933479555142,21.181638324649224,11.957203858737516,40.88786815024925,-3.2110493734457957e-12,0.9285729549468251,0.7788535384806359,0.26227509999989707
-30.0,0.08,105,2026400605,2026100705,1,K1ABC FN42 33,-30,0,10.140200,0.3888724524289844,0.17918391969249053,0.7673219402429771,14.77329842812403,8.231357811733261,25.73469420957226,-2.8168439802911394e-13,0.0036414680299747884,-0.1456984134213722,0.06480916500004241
-30.0,0.08,101,2026400601,2026100701,0,,,,,0.48674220229993015,0.1858309996235059,0.8559027285100083,13.894320968006026,6.806896708265881,26.723235631972734,2.2535201650705425e-12,-0.8436036620611439,-0.8206940164055291,0.5331389780003519
-30.0,0.08,102,2026400602,2026100702,0,,,,,0.6940746982426458,0.24354266256142748,1.267561364116203,18.077080517611464,10.442133820966815,35.64379258936997,-3.4589553443709065e-12,1.0529535695722625,0.47946690369870537,0.5077419850003935
-30.0,0.08,104,2026400604,2026100704,1,K1ABC FN42 33,-30,0,10.140200,0.6198703061913723,0.1966679463532194,1.095917891238222,18.71740842602681,8.889373134224849,33.91213027757152,6.640382688161139e-13,0.5012204690154041,0.32758497204321047,0.27469478899911337
-30.0,0.08,107,2026400607,2026100707,1,K1ABC FN42 33,-30,0,10.140200,0.48505964994007456,0.1897512892948929,0.867833746064807,21.81011065556272,12.01081165542098,41.67759337532538,2.2737181739175896e-12,-0.12114793068822603,0.2882367231343045,0.26569744700100273
-30.0,0.08,109,2026400609,2026100709,0,,,,,0.8264241144784426,0.4252139895873824,1.6280282839159184,68.25852442570302,43.063449344478435,134.47351537576014,-5.096350425004559e-12,-0.08252440845031003,0.0012023422110796508,0.44164138099949923
-30.0,0.08,108,2026400608,2026100708,0,,,,,0.8087762091734575,0.2857623879197527,1.3652340845709001,39.71770910810175,18.843279866468265,64.15051329124987,-2.508254888511363e-12,-0.1047506191192117,0.7040255900542458,0.5204080040002736
-30.0,0.08,106,2026400606,2026100706,0,,,,,0.5997963724028621,0.22944554936333106,1.1909763015124673,23.918433084373763,14.31918026250539,45.254721947151154,2.4820423494276156e-13,0.965629870612686,0.8012558880638692,0.5658860510011436
-30.0,0.08,110,2026400610,2026100710,0,,,,,0.6114148797264876,0.21119659434545315,1.039807186786006,31.748260586757187,18.89652662175556,58.380542811540806,3.2209512834668885e-12,-0.8834540208548891,-0.8751483690365668,0.5284996629998204
-30.0,0.08,111,2026400611,2026100711,0,,,,,0.4358390510475114,0.18015578446342095,0.8297009311710845,16.653264027564482,9.869581000138979,30.816286149902332,3.312019061785243e-12,-1.1230367313207659,-1.2552372275588912,0.507952738998938
-30.0,0.08,112,2026400612,2026100712,0,,,,,0.5144680383387389,0.17209180899214416,0.9858687994329671,17.64277512076641,8.680594435147695,29.81434999932506,1.8816805752441823e-13,-0.7270738314811908,-0.6548224770839967,0.5327051170006598
-30.0,0.08,113,2026400613,2026100713,0,,,,,0.47653122093856537,0.17391809835255154,0.8681380065035385,18.25580973190917,10.764452609776257,33.16826681816639,1.3748637645027983e-13,0.5821628567854817,0.349427795154505,0.5394188320005924
-30.0,0.08,116,2026400616,2026100716,1,K1ABC FN42 33,-30,0,10.140200,0.5218658594884443,0.20836624732901135,1.003341751042377,27.097982074279127,14.27139765431934,51.65436895360223,-3.881764484500727e-12,-0.5887429695996679,-0.7515510850289506,0.06382654299886781
-30.0,0.08,114,2026400614,2026100714,0,,,,,0.9220731985914248,0.3594027201427529,1.6363336469570466,51.88681179420752,33.64727675936138,91.51168331303703,2.570426510528634e-12,-1.4663102235581813,-1.1372688296215299,0.5113876890009124
-30.0,0.08,119,2026400619,2026100719,1,K1ABC FN42 33,-30,0,10.140200,0.6330323234837667,0.2712965204697057,1.1049843981779344,37.82630081391804,18.91823898147612,60.829895817983015,1.7727468798467427e-12,0.3137063160636592,0.7737908019887322,0.08524631399995997
-30.0,0.08,115,2026400615,2026100715,0,,,,,0.7689087680142402,0.34262793447635465,1.5195549535564694,47.9920287506728,33.60424975477825,88.09757648435908,2.3097270623884114e-12,-0.3448171367416554,0.4058290488005738,0.5400507840004138
-30.0,0.08,117,2026400617,2026100717,0,,,,,0.5387562185480919,0.15030187748021515,0.9125279883960649,12.966924213187855,7.45468956396326,25.39201150909828,2.9708353832536005e-13,-0.16079802135149016,0.07607988605150871,0.5385411029983516
-30.0,0.08,118,2026400618,2026100718,0,,,,,0.4065375873965578,0.1775593805878557,0.7806440446910197,19.55923153013237,10.191691320462187,35.92503362481206,-9.932339239265842e-13,-0.9182343022006657,-0.6123084081748819,0.5437157659998775
-30.0,0.08,122,2026400622,2026100722,1,K1ABC FN42 33,-30,0,10.140200,0.898763837537588,0.40034554448157744,1.5467079946992945,60.868354591195384,32.09897677334341,103.42860157167209,-2.4619507821288522e-12,0.42575731916650783,0.5906219013006516,0.07445582699983788
-30.0,0.08,124,2026400624,2026100724,0,,,,,1.1576020985358562,0.5723850160930325,2.220840320950036,72.61481510727184,43.38505741875295,143.7209362443107,3.3850526548473425e-12,0.017456078435576523,-0.9642537245283639,0.0645185900011711
-30.0,0.08,123,2026400623,2026100723,1,K1ABC FN42 33,-31,0,10.140200,0.39568402465789076,0.1565784544909167,0.7231383376358542,11.476092684016816,6.364425732943706,20.900268632666624,1.7032261018234962e-12,-0.20022506213633545,-0.058470336994192344,0.134016571999382
-30.0,0.08,120,2026400620,2026100720,0,,,,,0.5748198183721722,0.24600815015941468,1.0666580841270166,30.321939474181537,15.510124314926495,52.47032902355684,8.180556926307148e-13,-0.6018585411291386,-0.4084974111108211,0.5408431739997468
-30.0,0.08,121,2026400621,2026100721,0,,,,,0.5536269247953969,0.24752088849951676,1.0041376136033604,32.01770265052815,16.325142124625877,60.53818231380598,1.7438739796822589e-12,0.6507516438501831,0.8092678934789984,0.5472528339996643
-30.0,0.08,126,2026400626,2026100726,1,K1ABC FN42 33,-30,0,10.140200,0.9150774370048895,0.2437570797770133,1.2655583383798594,31.568035777769087,18.612849213498496,61.81682332244126,2.6470596548033853e-12,-0.4600390962066803,-0.39285142576400717,0.2732733239990921
-30.0,0.08,127,2026400627,2026100727,1,K1ABC FN42 33,-30,0,10.140200,0.36538591274675214,0.1825695683958028,0.7126881114083092,15.185017545258901,8.70115290277648,30.31866757776963,3.2141303507593477e-13,-0.48510718979542056,-0.2744677128359273,0.24755943400123215
-30.0,0.08,125,2026400625,2026100725,0,,,,,0.5707902577091393,0.27852573616049386,1.0756247147181957,40.57421114922334,26.78005357479628,78.36334089604448,3.717200700893708e-13,0.17342737361988633,-0.20449017730021135,0.5417507800011663
-30.0,0.08,131,2026400631,2026100731,0,,,,,1.5132728509494462,0.6647527433872378,2.6965716384865233,102.66430057795823,68.47294486203123,190.70992927312028,-8.978272986182034e-12,0.7674205580652047,-0.7192573894079966,0.048515983999095624
-30.0,0.08,130,2026400630,2026100730,1,K1ABC FN42 33,-30,0,10.140200,0.5219967169240093,0.2090403173604853,0.8818297212600942,27.699291123747084,12.714017784646423,46.36537698406353,2.1828038508642233e-12,-0.580544818079814,-0.19077041701669287,0.27536790300109715
-30.0,0.08,128,2026400628,2026100728,0,,,,,0.8831121079596354,0.2505295209838964,1.2824059101518577,31.754071918226877,15.391293570044413,59.245524537669795,-1.8508493349056465e-12,-0.0013872781234108241,0.30549687228174327,0.441128184000263
-30.0,0.08,129,2026400629,2026100729,0,,,,,0.7470835839626155,0.3058352883526573,1.296552724627313,33.41448919417663,17.669070260332887,63.78676387913039,2.1282073325856743e-12,-0.3091726335565725,-0.28994071478227484,0.5451507609996042
-30.0,0.08,133,2026400633,2026100733,1,K1ABC FN42 33,-31,0,10.140200,0.7080892339558613,0.2924655783115568,1.3871353346276876,44.84527860781214,19.742751284575295,67.35064482841426,-5.860787224455655e-12,0.3290344031051355,-0.35001169756669076,0.2194512999994913
-30.0,0.08,135,2026400635,2026100735,1,K1ABC FN42 33,-31,0,10.140200,0.7646278899450094,0.3296302702049738,1.3438211026815008,34.41255360181964,22.773005763261576,63.63012289527492,-1.0012745840781712e-12,0.36075602651574373,0.8784939491738528,0.0899145880011929
-30.0,0.08,132,2026400632,2026100732,0,,,,,0.5467722178317725,0.19654209614345858,0.9997484672594241,13.834322892977076,7.4587107563046,25.259329145271558,6.690004453191456e-14,1.105679099645985,1.0031119613265882,0.43190964499990514
-30.0,0.08,134,2026400634,2026100734,0,,,,,0.6491665873443461,0.2672389430596097,1.0518105453285753,42.04354216956391,24.421295167034813,82.21558405364098,-1.893399174425492e-12,0.5759003270424469,0.7619499882059145,0.5073065659998974
-30.0,0.08,139,2026400639,2026100739,1,K1ABC FN42 33,-29,0,10.140200,0.476883269460375,0.20480823633612943,0.8900004812238571,23.29162133228119,11.000649852079379,36.71260381835661,-1.5299137824664744e-12,1.1718611653146611,0.8609236522399527,0.10466868100047577
-30.0,0.08,136,2026400636,2026100736,0,,,,,0.5479741420512232,0.21221110442843055,1.0287317793756863,29.756619459571038,13.069736810929312,50.55166531728969,-5.005856840156753e-13,-1.020478490659794,-0.5397208533353309,0.5307441120003205
-30.0,0.08,137,2026400637,2026100737,0,,,,,0.36269817136468824,0.156243492744875,0.6649547646445029,16.92686428009515,9.775955143578143,30.793045344777433,3.317623953336124e-13,-0.14494986254603048,-0.31114372526258094,0.5296316080002725
-30.0,0.08,138,2026400638,2026100738,0,,,,,0.6050042066822037,0.22560350725113631,1.0081498869607939,29.92390252618126,14.58776082663305,47.75562833766067,-1.094205997510811e-12,0.5417017614726255,0.4680362200075124,0.5060064049994253
-30.0,0.08,140,2026400640,2026100740,0,,,,,0.8343589227140709,0.40720097929117244,1.5663887818703628,65.52802248383128,41.536876113799146,121.92038878870486,2.3927491932251854e-12,-0.30431149533644125,0.02430449922927231,0.4285313789987413
-30.0,0.08,141,2026400641,2026100741,0,,,,,0.7495519618946642,0.26222444631589853,1.2536692907880749,30.098147997122048,17.44981172013012,56.898530506282775,-7.7443520346554e-13,-0.7861282177783738,-0.7573145135998955,0.5287856610011659
-30.0,0.08,142,2026400642,2026100742,0,,,,,0.4343405478015263,0.16517849051596262,0.7579612616151402,15.5423458699528,8.546136358010616,29.17057091396546,-1.772052990456352e-12,0.4743968482818661,0.5619587704450719,0.5235885769998276
-30.0,0.08,143,2026400643,2026100743,0,,,,,0.5224277070626987,0.23631921482806154,1.0351924149140517,32.16489335485219,14.42111399277305,55.06653050642379,-2.198157454669225e-12,-0.33660378728928575,-0.08773345737437648,0.549000505998265
-30.0,0.08,144,2026400644,2026100744,0,,,,,0.46199093998639695,0.16844058858966826,0.8531574594152274,23.102199814656412,10.077453568129672,38.66368482401629,2.4024705835845594e-13,0.2993019977201025,0.5035306412683557,0.5121536850001576
-30.0,0.08,145,2026400645,2026100745,0,,,,,0.5830453094474135,0.23626524735664703,1.0237309415880667,31.335980843598822,14.498012695991402,54.73105289812277,-1.0265052696745158e-13,-1.0123815448490785,-0.6907987327039371,0.4412787599994772
-30.0,0.08,146,2026400646,2026100746,0,,,,,0.4999444778743032,0.20525052595665494,0.9172324812156212,29.566195869713482,18.557996965532578,56.800715041200164,2.3875580671046427e-12,0.782079491972575,1.205299146263358,0.5042749129988806
-30.0,0.08,147,2026400647,2026100747,0,,,,,0.5859458834857336,0.30357824230792374,1.1666324479402799,47.685348716172776,25.512178085702995,90.7146378514412,1.8516911094723643e-12,0.6156900775083353,0.5559363842261182,0.4382257079996634
-30.0,0.08,148,2026400648,2026100748,1,K1ABC FN42 33,-30,0,10.140200,0.6366851446632599,0.21514159014440856,1.1257312248268159,25.686932288297427,12.583863713557395,41.53092822024925,-1.3311894989098683e-12,-0.6620326181314196,-1.1510786982949754,0.2824955329997465
-30.0,0.08,149,2026400649,2026100749,0,,,,,0.7491974383806053,0.3739715044246975,1.4875854051883333,50.84519941187069,26.484014699779138,84.26511672599258,-2.360091289066446e-12,0.9606162887346488,0.41807766649866485,0.5426736039989919
-30.0,0.08,153,2026400653,2026100753,1,K1ABC FN42 33,-31,0,10.140200,0.35285069966300087,0.12269341112529354,0.6543539387612068,9.110699827179955,4.085435219048943,16.922854054414614,9.012695104115842e-13,-0.7570500230862418,-0.6655339038185962,0.058397834000061266
-30.0,0.08,151,2026400651,2026100751,0,,,,,0.3714429220213034,0.16032415610165465,0.7156991366860483,18.49356598219749,10.604338891743708,34.79319965420746,-3.8952546158217694e-13,-0.2166148363727614,0.11751240633549721,0.512287589999687
-30.0,0.08,150,2026400650,2026100750,0,,,,,1.1573926775123478,0.3304578809051876,1.6156602627094783,48.14365594103615,26.96865710642093,87.32384843879919,5.117679717503432e-12,-0.5816318832445764,0.5290274216492096,0.5381198489994858
-30.0,0.08,154,2026400654,2026100754,1,K1ABC FN42 33,-30,0,10.140200,0.524916920911268,0.2313318955987891,1.0290790887286625,30.665898809930546,18.980871217126758,60.33392410878961,-4.3238190805539034e-12,-0.5308478346054666,-0.20752759565051235,0.06111543599945435
-30.0,0.08,152,2026400652,2026100752,0,,,,,0.9244760794109457,0.38359312131019363,1.6540498163058501,58.63068726081112,37.101518890092464,104.9566109966464,3.2190257404085543e-12,0.43873843054840184,-0.10144668835135524,0.5280589499998314
-30.0,0.08,155,2026400655,2026100755,1,K1ABC FN42 33,-30,0,10.140200,0.669030908090348,0.27396838446895666,1.2437050626501631,32.41218353997085,19.642137971060638,64.82261233190394,3.770503007038961e-12,0.41614835598000127,0.7241159767950331,0.10727846999907342
-30.0,0.08,157,2026400657,2026100757,1,K1ABC FN42 33,-29,0,10.140200,0.4797609188573615,0.20141707296242034,0.9198377793412265,21.77230292382059,11.03672421972984,38.830590835339066,-3.89117384147486e-12,0.03626286992679619,0.3797059692676449,0.10769377799988433
-30.0,0.08,160,2026400660,2026100760,1,K1ABC FN42 33,-30,0,10.140200,0.5129805724029136,0.21038974906657915,0.91659596521666,19.127572278300757,10.10507794921633,35.87890663014982,1.7788996729654893e-12,-0.8007523212159091,-0.3546804529279243,0.060885163000421016
-30.0,0.08,156,2026400656,2026100756,1,K1ABC FN42 33,-30,0,10.140200,0.5638753408113151,0.21301467603789942,1.0967606989716483,25.82169072274504,14.733847225229045,46.12862381651183,1.566822192822226e-12,0.07185801996647083,-0.3361518292511127,0.3621020890004729
-30.0,0.08,162,2026400662,2026100762,1,K1ABC FN42 33,-30,0,10.140200,0.4726873067709941,0.16338876542310174,0.8168457530405403,14.371213333775,5.296568623342999,24.374278668137386,-1.5902524522909411e-13,0.115807356637851,0.1256176672604659,0.06523006099996564
-30.0,0.08,158,2026400658,2026100758,0,,,,,0.7130008120246377,0.25925489789621187,1.2803300973256482,24.970823399922914,13.135505083664714,48.25946706559945,8.887543478941495e-13,0.027953326606993487,-0.6850474854176443,0.5162550320001174
-30.0,0.08,159,2026400659,2026100759,0,,,,,0.7628927475019056,0.30019897899954356,1.3889312179792472,46.728624829472466,24.46395605536406,74.16020558170668,-5.236314637099837e-12,-0.1829425343145431,-0.33741955213471414,0.5264413360000617
-30.0,0.08,161,2026400661,2026100761,0,,,,,0.5948512411955929,0.26339688645572934,1.1884793386429238,31.19006450707557,16.900569483262423,59.662180880502454,-2.5082431791279003e-12,0.19014796748889942,0.6472798785632499,0.5248318279991508
-30.0,0.08,163,2026400663,2026100763,0,,,,,0.7330679706984355,0.2326825178047124,1.1273388548946752,27.998527868949445,16.102593907491613,54.54351335113033,-2.6612705095185873e-12,-0.06578275183412656,0.04085053230675057,0.5368014730011055
-30.0,0.08,165,2026400665,2026100765,0,,,,,0.8288476052705132,0.38220934214134883,1.3980028991523321,62.06635613093734,38.409166271417384,114.83649837328966,3.463181130758386e-12,0.13952369676214596,-0.23900223804351392,0.4516286380003294
-30.0,0.08,164,2026400664,2026100764,0,,,,,0.8382733056926894,0.28480222281792256,1.4764018488946546,43.46637790997514,22.78481980973925,70.2904757950995,1.665317623383844e-12,0.7972359214196957,0.014331666746921738,0.5565413280000939
-30.0,0.08,166,2026400666,2026100766,0,,,,,0.5969780759652126,0.2695839627712421,1.1747835483106217,41.94838036847157,22.4618919780489,72.6539236611658,3.936614489247203e-13,-1.32789393392071,-1.004695355527461,0.564752831000078
-30.0,0.08,167,2026400667,2026100767,0,,,,,0.6605488735006458,0.3115804203236606,1.2374396609593044,32.56211373736653,20.76718532558,61.77760453713771,-2.3996395148717653e-12,-0.10681706114685531,-0.2086224810328204,0.5604935179999302
-30.0,0.08,171,2026400671,2026100771,1,K1ABC FN42 33,-29,0,10.140200,0.5770910922598993,0.23412731764583464,0.962030749710513,26.009056367472084,16.144477755570286,49.51561111027635,1.2399430440734882e-12,0.9405095263873162,0.9686703430959662,0.05098172999896633
-30.0,0.08,168,2026400668,2026100768,0,,,,,1.047161870447137,0.3737014319825733,1.6954529493635484,45.19811236258002,27.071475862390397,84.06594401145739,2.2082960460245715e-12,0.49950101752927994,0.7769823745798143,0.5596015869996336
-30.0,0.08,169,2026400669,2026100769,0,,,,,0.5375819723173295,0.1951090957730034,0.9252356333960927,25.769622429016295,13.879404440230093,48.807387164540664,-1.2324321251033776e-12,0.1954372567674821,0.3723211816537336,0.5481730369992874
-30.0,0.08,170,2026400670,2026100770,0,,,,,0.6679144066852654,0.2510815770274575,1.1670842656585125,32.09476338701014,19.930831297823158,62.6431732648496,7.910755384088475e-13,0.2617377214701575,0.40912512358941755,0.4309433540001919
-30.0,0.08,172,2026400672,2026100772,1,K1ABC FN42 33,-30,0,10.140200,0.6089564974428955,0.1931381778201701,1.0169165984238335,25.68943757891679,15.477302202385163,47.372612132117446,-6.097882615518913e-13,0.3348208391500298,0.24054739838083783,0.17559075300050608
-30.0,0.08,173,2026400673,2026100773,1,K1ABC FN42 33,-29,0,10.140200,0.468531669785618,0.1730787608825125,0.815892752129694,21.11320629878513,12.984539288790224,40.94759915315034,-1.6780639378044526e-12,0.38135526508463585,-0.03041424171841829,0.24829658300041046
-30.0,0.08,174,2026400674,2026100774,0,,,,,0.5187143578156919,0.1905066980885171,0.9824121316668728,24.73549765314142,11.818985531329727,43.384592899967174,2.428609396920578e-12,1.56814859288939,1.8092933400756916,0.49171447299886495
-30.0,0.08,176,2026400676,2026100776,0,,,,,0.6889157730155387,0.33724659591364503,1.3177831856604267,57.23239996019023,33.072372413604775,98.66507864518925,1.1933128096774936e-12,0.4977556259494651,0.30677612118328057,0.4236833340000885
-30.0,0.08,175,2026400675,2026100775,0,,,,,0.5984733268093447,0.22475844410782744,1.0170838819508803,24.33209625647929,12.830577767355472,44.350317789958424,1.384311854599543e-12,0.32045807274978255,0.2313837139800419,0.5084590839996963
-30.0,0.08,179,2026400679,2026100779,1,K1ABC FN42 33,-29,0,10.140200,0.46730050352416075,0.15192683313817362,0.8052245347292631,9.693925013050542,4.608460701700706,16.77230751346368,9.8879238130678e-15,-0.3101358364485632,-0.21239976130359123,0.05634594200091669
-30.0,0.08,177,2026400677,2026100777,0,,,,,0.47252864857976185,0.18308730945045534,0.80789896556687,20.803281801995162,10.111231060155427,35.106555194572586,1.5944277148571828e-15,-0.3024877816351418,0.018769952201791888,0.510599942999761
-30.0,0.08,178,2026400678,2026100778,1,K1ABC FN42 33,-32,0,10.140200,0.5855183247032704,0.20861880528128293,1.0201647534374108,24.551182465509847,13.026909807171432,47.053450465626625,2.637501220030536e-12,0.32658981439697,-0.07986429555866087,0.23074778699992748
-30.0,0.08,180,2026400680,2026100780,0,,,,,0.4761561418908281,0.18976851242907836,0.8480267066319076,24.247161043893556,14.222909744152949,44.08827784968159,5.658334044367219e-12,0.005455605994221926,-0.3067646763706599,0.49000662000071316
-30.0,0.08,181,2026400681,2026100781,0,,,,,0.6083842466400964,0.28535396823917764,1.1842118758794005,41.86764275316614,22.079999888854804,76.21314982449755,1.941479637647403e-12,-0.434028447107252,-0.5295923479629727,0.5102549880011793
-30.0,0.08,182,2026400682,2026100782,0,,,,,0.5219900979419527,0.21696332952122097,0.960365572343497,21.36370249565621,9.982796953076598,40.13146425629686,8.326724726392953e-13,0.23239958357813742,0.5620548941831605,0.520023161001518
-30.0,0.08,183,2026400683,2026100783,0,,,,,0.6533688925101594,0.303263055401845,1.140691494620497,48.05340729245177,29.14319259940627,93.92920841361132,5.6930987701875324e-12,-0.985933420869746,-0.7995949725248086,0.5174056050000218
-30.0,0.08,187,2026400687,2026100787,1,K1ABC FN42 33,-29,0,10.140200,0.6851876292276817,0.21627000729393683,1.075401249355178,24.72369930460096,11.833098170103987,43.0845039351986,-1.8030681114833413e-12,-0.21668906602783708,0.035239982671220915,0.06696119400112366
-30.0,0.08,185,2026400685,2026100785,1,K1ABC FN42 33,-29,0,10.140200,0.47782921610695817,0.16187515087488605,0.8396420283619979,16.037211185070817,7.972582243764318,30.14858615461174,-7.012931901861919e-13,-0.507057498530666,-0.583250112513466,0.2556259789998876
-30.0,0.08,188,2026400688,2026100788,0,YR9CMN BN76 33,,,,0.34918784796652647,0.13084882059699066,0.6234164978154345,8.417998491650179,5.063676915866216,16.81623732916428,1.4610708476414658e-13,0.6745361953219855,0.5424808838166226,0.06447501900038333
-30.0,0.08,189,2026400689,2026100789,1,K1ABC FN42 33,-30,0,10.140200,0.7423141518587535,0.2628667624275486,1.144396166683464,37.88639724754419,21.84821570758897,71.71905740656388,-6.635178517733209e-12,-1.9539689397107494,-1.219250371501642,0.10185634499976004
-30.0,0.08,184,2026400684,2026100784,0,,,,,0.7094898325987764,0.24212518610456882,1.1425929951006104,27.017403072099906,14.492458301280614,52.94725563871901,3.157930514308127e-12,0.0696602342739742,0.34674829945737207,0.5210743650004588
-30.0,0.08,191,2026400691,2026100791,1,K1ABC FN42 33,-31,0,10.140200,0.44876711297210087,0.16849040956613462,0.8357829464734443,15.873973235807961,9.67804949550052,31.15744608240267,5.357259774685375e-13,0.05120829625610356,0.15612613943000872,0.17672942200078978
-30.0,0.08,186,2026400686,2026100786,0,,,,,0.6187175164100336,0.2937738178129227,1.120728114049846,47.06504953058586,27.558972262472537,90.55877495698525,-2.859653486231295e-12,0.9670284434878167,0.6090297053147241,0.5239088060006907
-30.0,0.08,190,2026400690,2026100790,0,,,,,0.45288903436314876,0.21367917646262477,0.8206504944860434,30.987908321972462,18.381408473603972,59.86486507238227,6.638153568494509e-13,0.4326524699216098,0.344206461813297,0.525480513999355
-30.0,0.08,195,2026400695,2026100795,1,K1ABC FN42 33,-29,0,10.140200,0.4828675008527198,0.1678601713839779,0.9186915187563238,13.854722561160912,6.4433178410651655,25.916176620774866,1.2979070942997772e-13,0.17663341679555222,0.17638148481172555,0.08941350799977954
-30.0,0.08,196,2026400696,2026100796,1,K1ABC FN42 33,-30,0,10.140200,0.6802305616775524,0.26680435423050625,1.2287470203753048,30.83558822653495,17.84534530043234,59.710046554347194,2.395561179979744e-12,-1.0797123781477838,-1.347801535238621,0.08806174300116254
-30.0,0.08,192,2026400692,2026100792,0,,,,,0.5679063497467145,0.2061420507608683,0.9477949194865106,28.702065250708674,17.533348112488923,52.78249681176042,-7.097673143663386e-13,-0.19193850685670394,0.17631700736722367,0.5424962180004513
-30.0,0.08,193,2026400693,2026100793,0,,,,,0.5026622217673657,0.20698608373258495,0.982339145265769,26.78261787894707,11.99684546818463,44.10414611831506,5.551635540168576e-13,-0.1535534497158453,-0.0297879570502684,0.5397732359997462
-30.0,0.08,197,2026400697,2026100797,1,K1ABC FN42 33,-30,0,10.140200,0.5205480911227309,0.21209794019179165,0.9823216713020465,27.724705252011038,16.746093221709994,50.64000645176795,9.931708233601455e-13,0.6256824337374127,0.3604264379726374,0.08002864800073439
-30.0,0.08,194,2026400694,2026100794,0,,,,,0.7486765090886596,0.30223992675051703,1.3457487327135351,36.87590456149189,25.187790836883654,70.14534568003532,9.541683415603686e-12,-0.4180979028731691,-0.08720584151022966,0.5267878730010125
-30.5,0.01,1,2026100501,2026110601,1,K1ABC FN42 33,-30,0,10.140200,0.10096218687182573,0.03371249948194264,0.17377002314245812,4.923937032663197,2.8948226761085136,8.172581916538377,-2.8253124124098805e-13,0.0804407229564972,-0.005799620559813208,0.24918912400062254
-30.0,0.08,198,2026400698,2026100798,0,,,,,0.6247915662973729,0.26748763795895447,1.1409736288350267,36.9482041117739,17.409098884186452,61.53278509856039,-2.6502654237869905e-12,0.6971186567153285,0.42574594470935,0.5065780140012066
-30.5,0.01,0,2026100500,2026110600,0,,,,,0.08706627268076156,0.030412949831287676,0.14191204260925916,3.8390687854358423,1.9632151071173896,6.8533905651266105,-4.0338218876279086e-13,0.0030645212093909327,0.007108262944734168,0.5130514659995242
-30.0,0.08,199,2026400699,2026100799,0,,,,,0.711139349601644,0.30242109460121186,1.4198577172918214,44.50653090159516,28.906596035769567,83.2265679037803,7.706061483370164e-12,-0.40320280277399895,0.21537815958077583,0.5254430080003658
-30.5,0.01,5,2026100505,2026110605,1,K1ABC FN42 33,-31,0,10.140200,0.10875573074192403,0.05329953264599074,0.18730657806339118,8.456689423304908,5.561799850892724,16.1017636737034,3.849060827010309e-13,-0.0017757054467297038,-0.029606210438718843,0.05619196899897361
-30.5,0.01,4,2026100504,2026110604,1,K1ABC FN42 33,-31,0,10.140200,0.06249558089603634,0.027427283541514056,0.11642503988194498,3.571531516661408,1.9199285920066431,6.7063507383285845,-1.0196563645509249e-13,-0.01963731835009674,-0.07858614376595431,0.09890139500021178
-30.5,0.01,6,2026100506,2026110606,1,K1ABC FN42 33,-30,0,10.140200,0.07726198959158363,0.03168602205297465,0.13403846878404174,4.873261373253615,2.450273718253279,8.106929738932381,5.579227401256159e-13,0.033410744697402066,0.006732921357926199,0.06947372300055576
-30.5,0.01,2,2026100502,2026110602,1,K1ABC FN42 33,-30,0,10.140200,0.07587703231482912,0.03207629588096787,0.14549338108793383,3.3376254293115615,1.8452332053177496,6.572154858581034,2.696212597261792e-13,0.03300681209468137,0.012094252891375624,0.33764247199906094
-30.5,0.01,3,2026100503,2026110603,1,K1ABC FN42 33,-30,0,10.140200,0.07978638916234715,0.030215322627960433,0.14691353071743724,4.138252789453713,2.22154963246015,6.9163616615708925,-3.9430134504692127e-13,0.18225867876494056,0.16646388312614027,0.3349681600011536
-30.5,0.01,7,2026100507,2026110607,1,K1ABC FN42 33,-30,0,10.140200,0.05345542072719445,0.019442159534515273,0.10553186220962649,1.6571377301587427,0.6785704137870608,3.0970875003728207,3.394875526530061e-14,0.02525244260363734,0.038867023936151775,0.2456324120012141
-30.5,0.01,8,2026100508,2026110608,1,K1ABC FN42 33,-30,0,10.140200,0.045306401075616606,0.019214889707929547,0.08872911523779775,1.6575433997358224,0.7804246670717557,3.0971765412025323,1.8626484903083718e-14,-0.03955397271531902,-0.03475452315950251,0.26162836399998923
-30.5,0.01,9,2026100509,2026110609,1,K1ABC FN42 33,-31,0,10.140200,0.08056743739414672,0.032115265733740954,0.14175877341750995,4.665232379716655,2.4499445021598873,8.599830253985672,-4.90357754401316e-13,0.011810812564594078,-0.018115791414105218,0.26161790100013604
-30.5,0.01,10,2026100510,2026110610,1,K1ABC FN42 33,-30,0,10.140200,0.07779709187026482,0.03413335244549043,0.1489110513736408,3.6551006608257195,1.7620834854974494,6.827609001973451,-1.8609170194389124e-13,-0.042222140383057286,-0.08755294550912085,0.2328202999997302
-30.5,0.01,11,2026100511,2026110611,1,K1ABC FN42 33,-31,0,10.140200,0.07279257583863183,0.026257378657913624,0.12573385298093862,3.5818194544152053,1.7309090912381129,5.963331903445557,-2.1219267662409003e-13,0.017596298582874894,0.008663498121572726,0.24754290800046874
-30.5,0.01,12,2026100512,2026110612,1,K1ABC FN42 33,-30,0,10.140200,0.0588995792971783,0.026575421967579192,0.10227630897438411,3.25105944850824,1.707378103369667,5.753457251511459,-4.0436100648411077e-13,-0.037461298826191966,-0.06484646259852579,0.2492451929992967
-30.5,0.01,13,2026100513,2026110613,1,K1ABC FN42 33,-30,0,10.140200,0.0761740321710283,0.02299601561900943,0.12670408800537308,2.7617546197154526,1.6726694246114702,5.429922567165904,-1.206968552880383e-13,0.20182875800336855,0.16058370757001986,0.2673268679991452
-30.5,0.01,14,2026100514,2026110614,1,K1ABC FN42 33,-31,0,10.140200,0.0675527471782344,0.029507995544240086,0.13228518820261714,4.666712095880341,2.3213876211478306,6.994184625704719,8.913703108959226e-14,-0.13962564683159073,-0.08816167406695423,0.2628998809996119
-30.5,0.01,15,2026100515,2026110615,1,K1ABC FN42 33,-30,0,10.140200,0.13480703300981134,0.05112862268337331,0.22367259948365942,7.801002556243986,5.210925327871413,15.44701443337936,-6.008583387784316e-13,-0.17121085257393712,-0.13499439444027045,0.2476686330010125
-30.5,0.01,16,2026100516,2026110616,1,K1ABC FN42 33,-30,0,10.140200,0.06306461781848977,0.025905026832833595,0.1197641989769018,3.0466477716420557,1.2927867238048134,5.079017690193725,-2.2438756581977248e-13,0.06686557847939952,0.10139125951293149,0.24783601599847316
-30.5,0.01,17,2026100517,2026110617,1,K1ABC FN42 33,-30,0,10.140200,0.07877606437454332,0.036011192510548996,0.1558260584337431,5.095661849683089,2.421303836358817,8.162394777121019,2.674406919880856e-13,-0.007269135610598812,0.0037416792838888013,0.2535064080002485
-30.5,0.01,20,2026100520,2026110620,1,K1ABC FN42 33,-30,0,10.140200,0.07099555090908471,0.026211017852887576,0.12457374751596026,3.207040371618591,1.2768215223238226,4.618673871484264,3.337668683101036e-13,0.022763809990257764,0.003668289016010658,0.10178247200019541
-30.5,0.01,22,2026100522,2026110622,1,K1ABC FN42 33,-30,0,10.140200,0.09493234749041414,0.03771707293223808,0.1771359709934855,4.158389604286842,2.1797173805266055,8.216016992957304,2.380652776691819e-13,-0.07216269734185031,-0.03092015139033655,0.06201307400078804
-30.5,0.01,18,2026100518,2026110618,1,K1ABC FN42 33,-31,0,10.140200,0.10378842523802687,0.03669355226944312,0.16746022732254418,3.853755744354253,2.495425355994515,7.579187607550473,-3.4854454392108103e-13,-0.06772961435933367,-0.07855290171864619,0.2886180109999259
-30.5,0.01,19,2026100519,2026110619,1,K1ABC FN42 33,-30,0,10.140200,0.05561724441334631,0.02240150848270471,0.10161621914215352,2.2863486344294484,1.202488898271592,4.394163439004857,-2.5607163958718537e-13,-0.04690586953320641,-0.04169798385041233,0.25690505300008226
-30.5,0.01,21,2026100521,2026110621,1,K1ABC FN42 33,-30,0,10.140200,0.07304268489153215,0.02658710789224622,0.1311446295006397,2.7972070247780696,1.3518634225444492,4.879025328536283,-3.5713619561672516e-13,0.00354171717280924,0.004558712360303101,0.2419563970015588
-30.5,0.01,25,2026100525,2026110625,1,K1ABC FN42 33,-31,0,10.140200,0.070938800642103,0.024120396986628365,0.11500252128639499,2.7803826449891336,1.4175183892331111,4.61074482613608,-9.476938006049151e-14,-0.007839879198568022,0.06309892144353499,0.2595560959998693
-30.5,0.01,24,2026100524,2026110624,1,K1ABC FN42 33,-31,0,10.140200,0.059952431848683915,0.022971631291215388,0.11741140552826858,3.047514616946032,1.5916092097724717,5.804617431538167,-4.2457736545292724e-14,-0.031103939822576043,5.347008677606121e-05,0.3292945370012603
-30.5,0.01,28,2026100528,2026110628,1,K1ABC FN42 33,-31,0,10.140200,0.09644490627332858,0.038631124749158044,0.18674885250123396,5.588035456794292,2.754823251160403,9.534881352123415,-5.761818973326616e-13,0.07631189743644931,0.0694007643210553,0.1450356989989814
-30.5,0.01,23,2026100523,2026110623,0,,,,,0.04804188084557121,0.01858831465437167,0.0878259989226168,1.2990832722340158,0.674560351861808,2.3836724457342156,1.6958842370771304e-13,0.03227913348205269,-0.007504984594992894,0.5122735650002141
-30.5,0.01,27,2026100527,2026110627,1,K1ABC FN42 33,-30,0,10.140200,0.05579809519207696,0.017893954773141596,0.10730914788674044,2.2191013524976833,1.19438231620416,4.253737269857551,2.3786246410029133e-13,-0.045453573696895185,0.008752986041827419,0.24472099100057676
-30.5,0.01,29,2026100529,2026110629,1,K1ABC FN42 33,-29,0,10.140200,0.08523341877154521,0.038649590304982794,0.166088699313288,3.3261552113197648,2.003969260596563,6.60862030217824,3.7125250790248643e-13,0.0019060953389557923,-0.030563053957527474,0.09234558400021342
-30.5,0.01,26,2026100526,2026110626,0,,,,,0.08105389081608357,0.04185976853850245,0.16178707199488201,7.214400123148817,4.113763586594497,12.014323893490005,-2.7739963104345122e-14,0.09961210489296951,0.06122586044558038,0.5360562079986266
-30.5,0.01,33,2026100533,2026110633,1,K1ABC FN42 33,-30,0,10.140200,0.08873739978364882,0.030606867510817565,0.14019374656172873,3.4963006012355717,1.6337928428893633,6.854645653087072,-5.729862114292605e-14,0.011051062865589654,-0.028620945055454584,0.07333720199858362
-30.5,0.01,30,2026100530,2026110630,1,K1ABC FN42 33,-31,0,10.140200,0.10416153210638954,0.03529513365604826,0.16314487278636164,5.522898901274101,3.0327942295969383,9.192923981314257,-2.0813776049899424e-13,-0.08388286742905769,-0.026261737377963106,0.2762208290005219
-30.5,0.01,31,2026100531,2026110631,1,K1ABC FN42 33,-31,0,10.140200,0.06909084227784452,0.02969724178208306,0.12855007820154785,3.6726453722201837,2.260955130108821,7.170270776917583,-2.7418510712730326e-13,-0.0024481780514399483,0.013155052200865831,0.29682877300001564
-30.5,0.01,32,2026100532,2026110632,1,K1ABC FN42 33,-30,0,10.140200,0.0790984413660592,0.04188568842383106,0.15416353075674907,7.086072576527193,4.226417088720422,12.326576882831905,-2.960847712840664e-13,-0.03163593461593745,-0.0795199635402427,0.2860266309999133
-30.5,0.01,34,2026100534,2026110634,1,K1ABC FN42 33,-30,0,10.140200,0.06611175134191372,0.031116095476637184,0.11928123932301979,4.491358010711711,2.626358494942413,8.744159413234165,-3.047390898652802e-13,-0.09281052571146513,-0.06994656515979059,0.24982056299995747
-30.5,0.01,35,2026100535,2026110635,1,K1ABC FN42 33,-31,0,10.140200,0.07647572180883076,0.04233106524955289,0.15050855647162598,6.927086024670218,3.6844218178134622,12.404136957073376,8.400287843796095e-13,0.1480099113942021,0.0878378820447916,0.25386001900005795
-30.5,0.01,36,2026100536,2026110636,1,K1ABC FN42 33,-30,0,10.140200,0.08944259947866026,0.030948722623823293,0.14892038769812155,4.293342263707883,1.9677572938849444,6.523308433958606,5.707207709898521e-14,0.035743667173497376,-0.002147986486681427,0.23740411600010702
-30.5,0.01,38,2026100538,2026110638,1,K1ABC FN42 33,-31,0,10.140200,0.08745902912702226,0.03348082559926694,0.16269041072442264,4.541687639007242,3.0368026871716594,8.935984819416866,-3.5182571916578254e-13,0.08402513665961786,0.0015110648155811494,0.05573357400135137
-30.5,0.01,39,2026100539,2026110639,1,K1ABC FN42 33,-30,0,10.140200,0.12657689082321663,0.065457030047751,0.2478334819588332,10.843380362332793,6.61192095171565,19.64819647446017,3.697454668827316e-13,-0.0806191369431978,-0.026652424954748215,0.2746610859994689
-30.5,0.01,40,2026100540,2026110640,1,K1ABC FN42 33,-30,0,10.140200,0.0767418898556531,0.027877018840706272,0.13914315747443773,2.548205450892453,1.5111335004469442,4.885799530640311,-2.2115295705837923e-13,-0.037497407800855774,-0.08344665622790065,0.32145648100049584
-30.5,0.01,41,2026100541,2026110641,1,K1ABC FN42 33,-30,0,10.140200,0.06769706778947426,0.023629585520231408,0.12186915922175216,3.042096708688906,1.8115057469303155,6.002299435322689,4.741452456352713e-13,0.012755250892003026,0.011543943917248558,0.36258393899879593
-30.5,0.01,37,2026100537,2026110637,1,K1ABC FN42 33,-31,0,10.140200,0.08326409764334954,0.034830997125232244,0.16248956495261024,5.572211982662865,2.8317569031317227,8.941583153024247,-6.516727261984823e-14,-0.005767126098192796,-0.08903122374154233,0.6231708989998879
-30.5,0.01,42,2026100542,2026110642,1,K1ABC FN42 33,-30,0,10.140200,0.09740883812163492,0.04220911498507825,0.18263767693976007,5.810598012727078,4.098143648578754,11.60056195854073,-4.493488914292243e-13,0.16192219128280913,0.06451335316117421,0.2516175860000658
-30.5,0.01,45,2026100545,2026110645,1,K1ABC FN42 33,-30,0,10.140200,0.07790773755196508,0.038158480913117486,0.15283937473297832,5.695261298472131,3.7287793286626463,11.062928240874248,1.56392775249245e-13,0.12956578884798386,0.057527223038997495,0.1117397770012758
-30.5,0.01,47,2026100547,2026110647,1,K1ABC FN42 33,-31,0,10.140200,0.08959965766389053,0.04223057433536554,0.1535695267403766,6.497920434795055,3.8137051906614063,12.402184744827792,1.6803496528244866e-13,0.052676648951613184,0.051704298450755116,0.07282994799970766
-30.5,0.01,44,2026100544,2026110644,1,K1ABC FN42 33,-30,0,10.140200,0.07973217174240346,0.0329099963697646,0.13964194613967873,3.5759540326198667,1.8656755959956828,6.008939248505121,3.4801577852155985e-13,0.0334656959787879,-0.005206826092629841,0.2487164029989799
-30.5,0.01,43,2026100543,2026110643,1,K1ABC FN42 33,-31,0,10.140200,0.1456492151311575,0.048341718203759765,0.23293025388208002,7.108821119246857,3.6660818517191074,10.99152684192081,-1.515126999557248e-13,-0.003070637097109194,-0.13495354389316452,0.3438865790012642
-30.5,0.01,50,2026100550,2026110650,1,K1ABC FN42 33,-30,0,10.140200,0.10783847614004748,0.055742327402246196,0.2022250273105285,8.472858345184996,5.535971266343771,16.531823665494137,7.501789987818253e-13,-0.011531707606448963,-0.01002029760877395,0.06815592200109677
-30.5,0.01,46,2026100546,2026110646,1,K1ABC FN42 33,-31,0,10.140200,0.0823353124833345,0.026383744409058288,0.13771203533418996,2.8488904930956296,1.6336399268358952,4.933732483784458,-4.1365958510126977e-14,-0.09771557340967787,-0.09283056587754476,0.2987043530010851
-30.5,0.01,48,2026100548,2026110648,1,K1ABC FN42 33,-30,0,10.140200,0.06791194601766568,0.032560596835816684,0.1243187122320182,4.971094999728444,2.5383644747766145,8.396440577733557,-4.575320157462759e-13,0.05358864432759511,0.05574435097466866,0.26909652300128073
-30.5,0.01,53,2026100553,2026110653,1,K1ABC FN42 33,-30,0,10.140200,0.08124663194157106,0.03742092888339449,0.1575466973089704,5.180208740397934,2.5085370528534114,9.165844049463598,-3.589359712230511e-13,-0.04322949993870468,-0.007354762732886826,0.07245799399970565
-30.5,0.01,52,2026100552,2026110652,1,K1ABC FN42 33,-31,0,10.140200,0.0841985767336404,0.040395900537635455,0.1519242277200017,5.2289474688426925,2.3396789179144566,8.449079673758522,4.946347151313368e-13,-0.07503775892573068,-0.05994683443927449,0.26696954799990635
-30.5,0.01,51,2026100551,2026110651,1,K1ABC FN42 33,-30,0,10.140200,0.08684235700972859,0.040196681100862976,0.16629301544079778,6.129263858414146,3.999181283253156,11.214624596290212,-1.610274413810231e-13,-0.05665683405728673,0.005508461806236645,0.35533949799901166
-30.5,0.01,49,2026100549,2026110649,0,,,,,0.11296727956457885,0.05038362343715621,0.2041274741885548,7.641646823996091,3.6585444862310648,12.519524925531845,-5.272906677261657e-13,0.017391698786193607,0.05482839301157741,0.5404258170001413
-30.5,0.01,54,2026100554,2026110654,1,K1ABC FN42 33,-31,0,10.140200,0.0734573855952445,0.033020127867243704,0.13763521657519717,4.325719659633386,2.019669361377593,6.311149678745206,-5.4952231458814393e-14,-0.018854100212883133,-0.030165894716760157,0.2716943279992847
-30.5,0.01,56,2026100556,2026110656,1,K1ABC FN42 33,-30,0,10.140200,0.04189238046451696,0.01863347861772538,0.07824931006727501,2.195808197652094,1.3734625465501098,4.370248293238026,9.704151544831507e-15,0.0958757242814105,0.07696341124579363,0.2412896260011621
-30.5,0.01,58,2026100558,2026110658,1,K1ABC FN42 33,-31,0,10.140200,0.05783428940902258,0.0281070486147284,0.10897811908562335,3.1484602831181596,1.4415369429303087,5.108938869406244,-1.3919247698890302e-13,-0.06637850930697793,-0.08803057402051363,0.2605475309992471
-30.5,0.01,57,2026100557,2026110657,1,K1ABC FN42 33,-31,0,10.140200,0.08055944087016288,0.034218411866309514,0.15079337996132772,5.114998324776977,2.6413677109510396,8.740974581508723,-3.72761608906369e-13,0.04882852725452078,-0.010509707212786972,0.3491240179992019
-30.5,0.01,55,2026100555,2026110655,0,,,,,0.05144964613248984,0.021022952667119375,0.09869389182364954,2.308381165394705,1.0891098612671344,3.776937380168227,2.3095718046373115e-13,-0.09192473846839695,-0.13407971616156708,0.5164457539995055
-30.5,0.01,59,2026100559,2026110659,1,K1ABC FN42 33,-31,0,10.140200,0.049906634724321414,0.019526900375228407,0.08969299558448429,1.4978820171860294,0.7995138986113356,2.911903796412752,-1.0575774197357779e-13,0.07205327871787506,0.07950210814415326,0.25827515499986475
-30.5,0.01,63,2026100563,2026110663,1,K1ABC FN42 33,-29,0,10.140200,0.06473201664610273,0.025305239381373155,0.1103670949485534,2.96211495286955,1.3646576015475778,5.215405944841008,2.9431319848675225e-13,-0.028739355991236917,-0.00411472154552759,0.15615960000104678
-30.5,0.01,61,2026100561,2026110661,1,K1ABC FN42 33,-30,0,10.140200,0.056195314883608766,0.02355597827474908,0.09590670816272334,3.3768153597563813,1.6318184569889282,6.0671346359472995,-1.5313087169815942e-13,0.011363686287967356,0.002385150628434399,0.24988891900102317
-30.5,0.01,62,2026100562,2026110662,1,K1ABC FN42 33,-30,0,10.140200,0.06728195925331423,0.025585967114245312,0.12669249669534133,2.0612391551810734,1.105481602378864,3.811813787271844,2.3056903608598134e-13,0.01677327272004086,0.0013473978839679327,0.3866213350011094
-30.5,0.01,60,2026100560,2026110660,0,,,,,0.07871356898831924,0.03599018963026479,0.1529684093000797,5.776845310348188,2.9226685346138446,10.13360882623605,-4.826117804002106e-13,0.024971032116479906,0.014590280460747684,0.5050508040003479
-30.5,0.01,64,2026100564,2026110664,1,K1ABC FN42 33,-31,0,10.140200,0.05442968234949096,0.025522634874241137,0.10593326805736819,3.3759148287648233,2.000635381623192,6.60977964361393,3.40635180652582e-14,0.07154074822672121,0.05749442736462647,0.25824619900049584
-30.5,0.01,65,2026100565,2026110665,1,K1ABC FN42 33,-30,0,10.140200,0.05891015015092195,0.024400230675009325,0.1080553178546464,2.609301366187984,1.3558305202227312,4.6615848483428035,4.755261397322574e-13,-0.03588821899843529,0.012163309198603534,0.2690017050008464
-30.5,0.01,69,2026100569,2026110669,1,K1ABC FN42 33,-30,0,10.140200,0.0727228428300746,0.02696741018231446,0.12535099574013384,3.8431692942910862,2.28398111357773,6.740701833185742,-6.66875409061074e-14,0.06664277681773861,0.05964557959466264,0.09731347500019183
-30.5,0.01,70,2026100570,2026110670,1,K1ABC FN42 33,-30,0,10.140200,0.056590860983905145,0.022758223314561222,0.10513051574619817,3.120504440666631,1.7297451640843287,5.713805076501885,-5.6184305255099765e-14,0.04338496778900911,0.04735020149104625,0.06474295199950575
-30.5,0.01,66,2026100566,2026110666,1,K1ABC FN42 33,-31,0,10.140200,0.05130927622092679,0.02018023611667015,0.09327968250636953,1.7818310796179029,0.7486010901246013,2.8605657297268348,6.478194716774688e-14,-0.014318953788907567,-0.011337177004961516,0.2630495490011526
-30.5,0.01,71,2026100571,2026110671,1,K1ABC FN42 33,-29,0,10.140200,0.0759802873573113,0.02903144516048588,0.13504661384711633,3.724136061077758,1.9205070056066063,6.015052438157136,-2.602735735268702e-14,0.09962964058915202,0.14365239320084755,0.24915693399998418
-30.5,0.01,72,2026100572,2026110672,1,K1ABC FN42 33,-30,0,10.140200,0.06564669413164279,0.02498380207906722,0.11496190553748817,3.019069431703556,1.4576124338778507,5.418670947227202,-1.23113325090074e-13,0.15424691851261546,0.17914580751499365,0.26230415200006973
-30.5,0.01,67,2026100567,2026110667,0,,,,,0.06496561396941747,0.026836326361179698,0.11217968605859491,3.4866129058252255,1.834345075595775,6.002953169979575,-1.6131995912715968e-13,-0.0011232881084676752,-0.046537296323182945,0.544611030998567
-30.5,0.01,68,2026100568,2026110668,0,,,,,0.11510313737392315,0.050193126394381476,0.19851665993798512,7.858732560643875,4.524340393760825,13.377781506536506,8.606619377685837e-13,0.057427648603086905,-0.025985873960975073,0.5455214020003041
-30.5,0.01,75,2026100575,2026110675,1,K1ABC FN42 33,-30,0,10.140200,0.10501300964412333,0.045599320186463975,0.19307890108522,6.196010673417559,3.823990354254764,12.33824794071788,-3.051131396147877e-13,0.04566705389190704,0.06773738463131969,0.07466167699931248
-30.5,0.01,73,2026100573,2026110673,1,K1ABC FN42 33,-30,0,10.140200,0.06711429322783373,0.026752399847789692,0.11961335461361255,2.841121135952246,1.2400039491985055,4.511014665857343,-2.308331477351988e-13,-0.009994133107398521,0.013231029077882438,0.25995131299896457
-30.5,0.01,74,2026100574,2026110674,1,K1ABC FN42 33,-31,0,10.140200,0.09023553756700936,0.0441419913141421,0.15957075113779776,5.6762844843439275,3.096963489517035,10.492796566611926,4.41292401925919e-13,-0.029447409534982125,0.026281850293202822,0.26725244999943243
-30.5,0.01,77,2026100577,2026110677,1,K1ABC FN42 33,-31,0,10.140200,0.15119086832452183,0.048834143370415646,0.21650497285761305,7.4134846304543665,4.2275444890050515,13.617349676439344,1.7302782470696165e-13,-0.027321204129260236,0.1162636569834434,0.15982030899976962
-30.5,0.01,76,2026100576,2026110676,1,K1ABC FN42 33,-30,0,10.140200,0.07791987845987872,0.030200622420144336,0.13369582600570268,3.9776912060151455,2.788668926883841,7.888257332803898,1.8639094174349724e-13,0.07248502271147587,0.08141940744168209,0.37584854300075676
-30.5,0.01,78,2026100578,2026110678,1,K1ABC FN42 33,-31,0,10.140200,0.06469650998798498,0.023799077499448918,0.10814052510054457,1.9844256176756776,1.0129982502996822,3.5624829959561124,-4.4269492585624626e-14,0.03381160924274151,0.03735339124039136,0.3038300509997498
-30.5,0.01,80,2026100580,2026110680,1,K1ABC FN42 33,-31,0,10.140200,0.06645150300629468,0.024493482568258344,0.11437680910173231,2.8709767943595996,1.3738070513283647,4.883961684718124,-7.192055111182594e-15,-0.09506584014678603,-0.12211492886497818,0.262521900000138
-30.5,0.01,79,2026100579,2026110679,1,K1ABC FN42 33,-30,0,10.140200,0.11407563346906488,0.05581080673935392,0.20578209718915408,8.262134789644396,5.200507238310115,16.414226571969834,-4.0733952669236295e-13,0.011127662072949357,0.03060761352736409,0.27253036799993424
-30.5,0.01,81,2026100581,2026110681,1,K1ABC FN42 33,-30,0,10.140200,0.08859085274027591,0.036479991757057705,0.16950291023149922,5.131351028304676,2.4849330021997185,7.997528998139913,-4.32803315755792e-13,0.08898245472247379,0.02137162269803133,0.27206282899896905
-30.5,0.01,82,2026100582,2026110682,1,K1ABC FN42 33,-30,0,10.140200,0.10889878937986416,0.046516731247608425,0.2169319330014176,6.7066061777694275,4.672266376996562,13.35915358305395,8.905851316826086e-13,-0.015759034200156497,-0.12379217782170995,0.2687689230006072
-30.5,0.01,83,2026100583,2026110683,1,K1ABC FN42 33,-30,0,10.140200,0.07472872068820174,0.028503975271869954,0.13549388838274254,2.977003218694945,1.453817407855589,5.26189754780245,8.108162578845945e-14,0.008057971275136975,-0.03406997154768581,0.2738004330003605
-30.5,0.01,86,2026100586,2026110686,1,K1ABC FN42 33,-31,0,10.140200,0.06827844552806475,0.030974164101513928,0.13023558931551432,4.632291124747185,2.7987687075387875,8.80806246835003,3.880981907372627e-13,-0.08493387906555513,-0.09777182870277507,0.2692594629988889
-30.5,0.01,84,2026100584,2026110684,0,,,,,0.10399948736348391,0.03055487479417778,0.15090388777668842,3.550782290434799,2.180107884389194,6.945275588733287,2.8918534233923765e-13,0.16710510706978582,0.08732489973111479,0.5632598329993925
-30.5,0.01,85,2026100585,2026110685,0,,,,,0.08077674892171177,0.029327686458795754,0.1311577081174159,4.64774482754584,2.4430285586025655,7.75956380950319,1.074480565285696e-12,0.12568227882171945,0.08600046326845298,0.5377311400006874
-30.5,0.01,87,2026100587,2026110687,0,,,,,0.10364035856145272,0.03998916771453461,0.19677565464998076,5.431748540512727,3.72511571725544,9.88807379357619,-9.453679158943906e-14,0.09814255886602778,0.027068347971522206,0.5245054120005079
-30.5,0.01,88,2026100588,2026110688,1,K1ABC FN42 33,-31,0,10.140200,0.08886090698837515,0.04089346012224964,0.1697155183755928,5.9448214872918586,3.3879470715486963,10.616899106070075,-2.2890630363425757e-13,0.011506611544353304,-0.02029154012598888,0.2849530480016256
-30.5,0.01,89,2026100589,2026110689,1,K1ABC FN42 33,-29,0,10.140200,0.07287812016349354,0.023167520285530933,0.12014913192059842,2.043007019996516,1.0664928226119146,3.5737047661098797,-4.5543972239381336e-14,-0.04209476243746608,-0.043150379055550754,0.2473541989984369
-30.5,0.01,91,2026100591,2026110691,1,K1ABC FN42 33,-30,0,10.140200,0.05516843018121608,0.027740232242004614,0.10781035038241207,3.9226019206721037,2.3593314775477596,7.597281776509851,7.000652228056348e-13,-0.1254364848271787,-0.14303649402663676,0.26666847900014545
-30.5,0.01,92,2026100592,2026110692,1,K1ABC FN42 33,-30,0,10.140200,0.07677104283828257,0.02852213680111379,0.1328010770481836,3.960992256514326,1.981736518948761,7.164047725589802,2.1487233650349657e-13,0.09072325109995834,0.04700614354501244,0.2602617559987266
-30.5,0.01,95,2026100595,2026110695,1,K1ABC FN42 33,-30,0,10.140200,0.08742875742828518,0.040199243921609965,0.15920145370469369,6.669921963334249,4.0566101689656255,11.718999575651809,6.63750928135351e-13,-0.06600490668819475,-0.0057842458616632186,0.06949330300085421
-30.5,0.01,93,2026100593,2026110693,1,K1ABC FN42 33,-31,0,10.140200,0.0693390220410863,0.03228024441436018,0.13246118975814392,5.133262820621028,2.6633488969965184,8.301703679795535,-1.6601683135858414e-13,0.0152239089439524,-0.022494967972850218,0.3730564389989013
-30.5,0.01,90,2026100590,2026110690,0,,,,,0.07151624275416059,0.027450256030913667,0.1356046541171192,3.5873711939768236,1.8216847644369716,6.701891437504714,1.271769961477126e-13,0.03752743743232954,0.02920093232323516,0.5302665180006443
-30.5,0.01,97,2026100597,2026110697,1,K1ABC FN42 33,-30,0,10.140200,0.05594991309536246,0.024534128745769067,0.09755199370860809,1.9841968477683307,0.9613907814706608,3.792993835639685,-1.919690535007179e-13,0.0012699182193888446,0.021967122876103945,0.08138279699960549
-30.5,0.01,96,2026100596,2026110696,1,K1ABC FN42 33,-30,0,10.140200,0.08279448227356558,0.033312500882901025,0.15382783548937592,4.735133333858947,2.91455730878056,9.446585840538091,9.981588038748823e-14,0.09580436686824359,0.01300988459467801,0.24664579199998116
-30.5,0.01,94,2026100594,2026110694,1,K1ABC FN42 33,-30,0,10.140200,0.058812866011821695,0.020981494168901726,0.10478724895791601,2.3022063847475316,1.1256976896662378,3.742333985596331,1.3131206191840938e-14,-0.02734582498762631,-0.028732672488857545,0.3354033480009093
-30.5,0.01,100,2026100600,2026110700,1,K1ABC FN42 33,-30,0,10.140200,0.05672811943519538,0.02315453254908629,0.10208925132227104,2.3005560698840624,1.2084805016896338,4.588252181699316,2.8809940544327617e-13,-0.032751327543127165,-0.0037306740887891364,0.05771279600048729
-30.5,0.01,98,2026100598,2026110698,1,K1ABC FN42 33,-30,0,10.140200,0.07878934416330081,0.033097436820351614,0.14341099027606735,4.113009429455072,2.089538992165471,7.610992552887355,-6.000755448098971e-13,-0.013019361611703058,0.0012209383039028438,0.21158510699933686
-30.5,0.01,102,2026100602,2026110702,1,K1ABC FN42 33,-29,0,10.140200,0.06827503153147584,0.03122807829705682,0.12733822886647247,4.132333706146371,2.3383472811122425,7.6323165954870085,5.654070961425006e-14,0.008466176736244075,0.046678186423559795,0.0553701570006524
-30.5,0.01,99,2026100599,2026110699,1,K1ABC FN42 33,-30,0,10.140200,0.04660864561951516,0.017363189461114755,0.08363634856358212,1.6471260594467743,0.7274910859399193,2.904646806020854,-4.628806019035814e-14,-0.0059066838368931115,-0.029601704226441993,0.24769530699995812
-30.5,0.01,103,2026100603,2026110703,1,K1ABC FN42 33,-30,0,10.140200,0.06760901490775845,0.024973071369629722,0.11805384421959096,3.617195137492407,1.4545343496133558,5.230454011027257,7.077498309637775e-14,-0.11646708614298514,-0.1387210832700082,0.16578535599910538
-30.5,0.01,106,2026100606,2026110706,1,K1ABC FN42 33,-29,0,10.140200,0.09223567528142108,0.034682435216509676,0.15436563701192463,4.757845055115263,2.545316953388498,8.847670424011714,2.0435476227875782e-14,-0.06937558011692144,-0.007245618386417907,0.10918397700152127
-30.5,0.01,105,2026100605,2026110705,1,K1ABC FN42 33,-30,0,10.140200,0.08722101582810395,0.032725306066195316,0.1424182180551981,4.086450960624638,2.3660553250052203,7.983158965258104,2.1531428441405598e-13,-0.10045671027727528,-0.013235694449171333,0.24172450999867579
-30.5,0.01,107,2026100607,2026110707,1,K1ABC FN42 33,-30,0,10.140200,0.05368597980462811,0.022359071649509153,0.09494246509683629,1.5755104883529045,0.9541711301411775,2.982286531584907,-1.0002697455047116e-13,0.08032710240208388,0.04510267435457966,0.06794232700121938
-30.5,0.01,104,2026100604,2026110704,1,K1ABC FN42 33,-31,0,10.140200,0.06530981701076677,0.03227431657961276,0.12990709849299098,4.543655442983929,2.439428316493352,8.458663240842405,4.834065005926425e-13,-0.06106345008185733,-0.008460178375724126,0.349716859000182
-30.5,0.01,101,2026100601,2026110701,0,,,,,0.07321402051346088,0.031116693326353258,0.12282684062686794,2.9399600932024166,1.3402281303909591,5.172845625745236,-5.428860486156317e-14,-0.05034434556443705,-0.10431622344592122,0.5276190589993348
-30.5,0.01,110,2026100610,2026110710,1,K1ABC FN42 33,-29,0,10.140200,0.06861722864069471,0.030035812372212676,0.13614772005116094,4.112309637518004,2.3497527384598422,7.562663754201537,1.5655163797256844e-13,-0.05157370368316413,-0.0011139902962085568,0.09231363899925782
-30.5,0.01,111,2026100611,2026110711,1,K1ABC FN42 33,-30,0,10.140200,0.07671512750672967,0.032198725733518244,0.14455392162555966,3.669731877268515,1.8673446267820941,6.754134068181903,-2.0250533021293204e-13,-0.012239159248303573,-0.017587571159925753,0.053457019001143635
-30.5,0.01,108,2026100608,2026110708,1,K1ABC FN42 33,-30,0,10.140200,0.06690847241565032,0.023038758277502784,0.11257727043448165,2.5784806790146146,1.317537316481146,4.417719547390339,1.2954069240900257e-13,-0.015973334522413594,-0.02168126231653151,0.24825119500019355
-30.5,0.01,109,2026100609,2026110709,1,K1ABC FN42 33,-31,0,10.140200,0.0581039933867159,0.028486266684648626,0.11577536154909479,3.530294898592554,1.5555461863607452,5.418709226745223,5.467642397866124e-13,-0.07865967237873177,-0.03682833953132172,0.25470345199937583
-30.5,0.01,114,2026100614,2026110714,1,K1ABC FN42 33,-30,0,10.140200,0.07654162996537534,0.03758382155127967,0.1493379751034871,5.335919335933986,2.9219719272904094,9.393075074492454,5.19971300174879e-13,0.0996601235281783,0.07348702474920424,0.06650361299944052
-30.5,0.01,116,2026100616,2026110716,1,K1ABC FN42 33,-29,0,10.140200,0.09818859859755316,0.04148466620528372,0.1766363884354134,6.063125486880226,4.088917516828798,11.951500748955754,-3.124065676290977e-13,-0.1250919425803052,-0.04754137780330366,0.1241235429988592
-30.5,0.01,113,2026100613,2026110713,1,K1ABC FN42 33,-30,0,10.140200,0.09603935451670881,0.04269689732522223,0.17727971124518027,6.76902626633479,4.337624666761884,12.278844896980134,9.920272069086078e-13,0.08664424562572381,0.03077800446810321,0.3639917130003596
-30.5,0.01,115,2026100615,2026110715,1,K1ABC FN42 33,-31,0,10.140200,0.049482866915683266,0.02024130002392902,0.09190204919621534,2.5530299372373944,1.092088941993699,4.311369822964354,-4.385478525464892e-14,0.023526647682888317,0.029699579642254455,0.3419781829998101
-30.5,0.01,118,2026100618,2026110718,1,K1ABC FN42 33,-30,0,10.140200,0.08529877744391054,0.050189809873715956,0.16906676769296325,7.938377300891685,5.153131600908688,15.860545550817143,-6.394919316310421e-13,-0.06367623921816708,-0.01845382381003766,0.09094157999970776
-30.5,0.01,112,2026100612,2026110712,0,,,,,0.09303741267733075,0.04139228415170866,0.1635817527984189,6.974858609218949,3.8968914756258637,12.224669253908202,8.523954111994136e-14,-0.0449802030712168,-0.058666977806676374,0.5222620299991831
-30.5,0.01,120,2026100620,2026110720,1,K1ABC FN42 33,-30,0,10.140200,0.07481292228822078,0.024531305900266153,0.14169900029795024,3.273448257241274,1.6609510687951108,5.87301394130156,-5.533312523453571e-14,0.07695787794829008,0.08943424503687301,0.09943508300057147
-30.5,0.01,121,2026100621,2026110721,1,K1ABC FN42 33,-32,0,10.140200,0.08029622592689115,0.0298669071403758,0.15562161851317347,4.219304735245526,2.3432842089862147,7.5406347668682345,2.333012255606448e-13,0.05176285443987936,0.025728595817832017,0.12474376499994833
-30.5,0.01,119,2026100619,2026110719,1,K1ABC FN42 33,-30,0,10.140200,0.08545330085752686,0.032827470694445415,0.14021029494236287,3.821733587199924,2.227488847413928,7.541096043567736,-1.4345653571307126e-13,0.029445704200099395,0.027822322957023367,0.23510652400000254
-30.5,0.01,123,2026100623,2026110723,1,K1ABC FN42 33,-30,0,10.140200,0.0821378625538095,0.031484161119008654,0.1435288398507622,4.076435852477057,1.828709524763843,7.145374412987676,6.839147304038562e-16,-0.02074331021362423,-0.007339351192318046,0.06677594100074202
-30.5,0.01,117,2026100617,2026110717,0,,,,,0.07630585792332793,0.028875919730490078,0.13010067044600115,3.5109299246191497,1.8523002244771245,6.777672032209094,9.834936142393003e-14,0.0266054364044366,0.041451404061153434,0.529882565000662
-30.5,0.01,122,2026100622,2026110722,1,K1ABC FN42 33,-30,0,10.140200,0.06584532890592007,0.02818675185467392,0.11818421287945143,4.247287620203198,2.2069396584886087,7.7020754163894445,1.1794552964503047e-13,0.018929131444448542,0.012945986689137982,0.2596807970003283
-30.5,0.01,127,2026100627,2026110727,1,K1ABC FN42 33,-30,0,10.140200,0.09966303864486944,0.04448608623356803,0.1831015344000682,6.5355014183429265,4.260619636115868,12.502406203481101,5.592102302054425e-13,0.016113823336699275,0.0020624539215309103,0.061060866999469
-30.5,0.01,126,2026100626,2026110726,1,K1ABC FN42 33,-30,0,10.140200,0.05945674346501721,0.023747369848666357,0.1013716076889022,3.1871234223727996,1.5395997038386773,5.7437499906091185,1.6495116904324814e-13,0.08254974361280248,0.0973076431391479,0.1955497449998802
-30.5,0.01,125,2026100625,2026110725,1,K1ABC FN42 33,-31,0,10.140200,0.07513026471302442,0.029388716458546547,0.1420164643966132,3.761943576195538,2.446424427634655,7.407457004398581,1.8495621700864717e-13,-0.06510396967469217,0.010026295038332241,0.2861637129990413
-30.5,0.01,128,2026100628,2026110728,1,K1ABC FN42 33,-30,0,10.140200,0.06388340994870594,0.02292952237554749,0.10897988356827508,3.140998066404743,1.7663584499111091,6.030342804397348,1.4430530338380154e-13,-0.04973381198727716,-0.050109084316363066,0.2612513019994367
-30.5,0.01,124,2026100624,2026110724,0,,,,,0.08041243672951422,0.028107988569228585,0.13341459028487965,3.3168163009520963,1.903368774953117,6.614853554984894,2.0918575031891873e-13,0.0908631789093078,0.086719989124247,0.5051741739989666
-30.5,0.01,130,2026100630,2026110730,1,K1ABC FN42 33,-30,0,10.140200,0.0623116712113903,0.022755856685410095,0.1092582785961825,2.6703370854315707,1.2496566818203032,4.230937025997294,-1.621341949586963e-13,-0.016705860880498264,0.006634751964171905,0.23697417399853293
-30.5,0.01,132,2026100632,2026110732,1,K1ABC FN42 33,-30,0,10.140200,0.06645803837291325,0.028453819698733465,0.1242762362013391,3.9531077206191263,1.998854056896048,6.571180439907748,4.681823505270355e-14,0.13278996404339383,0.07946444511073858,0.08792184600133623
-30.5,0.01,131,2026100631,2026110731,1,K1ABC FN42 33,-30,0,10.140200,0.08471189996740901,0.03640249388564789,0.141448032005398,5.538257475669514,3.3925867425464955,10.147706508455165,-6.38459689847673e-13,0.034121066635112544,-0.041688560790016586,0.24305881500004034
-30.5,0.01,133,2026100633,2026110733,1,K1ABC FN42 33,-30,0,10.140200,0.050843254408349,0.01966258596668684,0.09739322342699314,2.3193578135559565,1.0552824123935134,3.9259002909660805,1.0943698204590735e-13,-0.12701988317082258,-0.11001282452670223,0.267372008998791
-30.5,0.01,129,2026100629,2026110729,0,,,,,0.0547437304605894,0.02163641572598236,0.10817931820578333,1.6890465043582525,0.7039595786108248,3.233099966684349,-8.282545656268514e-14,0.010246437458386697,-0.026671568082913953,0.5436256400007551
-30.5,0.01,134,2026100634,2026110734,1,K1ABC FN42 33,-31,0,10.140200,0.06051712367373822,0.02566002464476464,0.11555900655437934,3.0941166690982875,1.6004646219124636,5.1908498276030794,-5.2013731863254087e-14,-0.02274625725376069,-0.04990626529995716,0.24155178100045305
-30.5,0.01,135,2026100635,2026110735,1,K1ABC FN42 33,-30,0,10.140200,0.08539075731383913,0.03493508052702474,0.16040947477333845,4.539261281232359,3.078969799475177,8.067505353504608,2.25583874496893e-13,0.14771993269594147,0.07715570496999384,0.1627359609992709
-30.5,0.01,138,2026100638,2026110738,1,K1ABC FN42 33,-30,0,10.140200,0.07213406246350879,0.034699971306956304,0.1382531460506168,4.371437147370116,2.6680151263060226,8.337923380889716,-2.384765562107871e-13,-0.07254455129463655,-0.0639536495587072,0.09774357000060263
-30.5,0.01,137,2026100637,2026110737,1,K1ABC FN42 33,-30,0,10.140200,0.07501263247196144,0.03365632819936696,0.1416936282977196,4.919010036349813,3.0522449714062088,9.6593225773866,-1.7731649482044531e-13,-0.11960722922142954,-0.044594596749468106,0.29295964899938554
-30.5,0.01,139,2026100639,2026110739,1,K1ABC FN42 33,-30,0,10.140200,0.05103940129751386,0.021423487081636976,0.10150285789818722,1.878173925151632,0.9555318867718698,3.4486414332280972,2.5380522336582167e-14,-0.030399456090352134,0.0037200972982918625,0.26027909600088606
-30.5,0.01,140,2026100640,2026110740,1,K1ABC FN42 33,-30,0,10.140200,0.05713395915566011,0.02361092125032146,0.10775952698932634,2.5607511610534566,1.3276440220890016,4.914286090156713,-1.5721180867539486e-13,-0.07920058814851759,-0.0815593216367388,0.26861977000044135
-30.5,0.01,136,2026100636,2026110736,0,,,,,0.1260493213042801,0.04749588605057636,0.21756205805698176,7.38098508961279,3.870799091149345,12.407852011768806,5.394421888349488e-13,-0.10856181261251559,-0.14023743616684214,0.49480357600077696
-30.5,0.01,141,2026100641,2026110741,1,K1ABC FN42 33,-30,0,10.140200,0.05227716069479044,0.021976363713200667,0.09660187275522805,2.59458445483182,1.1406182322912324,4.392579346479586,3.0825613329260593e-13,-0.12712054843900047,-0.13610232438032877,0.24962780900023063
-30.5,0.01,142,2026100642,2026110742,1,K1ABC FN42 33,-30,0,10.140200,0.07407192073951652,0.02571913548187269,0.12745542332832124,2.9051859305451595,1.353664522716072,5.21753958966703,-1.7426901935402306e-13,0.02661047656136895,0.03773778406580784,0.29420941100033815
-30.5,0.01,143,2026100643,2026110743,1,K1ABC FN42 33,-30,0,10.140200,0.12604436133165306,0.04549801582075708,0.21367152309355414,6.947747734735832,3.2524052438431332,11.184699896955534,2.3587728992247037e-13,-0.04409371909034428,-0.05374660919224095,0.2506222370011528
-30.5,0.01,145,2026100645,2026110745,1,K1ABC FN42 33,-30,0,10.140200,0.10520051232251712,0.04686404276918672,0.17897527016759238,7.286097420507116,4.491328807169291,13.754029222283467,7.908893808958317e-13,-0.05597834054354341,-0.1452578588141657,0.24929813699964143
-30.5,0.01,144,2026100644,2026110744,1,K1ABC FN42 33,-30,0,10.140200,0.0849227157098904,0.027206274229682158,0.14882613128355757,3.4187559547967337,1.950850175198304,6.165268180731328,-2.5934246070113964e-13,0.06558304602356507,0.0494633564158456,0.347480689000804
-30.5,0.01,148,2026100648,2026110748,1,K1ABC FN42 33,-30,0,10.140200,0.10533840596354654,0.04341102369184,0.20598495038416953,6.215352894371769,3.5349554329485304,11.381519099593817,-1.2777105762307173e-13,0.0012980194182446792,0.08385579733067994,0.06634744000075443
-30.5,0.01,146,2026100646,2026110746,1,K1ABC FN42 33,-31,0,10.140200,0.07190181216101055,0.03145264242837931,0.1389647708804932,4.290540452145809,2.6377900144853674,8.404176894978098,1.6774645908435026e-13,-0.06286329068450083,-0.10488550073484487,0.28324144600082946
-30.5,0.01,151,2026100651,2026110751,1,K1ABC FN42 33,-31,0,10.140200,0.08313450263143687,0.03451758144517159,0.15126350675912598,4.377839508067523,2.741436196987435,8.3840711338586,-1.539729715255289e-14,-0.060414689596862914,-0.07063362430190892,0.09953866500109143
-30.5,0.01,150,2026100650,2026110750,1,K1ABC FN42 33,-30,0,10.140200,0.08889435087688002,0.0355173892248901,0.17453100009397596,5.682276877335465,2.847618364389077,9.13989750968013,9.983784632350279e-13,0.01847592970075163,0.00787551374933643,0.23548376899998402
-30.5,0.01,149,2026100649,2026110749,1,K1ABC FN42 33,-31,0,10.140200,0.08487691638534933,0.03164640348355803,0.14783748651172593,4.020317618903934,2.056119429425813,6.450916533456397,4.689210174671499e-13,-0.03088240364781708,-0.008787344598760799,0.3063222079999832
-30.5,0.01,147,2026100647,2026110747,0,,,,,0.0476237000541435,0.021431918937019158,0.0915790809757359,2.080478723061104,0.8819745639679419,3.3742359003868976,-7.096059850830727e-14,-0.05044524528270765,-0.041950596077997046,0.5360524019997683
-30.5,0.01,152,2026100652,2026110752,1,K1ABC FN42 33,-31,0,10.140200,0.09812347733587125,0.03911502325846762,0.18701088831678975,6.327799932941361,3.799949016450967,11.283421199302197,9.171580595684903e-14,-0.05960657165829103,-0.13696779381509708,0.24371792300007655
-30.5,0.01,153,2026100653,2026110753,1,K1ABC FN42 33,-30,0,10.140200,0.06717968994888396,0.0291104776603987,0.12701206707476043,3.279762351633563,1.7797205328605215,6.290971154689398,-3.626513152277244e-13,0.03672630621733455,0.01753549404617959,0.15101623000009567
-30.5,0.01,155,2026100655,2026110755,1,K1ABC FN42 33,-30,0,10.140200,0.06992854083784039,0.03201096593391047,0.13260643684473666,4.567431816410454,2.4184155122288633,7.945897245867585,-1.1395820810437829e-12,0.0660663485124687,0.10455101018031263,0.23955377799939015
-30.5,0.01,158,2026100658,2026110758,1,K1ABC FN42 33,-31,0,10.140200,0.07325692641178651,0.02349652506173981,0.12297903389370814,2.2866747966245273,1.2323665152186811,4.5024959525121035,2.7978289715395455e-13,0.09059743274572261,0.035810589435346894,0.05537711800025136
-30.5,0.01,154,2026100654,2026110754,1,K1ABC FN42 33,-30,0,10.140200,0.048015148278025985,0.018471127941012695,0.09003032437403152,1.7518251547613672,0.9102458696075603,3.089242754704733,-1.577820448080136e-14,0.07255374968689494,0.07232944997073558,0.35343940000166185
-30.5,0.01,156,2026100656,2026110756,1,K1ABC FN42 33,-30,0,10.140200,0.05621968360978935,0.025691064496679385,0.11188118623097207,4.265442851709893,2.215618884701033,7.072001920831209,2.6557228638424135e-13,-0.03837912215485254,-0.0073283579354139,0.25678782900104125
-30.5,0.01,157,2026100657,2026110757,1,K1ABC FN42 33,-30,0,10.140200,0.07289869905166178,0.03705022596642727,0.14177910520948517,6.1522444200828685,3.824814253420375,11.561607048332355,-1.2297021040330591e-15,0.06513567204747277,0.00908192685786848,0.259704068001156
-30.5,0.01,160,2026100660,2026110760,1,K1ABC FN42 33,-30,0,10.140200,0.06889677969814167,0.028119474954463358,0.13576556972987325,3.6264729407913374,1.6255205107958108,5.9847476093049625,6.960176792553119e-14,0.04043542592149512,0.03923439518815934,0.0793742759997258
-30.5,0.01,163,2026100663,2026110763,1,K1ABC FN42 33,-30,0,10.140200,0.04464396617311843,0.017906578442942547,0.07992337322707539,1.4911948243602284,0.6966612438567223,2.93365646556557,1.289134543471654e-13,0.007932768654495454,0.024107021715186947,0.056950251000671415
-30.5,0.01,159,2026100659,2026110759,1,K1ABC FN42 33,-31,0,10.140200,0.06018221113335892,0.022662177694040445,0.1203233486507328,3.0476788167083546,1.5361028497911848,5.0252751411640775,-1.2295893470071206e-13,-0.04508889691629867,-0.029596812645446155,0.25955253900065145
-30.5,0.01,161,2026100661,2026110761,1,K1ABC FN42 33,-30,0,10.140200,0.049735494478879864,0.023352525770389227,0.09846281540073179,3.14709958819539,1.6538201981397536,5.188199447928977,6.361577931102147e-14,0.08646771750032584,0.13262698756490787,0.26133595799910836
-30.5,0.01,162,2026100662,2026110762,1,K1ABC FN42 33,-31,0,10.140200,0.04428668057879445,0.017645994480753033,0.0870320160087759,1.8179678606286558,0.9925957464098681,3.410797295429383,-1.9185331491880508e-13,0.03449712650908046,0.06997534697492935,0.2769093940005405
-30.5,0.01,167,2026100667,2026110767,1,K1ABC FN42 33,-30,0,10.140200,0.08945623670368844,0.0478954158167558,0.1611971944552063,7.534046559291804,4.786730322365476,14.599629818743642,2.4534194120739983e-13,-0.08027189544427663,-0.011644224367308007,0.0748524760001601
-30.5,0.01,168,2026100668,2026110768,1,K1ABC FN42 33,-30,0,10.140200,0.09230937279696629,0.0366200927284464,0.16745006826725023,5.328978374609326,3.392662297992533,9.772922696118567,-2.5703915450085713e-13,0.05934717700917123,-0.015793518461112706,0.05596305299877713
-30.5,0.01,165,2026100665,2026110765,1,K1ABC FN42 33,-31,0,10.140200,0.12629580564737802,0.040747238874855755,0.20382287646670585,6.358633009965089,3.2923617391505444,10.150574474012142,6.27276144438485e-14,-0.038585692286656585,-0.05248470876515317,0.2745253640005103
-30.5,0.01,164,2026100664,2026110764,1,K1ABC FN42 33,-30,0,10.140200,0.060547485834349934,0.027601769518021728,0.10588781153457773,4.385768961916772,2.43170901073205,8.248696110929579,-5.13021916614953e-13,0.0401060158305679,0.09867470869582667,0.4327670320017205
-30.5,0.01,170,2026100670,2026110770,1,K1ABC FN42 33,-30,0,10.140200,0.0552066655167511,0.023138616635846224,0.10038844336508457,3.033908026871259,1.4575652384612356,5.127295464582719,3.475674609232371e-13,-0.03264211444692822,-0.03303159172372047,0.07050668600095378
-30.5,0.01,166,2026100666,2026110766,1,K1ABC FN42 33,-31,0,10.140200,0.051762224112081756,0.016008536741261344,0.09214762854603711,1.234744019286106,0.668995993366503,2.4028999234693904,-7.263135405610743e-14,0.021575951516925276,-0.012792943387046354,0.3239726880001399
-30.5,0.01,171,2026100671,2026110771,1,K1ABC FN42 33,-29,0,10.140200,0.06644614280778446,0.024868255172079308,0.11323275467188774,2.8850005974792534,1.418176358548418,4.680670817592032,-4.769795669545829e-14,0.02207879672498976,-0.044367346082794704,0.14935871099987708
-30.5,0.01,172,2026100672,2026110772,1,K1ABC FN42 33,-30,0,10.140200,0.07876297690529059,0.027166707265297643,0.1477045885745294,3.595087083189899,2.1879465391596873,6.931842177557313,1.6274302868865553e-13,-0.01349778748912303,0.06526518941616756,0.2431707110008574
-30.5,0.01,173,2026100673,2026110773,1,K1ABC FN42 33,-31,0,10.140200,0.0551256677290977,0.02410954804697877,0.10481743523873426,1.901224706501077,1.0462483832273601,3.4072201391667485,6.163624298449744e-14,-0.03320574309146347,-0.04346107970180446,0.25006375100019795
-30.5,0.01,169,2026100669,2026110769,0,,,,,0.1210271677745911,0.04187916511678582,0.21694782868947912,5.4620457229150015,3.458232743798788,9.298824669352095,3.9607640084371454e-14,-0.11763199776991982,-0.06939685507133632,0.5016382550002163
-30.5,0.01,174,2026100674,2026110774,1,K1ABC FN42 33,-30,0,10.140200,0.07075809861171506,0.027587703430727965,0.13795237659263915,2.8335790153523064,1.463089258894051,5.572422489007151,9.241782686353339e-14,0.02809504811908838,0.048679905938797445,0.24812461099827487
-30.5,0.01,178,2026100678,2026110778,1,K1ABC FN42 33,-31,0,10.140200,0.06256057263264368,0.027757923296554902,0.11973123993222713,4.063013880540033,2.055299363199041,6.472829451882489,4.867764177851619e-14,0.03380872008776805,0.0013238265233962267,0.049363361998985056
-30.5,0.01,175,2026100675,2026110775,1,K1ABC FN42 33,-29,0,10.140200,0.11964898423930233,0.04050721795094214,0.2033686060456154,5.68021524015081,3.490882079077405,9.42544885562641,-6.149161041468787e-13,0.03485885517331637,0.06143219528810382,0.28593262100002903
-30.5,0.01,179,2026100679,2026110779,1,K1ABC FN42 33,-29,0,10.140200,0.05851648416209508,0.022325998117312108,0.10921711318225492,2.54102447020581,0.9405776554895727,4.363479720242195,1.4491527552604189e-13,-0.06614328133690307,-0.046582877419633635,0.11742161300026055
-30.5,0.01,176,2026100676,2026110776,0,,,,,0.08232599334748181,0.03226247708670092,0.1477192482224195,5.023858110289193,2.4752960890602065,8.163028318775382,6.400212391316495e-13,-0.07076315004143098,-0.030644194259604154,0.4390194839998003
-30.5,0.01,180,2026100680,2026110780,1,K1ABC FN42 33,-30,0,10.140200,0.05427067084507138,0.0240377826856232,0.09423217106955797,1.9628486882251694,0.9194950735310162,3.612546933076147,-1.2807452581115042e-13,0.1281651752194016,0.1236125050159894,0.26722765600061393
-30.5,0.01,181,2026100681,2026110781,1,K1ABC FN42 33,-30,0,10.140200,0.10129029555783,0.038125614078535805,0.17117144057015193,5.853704056717455,2.9979507029533856,10.137007093360765,6.105142433265875e-14,0.025722515003636873,-0.013701828763810828,0.24969806099943526
-30.5,0.01,177,2026100677,2026110777,0,,,,,0.07957993378529417,0.03027265849969474,0.14923998496601104,4.009378326025944,2.174173729025382,6.959730054382634,-4.1028210559859724e-13,0.028310492160677863,0.010109015261785273,0.510559350001131
-30.5,0.01,182,2026100682,2026110782,1,K1ABC FN42 33,-31,0,10.140200,0.08893883888178152,0.04372679171905817,0.17332867462312185,6.238168247622635,3.7286207849203667,11.842541865270295,3.614717574741688e-13,0.07840895500856429,0.0022248447187224463,0.24883039199994528
-30.5,0.01,184,2026100684,2026110784,1,K1ABC FN42 33,-30,0,10.140200,0.10821655748175919,0.029744225996593175,0.16125446688564876,4.07139758279185,2.123007054270268,6.037121006205216,1.4933150202511847e-13,-0.1201837399976607,-0.04653105576252122,0.20821348600111378
-30.5,0.01,186,2026100686,2026110786,1,K1ABC FN42 33,-30,0,10.140200,0.05584024405353642,0.02483161514839194,0.10858996810999656,2.0350132634779237,1.1685263955439231,3.9113407971172096,1.6374488570614076e-13,0.14951063393995367,0.13642295484300676,0.08546187899992219
-30.5,0.01,185,2026100685,2026110785,1,K1ABC FN42 33,-31,0,10.140200,0.12211714923217856,0.049256942406675934,0.19528075178889187,7.012186874068628,4.035625235242351,13.494519971124257,-9.279762288455506e-13,-0.0541963401880309,-0.05287897966670514,0.23713547700026538
-30.5,0.01,188,2026100688,2026110788,1,K1ABC FN42 33,-31,0,10.140200,0.09364947425193795,0.03808298496861906,0.17700827081596,5.759233464625058,3.385887821000742,9.762006018266955,5.843932109061978e-13,0.11114719482479897,0.08450025996365881,0.2461666580002202
-30.5,0.01,183,2026100683,2026110783,0,,,,,0.1251764439043773,0.05309146052367176,0.20986256944437015,7.465565089083508,4.981585024260028,14.853140513993907,6.851854153500092e-14,-0.1335584183653785,-0.020595866802004766,0.5020637130000978
-30.5,0.01,190,2026100690,2026110790,1,K1ABC FN42 33,-29,0,10.140200,0.06177022844346271,0.027098616747642093,0.11566083593023116,3.9856784510807155,2.050254852095349,6.79963263318006,-2.763230182861731e-13,0.05275923091455859,0.04429082020057366,0.06024464300026011
-30.5,0.01,189,2026100689,2026110789,1,K1ABC FN42 33,-30,0,10.140200,0.04457589036827637,0.017640122442862637,0.08066375015696528,2.3836008987401236,1.3458635393768752,4.531218224188697,8.30232150389465e-14,-0.03957564059315599,-0.03677248628971545,0.25423892099934164
-30.5,0.01,187,2026100687,2026110787,1,K1ABC FN42 33,-30,0,10.140200,0.07147304525104523,0.032507184404644854,0.14157740668835156,4.319565984994484,2.386339847109235,8.41771278153493,-7.947680193002085e-13,-0.018203229470577554,-0.005426606418621798,0.3562408090001554
-30.5,0.01,192,2026100692,2026110792,1,K1ABC FN42 33,-31,0,10.140200,0.07198889808452472,0.032530993790948634,0.14078859058175575,3.6183261320269042,1.9818367643165258,6.577813590343711,1.6901193986007534e-13,-0.026401589991848183,-0.0983904880763729,0.0966004410001915
-30.5,0.01,194,2026100694,2026110794,1,K1ABC FN42 33,-30,0,10.140200,0.07126657088527942,0.03579254025324104,0.1333050176803231,5.828119952675832,3.322751484162058,10.720163426327439,6.696311257228804e-13,-0.07987551439303624,-0.08435919740283107,0.16654765099883662
-30.5,0.01,191,2026100691,2026110791,1,K1ABC FN42 33,-30,0,10.140200,0.1056502833536811,0.03280647011582236,0.17361385388999345,4.658498768372714,2.2259570423441373,7.948517202497478,2.5588732521786284e-13,-0.03526618736941329,0.0703840959842678,0.2984152829994855
-30.5,0.01,196,2026100696,2026110796,1,K1ABC FN42 33,-30,0,10.140200,0.09506323447715714,0.0349462711024853,0.16792341666345117,5.0304210783367616,2.09069632302185,6.989500963245132,1.587494241964138e-13,0.15751123241821866,0.11973661718696992,0.05787073499959661
-30.5,0.01,193,2026100693,2026110793,1,K1ABC FN42 33,-30,0,10.140200,0.05341330326625354,0.024320308804609322,0.10421907764531071,3.696027113850356,1.7433235948398873,5.37249429056439,-8.22150507395758e-15,-0.05090015395154306,-0.05176194423626264,0.2664690219990007
-30.5,0.01,198,2026100698,2026110798,1,K1ABC FN42 33,-30,0,10.140200,0.08238653872751953,0.030015904736223405,0.1504547191712513,2.5264869126609284,1.4044110197080688,4.945959727316343,1.8461728185700105e-13,0.018782333250402263,-0.038591020341623,0.11855877800007875
-30.5,0.01,195,2026100695,2026110795,1,K1ABC FN42 33,-31,0,10.140200,0.0534825567019053,0.019170188270135943,0.10426692087905105,1.412068410740204,0.6919449222326768,2.6848912486017835,1.1141998781938334e-13,-0.00910893776070342,-0.03291804543594963,0.3320139810002729
-30.5,0.01,197,2026100697,2026110797,1,K1ABC FN42 33,-30,0,10.140200,0.06640658377491758,0.021834676799180733,0.12012543013496627,2.3439600024296223,1.2920265630293206,4.514230875452487,-1.520732324788998e-13,0.011750874421163118,0.040901117918296696,0.24542041300082929
-30.5,0.01,199,2026100699,2026110799,1,K1ABC FN42 33,-30,0,10.140200,0.08294232278992467,0.03619421143040612,0.1388718118901579,4.720550823037873,2.659065085475401,9.204845278028749,4.2588285328881703e-13,0.09434889498123494,0.1341210417877093,0.25746419500137563
-30.5,0.02,0,2026200500,2026110600,1,K1ABC FN42 33,-30,0,10.140200,0.1347578904101907,0.040250637519680714,0.24634766508698921,3.5078717564297404,2.096462069628749,6.800614013654354,-5.768176734866071e-13,-0.20520020521394566,-0.25019123988832903,0.23577108999961638
-30.5,0.02,1,2026200501,2026110601,1,K1ABC FN42 33,-30,0,10.140200,0.13000722338906986,0.060578053813754806,0.2548669834340361,7.831722911360931,4.119043177839243,14.310057686793954,4.4496849781194836e-13,0.013797783700989804,-0.031206905581002545,0.25550885799930256
-30.5,0.02,4,2026200504,2026110604,1,K1ABC FN42 33,-30,0,10.140200,0.15650371290207343,0.0784075257060911,0.2946458363326149,12.328226438175783,7.964819058262847,23.391056131955473,2.4689660038657024e-12,0.07335098353305075,0.08567276991312864,0.10375163899880135
-30.5,0.02,5,2026200505,2026110605,0,,,,,0.18395012586105147,0.0953102631002394,0.3591249178525808,15.56418595915748,9.321874830908744,28.10500740680535,2.5075887275915337e-12,-0.07961932914088812,-0.05357368448500922,0.060536789998877794
-30.5,0.02,6,2026200506,2026110606,1,K1ABC FN42 33,-30,0,10.140200,0.20865061932597206,0.0853538711883674,0.3310359601592772,14.397041483487167,8.1626798533517,24.377212941285176,-1.1068366275596153e-12,-0.38050148189545674,-0.27337688549024675,0.054752586998802144
-30.5,0.02,2,2026200502,2026110602,1,K1ABC FN42 33,-29,0,10.140200,0.12058213030675574,0.06346493855734428,0.23669516331514187,7.515357067970315,4.117055706876146,14.309799364107427,-2.350359490366216e-13,-0.032060353797593484,-0.05863427448965645,0.3600241210006061
-30.5,0.02,8,2026200508,2026110608,1,K1ABC FN42 33,-31,0,10.140200,0.12831479118499725,0.06522973650665563,0.2474990270366897,8.685215025356145,4.900118623908717,16.415669460460386,1.0224373431233502e-13,-0.0030808458500000743,-0.11357359630088656,0.12228374100050132
-30.5,0.02,9,2026200509,2026110609,1,K1ABC FN42 33,-30,0,10.140200,0.15641650694298131,0.05781309921194553,0.2754776432871665,7.042740126262642,3.685602929951627,12.65311595847808,-3.389189970337547e-13,-0.09809298993754671,-0.028034344672645123,0.058237512999767205
-30.5,0.02,7,2026200507,2026110607,1,K1ABC FN42 33,-31,0,10.140200,0.18936865088378887,0.0667880703242655,0.2863251063579476,10.520245674723066,6.033404005131731,19.45674461512929,-3.5857428137830993e-13,0.11495384452948851,0.06606273298808799,0.2553772339997522
-30.5,0.02,3,2026200503,2026110603,0,,,,,0.25698835690326405,0.12407415393469423,0.45469770030316037,19.32748173107644,12.265960537864647,37.31553116240977,-9.479370413623123e-13,-0.09713109459005159,-0.013440601902254707,0.5372432719996141
-30.5,0.02,13,2026200513,2026110613,1,K1ABC FN42 33,-30,0,10.140200,0.11327577553430784,0.048560217607587004,0.22076036791771392,5.3161711792045026,2.4834130941465493,9.67372874481789,2.632813671937795e-13,0.039644130658104605,0.07092421653126811,0.05055957399963518
-30.5,0.02,10,2026200510,2026110610,1,K1ABC FN42 33,-30,0,10.140200,0.17690839022976007,0.08327444265711922,0.3235634926509943,11.90623160871778,6.026953879900352,20.469881352868246,1.3859985208142245e-12,0.2163897472760064,0.09570764622507473,0.24433406599928276
-30.5,0.02,11,2026200511,2026110611,1,K1ABC FN42 33,-30,0,10.140200,0.1594969732836884,0.06132333916675433,0.2884523026079283,7.311967863385915,4.175020425091923,14.238760967289535,2.472710621329033e-13,0.1683913167217893,0.008894343438100905,0.3409832550005376
-30.5,0.02,12,2026200512,2026110612,1,K1ABC FN42 33,-30,0,10.140200,0.17071382987215372,0.07574976870894606,0.3244802736248831,10.845909884997214,5.626986412580124,17.84638144028816,-9.528038080741652e-13,-0.09444310013062016,-0.06915062837714961,0.2569185350002954
-30.5,0.02,16,2026200516,2026110616,1,K1ABC FN42 33,-30,0,10.140200,0.14896899241350983,0.05446570401119901,0.26398344925189465,6.321944908679291,3.159314655850809,10.090054095967558,1.6056600493641326e-14,-0.02825458168491504,-0.14326903852329986,0.23442961699947773
-30.5,0.02,15,2026200515,2026110615,1,K1ABC FN42 33,-30,0,10.140200,0.1568259874755787,0.06064725956059498,0.2688406948166292,5.321879490132775,3.045320557215015,10.210164448578343,9.169910924339275e-15,-0.21394195035518265,-0.15445416892610508,0.384206341999743
-30.5,0.02,17,2026200517,2026110617,0,,,,,0.1063899739930756,0.04717226865558075,0.19405555498462898,7.5347910970829615,3.8357913285411045,13.087194216082192,-1.4777432749690789e-12,0.02046135052956076,-0.06720423046199261,0.5108780870014016
-30.5,0.02,19,2026200519,2026110619,1,K1ABC FN42 33,-31,0,10.140200,0.19834101705074225,0.08326690553147564,0.37069510560659785,12.621905333682006,7.386863522936357,23.756639323722133,-1.16188883601126e-12,0.09353172865138576,0.013580366994982359,0.2632683909996558
-30.5,0.02,14,2026200514,2026110614,1,K1ABC FN42 33,-31,0,10.140200,0.192242285248375,0.07605296300977707,0.36472310265863817,9.463193273691031,5.277302580965681,16.81893650752022,3.7629881849410296e-13,0.0977817138515937,0.04275716633206888,0.7333677290007472
-30.5,0.02,18,2026200518,2026110618,1,K1ABC FN42 33,-31,0,10.140200,0.17599254972021183,0.059856895224451714,0.2792811376313805,7.108223765580246,4.969966661612688,14.073902339783565,3.8548331193766217e-13,-0.10473635973329753,-0.01906839984680011,0.4064767479994771
-30.5,0.02,22,2026200522,2026110622,1,K1ABC FN42 33,-30,0,10.140200,0.1592303292297893,0.06518078177836777,0.2671719243728327,10.080444678578697,6.099520206483805,18.870752931583084,-3.879751337906856e-13,0.22214010905017015,0.15733673205361656,0.07845517600071616
-30.5,0.02,21,2026200521,2026110621,1,K1ABC FN42 33,-31,0,10.140200,0.18826696988601083,0.07325554721597895,0.3367068868275876,11.692286264797202,6.022811618182274,19.725562237374355,9.512356180518822e-15,-0.04667927918341994,-0.02353004047516005,0.1908452909992775
-30.5,0.02,20,2026200520,2026110620,1,K1ABC FN42 33,-31,0,10.140200,0.13900987961487882,0.04775677106675996,0.23094689898923834,5.548030584502632,2.377818399408468,8.459608735891244,3.6757814673993305e-13,-0.07136872160096062,-0.07503132876836204,0.24147785100103647
-30.5,0.02,24,2026200524,2026110624,1,K1ABC FN42 33,-30,0,10.140200,0.11435621654918113,0.04405503834444072,0.21785291300716528,4.944570883700872,2.496533075244261,8.150542059553466,-2.358079009834313e-13,0.21037583195498868,0.09623484263216871,0.25379874000100244
-30.5,0.02,23,2026200523,2026110623,1,K1ABC FN42 33,-30,0,10.140200,0.1375602543687362,0.06400159302394665,0.2652270848177201,8.925046199144933,6.232068365610247,17.679412755407768,-8.740369539239623e-13,-0.020417855790873955,-0.10141286555058839,0.3508553960000427
-30.5,0.02,25,2026200525,2026110625,1,K1ABC FN42 33,-31,0,10.140200,0.1303045798973122,0.043238369656499034,0.21662414730263335,5.370545521589178,3.081592231722727,10.274354479474876,4.72331375400703e-13,0.11247208418833503,0.16627167995431932,0.27855010999883234
-30.5,0.02,26,2026200526,2026110626,1,K1ABC FN42 33,-30,0,10.140200,0.17377074535127335,0.06837017884940794,0.3312030758173332,10.875212047123926,6.412615265340873,19.516116933910524,2.3747930705253495e-13,-0.15669378745380821,-0.11166522602082123,0.26576557400039746
-30.5,0.02,28,2026200528,2026110628,1,K1ABC FN42 33,-31,0,10.140200,0.2016444165354429,0.08978892517415321,0.38172193988818615,12.078383162203789,8.106032382800693,23.547126948809463,7.986489074240932e-13,-0.023106610672629483,0.17853780586281343,0.18426090700086206
-30.5,0.02,27,2026200527,2026110627,1,K1ABC FN42 33,-31,0,10.140200,0.12150825315565808,0.04398954413310297,0.21886272047935915,4.86761844526669,2.3736490992557067,8.3665561318622,8.051892486093948e-14,-0.005527555340616082,0.055628978140930804,0.25294369000039296
-30.5,0.02,31,2026200531,2026110631,1,K1ABC FN42 33,-30,0,10.140200,0.10834046886149,0.04704675037517396,0.210945983771553,5.271039084462745,2.1622846783123517,9.002847513294025,3.0785595427074153e-13,-0.16908749218722346,-0.12858134235997135,0.051942566999059636
-30.5,0.02,29,2026200529,2026110629,1,K1ABC FN42 33,-30,0,10.140200,0.11444313805577647,0.04095818658438313,0.19884181373990384,4.829045922217872,2.602579693968215,9.154708713540174,-6.542040265631113e-13,0.0846951809765534,-0.012934122782381579,0.23717876099908608
-30.5,0.02,30,2026200530,2026110630,1,K1ABC FN42 33,-30,0,10.140200,0.14683836942206266,0.06373348151511403,0.2611136297622205,7.6855797969572475,4.1830293501068185,13.407120736438065,-1.520450432224152e-13,-0.13350043784371593,0.0033714461737338985,0.2744650399999955
-30.5,0.02,34,2026200534,2026110634,1,K1ABC FN42 33,-30,0,10.140200,0.21594828384667153,0.08686026719478988,0.3709362502652696,11.004374843513308,7.100559934813736,20.61405073142016,-7.825398315453036e-13,0.16962691252777498,0.35197970482134394,0.10513970200008771
-30.5,0.02,35,2026200535,2026110635,1,K1ABC FN42 33,-31,0,10.140200,0.11132516956445393,0.038385280598115745,0.19449591829256876,2.2772241964727544,1.2526416151909288,4.455254080647567,-1.8551783373399466e-13,0.12698325519463954,0.21015400392275438,0.2339832480010955
-30.5,0.02,33,2026200533,2026110633,0,,,,,0.16436149957231497,0.08370598982703126,0.2945779286551241,13.417108125840512,7.948113446147057,25.781257908426305,-3.048514132103497e-13,0.13083140353972447,0.07805181130998075,0.42335603299943614
-30.5,0.02,32,2026200532,2026110632,0,,,,,0.11499438098841461,0.05464024155465562,0.22409405347638128,7.909280895214698,3.7181876250959545,13.471828110188236,1.46749366131127e-13,0.018878027965802173,-0.04382643116950193,0.534164304001024
-30.5,0.02,37,2026200537,2026110637,1,K1ABC FN42 33,-31,0,10.140200,0.25289017841966793,0.0991068219315247,0.4238943903841333,16.46592063013673,8.831043272951115,27.385477781002507,-1.7893013459779894e-12,-0.06441424789145293,-0.14076567875093504,0.2741816239995387
-30.5,0.02,36,2026200536,2026110636,0,,,,,0.12110527478681576,0.04529894758094081,0.19493779569271727,5.324408865159786,2.579452257993152,9.21763749806568,5.4423696452254866e-14,-0.04626097838093118,0.028412394128786083,0.5066060869994544
-30.5,0.02,38,2026200538,2026110638,1,K1ABC FN42 33,-31,0,10.140200,0.1490165743109356,0.06248643657484843,0.26455373620969364,8.508502241439459,4.67157561917914,15.053736230913744,-5.800481622797449e-15,-0.08197263575160592,-0.13896052662290395,0.24338469999929657
-30.5,0.02,39,2026200539,2026110639,1,K1ABC FN42 33,-30,0,10.140200,0.0959284116510527,0.04301015419269655,0.1834028707829891,5.438841507471798,2.8605505996732985,10.448973532555634,7.482088408040932e-13,0.0807559923928851,0.0429756072774305,0.28875254100057646
-30.5,0.02,42,2026200542,2026110642,1,K1ABC FN42 33,-30,0,10.140200,0.226910951649964,0.09258915606435031,0.38054682423474545,14.800815747127237,7.512505553204389,22.824654624356445,-3.3686031394863925e-13,-0.35654713860819587,-0.2582005740182717,0.2552359780002007
-30.5,0.02,41,2026200541,2026110641,1,K1ABC FN42 33,-30,0,10.140200,0.1857063640754417,0.08708380675320326,0.3357542329500328,14.27546461189785,8.430367780007895,25.145759105517516,2.047723319034689e-12,0.054450875661814446,-0.0932045657953178,0.3318592430005083
-30.5,0.02,45,2026200545,2026110645,1,K1ABC FN42 33,-29,0,10.140200,0.1366866623974055,0.04258600585773931,0.22694833571040754,4.688794335083158,2.2954188701441054,8.714477182521097,5.70611266570431e-14,0.07033797168490118,0.040029171906395364,0.05250114000045869
-30.5,0.02,40,2026200540,2026110640,0,,,,,0.12595469260972658,0.0561282108468366,0.24116387203523348,7.034155233541532,3.363198840016318,11.628076489672099,8.861249407854377e-14,0.25415673988227816,0.24287388461716006,0.5363828469999135
-30.5,0.02,43,2026200543,2026110643,1,K1ABC FN42 33,-31,0,10.140200,0.22640693678752574,0.10826247896378614,0.3891815545494639,16.51177257185801,11.18126725323849,31.682199116807524,3.898359933474094e-12,-0.042881770079097874,0.17742544801642857,0.3467097590000776
-30.5,0.02,44,2026200544,2026110644,1,K1ABC FN42 33,-30,0,10.140200,0.1932470194796009,0.08152996710357055,0.3409685018070886,11.583799198922803,6.890917610730205,22.247445094467196,-2.016633388057798e-12,0.07192476391165638,0.13165755470411458,0.2593763669992768
-30.5,0.02,47,2026200547,2026110647,1,K1ABC FN42 33,-31,0,10.140200,0.07004917173194189,0.033312553124093654,0.1353342948233091,4.322218191653033,1.9802898669242255,7.890545820201869,4.554232696258459e-13,-0.10816156882828648,-0.17172259121110303,0.09490437599924917
-30.5,0.02,50,2026200550,2026110650,1,K1ABC FN42 33,-30,0,10.140200,0.1520958428157408,0.04777752269217445,0.24975841076997002,6.237594231812739,3.3893033719085994,11.64831909878909,-2.821885520393197e-14,0.14461657329298883,0.029788096051514296,0.05262239199873875
-30.5,0.02,46,2026200546,2026110646,1,K1ABC FN42 33,-31,0,10.140200,0.14049640180698386,0.06881913576897254,0.2754088797492167,8.630208113381416,5.438862269517581,17.224153613554712,-2.575817163730232e-13,-0.2697736069384912,-0.3074463903811268,0.3471168679989205
-30.5,0.02,48,2026200548,2026110648,1,K1ABC FN42 33,-30,0,10.140200,0.1676690032054758,0.05030938662564949,0.27757158183554154,5.766012508283227,3.1947884858027544,10.153279207625769,-7.881737797144073e-14,-0.20529121870817618,-0.12887872264999456,0.2547625240003981
-30.5,0.02,49,2026200549,2026110649,1,K1ABC FN42 33,-31,0,10.140200,0.16233611606295167,0.0774809242867535,0.30809059841526953,12.813965650355874,6.642052186831987,22.087926680438486,-1.3592009462382038e-12,-0.0058030691030088195,0.03923622774126091,0.24823309699968377
-30.5,0.02,52,2026200552,2026110652,1,K1ABC FN42 33,-30,0,10.140200,0.20108811069170424,0.058364267442834634,0.33108033986465935,8.038400989534408,3.9076598266524223,13.106257954509296,4.725534200056281e-13,-0.26607588744446153,-0.24462592947001863,0.24191852500007371
-30.5,0.02,53,2026200553,2026110653,1,K1ABC FN42 33,-30,0,10.140200,0.2244952041768402,0.09648195834099507,0.4015742053517482,14.331199589348705,8.745003718863252,28.15876014819792,-3.2193258475698983e-13,-0.035122744867067526,-0.03519569185804762,0.25219658999958483
-30.5,0.02,54,2026200554,2026110654,1,K1ABC FN42 33,-31,0,10.140200,0.11314305907041744,0.037618742806342136,0.21056177846518953,3.941616947094331,2.0850334385760885,7.2906918612776614,4.0753094258591527e-13,0.12686777392138043,0.06586332310987111,0.2630249100002402
-30.5,0.02,51,2026200551,2026110651,0,,,,,0.18926622596997783,0.08280365968638317,0.36892899804132706,11.94364930408967,6.578245244507239,21.109018796129448,4.4664359016843846e-14,0.22051737917499029,0.12383980219730137,0.5316748139994161
-30.5,0.02,58,2026200558,2026110658,1,K1ABC FN42 33,-30,0,10.140200,0.16650226666371254,0.06683502783537533,0.33248382041307206,8.80281055568151,5.462761470443585,16.683890996687758,5.180882307366519e-13,-0.19098779481725545,-0.22722809951322884,0.2588013360000332
-30.5,0.02,55,2026200555,2026110655,0,,,,,0.1548802598521452,0.06598519443777066,0.2940301902885807,9.804600191765125,6.238788103855479,18.6016711194359,1.3770985220207255e-12,0.24292144617225447,0.08804118632010928,0.5218469380015449
-30.5,0.02,56,2026200556,2026110656,0,,,,,0.1830798202033531,0.06785914422327555,0.34812104893478757,9.397140955051016,5.543741032328218,17.48263152272608,-1.0411940407073494e-12,-0.03426780009918411,0.00309421800148248,0.5414446920003684
-30.5,0.02,57,2026200557,2026110657,0,,,,,0.11098373091164866,0.04598012564502683,0.21152257644126832,6.282333352435348,2.9579822397586537,10.808548377385122,9.38793964441742e-13,0.1578610734254583,0.11788679172623118,0.5292334659989137
-30.5,0.02,61,2026200561,2026110661,1,K1ABC FN42 33,-30,0,10.140200,0.15632315674473332,0.061990268850830074,0.28595240903997265,8.20339442505452,3.8611972880336487,13.248310465996727,-1.163374951929086e-13,0.11168563911155893,0.16586047022998687,0.21161236199986888
-30.5,0.02,59,2026200559,2026110659,1,K1ABC FN42 33,-31,0,10.140200,0.22840245770980708,0.09655186255034552,0.3922907083945447,15.05224627715727,9.39875232823712,27.594627529457952,-1.0456913113188193e-13,0.08995530525527867,0.058272057269756615,0.33747586800018325
-30.5,0.02,60,2026200560,2026110660,1,K1ABC FN42 33,-30,0,10.140200,0.20800399371333655,0.07344040205031242,0.3711352756065409,9.854983982945907,5.5339588274896006,17.2103252010244,3.309635551729251e-13,-0.18782839925257738,-0.14289788609985873,0.2854795589992136
-30.5,0.02,64,2026200564,2026110664,1,K1ABC FN42 33,-31,0,10.140200,0.25141523927998244,0.10248741226857873,0.42460897766704164,13.055759241581303,6.916632745320772,22.64206162176026,-1.7421199031975032e-13,-0.05869311252039688,-0.24599921469185293,0.05819956999948772
-30.5,0.02,62,2026200562,2026110662,1,K1ABC FN42 33,-30,0,10.140200,0.24395064844763745,0.10606949078424645,0.42040883945395413,16.96643079612476,10.806936628137343,30.038451542590142,2.66914702146126e-12,-0.181181071719457,-0.055360247981850096,0.29274291900037497
-30.5,0.02,66,2026200566,2026110666,1,K1ABC FN42 33,-31,0,10.140200,0.12926204412222697,0.05118086176666889,0.21455378761175659,5.765080730365749,3.2042172939710833,11.309507581600954,-8.245124418285177e-14,-0.07794513915286805,-0.05099864871798551,0.08718215500084625
-30.5,0.02,63,2026200563,2026110663,0,,,,,0.14065878750211228,0.0576640512422792,0.250544685568026,8.467087432469599,5.312881141452859,16.393252729945814,-2.958963369464884e-13,-0.13892973294639813,-0.0810610283235588,0.4383926159989642
-30.5,0.02,67,2026200567,2026110667,1,K1ABC FN42 33,-30,0,10.140200,0.22122116921449092,0.07107730812498382,0.3544825744084054,10.477706666277655,5.37995874159331,17.542966500945532,-7.685579603289305e-13,-0.25706358233322946,-0.2375968173217826,0.3208362469995336
-30.5,0.02,69,2026200569,2026110669,1,K1ABC FN42 33,-31,0,10.140200,0.22620597697827527,0.09891095407546492,0.38202494569759865,15.047511168375468,7.469758006696694,25.253956415784877,-1.0019970964059155e-12,0.19488329577246336,0.1282569219202601,0.15058012200097437
-30.5,0.02,68,2026200568,2026110668,0,,,,,0.09747277892463951,0.03804198999753027,0.18643512060604261,3.618904102458366,1.6384301280836677,6.414204747867036,2.79044474159329e-13,-0.08057488802426588,-0.15746300643788558,0.5224599840003066
-30.5,0.02,65,2026200565,2026110665,1,K1ABC FN42 33,-30,0,10.140200,0.16791022520266402,0.06783041323930587,0.2787644895280845,10.200324752085507,6.703530225001095,19.332922976374718,-9.10777963464282e-13,-0.1230179013113022,0.012901029191988952,0.7253246870004659
-30.5,0.02,70,2026200570,2026110670,0,,,,,0.2803096119360513,0.12622654023512078,0.48621906456998226,20.742473202441403,12.734001617319667,37.36286980329802,-2.5000661263430146e-13,0.0739359856762799,0.04402173572566848,0.4974864539999544
-30.5,0.02,72,2026200572,2026110672,1,K1ABC FN42 33,-31,0,10.140200,0.2832728975870127,0.12109901130551584,0.5003653360931033,19.162415800047537,12.775409431604889,36.02647141988537,-4.770073225301985e-13,0.24248195885011523,-0.04079093873689745,0.2897064999997383
-30.5,0.02,73,2026200573,2026110673,1,K1ABC FN42 33,-30,0,10.140200,0.18803082897348078,0.06624048131001298,0.2806968569086692,9.710672430718942,5.611167050777332,18.24389756069054,-1.1761305904883779e-12,-0.07294906044158835,-0.0888727738476367,0.2428433530003531
-30.5,0.02,75,2026200575,2026110675,1,K1ABC FN42 33,-30,0,10.140200,0.15980911917774,0.056125671838056945,0.24811046554053273,5.445537232767099,2.413186222473351,10.019085627113542,-2.2874280594664675e-13,-0.04081259762288143,0.0007834514887416411,0.05800176000047941
-30.5,0.02,71,2026200571,2026110671,0,,,,,0.19301250864824832,0.06700539129608248,0.3221970610311785,8.331735390437379,4.002219517591377,14.465762601366727,2.1253571819146444e-13,-0.0451463704255401,-0.10563755218416002,0.5028158999994048
-30.5,0.02,74,2026200574,2026110674,1,K1ABC FN42 33,-30,0,10.140200,0.12845452025049492,0.050383892274751874,0.2168176970375778,6.5017534498011536,4.009142462377684,12.658951612820534,5.2916004911196524e-14,-0.2139996134946645,-0.1969414326169481,0.25028449400087993
-30.5,0.02,76,2026200576,2026110676,1,K1ABC FN42 33,-30,0,10.140200,0.1409516207935097,0.07187015036156616,0.28056193373443916,12.187032687330692,6.8946173761520795,20.934592402903963,-1.427989670954588e-12,0.011434617534754755,0.013531008358095719,0.2904073560002871
-30.5,0.02,77,2026200577,2026110677,1,K1ABC FN42 33,-30,0,10.140200,0.11916465371835777,0.054299713296836104,0.22520548143106364,5.3987183663084695,2.787850332676718,10.711024145958596,1.003456432530081e-12,-0.14719943461995433,-0.17247154493044003,0.2634372920001624
-30.5,0.02,80,2026200580,2026110680,1,K1ABC FN42 33,-30,0,10.140200,0.16863490428767483,0.06837608017527406,0.3226357460680018,10.194444493965555,5.539618949789337,16.372022133725732,-1.312279278298245e-13,0.1838184089929156,0.07711158375325293,0.05494802700013679
-30.5,0.02,78,2026200578,2026110678,1,K1ABC FN42 33,-30,0,10.140200,0.2109476653821511,0.05264616736924567,0.3318464059502064,6.2419463114203895,3.4950879224622,12.070828302692107,8.337089699161915e-13,-0.1261431531166314,0.08480451226551967,0.2820220710000285
-30.5,0.02,79,2026200579,2026110679,1,K1ABC FN42 33,-31,0,10.140200,0.12753070866002672,0.04258229693689053,0.2263822727667351,4.012698686478522,1.7002675808349508,6.7691184714244965,1.9327551711856295e-13,0.06138836433404595,0.1247114719221197,0.24940593000064837
-30.5,0.02,83,2026200583,2026110683,1,K1ABC FN42 33,-30,0,10.140200,0.21496622973214918,0.06722311809854382,0.3685533533915434,7.921090398872052,4.381413108815273,14.227040023032904,-2.096153112196575e-14,0.32502317928176805,0.3421195284190661,0.09396020400163252
-30.5,0.02,82,2026200582,2026110682,1,K1ABC FN42 33,-30,0,10.140200,0.1566886048344161,0.052391403151570086,0.28320448690817623,7.284403332774925,3.301764499968555,11.900328236724004,-5.891012504199988e-15,0.17194038826892039,0.17174441427106585,0.254991746000087
-30.5,0.02,81,2026200581,2026110681,0,,,,,0.11714139511079873,0.04594874938298725,0.21245976115742304,7.122466050883317,3.4543870487740516,11.696504256036144,-6.189666834632845e-14,-0.16629850252735442,-0.21382478559068233,0.4425277259997529
-30.5,0.02,86,2026200586,2026110686,1,K1ABC FN42 33,-30,0,10.140200,0.11990167260906491,0.0508275110083983,0.21631748864377143,6.70010116175294,3.2569321991684212,10.797959344295752,6.606185867438774e-13,0.11411342921719034,0.03618442886597763,0.25569884200012893
-30.5,0.02,84,2026200584,2026110684,1,K1ABC FN42 33,-31,0,10.140200,0.12206747933021608,0.04995409097584017,0.23864816992288285,5.052825366175351,2.4245844315645346,9.390019252152456,6.06814945514067e-13,0.15011791852464804,0.1646398339715653,0.4143378399985522
-30.5,0.02,88,2026200588,2026110688,1,K1ABC FN42 33,-30,0,10.140200,0.15008888767502612,0.05716953031083126,0.27371104218372416,6.551860947882471,3.5392603598212715,12.902393973883665,1.676518624448009e-13,-0.14717994873608795,-0.10869023789048832,0.1252823350005201
-30.5,0.02,87,2026200587,2026110687,1,K1ABC FN42 33,-30,0,10.140200,0.24614277954599678,0.10219347316109684,0.43970164382712235,16.08755275608089,8.727551612105328,28.110810488307294,-5.287437154777308e-14,-0.0515847902387538,-0.04538954456286985,0.24991740500081505
-30.5,0.02,85,2026200585,2026110685,0,,,,,0.1481359496488209,0.06961413089512583,0.2822816544807125,10.029885240324779,5.922640260541028,20.004235948927473,3.436183629301759e-14,0.15416460532979515,0.11747340109889205,0.5426792950001982
-30.5,0.02,91,2026200591,2026110691,1,K1ABC FN42 33,-30,0,10.140200,0.1077024877987956,0.04407334641751829,0.2037715790646081,4.084601562266284,2.1471676174033494,8.011941706700014,-6.977925182116707e-16,0.05937221578160654,-0.024844890815220358,0.27560052600165363
-30.5,0.02,92,2026200592,2026110692,1,K1ABC FN42 33,-31,0,10.140200,0.13658210015069203,0.06605299710066598,0.2685887249853114,7.77622802113583,4.471345290618229,14.022802043266708,8.769133422875663e-13,0.030650693059119872,0.05622773658417191,0.3039262590009457
-30.5,0.02,89,2026200589,2026110689,0,,,,,0.26478779466517244,0.08305536084591152,0.43975922058968253,11.686176094018315,6.026567074590579,20.03779093317554,5.607320163747431e-13,0.18122555322813413,-0.04942559306081977,0.5431422530000418
-30.5,0.02,90,2026200590,2026110690,0,,,,,0.1541043184346288,0.06560642648594421,0.30705494096748076,11.205510251717808,5.639278435762025,18.217242868011468,1.9701514725189995e-13,0.17100107710578402,0.09325499564957938,0.5596063580014743
-30.5,0.02,94,2026200594,2026110694,1,K1ABC FN42 33,-30,0,10.140200,0.1309948768563109,0.06123002304615356,0.25057263402430263,8.047262289579054,4.259669913729239,15.099070111491436,-4.640686164340824e-13,0.0992243545926963,0.12332598162176599,0.27612182600023516
-30.5,0.02,93,2026200593,2026110693,1,K1ABC FN42 33,-30,0,10.140200,0.08502468968180513,0.03692304238666265,0.1696617579191025,4.54910907870707,2.162779367741214,8.071311431221204,-3.7276621676560207e-13,-0.06812592529186598,-0.011672733610273914,0.41056170299998485
-30.5,0.02,97,2026200597,2026110697,1,K1ABC FN42 33,-30,0,10.140200,0.15677634979572913,0.07668661486276751,0.3035367949912207,11.465071581926058,7.6212758409141435,22.373589148920438,-5.217441062521644e-14,-0.004918947274849432,0.05862230031010548,0.1555619230002776
-30.5,0.02,96,2026200596,2026110696,1,K1ABC FN42 33,-30,0,10.140200,0.136094222969885,0.04871832096990151,0.24301779861048456,5.210445634248648,2.6438776148953034,10.283564115812444,1.1490201151653778e-13,-0.20487353633635266,-0.24151710710706484,0.246300541999517
-30.5,0.02,99,2026200599,2026110699,1,K1ABC FN42 33,-29,0,10.140200,0.15109887006365053,0.06620796825169724,0.2928392862915452,10.51967268322829,5.823178718175534,18.815218459753062,5.35757202491105e-13,-0.11742470501086477,-0.07454103589121866,0.051995054998769774
-30.5,0.02,95,2026200595,2026110695,0,,,,,0.1820819043352097,0.07236110168929259,0.3355518081410447,9.656177601284458,4.746131077172772,16.452685405167205,3.753768129666213e-14,0.1231055645271525,0.1662230386663132,0.44030248899980506
-30.5,0.02,98,2026200598,2026110698,1,K1ABC FN42 33,-30,0,10.140200,0.17957703094665295,0.06572903628858906,0.32166025592898784,9.082882470972072,5.891365173952887,16.95980707534217,1.4978842818869076e-12,0.2175014326437969,0.1127668268493843,0.31106622600054834
-30.5,0.02,100,2026200600,2026110700,1,K1ABC FN42 33,-31,0,10.140200,0.11491541952069975,0.04706273824942376,0.21636104473377582,5.782933290749824,3.1384562169332346,10.303890296699642,-2.017760958317183e-13,-0.16921217818759798,-0.14071503140458141,0.2526030640001409
-30.5,0.02,101,2026200601,2026110701,1,K1ABC FN42 33,-29,0,10.140200,0.19583433601812836,0.07098060260433495,0.30827540097136585,10.189601157273598,4.940848854278955,16.610102883506826,-1.0535357308771864e-12,-0.3174976280138401,-0.1327192672117034,0.33023751199834805
-30.5,0.02,103,2026200603,2026110703,1,K1ABC FN42 33,-31,0,10.140200,0.10465329892415189,0.051588632293806114,0.18291282526559743,7.079916398032074,3.7502071865186277,12.668897673532882,-2.4461845309770025e-13,0.08900845850704116,0.13661980312520708,0.1685116429998743
-30.5,0.02,104,2026200604,2026110704,1,K1ABC FN42 33,-30,0,10.140200,0.1289942822821286,0.05185528611232261,0.24045506206996922,7.726462482444082,4.15867158982349,12.724351919527646,7.730725781751602e-13,-0.06603360317097248,-0.13836131091388462,0.241624235000927
-30.5,0.02,102,2026200602,2026110702,0,,,,,0.1576330399031046,0.06965096047794694,0.30740634236460057,8.356111227172539,5.171094143920198,16.664055969716287,7.253095693493528e-13,0.09021854621252845,0.09434647803651766,0.5233311440006219
-30.5,0.02,107,2026200607,2026110707,1,K1ABC FN42 33,-30,0,10.140200,0.21352611200506397,0.07373611844807489,0.4005349324798031,10.19677209025526,6.677017492393394,20.195200214238156,-4.391305027939829e-13,0.2805256732058135,0.06699956120074954,0.256314205000308
-30.5,0.02,106,2026200606,2026110706,0,,,,,0.2521615907524502,0.0831132801515876,0.4066441594918964,11.490873424944168,6.686784467468353,20.259466740345626,9.525453342762447e-13,0.2898109981651071,0.038841916226882156,0.44203163999918615
-30.5,0.02,105,2026200605,2026110705,0,,,,,0.18633010064839908,0.10340292575820952,0.35538382559177784,16.149624038137528,10.740507710936228,31.404009024236103,-1.2827924486535913e-12,-0.12164754074790052,-0.07911373549457461,0.5417530229988188
-30.5,0.02,111,2026200611,2026110711,1,K1ABC FN42 33,-32,0,10.140200,0.1971806518202357,0.07069485923377707,0.35274260408930586,10.410836689354594,6.195453586785466,17.222656670433555,-4.860452318400377e-13,-0.2532006606361382,-0.19033992578464834,0.1639148739996017
-30.5,0.02,110,2026200610,2026110710,1,K1ABC FN42 33,-30,0,10.140200,0.09890401262237603,0.04483696640554052,0.1965943091422428,6.149010462767622,3.187725824141413,11.188381148827347,3.6958934176989366e-14,-0.0680093037933026,-0.10747775575511646,0.2580407280001964
-30.5,0.02,113,2026200613,2026110713,1,K1ABC FN42 33,-29,0,10.140200,0.18607864906067392,0.0964921462234748,0.3562776494285322,15.380706089689504,9.935398840888197,29.703813849371194,1.929831945288174e-12,-0.14944812305400265,-0.021166304402712516,0.06285874900095223
-30.5,0.02,109,2026200609,2026110709,1,K1ABC FN42 33,-31,0,10.140200,0.16702247416301036,0.0730395889127986,0.33089073698009736,12.015193235064475,6.1452781562369,19.496952958924055,-4.902892328240149e-14,-0.06873158065503983,0.04090695142634558,0.3946573530010937
-30.5,0.02,108,2026200608,2026110708,0,,,,,0.10860816700849896,0.04458198052431023,0.21246544582896182,5.201336152219497,3.2907126665478534,9.658357010369675,8.498719306429536e-14,0.14992287317303643,0.08309956810519652,0.5730539379983384
-30.5,0.02,116,2026200616,2026110716,1,K1ABC FN42 33,-29,0,10.140200,0.1466844483115607,0.06018901443080083,0.2686880346034809,7.856050719190449,4.236004633938379,15.308408861740734,-2.1656417978355158e-13,-0.17654848983880433,-0.12079019929164136,0.12428346799970313
-30.5,0.02,114,2026200614,2026110714,1,K1ABC FN42 33,-30,0,10.140200,0.12283567576208185,0.06067625492242491,0.2292565597737145,8.979986457229726,5.469569304198818,17.635205437462297,-7.742801625548745e-13,-0.06687968037904503,0.04279556894741848,0.24881753000045137
-30.5,0.02,115,2026200615,2026110715,1,K1ABC FN42 33,-30,0,10.140200,0.12949141181425528,0.06736127154644574,0.24237017159777152,9.534000424660627,4.720122122089026,16.166207237311205,2.8549211605888303e-13,0.15487978959799267,0.12106786163848518,0.3703552410006523
-30.5,0.02,112,2026200612,2026110712,0,,,,,0.11813804581163057,0.04283117425587711,0.20618788168355334,4.61823793259173,1.946150800053018,7.887432891275032,-7.636046742837133e-14,-0.1703672397261533,-0.12133497897248487,0.532160908998776
-30.5,0.02,117,2026200617,2026110717,1,K1ABC FN42 33,-30,0,10.140200,0.2799204522283714,0.09144656888037622,0.4564793561173351,11.714264748063593,6.312610446027647,20.93843728305656,3.977829350632067e-13,0.020802821917965054,-0.25911763031040635,0.3550261529999261
-30.5,0.02,118,2026200618,2026110718,1,K1ABC FN42 33,-30,0,10.140200,0.0966306727493656,0.03147470526150251,0.19110305077842957,2.488344890216842,1.2013291575300296,4.551272389239968,-3.795201999889919e-13,0.19329452922313184,0.21031695328913722,0.2970252449995314
-30.5,0.02,121,2026200621,2026110721,1,K1ABC FN42 33,-31,0,10.140200,0.1465207587541953,0.06913897837756991,0.28813193455185643,9.593263120396314,5.458088793130084,17.88253134668342,4.699652125794707e-13,0.20211990754480819,0.22607155953255895,0.07483137599956535
-30.5,0.02,119,2026200619,2026110719,1,K1ABC FN42 33,-30,0,10.140200,0.20276105376401915,0.08856046718516006,0.38381645730133973,11.05495038751198,6.4696688095580965,21.060652870236957,2.2839976437927234e-13,-0.2707484904755832,-0.33991246425756666,0.2748983780002163
-30.5,0.02,120,2026200620,2026110720,1,K1ABC FN42 33,-30,0,10.140200,0.17174943497174106,0.062072962479660654,0.2822005642199519,6.6768000596023365,3.3041199011334634,11.788184216136756,-5.266854660734843e-13,-0.21114636012357146,-0.04562793070541265,0.26169359800042
-30.5,0.02,122,2026200622,2026110722,1,K1ABC FN42 33,-30,0,10.140200,0.1622653504002852,0.07503166731724104,0.30773076333379923,11.256349068526289,6.891283334217026,22.379694854783562,-7.118030123653973e-13,-0.1154285395728862,-0.0666920378811955,0.2552612420004152
-30.5,0.02,123,2026200623,2026110723,1,K1ABC FN42 33,-30,0,10.140200,0.1292873415464097,0.04543520114092287,0.24202196042650256,4.827065154240469,2.2957880767883907,8.254388777478376,-3.441405146964449e-13,-0.1606192982034528,-0.10203032226985502,0.27692535300047894
-30.5,0.02,125,2026200625,2026110725,1,K1ABC FN42 33,-30,0,10.140200,0.1038093502640692,0.049007259584715815,0.2055410490560156,5.482501139979376,2.970731538770518,10.510789023804278,-2.4029151064752785e-13,0.14250037588394734,0.094363026605353,0.29737430199929804
-30.5,0.02,126,2026200626,2026110726,1,K1ABC FN42 33,-30,0,10.140200,0.13235876288089443,0.0557710214267164,0.25876219683295637,8.485090292815778,3.5230748470626514,12.800067360224581,1.6710461139823884e-13,-0.22827945342317105,-0.17442863392235528,0.27231847400071274
-30.5,0.02,127,2026200627,2026110727,1,K1ABC FN42 33,-31,0,10.140200,0.14427034785113324,0.053932760343548825,0.25176461377764564,6.107856618200449,3.1986595159518627,11.763768483422602,-6.232514504489473e-13,0.13343529024996403,0.1246681739884411,0.2469427830001223
-30.5,0.02,124,2026200624,2026110724,0,,,,,0.1527744610550169,0.07582583541702607,0.30533303250985344,12.250063100949545,5.993091370665319,18.76342027627701,3.8705540508776615e-13,0.25950439270597625,0.15347316593614957,0.5567970179999975
-30.5,0.02,131,2026200631,2026110731,1,K1ABC FN42 33,-30,0,10.140200,0.09890052771208181,0.03843164360385533,0.18144252902640257,3.9305324529036194,1.8705530407525965,7.4986040939601395,1.4194729918391713e-13,-0.11688387830721117,-0.05248916873880285,0.10185973299849138
-30.5,0.02,130,2026200630,2026110730,1,K1ABC FN42 33,-30,0,10.140200,0.1811159809402212,0.09318869215819084,0.3572368920789892,14.328169620244587,9.29647842480175,27.15911088300382,-1.9395735018079563e-12,0.10546524062580236,0.10128355247073259,0.33746769100071106
-30.5,0.02,128,2026200628,2026110728,0,,,,,0.12337268296317878,0.05853714731277925,0.23209810917325252,6.671614811346846,3.4199382124072457,11.753580113189656,-5.2820161439148805e-14,0.08285909941170647,0.15637383721348683,0.531868089999989
-30.5,0.02,132,2026200632,2026110732,1,K1ABC FN42 33,-30,0,10.140200,0.22420430604170916,0.09092130292588778,0.4422566727877101,12.41968292363068,6.795963310729354,20.848935904177104,2.0464532846098393e-14,-0.03196652871930073,0.053982426917105635,0.2513522279987228
-30.5,0.02,129,2026200629,2026110729,0,,,,,0.10178922707046584,0.04321464860896083,0.1923215853820222,4.536674644613684,2.2191664673528866,8.730358271943514,2.967643492057803e-13,-0.16380889956140737,-0.10718264729141215,0.5151846250009839
-30.5,0.02,134,2026200634,2026110734,1,K1ABC FN42 33,-30,0,10.140200,0.18616392650766256,0.0740052257845769,0.35038096130311414,9.664161947312925,5.454699705870418,18.488266522199563,-1.6878937483810752e-12,0.04146001011979942,0.09519405666388403,0.08808509399932518
-30.5,0.02,136,2026200636,2026110736,1,K1ABC FN42 33,-31,0,10.140200,0.11701697616751958,0.04074575836097303,0.20187382186006098,4.9340694876396425,2.3291769943596687,8.369561176129578,-3.0493576413936907e-13,-0.08691059070031,-0.12007352785181048,0.07225708499936445
-30.5,0.02,137,2026200637,2026110737,1,K1ABC FN42 33,-30,0,10.140200,0.13579350609512617,0.05748822199239819,0.2610068770390182,7.581493558702445,3.8552748497844465,13.242362131083434,7.467637619384959e-14,0.03314177534920488,-0.09486156281101417,0.254556263998893
-30.5,0.02,138,2026200638,2026110738,1,K1ABC FN42 33,-31,0,10.140200,0.20038607332743136,0.061896742484653496,0.3064580006746441,8.708901521231349,3.805524754568991,13.371846143933567,-7.782474751444335e-13,0.1800053754384788,0.017233489462692694,0.24305535199891892
-30.5,0.02,135,2026200635,2026110735,1,K1ABC FN42 33,-30,0,10.140200,0.12649541398502256,0.061960044543442845,0.24274173007412703,8.087411089231157,4.445196994886163,15.611855284751595,-4.2327144393616845e-14,-0.24896326578777056,-0.3418842366922806,0.3506126760003099
-30.5,0.02,141,2026200641,2026110741,0,,,,,0.11280924052551597,0.048527501150280206,0.21340082068943808,5.789717840098168,2.7211410865338284,10.618801353369406,-1.3599061113311883e-13,0.1780919173600918,0.13416855109462245,0.05237037400002009
-30.5,0.02,133,2026200633,2026110733,0,,,,,0.1553621310548099,0.04715427373833505,0.24598948130937237,4.07599361979046,2.3545376823120585,8.02072724007499,-2.1204652617123898e-13,0.2840354539594322,0.2885905080644498,0.5257329609994486
-30.5,0.02,139,2026200639,2026110739,1,K1ABC FN42 33,-30,0,10.140200,0.12208726966216213,0.05405838348132534,0.24032496454584545,8.750787693043135,4.98195508807575,14.46607082798549,-1.4809160842066404e-13,-0.03367042438527379,0.06864608377404499,0.2513082570003462
-30.5,0.02,140,2026200640,2026110740,1,K1ABC FN42 33,-30,0,10.140200,0.19802357724507808,0.06841715678130358,0.32273297637245724,9.134639462952336,4.7694730586544205,16.75129420557984,-1.2796257109481957e-12,0.06802206592088297,0.003944136677829676,0.2873021460000018
-30.5,0.02,143,2026200643,2026110743,1,K1ABC FN42 33,-30,0,10.140200,0.13621253762941768,0.055004992104485166,0.2552513445044665,6.364301377954211,3.291013821360734,11.574126969432927,-2.350133976314339e-13,-0.07862645889085322,-0.11238315846406294,0.3355424800010951
-30.5,0.02,144,2026200644,2026110744,1,K1ABC FN42 33,-30,0,10.140200,0.11654369538542991,0.04805456204739735,0.20793130999385473,5.6891025910492,3.3899197302201074,11.144723959102517,-5.001834450096831e-13,0.06125379175188303,0.10443521630204765,0.23405438700137893
-30.5,0.02,145,2026200645,2026110745,1,K1ABC FN42 33,-30,0,10.140200,0.11179791145375248,0.0425508153546233,0.19903565540744295,4.258765019022118,2.3616982704423397,7.5798994829494815,3.903873752042486e-13,-0.008825016928736837,0.09125665046895155,0.248518537999189
-30.5,0.02,142,2026200642,2026110742,0,,,,,0.28226638070569965,0.1386981514990217,0.551777630073651,24.342970821192623,13.164106442649016,39.25914691476504,-8.308800696077423e-13,-0.24138332879002772,-0.02883708686336771,0.5223785019989009
-30.5,0.02,146,2026200646,2026110746,1,K1ABC FN42 33,-30,0,10.140200,0.1830249080632111,0.08636126544626137,0.348325485419343,13.660773107886024,8.151368597435,24.266953281093453,-3.587399474702657e-13,0.07860437719173392,0.03448440487419773,0.25677261899909354
-30.5,0.02,150,2026200650,2026110750,1,K1ABC FN42 33,-30,0,10.140200,0.18601612263059475,0.06907188998264872,0.3260921626557822,10.361304479950926,6.273075357227697,18.249671827342514,5.208168965542548e-13,-0.10261745196385678,-0.11771657433243171,0.20716583600005833
-30.5,0.02,147,2026200647,2026110747,1,K1ABC FN42 33,-30,0,10.140200,0.13973216818716452,0.061568508925625126,0.2610711095332261,6.93286640483059,3.966935536142471,13.222200513427307,4.829036476250437e-15,-0.007592457334156002,-0.07352026309618778,0.3945834099995409
-30.5,0.02,149,2026200649,2026110749,1,K1ABC FN42 33,-32,0,10.140200,0.16319788083528897,0.058601763019118305,0.27437574970594936,7.620588009498609,4.468401643227133,13.879797640067608,-5.95599958241877e-14,-0.09495443084184493,-0.12620969819302086,0.2985216960005346
-30.5,0.02,152,2026200652,2026110752,1,K1ABC FN42 33,-30,0,10.140200,0.11497577985027949,0.049945037734227885,0.2089340648793547,6.831646376540653,3.37568237811182,11.496242596784903,-8.612403325225504e-14,0.07567780099723753,0.15087928691630417,0.06262748600056511
-30.5,0.02,153,2026200653,2026110753,1,K1ABC FN42 33,-30,0,10.140200,0.16531312949728103,0.06930419384165468,0.3020782043902917,7.497801927274063,3.827584568625936,13.068090286262418,8.861832708623174e-13,-0.14877795910448705,-0.12889410308712265,0.07968210599938175
-30.5,0.02,148,2026200648,2026110748,0,,,,,0.1304957268029456,0.062022648154168546,0.25786136290724904,7.310210909625104,4.103990988527149,14.022754784571156,-3.547856453067766e-13,-0.15888475105927438,-0.08402041562645525,0.5300285319990508
-30.5,0.02,151,2026200651,2026110751,1,K1ABC FN42 33,-31,0,10.140200,0.1684947206491436,0.05355126914885747,0.28126296977927556,7.696382389565016,4.917753730818011,14.104901027558327,-3.590936142189305e-13,0.17864565418072897,0.010150933531585388,0.26061832699997467
-30.5,0.02,154,2026200654,2026110754,1,K1ABC FN42 33,-30,0,10.140200,0.1465344651504996,0.05323023147236869,0.27412153007169404,7.310288431061391,3.411284010470192,12.039168303686694,-3.5668218595699686e-13,0.31560226353977944,0.19024279592713478,0.24541421200046898
-30.5,0.02,155,2026200655,2026110755,1,K1ABC FN42 33,-30,0,10.140200,0.09696381381902805,0.04570167958404764,0.18519952263735753,5.093048728506479,2.719383858963788,8.83458356000459,-1.305036807786042e-13,0.1833207352575654,0.09784175111590025,0.24668317999930878
-30.5,0.02,159,2026200659,2026110759,1,K1ABC FN42 33,-30,0,10.140200,0.10211000946011234,0.04411516880975117,0.18944288812572108,4.160530976327321,2.034914085879516,7.984995483948996,6.428234680666556e-14,0.10124969265731895,0.1296838660454575,0.06469675500011363
-30.5,0.02,156,2026200656,2026110756,1,K1ABC FN42 33,-30,0,10.140200,0.20779052712067947,0.08432761403673987,0.37157757900375865,11.90697527529284,6.668816165029173,20.74187299197287,-1.0115142230759933e-12,0.08794504987918098,0.12648023634771727,0.2619330520010408
-30.5,0.02,157,2026200657,2026110757,1,K1ABC FN42 33,-30,0,10.140200,0.1347321856001006,0.06631923765281202,0.26268626603527334,9.942723723830689,5.444463494604015,19.092564896850114,4.666544386154603e-14,-0.28848622341013813,-0.28377954939670574,0.2617382190001081
-30.5,0.02,158,2026200658,2026110758,1,K1ABC FN42 33,-30,0,10.140200,0.1641014150997277,0.06824095187713863,0.31516330860381253,9.662552364534793,5.6562709571414205,16.39201811524087,-4.874546946642688e-13,-0.009901996866812018,0.0390260533161569,0.24483932099974481
-30.5,0.02,163,2026200663,2026110763,1,K1ABC FN42 33,-30,0,10.140200,0.10873821266995026,0.050069599643499295,0.21527934033956364,4.591387638473155,2.5967257900956047,8.741263371572902,2.9278630301471376e-13,-0.07586575793216635,0.009427099966006833,0.04926166299992474
-30.5,0.02,160,2026200660,2026110760,1,K1ABC FN42 33,-31,0,10.140200,0.19690451958787492,0.0790934057441647,0.3424726510428018,11.919347148074971,6.715437143536761,21.586996800620383,2.2808491206838255e-13,0.1453199953947219,0.03435254092401409,0.2290284930004418
-30.5,0.02,164,2026200664,2026110764,1,K1ABC FN42 33,-29,0,10.140200,0.1279038450631471,0.052757375420818486,0.24330672629334438,7.358914991607696,4.29722633953167,13.799141710561177,-1.0073933874588104e-12,-0.07403986435636531,0.042379841021612116,0.056418633999783196
-30.5,0.02,161,2026200661,2026110761,1,K1ABC FN42 33,-31,0,10.140200,0.15023011788536916,0.06407818845763419,0.2835268617793575,8.262624030984739,4.900523933083128,15.706025636166286,3.9849026856053626e-13,0.0157365961527693,0.03238059831258476,0.23980579099952593
-30.5,0.02,162,2026200662,2026110762,1,K1ABC FN42 33,-31,0,10.140200,0.16024181352300765,0.06324230448140168,0.2930834595557454,8.494087187855326,5.443307700609654,15.191330571396175,1.0963946764364074e-12,-0.15129419339366385,-0.22499411041105064,0.2651738189997559
-30.5,0.02,166,2026200666,2026110766,1,K1ABC FN42 33,-30,0,10.140200,0.09641299168417997,0.03186412687618655,0.16448997734476237,2.6889326209757622,1.2929847916756252,5.35590779319018,4.992713057219711e-14,0.1393567832132022,0.23576977489738216,0.15994092099936097
-30.5,0.02,165,2026200665,2026110765,1,K1ABC FN42 33,-31,0,10.140200,0.21174826680355863,0.07613008158788939,0.3752228990571677,10.596071249327595,6.076309958443919,18.833857960451617,9.175273388284388e-13,-0.022912752893517345,-0.00849280836130631,0.2502074709991575
-30.5,0.02,170,2026200670,2026110770,1,K1ABC FN42 33,-29,0,10.140200,0.12196213903695952,0.04948003484716687,0.2135339850669064,7.375836550663193,4.110610245919358,12.75833984424716,-1.2967576231565081e-12,-0.2546369653502752,-0.24603721415588709,0.06534292600008484
-30.5,0.02,168,2026200668,2026110768,1,K1ABC FN42 33,-31,0,10.140200,0.16430027359141647,0.07218325823353508,0.3264973025734008,11.134839110395793,5.270096264280983,17.24145152908333,1.3105695998924527e-12,-0.25234118195482513,-0.13568892538639094,0.24454987899844127
-30.5,0.02,167,2026200667,2026110767,1,K1ABC FN42 33,-31,0,10.140200,0.22127296039959451,0.08284993063864804,0.3349489995906737,12.136910670519555,6.7387929090759,22.00433807256971,1.6617584044920086e-12,-0.15196098620013762,0.008018639067950849,0.3605668899999728
-30.5,0.02,171,2026200671,2026110771,1,K1ABC FN42 33,-30,0,10.140200,0.1449685454264028,0.05433034967006096,0.2576869115095201,7.648249298274173,4.210195299369711,15.140198345888551,-2.903482575894456e-13,-0.0973916457961399,-0.1257258076203262,0.34003666099852126
-30.5,0.02,172,2026200672,2026110772,1,K1ABC FN42 33,-31,0,10.140200,0.1511673706082558,0.06406224422400732,0.2937304813778295,8.914989177309018,3.877788327167846,12.819043106836146,-4.936385501752572e-13,0.07048240727154381,-0.02327641523579642,0.29924410200146667
-30.5,0.02,173,2026200673,2026110773,1,K1ABC FN42 33,-31,0,10.140200,0.1318226353337319,0.04251444545407225,0.22229917480325717,3.0583915062797713,1.5637320585341412,5.583944175590843,-2.3828481505658305e-13,-0.003881982687115581,0.021062391000288543,0.27541881300021487
-30.5,0.02,169,2026200669,2026110769,0,,,,,0.21329293983602046,0.1050453125123945,0.4000366165064689,17.236439410103316,10.793314831757435,31.508504901442677,2.221725407813846e-12,-0.016401535847667723,-0.1189763993414414,0.516927766999288
-30.5,0.02,174,2026200674,2026110774,1,K1ABC FN42 33,-30,0,10.140200,0.1829238373635485,0.07510135377267474,0.3378460282067795,10.706773411167594,5.05070486982154,18.214147685987403,1.1468603844377867e-13,-0.26335961083382037,-0.2762133653164278,0.2519248879998486
-30.5,0.02,177,2026200677,2026110777,1,K1ABC FN42 33,-30,0,10.140200,0.19993624418580674,0.07759984094366405,0.34698330271514055,10.707157421632411,7.028081064293757,21.39519852115381,-1.1139414043959128e-12,0.044109484554848234,0.10641064508462754,0.26761180100038473
-30.5,0.02,179,2026200679,2026110779,1,K1ABC FN42 33,-29,0,10.140200,0.11983678244846997,0.04474967321112739,0.20417848337881378,4.65084127631794,1.9200910683232424,7.316193311701854,9.84640971188333e-14,-0.01493885886070257,-0.00458507677624829,0.06630049100022006
-30.5,0.02,176,2026200676,2026110776,1,K1ABC FN42 33,-30,0,10.140200,0.23103377085365606,0.08952690939459523,0.37397102816893096,13.537905725574207,9.215058977296199,26.898198085883063,1.330575189958938e-12,-0.4315526747375162,-0.20681957405490953,0.3437177409996366
-30.5,0.02,175,2026200675,2026110775,0,,,,,0.1369475769392231,0.06765746943811579,0.2638273036079467,11.367013869116391,6.625624325018223,19.172207035115694,-5.22261704369309e-13,-0.08975114758086995,-0.17233830537039874,0.43574281000110204
-30.5,0.02,178,2026200678,2026110778,1,K1ABC FN42 33,-31,0,10.140200,0.15019158104819308,0.06882794149357693,0.29390332654303125,10.327975699396646,4.977865837534503,16.133787093972305,-1.0617721979411243e-13,-0.11212163756305389,-0.013926223662667755,0.24859282900069957
-30.5,0.02,181,2026200681,2026110781,1,K1ABC FN42 33,-30,0,10.140200,0.2502012320409139,0.09540725719980327,0.42456196224214116,14.299475490300571,8.909994477230672,25.750746477703757,-6.862921689276824e-13,-0.32917516611597825,-0.08231059810230436,0.25377717900119023
-30.5,0.02,180,2026200680,2026110780,1,K1ABC FN42 33,-31,0,10.140200,0.15171021407688937,0.06688784087501522,0.28067876330019326,8.123854985086236,5.308809775526052,15.683716511641482,1.270550505083623e-13,-0.060205776812889585,-0.139988814923974,0.26798405699992145
-30.5,0.02,184,2026200684,2026110784,1,K1ABC FN42 33,-29,0,10.140200,0.12423974351260181,0.040531659006638014,0.23756593145012783,3.315920015879066,1.7752734454660117,6.345781463135246,2.7698026164313383e-13,-0.0034888199924318344,-0.11681500792995786,0.10020613300002879
-30.5,0.02,185,2026200685,2026110785,1,K1ABC FN42 33,-31,0,10.140200,0.1816143207760645,0.0713961591498362,0.3001395799497141,10.487886407914825,6.253325456775058,19.13780967064033,5.831750013451931e-14,-0.09305599870504344,-0.02586964808051873,0.2795528179995017
-30.5,0.02,182,2026200682,2026110782,0,,,,,0.13378663196027707,0.05737135574656578,0.26490602400110796,8.384443050637032,4.501677952838371,15.494416211058919,3.2348039177843013e-13,-0.2844968300270197,-0.22617608594723335,0.5331016889995226
-30.5,0.02,183,2026200683,2026110783,0,,,,,0.12084992859218663,0.04474553966081356,0.2095974347506933,5.096952793769285,2.3335786501667153,8.779759999942353,-7.886746811180956e-14,0.131797283846737,0.1399670104731953,0.5327927859998454
-30.5,0.02,187,2026200687,2026110787,1,K1ABC FN42 33,-30,0,10.140200,0.13113893249475111,0.052802915622737534,0.2574048186615816,7.587145168824041,4.578267596594469,14.534706824201063,5.568371284903062e-13,-0.17291454314940638,-0.15253202885337636,0.2630837380002049
-30.5,0.02,189,2026200689,2026110789,1,K1ABC FN42 33,-30,0,10.140200,0.10528696105585666,0.04194264092493568,0.21025398996902417,3.693321711252749,1.7022780147146688,6.58027337560843,-3.104166229617178e-13,0.11129960129140848,0.15387840915826367,0.22176480699999956
-30.5,0.02,186,2026200686,2026110786,0,,,,,0.11400612331138368,0.04679360057628928,0.22696206528313576,6.308496836236667,3.4899264303768684,11.959385904839802,-1.82650335828205e-13,-0.1324550777061132,-0.10728166161037435,0.5356278150011349
-30.5,0.02,192,2026200692,2026110792,1,K1ABC FN42 33,-31,0,10.140200,0.16317971700557887,0.0681593367082009,0.3109622269451746,9.552245195221508,5.542062882024575,17.053835692226727,2.35380291646603e-14,0.1630104774373606,0.007356889773312075,0.24709030499980145
-30.5,0.02,188,2026200688,2026110788,0,,,,,0.18114519502304047,0.0727463835571374,0.31224016734797433,6.881513546402384,3.6008518757661805,12.77310808812362,-3.89535625977544e-13,-0.017781604053582836,0.0423095910244354,0.5177821020006377
-30.5,0.02,190,2026200690,2026110790,0,,,,,0.13386270101796505,0.052627380222649595,0.25342553627731207,6.904893251082972,3.605979392488837,12.427234685456085,7.800184109729713e-15,0.056373202568158406,0.1741607847378425,0.5365373059994454
-30.5,0.02,194,2026200694,2026110794,1,K1ABC FN42 33,-30,0,10.140200,0.12563613915349708,0.040990885365486035,0.21673869220219585,4.787478717769124,2.4448115256210983,8.32961935074948,-5.411095833560142e-14,0.05665199674211701,0.1822881358956141,0.23708731300030195
-30.5,0.02,193,2026200693,2026110793,1,K1ABC FN42 33,-30,0,10.140200,0.13229095243904207,0.05884870364545571,0.25781515852081177,9.50304952603171,4.733446476582762,14.976016918004706,7.011121284233868e-13,0.05031185502279026,0.010828121924072367,0.2504190010004095
-30.5,0.02,191,2026200691,2026110791,0,,,,,0.25757922277857315,0.1288620352200442,0.47962024890032995,18.842696350517965,11.2305614534615,34.47679302562784,3.891236291519995e-13,0.10598052973964361,-0.057332356808917545,0.5280770850004046
-30.5,0.02,195,2026200695,2026110795,1,K1ABC FN42 33,-30,0,10.140200,0.13770795595086494,0.046594266214992255,0.2516784680686236,5.131432306430157,2.172064313726054,8.598455496135488,2.327406930374698e-13,0.08161521987346367,0.05673592216066863,0.25255391800055804
-30.5,0.02,196,2026200696,2026110796,1,K1ABC FN42 33,-30,0,10.140200,0.17320062727114097,0.06996460312190328,0.34062414101187133,10.235699049005175,5.639135708474325,17.513869570854737,6.64519004059394e-13,-0.006729753016462465,0.07356583198957928,0.2673955440004647
-30.5,0.02,198,2026200698,2026110798,1,K1ABC FN42 33,-29,0,10.140200,0.1526202704811933,0.06326980933433379,0.2732482178702049,5.6079151703499415,2.995176648056436,10.639043230906484,-1.7672321939166125e-13,-0.22984730603807763,-0.19976999053482344,0.2620633739988989
-30.5,0.02,199,2026200699,2026110799,1,K1ABC FN42 33,-30,0,10.140200,0.21149202421422827,0.05202337065778778,0.34462550879285314,5.141920314158298,2.6383177991070736,10.117850089370362,6.133002092290063e-13,-0.18278495254515023,-0.2219275742488359,0.06699400700017577
-30.5,0.04,1,2026300501,2026110601,1,K1ABC FN42 33,-30,0,10.140200,0.3440726494525219,0.1391174143420745,0.6384747323500495,21.90392445858889,11.741881891255257,36.105982323694995,-1.839531998948374e-12,0.06214627396730214,0.008550114008176131,0.06561755599977914
-30.5,0.02,197,2026200697,2026110797,0,,,,,0.08894574596991944,0.03532120313277933,0.16980399774702096,3.6255282046691035,1.7091806443587962,6.1451469464765065,-7.973743193501193e-14,0.12561643462191902,0.1371476978856528,0.439789292999194
-30.5,0.04,4,2026300504,2026110604,1,K1ABC FN42 33,-30,0,10.140200,0.3100635170578879,0.13589753395289275,0.5312069880788717,19.506540794274493,11.450120216081428,35.65278728279269,-5.579739144681573e-13,0.4217140623414994,0.5037697498730339,0.09307378499943297
-30.5,0.04,5,2026300505,2026110605,1,K1ABC FN42 33,-30,0,10.140200,0.31492256358948956,0.09815814335536441,0.45905941557106,10.344503510278388,4.67176906197107,19.37052737054502,-4.314908890259983e-13,0.5270003174196476,0.38332414386647046,0.056990879000295536
-30.5,0.04,3,2026300503,2026110603,1,K1ABC FN42 33,-29,0,10.140200,0.35603979093389704,0.1459252176804529,0.616860103977676,24.457379822833854,12.391272164004446,38.58103382867796,-3.3452450878823647e-13,-0.16183400287029018,-0.23543893882427233,0.2665991089997988
-30.5,0.04,6,2026300506,2026110606,1,K1ABC FN42 33,-30,0,10.140200,0.20357404697699905,0.09259951296493962,0.39649114800313867,8.950659664665734,4.7567129834235224,16.32570890479004,-2.943112333703146e-13,0.07153496044642269,0.1481478632033916,0.07579389400052605
-30.5,0.04,7,2026300507,2026110607,1,K1ABC FN42 33,-30,0,10.140200,0.3835363070192552,0.13657532724601218,0.6291946288208108,19.83267162953809,9.918471614876552,34.82223962222825,-9.485482061269424e-13,0.4077603984943885,0.2713535104336728,0.06446837200019218
-30.5,0.04,0,2026300500,2026110600,0,,,,,0.34830774801471864,0.1365412546396321,0.6508196519292595,13.10720160871081,6.617729265349294,21.71830997786175,1.5511203432794218e-13,-0.23309316763415833,-0.07765940645501358,0.5209197839994886
-30.5,0.04,8,2026300508,2026110608,1,K1ABC FN42 33,-31,0,10.140200,0.3352796221798425,0.15194267188294547,0.6611554691388081,17.39444641190568,9.122794578276006,32.5723128176358,3.856699681836773e-12,-0.17834154136069424,0.03511469160053517,0.13163327799884428
-30.5,0.04,2,2026300502,2026110602,0,,,,,0.48224268410919846,0.18718007884510304,0.8622442718048685,24.744764035711395,15.461775194435562,48.52959062299097,-2.623515987787428e-12,0.21640717597783332,0.19607860168615732,0.5357028359994729
-30.5,0.04,9,2026300509,2026110609,1,K1ABC FN42 33,-31,0,10.140200,0.23898269212521028,0.1010426619194153,0.4451678598608361,13.734988067974534,7.207297154705353,26.519792259143127,-8.081452174124593e-13,0.20014636901419006,0.17260672600498828,0.24918742599948018
-30.5,0.04,10,2026300510,2026110610,1,K1ABC FN42 33,-30,0,10.140200,0.32065225655507135,0.13911505253206133,0.5977778299743917,15.664804861162207,7.756441772810242,29.79388828943147,6.314931216833131e-13,0.4216673095330374,0.38135230680751414,0.25465294800051197
-30.5,0.04,11,2026300511,2026110611,1,K1ABC FN42 33,-30,0,10.140200,0.32515599870878514,0.12106129457023984,0.6324367352162195,18.31595080823245,8.718441408279292,28.070676155353055,-1.259031941203137e-13,-0.06966784025294569,0.061377641254434755,0.33310695300133375
-30.5,0.04,12,2026300512,2026110612,1,K1ABC FN42 33,-31,0,10.140200,0.24621496607103924,0.09730046082401636,0.44354307739987164,10.816088311274603,4.950772848182096,18.523997125554732,5.226210089692707e-13,-0.13083214731552711,0.04163623754331288,0.4351042239995877
-30.5,0.04,16,2026300516,2026110616,1,K1ABC FN42 33,-30,0,10.140200,0.38674756423841367,0.15605266787503422,0.6809090431774467,21.686948785496032,12.59374542082318,39.95245805673798,-1.6271289871028216e-12,-0.19090566988327323,-0.0637401772165704,0.0490737709988025
-30.5,0.04,14,2026300514,2026110614,1,K1ABC FN42 33,-31,0,10.140200,0.393429470570339,0.17344160763378125,0.7024783670633816,26.04646511150773,15.019332591201174,50.09909677153644,-1.0151775253763873e-13,-0.01198931367715108,-0.14029654211430848,0.2872199350003939
-30.5,0.04,15,2026300515,2026110615,1,K1ABC FN42 33,-30,0,10.140200,0.3142998910241072,0.1181000472790965,0.5353984177208592,13.036789879839729,8.315045077682981,25.86014821096306,-2.5182529672651555e-12,-0.04002353198951774,0.10570993530287082,0.2589090599994961
-30.5,0.04,13,2026300513,2026110613,0,,,,,0.33256760118117895,0.1082663569178534,0.5114128643904683,14.91469281878579,9.159847841174651,28.217722306154634,6.15194960945642e-13,0.4412578917441361,0.11196576964821342,0.5200344290005887
-30.5,0.04,18,2026300518,2026110618,1,K1ABC FN42 33,-31,0,10.140200,0.17765703710850123,0.07020836161852771,0.3472876747548896,6.371159536128635,2.9798566978642267,11.689053355326836,6.640738306473715e-15,-0.2111463199713685,-0.16799285255169205,0.25089378300071985
-30.5,0.04,17,2026300517,2026110617,1,K1ABC FN42 33,-30,0,10.140200,0.27588737103742583,0.1179805878026234,0.5493232210391329,16.972801013656266,9.417115358042576,31.662698340554368,8.690342282596797e-13,-0.17402461897779845,-0.2524170158929419,0.2896601089996693
-30.5,0.04,19,2026300519,2026110619,1,K1ABC FN42 33,-30,0,10.140200,0.3643539292812078,0.1278720131742475,0.7099356180139157,12.650414585162801,9.22484559982279,25.110593013502427,1.353353193400686e-12,-0.03469378325916886,0.01698414745131251,0.23580798900002264
-30.5,0.04,20,2026300520,2026110620,1,K1ABC FN42 33,-30,0,10.140200,0.19194140642387847,0.07793035599944521,0.37278521762431754,7.682411095262689,3.8316606116913348,14.110879243267998,-8.200465046598326e-13,0.11147340851435808,0.03210323665344977,0.24633887400159438
-30.5,0.04,21,2026300521,2026110621,1,K1ABC FN42 33,-30,0,10.140200,0.35236290258789754,0.13822863947289443,0.6254180896010204,18.428247254447186,11.781717354690656,35.35376432811721,8.007275398291824e-13,-0.026347441711477418,0.17431996257089666,0.11847534499975154
-30.5,0.04,24,2026300524,2026110624,1,K1ABC FN42 33,-30,0,10.140200,0.3119957542801437,0.1135184685693922,0.5050068182379004,10.977312245743278,6.1167293219097685,20.92175622336896,2.023362380421112e-12,0.3015837045680174,0.15648168115497263,0.06392277700069826
-30.5,0.04,22,2026300522,2026110622,1,K1ABC FN42 33,-31,0,10.140200,0.5100158927060525,0.19169482218693915,0.9231327229092597,28.40008193518388,17.15519914812745,48.24044115069519,1.9952789420685235e-13,0.7185587244953368,0.2085428317892842,0.2668302689999109
-30.5,0.04,23,2026300523,2026110623,1,K1ABC FN42 33,-30,0,10.140200,0.23767550154063083,0.10699723354721159,0.44268247718424236,15.655713386877569,9.628631469658028,28.441732729530457,7.349927957922553e-13,0.32102883225711537,0.22706515103508332,0.2574775249995582
-30.5,0.04,25,2026300525,2026110625,1,K1ABC FN42 33,-31,0,10.140200,0.31675019139089844,0.11914401637806836,0.5741593432457656,13.486787156562833,6.204512397086278,24.90224992981691,-1.3671013106286711e-12,0.08441013263638979,0.02620385846464557,0.2688905800005159
-30.5,0.04,27,2026300527,2026110627,1,K1ABC FN42 33,-30,0,10.140200,0.31073239085532756,0.1034486994291636,0.5344349306574219,13.532230585052485,8.047197515018496,24.695033300000528,4.1474549489217694e-13,-0.11371296856350921,-0.3931864803533979,0.25909751700055494
-30.5,0.04,29,2026300529,2026110629,1,K1ABC FN42 33,-29,0,10.140200,0.3426105991035932,0.13862593729464442,0.581126492165277,23.042093975984457,10.695711107491695,36.106809469189095,1.3872774456968884e-12,0.14382870000709258,0.16887380210818567,0.1668461280005431
-30.5,0.04,28,2026300528,2026110628,1,K1ABC FN42 33,-30,0,10.140200,0.25050496879842954,0.0819829416309832,0.4194013969523932,8.467950863662672,4.536165298762581,16.019027648645242,4.992386712365793e-13,-0.3417434148605398,-0.3851844813399378,0.2549463850009488
-30.5,0.04,26,2026300526,2026110626,0,,,,,0.22326557301789907,0.08072197177031974,0.42818645780115805,7.658974667055256,3.191150309762031,13.811487017507869,-5.840598187381585e-13,0.5409237555973908,0.5180262184145008,0.4376290340005653
-30.5,0.04,33,2026300533,2026110633,0,,,,,0.40453036577141216,0.18861783461617798,0.789877740009828,29.55859871812212,17.265868308660995,50.74901906093551,3.4019679434615924e-12,0.4593958279887767,0.2678556855679367,0.049236205999477534
-30.5,0.04,32,2026300532,2026110632,1,K1ABC FN42 33,-29,0,10.140200,0.3551508165620677,0.13067117648274096,0.5579575265628056,10.95114603345116,6.811166233947626,21.133667461607224,4.701803182904918e-13,0.3448895866355226,0.17362487067449253,0.14809788999991724
-30.5,0.04,31,2026300531,2026110631,1,K1ABC FN42 33,-31,0,10.140200,0.24502860913747693,0.09281469557881965,0.4508908902690426,12.16077800263542,6.8511335844838275,23.339321963718756,-1.6371724261650053e-12,0.13504473672368622,0.08726670945844743,0.35604240000066056
-30.5,0.04,35,2026300535,2026110635,1,K1ABC FN42 33,-31,0,10.140200,0.2686093610891818,0.1153178006441136,0.5363797444178204,10.573035147196121,5.341152546501637,20.021197479954353,-2.309237870368186e-13,0.299617128205645,0.33934940898602883,0.2382337479994021
-30.5,0.04,30,2026300530,2026110630,0,,,,,0.2887035878620261,0.15551424189504137,0.5456674611544972,24.29359484445127,14.165906577653727,47.72855581720172,6.224708248847577e-13,0.06908719570419962,0.13635521730617198,0.5364500180003233
-30.5,0.04,38,2026300538,2026110638,1,K1ABC FN42 33,-31,0,10.140200,0.26903597663433615,0.1121031022775735,0.5143316907513995,17.4657187189621,8.22475606776636,26.688814406166188,-1.8306694051298256e-13,-0.36580539599430123,-0.50717185026567,0.06473321500016027
-30.5,0.04,34,2026300534,2026110634,0,,,,,0.3027495125883244,0.10969854699673288,0.5614721803768584,14.899273557282546,9.238399800182501,27.82967126920501,-4.788263535671078e-12,0.027994214625534423,0.16271602625857262,0.5215786019998632
-30.5,0.04,36,2026300536,2026110636,0,,,,,0.2603097319568769,0.10099145509168506,0.49476851751281026,13.828458060811228,7.377222638147889,21.881947881458537,-8.57232687612175e-13,-0.19122067848568985,-0.03689946465281288,0.5289922970005136
-30.5,0.04,39,2026300539,2026110639,1,K1ABC FN42 33,-30,0,10.140200,0.2954334269327718,0.12113988527909567,0.5517563756500795,13.452225517152156,7.67846091402469,23.844534056708373,1.1977478470842629e-12,-0.2545276118687815,-0.13067951484092774,0.3731166210000083
-30.5,0.04,40,2026300540,2026110640,0,,,,,0.330533477787044,0.13819022381047466,0.5602705905361912,14.337240714603222,7.920279496639015,26.76913402416129,-3.6754280174911003e-13,-0.11565717281384488,0.08789629277624489,0.5005860700002813
-30.5,0.04,42,2026300542,2026110642,1,K1ABC FN42 33,-31,0,10.140200,0.19270413488105975,0.0789607172767487,0.34822792272722564,8.769030228192651,4.014925960829505,15.23519572017302,-1.1622300344349412e-13,-0.016333130416818702,0.07949600267558049,0.3357618400004867
-30.5,0.04,37,2026300537,2026110637,0,,,,,0.30545390146228935,0.11705565120986157,0.5550623599126063,17.595360900819657,8.672408247987695,29.55222648797301,-4.2607519075421596e-13,0.20316342475251514,-0.02693693387522069,0.915917307998825
-30.5,0.04,41,2026300541,2026110641,0,,,,,0.29526670402794575,0.13339789420039072,0.535127079828096,18.46933134449204,12.617890325754548,35.51232817231883,-9.119389271505796e-13,-0.17936584012869697,0.04293376334319948,0.5218999059998168
-30.5,0.04,44,2026300544,2026110644,1,K1ABC FN42 33,-30,0,10.140200,0.24571867457122415,0.10627547612231555,0.4596462160649117,15.803684511333106,8.49275245359553,26.580716060640086,-9.376784288264717e-13,-0.35620927384070605,-0.39111883806953424,0.25386909900043975
-30.5,0.04,45,2026300545,2026110645,1,K1ABC FN42 33,-30,0,10.140200,0.24228636081878652,0.07944146849318248,0.44849906132049205,6.651016002091747,3.191189218046288,11.648932237167465,-1.6081190198913298e-13,-0.3886355570175677,-0.2951665636144976,0.2606268959989393
-30.5,0.04,43,2026300543,2026110643,0,,,,,0.4245736565634127,0.1924699178661835,0.7418581921589233,28.084960757516317,18.7362295570284,51.992898390406054,-2.530252049548487e-12,0.10879698406284428,0.05415091775903434,0.5294004269999277
-30.5,0.04,46,2026300546,2026110646,1,K1ABC FN42 33,-30,0,10.140200,0.30373096962897395,0.13359876528266065,0.5735745834518331,16.133172945415374,8.901115954821973,29.33513864308307,-1.0087243540457536e-12,-0.34802425192646325,-0.08217452354243932,0.35319185700063827
-30.5,0.04,47,2026300547,2026110647,1,K1ABC FN42 33,-30,0,10.140200,0.3542151422429244,0.11633415749145067,0.6402814365968742,14.339148788304698,7.531604447768672,26.272512999191086,-4.761664153252188e-13,0.08976810898983781,-0.2644470332530866,0.23247008999896934
-30.5,0.04,50,2026300550,2026110650,1,K1ABC FN42 33,-30,0,10.140200,0.2913516899882762,0.10140567318131395,0.4535343640097582,11.06908096974601,5.663071949235677,20.779212320514738,1.154536535818984e-12,-0.358362025246203,-0.06701033525792677,0.06410652699923958
-30.5,0.04,48,2026300548,2026110648,1,K1ABC FN42 33,-30,0,10.140200,0.21113514314310972,0.08108380545563301,0.4138558782663454,6.3189516596396444,3.218961321047591,11.110775688104981,1.579149137842517e-13,0.0259126146749107,0.18987299262318083,0.2929247279989795
-30.5,0.04,52,2026300552,2026110652,1,K1ABC FN42 33,-30,0,10.140200,0.478609003247167,0.1823053574449029,0.7895440551673123,26.476206011757398,17.62275548793508,50.76492567158997,-2.062187226536949e-13,-0.20408035869535143,-0.1442428785936376,0.09670503999950597
-30.5,0.04,49,2026300549,2026110649,1,K1ABC FN42 33,-31,0,10.140200,0.21030442027748109,0.09005031400741274,0.40101273467415727,10.202437342654575,5.290013056871619,17.59916297576975,6.944583796908432e-13,0.042757439324764696,0.19022463792469924,0.2624464309992618
-30.5,0.04,54,2026300554,2026110654,1,K1ABC FN42 33,-30,0,10.140200,0.311829263343843,0.1191138117173817,0.5815024642904656,15.292325272329615,6.868631803630624,24.574087570793118,3.908818147629889e-12,-0.5583220231854158,-0.34077191701204995,0.06825153199861234
-30.5,0.04,53,2026300553,2026110653,1,K1ABC FN42 33,-30,0,10.140200,0.2912336823721564,0.13245630763219898,0.5375588408397486,16.297983007628694,9.443939361539565,31.9106500122982,1.5382313478529142e-13,-0.40666964483126944,-0.17129637745627735,0.25939177500004007
-30.5,0.04,56,2026300556,2026110656,1,K1ABC FN42 33,-30,0,10.140200,0.26693804518603664,0.09503827334196636,0.4726033044811368,10.645369477789249,6.022646541695827,19.057767775827763,1.0623086611760701e-12,0.050558053225214096,-0.21637999196082253,0.2585113379991526
-30.5,0.04,51,2026300551,2026110651,0,,,,,0.3237492330650096,0.12468744581353343,0.5866864987880942,17.850549578377986,9.359586949656924,29.18700513254661,2.214032776559627e-12,-0.024479848183031176,0.04048747078278956,0.5374476320012036
-30.5,0.04,57,2026300557,2026110657,1,K1ABC FN42 33,-31,0,10.140200,0.32408175636805103,0.1486382400550425,0.6096300180910323,24.01985355232605,13.96742994514606,43.55096039397096,-9.86844720524127e-13,0.056433867586907056,-0.03440379300565981,0.2463547280003695
-30.5,0.04,55,2026300555,2026110655,0,,,,,0.23599739844155015,0.09848311267679268,0.4561198868462452,15.03484794276158,7.745784563990521,26.816390576780663,9.774516265825817e-15,-0.050225789239565194,-0.09240161662422407,0.5187839489990438
-30.5,0.04,59,2026300559,2026110659,1,K1ABC FN42 33,-31,0,10.140200,0.21606616165176804,0.07757137878680909,0.4129258155537194,8.480733371416898,4.738884284919916,15.61250865733329,-9.028715275416488e-13,-0.24970907307957788,-0.36537745711165653,0.36438816300142207
-30.5,0.04,61,2026300561,2026110661,1,K1ABC FN42 33,-30,0,10.140200,0.3793925639023489,0.15936026298277753,0.7144465780318806,21.9689969776424,11.609341176124916,40.32498032226991,-9.470150358348306e-13,-0.41159716417895653,-0.20729999556254136,0.2753287049999926
-30.5,0.04,58,2026300558,2026110658,0,,,,,0.4158087597928537,0.16745058119678446,0.7337788803035101,24.812431740724193,15.127570895443515,47.92098236977765,2.3115693387198988e-12,-0.06283201259186579,-0.1890307866781836,0.5461741060007625
-30.5,0.04,63,2026300563,2026110663,1,K1ABC FN42 33,-29,0,10.140200,0.26099988783768546,0.10144911153153777,0.4218858986966983,7.136738991394483,3.7768958497115457,13.636778817967553,-6.200595592531499e-14,-0.20954264976703094,-0.147522830875489,0.1796429040005023
-30.5,0.04,60,2026300560,2026110660,0,,,,,0.275139521634516,0.10387174155598101,0.5221394412761386,7.6708329250714895,4.27783018218917,15.138380372354991,-4.6432996336776e-13,0.301376029703905,0.23945895633640157,0.5372298279999086
-30.5,0.04,62,2026300562,2026110662,1,K1ABC FN42 33,-29,0,10.140200,0.27888009422092497,0.10941657372101823,0.5114768609323445,14.925929396109467,7.597463846182597,25.14843216215965,-2.8628870107905158e-12,0.12206612980853511,0.2295772676721931,0.35865064000063285
-30.5,0.04,64,2026300564,2026110664,1,K1ABC FN42 33,-31,0,10.140200,0.2158194926319757,0.08920799791533283,0.4144575785908193,8.091735447765126,3.8005756239031228,13.822909398182045,1.2500920437696905e-12,0.4513462428303942,0.6671657354623699,0.27112637999925937
-30.5,0.04,65,2026300565,2026110665,1,K1ABC FN42 33,-30,0,10.140200,0.25626871388884254,0.10537738155520907,0.45340279168839415,8.32898834231699,4.263301290511526,16.555468867486358,-1.3586276201293934e-12,-0.26872497762505415,-0.3128299577526021,0.30748710300031235
-30.5,0.04,66,2026300566,2026110666,1,K1ABC FN42 33,-31,0,10.140200,0.4699022734422043,0.19893033475662447,0.806948572620084,33.66767708818952,19.709965427439535,59.252659804420624,-2.2557971116055064e-12,-0.11386439404840644,-0.41614721559638873,0.29800767800043104
-30.5,0.04,69,2026300569,2026110669,1,K1ABC FN42 33,-30,0,10.140200,0.4201738686217258,0.211297080598607,0.7603299797626059,35.22725773774074,20.49416503420715,65.62920904986875,2.5541374570892117e-12,-0.8115286942602569,-0.6786369611191431,0.10143038400019577
-30.5,0.04,70,2026300570,2026110670,1,K1ABC FN42 33,-31,0,10.140200,0.49099336934933857,0.18565679281187286,0.7618969548270766,27.38988281701355,16.3036157707576,52.93146389883039,-6.6212335093907e-13,-0.23433245077608228,-0.49893999927519017,0.09804127200004586
-30.5,0.04,67,2026300567,2026110667,0,,,,,0.23422686129752288,0.10372388779880251,0.44853811236057817,14.050547473822187,8.677495492938611,25.785109445247343,7.501652209439052e-13,-0.12673998182666424,0.016718621859741628,0.5257965399996465
-30.5,0.04,68,2026300568,2026110668,0,,,,,0.35352944450797874,0.13617764541864563,0.6443224475678396,19.60925120779534,9.208196097288825,32.3024004666205,-1.5948423137679413e-12,0.21650908081234557,-0.13702036369563317,0.5404444030009472
-30.5,0.04,71,2026300571,2026110671,0,,,,,0.4882680290947876,0.26884798032737006,0.8972182364675273,44.13973601263223,27.25736864990719,82.15310061980034,2.048436940904619e-12,-0.534047432461029,-0.17019147561513412,0.5119815670004755
-30.5,0.04,72,2026300572,2026110672,0,,,,,0.38704048068312247,0.17114076216047733,0.6510524500443309,26.894920585502216,17.13710097757276,52.919714234326484,3.1565436028890836e-12,0.3196999509138757,0.05587132863592024,0.526069933999679
-30.5,0.04,73,2026300573,2026110673,1,K1ABC FN42 33,-30,0,10.140200,0.2826569230888161,0.11278751917599729,0.5445265016272596,15.961249012503158,8.404623443794874,28.037322715144985,1.282975461980307e-13,0.44812028202819176,0.3109431315304013,0.2634404590007762
-30.5,0.04,75,2026300575,2026110675,1,K1ABC FN42 33,-30,0,10.140200,0.26585016525011285,0.10242557599987526,0.4668369100005305,9.774772093568275,5.523927768824221,18.305603022058897,-2.1492009560919456e-13,0.5939987300798575,0.4917575100963531,0.0813251859999582
-30.5,0.04,74,2026300574,2026110674,1,K1ABC FN42 33,-31,0,10.140200,0.3320722185648673,0.1314692890604327,0.5540665979428743,21.072880755781476,10.774217779068213,35.20294915521876,-2.511168356589266e-13,-0.08719295532463976,-0.24109570756491974,0.3212275879996014
-30.5,0.04,78,2026300578,2026110678,1,K1ABC FN42 33,-31,0,10.140200,0.30948788175891284,0.13424633461248117,0.5787414952723233,17.82558169364592,9.818055081762829,34.74838260404308,1.6961146029337293e-12,0.19747697209391593,0.2400379006089675,0.20606161700015946
-30.5,0.04,76,2026300576,2026110676,1,K1ABC FN42 33,-31,0,10.140200,0.22521887236822613,0.07915620086688505,0.4229418907232977,5.784941846334694,2.863538942628084,10.5695091585423,-1.3924972286361026e-13,0.13673334960345276,0.03846794248440594,0.2842289640011586
-30.5,0.04,77,2026300577,2026110677,1,K1ABC FN42 33,-30,0,10.140200,0.31445910580787934,0.1371328769726968,0.5590433387747089,21.369705665617854,13.802233188679029,38.900896982030105,2.674762321352997e-12,-0.47055803726867607,-0.23070691068391402,0.2884656399983214
-30.5,0.04,81,2026300581,2026110681,1,K1ABC FN42 33,-30,0,10.140200,0.27575681858047296,0.09848982074354974,0.46053674317539506,8.692989488349037,3.898696228946221,14.739144105976335,8.402660078149493e-13,-0.1896984097895283,-0.12949058385696605,0.2671080250001978
-30.5,0.04,80,2026300580,2026110680,1,K1ABC FN42 33,-31,0,10.140200,0.23330626152403783,0.10573162846919307,0.4140902605002077,13.552942639113539,7.008176899441399,26.244683049955167,1.904357747883889e-13,0.21999573805458578,0.30895246960479067,0.2995823260007455
-30.5,0.04,83,2026300583,2026110683,1,K1ABC FN42 33,-29,0,10.140200,0.3238015318950012,0.11717673428362574,0.5928075022879622,13.559643714875552,7.5847974891976335,24.39931285487691,7.893128425168205e-13,-0.10828532465777241,-0.06093143710370903,0.053711786998974276
-30.5,0.04,79,2026300579,2026110679,0,,,,,0.38988333355818666,0.1891429456496643,0.7229890442383785,25.467235682229155,14.830286804844054,49.30556143210564,2.384700509977522e-12,-0.11379899681470022,0.18237091528012045,0.5305229659988981
-30.5,0.04,82,2026300582,2026110682,1,K1ABC FN42 33,-31,0,10.140200,0.2598081489324565,0.09550375705733044,0.4914182108321293,12.406684389000171,6.161736529818927,22.50585934082861,1.7618241934802548e-12,0.017634270831176847,-0.10837981172083828,0.4049314990006678
-30.5,0.04,86,2026300586,2026110686,1,K1ABC FN42 33,-31,0,10.140200,0.2414706657054576,0.10032484060200944,0.45386273303429436,11.116309594976505,5.98393487198382,20.687581757494023,-8.590832038801732e-13,0.2960174214798761,0.19744239330113708,0.2504248719997122
-30.5,0.04,88,2026300588,2026110688,1,K1ABC FN42 33,-30,0,10.140200,0.2656803259679606,0.09909043734790142,0.47172272391949766,9.653461164288009,5.03764939338192,16.811191784713877,-6.033307534125676e-13,0.18510941689074495,0.20916693718750523,0.12743104500077607
-30.5,0.04,84,2026300584,2026110684,0,,,,,0.37812797610711313,0.11051792353296247,0.5489087416112911,11.560381337008465,5.9392499216961046,21.04855794438744,-8.809107956975204e-13,0.41930624371493075,0.5167718013618137,0.5555069649999496
-30.5,0.04,85,2026300585,2026110685,0,,,,,0.32979792014954434,0.13138883607888543,0.5474002154545524,18.556804267446346,9.73856849853052,34.98931183608379,1.5466538640096505e-12,-0.03787647310350826,-0.06546802480714761,0.559868460000871
-30.5,0.04,87,2026300587,2026110687,0,,,,,0.2183008338117639,0.07996000979949029,0.42584638031881783,8.982927002648216,5.231490292739332,17.51083986545295,-1.691346715460007e-13,0.059180098797562,0.046040579439029124,0.5295801039992512
-30.5,0.04,89,2026300589,2026110689,0,,,,,0.3291109558295856,0.1461180674835631,0.6415088132553398,21.853023492081512,13.58769017289944,43.037413595930055,-1.5714252815657304e-13,0.022037789428762895,-0.2186399164533165,0.5556899410003098
-30.5,0.04,90,2026300590,2026110690,0,,,,,0.2685383701904343,0.11401417944212257,0.5100860998181771,15.490806572409332,9.172018120335485,29.68093224636948,-2.1066455871410206e-12,0.1312716543079743,-0.07652494784119124,0.5406909969988192
-30.5,0.04,91,2026300591,2026110691,0,,,,,0.2670301374772715,0.12148443261928704,0.49937722240358867,15.64646866930527,7.809314798088664,29.27478412866224,-1.037332546249825e-12,0.04640311062721493,0.22923493193654704,0.5614410609996412
-30.5,0.04,92,2026300592,2026110692,1,K1ABC FN42 33,-31,0,10.140200,0.276786806773515,0.0878157528456049,0.47105362947014706,11.051632384709087,5.9767676932196405,19.117111539738488,-2.8041848357251986e-13,-0.05230102982560368,-0.04842708186248214,0.6748690870008431
-30.5,0.04,94,2026300594,2026110694,1,K1ABC FN42 33,-30,0,10.140200,0.26077778468906365,0.1102349981444398,0.49287706174128476,12.119085914505531,5.876760374903158,21.71495758185594,2.7189361873070084e-13,-0.6132240114608843,-0.5309714789360513,0.3495279409999057
-30.5,0.04,93,2026300593,2026110693,0,,,,,0.3382227907743576,0.1350176924839303,0.5926904896863238,17.592182227803303,10.352356869229098,34.60868246691146,1.804707208327705e-12,-0.36311699219818205,-0.16995545324315664,0.5442466720014636
-30.5,0.04,95,2026300595,2026110695,0,,,,,0.2946294501341281,0.1343772067417346,0.567729888273782,17.948280329880877,8.60943067493811,31.95898207405586,-6.367979060728501e-13,0.24587125500469095,0.4195155060036744,0.4378846780000458
-30.5,0.04,96,2026300596,2026110696,1,K1ABC FN42 33,-31,0,10.140200,0.2840830288884326,0.14037797393459955,0.5485000320756307,19.452071333089005,10.029273815841584,31.87314605679969,2.1964288027254142e-13,-0.19906071094600522,-0.4127642262636438,0.36677212600079656
-30.5,0.04,97,2026300597,2026110697,1,K1ABC FN42 33,-30,0,10.140200,0.33487017845091305,0.15309340163882829,0.6276213367087576,20.13504744410645,9.033698813888666,33.05436851167835,-3.1159562777216543e-12,-0.06911993400716886,0.06812156095385753,0.367024537999896
-30.5,0.04,98,2026300598,2026110698,0,,,,,0.2621621849426292,0.09214843008316508,0.42927735196313443,12.95956596281896,7.012756588980318,22.28480947373602,7.141565984414289e-13,0.005758552308135335,0.13237729207643423,0.5355739280003036
-30.5,0.04,99,2026300599,2026110699,0,,,,,0.27817830144898936,0.1231133108016997,0.48898216155442,18.76116896425876,9.655316490946376,33.739554194697156,-2.885257137374975e-14,0.4408395410929134,0.37671669746587877,0.5424372879988368
-30.5,0.04,100,2026300600,2026110700,0,,,,,0.24647169854306777,0.12467937749473144,0.47210311237556296,20.40682526311217,12.280267879331632,37.99174252246852,-1.898986610321396e-13,-0.18627848950526957,-0.03595135087200229,0.5228609720015811
-30.5,0.04,103,2026300603,2026110703,1,K1ABC FN42 33,-30,0,10.140200,0.2865573987006001,0.1255144044532473,0.5566335908333335,8.983994854641914,5.151696817206542,17.02465130936528,1.5195605190809758e-12,0.01921285986574139,0.18114650171924038,0.1621677160001127
-30.5,0.04,102,2026300602,2026110702,1,K1ABC FN42 33,-30,0,10.140200,0.2555298918871974,0.0986460422552991,0.5003635805036762,9.142284575785299,4.902897276809434,17.919922908297725,1.6731023576126158e-12,-0.24377450969955572,-0.2124182321865418,0.2804811679998238
-30.5,0.04,101,2026300601,2026110701,0,,,,,0.28544548921240964,0.12212056180633923,0.4845632935646804,15.588711293308785,7.49472327926771,26.093279707667364,-1.6025778794281909e-12,0.3971660118007684,0.15848515356712292,0.5477089639989572
-30.5,0.04,105,2026300605,2026110705,1,K1ABC FN42 33,-30,0,10.140200,0.3036792799937654,0.11583809218872926,0.48934310279413973,16.547664340989975,9.299674746925668,29.63991596715186,-1.5894221702672517e-12,-0.4310593355018285,-0.49654404050625894,0.23793813200063596
-30.5,0.04,107,2026300607,2026110707,1,K1ABC FN42 33,-30,0,10.140200,0.33842802077446804,0.14246419291204104,0.6097377597731752,18.510275773783114,11.242760305363399,36.93492929033376,-6.625418529776494e-13,0.38175733526652966,0.30507980546360697,0.2421455049989163
-30.5,0.04,106,2026300606,2026110706,1,K1ABC FN42 33,-30,0,10.140200,0.2079672710974047,0.09833671979286834,0.39584180006551273,12.746257140669337,8.102946614179722,23.491319749195565,8.276990204336698e-13,-0.3342425380873299,-0.16242295384866245,0.2662032919997728
-30.5,0.04,104,2026300604,2026110704,0,,,,,0.4391841773599463,0.21634383385103056,0.7553029450221744,34.93916543140816,22.99787018979173,66.61522242696509,9.304102627227806e-13,0.38504135461566585,-0.032703116301198966,0.542332246001024
-30.5,0.04,109,2026300609,2026110709,1,K1ABC FN42 33,-31,0,10.140200,0.23697345698587388,0.10037375056170085,0.47142190810550944,10.322641559819644,6.54278054857523,19.381698547421202,1.5356639571084685e-14,0.1538998062548088,-0.07307430245116564,0.3788579659994866
-30.5,0.04,108,2026300608,2026110708,0,,,,,0.3796310421761241,0.1646916602013469,0.661834967599285,25.144994259505836,13.297514389991198,41.12491192547431,2.941917542909067e-14,-0.37488780260558513,-0.1713451477981943,0.5281700100003945
-30.5,0.04,110,2026300610,2026110710,0,,,,,0.5089327249615966,0.1541316811336584,0.7971191863675033,23.20948737998091,13.339114061622384,41.61796078870648,-1.0023613883358706e-12,-0.6181344565231801,-0.5420666409579388,0.5075420060002216
-30.5,0.04,111,2026300611,2026110711,0,,,,,0.3504790480320235,0.12167869927323295,0.6111716542945247,15.767249250057631,7.555649347693775,24.71994338931337,1.490300938211675e-13,-0.19748124916736243,-0.3535276899742734,0.5191955239988602
-30.5,0.04,113,2026300613,2026110713,1,K1ABC FN42 33,-30,0,10.140200,0.30963479618749534,0.12885383540579004,0.5325092476484586,14.186532853581232,8.706979556293842,26.234489766421554,7.251144129583054e-13,0.25117582316612047,0.07304890653059352,0.26523173800160293
-30.5,0.04,112,2026300612,2026110712,0,,,,,0.2546245373280496,0.11856970261596723,0.4901414253495726,16.130270327523196,9.241712211448622,30.90425853968547,5.738760161522194e-13,-0.040881880404864096,0.01111330664128508,0.5183552700000291
-30.5,0.04,116,2026300616,2026110716,1,K1ABC FN42 33,-29,0,10.140200,0.5383237500822776,0.16208481979162115,0.8548147068091649,22.848481005410225,11.748674670654495,38.41758802379374,8.734957201994575e-13,-0.5713736555367706,-0.033049905454492975,0.267744221000612
-30.5,0.04,115,2026300615,2026110715,1,K1ABC FN42 33,-30,0,10.140200,0.2546223495289731,0.10985010383347492,0.4763129845967756,15.531944667736136,7.0891296648377145,25.046476635369654,1.4290218314227943e-13,0.37652093478652715,0.5982115698543297,0.34417753699926834
-30.5,0.04,114,2026300614,2026110714,0,,,,,0.25887157615142375,0.12125839971303168,0.4859188652683092,17.448829784090158,7.906495588341427,29.705316112467933,-8.266616557950357e-13,-0.25943124558937947,-0.13432080173150646,0.5609107890013547
-30.5,0.04,120,2026300620,2026110720,1,K1ABC FN42 33,-31,0,10.140200,0.2515352020186179,0.11432134888641404,0.4903143410423053,16.11922595948734,9.411019075104717,28.645045303625977,-1.4733657002774514e-12,0.16934470481856534,0.3366949387118804,0.33103921099973377
-30.5,0.04,117,2026300617,2026110717,0,,,,,0.2797167410237834,0.11176153870726652,0.48473544385000417,14.827743537441771,7.893571992586664,26.653850947164244,-7.851228348010331e-14,0.17548239582117958,0.13434194364754262,0.5466780260012456
-30.5,0.04,121,2026300621,2026110721,1,K1ABC FN42 33,-31,0,10.140200,0.3927100760194626,0.1249323482981801,0.6414100674656972,14.391546869437507,8.40561440937128,27.826805241517874,1.8879667794402533e-12,-0.1853764396228911,0.17582911448025568,0.055202663999807555
-30.5,0.04,118,2026300618,2026110718,0,,,,,0.27520802618503437,0.13084657860588275,0.5208291655897525,12.429515215022409,6.266474877580281,21.5424305627623,3.2506549535460394e-13,-0.15342690908220089,-0.23777184495270987,0.5506749399992259
-30.5,0.04,119,2026300619,2026110719,0,,,,,0.22126070853979068,0.10334153421586427,0.4200833515936938,10.836869341968688,5.693765568417266,20.480149166825438,-5.381127943411557e-13,-0.1332699251484885,-0.24782929702188447,0.5473406290002458
-30.5,0.04,125,2026300625,2026110725,1,K1ABC FN42 33,-30,0,10.140200,0.2823961390792489,0.08875097500040996,0.46737384682646427,9.377551263810668,4.572001430085833,17.093222030718806,-1.1612217264145297e-13,0.1869331809223986,0.1392660607618862,0.07235123999998905
-30.5,0.04,123,2026300623,2026110723,1,K1ABC FN42 33,-30,0,10.140200,0.24799299716195233,0.09739921932613932,0.4412850592243238,7.030039031121387,3.622982380826103,13.072892444945811,1.673316433331573e-13,0.11305773918066117,0.21175882868533313,0.2632469559994206
-30.5,0.04,122,2026300622,2026110722,0,,,,,0.3170879656551555,0.17394344755781027,0.6005235186144533,24.809028343601312,14.243870433271454,47.71058150018394,2.5246853219140775e-12,0.17102203006725208,0.30335505359419856,0.514370171000337
-30.5,0.04,127,2026300627,2026110727,1,K1ABC FN42 33,-30,0,10.140200,0.7468203649832028,0.2702435279245649,1.1640418458843662,40.80196543172529,27.898227954653994,78.99023740843221,-2.3138123361743368e-12,0.41057821072079326,0.27236261753882307,0.24431683700095164
-30.5,0.04,124,2026300624,2026110724,0,,,,,0.23361636335721142,0.09369348293567398,0.4440737906202435,7.950655124351167,4.2893449397463215,14.346090599323126,-8.306257157780772e-13,0.07638421473682212,0.05464094743688195,0.5006593750003958
-30.5,0.04,126,2026300626,2026110726,0,,,,,0.26760138686406826,0.11874040289963057,0.5143263439378265,15.327011233203407,8.28359048807196,26.055682699080563,1.1281782799632545e-12,-0.068974373916505,-0.08592426623868751,0.5031328109998867
-30.5,0.04,128,2026300628,2026110728,1,K1ABC FN42 33,-30,0,10.140200,0.24239489093747463,0.06393951131075268,0.3786711479708763,6.142666564137781,2.700615689297833,10.13014361235016,5.080940009005719e-13,-0.07512357595911154,-0.16027532924631327,0.3579404810006963
-30.5,0.04,131,2026300631,2026110731,1,K1ABC FN42 33,-31,0,10.140200,0.32744133034922285,0.12242266195928717,0.5266968291179986,15.117739679521497,7.014408813621869,27.009001036423086,1.0735570418751728e-12,0.2238115789569121,-0.08032659852156958,0.26957986599882133
-30.5,0.04,129,2026300629,2026110729,0,,,,,0.3150642619502464,0.13435852431941664,0.6033996284375219,19.55162734133753,9.918641302708336,32.926048855390235,1.323358089777571e-12,0.23911300022497545,0.1951408130466878,0.5216670740010159
-30.5,0.04,130,2026300630,2026110730,0,,,,,0.3784212979467711,0.13251207347777577,0.6410636135568248,12.645831978485145,7.580845156229009,23.74461187581545,-1.1484670094270844e-12,0.4176581751439579,0.11097639752793258,0.5201624759993138
-30.5,0.04,132,2026300632,2026110732,1,K1ABC FN42 33,-30,0,10.140200,0.2291979511374855,0.07282722205427739,0.3648364116761472,6.354296566294916,2.9812154540755715,12.258118077903355,-5.26462527001767e-13,0.1032278212350424,0.11142904142292338,0.25869548700029554
-30.5,0.04,133,2026300633,2026110733,1,K1ABC FN42 33,-30,0,10.140200,0.423913866756807,0.14481498292367287,0.6604994846014486,19.196465956593233,9.733721830827953,33.81615798807513,2.3325386760975064e-12,0.2866321819060117,0.17145770724220874,0.24612545300078637
-30.5,0.04,134,2026300634,2026110734,1,K1ABC FN42 33,-30,0,10.140200,0.22801785751209197,0.0907178158221903,0.40395714726783194,8.01206578763428,3.6098948767596037,13.925044787177761,-4.499378300493184e-13,-0.0026579283932616814,0.21577978644563542,0.2583209219992568
-30.5,0.04,135,2026300635,2026110735,1,K1ABC FN42 33,-30,0,10.140200,0.3002179591552563,0.09597492240430902,0.4382336680306661,12.546441041645693,6.924163720114523,22.52059848444965,1.5014647511413237e-12,0.06713249908817845,0.017120310361173886,0.24577453900019464
-30.5,0.04,136,2026300636,2026110736,1,K1ABC FN42 33,-30,0,10.140200,0.3519221491521426,0.15441978443420878,0.6458971000006254,21.849986762693664,12.026141153251686,39.46249053151884,-9.019279463909347e-13,-0.27948627823604055,-0.6186579030027154,0.24551636700016388
-30.5,0.04,137,2026300637,2026110737,1,K1ABC FN42 33,-30,0,10.140200,0.29194375185339083,0.10950524483256735,0.5594947714605527,6.890964302719621,3.7383499923900168,13.168585464587826,-5.954334247881832e-13,-0.13432959334430666,-0.06329168200037091,0.3098697909990733
-30.5,0.04,139,2026300639,2026110739,1,K1ABC FN42 33,-31,0,10.140200,0.23096160164013144,0.07826379691465828,0.4436091884167517,7.7643084734082715,3.4116708874236155,12.334735970561328,3.072455484476322e-14,-0.10918370642053722,-0.029258631244955757,0.2548627359992679
-30.5,0.04,141,2026300641,2026110741,1,K1ABC FN42 33,-30,0,10.140200,0.3166052136424796,0.11005354457888149,0.5681292289550848,13.511882661731171,5.381876784295167,19.50965969081242,1.225112676236928e-12,-0.07638977121370051,0.17513424409890457,0.15848355799971614
-30.5,0.04,138,2026300638,2026110738,1,K1ABC FN42 33,-30,0,10.140200,0.3427893586371288,0.15686966760422347,0.6663409130906782,22.810190143309857,14.791907144572464,45.271258145422614,-1.1244477571281664e-12,-0.14968558125176978,0.0036692894161776063,0.3827638959992328
-30.5,0.04,143,2026300643,2026110743,1,K1ABC FN42 33,-30,0,10.140200,0.3956110742355268,0.20467643957359807,0.7161821294220561,30.26358121198311,15.887784573976754,54.144668541087256,1.7335646806948546e-12,0.2014936368990395,0.558429589381259,0.0818862510004692
-30.5,0.04,142,2026300642,2026110742,1,K1ABC FN42 33,-30,0,10.140200,0.22293372713343962,0.08715363007788902,0.420487212373176,7.855102002983609,3.879940226282578,13.130428278855987,-9.31196092457398e-13,-0.01900320863663963,0.027922913703218293,0.2540439330005029
-30.5,0.04,140,2026300640,2026110740,0,,,,,0.3939709486328935,0.1654730555523777,0.7145882807605215,27.161744524790556,16.262600768660466,47.152722734302145,3.993694697862482e-12,0.32686136761106754,-0.0004241839470991979,0.5021340019993659
-30.5,0.04,145,2026300645,2026110745,1,K1ABC FN42 33,-30,0,10.140200,0.26188403130481364,0.0964852380568415,0.4588849083509667,14.262956295896283,7.955564539387777,27.132686529035897,-4.839618289453895e-13,0.24136694754433485,0.09768810132172492,0.23440269800084934
-30.5,0.04,146,2026300646,2026110746,1,K1ABC FN42 33,-30,0,10.140200,0.33627955661594566,0.15981817218552669,0.6026663164271453,22.515413886759376,13.89610006436058,42.50267955769408,-2.0394276545321333e-13,0.3261436798234415,0.3669845999620068,0.28306464399975084
-30.5,0.04,144,2026300644,2026110744,0,,,,,0.31281206343201173,0.09911696558263745,0.5535093894121231,13.212305968501532,8.114250792695252,23.909060168970406,5.61342639038287e-13,-0.14278769766907423,0.1700243657629375,0.5135403589993075
-30.5,0.04,148,2026300648,2026110748,1,K1ABC FN42 33,-30,0,10.140200,0.3258110692930733,0.1261513604441277,0.5630616798109116,17.141517186589965,9.896625889628426,33.10916806899877,-3.697278594394504e-12,0.5458628848903193,0.2697107002550475,0.37405446999946435
-30.5,0.04,147,2026300647,2026110747,0,,,,,0.30654064144149035,0.1135448785873777,0.5769278332384471,12.577501293468138,6.185693540107157,21.15633004611535,-7.901982020108722e-13,0.06429670040045553,0.16727721608776536,0.5536166710007819
-30.5,0.04,149,2026300649,2026110749,1,K1ABC FN42 33,-31,0,10.140200,0.3399650479085701,0.12407116832092956,0.6478579307656523,15.01702216711669,9.709547881670503,27.164575851966447,5.595602106667208e-13,0.22455220805332968,0.030751917572130985,0.2713001619995339
-30.5,0.04,150,2026300650,2026110750,1,K1ABC FN42 33,-30,0,10.140200,0.16622942897517623,0.08588967480255445,0.3315748603024392,10.139770487535728,4.357026704372959,15.954166063437079,-7.699561474505678e-13,0.16906394002632813,0.32113697961009924,0.25220152699876053
-30.5,0.04,152,2026300652,2026110752,1,K1ABC FN42 33,-30,0,10.140200,0.2639380279976135,0.09020364540431493,0.4468371194482279,9.230436917577117,4.237146767835953,15.256750669135087,7.726480046044149e-13,-0.1866616616065685,-0.3053730735955313,0.06245737799872586
-30.5,0.04,153,2026300653,2026110753,1,K1ABC FN42 33,-30,0,10.140200,0.31796032945282604,0.13053389680250074,0.5742163735188083,17.99401809479647,9.624120418669508,33.114166495053226,-2.3593973996760553e-14,-0.058475356575407124,-0.22191458737701908,0.27412229199944704
-30.5,0.04,151,2026300651,2026110751,0,,,,,0.5409092232240286,0.19665450127306003,0.8684798607961115,29.134996805759172,19.144618912637664,56.417831723515675,3.8517002087790075e-12,-0.477809386426399,-0.28942417485108,0.5196245300012379
-30.5,0.04,156,2026300656,2026110756,1,K1ABC FN42 33,-31,0,10.140200,0.23392248029111828,0.1081181469382446,0.45659919355932177,10.53350832019717,6.007041173827673,19.356555768277104,8.237160953328271e-13,0.20298508205929197,0.06000613561430643,0.24168460799955938
-30.5,0.04,157,2026300657,2026110757,1,K1ABC FN42 33,-29,0,10.140200,0.4767125547836588,0.18178248726342613,0.8996550766329653,26.39949996653743,15.25151850492534,43.030342820279735,-1.19343510768255e-12,-0.5304952843480129,-0.05378272956435401,0.06480953700156533
-30.5,0.04,154,2026300654,2026110754,0,,,,,0.2204233688465937,0.0921662118772155,0.38708446038381183,9.63034194445901,5.772929218961112,19.098897919258782,4.216878582430361e-13,0.13902985669737244,0.19329636710080017,0.5332159500012494
-30.5,0.04,155,2026300655,2026110755,0,,,,,0.34491527724928417,0.14044353383868516,0.5874867484246429,15.161547677420371,9.51281331463863,28.711684146033804,4.601943826010313e-13,-0.17099841544298924,-0.3578730742587075,0.5164494710006693
-30.5,0.04,158,2026300658,2026110758,1,K1ABC FN42 33,-30,0,10.140200,0.5168792698807267,0.2273493877430227,0.9068037693199061,36.064059311857754,22.085799067645734,61.970169944469575,1.7079046510382057e-12,0.2262762371126067,0.3816683592454976,0.10504527899865934
-30.5,0.04,159,2026300659,2026110759,1,K1ABC FN42 33,-31,0,10.140200,0.16823966322371206,0.06933039668787319,0.325254064900119,6.419554354034674,2.6236213411350118,10.420472036756632,1.3053794156725473e-14,0.021852645713487006,0.10155208237184644,0.25850694200016733
-30.5,0.04,163,2026300663,2026110763,1,K1ABC FN42 33,-30,0,10.140200,0.4013327271465639,0.21120103568529577,0.7392614863885101,33.42955665675684,18.8520068716039,61.66977469257789,2.317876928803822e-13,0.6303416516803003,0.4717676152674466,0.06243501899916737
-30.5,0.04,162,2026300662,2026110762,1,K1ABC FN42 33,-31,0,10.140200,0.21481340705047128,0.08333109852185436,0.3639356376450822,8.602536674163796,4.656326511076185,16.515826644489685,-2.1474884587605048e-13,0.22313854396254854,0.39622374507957003,0.30570895800155995
-30.5,0.04,165,2026300665,2026110765,1,K1ABC FN42 33,-31,0,10.140200,0.18699797983555533,0.08548574730001676,0.3592846445038359,10.492718332384579,5.636495906344023,20.975456954413662,5.954529404272879e-13,-0.35933175298585496,-0.26710057302570067,0.08529164900028263
-30.5,0.04,160,2026300660,2026110760,0,,,,,0.6093999704966642,0.2114407214096338,0.9612739559452154,35.57303819494532,17.318770674234965,56.01085284926891,3.5064659509309593e-12,-0.04021444357667867,-0.10509413025349046,0.46657177599990973
-30.5,0.04,164,2026300664,2026110764,1,K1ABC FN42 33,-29,0,10.140200,0.27848595208150295,0.10888106816661276,0.5090716288367112,14.51030530984361,8.275420574319199,27.12269246073247,-1.0909233585931766e-12,0.23876708895804935,0.21192358571969422,0.27088513700073236
-30.5,0.04,161,2026300661,2026110761,0,,,,,0.2710886841610207,0.10005427824619999,0.4543937785066786,7.645170718813957,4.2776214680901825,15.07079550314564,6.422596829369631e-14,-0.0053194020759220065,-0.06241542550301284,0.5432526219992724
-30.5,0.04,166,2026300666,2026110766,1,K1ABC FN42 33,-30,0,10.140200,0.29306934203195034,0.14014673410376882,0.5785482333271788,22.629675172580864,13.392230951949417,39.762389413012755,2.68813617199104e-13,0.05603365571273038,-0.03532809837964399,0.2518510720001359
-30.5,0.04,168,2026300668,2026110768,1,K1ABC FN42 33,-31,0,10.140200,0.3376091725430627,0.15249172548475884,0.6398315187035777,19.95725093459685,9.212412281786614,35.91238006048296,1.1939039167019327e-12,-0.03807756501894015,-0.04974853742678215,0.30749289200139174
-30.5,0.04,170,2026300670,2026110770,1,K1ABC FN42 33,-31,0,10.140200,0.19929437017105772,0.09511909054374111,0.38994125119144246,8.202344044296996,4.031477848961646,14.632766699372178,2.899971929259948e-13,0.10639642340189151,0.27153817496488586,0.2558590050011844
-30.5,0.04,167,2026300667,2026110767,0,,,,,0.26826403743391936,0.1056375369035433,0.5164790633324616,10.999439702030765,6.759300399362163,21.329207860685802,-5.672849343052455e-13,0.1651451301463443,0.11568410440022728,0.5318566580008337
-30.5,0.04,169,2026300669,2026110769,0,,,,,0.4827787973396971,0.14153392470706008,0.7125545906161221,16.89120580280737,7.922026634777558,29.660391097387958,-5.401486549705403e-13,0.6283431168690925,0.6203408840618244,0.5567947069994261
-30.5,0.04,171,2026300671,2026110771,1,K1ABC FN42 33,-30,0,10.140200,0.22770440408197984,0.10410132916239064,0.43195713688120585,9.325660513202896,4.678833188528041,18.58941544868432,1.216211810081691e-12,0.11600924619220493,0.04793065405146017,0.3551008329995966
-30.5,0.04,172,2026300672,2026110772,1,K1ABC FN42 33,-30,0,10.140200,0.23467418131382867,0.09640599405814212,0.4252232780364219,15.47567201037806,7.588498781493516,25.709845368298005,8.145463470388137e-13,-0.26279014825024016,-0.36255767447054466,0.26433543599887344
-30.5,0.04,173,2026300673,2026110773,1,K1ABC FN42 33,-30,0,10.140200,0.22583737071046717,0.09211093910441749,0.41566475324162666,7.669873633460777,4.084439454100815,14.613209209803177,9.236574179116719e-13,0.06868726627656842,0.005555148304329374,0.24182533199928002
-30.5,0.04,175,2026300675,2026110775,1,K1ABC FN42 33,-29,0,10.140200,0.3201839767940745,0.117159808755087,0.5501247841225796,15.909059293223963,7.235433866459174,24.687655688365616,-2.954555003431558e-13,0.17768780812440102,0.22857005505731753,0.12319186700005957
-30.5,0.04,174,2026300674,2026110774,1,K1ABC FN42 33,-30,0,10.140200,0.4397620521844847,0.14198203048742108,0.7682604806502453,19.454506400048043,10.689053259211727,29.867472297168803,-2.877524607480808e-13,0.44583002567219326,0.15226203874584113,0.25688439199984714
-30.5,0.04,176,2026300676,2026110776,1,K1ABC FN42 33,-29,0,10.140200,0.26224005834222597,0.09263171076812346,0.48950062773135355,10.425896927942405,5.265714148911516,17.43988875400734,-1.0770030700602007e-13,0.07571662596908942,0.31637217773786835,0.15471493800032476
-30.5,0.04,179,2026300679,2026110779,1,K1ABC FN42 33,-30,0,10.140200,0.24518594947561612,0.09561947208925548,0.4385322544596729,10.562467706620916,5.2487727525737755,19.173574997006426,1.308055877155545e-12,0.08555457668644215,0.16325687041496723,0.20088325299911958
-30.5,0.04,181,2026300681,2026110781,1,K1ABC FN42 33,-29,0,10.140200,0.3902645991961893,0.16720031248393408,0.7339842405521302,24.260164571139946,13.7373017384549,43.057281609058876,-2.028860803318655e-12,0.19600814142197182,0.5319568913069644,0.1172634869999456
-30.5,0.04,178,2026300678,2026110778,1,K1ABC FN42 33,-32,0,10.140200,0.22345006360142983,0.1027944272447567,0.4022333195244616,8.447898500858036,4.793740070813145,15.799791499385933,-3.5849014728972506e-13,0.24488320825834156,0.3913077723727018,0.38076617299884674
-30.5,0.04,177,2026300677,2026110777,0,,,,,0.16675931692039506,0.0682831013968305,0.3246034881900445,8.835474575817674,5.232896969917971,17.368428024788997,4.397090330732212e-14,0.043872062310545426,0.14987781330842917,0.5195178359990678
-30.5,0.04,180,2026300680,2026110780,0,,,,,0.20703713171656735,0.08715572396684951,0.40038514580660745,8.466141365055423,4.070443318565338,15.3485617087487,-8.288282169963135e-13,-0.33229267559536246,-0.18633760802679486,0.5352614169987646
-30.5,0.04,184,2026300684,2026110784,1,K1ABC FN42 33,-29,0,10.140200,0.48232304547327964,0.18340331044794145,0.7550615684602154,26.80042736198407,15.35390817486306,49.92743006185799,2.9439940069098114e-12,0.5830341745026429,0.10071112902936331,0.2366903080001066
-30.5,0.04,185,2026300685,2026110785,1,K1ABC FN42 33,-31,0,10.140200,0.2102454237046073,0.09474349462737043,0.38018968850713675,9.798955840509189,4.410454159527729,17.931217172146358,4.492656247023774e-13,0.28675196465086955,0.2890334752865084,0.14839445899997372
-30.5,0.04,186,2026300686,2026110786,1,K1ABC FN42 33,-30,0,10.140200,0.31992427282601055,0.10226454879391503,0.524139852547437,13.216793549479256,7.557514563014889,24.64318064681131,2.0519176635591663e-13,0.4181846154581392,0.4034416548500166,0.06925319299989496
-30.5,0.04,183,2026300683,2026110783,1,K1ABC FN42 33,-30,0,10.140200,0.21628520268515605,0.09744595096996853,0.4213052667875562,13.681174233495337,7.637799051560689,25.182208303257127,-5.400100939328967e-13,-0.19743694263691572,-0.04726876597930755,0.3654114410001057
-30.5,0.04,182,2026300682,2026110782,0,,,,,0.5348597911365602,0.17753209674661002,0.8896705975423282,25.180899279862476,12.43848358685997,43.26610568230278,-3.8816172498457036e-14,-0.0942676851535804,-0.21173658258612132,0.5289553140009957
-30.5,0.04,188,2026300688,2026110788,1,K1ABC FN42 33,-30,0,10.140200,0.2395504569614638,0.1136468572418397,0.4764887609710737,13.891480837160163,6.309762356315014,24.687017164914156,9.077747234464972e-13,-0.16937327480715514,-0.255538263278893,0.24339377599972067
-30.5,0.04,189,2026300689,2026110789,1,K1ABC FN42 33,-30,0,10.140200,0.20736792141682747,0.08796242694911147,0.4055076361994767,9.78016922173356,4.011030718842603,16.837170673145973,3.4950081023721324e-13,-0.033152998526231915,0.14492772522010317,0.2349214830010169
-30.5,0.04,187,2026300687,2026110787,1,K1ABC FN42 33,-30,0,10.140200,0.2627695595453791,0.10567394160476683,0.447905824939242,15.530486503720402,8.385905633882425,26.386047260532475,-5.273993047838488e-15,-0.11423534832047033,0.044767620729616535,0.3554183569995075
-30.5,0.04,191,2026300691,2026110791,1,K1ABC FN42 33,-30,0,10.140200,0.26954468245132984,0.1025282370140981,0.49367199129796185,9.838498797069805,4.917732275538477,17.49271793129616,1.7448108929896122e-13,-0.7055881889140584,-0.5612352817565316,0.2590566620001482
-30.5,0.04,192,2026300692,2026110792,1,K1ABC FN42 33,-31,0,10.140200,0.3008242970810726,0.12696542778157732,0.5573062708287118,16.68425597965451,11.323144469190284,33.26161175616669,-1.998372821387928e-12,0.02633076953791854,0.2176104000150866,0.269823691000056
-30.5,0.04,190,2026300690,2026110790,0,,,,,0.2962386371523226,0.09996439680144571,0.5216615070556678,10.741240838339955,5.649711700177333,19.638611872923086,-1.7275018221463156e-12,0.33769909512575874,0.2558935433516286,0.5130082129999209
-30.5,0.04,193,2026300693,2026110793,1,K1ABC FN42 33,-30,0,10.140200,0.28019098428355693,0.11206919487924873,0.517259347680079,12.508894616119152,6.0632385092156875,24.786098649025917,3.513287751000238e-13,0.13132922516296083,-0.06708026345513193,0.3406442909999896
-30.5,0.04,194,2026300694,2026110794,1,K1ABC FN42 33,-30,0,10.140200,0.3078911515917119,0.1443725165003285,0.6012855200826199,23.727183807802827,13.201323219125069,37.99916525905949,1.970198310052851e-12,0.08427027559314466,0.2688994573984585,0.24606425099955231
-30.5,0.04,198,2026300698,2026110798,1,K1ABC FN42 33,-29,0,10.140200,0.22599294170597528,0.0958485525057988,0.4155686851806143,10.2493732269559,5.2611713692476725,20.100947235309388,-1.3172442737269252e-12,0.16431612268158455,0.18356775729451222,0.2683363880005345
-30.5,0.04,195,2026300695,2026110795,0,,,,,0.3648693383836493,0.19098157845078678,0.6677733493535398,32.01472163015566,19.599067113924516,57.07877035867121,-1.9311106533304034e-12,-0.20295812467492663,0.11724028689971923,0.5079063089997362
-30.5,0.04,197,2026300697,2026110797,0,,,,,0.28605786928333865,0.11447128225582207,0.47325122816356213,16.641008636512655,9.605223614146405,32.51272349300077,-1.4060198318122108e-12,0.12670986991231922,0.10702303885810681,0.4343621139996685
-30.5,0.08,1,2026400501,2026110601,0,,,,,0.9035111199272424,0.3076684291731047,1.51970205930448,30.914796043547625,19.893389039197086,60.08483672024724,-1.838692392786001e-12,-0.18219358365143432,-0.7983845230286721,0.06104240300010133
-30.5,0.04,196,2026300696,2026110796,0,,,,,0.35023856887687377,0.17815209234186205,0.6955842344612254,25.585848658448132,16.440685882498208,50.809937944987965,-5.641167220848953e-12,0.23177513200003635,0.09816816031347501,0.5266634820000036
-30.5,0.08,0,2026400500,2026110600,1,K1ABC FN42 33,-30,0,10.140200,0.43328609178781996,0.17107303121161507,0.8366519029862942,23.50555503917428,8.91965843778894,36.21989792638709,2.745958842254037e-13,0.0548577183249769,0.27594787074045124,0.3012435410000762
-30.5,0.08,4,2026400504,2026110604,0,,,,,1.0977753337918807,0.4139174845149715,2.074917143444295,60.30677071274353,34.99239693693365,113.97818221140874,-5.064282326827652e-13,-0.4363271848216435,-0.4047662886851796,0.06173162699997192
-30.5,0.04,199,2026300699,2026110799,0,,,,,0.20720252713469342,0.07830511604180862,0.36939950360643203,8.994356952530449,3.5393390237076843,13.514745786699638,-6.483008574420523e-14,0.12165315881529054,0.04228421990070584,0.5586499109995202
-30.5,0.08,3,2026400503,2026110603,0,,,,,0.946399213825007,0.3632589921898681,1.654816795656708,42.98119564584,21.482845073315378,70.59425411289416,8.731314282695024e-13,0.21714934510350467,-0.40517594625706554,0.5271950119986286
-30.5,0.08,2,2026400502,2026110602,0,,,,,0.7089470659471566,0.29105574413394364,1.2827931779891069,33.93976475550484,16.581458611349777,60.47829085606549,-3.890155558794461e-12,-0.2775112431574599,-0.1629201006898576,0.5396344339987991
-30.5,0.08,6,2026400506,2026110606,1,K1ABC FN42 33,-31,0,10.140200,0.38648080077598407,0.14510015979847013,0.716453017750738,14.12112218904983,6.015957257225892,24.943464636056653,4.2832751234733735e-13,0.20828836442829723,0.14008775814846555,0.2545193410005595
-30.5,0.08,5,2026400505,2026110605,0,,,,,0.4665814428232028,0.2205094847045881,0.8853235473813869,24.663468288371373,12.543524822713161,43.55762893866344,-1.0568750735684418e-12,-0.34611572730151446,-0.6643699541202448,0.4415103050014295
-30.5,0.08,8,2026400508,2026110608,1,K1ABC FN42 33,-31,0,10.140200,0.28038898726545136,0.09852764146292922,0.5028411580023588,6.185406162724116,2.370728123254734,10.763987464631144,3.001303632704788e-13,-0.2270874843838858,-0.15590555531833367,0.26288566999937757
-30.5,0.08,11,2026400511,2026110611,0,,,,,0.6119171988096549,0.3068927155969488,1.1373331207827038,47.588364249200204,28.512840926313192,91.24933324865431,-2.5062209252357803e-12,-0.7583975930358142,-0.384717258401911,0.058435941999050556
-30.5,0.08,7,2026400507,2026110607,0,,,,,0.6705711789367788,0.2676068175867131,1.2181978336082546,29.44776573347666,14.571987128147287,54.785563676670975,-8.530220800551103e-13,1.3997203105769866,0.8520936559055108,0.5035851970005751
-30.5,0.08,13,2026400513,2026110613,0,,,,,0.7694636852337808,0.35065718052855865,1.4813183584946095,60.244357212015935,32.3114864568411,99.16622345350979,-1.2185639650108548e-11,0.335351351152337,-0.05417000405009453,0.04870854100045108
-30.5,0.08,9,2026400509,2026110609,0,,,,,0.5924849203809609,0.2925561867950165,1.1173160271856837,46.25850265171046,26.412956224836574,90.48664536207838,7.385000597159852e-12,-0.07201827104467944,-0.42540200767964,0.4947069170011673
-30.5,0.08,10,2026400510,2026110610,0,,,,,0.8215235830792831,0.3746862057154641,1.4716349594453955,53.53584197812512,38.107961731545515,106.94037313629164,1.279721294211722e-11,0.796239602923671,1.2424072299285291,0.5009406760000275
-30.5,0.08,12,2026400512,2026110612,0,,,,,0.6153939537364258,0.23025211773402635,1.0802834529247418,30.527283036091948,13.34794305327795,49.27838509857558,4.5111570728950667e-13,-0.17867992634888397,0.286209572839432,0.5339337139994313
-30.5,0.08,16,2026400516,2026110616,0,,,,,1.1969015085412427,0.5136323785712023,1.897172843190653,82.55736595243754,54.19049793506325,156.28276366753306,-9.736975115082203e-12,1.0359772465067731,-0.16092426203446955,0.44201025199981814
-30.5,0.08,14,2026400514,2026110614,0,,,,,0.38833552456413706,0.1516853914641645,0.7244923660345054,14.575003336418842,7.085957276792876,28.753691455542018,-4.15565151734576e-13,0.07210149457003945,0.15418772521600102,0.5305922669995198
-30.5,0.08,19,2026400519,2026110619,1,K1ABC FN42 33,-29,0,10.140200,0.603773582402253,0.21348580373733586,1.0774787445960297,24.28228504155362,11.571852019587247,39.89000326016702,3.8581308287044536e-12,-0.23722458005211555,-0.11055288344761567,0.05011336699863023
-30.5,0.08,15,2026400515,2026110615,0,,,,,0.6061880369948773,0.17924754986452338,1.0401714627587815,25.110608634502693,13.469023591346529,42.02490942647461,-2.501748808114712e-13,0.31783093568075216,0.07744205461401589,0.5310329339990858
-30.5,0.08,20,2026400520,2026110620,0,,,,,0.5174461568301476,0.17667408407977367,0.9017777966613953,17.809726282461465,9.579685275409796,33.44646964585885,-4.516608441418324e-13,0.09035841000245898,0.19916225975570356,0.05946187799963809
-30.5,0.08,21,2026400521,2026110621,0,,,,,0.8336651268996129,0.3759863823717752,1.5053642137016152,63.91088948544182,35.03291862283283,108.30700120618215,5.431123432930729e-12,0.493831918906008,-0.0012832008122465658,0.05979139700139058
-30.5,0.08,22,2026400522,2026110622,1,K1ABC FN42 33,-30,0,10.140200,0.6609784075257923,0.28759630968650857,1.188810407160735,39.90061421668217,27.504550719640847,71.90478066045134,-5.443822476136617e-12,-0.04478183371465333,-0.6280470174155706,0.057845150000503054
-30.5,0.08,17,2026400517,2026110617,0,,,,,0.5065371983637115,0.18176331282005348,0.9711628275124233,16.414847212291818,10.462066038318007,32.78725340286268,7.909298216368654e-13,0.33986425537462095,-0.10283090071815397,0.5610013709992927
-30.5,0.08,18,2026400518,2026110618,0,,,,,0.6412932815323198,0.2669186722071777,1.1866381335725391,38.10258571097668,15.64255662760946,53.956705785111645,-2.4848040292013707e-12,1.3617392370708814,1.2166583717253032,0.4464708719988266
-30.5,0.08,24,2026400524,2026110624,0,,,,,0.3945862643328544,0.14626525975870006,0.7161569220410344,12.96017795553985,5.71085468464426,24.19244972850514,2.029005652728899e-12,-0.29192365054366,-0.3720936738054654,0.43686667300062254
-30.5,0.08,23,2026400523,2026110623,0,,,,,0.5808369872752369,0.26517543057348725,1.0166964404062848,38.17109187364265,24.58596551970625,75.62094485110262,-6.951689224266033e-12,-0.4955734629263504,-0.2772677046591704,0.5305731230000674
-30.5,0.08,28,2026400528,2026110628,0,,,,,0.8069023072250473,0.3816202137131154,1.5719109884784235,53.72101451984839,25.669724970459832,82.05369197072667,2.3536077600749827e-12,1.1234443854555096,0.9124100128945146,0.053306237001379486
-30.5,0.08,29,2026400529,2026110629,1,K1ABC FN42 33,-30,0,10.140200,0.6179746002564157,0.23602903778443043,1.1372265378622302,22.843544367097287,12.462380837540655,41.752143978627586,2.167123685364869e-12,-0.640554339340751,-0.6664129729233359,0.0593714810001984
-30.5,0.08,26,2026400526,2026110626,0,,,,,0.7474011257065719,0.3685205199745273,1.4444621312222625,57.751180697929925,33.21933475901858,105.95596416771812,2.5617008514444706e-13,0.5250305909813148,-0.15144423384531475,0.42489642999862554
-30.5,0.08,25,2026400525,2026110625,0,,,,,0.8327614893743484,0.2931419056127801,1.3353325372179814,37.463579901951825,19.984052819114854,64.12176105192334,-1.4112565283053158e-12,-0.08256178381833901,-0.04453781945391942,0.5275570470003004
-30.5,0.08,27,2026400527,2026110627,0,,,,,0.5889124233246843,0.23387730920643734,1.0038707439054932,31.176541043242985,17.455761095652093,60.91633205069081,-2.756280880616968e-12,-0.1298429518653348,-0.22845557054026602,0.5330788680003025
-30.5,0.08,31,2026400531,2026110631,0,,,,,0.5722925616726602,0.20938737514869563,0.9425748529317465,19.877909074573996,8.264820267353501,34.081844203872265,-1.8897383657900946e-12,-0.5719764894868492,-0.5163740540109334,0.4480127389997506
-30.5,0.08,30,2026400530,2026110630,0,,,,,0.495714049489417,0.22529908519283479,0.8824875420144297,30.677761998250453,15.221728105229264,55.24441908846633,1.8588667931307423e-12,0.3194988138060631,0.7082002604352886,0.5502010990003328
-30.5,0.08,34,2026400534,2026110634,1,K1ABC FN42 33,-30,0,10.140200,0.8854479586191382,0.2956327596203201,1.3987556198808004,39.894013781635245,27.865949342977043,78.86599109247355,-4.661628721924771e-12,-1.0409919503878315,-1.131359056450417,0.06803004799985501
-30.5,0.08,35,2026400535,2026110635,0,,,,,0.6873978412983872,0.30755170899841505,1.2733826266951438,47.15353089273403,27.10029075043987,90.59139169055268,-1.4740218594322396e-12,0.5316411918683257,0.3025988641532741,0.06478396999955294
-30.5,0.08,32,2026400532,2026110632,0,,,,,0.6277636833164808,0.26685586940981726,1.213545153293451,38.093314893074016,18.13256625685386,63.698158859213116,9.975041626031356e-13,0.4508772028011099,0.5294342293206376,0.6100179290006054
-30.5,0.08,33,2026400533,2026110633,0,,,,,0.4522392470077393,0.153408265997996,0.8245737042177128,19.89767129358848,9.741746982154938,36.790926750831076,3.873147462474247e-13,-0.6795167067380788,-0.7719317846193523,0.5268134620000637
-30.5,0.08,39,2026400539,2026110639,0,,,,,0.811606252652282,0.463074825257121,1.5947278357416006,71.39627272416465,49.45146660505502,139.82026221800425,-8.680573621022702e-12,0.45225850667247885,-0.057949970611602585,0.04750997500013909
-30.5,0.08,38,2026400538,2026110638,1,K1ABC FN42 33,-31,0,10.140200,0.4541592026725102,0.18580909557681818,0.8966448624533023,25.440173887824347,12.35495297383894,42.97395001642457,5.707535138954611e-13,0.23274118391977472,0.18629885602656218,0.25204466200011666
-30.5,0.08,36,2026400536,2026110636,0,,,,,0.43416735039935184,0.22302267557886127,0.844822161643842,29.493519799457648,16.51723730981241,58.81271086418053,1.2539665486532847e-14,0.32866427565783096,0.3217623575549873,0.5950571420016786
-30.5,0.08,40,2026400540,2026110640,1,K1ABC FN42 33,-29,0,10.140200,0.7012104174873292,0.295937812990646,1.3044550818511347,36.9778112410994,20.050661878996397,68.5266793193201,-2.51296899955733e-12,-0.23950700527884392,-0.7332985288261558,0.442703218999668
-30.5,0.08,41,2026400541,2026110641,0,,,,,0.6502624130390751,0.2726639694612827,1.1931208374621933,38.68535266595557,23.62843758110579,75.54520126437853,4.007141840567385e-12,-0.45271284686301744,-0.6703554524697306,0.501584258998264
-30.5,0.08,37,2026400537,2026110637,0,,,,,0.4938820487737565,0.16323940173372362,0.8133434260542675,14.35047491158623,5.759285545556081,26.40634589127771,-5.361154228888942e-13,-0.6932431978871109,-0.6580052145680845,0.9767713229994115
-30.5,0.08,42,2026400542,2026110642,0,,,,,0.42397642267057195,0.16794543663976996,0.8125042071025237,20.662969788901204,8.786947683877983,35.109321176648734,3.3063118215492793e-12,0.3865051958353255,0.294831837322575,0.5275564540006599
-30.5,0.08,43,2026400543,2026110643,0,,,,,0.44203725643275005,0.1811963179694171,0.7612983197131373,22.898991969665815,12.792132252413829,43.99874712832949,2.6379853163005507e-13,-0.07721730658798374,0.009327327521812366,0.5313043959995412
-30.5,0.08,44,2026400544,2026110644,0,,,,,0.6089814750994278,0.30286814137297013,1.20172591316471,47.44526980105571,26.666650278821947,81.32386743189738,-7.030202591948309e-12,0.5483203108451433,0.46132187916140266,0.5266111860000819
-30.5,0.08,45,2026400545,2026110645,0,,,,,0.40836650237380406,0.20335039919152734,0.8114676193287129,28.071146300804802,15.00325964218119,52.559153804594686,3.0468119346926947e-12,0.3965392926637328,0.3384803289303194,0.5488854069990339
-30.5,0.08,46,2026400546,2026110646,0,,,,,0.6276708723536913,0.24776583524161513,1.055087531883954,28.96157107482927,15.346108432522845,51.30243402636373,-1.4446360774300615e-12,-0.21893050853192894,0.10353291751937689,0.5402213150009629
-30.5,0.08,50,2026400550,2026110650,1,K1ABC FN42 33,-30,0,10.140200,0.36428566969613213,0.14211592072115645,0.7079359804258348,10.060806178312799,5.115299584483483,18.28338709911813,1.3972156764907595e-13,0.43321270839584036,0.6305034945824242,0.06733495200023754
-30.5,0.08,47,2026400547,2026110647,0,,,,,0.40234282223215856,0.17061795851257927,0.7748517293283872,17.810462949569665,9.947828570503559,31.93615452787552,1.651999717577901e-12,-0.26743115176096666,-0.1367571055069817,0.5439626359984686
-30.5,0.08,48,2026400548,2026110648,0,,,,,0.5883347222498208,0.20160972376392214,0.9485193989192169,21.65981140707718,10.365278345700244,38.24687693181448,2.484783212519659e-12,-0.11004749262189058,-0.34187312595811076,0.5283762010003556
-30.5,0.08,49,2026400549,2026110649,0,,,,,0.6018003855832265,0.25282591964651496,1.19931852608054,30.754417074898313,18.403321310969655,60.68082892080439,9.127178179912931e-13,0.1336217594843842,0.03230323218731476,0.5473689230002492
-30.5,0.08,51,2026400551,2026110651,0,,,,,0.47933725584646125,0.21898588245019734,0.9522222088917174,18.192992149984057,8.763608528799267,33.61503267301671,-1.2778320068740356e-13,0.5219850206693573,0.6570378924674143,0.4341472550004255
-30.5,0.08,55,2026400555,2026110655,0,,,,,0.7730265793874799,0.31393057863836266,1.3869757313175315,46.70247876661848,27.47631873688072,78.49213447615803,-7.193265080807087e-13,-0.3464513933792636,-0.023435900565343455,0.05640217499967548
-30.5,0.08,56,2026400556,2026110656,1,K1ABC FN42 33,-30,0,10.140200,0.6042231634656638,0.26414782377374196,1.1703853947544056,34.602754648144554,22.626300859631236,68.27265488805025,-2.3274559363128944e-12,-1.6011407869489127,-1.7346087482325614,0.0642055309999705
-30.5,0.08,52,2026400552,2026110652,0,,,,,0.51332547347477,0.2095043880912966,0.9237163173333024,28.453677743815298,13.992807756090636,45.079107853387676,-1.4082962226935614e-12,-0.9283667557751656,-0.4150412823003956,0.5276173279999057
-30.5,0.08,53,2026400553,2026110653,0,,,,,0.595651581282863,0.25271641422997376,1.0896744437643124,24.5957071243562,12.340239967308849,46.4679634577964,-8.171241461241152e-14,-0.1599873393481429,-0.34225337447793824,0.5303652500006137
-30.5,0.08,57,2026400557,2026110657,1,K1ABC FN42 33,-31,0,10.140200,0.4825383487197158,0.19051744542437685,0.9342653019669028,20.1382637793514,10.404545341874973,35.65424711199546,-7.746320945800633e-13,-0.5920562806590036,-0.6539461098864027,0.25498722700103826
-30.5,0.08,54,2026400554,2026110654,0,,,,,0.47521299376471304,0.2249851710132745,0.9271258198702033,25.215624334399173,11.290880825319887,41.6228041670048,-5.870460367818353e-13,0.4995569305691824,0.399632085281192,0.5322125989987398
-30.5,0.08,58,2026400558,2026110658,0,,,,,0.8213052074728511,0.26950580624042236,1.2987295016644667,40.68515321876478,20.64153621255719,67.63732660407788,-2.1803392424857293e-13,0.13764712919690547,0.6895943906539543,0.5080887710009847
-30.5,0.08,59,2026400559,2026110659,0,,,,,0.6729139442129013,0.27240724962089863,1.2208363022141313,37.9267603119474,23.14789169377632,71.42246054930709,-2.1644526448927337e-12,-1.0010030376014114,-0.597971672487411,0.5269570460004616
-30.5,0.08,63,2026400563,2026110663,0,,,,,0.5608402715401354,0.2647230277229497,1.0284540234857258,40.439007395614745,20.178839896292093,69.69660429026356,-9.685581330021176e-13,-0.45676725742323554,-0.6944402837462775,0.054640586000459734
-30.5,0.08,60,2026400560,2026110660,0,,,,,0.743248933993437,0.24428478951631047,1.1788758989173296,31.139672350514875,16.599949721967693,57.627511546085586,-1.4903165507229588e-12,-0.4463867277032762,-0.7393093863541443,0.5107675540002674
-30.5,0.08,61,2026400561,2026110661,0,,,,,0.5328967706323501,0.21898902528306483,1.0504611735565668,31.289651409824824,13.08281291092036,50.325150147378935,1.3748282026715408e-12,-0.19424131141529746,0.18964079407182657,0.5168889260003198
-30.5,0.08,62,2026400562,2026110662,0,,,,,0.5255503743975902,0.30232460567208275,0.9970443623011462,46.60339038934788,27.345238430726855,92.13061575627566,1.131428284395497e-12,-0.2934781813019286,-0.42281142649526493,0.5314828020000277
-30.5,0.08,66,2026400566,2026110666,1,K1ABC FN42 33,-30,0,10.140200,0.6789334938314864,0.2608634427556812,1.252202865093066,38.853311809530105,21.43576201120085,70.48932346966787,-5.975586345186024e-12,0.33856877413393655,-0.22937849850584016,0.31155376599963347
-30.5,0.08,64,2026400564,2026110664,0,,,,,0.5443523913007088,0.1998990633585785,0.998254790616855,24.274465733537898,12.979651165439378,46.83798641022754,-2.6706865885461895e-12,-0.6398073301821761,-0.5460191256561133,0.5507751240002108
-30.5,0.08,65,2026400565,2026110665,0,,,,,0.6895768945637463,0.3010342758610469,1.3486581871514693,49.275362965807524,25.29078355325715,80.5076111401444,5.141520889595519e-13,0.08282388270359987,0.0724989070187639,0.5478331800004526
-30.5,0.08,69,2026400569,2026110669,1,K1ABC FN42 33,-31,0,10.140200,0.5732618563720584,0.22171233944485125,0.9818411479068464,23.91765095546402,13.818504479764119,47.64023883279796,-4.165071065820314e-13,-0.6227015748546565,-0.08648778816338638,0.18915968800138216
-30.5,0.08,67,2026400567,2026110667,0,,,,,0.4794658641643066,0.14631426139920375,0.8752371103748082,8.169358739942075,3.9409578621047983,15.664740935022149,2.0883295093199195e-13,1.637468097183213,1.5745741663987138,0.5500726419995772
-30.5,0.08,68,2026400568,2026110668,0,,,,,0.4350114130945535,0.18969225406277473,0.8646643901338615,17.160169493974784,10.180685742992614,34.10071281325281,-1.8125024051074412e-12,-0.3452246204879433,-0.6397998118348627,0.5462709709991032
-30.5,0.08,70,2026400570,2026110670,0,,,,,0.5991029567948261,0.2768581145382065,1.1302875247758313,42.31717881870757,21.630186984086194,74.61581071678887,-5.046918612194862e-12,0.3716509354750711,0.7812472890859825,0.5414115530002164
-30.5,0.08,71,2026400571,2026110671,0,,,,,0.8437957966572718,0.3946634962665001,1.4454005684076425,55.32956278384995,33.2704805381375,109.65373149449805,7.145164451424768e-12,0.11917303122638884,0.43431016098174174,0.5434520529997826
-30.5,0.08,73,2026400573,2026110673,0,,,,,0.706413542521788,0.3370093951212564,1.3844700122093965,52.18354064066879,31.12915236534869,94.40116718656597,3.0423337460394606e-12,0.32315433315681297,0.44585937400062,0.4497814219994325
-30.5,0.08,72,2026400572,2026110672,0,,,,,0.40526012102464504,0.19586468239384527,0.809165297334455,28.73953895446312,17.727426421731227,56.68672158684035,4.559269628501283e-13,0.4883898217543489,0.27338587638028516,0.5427157049998641
-30.5,0.08,77,2026400577,2026110677,0,,,,,1.2096964837122226,0.6816411742033401,2.321920901087499,105.84767149280856,73.38229287557775,207.57493039844746,2.7215972531191568e-12,0.47704596324715576,-0.008665030366220279,0.06138319599995157
-30.5,0.08,74,2026400574,2026110674,0,,,,,0.7073168284480149,0.28773861286415986,1.207916375360162,38.26372943992049,21.403217247380752,75.87155905955717,-4.24538008914066e-12,1.2921703799672049,0.8117333633281705,0.5273071729989169
-30.5,0.08,75,2026400575,2026110675,0,,,,,0.8274598351929914,0.310227373420134,1.4080598182756061,45.78375783749605,27.746068800321883,87.23579697911335,-4.583000645652646e-13,-0.3895558241991544,-0.39768896596338815,0.554768920999777
-30.5,0.08,79,2026400579,2026110679,1,K1ABC FN42 33,-31,0,10.140200,0.41714648727497816,0.15354122614515747,0.8338664808717886,12.70299497434171,5.080592927281519,20.756700665824596,-6.743893637972675e-13,-0.9292041644738785,-1.0166414665508068,0.24799779000022681
-30.5,0.08,76,2026400576,2026110676,0,,,,,0.5646906528863254,0.1771365468623507,0.9146514570981763,23.393583526301576,12.9902905425329,45.13639811984471,-2.9601416803859415e-12,-1.3336549798775224,-1.1373315418213081,0.5442114630004653
-30.5,0.08,78,2026400578,2026110678,0,,,,,0.5884324889974732,0.2524971766781077,1.173521486709927,34.750828930864635,20.415029672921587,64.60796094733325,6.377287586900593e-12,0.35039746522192167,-0.023323515331670503,0.42054158199971425
-30.5,0.08,83,2026400583,2026110683,1,K1ABC FN42 33,-29,0,10.140200,0.4878432809914195,0.18468955644340754,0.8754151059162891,24.216515370301938,13.248729189954375,45.89473331334618,2.137438663563085e-12,-1.1121958179533389,-0.7656734075752819,0.057591179000155535
-30.5,0.08,80,2026400580,2026110680,0,,,,,0.6492369540421434,0.22795549754388347,1.1306609343176222,23.631629074872418,12.438157958384172,46.73553110202994,-1.865158526757893e-12,-0.2627284973154355,0.38650845672670797,0.5392392209996615
-30.5,0.08,81,2026400581,2026110681,0,,,,,0.8167483129847102,0.2841859827837118,1.4340080597386637,38.04798877604935,24.7026391979784,75.9224750102928,-5.012202458631876e-12,0.9233993026432251,0.6195620819572296,0.5570171330000449
-30.5,0.08,82,2026400582,2026110682,0,,,,,0.8838597441716425,0.38130924571485275,1.5848820482132653,57.272215699972435,35.54025403721871,106.62788035079213,-4.429031360414504e-12,0.6461567396271639,-0.2377030045444785,0.5432801890001429
-30.5,0.08,84,2026400584,2026110684,0,,,,,0.6036596454904266,0.2397546642833504,1.0940648889828406,32.71219607126366,18.686344661364544,60.530962540068316,3.957043026581175e-12,-0.0691969858822419,-0.04974048518182092,0.5369504669997696
-30.5,0.08,86,2026400586,2026110686,1,K1ABC FN42 33,-30,0,10.140200,0.3632877948130749,0.1700849163003745,0.7223302064534065,13.65042696877526,6.572090462761996,26.04053687057167,1.4400915356038713e-12,-0.30961996014419235,-0.3638187978223377,0.237885032000122
-30.5,0.08,85,2026400585,2026110685,0,,,,,0.46959513523992524,0.2176486404475702,0.8649594848209019,35.4937744076818,20.37132251950056,64.4088579670122,-3.794992098349326e-12,-0.11053427256125586,-0.16973620982376544,0.5204387620015041
-30.5,0.08,87,2026400587,2026110687,0,,,,,0.5686196499716696,0.22357769917377254,1.1365543558323308,28.396415324866044,16.80352953369348,54.88321530461032,-2.0398439881663677e-12,0.12236980048571687,0.03088558371964264,0.5153191360004712
-30.5,0.08,91,2026400591,2026110691,1,K1ABC FN42 33,-30,0,10.140200,0.3552260742902771,0.1426643870208227,0.6164763970074694,9.834425379431837,4.6132902311178166,19.338722480240214,-1.3866537312921118e-12,0.0699956212739175,0.2067220042845656,0.059360289998949156
-30.5,0.08,88,2026400588,2026110688,0,,,,,0.7419064518212722,0.29894200642733587,1.408222520321249,41.63017481690978,28.273484197159405,78.32529971135065,3.698213610348056e-12,-0.7649216841405152,-0.2650625984384807,0.5036890770006721
-30.5,0.08,89,2026400589,2026110689,0,,,,,0.48769103450142176,0.21370422328468344,0.8970499283388114,28.421793822262938,11.919085700523484,44.57925539812224,-1.1245795961123406e-12,0.46138757848035666,0.10864873549473564,0.5169384910004737
-30.5,0.08,90,2026400590,2026110690,0,,,,,0.6437279952161752,0.27103948581206966,1.140685673687002,44.34141162132366,20.659576904423588,69.82374466404431,7.327617245617146e-13,1.029700448497309,0.9340839813876118,0.5288420420001785
-30.5,0.08,94,2026400594,2026110694,1,K1ABC FN42 33,-30,0,10.140200,0.4600005382953599,0.17416574067893015,0.8217006403227671,23.058292923652466,11.648424960642977,40.54921499816239,-7.267658697074353e-13,0.14475781829470047,-0.12061691269067726,0.25000347400055034
-30.5,0.08,95,2026400595,2026110695,1,K1ABC FN42 33,-30,0,10.140200,0.5906570330943127,0.2577942910895446,1.1305127073195451,28.984943446294732,16.146247027696585,56.75186715673516,-3.1526673632820135e-12,0.04504171220429476,-0.5196394420547734,0.08665122300044459
-30.5,0.08,92,2026400592,2026110692,0,,,,,0.8332946745374404,0.33317402182230343,1.6080153560131363,44.37761730916909,28.79087043383739,85.29313553124503,3.133401524357815e-12,0.30368902100895245,-0.5284386177645776,0.5604002750005748
-30.5,0.08,93,2026400593,2026110693,0,,,,,0.8583974395199301,0.24574764999856671,1.2661174520443812,28.751339737548705,12.418074017292735,50.968586578692836,-2.0160886848863413e-12,-1.4458400611158324,-1.0732325213784675,0.5625663730006636
-30.5,0.08,98,2026400598,2026110698,0,,,,,0.564460131177308,0.2347354102026968,1.0014216297227723,30.979789811385544,14.895321059926768,51.111854347939754,8.400728029878124e-13,0.039697563385528115,-0.1691863160891846,0.04981187500015949
-30.5,0.08,99,2026400599,2026110699,0,,,,,0.8056631609505573,0.3277772844560347,1.521918644049754,32.39138828767171,19.941522893073373,60.99121478957173,5.52615939120038e-12,-0.44589355119873614,-1.1621490342979328,0.04380329900050128
-30.5,0.08,97,2026400597,2026110697,0,,,,,0.539532764978061,0.21054941959239046,1.0330330199607785,32.1563123991543,17.089632964128572,54.4519689860714,-1.1857893139621822e-12,-0.9675745276694869,-1.156133419059818,0.4247409769996011
-30.5,0.08,96,2026400596,2026110696,0,,,,,0.6017677289934846,0.23439349590887248,1.1401462860238372,25.30674015453475,12.341945336758078,42.85404609170429,2.6008227689555685e-12,-0.5710649983928513,-1.0237997552535303,0.5085234090001904
-30.5,0.08,100,2026400600,2026110700,0,,,,,0.5974561043487088,0.21597687149784825,1.0704907984407595,24.35927182079576,14.75993050359478,47.62577574875308,-1.9585370651664658e-12,0.5271905046838761,0.2847342439865641,0.4776919819996692
-30.5,0.08,101,2026400601,2026110701,0,,,,,0.48674220229993015,0.1858309996235059,0.8559027285100083,13.894320968006026,6.806896708265881,26.723235631972734,2.2535201650705425e-12,-0.8436036620611439,-0.8206940164055291,0.5059604640009638
-30.5,0.08,103,2026400603,2026110703,0,,,,,0.5237823129792916,0.17644612571174867,0.9302933479555142,21.181638324649224,11.957203858737516,40.88786815024925,-3.2110493734457957e-12,0.9285729549468251,0.7788535384806359,0.40245837600014056
-30.5,0.08,102,2026400602,2026110702,0,,,,,0.6940746982426458,0.24354266256142748,1.267561364116203,18.077080517611464,10.442133820966815,35.64379258936997,-3.4589553443709065e-12,1.0529535695722625,0.47946690369870537,0.5205724480001663
-30.5,0.08,104,2026400604,2026110704,0,,,,,0.6198703061913723,0.1966679463532194,1.095917891238222,18.71740842602681,8.889373134224849,33.91213027757152,6.640382688161139e-13,0.5012204690154041,0.32758497204321047,0.5235263220001798
-30.5,0.08,105,2026400605,2026110705,0,,,,,0.3888724524289844,0.17918391969249053,0.7673219402429771,14.77329842812403,8.231357811733261,25.73469420957226,-2.8168439802911394e-13,0.0036414680299747884,-0.1456984134213722,0.5256043320005119
-30.5,0.08,107,2026400607,2026110707,1,K1ABC FN42 33,-30,0,10.140200,0.48505964994007456,0.1897512892948929,0.867833746064807,21.81011065556272,12.01081165542098,41.67759337532538,2.2737181739175896e-12,-0.12114793068822603,0.2882367231343045,0.28505272700022033
-30.5,0.08,106,2026400606,2026110706,0,,,,,0.5997963724028621,0.22944554936333106,1.1909763015124673,23.918433084373763,14.31918026250539,45.254721947151154,2.4820423494276156e-13,0.965629870612686,0.8012558880638692,0.4325089920002938
-30.5,0.08,109,2026400609,2026110709,0,,,,,0.8264241144784426,0.4252139895873824,1.6280282839159184,68.25852442570302,43.063449344478435,134.47351537576014,-5.096350425004559e-12,-0.08252440845031003,0.0012023422110796508,0.42305642799874477
-30.5,0.08,108,2026400608,2026110708,0,,,,,0.8087762091734575,0.2857623879197527,1.3652340845709001,39.71770910810175,18.843279866468265,64.15051329124987,-2.508254888511363e-12,-0.1047506191192117,0.7040255900542458,0.5256737890013028
-30.5,0.08,110,2026400610,2026110710,0,,,,,0.6114148797264876,0.21119659434545315,1.039807186786006,31.748260586757187,18.89652662175556,58.380542811540806,3.2209512834668885e-12,-0.8834540208548891,-0.8751483690365668,0.5370816259983258
-30.5,0.08,111,2026400611,2026110711,0,,,,,0.4358390510475114,0.18015578446342095,0.8297009311710845,16.653264027564482,9.869581000138979,30.816286149902332,3.312019061785243e-12,-1.1230367313207659,-1.2552372275588912,0.516385151000577
-30.5,0.08,113,2026400613,2026110713,1,K1ABC FN42 33,-30,0,10.140200,0.47653122093856537,0.17391809835255154,0.8681380065035385,18.25580973190917,10.764452609776257,33.16826681816639,1.3748637645027983e-13,0.5821628567854817,0.349427795154505,0.25878581599863537
-30.5,0.08,116,2026400616,2026110716,0,,,,,0.5218658594884443,0.20836624732901135,1.003341751042377,27.097982074279127,14.27139765431934,51.65436895360223,-3.881764484500727e-12,-0.5887429695996679,-0.7515510850289506,0.05879801900118764
-30.5,0.08,112,2026400612,2026110712,0,,,,,0.5144680383387389,0.17209180899214416,0.9858687994329671,17.64277512076641,8.680594435147695,29.81434999932506,1.8816805752441823e-13,-0.7270738314811908,-0.6548224770839967,0.5300056920004863
-30.5,0.08,114,2026400614,2026110714,0,,,,,0.9220731985914248,0.3594027201427529,1.6363336469570466,51.88681179420752,33.64727675936138,91.51168331303703,2.570426510528634e-12,-1.4663102235581813,-1.1372688296215299,0.5073897169986594
-30.5,0.08,115,2026400615,2026110715,0,,,,,0.7689087680142402,0.34262793447635465,1.5195549535564694,47.9920287506728,33.60424975477825,88.09757648435908,2.3097270623884114e-12,-0.3448171367416554,0.4058290488005738,0.5538726769991626
-30.5,0.08,117,2026400617,2026110717,0,,,,,0.5387562185480919,0.15030187748021515,0.9125279883960649,12.966924213187855,7.45468956396326,25.39201150909828,2.9708353832536005e-13,-0.16079802135149016,0.07607988605150871,0.5155031680005777
-30.5,0.08,118,2026400618,2026110718,0,,,,,0.4065375873965578,0.1775593805878557,0.7806440446910197,19.55923153013237,10.191691320462187,35.92503362481206,-9.932339239265842e-13,-0.9182343022006657,-0.6123084081748819,0.5333456530006515
-30.5,0.08,122,2026400622,2026110722,0,,,,,0.898763837537588,0.40034554448157744,1.5467079946992945,60.868354591195384,32.09897677334341,103.42860157167209,-2.4619507821288522e-12,0.42575731916650783,0.5906219013006516,0.05451887599883776
-30.5,0.08,119,2026400619,2026110719,0,,,,,0.6330323234837667,0.2712965204697057,1.1049843981779344,37.82630081391804,18.91823898147612,60.829895817983015,1.7727468798467427e-12,0.3137063160636592,0.7737908019887322,0.5362366570006998
-30.5,0.08,120,2026400620,2026110720,0,,,,,0.5748198183721722,0.24600815015941468,1.0666580841270166,30.321939474181537,15.510124314926495,52.47032902355684,8.180556926307148e-13,-0.6018585411291386,-0.4084974111108211,0.5326678919991537
-30.5,0.08,123,2026400623,2026110723,1,K1ABC FN42 33,-30,0,10.140200,0.39568402465789076,0.1565784544909167,0.7231383376358542,11.476092684016816,6.364425732943706,20.900268632666624,1.7032261018234962e-12,-0.20022506213633545,-0.058470336994192344,0.24839281500135257
-30.5,0.08,121,2026400621,2026110721,0,,,,,0.5536269247953969,0.24752088849951676,1.0041376136033604,32.01770265052815,16.325142124625877,60.53818231380598,1.7438739796822589e-12,0.6507516438501831,0.8092678934789984,0.5026504550005484
-30.5,0.08,127,2026400627,2026110727,1,K1ABC FN42 33,-30,0,10.140200,0.36538591274675214,0.1825695683958028,0.7126881114083092,15.185017545258901,8.70115290277648,30.31866757776963,3.2141303507593477e-13,-0.48510718979542056,-0.2744677128359273,0.22865153699967777
-30.5,0.08,124,2026400624,2026110724,0,,,,,1.1576020985358562,0.5723850160930325,2.220840320950036,72.61481510727184,43.38505741875295,143.7209362443107,3.3850526548473425e-12,0.017456078435576523,-0.9642537245283639,0.4872166160002962
-30.5,0.08,125,2026400625,2026110725,0,,,,,0.5707902577091393,0.27852573616049386,1.0756247147181957,40.57421114922334,26.78005357479628,78.36334089604448,3.717200700893708e-13,0.17342737361988633,-0.20449017730021135,0.5082044649989257
-30.5,0.08,126,2026400626,2026110726,0,,,,,0.9150774370048895,0.2437570797770133,1.2655583383798594,31.568035777769087,18.612849213498496,61.81682332244126,2.6470596548033853e-12,-0.4600390962066803,-0.39285142576400717,0.5094331340005738
-30.5,0.08,131,2026400631,2026110731,0,,,,,1.5132728509494462,0.6647527433872378,2.6965716384865233,102.66430057795823,68.47294486203123,190.70992927312028,-8.978272986182034e-12,0.7674205580652047,-0.7192573894079966,0.05832848000136437
-30.5,0.08,128,2026400628,2026110728,0,,,,,0.8831121079596354,0.2505295209838964,1.2824059101518577,31.754071918226877,15.391293570044413,59.245524537669795,-1.8508493349056465e-12,-0.0013872781234108241,0.30549687228174327,0.5084559650003939
-30.5,0.08,129,2026400629,2026110729,0,,,,,0.7470835839626155,0.3058352883526573,1.296552724627313,33.41448919417663,17.669070260332887,63.78676387913039,2.1282073325856743e-12,-0.3091726335565725,-0.28994071478227484,0.510424617001263
-30.5,0.08,130,2026400630,2026110730,0,,,,,0.5219967169240093,0.2090403173604853,0.8818297212600942,27.699291123747084,12.714017784646423,46.36537698406353,2.1828038508642233e-12,-0.580544818079814,-0.19077041701669287,0.5364269679994322
-30.5,0.08,132,2026400632,2026110732,0,,,,,0.5467722178317725,0.19654209614345858,0.9997484672594241,13.834322892977076,7.4587107563046,25.259329145271558,6.690004453191456e-14,1.105679099645985,1.0031119613265882,0.4461539290005021
-30.5,0.08,133,2026400633,2026110733,0,,,,,0.7080892339558613,0.2924655783115568,1.3871353346276876,44.84527860781214,19.742751284575295,67.35064482841426,-5.860787224455655e-12,0.3290344031051355,-0.35001169756669076,0.561085068000466
-30.5,0.08,134,2026400634,2026110734,0,,,,,0.6491665873443461,0.2672389430596097,1.0518105453285753,42.04354216956391,24.421295167034813,82.21558405364098,-1.893399174425492e-12,0.5759003270424469,0.7619499882059145,0.5533996060003119
-30.5,0.08,137,2026400637,2026110737,1,K1ABC FN42 33,-30,0,10.140200,0.36269817136468824,0.156243492744875,0.6649547646445029,16.92686428009515,9.775955143578143,30.793045344777433,3.317623953336124e-13,-0.14494986254603048,-0.31114372526258094,0.0664413960003003
-30.5,0.08,135,2026400635,2026110735,0,,,,,0.7646278899450094,0.3296302702049738,1.3438211026815008,34.41255360181964,22.773005763261576,63.63012289527492,-1.0012745840781712e-12,0.36075602651574373,0.8784939491738528,0.5392758400012099
-30.5,0.08,140,2026400640,2026110740,0,,,,,0.8343589227140709,0.40720097929117244,1.5663887818703628,65.52802248383128,41.536876113799146,121.92038878870486,2.3927491932251854e-12,-0.30431149533644125,0.02430449922927231,0.0663869939999131
-30.5,0.08,136,2026400636,2026110736,0,,,,,0.5479741420512232,0.21221110442843055,1.0287317793756863,29.756619459571038,13.069736810929312,50.55166531728969,-5.005856840156753e-13,-1.020478490659794,-0.5397208533353309,0.5346714709994558
-30.5,0.08,141,2026400641,2026110741,0,,,,,0.7495519618946642,0.26222444631589853,1.2536692907880749,30.098147997122048,17.44981172013012,56.898530506282775,-7.7443520346554e-13,-0.7861282177783738,-0.7573145135998955,0.04707058100029826
-30.5,0.08,138,2026400638,2026110738,0,,,,,0.6050042066822037,0.22560350725113631,1.0081498869607939,29.92390252618126,14.58776082663305,47.75562833766067,-1.094205997510811e-12,0.5417017614726255,0.4680362200075124,0.5141064269992057
-30.5,0.08,139,2026400639,2026110739,0,,,,,0.476883269460375,0.20480823633612943,0.8900004812238571,23.29162133228119,11.000649852079379,36.71260381835661,-1.5299137824664744e-12,1.1718611653146611,0.8609236522399527,0.5274262120001367
-30.5,0.08,142,2026400642,2026110742,1,K1ABC FN42 33,-30,0,10.140200,0.4343405478015263,0.16517849051596262,0.7579612616151402,15.5423458699528,8.546136358010616,29.17057091396546,-1.772052990456352e-12,0.4743968482818661,0.5619587704450719,0.4518400750002911
-30.5,0.08,143,2026400643,2026110743,0,,,,,0.5224277070626987,0.23631921482806154,1.0351924149140517,32.16489335485219,14.42111399277305,55.06653050642379,-2.198157454669225e-12,-0.33660378728928575,-0.08773345737437648,0.5408293349992164
-30.5,0.08,144,2026400644,2026110744,0,,,,,0.46199093998639695,0.16844058858966826,0.8531574594152274,23.102199814656412,10.077453568129672,38.66368482401629,2.4024705835845594e-13,0.2993019977201025,0.5035306412683557,0.5433108139986871
-30.5,0.08,145,2026400645,2026110745,0,,,,,0.5830453094474135,0.23626524735664703,1.0237309415880667,31.335980843598822,14.498012695991402,54.73105289812277,-1.0265052696745158e-13,-1.0123815448490785,-0.6907987327039371,0.5175980399999389
-30.5,0.08,146,2026400646,2026110746,0,,,,,0.4999444778743032,0.20525052595665494,0.9172324812156212,29.566195869713482,18.557996965532578,56.800715041200164,2.3875580671046427e-12,0.782079491972575,1.205299146263358,0.5200523879993852
-30.5,0.08,147,2026400647,2026110747,0,,,,,0.5859458834857336,0.30357824230792374,1.1666324479402799,47.685348716172776,25.512178085702995,90.7146378514412,1.8516911094723643e-12,0.6156900775083353,0.5559363842261182,0.41062293499999214
-30.5,0.08,151,2026400651,2026110751,1,K1ABC FN42 33,-31,0,10.140200,0.3714429220213034,0.16032415610165465,0.7156991366860483,18.49356598219749,10.604338891743708,34.79319965420746,-3.8952546158217694e-13,-0.2166148363727614,0.11751240633549721,0.08245909900142578
-30.5,0.08,150,2026400650,2026110750,1,K1ABC FN42 33,-30,0,10.140200,1.1573926775123478,0.3304578809051876,1.6156602627094783,48.14365594103615,26.96865710642093,87.32384843879919,5.117679717503432e-12,-0.5816318832445764,0.5290274216492096,0.12602181599868345
-30.5,0.08,149,2026400649,2026110749,0,,,,,0.7491974383806053,0.3739715044246975,1.4875854051883333,50.84519941187069,26.484014699779138,84.26511672599258,-2.360091289066446e-12,0.9606162887346488,0.41807766649866485,0.43320746599965787
-30.5,0.08,148,2026400648,2026110748,0,,,,,0.6366851446632599,0.21514159014440856,1.1257312248268159,25.686932288297427,12.583863713557395,41.53092822024925,-1.3311894989098683e-12,-0.6620326181314196,-1.1510786982949754,0.5276112039991858
-30.5,0.08,153,2026400653,2026110753,1,K1ABC FN42 33,-30,0,10.140200,0.35285069966300087,0.12269341112529354,0.6543539387612068,9.110699827179955,4.085435219048943,16.922854054414614,9.012695104115842e-13,-0.7570500230862418,-0.6655339038185962,0.3477685170000768
-30.5,0.08,152,2026400652,2026110752,0,,,,,0.9244760794109457,0.38359312131019363,1.6540498163058501,58.63068726081112,37.101518890092464,104.9566109966464,3.2190257404085543e-12,0.43873843054840184,-0.10144668835135524,0.41583822400025383
-30.5,0.08,157,2026400657,2026110757,1,K1ABC FN42 33,-30,0,10.140200,0.4797609188573615,0.20141707296242034,0.9198377793412265,21.77230292382059,11.03672421972984,38.830590835339066,-3.89117384147486e-12,0.03626286992679619,0.3797059692676449,0.266230782999628
-30.5,0.08,154,2026400654,2026110754,0,,,,,0.524916920911268,0.2313318955987891,1.0290790887286625,30.665898809930546,18.980871217126758,60.33392410878961,-4.3238190805539034e-12,-0.5308478346054666,-0.20752759565051235,0.495578399999431
-30.5,0.08,158,2026400658,2026110758,1,K1ABC FN42 33,-29,0,10.140200,0.7130008120246377,0.25925489789621187,1.2803300973256482,24.970823399922914,13.135505083664714,48.25946706559945,8.887543478941495e-13,0.027953326606993487,-0.6850474854176443,0.06675676700069744
-30.5,0.08,155,2026400655,2026110755,0,,,,,0.669030908090348,0.27396838446895666,1.2437050626501631,32.41218353997085,19.642137971060638,64.82261233190394,3.770503007038961e-12,0.41614835598000127,0.7241159767950331,0.5060413720002543
-30.5,0.08,156,2026400656,2026110756,0,,,,,0.5638753408113151,0.21301467603789942,1.0967606989716483,25.82169072274504,14.733847225229045,46.12862381651183,1.566822192822226e-12,0.07185801996647083,-0.3361518292511127,0.5151813820011739
-30.5,0.08,160,2026400660,2026110760,0,,,,,0.5129805724029136,0.21038974906657915,0.91659596521666,19.127572278300757,10.10507794921633,35.87890663014982,1.7788996729654893e-12,-0.8007523212159091,-0.3546804529279243,0.4245330850008031
-30.5,0.08,159,2026400659,2026110759,0,,,,,0.7628927475019056,0.30019897899954356,1.3889312179792472,46.728624829472466,24.46395605536406,74.16020558170668,-5.236314637099837e-12,-0.1829425343145431,-0.33741955213471414,0.5174124349996418
-30.5,0.08,161,2026400661,2026110761,0,,,,,0.5948512411955929,0.26339688645572934,1.1884793386429238,31.19006450707557,16.900569483262423,59.662180880502454,-2.5082431791279003e-12,0.19014796748889942,0.6472798785632499,0.5287802140010172
-30.5,0.08,162,2026400662,2026110762,0,,,,,0.4726873067709941,0.16338876542310174,0.8168457530405403,14.371213333775,5.296568623342999,24.374278668137386,-1.5902524522909411e-13,0.115807356637851,0.1256176672604659,0.5321194850002939
-30.5,0.08,164,2026400664,2026110764,0,,,,,0.8382733056926894,0.28480222281792256,1.4764018488946546,43.46637790997514,22.78481980973925,70.2904757950995,1.665317623383844e-12,0.7972359214196957,0.014331666746921738,0.42108599899984256
-30.5,0.08,163,2026400663,2026110763,0,,,,,0.7330679706984355,0.2326825178047124,1.1273388548946752,27.998527868949445,16.102593907491613,54.54351335113033,-2.6612705095185873e-12,-0.06578275183412656,0.04085053230675057,0.5258703649997187
-30.5,0.08,165,2026400665,2026110765,0,,,,,0.8288476052705132,0.38220934214134883,1.3980028991523321,62.06635613093734,38.409166271417384,114.83649837328966,3.463181130758386e-12,0.13952369676214596,-0.23900223804351392,0.5135185650015046
-30.5,0.08,166,2026400666,2026110766,0,,,,,0.5969780759652126,0.2695839627712421,1.1747835483106217,41.94838036847157,22.4618919780489,72.6539236611658,3.936614489247203e-13,-1.32789393392071,-1.004695355527461,0.5175532220000605
-30.5,0.08,168,2026400668,2026110768,0,,,,,1.047161870447137,0.3737014319825733,1.6954529493635484,45.19811236258002,27.071475862390397,84.06594401145739,2.2082960460245715e-12,0.49950101752927994,0.7769823745798143,0.5229599720005353
-30.5,0.08,167,2026400667,2026110767,0,,,,,0.6605488735006458,0.3115804203236606,1.2374396609593044,32.56211373736653,20.76718532558,61.77760453713771,-2.3996395148717653e-12,-0.10681706114685531,-0.2086224810328204,0.551062284001091
-30.5,0.08,170,2026400670,2026110770,0,,,,,0.6679144066852654,0.2510815770274575,1.1670842656585125,32.09476338701014,19.930831297823158,62.6431732648496,7.910755384088475e-13,0.2617377214701575,0.40912512358941755,0.42558980799913115
-30.5,0.08,169,2026400669,2026110769,0,,,,,0.5375819723173295,0.1951090957730034,0.9252356333960927,25.769622429016295,13.879404440230093,48.807387164540664,-1.2324321251033776e-12,0.1954372567674821,0.3723211816537336,0.5146104420000484
-30.5,0.08,171,2026400671,2026110771,0,,,,,0.5770910922598993,0.23412731764583464,0.962030749710513,26.009056367472084,16.144477755570286,49.51561111027635,1.2399430440734882e-12,0.9405095263873162,0.9686703430959662,0.5276484149999305
-30.5,0.08,172,2026400672,2026110772,0,,,,,0.6089564974428955,0.1931381778201701,1.0169165984238335,25.68943757891679,15.477302202385163,47.372612132117446,-6.097882615518913e-13,0.3348208391500298,0.24054739838083783,0.514928886999769
-30.5,0.08,176,2026400676,2026110776,0,,,,,0.6889157730155387,0.33724659591364503,1.3177831856604267,57.23239996019023,33.072372413604775,98.66507864518925,1.1933128096774936e-12,0.4977556259494651,0.30677612118328057,0.04761397500078601
-30.5,0.08,173,2026400673,2026110773,0,,,,,0.468531669785618,0.1730787608825125,0.815892752129694,21.11320629878513,12.984539288790224,40.94759915315034,-1.6780639378044526e-12,0.38135526508463585,-0.03041424171841829,0.5385047260006104
-30.5,0.08,174,2026400674,2026110774,0,,,,,0.5187143578156919,0.1905066980885171,0.9824121316668728,24.73549765314142,11.818985531329727,43.384592899967174,2.428609396920578e-12,1.56814859288939,1.8092933400756916,0.5152046680013882
-30.5,0.08,175,2026400675,2026110775,0,,,,,0.5984733268093447,0.22475844410782744,1.0170838819508803,24.33209625647929,12.830577767355472,44.350317789958424,1.384311854599543e-12,0.32045807274978255,0.2313837139800419,0.41777780600023107
-30.5,0.08,179,2026400679,2026110779,0,,,,,0.46730050352416075,0.15192683313817362,0.8052245347292631,9.693925013050542,4.608460701700706,16.77230751346368,9.8879238130678e-15,-0.3101358364485632,-0.21239976130359123,0.42387909699937154
-30.5,0.08,177,2026400677,2026110777,0,,,,,0.47252864857976185,0.18308730945045534,0.80789896556687,20.803281801995162,10.111231060155427,35.106555194572586,1.5944277148571828e-15,-0.3024877816351418,0.018769952201791888,0.5371560679996037
-30.5,0.08,178,2026400678,2026110778,0,,,,,0.5855183247032704,0.20861880528128293,1.0201647534374108,24.551182465509847,13.026909807171432,47.053450465626625,2.637501220030536e-12,0.32658981439697,-0.07986429555866087,0.5117485340015264
-30.5,0.08,180,2026400680,2026110780,1,K1ABC FN42 33,-30,0,10.140200,0.4761561418908281,0.18976851242907836,0.8480267066319076,24.247161043893556,14.222909744152949,44.08827784968159,5.658334044367219e-12,0.005455605994221926,-0.3067646763706599,0.2686545220003609
-30.5,0.08,181,2026400681,2026110781,0,,,,,0.6083842466400964,0.28535396823917764,1.1842118758794005,41.86764275316614,22.079999888854804,76.21314982449755,1.941479637647403e-12,-0.434028447107252,-0.5295923479629727,0.43636696099929395
-30.5,0.08,184,2026400684,2026110784,0,,,,,0.7094898325987764,0.24212518610456882,1.1425929951006104,27.017403072099906,14.492458301280614,52.94725563871901,3.157930514308127e-12,0.0696602342739742,0.34674829945737207,0.4340384039987839
-30.5,0.08,182,2026400682,2026110782,0,,,,,0.5219900979419527,0.21696332952122097,0.960365572343497,21.36370249565621,9.982796953076598,40.13146425629686,8.326724726392953e-13,0.23239958357813742,0.5620548941831605,0.5588550330012367
-30.5,0.08,183,2026400683,2026110783,0,,,,,0.6533688925101594,0.303263055401845,1.140691494620497,48.05340729245177,29.14319259940627,93.92920841361132,5.6930987701875324e-12,-0.985933420869746,-0.7995949725248086,0.5432759989998885
-30.5,0.08,185,2026400685,2026110785,0,,,,,0.47782921610695817,0.16187515087488605,0.8396420283619979,16.037211185070817,7.972582243764318,30.14858615461174,-7.012931901861919e-13,-0.507057498530666,-0.583250112513466,0.4264512919999106
-30.5,0.08,186,2026400686,2026110786,0,,,,,0.6187175164100336,0.2937738178129227,1.120728114049846,47.06504953058586,27.558972262472537,90.55877495698525,-2.859653486231295e-12,0.9670284434878167,0.6090297053147241,0.5488587119998556
-30.5,0.08,187,2026400687,2026110787,0,,,,,0.6851876292276817,0.21627000729393683,1.075401249355178,24.72369930460096,11.833098170103987,43.0845039351986,-1.8030681114833413e-12,-0.21668906602783708,0.035239982671220915,0.5496056689989928
-30.5,0.08,188,2026400688,2026110788,0,,,,,0.34918784796652647,0.13084882059699066,0.6234164978154345,8.417998491650179,5.063676915866216,16.81623732916428,1.4610708476414658e-13,0.6745361953219855,0.5424808838166226,0.5231447639998805
-30.5,0.08,191,2026400691,2026110791,1,K1ABC FN42 33,-30,0,10.140200,0.44876711297210087,0.16849040956613462,0.8357829464734443,15.873973235807961,9.67804949550052,31.15744608240267,5.357259774685375e-13,0.05120829625610356,0.15612613943000872,0.2461631000005582
-30.5,0.08,189,2026400689,2026110789,0,,,,,0.7423141518587535,0.2628667624275486,1.144396166683464,37.88639724754419,21.84821570758897,71.71905740656388,-6.635178517733209e-12,-1.9539689397107494,-1.219250371501642,0.5202927730006195
-30.5,0.08,192,2026400692,2026110792,1,K1ABC FN42 33,-30,0,10.140200,0.5679063497467145,0.2061420507608683,0.9477949194865106,28.702065250708674,17.533348112488923,52.78249681176042,-7.097673143663386e-13,-0.19193850685670394,0.17631700736722367,0.2502461650001351
-30.5,0.08,190,2026400690,2026110790,0,,,,,0.45288903436314876,0.21367917646262477,0.8206504944860434,30.987908321972462,18.381408473603972,59.86486507238227,6.638153568494509e-13,0.4326524699216098,0.344206461813297,0.5408889969985466
-30.5,0.08,196,2026400696,2026110796,1,K1ABC FN42 33,-30,0,10.140200,0.6802305616775524,0.26680435423050625,1.2287470203753048,30.83558822653495,17.84534530043234,59.710046554347194,2.395561179979744e-12,-1.0797123781477838,-1.347801535238621,0.0633890919998521
-30.5,0.08,194,2026400694,2026110794,0,,,,,0.7486765090886596,0.30223992675051703,1.3457487327135351,36.87590456149189,25.187790836883654,70.14534568003532,9.541683415603686e-12,-0.4180979028731691,-0.08720584151022966,0.41948111599958793
-30.5,0.08,193,2026400693,2026110793,0,,,,,0.5026622217673657,0.20698608373258495,0.982339145265769,26.78261787894707,11.99684546818463,44.10414611831506,5.551635540168576e-13,-0.1535534497158453,-0.0297879570502684,0.5093523839987029
-30.5,0.08,195,2026400695,2026110795,0,,,,,0.4828675008527198,0.1678601713839779,0.9186915187563238,13.854722561160912,6.4433178410651655,25.916176620774866,1.2979070942997772e-13,0.17663341679555222,0.17638148481172555,0.550023792000502
-30.5,0.08,197,2026400697,2026110797,0,,,,,0.5205480911227309,0.21209794019179165,0.9823216713020465,27.724705252011038,16.746093221709994,50.64000645176795,9.931708233601455e-13,0.6256824337374127,0.3604264379726374,0.5284643290015083
-30.5,0.08,198,2026400698,2026110798,0,,,,,0.6247915662973729,0.26748763795895447,1.1409736288350267,36.9482041117739,17.409098884186452,61.53278509856039,-2.6502654237869905e-12,0.6971186567153285,0.42574594470935,0.4256672259998595
-31.0,0.01,1,2026100501,2026120601,1,K1ABC FN42 33,-31,0,10.140200,0.10096218687182573,0.03371249948194264,0.17377002314245812,4.923937032663197,2.8948226761085136,8.172581916538377,-2.8253124124098805e-13,0.0804407229564972,-0.005799620559813208,0.06536895399949572
-30.5,0.08,199,2026400699,2026110799,0,,,,,0.711139349601644,0.30242109460121186,1.4198577172918214,44.50653090159516,28.906596035769567,83.2265679037803,7.706061483370164e-12,-0.40320280277399895,0.21537815958077583,0.5462494469993544
-31.0,0.01,0,2026100500,2026120600,0,,,,,0.08706627268076156,0.030412949831287676,0.14191204260925916,3.8390687854358423,1.9632151071173896,6.8533905651266105,-4.0338218876279086e-13,0.0030645212093909327,0.007108262944734168,0.49936036200051603
-31.0,0.01,2,2026100502,2026120602,1,K1ABC FN42 33,-31,0,10.140200,0.07587703231482912,0.03207629588096787,0.14549338108793383,3.3376254293115615,1.8452332053177496,6.572154858581034,2.696212597261792e-13,0.03300681209468137,0.012094252891375624,0.32218999699944106
-31.0,0.01,3,2026100503,2026120603,1,K1ABC FN42 33,-31,0,10.140200,0.07978638916234715,0.030215322627960433,0.14691353071743724,4.138252789453713,2.22154963246015,6.9163616615708925,-3.9430134504692127e-13,0.18225867876494056,0.16646388312614027,0.3441086570001062
-31.0,0.01,4,2026100504,2026120604,1,K1ABC FN42 33,-31,0,10.140200,0.06249558089603634,0.027427283541514056,0.11642503988194498,3.571531516661408,1.9199285920066431,6.7063507383285845,-1.0196563645509249e-13,-0.01963731835009674,-0.07858614376595431,0.256170769000164
-31.0,0.01,5,2026100505,2026120605,1,K1ABC FN42 33,-31,0,10.140200,0.10875573074192403,0.05329953264599074,0.18730657806339118,8.456689423304908,5.561799850892724,16.1017636737034,3.849060827010309e-13,-0.0017757054467297038,-0.029606210438718843,0.271824416000527
-31.0,0.01,7,2026100507,2026120607,1,K1ABC FN42 33,-31,0,10.140200,0.05345542072719445,0.019442159534515273,0.10553186220962649,1.6571377301587427,0.6785704137870608,3.0970875003728207,3.394875526530061e-14,0.02525244260363734,0.038867023936151775,0.25345001200003026
-31.0,0.01,9,2026100509,2026120609,1,K1ABC FN42 33,-31,0,10.140200,0.08056743739414672,0.032115265733740954,0.14175877341750995,4.665232379716655,2.4499445021598873,8.599830253985672,-4.90357754401316e-13,0.011810812564594078,-0.018115791414105218,0.2510554239997873
-31.0,0.01,11,2026100511,2026120611,0,,,,,0.07279257583863183,0.026257378657913624,0.12573385298093862,3.5818194544152053,1.7309090912381129,5.963331903445557,-2.1219267662409003e-13,0.017596298582874894,0.008663498121572726,0.0533659880002233
-31.0,0.01,8,2026100508,2026120608,1,K1ABC FN42 33,-32,0,10.140200,0.045306401075616606,0.019214889707929547,0.08872911523779775,1.6575433997358224,0.7804246670717557,3.0971765412025323,1.8626484903083718e-14,-0.03955397271531902,-0.03475452315950251,0.36753343700002006
-31.0,0.01,6,2026100506,2026120606,0,,,,,0.07726198959158363,0.03168602205297465,0.13403846878404174,4.873261373253615,2.450273718253279,8.106929738932381,5.579227401256159e-13,0.033410744697402066,0.006732921357926199,0.5518998799998371
-31.0,0.01,10,2026100510,2026120610,1,K1ABC FN42 33,-31,0,10.140200,0.07779709187026482,0.03413335244549043,0.1489110513736408,3.6551006608257195,1.7620834854974494,6.827609001973451,-1.8609170194389124e-13,-0.042222140383057286,-0.08755294550912085,0.36677812399830145
-31.0,0.01,15,2026100515,2026120615,1,K1ABC FN42 33,-30,0,10.140200,0.13480703300981134,0.05112862268337331,0.22367259948365942,7.801002556243986,5.210925327871413,15.44701443337936,-6.008583387784316e-13,-0.17121085257393712,-0.13499439444027045,0.0642029350001394
-31.0,0.01,12,2026100512,2026120612,0,,,,,0.0588995792971783,0.026575421967579192,0.10227630897438411,3.25105944850824,1.707378103369667,5.753457251511459,-4.0436100648411077e-13,-0.037461298826191966,-0.06484646259852579,0.4238384429991129
-31.0,0.01,13,2026100513,2026120613,0,,,,,0.0761740321710283,0.02299601561900943,0.12670408800537308,2.7617546197154526,1.6726694246114702,5.429922567165904,-1.206968552880383e-13,0.20182875800336855,0.16058370757001986,0.5446385539999028
-31.0,0.01,14,2026100514,2026120614,0,,,,,0.0675527471782344,0.029507995544240086,0.13228518820261714,4.666712095880341,2.3213876211478306,6.994184625704719,8.913703108959226e-14,-0.13962564683159073,-0.08816167406695423,0.5202300029995968
-31.0,0.01,17,2026100517,2026120617,1,K1ABC FN42 33,-30,0,10.140200,0.07877606437454332,0.036011192510548996,0.1558260584337431,5.095661849683089,2.421303836358817,8.162394777121019,2.674406919880856e-13,-0.007269135610598812,0.0037416792838888013,0.2496400830004859
-31.0,0.01,16,2026100516,2026120616,0,,,,,0.06306461781848977,0.025905026832833595,0.1197641989769018,3.0466477716420557,1.2927867238048134,5.079017690193725,-2.2438756581977248e-13,0.06686557847939952,0.10139125951293149,0.44411516599939205
-31.0,0.01,18,2026100518,2026120618,1,K1ABC FN42 33,-31,0,10.140200,0.10378842523802687,0.03669355226944312,0.16746022732254418,3.853755744354253,2.495425355994515,7.579187607550473,-3.4854454392108103e-13,-0.06772961435933367,-0.07855290171864619,0.25051528999938455
-31.0,0.01,22,2026100522,2026120622,1,K1ABC FN42 33,-30,0,10.140200,0.09493234749041414,0.03771707293223808,0.1771359709934855,4.158389604286842,2.1797173805266055,8.216016992957304,2.380652776691819e-13,-0.07216269734185031,-0.03092015139033655,0.08241660700150533
-31.0,0.01,19,2026100519,2026120619,1,K1ABC FN42 33,-30,0,10.140200,0.05561724441334631,0.02240150848270471,0.10161621914215352,2.2863486344294484,1.202488898271592,4.394163439004857,-2.5607163958718537e-13,-0.04690586953320641,-0.04169798385041233,0.34159038100006
-31.0,0.01,20,2026100520,2026120620,1,K1ABC FN42 33,-30,0,10.140200,0.07099555090908471,0.026211017852887576,0.12457374751596026,3.207040371618591,1.2768215223238226,4.618673871484264,3.337668683101036e-13,0.022763809990257764,0.003668289016010658,0.292584110999087
-31.0,0.01,21,2026100521,2026120621,1,K1ABC FN42 33,-30,0,10.140200,0.07304268489153215,0.02658710789224622,0.1311446295006397,2.7972070247780696,1.3518634225444492,4.879025328536283,-3.5713619561672516e-13,0.00354171717280924,0.004558712360303101,0.26501436500075215
-31.0,0.01,23,2026100523,2026120623,1,K1ABC FN42 33,-31,0,10.140200,0.04804188084557121,0.01858831465437167,0.0878259989226168,1.2990832722340158,0.674560351861808,2.3836724457342156,1.6958842370771304e-13,0.03227913348205269,-0.007504984594992894,0.27219431699995766
-31.0,0.01,25,2026100525,2026120625,1,K1ABC FN42 33,-31,0,10.140200,0.070938800642103,0.024120396986628365,0.11500252128639499,2.7803826449891336,1.4175183892331111,4.61074482613608,-9.476938006049151e-14,-0.007839879198568022,0.06309892144353499,0.27336006900077336
-31.0,0.01,24,2026100524,2026120624,0,,,,,0.059952431848683915,0.022971631291215388,0.11741140552826858,3.047514616946032,1.5916092097724717,5.804617431538167,-4.2457736545292724e-14,-0.031103939822576043,5.347008677606121e-05,0.44529336699997657
-31.0,0.01,27,2026100527,2026120627,1,K1ABC FN42 33,-31,0,10.140200,0.05579809519207696,0.017893954773141596,0.10730914788674044,2.2191013524976833,1.19438231620416,4.253737269857551,2.3786246410029133e-13,-0.045453573696895185,0.008752986041827419,0.28266013500069676
-31.0,0.01,28,2026100528,2026120628,1,K1ABC FN42 33,-31,0,10.140200,0.09644490627332858,0.038631124749158044,0.18674885250123396,5.588035456794292,2.754823251160403,9.534881352123415,-5.761818973326616e-13,0.07631189743644931,0.0694007643210553,0.3040080869996018
-31.0,0.01,26,2026100526,2026120626,0,,,,,0.08105389081608357,0.04185976853850245,0.16178707199488201,7.214400123148817,4.113763586594497,12.014323893490005,-2.7739963104345122e-14,0.09961210489296951,0.06122586044558038,0.5375476520002849
-31.0,0.01,29,2026100529,2026120629,1,K1ABC FN42 33,-31,0,10.140200,0.08523341877154521,0.038649590304982794,0.166088699313288,3.3261552113197648,2.003969260596563,6.60862030217824,3.7125250790248643e-13,0.0019060953389557923,-0.030563053957527474,0.35259666799902334
-31.0,0.01,31,2026100531,2026120631,1,K1ABC FN42 33,-30,0,10.140200,0.06909084227784452,0.02969724178208306,0.12855007820154785,3.6726453722201837,2.260955130108821,7.170270776917583,-2.7418510712730326e-13,-0.0024481780514399483,0.013155052200865831,0.24237034500038135
-31.0,0.01,32,2026100532,2026120632,1,K1ABC FN42 33,-30,0,10.140200,0.0790984413660592,0.04188568842383106,0.15416353075674907,7.086072576527193,4.226417088720422,12.326576882831905,-2.960847712840664e-13,-0.03163593461593745,-0.0795199635402427,0.25371484000061173
-31.0,0.01,30,2026100530,2026120630,1,K1ABC FN42 33,-31,0,10.140200,0.10416153210638954,0.03529513365604826,0.16314487278636164,5.522898901274101,3.0327942295969383,9.192923981314257,-2.0813776049899424e-13,-0.08388286742905769,-0.026261737377963106,0.3549451910002972
-31.0,0.01,33,2026100533,2026120633,1,K1ABC FN42 33,-31,0,10.140200,0.08873739978364882,0.030606867510817565,0.14019374656172873,3.4963006012355717,1.6337928428893633,6.854645653087072,-5.729862114292605e-14,0.011051062865589654,-0.028620945055454584,0.1535239120003098
-31.0,0.01,34,2026100534,2026120634,1,K1ABC FN42 33,-32,0,10.140200,0.06611175134191372,0.031116095476637184,0.11928123932301979,4.491358010711711,2.626358494942413,8.744159413234165,-3.047390898652802e-13,-0.09281052571146513,-0.06994656515979059,0.26623328699861304
-31.0,0.01,35,2026100535,2026120635,1,K1ABC FN42 33,-31,0,10.140200,0.07647572180883076,0.04233106524955289,0.15050855647162598,6.927086024670218,3.6844218178134622,12.404136957073376,8.400287843796095e-13,0.1480099113942021,0.0878378820447916,0.33142908299851115
-31.0,0.01,37,2026100537,2026120637,1,K1ABC FN42 33,-31,0,10.140200,0.08326409764334954,0.034830997125232244,0.16248956495261024,5.572211982662865,2.8317569031317227,8.941583153024247,-6.516727261984823e-14,-0.005767126098192796,-0.08903122374154233,0.3945225440002105
-31.0,0.01,36,2026100536,2026120636,0,,,,,0.08944259947866026,0.030948722623823293,0.14892038769812155,4.293342263707883,1.9677572938849444,6.523308433958606,5.707207709898521e-14,0.035743667173497376,-0.002147986486681427,0.4968754839992471
-31.0,0.01,38,2026100538,2026120638,1,K1ABC FN42 33,-30,0,10.140200,0.08745902912702226,0.03348082559926694,0.16269041072442264,4.541687639007242,3.0368026871716594,8.935984819416866,-3.5182571916578254e-13,0.08402513665961786,0.0015110648155811494,0.34123600700149836
-31.0,0.01,39,2026100539,2026120639,0,,,,,0.12657689082321663,0.065457030047751,0.2478334819588332,10.843380362332793,6.61192095171565,19.64819647446017,3.697454668827316e-13,-0.0806191369431978,-0.026652424954748215,0.5050458139994589
-31.0,0.01,41,2026100541,2026120641,1,K1ABC FN42 33,-30,0,10.140200,0.06769706778947426,0.023629585520231408,0.12186915922175216,3.042096708688906,1.8115057469303155,6.002299435322689,4.741452456352713e-13,0.012755250892003026,0.011543943917248558,0.3508328630014148
-31.0,0.01,42,2026100542,2026120642,1,K1ABC FN42 33,-30,0,10.140200,0.09740883812163492,0.04220911498507825,0.18263767693976007,5.810598012727078,4.098143648578754,11.60056195854073,-4.493488914292243e-13,0.16192219128280913,0.06451335316117421,0.2766438119997474
-31.0,0.01,40,2026100540,2026120640,0,,,,,0.0767418898556531,0.027877018840706272,0.13914315747443773,2.548205450892453,1.5111335004469442,4.885799530640311,-2.2115295705837923e-13,-0.037497407800855774,-0.08344665622790065,0.5133234620006988
-31.0,0.01,43,2026100543,2026120643,1,K1ABC FN42 33,-31,0,10.140200,0.1456492151311575,0.048341718203759765,0.23293025388208002,7.108821119246857,3.6660818517191074,10.99152684192081,-1.515126999557248e-13,-0.003070637097109194,-0.13495354389316452,0.24646296500031895
-31.0,0.01,45,2026100545,2026120645,1,K1ABC FN42 33,-30,0,10.140200,0.07790773755196508,0.038158480913117486,0.15283937473297832,5.695261298472131,3.7287793286626463,11.062928240874248,1.56392775249245e-13,0.12956578884798386,0.057527223038997495,0.2385830450002686
-31.0,0.01,44,2026100544,2026120644,1,K1ABC FN42 33,-31,0,10.140200,0.07973217174240346,0.0329099963697646,0.13964194613967873,3.5759540326198667,1.8656755959956828,6.008939248505121,3.4801577852155985e-13,0.0334656959787879,-0.005206826092629841,0.2609058620000724
-31.0,0.01,46,2026100546,2026120646,1,K1ABC FN42 33,-30,0,10.140200,0.0823353124833345,0.026383744409058288,0.13771203533418996,2.8488904930956296,1.6336399268358952,4.933732483784458,-4.1365958510126977e-14,-0.09771557340967787,-0.09283056587754476,0.2564068129995576
-31.0,0.01,47,2026100547,2026120647,1,K1ABC FN42 33,-30,0,10.140200,0.08959965766389053,0.04223057433536554,0.1535695267403766,6.497920434795055,3.8137051906614063,12.402184744827792,1.6803496528244866e-13,0.052676648951613184,0.051704298450755116,0.2819237099993188
-31.0,0.01,49,2026100549,2026120649,1,K1ABC FN42 33,-32,0,10.140200,0.11296727956457885,0.05038362343715621,0.2041274741885548,7.641646823996091,3.6585444862310648,12.519524925531845,-5.272906677261657e-13,0.017391698786193607,0.05482839301157741,0.3364862029993674
-31.0,0.01,48,2026100548,2026120648,0,,,,,0.06791194601766568,0.032560596835816684,0.1243187122320182,4.971094999728444,2.5383644747766145,8.396440577733557,-4.575320157462759e-13,0.05358864432759511,0.05574435097466866,0.5199494480002613
-31.0,0.01,50,2026100550,2026120650,1,K1ABC FN42 33,-31,0,10.140200,0.10783847614004748,0.055742327402246196,0.2022250273105285,8.472858345184996,5.535971266343771,16.531823665494137,7.501789987818253e-13,-0.011531707606448963,-0.01002029760877395,0.36627528999997594
-31.0,0.01,53,2026100553,2026120653,1,K1ABC FN42 33,-30,0,10.140200,0.08124663194157106,0.03742092888339449,0.1575466973089704,5.180208740397934,2.5085370528534114,9.165844049463598,-3.589359712230511e-13,-0.04322949993870468,-0.007354762732886826,0.2659194309999293
-31.0,0.01,52,2026100552,2026120652,0,,,,,0.0841985767336404,0.040395900537635455,0.1519242277200017,5.2289474688426925,2.3396789179144566,8.449079673758522,4.946347151313368e-13,-0.07503775892573068,-0.05994683443927449,0.5672608439999749
-31.0,0.01,54,2026100554,2026120654,0,,,,,0.0734573855952445,0.033020127867243704,0.13763521657519717,4.325719659633386,2.019669361377593,6.311149678745206,-5.4952231458814393e-14,-0.018854100212883133,-0.030165894716760157,0.46219155699873227
-31.0,0.01,51,2026100551,2026120651,1,K1ABC FN42 33,-32,0,10.140200,0.08684235700972859,0.040196681100862976,0.16629301544079778,6.129263858414146,3.999181283253156,11.214624596290212,-1.610274413810231e-13,-0.05665683405728673,0.005508461806236645,0.7654321449990675
-31.0,0.01,55,2026100555,2026120655,1,K1ABC FN42 33,-31,0,10.140200,0.05144964613248984,0.021022952667119375,0.09869389182364954,2.308381165394705,1.0891098612671344,3.776937380168227,2.3095718046373115e-13,-0.09192473846839695,-0.13407971616156708,0.2970886219991371
-31.0,0.01,56,2026100556,2026120656,1,K1ABC FN42 33,-31,0,10.140200,0.04189238046451696,0.01863347861772538,0.07824931006727501,2.195808197652094,1.3734625465501098,4.370248293238026,9.704151544831507e-15,0.0958757242814105,0.07696341124579363,0.2833868249999796
-31.0,0.01,57,2026100557,2026120657,1,K1ABC FN42 33,-30,0,10.140200,0.08055944087016288,0.034218411866309514,0.15079337996132772,5.114998324776977,2.6413677109510396,8.740974581508723,-3.72761608906369e-13,0.04882852725452078,-0.010509707212786972,0.2749408720010251
-31.0,0.01,58,2026100558,2026120658,1,K1ABC FN42 33,-33,0,10.140200,0.05783428940902258,0.0281070486147284,0.10897811908562335,3.1484602831181596,1.4415369429303087,5.108938869406244,-1.3919247698890302e-13,-0.06637850930697793,-0.08803057402051363,0.3161418899999262
-31.0,0.01,59,2026100559,2026120659,1,K1ABC FN42 33,-31,0,10.140200,0.049906634724321414,0.019526900375228407,0.08969299558448429,1.4978820171860294,0.7995138986113356,2.911903796412752,-1.0575774197357779e-13,0.07205327871787506,0.07950210814415326,0.2539499930007878
-31.0,0.01,61,2026100561,2026120661,1,K1ABC FN42 33,-32,0,10.140200,0.056195314883608766,0.02355597827474908,0.09590670816272334,3.3768153597563813,1.6318184569889282,6.0671346359472995,-1.5313087169815942e-13,0.011363686287967356,0.002385150628434399,0.27981199200075935
-31.0,0.01,60,2026100560,2026120660,1,K1ABC FN42 33,-32,0,10.140200,0.07871356898831924,0.03599018963026479,0.1529684093000797,5.776845310348188,2.9226685346138446,10.13360882623605,-4.826117804002106e-13,0.024971032116479906,0.014590280460747684,0.3688524890003464
-31.0,0.01,62,2026100562,2026120662,1,K1ABC FN42 33,-31,0,10.140200,0.06728195925331423,0.025585967114245312,0.12669249669534133,2.0612391551810734,1.105481602378864,3.811813787271844,2.3056903608598134e-13,0.01677327272004086,0.0013473978839679327,0.3252635779990669
-31.0,0.01,66,2026100566,2026120666,1,K1ABC FN42 33,-30,0,10.140200,0.05130927622092679,0.02018023611667015,0.09327968250636953,1.7818310796179029,0.7486010901246013,2.8605657297268348,6.478194716774688e-14,-0.014318953788907567,-0.011337177004961516,0.0997758840003371
-31.0,0.01,64,2026100564,2026120664,1,K1ABC FN42 33,-30,0,10.140200,0.05442968234949096,0.025522634874241137,0.10593326805736819,3.3759148287648233,2.000635381623192,6.60977964361393,3.40635180652582e-14,0.07154074822672121,0.05749442736462647,0.2707311080012005
-31.0,0.01,63,2026100563,2026120663,0,,,,,0.06473201664610273,0.025305239381373155,0.1103670949485534,2.96211495286955,1.3646576015475778,5.215405944841008,2.9431319848675225e-13,-0.028739355991236917,-0.00411472154552759,0.5355311009989236
-31.0,0.01,65,2026100565,2026120665,0,,,,,0.05891015015092195,0.024400230675009325,0.1080553178546464,2.609301366187984,1.3558305202227312,4.6615848483428035,4.755261397322574e-13,-0.03588821899843529,0.012163309198603534,0.428770426000483
-31.0,0.01,69,2026100569,2026120669,1,K1ABC FN42 33,-30,0,10.140200,0.0727228428300746,0.02696741018231446,0.12535099574013384,3.8431692942910862,2.28398111357773,6.740701833185742,-6.66875409061074e-14,0.06664277681773861,0.05964557959466264,0.3407081180012028
-31.0,0.01,70,2026100570,2026120670,1,K1ABC FN42 33,-30,0,10.140200,0.056590860983905145,0.022758223314561222,0.10513051574619817,3.120504440666631,1.7297451640843287,5.713805076501885,-5.6184305255099765e-14,0.04338496778900911,0.04735020149104625,0.2480422089993226
-31.0,0.01,67,2026100567,2026120667,0,,,,,0.06496561396941747,0.026836326361179698,0.11217968605859491,3.4866129058252255,1.834345075595775,6.002953169979575,-1.6131995912715968e-13,-0.0011232881084676752,-0.046537296323182945,0.5031045879986777
-31.0,0.01,68,2026100568,2026120668,0,,,,,0.11510313737392315,0.050193126394381476,0.19851665993798512,7.858732560643875,4.524340393760825,13.377781506536506,8.606619377685837e-13,0.057427648603086905,-0.025985873960975073,0.5269229890000133
-31.0,0.01,73,2026100573,2026120673,1,K1ABC FN42 33,-31,0,10.140200,0.06711429322783373,0.026752399847789692,0.11961335461361255,2.841121135952246,1.2400039491985055,4.511014665857343,-2.308331477351988e-13,-0.009994133107398521,0.013231029077882438,0.18468161399869132
-31.0,0.01,71,2026100571,2026120671,1,K1ABC FN42 33,-30,0,10.140200,0.0759802873573113,0.02903144516048588,0.13504661384711633,3.724136061077758,1.9205070056066063,6.015052438157136,-2.602735735268702e-14,0.09962964058915202,0.14365239320084755,0.25298950300020806
-31.0,0.01,74,2026100574,2026120674,1,K1ABC FN42 33,-32,0,10.140200,0.09023553756700936,0.0441419913141421,0.15957075113779776,5.6762844843439275,3.096963489517035,10.492796566611926,4.41292401925919e-13,-0.029447409534982125,0.026281850293202822,0.2815844629985804
-31.0,0.01,72,2026100572,2026120672,0,,,,,0.06564669413164279,0.02498380207906722,0.11496190553748817,3.019069431703556,1.4576124338778507,5.418670947227202,-1.23113325090074e-13,0.15424691851261546,0.17914580751499365,0.5226202739995642
-31.0,0.01,76,2026100576,2026120676,1,K1ABC FN42 33,-33,0,10.140200,0.07791987845987872,0.030200622420144336,0.13369582600570268,3.9776912060151455,2.788668926883841,7.888257332803898,1.8639094174349724e-13,0.07248502271147587,0.08141940744168209,0.3010390359995654
-31.0,0.01,75,2026100575,2026120675,1,K1ABC FN42 33,-31,0,10.140200,0.10501300964412333,0.045599320186463975,0.19307890108522,6.196010673417559,3.823990354254764,12.33824794071788,-3.051131396147877e-13,0.04566705389190704,0.06773738463131969,0.3471642599997722
-31.0,0.01,78,2026100578,2026120678,1,K1ABC FN42 33,-30,0,10.140200,0.06469650998798498,0.023799077499448918,0.10814052510054457,1.9844256176756776,1.0129982502996822,3.5624829959561124,-4.4269492585624626e-14,0.03381160924274151,0.03735339124039136,0.36448862999895937
-31.0,0.01,77,2026100577,2026120677,0,,,,,0.15119086832452183,0.048834143370415646,0.21650497285761305,7.4134846304543665,4.2275444890050515,13.617349676439344,1.7302782470696165e-13,-0.027321204129260236,0.1162636569834434,0.5510199039999861
-31.0,0.01,80,2026100580,2026120680,1,K1ABC FN42 33,-31,0,10.140200,0.06645150300629468,0.024493482568258344,0.11437680910173231,2.8709767943595996,1.3738070513283647,4.883961684718124,-7.192055111182594e-15,-0.09506584014678603,-0.12211492886497818,0.3884585670002707
-31.0,0.01,79,2026100579,2026120679,0,,,,,0.11407563346906488,0.05581080673935392,0.20578209718915408,8.262134789644396,5.200507238310115,16.414226571969834,-4.0733952669236295e-13,0.011127662072949357,0.03060761352736409,0.5466128030002437
-31.0,0.01,81,2026100581,2026120681,1,K1ABC FN42 33,-31,0,10.140200,0.08859085274027591,0.036479991757057705,0.16950291023149922,5.131351028304676,2.4849330021997185,7.997528998139913,-4.32803315755792e-13,0.08898245472247379,0.02137162269803133,0.258325329001309
-31.0,0.01,82,2026100582,2026120682,1,K1ABC FN42 33,-31,0,10.140200,0.10889878937986416,0.046516731247608425,0.2169319330014176,6.7066061777694275,4.672266376996562,13.35915358305395,8.905851316826086e-13,-0.015759034200156497,-0.12379217782170995,0.28748025800086907
-31.0,0.01,84,2026100584,2026120684,1,K1ABC FN42 33,-30,0,10.140200,0.10399948736348391,0.03055487479417778,0.15090388777668842,3.550782290434799,2.180107884389194,6.945275588733287,2.8918534233923765e-13,0.16710510706978582,0.08732489973111479,0.3014874159998726
-31.0,0.01,83,2026100583,2026120683,0,,,,,0.07472872068820174,0.028503975271869954,0.13549388838274254,2.977003218694945,1.453817407855589,5.26189754780245,8.108162578845945e-14,0.008057971275136975,-0.03406997154768581,0.5207285540000157
-31.0,0.01,86,2026100586,2026120686,1,K1ABC FN42 33,-31,0,10.140200,0.06827844552806475,0.030974164101513928,0.13023558931551432,4.632291124747185,2.7987687075387875,8.80806246835003,3.880981907372627e-13,-0.08493387906555513,-0.09777182870277507,0.264724278000358
-31.0,0.01,85,2026100585,2026120685,1,K1ABC FN42 33,-30,0,10.140200,0.08077674892171177,0.029327686458795754,0.1311577081174159,4.64774482754584,2.4430285586025655,7.75956380950319,1.074480565285696e-12,0.12568227882171945,0.08600046326845298,0.35910530799992557
-31.0,0.01,89,2026100589,2026120689,1,K1ABC FN42 33,-30,0,10.140200,0.07287812016349354,0.023167520285530933,0.12014913192059842,2.043007019996516,1.0664928226119146,3.5737047661098797,-4.5543972239381336e-14,-0.04209476243746608,-0.043150379055550754,0.25318155700006173
-31.0,0.01,87,2026100587,2026120687,0,,,,,0.10364035856145272,0.03998916771453461,0.19677565464998076,5.431748540512727,3.72511571725544,9.88807379357619,-9.453679158943906e-14,0.09814255886602778,0.027068347971522206,0.4445124899993971
-31.0,0.01,88,2026100588,2026120688,1,K1ABC FN42 33,-31,0,10.140200,0.08886090698837515,0.04089346012224964,0.1697155183755928,5.9448214872918586,3.3879470715486963,10.616899106070075,-2.2890630363425757e-13,0.011506611544353304,-0.02029154012598888,0.3854237550003745
-31.0,0.01,90,2026100590,2026120690,0,,,,,0.07151624275416059,0.027450256030913667,0.1356046541171192,3.5873711939768236,1.8216847644369716,6.701891437504714,1.271769961477126e-13,0.03752743743232954,0.02920093232323516,0.4483905800007051
-31.0,0.01,91,2026100591,2026120691,1,K1ABC FN42 33,-31,0,10.140200,0.05516843018121608,0.027740232242004614,0.10781035038241207,3.9226019206721037,2.3593314775477596,7.597281776509851,7.000652228056348e-13,-0.1254364848271787,-0.14303649402663676,0.29222143500010134
-31.0,0.01,95,2026100595,2026120695,0,,,,,0.08742875742828518,0.040199243921609965,0.15920145370469369,6.669921963334249,4.0566101689656255,11.718999575651809,6.63750928135351e-13,-0.06600490668819475,-0.0057842458616632186,0.061947468000653316
-31.0,0.01,92,2026100592,2026120692,1,K1ABC FN42 33,-31,0,10.140200,0.07677104283828257,0.02852213680111379,0.1328010770481836,3.960992256514326,1.981736518948761,7.164047725589802,2.1487233650349657e-13,0.09072325109995834,0.04700614354501244,0.3022053109998524
-31.0,0.01,93,2026100593,2026120693,1,K1ABC FN42 33,-32,0,10.140200,0.0693390220410863,0.03228024441436018,0.13246118975814392,5.133262820621028,2.6633488969965184,8.301703679795535,-1.6601683135858414e-13,0.0152239089439524,-0.022494967972850218,0.3445788850003737
-31.0,0.01,94,2026100594,2026120694,1,K1ABC FN42 33,-31,0,10.140200,0.058812866011821695,0.020981494168901726,0.10478724895791601,2.3022063847475316,1.1256976896662378,3.742333985596331,1.3131206191840938e-14,-0.02734582498762631,-0.028732672488857545,0.2525498120012344
-31.0,0.01,97,2026100597,2026120697,1,K1ABC FN42 33,-31,0,10.140200,0.05594991309536246,0.024534128745769067,0.09755199370860809,1.9841968477683307,0.9613907814706608,3.792993835639685,-1.919690535007179e-13,0.0012699182193888446,0.021967122876103945,0.34022414299943193
-31.0,0.01,99,2026100599,2026120699,1,K1ABC FN42 33,-31,0,10.140200,0.04660864561951516,0.017363189461114755,0.08363634856358212,1.6471260594467743,0.7274910859399193,2.904646806020854,-4.628806019035814e-14,-0.0059066838368931115,-0.029601704226441993,0.2873500599998806
-31.0,0.01,98,2026100598,2026120698,1,K1ABC FN42 33,-32,0,10.140200,0.07878934416330081,0.033097436820351614,0.14341099027606735,4.113009429455072,2.089538992165471,7.610992552887355,-6.000755448098971e-13,-0.013019361611703058,0.0012209383039028438,0.3374881399995502
-31.0,0.01,96,2026100596,2026120696,0,,,,,0.08279448227356558,0.033312500882901025,0.15382783548937592,4.735133333858947,2.91455730878056,9.446585840538091,9.981588038748823e-14,0.09580436686824359,0.01300988459467801,0.4995146420005767
-31.0,0.01,100,2026100600,2026120700,1,K1ABC FN42 33,-32,0,10.140200,0.05672811943519538,0.02315453254908629,0.10208925132227104,2.3005560698840624,1.2084805016896338,4.588252181699316,2.8809940544327617e-13,-0.032751327543127165,-0.0037306740887891364,0.28204381999967154
-31.0,0.01,102,2026100602,2026120702,1,K1ABC FN42 33,-32,0,10.140200,0.06827503153147584,0.03122807829705682,0.12733822886647247,4.132333706146371,2.3383472811122425,7.6323165954870085,5.654070961425006e-14,0.008466176736244075,0.046678186423559795,0.2788828299999295
-31.0,0.01,104,2026100604,2026120704,1,K1ABC FN42 33,-31,0,10.140200,0.06530981701076677,0.03227431657961276,0.12990709849299098,4.543655442983929,2.439428316493352,8.458663240842405,4.834065005926425e-13,-0.06106345008185733,-0.008460178375724126,0.2389195479991031
-31.0,0.01,101,2026100601,2026120701,0,,,,,0.07321402051346088,0.031116693326353258,0.12282684062686794,2.9399600932024166,1.3402281303909591,5.172845625745236,-5.428860486156317e-14,-0.05034434556443705,-0.10431622344592122,0.5033301259991276
-31.0,0.01,103,2026100603,2026120703,0,,,,,0.06760901490775845,0.024973071369629722,0.11805384421959096,3.617195137492407,1.4545343496133558,5.230454011027257,7.077498309637775e-14,-0.11646708614298514,-0.1387210832700082,0.4962792789992818
-31.0,0.01,105,2026100605,2026120705,1,K1ABC FN42 33,-31,0,10.140200,0.08722101582810395,0.032725306066195316,0.1424182180551981,4.086450960624638,2.3660553250052203,7.983158965258104,2.1531428441405598e-13,-0.10045671027727528,-0.013235694449171333,0.35323191300085455
-31.0,0.01,106,2026100606,2026120706,1,K1ABC FN42 33,-30,0,10.140200,0.09223567528142108,0.034682435216509676,0.15436563701192463,4.757845055115263,2.545316953388498,8.847670424011714,2.0435476227875782e-14,-0.06937558011692144,-0.007245618386417907,0.268454095999914
-31.0,0.01,108,2026100608,2026120708,1,K1ABC FN42 33,-31,0,10.140200,0.06690847241565032,0.023038758277502784,0.11257727043448165,2.5784806790146146,1.317537316481146,4.417719547390339,1.2954069240900257e-13,-0.015973334522413594,-0.02168126231653151,0.2633631630014861
-31.0,0.01,110,2026100610,2026120710,1,K1ABC FN42 33,-31,0,10.140200,0.06861722864069471,0.030035812372212676,0.13614772005116094,4.112309637518004,2.3497527384598422,7.562663754201537,1.5655163797256844e-13,-0.05157370368316413,-0.0011139902962085568,0.1516171929997654
-31.0,0.01,109,2026100609,2026120709,1,K1ABC FN42 33,-31,0,10.140200,0.0581039933867159,0.028486266684648626,0.11577536154909479,3.530294898592554,1.5555461863607452,5.418709226745223,5.467642397866124e-13,-0.07865967237873177,-0.03682833953132172,0.26047749999997905
-31.0,0.01,107,2026100607,2026120707,0,,,,,0.05368597980462811,0.022359071649509153,0.09494246509683629,1.5755104883529045,0.9541711301411775,2.982286531584907,-1.0002697455047116e-13,0.08032710240208388,0.04510267435457966,0.526643900999261
-31.0,0.01,113,2026100613,2026120713,1,K1ABC FN42 33,-31,0,10.140200,0.09603935451670881,0.04269689732522223,0.17727971124518027,6.76902626633479,4.337624666761884,12.278844896980134,9.920272069086078e-13,0.08664424562572381,0.03077800446810321,0.25915738200092164
-31.0,0.01,111,2026100611,2026120711,1,K1ABC FN42 33,-30,0,10.140200,0.07671512750672967,0.032198725733518244,0.14455392162555966,3.669731877268515,1.8673446267820941,6.754134068181903,-2.0250533021293204e-13,-0.012239159248303573,-0.017587571159925753,0.3690050250006607
-31.0,0.01,114,2026100614,2026120714,1,K1ABC FN42 33,-30,0,10.140200,0.07654162996537534,0.03758382155127967,0.1493379751034871,5.335919335933986,2.9219719272904094,9.393075074492454,5.19971300174879e-13,0.0996601235281783,0.07348702474920424,0.2568257940001786
-31.0,0.01,112,2026100612,2026120712,1,K1ABC FN42 33,-30,0,10.140200,0.09303741267733075,0.04139228415170866,0.1635817527984189,6.974858609218949,3.8968914756258637,12.224669253908202,8.523954111994136e-14,-0.0449802030712168,-0.058666977806676374,0.39000578800005314
-31.0,0.01,115,2026100615,2026120715,1,K1ABC FN42 33,-31,0,10.140200,0.049482866915683266,0.02024130002392902,0.09190204919621534,2.5530299372373944,1.092088941993699,4.311369822964354,-4.385478525464892e-14,0.023526647682888317,0.029699579642254455,0.2767720640003972
-31.0,0.01,116,2026100616,2026120716,1,K1ABC FN42 33,-32,0,10.140200,0.09818859859755316,0.04148466620528372,0.1766363884354134,6.063125486880226,4.088917516828798,11.951500748955754,-3.124065676290977e-13,-0.1250919425803052,-0.04754137780330366,0.34154074199977913
-31.0,0.01,118,2026100618,2026120718,0,,,,,0.08529877744391054,0.050189809873715956,0.16906676769296325,7.938377300891685,5.153131600908688,15.860545550817143,-6.394919316310421e-13,-0.06367623921816708,-0.01845382381003766,0.419439899000281
-31.0,0.01,120,2026100620,2026120720,1,K1ABC FN42 33,-30,0,10.140200,0.07481292228822078,0.024531305900266153,0.14169900029795024,3.273448257241274,1.6609510687951108,5.87301394130156,-5.533312523453571e-14,0.07695787794829008,0.08943424503687301,0.1916399370002182
-31.0,0.01,117,2026100617,2026120717,0,,,,,0.07630585792332793,0.028875919730490078,0.13010067044600115,3.5109299246191497,1.8523002244771245,6.777672032209094,9.834936142393003e-14,0.0266054364044366,0.041451404061153434,0.5170630619995791
-31.0,0.01,119,2026100619,2026120719,0,,,,,0.08545330085752686,0.032827470694445415,0.14021029494236287,3.821733587199924,2.227488847413928,7.541096043567736,-1.4345653571307126e-13,0.029445704200099395,0.027822322957023367,0.5629221580002195
-31.0,0.01,123,2026100623,2026120723,1,K1ABC FN42 33,-30,0,10.140200,0.0821378625538095,0.031484161119008654,0.1435288398507622,4.076435852477057,1.828709524763843,7.145374412987676,6.839147304038562e-16,-0.02074331021362423,-0.007339351192318046,0.26505959700079984
-31.0,0.01,121,2026100621,2026120721,1,K1ABC FN42 33,-31,0,10.140200,0.08029622592689115,0.0298669071403758,0.15562161851317347,4.219304735245526,2.3432842089862147,7.5406347668682345,2.333012255606448e-13,0.05176285443987936,0.025728595817832017,0.3659565260004456
-31.0,0.01,122,2026100622,2026120722,0,,,,,0.06584532890592007,0.02818675185467392,0.11818421287945143,4.247287620203198,2.2069396584886087,7.7020754163894445,1.1794552964503047e-13,0.018929131444448542,0.012945986689137982,0.5185735249997379
-31.0,0.01,125,2026100625,2026120725,1,K1ABC FN42 33,-30,0,10.140200,0.07513026471302442,0.029388716458546547,0.1420164643966132,3.761943576195538,2.446424427634655,7.407457004398581,1.8495621700864717e-13,-0.06510396967469217,0.010026295038332241,0.2542199409999739
-31.0,0.01,128,2026100628,2026120728,0,,,,,0.06388340994870594,0.02292952237554749,0.10897988356827508,3.140998066404743,1.7663584499111091,6.030342804397348,1.4430530338380154e-13,-0.04973381198727716,-0.050109084316363066,0.05275788200015086
-31.0,0.01,126,2026100626,2026120726,1,K1ABC FN42 33,-31,0,10.140200,0.05945674346501721,0.023747369848666357,0.1013716076889022,3.1871234223727996,1.5395997038386773,5.7437499906091185,1.6495116904324814e-13,0.08254974361280248,0.0973076431391479,0.39474617399901035
-31.0,0.01,124,2026100624,2026120724,0,,,,,0.08041243672951422,0.028107988569228585,0.13341459028487965,3.3168163009520963,1.903368774953117,6.614853554984894,2.0918575031891873e-13,0.0908631789093078,0.086719989124247,0.5465747179987375
-31.0,0.01,129,2026100629,2026120729,1,K1ABC FN42 33,-30,0,10.140200,0.0547437304605894,0.02163641572598236,0.10817931820578333,1.6890465043582525,0.7039595786108248,3.233099966684349,-8.282545656268514e-14,0.010246437458386697,-0.026671568082913953,0.25838957899941306
-31.0,0.01,130,2026100630,2026120730,1,K1ABC FN42 33,-30,0,10.140200,0.0623116712113903,0.022755856685410095,0.1092582785961825,2.6703370854315707,1.2496566818203032,4.230937025997294,-1.621341949586963e-13,-0.016705860880498264,0.006634751964171905,0.2612324609999632
-31.0,0.01,127,2026100627,2026120727,0,,,,,0.09966303864486944,0.04448608623356803,0.1831015344000682,6.5355014183429265,4.260619636115868,12.502406203481101,5.592102302054425e-13,0.016113823336699275,0.0020624539215309103,0.5284167299996625
-31.0,0.01,133,2026100633,2026120733,1,K1ABC FN42 33,-30,0,10.140200,0.050843254408349,0.01966258596668684,0.09739322342699314,2.3193578135559565,1.0552824123935134,3.9259002909660805,1.0943698204590735e-13,-0.12701988317082258,-0.11001282452670223,0.19216896400030237
-31.0,0.01,131,2026100631,2026120731,1,K1ABC FN42 33,-32,0,10.140200,0.08471189996740901,0.03640249388564789,0.141448032005398,5.538257475669514,3.3925867425464955,10.147706508455165,-6.38459689847673e-13,0.034121066635112544,-0.041688560790016586,0.3743235049987561
-31.0,0.01,134,2026100634,2026120734,1,K1ABC FN42 33,-32,0,10.140200,0.06051712367373822,0.02566002464476464,0.11555900655437934,3.0941166690982875,1.6004646219124636,5.1908498276030794,-5.2013731863254087e-14,-0.02274625725376069,-0.04990626529995716,0.2635280069989676
-31.0,0.01,132,2026100632,2026120732,0,,,,,0.06645803837291325,0.028453819698733465,0.1242762362013391,3.9531077206191263,1.998854056896048,6.571180439907748,4.681823505270355e-14,0.13278996404339383,0.07946444511073858,0.5273345610003162
-31.0,0.01,138,2026100638,2026120738,1,K1ABC FN42 33,-30,0,10.140200,0.07213406246350879,0.034699971306956304,0.1382531460506168,4.371437147370116,2.6680151263060226,8.337923380889716,-2.384765562107871e-13,-0.07254455129463655,-0.0639536495587072,0.07485011700009636
-31.0,0.01,136,2026100636,2026120736,1,K1ABC FN42 33,-31,0,10.140200,0.1260493213042801,0.04749588605057636,0.21756205805698176,7.38098508961279,3.870799091149345,12.407852011768806,5.394421888349488e-13,-0.10856181261251559,-0.14023743616684214,0.3514865359993564
-31.0,0.01,137,2026100637,2026120737,1,K1ABC FN42 33,-32,0,10.140200,0.07501263247196144,0.03365632819936696,0.1416936282977196,4.919010036349813,3.0522449714062088,9.6593225773866,-1.7731649482044531e-13,-0.11960722922142954,-0.044594596749468106,0.36600313099916093
-31.0,0.01,135,2026100635,2026120735,0,,,,,0.08539075731383913,0.03493508052702474,0.16040947477333845,4.539261281232359,3.078969799475177,8.067505353504608,2.25583874496893e-13,0.14771993269594147,0.07715570496999384,0.5241229959992779
-31.0,0.01,139,2026100639,2026120739,1,K1ABC FN42 33,-31,0,10.140200,0.05103940129751386,0.021423487081636976,0.10150285789818722,1.878173925151632,0.9555318867718698,3.4486414332280972,2.5380522336582167e-14,-0.030399456090352134,0.0037200972982918625,0.2580837370005611
-31.0,0.01,140,2026100640,2026120740,1,K1ABC FN42 33,-31,0,10.140200,0.05713395915566011,0.02361092125032146,0.10775952698932634,2.5607511610534566,1.3276440220890016,4.914286090156713,-1.5721180867539486e-13,-0.07920058814851759,-0.0815593216367388,0.2547032799993758
-31.0,0.01,143,2026100643,2026120743,1,K1ABC FN42 33,-31,0,10.140200,0.12604436133165306,0.04549801582075708,0.21367152309355414,6.947747734735832,3.2524052438431332,11.184699896955534,2.3587728992247037e-13,-0.04409371909034428,-0.05374660919224095,0.2791632290009147
-31.0,0.01,141,2026100641,2026120741,1,K1ABC FN42 33,-31,0,10.140200,0.05227716069479044,0.021976363713200667,0.09660187275522805,2.59458445483182,1.1406182322912324,4.392579346479586,3.0825613329260593e-13,-0.12712054843900047,-0.13610232438032877,0.3457989020007517
-31.0,0.01,145,2026100645,2026120745,0,,,,,0.10520051232251712,0.04686404276918672,0.17897527016759238,7.286097420507116,4.491328807169291,13.754029222283467,7.908893808958317e-13,-0.05597834054354341,-0.1452578588141657,0.05591487200035772
-31.0,0.01,144,2026100644,2026120744,1,K1ABC FN42 33,-31,0,10.140200,0.0849227157098904,0.027206274229682158,0.14882613128355757,3.4187559547967337,1.950850175198304,6.165268180731328,-2.5934246070113964e-13,0.06558304602356507,0.0494633564158456,0.3671069339998212
-31.0,0.01,142,2026100642,2026120742,0,,,,,0.07407192073951652,0.02571913548187269,0.12745542332832124,2.9051859305451595,1.353664522716072,5.21753958966703,-1.7426901935402306e-13,0.02661047656136895,0.03773778406580784,0.5183798939997359
-31.0,0.01,146,2026100646,2026120746,1,K1ABC FN42 33,-32,0,10.140200,0.07190181216101055,0.03145264242837931,0.1389647708804932,4.290540452145809,2.6377900144853674,8.404176894978098,1.6774645908435026e-13,-0.06286329068450083,-0.10488550073484487,0.2327635609999561
-31.0,0.01,147,2026100647,2026120747,1,K1ABC FN42 33,-30,0,10.140200,0.0476237000541435,0.021431918937019158,0.0915790809757359,2.080478723061104,0.8819745639679419,3.3742359003868976,-7.096059850830727e-14,-0.05044524528270765,-0.041950596077997046,0.2339448769998853
-31.0,0.01,148,2026100648,2026120748,1,K1ABC FN42 33,-31,0,10.140200,0.10533840596354654,0.04341102369184,0.20598495038416953,6.215352894371769,3.5349554329485304,11.381519099593817,-1.2777105762307173e-13,0.0012980194182446792,0.08385579733067994,0.30461934599952656
-31.0,0.01,150,2026100650,2026120750,1,K1ABC FN42 33,-31,0,10.140200,0.08889435087688002,0.0355173892248901,0.17453100009397596,5.682276877335465,2.847618364389077,9.13989750968013,9.983784632350279e-13,0.01847592970075163,0.00787551374933643,0.26185967399942456
-31.0,0.01,151,2026100651,2026120751,1,K1ABC FN42 33,-29,0,10.140200,0.08313450263143687,0.03451758144517159,0.15126350675912598,4.377839508067523,2.741436196987435,8.3840711338586,-1.539729715255289e-14,-0.060414689596862914,-0.07063362430190892,0.2428649140001653
-31.0,0.01,149,2026100649,2026120749,1,K1ABC FN42 33,-32,0,10.140200,0.08487691638534933,0.03164640348355803,0.14783748651172593,4.020317618903934,2.056119429425813,6.450916533456397,4.689210174671499e-13,-0.03088240364781708,-0.008787344598760799,0.3549021199996787
-31.0,0.01,155,2026100655,2026120755,1,K1ABC FN42 33,-31,0,10.140200,0.06992854083784039,0.03201096593391047,0.13260643684473666,4.567431816410454,2.4184155122288633,7.945897245867585,-1.1395820810437829e-12,0.0660663485124687,0.10455101018031263,0.12546680900049978
-31.0,0.01,154,2026100654,2026120754,1,K1ABC FN42 33,-30,0,10.140200,0.048015148278025985,0.018471127941012695,0.09003032437403152,1.7518251547613672,0.9102458696075603,3.089242754704733,-1.577820448080136e-14,0.07255374968689494,0.07232944997073558,0.1770272389985621
-31.0,0.01,152,2026100652,2026120752,1,K1ABC FN42 33,-32,0,10.140200,0.09812347733587125,0.03911502325846762,0.18701088831678975,6.327799932941361,3.799949016450967,11.283421199302197,9.171580595684903e-14,-0.05960657165829103,-0.13696779381509708,0.28304791700065834
-31.0,0.01,153,2026100653,2026120753,1,K1ABC FN42 33,-30,0,10.140200,0.06717968994888396,0.0291104776603987,0.12701206707476043,3.279762351633563,1.7797205328605215,6.290971154689398,-3.626513152277244e-13,0.03672630621733455,0.01753549404617959,0.30429750499934016
-31.0,0.01,156,2026100656,2026120756,1,K1ABC FN42 33,-31,0,10.140200,0.05621968360978935,0.025691064496679385,0.11188118623097207,4.265442851709893,2.215618884701033,7.072001920831209,2.6557228638424135e-13,-0.03837912215485254,-0.0073283579354139,0.27114370399976906
-31.0,0.01,158,2026100658,2026120758,1,K1ABC FN42 33,-31,0,10.140200,0.07325692641178651,0.02349652506173981,0.12297903389370814,2.2866747966245273,1.2323665152186811,4.5024959525121035,2.7978289715395455e-13,0.09059743274572261,0.035810589435346894,0.2803588340011629
-31.0,0.01,157,2026100657,2026120757,0,,,,,0.07289869905166178,0.03705022596642727,0.14177910520948517,6.1522444200828685,3.824814253420375,11.561607048332355,-1.2297021040330591e-15,0.06513567204747277,0.00908192685786848,0.5236504590011464
-31.0,0.01,159,2026100659,2026120759,0,,,,,0.06018221113335892,0.022662177694040445,0.1203233486507328,3.0476788167083546,1.5361028497911848,5.0252751411640775,-1.2295893470071206e-13,-0.04508889691629867,-0.029596812645446155,0.5263781989997369
-31.0,0.01,163,2026100663,2026120763,1,K1ABC FN42 33,-31,0,10.140200,0.04464396617311843,0.017906578442942547,0.07992337322707539,1.4911948243602284,0.6966612438567223,2.93365646556557,1.289134543471654e-13,0.007932768654495454,0.024107021715186947,0.16097022500071034
-31.0,0.01,160,2026100660,2026120760,0,,,,,0.06889677969814167,0.028119474954463358,0.13576556972987325,3.6264729407913374,1.6255205107958108,5.9847476093049625,6.960176792553119e-14,0.04043542592149512,0.03923439518815934,0.547957958000552
-31.0,0.01,162,2026100662,2026120762,1,K1ABC FN42 33,-31,0,10.140200,0.04428668057879445,0.017645994480753033,0.0870320160087759,1.8179678606286558,0.9925957464098681,3.410797295429383,-1.9185331491880508e-13,0.03449712650908046,0.06997534697492935,0.28440508200037584
-31.0,0.01,165,2026100665,2026120765,1,K1ABC FN42 33,-30,0,10.140200,0.12629580564737802,0.040747238874855755,0.20382287646670585,6.358633009965089,3.2923617391505444,10.150574474012142,6.27276144438485e-14,-0.038585692286656585,-0.05248470876515317,0.23538035100136767
-31.0,0.01,164,2026100664,2026120764,1,K1ABC FN42 33,-30,0,10.140200,0.060547485834349934,0.027601769518021728,0.10588781153457773,4.385768961916772,2.43170901073205,8.248696110929579,-5.13021916614953e-13,0.0401060158305679,0.09867470869582667,0.25134643700039305
-31.0,0.01,161,2026100661,2026120761,1,K1ABC FN42 33,-31,0,10.140200,0.049735494478879864,0.023352525770389227,0.09846281540073179,3.14709958819539,1.6538201981397536,5.188199447928977,6.361577931102147e-14,0.08646771750032584,0.13262698756490787,0.7941966090002097
-31.0,0.01,166,2026100666,2026120766,0,,,,,0.051762224112081756,0.016008536741261344,0.09214762854603711,1.234744019286106,0.668995993366503,2.4028999234693904,-7.263135405610743e-14,0.021575951516925276,-0.012792943387046354,0.44660138099970936
-31.0,0.01,167,2026100667,2026120767,1,K1ABC FN42 33,-31,0,10.140200,0.08945623670368844,0.0478954158167558,0.1611971944552063,7.534046559291804,4.786730322365476,14.599629818743642,2.4534194120739983e-13,-0.08027189544427663,-0.011644224367308007,0.284704783000052
-31.0,0.01,169,2026100669,2026120769,1,K1ABC FN42 33,-32,0,10.140200,0.1210271677745911,0.04187916511678582,0.21694782868947912,5.4620457229150015,3.458232743798788,9.298824669352095,3.9607640084371454e-14,-0.11763199776991982,-0.06939685507133632,0.3568992749987956
-31.0,0.01,170,2026100670,2026120770,1,K1ABC FN42 33,-31,0,10.140200,0.0552066655167511,0.023138616635846224,0.10038844336508457,3.033908026871259,1.4575652384612356,5.127295464582719,3.475674609232371e-13,-0.03264211444692822,-0.03303159172372047,0.27705577699998685
-31.0,0.01,168,2026100668,2026120768,0,,,,,0.09230937279696629,0.0366200927284464,0.16745006826725023,5.328978374609326,3.392662297992533,9.772922696118567,-2.5703915450085713e-13,0.05934717700917123,-0.015793518461112706,0.5411040309991222
-31.0,0.01,171,2026100671,2026120771,1,K1ABC FN42 33,-31,0,10.140200,0.06644614280778446,0.024868255172079308,0.11323275467188774,2.8850005974792534,1.418176358548418,4.680670817592032,-4.769795669545829e-14,0.02207879672498976,-0.044367346082794704,0.35394596100013587
-31.0,0.01,172,2026100672,2026120772,1,K1ABC FN42 33,-31,0,10.140200,0.07876297690529059,0.027166707265297643,0.1477045885745294,3.595087083189899,2.1879465391596873,6.931842177557313,1.6274302868865553e-13,-0.01349778748912303,0.06526518941616756,0.34489905599912163
-31.0,0.01,175,2026100675,2026120775,1,K1ABC FN42 33,-32,0,10.140200,0.11964898423930233,0.04050721795094214,0.2033686060456154,5.68021524015081,3.490882079077405,9.42544885562641,-6.149161041468787e-13,0.03485885517331637,0.06143219528810382,0.1708183420014393
-31.0,0.01,174,2026100674,2026120774,1,K1ABC FN42 33,-30,0,10.140200,0.07075809861171506,0.027587703430727965,0.13795237659263915,2.8335790153523064,1.463089258894051,5.572422489007151,9.241782686353339e-14,0.02809504811908838,0.048679905938797445,0.293062975999419
-31.0,0.01,173,2026100673,2026120773,1,K1ABC FN42 33,-30,0,10.140200,0.0551256677290977,0.02410954804697877,0.10481743523873426,1.901224706501077,1.0462483832273601,3.4072201391667485,6.163624298449744e-14,-0.03320574309146347,-0.04346107970180446,0.36990919599884364
-31.0,0.01,177,2026100677,2026120777,1,K1ABC FN42 33,-32,0,10.140200,0.07957993378529417,0.03027265849969474,0.14923998496601104,4.009378326025944,2.174173729025382,6.959730054382634,-4.1028210559859724e-13,0.028310492160677863,0.010109015261785273,0.17506529999991471
-31.0,0.01,178,2026100678,2026120778,1,K1ABC FN42 33,-30,0,10.140200,0.06256057263264368,0.027757923296554902,0.11973123993222713,4.063013880540033,2.055299363199041,6.472829451882489,4.867764177851619e-14,0.03380872008776805,0.0013238265233962267,0.30449123499965935
-31.0,0.01,180,2026100680,2026120780,1,K1ABC FN42 33,-31,0,10.140200,0.05427067084507138,0.0240377826856232,0.09423217106955797,1.9628486882251694,0.9194950735310162,3.612546933076147,-1.2807452581115042e-13,0.1281651752194016,0.1236125050159894,0.29698647199984407
-31.0,0.01,176,2026100676,2026120776,0,,,,,0.08232599334748181,0.03226247708670092,0.1477192482224195,5.023858110289193,2.4752960890602065,8.163028318775382,6.400212391316495e-13,-0.07076315004143098,-0.030644194259604154,0.5323214280015236
-31.0,0.01,179,2026100679,2026120779,1,K1ABC FN42 33,-31,0,10.140200,0.05851648416209508,0.022325998117312108,0.10921711318225492,2.54102447020581,0.9405776554895727,4.363479720242195,1.4491527552604189e-13,-0.06614328133690307,-0.046582877419633635,0.43639751599948795
-31.0,0.01,184,2026100684,2026120784,1,K1ABC FN42 33,-30,0,10.140200,0.10821655748175919,0.029744225996593175,0.16125446688564876,4.07139758279185,2.123007054270268,6.037121006205216,1.4933150202511847e-13,-0.1201837399976607,-0.04653105576252122,0.16506384300009813
-31.0,0.01,181,2026100681,2026120781,1,K1ABC FN42 33,-31,0,10.140200,0.10129029555783,0.038125614078535805,0.17117144057015193,5.853704056717455,2.9979507029533856,10.137007093360765,6.105142433265875e-14,0.025722515003636873,-0.013701828763810828,0.3384325329989224
-31.0,0.01,186,2026100686,2026120786,0,,,,,0.05584024405353642,0.02483161514839194,0.10858996810999656,2.0350132634779237,1.1685263955439231,3.9113407971172096,1.6374488570614076e-13,0.14951063393995367,0.13642295484300676,0.04749728600108938
-31.0,0.01,183,2026100683,2026120783,1,K1ABC FN42 33,-30,0,10.140200,0.1251764439043773,0.05309146052367176,0.20986256944437015,7.465565089083508,4.981585024260028,14.853140513993907,6.851854153500092e-14,-0.1335584183653785,-0.020595866802004766,0.34361030599939113
-31.0,0.01,182,2026100682,2026120782,0,,,,,0.08893883888178152,0.04372679171905817,0.17332867462312185,6.238168247622635,3.7286207849203667,11.842541865270295,3.614717574741688e-13,0.07840895500856429,0.0022248447187224463,0.41732038500049384
-31.0,0.01,187,2026100687,2026120787,1,K1ABC FN42 33,-31,0,10.140200,0.07147304525104523,0.032507184404644854,0.14157740668835156,4.319565984994484,2.386339847109235,8.41771278153493,-7.947680193002085e-13,-0.018203229470577554,-0.005426606418621798,0.2300768250006513
-31.0,0.01,185,2026100685,2026120785,1,K1ABC FN42 33,-32,0,10.140200,0.12211714923217856,0.049256942406675934,0.19528075178889187,7.012186874068628,4.035625235242351,13.494519971124257,-9.279762288455506e-13,-0.0541963401880309,-0.05287897966670514,0.3591657209999539
-31.0,0.01,188,2026100688,2026120788,1,K1ABC FN42 33,-30,0,10.140200,0.09364947425193795,0.03808298496861906,0.17700827081596,5.759233464625058,3.385887821000742,9.762006018266955,5.843932109061978e-13,0.11114719482479897,0.08450025996365881,0.23803997399954824
-31.0,0.01,189,2026100689,2026120789,1,K1ABC FN42 33,-31,0,10.140200,0.04457589036827637,0.017640122442862637,0.08066375015696528,2.3836008987401236,1.3458635393768752,4.531218224188697,8.30232150389465e-14,-0.03957564059315599,-0.03677248628971545,0.22989278699969873
-31.0,0.01,191,2026100691,2026120791,1,K1ABC FN42 33,-30,0,10.140200,0.1056502833536811,0.03280647011582236,0.17361385388999345,4.658498768372714,2.2259570423441373,7.948517202497478,2.5588732521786284e-13,-0.03526618736941329,0.0703840959842678,0.15990050599975802
-31.0,0.01,190,2026100690,2026120790,1,K1ABC FN42 33,-30,0,10.140200,0.06177022844346271,0.027098616747642093,0.11566083593023116,3.9856784510807155,2.050254852095349,6.79963263318006,-2.763230182861731e-13,0.05275923091455859,0.04429082020057366,0.24454899999909685
-31.0,0.01,192,2026100692,2026120792,1,K1ABC FN42 33,-30,0,10.140200,0.07198889808452472,0.032530993790948634,0.14078859058175575,3.6183261320269042,1.9818367643165258,6.577813590343711,1.6901193986007534e-13,-0.026401589991848183,-0.0983904880763729,0.139529551999658
-31.0,0.01,195,2026100695,2026120795,1,K1ABC FN42 33,-31,0,10.140200,0.0534825567019053,0.019170188270135943,0.10426692087905105,1.412068410740204,0.6919449222326768,2.6848912486017835,1.1141998781938334e-13,-0.00910893776070342,-0.03291804543594963,0.26463286299986066
-31.0,0.01,196,2026100696,2026120796,1,K1ABC FN42 33,-31,0,10.140200,0.09506323447715714,0.0349462711024853,0.16792341666345117,5.0304210783367616,2.09069632302185,6.989500963245132,1.587494241964138e-13,0.15751123241821866,0.11973661718696992,0.2728301669994835
-31.0,0.01,194,2026100694,2026120794,1,K1ABC FN42 33,-31,0,10.140200,0.07126657088527942,0.03579254025324104,0.1333050176803231,5.828119952675832,3.322751484162058,10.720163426327439,6.696311257228804e-13,-0.07987551439303624,-0.08435919740283107,0.3134802040003706
-31.0,0.01,193,2026100693,2026120793,1,K1ABC FN42 33,-30,0,10.140200,0.05341330326625354,0.024320308804609322,0.10421907764531071,3.696027113850356,1.7433235948398873,5.37249429056439,-8.22150507395758e-15,-0.05090015395154306,-0.05176194423626264,0.3917373240001325
-31.0,0.01,199,2026100699,2026120799,0,,,,,0.08294232278992467,0.03619421143040612,0.1388718118901579,4.720550823037873,2.659065085475401,9.204845278028749,4.2588285328881703e-13,0.09434889498123494,0.1341210417877093,0.0536023179993208
-31.0,0.01,198,2026100698,2026120798,1,K1ABC FN42 33,-30,0,10.140200,0.08238653872751953,0.030015904736223405,0.1504547191712513,2.5264869126609284,1.4044110197080688,4.945959727316343,1.8461728185700105e-13,0.018782333250402263,-0.038591020341623,0.3008731890004128
-31.0,0.02,1,2026200501,2026120601,1,K1ABC FN42 33,-32,0,10.140200,0.13000722338906986,0.060578053813754806,0.2548669834340361,7.831722911360931,4.119043177839243,14.310057686793954,4.4496849781194836e-13,0.013797783700989804,-0.031206905581002545,0.24532978200113575
-31.0,0.01,197,2026100697,2026120797,0,,,,,0.06640658377491758,0.021834676799180733,0.12012543013496627,2.3439600024296223,1.2920265630293206,4.514230875452487,-1.520732324788998e-13,0.011750874421163118,0.040901117918296696,0.5669954589993722
-31.0,0.02,0,2026200500,2026120600,0,,,,,0.1347578904101907,0.040250637519680714,0.24634766508698921,3.5078717564297404,2.096462069628749,6.800614013654354,-5.768176734866071e-13,-0.20520020521394566,-0.25019123988832903,0.544223212000361
-31.0,0.02,4,2026200504,2026120604,1,K1ABC FN42 33,-31,0,10.140200,0.15650371290207343,0.0784075257060911,0.2946458363326149,12.328226438175783,7.964819058262847,23.391056131955473,2.4689660038657024e-12,0.07335098353305075,0.08567276991312864,0.2570346320007957
-31.0,0.02,2,2026200502,2026120602,0,,,,,0.12058213030675574,0.06346493855734428,0.23669516331514187,7.515357067970315,4.117055706876146,14.309799364107427,-2.350359490366216e-13,-0.032060353797593484,-0.05863427448965645,0.5159079290006048
-31.0,0.02,3,2026200503,2026120603,0,,,,,0.25698835690326405,0.12407415393469423,0.45469770030316037,19.32748173107644,12.265960537864647,37.31553116240977,-9.479370413623123e-13,-0.09713109459005159,-0.013440601902254707,0.5336714490003942
-31.0,0.02,5,2026200505,2026120605,1,K1ABC FN42 33,-31,0,10.140200,0.18395012586105147,0.0953102631002394,0.3591249178525808,15.56418595915748,9.321874830908744,28.10500740680535,2.5075887275915337e-12,-0.07961932914088812,-0.05357368448500922,0.35890185099924565
-31.0,0.02,8,2026200508,2026120608,0,,,,,0.12831479118499725,0.06522973650665563,0.2474990270366897,8.685215025356145,4.900118623908717,16.415669460460386,1.0224373431233502e-13,-0.0030808458500000743,-0.11357359630088656,0.17688111200004641
-31.0,0.02,9,2026200509,2026120609,1,K1ABC FN42 33,-31,0,10.140200,0.15641650694298131,0.05781309921194553,0.2754776432871665,7.042740126262642,3.685602929951627,12.65311595847808,-3.389189970337547e-13,-0.09809298993754671,-0.028034344672645123,0.25670975699904375
-31.0,0.02,7,2026200507,2026120607,1,K1ABC FN42 33,-31,0,10.140200,0.18936865088378887,0.0667880703242655,0.2863251063579476,10.520245674723066,6.033404005131731,19.45674461512929,-3.5857428137830993e-13,0.11495384452948851,0.06606273298808799,0.3918624319994706
-31.0,0.02,10,2026200510,2026120610,1,K1ABC FN42 33,-31,0,10.140200,0.17690839022976007,0.08327444265711922,0.3235634926509943,11.90623160871778,6.026953879900352,20.469881352868246,1.3859985208142245e-12,0.2163897472760064,0.09570764622507473,0.25235247800083016
-31.0,0.02,6,2026200506,2026120606,0,,,,,0.20865061932597206,0.0853538711883674,0.3310359601592772,14.397041483487167,8.1626798533517,24.377212941285176,-1.1068366275596153e-12,-0.38050148189545674,-0.27337688549024675,0.5464104840011714
-31.0,0.02,11,2026200511,2026120611,1,K1ABC FN42 33,-31,0,10.140200,0.1594969732836884,0.06132333916675433,0.2884523026079283,7.311967863385915,4.175020425091923,14.238760967289535,2.472710621329033e-13,0.1683913167217893,0.008894343438100905,0.25101647000155936
-31.0,0.02,12,2026200512,2026120612,1,K1ABC FN42 33,-30,0,10.140200,0.17071382987215372,0.07574976870894606,0.3244802736248831,10.845909884997214,5.626986412580124,17.84638144028816,-9.528038080741652e-13,-0.09444310013062016,-0.06915062837714961,0.3765689689989813
-31.0,0.02,15,2026200515,2026120615,1,K1ABC FN42 33,-30,0,10.140200,0.1568259874755787,0.06064725956059498,0.2688406948166292,5.321879490132775,3.045320557215015,10.210164448578343,9.169910924339275e-15,-0.21394195035518265,-0.15445416892610508,0.24940810999942187
-31.0,0.02,13,2026200513,2026120613,0,,,,,0.11327577553430784,0.048560217607587004,0.22076036791771392,5.3161711792045026,2.4834130941465493,9.67372874481789,2.632813671937795e-13,0.039644130658104605,0.07092421653126811,0.5285157020007318
-31.0,0.02,14,2026200514,2026120614,0,,,,,0.192242285248375,0.07605296300977707,0.36472310265863817,9.463193273691031,5.277302580965681,16.81893650752022,3.7629881849410296e-13,0.0977817138515937,0.04275716633206888,0.5442506269992009
-31.0,0.02,16,2026200516,2026120616,0,,,,,0.14896899241350983,0.05446570401119901,0.26398344925189465,6.321944908679291,3.159314655850809,10.090054095967558,1.6056600493641326e-14,-0.02825458168491504,-0.14326903852329986,0.44662799800062203
-31.0,0.02,18,2026200518,2026120618,1,K1ABC FN42 33,-31,0,10.140200,0.17599254972021183,0.059856895224451714,0.2792811376313805,7.108223765580246,4.969966661612688,14.073902339783565,3.8548331193766217e-13,-0.10473635973329753,-0.01906839984680011,0.23790345800080104
-31.0,0.02,17,2026200517,2026120617,1,K1ABC FN42 33,-31,0,10.140200,0.1063899739930756,0.04717226865558075,0.19405555498462898,7.5347910970829615,3.8357913285411045,13.087194216082192,-1.4777432749690789e-12,0.02046135052956076,-0.06720423046199261,0.36050184099985927
-31.0,0.02,21,2026200521,2026120621,1,K1ABC FN42 33,-30,0,10.140200,0.18826696988601083,0.07325554721597895,0.3367068868275876,11.692286264797202,6.022811618182274,19.725562237374355,9.512356180518822e-15,-0.04667927918341994,-0.02353004047516005,0.18996543699904578
-31.0,0.02,19,2026200519,2026120619,1,K1ABC FN42 33,-31,0,10.140200,0.19834101705074225,0.08326690553147564,0.37069510560659785,12.621905333682006,7.386863522936357,23.756639323722133,-1.16188883601126e-12,0.09353172865138576,0.013580366994982359,0.41648170000007667
-31.0,0.02,22,2026200522,2026120622,1,K1ABC FN42 33,-30,0,10.140200,0.1592303292297893,0.06518078177836777,0.2671719243728327,10.080444678578697,6.099520206483805,18.870752931583084,-3.879751337906856e-13,0.22214010905017015,0.15733673205361656,0.26073607099897345
-31.0,0.02,24,2026200524,2026120624,1,K1ABC FN42 33,-31,0,10.140200,0.11435621654918113,0.04405503834444072,0.21785291300716528,4.944570883700872,2.496533075244261,8.150542059553466,-2.358079009834313e-13,0.21037583195498868,0.09623484263216871,0.15809423900100228
-31.0,0.02,20,2026200520,2026120620,0,,,,,0.13900987961487882,0.04775677106675996,0.23094689898923834,5.548030584502632,2.377818399408468,8.459608735891244,3.6757814673993305e-13,-0.07136872160096062,-0.07503132876836204,0.5145322799999121
-31.0,0.02,25,2026200525,2026120625,1,K1ABC FN42 33,-30,0,10.140200,0.1303045798973122,0.043238369656499034,0.21662414730263335,5.370545521589178,3.081592231722727,10.274354479474876,4.72331375400703e-13,0.11247208418833503,0.16627167995431932,0.2594314559992199
-31.0,0.02,23,2026200523,2026120623,1,K1ABC FN42 33,-31,0,10.140200,0.1375602543687362,0.06400159302394665,0.2652270848177201,8.925046199144933,6.232068365610247,17.679412755407768,-8.740369539239623e-13,-0.020417855790873955,-0.10141286555058839,0.3633400870003243
-31.0,0.02,27,2026200527,2026120627,1,K1ABC FN42 33,-31,0,10.140200,0.12150825315565808,0.04398954413310297,0.21886272047935915,4.86761844526669,2.3736490992557067,8.3665561318622,8.051892486093948e-14,-0.005527555340616082,0.055628978140930804,0.2500659080014884
-31.0,0.02,29,2026200529,2026120629,1,K1ABC FN42 33,-31,0,10.140200,0.11444313805577647,0.04095818658438313,0.19884181373990384,4.829045922217872,2.602579693968215,9.154708713540174,-6.542040265631113e-13,0.0846951809765534,-0.012934122782381579,0.24282705900077417
-31.0,0.02,26,2026200526,2026120626,0,,,,,0.17377074535127335,0.06837017884940794,0.3312030758173332,10.875212047123926,6.412615265340873,19.516116933910524,2.3747930705253495e-13,-0.15669378745380821,-0.11166522602082123,0.548647860001438
-31.0,0.02,31,2026200531,2026120631,1,K1ABC FN42 33,-30,0,10.140200,0.10834046886149,0.04704675037517396,0.210945983771553,5.271039084462745,2.1622846783123517,9.002847513294025,3.0785595427074153e-13,-0.16908749218722346,-0.12858134235997135,0.25289088600038667
-31.0,0.02,28,2026200528,2026120628,0,,,,,0.2016444165354429,0.08978892517415321,0.38172193988818615,12.078383162203789,8.106032382800693,23.547126948809463,7.986489074240932e-13,-0.023106610672629483,0.17853780586281343,0.5241206880000391
-31.0,0.02,30,2026200530,2026120630,1,K1ABC FN42 33,-31,0,10.140200,0.14683836942206266,0.06373348151511403,0.2611136297622205,7.6855797969572475,4.1830293501068185,13.407120736438065,-1.520450432224152e-13,-0.13350043784371593,0.0033714461737338985,0.3347068980001495
-31.0,0.02,34,2026200534,2026120634,1,K1ABC FN42 33,-31,0,10.140200,0.21594828384667153,0.08686026719478988,0.3709362502652696,11.004374843513308,7.100559934813736,20.61405073142016,-7.825398315453036e-13,0.16962691252777498,0.35197970482134394,0.2503149410003971
-31.0,0.02,32,2026200532,2026120632,0,,,,,0.11499438098841461,0.05464024155465562,0.22409405347638128,7.909280895214698,3.7181876250959545,13.471828110188236,1.46749366131127e-13,0.018878027965802173,-0.04382643116950193,0.44523542400020233
-31.0,0.02,33,2026200533,2026120633,0,,,,,0.16436149957231497,0.08370598982703126,0.2945779286551241,13.417108125840512,7.948113446147057,25.781257908426305,-3.048514132103497e-13,0.13083140353972447,0.07805181130998075,0.4231151910007611
-31.0,0.02,36,2026200536,2026120636,1,K1ABC FN42 33,-30,0,10.140200,0.12110527478681576,0.04529894758094081,0.19493779569271727,5.324408865159786,2.579452257993152,9.21763749806568,5.4423696452254866e-14,-0.04626097838093118,0.028412394128786083,0.26422270399962144
-31.0,0.02,35,2026200535,2026120635,0,,,,,0.11132516956445393,0.038385280598115745,0.19449591829256876,2.2772241964727544,1.2526416151909288,4.455254080647567,-1.8551783373399466e-13,0.12698325519463954,0.21015400392275438,0.5390103610006918
-31.0,0.02,39,2026200539,2026120639,1,K1ABC FN42 33,-30,0,10.140200,0.0959284116510527,0.04301015419269655,0.1834028707829891,5.438841507471798,2.8605505996732985,10.448973532555634,7.482088408040932e-13,0.0807559923928851,0.0429756072774305,0.2647502159998112
-31.0,0.02,38,2026200538,2026120638,1,K1ABC FN42 33,-30,0,10.140200,0.1490165743109356,0.06248643657484843,0.26455373620969364,8.508502241439459,4.67157561917914,15.053736230913744,-5.800481622797449e-15,-0.08197263575160592,-0.13896052662290395,0.3744055050010502
-31.0,0.02,40,2026200540,2026120640,1,K1ABC FN42 33,-30,0,10.140200,0.12595469260972658,0.0561282108468366,0.24116387203523348,7.034155233541532,3.363198840016318,11.628076489672099,8.861249407854377e-14,0.25415673988227816,0.24287388461716006,0.2790681179994863
-31.0,0.02,37,2026200537,2026120637,0,,,,,0.25289017841966793,0.0991068219315247,0.4238943903841333,16.46592063013673,8.831043272951115,27.385477781002507,-1.7893013459779894e-12,-0.06441424789145293,-0.14076567875093504,0.5232953889990313
-31.0,0.02,43,2026200543,2026120643,1,K1ABC FN42 33,-30,0,10.140200,0.22640693678752574,0.10826247896378614,0.3891815545494639,16.51177257185801,11.18126725323849,31.682199116807524,3.898359933474094e-12,-0.042881770079097874,0.17742544801642857,0.2545448780001607
-31.0,0.02,44,2026200544,2026120644,1,K1ABC FN42 33,-30,0,10.140200,0.1932470194796009,0.08152996710357055,0.3409685018070886,11.583799198922803,6.890917610730205,22.247445094467196,-2.016633388057798e-12,0.07192476391165638,0.13165755470411458,0.25028522799948405
-31.0,0.02,45,2026200545,2026120645,1,K1ABC FN42 33,-30,0,10.140200,0.1366866623974055,0.04258600585773931,0.22694833571040754,4.688794335083158,2.2954188701441054,8.714477182521097,5.70611266570431e-14,0.07033797168490118,0.040029171906395364,0.07408598600159166
-31.0,0.02,42,2026200542,2026120642,0,,,,,0.226910951649964,0.09258915606435031,0.38054682423474545,14.800815747127237,7.512505553204389,22.824654624356445,-3.3686031394863925e-13,-0.35654713860819587,-0.2582005740182717,0.44413103599981696
-31.0,0.02,41,2026200541,2026120641,0,,,,,0.1857063640754417,0.08708380675320326,0.3357542329500328,14.27546461189785,8.430367780007895,25.145759105517516,2.047723319034689e-12,0.054450875661814446,-0.0932045657953178,0.531874312000582
-31.0,0.02,47,2026200547,2026120647,1,K1ABC FN42 33,-30,0,10.140200,0.07004917173194189,0.033312553124093654,0.1353342948233091,4.322218191653033,1.9802898669242255,7.890545820201869,4.554232696258459e-13,-0.10816156882828648,-0.17172259121110303,0.2508067189992289
-31.0,0.02,49,2026200549,2026120649,1,K1ABC FN42 33,-31,0,10.140200,0.16233611606295167,0.0774809242867535,0.30809059841526953,12.813965650355874,6.642052186831987,22.087926680438486,-1.3592009462382038e-12,-0.0058030691030088195,0.03923622774126091,0.2504747620005219
-31.0,0.02,46,2026200546,2026120646,0,,,,,0.14049640180698386,0.06881913576897254,0.2754088797492167,8.630208113381416,5.438862269517581,17.224153613554712,-2.575817163730232e-13,-0.2697736069384912,-0.3074463903811268,0.5231636480002635
-31.0,0.02,48,2026200548,2026120648,0,,,,,0.1676690032054758,0.05030938662564949,0.27757158183554154,5.766012508283227,3.1947884858027544,10.153279207625769,-7.881737797144073e-14,-0.20529121870817618,-0.12887872264999456,0.5284653910002817
-31.0,0.02,50,2026200550,2026120650,1,K1ABC FN42 33,-32,0,10.140200,0.1520958428157408,0.04777752269217445,0.24975841076997002,6.237594231812739,3.3893033719085994,11.64831909878909,-2.821885520393197e-14,0.14461657329298883,0.029788096051514296,0.3790757160004432
-31.0,0.02,54,2026200554,2026120654,0,,,,,0.11314305907041744,0.037618742806342136,0.21056177846518953,3.941616947094331,2.0850334385760885,7.2906918612776614,4.0753094258591527e-13,0.12686777392138043,0.06586332310987111,0.0632163619993662
-31.0,0.02,53,2026200553,2026120653,1,K1ABC FN42 33,-30,0,10.140200,0.2244952041768402,0.09648195834099507,0.4015742053517482,14.331199589348705,8.745003718863252,28.15876014819792,-3.2193258475698983e-13,-0.035122744867067526,-0.03519569185804762,0.3041332060001878
-31.0,0.02,51,2026200551,2026120651,0,,,,,0.18926622596997783,0.08280365968638317,0.36892899804132706,11.94364930408967,6.578245244507239,21.109018796129448,4.4664359016843846e-14,0.22051737917499029,0.12383980219730137,0.5498809010005061
-31.0,0.02,56,2026200556,2026120656,1,K1ABC FN42 33,-31,0,10.140200,0.1830798202033531,0.06785914422327555,0.34812104893478757,9.397140955051016,5.543741032328218,17.48263152272608,-1.0411940407073494e-12,-0.03426780009918411,0.00309421800148248,0.13454718499997398
-31.0,0.02,52,2026200552,2026120652,0,,,,,0.20108811069170424,0.058364267442834634,0.33108033986465935,8.038400989534408,3.9076598266524223,13.106257954509296,4.725534200056281e-13,-0.26607588744446153,-0.24462592947001863,0.5632051089996821
-31.0,0.02,57,2026200557,2026120657,1,K1ABC FN42 33,-31,0,10.140200,0.11098373091164866,0.04598012564502683,0.21152257644126832,6.282333352435348,2.9579822397586537,10.808548377385122,9.38793964441742e-13,0.1578610734254583,0.11788679172623118,0.27138008899964916
-31.0,0.02,55,2026200555,2026120655,0,,,,,0.1548802598521452,0.06598519443777066,0.2940301902885807,9.804600191765125,6.238788103855479,18.6016711194359,1.3770985220207255e-12,0.24292144617225447,0.08804118632010928,0.5384583150007529
-31.0,0.02,58,2026200558,2026120658,1,K1ABC FN42 33,-32,0,10.140200,0.16650226666371254,0.06683502783537533,0.33248382041307206,8.80281055568151,5.462761470443585,16.683890996687758,5.180882307366519e-13,-0.19098779481725545,-0.22722809951322884,0.2389102510005614
-31.0,0.02,60,2026200560,2026120660,1,K1ABC FN42 33,-31,0,10.140200,0.20800399371333655,0.07344040205031242,0.3711352756065409,9.854983982945907,5.5339588274896006,17.2103252010244,3.309635551729251e-13,-0.18782839925257738,-0.14289788609985873,0.24756472499939264
-31.0,0.02,59,2026200559,2026120659,0,,,,,0.22840245770980708,0.09655186255034552,0.3922907083945447,15.05224627715727,9.39875232823712,27.594627529457952,-1.0456913113188193e-13,0.08995530525527867,0.058272057269756615,0.5317738939993433
-31.0,0.02,61,2026200561,2026120661,1,K1ABC FN42 33,-31,0,10.140200,0.15632315674473332,0.061990268850830074,0.28595240903997265,8.20339442505452,3.8611972880336487,13.248310465996727,-1.163374951929086e-13,0.11168563911155893,0.16586047022998687,0.35708142399926146
-31.0,0.02,62,2026200562,2026120662,0,,,,,0.24395064844763745,0.10606949078424645,0.42040883945395413,16.96643079612476,10.806936628137343,30.038451542590142,2.66914702146126e-12,-0.181181071719457,-0.055360247981850096,0.5151025069990283
-31.0,0.02,63,2026200563,2026120663,1,K1ABC FN42 33,-31,0,10.140200,0.14065878750211228,0.0576640512422792,0.250544685568026,8.467087432469599,5.312881141452859,16.393252729945814,-2.958963369464884e-13,-0.13892973294639813,-0.0810610283235588,0.3547690289997263
-31.0,0.02,66,2026200566,2026120666,1,K1ABC FN42 33,-31,0,10.140200,0.12926204412222697,0.05118086176666889,0.21455378761175659,5.765080730365749,3.2042172939710833,11.309507581600954,-8.245124418285177e-14,-0.07794513915286805,-0.05099864871798551,0.2598334590002196
-31.0,0.02,64,2026200564,2026120664,0,,,,,0.25141523927998244,0.10248741226857873,0.42460897766704164,13.055759241581303,6.916632745320772,22.64206162176026,-1.7421199031975032e-13,-0.05869311252039688,-0.24599921469185293,0.5348847010009194
-31.0,0.02,65,2026200565,2026120665,0,,,,,0.16791022520266402,0.06783041323930587,0.2787644895280845,10.200324752085507,6.703530225001095,19.332922976374718,-9.10777963464282e-13,-0.1230179013113022,0.012901029191988952,0.5278266699988308
-31.0,0.02,67,2026200567,2026120667,1,K1ABC FN42 33,-31,0,10.140200,0.22122116921449092,0.07107730812498382,0.3544825744084054,10.477706666277655,5.37995874159331,17.542966500945532,-7.685579603289305e-13,-0.25706358233322946,-0.2375968173217826,0.34598306299994874
-31.0,0.02,68,2026200568,2026120668,0,,,,,0.09747277892463951,0.03804198999753027,0.18643512060604261,3.618904102458366,1.6384301280836677,6.414204747867036,2.79044474159329e-13,-0.08057488802426588,-0.15746300643788558,0.5331349989992304
-31.0,0.02,70,2026200570,2026120670,0,,,,,0.2803096119360513,0.12622654023512078,0.48621906456998226,20.742473202441403,12.734001617319667,37.36286980329802,-2.5000661263430146e-13,0.0739359856762799,0.04402173572566848,0.5276213200013444
-31.0,0.02,69,2026200569,2026120669,0,,,,,0.22620597697827527,0.09891095407546492,0.38202494569759865,15.047511168375468,7.469758006696694,25.253956415784877,-1.0019970964059155e-12,0.19488329577246336,0.1282569219202601,0.5598758260002796
-31.0,0.02,71,2026200571,2026120671,0,,,,,0.19301250864824832,0.06700539129608248,0.3221970610311785,8.331735390437379,4.002219517591377,14.465762601366727,2.1253571819146444e-13,-0.0451463704255401,-0.10563755218416002,0.522172357999807
-31.0,0.02,73,2026200573,2026120673,0,,,,,0.18803082897348078,0.06624048131001298,0.2806968569086692,9.710672430718942,5.611167050777332,18.24389756069054,-1.1761305904883779e-12,-0.07294906044158835,-0.0888727738476367,0.06178129500040086
-31.0,0.02,74,2026200574,2026120674,1,K1ABC FN42 33,-31,0,10.140200,0.12845452025049492,0.050383892274751874,0.2168176970375778,6.5017534498011536,4.009142462377684,12.658951612820534,5.2916004911196524e-14,-0.2139996134946645,-0.1969414326169481,0.2858645989999786
-31.0,0.02,76,2026200576,2026120676,1,K1ABC FN42 33,-32,0,10.140200,0.1409516207935097,0.07187015036156616,0.28056193373443916,12.187032687330692,6.8946173761520795,20.934592402903963,-1.427989670954588e-12,0.011434617534754755,0.013531008358095719,0.28287732299941126
-31.0,0.02,75,2026200575,2026120675,1,K1ABC FN42 33,-30,0,10.140200,0.15980911917774,0.056125671838056945,0.24811046554053273,5.445537232767099,2.413186222473351,10.019085627113542,-2.2874280594664675e-13,-0.04081259762288143,0.0007834514887416411,0.37058246299966413
-31.0,0.02,72,2026200572,2026120672,0,,,,,0.2832728975870127,0.12109901130551584,0.5003653360931033,19.162415800047537,12.775409431604889,36.02647141988537,-4.770073225301985e-13,0.24248195885011523,-0.04079093873689745,0.5497516710001946
-31.0,0.02,78,2026200578,2026120678,1,K1ABC FN42 33,-30,0,10.140200,0.2109476653821511,0.05264616736924567,0.3318464059502064,6.2419463114203895,3.4950879224622,12.070828302692107,8.337089699161915e-13,-0.1261431531166314,0.08480451226551967,0.2582796269998653
-31.0,0.02,77,2026200577,2026120677,1,K1ABC FN42 33,-30,0,10.140200,0.11916465371835777,0.054299713296836104,0.22520548143106364,5.3987183663084695,2.787850332676718,10.711024145958596,1.003456432530081e-12,-0.14719943461995433,-0.17247154493044003,0.38521311600015906
-31.0,0.02,79,2026200579,2026120679,1,K1ABC FN42 33,-31,0,10.140200,0.12753070866002672,0.04258229693689053,0.2263822727667351,4.012698686478522,1.7002675808349508,6.7691184714244965,1.9327551711856295e-13,0.06138836433404595,0.1247114719221197,0.34191549500064866
-31.0,0.02,80,2026200580,2026120680,1,K1ABC FN42 33,-30,0,10.140200,0.16863490428767483,0.06837608017527406,0.3226357460680018,10.194444493965555,5.539618949789337,16.372022133725732,-1.312279278298245e-13,0.1838184089929156,0.07711158375325293,0.2622617380002339
-31.0,0.02,81,2026200581,2026120681,1,K1ABC FN42 33,-31,0,10.140200,0.11714139511079873,0.04594874938298725,0.21245976115742304,7.122466050883317,3.4543870487740516,11.696504256036144,-6.189666834632845e-14,-0.16629850252735442,-0.21382478559068233,0.1997677110011864
-31.0,0.02,84,2026200584,2026120684,1,K1ABC FN42 33,-30,0,10.140200,0.12206747933021608,0.04995409097584017,0.23864816992288285,5.052825366175351,2.4245844315645346,9.390019252152456,6.06814945514067e-13,0.15011791852464804,0.1646398339715653,0.3169629019994318
-31.0,0.02,82,2026200582,2026120682,1,K1ABC FN42 33,-31,0,10.140200,0.1566886048344161,0.052391403151570086,0.28320448690817623,7.284403332774925,3.301764499968555,11.900328236724004,-5.891012504199988e-15,0.17194038826892039,0.17174441427106585,0.3637227619983605
-31.0,0.02,85,2026200585,2026120685,1,K1ABC FN42 33,-30,0,10.140200,0.1481359496488209,0.06961413089512583,0.2822816544807125,10.029885240324779,5.922640260541028,20.004235948927473,3.436183629301759e-14,0.15416460532979515,0.11747340109889205,0.2930847930001619
-31.0,0.02,83,2026200583,2026120683,0,,,,,0.21496622973214918,0.06722311809854382,0.3685533533915434,7.921090398872052,4.381413108815273,14.227040023032904,-2.096153112196575e-14,0.32502317928176805,0.3421195284190661,0.5612949679998565
-31.0,0.02,86,2026200586,2026120686,1,K1ABC FN42 33,-31,0,10.140200,0.11990167260906491,0.0508275110083983,0.21631748864377143,6.70010116175294,3.2569321991684212,10.797959344295752,6.606185867438774e-13,0.11411342921719034,0.03618442886597763,0.38819238699943526
-31.0,0.02,87,2026200587,2026120687,0,,,,,0.24614277954599678,0.10219347316109684,0.43970164382712235,16.08755275608089,8.727551612105328,28.110810488307294,-5.287437154777308e-14,-0.0515847902387538,-0.04538954456286985,0.46519937999983085
-31.0,0.02,88,2026200588,2026120688,0,,,,,0.15008888767502612,0.05716953031083126,0.27371104218372416,6.551860947882471,3.5392603598212715,12.902393973883665,1.676518624448009e-13,-0.14717994873608795,-0.10869023789048832,0.5477512030010985
-31.0,0.02,89,2026200589,2026120689,1,K1ABC FN42 33,-31,0,10.140200,0.26478779466517244,0.08305536084591152,0.43975922058968253,11.686176094018315,6.026567074590579,20.03779093317554,5.607320163747431e-13,0.18122555322813413,-0.04942559306081977,0.37784838099832996
-31.0,0.02,91,2026200591,2026120691,1,K1ABC FN42 33,-31,0,10.140200,0.1077024877987956,0.04407334641751829,0.2037715790646081,4.084601562266284,2.1471676174033494,8.011941706700014,-6.977925182116707e-16,0.05937221578160654,-0.024844890815220358,0.28438449100030994
-31.0,0.02,92,2026200592,2026120692,1,K1ABC FN42 33,-31,0,10.140200,0.13658210015069203,0.06605299710066598,0.2685887249853114,7.77622802113583,4.471345290618229,14.022802043266708,8.769133422875663e-13,0.030650693059119872,0.05622773658417191,0.20746416399924783
-31.0,0.02,90,2026200590,2026120690,0,,,,,0.1541043184346288,0.06560642648594421,0.30705494096748076,11.205510251717808,5.639278435762025,18.217242868011468,1.9701514725189995e-13,0.17100107710578402,0.09325499564957938,0.44245984200097155
-31.0,0.02,93,2026200593,2026120693,1,K1ABC FN42 33,-31,0,10.140200,0.08502468968180513,0.03692304238666265,0.1696617579191025,4.54910907870707,2.162779367741214,8.071311431221204,-3.7276621676560207e-13,-0.06812592529186598,-0.011672733610273914,0.2547458640001423
-31.0,0.02,94,2026200594,2026120694,0,,,,,0.1309948768563109,0.06123002304615356,0.25057263402430263,8.047262289579054,4.259669913729239,15.099070111491436,-4.640686164340824e-13,0.0992243545926963,0.12332598162176599,0.566691878999336
-31.0,0.02,97,2026200597,2026120697,0,,,,,0.15677634979572913,0.07668661486276751,0.3035367949912207,11.465071581926058,7.6212758409141435,22.373589148920438,-5.217441062521644e-14,-0.004918947274849432,0.05862230031010548,0.4637974839988601
-31.0,0.02,95,2026200595,2026120695,0,,,,,0.1820819043352097,0.07236110168929259,0.3355518081410447,9.656177601284458,4.746131077172772,16.452685405167205,3.753768129666213e-14,0.1231055645271525,0.1662230386663132,0.5403229450002982
-31.0,0.02,96,2026200596,2026120696,0,,,,,0.136094222969885,0.04871832096990151,0.24301779861048456,5.210445634248648,2.6438776148953034,10.283564115812444,1.1490201151653778e-13,-0.20487353633635266,-0.24151710710706484,0.5623264490004658
-31.0,0.02,98,2026200598,2026120698,1,K1ABC FN42 33,-31,0,10.140200,0.17957703094665295,0.06572903628858906,0.32166025592898784,9.082882470972072,5.891365173952887,16.95980707534217,1.4978842818869076e-12,0.2175014326437969,0.1127668268493843,0.23896759699891845
-31.0,0.02,99,2026200599,2026120699,1,K1ABC FN42 33,-31,0,10.140200,0.15109887006365053,0.06620796825169724,0.2928392862915452,10.51967268322829,5.823178718175534,18.815218459753062,5.35757202491105e-13,-0.11742470501086477,-0.07454103589121866,0.2750514960007422
-31.0,0.02,100,2026200600,2026120700,1,K1ABC FN42 33,-31,0,10.140200,0.11491541952069975,0.04706273824942376,0.21636104473377582,5.782933290749824,3.1384562169332346,10.303890296699642,-2.017760958317183e-13,-0.16921217818759798,-0.14071503140458141,0.2853771570007666
-31.0,0.02,102,2026200602,2026120702,1,K1ABC FN42 33,-32,0,10.140200,0.1576330399031046,0.06965096047794694,0.30740634236460057,8.356111227172539,5.171094143920198,16.664055969716287,7.253095693493528e-13,0.09021854621252845,0.09434647803651766,0.2712468400004582
-31.0,0.02,101,2026200601,2026120701,0,,,,,0.19583433601812836,0.07098060260433495,0.30827540097136585,10.189601157273598,4.940848854278955,16.610102883506826,-1.0535357308771864e-12,-0.3174976280138401,-0.1327192672117034,0.49976710499868204
-31.0,0.02,105,2026200605,2026120705,1,K1ABC FN42 33,-31,0,10.140200,0.18633010064839908,0.10340292575820952,0.35538382559177784,16.149624038137528,10.740507710936228,31.404009024236103,-1.2827924486535913e-12,-0.12164754074790052,-0.07911373549457461,0.27271588599978713
-31.0,0.02,104,2026200604,2026120704,0,,,,,0.1289942822821286,0.05185528611232261,0.24045506206996922,7.726462482444082,4.15867158982349,12.724351919527646,7.730725781751602e-13,-0.06603360317097248,-0.13836131091388462,0.5173926719999145
-31.0,0.02,103,2026200603,2026120703,0,,,,,0.10465329892415189,0.051588632293806114,0.18291282526559743,7.079916398032074,3.7502071865186277,12.668897673532882,-2.4461845309770025e-13,0.08900845850704116,0.13661980312520708,0.539371814000333
-31.0,0.02,109,2026200609,2026120709,1,K1ABC FN42 33,-30,0,10.140200,0.16702247416301036,0.0730395889127986,0.33089073698009736,12.015193235064475,6.1452781562369,19.496952958924055,-4.902892328240149e-14,-0.06873158065503983,0.04090695142634558,0.08616309800163435
-31.0,0.02,110,2026200610,2026120710,1,K1ABC FN42 33,-31,0,10.140200,0.09890401262237603,0.04483696640554052,0.1965943091422428,6.149010462767622,3.187725824141413,11.188381148827347,3.6958934176989366e-14,-0.0680093037933026,-0.10747775575511646,0.10957500600125059
-31.0,0.02,106,2026200606,2026120706,0,,,,,0.2521615907524502,0.0831132801515876,0.4066441594918964,11.490873424944168,6.686784467468353,20.259466740345626,9.525453342762447e-13,0.2898109981651071,0.038841916226882156,0.5339507879998564
-31.0,0.02,108,2026200608,2026120708,1,K1ABC FN42 33,-31,0,10.140200,0.10860816700849896,0.04458198052431023,0.21246544582896182,5.201336152219497,3.2907126665478534,9.658357010369675,8.498719306429536e-14,0.14992287317303643,0.08309956810519652,0.4036532709997118
-31.0,0.02,107,2026200607,2026120707,0,,,,,0.21352611200506397,0.07373611844807489,0.4005349324798031,10.19677209025526,6.677017492393394,20.195200214238156,-4.391305027939829e-13,0.2805256732058135,0.06699956120074954,0.5387708389989712
-31.0,0.02,113,2026200613,2026120713,1,K1ABC FN42 33,-31,0,10.140200,0.18607864906067392,0.0964921462234748,0.3562776494285322,15.380706089689504,9.935398840888197,29.703813849371194,1.929831945288174e-12,-0.14944812305400265,-0.021166304402712516,0.25181293199966603
-31.0,0.02,111,2026200611,2026120711,0,,,,,0.1971806518202357,0.07069485923377707,0.35274260408930586,10.410836689354594,6.195453586785466,17.222656670433555,-4.860452318400377e-13,-0.2532006606361382,-0.19033992578464834,0.524756681999861
-31.0,0.02,112,2026200612,2026120712,0,,,,,0.11813804581163057,0.04283117425587711,0.20618788168355334,4.61823793259173,1.946150800053018,7.887432891275032,-7.636046742837133e-14,-0.1703672397261533,-0.12133497897248487,0.5273578120013553
-31.0,0.02,114,2026200614,2026120714,1,K1ABC FN42 33,-31,0,10.140200,0.12283567576208185,0.06067625492242491,0.2292565597737145,8.979986457229726,5.469569304198818,17.635205437462297,-7.742801625548745e-13,-0.06687968037904503,0.04279556894741848,0.3556663489998755
-31.0,0.02,116,2026200616,2026120716,1,K1ABC FN42 33,-31,0,10.140200,0.1466844483115607,0.06018901443080083,0.2686880346034809,7.856050719190449,4.236004633938379,15.308408861740734,-2.1656417978355158e-13,-0.17654848983880433,-0.12079019929164136,0.25324985899897
-31.0,0.02,118,2026200618,2026120718,1,K1ABC FN42 33,-31,0,10.140200,0.0966306727493656,0.03147470526150251,0.19110305077842957,2.488344890216842,1.2013291575300296,4.551272389239968,-3.795201999889919e-13,0.19329452922313184,0.21031695328913722,0.1807373869996809
-31.0,0.02,120,2026200620,2026120720,1,K1ABC FN42 33,-30,0,10.140200,0.17174943497174106,0.062072962479660654,0.2822005642199519,6.6768000596023365,3.3041199011334634,11.788184216136756,-5.266854660734843e-13,-0.21114636012357146,-0.04562793070541265,0.060722113001247635
-31.0,0.02,115,2026200615,2026120715,0,,,,,0.12949141181425528,0.06736127154644574,0.24237017159777152,9.534000424660627,4.720122122089026,16.166207237311205,2.8549211605888303e-13,0.15487978959799267,0.12106786163848518,0.5541849870005535
-31.0,0.02,117,2026200617,2026120717,0,,,,,0.2799204522283714,0.09144656888037622,0.4564793561173351,11.714264748063593,6.312610446027647,20.93843728305656,3.977829350632067e-13,0.020802821917965054,-0.25911763031040635,0.4719735689996014
-31.0,0.02,121,2026200621,2026120721,1,K1ABC FN42 33,-30,0,10.140200,0.1465207587541953,0.06913897837756991,0.28813193455185643,9.593263120396314,5.458088793130084,17.88253134668342,4.699652125794707e-13,0.20211990754480819,0.22607155953255895,0.23631119300080172
-31.0,0.02,119,2026200619,2026120719,1,K1ABC FN42 33,-29,0,10.140200,0.20276105376401915,0.08856046718516006,0.38381645730133973,11.05495038751198,6.4696688095580965,21.060652870236957,2.2839976437927234e-13,-0.2707484904755832,-0.33991246425756666,0.3649499269995431
-31.0,0.02,125,2026200625,2026120725,1,K1ABC FN42 33,-30,0,10.140200,0.1038093502640692,0.049007259584715815,0.2055410490560156,5.482501139979376,2.970731538770518,10.510789023804278,-2.4029151064752785e-13,0.14250037588394734,0.094363026605353,0.23834383500070544
-31.0,0.02,122,2026200622,2026120722,0,,,,,0.1622653504002852,0.07503166731724104,0.30773076333379923,11.256349068526289,6.891283334217026,22.379694854783562,-7.118030123653973e-13,-0.1154285395728862,-0.0666920378811955,0.556459856001311
-31.0,0.02,123,2026200623,2026120723,0,,,,,0.1292873415464097,0.04543520114092287,0.24202196042650256,4.827065154240469,2.2957880767883907,8.254388777478376,-3.441405146964449e-13,-0.1606192982034528,-0.10203032226985502,0.5544616880015383
-31.0,0.02,126,2026200626,2026120726,1,K1ABC FN42 33,-30,0,10.140200,0.13235876288089443,0.0557710214267164,0.25876219683295637,8.485090292815778,3.5230748470626514,12.800067360224581,1.6710461139823884e-13,-0.22827945342317105,-0.17442863392235528,0.2813064879992453
-31.0,0.02,124,2026200624,2026120724,0,,,,,0.1527744610550169,0.07582583541702607,0.30533303250985344,12.250063100949545,5.993091370665319,18.76342027627701,3.8705540508776615e-13,0.25950439270597625,0.15347316593614957,0.5554386130006606
-31.0,0.02,127,2026200627,2026120727,1,K1ABC FN42 33,-31,0,10.140200,0.14427034785113324,0.053932760343548825,0.25176461377764564,6.107856618200449,3.1986595159518627,11.763768483422602,-6.232514504489473e-13,0.13343529024996403,0.1246681739884411,0.30409325499931583
-31.0,0.02,129,2026200629,2026120729,1,K1ABC FN42 33,-30,0,10.140200,0.10178922707046584,0.04321464860896083,0.1923215853820222,4.536674644613684,2.2191664673528866,8.730358271943514,2.967643492057803e-13,-0.16380889956140737,-0.10718264729141215,0.25362782399861317
-31.0,0.02,130,2026200630,2026120730,1,K1ABC FN42 33,-30,0,10.140200,0.1811159809402212,0.09318869215819084,0.3572368920789892,14.328169620244587,9.29647842480175,27.15911088300382,-1.9395735018079563e-12,0.10546524062580236,0.10128355247073259,0.27595586399911554
-31.0,0.02,128,2026200628,2026120728,0,,,,,0.12337268296317878,0.05853714731277925,0.23209810917325252,6.671614811346846,3.4199382124072457,11.753580113189656,-5.2820161439148805e-14,0.08285909941170647,0.15637383721348683,0.45188177899945003
-31.0,0.02,131,2026200631,2026120731,1,K1ABC FN42 33,-31,0,10.140200,0.09890052771208181,0.03843164360385533,0.18144252902640257,3.9305324529036194,1.8705530407525965,7.4986040939601395,1.4194729918391713e-13,-0.11688387830721117,-0.05248916873880285,0.267132123999545
-31.0,0.02,133,2026200633,2026120733,0,,,,,0.1553621310548099,0.04715427373833505,0.24598948130937237,4.07599361979046,2.3545376823120585,8.02072724007499,-2.1204652617123898e-13,0.2840354539594322,0.2885905080644498,0.446493384999485
-31.0,0.02,134,2026200634,2026120734,1,K1ABC FN42 33,-32,0,10.140200,0.18616392650766256,0.0740052257845769,0.35038096130311414,9.664161947312925,5.454699705870418,18.488266522199563,-1.6878937483810752e-12,0.04146001011979942,0.09519405666388403,0.3337183379990165
-31.0,0.02,132,2026200632,2026120732,0,,,,,0.22420430604170916,0.09092130292588778,0.4422566727877101,12.41968292363068,6.795963310729354,20.848935904177104,2.0464532846098393e-14,-0.03196652871930073,0.053982426917105635,0.529301619000762
-31.0,0.02,136,2026200636,2026120736,1,K1ABC FN42 33,-31,0,10.140200,0.11701697616751958,0.04074575836097303,0.20187382186006098,4.9340694876396425,2.3291769943596687,8.369561176129578,-3.0493576413936907e-13,-0.08691059070031,-0.12007352785181048,0.2563454549999733
-31.0,0.02,135,2026200635,2026120735,0,,,,,0.12649541398502256,0.061960044543442845,0.24274173007412703,8.087411089231157,4.445196994886163,15.611855284751595,-4.2327144393616845e-14,-0.24896326578777056,-0.3418842366922806,0.5304318609996699
-31.0,0.02,137,2026200637,2026120737,1,K1ABC FN42 33,-31,0,10.140200,0.13579350609512617,0.05748822199239819,0.2610068770390182,7.581493558702445,3.8552748497844465,13.242362131083434,7.467637619384959e-14,0.03314177534920488,-0.09486156281101417,0.27054864700039616
-31.0,0.02,138,2026200638,2026120738,1,K1ABC FN42 33,-30,0,10.140200,0.20038607332743136,0.061896742484653496,0.3064580006746441,8.708901521231349,3.805524754568991,13.371846143933567,-7.782474751444335e-13,0.1800053754384788,0.017233489462692694,0.2803064430008817
-31.0,0.02,139,2026200639,2026120739,1,K1ABC FN42 33,-30,0,10.140200,0.12208726966216213,0.05405838348132534,0.24032496454584545,8.750787693043135,4.98195508807575,14.46607082798549,-1.4809160842066404e-13,-0.03367042438527379,0.06864608377404499,0.3377302629996848
-31.0,0.02,141,2026200641,2026120741,1,K1ABC FN42 33,-31,0,10.140200,0.11280924052551597,0.048527501150280206,0.21340082068943808,5.789717840098168,2.7211410865338284,10.618801353369406,-1.3599061113311883e-13,0.1780919173600918,0.13416855109462245,0.4289369500002067
-31.0,0.02,142,2026200642,2026120742,0,,,,,0.28226638070569965,0.1386981514990217,0.551777630073651,24.342970821192623,13.164106442649016,39.25914691476504,-8.308800696077423e-13,-0.24138332879002772,-0.02883708686336771,0.4484506050011987
-31.0,0.02,140,2026200640,2026120740,0,,,,,0.19802357724507808,0.06841715678130358,0.32273297637245724,9.134639462952336,4.7694730586544205,16.75129420557984,-1.2796257109481957e-12,0.06802206592088297,0.003944136677829676,0.5182765739991737
-31.0,0.02,146,2026200646,2026120746,1,K1ABC FN42 33,-32,0,10.140200,0.1830249080632111,0.08636126544626137,0.348325485419343,13.660773107886024,8.151368597435,24.266953281093453,-3.587399474702657e-13,0.07860437719173392,0.03448440487419773,0.05921330700039107
-31.0,0.02,143,2026200643,2026120743,1,K1ABC FN42 33,-32,0,10.140200,0.13621253762941768,0.055004992104485166,0.2552513445044665,6.364301377954211,3.291013821360734,11.574126969432927,-2.350133976314339e-13,-0.07862645889085322,-0.11238315846406294,0.3492009070014319
-31.0,0.02,144,2026200644,2026120744,1,K1ABC FN42 33,-31,0,10.140200,0.11654369538542991,0.04805456204739735,0.20793130999385473,5.6891025910492,3.3899197302201074,11.144723959102517,-5.001834450096831e-13,0.06125379175188303,0.10443521630204765,0.2533816230006778
-31.0,0.02,145,2026200645,2026120745,1,K1ABC FN42 33,-30,0,10.140200,0.11179791145375248,0.0425508153546233,0.19903565540744295,4.258765019022118,2.3616982704423397,7.5798994829494815,3.903873752042486e-13,-0.008825016928736837,0.09125665046895155,0.2656532640012301
-31.0,0.02,147,2026200647,2026120747,1,K1ABC FN42 33,-32,0,10.140200,0.13973216818716452,0.061568508925625126,0.2610711095332261,6.93286640483059,3.966935536142471,13.222200513427307,4.829036476250437e-15,-0.007592457334156002,-0.07352026309618778,0.24162228000022878
-31.0,0.02,149,2026200649,2026120749,1,K1ABC FN42 33,-32,0,10.140200,0.16319788083528897,0.058601763019118305,0.27437574970594936,7.620588009498609,4.468401643227133,13.879797640067608,-5.95599958241877e-14,-0.09495443084184493,-0.12620969819302086,0.2672526759997709
-31.0,0.02,148,2026200648,2026120748,1,K1ABC FN42 33,-31,0,10.140200,0.1304957268029456,0.062022648154168546,0.25786136290724904,7.310210909625104,4.103990988527149,14.022754784571156,-3.547856453067766e-13,-0.15888475105927438,-0.08402041562645525,0.33090683599948534
-31.0,0.02,151,2026200651,2026120751,0,,,,,0.1684947206491436,0.05355126914885747,0.28126296977927556,7.696382389565016,4.917753730818011,14.104901027558327,-3.590936142189305e-13,0.17864565418072897,0.010150933531585388,0.4318353360013134
-31.0,0.02,150,2026200650,2026120750,0,,,,,0.18601612263059475,0.06907188998264872,0.3260921626557822,10.361304479950926,6.273075357227697,18.249671827342514,5.208168965542548e-13,-0.10261745196385678,-0.11771657433243171,0.5288036380006815
-31.0,0.02,153,2026200653,2026120753,1,K1ABC FN42 33,-30,0,10.140200,0.16531312949728103,0.06930419384165468,0.3020782043902917,7.497801927274063,3.827584568625936,13.068090286262418,8.861832708623174e-13,-0.14877795910448705,-0.12889410308712265,0.3676466659999278
-31.0,0.02,152,2026200652,2026120752,0,,,,,0.11497577985027949,0.049945037734227885,0.2089340648793547,6.831646376540653,3.37568237811182,11.496242596784903,-8.612403325225504e-14,0.07567780099723753,0.15087928691630417,0.5281495199997153
-31.0,0.02,154,2026200654,2026120754,1,K1ABC FN42 33,-32,0,10.140200,0.1465344651504996,0.05323023147236869,0.27412153007169404,7.310288431061391,3.411284010470192,12.039168303686694,-3.5668218595699686e-13,0.31560226353977944,0.19024279592713478,0.26613944599921524
-31.0,0.02,156,2026200656,2026120756,1,K1ABC FN42 33,-31,0,10.140200,0.20779052712067947,0.08432761403673987,0.37157757900375865,11.90697527529284,6.668816165029173,20.74187299197287,-1.0115142230759933e-12,0.08794504987918098,0.12648023634771727,0.290440987000693
-31.0,0.02,158,2026200658,2026120758,1,K1ABC FN42 33,-31,0,10.140200,0.1641014150997277,0.06824095187713863,0.31516330860381253,9.662552364534793,5.6562709571414205,16.39201811524087,-4.874546946642688e-13,-0.009901996866812018,0.0390260533161569,0.26454844799991406
-31.0,0.02,155,2026200655,2026120755,0,,,,,0.09696381381902805,0.04570167958404764,0.18519952263735753,5.093048728506479,2.719383858963788,8.83458356000459,-1.305036807786042e-13,0.1833207352575654,0.09784175111590025,0.5014072129997658
-31.0,0.02,157,2026200657,2026120757,1,K1ABC FN42 33,-31,0,10.140200,0.1347321856001006,0.06631923765281202,0.26268626603527334,9.942723723830689,5.444463494604015,19.092564896850114,4.666544386154603e-14,-0.28848622341013813,-0.28377954939670574,0.30752768000093056
-31.0,0.02,160,2026200660,2026120760,1,K1ABC FN42 33,-31,0,10.140200,0.19690451958787492,0.0790934057441647,0.3424726510428018,11.919347148074971,6.715437143536761,21.586996800620383,2.2808491206838255e-13,0.1453199953947219,0.03435254092401409,0.25180855199869256
-31.0,0.02,159,2026200659,2026120759,1,K1ABC FN42 33,-31,0,10.140200,0.10211000946011234,0.04411516880975117,0.18944288812572108,4.160530976327321,2.034914085879516,7.984995483948996,6.428234680666556e-14,0.10124969265731895,0.1296838660454575,0.3759662529992056
-31.0,0.02,162,2026200662,2026120762,1,K1ABC FN42 33,-31,0,10.140200,0.16024181352300765,0.06324230448140168,0.2930834595557454,8.494087187855326,5.443307700609654,15.191330571396175,1.0963946764364074e-12,-0.15129419339366385,-0.22499411041105064,0.37331744999937655
-31.0,0.02,164,2026200664,2026120764,1,K1ABC FN42 33,-30,0,10.140200,0.1279038450631471,0.052757375420818486,0.24330672629334438,7.358914991607696,4.29722633953167,13.799141710561177,-1.0073933874588104e-12,-0.07403986435636531,0.042379841021612116,0.2661065680003958
-31.0,0.02,161,2026200661,2026120761,0,,,,,0.15023011788536916,0.06407818845763419,0.2835268617793575,8.262624030984739,4.900523933083128,15.706025636166286,3.9849026856053626e-13,0.0157365961527693,0.03238059831258476,0.5126720790012769
-31.0,0.02,165,2026200665,2026120765,1,K1ABC FN42 33,-31,0,10.140200,0.21174826680355863,0.07613008158788939,0.3752228990571677,10.596071249327595,6.076309958443919,18.833857960451617,9.175273388284388e-13,-0.022912752893517345,-0.00849280836130631,0.15829805700013821
-31.0,0.02,166,2026200666,2026120766,1,K1ABC FN42 33,-31,0,10.140200,0.09641299168417997,0.03186412687618655,0.16448997734476237,2.6889326209757622,1.2929847916756252,5.35590779319018,4.992713057219711e-14,0.1393567832132022,0.23576977489738216,0.1979082469988498
-31.0,0.02,163,2026200663,2026120763,0,,,,,0.10873821266995026,0.050069599643499295,0.21527934033956364,4.591387638473155,2.5967257900956047,8.741263371572902,2.9278630301471376e-13,-0.07586575793216635,0.009427099966006833,0.5077021870001772
-31.0,0.02,167,2026200667,2026120767,1,K1ABC FN42 33,-31,0,10.140200,0.22127296039959451,0.08284993063864804,0.3349489995906737,12.136910670519555,6.7387929090759,22.00433807256971,1.6617584044920086e-12,-0.15196098620013762,0.008018639067950849,0.38408210899979167
-31.0,0.02,168,2026200668,2026120768,0,,,,,0.16430027359141647,0.07218325823353508,0.3264973025734008,11.134839110395793,5.270096264280983,17.24145152908333,1.3105695998924527e-12,-0.25234118195482513,-0.13568892538639094,0.5112708950000524
-31.0,0.02,171,2026200671,2026120771,1,K1ABC FN42 33,-31,0,10.140200,0.1449685454264028,0.05433034967006096,0.2576869115095201,7.648249298274173,4.210195299369711,15.140198345888551,-2.903482575894456e-13,-0.0973916457961399,-0.1257258076203262,0.25186763600140694
-31.0,0.02,169,2026200669,2026120769,0,,,,,0.21329293983602046,0.1050453125123945,0.4000366165064689,17.236439410103316,10.793314831757435,31.508504901442677,2.221725407813846e-12,-0.016401535847667723,-0.1189763993414414,0.5381869559987535
-31.0,0.02,170,2026200670,2026120770,0,,,,,0.12196213903695952,0.04948003484716687,0.2135339850669064,7.375836550663193,4.110610245919358,12.75833984424716,-1.2967576231565081e-12,-0.2546369653502752,-0.24603721415588709,0.5251874040004623
-31.0,0.02,172,2026200672,2026120772,1,K1ABC FN42 33,-31,0,10.140200,0.1511673706082558,0.06406224422400732,0.2937304813778295,8.914989177309018,3.877788327167846,12.819043106836146,-4.936385501752572e-13,0.07048240727154381,-0.02327641523579642,0.24149687299905054
-31.0,0.02,175,2026200675,2026120775,1,K1ABC FN42 33,-32,0,10.140200,0.1369475769392231,0.06765746943811579,0.2638273036079467,11.367013869116391,6.625624325018223,19.172207035115694,-5.22261704369309e-13,-0.08975114758086995,-0.17233830537039874,0.2371742870000162
-31.0,0.02,173,2026200673,2026120773,0,,,,,0.1318226353337319,0.04251444545407225,0.22229917480325717,3.0583915062797713,1.5637320585341412,5.583944175590843,-2.3828481505658305e-13,-0.003881982687115581,0.021062391000288543,0.5332367160008289
-31.0,0.02,177,2026200677,2026120777,1,K1ABC FN42 33,-31,0,10.140200,0.19993624418580674,0.07759984094366405,0.34698330271514055,10.707157421632411,7.028081064293757,21.39519852115381,-1.1139414043959128e-12,0.044109484554848234,0.10641064508462754,0.2620416560002923
-31.0,0.02,174,2026200674,2026120774,0,,,,,0.1829238373635485,0.07510135377267474,0.3378460282067795,10.706773411167594,5.05070486982154,18.214147685987403,1.1468603844377867e-13,-0.26335961083382037,-0.2762133653164278,0.5481744989992876
-31.0,0.02,176,2026200676,2026120776,0,,,,,0.23103377085365606,0.08952690939459523,0.37397102816893096,13.537905725574207,9.215058977296199,26.898198085883063,1.330575189958938e-12,-0.4315526747375162,-0.20681957405490953,0.5304414689999248
-31.0,0.02,178,2026200678,2026120778,1,K1ABC FN42 33,-30,0,10.140200,0.15019158104819308,0.06882794149357693,0.29390332654303125,10.327975699396646,4.977865837534503,16.133787093972305,-1.0617721979411243e-13,-0.11212163756305389,-0.013926223662667755,0.2644395400002395
-31.0,0.02,181,2026200681,2026120781,1,K1ABC FN42 33,-30,0,10.140200,0.2502012320409139,0.09540725719980327,0.42456196224214116,14.299475490300571,8.909994477230672,25.750746477703757,-6.862921689276824e-13,-0.32917516611597825,-0.08231059810230436,0.24553051499970024
-31.0,0.02,179,2026200679,2026120779,1,K1ABC FN42 33,-30,0,10.140200,0.11983678244846997,0.04474967321112739,0.20417848337881378,4.65084127631794,1.9200910683232424,7.316193311701854,9.84640971188333e-14,-0.01493885886070257,-0.00458507677624829,0.3481231139994634
-31.0,0.02,180,2026200680,2026120780,1,K1ABC FN42 33,-31,0,10.140200,0.15171021407688937,0.06688784087501522,0.28067876330019326,8.123854985086236,5.308809775526052,15.683716511641482,1.270550505083623e-13,-0.060205776812889585,-0.139988814923974,0.34865017000083753
-31.0,0.02,184,2026200684,2026120784,1,K1ABC FN42 33,-30,0,10.140200,0.12423974351260181,0.040531659006638014,0.23756593145012783,3.315920015879066,1.7752734454660117,6.345781463135246,2.7698026164313383e-13,-0.0034888199924318344,-0.11681500792995786,0.16562538200014387
-31.0,0.02,183,2026200683,2026120783,1,K1ABC FN42 33,-31,0,10.140200,0.12084992859218663,0.04474553966081356,0.2095974347506933,5.096952793769285,2.3335786501667153,8.779759999942353,-7.886746811180956e-14,0.131797283846737,0.1399670104731953,0.2566787400010071
-31.0,0.02,185,2026200685,2026120785,1,K1ABC FN42 33,-31,0,10.140200,0.1816143207760645,0.0713961591498362,0.3001395799497141,10.487886407914825,6.253325456775058,19.13780967064033,5.831750013451931e-14,-0.09305599870504344,-0.02586964808051873,0.19598276299984718
-31.0,0.02,182,2026200682,2026120782,0,,,,,0.13378663196027707,0.05737135574656578,0.26490602400110796,8.384443050637032,4.501677952838371,15.494416211058919,3.2348039177843013e-13,-0.2844968300270197,-0.22617608594723335,0.4230382820005616
-31.0,0.02,186,2026200686,2026120786,1,K1ABC FN42 33,-30,0,10.140200,0.11400612331138368,0.04679360057628928,0.22696206528313576,6.308496836236667,3.4899264303768684,11.959385904839802,-1.82650335828205e-13,-0.1324550777061132,-0.10728166161037435,0.193500737001159
-31.0,0.02,190,2026200690,2026120790,0,,,,,0.13386270101796505,0.052627380222649595,0.25342553627731207,6.904893251082972,3.605979392488837,12.427234685456085,7.800184109729713e-15,0.056373202568158406,0.1741607847378425,0.05189337599949795
-31.0,0.02,187,2026200687,2026120787,1,K1ABC FN42 33,-32,0,10.140200,0.13113893249475111,0.052802915622737534,0.2574048186615816,7.587145168824041,4.578267596594469,14.534706824201063,5.568371284903062e-13,-0.17291454314940638,-0.15253202885337636,0.2576685490003001
-31.0,0.02,188,2026200688,2026120788,1,K1ABC FN42 33,-30,0,10.140200,0.18114519502304047,0.0727463835571374,0.31224016734797433,6.881513546402384,3.6008518757661805,12.77310808812362,-3.89535625977544e-13,-0.017781604053582836,0.0423095910244354,0.24592418000065663
-31.0,0.02,189,2026200689,2026120789,1,K1ABC FN42 33,-31,0,10.140200,0.10528696105585666,0.04194264092493568,0.21025398996902417,3.693321711252749,1.7022780147146688,6.58027337560843,-3.104166229617178e-13,0.11129960129140848,0.15387840915826367,0.3151833230003831
-31.0,0.02,194,2026200694,2026120794,1,K1ABC FN42 33,-30,0,10.140200,0.12563613915349708,0.040990885365486035,0.21673869220219585,4.787478717769124,2.4448115256210983,8.32961935074948,-5.411095833560142e-14,0.05665199674211701,0.1822881358956141,0.12961163299951295
-31.0,0.02,193,2026200693,2026120793,1,K1ABC FN42 33,-30,0,10.140200,0.13229095243904207,0.05884870364545571,0.25781515852081177,9.50304952603171,4.733446476582762,14.976016918004706,7.011121284233868e-13,0.05031185502279026,0.010828121924072367,0.2769504219995724
-31.0,0.02,192,2026200692,2026120792,0,,,,,0.16317971700557887,0.0681593367082009,0.3109622269451746,9.552245195221508,5.542062882024575,17.053835692226727,2.35380291646603e-14,0.1630104774373606,0.007356889773312075,0.4384090509993257
-31.0,0.02,195,2026200695,2026120795,1,K1ABC FN42 33,-32,0,10.140200,0.13770795595086494,0.046594266214992255,0.2516784680686236,5.131432306430157,2.172064313726054,8.598455496135488,2.327406930374698e-13,0.08161521987346367,0.05673592216066863,0.2357655200012232
-31.0,0.02,191,2026200691,2026120791,0,,,,,0.25757922277857315,0.1288620352200442,0.47962024890032995,18.842696350517965,11.2305614534615,34.47679302562784,3.891236291519995e-13,0.10598052973964361,-0.057332356808917545,0.5281868849997409
-31.0,0.02,196,2026200696,2026120796,1,K1ABC FN42 33,-31,0,10.140200,0.17320062727114097,0.06996460312190328,0.34062414101187133,10.235699049005175,5.639135708474325,17.513869570854737,6.64519004059394e-13,-0.006729753016462465,0.07356583198957928,0.36819688900141045
-31.0,0.02,197,2026200697,2026120797,1,K1ABC FN42 33,-31,0,10.140200,0.08894574596991944,0.03532120313277933,0.16980399774702096,3.6255282046691035,1.7091806443587962,6.1451469464765065,-7.973743193501193e-14,0.12561643462191902,0.1371476978856528,0.38601706299959915
-31.0,0.02,198,2026200698,2026120798,1,K1ABC FN42 33,-30,0,10.140200,0.1526202704811933,0.06326980933433379,0.2732482178702049,5.6079151703499415,2.995176648056436,10.639043230906484,-1.7672321939166125e-13,-0.22984730603807763,-0.19976999053482344,0.39960013200106914
-31.0,0.02,199,2026200699,2026120799,0,,,,,0.21149202421422827,0.05202337065778778,0.34462550879285314,5.141920314158298,2.6383177991070736,10.117850089370362,6.133002092290063e-13,-0.18278495254515023,-0.2219275742488359,0.44707849100086605
-31.0,0.04,2,2026300502,2026120602,1,K1ABC FN42 33,-31,0,10.140200,0.48224268410919846,0.18718007884510304,0.8622442718048685,24.744764035711395,15.461775194435562,48.52959062299097,-2.623515987787428e-12,0.21640717597783332,0.19607860168615732,0.26607359899935545
-31.0,0.04,0,2026300500,2026120600,0,,,,,0.34830774801471864,0.1365412546396321,0.6508196519292595,13.10720160871081,6.617729265349294,21.71830997786175,1.5511203432794218e-13,-0.23309316763415833,-0.07765940645501358,0.5256415180010663
-31.0,0.04,1,2026300501,2026120601,0,,,,,0.3440726494525219,0.1391174143420745,0.6384747323500495,21.90392445858889,11.741881891255257,36.105982323694995,-1.839531998948374e-12,0.06214627396730214,0.008550114008176131,0.5321908919995622
-31.0,0.04,4,2026300504,2026120604,1,K1ABC FN42 33,-31,0,10.140200,0.3100635170578879,0.13589753395289275,0.5312069880788717,19.506540794274493,11.450120216081428,35.65278728279269,-5.579739144681573e-13,0.4217140623414994,0.5037697498730339,0.2561556640011986
-31.0,0.04,3,2026300503,2026120603,0,,,,,0.35603979093389704,0.1459252176804529,0.616860103977676,24.457379822833854,12.391272164004446,38.58103382867796,-3.3452450878823647e-13,-0.16183400287029018,-0.23543893882427233,0.5658361299992976
-31.0,0.04,5,2026300505,2026120605,1,K1ABC FN42 33,-31,0,10.140200,0.31492256358948956,0.09815814335536441,0.45905941557106,10.344503510278388,4.67176906197107,19.37052737054502,-4.314908890259983e-13,0.5270003174196476,0.38332414386647046,0.3167412190014147
-31.0,0.04,9,2026300509,2026120609,1,K1ABC FN42 33,-31,0,10.140200,0.23898269212521028,0.1010426619194153,0.4451678598608361,13.734988067974534,7.207297154705353,26.519792259143127,-8.081452174124593e-13,0.20014636901419006,0.17260672600498828,0.050315411999690696
-31.0,0.04,6,2026300506,2026120606,1,K1ABC FN42 33,-31,0,10.140200,0.20357404697699905,0.09259951296493962,0.39649114800313867,8.950659664665734,4.7567129834235224,16.32570890479004,-2.943112333703146e-13,0.07153496044642269,0.1481478632033916,0.2422981260006054
-31.0,0.04,10,2026300510,2026120610,1,K1ABC FN42 33,-31,0,10.140200,0.32065225655507135,0.13911505253206133,0.5977778299743917,15.664804861162207,7.756441772810242,29.79388828943147,6.314931216833131e-13,0.4216673095330374,0.38135230680751414,0.2680996620001679
-31.0,0.04,11,2026300511,2026120611,1,K1ABC FN42 33,-31,0,10.140200,0.32515599870878514,0.12106129457023984,0.6324367352162195,18.31595080823245,8.718441408279292,28.070676155353055,-1.259031941203137e-13,-0.06966784025294569,0.061377641254434755,0.2542601540008036
-31.0,0.04,7,2026300507,2026120607,0,,,,,0.3835363070192552,0.13657532724601218,0.6291946288208108,19.83267162953809,9.918471614876552,34.82223962222825,-9.485482061269424e-13,0.4077603984943885,0.2713535104336728,0.5515120790005312
-31.0,0.04,8,2026300508,2026120608,0,,,,,0.3352796221798425,0.15194267188294547,0.6611554691388081,17.39444641190568,9.122794578276006,32.5723128176358,3.856699681836773e-12,-0.17834154136069424,0.03511469160053517,0.5281190859986964
-31.0,0.04,12,2026300512,2026120612,1,K1ABC FN42 33,-30,0,10.140200,0.24621496607103924,0.09730046082401636,0.44354307739987164,10.816088311274603,4.950772848182096,18.523997125554732,5.226210089692707e-13,-0.13083214731552711,0.04163623754331288,0.21948513200004527
-31.0,0.04,13,2026300513,2026120613,0,,,,,0.33256760118117895,0.1082663569178534,0.5114128643904683,14.91469281878579,9.159847841174651,28.217722306154634,6.15194960945642e-13,0.4412578917441361,0.11196576964821342,0.5199219440000888
-31.0,0.04,15,2026300515,2026120615,0,,,,,0.3142998910241072,0.1181000472790965,0.5353984177208592,13.036789879839729,8.315045077682981,25.86014821096306,-2.5182529672651555e-12,-0.04002353198951774,0.10570993530287082,0.43161679500008177
-31.0,0.04,14,2026300514,2026120614,0,,,,,0.393429470570339,0.17344160763378125,0.7024783670633816,26.04646511150773,15.019332591201174,50.09909677153644,-1.0151775253763873e-13,-0.01198931367715108,-0.14029654211430848,0.5157568029990216
-31.0,0.04,16,2026300516,2026120616,0,,,,,0.38674756423841367,0.15605266787503422,0.6809090431774467,21.686948785496032,12.59374542082318,39.95245805673798,-1.6271289871028216e-12,-0.19090566988327323,-0.0637401772165704,0.4448499459995219
-31.0,0.04,17,2026300517,2026120617,1,K1ABC FN42 33,-31,0,10.140200,0.27588737103742583,0.1179805878026234,0.5493232210391329,16.972801013656266,9.417115358042576,31.662698340554368,8.690342282596797e-13,-0.17402461897779845,-0.2524170158929419,0.41773308600022574
-31.0,0.04,21,2026300521,2026120621,1,K1ABC FN42 33,-29,0,10.140200,0.35236290258789754,0.13822863947289443,0.6254180896010204,18.428247254447186,11.781717354690656,35.35376432811721,8.007275398291824e-13,-0.026347441711477418,0.17431996257089666,0.0798319179993996
-31.0,0.04,19,2026300519,2026120619,0,,,,,0.3643539292812078,0.1278720131742475,0.7099356180139157,12.650414585162801,9.22484559982279,25.110593013502427,1.353353193400686e-12,-0.03469378325916886,0.01698414745131251,0.5153100869993068
-31.0,0.04,20,2026300520,2026120620,0,,,,,0.19194140642387847,0.07793035599944521,0.37278521762431754,7.682411095262689,3.8316606116913348,14.110879243267998,-8.200465046598326e-13,0.11147340851435808,0.03210323665344977,0.5099993000003451
-31.0,0.04,18,2026300518,2026120618,0,,,,,0.17765703710850123,0.07020836161852771,0.3472876747548896,6.371159536128635,2.9798566978642267,11.689053355326836,6.640738306473715e-15,-0.2111463199713685,-0.16799285255169205,0.5593517969991808
-31.0,0.04,24,2026300524,2026120624,0,,,,,0.3119957542801437,0.1135184685693922,0.5050068182379004,10.977312245743278,6.1167293219097685,20.92175622336896,2.023362380421112e-12,0.3015837045680174,0.15648168115497263,0.05554936699991231
-31.0,0.04,22,2026300522,2026120622,1,K1ABC FN42 33,-31,0,10.140200,0.5100158927060525,0.19169482218693915,0.9231327229092597,28.40008193518388,17.15519914812745,48.24044115069519,1.9952789420685235e-13,0.7185587244953368,0.2085428317892842,0.25506145100007416
-31.0,0.04,25,2026300525,2026120625,1,K1ABC FN42 33,-31,0,10.140200,0.31675019139089844,0.11914401637806836,0.5741593432457656,13.486787156562833,6.204512397086278,24.90224992981691,-1.3671013106286711e-12,0.08441013263638979,0.02620385846464557,0.2930738510003721
-31.0,0.04,23,2026300523,2026120623,1,K1ABC FN42 33,-31,0,10.140200,0.23767550154063083,0.10699723354721159,0.44268247718424236,15.655713386877569,9.628631469658028,28.441732729530457,7.349927957922553e-13,0.32102883225711537,0.22706515103508332,0.3743933530004142
-31.0,0.04,28,2026300528,2026120628,1,K1ABC FN42 33,-31,0,10.140200,0.25050496879842954,0.0819829416309832,0.4194013969523932,8.467950863662672,4.536165298762581,16.019027648645242,4.992386712365793e-13,-0.3417434148605398,-0.3851844813399378,0.16947686200001044
-31.0,0.04,26,2026300526,2026120626,0,,,,,0.22326557301789907,0.08072197177031974,0.42818645780115805,7.658974667055256,3.191150309762031,13.811487017507869,-5.840598187381585e-13,0.5409237555973908,0.5180262184145008,0.506106255999839
-31.0,0.04,27,2026300527,2026120627,0,,,,,0.31073239085532756,0.1034486994291636,0.5344349306574219,13.532230585052485,8.047197515018496,24.695033300000528,4.1474549489217694e-13,-0.11371296856350921,-0.3931864803533979,0.5369050820008852
-31.0,0.04,32,2026300532,2026120632,1,K1ABC FN42 33,-30,0,10.140200,0.3551508165620677,0.13067117648274096,0.5579575265628056,10.95114603345116,6.811166233947626,21.133667461607224,4.701803182904918e-13,0.3448895866355226,0.17362487067449253,0.10307548700075131
-31.0,0.04,29,2026300529,2026120629,0,,,,,0.3426105991035932,0.13862593729464442,0.581126492165277,23.042093975984457,10.695711107491695,36.106809469189095,1.3872774456968884e-12,0.14382870000709258,0.16887380210818567,0.4170445859999745
-31.0,0.04,31,2026300531,2026120631,1,K1ABC FN42 33,-30,0,10.140200,0.24502860913747693,0.09281469557881965,0.4508908902690426,12.16077800263542,6.8511335844838275,23.339321963718756,-1.6371724261650053e-12,0.13504473672368622,0.08726670945844743,0.2567123930002708
-31.0,0.04,30,2026300530,2026120630,0,,,,,0.2887035878620261,0.15551424189504137,0.5456674611544972,24.29359484445127,14.165906577653727,47.72855581720172,6.224708248847577e-13,0.06908719570419962,0.13635521730617198,0.5220926940000936
-31.0,0.04,34,2026300534,2026120634,1,K1ABC FN42 33,-32,0,10.140200,0.3027495125883244,0.10969854699673288,0.5614721803768584,14.899273557282546,9.238399800182501,27.82967126920501,-4.788263535671078e-12,0.027994214625534423,0.16271602625857262,0.2531526950006082
-31.0,0.04,33,2026300533,2026120633,0,,,,,0.40453036577141216,0.18861783461617798,0.789877740009828,29.55859871812212,17.265868308660995,50.74901906093551,3.4019679434615924e-12,0.4593958279887767,0.2678556855679367,0.5351829990013357
-31.0,0.04,35,2026300535,2026120635,0,,,,,0.2686093610891818,0.1153178006441136,0.5363797444178204,10.573035147196121,5.341152546501637,20.021197479954353,-2.309237870368186e-13,0.299617128205645,0.33934940898602883,0.5209174340016034
-31.0,0.04,36,2026300536,2026120636,0,,,,,0.2603097319568769,0.10099145509168506,0.49476851751281026,13.828458060811228,7.377222638147889,21.881947881458537,-8.57232687612175e-13,-0.19122067848568985,-0.03689946465281288,0.5163014640002075
-31.0,0.04,37,2026300537,2026120637,0,,,,,0.30545390146228935,0.11705565120986157,0.5550623599126063,17.595360900819657,8.672408247987695,29.55222648797301,-4.2607519075421596e-13,0.20316342475251514,-0.02693693387522069,0.5444423760000063
-31.0,0.04,39,2026300539,2026120639,1,K1ABC FN42 33,-30,0,10.140200,0.2954334269327718,0.12113988527909567,0.5517563756500795,13.452225517152156,7.67846091402469,23.844534056708373,1.1977478470842629e-12,-0.2545276118687815,-0.13067951484092774,0.2527367990005587
-31.0,0.04,38,2026300538,2026120638,0,,,,,0.26903597663433615,0.1121031022775735,0.5143316907513995,17.4657187189621,8.22475606776636,26.688814406166188,-1.8306694051298256e-13,-0.36580539599430123,-0.50717185026567,0.44338086300012947
-31.0,0.04,41,2026300541,2026120641,0,,,,,0.29526670402794575,0.13339789420039072,0.535127079828096,18.46933134449204,12.617890325754548,35.51232817231883,-9.119389271505796e-13,-0.17936584012869697,0.04293376334319948,0.43721930399988196
-31.0,0.04,40,2026300540,2026120640,0,,,,,0.330533477787044,0.13819022381047466,0.5602705905361912,14.337240714603222,7.920279496639015,26.76913402416129,-3.6754280174911003e-13,-0.11565717281384488,0.08789629277624489,0.5160660490000737
-31.0,0.04,42,2026300542,2026120642,0,,,,,0.19270413488105975,0.0789607172767487,0.34822792272722564,8.769030228192651,4.014925960829505,15.23519572017302,-1.1622300344349412e-13,-0.016333130416818702,0.07949600267558049,0.5238591420002194
-31.0,0.04,45,2026300545,2026120645,1,K1ABC FN42 33,-31,0,10.140200,0.24228636081878652,0.07944146849318248,0.44849906132049205,6.651016002091747,3.191189218046288,11.648932237167465,-1.6081190198913298e-13,-0.3886355570175677,-0.2951665636144976,0.2612801489995036
-31.0,0.04,43,2026300543,2026120643,0,,,,,0.4245736565634127,0.1924699178661835,0.7418581921589233,28.084960757516317,18.7362295570284,51.992898390406054,-2.530252049548487e-12,0.10879698406284428,0.05415091775903434,0.548363067999162
-31.0,0.04,44,2026300544,2026120644,1,K1ABC FN42 33,-31,0,10.140200,0.24571867457122415,0.10627547612231555,0.4596462160649117,15.803684511333106,8.49275245359553,26.580716060640086,-9.376784288264717e-13,-0.35620927384070605,-0.39111883806953424,0.36945182100134843
-31.0,0.04,46,2026300546,2026120646,0,,,,,0.30373096962897395,0.13359876528266065,0.5735745834518331,16.133172945415374,8.901115954821973,29.33513864308307,-1.0087243540457536e-12,-0.34802425192646325,-0.08217452354243932,0.5318738690002647
-31.0,0.04,47,2026300547,2026120647,1,K1ABC FN42 33,-31,0,10.140200,0.3542151422429244,0.11633415749145067,0.6402814365968742,14.339148788304698,7.531604447768672,26.272512999191086,-4.761664153252188e-13,0.08976810898983781,-0.2644470332530866,0.35841039000115416
-31.0,0.04,49,2026300549,2026120649,1,K1ABC FN42 33,-31,0,10.140200,0.21030442027748109,0.09005031400741274,0.40101273467415727,10.202437342654575,5.290013056871619,17.59916297576975,6.944583796908432e-13,0.042757439324764696,0.19022463792469924,0.2808859560009296
-31.0,0.04,48,2026300548,2026120648,0,,,,,0.21113514314310972,0.08108380545563301,0.4138558782663454,6.3189516596396444,3.218961321047591,11.110775688104981,1.579149137842517e-13,0.0259126146749107,0.18987299262318083,0.5046804710000288
-31.0,0.04,50,2026300550,2026120650,1,K1ABC FN42 33,-32,0,10.140200,0.2913516899882762,0.10140567318131395,0.4535343640097582,11.06908096974601,5.663071949235677,20.779212320514738,1.154536535818984e-12,-0.358362025246203,-0.06701033525792677,0.16164662499977567
-31.0,0.04,54,2026300554,2026120654,1,K1ABC FN42 33,-32,0,10.140200,0.311829263343843,0.1191138117173817,0.5815024642904656,15.292325272329615,6.868631803630624,24.574087570793118,3.908818147629889e-12,-0.5583220231854158,-0.34077191701204995,0.3265328990000853
-31.0,0.04,52,2026300552,2026120652,0,,,,,0.478609003247167,0.1823053574449029,0.7895440551673123,26.476206011757398,17.62275548793508,50.76492567158997,-2.062187226536949e-13,-0.20408035869535143,-0.1442428785936376,0.5128554149996489
-31.0,0.04,55,2026300555,2026120655,1,K1ABC FN42 33,-30,0,10.140200,0.23599739844155015,0.09848311267679268,0.4561198868462452,15.03484794276158,7.745784563990521,26.816390576780663,9.774516265825817e-15,-0.050225789239565194,-0.09240161662422407,0.1820870379997359
-31.0,0.04,53,2026300553,2026120653,0,,,,,0.2912336823721564,0.13245630763219898,0.5375588408397486,16.297983007628694,9.443939361539565,31.9106500122982,1.5382313478529142e-13,-0.40666964483126944,-0.17129637745627735,0.5256515410001157
-31.0,0.04,56,2026300556,2026120656,1,K1ABC FN42 33,-31,0,10.140200,0.26693804518603664,0.09503827334196636,0.4726033044811368,10.645369477789249,6.022646541695827,19.057767775827763,1.0623086611760701e-12,0.050558053225214096,-0.21637999196082253,0.3476532029999362
-31.0,0.04,51,2026300551,2026120651,0,,,,,0.3237492330650096,0.12468744581353343,0.5866864987880942,17.850549578377986,9.359586949656924,29.18700513254661,2.214032776559627e-12,-0.024479848183031176,0.04048747078278956,0.9199715200011269
-31.0,0.04,58,2026300558,2026120658,0,,,,,0.4158087597928537,0.16745058119678446,0.7337788803035101,24.812431740724193,15.127570895443515,47.92098236977765,2.3115693387198988e-12,-0.06283201259186579,-0.1890307866781836,0.4584756149997702
-31.0,0.04,59,2026300559,2026120659,1,K1ABC FN42 33,-31,0,10.140200,0.21606616165176804,0.07757137878680909,0.4129258155537194,8.480733371416898,4.738884284919916,15.61250865733329,-9.028715275416488e-13,-0.24970907307957788,-0.36537745711165653,0.27993262199925084
-31.0,0.04,57,2026300557,2026120657,0,,,,,0.32408175636805103,0.1486382400550425,0.6096300180910323,24.01985355232605,13.96742994514606,43.55096039397096,-9.86844720524127e-13,0.056433867586907056,-0.03440379300565981,0.5493569569989631
-31.0,0.04,60,2026300560,2026120660,0,,,,,0.275139521634516,0.10387174155598101,0.5221394412761386,7.6708329250714895,4.27783018218917,15.138380372354991,-4.6432996336776e-13,0.301376029703905,0.23945895633640157,0.5243860249993304
-31.0,0.04,61,2026300561,2026120661,0,,,,,0.3793925639023489,0.15936026298277753,0.7144465780318806,21.9689969776424,11.609341176124916,40.32498032226991,-9.470150358348306e-13,-0.41159716417895653,-0.20729999556254136,0.5315480440003739
-31.0,0.04,62,2026300562,2026120662,0,,,,,0.27888009422092497,0.10941657372101823,0.5114768609323445,14.925929396109467,7.597463846182597,25.14843216215965,-2.8628870107905158e-12,0.12206612980853511,0.2295772676721931,0.527369028000976
-31.0,0.04,63,2026300563,2026120663,0,,,,,0.26099988783768546,0.10144911153153777,0.4218858986966983,7.136738991394483,3.7768958497115457,13.636778817967553,-6.200595592531499e-14,-0.20954264976703094,-0.147522830875489,0.5661653480001405
-31.0,0.04,65,2026300565,2026120665,1,K1ABC FN42 33,-31,0,10.140200,0.25626871388884254,0.10537738155520907,0.45340279168839415,8.32898834231699,4.263301290511526,16.555468867486358,-1.3586276201293934e-12,-0.26872497762505415,-0.3128299577526021,0.17258500400021148
-31.0,0.04,64,2026300564,2026120664,0,,,,,0.2158194926319757,0.08920799791533283,0.4144575785908193,8.091735447765126,3.8005756239031228,13.822909398182045,1.2500920437696905e-12,0.4513462428303942,0.6671657354623699,0.5573072850002063
-31.0,0.04,66,2026300566,2026120666,0,,,,,0.4699022734422043,0.19893033475662447,0.806948572620084,33.66767708818952,19.709965427439535,59.252659804420624,-2.2557971116055064e-12,-0.11386439404840644,-0.41614721559638873,0.444324238000263
-31.0,0.04,67,2026300567,2026120667,0,,,,,0.23422686129752288,0.10372388779880251,0.44853811236057817,14.050547473822187,8.677495492938611,25.785109445247343,7.501652209439052e-13,-0.12673998182666424,0.016718621859741628,0.5346272089991544
-31.0,0.04,68,2026300568,2026120668,0,,,,,0.35352944450797874,0.13617764541864563,0.6443224475678396,19.60925120779534,9.208196097288825,32.3024004666205,-1.5948423137679413e-12,0.21650908081234557,-0.13702036369563317,0.5505842300008226
-31.0,0.04,69,2026300569,2026120669,0,,,,,0.4201738686217258,0.211297080598607,0.7603299797626059,35.22725773774074,20.49416503420715,65.62920904986875,2.5541374570892117e-12,-0.8115286942602569,-0.6786369611191431,0.525268381999922
-31.0,0.04,70,2026300570,2026120670,0,,,,,0.49099336934933857,0.18565679281187286,0.7618969548270766,27.38988281701355,16.3036157707576,52.93146389883039,-6.6212335093907e-13,-0.23433245077608228,-0.49893999927519017,0.44122284700097225
-31.0,0.04,71,2026300571,2026120671,0,,,,,0.4882680290947876,0.26884798032737006,0.8972182364675273,44.13973601263223,27.25736864990719,82.15310061980034,2.048436940904619e-12,-0.534047432461029,-0.17019147561513412,0.514670106000267
-31.0,0.04,72,2026300572,2026120672,0,,,,,0.38704048068312247,0.17114076216047733,0.6510524500443309,26.894920585502216,17.13710097757276,52.919714234326484,3.1565436028890836e-12,0.3196999509138757,0.05587132863592024,0.5277985640004772
-31.0,0.04,73,2026300573,2026120673,0,,,,,0.2826569230888161,0.11278751917599729,0.5445265016272596,15.961249012503158,8.404623443794874,28.037322715144985,1.282975461980307e-13,0.44812028202819176,0.3109431315304013,0.45894734099965717
-31.0,0.04,74,2026300574,2026120674,0,,,,,0.3320722185648673,0.1314692890604327,0.5540665979428743,21.072880755781476,10.774217779068213,35.20294915521876,-2.511168356589266e-13,-0.08719295532463976,-0.24109570756491974,0.44176837200029695
-31.0,0.04,75,2026300575,2026120675,1,K1ABC FN42 33,-30,0,10.140200,0.26585016525011285,0.10242557599987526,0.4668369100005305,9.774772093568275,5.523927768824221,18.305603022058897,-2.1492009560919456e-13,0.5939987300798575,0.4917575100963531,0.22974976699879335
-31.0,0.04,78,2026300578,2026120678,1,K1ABC FN42 33,-30,0,10.140200,0.30948788175891284,0.13424633461248117,0.5787414952723233,17.82558169364592,9.818055081762829,34.74838260404308,1.6961146029337293e-12,0.19747697209391593,0.2400379006089675,0.07571408699914173
-31.0,0.04,77,2026300577,2026120677,1,K1ABC FN42 33,-30,0,10.140200,0.31445910580787934,0.1371328769726968,0.5590433387747089,21.369705665617854,13.802233188679029,38.900896982030105,2.674762321352997e-12,-0.47055803726867607,-0.23070691068391402,0.2645409540000401
-31.0,0.04,80,2026300580,2026120680,1,K1ABC FN42 33,-30,0,10.140200,0.23330626152403783,0.10573162846919307,0.4140902605002077,13.552942639113539,7.008176899441399,26.244683049955167,1.904357747883889e-13,0.21999573805458578,0.30895246960479067,0.24203752599896688
-31.0,0.04,76,2026300576,2026120676,0,,,,,0.22521887236822613,0.07915620086688505,0.4229418907232977,5.784941846334694,2.863538942628084,10.5695091585423,-1.3924972286361026e-13,0.13673334960345276,0.03846794248440594,0.5355135680001695
-31.0,0.04,79,2026300579,2026120679,0,,,,,0.38988333355818666,0.1891429456496643,0.7229890442383785,25.467235682229155,14.830286804844054,49.30556143210564,2.384700509977522e-12,-0.11379899681470022,0.18237091528012045,0.5448500900001818
-31.0,0.04,82,2026300582,2026120682,1,K1ABC FN42 33,-31,0,10.140200,0.2598081489324565,0.09550375705733044,0.4914182108321293,12.406684389000171,6.161736529818927,22.50585934082861,1.7618241934802548e-12,0.017634270831176847,-0.10837981172083828,0.3681441189983161
-31.0,0.04,81,2026300581,2026120681,0,,,,,0.27575681858047296,0.09848982074354974,0.46053674317539506,8.692989488349037,3.898696228946221,14.739144105976335,8.402660078149493e-13,-0.1896984097895283,-0.12949058385696605,0.5353560900002776
-31.0,0.04,84,2026300584,2026120684,1,K1ABC FN42 33,-31,0,10.140200,0.37812797610711313,0.11051792353296247,0.5489087416112911,11.560381337008465,5.9392499216961046,21.04855794438744,-8.809107956975204e-13,0.41930624371493075,0.5167718013618137,0.26812858899938874
-31.0,0.04,83,2026300583,2026120683,0,,,,,0.3238015318950012,0.11717673428362574,0.5928075022879622,13.559643714875552,7.5847974891976335,24.39931285487691,7.893128425168205e-13,-0.10828532465777241,-0.06093143710370903,0.542259338999429
-31.0,0.04,85,2026300585,2026120685,1,K1ABC FN42 33,-30,0,10.140200,0.32979792014954434,0.13138883607888543,0.5474002154545524,18.556804267446346,9.73856849853052,34.98931183608379,1.5466538640096505e-12,-0.03787647310350826,-0.06546802480714761,0.3052816999988863
-31.0,0.04,87,2026300587,2026120687,1,K1ABC FN42 33,-31,0,10.140200,0.2183008338117639,0.07996000979949029,0.42584638031881783,8.982927002648216,5.231490292739332,17.51083986545295,-1.691346715460007e-13,0.059180098797562,0.046040579439029124,0.25427088200012804
-31.0,0.04,86,2026300586,2026120686,1,K1ABC FN42 33,-31,0,10.140200,0.2414706657054576,0.10032484060200944,0.45386273303429436,11.116309594976505,5.98393487198382,20.687581757494023,-8.590832038801732e-13,0.2960174214798761,0.19744239330113708,0.3523016799990728
-31.0,0.04,89,2026300589,2026120689,0,,,,,0.3291109558295856,0.1461180674835631,0.6415088132553398,21.853023492081512,13.58769017289944,43.037413595930055,-1.5714252815657304e-13,0.022037789428762895,-0.2186399164533165,0.509103939999477
-31.0,0.04,88,2026300588,2026120688,0,,,,,0.2656803259679606,0.09909043734790142,0.47172272391949766,9.653461164288009,5.03764939338192,16.811191784713877,-6.033307534125676e-13,0.18510941689074495,0.20916693718750523,0.5123670770008175
-31.0,0.04,91,2026300591,2026120691,0,,,,,0.2670301374772715,0.12148443261928704,0.49937722240358867,15.64646866930527,7.809314798088664,29.27478412866224,-1.037332546249825e-12,0.04640311062721493,0.22923493193654704,0.4962204429994017
-31.0,0.04,90,2026300590,2026120690,0,,,,,0.2685383701904343,0.11401417944212257,0.5100860998181771,15.490806572409332,9.172018120335485,29.68093224636948,-2.1066455871410206e-12,0.1312716543079743,-0.07652494784119124,0.5185935580011574
-31.0,0.04,92,2026300592,2026120692,0,,,,,0.276786806773515,0.0878157528456049,0.47105362947014706,11.051632384709087,5.9767676932196405,19.117111539738488,-2.8041848357251986e-13,-0.05230102982560368,-0.04842708186248214,0.5260299090004992
-31.0,0.04,93,2026300593,2026120693,0,,,,,0.3382227907743576,0.1350176924839303,0.5926904896863238,17.592182227803303,10.352356869229098,34.60868246691146,1.804707208327705e-12,-0.36311699219818205,-0.16995545324315664,0.5261080039999797
-31.0,0.04,94,2026300594,2026120694,0,,,,,0.26077778468906365,0.1102349981444398,0.49287706174128476,12.119085914505531,5.876760374903158,21.71495758185594,2.7189361873070084e-13,-0.6132240114608843,-0.5309714789360513,0.5048951789995044
-31.0,0.04,95,2026300595,2026120695,0,,,,,0.2946294501341281,0.1343772067417346,0.567729888273782,17.948280329880877,8.60943067493811,31.95898207405586,-6.367979060728501e-13,0.24587125500469095,0.4195155060036744,0.5288665099997161
-31.0,0.04,99,2026300599,2026120699,1,K1ABC FN42 33,-31,0,10.140200,0.27817830144898936,0.1231133108016997,0.48898216155442,18.76116896425876,9.655316490946376,33.739554194697156,-2.885257137374975e-14,0.4408395410929134,0.37671669746587877,0.2651169270011451
-31.0,0.04,98,2026300598,2026120698,1,K1ABC FN42 33,-32,0,10.140200,0.2621621849426292,0.09214843008316508,0.42927735196313443,12.95956596281896,7.012756588980318,22.28480947373602,7.141565984414289e-13,0.005758552308135335,0.13237729207643423,0.3414973099988856
-31.0,0.04,97,2026300597,2026120697,0,,,,,0.33487017845091305,0.15309340163882829,0.6276213367087576,20.13504744410645,9.033698813888666,33.05436851167835,-3.1159562777216543e-12,-0.06911993400716886,0.06812156095385753,0.4582073319998017
-31.0,0.04,96,2026300596,2026120696,0,,,,,0.2840830288884326,0.14037797393459955,0.5485000320756307,19.452071333089005,10.029273815841584,31.87314605679969,2.1964288027254142e-13,-0.19906071094600522,-0.4127642262636438,0.5317830679996405
-31.0,0.04,102,2026300602,2026120702,1,K1ABC FN42 33,-31,0,10.140200,0.2555298918871974,0.0986460422552991,0.5003635805036762,9.142284575785299,4.902897276809434,17.919922908297725,1.6731023576126158e-12,-0.24377450969955572,-0.2124182321865418,0.22778296599972236
-31.0,0.04,100,2026300600,2026120700,0,,,,,0.24647169854306777,0.12467937749473144,0.47210311237556296,20.40682526311217,12.280267879331632,37.99174252246852,-1.898986610321396e-13,-0.18627848950526957,-0.03595135087200229,0.5283495929998026
-31.0,0.04,103,2026300603,2026120703,0,,,,,0.2865573987006001,0.1255144044532473,0.5566335908333335,8.983994854641914,5.151696817206542,17.02465130936528,1.5195605190809758e-12,0.01921285986574139,0.18114650171924038,0.4264274760007538
-31.0,0.04,101,2026300601,2026120701,0,,,,,0.28544548921240964,0.12212056180633923,0.4845632935646804,15.588711293308785,7.49472327926771,26.093279707667364,-1.6025778794281909e-12,0.3971660118007684,0.15848515356712292,0.513119718998496
-31.0,0.04,104,2026300604,2026120704,0,,,,,0.4391841773599463,0.21634383385103056,0.7553029450221744,34.93916543140816,22.99787018979173,66.61522242696509,9.304102627227806e-13,0.38504135461566585,-0.032703116301198966,0.5470918600003642
-31.0,0.04,105,2026300605,2026120705,0,,,,,0.3036792799937654,0.11583809218872926,0.48934310279413973,16.547664340989975,9.299674746925668,29.63991596715186,-1.5894221702672517e-12,-0.4310593355018285,-0.49654404050625894,0.5165366090004682
-31.0,0.04,106,2026300606,2026120706,0,,,,,0.2079672710974047,0.09833671979286834,0.39584180006551273,12.746257140669337,8.102946614179722,23.491319749195565,8.276990204336698e-13,-0.3342425380873299,-0.16242295384866245,0.534094806000212
-31.0,0.04,107,2026300607,2026120707,0,,,,,0.33842802077446804,0.14246419291204104,0.6097377597731752,18.510275773783114,11.242760305363399,36.93492929033376,-6.625418529776494e-13,0.38175733526652966,0.30507980546360697,0.5418214360015554
-31.0,0.04,110,2026300610,2026120710,1,K1ABC FN42 33,-30,0,10.140200,0.5089327249615966,0.1541316811336584,0.7971191863675033,23.20948737998091,13.339114061622384,41.61796078870648,-1.0023613883358706e-12,-0.6181344565231801,-0.5420666409579388,0.05372200000056182
-31.0,0.04,108,2026300608,2026120708,0,,,,,0.3796310421761241,0.1646916602013469,0.661834967599285,25.144994259505836,13.297514389991198,41.12491192547431,2.941917542909067e-14,-0.37488780260558513,-0.1713451477981943,0.4309882909983571
-31.0,0.04,109,2026300609,2026120709,0,,,,,0.23697345698587388,0.10037375056170085,0.47142190810550944,10.322641559819644,6.54278054857523,19.381698547421202,1.5356639571084685e-14,0.1538998062548088,-0.07307430245116564,0.5079501659984089
-31.0,0.04,111,2026300611,2026120711,0,,,,,0.3504790480320235,0.12167869927323295,0.6111716542945247,15.767249250057631,7.555649347693775,24.71994338931337,1.490300938211675e-13,-0.19748124916736243,-0.3535276899742734,0.5062168549993658
-31.0,0.04,112,2026300612,2026120712,0,,,,,0.2546245373280496,0.11856970261596723,0.4901414253495726,16.130270327523196,9.241712211448622,30.90425853968547,5.738760161522194e-13,-0.040881880404864096,0.01111330664128508,0.5057672710008774
-31.0,0.04,113,2026300613,2026120713,0,,,,,0.30963479618749534,0.12885383540579004,0.5325092476484586,14.186532853581232,8.706979556293842,26.234489766421554,7.251144129583054e-13,0.25117582316612047,0.07304890653059352,0.5262959499996214
-31.0,0.04,114,2026300614,2026120714,1,K1ABC FN42 33,-31,0,10.140200,0.25887157615142375,0.12125839971303168,0.4859188652683092,17.448829784090158,7.906495588341427,29.705316112467933,-8.266616557950357e-13,-0.25943124558937947,-0.13432080173150646,0.2671710949998669
-31.0,0.04,118,2026300618,2026120718,1,K1ABC FN42 33,-30,0,10.140200,0.27520802618503437,0.13084657860588275,0.5208291655897525,12.429515215022409,6.266474877580281,21.5424305627623,3.2506549535460394e-13,-0.15342690908220089,-0.23777184495270987,0.2625642839993816
-31.0,0.04,115,2026300615,2026120715,0,,,,,0.2546223495289731,0.10985010383347492,0.4763129845967756,15.531944667736136,7.0891296648377145,25.046476635369654,1.4290218314227943e-13,0.37652093478652715,0.5982115698543297,0.5293452080004499
-31.0,0.04,116,2026300616,2026120716,0,,,,,0.5383237500822776,0.16208481979162115,0.8548147068091649,22.848481005410225,11.748674670654495,38.41758802379374,8.734957201994575e-13,-0.5713736555367706,-0.033049905454492975,0.5292893250007182
-31.0,0.04,117,2026300617,2026120717,0,,,,,0.2797167410237834,0.11176153870726652,0.48473544385000417,14.827743537441771,7.893571992586664,26.653850947164244,-7.851228348010331e-14,0.17548239582117958,0.13434194364754262,0.44651321200035454
-31.0,0.04,120,2026300620,2026120720,0,,,,,0.2515352020186179,0.11432134888641404,0.4903143410423053,16.11922595948734,9.411019075104717,28.645045303625977,-1.4733657002774514e-12,0.16934470481856534,0.3366949387118804,0.45170765799957735
-31.0,0.04,119,2026300619,2026120719,0,,,,,0.22126070853979068,0.10334153421586427,0.4200833515936938,10.836869341968688,5.693765568417266,20.480149166825438,-5.381127943411557e-13,-0.1332699251484885,-0.24782929702188447,0.5528541679996124
-31.0,0.04,121,2026300621,2026120721,0,,,,,0.3927100760194626,0.1249323482981801,0.6414100674656972,14.391546869437507,8.40561440937128,27.826805241517874,1.8879667794402533e-12,-0.1853764396228911,0.17582911448025568,0.5287086209991685
-31.0,0.04,122,2026300622,2026120722,0,,,,,0.3170879656551555,0.17394344755781027,0.6005235186144533,24.809028343601312,14.243870433271454,47.71058150018394,2.5246853219140775e-12,0.17102203006725208,0.30335505359419856,0.5139642460017058
-31.0,0.04,123,2026300623,2026120723,0,,,,,0.24799299716195233,0.09739921932613932,0.4412850592243238,7.030039031121387,3.622982380826103,13.072892444945811,1.673316433331573e-13,0.11305773918066117,0.21175882868533313,0.5351651389992185
-31.0,0.04,124,2026300624,2026120724,0,,,,,0.23361636335721142,0.09369348293567398,0.4440737906202435,7.950655124351167,4.2893449397463215,14.346090599323126,-8.306257157780772e-13,0.07638421473682212,0.05464094743688195,0.5348399700014852
-31.0,0.04,125,2026300625,2026120725,0,,,,,0.2823961390792489,0.08875097500040996,0.46737384682646427,9.377551263810668,4.572001430085833,17.093222030718806,-1.1612217264145297e-13,0.1869331809223986,0.1392660607618862,0.5199193930002366
-31.0,0.04,126,2026300626,2026120726,0,,,,,0.26760138686406826,0.11874040289963057,0.5143263439378265,15.327011233203407,8.28359048807196,26.055682699080563,1.1281782799632545e-12,-0.068974373916505,-0.08592426623868751,0.5549814770001831
-31.0,0.04,128,2026300628,2026120728,1,K1ABC FN42 33,-30,0,10.140200,0.24239489093747463,0.06393951131075268,0.3786711479708763,6.142666564137781,2.700615689297833,10.13014361235016,5.080940009005719e-13,-0.07512357595911154,-0.16027532924631327,0.3856727319998754
-31.0,0.04,127,2026300627,2026120727,0,,,,,0.7468203649832028,0.2702435279245649,1.1640418458843662,40.80196543172529,27.898227954653994,78.99023740843221,-2.3138123361743368e-12,0.41057821072079326,0.27236261753882307,0.45731191800041415
-31.0,0.04,129,2026300629,2026120729,0,,,,,0.3150642619502464,0.13435852431941664,0.6033996284375219,19.55162734133753,9.918641302708336,32.926048855390235,1.323358089777571e-12,0.23911300022497545,0.1951408130466878,0.5408224430011614
-31.0,0.04,130,2026300630,2026120730,0,,,,,0.3784212979467711,0.13251207347777577,0.6410636135568248,12.645831978485145,7.580845156229009,23.74461187581545,-1.1484670094270844e-12,0.4176581751439579,0.11097639752793258,0.5450467099999514
-31.0,0.04,132,2026300632,2026120732,0,,,,,0.2291979511374855,0.07282722205427739,0.3648364116761472,6.354296566294916,2.9812154540755715,12.258118077903355,-5.26462527001767e-13,0.1032278212350424,0.11142904142292338,0.50710528899981
-31.0,0.04,131,2026300631,2026120731,0,,,,,0.32744133034922285,0.12242266195928717,0.5266968291179986,15.117739679521497,7.014408813621869,27.009001036423086,1.0735570418751728e-12,0.2238115789569121,-0.08032659852156958,0.5333108720005839
-31.0,0.04,133,2026300633,2026120733,0,,,,,0.423913866756807,0.14481498292367287,0.6604994846014486,19.196465956593233,9.733721830827953,33.81615798807513,2.3325386760975064e-12,0.2866321819060117,0.17145770724220874,0.42684370200004196
-31.0,0.04,134,2026300634,2026120734,1,K1ABC FN42 33,-32,0,10.140200,0.22801785751209197,0.0907178158221903,0.40395714726783194,8.01206578763428,3.6098948767596037,13.925044787177761,-4.499378300493184e-13,-0.0026579283932616814,0.21577978644563542,0.35078347400121856
-31.0,0.04,137,2026300637,2026120737,1,K1ABC FN42 33,-31,0,10.140200,0.29194375185339083,0.10950524483256735,0.5594947714605527,6.890964302719621,3.7383499923900168,13.168585464587826,-5.954334247881832e-13,-0.13432959334430666,-0.06329168200037091,0.05581265399996482
-31.0,0.04,135,2026300635,2026120735,0,,,,,0.3002179591552563,0.09597492240430902,0.4382336680306661,12.546441041645693,6.924163720114523,22.52059848444965,1.5014647511413237e-12,0.06713249908817845,0.017120310361173886,0.5213585649999004
-31.0,0.04,136,2026300636,2026120736,0,,,,,0.3519221491521426,0.15441978443420878,0.6458971000006254,21.849986762693664,12.026141153251686,39.46249053151884,-9.019279463909347e-13,-0.27948627823604055,-0.6186579030027154,0.5329051389999222
-31.0,0.04,138,2026300638,2026120738,0,,,,,0.3427893586371288,0.15686966760422347,0.6663409130906782,22.810190143309857,14.791907144572464,45.271258145422614,-1.1244477571281664e-12,-0.14968558125176978,0.0036692894161776063,0.43612118199962424
-31.0,0.04,139,2026300639,2026120739,0,,,,,0.23096160164013144,0.07826379691465828,0.4436091884167517,7.7643084734082715,3.4116708874236155,12.334735970561328,3.072455484476322e-14,-0.10918370642053722,-0.029258631244955757,0.5001683559985395
-31.0,0.04,142,2026300642,2026120742,0,,,,,0.22293372713343962,0.08715363007788902,0.420487212373176,7.855102002983609,3.879940226282578,13.130428278855987,-9.31196092457398e-13,-0.01900320863663963,0.027922913703218293,0.423478934000741
-31.0,0.04,140,2026300640,2026120740,0,,,,,0.3939709486328935,0.1654730555523777,0.7145882807605215,27.161744524790556,16.262600768660466,47.152722734302145,3.993694697862482e-12,0.32686136761106754,-0.0004241839470991979,0.5362812759994995
-31.0,0.04,141,2026300641,2026120741,0,,,,,0.3166052136424796,0.11005354457888149,0.5681292289550848,13.511882661731171,5.381876784295167,19.50965969081242,1.225112676236928e-12,-0.07638977121370051,0.17513424409890457,0.5306420009983412
-31.0,0.04,143,2026300643,2026120743,0,,,,,0.3956110742355268,0.20467643957359807,0.7161821294220561,30.26358121198311,15.887784573976754,54.144668541087256,1.7335646806948546e-12,0.2014936368990395,0.558429589381259,0.5479701459989883
-31.0,0.04,145,2026300645,2026120745,1,K1ABC FN42 33,-30,0,10.140200,0.26188403130481364,0.0964852380568415,0.4588849083509667,14.262956295896283,7.955564539387777,27.132686529035897,-4.839618289453895e-13,0.24136694754433485,0.09768810132172492,0.2583320870016905
-31.0,0.04,144,2026300644,2026120744,0,,,,,0.31281206343201173,0.09911696558263745,0.5535093894121231,13.212305968501532,8.114250792695252,23.909060168970406,5.61342639038287e-13,-0.14278769766907423,0.1700243657629375,0.5238670129983802
-31.0,0.04,146,2026300646,2026120746,0,,,,,0.33627955661594566,0.15981817218552669,0.6026663164271453,22.515413886759376,13.89610006436058,42.50267955769408,-2.0394276545321333e-13,0.3261436798234415,0.3669845999620068,0.5131792970005336
-31.0,0.04,148,2026300648,2026120748,1,K1ABC FN42 33,-31,0,10.140200,0.3258110692930733,0.1261513604441277,0.5630616798109116,17.141517186589965,9.896625889628426,33.10916806899877,-3.697278594394504e-12,0.5458628848903193,0.2697107002550475,0.28504084699852683
-31.0,0.04,147,2026300647,2026120747,0,,,,,0.30654064144149035,0.1135448785873777,0.5769278332384471,12.577501293468138,6.185693540107157,21.15633004611535,-7.901982020108722e-13,0.06429670040045553,0.16727721608776536,0.3999102249999851
-31.0,0.04,149,2026300649,2026120749,1,K1ABC FN42 33,-31,0,10.140200,0.3399650479085701,0.12407116832092956,0.6478579307656523,15.01702216711669,9.709547881670503,27.164575851966447,5.595602106667208e-13,0.22455220805332968,0.030751917572130985,0.35984121299952676
-31.0,0.04,152,2026300652,2026120752,1,K1ABC FN42 33,-31,0,10.140200,0.2639380279976135,0.09020364540431493,0.4468371194482279,9.230436917577117,4.237146767835953,15.256750669135087,7.726480046044149e-13,-0.1866616616065685,-0.3053730735955313,0.40873521299909044
-31.0,0.04,150,2026300650,2026120750,0,,,,,0.16622942897517623,0.08588967480255445,0.3315748603024392,10.139770487535728,4.357026704372959,15.954166063437079,-7.699561474505678e-13,0.16906394002632813,0.32113697961009924,0.5173683230004826
-31.0,0.04,151,2026300651,2026120751,0,,,,,0.5409092232240286,0.19665450127306003,0.8684798607961115,29.134996805759172,19.144618912637664,56.417831723515675,3.8517002087790075e-12,-0.477809386426399,-0.28942417485108,0.5254156929986493
-31.0,0.04,154,2026300654,2026120754,1,K1ABC FN42 33,-32,0,10.140200,0.2204233688465937,0.0921662118772155,0.38708446038381183,9.63034194445901,5.772929218961112,19.098897919258782,4.216878582430361e-13,0.13902985669737244,0.19329636710080017,0.1511334259994328
-31.0,0.04,153,2026300653,2026120753,0,,,,,0.31796032945282604,0.13053389680250074,0.5742163735188083,17.99401809479647,9.624120418669508,33.114166495053226,-2.3593973996760553e-14,-0.058475356575407124,-0.22191458737701908,0.42753838800126687
-31.0,0.04,156,2026300656,2026120756,1,K1ABC FN42 33,-31,0,10.140200,0.23392248029111828,0.1081181469382446,0.45659919355932177,10.53350832019717,6.007041173827673,19.356555768277104,8.237160953328271e-13,0.20298508205929197,0.06000613561430643,0.3023062979991664
-31.0,0.04,155,2026300655,2026120755,0,,,,,0.34491527724928417,0.14044353383868516,0.5874867484246429,15.161547677420371,9.51281331463863,28.711684146033804,4.601943826010313e-13,-0.17099841544298924,-0.3578730742587075,0.43626685999879555
-31.0,0.04,157,2026300657,2026120757,0,,,,,0.4767125547836588,0.18178248726342613,0.8996550766329653,26.39949996653743,15.25151850492534,43.030342820279735,-1.19343510768255e-12,-0.5304952843480129,-0.05378272956435401,0.5193076750001637
-31.0,0.04,158,2026300658,2026120758,0,,,,,0.5168792698807267,0.2273493877430227,0.9068037693199061,36.064059311857754,22.085799067645734,61.970169944469575,1.7079046510382057e-12,0.2262762371126067,0.3816683592454976,0.4509548089990858
-31.0,0.04,159,2026300659,2026120759,0,,,,,0.16823966322371206,0.06933039668787319,0.325254064900119,6.419554354034674,2.6236213411350118,10.420472036756632,1.3053794156725473e-14,0.021852645713487006,0.10155208237184644,0.5289939069989487
-31.0,0.04,162,2026300662,2026120762,1,K1ABC FN42 33,-30,0,10.140200,0.21481340705047128,0.08333109852185436,0.3639356376450822,8.602536674163796,4.656326511076185,16.515826644489685,-2.1474884587605048e-13,0.22313854396254854,0.39622374507957003,0.2781287750003685
-31.0,0.04,160,2026300660,2026120760,0,,,,,0.6093999704966642,0.2114407214096338,0.9612739559452154,35.57303819494532,17.318770674234965,56.01085284926891,3.5064659509309593e-12,-0.04021444357667867,-0.10509413025349046,0.5254803070001799
-31.0,0.04,161,2026300661,2026120761,0,,,,,0.2710886841610207,0.10005427824619999,0.4543937785066786,7.645170718813957,4.2776214680901825,15.07079550314564,6.422596829369631e-14,-0.0053194020759220065,-0.06241542550301284,0.5313452720001806
-31.0,0.04,164,2026300664,2026120764,1,K1ABC FN42 33,-30,0,10.140200,0.27848595208150295,0.10888106816661276,0.5090716288367112,14.51030530984361,8.275420574319199,27.12269246073247,-1.0909233585931766e-12,0.23876708895804935,0.21192358571969422,0.24060361400006514
-31.0,0.04,163,2026300663,2026120763,0,,,,,0.4013327271465639,0.21120103568529577,0.7392614863885101,33.42955665675684,18.8520068716039,61.66977469257789,2.317876928803822e-13,0.6303416516803003,0.4717676152674466,0.5145405499988556
-31.0,0.04,165,2026300665,2026120765,0,,,,,0.18699797983555533,0.08548574730001676,0.3592846445038359,10.492718332384579,5.636495906344023,20.975456954413662,5.954529404272879e-13,-0.35933175298585496,-0.26710057302570067,0.5442537890012318
-31.0,0.04,166,2026300666,2026120766,0,,,,,0.29306934203195034,0.14014673410376882,0.5785482333271788,22.629675172580864,13.392230951949417,39.762389413012755,2.68813617199104e-13,0.05603365571273038,-0.03532809837964399,0.41667186500126263
-31.0,0.04,168,2026300668,2026120768,0,,,,,0.3376091725430627,0.15249172548475884,0.6398315187035777,19.95725093459685,9.212412281786614,35.91238006048296,1.1939039167019327e-12,-0.03807756501894015,-0.04974853742678215,0.5196087280000938
-31.0,0.04,169,2026300669,2026120769,0,,,,,0.4827787973396971,0.14153392470706008,0.7125545906161221,16.89120580280737,7.922026634777558,29.660391097387958,-5.401486549705403e-13,0.6283431168690925,0.6203408840618244,0.5028112919990235
-31.0,0.04,167,2026300667,2026120767,0,,,,,0.26826403743391936,0.1056375369035433,0.5164790633324616,10.999439702030765,6.759300399362163,21.329207860685802,-5.672849343052455e-13,0.1651451301463443,0.11568410440022728,0.8811784199988324
-31.0,0.04,170,2026300670,2026120770,0,,,,,0.19929437017105772,0.09511909054374111,0.38994125119144246,8.202344044296996,4.031477848961646,14.632766699372178,2.899971929259948e-13,0.10639642340189151,0.27153817496488586,0.5177051400005439
-31.0,0.04,172,2026300672,2026120772,1,K1ABC FN42 33,-31,0,10.140200,0.23467418131382867,0.09640599405814212,0.4252232780364219,15.47567201037806,7.588498781493516,25.709845368298005,8.145463470388137e-13,-0.26279014825024016,-0.36255767447054466,0.2579462040012004
-31.0,0.04,173,2026300673,2026120773,1,K1ABC FN42 33,-30,0,10.140200,0.22583737071046717,0.09211093910441749,0.41566475324162666,7.669873633460777,4.084439454100815,14.613209209803177,9.236574179116719e-13,0.06868726627656842,0.005555148304329374,0.36735296299957554
-31.0,0.04,171,2026300671,2026120771,0,,,,,0.22770440408197984,0.10410132916239064,0.43195713688120585,9.325660513202896,4.678833188528041,18.58941544868432,1.216211810081691e-12,0.11600924619220493,0.04793065405146017,0.5334661590004544
-31.0,0.04,175,2026300675,2026120775,1,K1ABC FN42 33,-32,0,10.140200,0.3201839767940745,0.117159808755087,0.5501247841225796,15.909059293223963,7.235433866459174,24.687655688365616,-2.954555003431558e-13,0.17768780812440102,0.22857005505731753,0.2718332000004011
-31.0,0.04,174,2026300674,2026120774,0,,,,,0.4397620521844847,0.14198203048742108,0.7682604806502453,19.454506400048043,10.689053259211727,29.867472297168803,-2.877524607480808e-13,0.44583002567219326,0.15226203874584113,0.5694012179992569
-31.0,0.04,177,2026300677,2026120777,1,K1ABC FN42 33,-32,0,10.140200,0.16675931692039506,0.0682831013968305,0.3246034881900445,8.835474575817674,5.232896969917971,17.368428024788997,4.397090330732212e-14,0.043872062310545426,0.14987781330842917,0.2889336000007461
-31.0,0.04,178,2026300678,2026120778,1,K1ABC FN42 33,-30,0,10.140200,0.22345006360142983,0.1027944272447567,0.4022333195244616,8.447898500858036,4.793740070813145,15.799791499385933,-3.5849014728972506e-13,0.24488320825834156,0.3913077723727018,0.27228594400003203
-31.0,0.04,180,2026300680,2026120780,1,K1ABC FN42 33,-31,0,10.140200,0.20703713171656735,0.08715572396684951,0.40038514580660745,8.466141365055423,4.070443318565338,15.3485617087487,-8.288282169963135e-13,-0.33229267559536246,-0.18633760802679486,0.21233073700022942
-31.0,0.04,176,2026300676,2026120776,0,,,,,0.26224005834222597,0.09263171076812346,0.48950062773135355,10.425896927942405,5.265714148911516,17.43988875400734,-1.0770030700602007e-13,0.07571662596908942,0.31637217773786835,0.548989413999152
-31.0,0.04,181,2026300681,2026120781,1,K1ABC FN42 33,-31,0,10.140200,0.3902645991961893,0.16720031248393408,0.7339842405521302,24.260164571139946,13.7373017384549,43.057281609058876,-2.028860803318655e-12,0.19600814142197182,0.5319568913069644,0.23262306600008742
-31.0,0.04,184,2026300684,2026120784,0,,,,,0.48232304547327964,0.18340331044794145,0.7550615684602154,26.80042736198407,15.35390817486306,49.92743006185799,2.9439940069098114e-12,0.5830341745026429,0.10071112902936331,0.07292906999828119
-31.0,0.04,179,2026300679,2026120779,0,,,,,0.24518594947561612,0.09561947208925548,0.4385322544596729,10.562467706620916,5.2487727525737755,19.173574997006426,1.308055877155545e-12,0.08555457668644215,0.16325687041496723,0.5205941280000843
-31.0,0.04,185,2026300685,2026120785,1,K1ABC FN42 33,-32,0,10.140200,0.2102454237046073,0.09474349462737043,0.38018968850713675,9.798955840509189,4.410454159527729,17.931217172146358,4.492656247023774e-13,0.28675196465086955,0.2890334752865084,0.058837824000875116
-31.0,0.04,187,2026300687,2026120787,1,K1ABC FN42 33,-31,0,10.140200,0.2627695595453791,0.10567394160476683,0.447905824939242,15.530486503720402,8.385905633882425,26.386047260532475,-5.273993047838488e-15,-0.11423534832047033,0.044767620729616535,0.09478468099950987
-31.0,0.04,183,2026300683,2026120783,1,K1ABC FN42 33,-30,0,10.140200,0.21628520268515605,0.09744595096996853,0.4213052667875562,13.681174233495337,7.637799051560689,25.182208303257127,-5.400100939328967e-13,-0.19743694263691572,-0.04726876597930755,0.3395408750002389
-31.0,0.04,186,2026300686,2026120786,1,K1ABC FN42 33,-30,0,10.140200,0.31992427282601055,0.10226454879391503,0.524139852547437,13.216793549479256,7.557514563014889,24.64318064681131,2.0519176635591663e-13,0.4181846154581392,0.4034416548500166,0.1651585489998979
-31.0,0.04,182,2026300682,2026120782,0,,,,,0.5348597911365602,0.17753209674661002,0.8896705975423282,25.180899279862476,12.43848358685997,43.26610568230278,-3.8816172498457036e-14,-0.0942676851535804,-0.21173658258612132,0.5086505620001844
-31.0,0.04,190,2026300690,2026120790,0,,,,,0.2962386371523226,0.09996439680144571,0.5216615070556678,10.741240838339955,5.649711700177333,19.638611872923086,-1.7275018221463156e-12,0.33769909512575874,0.2558935433516286,0.4487785900000745
-31.0,0.04,191,2026300691,2026120791,1,K1ABC FN42 33,-31,0,10.140200,0.26954468245132984,0.1025282370140981,0.49367199129796185,9.838498797069805,4.917732275538477,17.49271793129616,1.7448108929896122e-13,-0.7055881889140584,-0.5612352817565316,0.3515566080004646
-31.0,0.04,188,2026300688,2026120788,0,,,,,0.2395504569614638,0.1136468572418397,0.4764887609710737,13.891480837160163,6.309762356315014,24.687017164914156,9.077747234464972e-13,-0.16937327480715514,-0.255538263278893,0.5183383290004713
-31.0,0.04,189,2026300689,2026120789,0,,,,,0.20736792141682747,0.08796242694911147,0.4055076361994767,9.78016922173356,4.011030718842603,16.837170673145973,3.4950081023721324e-13,-0.033152998526231915,0.14492772522010317,0.5528339559987216
-31.0,0.04,192,2026300692,2026120792,1,K1ABC FN42 33,-30,0,10.140200,0.3008242970810726,0.12696542778157732,0.5573062708287118,16.68425597965451,11.323144469190284,33.26161175616669,-1.998372821387928e-12,0.02633076953791854,0.2176104000150866,0.10625603500011493
-31.0,0.04,193,2026300693,2026120793,1,K1ABC FN42 33,-30,0,10.140200,0.28019098428355693,0.11206919487924873,0.517259347680079,12.508894616119152,6.0632385092156875,24.786098649025917,3.513287751000238e-13,0.13132922516296083,-0.06708026345513193,0.277116040000692
-31.0,0.04,194,2026300694,2026120794,1,K1ABC FN42 33,-31,0,10.140200,0.3078911515917119,0.1443725165003285,0.6012855200826199,23.727183807802827,13.201323219125069,37.99916525905949,1.970198310052851e-12,0.08427027559314466,0.2688994573984585,0.3145355689994176
-31.0,0.04,195,2026300695,2026120795,0,,,,,0.3648693383836493,0.19098157845078678,0.6677733493535398,32.01472163015566,19.599067113924516,57.07877035867121,-1.9311106533304034e-12,-0.20295812467492663,0.11724028689971923,0.5370769719993405
-31.0,0.04,196,2026300696,2026120796,0,,,,,0.35023856887687377,0.17815209234186205,0.6955842344612254,25.585848658448132,16.440685882498208,50.809937944987965,-5.641167220848953e-12,0.23177513200003635,0.09816816031347501,0.5229207789998327
-31.0,0.04,197,2026300697,2026120797,1,K1ABC FN42 33,-31,0,10.140200,0.28605786928333865,0.11447128225582207,0.47325122816356213,16.641008636512655,9.605223614146405,32.51272349300077,-1.4060198318122108e-12,0.12670986991231922,0.10702303885810681,0.40397701199981384
-31.0,0.04,198,2026300698,2026120798,0,,,,,0.22599294170597528,0.0958485525057988,0.4155686851806143,10.2493732269559,5.2611713692476725,20.100947235309388,-1.3172442737269252e-12,0.16431612268158455,0.18356775729451222,0.40898770000057993
-31.0,0.08,1,2026400501,2026120601,1,K1ABC FN42 33,-31,0,10.140200,0.9035111199272424,0.3076684291731047,1.51970205930448,30.914796043547625,19.893389039197086,60.08483672024724,-1.838692392786001e-12,-0.18219358365143432,-0.7983845230286721,0.05125114300062705
-31.0,0.04,199,2026300699,2026120799,1,K1ABC FN42 33,-31,0,10.140200,0.20720252713469342,0.07830511604180862,0.36939950360643203,8.994356952530449,3.5393390237076843,13.514745786699638,-6.483008574420523e-14,0.12165315881529054,0.04228421990070584,0.2653620029996091
-31.0,0.08,4,2026400504,2026120604,0,,,,,1.0977753337918807,0.4139174845149715,2.074917143444295,60.30677071274353,34.99239693693365,113.97818221140874,-5.064282326827652e-13,-0.4363271848216435,-0.4047662886851796,0.0648468800009141
-31.0,0.08,0,2026400500,2026120600,0,,,,,0.43328609178781996,0.17107303121161507,0.8366519029862942,23.50555503917428,8.91965843778894,36.21989792638709,2.745958842254037e-13,0.0548577183249769,0.27594787074045124,0.5185962310006289
-31.0,0.08,3,2026400503,2026120603,0,,,,,0.946399213825007,0.3632589921898681,1.654816795656708,42.98119564584,21.482845073315378,70.59425411289416,8.731314282695024e-13,0.21714934510350467,-0.40517594625706554,0.5269667520005896
-31.0,0.08,2,2026400502,2026120602,0,,,,,0.7089470659471566,0.29105574413394364,1.2827931779891069,33.93976475550484,16.581458611349777,60.47829085606549,-3.890155558794461e-12,-0.2775112431574599,-0.1629201006898576,0.5395534230010526
-31.0,0.08,5,2026400505,2026120605,0,,,,,0.4665814428232028,0.2205094847045881,0.8853235473813869,24.663468288371373,12.543524822713161,43.55762893866344,-1.0568750735684418e-12,-0.34611572730151446,-0.6643699541202448,0.4406852609990892
-31.0,0.08,6,2026400506,2026120606,1,K1ABC FN42 33,-32,0,10.140200,0.38648080077598407,0.14510015979847013,0.716453017750738,14.12112218904983,6.015957257225892,24.943464636056653,4.2832751234733735e-13,0.20828836442829723,0.14008775814846555,0.3857209170000715
-31.0,0.08,9,2026400509,2026120609,0,,,,,0.5924849203809609,0.2925561867950165,1.1173160271856837,46.25850265171046,26.412956224836574,90.48664536207838,7.385000597159852e-12,-0.07201827104467944,-0.42540200767964,0.42453826499877323
-31.0,0.08,7,2026400507,2026120607,0,,,,,0.6705711789367788,0.2676068175867131,1.2181978336082546,29.44776573347666,14.571987128147287,54.785563676670975,-8.530220800551103e-13,1.3997203105769866,0.8520936559055108,0.5332989500002441
-31.0,0.08,8,2026400508,2026120608,0,,,,,0.28038898726545136,0.09852764146292922,0.5028411580023588,6.185406162724116,2.370728123254734,10.763987464631144,3.001303632704788e-13,-0.2270874843838858,-0.15590555531833367,0.5546501089993399
-31.0,0.08,10,2026400510,2026120610,0,,,,,0.8215235830792831,0.3746862057154641,1.4716349594453955,53.53584197812512,38.107961731545515,106.94037313629164,1.279721294211722e-11,0.796239602923671,1.2424072299285291,0.42606077900018136
-31.0,0.08,11,2026400511,2026120611,0,,,,,0.6119171988096549,0.3068927155969488,1.1373331207827038,47.588364249200204,28.512840926313192,91.24933324865431,-2.5062209252357803e-12,-0.7583975930358142,-0.384717258401911,0.42128315400077554
-31.0,0.08,12,2026400512,2026120612,0,,,,,0.6153939537364258,0.23025211773402635,1.0802834529247418,30.527283036091948,13.34794305327795,49.27838509857558,4.5111570728950667e-13,-0.17867992634888397,0.286209572839432,0.5134125389995461
-31.0,0.08,14,2026400514,2026120614,0,,,,,0.38833552456413706,0.1516853914641645,0.7244923660345054,14.575003336418842,7.085957276792876,28.753691455542018,-4.15565151734576e-13,0.07210149457003945,0.15418772521600102,0.37510056599967356
-31.0,0.08,13,2026400513,2026120613,0,,,,,0.7694636852337808,0.35065718052855865,1.4813183584946095,60.244357212015935,32.3114864568411,99.16622345350979,-1.2185639650108548e-11,0.335351351152337,-0.05417000405009453,0.5029091839987814
-31.0,0.08,16,2026400516,2026120616,0,,,,,1.1969015085412427,0.5136323785712023,1.897172843190653,82.55736595243754,54.19049793506325,156.28276366753306,-9.736975115082203e-12,1.0359772465067731,-0.16092426203446955,0.06744758599961642
-31.0,0.08,19,2026400519,2026120619,0,,,,,0.603773582402253,0.21348580373733586,1.0774787445960297,24.28228504155362,11.571852019587247,39.89000326016702,3.8581308287044536e-12,-0.23722458005211555,-0.11055288344761567,0.36580273199979274
-31.0,0.08,15,2026400515,2026120615,0,,,,,0.6061880369948773,0.17924754986452338,1.0401714627587815,25.110608634502693,13.469023591346529,42.02490942647461,-2.501748808114712e-13,0.31783093568075216,0.07744205461401589,0.5440537539998331
-31.0,0.08,21,2026400521,2026120621,0,,,,,0.8336651268996129,0.3759863823717752,1.5053642137016152,63.91088948544182,35.03291862283283,108.30700120618215,5.431123432930729e-12,0.493831918906008,-0.0012832008122465658,0.04789168100069219
-31.0,0.08,18,2026400518,2026120618,0,,,,,0.6412932815323198,0.2669186722071777,1.1866381335725391,38.10258571097668,15.64255662760946,53.956705785111645,-2.4848040292013707e-12,1.3617392370708814,1.2166583717253032,0.5357129220010393
-31.0,0.08,17,2026400517,2026120617,0,,,,,0.5065371983637115,0.18176331282005348,0.9711628275124233,16.414847212291818,10.462066038318007,32.78725340286268,7.909298216368654e-13,0.33986425537462095,-0.10283090071815397,0.5480671289988095
-31.0,0.08,24,2026400524,2026120624,0,,,,,0.3945862643328544,0.14626525975870006,0.7161569220410344,12.96017795553985,5.71085468464426,24.19244972850514,2.029005652728899e-12,-0.29192365054366,-0.3720936738054654,0.05473834900112706
-31.0,0.08,20,2026400520,2026120620,0,,,,,0.5174461568301476,0.17667408407977367,0.9017777966613953,17.809726282461465,9.579685275409796,33.44646964585885,-4.516608441418324e-13,0.09035841000245898,0.19916225975570356,0.5230688219999138
-31.0,0.08,22,2026400522,2026120622,0,,,,,0.6609784075257923,0.28759630968650857,1.188810407160735,39.90061421668217,27.504550719640847,71.90478066045134,-5.443822476136617e-12,-0.04478183371465333,-0.6280470174155706,0.5434747480012447
-31.0,0.08,23,2026400523,2026120623,0,,,,,0.5808369872752369,0.26517543057348725,1.0166964404062848,38.17109187364265,24.58596551970625,75.62094485110262,-6.951689224266033e-12,-0.4955734629263504,-0.2772677046591704,0.5471599429984053
-31.0,0.08,25,2026400525,2026120625,0,,,,,0.8327614893743484,0.2931419056127801,1.3353325372179814,37.463579901951825,19.984052819114854,64.12176105192334,-1.4112565283053158e-12,-0.08256178381833901,-0.04453781945391942,0.5219958870002301
-31.0,0.08,28,2026400528,2026120628,0,,,,,0.8069023072250473,0.3816202137131154,1.5719109884784235,53.72101451984839,25.669724970459832,82.05369197072667,2.3536077600749827e-12,1.1234443854555096,0.9124100128945146,0.062409905998720205
-31.0,0.08,29,2026400529,2026120629,0,,,,,0.6179746002564157,0.23602903778443043,1.1372265378622302,22.843544367097287,12.462380837540655,41.752143978627586,2.167123685364869e-12,-0.640554339340751,-0.6664129729233359,0.05577426699892385
-31.0,0.08,26,2026400526,2026120626,0,,,,,0.7474011257065719,0.3685205199745273,1.4444621312222625,57.751180697929925,33.21933475901858,105.95596416771812,2.5617008514444706e-13,0.5250305909813148,-0.15144423384531475,0.4222449629996845
-31.0,0.08,32,2026400532,2026120632,0,,,,,0.6277636833164808,0.26685586940981726,1.213545153293451,38.093314893074016,18.13256625685386,63.698158859213116,9.975041626031356e-13,0.4508772028011099,0.5294342293206376,0.052175676999468124
-31.0,0.08,27,2026400527,2026120627,0,,,,,0.5889124233246843,0.23387730920643734,1.0038707439054932,31.176541043242985,17.455761095652093,60.91633205069081,-2.756280880616968e-12,-0.1298429518653348,-0.22845557054026602,0.5080096469991986
-31.0,0.08,30,2026400530,2026120630,0,,,,,0.495714049489417,0.22529908519283479,0.8824875420144297,30.677761998250453,15.221728105229264,55.24441908846633,1.8588667931307423e-12,0.3194988138060631,0.7082002604352886,0.5187306489988259
-31.0,0.08,31,2026400531,2026120631,0,,,,,0.5722925616726602,0.20938737514869563,0.9425748529317465,19.877909074573996,8.264820267353501,34.081844203872265,-1.8897383657900946e-12,-0.5719764894868492,-0.5163740540109334,0.5368672409986175
-31.0,0.08,33,2026400533,2026120633,0,,,,,0.4522392470077393,0.153408265997996,0.8245737042177128,19.89767129358848,9.741746982154938,36.790926750831076,3.873147462474247e-13,-0.6795167067380788,-0.7719317846193523,0.433828197999901
-31.0,0.08,34,2026400534,2026120634,0,,,,,0.8854479586191382,0.2956327596203201,1.3987556198808004,39.894013781635245,27.865949342977043,78.86599109247355,-4.661628721924771e-12,-1.0409919503878315,-1.131359056450417,0.5308780310006114
-31.0,0.08,35,2026400535,2026120635,0,,,,,0.6873978412983872,0.30755170899841505,1.2733826266951438,47.15353089273403,27.10029075043987,90.59139169055268,-1.4740218594322396e-12,0.5316411918683257,0.3025988641532741,0.5176664370010258
-31.0,0.08,39,2026400539,2026120639,0,,,,,0.811606252652282,0.463074825257121,1.5947278357416006,71.39627272416465,49.45146660505502,139.82026221800425,-8.680573621022702e-12,0.45225850667247885,-0.057949970611602585,0.061124529000153416
-31.0,0.08,36,2026400536,2026120636,0,,,,,0.43416735039935184,0.22302267557886127,0.844822161643842,29.493519799457648,16.51723730981241,58.81271086418053,1.2539665486532847e-14,0.32866427565783096,0.3217623575549873,0.5380341020008927
-31.0,0.08,37,2026400537,2026120637,0,,,,,0.4938820487737565,0.16323940173372362,0.8133434260542675,14.35047491158623,5.759285545556081,26.40634589127771,-5.361154228888942e-13,-0.6932431978871109,-0.6580052145680845,0.5323630359998788
-31.0,0.08,38,2026400538,2026120638,0,,,,,0.4541592026725102,0.18580909557681818,0.8966448624533023,25.440173887824347,12.35495297383894,42.97395001642457,5.707535138954611e-13,0.23274118391977472,0.18629885602656218,0.43001376100073685
-31.0,0.08,41,2026400541,2026120641,0,,,,,0.6502624130390751,0.2726639694612827,1.1931208374621933,38.68535266595557,23.62843758110579,75.54520126437853,4.007141840567385e-12,-0.45271284686301744,-0.6703554524697306,0.42198695899969607
-31.0,0.08,40,2026400540,2026120640,0,,,,,0.7012104174873292,0.295937812990646,1.3044550818511347,36.9778112410994,20.050661878996397,68.5266793193201,-2.51296899955733e-12,-0.23950700527884392,-0.7332985288261558,0.5197392209993268
-31.0,0.08,42,2026400542,2026120642,0,,,,,0.42397642267057195,0.16794543663976996,0.8125042071025237,20.662969788901204,8.786947683877983,35.109321176648734,3.3063118215492793e-12,0.3865051958353255,0.294831837322575,0.5142322760002571
-31.0,0.08,43,2026400543,2026120643,0,,,,,0.44203725643275005,0.1811963179694171,0.7612983197131373,22.898991969665815,12.792132252413829,43.99874712832949,2.6379853163005507e-13,-0.07721730658798374,0.009327327521812366,0.5025601099987398
-31.0,0.08,44,2026400544,2026120644,0,,,,,0.6089814750994278,0.30286814137297013,1.20172591316471,47.44526980105571,26.666650278821947,81.32386743189738,-7.030202591948309e-12,0.5483203108451433,0.46132187916140266,0.4185687820008752
-31.0,0.08,45,2026400545,2026120645,0,,,,,0.40836650237380406,0.20335039919152734,0.8114676193287129,28.071146300804802,15.00325964218119,52.559153804594686,3.0468119346926947e-12,0.3965392926637328,0.3384803289303194,0.5128153910009132
-31.0,0.08,46,2026400546,2026120646,0,,,,,0.6276708723536913,0.24776583524161513,1.055087531883954,28.96157107482927,15.346108432522845,51.30243402636373,-1.4446360774300615e-12,-0.21893050853192894,0.10353291751937689,0.5105764669988275
-31.0,0.08,47,2026400547,2026120647,0,,,,,0.40234282223215856,0.17061795851257927,0.7748517293283872,17.810462949569665,9.947828570503559,31.93615452787552,1.651999717577901e-12,-0.26743115176096666,-0.1367571055069817,0.5339474609991157
-31.0,0.08,48,2026400548,2026120648,0,,,,,0.5883347222498208,0.20160972376392214,0.9485193989192169,21.65981140707718,10.365278345700244,38.24687693181448,2.484783212519659e-12,-0.11004749262189058,-0.34187312595811076,0.5270571199998813
-31.0,0.08,49,2026400549,2026120649,0,,,,,0.6018003855832265,0.25282591964651496,1.19931852608054,30.754417074898313,18.403321310969655,60.68082892080439,9.127178179912931e-13,0.1336217594843842,0.03230323218731476,0.439004248000856
-31.0,0.08,50,2026400550,2026120650,0,,,,,0.36428566969613213,0.14211592072115645,0.7079359804258348,10.060806178312799,5.115299584483483,18.28338709911813,1.3972156764907595e-13,0.43321270839584036,0.6305034945824242,0.5246128130002035
-31.0,0.08,51,2026400551,2026120651,0,,,,,0.47933725584646125,0.21898588245019734,0.9522222088917174,18.192992149984057,8.763608528799267,33.61503267301671,-1.2778320068740356e-13,0.5219850206693573,0.6570378924674143,0.5192376369996055
-31.0,0.08,52,2026400552,2026120652,0,,,,,0.51332547347477,0.2095043880912966,0.9237163173333024,28.453677743815298,13.992807756090636,45.079107853387676,-1.4082962226935614e-12,-0.9283667557751656,-0.4150412823003956,0.5302096819996223
-31.0,0.08,53,2026400553,2026120653,0,,,,,0.595651581282863,0.25271641422997376,1.0896744437643124,24.5957071243562,12.340239967308849,46.4679634577964,-8.171241461241152e-14,-0.1599873393481429,-0.34225337447793824,0.5530381339995074
-31.0,0.08,54,2026400554,2026120654,0,,,,,0.47521299376471304,0.2249851710132745,0.9271258198702033,25.215624334399173,11.290880825319887,41.6228041670048,-5.870460367818353e-13,0.4995569305691824,0.399632085281192,0.5322727250004391
-31.0,0.08,55,2026400555,2026120655,0,,,,,0.7730265793874799,0.31393057863836266,1.3869757313175315,46.70247876661848,27.47631873688072,78.49213447615803,-7.193265080807087e-13,-0.3464513933792636,-0.023435900565343455,0.4375224010000238
-31.0,0.08,56,2026400556,2026120656,0,,,,,0.6042231634656638,0.26414782377374196,1.1703853947544056,34.602754648144554,22.626300859631236,68.27265488805025,-2.3274559363128944e-12,-1.6011407869489127,-1.7346087482325614,0.5337118980005471
-31.0,0.08,57,2026400557,2026120657,0,,,,,0.4825383487197158,0.19051744542437685,0.9342653019669028,20.1382637793514,10.404545341874973,35.65424711199546,-7.746320945800633e-13,-0.5920562806590036,-0.6539461098864027,0.5331693980006094
-31.0,0.08,59,2026400559,2026120659,0,,,,,0.6729139442129013,0.27240724962089863,1.2208363022141313,37.9267603119474,23.14789169377632,71.42246054930709,-2.1644526448927337e-12,-1.0010030376014114,-0.597971672487411,0.425761030999638
-31.0,0.08,58,2026400558,2026120658,0,,,,,0.8213052074728511,0.26950580624042236,1.2987295016644667,40.68515321876478,20.64153621255719,67.63732660407788,-2.1803392424857293e-13,0.13764712919690547,0.6895943906539543,0.5238909569998214
-31.0,0.08,60,2026400560,2026120660,0,,,,,0.743248933993437,0.24428478951631047,1.1788758989173296,31.139672350514875,16.599949721967693,57.627511546085586,-1.4903165507229588e-12,-0.4463867277032762,-0.7393093863541443,0.5382089760005329
-31.0,0.08,61,2026400561,2026120661,0,,,,,0.5328967706323501,0.21898902528306483,1.0504611735565668,31.289651409824824,13.08281291092036,50.325150147378935,1.3748282026715408e-12,-0.19424131141529746,0.18964079407182657,0.5192849499999284
-31.0,0.08,63,2026400563,2026120663,0,,,,,0.5608402715401354,0.2647230277229497,1.0284540234857258,40.439007395614745,20.178839896292093,69.69660429026356,-9.685581330021176e-13,-0.45676725742323554,-0.6944402837462775,0.40791884700047376
-31.0,0.08,62,2026400562,2026120662,0,,,,,0.5255503743975902,0.30232460567208275,0.9970443623011462,46.60339038934788,27.345238430726855,92.13061575627566,1.131428284395497e-12,-0.2934781813019286,-0.42281142649526493,0.5024926000005507
-31.0,0.08,66,2026400566,2026120666,0,,,,,0.6789334938314864,0.2608634427556812,1.252202865093066,38.853311809530105,21.43576201120085,70.48932346966787,-5.975586345186024e-12,0.33856877413393655,-0.22937849850584016,0.05772384600095393
-31.0,0.08,64,2026400564,2026120664,0,,,,,0.5443523913007088,0.1998990633585785,0.998254790616855,24.274465733537898,12.979651165439378,46.83798641022754,-2.6706865885461895e-12,-0.6398073301821761,-0.5460191256561133,0.5090752439991775
-31.0,0.08,65,2026400565,2026120665,0,,,,,0.6895768945637463,0.3010342758610469,1.3486581871514693,49.275362965807524,25.29078355325715,80.5076111401444,5.141520889595519e-13,0.08282388270359987,0.0724989070187639,0.422738395000124
-31.0,0.08,70,2026400570,2026120670,0,,,,,0.5991029567948261,0.2768581145382065,1.1302875247758313,42.31717881870757,21.630186984086194,74.61581071678887,-5.046918612194862e-12,0.3716509354750711,0.7812472890859825,0.06333608500062837
-31.0,0.08,67,2026400567,2026120667,0,,,,,0.4794658641643066,0.14631426139920375,0.8752371103748082,8.169358739942075,3.9409578621047983,15.664740935022149,2.0883295093199195e-13,1.637468097183213,1.5745741663987138,0.5339772520001134
-31.0,0.08,68,2026400568,2026120668,0,,,,,0.4350114130945535,0.18969225406277473,0.8646643901338615,17.160169493974784,10.180685742992614,34.10071281325281,-1.8125024051074412e-12,-0.3452246204879433,-0.6397998118348627,0.5494650999989972
-31.0,0.08,73,2026400573,2026120673,0,,,,,0.706413542521788,0.3370093951212564,1.3844700122093965,52.18354064066879,31.12915236534869,94.40116718656597,3.0423337460394606e-12,0.32315433315681297,0.44585937400062,0.07682422700054303
-31.0,0.08,69,2026400569,2026120669,0,,,,,0.5732618563720584,0.22171233944485125,0.9818411479068464,23.91765095546402,13.818504479764119,47.64023883279796,-4.165071065820314e-13,-0.6227015748546565,-0.08648778816338638,0.5415146720006305
-31.0,0.08,71,2026400571,2026120671,0,,,,,0.8437957966572718,0.3946634962665001,1.4454005684076425,55.32956278384995,33.2704805381375,109.65373149449805,7.145164451424768e-12,0.11917303122638884,0.43431016098174174,0.523189038000055
-31.0,0.08,72,2026400572,2026120672,0,,,,,0.40526012102464504,0.19586468239384527,0.809165297334455,28.73953895446312,17.727426421731227,56.68672158684035,4.559269628501283e-13,0.4883898217543489,0.27338587638028516,0.5093525369993586
-31.0,0.08,77,2026400577,2026120677,0,,,,,1.2096964837122226,0.6816411742033401,2.321920901087499,105.84767149280856,73.38229287557775,207.57493039844746,2.7215972531191568e-12,0.47704596324715576,-0.008665030366220279,0.07441648900021391
-31.0,0.08,74,2026400574,2026120674,0,,,,,0.7073168284480149,0.28773861286415986,1.207916375360162,38.26372943992049,21.403217247380752,75.87155905955717,-4.24538008914066e-12,1.2921703799672049,0.8117333633281705,0.47987594900041586
-31.0,0.08,75,2026400575,2026120675,0,,,,,0.8274598351929914,0.310227373420134,1.4080598182756061,45.78375783749605,27.746068800321883,87.23579697911335,-4.583000645652646e-13,-0.3895558241991544,-0.39768896596338815,0.576656985000227
-31.0,0.08,76,2026400576,2026120676,0,,,,,0.5646906528863254,0.1771365468623507,0.9146514570981763,23.393583526301576,12.9902905425329,45.13639811984471,-2.9601416803859415e-12,-1.3336549798775224,-1.1373315418213081,0.5652619690008578
-31.0,0.08,78,2026400578,2026120678,0,,,,,0.5884324889974732,0.2524971766781077,1.173521486709927,34.750828930864635,20.415029672921587,64.60796094733325,6.377287586900593e-12,0.35039746522192167,-0.023323515331670503,0.5293069780000224
-31.0,0.08,79,2026400579,2026120679,0,,,,,0.41714648727497816,0.15354122614515747,0.8338664808717886,12.70299497434171,5.080592927281519,20.756700665824596,-6.743893637972675e-13,-0.9292041644738785,-1.0166414665508068,0.5141269639989332
-31.0,0.08,82,2026400582,2026120682,0,,,,,0.8838597441716425,0.38130924571485275,1.5848820482132653,57.272215699972435,35.54025403721871,106.62788035079213,-4.429031360414504e-12,0.6461567396271639,-0.2377030045444785,0.048141175000637304
-31.0,0.08,80,2026400580,2026120680,0,,,,,0.6492369540421434,0.22795549754388347,1.1306609343176222,23.631629074872418,12.438157958384172,46.73553110202994,-1.865158526757893e-12,-0.2627284973154355,0.38650845672670797,0.5111635400007799
-31.0,0.08,81,2026400581,2026120681,0,,,,,0.8167483129847102,0.2841859827837118,1.4340080597386637,38.04798877604935,24.7026391979784,75.9224750102928,-5.012202458631876e-12,0.9233993026432251,0.6195620819572296,0.5079240949999075
-31.0,0.08,84,2026400584,2026120684,0,,,,,0.6036596454904266,0.2397546642833504,1.0940648889828406,32.71219607126366,18.686344661364544,60.530962540068316,3.957043026581175e-12,-0.0691969858822419,-0.04974048518182092,0.449098203000176
-31.0,0.08,83,2026400583,2026120683,0,,,,,0.4878432809914195,0.18468955644340754,0.8754151059162891,24.216515370301938,13.248729189954375,45.89473331334618,2.137438663563085e-12,-1.1121958179533389,-0.7656734075752819,0.5356028460009838
-31.0,0.08,85,2026400585,2026120685,0,,,,,0.46959513523992524,0.2176486404475702,0.8649594848209019,35.4937744076818,20.37132251950056,64.4088579670122,-3.794992098349326e-12,-0.11053427256125586,-0.16973620982376544,0.4748780200006877
-31.0,0.08,86,2026400586,2026120686,0,,,,,0.3632877948130749,0.1700849163003745,0.7223302064534065,13.65042696877526,6.572090462761996,26.04053687057167,1.4400915356038713e-12,-0.30961996014419235,-0.3638187978223377,0.46754323999994085
-31.0,0.08,87,2026400587,2026120687,0,,,,,0.5686196499716696,0.22357769917377254,1.1365543558323308,28.396415324866044,16.80352953369348,54.88321530461032,-2.0398439881663677e-12,0.12236980048571687,0.03088558371964264,0.5624066129985295
-31.0,0.08,88,2026400588,2026120688,0,,,,,0.7419064518212722,0.29894200642733587,1.408222520321249,41.63017481690978,28.273484197159405,78.32529971135065,3.698213610348056e-12,-0.7649216841405152,-0.2650625984384807,0.5710306510009104
-31.0,0.08,90,2026400590,2026120690,0,,,,,0.6437279952161752,0.27103948581206966,1.140685673687002,44.34141162132366,20.659576904423588,69.82374466404431,7.327617245617146e-13,1.029700448497309,0.9340839813876118,0.4846249729998817
-31.0,0.08,89,2026400589,2026120689,0,,,,,0.48769103450142176,0.21370422328468344,0.8970499283388114,28.421793822262938,11.919085700523484,44.57925539812224,-1.1245795961123406e-12,0.46138757848035666,0.10864873549473564,0.5712737949997972
-31.0,0.08,92,2026400592,2026120692,0,,,,,0.8332946745374404,0.33317402182230343,1.6080153560131363,44.37761730916909,28.79087043383739,85.29313553124503,3.133401524357815e-12,0.30368902100895245,-0.5284386177645776,0.4666379840000445
-31.0,0.08,91,2026400591,2026120691,0,,,,,0.3552260742902771,0.1426643870208227,0.6164763970074694,9.834425379431837,4.6132902311178166,19.338722480240214,-1.3866537312921118e-12,0.0699956212739175,0.2067220042845656,0.5658094609989348
-31.0,0.08,95,2026400595,2026120695,0,,,,,0.5906570330943127,0.2577942910895446,1.1305127073195451,28.984943446294732,16.146247027696585,56.75186715673516,-3.1526673632820135e-12,0.04504171220429476,-0.5196394420547734,0.05515250999997079
-31.0,0.08,94,2026400594,2026120694,0,,,,,0.4600005382953599,0.17416574067893015,0.8217006403227671,23.058292923652466,11.648424960642977,40.54921499816239,-7.267658697074353e-13,0.14475781829470047,-0.12061691269067726,0.43475937400035036
-31.0,0.08,93,2026400593,2026120693,0,,,,,0.8583974395199301,0.24574764999856671,1.2661174520443812,28.751339737548705,12.418074017292735,50.968586578692836,-2.0160886848863413e-12,-1.4458400611158324,-1.0732325213784675,0.5138666130005731
-31.0,0.08,96,2026400596,2026120696,0,,,,,0.6017677289934846,0.23439349590887248,1.1401462860238372,25.30674015453475,12.341945336758078,42.85404609170429,2.6008227689555685e-12,-0.5710649983928513,-1.0237997552535303,0.4435871209989273
-31.0,0.08,97,2026400597,2026120697,0,,,,,0.539532764978061,0.21054941959239046,1.0330330199607785,32.1563123991543,17.089632964128572,54.4519689860714,-1.1857893139621822e-12,-0.9675745276694869,-1.156133419059818,0.5263085629994748
-31.0,0.08,98,2026400598,2026120698,0,,,,,0.564460131177308,0.2347354102026968,1.0014216297227723,30.979789811385544,14.895321059926768,51.111854347939754,8.400728029878124e-13,0.039697563385528115,-0.1691863160891846,0.44136319199969876
-31.0,0.08,99,2026400599,2026120699,0,,,,,0.8056631609505573,0.3277772844560347,1.521918644049754,32.39138828767171,19.941522893073373,60.99121478957173,5.52615939120038e-12,-0.44589355119873614,-1.1621490342979328,0.43428582299929985
-31.0,0.08,101,2026400601,2026120701,0,,,,,0.48674220229993015,0.1858309996235059,0.8559027285100083,13.894320968006026,6.806896708265881,26.723235631972734,2.2535201650705425e-12,-0.8436036620611439,-0.8206940164055291,0.39885996299926774
-31.0,0.08,100,2026400600,2026120700,0,,,,,0.5974561043487088,0.21597687149784825,1.0704907984407595,24.35927182079576,14.75993050359478,47.62577574875308,-1.9585370651664658e-12,0.5271905046838761,0.2847342439865641,0.507530417999078
-31.0,0.08,102,2026400602,2026120702,0,,,,,0.6940746982426458,0.24354266256142748,1.267561364116203,18.077080517611464,10.442133820966815,35.64379258936997,-3.4589553443709065e-12,1.0529535695722625,0.47946690369870537,0.4094866909999837
-31.0,0.08,103,2026400603,2026120703,0,,,,,0.5237823129792916,0.17644612571174867,0.9302933479555142,21.181638324649224,11.957203858737516,40.88786815024925,-3.2110493734457957e-12,0.9285729549468251,0.7788535384806359,0.5128406419989915
-31.0,0.08,106,2026400606,2026120706,0,,,,,0.5997963724028621,0.22944554936333106,1.1909763015124673,23.918433084373763,14.31918026250539,45.254721947151154,2.4820423494276156e-13,0.965629870612686,0.8012558880638692,0.41837467000004835
-31.0,0.08,104,2026400604,2026120704,0,,,,,0.6198703061913723,0.1966679463532194,1.095917891238222,18.71740842602681,8.889373134224849,33.91213027757152,6.640382688161139e-13,0.5012204690154041,0.32758497204321047,0.508301804000439
-31.0,0.08,105,2026400605,2026120705,0,,,,,0.3888724524289844,0.17918391969249053,0.7673219402429771,14.77329842812403,8.231357811733261,25.73469420957226,-2.8168439802911394e-13,0.0036414680299747884,-0.1456984134213722,0.5344160780005041
-31.0,0.08,109,2026400609,2026120709,0,,,,,0.8264241144784426,0.4252139895873824,1.6280282839159184,68.25852442570302,43.063449344478435,134.47351537576014,-5.096350425004559e-12,-0.08252440845031003,0.0012023422110796508,0.050568384998769034
-31.0,0.08,107,2026400607,2026120707,0,,,,,0.48505964994007456,0.1897512892948929,0.867833746064807,21.81011065556272,12.01081165542098,41.67759337532538,2.2737181739175896e-12,-0.12114793068822603,0.2882367231343045,0.5188703229996463
-31.0,0.08,110,2026400610,2026120710,0,,,,,0.6114148797264876,0.21119659434545315,1.039807186786006,31.748260586757187,18.89652662175556,58.380542811540806,3.2209512834668885e-12,-0.8834540208548891,-0.8751483690365668,0.4431394880011794
-31.0,0.08,108,2026400608,2026120708,0,,,,,0.8087762091734575,0.2857623879197527,1.3652340845709001,39.71770910810175,18.843279866468265,64.15051329124987,-2.508254888511363e-12,-0.1047506191192117,0.7040255900542458,0.5268695390004723
-31.0,0.08,114,2026400614,2026120714,0,,,,,0.9220731985914248,0.3594027201427529,1.6363336469570466,51.88681179420752,33.64727675936138,91.51168331303703,2.570426510528634e-12,-1.4663102235581813,-1.1372688296215299,0.04700267499902111
-31.0,0.08,111,2026400611,2026120711,0,,,,,0.4358390510475114,0.18015578446342095,0.8297009311710845,16.653264027564482,9.869581000138979,30.816286149902332,3.312019061785243e-12,-1.1230367313207659,-1.2552372275588912,0.5295336379986111
-31.0,0.08,115,2026400615,2026120715,0,,,,,0.7689087680142402,0.34262793447635465,1.5195549535564694,47.9920287506728,33.60424975477825,88.09757648435908,2.3097270623884114e-12,-0.3448171367416554,0.4058290488005738,0.04611169200143195
-31.0,0.08,112,2026400612,2026120712,0,,,,,0.5144680383387389,0.17209180899214416,0.9858687994329671,17.64277512076641,8.680594435147695,29.81434999932506,1.8816805752441823e-13,-0.7270738314811908,-0.6548224770839967,0.5128205129985872
-31.0,0.08,118,2026400618,2026120718,1,K1ABC FN42 33,-31,0,10.140200,0.4065375873965578,0.1775593805878557,0.7806440446910197,19.55923153013237,10.191691320462187,35.92503362481206,-9.932339239265842e-13,-0.9182343022006657,-0.6123084081748819,0.1563824980003119
-31.0,0.08,113,2026400613,2026120713,0,,,,,0.47653122093856537,0.17391809835255154,0.8681380065035385,18.25580973190917,10.764452609776257,33.16826681816639,1.3748637645027983e-13,0.5821628567854817,0.349427795154505,0.5051981090000481
-31.0,0.08,117,2026400617,2026120717,0,,,,,0.5387562185480919,0.15030187748021515,0.9125279883960649,12.966924213187855,7.45468956396326,25.39201150909828,2.9708353832536005e-13,-0.16079802135149016,0.07607988605150871,0.4206417130008049
-31.0,0.08,120,2026400620,2026120720,0,,,,,0.5748198183721722,0.24600815015941468,1.0666580841270166,30.321939474181537,15.510124314926495,52.47032902355684,8.180556926307148e-13,-0.6018585411291386,-0.4084974111108211,0.04574925099950633
-31.0,0.08,116,2026400616,2026120716,0,,,,,0.5218658594884443,0.20836624732901135,1.003341751042377,27.097982074279127,14.27139765431934,51.65436895360223,-3.881764484500727e-12,-0.5887429695996679,-0.7515510850289506,0.5082064879989048
-31.0,0.08,119,2026400619,2026120719,0,,,,,0.6330323234837667,0.2712965204697057,1.1049843981779344,37.82630081391804,18.91823898147612,60.829895817983015,1.7727468798467427e-12,0.3137063160636592,0.7737908019887322,0.4222951970004942
-31.0,0.08,124,2026400624,2026120724,0,,,,,1.1576020985358562,0.5723850160930325,2.220840320950036,72.61481510727184,43.38505741875295,143.7209362443107,3.3850526548473425e-12,0.017456078435576523,-0.9642537245283639,0.05103490299916302
-31.0,0.08,121,2026400621,2026120721,0,,,,,0.5536269247953969,0.24752088849951676,1.0041376136033604,32.01770265052815,16.325142124625877,60.53818231380598,1.7438739796822589e-12,0.6507516438501831,0.8092678934789984,0.4063022860009369
-31.0,0.08,122,2026400622,2026120722,0,,,,,0.898763837537588,0.40034554448157744,1.5467079946992945,60.868354591195384,32.09897677334341,103.42860157167209,-2.4619507821288522e-12,0.42575731916650783,0.5906219013006516,0.417685922999226
-31.0,0.08,123,2026400623,2026120723,1,K1ABC FN42 33,-30,0,10.140200,0.39568402465789076,0.1565784544909167,0.7231383376358542,11.476092684016816,6.364425732943706,20.900268632666624,1.7032261018234962e-12,-0.20022506213633545,-0.058470336994192344,0.3592806999986351
-31.0,0.08,128,2026400628,2026120728,0,,,,,0.8831121079596354,0.2505295209838964,1.2824059101518577,31.754071918226877,15.391293570044413,59.245524537669795,-1.8508493349056465e-12,-0.0013872781234108241,0.30549687228174327,0.05795658100032597
-31.0,0.08,125,2026400625,2026120725,0,,,,,0.5707902577091393,0.27852573616049386,1.0756247147181957,40.57421114922334,26.78005357479628,78.36334089604448,3.717200700893708e-13,0.17342737361988633,-0.20449017730021135,0.4330185740000161
-31.0,0.08,126,2026400626,2026120726,0,,,,,0.9150774370048895,0.2437570797770133,1.2655583383798594,31.568035777769087,18.612849213498496,61.81682332244126,2.6470596548033853e-12,-0.4600390962066803,-0.39285142576400717,0.44478163099847734
-31.0,0.08,127,2026400627,2026120727,0,,,,,0.36538591274675214,0.1825695683958028,0.7126881114083092,15.185017545258901,8.70115290277648,30.31866757776963,3.2141303507593477e-13,-0.48510718979542056,-0.2744677128359273,0.43329558900040865
-31.0,0.08,131,2026400631,2026120731,0,,,,,1.5132728509494462,0.6647527433872378,2.6965716384865233,102.66430057795823,68.47294486203123,190.70992927312028,-8.978272986182034e-12,0.7674205580652047,-0.7192573894079966,0.05331149700032256
-31.0,0.08,133,2026400633,2026120733,0,,,,,0.7080892339558613,0.2924655783115568,1.3871353346276876,44.84527860781214,19.742751284575295,67.35064482841426,-5.860787224455655e-12,0.3290344031051355,-0.35001169756669076,0.05928638499972294
-31.0,0.08,129,2026400629,2026120729,0,,,,,0.7470835839626155,0.3058352883526573,1.296552724627313,33.41448919417663,17.669070260332887,63.78676387913039,2.1282073325856743e-12,-0.3091726335565725,-0.28994071478227484,0.529562043999249
-31.0,0.08,130,2026400630,2026120730,0,,,,,0.5219967169240093,0.2090403173604853,0.8818297212600942,27.699291123747084,12.714017784646423,46.36537698406353,2.1828038508642233e-12,-0.580544818079814,-0.19077041701669287,0.513218300000517
-31.0,0.08,132,2026400632,2026120732,0,,,,,0.5467722178317725,0.19654209614345858,0.9997484672594241,13.834322892977076,7.4587107563046,25.259329145271558,6.690004453191456e-14,1.105679099645985,1.0031119613265882,0.4969942469997477
-31.0,0.08,134,2026400634,2026120734,0,,,,,0.6491665873443461,0.2672389430596097,1.0518105453285753,42.04354216956391,24.421295167034813,82.21558405364098,-1.893399174425492e-12,0.5759003270424469,0.7619499882059145,0.5351679699997476
-31.0,0.08,135,2026400635,2026120735,0,,,,,0.7646278899450094,0.3296302702049738,1.3438211026815008,34.41255360181964,22.773005763261576,63.63012289527492,-1.0012745840781712e-12,0.36075602651574373,0.8784939491738528,0.5236931509989518
-31.0,0.08,136,2026400636,2026120736,0,,,,,0.5479741420512232,0.21221110442843055,1.0287317793756863,29.756619459571038,13.069736810929312,50.55166531728969,-5.005856840156753e-13,-1.020478490659794,-0.5397208533353309,0.5292796690009709
-31.0,0.08,140,2026400640,2026120740,0,,,,,0.8343589227140709,0.40720097929117244,1.5663887818703628,65.52802248383128,41.536876113799146,121.92038878870486,2.3927491932251854e-12,-0.30431149533644125,0.02430449922927231,0.07042303199887101
-31.0,0.08,137,2026400637,2026120737,0,,,,,0.36269817136468824,0.156243492744875,0.6649547646445029,16.92686428009515,9.775955143578143,30.793045344777433,3.317623953336124e-13,-0.14494986254603048,-0.31114372526258094,0.5236425140010397
-31.0,0.08,138,2026400638,2026120738,0,,,,,0.6050042066822037,0.22560350725113631,1.0081498869607939,29.92390252618126,14.58776082663305,47.75562833766067,-1.094205997510811e-12,0.5417017614726255,0.4680362200075124,0.5117407839989028
-31.0,0.08,139,2026400639,2026120739,0,,,,,0.476883269460375,0.20480823633612943,0.8900004812238571,23.29162133228119,11.000649852079379,36.71260381835661,-1.5299137824664744e-12,1.1718611653146611,0.8609236522399527,0.532504398999663
-31.0,0.08,144,2026400644,2026120744,1,K1ABC FN42 33,-31,0,10.140200,0.46199093998639695,0.16844058858966826,0.8531574594152274,23.102199814656412,10.077453568129672,38.66368482401629,2.4024705835845594e-13,0.2993019977201025,0.5035306412683557,0.25459142300132953
-31.0,0.08,141,2026400641,2026120741,0,,,,,0.7495519618946642,0.26222444631589853,1.2536692907880749,30.098147997122048,17.44981172013012,56.898530506282775,-7.7443520346554e-13,-0.7861282177783738,-0.7573145135998955,0.514656310000646
-31.0,0.08,142,2026400642,2026120742,0,,,,,0.4343405478015263,0.16517849051596262,0.7579612616151402,15.5423458699528,8.546136358010616,29.17057091396546,-1.772052990456352e-12,0.4743968482818661,0.5619587704450719,0.5180166209993331
-31.0,0.08,143,2026400643,2026120743,0,,,,,0.5224277070626987,0.23631921482806154,1.0351924149140517,32.16489335485219,14.42111399277305,55.06653050642379,-2.198157454669225e-12,-0.33660378728928575,-0.08773345737437648,0.5279801130000124
-31.0,0.08,147,2026400647,2026120747,0,,,,,0.5859458834857336,0.30357824230792374,1.1666324479402799,47.685348716172776,25.512178085702995,90.7146378514412,1.8516911094723643e-12,0.6156900775083353,0.5559363842261182,0.3866159280005377
-31.0,0.08,146,2026400646,2026120746,0,,,,,0.4999444778743032,0.20525052595665494,0.9172324812156212,29.566195869713482,18.557996965532578,56.800715041200164,2.3875580671046427e-12,0.782079491972575,1.205299146263358,0.44031722199906653
-31.0,0.08,145,2026400645,2026120745,0,,,,,0.5830453094474135,0.23626524735664703,1.0237309415880667,31.335980843598822,14.498012695991402,54.73105289812277,-1.0265052696745158e-13,-1.0123815448490785,-0.6907987327039371,0.5227557769994746
-31.0,0.08,148,2026400648,2026120748,0,,,,,0.6366851446632599,0.21514159014440856,1.1257312248268159,25.686932288297427,12.583863713557395,41.53092822024925,-1.3311894989098683e-12,-0.6620326181314196,-1.1510786982949754,0.5120840380004665
-31.0,0.08,149,2026400649,2026120749,0,,,,,0.7491974383806053,0.3739715044246975,1.4875854051883333,50.84519941187069,26.484014699779138,84.26511672599258,-2.360091289066446e-12,0.9606162887346488,0.41807766649866485,0.4555261759996938
-31.0,0.08,150,2026400650,2026120750,0,,,,,1.1573926775123478,0.3304578809051876,1.6156602627094783,48.14365594103615,26.96865710642093,87.32384843879919,5.117679717503432e-12,-0.5816318832445764,0.5290274216492096,0.5227412859985634
-31.0,0.08,151,2026400651,2026120751,0,,,,,0.3714429220213034,0.16032415610165465,0.7156991366860483,18.49356598219749,10.604338891743708,34.79319965420746,-3.8952546158217694e-13,-0.2166148363727614,0.11751240633549721,0.5310085159999289
-31.0,0.08,152,2026400652,2026120752,0,,,,,0.9244760794109457,0.38359312131019363,1.6540498163058501,58.63068726081112,37.101518890092464,104.9566109966464,3.2190257404085543e-12,0.43873843054840184,-0.10144668835135524,0.4583259060000273
-31.0,0.08,153,2026400653,2026120753,1,K1ABC FN42 33,-30,0,10.140200,0.35285069966300087,0.12269341112529354,0.6543539387612068,9.110699827179955,4.085435219048943,16.922854054414614,9.012695104115842e-13,-0.7570500230862418,-0.6655339038185962,0.3777630490003503
-31.0,0.08,154,2026400654,2026120754,0,,,,,0.524916920911268,0.2313318955987891,1.0290790887286625,30.665898809930546,18.980871217126758,60.33392410878961,-4.3238190805539034e-12,-0.5308478346054666,-0.20752759565051235,0.5048590839996905
-31.0,0.08,155,2026400655,2026120755,0,,,,,0.669030908090348,0.27396838446895666,1.2437050626501631,32.41218353997085,19.642137971060638,64.82261233190394,3.770503007038961e-12,0.41614835598000127,0.7241159767950331,0.5238896099999693
-31.0,0.08,156,2026400656,2026120756,0,,,,,0.5638753408113151,0.21301467603789942,1.0967606989716483,25.82169072274504,14.733847225229045,46.12862381651183,1.566822192822226e-12,0.07185801996647083,-0.3361518292511127,0.5068786399988312
-31.0,0.08,157,2026400657,2026120757,0,,,,,0.4797609188573615,0.20141707296242034,0.9198377793412265,21.77230292382059,11.03672421972984,38.830590835339066,-3.89117384147486e-12,0.03626286992679619,0.3797059692676449,0.5304221639999014
-31.0,0.08,158,2026400658,2026120758,0,,,,,0.7130008120246377,0.25925489789621187,1.2803300973256482,24.970823399922914,13.135505083664714,48.25946706559945,8.887543478941495e-13,0.027953326606993487,-0.6850474854176443,0.43111745699934545
-31.0,0.08,159,2026400659,2026120759,0,,,,,0.7628927475019056,0.30019897899954356,1.3889312179792472,46.728624829472466,24.46395605536406,74.16020558170668,-5.236314637099837e-12,-0.1829425343145431,-0.33741955213471414,0.5655249600004026
-31.0,0.08,160,2026400660,2026120760,0,,,,,0.5129805724029136,0.21038974906657915,0.91659596521666,19.127572278300757,10.10507794921633,35.87890663014982,1.7788996729654893e-12,-0.8007523212159091,-0.3546804529279243,0.554884420000235
-31.0,0.08,161,2026400661,2026120761,0,,,,,0.5948512411955929,0.26339688645572934,1.1884793386429238,31.19006450707557,16.900569483262423,59.662180880502454,-2.5082431791279003e-12,0.19014796748889942,0.6472798785632499,0.5704703539995535
-31.0,0.08,162,2026400662,2026120762,0,,,,,0.4726873067709941,0.16338876542310174,0.8168457530405403,14.371213333775,5.296568623342999,24.374278668137386,-1.5902524522909411e-13,0.115807356637851,0.1256176672604659,0.49632958000074723
-31.0,0.08,163,2026400663,2026120763,0,,,,,0.7330679706984355,0.2326825178047124,1.1273388548946752,27.998527868949445,16.102593907491613,54.54351335113033,-2.6612705095185873e-12,-0.06578275183412656,0.04085053230675057,0.5226784440001211
-31.0,0.08,164,2026400664,2026120764,0,,,,,0.8382733056926894,0.28480222281792256,1.4764018488946546,43.46637790997514,22.78481980973925,70.2904757950995,1.665317623383844e-12,0.7972359214196957,0.014331666746921738,0.520961759999409
-31.0,0.08,168,2026400668,2026120768,0,,,,,1.047161870447137,0.3737014319825733,1.6954529493635484,45.19811236258002,27.071475862390397,84.06594401145739,2.2082960460245715e-12,0.49950101752927994,0.7769823745798143,0.05553935700118018
-31.0,0.08,166,2026400666,2026120766,0,,,,,0.5969780759652126,0.2695839627712421,1.1747835483106217,41.94838036847157,22.4618919780489,72.6539236611658,3.936614489247203e-13,-1.32789393392071,-1.004695355527461,0.44422517600105493
-31.0,0.08,165,2026400665,2026120765,0,,,,,0.8288476052705132,0.38220934214134883,1.3980028991523321,62.06635613093734,38.409166271417384,114.83649837328966,3.463181130758386e-12,0.13952369676214596,-0.23900223804351392,0.5362418590011657
-31.0,0.08,167,2026400667,2026120767,0,,,,,0.6605488735006458,0.3115804203236606,1.2374396609593044,32.56211373736653,20.76718532558,61.77760453713771,-2.3996395148717653e-12,-0.10681706114685531,-0.2086224810328204,0.5243256590001693
-31.0,0.08,169,2026400669,2026120769,0,,,,,0.5375819723173295,0.1951090957730034,0.9252356333960927,25.769622429016295,13.879404440230093,48.807387164540664,-1.2324321251033776e-12,0.1954372567674821,0.3723211816537336,0.5214086539999698
-31.0,0.08,171,2026400671,2026120771,0,,,,,0.5770910922598993,0.23412731764583464,0.962030749710513,26.009056367472084,16.144477755570286,49.51561111027635,1.2399430440734882e-12,0.9405095263873162,0.9686703430959662,0.4179402249992563
-31.0,0.08,170,2026400670,2026120770,0,,,,,0.6679144066852654,0.2510815770274575,1.1670842656585125,32.09476338701014,19.930831297823158,62.6431732648496,7.910755384088475e-13,0.2617377214701575,0.40912512358941755,0.5128000670010806
-31.0,0.08,172,2026400672,2026120772,0,,,,,0.6089564974428955,0.1931381778201701,1.0169165984238335,25.68943757891679,15.477302202385163,47.372612132117446,-6.097882615518913e-13,0.3348208391500298,0.24054739838083783,0.5384629199998017
-31.0,0.08,173,2026400673,2026120773,0,,,,,0.468531669785618,0.1730787608825125,0.815892752129694,21.11320629878513,12.984539288790224,40.94759915315034,-1.6780639378044526e-12,0.38135526508463585,-0.03041424171841829,0.5526123280014872
-31.0,0.08,174,2026400674,2026120774,0,,,,,0.5187143578156919,0.1905066980885171,0.9824121316668728,24.73549765314142,11.818985531329727,43.384592899967174,2.428609396920578e-12,1.56814859288939,1.8092933400756916,0.5730684859991015
-31.0,0.08,175,2026400675,2026120775,0,,,,,0.5984733268093447,0.22475844410782744,1.0170838819508803,24.33209625647929,12.830577767355472,44.350317789958424,1.384311854599543e-12,0.32045807274978255,0.2313837139800419,0.5679687650008418
-31.0,0.08,176,2026400676,2026120776,0,,,,,0.6889157730155387,0.33724659591364503,1.3177831856604267,57.23239996019023,33.072372413604775,98.66507864518925,1.1933128096774936e-12,0.4977556259494651,0.30677612118328057,0.467489074999321
-31.0,0.08,177,2026400677,2026120777,0,,,,,0.47252864857976185,0.18308730945045534,0.80789896556687,20.803281801995162,10.111231060155427,35.106555194572586,1.5944277148571828e-15,-0.3024877816351418,0.018769952201791888,0.5690797500010376
-31.0,0.08,178,2026400678,2026120778,0,,,,,0.5855183247032704,0.20861880528128293,1.0201647534374108,24.551182465509847,13.026909807171432,47.053450465626625,2.637501220030536e-12,0.32658981439697,-0.07986429555866087,0.5555927389996214
-31.0,0.08,179,2026400679,2026120779,0,,,,,0.46730050352416075,0.15192683313817362,0.8052245347292631,9.693925013050542,4.608460701700706,16.77230751346368,9.8879238130678e-15,-0.3101358364485632,-0.21239976130359123,0.5622253120000096
-31.0,0.08,180,2026400680,2026120780,0,,,,,0.4761561418908281,0.18976851242907836,0.8480267066319076,24.247161043893556,14.222909744152949,44.08827784968159,5.658334044367219e-12,0.005455605994221926,-0.3067646763706599,0.41365826900073444
-31.0,0.08,181,2026400681,2026120781,0,,,,,0.6083842466400964,0.28535396823917764,1.1842118758794005,41.86764275316614,22.079999888854804,76.21314982449755,1.941479637647403e-12,-0.434028447107252,-0.5295923479629727,0.5332778569991206
-31.0,0.08,182,2026400682,2026120782,0,,,,,0.5219900979419527,0.21696332952122097,0.960365572343497,21.36370249565621,9.982796953076598,40.13146425629686,8.326724726392953e-13,0.23239958357813742,0.5620548941831605,0.5499995379996108
-31.0,0.08,184,2026400684,2026120784,0,,,,,0.7094898325987764,0.24212518610456882,1.1425929951006104,27.017403072099906,14.492458301280614,52.94725563871901,3.157930514308127e-12,0.0696602342739742,0.34674829945737207,0.4412344980009948
-31.0,0.08,183,2026400683,2026120783,0,,,,,0.6533688925101594,0.303263055401845,1.140691494620497,48.05340729245177,29.14319259940627,93.92920841361132,5.6930987701875324e-12,-0.985933420869746,-0.7995949725248086,0.5251741479987686
-31.0,0.08,186,2026400686,2026120786,0,,,,,0.6187175164100336,0.2937738178129227,1.120728114049846,47.06504953058586,27.558972262472537,90.55877495698525,-2.859653486231295e-12,0.9670284434878167,0.6090297053147241,0.06494671099972038
-31.0,0.08,185,2026400685,2026120785,0,,,,,0.47782921610695817,0.16187515087488605,0.8396420283619979,16.037211185070817,7.972582243764318,30.14858615461174,-7.012931901861919e-13,-0.507057498530666,-0.583250112513466,0.4500952269991103
-31.0,0.08,190,2026400690,2026120790,0,,,,,0.45288903436314876,0.21367917646262477,0.8206504944860434,30.987908321972462,18.381408473603972,59.86486507238227,6.638153568494509e-13,0.4326524699216098,0.344206461813297,0.07338628400066227
-31.0,0.08,189,2026400689,2026120789,0,,,,,0.7423141518587535,0.2628667624275486,1.144396166683464,37.88639724754419,21.84821570758897,71.71905740656388,-6.635178517733209e-12,-1.9539689397107494,-1.219250371501642,0.4466685330007749
-31.0,0.08,192,2026400692,2026120792,0,,,,,0.5679063497467145,0.2061420507608683,0.9477949194865106,28.702065250708674,17.533348112488923,52.78249681176042,-7.097673143663386e-13,-0.19193850685670394,0.17631700736722367,0.07343976899937843
-31.0,0.08,188,2026400688,2026120788,0,,,,,0.34918784796652647,0.13084882059699066,0.6234164978154345,8.417998491650179,5.063676915866216,16.81623732916428,1.4610708476414658e-13,0.6745361953219855,0.5424808838166226,0.5668217239999649
-31.0,0.08,187,2026400687,2026120787,0,,,,,0.6851876292276817,0.21627000729393683,1.075401249355178,24.72369930460096,11.833098170103987,43.0845039351986,-1.8030681114833413e-12,-0.21668906602783708,0.035239982671220915,0.5795234800007165
-31.0,0.08,191,2026400691,2026120791,1,K1ABC FN42 33,-31,0,10.140200,0.44876711297210087,0.16849040956613462,0.8357829464734443,15.873973235807961,9.67804949550052,31.15744608240267,5.357259774685375e-13,0.05120829625610356,0.15612613943000872,0.17509449899989704
-31.0,0.08,195,2026400695,2026120795,0,,,,,0.4828675008527198,0.1678601713839779,0.9186915187563238,13.854722561160912,6.4433178410651655,25.916176620774866,1.2979070942997772e-13,0.17663341679555222,0.17638148481172555,0.4913686760010023
-31.0,0.08,194,2026400694,2026120794,0,,,,,0.7486765090886596,0.30223992675051703,1.3457487327135351,36.87590456149189,25.187790836883654,70.14534568003532,9.541683415603686e-12,-0.4180979028731691,-0.08720584151022966,0.5276911490000202
-31.0,0.08,193,2026400693,2026120793,0,,,,,0.5026622217673657,0.20698608373258495,0.982339145265769,26.78261787894707,11.99684546818463,44.10414611831506,5.551635540168576e-13,-0.1535534497158453,-0.0297879570502684,0.5576162509987626
-31.0,0.08,196,2026400696,2026120796,0,,,,,0.6802305616775524,0.26680435423050625,1.2287470203753048,30.83558822653495,17.84534530043234,59.710046554347194,2.395561179979744e-12,-1.0797123781477838,-1.347801535238621,0.5052071359987167
-31.0,0.08,199,2026400699,2026120799,0,,,,,0.711139349601644,0.30242109460121186,1.4198577172918214,44.50653090159516,28.906596035769567,83.2265679037803,7.706061483370164e-12,-0.40320280277399895,0.21537815958077583,0.43962090400054876
-31.0,0.08,197,2026400697,2026120797,0,,,,,0.5205480911227309,0.21209794019179165,0.9823216713020465,27.724705252011038,16.746093221709994,50.64000645176795,9.931708233601455e-13,0.6256824337374127,0.3604264379726374,0.5280532220003806
-31.0,0.08,198,2026400698,2026120798,0,,,,,0.6247915662973729,0.26748763795895447,1.1409736288350267,36.9482041117739,17.409098884186452,61.53278509856039,-2.6502654237869905e-12,0.6971186567153285,0.42574594470935,0.5255459569998493
