snr_db,tau_seconds,target_A_res_hz,K_required_hz,actual_A_res_hz,trial_index,seed,decoded_success,decoded_message,reported_snr,reported_drift,reported_frequency,runtime_seconds
-30.0,30,0.25,0.7740402796960969,0.24999999999999983,2,2026100202,1,K1ABC FN42 33,-30,0,10.140200,0.08385019300021668
-30.0,30,0.25,0.7740402796960969,0.24999999999999983,4,2026100204,1,K1ABC FN42 33,-29,0,10.140200,0.041076213999986066
-30.0,30,0.25,0.7740402796960969,0.24999999999999983,3,2026100203,1,K1ABC FN42 33,-30,0,10.140200,0.2699254560002373
-30.0,30,0.25,0.7740402796960969,0.24999999999999983,1,2026100201,1,K1ABC FN42 33,-30,0,10.140200,0.28148717299973214
-30.0,30,0.25,0.7740402796960969,0.24999999999999983,0,2026100200,1,K1ABC FN42 33,-30,0,10.140200,0.2985802010007319
-30.0,30,0.25,0.7740402796960969,0.24999999999999983,5,2026100205,1,K1ABC FN42 33,-30,0,10.140200,0.23020759400060342
-30.0,30,0.25,0.7740402796960969,0.24999999999999983,7,2026100207,1,K1ABC FN42 33,-29,0,10.140200,0.23112022999976034
-30.0,30,0.25,0.7740402796960969,0.24999999999999983,8,2026100208,1,K1ABC FN42 33,-30,0,10.140200,0.2443295319999379
-30.0,30,0.25,0.7740402796960969,0.24999999999999983,6,2026100206,1,K1ABC FN42 33,-30,0,10.140200,0.2772765750005419
-30.0,30,0.25,0.7740402796960969,0.24999999999999983,9,2026100209,1,K1ABC FN42 33,-29,0,10.140200,0.2337061480002376
-30.0,30,0.25,0.7740402796960969,0.24999999999999983,11,2026100211,1,K1ABC FN42 33,-30,0,10.140200,0.04785193000043364
-30.0,30,0.25,0.7740402796960969,0.24999999999999983,14,2026100214,1,K1ABC FN42 33,-31,0,10.140200,0.04906402899996465
-30.0,30,0.25,0.7740402796960969,0.24999999999999983,12,2026100212,1,K1ABC FN42 33,-30,0,10.140200,0.22136102700005722
-30.0,30,0.25,0.7740402796960969,0.24999999999999983,10,2026100210,1,K1ABC FN42 33,-31,0,10.140200,0.26009839300058957
-30.0,30,0.25,0.7740402796960969,0.24999999999999983,13,2026100213,1,K1ABC FN42 33,-30,0,10.140200,0.2774648619997606
-30.0,30,0.25,0.7740402796960969,0.24999999999999983,15,2026100215,1,K1ABC FN42 33,-31,0,10.140200,0.25276047799980006
-30.0,30,0.25,0.7740402796960969,0.24999999999999983,19,2026100219,1,K1ABC FN42 33,-29,0,10.140200,0.04261248300008447
-30.0,30,0.25,0.7740402796960969,0.24999999999999983,16,2026100216,1,K1ABC FN42 33,-30,0,10.140200,0.23160305000055814
-30.0,30,0.25,0.7740402796960969,0.24999999999999983,20,2026100220,1,K1ABC FN42 33,-29,0,10.140200,0.06702132800000982
-30.0,30,0.25,0.7740402796960969,0.24999999999999983,18,2026100218,0,,,,,0.18909114300004148
-30.0,30,0.25,0.7740402796960969,0.24999999999999983,22,2026100222,1,K1ABC FN42 33,-30,0,10.140200,0.061564738000015495
-30.0,30,0.25,0.7740402796960969,0.24999999999999983,23,2026100223,1,K1ABC FN42 33,-30,0,10.140200,0.05535682299978362
-30.0,30,0.25,0.7740402796960969,0.24999999999999983,25,2026100225,1,K1ABC FN42 33,-30,0,10.140200,0.04234489000009489
-30.0,30,0.25,0.7740402796960969,0.24999999999999983,21,2026100221,1,K1ABC FN42 33,-31,0,10.140200,0.18446131699965918
-30.0,30,0.25,0.7740402796960969,0.24999999999999983,26,2026100226,1,K1ABC FN42 33,-30,0,10.140200,0.04532146199926501
-30.0,30,0.25,0.7740402796960969,0.24999999999999983,27,2026100227,1,K1ABC FN42 33,-30,0,10.140200,0.04747081799996522
-30.0,30,0.25,0.7740402796960969,0.24999999999999983,17,2026100217,0,,,,,0.527221682000345
-30.0,30,0.25,0.7740402796960969,0.24999999999999983,29,2026100229,1,K1ABC FN42 33,-30,0,10.140200,0.06784100099957868
-30.0,30,0.25,0.7740402796960969,0.24999999999999983,31,2026100231,1,K1ABC FN42 33,-30,0,10.140200,0.04351801299981162
-30.0,30,0.25,0.7740402796960969,0.24999999999999983,24,2026100224,1,K1ABC FN42 33,-30,0,10.140200,0.28003753000029974
-30.0,30,0.25,0.7740402796960969,0.24999999999999983,30,2026100230,1,K1ABC FN42 33,-30,0,10.140200,0.04830025299997942
-30.0,30,0.25,0.7740402796960969,0.24999999999999983,33,2026100233,1,K1ABC FN42 33,-30,0,10.140200,0.06996825399983209
-30.0,30,0.25,0.7740402796960969,0.24999999999999983,28,2026100228,1,K1ABC FN42 33,-29,0,10.140200,0.2545240119998198
-30.0,30,0.25,0.7740402796960969,0.24999999999999983,34,2026100234,1,K1ABC FN42 33,-30,0,10.140200,0.24437944000055722
-30.0,30,0.25,0.7740402796960969,0.24999999999999983,35,2026100235,1,K1ABC FN42 33,-30,0,10.140200,0.23891499499950442
-30.0,30,0.25,0.7740402796960969,0.24999999999999983,32,2026100232,1,K1ABC FN42 33,-30,0,10.140200,0.31228561000079935
-30.0,30,0.25,0.7740402796960969,0.24999999999999983,36,2026100236,1,K1ABC FN42 33,-31,0,10.140200,0.24443719200007763
-30.0,30,0.25,0.7740402796960969,0.24999999999999983,39,2026100239,1,K1ABC FN42 33,-30,0,10.140200,0.04872545299986086
-30.0,30,0.25,0.7740402796960969,0.24999999999999983,41,2026100241,1,K1ABC FN42 33,-31,0,10.140200,0.06604052100010449
-30.0,30,0.25,0.7740402796960969,0.24999999999999983,40,2026100240,1,K1ABC FN42 33,-30,0,10.140200,0.07376305400066485
-30.0,30,0.25,0.7740402796960969,0.24999999999999983,42,2026100242,1,K1ABC FN42 33,-30,0,10.140200,0.045172694999564555
-30.0,30,0.25,0.7740402796960969,0.24999999999999983,37,2026100237,1,K1ABC FN42 33,-30,0,10.140200,0.23658459599937487
-30.0,30,0.25,0.7740402796960969,0.24999999999999983,43,2026100243,1,K1ABC FN42 33,-30,0,10.140200,0.08219450100023096
-30.0,30,0.25,0.7740402796960969,0.24999999999999983,45,2026100245,1,K1ABC FN42 33,-30,0,10.140200,0.043998897000165016
-30.0,30,0.25,0.7740402796960969,0.24999999999999983,38,2026100238,1,K1ABC FN42 33,-29,0,10.140200,0.2454903280004146
-30.0,30,0.25,0.7740402796960969,0.24999999999999983,47,2026100247,1,K1ABC FN42 33,-31,0,10.140200,0.04858798199984449
-30.0,30,0.25,0.7740402796960969,0.24999999999999983,48,2026100248,1,K1ABC FN42 33,-30,0,10.140200,0.05459833300028549
-30.0,30,0.25,0.7740402796960969,0.24999999999999983,49,2026100249,1,K1ABC FN42 33,-30,0,10.140200,0.04545286299980944
-30.0,30,0.25,0.7740402796960969,0.24999999999999983,44,2026100244,1,K1ABC FN42 33,-30,0,10.140200,0.1739205799995034
-30.0,30,0.25,0.7740402796960969,0.24999999999999983,51,2026100251,1,K1ABC FN42 33,-30,0,10.140200,0.09422419000020454
-30.0,30,0.25,0.7740402796960969,0.24999999999999983,50,2026100250,1,K1ABC FN42 33,-30,0,10.140200,0.14125948099990637
-30.0,30,0.25,0.7740402796960969,0.24999999999999983,53,2026100253,1,K1ABC FN42 33,-29,0,10.140200,0.045144497000364936
-30.0,30,0.25,0.7740402796960969,0.24999999999999983,54,2026100254,1,K1ABC FN42 33,-31,0,10.140200,0.050141205000727496
-30.0,30,0.25,0.7740402796960969,0.24999999999999983,56,2026100256,1,K1ABC FN42 33,-30,0,10.140200,0.058746114000314265
-30.0,30,0.25,0.7740402796960969,0.24999999999999983,52,2026100252,1,K1ABC FN42 33,-30,0,10.140200,0.24651576499945804
-30.0,30,0.25,0.7740402796960969,0.24999999999999983,57,2026100257,1,K1ABC FN42 33,-29,0,10.140200,0.05147003699948982
-30.0,30,0.25,0.7740402796960969,0.24999999999999983,58,2026100258,1,K1ABC FN42 33,-29,0,10.140200,0.049787353000283474
-30.0,30,0.25,0.7740402796960969,0.24999999999999983,59,2026100259,1,K1ABC FN42 33,-28,0,10.140200,0.058130366999648686
-30.0,30,0.25,0.7740402796960969,0.24999999999999983,60,2026100260,1,K1ABC FN42 33,-31,0,10.140200,0.045487120999496256
-30.0,30,0.25,0.7740402796960969,0.24999999999999983,55,2026100255,1,K1ABC FN42 33,-30,0,10.140200,0.26170569300029456
-30.0,30,0.25,0.7740402796960969,0.24999999999999983,62,2026100262,1,K1ABC FN42 33,-30,0,10.140200,0.0453416489999654
-30.0,30,0.25,0.7740402796960969,0.24999999999999983,46,2026100246,0,,,,,0.5250457490001281
-30.0,30,0.25,0.7740402796960969,0.24999999999999983,63,2026100263,1,K1ABC FN42 33,-30,0,10.140200,0.06457289699937974
-30.0,30,0.25,0.7740402796960969,0.24999999999999983,61,2026100261,1,K1ABC FN42 33,-29,0,10.140200,0.2424473590008347
-30.0,30,0.25,0.7740402796960969,0.24999999999999983,64,2026100264,1,K1ABC FN42 33,-29,0,10.140200,0.24954890299977706
-30.0,30,0.25,0.7740402796960969,0.24999999999999983,66,2026100266,1,K1ABC FN42 33,-29,0,10.140200,0.24321525000050315
-30.0,30,0.25,0.7740402796960969,0.24999999999999983,68,2026100268,1,K1ABC FN42 33,-29,0,10.140200,0.05186187300023448
-30.0,30,0.25,0.7740402796960969,0.24999999999999983,70,2026100270,1,K1ABC FN42 33,-30,0,10.140200,0.2866223789997093
-30.0,30,0.25,0.7740402796960969,0.24999999999999983,65,2026100265,0,,,,,0.5876334869999482
-30.0,30,0.25,0.7740402796960969,0.24999999999999983,69,2026100269,1,K1ABC FN42 33,-29,0,10.140200,0.28977514400048676
-30.0,30,0.25,0.7740402796960969,0.24999999999999983,67,2026100267,0,,,,,0.5400545189995682
-30.0,30,0.25,0.7740402796960969,0.24999999999999983,72,2026100272,1,K1ABC FN42 33,-29,0,10.140200,0.25423924699953204
-30.0,30,0.25,0.7740402796960969,0.24999999999999983,71,2026100271,1,K1ABC FN42 33,-29,0,10.140200,0.2583040540002912
-30.0,30,0.25,0.7740402796960969,0.24999999999999983,75,2026100275,1,K1ABC FN42 33,-29,0,10.140200,0.08351858100013487
-30.0,30,0.25,0.7740402796960969,0.24999999999999983,74,2026100274,1,K1ABC FN42 33,-30,0,10.140200,0.24492025899962755
-30.0,30,0.25,0.7740402796960969,0.24999999999999983,77,2026100277,1,K1ABC FN42 33,-30,0,10.140200,0.05890542900033324
-30.0,30,0.25,0.7740402796960969,0.24999999999999983,76,2026100276,1,K1ABC FN42 33,-31,0,10.140200,0.2540426529994875
-30.0,30,0.25,0.7740402796960969,0.24999999999999983,73,2026100273,0,,,,,0.5318596380002418
-30.0,30,0.25,0.7740402796960969,0.24999999999999983,78,2026100278,1,K1ABC FN42 33,-30,0,10.140200,0.3042099499998585
-30.0,30,0.25,0.7740402796960969,0.24999999999999983,79,2026100279,1,K1ABC FN42 33,-31,0,10.140200,0.3000561340004424
-30.0,30,0.25,0.7740402796960969,0.24999999999999983,83,2026100283,1,K1ABC FN42 33,-30,0,10.140200,0.048669816000256105
-30.0,30,0.25,0.7740402796960969,0.24999999999999983,81,2026100281,1,K1ABC FN42 33,-30,0,10.140200,0.24622503899990988
-30.0,30,0.25,0.7740402796960969,0.24999999999999983,85,2026100285,1,K1ABC FN42 33,-29,0,10.140200,0.049874250999891956
-30.0,30,0.25,0.7740402796960969,0.24999999999999983,86,2026100286,1,K1ABC FN42 33,-30,0,10.140200,0.06171556400022382
-30.0,30,0.25,0.7740402796960969,0.24999999999999983,82,2026100282,1,K1ABC FN42 33,-30,0,10.140200,0.2572931830000016
-30.0,30,0.25,0.7740402796960969,0.24999999999999983,80,2026100280,0,,,,,0.5135113589994944
-30.0,30,0.25,0.7740402796960969,0.24999999999999983,84,2026100284,1,K1ABC FN42 33,-29,0,10.140200,0.32958232999953907
-30.0,30,0.25,0.7740402796960969,0.24999999999999983,87,2026100287,1,K1ABC FN42 33,-29,0,10.140200,0.23918791500000225
-30.0,30,0.25,0.7740402796960969,0.24999999999999983,90,2026100290,1,K1ABC FN42 33,-30,0,10.140200,0.10230398099974991
-30.0,30,0.25,0.7740402796960969,0.24999999999999983,88,2026100288,1,K1ABC FN42 33,-30,0,10.140200,0.25086999900031515
-30.0,30,0.25,0.7740402796960969,0.24999999999999983,91,2026100291,1,K1ABC FN42 33,-30,0,10.140200,0.059695834999729414
-30.0,30,0.25,0.7740402796960969,0.24999999999999983,93,2026100293,1,K1ABC FN42 33,-29,0,10.140200,0.04474563700023282
-30.0,30,0.25,0.7740402796960969,0.24999999999999983,89,2026100289,1,K1ABC FN42 33,-30,0,10.140200,0.23533331899943732
-30.0,30,0.25,0.7740402796960969,0.24999999999999983,95,2026100295,1,K1ABC FN42 33,-29,0,10.140200,0.041587849000279675
-30.0,30,0.25,0.7740402796960969,0.24999999999999983,96,2026100296,1,K1ABC FN42 33,-30,0,10.140200,0.1353433899994343
-30.0,30,0.25,0.7740402796960969,0.24999999999999983,92,2026100292,1,K1ABC FN42 33,-30,0,10.140200,0.2375789249999798
-30.0,30,0.25,0.7740402796960969,0.24999999999999983,94,2026100294,1,K1ABC FN42 33,-31,0,10.140200,0.2457914040005562
-30.0,30,0.25,0.7740402796960969,0.24999999999999983,97,2026100297,1,K1ABC FN42 33,-30,0,10.140200,0.22233748100006778
-30.0,30,0.5,1.5480805593921938,0.49999999999999967,0,2026100200,1,K1ABC FN42 33,-29,0,10.140200,0.08766468100020575
-30.0,30,0.5,1.5480805593921938,0.49999999999999967,1,2026100201,1,K1ABC FN42 33,-29,0,10.140200,0.07364963400050328
-30.0,30,0.25,0.7740402796960969,0.24999999999999983,99,2026100299,1,K1ABC FN42 33,-30,0,10.140200,0.232237931999407
-30.0,30,0.25,0.7740402796960969,0.24999999999999983,98,2026100298,1,K1ABC FN42 33,-30,0,10.140200,0.26027870399957465
-30.0,30,0.5,1.5480805593921938,0.49999999999999967,4,2026100204,1,K1ABC FN42 33,-30,0,10.140200,0.06296878200009814
-30.0,30,0.5,1.5480805593921938,0.49999999999999967,2,2026100202,1,K1ABC FN42 33,-30,0,10.140200,0.24903354900015984
-30.0,30,0.5,1.5480805593921938,0.49999999999999967,5,2026100205,1,K1ABC FN42 33,-30,0,10.140200,0.3484688950002237
-30.0,30,0.5,1.5480805593921938,0.49999999999999967,3,2026100203,0,,,,,0.5220863519998602
-30.0,30,0.5,1.5480805593921938,0.49999999999999967,8,2026100208,1,K1ABC FN42 33,-30,0,10.140200,0.08800502099984442
-30.0,30,0.5,1.5480805593921938,0.49999999999999967,10,2026100210,1,K1ABC FN42 33,-30,0,10.140200,0.0876937299999554
-30.0,30,0.5,1.5480805593921938,0.49999999999999967,6,2026100206,0,,,,,0.5427265789994635
-30.0,30,0.5,1.5480805593921938,0.49999999999999967,7,2026100207,0,,,,,0.510950849999972
-30.0,30,0.5,1.5480805593921938,0.49999999999999967,12,2026100212,1,K1ABC FN42 33,-29,0,10.140200,0.050133767999795964
-30.0,30,0.5,1.5480805593921938,0.49999999999999967,9,2026100209,1,K1ABC FN42 33,-30,0,10.140200,0.24215914199976396
-30.0,30,0.5,1.5480805593921938,0.49999999999999967,14,2026100214,1,K1ABC FN42 33,-30,0,10.140200,0.05345651599964185
-30.0,30,0.5,1.5480805593921938,0.49999999999999967,11,2026100211,1,K1ABC FN42 33,-30,0,10.140200,0.2573099059991364
-30.0,30,0.5,1.5480805593921938,0.49999999999999967,15,2026100215,1,K1ABC FN42 33,-30,0,10.140200,0.25428157500027737
-30.0,30,0.5,1.5480805593921938,0.49999999999999967,16,2026100216,1,K1ABC FN42 33,-30,0,10.140200,0.23211571299998468
-30.0,30,0.5,1.5480805593921938,0.49999999999999967,19,2026100219,1,K1ABC FN42 33,-30,0,10.140200,0.0401499520003199
-30.0,30,0.5,1.5480805593921938,0.49999999999999967,13,2026100213,0,,,,,0.5168447639998703
-30.0,30,0.5,1.5480805593921938,0.49999999999999967,18,2026100218,1,K1ABC FN42 33,-29,0,10.140200,0.24350588299967058
-30.0,30,0.5,1.5480805593921938,0.49999999999999967,20,2026100220,1,K1ABC FN42 33,-29,0,10.140200,0.22963666200030275
-30.0,30,0.5,1.5480805593921938,0.49999999999999967,17,2026100217,0,,,,,0.504499133000536
-30.0,30,0.5,1.5480805593921938,0.49999999999999967,24,2026100224,1,K1ABC FN42 33,-29,0,10.140200,0.08080548700036161
-30.0,30,0.5,1.5480805593921938,0.49999999999999967,21,2026100221,1,K1ABC FN42 33,-31,0,10.140200,0.24242773300011322
-30.0,30,0.5,1.5480805593921938,0.49999999999999967,26,2026100226,1,K1ABC FN42 33,-30,0,10.140200,0.059752199000286055
-30.0,30,0.5,1.5480805593921938,0.49999999999999967,22,2026100222,1,K1ABC FN42 33,-30,0,10.140200,0.2876434720001271
-30.0,30,0.5,1.5480805593921938,0.49999999999999967,27,2026100227,1,K1ABC FN42 33,-31,0,10.140200,0.2752738160006629
-30.0,30,0.5,1.5480805593921938,0.49999999999999967,23,2026100223,0,,,,,0.5228975729996819
-30.0,30,0.5,1.5480805593921938,0.49999999999999967,30,2026100230,1,K1ABC FN42 33,-29,0,10.140200,0.04010858599940548
-30.0,30,0.5,1.5480805593921938,0.49999999999999967,31,2026100231,1,K1ABC FN42 33,-30,0,10.140200,0.06934707199980039
-30.0,30,0.5,1.5480805593921938,0.49999999999999967,25,2026100225,0,,,,,0.5236650469996675
-30.0,30,0.5,1.5480805593921938,0.49999999999999967,32,2026100232,1,K1ABC FN42 33,-30,0,10.140200,0.06758342000011908
-30.0,30,0.5,1.5480805593921938,0.49999999999999967,28,2026100228,0,,,,,0.4771448210003655
-30.0,30,0.5,1.5480805593921938,0.49999999999999967,33,2026100233,1,K1ABC FN42 33,-30,0,10.140200,0.06522283100002824
-30.0,30,0.5,1.5480805593921938,0.49999999999999967,29,2026100229,1,K1ABC FN42 33,-30,0,10.140200,0.2556443749999744
-30.0,30,0.5,1.5480805593921938,0.49999999999999967,34,2026100234,1,K1ABC FN42 33,-29,0,10.140200,0.2415890539996326
-30.0,30,0.5,1.5480805593921938,0.49999999999999967,36,2026100236,1,K1ABC FN42 33,-30,0,10.140200,0.21963218699966092
-30.0,30,0.5,1.5480805593921938,0.49999999999999967,39,2026100239,1,K1ABC FN42 33,-30,0,10.140200,0.03919358600069245
-30.0,30,0.5,1.5480805593921938,0.49999999999999967,37,2026100237,1,K1ABC FN42 33,-30,0,10.140200,0.2946546290004335
-30.0,30,0.5,1.5480805593921938,0.49999999999999967,35,2026100235,0,,,,,0.5198024840001381
-30.0,30,0.5,1.5480805593921938,0.49999999999999967,40,2026100240,0,,,,,0.40325997000036296
-30.0,30,0.5,1.5480805593921938,0.49999999999999967,38,2026100238,0,,,,,0.5369838859996889
-30.0,30,0.5,1.5480805593921938,0.49999999999999967,42,2026100242,1,K1ABC FN42 33,-30,0,10.140200,0.2466605930003425
-30.0,30,0.5,1.5480805593921938,0.49999999999999967,43,2026100243,1,K1ABC FN42 33,-30,0,10.140200,0.1078115179998349
-30.0,30,0.5,1.5480805593921938,0.49999999999999967,45,2026100245,1,K1ABC FN42 33,-29,0,10.140200,0.057602242000029946
-30.0,30,0.5,1.5480805593921938,0.49999999999999967,41,2026100241,0,,,,,0.5172392750000654
-30.0,30,0.5,1.5480805593921938,0.49999999999999967,44,2026100244,1,K1ABC FN42 33,-30,0,10.140200,0.32055779100028303
-30.0,30,0.5,1.5480805593921938,0.49999999999999967,47,2026100247,1,K1ABC FN42 33,-31,0,10.140200,0.2547663180002928
-30.0,30,0.5,1.5480805593921938,0.49999999999999967,46,2026100246,0,,,,,0.5298964639996484
-30.0,30,0.5,1.5480805593921938,0.49999999999999967,48,2026100248,0,,,,,0.5076329070006977
-30.0,30,0.5,1.5480805593921938,0.49999999999999967,51,2026100251,1,K1ABC FN42 33,-30,0,10.140200,0.07703278499957378
-30.0,30,0.5,1.5480805593921938,0.49999999999999967,52,2026100252,1,K1ABC FN42 33,-31,0,10.140200,0.06163866099996085
-30.0,30,0.5,1.5480805593921938,0.49999999999999967,49,2026100249,1,K1ABC FN42 33,-31,0,10.140200,0.3566874600001029
-30.0,30,0.5,1.5480805593921938,0.49999999999999967,54,2026100254,1,K1ABC FN42 33,-30,0,10.140200,0.04939285699947504
-30.0,30,0.5,1.5480805593921938,0.49999999999999967,50,2026100250,0,,,,,0.42733147499984625
-30.0,30,0.5,1.5480805593921938,0.49999999999999967,57,2026100257,1,K1ABC FN42 33,-30,0,10.140200,0.0585903920000419
-30.0,30,0.5,1.5480805593921938,0.49999999999999967,53,2026100253,1,K1ABC FN42 33,-30,0,10.140200,0.23999929599995085
-30.0,30,0.5,1.5480805593921938,0.49999999999999967,56,2026100256,1,K1ABC FN42 33,-30,0,10.140200,0.3925467290000597
-30.0,30,0.5,1.5480805593921938,0.49999999999999967,55,2026100255,0,,,,,0.5259227410006133
-30.0,30,0.5,1.5480805593921938,0.49999999999999967,61,2026100261,1,K1ABC FN42 33,-29,0,10.140200,0.1119804509999085
-30.0,30,0.5,1.5480805593921938,0.49999999999999967,58,2026100258,0,,,,,0.5091907839996566
-30.0,30,0.5,1.5480805593921938,0.49999999999999967,62,2026100262,1,K1ABC FN42 33,-30,0,10.140200,0.06673231800050416
-30.0,30,0.5,1.5480805593921938,0.49999999999999967,59,2026100259,0,,,,,0.5201577630004977
-30.0,30,0.5,1.5480805593921938,0.49999999999999967,65,2026100265,1,K1ABC FN42 33,-29,0,10.140200,0.16512587099987286
-30.0,30,0.5,1.5480805593921938,0.49999999999999967,64,2026100264,1,K1ABC FN42 33,-30,0,10.140200,0.2396780660001241
-30.0,30,0.5,1.5480805593921938,0.49999999999999967,66,2026100266,1,K1ABC FN42 33,-29,0,10.140200,0.045769612999720266
-30.0,30,0.5,1.5480805593921938,0.49999999999999967,60,2026100260,0,,,,,0.5326332270005878
-30.0,30,0.5,1.5480805593921938,0.49999999999999967,69,2026100269,1,K1ABC FN42 33,-29,0,10.140200,0.0559866300000067
-30.0,30,0.5,1.5480805593921938,0.49999999999999967,68,2026100268,1,K1ABC FN42 33,-29,0,10.140200,0.16749060799975268
-30.0,30,0.5,1.5480805593921938,0.49999999999999967,63,2026100263,0,,,,,0.5418525590002901
-30.0,30,0.5,1.5480805593921938,0.49999999999999967,70,2026100270,1,K1ABC FN42 33,-30,0,10.140200,0.25675597400004335
-30.0,30,0.5,1.5480805593921938,0.49999999999999967,71,2026100271,1,K1ABC FN42 33,-30,0,10.140200,0.3533181959992362
-30.0,30,0.5,1.5480805593921938,0.49999999999999967,67,2026100267,0,,,,,0.5319786780000868
-30.0,30,0.5,1.5480805593921938,0.49999999999999967,73,2026100273,1,K1ABC FN42 33,-29,0,10.140200,0.26037915800043265
-30.0,30,0.5,1.5480805593921938,0.49999999999999967,72,2026100272,0,,,,,0.5414786729998013
-30.0,30,0.5,1.5480805593921938,0.49999999999999967,74,2026100274,1,K1ABC FN42 33,-30,0,10.140200,0.32704877800006216
-30.0,30,0.5,1.5480805593921938,0.49999999999999967,76,2026100276,1,K1ABC FN42 33,-30,0,10.140200,0.26004850000026636
-30.0,30,0.5,1.5480805593921938,0.49999999999999967,77,2026100277,1,K1ABC FN42 33,-30,0,10.140200,0.19346489700001257
-30.0,30,0.5,1.5480805593921938,0.49999999999999967,75,2026100275,0,,,,,0.5008536519999325
-30.0,30,0.5,1.5480805593921938,0.49999999999999967,79,2026100279,1,K1ABC FN42 33,-30,0,10.140200,0.239576310999837
-30.0,30,0.5,1.5480805593921938,0.49999999999999967,82,2026100282,1,K1ABC FN42 33,-29,0,10.140200,0.1511805860000095
-30.0,30,0.5,1.5480805593921938,0.49999999999999967,78,2026100278,0,,,,,0.5427790159992583
-30.0,30,0.5,1.5480805593921938,0.49999999999999967,83,2026100283,1,K1ABC FN42 33,-30,0,10.140200,0.17045353800040175
-30.0,30,0.5,1.5480805593921938,0.49999999999999967,85,2026100285,1,K1ABC FN42 33,-30,0,10.140200,0.0548820820004039
-30.0,30,0.5,1.5480805593921938,0.49999999999999967,86,2026100286,1,K1ABC FN42 33,-30,0,10.140200,0.05390401699969516
-30.0,30,0.5,1.5480805593921938,0.49999999999999967,80,2026100280,0,,,,,0.5464518469998438
-30.0,30,0.5,1.5480805593921938,0.49999999999999967,81,2026100281,0,,,,,0.540186803999859
-30.0,30,0.5,1.5480805593921938,0.49999999999999967,84,2026100284,0,,,,,0.49521016600010626
-30.0,30,0.5,1.5480805593921938,0.49999999999999967,90,2026100290,1,K1ABC FN42 33,-30,0,10.140200,0.04653349700038234
-30.0,30,0.5,1.5480805593921938,0.49999999999999967,88,2026100288,0,,,,,0.5078521909999836
-30.0,30,0.5,1.5480805593921938,0.49999999999999967,87,2026100287,0,,,,,0.5113381909995951
-30.0,30,0.5,1.5480805593921938,0.49999999999999967,89,2026100289,0,,,,,0.5176124259996868
-30.0,30,0.5,1.5480805593921938,0.49999999999999967,92,2026100292,1,K1ABC FN42 33,-30,0,10.140200,0.06015709500024968
-30.0,30,0.5,1.5480805593921938,0.49999999999999967,94,2026100294,1,K1ABC FN42 33,-31,0,10.140200,0.04840611799954786
-30.0,30,0.5,1.5480805593921938,0.49999999999999967,93,2026100293,1,K1ABC FN42 33,-29,0,10.140200,0.1112259070005166
-30.0,30,0.5,1.5480805593921938,0.49999999999999967,96,2026100296,1,K1ABC FN42 33,-30,0,10.140200,0.05710290000024543
-30.0,30,0.5,1.5480805593921938,0.49999999999999967,98,2026100298,1,K1ABC FN42 33,-29,0,10.140200,0.07297075299993594
-30.0,30,0.5,1.5480805593921938,0.49999999999999967,97,2026100297,1,K1ABC FN42 33,-29,0,10.140200,0.2380536579994441
-30.0,60,0.25,1.768582908199704,0.2500000000000001,0,2026100200,1,K1ABC FN42 33,-30,0,10.140200,0.07569806900028198
-30.0,30,0.5,1.5480805593921938,0.49999999999999967,91,2026100291,0,,,,,0.5458883430001151
-30.0,60,0.25,1.768582908199704,0.2500000000000001,1,2026100201,1,K1ABC FN42 33,-29,0,10.140200,0.05000836799990793
-30.0,30,0.5,1.5480805593921938,0.49999999999999967,99,2026100299,1,K1ABC FN42 33,-30,0,10.140200,0.2592638870000883
-30.0,60,0.25,1.768582908199704,0.2500000000000001,4,2026100204,1,K1ABC FN42 33,-30,0,10.140200,0.07043276300009893
-30.0,30,0.5,1.5480805593921938,0.49999999999999967,95,2026100295,0,,,,,0.5275730570001542
-30.0,60,0.25,1.768582908199704,0.2500000000000001,2,2026100202,1,K1ABC FN42 33,-31,0,10.140200,0.2507091939996826
-30.0,60,0.25,1.768582908199704,0.2500000000000001,3,2026100203,1,K1ABC FN42 33,-30,0,10.140200,0.2408166249997521
-30.0,60,0.25,1.768582908199704,0.2500000000000001,5,2026100205,1,K1ABC FN42 33,-30,0,10.140200,0.27062364099947445
-30.0,60,0.25,1.768582908199704,0.2500000000000001,6,2026100206,1,K1ABC FN42 33,-30,0,10.140200,0.33513803200003167
-30.0,60,0.25,1.768582908199704,0.2500000000000001,7,2026100207,1,K1ABC FN42 33,-29,0,10.140200,0.25776158799999394
-30.0,60,0.25,1.768582908199704,0.2500000000000001,8,2026100208,1,K1ABC FN42 33,-30,0,10.140200,0.24285196799974074
-30.0,60,0.25,1.768582908199704,0.2500000000000001,10,2026100210,1,K1ABC FN42 33,-30,0,10.140200,0.06796403099997406
-30.0,60,0.25,1.768582908199704,0.2500000000000001,9,2026100209,1,K1ABC FN42 33,-30,0,10.140200,0.2581021799996961
-30.0,60,0.25,1.768582908199704,0.2500000000000001,14,2026100214,1,K1ABC FN42 33,-30,0,10.140200,0.054853556000125536
-30.0,60,0.25,1.768582908199704,0.2500000000000001,11,2026100211,1,K1ABC FN42 33,-30,0,10.140200,0.23792512799991528
-30.0,60,0.25,1.768582908199704,0.2500000000000001,12,2026100212,1,K1ABC FN42 33,-30,0,10.140200,0.2343253109993384
-30.0,60,0.25,1.768582908199704,0.2500000000000001,15,2026100215,1,K1ABC FN42 33,-30,0,10.140200,0.06255146199964656
-30.0,60,0.25,1.768582908199704,0.2500000000000001,13,2026100213,1,K1ABC FN42 33,-29,0,10.140200,0.3006470369991803
-30.0,60,0.25,1.768582908199704,0.2500000000000001,16,2026100216,1,K1ABC FN42 33,-30,0,10.140200,0.2381573689999641
-30.0,60,0.25,1.768582908199704,0.2500000000000001,17,2026100217,1,K1ABC FN42 33,-30,0,10.140200,0.2556305709995286
-30.0,60,0.25,1.768582908199704,0.2500000000000001,19,2026100219,1,K1ABC FN42 33,-30,0,10.140200,0.20831258399994113
-30.0,60,0.25,1.768582908199704,0.2500000000000001,21,2026100221,1,K1ABC FN42 33,-30,0,10.140200,0.1627338200005397
-30.0,60,0.25,1.768582908199704,0.2500000000000001,20,2026100220,1,K1ABC FN42 33,-30,0,10.140200,0.23451219399976253
-30.0,60,0.25,1.768582908199704,0.2500000000000001,23,2026100223,1,K1ABC FN42 33,-30,0,10.140200,0.047127742000157014
-30.0,60,0.25,1.768582908199704,0.2500000000000001,18,2026100218,0,,,,,0.5100496020004357
-30.0,60,0.25,1.768582908199704,0.2500000000000001,22,2026100222,1,K1ABC FN42 33,-30,0,10.140200,0.2530076940001891
-30.0,60,0.25,1.768582908199704,0.2500000000000001,27,2026100227,1,K1ABC FN42 33,-30,0,10.140200,0.038174123000317195
-30.0,60,0.25,1.768582908199704,0.2500000000000001,28,2026100228,1,K1ABC FN42 33,-29,0,10.140200,0.0500739210001484
-30.0,60,0.25,1.768582908199704,0.2500000000000001,25,2026100225,1,K1ABC FN42 33,-30,0,10.140200,0.2214155479996407
-30.0,60,0.25,1.768582908199704,0.2500000000000001,24,2026100224,1,K1ABC FN42 33,-30,0,10.140200,0.2585192280002957
-30.0,60,0.25,1.768582908199704,0.2500000000000001,26,2026100226,1,K1ABC FN42 33,-30,0,10.140200,0.2334582830008003
-30.0,60,0.25,1.768582908199704,0.2500000000000001,31,2026100231,1,K1ABC FN42 33,-30,0,10.140200,0.042839711999477004
-30.0,60,0.25,1.768582908199704,0.2500000000000001,30,2026100230,1,K1ABC FN42 33,-30,0,10.140200,0.07663781299925176
-30.0,60,0.25,1.768582908199704,0.2500000000000001,32,2026100232,1,K1ABC FN42 33,-30,0,10.140200,0.04534939499990287
-30.0,60,0.25,1.768582908199704,0.2500000000000001,33,2026100233,1,K1ABC FN42 33,-30,0,10.140200,0.042189223000605125
-30.0,60,0.25,1.768582908199704,0.2500000000000001,34,2026100234,1,K1ABC FN42 33,-29,0,10.140200,0.0644909180000468
-30.0,60,0.25,1.768582908199704,0.2500000000000001,36,2026100236,1,K1ABC FN42 33,-30,0,10.140200,0.04039741900032823
-30.0,60,0.25,1.768582908199704,0.2500000000000001,37,2026100237,1,K1ABC FN42 33,-29,0,10.140200,0.04098433599938289
-30.0,60,0.25,1.768582908199704,0.2500000000000001,29,2026100229,1,K1ABC FN42 33,-30,0,10.140200,0.230839176999325
-30.0,60,0.25,1.768582908199704,0.2500000000000001,40,2026100240,1,K1ABC FN42 33,-31,0,10.140200,0.04013950199987448
-30.0,60,0.25,1.768582908199704,0.2500000000000001,41,2026100241,1,K1ABC FN42 33,-31,0,10.140200,0.06733377000000473
-30.0,60,0.25,1.768582908199704,0.2500000000000001,35,2026100235,1,K1ABC FN42 33,-30,0,10.140200,0.23448090300007607
-30.0,60,0.25,1.768582908199704,0.2500000000000001,42,2026100242,1,K1ABC FN42 33,-30,0,10.140200,0.05286699399948702
-30.0,60,0.25,1.768582908199704,0.2500000000000001,39,2026100239,1,K1ABC FN42 33,-30,0,10.140200,0.22473480200005724
-30.0,60,0.25,1.768582908199704,0.2500000000000001,43,2026100243,1,K1ABC FN42 33,-30,0,10.140200,0.18821403099991585
-30.0,60,0.25,1.768582908199704,0.2500000000000001,44,2026100244,1,K1ABC FN42 33,-30,0,10.140200,0.23611648499991134
-30.0,60,0.25,1.768582908199704,0.2500000000000001,47,2026100247,1,K1ABC FN42 33,-30,0,10.140200,0.04111301899956743
-30.0,60,0.25,1.768582908199704,0.2500000000000001,45,2026100245,1,K1ABC FN42 33,-29,0,10.140200,0.2455654069999582
-30.0,60,0.25,1.768582908199704,0.2500000000000001,38,2026100238,0,,,,,0.510314594999727
-30.0,60,0.25,1.768582908199704,0.2500000000000001,49,2026100249,1,K1ABC FN42 33,-30,0,10.140200,0.04161306200057879
-30.0,60,0.25,1.768582908199704,0.2500000000000001,46,2026100246,1,K1ABC FN42 33,-29,0,10.140200,0.2336250429998472
-30.0,60,0.25,1.768582908199704,0.2500000000000001,48,2026100248,1,K1ABC FN42 33,-30,0,10.140200,0.14209851800023898
-30.0,60,0.25,1.768582908199704,0.2500000000000001,51,2026100251,1,K1ABC FN42 33,-30,0,10.140200,0.10545620900029462
-30.0,60,0.25,1.768582908199704,0.2500000000000001,52,2026100252,1,K1ABC FN42 33,-30,0,10.140200,0.042879286000243155
-30.0,60,0.25,1.768582908199704,0.2500000000000001,53,2026100253,1,K1ABC FN42 33,-30,0,10.140200,0.04928053399999044
-30.0,60,0.25,1.768582908199704,0.2500000000000001,54,2026100254,1,K1ABC FN42 33,-30,0,10.140200,0.03995468799985247
-30.0,60,0.25,1.768582908199704,0.2500000000000001,55,2026100255,1,K1ABC FN42 33,-30,0,10.140200,0.0771416470006443
-30.0,60,0.25,1.768582908199704,0.2500000000000001,56,2026100256,1,K1ABC FN42 33,-30,0,10.140200,0.0904616170000736
-30.0,60,0.25,1.768582908199704,0.2500000000000001,50,2026100250,1,K1ABC FN42 33,-30,0,10.140200,0.26869805499973154
-30.0,60,0.25,1.768582908199704,0.2500000000000001,60,2026100260,1,K1ABC FN42 33,-30,0,10.140200,0.04892234399994777
-30.0,60,0.25,1.768582908199704,0.2500000000000001,58,2026100258,1,K1ABC FN42 33,-29,0,10.140200,0.22349717599990981
-30.0,60,0.25,1.768582908199704,0.2500000000000001,59,2026100259,1,K1ABC FN42 33,-28,0,10.140200,0.22816108999995777
-30.0,60,0.25,1.768582908199704,0.2500000000000001,62,2026100262,1,K1ABC FN42 33,-30,0,10.140200,0.05018669800028874
-30.0,60,0.25,1.768582908199704,0.2500000000000001,64,2026100264,1,K1ABC FN42 33,-29,0,10.140200,0.051009172000703984
-30.0,60,0.25,1.768582908199704,0.2500000000000001,65,2026100265,1,K1ABC FN42 33,-29,0,10.140200,0.044130948999736574
-30.0,60,0.25,1.768582908199704,0.2500000000000001,57,2026100257,0,,,,,0.4997089609996692
-30.0,60,0.25,1.768582908199704,0.2500000000000001,66,2026100266,1,K1ABC FN42 33,-30,0,10.140200,0.10019942500002799
-30.0,60,0.25,1.768582908199704,0.2500000000000001,67,2026100267,1,K1ABC FN42 33,-30,0,10.140200,0.08182726100039872
-30.0,60,0.25,1.768582908199704,0.2500000000000001,61,2026100261,0,,,,,0.509665004999988
-30.0,60,0.25,1.768582908199704,0.2500000000000001,68,2026100268,1,K1ABC FN42 33,-30,0,10.140200,0.14017979700020078
-30.0,60,0.25,1.768582908199704,0.2500000000000001,69,2026100269,1,K1ABC FN42 33,-29,0,10.140200,0.2221735319999425
-30.0,60,0.25,1.768582908199704,0.2500000000000001,63,2026100263,0,,,,,0.5190761949997977
-30.0,60,0.25,1.768582908199704,0.2500000000000001,70,2026100270,1,K1ABC FN42 33,-30,0,10.140200,0.24515437500031112
-30.0,60,0.25,1.768582908199704,0.2500000000000001,71,2026100271,1,K1ABC FN42 33,-30,0,10.140200,0.3545609559996592
-30.0,60,0.25,1.768582908199704,0.2500000000000001,72,2026100272,1,K1ABC FN42 33,-29,0,10.140200,0.25098716799948306
-30.0,60,0.25,1.768582908199704,0.2500000000000001,73,2026100273,1,K1ABC FN42 33,-30,0,10.140200,0.25249497900040296
-30.0,60,0.25,1.768582908199704,0.2500000000000001,76,2026100276,1,K1ABC FN42 33,-29,0,10.140200,0.051821380000546924
-30.0,60,0.25,1.768582908199704,0.2500000000000001,74,2026100274,1,K1ABC FN42 33,-31,0,10.140200,0.23295102199972462
-30.0,60,0.25,1.768582908199704,0.2500000000000001,79,2026100279,1,K1ABC FN42 33,-30,0,10.140200,0.05101575899971067
-30.0,60,0.25,1.768582908199704,0.2500000000000001,80,2026100280,1,K1ABC FN42 33,-30,0,10.140200,0.04541737199997442
-30.0,60,0.25,1.768582908199704,0.2500000000000001,75,2026100275,1,K1ABC FN42 33,-30,0,10.140200,0.2472285430003467
-30.0,60,0.25,1.768582908199704,0.2500000000000001,77,2026100277,1,K1ABC FN42 33,-30,0,10.140200,0.27286138599993137
-30.0,60,0.25,1.768582908199704,0.2500000000000001,78,2026100278,1,K1ABC FN42 33,-29,0,10.140200,0.23937299999943207
-30.0,60,0.25,1.768582908199704,0.2500000000000001,83,2026100283,1,K1ABC FN42 33,-30,0,10.140200,0.06171212600020226
-30.0,60,0.25,1.768582908199704,0.2500000000000001,85,2026100285,1,K1ABC FN42 33,-30,0,10.140200,0.041515990999869246
-30.0,60,0.25,1.768582908199704,0.2500000000000001,86,2026100286,1,K1ABC FN42 33,-30,0,10.140200,0.04008951100058766
-30.0,60,0.25,1.768582908199704,0.2500000000000001,82,2026100282,1,K1ABC FN42 33,-30,0,10.140200,0.24334230500062404
-30.0,60,0.25,1.768582908199704,0.2500000000000001,81,2026100281,1,K1ABC FN42 33,-30,0,10.140200,0.3142685100001472
-30.0,60,0.25,1.768582908199704,0.2500000000000001,89,2026100289,1,K1ABC FN42 33,-30,0,10.140200,0.06200443099987751
-30.0,60,0.25,1.768582908199704,0.2500000000000001,90,2026100290,1,K1ABC FN42 33,-30,0,10.140200,0.05199686699961603
-30.0,60,0.25,1.768582908199704,0.2500000000000001,87,2026100287,1,K1ABC FN42 33,-30,0,10.140200,0.25326980800036836
-30.0,60,0.25,1.768582908199704,0.2500000000000001,88,2026100288,1,K1ABC FN42 33,-30,0,10.140200,0.32324754300043423
-30.0,60,0.25,1.768582908199704,0.2500000000000001,84,2026100284,0,,,,,0.5228880959994058
-30.0,60,0.25,1.768582908199704,0.2500000000000001,93,2026100293,1,K1ABC FN42 33,-30,0,10.140200,0.14744031000009272
-30.0,60,0.25,1.768582908199704,0.2500000000000001,94,2026100294,1,K1ABC FN42 33,-31,0,10.140200,0.23677372699967236
-30.0,60,0.25,1.768582908199704,0.2500000000000001,91,2026100291,0,,,,,0.4989077870004621
-30.0,60,0.25,1.768582908199704,0.2500000000000001,96,2026100296,1,K1ABC FN42 33,-29,0,10.140200,0.05932088000008662
-30.0,60,0.25,1.768582908199704,0.2500000000000001,98,2026100298,1,K1ABC FN42 33,-30,0,10.140200,0.06907779599987407
-30.0,60,0.25,1.768582908199704,0.2500000000000001,92,2026100292,0,,,,,0.5401639330002581
-30.0,60,0.25,1.768582908199704,0.2500000000000001,97,2026100297,1,K1ABC FN42 33,-30,0,10.140200,0.18580479299998842
-30.0,60,0.25,1.768582908199704,0.2500000000000001,95,2026100295,0,,,,,0.5222518379996473
-30.0,60,0.25,1.768582908199704,0.2500000000000001,99,2026100299,1,K1ABC FN42 33,-30,0,10.140200,0.2848648819999653
-30.0,60,0.5,3.537165816399408,0.5000000000000002,3,2026100203,1,K1ABC FN42 33,-30,0,10.140200,0.26940916999956244
-30.0,60,0.5,3.537165816399408,0.5000000000000002,0,2026100200,0,,,,,0.537108999999873
-30.0,60,0.5,3.537165816399408,0.5000000000000002,4,2026100204,1,K1ABC FN42 33,-29,0,10.140200,0.06074456199985434
-30.0,60,0.5,3.537165816399408,0.5000000000000002,1,2026100201,0,,,,,0.5622909260000597
-30.0,60,0.5,3.537165816399408,0.5000000000000002,2,2026100202,0,,,,,0.5330761029999849
-30.0,60,0.5,3.537165816399408,0.5000000000000002,8,2026100208,1,K1ABC FN42 33,-30,0,10.140200,0.04480461299954186
-30.0,60,0.5,3.537165816399408,0.5000000000000002,5,2026100205,1,K1ABC FN42 33,-30,0,10.140200,0.3125002009992386
-30.0,60,0.5,3.537165816399408,0.5000000000000002,9,2026100209,1,K1ABC FN42 33,-30,0,10.140200,0.25026504100060265
-30.0,60,0.5,3.537165816399408,0.5000000000000002,10,2026100210,1,K1ABC FN42 33,-30,0,10.140200,0.2879717009991509
-30.0,60,0.5,3.537165816399408,0.5000000000000002,6,2026100206,0,,,,,0.566123775000051
-30.0,60,0.5,3.537165816399408,0.5000000000000002,7,2026100207,0,,,,,0.5356194369996956
-30.0,60,0.5,3.537165816399408,0.5000000000000002,12,2026100212,1,K1ABC FN42 33,-30,0,10.140200,0.06134807099988393
-30.0,60,0.5,3.537165816399408,0.5000000000000002,15,2026100215,1,K1ABC FN42 33,-30,0,10.140200,0.05371086200011632
-30.0,60,0.5,3.537165816399408,0.5000000000000002,16,2026100216,1,K1ABC FN42 33,-29,0,10.140200,0.054275972999676014
-30.0,60,0.5,3.537165816399408,0.5000000000000002,11,2026100211,0,,,,,0.530090029999883
-30.0,60,0.5,3.537165816399408,0.5000000000000002,13,2026100213,0,,,,,0.5158783799997764
-30.0,60,0.5,3.537165816399408,0.5000000000000002,14,2026100214,0,,,,,0.5268859300003896
-30.0,60,0.5,3.537165816399408,0.5000000000000002,19,2026100219,1,K1ABC FN42 33,-30,0,10.140200,0.0809191970001848
-30.0,60,0.5,3.537165816399408,0.5000000000000002,21,2026100221,1,K1ABC FN42 33,-30,0,10.140200,0.04909890299950348
-30.0,60,0.5,3.537165816399408,0.5000000000000002,17,2026100217,0,,,,,0.5238046959993881
-30.0,60,0.5,3.537165816399408,0.5000000000000002,20,2026100220,1,K1ABC FN42 33,-30,0,10.140200,0.2736431069997707
-30.0,60,0.5,3.537165816399408,0.5000000000000002,22,2026100222,1,K1ABC FN42 33,-31,0,10.140200,0.27112995500010584
-30.0,60,0.5,3.537165816399408,0.5000000000000002,18,2026100218,0,,,,,0.5224809700002879
-30.0,60,0.5,3.537165816399408,0.5000000000000002,25,2026100225,1,K1ABC FN42 33,-30,0,10.140200,0.2610798789992259
-30.0,60,0.5,3.537165816399408,0.5000000000000002,27,2026100227,1,K1ABC FN42 33,-31,0,10.140200,0.04256908299976203
-30.0,60,0.5,3.537165816399408,0.5000000000000002,23,2026100223,0,,,,,0.531664869999986
-30.0,60,0.5,3.537165816399408,0.5000000000000002,29,2026100229,1,K1ABC FN42 33,-30,0,10.140200,0.09317636600007972
-30.0,60,0.5,3.537165816399408,0.5000000000000002,28,2026100228,1,K1ABC FN42 33,-29,0,10.140200,0.10107234200040693
-30.0,60,0.5,3.537165816399408,0.5000000000000002,30,2026100230,1,K1ABC FN42 33,-30,0,10.140200,0.05258915000013076
-30.0,60,0.5,3.537165816399408,0.5000000000000002,24,2026100224,0,,,,,0.5546342420002475
-30.0,60,0.5,3.537165816399408,0.5000000000000002,31,2026100231,1,K1ABC FN42 33,-30,0,10.140200,0.06236186499972973
-30.0,60,0.5,3.537165816399408,0.5000000000000002,26,2026100226,0,,,,,0.5201617870006885
-30.0,60,0.5,3.537165816399408,0.5000000000000002,35,2026100235,1,K1ABC FN42 33,-30,0,10.140200,0.36585401199954504
-30.0,60,0.5,3.537165816399408,0.5000000000000002,32,2026100232,0,,,,,0.5231903880003301
-30.0,60,0.5,3.537165816399408,0.5000000000000002,33,2026100233,0,,,,,0.5375034110002161
-30.0,60,0.5,3.537165816399408,0.5000000000000002,34,2026100234,0,,,,,0.5336103440004081
-30.0,60,0.5,3.537165816399408,0.5000000000000002,36,2026100236,1,K1ABC FN42 33,-31,0,10.140200,0.24357892999978503
-30.0,60,0.5,3.537165816399408,0.5000000000000002,37,2026100237,1,K1ABC FN42 33,-30,0,10.140200,0.21451790799983428
-30.0,60,0.5,3.537165816399408,0.5000000000000002,41,2026100241,1,K1ABC FN42 33,-30,0,10.140200,0.05478879599922948
-30.0,60,0.5,3.537165816399408,0.5000000000000002,42,2026100242,1,K1ABC FN42 33,-30,0,10.140200,0.0525663420003184
-30.0,60,0.5,3.537165816399408,0.5000000000000002,43,2026100243,1,K1ABC FN42 33,-30,0,10.140200,0.12805089199991926
-30.0,60,0.5,3.537165816399408,0.5000000000000002,38,2026100238,0,,,,,0.5383538950000002
-30.0,60,0.5,3.537165816399408,0.5000000000000002,39,2026100239,0,,,,,0.5486388990002524
-30.0,60,0.5,3.537165816399408,0.5000000000000002,45,2026100245,1,K1ABC FN42 33,-29,0,10.140200,0.10740547299974423
-30.0,60,0.5,3.537165816399408,0.5000000000000002,40,2026100240,0,,,,,0.5198104999999487
-30.0,60,0.5,3.537165816399408,0.5000000000000002,47,2026100247,1,K1ABC FN42 33,-31,0,10.140200,0.25681918200007203
-30.0,60,0.5,3.537165816399408,0.5000000000000002,44,2026100244,0,,,,,0.5168429730001662
-30.0,60,0.5,3.537165816399408,0.5000000000000002,49,2026100249,1,K1ABC FN42 33,-30,0,10.140200,0.05167907299983199
-30.0,60,0.5,3.537165816399408,0.5000000000000002,46,2026100246,0,,,,,0.5712669559998176
-30.0,60,0.5,3.537165816399408,0.5000000000000002,52,2026100252,1,K1ABC FN42 33,-30,0,10.140200,0.0858841150002263
-30.0,60,0.5,3.537165816399408,0.5000000000000002,48,2026100248,0,,,,,0.5316596129996469
-30.0,60,0.5,3.537165816399408,0.5000000000000002,53,2026100253,1,K1ABC FN42 33,-30,0,10.140200,0.06216645999938919
-30.0,60,0.5,3.537165816399408,0.5000000000000002,54,2026100254,1,K1ABC FN42 33,-30,0,10.140200,0.06257007699969108
-30.0,60,0.5,3.537165816399408,0.5000000000000002,56,2026100256,1,K1ABC FN42 33,-30,0,10.140200,0.04275050900014321
-30.0,60,0.5,3.537165816399408,0.5000000000000002,50,2026100250,0,,,,,0.4727053099995828
-30.0,60,0.5,3.537165816399408,0.5000000000000002,51,2026100251,0,,,,,0.5580418669997016
-30.0,60,0.5,3.537165816399408,0.5000000000000002,59,2026100259,1,K1ABC FN42 33,-29,0,10.140200,0.04441128500002378
-30.0,60,0.5,3.537165816399408,0.5000000000000002,57,2026100257,1,K1ABC FN42 33,-30,0,10.140200,0.25470667599984154
-30.0,60,0.5,3.537165816399408,0.5000000000000002,60,2026100260,1,K1ABC FN42 33,-30,0,10.140200,0.03915708499971515
-30.0,60,0.5,3.537165816399408,0.5000000000000002,55,2026100255,0,,,,,0.4952672850004092
-30.0,60,0.5,3.537165816399408,0.5000000000000002,62,2026100262,1,K1ABC FN42 33,-30,0,10.140200,0.21377750900046522
-30.0,60,0.5,3.537165816399408,0.5000000000000002,58,2026100258,0,,,,,0.5103148830003192
-30.0,60,0.5,3.537165816399408,0.5000000000000002,65,2026100265,1,K1ABC FN42 33,-29,0,10.140200,0.05209202300011384
-30.0,60,0.5,3.537165816399408,0.5000000000000002,61,2026100261,0,,,,,0.5111819180001476
-30.0,60,0.5,3.537165816399408,0.5000000000000002,63,2026100263,0,,,,,0.4973182280000401
-30.0,60,0.5,3.537165816399408,0.5000000000000002,64,2026100264,0,,,,,0.5050453700005164
-30.0,60,0.5,3.537165816399408,0.5000000000000002,68,2026100268,1,K1ABC FN42 33,-29,0,10.140200,0.0706551759994909
-30.0,60,0.5,3.537165816399408,0.5000000000000002,66,2026100266,0,,,,,0.5036841840001216
-30.0,60,0.5,3.537165816399408,0.5000000000000002,70,2026100270,1,K1ABC FN42 33,-29,0,10.140200,0.23439138600042497
-30.0,60,0.5,3.537165816399408,0.5000000000000002,67,2026100267,0,,,,,0.4995853349992103
-30.0,60,0.5,3.537165816399408,0.5000000000000002,72,2026100272,1,K1ABC FN42 33,-29,0,10.140200,0.06210404000012204
-30.0,60,0.5,3.537165816399408,0.5000000000000002,69,2026100269,0,,,,,0.49174221599969314
-30.0,60,0.5,3.537165816399408,0.5000000000000002,73,2026100273,1,K1ABC FN42 33,-30,0,10.140200,0.22628232199986087
-30.0,60,0.5,3.537165816399408,0.5000000000000002,71,2026100271,0,,,,,0.4935485440000775
-30.0,60,0.5,3.537165816399408,0.5000000000000002,76,2026100276,1,K1ABC FN42 33,-30,0,10.140200,0.27101218099960533
-30.0,60,0.5,3.537165816399408,0.5000000000000002,74,2026100274,0,,,,,0.5168135180001627
-30.0,60,0.5,3.537165816399408,0.5000000000000002,75,2026100275,0,,,,,0.5528069120000509
-30.0,60,0.5,3.537165816399408,0.5000000000000002,80,2026100280,1,K1ABC FN42 33,-29,0,10.140200,0.056163934000323934
-30.0,60,0.5,3.537165816399408,0.5000000000000002,77,2026100277,0,,,,,0.5249455169996509
-30.0,60,0.5,3.537165816399408,0.5000000000000002,78,2026100278,0,,,,,0.5062407450004685
-30.0,60,0.5,3.537165816399408,0.5000000000000002,79,2026100279,0,,,,,0.51635433499996
-30.0,60,0.5,3.537165816399408,0.5000000000000002,83,2026100283,1,K1ABC FN42 33,-30,0,10.140200,0.07891856599962921
-30.0,60,0.5,3.537165816399408,0.5000000000000002,81,2026100281,0,,,,,0.4954121969994958
-30.0,60,0.5,3.537165816399408,0.5000000000000002,86,2026100286,1,K1ABC FN42 33,-30,0,10.140200,0.04595053199955146
-30.0,60,0.5,3.537165816399408,0.5000000000000002,82,2026100282,0,,,,,0.515615319999597
-30.0,60,0.5,3.537165816399408,0.5000000000000002,85,2026100285,0,,,,,0.41850664999947185
-30.0,60,0.5,3.537165816399408,0.5000000000000002,89,2026100289,1,K1ABC FN42 33,-30,0,10.140200,0.03984637499979726
-30.0,60,0.5,3.537165816399408,0.5000000000000002,84,2026100284,0,,,,,0.5074175580002702
-30.0,60,0.5,3.537165816399408,0.5000000000000002,87,2026100287,0,,,,,0.5214258999994854
-30.0,60,0.5,3.537165816399408,0.5000000000000002,88,2026100288,0,,,,,0.49856185899989214
-30.0,60,0.5,3.537165816399408,0.5000000000000002,92,2026100292,1,K1ABC FN42 33,-30,0,10.140200,0.0598099179997007
-30.0,60,0.5,3.537165816399408,0.5000000000000002,90,2026100290,0,,,,,0.4371555690004243
-30.0,60,0.5,3.537165816399408,0.5000000000000002,91,2026100291,0,,,,,0.5098657469998216
-30.0,60,0.5,3.537165816399408,0.5000000000000002,96,2026100296,1,K1ABC FN42 33,-29,0,10.140200,0.05038479599988932
-30.0,60,0.5,3.537165816399408,0.5000000000000002,97,2026100297,1,K1ABC FN42 33,-29,0,10.140200,0.26204814599987003
-30.0,60,0.5,3.537165816399408,0.5000000000000002,93,2026100293,0,,,,,0.5095606509994468
-30.0,60,0.5,3.537165816399408,0.5000000000000002,94,2026100294,0,,,,,0.5213728270000502
-30.0,60,0.5,3.537165816399408,0.5000000000000002,95,2026100295,0,,,,,0.5079304509999929
-30.0,60,0.5,3.537165816399408,0.5000000000000002,98,2026100298,1,K1ABC FN42 33,-30,0,10.140200,0.2443397309998545
-30.0,120,0.25,5.125891850706048,0.2499999999999996,0,2026100200,1,K1ABC FN42 33,-30,0,10.140200,0.22341066099943419
-30.0,120,0.25,5.125891850706048,0.2499999999999996,1,2026100201,1,K1ABC FN42 33,-30,0,10.140200,0.24952595900049346
-30.0,120,0.25,5.125891850706048,0.2499999999999996,4,2026100204,1,K1ABC FN42 33,-29,0,10.140200,0.04147282899975835
-30.0,120,0.25,5.125891850706048,0.2499999999999996,2,2026100202,1,K1ABC FN42 33,-31,0,10.140200,0.24705426399941643
-30.0,60,0.5,3.537165816399408,0.5000000000000002,99,2026100299,0,,,,,0.5083571400000437
-30.0,120,0.25,5.125891850706048,0.2499999999999996,3,2026100203,1,K1ABC FN42 33,-30,0,10.140200,0.3187215070001912
-30.0,120,0.25,5.125891850706048,0.2499999999999996,5,2026100205,1,K1ABC FN42 33,-30,0,10.140200,0.2312010410005314
-30.0,120,0.25,5.125891850706048,0.2499999999999996,8,2026100208,1,K1ABC FN42 33,-30,0,10.140200,0.040668830999493366
-30.0,120,0.25,5.125891850706048,0.2499999999999996,10,2026100210,1,K1ABC FN42 33,-30,0,10.140200,0.060117635000096925
-30.0,120,0.25,5.125891850706048,0.2499999999999996,7,2026100207,1,K1ABC FN42 33,-29,0,10.140200,0.2536312629999884
-30.0,120,0.25,5.125891850706048,0.2499999999999996,9,2026100209,1,K1ABC FN42 33,-30,0,10.140200,0.2321189719996255
-30.0,120,0.25,5.125891850706048,0.2499999999999996,6,2026100206,1,K1ABC FN42 33,-30,0,10.140200,0.4069577370000843
-30.0,120,0.25,5.125891850706048,0.2499999999999996,14,2026100214,1,K1ABC FN42 33,-30,0,10.140200,0.05323432099976344
-30.0,120,0.25,5.125891850706048,0.2499999999999996,11,2026100211,1,K1ABC FN42 33,-30,0,10.140200,0.24371062600039295
-30.0,120,0.25,5.125891850706048,0.2499999999999996,15,2026100215,1,K1ABC FN42 33,-30,0,10.140200,0.05161893100012094
-30.0,120,0.25,5.125891850706048,0.2499999999999996,12,2026100212,1,K1ABC FN42 33,-30,0,10.140200,0.23036051400049473
-30.0,120,0.25,5.125891850706048,0.2499999999999996,16,2026100216,1,K1ABC FN42 33,-30,0,10.140200,0.22671648699997604
-30.0,120,0.25,5.125891850706048,0.2499999999999996,19,2026100219,1,K1ABC FN42 33,-30,0,10.140200,0.04670436600008543
-30.0,120,0.25,5.125891850706048,0.2499999999999996,17,2026100217,1,K1ABC FN42 33,-30,0,10.140200,0.24850960900039354
-30.0,120,0.25,5.125891850706048,0.2499999999999996,18,2026100218,1,K1ABC FN42 33,-30,0,10.140200,0.2706761169993115
-30.0,120,0.25,5.125891850706048,0.2499999999999996,20,2026100220,1,K1ABC FN42 33,-29,0,10.140200,0.08896629800074152
-30.0,120,0.25,5.125891850706048,0.2499999999999996,23,2026100223,1,K1ABC FN42 33,-30,0,10.140200,0.04945980299999064
-30.0,120,0.25,5.125891850706048,0.2499999999999996,13,2026100213,0,,,,,0.5273992259999432
-30.0,120,0.25,5.125891850706048,0.2499999999999996,21,2026100221,1,K1ABC FN42 33,-31,0,10.140200,0.1771167400002014
-30.0,120,0.25,5.125891850706048,0.2499999999999996,24,2026100224,1,K1ABC FN42 33,-29,0,10.140200,0.09686469000007492
-30.0,120,0.25,5.125891850706048,0.2499999999999996,26,2026100226,1,K1ABC FN42 33,-30,0,10.140200,0.04763198199998442
-30.0,120,0.25,5.125891850706048,0.2499999999999996,28,2026100228,1,K1ABC FN42 33,-29,0,10.140200,0.06754114199975447
-30.0,120,0.25,5.125891850706048,0.2499999999999996,27,2026100227,1,K1ABC FN42 33,-31,0,10.140200,0.08262286300032429
-30.0,120,0.25,5.125891850706048,0.2499999999999996,22,2026100222,1,K1ABC FN42 33,-30,0,10.140200,0.2549202789996343
-30.0,120,0.25,5.125891850706048,0.2499999999999996,31,2026100231,1,K1ABC FN42 33,-30,0,10.140200,0.04261898300046596
-30.0,120,0.25,5.125891850706048,0.2499999999999996,29,2026100229,1,K1ABC FN42 33,-30,0,10.140200,0.054196717999730026
-30.0,120,0.25,5.125891850706048,0.2499999999999996,25,2026100225,1,K1ABC FN42 33,-31,0,10.140200,0.2479400580004949
-30.0,120,0.25,5.125891850706048,0.2499999999999996,34,2026100234,1,K1ABC FN42 33,-28,0,10.140200,0.045125040999664634
-30.0,120,0.25,5.125891850706048,0.2499999999999996,35,2026100235,1,K1ABC FN42 33,-29,0,10.140200,0.09069732599982672
-30.0,120,0.25,5.125891850706048,0.2499999999999996,30,2026100230,1,K1ABC FN42 33,-30,0,10.140200,0.23134007599946926
-30.0,120,0.25,5.125891850706048,0.2499999999999996,36,2026100236,1,K1ABC FN42 33,-30,0,10.140200,0.06122908999986976
-30.0,120,0.25,5.125891850706048,0.2499999999999996,32,2026100232,1,K1ABC FN42 33,-30,0,10.140200,0.25047925200033205
-30.0,120,0.25,5.125891850706048,0.2499999999999996,37,2026100237,1,K1ABC FN42 33,-29,0,10.140200,0.07096928000009939
-30.0,120,0.25,5.125891850706048,0.2499999999999996,40,2026100240,1,K1ABC FN42 33,-30,0,10.140200,0.04830502099957812
-30.0,120,0.25,5.125891850706048,0.2499999999999996,41,2026100241,1,K1ABC FN42 33,-30,0,10.140200,0.05127868599993235
-30.0,120,0.25,5.125891850706048,0.2499999999999996,33,2026100233,1,K1ABC FN42 33,-30,0,10.140200,0.3535074530000202
-30.0,120,0.25,5.125891850706048,0.2499999999999996,43,2026100243,1,K1ABC FN42 33,-30,0,10.140200,0.06897642999956588
-30.0,120,0.25,5.125891850706048,0.2499999999999996,42,2026100242,1,K1ABC FN42 33,-30,0,10.140200,0.08182092199967883
-30.0,120,0.25,5.125891850706048,0.2499999999999996,39,2026100239,1,K1ABC FN42 33,-30,0,10.140200,0.24116883399983635
-30.0,120,0.25,5.125891850706048,0.2499999999999996,45,2026100245,1,K1ABC FN42 33,-29,0,10.140200,0.1315649210000629
-30.0,120,0.25,5.125891850706048,0.2499999999999996,44,2026100244,1,K1ABC FN42 33,-30,0,10.140200,0.23782089599990286
-30.0,120,0.25,5.125891850706048,0.2499999999999996,47,2026100247,1,K1ABC FN42 33,-30,0,10.140200,0.12434726599985879
-30.0,120,0.25,5.125891850706048,0.2499999999999996,48,2026100248,1,K1ABC FN42 33,-30,0,10.140200,0.054128284999933385
-30.0,120,0.25,5.125891850706048,0.2499999999999996,38,2026100238,0,,,,,0.5074236889995518
-30.0,120,0.25,5.125891850706048,0.2499999999999996,46,2026100246,1,K1ABC FN42 33,-29,0,10.140200,0.24076056299963966
-30.0,120,0.25,5.125891850706048,0.2499999999999996,50,2026100250,1,K1ABC FN42 33,-29,0,10.140200,0.04658829300024081
-30.0,120,0.25,5.125891850706048,0.2499999999999996,52,2026100252,1,K1ABC FN42 33,-30,0,10.140200,0.04464426599952276
-30.0,120,0.25,5.125891850706048,0.2499999999999996,51,2026100251,1,K1ABC FN42 33,-30,0,10.140200,0.08170208600040496
-30.0,120,0.25,5.125891850706048,0.2499999999999996,54,2026100254,1,K1ABC FN42 33,-30,0,10.140200,0.04278810799951316
-30.0,120,0.25,5.125891850706048,0.2499999999999996,56,2026100256,1,K1ABC FN42 33,-30,0,10.140200,0.07312411100065219
-30.0,120,0.25,5.125891850706048,0.2499999999999996,49,2026100249,1,K1ABC FN42 33,-31,0,10.140200,0.22520278100000723
-30.0,120,0.25,5.125891850706048,0.2499999999999996,55,2026100255,1,K1ABC FN42 33,-30,0,10.140200,0.26477271699968696
-30.0,120,0.25,5.125891850706048,0.2499999999999996,53,2026100253,1,K1ABC FN42 33,-30,0,10.140200,0.35405135699966195
-30.0,120,0.25,5.125891850706048,0.2499999999999996,60,2026100260,1,K1ABC FN42 33,-30,0,10.140200,0.05887419000009686
-30.0,120,0.25,5.125891850706048,0.2499999999999996,59,2026100259,1,K1ABC FN42 33,-29,0,10.140200,0.10495556600017153
-30.0,120,0.25,5.125891850706048,0.2499999999999996,62,2026100262,1,K1ABC FN42 33,-30,0,10.140200,0.07758642600038002
-30.0,120,0.25,5.125891850706048,0.2499999999999996,57,2026100257,0,,,,,0.43487682700015284
-30.0,120,0.25,5.125891850706048,0.2499999999999996,58,2026100258,0,,,,,0.5271779639997476
-30.0,120,0.25,5.125891850706048,0.2499999999999996,65,2026100265,1,K1ABC FN42 33,-29,0,10.140200,0.06461273100012477
-30.0,120,0.25,5.125891850706048,0.2499999999999996,63,2026100263,1,K1ABC FN42 33,-30,0,10.140200,0.2872213089995057
-30.0,120,0.25,5.125891850706048,0.2499999999999996,61,2026100261,1,K1ABC FN42 33,-30,0,10.140200,0.4043287920003422
-30.0,120,0.25,5.125891850706048,0.2499999999999996,64,2026100264,1,K1ABC FN42 33,-30,0,10.140200,0.27215604100001656
-30.0,120,0.25,5.125891850706048,0.2499999999999996,67,2026100267,1,K1ABC FN42 33,-29,0,10.140200,0.10885546600002272
-30.0,120,0.25,5.125891850706048,0.2499999999999996,68,2026100268,1,K1ABC FN42 33,-29,0,10.140200,0.1444883280000795
-30.0,120,0.25,5.125891850706048,0.2499999999999996,66,2026100266,1,K1ABC FN42 33,-30,0,10.140200,0.2527338770005372
-30.0,120,0.25,5.125891850706048,0.2499999999999996,69,2026100269,1,K1ABC FN42 33,-29,0,10.140200,0.24839646799955517
-30.0,120,0.25,5.125891850706048,0.2499999999999996,70,2026100270,1,K1ABC FN42 33,-30,0,10.140200,0.32721091999974306
-30.0,120,0.25,5.125891850706048,0.2499999999999996,72,2026100272,1,K1ABC FN42 33,-29,0,10.140200,0.2766860910005562
-30.0,120,0.25,5.125891850706048,0.2499999999999996,73,2026100273,1,K1ABC FN42 33,-29,0,10.140200,0.23487035400012246
-30.0,120,0.25,5.125891850706048,0.2499999999999996,71,2026100271,1,K1ABC FN42 33,-30,0,10.140200,0.3702731080002195
-30.0,120,0.25,5.125891850706048,0.2499999999999996,76,2026100276,1,K1ABC FN42 33,-29,0,10.140200,0.22055084000021452
-30.0,120,0.25,5.125891850706048,0.2499999999999996,75,2026100275,1,K1ABC FN42 33,-30,0,10.140200,0.2665039900002739
-30.0,120,0.25,5.125891850706048,0.2499999999999996,77,2026100277,1,K1ABC FN42 33,-30,0,10.140200,0.26085571000021446
-30.0,120,0.25,5.125891850706048,0.2499999999999996,79,2026100279,1,K1ABC FN42 33,-30,0,10.140200,0.09393395099959889
-30.0,120,0.25,5.125891850706048,0.2499999999999996,80,2026100280,1,K1ABC FN42 33,-29,0,10.140200,0.071399477000341
-30.0,120,0.25,5.125891850706048,0.2499999999999996,74,2026100274,0,,,,,0.5193869149998136
-30.0,120,0.25,5.125891850706048,0.2499999999999996,83,2026100283,1,K1ABC FN42 33,-30,0,10.140200,0.06582206199982465
-30.0,120,0.25,5.125891850706048,0.2499999999999996,81,2026100281,1,K1ABC FN42 33,-30,0,10.140200,0.24018415499995172
-30.0,120,0.25,5.125891850706048,0.2499999999999996,78,2026100278,1,K1ABC FN42 33,-30,0,10.140200,0.3416186180002114
-30.0,120,0.25,5.125891850706048,0.2499999999999996,82,2026100282,1,K1ABC FN42 33,-30,0,10.140200,0.23707745800038538
-30.0,120,0.25,5.125891850706048,0.2499999999999996,86,2026100286,1,K1ABC FN42 33,-30,0,10.140200,0.22939539000071818
-30.0,120,0.25,5.125891850706048,0.2499999999999996,85,2026100285,1,K1ABC FN42 33,-30,0,10.140200,0.24515978100043867
-30.0,120,0.25,5.125891850706048,0.2499999999999996,84,2026100284,1,K1ABC FN42 33,-29,0,10.140200,0.3292954720000125
-30.0,120,0.25,5.125891850706048,0.2499999999999996,87,2026100287,1,K1ABC FN42 33,-30,0,10.140200,0.23559245399974316
-30.0,120,0.25,5.125891850706048,0.2499999999999996,90,2026100290,1,K1ABC FN42 33,-30,0,10.140200,0.050938954000230297
-30.0,120,0.25,5.125891850706048,0.2499999999999996,89,2026100289,1,K1ABC FN42 33,-31,0,10.140200,0.23733589399944321
-30.0,120,0.25,5.125891850706048,0.2499999999999996,93,2026100293,1,K1ABC FN42 33,-30,0,10.140200,0.05000359000041499
-30.0,120,0.25,5.125891850706048,0.2499999999999996,91,2026100291,1,K1ABC FN42 33,-31,0,10.140200,0.3276556929995422
-30.0,120,0.25,5.125891850706048,0.2499999999999996,92,2026100292,1,K1ABC FN42 33,-30,0,10.140200,0.29791866699997627
-30.0,120,0.25,5.125891850706048,0.2499999999999996,96,2026100296,1,K1ABC FN42 33,-29,0,10.140200,0.07434730000022682
-30.0,120,0.25,5.125891850706048,0.2499999999999996,94,2026100294,1,K1ABC FN42 33,-31,0,10.140200,0.24631190600030095
-30.0,120,0.25,5.125891850706048,0.2499999999999996,88,2026100288,0,,,,,0.5504810110005565
-30.0,120,0.25,5.125891850706048,0.2499999999999996,95,2026100295,1,K1ABC FN42 33,-30,0,10.140200,0.2506199560002642
-30.0,120,0.25,5.125891850706048,0.2499999999999996,98,2026100298,1,K1ABC FN42 33,-30,0,10.140200,0.08645161999993434
-30.0,120,0.25,5.125891850706048,0.2499999999999996,97,2026100297,1,K1ABC FN42 33,-30,0,10.140200,0.19704247699974076
-30.0,120,0.5,10.251783701412096,0.4999999999999992,0,2026100200,1,K1ABC FN42 33,-30,0,10.140200,0.11287610999988829
-30.0,120,0.25,5.125891850706048,0.2499999999999996,99,2026100299,1,K1ABC FN42 33,-30,0,10.140200,0.3017150229998151
-30.0,120,0.5,10.251783701412096,0.4999999999999992,4,2026100204,1,K1ABC FN42 33,-30,0,10.140200,0.266175941000256
-30.0,120,0.5,10.251783701412096,0.4999999999999992,1,2026100201,0,,,,,0.5152351339993402
-30.0,120,0.5,10.251783701412096,0.4999999999999992,5,2026100205,0,,,,,0.03799471599995741
-30.0,120,0.5,10.251783701412096,0.4999999999999992,2,2026100202,0,,,,,0.5321003419994668
-30.0,120,0.5,10.251783701412096,0.4999999999999992,3,2026100203,0,,,,,0.5239530120006748
-30.0,120,0.5,10.251783701412096,0.4999999999999992,8,2026100208,0,,,,,0.41676513600032195
-30.0,120,0.5,10.251783701412096,0.4999999999999992,6,2026100206,0,,,,,0.5098038969999834
-30.0,120,0.5,10.251783701412096,0.4999999999999992,7,2026100207,0,,,,,0.5274893560008422
-30.0,120,0.5,10.251783701412096,0.4999999999999992,12,2026100212,1,K1ABC FN42 33,-30,0,10.140200,0.04629874100010056
-30.0,120,0.5,10.251783701412096,0.4999999999999992,9,2026100209,0,,,,,0.5089328470003238
-30.0,120,0.5,10.251783701412096,0.4999999999999992,14,2026100214,1,K1ABC FN42 33,-30,0,10.140200,0.14006506100031402
-30.0,120,0.5,10.251783701412096,0.4999999999999992,15,2026100215,0,,,,,0.040448892999847885
-30.0,120,0.5,10.251783701412096,0.4999999999999992,10,2026100210,0,,,,,0.39922465000017837
-30.0,120,0.5,10.251783701412096,0.4999999999999992,11,2026100211,0,,,,,0.490923945000759
-30.0,120,0.5,10.251783701412096,0.4999999999999992,16,2026100216,1,K1ABC FN42 33,-30,0,10.140200,0.24825942999996187
-30.0,120,0.5,10.251783701412096,0.4999999999999992,13,2026100213,0,,,,,0.4878413050000745
-30.0,120,0.5,10.251783701412096,0.4999999999999992,19,2026100219,1,K1ABC FN42 33,-29,0,10.140200,0.06133840100028465
-30.0,120,0.5,10.251783701412096,0.4999999999999992,20,2026100220,1,K1ABC FN42 33,-29,0,10.140200,0.061435403999894334
-30.0,120,0.5,10.251783701412096,0.4999999999999992,22,2026100222,1,K1ABC FN42 33,-30,0,10.140200,0.11571225799980311
-30.0,120,0.5,10.251783701412096,0.4999999999999992,18,2026100218,1,K1ABC FN42 33,-29,0,10.140200,0.2548852010004339
-30.0,120,0.5,10.251783701412096,0.4999999999999992,17,2026100217,0,,,,,0.4951596589999099
-30.0,120,0.5,10.251783701412096,0.4999999999999992,25,2026100225,1,K1ABC FN42 33,-31,0,10.140200,0.126688250999905
-30.0,120,0.5,10.251783701412096,0.4999999999999992,26,2026100226,1,K1ABC FN42 33,-30,0,10.140200,0.06989632300064841
-30.0,120,0.5,10.251783701412096,0.4999999999999992,24,2026100224,1,K1ABC FN42 33,-30,0,10.140200,0.2815944110006967
-30.0,120,0.5,10.251783701412096,0.4999999999999992,27,2026100227,1,K1ABC FN42 33,-31,0,10.140200,0.047125777000474045
-30.0,120,0.5,10.251783701412096,0.4999999999999992,21,2026100221,0,,,,,0.5235617600001206
-30.0,120,0.5,10.251783701412096,0.4999999999999992,30,2026100230,1,K1ABC FN42 33,-29,0,10.140200,0.050941876000251796
-30.0,120,0.5,10.251783701412096,0.4999999999999992,23,2026100223,0,,,,,0.5078937219996078
-30.0,120,0.5,10.251783701412096,0.4999999999999992,29,2026100229,1,K1ABC FN42 33,-30,0,10.140200,0.23951032099921576
-30.0,120,0.5,10.251783701412096,0.4999999999999992,32,2026100232,1,K1ABC FN42 33,-29,0,10.140200,0.07021512200026336
-30.0,120,0.5,10.251783701412096,0.4999999999999992,31,2026100231,1,K1ABC FN42 33,-30,0,10.140200,0.29593966900029045
-30.0,120,0.5,10.251783701412096,0.4999999999999992,28,2026100228,0,,,,,0.5108672199994544
-30.0,120,0.5,10.251783701412096,0.4999999999999992,33,2026100233,0,,,,,0.5069104539998079
-30.0,120,0.5,10.251783701412096,0.4999999999999992,34,2026100234,0,,,,,0.5052412109998841
-30.0,120,0.5,10.251783701412096,0.4999999999999992,37,2026100237,1,K1ABC FN42 33,-29,0,10.140200,0.04981897299967386
-30.0,120,0.5,10.251783701412096,0.4999999999999992,39,2026100239,1,K1ABC FN42 33,-30,0,10.140200,0.053331903999605856
-30.0,120,0.5,10.251783701412096,0.4999999999999992,35,2026100235,0,,,,,0.5098164900000484
-30.0,120,0.5,10.251783701412096,0.4999999999999992,40,2026100240,1,K1ABC FN42 33,-30,0,10.140200,0.047399045000020124
-30.0,120,0.5,10.251783701412096,0.4999999999999992,36,2026100236,0,,,,,0.517747082999449
-30.0,120,0.5,10.251783701412096,0.4999999999999992,38,2026100238,0,,,,,0.523235941999701
-30.0,120,0.5,10.251783701412096,0.4999999999999992,42,2026100242,0,,,,,0.5023447610001313
-30.0,120,0.5,10.251783701412096,0.4999999999999992,41,2026100241,0,,,,,0.5274487510005201
-30.0,120,0.5,10.251783701412096,0.4999999999999992,43,2026100243,0,,,,,0.5198570649999965
-30.0,120,0.5,10.251783701412096,0.4999999999999992,44,2026100244,1,K1ABC FN42 33,-30,0,10.140200,0.2548759949995656
-30.0,120,0.5,10.251783701412096,0.4999999999999992,45,2026100245,1,K1ABC FN42 33,-29,0,10.140200,0.20263742899987847
-30.0,120,0.5,10.251783701412096,0.4999999999999992,47,2026100247,1,K1ABC FN42 33,-30,0,10.140200,0.09917578299973684
-30.0,120,0.5,10.251783701412096,0.4999999999999992,46,2026100246,0,,,,,0.480428564000249
-30.0,120,0.5,10.251783701412096,0.4999999999999992,49,2026100249,0,,,,,0.3999707409993789
-30.0,120,0.5,10.251783701412096,0.4999999999999992,50,2026100250,0,,,,,0.4006371280001986
-30.0,120,0.5,10.251783701412096,0.4999999999999992,51,2026100251,1,K1ABC FN42 33,-30,0,10.140200,0.10339948399996501
-30.0,120,0.5,10.251783701412096,0.4999999999999992,48,2026100248,0,,,,,0.5177956679999625
-30.0,120,0.5,10.251783701412096,0.4999999999999992,52,2026100252,1,K1ABC FN42 33,-30,0,10.140200,0.0446854820002045
-30.0,120,0.5,10.251783701412096,0.4999999999999992,56,2026100256,1,K1ABC FN42 33,-30,0,10.140200,0.04920506399957958
-30.0,120,0.5,10.251783701412096,0.4999999999999992,54,2026100254,1,K1ABC FN42 33,-30,0,10.140200,0.3325677340008042
-30.0,120,0.5,10.251783701412096,0.4999999999999992,53,2026100253,0,,,,,0.515511850000621
-30.0,120,0.5,10.251783701412096,0.4999999999999992,55,2026100255,0,,,,,0.518518677999964
-30.0,120,0.5,10.251783701412096,0.4999999999999992,57,2026100257,0,,,,,0.5249596820003717
-30.0,120,0.5,10.251783701412096,0.4999999999999992,60,2026100260,1,K1ABC FN42 33,-30,0,10.140200,0.07619029999932536
-30.0,120,0.5,10.251783701412096,0.4999999999999992,58,2026100258,0,,,,,0.5203758759998891
-30.0,120,0.5,10.251783701412096,0.4999999999999992,63,2026100263,1,K1ABC FN42 33,-30,0,10.140200,0.07993814099972951
-30.0,120,0.5,10.251783701412096,0.4999999999999992,59,2026100259,0,,,,,0.5223717250000846
-30.0,120,0.5,10.251783701412096,0.4999999999999992,61,2026100261,0,,,,,0.529367443999945
-30.0,120,0.5,10.251783701412096,0.4999999999999992,62,2026100262,0,,,,,0.5193094659998678
-30.0,120,0.5,10.251783701412096,0.4999999999999992,67,2026100267,0,,,,,0.05089984300047945
-30.0,120,0.5,10.251783701412096,0.4999999999999992,64,2026100264,0,,,,,0.5191218200006915
-30.0,120,0.5,10.251783701412096,0.4999999999999992,69,2026100269,1,K1ABC FN42 33,-29,0,10.140200,0.08039230600024894
-30.0,120,0.5,10.251783701412096,0.4999999999999992,65,2026100265,0,,,,,0.5456999759999235
-30.0,120,0.5,10.251783701412096,0.4999999999999992,66,2026100266,0,,,,,0.5169067169999835
-30.0,120,0.5,10.251783701412096,0.4999999999999992,68,2026100268,0,,,,,0.5048856060002436
-30.0,120,0.5,10.251783701412096,0.4999999999999992,70,2026100270,0,,,,,0.5190495409997311
-30.0,120,0.5,10.251783701412096,0.4999999999999992,71,2026100271,0,,,,,0.5136744829997042
-30.0,120,0.5,10.251783701412096,0.4999999999999992,74,2026100274,1,K1ABC FN42 33,-30,0,10.140200,0.08913710600063496
-30.0,120,0.5,10.251783701412096,0.4999999999999992,72,2026100272,0,,,,,0.4867193629997928
-30.0,120,0.5,10.251783701412096,0.4999999999999992,75,2026100275,1,K1ABC FN42 33,-30,0,10.140200,0.06532696100020985
-30.0,120,0.5,10.251783701412096,0.4999999999999992,73,2026100273,0,,,,,0.5080790920001164
-30.0,120,0.5,10.251783701412096,0.4999999999999992,76,2026100276,1,K1ABC FN42 33,-30,0,10.140200,0.1090732989996468
-30.0,120,0.5,10.251783701412096,0.4999999999999992,77,2026100277,1,K1ABC FN42 33,-30,0,10.140200,0.1564760559995193
-30.0,120,0.5,10.251783701412096,0.4999999999999992,79,2026100279,1,K1ABC FN42 33,-30,0,10.140200,0.2539514030004284
-30.0,120,0.5,10.251783701412096,0.4999999999999992,78,2026100278,0,,,,,0.5208246590000272
-30.0,120,0.5,10.251783701412096,0.4999999999999992,82,2026100282,1,K1ABC FN42 33,-30,0,10.140200,0.25268096800027706
-30.0,120,0.5,10.251783701412096,0.4999999999999992,83,2026100283,1,K1ABC FN42 33,-29,0,10.140200,0.056493696999496024
-30.0,120,0.5,10.251783701412096,0.4999999999999992,80,2026100280,0,,,,,0.522420379000323
-30.0,120,0.5,10.251783701412096,0.4999999999999992,85,2026100285,1,K1ABC FN42 33,-30,0,10.140200,0.0479283349995967
-30.0,120,0.5,10.251783701412096,0.4999999999999992,81,2026100281,0,,,,,0.5195006510002713
-30.0,120,0.5,10.251783701412096,0.4999999999999992,86,2026100286,1,K1ABC FN42 33,-29,0,10.140200,0.0578653900001882
-30.0,120,0.5,10.251783701412096,0.4999999999999992,89,2026100289,1,K1ABC FN42 33,-31,0,10.140200,0.05168855400006578
-30.0,120,0.5,10.251783701412096,0.4999999999999992,90,2026100290,1,K1ABC FN42 33,-30,0,10.140200,0.053712089999862656
-30.0,120,0.5,10.251783701412096,0.4999999999999992,84,2026100284,0,,,,,0.5333312410002691
-30.0,120,0.5,10.251783701412096,0.4999999999999992,87,2026100287,0,,,,,0.515731429999505
-30.0,120,0.5,10.251783701412096,0.4999999999999992,92,2026100292,1,K1ABC FN42 33,-30,0,10.140200,0.06092661599996063
-30.0,120,0.5,10.251783701412096,0.4999999999999992,88,2026100288,0,,,,,0.5032805640003062
-30.0,120,0.5,10.251783701412096,0.4999999999999992,94,2026100294,1,K1ABC FN42 33,-30,0,10.140200,0.043821696999657433
-30.0,120,0.5,10.251783701412096,0.4999999999999992,95,2026100295,1,K1ABC FN42 33,-29,0,10.140200,0.04665044000012131
-30.0,120,0.5,10.251783701412096,0.4999999999999992,91,2026100291,0,,,,,0.5236477819998981
-30.0,120,0.5,10.251783701412096,0.4999999999999992,96,2026100296,1,K1ABC FN42 33,-30,0,10.140200,0.14882207400023617
-30.0,120,0.5,10.251783701412096,0.4999999999999992,98,2026100298,1,K1ABC FN42 33,-30,0,10.140200,0.26262852200034104
-30.0,120,0.5,10.251783701412096,0.4999999999999992,97,2026100297,0,,,,,0.4116571170006864
-30.0,120,0.5,10.251783701412096,0.4999999999999992,93,2026100293,0,,,,,0.501073221000297
-30.5,30,0.25,0.7740402796960969,0.24999999999999983,0,2026110200,1,K1ABC FN42 33,-30,0,10.140200,0.23977800299962837
-30.0,120,0.5,10.251783701412096,0.4999999999999992,99,2026100299,0,,,,,0.5134616860004826
-30.5,30,0.25,0.7740402796960969,0.24999999999999983,1,2026110201,1,K1ABC FN42 33,-29,0,10.140200,0.25299973399978626
-30.5,30,0.25,0.7740402796960969,0.24999999999999983,2,2026110202,0,,,,,0.4051654889999554
-30.5,30,0.25,0.7740402796960969,0.24999999999999983,4,2026110204,1,K1ABC FN42 33,-30,0,10.140200,0.23972454900012963
-30.5,30,0.25,0.7740402796960969,0.24999999999999983,5,2026110205,1,K1ABC FN42 33,-30,0,10.140200,0.22948487600024237
-30.5,30,0.25,0.7740402796960969,0.24999999999999983,3,2026110203,1,K1ABC FN42 33,-30,0,10.140200,0.34826279999924736
-30.5,30,0.25,0.7740402796960969,0.24999999999999983,6,2026110206,1,K1ABC FN42 33,-31,0,10.140200,0.23480787800053804
-30.5,30,0.25,0.7740402796960969,0.24999999999999983,8,2026110208,1,K1ABC FN42 33,-30,0,10.140200,0.261697978000484
-30.5,30,0.25,0.7740402796960969,0.24999999999999983,7,2026110207,1,K1ABC FN42 33,-30,0,10.140200,0.2657304690001183
-30.5,30,0.25,0.7740402796960969,0.24999999999999983,9,2026110209,1,K1ABC FN42 33,-31,0,10.140200,0.2677099479997196
-30.5,30,0.25,0.7740402796960969,0.24999999999999983,13,2026110213,1,K1ABC FN42 33,-31,0,10.140200,0.07225378299972363
-30.5,30,0.25,0.7740402796960969,0.24999999999999983,10,2026110210,1,K1ABC FN42 33,-31,0,10.140200,0.3252275560007547
-30.5,30,0.25,0.7740402796960969,0.24999999999999983,11,2026110211,1,K1ABC FN42 33,-31,0,10.140200,0.2367379229999642
-30.5,30,0.25,0.7740402796960969,0.24999999999999983,12,2026110212,1,K1ABC FN42 33,-30,0,10.140200,0.24995053600014216
-30.5,30,0.25,0.7740402796960969,0.24999999999999983,16,2026110216,1,K1ABC FN42 33,-30,0,10.140200,0.23117430299953412
-30.5,30,0.25,0.7740402796960969,0.24999999999999983,17,2026110217,1,K1ABC FN42 33,-31,0,10.140200,0.37194032600018545
-30.5,30,0.25,0.7740402796960969,0.24999999999999983,14,2026110214,0,,,,,0.5123348240003907
-30.5,30,0.25,0.7740402796960969,0.24999999999999983,19,2026110219,0,,,,,0.04607904899967252
-30.5,30,0.25,0.7740402796960969,0.24999999999999983,15,2026110215,0,,,,,0.485660254999857
-30.5,30,0.25,0.7740402796960969,0.24999999999999983,20,2026110220,1,K1ABC FN42 33,-30,0,10.140200,0.15699782599949685
-30.5,30,0.25,0.7740402796960969,0.24999999999999983,22,2026110222,1,K1ABC FN42 33,-31,0,10.140200,0.10922635899987654
-30.5,30,0.25,0.7740402796960969,0.24999999999999983,18,2026110218,0,,,,,0.5235096689993952
-30.5,30,0.25,0.7740402796960969,0.24999999999999983,24,2026110224,1,K1ABC FN42 33,-30,0,10.140200,0.17597133700019185
-30.5,30,0.25,0.7740402796960969,0.24999999999999983,23,2026110223,1,K1ABC FN42 33,-30,0,10.140200,0.22363747600047645
-30.5,30,0.25,0.7740402796960969,0.24999999999999983,25,2026110225,1,K1ABC FN42 33,-31,0,10.140200,0.04311788700033503
-30.5,30,0.25,0.7740402796960969,0.24999999999999983,21,2026110221,0,,,,,0.4989573040002142
-30.5,30,0.25,0.7740402796960969,0.24999999999999983,26,2026110226,1,K1ABC FN42 33,-30,0,10.140200,0.2534386609995636
-30.5,30,0.25,0.7740402796960969,0.24999999999999983,30,2026110230,1,K1ABC FN42 33,-30,0,10.140200,0.09635105199959071
-30.5,30,0.25,0.7740402796960969,0.24999999999999983,29,2026110229,1,K1ABC FN42 33,-31,0,10.140200,0.20722707999993872
-30.5,30,0.25,0.7740402796960969,0.24999999999999983,28,2026110228,1,K1ABC FN42 33,-30,0,10.140200,0.37091667499953473
-30.5,30,0.25,0.7740402796960969,0.24999999999999983,27,2026110227,0,,,,,0.5182999740000014
-30.5,30,0.25,0.7740402796960969,0.24999999999999983,31,2026110231,1,K1ABC FN42 33,-31,0,10.140200,0.23910463500033075
-30.5,30,0.25,0.7740402796960969,0.24999999999999983,32,2026110232,1,K1ABC FN42 33,-30,0,10.140200,0.22620778100008465
-30.5,30,0.25,0.7740402796960969,0.24999999999999983,33,2026110233,1,K1ABC FN42 33,-30,0,10.140200,0.23635199499949522
-30.5,30,0.25,0.7740402796960969,0.24999999999999983,36,2026110236,1,K1ABC FN42 33,-30,0,10.140200,0.04885946400008834
-30.5,30,0.25,0.7740402796960969,0.24999999999999983,34,2026110234,1,K1ABC FN42 33,-30,0,10.140200,0.25388096799997584
-30.5,30,0.25,0.7740402796960969,0.24999999999999983,39,2026110239,1,K1ABC FN42 33,-29,0,10.140200,0.07862163200024952
-30.5,30,0.25,0.7740402796960969,0.24999999999999983,38,2026110238,1,K1ABC FN42 33,-30,0,10.140200,0.22738270000081684
-30.5,30,0.25,0.7740402796960969,0.24999999999999983,37,2026110237,1,K1ABC FN42 33,-31,0,10.140200,0.24623657200027083
-30.5,30,0.25,0.7740402796960969,0.24999999999999983,35,2026110235,0,,,,,0.5203614360007123
-30.5,30,0.25,0.7740402796960969,0.24999999999999983,42,2026110242,1,K1ABC FN42 33,-31,0,10.140200,0.24010070599979372
-30.5,30,0.25,0.7740402796960969,0.24999999999999983,40,2026110240,1,K1ABC FN42 33,-32,0,10.140200,0.3518573129995275
-30.5,30,0.25,0.7740402796960969,0.24999999999999983,45,2026110245,1,K1ABC FN42 33,-31,0,10.140200,0.1297225750004145
-30.5,30,0.25,0.7740402796960969,0.24999999999999983,41,2026110241,0,,,,,0.523133702999985
-30.5,30,0.25,0.7740402796960969,0.24999999999999983,43,2026110243,1,K1ABC FN42 33,-31,0,10.140200,0.33870360299988533
-30.5,30,0.25,0.7740402796960969,0.24999999999999983,44,2026110244,1,K1ABC FN42 33,-31,0,10.140200,0.33668677099922206
-30.5,30,0.25,0.7740402796960969,0.24999999999999983,46,2026110246,1,K1ABC FN42 33,-31,0,10.140200,0.23679994600024656
-30.5,30,0.25,0.7740402796960969,0.24999999999999983,47,2026110247,1,K1ABC FN42 33,-31,0,10.140200,0.22502447300030326
-30.5,30,0.25,0.7740402796960969,0.24999999999999983,49,2026110249,1,K1ABC FN42 33,-30,0,10.140200,0.24672801199994865
-30.5,30,0.25,0.7740402796960969,0.24999999999999983,50,2026110250,1,K1ABC FN42 33,-30,0,10.140200,0.22856716700061952
-30.5,30,0.25,0.7740402796960969,0.24999999999999983,53,2026110253,1,K1ABC FN42 33,-31,0,10.140200,0.04175494799983426
-30.5,30,0.25,0.7740402796960969,0.24999999999999983,48,2026110248,0,,,,,0.5023879670006863
-30.5,30,0.25,0.7740402796960969,0.24999999999999983,55,2026110255,1,K1ABC FN42 33,-30,0,10.140200,0.04222974999993312
-30.5,30,0.25,0.7740402796960969,0.24999999999999983,52,2026110252,0,,,,,0.42644827000003716
-30.5,30,0.25,0.7740402796960969,0.24999999999999983,51,2026110251,0,,,,,0.5202128820001235
-30.5,30,0.25,0.7740402796960969,0.24999999999999983,54,2026110254,1,K1ABC FN42 33,-30,0,10.140200,0.33589837399995304
-30.5,30,0.25,0.7740402796960969,0.24999999999999983,56,2026110256,1,K1ABC FN42 33,-30,0,10.140200,0.24415524200048822
-30.5,30,0.25,0.7740402796960969,0.24999999999999983,59,2026110259,1,K1ABC FN42 33,-30,0,10.140200,0.10216469900024094
-30.5,30,0.25,0.7740402796960969,0.24999999999999983,58,2026110258,1,K1ABC FN42 33,-30,0,10.140200,0.35231303900036437
-30.5,30,0.25,0.7740402796960969,0.24999999999999983,60,2026110260,1,K1ABC FN42 33,-30,0,10.140200,0.33982879300037894
-30.5,30,0.25,0.7740402796960969,0.24999999999999983,63,2026110263,1,K1ABC FN42 33,-30,0,10.140200,0.09262673200009885
-30.5,30,0.25,0.7740402796960969,0.24999999999999983,57,2026110257,0,,,,,0.5494751329997598
-30.5,30,0.25,0.7740402796960969,0.24999999999999983,62,2026110262,1,K1ABC FN42 33,-29,0,10.140200,0.27153611699941393
-30.5,30,0.25,0.7740402796960969,0.24999999999999983,61,2026110261,0,,,,,0.5262857130001066
-30.5,30,0.25,0.7740402796960969,0.24999999999999983,67,2026110267,1,K1ABC FN42 33,-30,0,10.140200,0.095033436000449
-30.5,30,0.25,0.7740402796960969,0.24999999999999983,64,2026110264,1,K1ABC FN42 33,-31,0,10.140200,0.25321132099998067
-30.5,30,0.25,0.7740402796960969,0.24999999999999983,69,2026110269,0,,,,,0.04153410399976565
-30.5,30,0.25,0.7740402796960969,0.24999999999999983,70,2026110270,1,K1ABC FN42 33,-30,0,10.140200,0.22792461599965463
-30.5,30,0.25,0.7740402796960969,0.24999999999999983,65,2026110265,0,,,,,0.51545039299981
-30.5,30,0.25,0.7740402796960969,0.24999999999999983,66,2026110266,0,,,,,0.5082240020001336
-30.5,30,0.25,0.7740402796960969,0.24999999999999983,71,2026110271,1,K1ABC FN42 33,-31,0,10.140200,0.07889054599945666
-30.5,30,0.25,0.7740402796960969,0.24999999999999983,68,2026110268,0,,,,,0.5032458969999425
-30.5,30,0.25,0.7740402796960969,0.24999999999999983,72,2026110272,1,K1ABC FN42 33,-30,0,10.140200,0.24713647400039918
-30.5,30,0.25,0.7740402796960969,0.24999999999999983,73,2026110273,1,K1ABC FN42 33,-32,0,10.140200,0.24217272300029435
-30.5,30,0.25,0.7740402796960969,0.24999999999999983,74,2026110274,1,K1ABC FN42 33,-31,0,10.140200,0.3586486869999135
-30.5,30,0.25,0.7740402796960969,0.24999999999999983,75,2026110275,1,K1ABC FN42 33,-30,0,10.140200,0.2314444679996086
-30.5,30,0.25,0.7740402796960969,0.24999999999999983,78,2026110278,1,K1ABC FN42 33,-29,0,10.140200,0.0506332860004477
-30.5,30,0.25,0.7740402796960969,0.24999999999999983,76,2026110276,1,K1ABC FN42 33,-31,0,10.140200,0.2617596660002164
-30.5,30,0.25,0.7740402796960969,0.24999999999999983,81,2026110281,0,,,,,0.050586667000061425
-30.5,30,0.25,0.7740402796960969,0.24999999999999983,77,2026110277,1,K1ABC FN42 33,-31,0,10.140200,0.24700257499989675
-30.5,30,0.25,0.7740402796960969,0.24999999999999983,83,2026110283,1,K1ABC FN42 33,-30,0,10.140200,0.05989199200030271
-30.5,30,0.25,0.7740402796960969,0.24999999999999983,79,2026110279,1,K1ABC FN42 33,-31,0,10.140200,0.29073169300045265
-30.5,30,0.25,0.7740402796960969,0.24999999999999983,82,2026110282,1,K1ABC FN42 33,-31,0,10.140200,0.27039286000035645
-30.5,30,0.25,0.7740402796960969,0.24999999999999983,84,2026110284,1,K1ABC FN42 33,-31,0,10.140200,0.22095305400034704
-30.5,30,0.25,0.7740402796960969,0.24999999999999983,80,2026110280,0,,,,,0.5211051810001663
-30.5,30,0.25,0.7740402796960969,0.24999999999999983,86,2026110286,1,K1ABC FN42 33,-30,0,10.140200,0.22731634200044937
-30.5,30,0.25,0.7740402796960969,0.24999999999999983,89,2026110289,1,K1ABC FN42 33,-31,0,10.140200,0.16735483200045564
-30.5,30,0.25,0.7740402796960969,0.24999999999999983,85,2026110285,0,,,,,0.5107430250000107
-30.5,30,0.25,0.7740402796960969,0.24999999999999983,88,2026110288,1,K1ABC FN42 33,-31,0,10.140200,0.26540687200031243
-30.5,30,0.25,0.7740402796960969,0.24999999999999983,90,2026110290,1,K1ABC FN42 33,-30,0,10.140200,0.05007639700033906
-30.5,30,0.25,0.7740402796960969,0.24999999999999983,87,2026110287,0,,,,,0.495221969999875
-30.5,30,0.25,0.7740402796960969,0.24999999999999983,94,2026110294,1,K1ABC FN42 33,-31,0,10.140200,0.1375549640006284
-30.5,30,0.25,0.7740402796960969,0.24999999999999983,92,2026110292,1,K1ABC FN42 33,-29,0,10.140200,0.3403686370002106
-30.5,30,0.25,0.7740402796960969,0.24999999999999983,91,2026110291,1,K1ABC FN42 33,-30,0,10.140200,0.37262129400005506
-30.5,30,0.25,0.7740402796960969,0.24999999999999983,97,2026110297,1,K1ABC FN42 33,-30,0,10.140200,0.03995745500014891
-30.5,30,0.25,0.7740402796960969,0.24999999999999983,95,2026110295,1,K1ABC FN42 33,-30,0,10.140200,0.2184542019995206
-30.5,30,0.25,0.7740402796960969,0.24999999999999983,98,2026110298,1,K1ABC FN42 33,-31,0,10.140200,0.06769888899998477
-30.5,30,0.25,0.7740402796960969,0.24999999999999983,93,2026110293,0,,,,,0.5180410689999917
-30.5,30,0.25,0.7740402796960969,0.24999999999999983,96,2026110296,1,K1ABC FN42 33,-31,0,10.140200,0.32062496100024873
-30.5,30,0.25,0.7740402796960969,0.24999999999999983,99,2026110299,1,K1ABC FN42 33,-30,0,10.140200,0.26459783199970843
-30.5,30,0.5,1.5480805593921938,0.49999999999999967,0,2026110200,0,,,,,0.525142990999484
-30.5,30,0.5,1.5480805593921938,0.49999999999999967,1,2026110201,0,,,,,0.5392542480003613
-30.5,30,0.5,1.5480805593921938,0.49999999999999967,2,2026110202,0,,,,,0.44504309200056014
-30.5,30,0.5,1.5480805593921938,0.49999999999999967,3,2026110203,0,,,,,0.4332721049995598
-30.5,30,0.5,1.5480805593921938,0.49999999999999967,4,2026110204,1,K1ABC FN42 33,-30,0,10.140200,0.28951746100028686
-30.5,30,0.5,1.5480805593921938,0.49999999999999967,5,2026110205,1,K1ABC FN42 33,-30,0,10.140200,0.25655783000001975
-30.5,30,0.5,1.5480805593921938,0.49999999999999967,9,2026110209,1,K1ABC FN42 33,-31,0,10.140200,0.1413050689998272
-30.5,30,0.5,1.5480805593921938,0.49999999999999967,6,2026110206,0,,,,,0.5310895639995579
-30.5,30,0.5,1.5480805593921938,0.49999999999999967,7,2026110207,0,,,,,0.5285312910000357
-30.5,30,0.5,1.5480805593921938,0.49999999999999967,8,2026110208,0,,,,,0.5350701059996936
-30.5,30,0.5,1.5480805593921938,0.49999999999999967,11,2026110211,1,K1ABC FN42 33,-31,0,10.140200,0.25499725499958004
-30.5,30,0.5,1.5480805593921938,0.49999999999999967,10,2026110210,0,,,,,0.5107332340003268
-30.5,30,0.5,1.5480805593921938,0.49999999999999967,12,2026110212,1,K1ABC FN42 33,-30,0,10.140200,0.34448871099993994
-30.5,30,0.5,1.5480805593921938,0.49999999999999967,14,2026110214,1,K1ABC FN42 33,-30,0,10.140200,0.15141412899993156
-30.5,30,0.5,1.5480805593921938,0.49999999999999967,13,2026110213,0,,,,,0.4198772609997832
-30.5,30,0.5,1.5480805593921938,0.49999999999999967,15,2026110215,0,,,,,0.5316755089997969
-30.5,30,0.5,1.5480805593921938,0.49999999999999967,16,2026110216,0,,,,,0.5220190150002963
-30.5,30,0.5,1.5480805593921938,0.49999999999999967,19,2026110219,0,,,,,0.041167688999848906
-30.5,30,0.5,1.5480805593921938,0.49999999999999967,17,2026110217,0,,,,,0.5310808910007836
-30.5,30,0.5,1.5480805593921938,0.49999999999999967,18,2026110218,0,,,,,0.5126792649998606
-30.5,30,0.5,1.5480805593921938,0.49999999999999967,20,2026110220,0,,,,,0.43383690300015587
-30.5,30,0.5,1.5480805593921938,0.49999999999999967,21,2026110221,0,,,,,0.4838320479993854
-30.5,30,0.5,1.5480805593921938,0.49999999999999967,22,2026110222,0,,,,,0.5324260990000766
-30.5,30,0.5,1.5480805593921938,0.49999999999999967,23,2026110223,0,,,,,0.4265715359997557
-30.5,30,0.5,1.5480805593921938,0.49999999999999967,24,2026110224,1,K1ABC FN42 33,-30,0,10.140200,0.24363450700002431
-30.5,30,0.5,1.5480805593921938,0.49999999999999967,25,2026110225,1,K1ABC FN42 33,-31,0,10.140200,0.22521323000000848
-30.5,30,0.5,1.5480805593921938,0.49999999999999967,26,2026110226,1,K1ABC FN42 33,-30,0,10.140200,0.25498718800008646
-30.5,30,0.5,1.5480805593921938,0.49999999999999967,27,2026110227,0,,,,,0.5181607510003232
-30.5,30,0.5,1.5480805593921938,0.49999999999999967,28,2026110228,0,,,,,0.4909830950000469
-30.5,30,0.5,1.5480805593921938,0.49999999999999967,29,2026110229,0,,,,,0.5060134349996588
-30.5,30,0.5,1.5480805593921938,0.49999999999999967,30,2026110230,0,,,,,0.5147688939996442
-30.5,30,0.5,1.5480805593921938,0.49999999999999967,32,2026110232,1,K1ABC FN42 33,-31,0,10.140200,0.24037028499969892
-30.5,30,0.5,1.5480805593921938,0.49999999999999967,31,2026110231,0,,,,,0.5189997329998732
-30.5,30,0.5,1.5480805593921938,0.49999999999999967,33,2026110233,0,,,,,0.5163799310003014
-30.5,30,0.5,1.5480805593921938,0.49999999999999967,34,2026110234,0,,,,,0.5256202439995832
-30.5,30,0.5,1.5480805593921938,0.49999999999999967,35,2026110235,0,,,,,0.5067523999996411
-30.5,30,0.5,1.5480805593921938,0.49999999999999967,36,2026110236,0,,,,,0.4285883800002921
-30.5,30,0.5,1.5480805593921938,0.49999999999999967,39,2026110239,0,,,,,0.4600782159996015
-30.5,30,0.5,1.5480805593921938,0.49999999999999967,38,2026110238,0,,,,,0.5298380430003817
-30.5,30,0.5,1.5480805593921938,0.49999999999999967,40,2026110240,0,,,,,0.5094966080005179
-30.5,30,0.5,1.5480805593921938,0.49999999999999967,42,2026110242,1,K1ABC FN42 33,-31,0,10.140200,0.2589803729997584
-30.5,30,0.5,1.5480805593921938,0.49999999999999967,37,2026110237,0,,,,,0.9227337800002715
-30.5,30,0.5,1.5480805593921938,0.49999999999999967,45,2026110245,1,K1ABC FN42 33,-31,0,10.140200,0.06772907200047484
-30.5,30,0.5,1.5480805593921938,0.49999999999999967,41,2026110241,0,,,,,0.5271516220000194
-30.5,30,0.5,1.5480805593921938,0.49999999999999967,44,2026110244,1,K1ABC FN42 33,-31,0,10.140200,0.39557483499993396
-30.5,30,0.5,1.5480805593921938,0.49999999999999967,48,2026110248,1,K1ABC FN42 33,-29,0,10.140200,0.07746198900076706
-30.5,30,0.5,1.5480805593921938,0.49999999999999967,43,2026110243,0,,,,,0.5369970459996694
-30.5,30,0.5,1.5480805593921938,0.49999999999999967,50,2026110250,1,K1ABC FN42 33,-30,0,10.140200,0.055293596000410616
-30.5,30,0.5,1.5480805593921938,0.49999999999999967,46,2026110246,0,,,,,0.5370054180002626
-30.5,30,0.5,1.5480805593921938,0.49999999999999967,49,2026110249,1,K1ABC FN42 33,-30,0,10.140200,0.27230253599918797
-30.5,30,0.5,1.5480805593921938,0.49999999999999967,47,2026110247,0,,,,,0.5387557219992232
-30.5,30,0.5,1.5480805593921938,0.49999999999999967,54,2026110254,1,K1ABC FN42 33,-29,0,10.140200,0.2431985920002262
-30.5,30,0.5,1.5480805593921938,0.49999999999999967,52,2026110252,0,,,,,0.440924313999858
-30.5,30,0.5,1.5480805593921938,0.49999999999999967,51,2026110251,0,,,,,0.5182838889995764
-30.5,30,0.5,1.5480805593921938,0.49999999999999967,55,2026110255,1,K1ABC FN42 33,-30,0,10.140200,0.06527686600020388
-30.5,30,0.5,1.5480805593921938,0.49999999999999967,53,2026110253,0,,,,,0.5541346230002091
-30.5,30,0.5,1.5480805593921938,0.49999999999999967,56,2026110256,0,,,,,0.5265360610001153
-30.5,30,0.5,1.5480805593921938,0.49999999999999967,57,2026110257,0,,,,,0.5364028989997678
-30.5,30,0.5,1.5480805593921938,0.49999999999999967,58,2026110258,0,,,,,0.5244750470001236
-30.5,30,0.5,1.5480805593921938,0.49999999999999967,59,2026110259,0,,,,,0.534507665000092
-30.5,30,0.5,1.5480805593921938,0.49999999999999967,62,2026110262,1,K1ABC FN42 33,-29,0,10.140200,0.27298012699975516
-30.5,30,0.5,1.5480805593921938,0.49999999999999967,60,2026110260,0,,,,,0.5490131240003393
-30.5,30,0.5,1.5480805593921938,0.49999999999999967,64,2026110264,1,K1ABC FN42 33,-31,0,10.140200,0.2542669790000218
-30.5,30,0.5,1.5480805593921938,0.49999999999999967,61,2026110261,0,,,,,0.5505097770001157
-30.5,30,0.5,1.5480805593921938,0.49999999999999967,66,2026110266,1,K1ABC FN42 33,-30,0,10.140200,0.2464582110005722
-30.5,30,0.5,1.5480805593921938,0.49999999999999967,65,2026110265,1,K1ABC FN42 33,-30,0,10.140200,0.27583934100039187
-30.5,30,0.5,1.5480805593921938,0.49999999999999967,69,2026110269,1,K1ABC FN42 33,-31,0,10.140200,0.06377126300048985
-30.5,30,0.5,1.5480805593921938,0.49999999999999967,67,2026110267,0,,,,,0.5112322940003651
-30.5,30,0.5,1.5480805593921938,0.49999999999999967,71,2026110271,1,K1ABC FN42 33,-30,0,10.140200,0.06958705600027315
-30.5,30,0.5,1.5480805593921938,0.49999999999999967,63,2026110263,0,,,,,0.9374239890003082
-30.5,30,0.5,1.5480805593921938,0.49999999999999967,68,2026110268,0,,,,,0.5338554029995066
-30.5,30,0.5,1.5480805593921938,0.49999999999999967,72,2026110272,1,K1ABC FN42 33,-31,0,10.140200,0.2594658119996893
-30.5,30,0.5,1.5480805593921938,0.49999999999999967,70,2026110270,0,,,,,0.5284120660007829
-30.5,30,0.5,1.5480805593921938,0.49999999999999967,76,2026110276,1,K1ABC FN42 33,-31,0,10.140200,0.24728454900014185
-30.5,30,0.5,1.5480805593921938,0.49999999999999967,73,2026110273,0,,,,,0.4989635060001092
-30.5,30,0.5,1.5480805593921938,0.49999999999999967,77,2026110277,1,K1ABC FN42 33,-31,0,10.140200,0.044663745000434574
-30.5,30,0.5,1.5480805593921938,0.49999999999999967,78,2026110278,1,K1ABC FN42 33,-29,0,10.140200,0.04964843400011887
-30.5,30,0.5,1.5480805593921938,0.49999999999999967,74,2026110274,0,,,,,0.5297484080001595
-30.5,30,0.5,1.5480805593921938,0.49999999999999967,81,2026110281,0,,,,,0.04853767799977504
-30.5,30,0.5,1.5480805593921938,0.49999999999999967,75,2026110275,0,,,,,0.5279488150008547
-30.5,30,0.5,1.5480805593921938,0.49999999999999967,80,2026110280,1,K1ABC FN42 33,-32,0,10.140200,0.23351072799960093
-30.5,30,0.5,1.5480805593921938,0.49999999999999967,79,2026110279,1,K1ABC FN42 33,-31,0,10.140200,0.2679951820000497
-30.5,30,0.5,1.5480805593921938,0.49999999999999967,83,2026110283,1,K1ABC FN42 33,-29,0,10.140200,0.04848147700067784
-30.5,30,0.5,1.5480805593921938,0.49999999999999967,82,2026110282,1,K1ABC FN42 33,-30,0,10.140200,0.24044481399960205
-30.5,30,0.5,1.5480805593921938,0.49999999999999967,86,2026110286,1,K1ABC FN42 33,-30,0,10.140200,0.26035740799943596
-30.5,30,0.5,1.5480805593921938,0.49999999999999967,87,2026110287,1,K1ABC FN42 33,-30,0,10.140200,0.18630819600002724
-30.5,30,0.5,1.5480805593921938,0.49999999999999967,89,2026110289,1,K1ABC FN42 33,-30,0,10.140200,0.15980286200010596
-30.5,30,0.5,1.5480805593921938,0.49999999999999967,84,2026110284,0,,,,,0.5414511070002845
-30.5,30,0.5,1.5480805593921938,0.49999999999999967,88,2026110288,1,K1ABC FN42 33,-30,0,10.140200,0.2764226379995307
-30.5,30,0.5,1.5480805593921938,0.49999999999999967,85,2026110285,0,,,,,0.5461858940007005
-30.5,30,0.5,1.5480805593921938,0.49999999999999967,90,2026110290,1,K1ABC FN42 33,-31,0,10.140200,0.23487357199974213
-30.5,30,0.5,1.5480805593921938,0.49999999999999967,93,2026110293,1,K1ABC FN42 33,-30,0,10.140200,0.24477584400028718
-30.5,30,0.5,1.5480805593921938,0.49999999999999967,92,2026110292,1,K1ABC FN42 33,-30,0,10.140200,0.34506088699981774
-30.5,30,0.5,1.5480805593921938,0.49999999999999967,94,2026110294,1,K1ABC FN42 33,-30,0,10.140200,0.257992335000381
-30.5,30,0.5,1.5480805593921938,0.49999999999999967,91,2026110291,0,,,,,0.5413323969996782
-30.5,30,0.5,1.5480805593921938,0.49999999999999967,98,2026110298,1,K1ABC FN42 33,-31,0,10.140200,0.045399955999528174
-30.5,30,0.5,1.5480805593921938,0.49999999999999967,96,2026110296,1,K1ABC FN42 33,-31,0,10.140200,0.26467255800071143
-30.5,30,0.5,1.5480805593921938,0.49999999999999967,95,2026110295,0,,,,,0.5193225970006097
-30.5,30,0.5,1.5480805593921938,0.49999999999999967,97,2026110297,0,,,,,0.5087871099995027
-30.5,60,0.25,1.768582908199704,0.2500000000000001,1,2026110201,1,K1ABC FN42 33,-29,0,10.140200,0.2718182930002513
-30.5,30,0.5,1.5480805593921938,0.49999999999999967,99,2026110299,0,,,,,0.5266170489994693
-30.5,60,0.25,1.768582908199704,0.2500000000000001,0,2026110200,0,,,,,0.536034546999872
-30.5,60,0.25,1.768582908199704,0.2500000000000001,2,2026110202,1,K1ABC FN42 33,-30,0,10.140200,0.25825761199939734
-30.5,60,0.25,1.768582908199704,0.2500000000000001,3,2026110203,1,K1ABC FN42 33,-30,0,10.140200,0.2838286070000322
-30.5,60,0.25,1.768582908199704,0.2500000000000001,5,2026110205,1,K1ABC FN42 33,-30,0,10.140200,0.29388414599998214
-30.5,60,0.25,1.768582908199704,0.2500000000000001,6,2026110206,1,K1ABC FN42 33,-30,0,10.140200,0.29323102699981973
-30.5,60,0.25,1.768582908199704,0.2500000000000001,8,2026110208,0,VG3GHJ KJ89 33,,,,0.10460734299977048
-30.5,60,0.25,1.768582908199704,0.2500000000000001,7,2026110207,1,K1ABC FN42 33,-30,0,10.140200,0.25566190500012453
-30.5,60,0.25,1.768582908199704,0.2500000000000001,9,2026110209,1,K1ABC FN42 33,-30,0,10.140200,0.06410128799961967
-30.5,60,0.25,1.768582908199704,0.2500000000000001,4,2026110204,0,,,,,0.5455117490000703
-30.5,60,0.25,1.768582908199704,0.2500000000000001,10,2026110210,1,K1ABC FN42 33,-30,0,10.140200,0.2496860609999203
-30.5,60,0.25,1.768582908199704,0.2500000000000001,11,2026110211,1,K1ABC FN42 33,-31,0,10.140200,0.24448420299995632
-30.5,60,0.25,1.768582908199704,0.2500000000000001,12,2026110212,1,K1ABC FN42 33,-30,0,10.140200,0.29148120900026697
-30.5,60,0.25,1.768582908199704,0.2500000000000001,13,2026110213,1,K1ABC FN42 33,-32,0,10.140200,0.24701170100070158
-30.5,60,0.25,1.768582908199704,0.2500000000000001,14,2026110214,1,K1ABC FN42 33,-31,0,10.140200,0.2512572559999171
-30.5,60,0.25,1.768582908199704,0.2500000000000001,15,2026110215,1,K1ABC FN42 33,-30,0,10.140200,0.22866072899978462
-30.5,60,0.25,1.768582908199704,0.2500000000000001,16,2026110216,1,K1ABC FN42 33,-30,0,10.140200,0.23324180500003422
-30.5,60,0.25,1.768582908199704,0.2500000000000001,17,2026110217,1,K1ABC FN42 33,-31,0,10.140200,0.27245056799984013
-30.5,60,0.25,1.768582908199704,0.2500000000000001,19,2026110219,1,K1ABC FN42 33,-30,0,10.140200,0.19313537599919073
-30.5,60,0.25,1.768582908199704,0.2500000000000001,20,2026110220,1,K1ABC FN42 33,-30,0,10.140200,0.1488321940005335
-30.5,60,0.25,1.768582908199704,0.2500000000000001,22,2026110222,1,K1ABC FN42 33,-30,0,10.140200,0.05703409599937004
-30.5,60,0.25,1.768582908199704,0.2500000000000001,21,2026110221,1,K1ABC FN42 33,-29,0,10.140200,0.2689931449995129
-30.5,60,0.25,1.768582908199704,0.2500000000000001,23,2026110223,1,K1ABC FN42 33,-30,0,10.140200,0.27421525200043106
-30.5,60,0.25,1.768582908199704,0.2500000000000001,18,2026110218,0,,,,,0.5064170759997069
-30.5,60,0.25,1.768582908199704,0.2500000000000001,26,2026110226,1,K1ABC FN42 33,-30,0,10.140200,0.2293950909997875
-30.5,60,0.25,1.768582908199704,0.2500000000000001,25,2026110225,1,K1ABC FN42 33,-31,0,10.140200,0.3372997189999296
-30.5,60,0.25,1.768582908199704,0.2500000000000001,24,2026110224,0,,,,,0.49251981300039915
-30.5,60,0.25,1.768582908199704,0.2500000000000001,29,2026110229,1,K1ABC FN42 33,-30,0,10.140200,0.041452872999798274
-30.5,60,0.25,1.768582908199704,0.2500000000000001,27,2026110227,1,K1ABC FN42 33,-30,0,10.140200,0.36329076000038185
-30.5,60,0.25,1.768582908199704,0.2500000000000001,31,2026110231,1,K1ABC FN42 33,-31,0,10.140200,0.23516565499994613
-30.5,60,0.25,1.768582908199704,0.2500000000000001,28,2026110228,1,K1ABC FN42 33,-30,0,10.140200,0.33922647000053985
-30.5,60,0.25,1.768582908199704,0.2500000000000001,32,2026110232,1,K1ABC FN42 33,-31,0,10.140200,0.24489078399983555
-30.5,60,0.25,1.768582908199704,0.2500000000000001,30,2026110230,0,,,,,0.5021713309997722
-30.5,60,0.25,1.768582908199704,0.2500000000000001,33,2026110233,1,K1ABC FN42 33,-30,0,10.140200,0.23882636700000148
-30.5,60,0.25,1.768582908199704,0.2500000000000001,34,2026110234,1,K1ABC FN42 33,-31,0,10.140200,0.25220309299947985
-30.5,60,0.25,1.768582908199704,0.2500000000000001,35,2026110235,1,K1ABC FN42 33,-30,0,10.140200,0.22723461699933978
-30.5,60,0.25,1.768582908199704,0.2500000000000001,36,2026110236,1,K1ABC FN42 33,-30,0,10.140200,0.2458222459999888
-30.5,60,0.25,1.768582908199704,0.2500000000000001,39,2026110239,1,K1ABC FN42 33,-30,0,10.140200,0.17426675699971383
-30.5,60,0.25,1.768582908199704,0.2500000000000001,37,2026110237,1,K1ABC FN42 33,-32,0,10.140200,0.3189307650000046
-30.5,60,0.25,1.768582908199704,0.2500000000000001,40,2026110240,1,K1ABC FN42 33,-32,0,10.140200,0.24042623799959983
-30.5,60,0.25,1.768582908199704,0.2500000000000001,42,2026110242,1,K1ABC FN42 33,-31,0,10.140200,0.24031697499958682
-30.5,60,0.25,1.768582908199704,0.2500000000000001,38,2026110238,0,,,,,0.5293438890003017
-30.5,60,0.25,1.768582908199704,0.2500000000000001,43,2026110243,1,K1ABC FN42 33,-30,0,10.140200,0.2459435790005955
-30.5,60,0.25,1.768582908199704,0.2500000000000001,41,2026110241,0,,,,,0.49394763600048464
-30.5,60,0.25,1.768582908199704,0.2500000000000001,44,2026110244,1,K1ABC FN42 33,-31,0,10.140200,0.3714478430001691
-30.5,60,0.25,1.768582908199704,0.2500000000000001,45,2026110245,1,K1ABC FN42 33,-32,0,10.140200,0.34614032699937525
-30.5,60,0.25,1.768582908199704,0.2500000000000001,46,2026110246,1,K1ABC FN42 33,-30,0,10.140200,0.27204620499924204
-30.5,60,0.25,1.768582908199704,0.2500000000000001,48,2026110248,1,K1ABC FN42 33,-30,0,10.140200,0.07840928499990696
-30.5,60,0.25,1.768582908199704,0.2500000000000001,49,2026110249,1,K1ABC FN42 33,-30,0,10.140200,0.22417553500054055
-30.5,60,0.25,1.768582908199704,0.2500000000000001,50,2026110250,1,K1ABC FN42 33,-30,0,10.140200,0.23705771700042533
-30.5,60,0.25,1.768582908199704,0.2500000000000001,52,2026110252,1,K1ABC FN42 33,-30,0,10.140200,0.0928977939993274
-30.5,60,0.25,1.768582908199704,0.2500000000000001,47,2026110247,0,,,,,0.5245929420007087
-30.5,60,0.25,1.768582908199704,0.2500000000000001,55,2026110255,1,K1ABC FN42 33,-31,0,10.140200,0.08803473100033443
-30.5,60,0.25,1.768582908199704,0.2500000000000001,53,2026110253,1,K1ABC FN42 33,-32,0,10.140200,0.23003378200064617
-30.5,60,0.25,1.768582908199704,0.2500000000000001,54,2026110254,1,K1ABC FN42 33,-29,0,10.140200,0.2256387530005668
-30.5,60,0.25,1.768582908199704,0.2500000000000001,51,2026110251,0,,,,,0.49395077400004084
-30.5,60,0.25,1.768582908199704,0.2500000000000001,59,2026110259,1,K1ABC FN42 33,-30,0,10.140200,0.23447171699990577
-30.5,60,0.25,1.768582908199704,0.2500000000000001,58,2026110258,1,K1ABC FN42 33,-30,0,10.140200,0.3823276759994769
-30.5,60,0.25,1.768582908199704,0.2500000000000001,56,2026110256,0,,,,,0.5228528259995073
-30.5,60,0.25,1.768582908199704,0.2500000000000001,60,2026110260,1,K1ABC FN42 33,-29,0,10.140200,0.2660657540000102
-30.5,60,0.25,1.768582908199704,0.2500000000000001,57,2026110257,0,,,,,0.539597101000254
-30.5,60,0.25,1.768582908199704,0.2500000000000001,62,2026110262,1,K1ABC FN42 33,-29,0,10.140200,0.29260610500023176
-30.5,60,0.25,1.768582908199704,0.2500000000000001,64,2026110264,1,K1ABC FN42 33,-32,0,10.140200,0.35980793299950165
-30.5,60,0.25,1.768582908199704,0.2500000000000001,61,2026110261,0,,,,,0.5108546430001297
-30.5,60,0.25,1.768582908199704,0.2500000000000001,66,2026110266,1,K1ABC FN42 33,-30,0,10.140200,0.061520977999862225
-30.5,60,0.25,1.768582908199704,0.2500000000000001,68,2026110268,1,K1ABC FN42 33,-29,0,10.140200,0.05374967399984598
-30.5,60,0.25,1.768582908199704,0.2500000000000001,69,2026110269,0,,,,,0.052662616999441525
-30.5,60,0.25,1.768582908199704,0.2500000000000001,67,2026110267,1,K1ABC FN42 33,-29,0,10.140200,0.17502017399965553
-30.5,60,0.25,1.768582908199704,0.2500000000000001,71,2026110271,1,K1ABC FN42 33,-30,0,10.140200,0.051081792000331916
-30.5,60,0.25,1.768582908199704,0.2500000000000001,65,2026110265,0,,,,,0.5202856719997726
-30.5,60,0.25,1.768582908199704,0.2500000000000001,63,2026110263,1,K1ABC FN42 33,-31,0,10.140200,0.734614908000367
-30.5,60,0.25,1.768582908199704,0.2500000000000001,70,2026110270,1,K1ABC FN42 33,-31,0,10.140200,0.2610086759996193
-30.5,60,0.25,1.768582908199704,0.2500000000000001,73,2026110273,1,K1ABC FN42 33,-31,0,10.140200,0.246705337000094
-30.5,60,0.25,1.768582908199704,0.2500000000000001,72,2026110272,1,K1ABC FN42 33,-31,0,10.140200,0.35342102100003103
-30.5,60,0.25,1.768582908199704,0.2500000000000001,77,2026110277,1,K1ABC FN42 33,-30,0,10.140200,0.04804589900049905
-30.5,60,0.25,1.768582908199704,0.2500000000000001,74,2026110274,1,K1ABC FN42 33,-31,0,10.140200,0.27463755900043907
-30.5,60,0.25,1.768582908199704,0.2500000000000001,75,2026110275,1,K1ABC FN42 33,-30,0,10.140200,0.2485308659997827
-30.5,60,0.25,1.768582908199704,0.2500000000000001,80,2026110280,1,K1ABC FN42 33,-31,0,10.140200,0.056023197999820695
-30.5,60,0.25,1.768582908199704,0.2500000000000001,79,2026110279,1,K1ABC FN42 33,-31,0,10.140200,0.09713922199989611
-30.5,60,0.25,1.768582908199704,0.2500000000000001,81,2026110281,1,K1ABC FN42 33,-29,0,10.140200,0.07793838500037964
-30.5,60,0.25,1.768582908199704,0.2500000000000001,76,2026110276,1,K1ABC FN42 33,-30,0,10.140200,0.27389876500001265
-30.5,60,0.25,1.768582908199704,0.2500000000000001,83,2026110283,1,K1ABC FN42 33,-30,0,10.140200,0.12201757999991969
-30.5,60,0.25,1.768582908199704,0.2500000000000001,82,2026110282,1,K1ABC FN42 33,-31,0,10.140200,0.2452308649999395
-30.5,60,0.25,1.768582908199704,0.2500000000000001,84,2026110284,1,K1ABC FN42 33,-30,0,10.140200,0.24630121999962284
-30.5,60,0.25,1.768582908199704,0.2500000000000001,78,2026110278,0,,,,,0.554451613999845
-30.5,60,0.25,1.768582908199704,0.2500000000000001,87,2026110287,1,K1ABC FN42 33,-30,0,10.140200,0.27671866699984093
-30.5,60,0.25,1.768582908199704,0.2500000000000001,85,2026110285,0,,,,,0.49505970100017294
-30.5,60,0.25,1.768582908199704,0.2500000000000001,86,2026110286,0,,,,,0.5184952569998131
-30.5,60,0.25,1.768582908199704,0.2500000000000001,90,2026110290,1,K1ABC FN42 33,-30,0,10.140200,0.24397782600044593
-30.5,60,0.25,1.768582908199704,0.2500000000000001,88,2026110288,0,,,,,0.5223132640003314
-30.5,60,0.25,1.768582908199704,0.2500000000000001,92,2026110292,1,K1ABC FN42 33,-29,0,10.140200,0.05202494700006355
-30.5,60,0.25,1.768582908199704,0.2500000000000001,89,2026110289,1,K1ABC FN42 33,-31,0,10.140200,0.3661707010005557
-30.5,60,0.25,1.768582908199704,0.2500000000000001,94,2026110294,1,K1ABC FN42 33,-31,0,10.140200,0.186518241000158
-30.5,60,0.25,1.768582908199704,0.2500000000000001,93,2026110293,1,K1ABC FN42 33,-30,0,10.140200,0.24173286499990354
-30.5,60,0.25,1.768582908199704,0.2500000000000001,95,2026110295,1,K1ABC FN42 33,-30,0,10.140200,0.24120187500011525
-30.5,60,0.25,1.768582908199704,0.2500000000000001,91,2026110291,0,,,,,0.5190450899999632
-30.5,60,0.25,1.768582908199704,0.2500000000000001,98,2026110298,1,K1ABC FN42 33,-30,0,10.140200,0.04343276799954765
-30.5,60,0.25,1.768582908199704,0.2500000000000001,96,2026110296,1,K1ABC FN42 33,-31,0,10.140200,0.23552228800053854
-30.5,60,0.25,1.768582908199704,0.2500000000000001,97,2026110297,1,K1ABC FN42 33,-31,0,10.140200,0.2665187340007833
-30.5,60,0.5,3.537165816399408,0.5000000000000002,0,2026110200,0,,,,,0.5154434879996188
-30.5,60,0.25,1.768582908199704,0.2500000000000001,99,2026110299,0,,,,,0.5252055569999357
-30.5,60,0.5,3.537165816399408,0.5000000000000002,1,2026110201,0,,,,,0.5061721300007775
-30.5,60,0.5,3.537165816399408,0.5000000000000002,2,2026110202,0,,,,,0.5144350020000275
-30.5,60,0.5,3.537165816399408,0.5000000000000002,4,2026110204,1,K1ABC FN42 33,-31,0,10.140200,0.2333157819994085
-30.5,60,0.5,3.537165816399408,0.5000000000000002,5,2026110205,1,K1ABC FN42 33,-30,0,10.140200,0.27069315999960963
-30.5,60,0.5,3.537165816399408,0.5000000000000002,3,2026110203,0,,,,,0.5106086180003331
-30.5,60,0.5,3.537165816399408,0.5000000000000002,6,2026110206,0,,,,,0.5108776819997729
-30.5,60,0.5,3.537165816399408,0.5000000000000002,7,2026110207,0,,,,,0.524625219999507
-30.5,60,0.5,3.537165816399408,0.5000000000000002,8,2026110208,0,,,,,0.5128725670001586
-30.5,60,0.5,3.537165816399408,0.5000000000000002,9,2026110209,0,,,,,0.5053872059997957
-30.5,60,0.5,3.537165816399408,0.5000000000000002,10,2026110210,0,,,,,0.5135600879993945
-30.5,60,0.5,3.537165816399408,0.5000000000000002,11,2026110211,0,,,,,0.49460429299961106
-30.5,60,0.5,3.537165816399408,0.5000000000000002,12,2026110212,0,,,,,0.5279463970000506
-30.5,60,0.5,3.537165816399408,0.5000000000000002,13,2026110213,0,,,,,0.5388344559996767
-30.5,60,0.5,3.537165816399408,0.5000000000000002,14,2026110214,0,,,,,0.5221372760006489
-30.5,60,0.5,3.537165816399408,0.5000000000000002,15,2026110215,0,,,,,0.5143374560002485
-30.5,60,0.5,3.537165816399408,0.5000000000000002,16,2026110216,0,,,,,0.5060815300003014
-30.5,60,0.5,3.537165816399408,0.5000000000000002,17,2026110217,0,,,,,0.5057107080001515
-30.5,60,0.5,3.537165816399408,0.5000000000000002,19,2026110219,0,,,,,0.43539186399993923
-30.5,60,0.5,3.537165816399408,0.5000000000000002,18,2026110218,0,,,,,0.5374787579994518
-30.5,60,0.5,3.537165816399408,0.5000000000000002,20,2026110220,0,,,,,0.42759008899975015
-30.5,60,0.5,3.537165816399408,0.5000000000000002,22,2026110222,1,K1ABC FN42 33,-31,0,10.140200,0.18458034600007522
-30.5,60,0.5,3.537165816399408,0.5000000000000002,21,2026110221,0,,,,,0.5031916389998514
-30.5,60,0.5,3.537165816399408,0.5000000000000002,24,2026110224,1,K1ABC FN42 33,-30,0,10.140200,0.21860201500021503
-30.5,60,0.5,3.537165816399408,0.5000000000000002,23,2026110223,0,,,,,0.4685005920000549
-30.5,60,0.5,3.537165816399408,0.5000000000000002,26,2026110226,1,K1ABC FN42 33,-30,0,10.140200,0.2538746669997636
-30.5,60,0.5,3.537165816399408,0.5000000000000002,28,2026110228,1,K1ABC FN42 33,-29,0,10.140200,0.08231718899969565
-30.5,60,0.5,3.537165816399408,0.5000000000000002,25,2026110225,0,,,,,0.5029643940006281
-30.5,60,0.5,3.537165816399408,0.5000000000000002,27,2026110227,0,,,,,0.49003077399993344
-30.5,60,0.5,3.537165816399408,0.5000000000000002,29,2026110229,0,,,,,0.42261027499989723
-30.5,60,0.5,3.537165816399408,0.5000000000000002,30,2026110230,0,,,,,0.4185659110007691
-30.5,60,0.5,3.537165816399408,0.5000000000000002,32,2026110232,1,K1ABC FN42 33,-31,0,10.140200,0.2319940890001817
-30.5,60,0.5,3.537165816399408,0.5000000000000002,31,2026110231,0,,,,,0.48815178200038645
-30.5,60,0.5,3.537165816399408,0.5000000000000002,36,2026110236,0,,,,,0.03700431200013554
-30.5,60,0.5,3.537165816399408,0.5000000000000002,33,2026110233,1,K1ABC FN42 33,-30,0,10.140200,0.23798450300000695
-30.5,60,0.5,3.537165816399408,0.5000000000000002,34,2026110234,0,,,,,0.5213406940001732
-30.5,60,0.5,3.537165816399408,0.5000000000000002,35,2026110235,0,,,,,0.4842220560003625
-30.5,60,0.5,3.537165816399408,0.5000000000000002,38,2026110238,0,,,,,0.5028227020002305
-30.5,60,0.5,3.537165816399408,0.5000000000000002,39,2026110239,0,,,,,0.44046835100016324
-30.5,60,0.5,3.537165816399408,0.5000000000000002,37,2026110237,0,,,,,0.850918074999754
-30.5,60,0.5,3.537165816399408,0.5000000000000002,40,2026110240,0,,,,,0.5246080369997799
-30.5,60,0.5,3.537165816399408,0.5000000000000002,42,2026110242,1,K1ABC FN42 33,-31,0,10.140200,0.25588230500034115
-30.5,60,0.5,3.537165816399408,0.5000000000000002,45,2026110245,1,K1ABC FN42 33,-31,0,10.140200,0.05214017100024648
-30.5,60,0.5,3.537165816399408,0.5000000000000002,41,2026110241,0,,,,,0.5397844509998322
-30.5,60,0.5,3.537165816399408,0.5000000000000002,43,2026110243,0,,,,,0.5188736589998371
-30.5,60,0.5,3.537165816399408,0.5000000000000002,44,2026110244,0,,,,,0.5369697670003006
-30.5,60,0.5,3.537165816399408,0.5000000000000002,47,2026110247,0,,,,,0.5281829329996981
-30.5,60,0.5,3.537165816399408,0.5000000000000002,46,2026110246,0,,,,,0.5500735240002541
-30.5,60,0.5,3.537165816399408,0.5000000000000002,49,2026110249,1,K1ABC FN42 33,-30,0,10.140200,0.2611981720001495
-30.5,60,0.5,3.537165816399408,0.5000000000000002,50,2026110250,1,K1ABC FN42 33,-30,0,10.140200,0.08263971199994558
-30.5,60,0.5,3.537165816399408,0.5000000000000002,53,2026110253,1,K1ABC FN42 33,-31,0,10.140200,0.05151720900084911
-30.5,60,0.5,3.537165816399408,0.5000000000000002,48,2026110248,0,,,,,0.517954061000637
-30.5,60,0.5,3.537165816399408,0.5000000000000002,55,2026110255,1,K1ABC FN42 33,-31,0,10.140200,0.10867815899928246
-30.5,60,0.5,3.537165816399408,0.5000000000000002,52,2026110252,0,,,,,0.41711982200013153
-30.5,60,0.5,3.537165816399408,0.5000000000000002,51,2026110251,0,,,,,0.48897698299970216
-30.5,60,0.5,3.537165816399408,0.5000000000000002,54,2026110254,0,,,,,0.4878394670004127
-30.5,60,0.5,3.537165816399408,0.5000000000000002,56,2026110256,0,,,,,0.4900287569998909
-30.5,60,0.5,3.537165816399408,0.5000000000000002,57,2026110257,0,,,,,0.5012218309993841
-30.5,60,0.5,3.537165816399408,0.5000000000000002,58,2026110258,0,,,,,0.514838322000287
-30.5,60,0.5,3.537165816399408,0.5000000000000002,59,2026110259,0,,,,,0.5230569049999758
-30.5,60,0.5,3.537165816399408,0.5000000000000002,60,2026110260,0,,,,,0.5091362869998193
-30.5,60,0.5,3.537165816399408,0.5000000000000002,64,2026110264,1,K1ABC FN42 33,-31,0,10.140200,0.046388752999519056
-30.5,60,0.5,3.537165816399408,0.5000000000000002,61,2026110261,0,,,,,0.5070916800004852
-30.5,60,0.5,3.537165816399408,0.5000000000000002,62,2026110262,0,,,,,0.5220800600000075
-30.5,60,0.5,3.537165816399408,0.5000000000000002,67,2026110267,1,K1ABC FN42 33,-30,0,10.140200,0.04951674600033584
-30.5,60,0.5,3.537165816399408,0.5000000000000002,65,2026110265,0,,,,,0.5310725190001904
-30.5,60,0.5,3.537165816399408,0.5000000000000002,66,2026110266,0,,,,,0.5189867039998717
-30.5,60,0.5,3.537165816399408,0.5000000000000002,63,2026110263,0,,,,,0.9093162610006402
-30.5,60,0.5,3.537165816399408,0.5000000000000002,68,2026110268,0,,,,,0.5115903599999001
-30.5,60,0.5,3.537165816399408,0.5000000000000002,69,2026110269,0,,,,,0.5305110860008426
-30.5,60,0.5,3.537165816399408,0.5000000000000002,72,2026110272,0,,,,,0.40974612799982424
-30.5,60,0.5,3.537165816399408,0.5000000000000002,70,2026110270,0,,,,,0.5390922739998132
-30.5,60,0.5,3.537165816399408,0.5000000000000002,71,2026110271,0,,,,,0.5132182409997768
-30.5,60,0.5,3.537165816399408,0.5000000000000002,73,2026110273,0,,,,,0.536119864000284
-30.5,60,0.5,3.537165816399408,0.5000000000000002,74,2026110274,0,,,,,0.5200782250003613
-30.5,60,0.5,3.537165816399408,0.5000000000000002,75,2026110275,0,,,,,0.5322459710005205
-30.5,60,0.5,3.537165816399408,0.5000000000000002,76,2026110276,0,,,,,0.5266914690000704
-30.5,60,0.5,3.537165816399408,0.5000000000000002,80,2026110280,1,K1ABC FN42 33,-32,0,10.140200,0.05194906900032947
-30.5,60,0.5,3.537165816399408,0.5000000000000002,81,2026110281,1,K1ABC FN42 33,-29,0,10.140200,0.057061564999457914
-30.5,60,0.5,3.537165816399408,0.5000000000000002,78,2026110278,1,K1ABC FN42 33,-31,0,10.140200,0.2722950950001177
-30.5,60,0.5,3.537165816399408,0.5000000000000002,82,2026110282,1,K1ABC FN42 33,-31,0,10.140200,0.17120607199922233
-30.5,60,0.5,3.537165816399408,0.5000000000000002,77,2026110277,0,,,,,0.5218646980001722
-30.5,60,0.5,3.537165816399408,0.5000000000000002,79,2026110279,0,,,,,0.5441037800001141
-30.5,60,0.5,3.537165816399408,0.5000000000000002,83,2026110283,0,,,,,0.44164672100032476
-30.5,60,0.5,3.537165816399408,0.5000000000000002,84,2026110284,0,,,,,0.5269392000000153
-30.5,60,0.5,3.537165816399408,0.5000000000000002,85,2026110285,0,,,,,0.5272772799999075
-30.5,60,0.5,3.537165816399408,0.5000000000000002,86,2026110286,0,,,,,0.5230363319997196
-30.5,60,0.5,3.537165816399408,0.5000000000000002,89,2026110289,1,K1ABC FN42 33,-31,0,10.140200,0.14964688400050363
-30.5,60,0.5,3.537165816399408,0.5000000000000002,87,2026110287,0,,,,,0.5271995269995386
-30.5,60,0.5,3.537165816399408,0.5000000000000002,88,2026110288,0,,,,,0.5284381660003419
-30.5,60,0.5,3.537165816399408,0.5000000000000002,90,2026110290,0,,,,,0.5363772389991937
-30.5,60,0.5,3.537165816399408,0.5000000000000002,91,2026110291,0,,,,,0.5224923449995913
-30.5,60,0.5,3.537165816399408,0.5000000000000002,94,2026110294,1,K1ABC FN42 33,-30,0,10.140200,0.07330969099984941
-30.5,60,0.5,3.537165816399408,0.5000000000000002,92,2026110292,0,,,,,0.517433866999454
-30.5,60,0.5,3.537165816399408,0.5000000000000002,93,2026110293,0,,,,,0.5119352490000892
-30.5,60,0.5,3.537165816399408,0.5000000000000002,95,2026110295,0,,,,,0.4376140399999713
-30.5,60,0.5,3.537165816399408,0.5000000000000002,96,2026110296,0,,,,,0.5513148330001059
-30.5,60,0.5,3.537165816399408,0.5000000000000002,97,2026110297,0,,,,,0.5159948330001498
-30.5,60,0.5,3.537165816399408,0.5000000000000002,98,2026110298,0,,,,,0.5555981409997912
-30.5,60,0.5,3.537165816399408,0.5000000000000002,99,2026110299,0,,,,,0.5508476579998387
-30.5,120,0.25,5.125891850706048,0.2499999999999996,2,2026110202,1,K1ABC FN42 33,-29,0,10.140200,0.22399457199935568
-30.5,120,0.25,5.125891850706048,0.2499999999999996,0,2026110200,0,,,,,0.5210352379999676
-30.5,120,0.25,5.125891850706048,0.2499999999999996,1,2026110201,0,,,,,0.532103933000144
-30.5,120,0.25,5.125891850706048,0.2499999999999996,4,2026110204,1,K1ABC FN42 33,-30,0,10.140200,0.2551273970002512
-30.5,120,0.25,5.125891850706048,0.2499999999999996,7,2026110207,1,K1ABC FN42 33,-30,0,10.140200,0.09071563500037882
-30.5,120,0.25,5.125891850706048,0.2499999999999996,5,2026110205,1,K1ABC FN42 33,-31,0,10.140200,0.27767280700027186
-30.5,120,0.25,5.125891850706048,0.2499999999999996,9,2026110209,1,K1ABC FN42 33,-30,0,10.140200,0.06231878300059179
-30.5,120,0.25,5.125891850706048,0.2499999999999996,3,2026110203,0,,,,,0.5268941109998195
-30.5,120,0.25,5.125891850706048,0.2499999999999996,6,2026110206,1,K1ABC FN42 33,-31,0,10.140200,0.4102581960005409
-30.5,120,0.25,5.125891850706048,0.2499999999999996,8,2026110208,1,K1ABC FN42 33,-30,0,10.140200,0.38100856700020813
-30.5,120,0.25,5.125891850706048,0.2499999999999996,10,2026110210,1,K1ABC FN42 33,-30,0,10.140200,0.34118937899984303
-30.5,120,0.25,5.125891850706048,0.2499999999999996,14,2026110214,1,K1ABC FN42 33,-31,0,10.140200,0.0590824219998467
-30.5,120,0.25,5.125891850706048,0.2499999999999996,13,2026110213,1,K1ABC FN42 33,-32,0,10.140200,0.16791952200037485
-30.5,120,0.25,5.125891850706048,0.2499999999999996,11,2026110211,0,,,,,0.5494148770003449
-30.5,120,0.25,5.125891850706048,0.2499999999999996,12,2026110212,0,,,,,0.5648714480003036
-30.5,120,0.25,5.125891850706048,0.2499999999999996,15,2026110215,1,K1ABC FN42 33,-30,0,10.140200,0.2661687269992399
-30.5,120,0.25,5.125891850706048,0.2499999999999996,16,2026110216,1,K1ABC FN42 33,-29,0,10.140200,0.25828825600001437
-30.5,120,0.25,5.125891850706048,0.2499999999999996,19,2026110219,1,K1ABC FN42 33,-30,0,10.140200,0.11191137500009063
-30.5,120,0.25,5.125891850706048,0.2499999999999996,20,2026110220,1,K1ABC FN42 33,-30,0,10.140200,0.10153457399974286
-30.5,120,0.25,5.125891850706048,0.2499999999999996,22,2026110222,1,K1ABC FN42 33,-31,0,10.140200,0.10926845999983925
-30.5,120,0.25,5.125891850706048,0.2499999999999996,18,2026110218,1,K1ABC FN42 33,-30,0,10.140200,0.32495307299996057
-30.5,120,0.25,5.125891850706048,0.2499999999999996,21,2026110221,1,K1ABC FN42 33,-29,0,10.140200,0.2901549710004474
-30.5,120,0.25,5.125891850706048,0.2499999999999996,24,2026110224,1,K1ABC FN42 33,-30,0,10.140200,0.09995722500025295
-30.5,120,0.25,5.125891850706048,0.2499999999999996,17,2026110217,0,,,,,0.5184749419995569
-30.5,120,0.25,5.125891850706048,0.2499999999999996,23,2026110223,1,K1ABC FN42 33,-30,0,10.140200,0.2655703460004588
-30.5,120,0.25,5.125891850706048,0.2499999999999996,25,2026110225,1,K1ABC FN42 33,-31,0,10.140200,0.2419883029997436
-30.5,120,0.25,5.125891850706048,0.2499999999999996,29,2026110229,1,K1ABC FN42 33,-30,0,10.140200,0.054673124000146345
-30.5,120,0.25,5.125891850706048,0.2499999999999996,27,2026110227,1,K1ABC FN42 33,-30,0,10.140200,0.2576542309998331
-30.5,120,0.25,5.125891850706048,0.2499999999999996,31,2026110231,1,K1ABC FN42 33,-31,0,10.140200,0.071426622999752
-30.5,120,0.25,5.125891850706048,0.2499999999999996,26,2026110226,0,,,,,0.4137224719997903
-30.5,120,0.25,5.125891850706048,0.2499999999999996,28,2026110228,0,,,,,0.5374801420002768
-30.5,120,0.25,5.125891850706048,0.2499999999999996,32,2026110232,1,K1ABC FN42 33,-31,0,10.140200,0.26140825699985726
-30.5,120,0.25,5.125891850706048,0.2499999999999996,30,2026110230,0,,,,,0.5237296010000136
-30.5,120,0.25,5.125891850706048,0.2499999999999996,35,2026110235,1,K1ABC FN42 33,-30,0,10.140200,0.24979524799982755
-30.5,120,0.25,5.125891850706048,0.2499999999999996,33,2026110233,0,,,,,0.5215756699999474
-30.5,120,0.25,5.125891850706048,0.2499999999999996,36,2026110236,1,K1ABC FN42 33,-30,0,10.140200,0.175255821999599
-30.5,120,0.25,5.125891850706048,0.2499999999999996,39,2026110239,1,K1ABC FN42 33,-30,0,10.140200,0.0753517599996485
-30.5,120,0.25,5.125891850706048,0.2499999999999996,37,2026110237,1,K1ABC FN42 33,-32,0,10.140200,0.23590266999963205
-30.5,120,0.25,5.125891850706048,0.2499999999999996,34,2026110234,0,,,,,0.5221034779997353
-30.5,120,0.25,5.125891850706048,0.2499999999999996,42,2026110242,1,K1ABC FN42 33,-31,0,10.140200,0.23158921899994311
-30.5,120,0.25,5.125891850706048,0.2499999999999996,38,2026110238,0,,,,,0.4956020820000049
-30.5,120,0.25,5.125891850706048,0.2499999999999996,40,2026110240,0,,,,,0.5207858610001495
-30.5,120,0.25,5.125891850706048,0.2499999999999996,43,2026110243,1,K1ABC FN42 33,-30,0,10.140200,0.24043651600004523
-30.5,120,0.25,5.125891850706048,0.2499999999999996,41,2026110241,0,,,,,0.5151266259999829
-30.5,120,0.25,5.125891850706048,0.2499999999999996,45,2026110245,1,K1ABC FN42 33,-31,0,10.140200,0.29430658999990555
-30.5,120,0.25,5.125891850706048,0.2499999999999996,46,2026110246,1,K1ABC FN42 33,-30,0,10.140200,0.3096017630005008
-30.5,120,0.25,5.125891850706048,0.2499999999999996,48,2026110248,1,K1ABC FN42 33,-29,0,10.140200,0.08962695799982612
-30.5,120,0.25,5.125891850706048,0.2499999999999996,44,2026110244,0,,,,,0.5587006880004992
-30.5,120,0.25,5.125891850706048,0.2499999999999996,49,2026110249,1,K1ABC FN42 33,-31,0,10.140200,0.23933106900040002
-30.5,120,0.25,5.125891850706048,0.2499999999999996,50,2026110250,1,K1ABC FN42 33,-30,0,10.140200,0.23199110099994869
-30.5,120,0.25,5.125891850706048,0.2499999999999996,47,2026110247,0,,,,,0.5543922269998802
-30.5,120,0.25,5.125891850706048,0.2499999999999996,53,2026110253,1,K1ABC FN42 33,-32,0,10.140200,0.186777417000485
-30.5,120,0.25,5.125891850706048,0.2499999999999996,55,2026110255,1,K1ABC FN42 33,-30,0,10.140200,0.06378074900021602
-30.5,120,0.25,5.125891850706048,0.2499999999999996,52,2026110252,1,K1ABC FN42 33,-30,0,10.140200,0.2608514229996217
-30.5,120,0.25,5.125891850706048,0.2499999999999996,51,2026110251,0,,,,,0.48736640900006023
-30.5,120,0.25,5.125891850706048,0.2499999999999996,54,2026110254,0,,,,,0.5174862710000525
-30.5,120,0.25,5.125891850706048,0.2499999999999996,58,2026110258,1,K1ABC FN42 33,-31,0,10.140200,0.3586096799999723
-30.5,120,0.25,5.125891850706048,0.2499999999999996,60,2026110260,1,K1ABC FN42 33,-29,0,10.140200,0.05695829800060892
-30.5,120,0.25,5.125891850706048,0.2499999999999996,56,2026110256,0,,,,,0.52087452700016
-30.5,120,0.25,5.125891850706048,0.2499999999999996,59,2026110259,1,K1ABC FN42 33,-30,0,10.140200,0.23253061800005526
-30.5,120,0.25,5.125891850706048,0.2499999999999996,57,2026110257,0,,,,,0.5233974970005875
-30.5,120,0.25,5.125891850706048,0.2499999999999996,61,2026110261,1,K1ABC FN42 33,-31,0,10.140200,0.23995819300034782
-30.5,120,0.25,5.125891850706048,0.2499999999999996,63,2026110263,1,K1ABC FN42 33,-31,0,10.140200,0.24717558900010772
-30.5,120,0.25,5.125891850706048,0.2499999999999996,64,2026110264,1,K1ABC FN42 33,-31,0,10.140200,0.252115424999829
-30.5,120,0.25,5.125891850706048,0.2499999999999996,67,2026110267,1,K1ABC FN42 33,-30,0,10.140200,0.0493477290001465
-30.5,120,0.25,5.125891850706048,0.2499999999999996,65,2026110265,1,K1ABC FN42 33,-30,0,10.140200,0.24633034199996473
-30.5,120,0.25,5.125891850706048,0.2499999999999996,66,2026110266,1,K1ABC FN42 33,-30,0,10.140200,0.2286872670001685
-30.5,120,0.25,5.125891850706048,0.2499999999999996,62,2026110262,0,,,,,0.4978646290001052
-30.5,120,0.25,5.125891850706048,0.2499999999999996,68,2026110268,1,K1ABC FN42 33,-30,0,10.140200,0.32435827199969935
-30.5,120,0.25,5.125891850706048,0.2499999999999996,69,2026110269,1,K1ABC FN42 33,-31,0,10.140200,0.24210278400005336
-30.5,120,0.25,5.125891850706048,0.2499999999999996,73,2026110273,1,K1ABC FN42 33,-30,0,10.140200,0.072720223000033
-30.5,120,0.25,5.125891850706048,0.2499999999999996,70,2026110270,1,K1ABC FN42 33,-31,0,10.140200,0.24424854799963214
-30.5,120,0.25,5.125891850706048,0.2499999999999996,71,2026110271,1,K1ABC FN42 33,-31,0,10.140200,0.2563626689998273
-30.5,120,0.25,5.125891850706048,0.2499999999999996,72,2026110272,1,K1ABC FN42 33,-30,0,10.140200,0.2757651170004465
-30.5,120,0.25,5.125891850706048,0.2499999999999996,77,2026110277,1,K1ABC FN42 33,-30,0,10.140200,0.04996380299962766
-30.5,120,0.25,5.125891850706048,0.2499999999999996,74,2026110274,1,K1ABC FN42 33,-30,0,10.140200,0.24384568599998602
-30.5,120,0.25,5.125891850706048,0.2499999999999996,76,2026110276,1,K1ABC FN42 33,-31,0,10.140200,0.25745631700010563
-30.5,120,0.25,5.125891850706048,0.2499999999999996,79,2026110279,1,K1ABC FN42 33,-31,0,10.140200,0.28394266800023615
-30.5,120,0.25,5.125891850706048,0.2499999999999996,80,2026110280,1,K1ABC FN42 33,-31,0,10.140200,0.24689360699994722
-30.5,120,0.25,5.125891850706048,0.2499999999999996,75,2026110275,0,,,,,0.5412502729996049
-30.5,120,0.25,5.125891850706048,0.2499999999999996,78,2026110278,1,K1ABC FN42 33,-30,0,10.140200,0.30272438999963924
-30.5,120,0.25,5.125891850706048,0.2499999999999996,84,2026110284,1,K1ABC FN42 33,-30,0,10.140200,0.04808860800039838
-30.5,120,0.25,5.125891850706048,0.2499999999999996,81,2026110281,1,K1ABC FN42 33,-29,0,10.140200,0.06659323199983191
-30.5,120,0.25,5.125891850706048,0.2499999999999996,82,2026110282,1,K1ABC FN42 33,-31,0,10.140200,0.07918675000018993
-30.5,120,0.25,5.125891850706048,0.2499999999999996,87,2026110287,1,K1ABC FN42 33,-29,0,10.140200,0.05497074600043561
-30.5,120,0.25,5.125891850706048,0.2499999999999996,83,2026110283,1,K1ABC FN42 33,-30,0,10.140200,0.24953828300021996
-30.5,120,0.25,5.125891850706048,0.2499999999999996,89,2026110289,1,K1ABC FN42 33,-30,0,10.140200,0.06033826200018666
-30.5,120,0.25,5.125891850706048,0.2499999999999996,88,2026110288,1,K1ABC FN42 33,-31,0,10.140200,0.25595535499996913
-30.5,120,0.25,5.125891850706048,0.2499999999999996,85,2026110285,0,,,,,0.495911688999513
-30.5,120,0.25,5.125891850706048,0.2499999999999996,86,2026110286,0,,,,,0.5073359739999432
-30.5,120,0.25,5.125891850706048,0.2499999999999996,92,2026110292,1,K1ABC FN42 33,-29,0,10.140200,0.05392728799961333
-30.5,120,0.25,5.125891850706048,0.2499999999999996,90,2026110290,1,K1ABC FN42 33,-31,0,10.140200,0.3343941350003661
-30.5,120,0.25,5.125891850706048,0.2499999999999996,95,2026110295,1,K1ABC FN42 33,-29,0,10.140200,0.05093563999980688
-30.5,120,0.25,5.125891850706048,0.2499999999999996,91,2026110291,1,K1ABC FN42 33,-30,0,10.140200,0.3400218970000424
-30.5,120,0.25,5.125891850706048,0.2499999999999996,94,2026110294,1,K1ABC FN42 33,-30,0,10.140200,0.2535532419997253
-30.5,120,0.25,5.125891850706048,0.2499999999999996,98,2026110298,1,K1ABC FN42 33,-30,0,10.140200,0.04283425800076657
-30.5,120,0.25,5.125891850706048,0.2499999999999996,96,2026110296,1,K1ABC FN42 33,-31,0,10.140200,0.23350412899981166
-30.5,120,0.25,5.125891850706048,0.2499999999999996,97,2026110297,1,K1ABC FN42 33,-31,0,10.140200,0.2714125390002664
-30.5,120,0.25,5.125891850706048,0.2499999999999996,93,2026110293,0,,,,,0.4906714959997771
-30.5,120,0.25,5.125891850706048,0.2499999999999996,99,2026110299,1,K1ABC FN42 33,-30,0,10.140200,0.27583891700032837
-30.5,120,0.5,10.251783701412096,0.4999999999999992,0,2026110200,0,,,,,0.5286556920000294
-30.5,120,0.5,10.251783701412096,0.4999999999999992,2,2026110202,0,,,,,0.44407965800019156
-30.5,120,0.5,10.251783701412096,0.4999999999999992,1,2026110201,0,,,,,0.5315239619994827
-30.5,120,0.5,10.251783701412096,0.4999999999999992,3,2026110203,0,,,,,0.43534238699976413
-30.5,120,0.5,10.251783701412096,0.4999999999999992,4,2026110204,0,,,,,0.49506460599968705
-30.5,120,0.5,10.251783701412096,0.4999999999999992,5,2026110205,0,,,,,0.5100555569997596
-30.5,120,0.5,10.251783701412096,0.4999999999999992,6,2026110206,0,,,,,0.5566547999997056
-30.5,120,0.5,10.251783701412096,0.4999999999999992,7,2026110207,0,,,,,0.4931566760005808
-30.5,120,0.5,10.251783701412096,0.4999999999999992,9,2026110209,0,,,,,0.42408137999973405
-30.5,120,0.5,10.251783701412096,0.4999999999999992,8,2026110208,0,,,,,0.494856642000741
-30.5,120,0.5,10.251783701412096,0.4999999999999992,13,2026110213,1,K1ABC FN42 33,-31,0,10.140200,0.05606264700054453
-30.5,120,0.5,10.251783701412096,0.4999999999999992,10,2026110210,0,,,,,0.5096018109998113
-30.5,120,0.5,10.251783701412096,0.4999999999999992,11,2026110211,0,,,,,0.5251743529997839
-30.5,120,0.5,10.251783701412096,0.4999999999999992,12,2026110212,0,,,,,0.5328635890000442
-30.5,120,0.5,10.251783701412096,0.4999999999999992,14,2026110214,0,,,,,0.5125914729997021
-30.5,120,0.5,10.251783701412096,0.4999999999999992,15,2026110215,0,,,,,0.5279756330000964
-30.5,120,0.5,10.251783701412096,0.4999999999999992,16,2026110216,0,,,,,0.5515017199995782
-30.5,120,0.5,10.251783701412096,0.4999999999999992,19,2026110219,1,K1ABC FN42 33,-30,0,10.140200,0.10239396399992984
-30.5,120,0.5,10.251783701412096,0.4999999999999992,20,2026110220,1,K1ABC FN42 33,-30,0,10.140200,0.16076513699954376
-30.5,120,0.5,10.251783701412096,0.4999999999999992,17,2026110217,0,,,,,0.503341225999975
-30.5,120,0.5,10.251783701412096,0.4999999999999992,18,2026110218,0,,,,,0.5321884450004291
-30.5,120,0.5,10.251783701412096,0.4999999999999992,23,2026110223,1,K1ABC FN42 33,-30,0,10.140200,0.2385425700003907
-30.5,120,0.5,10.251783701412096,0.4999999999999992,21,2026110221,0,,,,,0.5037004639998486
-30.5,120,0.5,10.251783701412096,0.4999999999999992,22,2026110222,0,,,,,0.5013406590005616
-30.5,120,0.5,10.251783701412096,0.4999999999999992,24,2026110224,0,,,,,0.4920487660001527
-30.5,120,0.5,10.251783701412096,0.4999999999999992,26,2026110226,0,,,,,0.485472674000448
-30.5,120,0.5,10.251783701412096,0.4999999999999992,25,2026110225,0,,,,,0.5303251280001859
-30.5,120,0.5,10.251783701412096,0.4999999999999992,27,2026110227,0,,,,,0.5026358119994256
-30.5,120,0.5,10.251783701412096,0.4999999999999992,28,2026110228,0,,,,,0.5140158100002736
-30.5,120,0.5,10.251783701412096,0.4999999999999992,29,2026110229,0,,,,,0.41707089499959693
-30.5,120,0.5,10.251783701412096,0.4999999999999992,30,2026110230,0,,,,,0.49617369299994607
-30.5,120,0.5,10.251783701412096,0.4999999999999992,31,2026110231,0,,,,,0.51212811699952
-30.5,120,0.5,10.251783701412096,0.4999999999999992,32,2026110232,0,,,,,0.5097774199994092
-30.5,120,0.5,10.251783701412096,0.4999999999999992,33,2026110233,0,,,,,0.5026942539998345
-30.5,120,0.5,10.251783701412096,0.4999999999999992,37,2026110237,1,K1ABC FN42 33,-31,0,10.140200,0.0717912370000704
-30.5,120,0.5,10.251783701412096,0.4999999999999992,34,2026110234,0,,,,,0.5132119709996914
-30.5,120,0.5,10.251783701412096,0.4999999999999992,35,2026110235,0,,,,,0.5026297370004613
-30.5,120,0.5,10.251783701412096,0.4999999999999992,39,2026110239,1,K1ABC FN42 33,-29,0,10.140200,0.22474110500024835
-30.5,120,0.5,10.251783701412096,0.4999999999999992,36,2026110236,0,,,,,0.41405947400016885
-30.5,120,0.5,10.251783701412096,0.4999999999999992,42,2026110242,1,K1ABC FN42 33,-30,0,10.140200,0.05100971699994261
-30.5,120,0.5,10.251783701412096,0.4999999999999992,38,2026110238,0,,,,,0.5253572470001018
-30.5,120,0.5,10.251783701412096,0.4999999999999992,40,2026110240,0,,,,,0.5169578539998838
-30.5,120,0.5,10.251783701412096,0.4999999999999992,45,2026110245,1,K1ABC FN42 33,-31,0,10.140200,0.09263211799952842
-30.5,120,0.5,10.251783701412096,0.4999999999999992,41,2026110241,0,,,,,0.5140934719993311
-30.5,120,0.5,10.251783701412096,0.4999999999999992,43,2026110243,0,,,,,0.5009685830000308
-30.5,120,0.5,10.251783701412096,0.4999999999999992,44,2026110244,0,,,,,0.5175511249999545
-30.5,120,0.5,10.251783701412096,0.4999999999999992,46,2026110246,0,,,,,0.5197181379999165
-30.5,120,0.5,10.251783701412096,0.4999999999999992,47,2026110247,0,,,,,0.5167632700004106
-30.5,120,0.5,10.251783701412096,0.4999999999999992,48,2026110248,0,,,,,0.5060558559998753
-30.5,120,0.5,10.251783701412096,0.4999999999999992,49,2026110249,0,,,,,0.5356038850004552
-30.5,120,0.5,10.251783701412096,0.4999999999999992,50,2026110250,0,,,,,0.42764413399982004
-30.5,120,0.5,10.251783701412096,0.4999999999999992,51,2026110251,0,,,,,0.49448210399987147
-30.5,120,0.5,10.251783701412096,0.4999999999999992,52,2026110252,0,,,,,0.4693484469999021
-30.5,120,0.5,10.251783701412096,0.4999999999999992,55,2026110255,1,K1ABC FN42 33,-31,0,10.140200,0.10115206599948579
-30.5,120,0.5,10.251783701412096,0.4999999999999992,53,2026110253,0,,,,,0.5046923789996072
-30.5,120,0.5,10.251783701412096,0.4999999999999992,54,2026110254,0,,,,,0.4748475080004937
-30.5,120,0.5,10.251783701412096,0.4999999999999992,57,2026110257,0,,,,,0.3924221920005948
-30.5,120,0.5,10.251783701412096,0.4999999999999992,56,2026110256,0,,,,,0.5113424659994052
-30.5,120,0.5,10.251783701412096,0.4999999999999992,58,2026110258,0,,,,,0.5293501630003448
-30.5,120,0.5,10.251783701412096,0.4999999999999992,59,2026110259,0,,,,,0.4828443279993735
-30.5,120,0.5,10.251783701412096,0.4999999999999992,63,2026110263,1,K1ABC FN42 33,-31,0,10.140200,0.07950586900005874
-30.5,120,0.5,10.251783701412096,0.4999999999999992,60,2026110260,0,,,,,0.5074944349998987
-30.5,120,0.5,10.251783701412096,0.4999999999999992,61,2026110261,0,,,,,0.5036051879997103
-30.5,120,0.5,10.251783701412096,0.4999999999999992,64,2026110264,1,K1ABC FN42 33,-31,0,10.140200,0.2542436080002517
-30.5,120,0.5,10.251783701412096,0.4999999999999992,62,2026110262,0,,,,,0.431572657000288
-30.5,120,0.5,10.251783701412096,0.4999999999999992,65,2026110265,0,,,,,0.5268472049992852
-30.5,120,0.5,10.251783701412096,0.4999999999999992,66,2026110266,0,,,,,0.5258900149992769
-30.5,120,0.5,10.251783701412096,0.4999999999999992,69,2026110269,0,,,,,0.040793871999994735
-30.5,120,0.5,10.251783701412096,0.4999999999999992,70,2026110270,1,K1ABC FN42 33,-30,0,10.140200,0.08712806199946499
-30.5,120,0.5,10.251783701412096,0.4999999999999992,67,2026110267,0,,,,,0.5413971459993263
-30.5,120,0.5,10.251783701412096,0.4999999999999992,68,2026110268,0,,,,,0.5318226839999625
-30.5,120,0.5,10.251783701412096,0.4999999999999992,71,2026110271,0,,,,,0.429997817000185
-30.5,120,0.5,10.251783701412096,0.4999999999999992,72,2026110272,0,,,,,0.5169270309997955
-30.5,120,0.5,10.251783701412096,0.4999999999999992,73,2026110273,0,,,,,0.5112180259993693
-30.5,120,0.5,10.251783701412096,0.4999999999999992,74,2026110274,0,,,,,0.5170563949995994
-30.5,120,0.5,10.251783701412096,0.4999999999999992,76,2026110276,1,K1ABC FN42 33,-31,0,10.140200,0.3713971159995708
-30.5,120,0.5,10.251783701412096,0.4999999999999992,75,2026110275,0,,,,,0.5425694590003332
-30.5,120,0.5,10.251783701412096,0.4999999999999992,78,2026110278,1,K1ABC FN42 33,-29,0,10.140200,0.2474396510006045
-30.5,120,0.5,10.251783701412096,0.4999999999999992,81,2026110281,0,,,,,0.0430091589996664
-30.5,120,0.5,10.251783701412096,0.4999999999999992,77,2026110277,0,,,,,0.5125138530002005
-30.5,120,0.5,10.251783701412096,0.4999999999999992,79,2026110279,1,K1ABC FN42 33,-31,0,10.140200,0.260818067999935
-30.5,120,0.5,10.251783701412096,0.4999999999999992,82,2026110282,0,,,,,0.41884418500012544
-30.5,120,0.5,10.251783701412096,0.4999999999999992,80,2026110280,0,,,,,0.4957519390000016
-30.5,120,0.5,10.251783701412096,0.4999999999999992,83,2026110283,0,,,,,0.42058616500071366
-30.5,120,0.5,10.251783701412096,0.4999999999999992,84,2026110284,0,,,,,0.4917407890006871
-30.5,120,0.5,10.251783701412096,0.4999999999999992,85,2026110285,0,,,,,0.3865718030001517
-30.5,120,0.5,10.251783701412096,0.4999999999999992,86,2026110286,0,,,,,0.4824664399993708
-30.5,120,0.5,10.251783701412096,0.4999999999999992,87,2026110287,0,,,,,0.5177071500002057
-30.5,120,0.5,10.251783701412096,0.4999999999999992,88,2026110288,0,,,,,0.5182702980000613
-30.5,120,0.5,10.251783701412096,0.4999999999999992,89,2026110289,0,,,,,0.4056796690001647
-30.5,120,0.5,10.251783701412096,0.4999999999999992,90,2026110290,0,,,,,0.42600646199935
-30.5,120,0.5,10.251783701412096,0.4999999999999992,91,2026110291,0,,,,,0.5331003169994801
-30.5,120,0.5,10.251783701412096,0.4999999999999992,93,2026110293,0,,,,,0.5229970489999687
-30.5,120,0.5,10.251783701412096,0.4999999999999992,92,2026110292,0,,,,,0.5437586300004114
-30.5,120,0.5,10.251783701412096,0.4999999999999992,94,2026110294,0,,,,,0.5270883520006464
-30.5,120,0.5,10.251783701412096,0.4999999999999992,95,2026110295,0,,,,,0.5373511749994577
-30.5,120,0.5,10.251783701412096,0.4999999999999992,96,2026110296,0,,,,,0.5365576209997016
-30.5,120,0.5,10.251783701412096,0.4999999999999992,97,2026110297,0,,,,,0.5447170570005255
-30.5,120,0.5,10.251783701412096,0.4999999999999992,98,2026110298,0,,,,,0.5347513329998037
-31.0,30,0.25,0.7740402796960969,0.24999999999999983,2,2026120202,1,K1ABC FN42 33,-30,0,10.140200,0.15315367099992727
-31.0,30,0.25,0.7740402796960969,0.24999999999999983,1,2026120201,1,K1ABC FN42 33,-30,0,10.140200,0.3502432650002447
-30.5,120,0.5,10.251783701412096,0.4999999999999992,99,2026110299,0,,,,,0.5223128139996334
-31.0,30,0.25,0.7740402796960969,0.24999999999999983,0,2026120200,0,,,,,0.5200906980007858
-31.0,30,0.25,0.7740402796960969,0.24999999999999983,3,2026120203,0,,,,,0.5148600550000992
-31.0,30,0.25,0.7740402796960969,0.24999999999999983,7,2026120207,1,K1ABC FN42 33,-30,0,10.140200,0.04221451099965634
-31.0,30,0.25,0.7740402796960969,0.24999999999999983,4,2026120204,0,,,,,0.5332659590003459
-31.0,30,0.25,0.7740402796960969,0.24999999999999983,6,2026120206,0,,,,,0.4220112760003758
-31.0,30,0.25,0.7740402796960969,0.24999999999999983,5,2026120205,0,,,,,0.5197776559998601
-31.0,30,0.25,0.7740402796960969,0.24999999999999983,8,2026120208,1,K1ABC FN42 33,-31,0,10.140200,0.33512114599943743
-31.0,30,0.25,0.7740402796960969,0.24999999999999983,10,2026120210,1,K1ABC FN42 33,-32,0,10.140200,0.36396362699997553
-31.0,30,0.25,0.7740402796960969,0.24999999999999983,9,2026120209,0,,,,,0.507301261000066
-31.0,30,0.25,0.7740402796960969,0.24999999999999983,11,2026120211,0,,,,,0.4744646159997501
-31.0,30,0.25,0.7740402796960969,0.24999999999999983,15,2026120215,1,K1ABC FN42 33,-31,0,10.140200,0.07381348199942295
-31.0,30,0.25,0.7740402796960969,0.24999999999999983,12,2026120212,1,K1ABC FN42 33,-31,0,10.140200,0.32761062100053095
-31.0,30,0.25,0.7740402796960969,0.24999999999999983,13,2026120213,1,K1ABC FN42 33,-31,0,10.140200,0.278962293999939
-31.0,30,0.25,0.7740402796960969,0.24999999999999983,14,2026120214,1,K1ABC FN42 33,-30,0,10.140200,0.273298192000766
-31.0,30,0.25,0.7740402796960969,0.24999999999999983,18,2026120218,1,K1ABC FN42 33,-31,0,10.140200,0.19509126999946602
-31.0,30,0.25,0.7740402796960969,0.24999999999999983,16,2026120216,1,K1ABC FN42 33,-32,0,10.140200,0.3075064430004204
-31.0,30,0.25,0.7740402796960969,0.24999999999999983,17,2026120217,1,K1ABC FN42 33,-31,0,10.140200,0.3158815919996414
-31.0,30,0.25,0.7740402796960969,0.24999999999999983,20,2026120220,1,K1ABC FN42 33,-31,0,10.140200,0.23231898399990314
-31.0,30,0.25,0.7740402796960969,0.24999999999999983,21,2026120221,1,K1ABC FN42 33,-31,0,10.140200,0.34172090100037167
-31.0,30,0.25,0.7740402796960969,0.24999999999999983,19,2026120219,0,,,,,0.5369205019997025
-31.0,30,0.25,0.7740402796960969,0.24999999999999983,22,2026120222,0,,,,,0.5088146470006905
-31.0,30,0.25,0.7740402796960969,0.24999999999999983,23,2026120223,0,,,,,0.4967381189999287
-31.0,30,0.25,0.7740402796960969,0.24999999999999983,24,2026120224,0,,,,,0.4048823929997525
-31.0,30,0.25,0.7740402796960969,0.24999999999999983,25,2026120225,0,,,,,0.5051835949998349
-31.0,30,0.25,0.7740402796960969,0.24999999999999983,27,2026120227,1,K1ABC FN42 33,-30,0,10.140200,0.21928097100044397
-31.0,30,0.25,0.7740402796960969,0.24999999999999983,29,2026120229,0,,,,,0.037193236000348406
-31.0,30,0.25,0.7740402796960969,0.24999999999999983,28,2026120228,1,K1ABC FN42 33,-31,0,10.140200,0.21563759799937543
-31.0,30,0.25,0.7740402796960969,0.24999999999999983,26,2026120226,0,,,,,0.47779500799970265
-31.0,30,0.25,0.7740402796960969,0.24999999999999983,30,2026120230,1,K1ABC FN42 33,-30,0,10.140200,0.22933573499994964
-31.0,30,0.25,0.7740402796960969,0.24999999999999983,33,2026120233,1,K1ABC FN42 33,-31,0,10.140200,0.2608670500003427
-31.0,30,0.25,0.7740402796960969,0.24999999999999983,32,2026120232,1,K1ABC FN42 33,-31,0,10.140200,0.3636112630001662
-31.0,30,0.25,0.7740402796960969,0.24999999999999983,31,2026120231,1,K1ABC FN42 33,-31,0,10.140200,0.3873270189997129
-31.0,30,0.25,0.7740402796960969,0.24999999999999983,34,2026120234,1,K1ABC FN42 33,-32,0,10.140200,0.234036904000277
-31.0,30,0.25,0.7740402796960969,0.24999999999999983,35,2026120235,1,K1ABC FN42 33,-31,0,10.140200,0.354308511000454
-31.0,30,0.25,0.7740402796960969,0.24999999999999983,36,2026120236,0,,,,,0.42169253199972445
-31.0,30,0.25,0.7740402796960969,0.24999999999999983,40,2026120240,1,K1ABC FN42 33,-30,0,10.140200,0.06380545899992285
-31.0,30,0.25,0.7740402796960969,0.24999999999999983,37,2026120237,0,,,,,0.49458147600034863
-31.0,30,0.25,0.7740402796960969,0.24999999999999983,38,2026120238,0,,,,,0.4962244649996137
-31.0,30,0.25,0.7740402796960969,0.24999999999999983,41,2026120241,1,K1ABC FN42 33,-30,0,10.140200,0.22150246500041249
-31.0,30,0.25,0.7740402796960969,0.24999999999999983,42,2026120242,1,K1ABC FN42 33,-31,0,10.140200,0.22251775200038537
-31.0,30,0.25,0.7740402796960969,0.24999999999999983,39,2026120239,0,,,,,0.5010163010001634
-31.0,30,0.25,0.7740402796960969,0.24999999999999983,44,2026120244,1,K1ABC FN42 33,-31,0,10.140200,0.2351327599999422
-31.0,30,0.25,0.7740402796960969,0.24999999999999983,45,2026120245,1,K1ABC FN42 33,-30,0,10.140200,0.22981970199998614
-31.0,30,0.25,0.7740402796960969,0.24999999999999983,46,2026120246,1,K1ABC FN42 33,-31,0,10.140200,0.23923076400024001
-31.0,30,0.25,0.7740402796960969,0.24999999999999983,43,2026120243,0,,,,,0.5038093429993751
-31.0,30,0.25,0.7740402796960969,0.24999999999999983,47,2026120247,1,K1ABC FN42 33,-29,0,10.140200,0.24433153799964202
-31.0,30,0.25,0.7740402796960969,0.24999999999999983,49,2026120249,1,K1ABC FN42 33,-31,0,10.140200,0.21614031800072553
-31.0,30,0.25,0.7740402796960969,0.24999999999999983,48,2026120248,1,K1ABC FN42 33,-30,0,10.140200,0.33463535500050057
-31.0,30,0.25,0.7740402796960969,0.24999999999999983,51,2026120251,1,K1ABC FN42 33,-30,0,10.140200,0.2353257280001344
-31.0,30,0.25,0.7740402796960969,0.24999999999999983,50,2026120250,0,,,,,0.526245853000546
-31.0,30,0.25,0.7740402796960969,0.24999999999999983,52,2026120252,0,,,,,0.5279022860004261
-31.0,30,0.25,0.7740402796960969,0.24999999999999983,55,2026120255,1,K1ABC FN42 33,-31,0,10.140200,0.24470481099979224
-31.0,30,0.25,0.7740402796960969,0.24999999999999983,53,2026120253,0,,,,,0.5334426469999016
-31.0,30,0.25,0.7740402796960969,0.24999999999999983,54,2026120254,0,,,,,0.49464841700046236
-31.0,30,0.25,0.7740402796960969,0.24999999999999983,59,2026120259,1,K1ABC FN42 33,-31,0,10.140200,0.05411699599972053
-31.0,30,0.25,0.7740402796960969,0.24999999999999983,57,2026120257,1,K1ABC FN42 33,-30,0,10.140200,0.2595708380003998
-31.0,30,0.25,0.7740402796960969,0.24999999999999983,56,2026120256,0,,,,,0.4057399740004257
-31.0,30,0.25,0.7740402796960969,0.24999999999999983,58,2026120258,0,,,,,0.5006648090002273
-31.0,30,0.25,0.7740402796960969,0.24999999999999983,62,2026120262,1,K1ABC FN42 33,-30,0,10.140200,0.1919384650000211
-31.0,30,0.25,0.7740402796960969,0.24999999999999983,60,2026120260,0,,,,,0.5105080699995597
-31.0,30,0.25,0.7740402796960969,0.24999999999999983,63,2026120263,1,K1ABC FN42 33,-31,0,10.140200,0.2536808810000366
-31.0,30,0.25,0.7740402796960969,0.24999999999999983,61,2026120261,0,,,,,0.5281482489999689
-31.0,30,0.25,0.7740402796960969,0.24999999999999983,64,2026120264,0,,,,,0.4229199150004206
-31.0,30,0.25,0.7740402796960969,0.24999999999999983,65,2026120265,1,K1ABC FN42 33,-30,0,10.140200,0.3568904249996194
-31.0,30,0.25,0.7740402796960969,0.24999999999999983,68,2026120268,1,K1ABC FN42 33,-31,0,10.140200,0.27671620799992525
-31.0,30,0.25,0.7740402796960969,0.24999999999999983,66,2026120266,0,,,,,0.5183580809998602
-31.0,30,0.25,0.7740402796960969,0.24999999999999983,69,2026120269,1,K1ABC FN42 33,-29,0,10.140200,0.25826355299977877
-31.0,30,0.25,0.7740402796960969,0.24999999999999983,67,2026120267,0,,,,,0.5302812310001173
-31.0,30,0.25,0.7740402796960969,0.24999999999999983,72,2026120272,1,K1ABC FN42 33,-31,0,10.140200,0.2333738950001134
-31.0,30,0.25,0.7740402796960969,0.24999999999999983,74,2026120274,0,,,,,0.03760493099980522
-31.0,30,0.25,0.7740402796960969,0.24999999999999983,70,2026120270,0,,,,,0.40392846899976576
-31.0,30,0.25,0.7740402796960969,0.24999999999999983,75,2026120275,1,K1ABC FN42 33,-32,0,10.140200,0.22979140100051154
-31.0,30,0.25,0.7740402796960969,0.24999999999999983,71,2026120271,0,,,,,0.5134641590002502
-31.0,30,0.25,0.7740402796960969,0.24999999999999983,73,2026120273,0,,,,,0.4967338650003512
-31.0,30,0.25,0.7740402796960969,0.24999999999999983,76,2026120276,1,K1ABC FN42 33,-31,0,10.140200,0.6557573290001528
-31.0,30,0.25,0.7740402796960969,0.24999999999999983,78,2026120278,0,,,,,0.534241416000441
-31.0,30,0.25,0.7740402796960969,0.24999999999999983,79,2026120279,0,,,,,0.5121281089996046
-31.0,30,0.25,0.7740402796960969,0.24999999999999983,77,2026120277,1,K1ABC FN42 33,-30,0,10.140200,0.664050729000337
-31.0,30,0.25,0.7740402796960969,0.24999999999999983,82,2026120282,1,K1ABC FN42 33,-30,0,10.140200,0.1448144810001395
-31.0,30,0.25,0.7740402796960969,0.24999999999999983,84,2026120284,0,,,,,0.03946717599956173
-31.0,30,0.25,0.7740402796960969,0.24999999999999983,85,2026120285,1,K1ABC FN42 33,-31,0,10.140200,0.15758199300034903
-31.0,30,0.25,0.7740402796960969,0.24999999999999983,80,2026120280,0,,,,,0.5137398860006215
-31.0,30,0.25,0.7740402796960969,0.24999999999999983,81,2026120281,0,,,,,0.5058011009996335
-31.0,30,0.25,0.7740402796960969,0.24999999999999983,83,2026120283,0,,,,,0.4021981579999192
-31.0,30,0.25,0.7740402796960969,0.24999999999999983,89,2026120289,1,K1ABC FN42 33,-31,0,10.140200,0.1302620280002884
-31.0,30,0.25,0.7740402796960969,0.24999999999999983,90,2026120290,1,K1ABC FN42 33,-30,0,10.140200,0.05458975800047483
-31.0,30,0.25,0.7740402796960969,0.24999999999999983,87,2026120287,1,K1ABC FN42 33,-31,0,10.140200,0.2906354030001239
-31.0,30,0.25,0.7740402796960969,0.24999999999999983,86,2026120286,0,,,,,0.49335241300013877
-31.0,30,0.25,0.7740402796960969,0.24999999999999983,88,2026120288,1,K1ABC FN42 33,-31,0,10.140200,0.3515073509997819
-31.0,30,0.25,0.7740402796960969,0.24999999999999983,94,2026120294,0,,,,,0.042033323000396194
-31.0,30,0.25,0.7740402796960969,0.24999999999999983,91,2026120291,0,,,,,0.42275197399976605
-31.0,30,0.25,0.7740402796960969,0.24999999999999983,95,2026120295,1,K1ABC FN42 33,-31,0,10.140200,0.23184845300056622
-31.0,30,0.25,0.7740402796960969,0.24999999999999983,92,2026120292,1,K1ABC FN42 33,-31,0,10.140200,0.35605006700006925
-31.0,30,0.25,0.7740402796960969,0.24999999999999983,93,2026120293,1,K1ABC FN42 33,-30,0,10.140200,0.3499267349998263
-31.0,30,0.25,0.7740402796960969,0.24999999999999983,97,2026120297,1,K1ABC FN42 33,-30,0,10.140200,0.18517911399976583
-31.0,30,0.25,0.7740402796960969,0.24999999999999983,98,2026120298,1,K1ABC FN42 33,-32,0,10.140200,0.22306890199979534
-31.0,30,0.5,1.5480805593921938,0.49999999999999967,0,2026120200,1,K1ABC FN42 33,-30,0,10.140200,0.28567943300004117
-31.0,30,0.25,0.7740402796960969,0.24999999999999983,96,2026120296,0,,,,,0.48437202800050727
-31.0,30,0.25,0.7740402796960969,0.24999999999999983,99,2026120299,0,,,,,0.4960336410003947
-31.0,30,0.5,1.5480805593921938,0.49999999999999967,2,2026120202,1,K1ABC FN42 33,-31,0,10.140200,0.14133436500014795
-31.0,30,0.5,1.5480805593921938,0.49999999999999967,1,2026120201,0,,,,,0.49594320300002437
-31.0,30,0.5,1.5480805593921938,0.49999999999999967,5,2026120205,1,K1ABC FN42 33,-30,0,10.140200,0.3466872280005191
-31.0,30,0.5,1.5480805593921938,0.49999999999999967,3,2026120203,0,,,,,0.49041228799978853
-31.0,30,0.5,1.5480805593921938,0.49999999999999967,4,2026120204,0,,,,,0.49986739700034377
-31.0,30,0.5,1.5480805593921938,0.49999999999999967,9,2026120209,1,K1ABC FN42 33,-31,0,10.140200,0.08291622900014772
-31.0,30,0.5,1.5480805593921938,0.49999999999999967,6,2026120206,0,,,,,0.4975238739998531
-31.0,30,0.5,1.5480805593921938,0.49999999999999967,7,2026120207,0,,,,,0.40186267099943507
-31.0,30,0.5,1.5480805593921938,0.49999999999999967,10,2026120210,1,K1ABC FN42 33,-31,0,10.140200,0.23867327999960253
-31.0,30,0.5,1.5480805593921938,0.49999999999999967,8,2026120208,0,,,,,0.5129171449998466
-31.0,30,0.5,1.5480805593921938,0.49999999999999967,14,2026120214,1,K1ABC FN42 33,-30,0,10.140200,0.26065386599930207
-31.0,30,0.5,1.5480805593921938,0.49999999999999967,11,2026120211,0,,,,,0.5232830660006584
-31.0,30,0.5,1.5480805593921938,0.49999999999999967,12,2026120212,0,,,,,0.5236124319999362
-31.0,30,0.5,1.5480805593921938,0.49999999999999967,13,2026120213,0,,,,,0.5123001789997943
-31.0,30,0.5,1.5480805593921938,0.49999999999999967,15,2026120215,1,K1ABC FN42 33,-30,0,10.140200,0.2364025209999454
-31.0,30,0.5,1.5480805593921938,0.49999999999999967,16,2026120216,1,K1ABC FN42 33,-31,0,10.140200,0.33032218999960605
-31.0,30,0.5,1.5480805593921938,0.49999999999999967,18,2026120218,1,K1ABC FN42 33,-30,0,10.140200,0.20993376099977468
-31.0,30,0.5,1.5480805593921938,0.49999999999999967,17,2026120217,1,K1ABC FN42 33,-32,0,10.140200,0.2561036659999445
-31.0,30,0.5,1.5480805593921938,0.49999999999999967,19,2026120219,1,K1ABC FN42 33,-30,0,10.140200,0.24521351700059313
-31.0,30,0.5,1.5480805593921938,0.49999999999999967,23,2026120223,0,,,,,0.04385276800076099
-31.0,30,0.5,1.5480805593921938,0.49999999999999967,20,2026120220,1,K1ABC FN42 33,-32,0,10.140200,0.24760888300079387
-31.0,30,0.5,1.5480805593921938,0.49999999999999967,21,2026120221,0,,,,,0.5071855559999676
-31.0,30,0.5,1.5480805593921938,0.49999999999999967,22,2026120222,0,,,,,0.5208954869995068
-31.0,30,0.5,1.5480805593921938,0.49999999999999967,24,2026120224,0,,,,,0.5039546170000904
-31.0,30,0.5,1.5480805593921938,0.49999999999999967,25,2026120225,0,,,,,0.5045937159993628
-31.0,30,0.5,1.5480805593921938,0.49999999999999967,29,2026120229,0,,,,,0.037752258999717014
-31.0,30,0.5,1.5480805593921938,0.49999999999999967,28,2026120228,1,K1ABC FN42 33,-31,0,10.140200,0.24001068899997335
-31.0,30,0.5,1.5480805593921938,0.49999999999999967,26,2026120226,0,,,,,0.5136945419999392
-31.0,30,0.5,1.5480805593921938,0.49999999999999967,27,2026120227,0,,,,,0.5012842870000895
-31.0,30,0.5,1.5480805593921938,0.49999999999999967,30,2026120230,0,,,,,0.5048833430000741
-31.0,30,0.5,1.5480805593921938,0.49999999999999967,31,2026120231,0,,,,,0.5073851109991665
-31.0,30,0.5,1.5480805593921938,0.49999999999999967,32,2026120232,0,,,,,0.5024925509997047
-31.0,30,0.5,1.5480805593921938,0.49999999999999967,33,2026120233,0,,,,,0.49567663700054254
-31.0,30,0.5,1.5480805593921938,0.49999999999999967,34,2026120234,0,,,,,0.49582777799969335
-31.0,30,0.5,1.5480805593921938,0.49999999999999967,35,2026120235,0,,,,,0.4200885250002102
-31.0,30,0.5,1.5480805593921938,0.49999999999999967,36,2026120236,0,,,,,0.4160162700000001
-31.0,30,0.5,1.5480805593921938,0.49999999999999967,37,2026120237,0,,,,,0.5102307160004784
-31.0,30,0.5,1.5480805593921938,0.49999999999999967,39,2026120239,1,K1ABC FN42 33,-31,0,10.140200,0.3359448840001278
-31.0,30,0.5,1.5480805593921938,0.49999999999999967,38,2026120238,0,,,,,0.5035869429993909
-31.0,30,0.5,1.5480805593921938,0.49999999999999967,42,2026120242,1,K1ABC FN42 33,-31,0,10.140200,0.23838618299942027
-31.0,30,0.5,1.5480805593921938,0.49999999999999967,40,2026120240,0,,,,,0.5157013680000091
-31.0,30,0.5,1.5480805593921938,0.49999999999999967,41,2026120241,0,,,,,0.41928241000005073
-31.0,30,0.5,1.5480805593921938,0.49999999999999967,46,2026120246,1,K1ABC FN42 33,-31,0,10.140200,0.0808812620007302
-31.0,30,0.5,1.5480805593921938,0.49999999999999967,43,2026120243,0,,,,,0.5220489389994327
-31.0,30,0.5,1.5480805593921938,0.49999999999999967,44,2026120244,0,,,,,0.5275928640003258
-31.0,30,0.5,1.5480805593921938,0.49999999999999967,45,2026120245,0,,,,,0.5338174569997136
-31.0,30,0.5,1.5480805593921938,0.49999999999999967,47,2026120247,0,,,,,0.5311306200001127
-31.0,30,0.5,1.5480805593921938,0.49999999999999967,48,2026120248,0,,,,,0.5207790470003602
-31.0,30,0.5,1.5480805593921938,0.49999999999999967,49,2026120249,0,,,,,0.4343834310002421
-31.0,30,0.5,1.5480805593921938,0.49999999999999967,50,2026120250,0,,,,,0.5290870660001019
-31.0,30,0.5,1.5480805593921938,0.49999999999999967,51,2026120251,0,,,,,0.4412352589997681
-31.0,30,0.5,1.5480805593921938,0.49999999999999967,52,2026120252,0,,,,,0.5051931650004917
-31.0,30,0.5,1.5480805593921938,0.49999999999999967,55,2026120255,1,K1ABC FN42 33,-31,0,10.140200,0.3258148129998517
-31.0,30,0.5,1.5480805593921938,0.49999999999999967,56,2026120256,0,,,,,0.043613173000267125
-31.0,30,0.5,1.5480805593921938,0.49999999999999967,53,2026120253,0,,,,,0.4988462979999895
-31.0,30,0.5,1.5480805593921938,0.49999999999999967,54,2026120254,0,,,,,0.4179245909999736
-31.0,30,0.5,1.5480805593921938,0.49999999999999967,59,2026120259,0,,,,,0.40007370700004685
-31.0,30,0.5,1.5480805593921938,0.49999999999999967,58,2026120258,0,,,,,0.5107762059997185
-31.0,30,0.5,1.5480805593921938,0.49999999999999967,57,2026120257,0,,,,,0.5212749689999328
-31.0,30,0.5,1.5480805593921938,0.49999999999999967,60,2026120260,0,,,,,0.5047613370006729
-31.0,30,0.5,1.5480805593921938,0.49999999999999967,62,2026120262,1,K1ABC FN42 33,-31,0,10.140200,0.26389240700063965
-31.0,30,0.5,1.5480805593921938,0.49999999999999967,61,2026120261,0,,,,,0.5179589959998339
-31.0,30,0.5,1.5480805593921938,0.49999999999999967,63,2026120263,0,,,,,0.4242406680004933
-31.0,30,0.5,1.5480805593921938,0.49999999999999967,64,2026120264,0,,,,,0.4294328730002235
-31.0,30,0.5,1.5480805593921938,0.49999999999999967,65,2026120265,0,,,,,0.5357967190002455
-31.0,30,0.5,1.5480805593921938,0.49999999999999967,67,2026120267,0,,,,,0.42433336799967947
-31.0,30,0.5,1.5480805593921938,0.49999999999999967,66,2026120266,0,,,,,0.5318557470000087
-31.0,30,0.5,1.5480805593921938,0.49999999999999967,70,2026120270,1,K1ABC FN42 33,-31,0,10.140200,0.13960515700000542
-31.0,30,0.5,1.5480805593921938,0.49999999999999967,68,2026120268,0,,,,,0.5360436159999153
-31.0,30,0.5,1.5480805593921938,0.49999999999999967,73,2026120273,0,,,,,0.04981391499950405
-31.0,30,0.5,1.5480805593921938,0.49999999999999967,74,2026120274,0,,,,,0.051067313000203285
-31.0,30,0.5,1.5480805593921938,0.49999999999999967,72,2026120272,1,K1ABC FN42 33,-30,0,10.140200,0.23882062299981044
-31.0,30,0.5,1.5480805593921938,0.49999999999999967,69,2026120269,0,,,,,0.5388153980002244
-31.0,30,0.5,1.5480805593921938,0.49999999999999967,75,2026120275,1,K1ABC FN42 33,-33,0,10.140200,0.2476255649999075
-31.0,30,0.5,1.5480805593921938,0.49999999999999967,71,2026120271,0,,,,,0.5296168960003342
-31.0,30,0.5,1.5480805593921938,0.49999999999999967,76,2026120276,0,,,,,0.5539123870003095
-31.0,30,0.5,1.5480805593921938,0.49999999999999967,80,2026120280,1,K1ABC FN42 33,-30,0,10.140200,0.05346123800063651
-31.0,30,0.5,1.5480805593921938,0.49999999999999967,77,2026120277,0,,,,,0.5149165129996618
-31.0,30,0.5,1.5480805593921938,0.49999999999999967,78,2026120278,0,,,,,0.5184277170001224
-31.0,30,0.5,1.5480805593921938,0.49999999999999967,79,2026120279,0,,,,,0.5242854409998472
-31.0,30,0.5,1.5480805593921938,0.49999999999999967,84,2026120284,0,,,,,0.041071820999604824
-31.0,30,0.5,1.5480805593921938,0.49999999999999967,85,2026120285,0,,,,,0.052416444000300544
-31.0,30,0.5,1.5480805593921938,0.49999999999999967,81,2026120281,0,,,,,0.5091008170002169
-31.0,30,0.5,1.5480805593921938,0.49999999999999967,82,2026120282,0,,,,,0.5198426899996775
-31.0,30,0.5,1.5480805593921938,0.49999999999999967,83,2026120283,0,,,,,0.5033571070007383
-31.0,30,0.5,1.5480805593921938,0.49999999999999967,86,2026120286,0,,,,,0.5095830549998936
-31.0,30,0.5,1.5480805593921938,0.49999999999999967,87,2026120287,0,,,,,0.41034149799997977
-31.0,30,0.5,1.5480805593921938,0.49999999999999967,88,2026120288,0,,,,,0.504733818999739
-31.0,30,0.5,1.5480805593921938,0.49999999999999967,89,2026120289,0,,,,,0.5171029889997953
-31.0,30,0.5,1.5480805593921938,0.49999999999999967,90,2026120290,0,,,,,0.41221926199978043
-31.0,30,0.5,1.5480805593921938,0.49999999999999967,91,2026120291,0,,,,,0.4223580950001633
-31.0,30,0.5,1.5480805593921938,0.49999999999999967,92,2026120292,0,,,,,0.41027197199946386
-31.0,30,0.5,1.5480805593921938,0.49999999999999967,93,2026120293,0,,,,,0.5008431659998678
-31.0,30,0.5,1.5480805593921938,0.49999999999999967,94,2026120294,0,,,,,0.40246031700007734
-31.0,30,0.5,1.5480805593921938,0.49999999999999967,95,2026120295,0,,,,,0.5108509849997063
-31.0,30,0.5,1.5480805593921938,0.49999999999999967,96,2026120296,0,,,,,0.426320270999895
-31.0,30,0.5,1.5480805593921938,0.49999999999999967,98,2026120298,1,K1ABC FN42 33,-31,0,10.140200,0.3499076130001413
-31.0,30,0.5,1.5480805593921938,0.49999999999999967,97,2026120297,0,,,,,0.5252645249993293
-31.0,60,0.25,1.768582908199704,0.2500000000000001,2,2026120202,0,,,,,0.0409649069997613
-31.0,30,0.5,1.5480805593921938,0.49999999999999967,99,2026120299,0,,,,,0.4216740199999549
-31.0,60,0.25,1.768582908199704,0.2500000000000001,0,2026120200,0,,,,,0.49249232200054394
-31.0,60,0.25,1.768582908199704,0.2500000000000001,1,2026120201,0,,,,,0.512459325999771
-31.0,60,0.25,1.768582908199704,0.2500000000000001,3,2026120203,0,,,,,0.4971630350000851
-31.0,60,0.25,1.768582908199704,0.2500000000000001,4,2026120204,0,,,,,0.4958709940001427
-31.0,60,0.25,1.768582908199704,0.2500000000000001,5,2026120205,0,,,,,0.5053195680002318
-31.0,60,0.25,1.768582908199704,0.2500000000000001,6,2026120206,0,,,,,0.47712507899996126
-31.0,60,0.25,1.768582908199704,0.2500000000000001,9,2026120209,1,K1ABC FN42 33,-31,0,10.140200,0.11704196800019417
-31.0,60,0.25,1.768582908199704,0.2500000000000001,7,2026120207,0,,,,,0.4009111359991948
-31.0,60,0.25,1.768582908199704,0.2500000000000001,8,2026120208,1,K1ABC FN42 33,-30,0,10.140200,0.36097311899993656
-31.0,60,0.25,1.768582908199704,0.2500000000000001,10,2026120210,1,K1ABC FN42 33,-31,0,10.140200,0.23004866100018262
-31.0,60,0.25,1.768582908199704,0.2500000000000001,14,2026120214,0,,,,,0.045727637000709365
-31.0,60,0.25,1.768582908199704,0.2500000000000001,15,2026120215,1,K1ABC FN42 33,-30,0,10.140200,0.07607111600009375
-31.0,60,0.25,1.768582908199704,0.2500000000000001,11,2026120211,1,K1ABC FN42 33,-30,0,10.140200,0.3700453719993675
-31.0,60,0.25,1.768582908199704,0.2500000000000001,12,2026120212,1,K1ABC FN42 33,-31,0,10.140200,0.35079465699982393
-31.0,60,0.25,1.768582908199704,0.2500000000000001,18,2026120218,1,K1ABC FN42 33,-30,0,10.140200,0.0725357110004552
-31.0,60,0.25,1.768582908199704,0.2500000000000001,13,2026120213,1,K1ABC FN42 33,-32,0,10.140200,0.3808818679999604
-31.0,60,0.25,1.768582908199704,0.2500000000000001,17,2026120217,1,K1ABC FN42 33,-32,0,10.140200,0.26668548099951295
-31.0,60,0.25,1.768582908199704,0.2500000000000001,16,2026120216,0,,,,,0.5210937269994247
-31.0,60,0.25,1.768582908199704,0.2500000000000001,19,2026120219,1,K1ABC FN42 33,-31,0,10.140200,0.3436077070000465
-31.0,60,0.25,1.768582908199704,0.2500000000000001,20,2026120220,1,K1ABC FN42 33,-32,0,10.140200,0.29251398899941705
-31.0,60,0.25,1.768582908199704,0.2500000000000001,21,2026120221,1,K1ABC FN42 33,-30,0,10.140200,0.22629683400009526
-31.0,60,0.25,1.768582908199704,0.2500000000000001,22,2026120222,0,,,,,0.5156257999997251
-31.0,60,0.25,1.768582908199704,0.2500000000000001,24,2026120224,0,,,,,0.5113613869998517
-31.0,60,0.25,1.768582908199704,0.2500000000000001,23,2026120223,0,,,,,0.5218469969995567
-31.0,60,0.25,1.768582908199704,0.2500000000000001,25,2026120225,0,,,,,0.49986969099973066
-31.0,60,0.25,1.768582908199704,0.2500000000000001,29,2026120229,0,,,,,0.0443957790002969
-31.0,60,0.25,1.768582908199704,0.2500000000000001,28,2026120228,1,K1ABC FN42 33,-31,0,10.140200,0.33038821799982543
-31.0,60,0.25,1.768582908199704,0.2500000000000001,26,2026120226,0,,,,,0.5201595759999691
-31.0,60,0.25,1.768582908199704,0.2500000000000001,27,2026120227,0,,,,,0.5385896489997322
-31.0,60,0.25,1.768582908199704,0.2500000000000001,30,2026120230,0,,,,,0.529125918000318
-31.0,60,0.25,1.768582908199704,0.2500000000000001,31,2026120231,0,,,,,0.4915761370002656
-31.0,60,0.25,1.768582908199704,0.2500000000000001,34,2026120234,1,K1ABC FN42 33,-31,0,10.140200,0.2241573060000519
-31.0,60,0.25,1.768582908199704,0.2500000000000001,33,2026120233,1,K1ABC FN42 33,-31,0,10.140200,0.348789050999585
-31.0,60,0.25,1.768582908199704,0.2500000000000001,36,2026120236,1,K1ABC FN42 33,-31,0,10.140200,0.16728405799949542
-31.0,60,0.25,1.768582908199704,0.2500000000000001,32,2026120232,0,,,,,0.5068367070007298
-31.0,60,0.25,1.768582908199704,0.2500000000000001,35,2026120235,0,,,,,0.5198375410000153
-31.0,60,0.25,1.768582908199704,0.2500000000000001,37,2026120237,0,,,,,0.5466553469996143
-31.0,60,0.25,1.768582908199704,0.2500000000000001,38,2026120238,0,,,,,0.5258106350001981
-31.0,60,0.25,1.768582908199704,0.2500000000000001,39,2026120239,0,,,,,0.5263179809999201
-31.0,60,0.25,1.768582908199704,0.2500000000000001,40,2026120240,1,K1ABC FN42 33,-30,0,10.140200,0.3122650989998874
-31.0,60,0.25,1.768582908199704,0.2500000000000001,42,2026120242,1,K1ABC FN42 33,-31,0,10.140200,0.24700642300012987
-31.0,60,0.25,1.768582908199704,0.2500000000000001,41,2026120241,1,K1ABC FN42 33,-30,0,10.140200,0.37369727399982366
-31.0,60,0.25,1.768582908199704,0.2500000000000001,43,2026120243,0,,,,,0.423568866000096
-31.0,60,0.25,1.768582908199704,0.2500000000000001,46,2026120246,1,K1ABC FN42 33,-31,0,10.140200,0.24967896699945413
-31.0,60,0.25,1.768582908199704,0.2500000000000001,44,2026120244,0,,,,,0.5445882320000237
-31.0,60,0.25,1.768582908199704,0.2500000000000001,45,2026120245,0,,,,,0.5288491510000313
-31.0,60,0.25,1.768582908199704,0.2500000000000001,49,2026120249,1,K1ABC FN42 33,-32,0,10.140200,0.21783227200012334
-31.0,60,0.25,1.768582908199704,0.2500000000000001,47,2026120247,0,,,,,0.5506513099999211
-31.0,60,0.25,1.768582908199704,0.2500000000000001,50,2026120250,1,K1ABC FN42 33,-31,0,10.140200,0.2589570609998191
-31.0,60,0.25,1.768582908199704,0.2500000000000001,48,2026120248,0,,,,,0.5245700529994792
-31.0,60,0.25,1.768582908199704,0.2500000000000001,51,2026120251,1,K1ABC FN42 33,-31,0,10.140200,0.2532878100000744
-31.0,60,0.25,1.768582908199704,0.2500000000000001,52,2026120252,1,K1ABC FN42 33,-30,0,10.140200,0.23136528600025486
-31.0,60,0.25,1.768582908199704,0.2500000000000001,53,2026120253,1,K1ABC FN42 33,-31,0,10.140200,0.3306141960001696
-31.0,60,0.25,1.768582908199704,0.2500000000000001,54,2026120254,1,K1ABC FN42 33,-30,0,10.140200,0.4175245559999894
-31.0,60,0.25,1.768582908199704,0.2500000000000001,56,2026120256,1,K1ABC FN42 33,-31,0,10.140200,0.33342895999976463
-31.0,60,0.25,1.768582908199704,0.2500000000000001,55,2026120255,0,,,,,0.5044634579999183
-31.0,60,0.25,1.768582908199704,0.2500000000000001,57,2026120257,0,,,,,0.497696858999916
-31.0,60,0.25,1.768582908199704,0.2500000000000001,59,2026120259,1,K1ABC FN42 33,-31,0,10.140200,0.3272170879999976
-31.0,60,0.25,1.768582908199704,0.2500000000000001,58,2026120258,0,,,,,0.5191549470000609
-31.0,60,0.25,1.768582908199704,0.2500000000000001,63,2026120263,0,,,,,0.036207346999617585
-31.0,60,0.25,1.768582908199704,0.2500000000000001,62,2026120262,1,K1ABC FN42 33,-31,0,10.140200,0.2388176200001908
-31.0,60,0.25,1.768582908199704,0.2500000000000001,60,2026120260,0,,,,,0.5035723240007428
-31.0,60,0.25,1.768582908199704,0.2500000000000001,61,2026120261,0,,,,,0.49815226800001255
-31.0,60,0.25,1.768582908199704,0.2500000000000001,64,2026120264,0,,,,,0.41774013499980356
-31.0,60,0.25,1.768582908199704,0.2500000000000001,66,2026120266,0,,,,,0.4281444880007257
-31.0,60,0.25,1.768582908199704,0.2500000000000001,65,2026120265,0,,,,,0.5295677129997785
-31.0,60,0.25,1.768582908199704,0.2500000000000001,70,2026120270,1,K1ABC FN42 33,-31,0,10.140200,0.1346631280002839
-31.0,60,0.25,1.768582908199704,0.2500000000000001,67,2026120267,0,,,,,0.5136781609999161
-31.0,60,0.25,1.768582908199704,0.2500000000000001,71,2026120271,0,,,,,0.11598687700006849
-31.0,60,0.25,1.768582908199704,0.2500000000000001,68,2026120268,0,,,,,0.5133597710000686
-31.0,60,0.25,1.768582908199704,0.2500000000000001,74,2026120274,0,,,,,0.04797048799991899
-31.0,60,0.25,1.768582908199704,0.2500000000000001,72,2026120272,1,K1ABC FN42 33,-31,0,10.140200,0.14531389900002978
-31.0,60,0.25,1.768582908199704,0.2500000000000001,69,2026120269,0,,,,,0.5290146369998183
-31.0,60,0.25,1.768582908199704,0.2500000000000001,75,2026120275,1,K1ABC FN42 33,-32,0,10.140200,0.18332171099973493
-31.0,60,0.25,1.768582908199704,0.2500000000000001,76,2026120276,1,K1ABC FN42 33,-31,0,10.140200,0.28423137800018594
-31.0,60,0.25,1.768582908199704,0.2500000000000001,73,2026120273,0,,,,,0.5176443919999656
-31.0,60,0.25,1.768582908199704,0.2500000000000001,78,2026120278,1,K1ABC FN42 33,-31,0,10.140200,0.31216914699962217
-31.0,60,0.25,1.768582908199704,0.2500000000000001,77,2026120277,0,,,,,0.5311419310000929
-31.0,60,0.25,1.768582908199704,0.2500000000000001,80,2026120280,1,K1ABC FN42 33,-30,0,10.140200,0.23611239199999545
-31.0,60,0.25,1.768582908199704,0.2500000000000001,81,2026120281,1,K1ABC FN42 33,-30,0,10.140200,0.2579003130003912
-31.0,60,0.25,1.768582908199704,0.2500000000000001,79,2026120279,0,,,,,0.4934484450004675
-31.0,60,0.25,1.768582908199704,0.2500000000000001,84,2026120284,0,,,,,0.04169976399953157
-31.0,60,0.25,1.768582908199704,0.2500000000000001,83,2026120283,1,K1ABC FN42 33,-31,0,10.140200,0.24545197899988125
-31.0,60,0.25,1.768582908199704,0.2500000000000001,85,2026120285,1,K1ABC FN42 33,-29,0,10.140200,0.16046021999954974
-31.0,60,0.25,1.768582908199704,0.2500000000000001,82,2026120282,0,,,,,0.4287720660004197
-31.0,60,0.25,1.768582908199704,0.2500000000000001,87,2026120287,1,K1ABC FN42 33,-31,0,10.140200,0.25848763500016503
-31.0,60,0.25,1.768582908199704,0.2500000000000001,86,2026120286,0,,,,,0.5185193980005351
-31.0,60,0.25,1.768582908199704,0.2500000000000001,90,2026120290,1,K1ABC FN42 33,-31,0,10.140200,0.2473339380003381
-31.0,60,0.25,1.768582908199704,0.2500000000000001,88,2026120288,0,,,,,0.5093126760002633
-31.0,60,0.25,1.768582908199704,0.2500000000000001,89,2026120289,0,,,,,0.42264633200011303
-31.0,60,0.25,1.768582908199704,0.2500000000000001,91,2026120291,1,K1ABC FN42 33,-30,0,10.140200,0.26652734900017094
-31.0,60,0.25,1.768582908199704,0.2500000000000001,94,2026120294,0,,,,,0.39540824400046404
-31.0,60,0.25,1.768582908199704,0.2500000000000001,92,2026120292,0,,,,,0.512320484999691
-31.0,60,0.25,1.768582908199704,0.2500000000000001,93,2026120293,0,,,,,0.5095425340005022
-31.0,60,0.25,1.768582908199704,0.2500000000000001,95,2026120295,0,,,,,0.5188344719999805
-31.0,60,0.25,1.768582908199704,0.2500000000000001,97,2026120297,1,K1ABC FN42 33,-30,0,10.140200,0.26289512399944215
-31.0,60,0.25,1.768582908199704,0.2500000000000001,98,2026120298,1,K1ABC FN42 33,-32,0,10.140200,0.23489987399989332
-31.0,60,0.25,1.768582908199704,0.2500000000000001,99,2026120299,1,K1ABC FN42 33,-31,0,10.140200,0.2591760300001624
-31.0,60,0.25,1.768582908199704,0.2500000000000001,96,2026120296,0,,,,,0.4986407290007264
-31.0,60,0.5,3.537165816399408,0.5000000000000002,0,2026120200,0,,,,,0.49284747399997286
-31.0,60,0.5,3.537165816399408,0.5000000000000002,1,2026120201,0,,,,,0.516008853999665
-31.0,60,0.5,3.537165816399408,0.5000000000000002,2,2026120202,0,,,,,0.4207481319999715
-31.0,60,0.5,3.537165816399408,0.5000000000000002,3,2026120203,0,,,,,0.5055587329998161
-31.0,60,0.5,3.537165816399408,0.5000000000000002,7,2026120207,0,,,,,0.048933768999631866
-31.0,60,0.5,3.537165816399408,0.5000000000000002,4,2026120204,0,,,,,0.5272939509995922
-31.0,60,0.5,3.537165816399408,0.5000000000000002,6,2026120206,0,,,,,0.42332809300023655
-31.0,60,0.5,3.537165816399408,0.5000000000000002,5,2026120205,0,,,,,0.5113347999995312
-31.0,60,0.5,3.537165816399408,0.5000000000000002,10,2026120210,1,K1ABC FN42 33,-31,0,10.140200,0.04230191599981481
-31.0,60,0.5,3.537165816399408,0.5000000000000002,9,2026120209,1,K1ABC FN42 33,-31,0,10.140200,0.07209815999976854
-31.0,60,0.5,3.537165816399408,0.5000000000000002,8,2026120208,0,,,,,0.5138322299999345
-31.0,60,0.5,3.537165816399408,0.5000000000000002,11,2026120211,0,,,,,0.5039931669998623
-31.0,60,0.5,3.537165816399408,0.5000000000000002,13,2026120213,0,,,,,0.48962882199975866
-31.0,60,0.5,3.537165816399408,0.5000000000000002,12,2026120212,0,,,,,0.5113890370002991
-31.0,60,0.5,3.537165816399408,0.5000000000000002,15,2026120215,1,K1ABC FN42 33,-31,0,10.140200,0.04693500699977449
-31.0,60,0.5,3.537165816399408,0.5000000000000002,17,2026120217,1,K1ABC FN42 33,-31,0,10.140200,0.04467332500007615
-31.0,60,0.5,3.537165816399408,0.5000000000000002,14,2026120214,0,,,,,0.4120701949996146
-31.0,60,0.5,3.537165816399408,0.5000000000000002,18,2026120218,0,,,,,0.45115013499980705
-31.0,60,0.5,3.537165816399408,0.5000000000000002,16,2026120216,0,,,,,0.5398056949998136
-31.0,60,0.5,3.537165816399408,0.5000000000000002,20,2026120220,0,,,,,0.4585413579998203
-31.0,60,0.5,3.537165816399408,0.5000000000000002,19,2026120219,0,,,,,0.5222370889996455
-31.0,60,0.5,3.537165816399408,0.5000000000000002,23,2026120223,0,,,,,0.042000309000286506
-31.0,60,0.5,3.537165816399408,0.5000000000000002,21,2026120221,0,,,,,0.5078856059999453
-31.0,60,0.5,3.537165816399408,0.5000000000000002,24,2026120224,0,,,,,0.42093571500026883
-31.0,60,0.5,3.537165816399408,0.5000000000000002,22,2026120222,0,,,,,0.5095178580004358
-31.0,60,0.5,3.537165816399408,0.5000000000000002,25,2026120225,0,,,,,0.5021920810004303
-31.0,60,0.5,3.537165816399408,0.5000000000000002,29,2026120229,0,,,,,0.04706407300000137
-31.0,60,0.5,3.537165816399408,0.5000000000000002,27,2026120227,0,,,,,0.44255653100026393
-31.0,60,0.5,3.537165816399408,0.5000000000000002,26,2026120226,0,,,,,0.541885419999744
-31.0,60,0.5,3.537165816399408,0.5000000000000002,28,2026120228,0,,,,,0.5268360509999184
-31.0,60,0.5,3.537165816399408,0.5000000000000002,30,2026120230,0,,,,,0.5414669540004979
-31.0,60,0.5,3.537165816399408,0.5000000000000002,31,2026120231,0,,,,,0.5274731399995289
-31.0,60,0.5,3.537165816399408,0.5000000000000002,32,2026120232,0,,,,,0.5401045660000818
-31.0,60,0.5,3.537165816399408,0.5000000000000002,33,2026120233,0,,,,,0.5290735520002272
-31.0,60,0.5,3.537165816399408,0.5000000000000002,34,2026120234,0,,,,,0.5405562969999664
-31.0,60,0.5,3.537165816399408,0.5000000000000002,35,2026120235,0,,,,,0.5335428320004212
-31.0,60,0.5,3.537165816399408,0.5000000000000002,36,2026120236,0,,,,,0.42960080099965126
-31.0,60,0.5,3.537165816399408,0.5000000000000002,37,2026120237,0,,,,,0.5277159569996002
-31.0,60,0.5,3.537165816399408,0.5000000000000002,38,2026120238,0,,,,,0.43172956699982024
-31.0,60,0.5,3.537165816399408,0.5000000000000002,40,2026120240,0,,,,,0.5282001939995098
-31.0,60,0.5,3.537165816399408,0.5000000000000002,39,2026120239,0,,,,,0.5407331750002413
-31.0,60,0.5,3.537165816399408,0.5000000000000002,41,2026120241,0,,,,,0.5461279989995091
-31.0,60,0.5,3.537165816399408,0.5000000000000002,42,2026120242,0,,,,,0.5301610629994684
-31.0,60,0.5,3.537165816399408,0.5000000000000002,44,2026120244,0,,,,,0.4991860549998819
-31.0,60,0.5,3.537165816399408,0.5000000000000002,43,2026120243,0,,,,,0.509142896999947
-31.0,60,0.5,3.537165816399408,0.5000000000000002,45,2026120245,0,,,,,0.4167309300000852
-31.0,60,0.5,3.537165816399408,0.5000000000000002,46,2026120246,0,,,,,0.4918378219999795
-31.0,60,0.5,3.537165816399408,0.5000000000000002,49,2026120249,0,,,,,0.41821622000043135
-31.0,60,0.5,3.537165816399408,0.5000000000000002,48,2026120248,0,,,,,0.5002911980000135
-31.0,60,0.5,3.537165816399408,0.5000000000000002,47,2026120247,0,,,,,0.5160875750007108
-31.0,60,0.5,3.537165816399408,0.5000000000000002,50,2026120250,0,,,,,0.5166981960001067
-31.0,60,0.5,3.537165816399408,0.5000000000000002,51,2026120251,0,,,,,0.45050585699937074
-31.0,60,0.5,3.537165816399408,0.5000000000000002,52,2026120252,0,,,,,0.5217226480008321
-31.0,60,0.5,3.537165816399408,0.5000000000000002,53,2026120253,0,,,,,0.5170279290005055
-31.0,60,0.5,3.537165816399408,0.5000000000000002,54,2026120254,0,,,,,0.5086033449997558
-31.0,60,0.5,3.537165816399408,0.5000000000000002,55,2026120255,0,,,,,0.5353984980001769
-31.0,60,0.5,3.537165816399408,0.5000000000000002,56,2026120256,0,,,,,0.5347599590004393
-31.0,60,0.5,3.537165816399408,0.5000000000000002,57,2026120257,0,,,,,0.5346182329994917
-31.0,60,0.5,3.537165816399408,0.5000000000000002,58,2026120258,0,,,,,0.4955075850002686
-31.0,60,0.5,3.537165816399408,0.5000000000000002,59,2026120259,0,,,,,0.42392846399980044
-31.0,60,0.5,3.537165816399408,0.5000000000000002,62,2026120262,1,K1ABC FN42 33,-30,0,10.140200,0.24598310300007142
-31.0,60,0.5,3.537165816399408,0.5000000000000002,61,2026120261,0,,,,,0.5007564369998363
-31.0,60,0.5,3.537165816399408,0.5000000000000002,60,2026120260,0,,,,,0.5092845159997523
-31.0,60,0.5,3.537165816399408,0.5000000000000002,63,2026120263,1,K1ABC FN42 33,-30,0,10.140200,0.3201664910002364
-31.0,60,0.5,3.537165816399408,0.5000000000000002,64,2026120264,0,,,,,0.39577451900004235
-31.0,60,0.5,3.537165816399408,0.5000000000000002,65,2026120265,0,,,,,0.404170420999435
-31.0,60,0.5,3.537165816399408,0.5000000000000002,66,2026120266,0,,,,,0.4035919970001487
-31.0,60,0.5,3.537165816399408,0.5000000000000002,67,2026120267,0,,,,,0.4149439249995339
-31.0,60,0.5,3.537165816399408,0.5000000000000002,68,2026120268,0,,,,,0.41538713299996743
-31.0,60,0.5,3.537165816399408,0.5000000000000002,70,2026120270,0,,,,,0.4257833440005925
-31.0,60,0.5,3.537165816399408,0.5000000000000002,73,2026120273,0,,,,,0.03855834200021491
-31.0,60,0.5,3.537165816399408,0.5000000000000002,74,2026120274,0,,,,,0.03720541999973648
-31.0,60,0.5,3.537165816399408,0.5000000000000002,69,2026120269,0,,,,,0.5209072529996774
-31.0,60,0.5,3.537165816399408,0.5000000000000002,71,2026120271,0,,,,,0.5010305959995094
-31.0,60,0.5,3.537165816399408,0.5000000000000002,72,2026120272,0,,,,,0.3891947229994912
-31.0,60,0.5,3.537165816399408,0.5000000000000002,75,2026120275,0,,,,,0.41387712899995677
-31.0,60,0.5,3.537165816399408,0.5000000000000002,76,2026120276,0,,,,,0.42373410199979844
-31.0,60,0.5,3.537165816399408,0.5000000000000002,79,2026120279,1,K1ABC FN42 33,-32,0,10.140200,0.09230525800012401
-31.0,60,0.5,3.537165816399408,0.5000000000000002,77,2026120277,0,,,,,0.5083907850003015
-31.0,60,0.5,3.537165816399408,0.5000000000000002,78,2026120278,0,,,,,0.5170946540001751
-31.0,60,0.5,3.537165816399408,0.5000000000000002,80,2026120280,0,,,,,0.4208322330005103
-31.0,60,0.5,3.537165816399408,0.5000000000000002,84,2026120284,0,,,,,0.04669962800016947
-31.0,60,0.5,3.537165816399408,0.5000000000000002,81,2026120281,0,,,,,0.4894888870003342
-31.0,60,0.5,3.537165816399408,0.5000000000000002,82,2026120282,0,,,,,0.40541334000045026
-31.0,60,0.5,3.537165816399408,0.5000000000000002,83,2026120283,0,,,,,0.5263848009999492
-31.0,60,0.5,3.537165816399408,0.5000000000000002,85,2026120285,0,,,,,0.43219507499998144
-31.0,60,0.5,3.537165816399408,0.5000000000000002,87,2026120287,0,,,,,0.4117925299997296
-31.0,60,0.5,3.537165816399408,0.5000000000000002,86,2026120286,0,,,,,0.520057774999259
-31.0,60,0.5,3.537165816399408,0.5000000000000002,90,2026120290,0,,,,,0.03819630199996027
-31.0,60,0.5,3.537165816399408,0.5000000000000002,88,2026120288,0,,,,,0.48601544499979354
-31.0,60,0.5,3.537165816399408,0.5000000000000002,89,2026120289,0,,,,,0.5002657310005816
-31.0,60,0.5,3.537165816399408,0.5000000000000002,92,2026120292,0,,,,,0.48541482299970085
-31.0,60,0.5,3.537165816399408,0.5000000000000002,91,2026120291,0,,,,,0.49850712999977986
-31.0,60,0.5,3.537165816399408,0.5000000000000002,93,2026120293,0,,,,,0.41063217999999324
-31.0,60,0.5,3.537165816399408,0.5000000000000002,94,2026120294,0,,,,,0.41193803299938736
-31.0,60,0.5,3.537165816399408,0.5000000000000002,96,2026120296,0,,,,,0.405117032999442
-31.0,60,0.5,3.537165816399408,0.5000000000000002,98,2026120298,1,K1ABC FN42 33,-31,0,10.140200,0.222928703999969
-31.0,60,0.5,3.537165816399408,0.5000000000000002,95,2026120295,0,,,,,0.4930517080001664
-31.0,60,0.5,3.537165816399408,0.5000000000000002,97,2026120297,0,,,,,0.5055833099995652
-31.0,120,0.25,5.125891850706048,0.2499999999999996,2,2026120202,1,K1ABC FN42 33,-30,0,10.140200,0.16835837100006756
-31.0,60,0.5,3.537165816399408,0.5000000000000002,99,2026120299,0,,,,,0.41420585200012283
-31.0,120,0.25,5.125891850706048,0.2499999999999996,0,2026120200,0,,,,,0.5012766830004693
-31.0,120,0.25,5.125891850706048,0.2499999999999996,1,2026120201,0,,,,,0.5065159139994648
-31.0,120,0.25,5.125891850706048,0.2499999999999996,3,2026120203,0,,,,,0.49544782300017687
-31.0,120,0.25,5.125891850706048,0.2499999999999996,4,2026120204,0,,,,,0.5076999869997962
-31.0,120,0.25,5.125891850706048,0.2499999999999996,6,2026120206,0,,,,,0.4232285039997805
-31.0,120,0.25,5.125891850706048,0.2499999999999996,5,2026120205,0,,,,,0.4939654749996407
-31.0,120,0.25,5.125891850706048,0.2499999999999996,7,2026120207,1,K1ABC FN42 33,-31,0,10.140200,0.25606361999962246
-31.0,120,0.25,5.125891850706048,0.2499999999999996,9,2026120209,1,K1ABC FN42 33,-31,0,10.140200,0.11495720499988238
-31.0,120,0.25,5.125891850706048,0.2499999999999996,8,2026120208,1,K1ABC FN42 33,-31,0,10.140200,0.3350431100006972
-31.0,120,0.25,5.125891850706048,0.2499999999999996,11,2026120211,1,K1ABC FN42 33,-30,0,10.140200,0.3254062550004164
-31.0,120,0.25,5.125891850706048,0.2499999999999996,12,2026120212,1,K1ABC FN42 33,-31,0,10.140200,0.31225894399995013
-31.0,120,0.25,5.125891850706048,0.2499999999999996,15,2026120215,1,K1ABC FN42 33,-31,0,10.140200,0.08497666800030856
-31.0,120,0.25,5.125891850706048,0.2499999999999996,10,2026120210,0,,,,,0.5021927349998805
-31.0,120,0.25,5.125891850706048,0.2499999999999996,13,2026120213,1,K1ABC FN42 33,-31,0,10.140200,0.35732061300041096
-31.0,120,0.25,5.125891850706048,0.2499999999999996,17,2026120217,1,K1ABC FN42 33,-31,0,10.140200,0.06455227100013872
-31.0,120,0.25,5.125891850706048,0.2499999999999996,16,2026120216,1,K1ABC FN42 33,-32,0,10.140200,0.33847607699954096
-31.0,120,0.25,5.125891850706048,0.2499999999999996,19,2026120219,1,K1ABC FN42 33,-31,0,10.140200,0.2454131590002362
-31.0,120,0.25,5.125891850706048,0.2499999999999996,18,2026120218,1,K1ABC FN42 33,-30,0,10.140200,0.25559246400007396
-31.0,120,0.25,5.125891850706048,0.2499999999999996,14,2026120214,0,,,,,0.4906878229994618
-31.0,120,0.25,5.125891850706048,0.2499999999999996,21,2026120221,1,K1ABC FN42 33,-31,0,10.140200,0.1849209249994601
-31.0,120,0.25,5.125891850706048,0.2499999999999996,20,2026120220,1,K1ABC FN42 33,-31,0,10.140200,0.2585385279999173
-31.0,120,0.25,5.125891850706048,0.2499999999999996,22,2026120222,0,,,,,0.5259712010001749
-31.0,120,0.25,5.125891850706048,0.2499999999999996,23,2026120223,0,,,,,0.5034931469999719
-31.0,120,0.25,5.125891850706048,0.2499999999999996,24,2026120224,0,,,,,0.4084070429998974
-31.0,120,0.25,5.125891850706048,0.2499999999999996,25,2026120225,0,,,,,0.4942108690001987
-31.0,120,0.25,5.125891850706048,0.2499999999999996,29,2026120229,0,,,,,0.0381059709998226
-31.0,120,0.25,5.125891850706048,0.2499999999999996,28,2026120228,1,K1ABC FN42 33,-32,0,10.140200,0.257628620000105
-31.0,120,0.25,5.125891850706048,0.2499999999999996,26,2026120226,0,,,,,0.5054666229998475
-31.0,120,0.25,5.125891850706048,0.2499999999999996,27,2026120227,0,,,,,0.4931203969999842
-31.0,120,0.25,5.125891850706048,0.2499999999999996,30,2026120230,0,,,,,0.4992778529995121
-31.0,120,0.25,5.125891850706048,0.2499999999999996,31,2026120231,0,,,,,0.49804971999947156
-31.0,120,0.25,5.125891850706048,0.2499999999999996,34,2026120234,1,K1ABC FN42 33,-31,0,10.140200,0.23371785600011208
-31.0,120,0.25,5.125891850706048,0.2499999999999996,32,2026120232,0,,,,,0.5084076480006843
-31.0,120,0.25,5.125891850706048,0.2499999999999996,33,2026120233,0,,,,,0.5050890160000563
-31.0,120,0.25,5.125891850706048,0.2499999999999996,36,2026120236,1,K1ABC FN42 33,-31,0,10.140200,0.2365634889993089
-31.0,120,0.25,5.125891850706048,0.2499999999999996,37,2026120237,1,K1ABC FN42 33,-31,0,10.140200,0.27094383599978755
-31.0,120,0.25,5.125891850706048,0.2499999999999996,35,2026120235,0,,,,,0.5071509689996674
-31.0,120,0.25,5.125891850706048,0.2499999999999996,38,2026120238,0,,,,,0.5133507639993695
-31.0,120,0.25,5.125891850706048,0.2499999999999996,41,2026120241,1,K1ABC FN42 33,-30,0,10.140200,0.32702063399938197
-31.0,120,0.25,5.125891850706048,0.2499999999999996,40,2026120240,1,K1ABC FN42 33,-31,0,10.140200,0.37536340200040286
-31.0,120,0.25,5.125891850706048,0.2499999999999996,39,2026120239,0,,,,,0.524638954000693
-31.0,120,0.25,5.125891850706048,0.2499999999999996,42,2026120242,1,K1ABC FN42 33,-31,0,10.140200,0.24447892300031526
-31.0,120,0.25,5.125891850706048,0.2499999999999996,46,2026120246,1,K1ABC FN42 33,-31,0,10.140200,0.24010950100000628
-31.0,120,0.25,5.125891850706048,0.2499999999999996,43,2026120243,0,,,,,0.5027133809999214
-31.0,120,0.25,5.125891850706048,0.2499999999999996,44,2026120244,0,,,,,0.5221771669994268
-31.0,120,0.25,5.125891850706048,0.2499999999999996,45,2026120245,0,,,,,0.5095847779994074
-31.0,120,0.25,5.125891850706048,0.2499999999999996,48,2026120248,1,K1ABC FN42 33,-30,0,10.140200,0.254296308999983
-31.0,120,0.25,5.125891850706048,0.2499999999999996,50,2026120250,1,K1ABC FN42 33,-31,0,10.140200,0.2640345950003393
-31.0,120,0.25,5.125891850706048,0.2499999999999996,47,2026120247,0,,,,,0.5563310810002804
-31.0,120,0.25,5.125891850706048,0.2499999999999996,51,2026120251,1,K1ABC FN42 33,-31,0,10.140200,0.16593813200051954
-31.0,120,0.25,5.125891850706048,0.2499999999999996,49,2026120249,0,,,,,0.4457199309999851
-31.0,120,0.25,5.125891850706048,0.2499999999999996,55,2026120255,1,K1ABC FN42 33,-31,0,10.140200,0.346748005000336
-31.0,120,0.25,5.125891850706048,0.2499999999999996,54,2026120254,0,,,,,0.42668793400025606
-31.0,120,0.25,5.125891850706048,0.2499999999999996,53,2026120253,0,,,,,0.4882691069997236
-31.0,120,0.25,5.125891850706048,0.2499999999999996,52,2026120252,0,,,,,0.551409302999673
-31.0,120,0.25,5.125891850706048,0.2499999999999996,56,2026120256,1,K1ABC FN42 33,-30,0,10.140200,0.24359279799955402
-31.0,120,0.25,5.125891850706048,0.2499999999999996,57,2026120257,0,,,,,0.41986830299993017
-31.0,120,0.25,5.125891850706048,0.2499999999999996,60,2026120260,1,K1ABC FN42 33,-31,0,10.140200,0.27739728599954105
-31.0,120,0.25,5.125891850706048,0.2499999999999996,59,2026120259,0,,,,,0.498700851000649
-31.0,120,0.25,5.125891850706048,0.2499999999999996,58,2026120258,0,,,,,0.5060550299995157
-31.0,120,0.25,5.125891850706048,0.2499999999999996,61,2026120261,1,K1ABC FN42 33,-31,0,10.140200,0.258230655999796
-31.0,120,0.25,5.125891850706048,0.2499999999999996,64,2026120264,1,K1ABC FN42 33,-31,0,10.140200,0.15592049899987614
-31.0,120,0.25,5.125891850706048,0.2499999999999996,63,2026120263,1,K1ABC FN42 33,-31,0,10.140200,0.18149834699943312
-31.0,120,0.25,5.125891850706048,0.2499999999999996,66,2026120266,1,K1ABC FN42 33,-32,0,10.140200,0.18768382799953542
-31.0,120,0.25,5.125891850706048,0.2499999999999996,67,2026120267,1,K1ABC FN42 33,-30,0,10.140200,0.2364639340003123
-31.0,120,0.25,5.125891850706048,0.2499999999999996,62,2026120262,0,,,,,0.49709708299997146
-31.0,120,0.25,5.125891850706048,0.2499999999999996,65,2026120265,1,K1ABC FN42 33,-30,0,10.140200,0.3502075540000078
-31.0,120,0.25,5.125891850706048,0.2499999999999996,70,2026120270,1,K1ABC FN42 33,-31,0,10.140200,0.24308220500006428
-31.0,120,0.25,5.125891850706048,0.2499999999999996,68,2026120268,0,,,,,0.49429334300020855
-31.0,120,0.25,5.125891850706048,0.2499999999999996,69,2026120269,0,,,,,0.4281047739996211
-31.0,120,0.25,5.125891850706048,0.2499999999999996,74,2026120274,0,,,,,0.04148551500020403
-31.0,120,0.25,5.125891850706048,0.2499999999999996,72,2026120272,1,K1ABC FN42 33,-30,0,10.140200,0.23017098200034525
-31.0,120,0.25,5.125891850706048,0.2499999999999996,71,2026120271,0,,,,,0.5167341349997514
-31.0,120,0.25,5.125891850706048,0.2499999999999996,75,2026120275,1,K1ABC FN42 33,-32,0,10.140200,0.2524798690001262
-31.0,120,0.25,5.125891850706048,0.2499999999999996,73,2026120273,0,,,,,0.411353524000333
-31.0,120,0.25,5.125891850706048,0.2499999999999996,77,2026120277,1,K1ABC FN42 33,-31,0,10.140200,0.3424888280005689
-31.0,120,0.25,5.125891850706048,0.2499999999999996,78,2026120278,1,K1ABC FN42 33,-30,0,10.140200,0.2222907879995546
-31.0,120,0.25,5.125891850706048,0.2499999999999996,76,2026120276,0,,,,,0.5145750859992404
-31.0,120,0.25,5.125891850706048,0.2499999999999996,81,2026120281,1,K1ABC FN42 33,-30,0,10.140200,0.23914226600027177
-31.0,120,0.25,5.125891850706048,0.2499999999999996,83,2026120283,1,K1ABC FN42 33,-31,0,10.140200,0.07935570399968128
-31.0,120,0.25,5.125891850706048,0.2499999999999996,84,2026120284,0,,,,,0.03857399600019562
-31.0,120,0.25,5.125891850706048,0.2499999999999996,80,2026120280,1,K1ABC FN42 33,-30,0,10.140200,0.4041337520002344
-31.0,120,0.25,5.125891850706048,0.2499999999999996,79,2026120279,0,,,,,0.5074591100001271
-31.0,120,0.25,5.125891850706048,0.2499999999999996,85,2026120285,1,K1ABC FN42 33,-29,0,10.140200,0.06086807400060934
-31.0,120,0.25,5.125891850706048,0.2499999999999996,82,2026120282,0,,,,,0.4192121819996828
-31.0,120,0.25,5.125891850706048,0.2499999999999996,87,2026120287,1,K1ABC FN42 33,-31,0,10.140200,0.2490312999998423
-31.0,120,0.25,5.125891850706048,0.2499999999999996,90,2026120290,0,,,,,0.04046731699963857
-31.0,120,0.25,5.125891850706048,0.2499999999999996,88,2026120288,1,K1ABC FN42 33,-31,0,10.140200,0.35519574099998863
-31.0,120,0.25,5.125891850706048,0.2499999999999996,86,2026120286,0,,,,,0.5032448120000481
-31.0,120,0.25,5.125891850706048,0.2499999999999996,91,2026120291,1,K1ABC FN42 33,-30,0,10.140200,0.24752556300063588
-31.0,120,0.25,5.125891850706048,0.2499999999999996,89,2026120289,0,,,,,0.5267316769995887
-31.0,120,0.25,5.125891850706048,0.2499999999999996,92,2026120292,1,K1ABC FN42 33,-30,0,10.140200,0.23349657600010687
-31.0,120,0.25,5.125891850706048,0.2499999999999996,93,2026120293,0,,,,,0.5203088520001984
-31.0,120,0.25,5.125891850706048,0.2499999999999996,96,2026120296,0,,,,,0.42059876799976337
-31.0,120,0.25,5.125891850706048,0.2499999999999996,94,2026120294,0,,,,,0.5264226130002498
-31.0,120,0.25,5.125891850706048,0.2499999999999996,95,2026120295,0,,,,,0.49890803800008143
-31.0,120,0.25,5.125891850706048,0.2499999999999996,98,2026120298,1,K1ABC FN42 33,-31,0,10.140200,0.22873222199996235
-31.0,120,0.25,5.125891850706048,0.2499999999999996,99,2026120299,0,,,,,0.43391000500014343
-31.0,120,0.25,5.125891850706048,0.2499999999999996,97,2026120297,0,,,,,0.5142439770006604
-31.0,120,0.5,10.251783701412096,0.4999999999999992,0,2026120200,0,,,,,0.5088691390001259
-31.0,120,0.5,10.251783701412096,0.4999999999999992,1,2026120201,0,,,,,0.5218037800004822
-31.0,120,0.5,10.251783701412096,0.4999999999999992,2,2026120202,0,,,,,0.41756643200005783
-31.0,120,0.5,10.251783701412096,0.4999999999999992,3,2026120203,0,,,,,0.5143018110002231
-31.0,120,0.5,10.251783701412096,0.4999999999999992,7,2026120207,1,K1ABC FN42 33,-30,0,10.140200,0.09380872000019735
-31.0,120,0.5,10.251783701412096,0.4999999999999992,4,2026120204,0,,,,,0.5113387800001874
-31.0,120,0.5,10.251783701412096,0.4999999999999992,5,2026120205,0,,,,,0.5249828389996765
-31.0,120,0.5,10.251783701412096,0.4999999999999992,6,2026120206,0,,,,,0.520581052000125
-31.0,120,0.5,10.251783701412096,0.4999999999999992,9,2026120209,0,,,,,0.5106002169995918
-31.0,120,0.5,10.251783701412096,0.4999999999999992,10,2026120210,0,,,,,0.5072989020000023
-31.0,120,0.5,10.251783701412096,0.4999999999999992,11,2026120211,0,,,,,0.5408346949998304
-31.0,120,0.5,10.251783701412096,0.4999999999999992,8,2026120208,0,,,,,0.984990251000454
-31.0,120,0.5,10.251783701412096,0.4999999999999992,12,2026120212,0,,,,,0.5284746819997963
-31.0,120,0.5,10.251783701412096,0.4999999999999992,14,2026120214,1,K1ABC FN42 33,-30,0,10.140200,0.2738473919998796
-31.0,120,0.5,10.251783701412096,0.4999999999999992,13,2026120213,0,,,,,0.5227342859998316
-31.0,120,0.5,10.251783701412096,0.4999999999999992,15,2026120215,1,K1ABC FN42 33,-31,0,10.140200,0.27134789199953957
-31.0,120,0.5,10.251783701412096,0.4999999999999992,18,2026120218,0,,,,,0.03748759899917786
-31.0,120,0.5,10.251783701412096,0.4999999999999992,16,2026120216,0,,,,,0.49672533400007524
-31.0,120,0.5,10.251783701412096,0.4999999999999992,17,2026120217,0,,,,,0.4055540359995575
-31.0,120,0.5,10.251783701412096,0.4999999999999992,21,2026120221,0,,,,,0.04080199100008031
-31.0,120,0.5,10.251783701412096,0.4999999999999992,20,2026120220,0,,,,,0.4120951430004425
-31.0,120,0.5,10.251783701412096,0.4999999999999992,19,2026120219,0,,,,,0.5139538319999701
-31.0,120,0.5,10.251783701412096,0.4999999999999992,22,2026120222,0,,,,,0.5144685710001795
-31.0,120,0.5,10.251783701412096,0.4999999999999992,24,2026120224,0,,,,,0.4176091710005494
-31.0,120,0.5,10.251783701412096,0.4999999999999992,23,2026120223,0,,,,,0.5165356440002142
-31.0,120,0.5,10.251783701412096,0.4999999999999992,25,2026120225,0,,,,,0.4357498919998761
-31.0,120,0.5,10.251783701412096,0.4999999999999992,29,2026120229,0,,,,,0.04182610299994849
-31.0,120,0.5,10.251783701412096,0.4999999999999992,26,2026120226,0,,,,,0.4195873090002351
-31.0,120,0.5,10.251783701412096,0.4999999999999992,27,2026120227,0,,,,,0.4084701720003068
-31.0,120,0.5,10.251783701412096,0.4999999999999992,28,2026120228,0,,,,,0.517079573999581
-31.0,120,0.5,10.251783701412096,0.4999999999999992,30,2026120230,0,,,,,0.5454746200002774
-31.0,120,0.5,10.251783701412096,0.4999999999999992,31,2026120231,0,,,,,0.5102695460000177
-31.0,120,0.5,10.251783701412096,0.4999999999999992,32,2026120232,0,,,,,0.49179032199936046
-31.0,120,0.5,10.251783701412096,0.4999999999999992,36,2026120236,0,,,,,0.035867921999852115
-31.0,120,0.5,10.251783701412096,0.4999999999999992,33,2026120233,0,,,,,0.4299244470003032
-31.0,120,0.5,10.251783701412096,0.4999999999999992,35,2026120235,1,K1ABC FN42 33,-31,0,10.140200,0.24712032200022804
-31.0,120,0.5,10.251783701412096,0.4999999999999992,34,2026120234,0,,,,,0.4794437900000048
-31.0,120,0.5,10.251783701412096,0.4999999999999992,38,2026120238,0,,,,,0.46887964899997314
-31.0,120,0.5,10.251783701412096,0.4999999999999992,37,2026120237,0,,,,,0.48709658600000694
-31.0,120,0.5,10.251783701412096,0.4999999999999992,41,2026120241,0,,,,,0.03994301500006259
-31.0,120,0.5,10.251783701412096,0.4999999999999992,39,2026120239,0,,,,,0.5077430629999071
-31.0,120,0.5,10.251783701412096,0.4999999999999992,40,2026120240,0,,,,,0.5045902849997219
-31.0,120,0.5,10.251783701412096,0.4999999999999992,42,2026120242,0,,,,,0.41925870399973064
-31.0,120,0.5,10.251783701412096,0.4999999999999992,43,2026120243,0,,,,,0.5200043189997814
-31.0,120,0.5,10.251783701412096,0.4999999999999992,44,2026120244,0,,,,,0.5224791290002031
-31.0,120,0.5,10.251783701412096,0.4999999999999992,45,2026120245,0,,,,,0.5073088859999189
-31.0,120,0.5,10.251783701412096,0.4999999999999992,46,2026120246,0,,,,,0.5136219169999094
-31.0,120,0.5,10.251783701412096,0.4999999999999992,47,2026120247,0,,,,,0.5193317350003781
-31.0,120,0.5,10.251783701412096,0.4999999999999992,49,2026120249,0,,,,,0.3950696149995565
-31.0,120,0.5,10.251783701412096,0.4999999999999992,48,2026120248,0,,,,,0.5176731289993768
-31.0,120,0.5,10.251783701412096,0.4999999999999992,50,2026120250,0,,,,,0.5276875790004851
-31.0,120,0.5,10.251783701412096,0.4999999999999992,51,2026120251,0,,,,,0.42490951200034033
-31.0,120,0.5,10.251783701412096,0.4999999999999992,52,2026120252,0,,,,,0.5075312099997973
-31.0,120,0.5,10.251783701412096,0.4999999999999992,56,2026120256,0,,,,,0.039382463000038115
-31.0,120,0.5,10.251783701412096,0.4999999999999992,53,2026120253,0,,,,,0.5260232549999273
-31.0,120,0.5,10.251783701412096,0.4999999999999992,54,2026120254,0,,,,,0.5111846829995557
-31.0,120,0.5,10.251783701412096,0.4999999999999992,55,2026120255,0,,,,,0.532307037999999
-31.0,120,0.5,10.251783701412096,0.4999999999999992,57,2026120257,0,,,,,0.5232694910000646
-31.0,120,0.5,10.251783701412096,0.4999999999999992,58,2026120258,0,,,,,0.507354913999734
-31.0,120,0.5,10.251783701412096,0.4999999999999992,59,2026120259,0,,,,,0.49307449600019027
-31.0,120,0.5,10.251783701412096,0.4999999999999992,63,2026120263,0,,,,,0.03968013199937559
-31.0,120,0.5,10.251783701412096,0.4999999999999992,60,2026120260,0,,,,,0.5000434399998994
-31.0,120,0.5,10.251783701412096,0.4999999999999992,61,2026120261,0,,,,,0.5074768820004465
-31.0,120,0.5,10.251783701412096,0.4999999999999992,62,2026120262,0,,,,,0.5039843579997978
-31.0,120,0.5,10.251783701412096,0.4999999999999992,64,2026120264,0,,,,,0.4184793690001243
-31.0,120,0.5,10.251783701412096,0.4999999999999992,65,2026120265,0,,,,,0.4985776650000844
-31.0,120,0.5,10.251783701412096,0.4999999999999992,66,2026120266,0,,,,,0.5083700479999607
-31.0,120,0.5,10.251783701412096,0.4999999999999992,67,2026120267,0,,,,,0.5005981879994579
-31.0,120,0.5,10.251783701412096,0.4999999999999992,68,2026120268,0,,,,,0.4117215300002499
-31.0,120,0.5,10.251783701412096,0.4999999999999992,72,2026120272,1,K1ABC FN42 33,-30,0,10.140200,0.14936491600019508
-31.0,120,0.5,10.251783701412096,0.4999999999999992,69,2026120269,0,,,,,0.530135658999825
-31.0,120,0.5,10.251783701412096,0.4999999999999992,74,2026120274,0,,,,,0.041903928000465385
-31.0,120,0.5,10.251783701412096,0.4999999999999992,70,2026120270,0,,,,,0.5341773380005179
-31.0,120,0.5,10.251783701412096,0.4999999999999992,71,2026120271,0,,,,,0.5334744270003284
-31.0,120,0.5,10.251783701412096,0.4999999999999992,73,2026120273,0,,,,,0.5262411119992976
-31.0,120,0.5,10.251783701412096,0.4999999999999992,75,2026120275,0,,,,,0.42926350200013985
-31.0,120,0.5,10.251783701412096,0.4999999999999992,77,2026120277,0,,,,,0.46007039199957944
-31.0,120,0.5,10.251783701412096,0.4999999999999992,76,2026120276,0,,,,,0.516431346999525
-31.0,120,0.5,10.251783701412096,0.4999999999999992,78,2026120278,0,,,,,0.40958281999974133
-31.0,120,0.5,10.251783701412096,0.4999999999999992,82,2026120282,0,,,,,0.0378910649997124
-31.0,120,0.5,10.251783701412096,0.4999999999999992,79,2026120279,0,,,,,0.5121892549996119
-31.0,120,0.5,10.251783701412096,0.4999999999999992,80,2026120280,1,K1ABC FN42 33,-30,0,10.140200,0.2512437850000424
-31.0,120,0.5,10.251783701412096,0.4999999999999992,84,2026120284,0,,,,,0.039636978000089584
-31.0,120,0.5,10.251783701412096,0.4999999999999992,81,2026120281,0,,,,,0.49572532399997726
-31.0,120,0.5,10.251783701412096,0.4999999999999992,83,2026120283,0,,,,,0.46278822899967054
-31.0,120,0.5,10.251783701412096,0.4999999999999992,85,2026120285,0,,,,,0.4031907569997202
-31.0,120,0.5,10.251783701412096,0.4999999999999992,86,2026120286,0,,,,,0.4840395500004888
-31.0,120,0.5,10.251783701412096,0.4999999999999992,90,2026120290,0,,,,,0.03721971899994969
-31.0,120,0.5,10.251783701412096,0.4999999999999992,87,2026120287,0,,,,,0.5235766410005454
-31.0,120,0.5,10.251783701412096,0.4999999999999992,88,2026120288,0,,,,,0.5111360310002055
-31.0,120,0.5,10.251783701412096,0.4999999999999992,89,2026120289,0,,,,,0.5170402799994918
-31.0,120,0.5,10.251783701412096,0.4999999999999992,91,2026120291,0,,,,,0.5164276820005398
-31.0,120,0.5,10.251783701412096,0.4999999999999992,92,2026120292,0,,,,,0.5274217649994171
-31.0,120,0.5,10.251783701412096,0.4999999999999992,94,2026120294,0,,,,,0.40530229000069085
-31.0,120,0.5,10.251783701412096,0.4999999999999992,93,2026120293,0,,,,,0.5103541669996048
-31.0,120,0.5,10.251783701412096,0.4999999999999992,95,2026120295,0,,,,,0.4942030579995844
-31.0,120,0.5,10.251783701412096,0.4999999999999992,96,2026120296,0,,,,,0.41208648000065295
-31.0,120,0.5,10.251783701412096,0.4999999999999992,97,2026120297,0,,,,,0.4988529470001595
-31.0,120,0.5,10.251783701412096,0.4999999999999992,98,2026120298,0,,,,,0.5123171400000501
-31.0,120,0.5,10.251783701412096,0.4999999999999992,99,2026120299,0,,,,,0.4068997349995698
