trajectory_id,family,snr_db,trial_index,seed,decoded_success,tau_seconds,signed_A_res_hz,max_abs_frequency_hz,frequency_rms_hz,frequency_peak_to_peak_hz,max_abs_phase_rad,phase_rms_rad,final_phase_rad,phase_peak_to_peak_rad,correlation_with_negative_quadratic,cosine_similarity_with_negative_quadratic,RMS_shape_difference,max_shape_difference
quadratic_+0.25,quadratic,-30.0,1,2026100201,1,,0.25,0.25,0.11389320212674342,0.3773291925465839,17.029404296106982,12.211251911416575,1.2417289418920063e-12,34.05880859221272,-1.0,-1.0,0.9111456170139474,2.0
quadratic_+0.25,quadratic,-30.0,2,2026100202,1,,0.25,0.25,0.11389320212674342,0.3773291925465839,17.029404296106982,12.211251911416575,1.2417289418920063e-12,34.05880859221272,-1.0,-1.0,0.9111456170139474,2.0
quadratic_+0.25,quadratic,-30.0,0,2026100200,1,,0.25,0.25,0.11389320212674342,0.3773291925465839,17.029404296106982,12.211251911416575,1.2417289418920063e-12,34.05880859221272,-1.0,-1.0,0.9111456170139474,2.0
quadratic_+0.25,quadratic,-30.0,3,2026100203,1,,0.25,0.25,0.11389320212674342,0.3773291925465839,17.029404296106982,12.211251911416575,1.2417289418920063e-12,34.05880859221272,-1.0,-1.0,0.9111456170139474,2.0
quadratic_+0.25,quadratic,-30.0,5,2026100205,1,,0.25,0.25,0.11389320212674342,0.3773291925465839,17.029404296106982,12.211251911416575,1.2417289418920063e-12,34.05880859221272,-1.0,-1.0,0.9111456170139474,2.0
quadratic_+0.25,quadratic,-30.0,4,2026100204,1,,0.25,0.25,0.11389320212674342,0.3773291925465839,17.029404296106982,12.211251911416575,1.2417289418920063e-12,34.05880859221272,-1.0,-1.0,0.9111456170139474,2.0
quadratic_+0.25,quadratic,-30.0,7,2026100207,1,,0.25,0.25,0.11389320212674342,0.3773291925465839,17.029404296106982,12.211251911416575,1.2417289418920063e-12,34.05880859221272,-1.0,-1.0,0.9111456170139474,2.0
quadratic_+0.25,quadratic,-30.0,6,2026100206,1,,0.25,0.25,0.11389320212674342,0.3773291925465839,17.029404296106982,12.211251911416575,1.2417289418920063e-12,34.05880859221272,-1.0,-1.0,0.9111456170139474,2.0
quadratic_+0.25,quadratic,-30.0,8,2026100208,1,,0.25,0.25,0.11389320212674342,0.3773291925465839,17.029404296106982,12.211251911416575,1.2417289418920063e-12,34.05880859221272,-1.0,-1.0,0.9111456170139474,2.0
quadratic_+0.25,quadratic,-30.0,10,2026100210,1,,0.25,0.25,0.11389320212674342,0.3773291925465839,17.029404296106982,12.211251911416575,1.2417289418920063e-12,34.05880859221272,-1.0,-1.0,0.9111456170139474,2.0
quadratic_+0.25,quadratic,-30.0,11,2026100211,1,,0.25,0.25,0.11389320212674342,0.3773291925465839,17.029404296106982,12.211251911416575,1.2417289418920063e-12,34.05880859221272,-1.0,-1.0,0.9111456170139474,2.0
quadratic_+0.25,quadratic,-30.0,12,2026100212,1,,0.25,0.25,0.11389320212674342,0.3773291925465839,17.029404296106982,12.211251911416575,1.2417289418920063e-12,34.05880859221272,-1.0,-1.0,0.9111456170139474,2.0
quadratic_+0.25,quadratic,-30.0,15,2026100215,1,,0.25,0.25,0.11389320212674342,0.3773291925465839,17.029404296106982,12.211251911416575,1.2417289418920063e-12,34.05880859221272,-1.0,-1.0,0.9111456170139474,2.0
quadratic_+0.25,quadratic,-30.0,16,2026100216,1,,0.25,0.25,0.11389320212674342,0.3773291925465839,17.029404296106982,12.211251911416575,1.2417289418920063e-12,34.05880859221272,-1.0,-1.0,0.9111456170139474,2.0
quadratic_+0.25,quadratic,-30.0,9,2026100209,1,,0.25,0.25,0.11389320212674342,0.3773291925465839,17.029404296106982,12.211251911416575,1.2417289418920063e-12,34.05880859221272,-1.0,-1.0,0.9111456170139474,2.0
quadratic_+0.25,quadratic,-30.0,14,2026100214,1,,0.25,0.25,0.11389320212674342,0.3773291925465839,17.029404296106982,12.211251911416575,1.2417289418920063e-12,34.05880859221272,-1.0,-1.0,0.9111456170139474,2.0
quadratic_+0.25,quadratic,-30.0,17,2026100217,1,,0.25,0.25,0.11389320212674342,0.3773291925465839,17.029404296106982,12.211251911416575,1.2417289418920063e-12,34.05880859221272,-1.0,-1.0,0.9111456170139474,2.0
quadratic_+0.25,quadratic,-30.0,20,2026100220,1,,0.25,0.25,0.11389320212674342,0.3773291925465839,17.029404296106982,12.211251911416575,1.2417289418920063e-12,34.05880859221272,-1.0,-1.0,0.9111456170139474,2.0
quadratic_+0.25,quadratic,-30.0,19,2026100219,1,,0.25,0.25,0.11389320212674342,0.3773291925465839,17.029404296106982,12.211251911416575,1.2417289418920063e-12,34.05880859221272,-1.0,-1.0,0.9111456170139474,2.0
quadratic_+0.25,quadratic,-30.0,13,2026100213,0,,0.25,0.25,0.11389320212674342,0.3773291925465839,17.029404296106982,12.211251911416575,1.2417289418920063e-12,34.05880859221272,-1.0,-1.0,0.9111456170139474,2.0
quadratic_+0.25,quadratic,-30.0,21,2026100221,1,,0.25,0.25,0.11389320212674342,0.3773291925465839,17.029404296106982,12.211251911416575,1.2417289418920063e-12,34.05880859221272,-1.0,-1.0,0.9111456170139474,2.0
quadratic_+0.25,quadratic,-30.0,22,2026100222,1,,0.25,0.25,0.11389320212674342,0.3773291925465839,17.029404296106982,12.211251911416575,1.2417289418920063e-12,34.05880859221272,-1.0,-1.0,0.9111456170139474,2.0
quadratic_+0.25,quadratic,-30.0,24,2026100224,1,,0.25,0.25,0.11389320212674342,0.3773291925465839,17.029404296106982,12.211251911416575,1.2417289418920063e-12,34.05880859221272,-1.0,-1.0,0.9111456170139474,2.0
quadratic_+0.25,quadratic,-30.0,23,2026100223,1,,0.25,0.25,0.11389320212674342,0.3773291925465839,17.029404296106982,12.211251911416575,1.2417289418920063e-12,34.05880859221272,-1.0,-1.0,0.9111456170139474,2.0
quadratic_+0.25,quadratic,-30.0,27,2026100227,1,,0.25,0.25,0.11389320212674342,0.3773291925465839,17.029404296106982,12.211251911416575,1.2417289418920063e-12,34.05880859221272,-1.0,-1.0,0.9111456170139474,2.0
quadratic_+0.25,quadratic,-30.0,25,2026100225,1,,0.25,0.25,0.11389320212674342,0.3773291925465839,17.029404296106982,12.211251911416575,1.2417289418920063e-12,34.05880859221272,-1.0,-1.0,0.9111456170139474,2.0
quadratic_+0.25,quadratic,-30.0,28,2026100228,1,,0.25,0.25,0.11389320212674342,0.3773291925465839,17.029404296106982,12.211251911416575,1.2417289418920063e-12,34.05880859221272,-1.0,-1.0,0.9111456170139474,2.0
quadratic_+0.25,quadratic,-30.0,18,2026100218,0,,0.25,0.25,0.11389320212674342,0.3773291925465839,17.029404296106982,12.211251911416575,1.2417289418920063e-12,34.05880859221272,-1.0,-1.0,0.9111456170139474,2.0
quadratic_+0.25,quadratic,-30.0,29,2026100229,1,,0.25,0.25,0.11389320212674342,0.3773291925465839,17.029404296106982,12.211251911416575,1.2417289418920063e-12,34.05880859221272,-1.0,-1.0,0.9111456170139474,2.0
quadratic_+0.25,quadratic,-30.0,31,2026100231,1,,0.25,0.25,0.11389320212674342,0.3773291925465839,17.029404296106982,12.211251911416575,1.2417289418920063e-12,34.05880859221272,-1.0,-1.0,0.9111456170139474,2.0
quadratic_+0.25,quadratic,-30.0,32,2026100232,1,,0.25,0.25,0.11389320212674342,0.3773291925465839,17.029404296106982,12.211251911416575,1.2417289418920063e-12,34.05880859221272,-1.0,-1.0,0.9111456170139474,2.0
quadratic_+0.25,quadratic,-30.0,34,2026100234,1,,0.25,0.25,0.11389320212674342,0.3773291925465839,17.029404296106982,12.211251911416575,1.2417289418920063e-12,34.05880859221272,-1.0,-1.0,0.9111456170139474,2.0
quadratic_+0.25,quadratic,-30.0,33,2026100233,1,,0.25,0.25,0.11389320212674342,0.3773291925465839,17.029404296106982,12.211251911416575,1.2417289418920063e-12,34.05880859221272,-1.0,-1.0,0.9111456170139474,2.0
quadratic_+0.25,quadratic,-30.0,35,2026100235,1,,0.25,0.25,0.11389320212674342,0.3773291925465839,17.029404296106982,12.211251911416575,1.2417289418920063e-12,34.05880859221272,-1.0,-1.0,0.9111456170139474,2.0
quadratic_+0.25,quadratic,-30.0,30,2026100230,1,,0.25,0.25,0.11389320212674342,0.3773291925465839,17.029404296106982,12.211251911416575,1.2417289418920063e-12,34.05880859221272,-1.0,-1.0,0.9111456170139474,2.0
quadratic_+0.25,quadratic,-30.0,26,2026100226,0,,0.25,0.25,0.11389320212674342,0.3773291925465839,17.029404296106982,12.211251911416575,1.2417289418920063e-12,34.05880859221272,-1.0,-1.0,0.9111456170139474,2.0
quadratic_+0.25,quadratic,-30.0,36,2026100236,1,,0.25,0.25,0.11389320212674342,0.3773291925465839,17.029404296106982,12.211251911416575,1.2417289418920063e-12,34.05880859221272,-1.0,-1.0,0.9111456170139474,2.0
quadratic_+0.25,quadratic,-30.0,39,2026100239,1,,0.25,0.25,0.11389320212674342,0.3773291925465839,17.029404296106982,12.211251911416575,1.2417289418920063e-12,34.05880859221272,-1.0,-1.0,0.9111456170139474,2.0
quadratic_+0.25,quadratic,-30.0,40,2026100240,1,,0.25,0.25,0.11389320212674342,0.3773291925465839,17.029404296106982,12.211251911416575,1.2417289418920063e-12,34.05880859221272,-1.0,-1.0,0.9111456170139474,2.0
quadratic_+0.25,quadratic,-30.0,38,2026100238,1,,0.25,0.25,0.11389320212674342,0.3773291925465839,17.029404296106982,12.211251911416575,1.2417289418920063e-12,34.05880859221272,-1.0,-1.0,0.9111456170139474,2.0
quadratic_+0.25,quadratic,-30.0,37,2026100237,1,,0.25,0.25,0.11389320212674342,0.3773291925465839,17.029404296106982,12.211251911416575,1.2417289418920063e-12,34.05880859221272,-1.0,-1.0,0.9111456170139474,2.0
quadratic_+0.25,quadratic,-30.0,41,2026100241,1,,0.25,0.25,0.11389320212674342,0.3773291925465839,17.029404296106982,12.211251911416575,1.2417289418920063e-12,34.05880859221272,-1.0,-1.0,0.9111456170139474,2.0
quadratic_+0.25,quadratic,-30.0,43,2026100243,1,,0.25,0.25,0.11389320212674342,0.3773291925465839,17.029404296106982,12.211251911416575,1.2417289418920063e-12,34.05880859221272,-1.0,-1.0,0.9111456170139474,2.0
quadratic_+0.25,quadratic,-30.0,46,2026100246,1,,0.25,0.25,0.11389320212674342,0.3773291925465839,17.029404296106982,12.211251911416575,1.2417289418920063e-12,34.05880859221272,-1.0,-1.0,0.9111456170139474,2.0
quadratic_+0.25,quadratic,-30.0,47,2026100247,1,,0.25,0.25,0.11389320212674342,0.3773291925465839,17.029404296106982,12.211251911416575,1.2417289418920063e-12,34.05880859221272,-1.0,-1.0,0.9111456170139474,2.0
quadratic_+0.25,quadratic,-30.0,42,2026100242,1,,0.25,0.25,0.11389320212674342,0.3773291925465839,17.029404296106982,12.211251911416575,1.2417289418920063e-12,34.05880859221272,-1.0,-1.0,0.9111456170139474,2.0
quadratic_+0.25,quadratic,-30.0,48,2026100248,1,,0.25,0.25,0.11389320212674342,0.3773291925465839,17.029404296106982,12.211251911416575,1.2417289418920063e-12,34.05880859221272,-1.0,-1.0,0.9111456170139474,2.0
quadratic_+0.25,quadratic,-30.0,44,2026100244,1,,0.25,0.25,0.11389320212674342,0.3773291925465839,17.029404296106982,12.211251911416575,1.2417289418920063e-12,34.05880859221272,-1.0,-1.0,0.9111456170139474,2.0
quadratic_+0.25,quadratic,-30.0,50,2026100250,1,,0.25,0.25,0.11389320212674342,0.3773291925465839,17.029404296106982,12.211251911416575,1.2417289418920063e-12,34.05880859221272,-1.0,-1.0,0.9111456170139474,2.0
quadratic_+0.25,quadratic,-30.0,45,2026100245,1,,0.25,0.25,0.11389320212674342,0.3773291925465839,17.029404296106982,12.211251911416575,1.2417289418920063e-12,34.05880859221272,-1.0,-1.0,0.9111456170139474,2.0
quadratic_+0.25,quadratic,-30.0,52,2026100252,1,,0.25,0.25,0.11389320212674342,0.3773291925465839,17.029404296106982,12.211251911416575,1.2417289418920063e-12,34.05880859221272,-1.0,-1.0,0.9111456170139474,2.0
quadratic_+0.25,quadratic,-30.0,54,2026100254,1,,0.25,0.25,0.11389320212674342,0.3773291925465839,17.029404296106982,12.211251911416575,1.2417289418920063e-12,34.05880859221272,-1.0,-1.0,0.9111456170139474,2.0
quadratic_+0.25,quadratic,-30.0,49,2026100249,1,,0.25,0.25,0.11389320212674342,0.3773291925465839,17.029404296106982,12.211251911416575,1.2417289418920063e-12,34.05880859221272,-1.0,-1.0,0.9111456170139474,2.0
quadratic_+0.25,quadratic,-30.0,51,2026100251,1,,0.25,0.25,0.11389320212674342,0.3773291925465839,17.029404296106982,12.211251911416575,1.2417289418920063e-12,34.05880859221272,-1.0,-1.0,0.9111456170139474,2.0
quadratic_+0.25,quadratic,-30.0,55,2026100255,1,,0.25,0.25,0.11389320212674342,0.3773291925465839,17.029404296106982,12.211251911416575,1.2417289418920063e-12,34.05880859221272,-1.0,-1.0,0.9111456170139474,2.0
quadratic_+0.25,quadratic,-30.0,56,2026100256,1,,0.25,0.25,0.11389320212674342,0.3773291925465839,17.029404296106982,12.211251911416575,1.2417289418920063e-12,34.05880859221272,-1.0,-1.0,0.9111456170139474,2.0
quadratic_+0.25,quadratic,-30.0,53,2026100253,1,,0.25,0.25,0.11389320212674342,0.3773291925465839,17.029404296106982,12.211251911416575,1.2417289418920063e-12,34.05880859221272,-1.0,-1.0,0.9111456170139474,2.0
quadratic_+0.25,quadratic,-30.0,57,2026100257,1,,0.25,0.25,0.11389320212674342,0.3773291925465839,17.029404296106982,12.211251911416575,1.2417289418920063e-12,34.05880859221272,-1.0,-1.0,0.9111456170139474,2.0
quadratic_+0.25,quadratic,-30.0,58,2026100258,1,,0.25,0.25,0.11389320212674342,0.3773291925465839,17.029404296106982,12.211251911416575,1.2417289418920063e-12,34.05880859221272,-1.0,-1.0,0.9111456170139474,2.0
quadratic_+0.25,quadratic,-30.0,60,2026100260,1,,0.25,0.25,0.11389320212674342,0.3773291925465839,17.029404296106982,12.211251911416575,1.2417289418920063e-12,34.05880859221272,-1.0,-1.0,0.9111456170139474,2.0
quadratic_+0.25,quadratic,-30.0,61,2026100261,1,,0.25,0.25,0.11389320212674342,0.3773291925465839,17.029404296106982,12.211251911416575,1.2417289418920063e-12,34.05880859221272,-1.0,-1.0,0.9111456170139474,2.0
quadratic_+0.25,quadratic,-30.0,62,2026100262,1,,0.25,0.25,0.11389320212674342,0.3773291925465839,17.029404296106982,12.211251911416575,1.2417289418920063e-12,34.05880859221272,-1.0,-1.0,0.9111456170139474,2.0
quadratic_+0.25,quadratic,-30.0,65,2026100265,1,,0.25,0.25,0.11389320212674342,0.3773291925465839,17.029404296106982,12.211251911416575,1.2417289418920063e-12,34.05880859221272,-1.0,-1.0,0.9111456170139474,2.0
quadratic_+0.25,quadratic,-30.0,64,2026100264,1,,0.25,0.25,0.11389320212674342,0.3773291925465839,17.029404296106982,12.211251911416575,1.2417289418920063e-12,34.05880859221272,-1.0,-1.0,0.9111456170139474,2.0
quadratic_+0.25,quadratic,-30.0,59,2026100259,0,,0.25,0.25,0.11389320212674342,0.3773291925465839,17.029404296106982,12.211251911416575,1.2417289418920063e-12,34.05880859221272,-1.0,-1.0,0.9111456170139474,2.0
quadratic_+0.25,quadratic,-30.0,66,2026100266,1,,0.25,0.25,0.11389320212674342,0.3773291925465839,17.029404296106982,12.211251911416575,1.2417289418920063e-12,34.05880859221272,-1.0,-1.0,0.9111456170139474,2.0
quadratic_+0.25,quadratic,-30.0,68,2026100268,1,,0.25,0.25,0.11389320212674342,0.3773291925465839,17.029404296106982,12.211251911416575,1.2417289418920063e-12,34.05880859221272,-1.0,-1.0,0.9111456170139474,2.0
quadratic_+0.25,quadratic,-30.0,63,2026100263,0,,0.25,0.25,0.11389320212674342,0.3773291925465839,17.029404296106982,12.211251911416575,1.2417289418920063e-12,34.05880859221272,-1.0,-1.0,0.9111456170139474,2.0
quadratic_+0.25,quadratic,-30.0,69,2026100269,1,,0.25,0.25,0.11389320212674342,0.3773291925465839,17.029404296106982,12.211251911416575,1.2417289418920063e-12,34.05880859221272,-1.0,-1.0,0.9111456170139474,2.0
quadratic_+0.25,quadratic,-30.0,70,2026100270,1,,0.25,0.25,0.11389320212674342,0.3773291925465839,17.029404296106982,12.211251911416575,1.2417289418920063e-12,34.05880859221272,-1.0,-1.0,0.9111456170139474,2.0
quadratic_+0.25,quadratic,-30.0,67,2026100267,0,,0.25,0.25,0.11389320212674342,0.3773291925465839,17.029404296106982,12.211251911416575,1.2417289418920063e-12,34.05880859221272,-1.0,-1.0,0.9111456170139474,2.0
quadratic_+0.25,quadratic,-30.0,72,2026100272,1,,0.25,0.25,0.11389320212674342,0.3773291925465839,17.029404296106982,12.211251911416575,1.2417289418920063e-12,34.05880859221272,-1.0,-1.0,0.9111456170139474,2.0
quadratic_+0.25,quadratic,-30.0,74,2026100274,1,,0.25,0.25,0.11389320212674342,0.3773291925465839,17.029404296106982,12.211251911416575,1.2417289418920063e-12,34.05880859221272,-1.0,-1.0,0.9111456170139474,2.0
quadratic_+0.25,quadratic,-30.0,73,2026100273,1,,0.25,0.25,0.11389320212674342,0.3773291925465839,17.029404296106982,12.211251911416575,1.2417289418920063e-12,34.05880859221272,-1.0,-1.0,0.9111456170139474,2.0
quadratic_+0.25,quadratic,-30.0,77,2026100277,1,,0.25,0.25,0.11389320212674342,0.3773291925465839,17.029404296106982,12.211251911416575,1.2417289418920063e-12,34.05880859221272,-1.0,-1.0,0.9111456170139474,2.0
quadratic_+0.25,quadratic,-30.0,76,2026100276,1,,0.25,0.25,0.11389320212674342,0.3773291925465839,17.029404296106982,12.211251911416575,1.2417289418920063e-12,34.05880859221272,-1.0,-1.0,0.9111456170139474,2.0
quadratic_+0.25,quadratic,-30.0,71,2026100271,0,,0.25,0.25,0.11389320212674342,0.3773291925465839,17.029404296106982,12.211251911416575,1.2417289418920063e-12,34.05880859221272,-1.0,-1.0,0.9111456170139474,2.0
quadratic_+0.25,quadratic,-30.0,75,2026100275,1,,0.25,0.25,0.11389320212674342,0.3773291925465839,17.029404296106982,12.211251911416575,1.2417289418920063e-12,34.05880859221272,-1.0,-1.0,0.9111456170139474,2.0
quadratic_+0.25,quadratic,-30.0,80,2026100280,1,,0.25,0.25,0.11389320212674342,0.3773291925465839,17.029404296106982,12.211251911416575,1.2417289418920063e-12,34.05880859221272,-1.0,-1.0,0.9111456170139474,2.0
quadratic_+0.25,quadratic,-30.0,81,2026100281,1,,0.25,0.25,0.11389320212674342,0.3773291925465839,17.029404296106982,12.211251911416575,1.2417289418920063e-12,34.05880859221272,-1.0,-1.0,0.9111456170139474,2.0
quadratic_+0.25,quadratic,-30.0,82,2026100282,1,,0.25,0.25,0.11389320212674342,0.3773291925465839,17.029404296106982,12.211251911416575,1.2417289418920063e-12,34.05880859221272,-1.0,-1.0,0.9111456170139474,2.0
quadratic_+0.25,quadratic,-30.0,78,2026100278,1,,0.25,0.25,0.11389320212674342,0.3773291925465839,17.029404296106982,12.211251911416575,1.2417289418920063e-12,34.05880859221272,-1.0,-1.0,0.9111456170139474,2.0
quadratic_+0.25,quadratic,-30.0,83,2026100283,1,,0.25,0.25,0.11389320212674342,0.3773291925465839,17.029404296106982,12.211251911416575,1.2417289418920063e-12,34.05880859221272,-1.0,-1.0,0.9111456170139474,2.0
quadratic_+0.25,quadratic,-30.0,86,2026100286,1,,0.25,0.25,0.11389320212674342,0.3773291925465839,17.029404296106982,12.211251911416575,1.2417289418920063e-12,34.05880859221272,-1.0,-1.0,0.9111456170139474,2.0
quadratic_+0.25,quadratic,-30.0,85,2026100285,1,,0.25,0.25,0.11389320212674342,0.3773291925465839,17.029404296106982,12.211251911416575,1.2417289418920063e-12,34.05880859221272,-1.0,-1.0,0.9111456170139474,2.0
quadratic_+0.25,quadratic,-30.0,79,2026100279,0,,0.25,0.25,0.11389320212674342,0.3773291925465839,17.029404296106982,12.211251911416575,1.2417289418920063e-12,34.05880859221272,-1.0,-1.0,0.9111456170139474,2.0
quadratic_+0.25,quadratic,-30.0,89,2026100289,1,,0.25,0.25,0.11389320212674342,0.3773291925465839,17.029404296106982,12.211251911416575,1.2417289418920063e-12,34.05880859221272,-1.0,-1.0,0.9111456170139474,2.0
quadratic_+0.25,quadratic,-30.0,84,2026100284,1,,0.25,0.25,0.11389320212674342,0.3773291925465839,17.029404296106982,12.211251911416575,1.2417289418920063e-12,34.05880859221272,-1.0,-1.0,0.9111456170139474,2.0
quadratic_+0.25,quadratic,-30.0,90,2026100290,1,,0.25,0.25,0.11389320212674342,0.3773291925465839,17.029404296106982,12.211251911416575,1.2417289418920063e-12,34.05880859221272,-1.0,-1.0,0.9111456170139474,2.0
quadratic_+0.25,quadratic,-30.0,87,2026100287,1,,0.25,0.25,0.11389320212674342,0.3773291925465839,17.029404296106982,12.211251911416575,1.2417289418920063e-12,34.05880859221272,-1.0,-1.0,0.9111456170139474,2.0
quadratic_+0.25,quadratic,-30.0,88,2026100288,1,,0.25,0.25,0.11389320212674342,0.3773291925465839,17.029404296106982,12.211251911416575,1.2417289418920063e-12,34.05880859221272,-1.0,-1.0,0.9111456170139474,2.0
quadratic_+0.25,quadratic,-30.0,93,2026100293,1,,0.25,0.25,0.11389320212674342,0.3773291925465839,17.029404296106982,12.211251911416575,1.2417289418920063e-12,34.05880859221272,-1.0,-1.0,0.9111456170139474,2.0
quadratic_+0.25,quadratic,-30.0,95,2026100295,1,,0.25,0.25,0.11389320212674342,0.3773291925465839,17.029404296106982,12.211251911416575,1.2417289418920063e-12,34.05880859221272,-1.0,-1.0,0.9111456170139474,2.0
quadratic_+0.25,quadratic,-30.0,91,2026100291,1,,0.25,0.25,0.11389320212674342,0.3773291925465839,17.029404296106982,12.211251911416575,1.2417289418920063e-12,34.05880859221272,-1.0,-1.0,0.9111456170139474,2.0
quadratic_+0.25,quadratic,-30.0,96,2026100296,1,,0.25,0.25,0.11389320212674342,0.3773291925465839,17.029404296106982,12.211251911416575,1.2417289418920063e-12,34.05880859221272,-1.0,-1.0,0.9111456170139474,2.0
quadratic_+0.25,quadratic,-30.0,98,2026100298,1,,0.25,0.25,0.11389320212674342,0.3773291925465839,17.029404296106982,12.211251911416575,1.2417289418920063e-12,34.05880859221272,-1.0,-1.0,0.9111456170139474,2.0
quadratic_+0.25,quadratic,-30.0,94,2026100294,1,,0.25,0.25,0.11389320212674342,0.3773291925465839,17.029404296106982,12.211251911416575,1.2417289418920063e-12,34.05880859221272,-1.0,-1.0,0.9111456170139474,2.0
quadratic_+0.25,quadratic,-30.0,97,2026100297,1,,0.25,0.25,0.11389320212674342,0.3773291925465839,17.029404296106982,12.211251911416575,1.2417289418920063e-12,34.05880859221272,-1.0,-1.0,0.9111456170139474,2.0
quadratic_+0.25,quadratic,-30.0,92,2026100292,0,,0.25,0.25,0.11389320212674342,0.3773291925465839,17.029404296106982,12.211251911416575,1.2417289418920063e-12,34.05880859221272,-1.0,-1.0,0.9111456170139474,2.0
quadratic_+0.25,quadratic,-30.0,99,2026100299,1,,0.25,0.25,0.11389320212674342,0.3773291925465839,17.029404296106982,12.211251911416575,1.2417289418920063e-12,34.05880859221272,-1.0,-1.0,0.9111456170139474,2.0
quadratic_-0.25,quadratic,-30.0,0,2026100200,1,,-0.25,0.25,0.11389320212674342,0.3773291925465839,17.029404296106982,12.211251911416575,-1.2417289418920063e-12,34.05880859221272,1.0,1.0,0.0,0.0
quadratic_-0.25,quadratic,-30.0,4,2026100204,1,,-0.25,0.25,0.11389320212674342,0.3773291925465839,17.029404296106982,12.211251911416575,-1.2417289418920063e-12,34.05880859221272,1.0,1.0,0.0,0.0
quadratic_-0.25,quadratic,-30.0,2,2026100202,1,,-0.25,0.25,0.11389320212674342,0.3773291925465839,17.029404296106982,12.211251911416575,-1.2417289418920063e-12,34.05880859221272,1.0,1.0,0.0,0.0
quadratic_-0.25,quadratic,-30.0,3,2026100203,1,,-0.25,0.25,0.11389320212674342,0.3773291925465839,17.029404296106982,12.211251911416575,-1.2417289418920063e-12,34.05880859221272,1.0,1.0,0.0,0.0
quadratic_-0.25,quadratic,-30.0,1,2026100201,1,,-0.25,0.25,0.11389320212674342,0.3773291925465839,17.029404296106982,12.211251911416575,-1.2417289418920063e-12,34.05880859221272,1.0,1.0,0.0,0.0
quadratic_-0.25,quadratic,-30.0,8,2026100208,1,,-0.25,0.25,0.11389320212674342,0.3773291925465839,17.029404296106982,12.211251911416575,-1.2417289418920063e-12,34.05880859221272,1.0,1.0,0.0,0.0
quadratic_-0.25,quadratic,-30.0,5,2026100205,1,,-0.25,0.25,0.11389320212674342,0.3773291925465839,17.029404296106982,12.211251911416575,-1.2417289418920063e-12,34.05880859221272,1.0,1.0,0.0,0.0
quadratic_-0.25,quadratic,-30.0,7,2026100207,1,,-0.25,0.25,0.11389320212674342,0.3773291925465839,17.029404296106982,12.211251911416575,-1.2417289418920063e-12,34.05880859221272,1.0,1.0,0.0,0.0
quadratic_-0.25,quadratic,-30.0,6,2026100206,1,,-0.25,0.25,0.11389320212674342,0.3773291925465839,17.029404296106982,12.211251911416575,-1.2417289418920063e-12,34.05880859221272,1.0,1.0,0.0,0.0
quadratic_-0.25,quadratic,-30.0,11,2026100211,1,,-0.25,0.25,0.11389320212674342,0.3773291925465839,17.029404296106982,12.211251911416575,-1.2417289418920063e-12,34.05880859221272,1.0,1.0,0.0,0.0
quadratic_-0.25,quadratic,-30.0,9,2026100209,1,,-0.25,0.25,0.11389320212674342,0.3773291925465839,17.029404296106982,12.211251911416575,-1.2417289418920063e-12,34.05880859221272,1.0,1.0,0.0,0.0
quadratic_-0.25,quadratic,-30.0,10,2026100210,1,,-0.25,0.25,0.11389320212674342,0.3773291925465839,17.029404296106982,12.211251911416575,-1.2417289418920063e-12,34.05880859221272,1.0,1.0,0.0,0.0
quadratic_-0.25,quadratic,-30.0,14,2026100214,1,,-0.25,0.25,0.11389320212674342,0.3773291925465839,17.029404296106982,12.211251911416575,-1.2417289418920063e-12,34.05880859221272,1.0,1.0,0.0,0.0
quadratic_-0.25,quadratic,-30.0,15,2026100215,1,,-0.25,0.25,0.11389320212674342,0.3773291925465839,17.029404296106982,12.211251911416575,-1.2417289418920063e-12,34.05880859221272,1.0,1.0,0.0,0.0
quadratic_-0.25,quadratic,-30.0,12,2026100212,1,,-0.25,0.25,0.11389320212674342,0.3773291925465839,17.029404296106982,12.211251911416575,-1.2417289418920063e-12,34.05880859221272,1.0,1.0,0.0,0.0
quadratic_-0.25,quadratic,-30.0,16,2026100216,1,,-0.25,0.25,0.11389320212674342,0.3773291925465839,17.029404296106982,12.211251911416575,-1.2417289418920063e-12,34.05880859221272,1.0,1.0,0.0,0.0
quadratic_-0.25,quadratic,-30.0,19,2026100219,1,,-0.25,0.25,0.11389320212674342,0.3773291925465839,17.029404296106982,12.211251911416575,-1.2417289418920063e-12,34.05880859221272,1.0,1.0,0.0,0.0
quadratic_-0.25,quadratic,-30.0,17,2026100217,1,,-0.25,0.25,0.11389320212674342,0.3773291925465839,17.029404296106982,12.211251911416575,-1.2417289418920063e-12,34.05880859221272,1.0,1.0,0.0,0.0
quadratic_-0.25,quadratic,-30.0,20,2026100220,1,,-0.25,0.25,0.11389320212674342,0.3773291925465839,17.029404296106982,12.211251911416575,-1.2417289418920063e-12,34.05880859221272,1.0,1.0,0.0,0.0
quadratic_-0.25,quadratic,-30.0,21,2026100221,1,,-0.25,0.25,0.11389320212674342,0.3773291925465839,17.029404296106982,12.211251911416575,-1.2417289418920063e-12,34.05880859221272,1.0,1.0,0.0,0.0
quadratic_-0.25,quadratic,-30.0,22,2026100222,1,,-0.25,0.25,0.11389320212674342,0.3773291925465839,17.029404296106982,12.211251911416575,-1.2417289418920063e-12,34.05880859221272,1.0,1.0,0.0,0.0
quadratic_-0.25,quadratic,-30.0,23,2026100223,1,,-0.25,0.25,0.11389320212674342,0.3773291925465839,17.029404296106982,12.211251911416575,-1.2417289418920063e-12,34.05880859221272,1.0,1.0,0.0,0.0
quadratic_-0.25,quadratic,-30.0,18,2026100218,1,,-0.25,0.25,0.11389320212674342,0.3773291925465839,17.029404296106982,12.211251911416575,-1.2417289418920063e-12,34.05880859221272,1.0,1.0,0.0,0.0
quadratic_-0.25,quadratic,-30.0,13,2026100213,0,,-0.25,0.25,0.11389320212674342,0.3773291925465839,17.029404296106982,12.211251911416575,-1.2417289418920063e-12,34.05880859221272,1.0,1.0,0.0,0.0
quadratic_-0.25,quadratic,-30.0,26,2026100226,1,,-0.25,0.25,0.11389320212674342,0.3773291925465839,17.029404296106982,12.211251911416575,-1.2417289418920063e-12,34.05880859221272,1.0,1.0,0.0,0.0
quadratic_-0.25,quadratic,-30.0,27,2026100227,1,,-0.25,0.25,0.11389320212674342,0.3773291925465839,17.029404296106982,12.211251911416575,-1.2417289418920063e-12,34.05880859221272,1.0,1.0,0.0,0.0
quadratic_-0.25,quadratic,-30.0,25,2026100225,1,,-0.25,0.25,0.11389320212674342,0.3773291925465839,17.029404296106982,12.211251911416575,-1.2417289418920063e-12,34.05880859221272,1.0,1.0,0.0,0.0
quadratic_-0.25,quadratic,-30.0,24,2026100224,1,,-0.25,0.25,0.11389320212674342,0.3773291925465839,17.029404296106982,12.211251911416575,-1.2417289418920063e-12,34.05880859221272,1.0,1.0,0.0,0.0
quadratic_-0.25,quadratic,-30.0,31,2026100231,1,,-0.25,0.25,0.11389320212674342,0.3773291925465839,17.029404296106982,12.211251911416575,-1.2417289418920063e-12,34.05880859221272,1.0,1.0,0.0,0.0
quadratic_-0.25,quadratic,-30.0,29,2026100229,1,,-0.25,0.25,0.11389320212674342,0.3773291925465839,17.029404296106982,12.211251911416575,-1.2417289418920063e-12,34.05880859221272,1.0,1.0,0.0,0.0
quadratic_-0.25,quadratic,-30.0,32,2026100232,1,,-0.25,0.25,0.11389320212674342,0.3773291925465839,17.029404296106982,12.211251911416575,-1.2417289418920063e-12,34.05880859221272,1.0,1.0,0.0,0.0
quadratic_-0.25,quadratic,-30.0,30,2026100230,1,,-0.25,0.25,0.11389320212674342,0.3773291925465839,17.029404296106982,12.211251911416575,-1.2417289418920063e-12,34.05880859221272,1.0,1.0,0.0,0.0
quadratic_-0.25,quadratic,-30.0,35,2026100235,1,,-0.25,0.25,0.11389320212674342,0.3773291925465839,17.029404296106982,12.211251911416575,-1.2417289418920063e-12,34.05880859221272,1.0,1.0,0.0,0.0
quadratic_-0.25,quadratic,-30.0,34,2026100234,1,,-0.25,0.25,0.11389320212674342,0.3773291925465839,17.029404296106982,12.211251911416575,-1.2417289418920063e-12,34.05880859221272,1.0,1.0,0.0,0.0
quadratic_-0.25,quadratic,-30.0,36,2026100236,1,,-0.25,0.25,0.11389320212674342,0.3773291925465839,17.029404296106982,12.211251911416575,-1.2417289418920063e-12,34.05880859221272,1.0,1.0,0.0,0.0
quadratic_-0.25,quadratic,-30.0,37,2026100237,1,,-0.25,0.25,0.11389320212674342,0.3773291925465839,17.029404296106982,12.211251911416575,-1.2417289418920063e-12,34.05880859221272,1.0,1.0,0.0,0.0
quadratic_-0.25,quadratic,-30.0,28,2026100228,0,,-0.25,0.25,0.11389320212674342,0.3773291925465839,17.029404296106982,12.211251911416575,-1.2417289418920063e-12,34.05880859221272,1.0,1.0,0.0,0.0
quadratic_-0.25,quadratic,-30.0,39,2026100239,1,,-0.25,0.25,0.11389320212674342,0.3773291925465839,17.029404296106982,12.211251911416575,-1.2417289418920063e-12,34.05880859221272,1.0,1.0,0.0,0.0
quadratic_-0.25,quadratic,-30.0,40,2026100240,1,,-0.25,0.25,0.11389320212674342,0.3773291925465839,17.029404296106982,12.211251911416575,-1.2417289418920063e-12,34.05880859221272,1.0,1.0,0.0,0.0
quadratic_-0.25,quadratic,-30.0,33,2026100233,0,,-0.25,0.25,0.11389320212674342,0.3773291925465839,17.029404296106982,12.211251911416575,-1.2417289418920063e-12,34.05880859221272,1.0,1.0,0.0,0.0
quadratic_-0.25,quadratic,-30.0,41,2026100241,1,,-0.25,0.25,0.11389320212674342,0.3773291925465839,17.029404296106982,12.211251911416575,-1.2417289418920063e-12,34.05880859221272,1.0,1.0,0.0,0.0
quadratic_-0.25,quadratic,-30.0,42,2026100242,1,,-0.25,0.25,0.11389320212674342,0.3773291925465839,17.029404296106982,12.211251911416575,-1.2417289418920063e-12,34.05880859221272,1.0,1.0,0.0,0.0
quadratic_-0.25,quadratic,-30.0,43,2026100243,1,,-0.25,0.25,0.11389320212674342,0.3773291925465839,17.029404296106982,12.211251911416575,-1.2417289418920063e-12,34.05880859221272,1.0,1.0,0.0,0.0
quadratic_-0.25,quadratic,-30.0,45,2026100245,1,,-0.25,0.25,0.11389320212674342,0.3773291925465839,17.029404296106982,12.211251911416575,-1.2417289418920063e-12,34.05880859221272,1.0,1.0,0.0,0.0
quadratic_-0.25,quadratic,-30.0,38,2026100238,1,,-0.25,0.25,0.11389320212674342,0.3773291925465839,17.029404296106982,12.211251911416575,-1.2417289418920063e-12,34.05880859221272,1.0,1.0,0.0,0.0
quadratic_-0.25,quadratic,-30.0,47,2026100247,1,,-0.25,0.25,0.11389320212674342,0.3773291925465839,17.029404296106982,12.211251911416575,-1.2417289418920063e-12,34.05880859221272,1.0,1.0,0.0,0.0
quadratic_-0.25,quadratic,-30.0,49,2026100249,1,,-0.25,0.25,0.11389320212674342,0.3773291925465839,17.029404296106982,12.211251911416575,-1.2417289418920063e-12,34.05880859221272,1.0,1.0,0.0,0.0
quadratic_-0.25,quadratic,-30.0,48,2026100248,1,,-0.25,0.25,0.11389320212674342,0.3773291925465839,17.029404296106982,12.211251911416575,-1.2417289418920063e-12,34.05880859221272,1.0,1.0,0.0,0.0
quadratic_-0.25,quadratic,-30.0,50,2026100250,1,,-0.25,0.25,0.11389320212674342,0.3773291925465839,17.029404296106982,12.211251911416575,-1.2417289418920063e-12,34.05880859221272,1.0,1.0,0.0,0.0
quadratic_-0.25,quadratic,-30.0,52,2026100252,1,,-0.25,0.25,0.11389320212674342,0.3773291925465839,17.029404296106982,12.211251911416575,-1.2417289418920063e-12,34.05880859221272,1.0,1.0,0.0,0.0
quadratic_-0.25,quadratic,-30.0,51,2026100251,1,,-0.25,0.25,0.11389320212674342,0.3773291925465839,17.029404296106982,12.211251911416575,-1.2417289418920063e-12,34.05880859221272,1.0,1.0,0.0,0.0
quadratic_-0.25,quadratic,-30.0,44,2026100244,0,,-0.25,0.25,0.11389320212674342,0.3773291925465839,17.029404296106982,12.211251911416575,-1.2417289418920063e-12,34.05880859221272,1.0,1.0,0.0,0.0
quadratic_-0.25,quadratic,-30.0,53,2026100253,1,,-0.25,0.25,0.11389320212674342,0.3773291925465839,17.029404296106982,12.211251911416575,-1.2417289418920063e-12,34.05880859221272,1.0,1.0,0.0,0.0
quadratic_-0.25,quadratic,-30.0,46,2026100246,0,,-0.25,0.25,0.11389320212674342,0.3773291925465839,17.029404296106982,12.211251911416575,-1.2417289418920063e-12,34.05880859221272,1.0,1.0,0.0,0.0
quadratic_-0.25,quadratic,-30.0,54,2026100254,1,,-0.25,0.25,0.11389320212674342,0.3773291925465839,17.029404296106982,12.211251911416575,-1.2417289418920063e-12,34.05880859221272,1.0,1.0,0.0,0.0
quadratic_-0.25,quadratic,-30.0,56,2026100256,1,,-0.25,0.25,0.11389320212674342,0.3773291925465839,17.029404296106982,12.211251911416575,-1.2417289418920063e-12,34.05880859221272,1.0,1.0,0.0,0.0
quadratic_-0.25,quadratic,-30.0,57,2026100257,1,,-0.25,0.25,0.11389320212674342,0.3773291925465839,17.029404296106982,12.211251911416575,-1.2417289418920063e-12,34.05880859221272,1.0,1.0,0.0,0.0
quadratic_-0.25,quadratic,-30.0,60,2026100260,1,,-0.25,0.25,0.11389320212674342,0.3773291925465839,17.029404296106982,12.211251911416575,-1.2417289418920063e-12,34.05880859221272,1.0,1.0,0.0,0.0
quadratic_-0.25,quadratic,-30.0,58,2026100258,1,,-0.25,0.25,0.11389320212674342,0.3773291925465839,17.029404296106982,12.211251911416575,-1.2417289418920063e-12,34.05880859221272,1.0,1.0,0.0,0.0
quadratic_-0.25,quadratic,-30.0,61,2026100261,1,,-0.25,0.25,0.11389320212674342,0.3773291925465839,17.029404296106982,12.211251911416575,-1.2417289418920063e-12,34.05880859221272,1.0,1.0,0.0,0.0
quadratic_-0.25,quadratic,-30.0,63,2026100263,1,,-0.25,0.25,0.11389320212674342,0.3773291925465839,17.029404296106982,12.211251911416575,-1.2417289418920063e-12,34.05880859221272,1.0,1.0,0.0,0.0
quadratic_-0.25,quadratic,-30.0,55,2026100255,0,,-0.25,0.25,0.11389320212674342,0.3773291925465839,17.029404296106982,12.211251911416575,-1.2417289418920063e-12,34.05880859221272,1.0,1.0,0.0,0.0
quadratic_-0.25,quadratic,-30.0,62,2026100262,1,,-0.25,0.25,0.11389320212674342,0.3773291925465839,17.029404296106982,12.211251911416575,-1.2417289418920063e-12,34.05880859221272,1.0,1.0,0.0,0.0
quadratic_-0.25,quadratic,-30.0,65,2026100265,1,,-0.25,0.25,0.11389320212674342,0.3773291925465839,17.029404296106982,12.211251911416575,-1.2417289418920063e-12,34.05880859221272,1.0,1.0,0.0,0.0
quadratic_-0.25,quadratic,-30.0,59,2026100259,0,,-0.25,0.25,0.11389320212674342,0.3773291925465839,17.029404296106982,12.211251911416575,-1.2417289418920063e-12,34.05880859221272,1.0,1.0,0.0,0.0
quadratic_-0.25,quadratic,-30.0,66,2026100266,1,,-0.25,0.25,0.11389320212674342,0.3773291925465839,17.029404296106982,12.211251911416575,-1.2417289418920063e-12,34.05880859221272,1.0,1.0,0.0,0.0
quadratic_-0.25,quadratic,-30.0,68,2026100268,1,,-0.25,0.25,0.11389320212674342,0.3773291925465839,17.029404296106982,12.211251911416575,-1.2417289418920063e-12,34.05880859221272,1.0,1.0,0.0,0.0
quadratic_-0.25,quadratic,-30.0,69,2026100269,1,,-0.25,0.25,0.11389320212674342,0.3773291925465839,17.029404296106982,12.211251911416575,-1.2417289418920063e-12,34.05880859221272,1.0,1.0,0.0,0.0
quadratic_-0.25,quadratic,-30.0,70,2026100270,1,,-0.25,0.25,0.11389320212674342,0.3773291925465839,17.029404296106982,12.211251911416575,-1.2417289418920063e-12,34.05880859221272,1.0,1.0,0.0,0.0
quadratic_-0.25,quadratic,-30.0,64,2026100264,1,,-0.25,0.25,0.11389320212674342,0.3773291925465839,17.029404296106982,12.211251911416575,-1.2417289418920063e-12,34.05880859221272,1.0,1.0,0.0,0.0
quadratic_-0.25,quadratic,-30.0,67,2026100267,1,,-0.25,0.25,0.11389320212674342,0.3773291925465839,17.029404296106982,12.211251911416575,-1.2417289418920063e-12,34.05880859221272,1.0,1.0,0.0,0.0
quadratic_-0.25,quadratic,-30.0,72,2026100272,1,,-0.25,0.25,0.11389320212674342,0.3773291925465839,17.029404296106982,12.211251911416575,-1.2417289418920063e-12,34.05880859221272,1.0,1.0,0.0,0.0
quadratic_-0.25,quadratic,-30.0,75,2026100275,1,,-0.25,0.25,0.11389320212674342,0.3773291925465839,17.029404296106982,12.211251911416575,-1.2417289418920063e-12,34.05880859221272,1.0,1.0,0.0,0.0
quadratic_-0.25,quadratic,-30.0,73,2026100273,1,,-0.25,0.25,0.11389320212674342,0.3773291925465839,17.029404296106982,12.211251911416575,-1.2417289418920063e-12,34.05880859221272,1.0,1.0,0.0,0.0
quadratic_-0.25,quadratic,-30.0,74,2026100274,1,,-0.25,0.25,0.11389320212674342,0.3773291925465839,17.029404296106982,12.211251911416575,-1.2417289418920063e-12,34.05880859221272,1.0,1.0,0.0,0.0
quadratic_-0.25,quadratic,-30.0,71,2026100271,0,,-0.25,0.25,0.11389320212674342,0.3773291925465839,17.029404296106982,12.211251911416575,-1.2417289418920063e-12,34.05880859221272,1.0,1.0,0.0,0.0
quadratic_-0.25,quadratic,-30.0,77,2026100277,1,,-0.25,0.25,0.11389320212674342,0.3773291925465839,17.029404296106982,12.211251911416575,-1.2417289418920063e-12,34.05880859221272,1.0,1.0,0.0,0.0
quadratic_-0.25,quadratic,-30.0,80,2026100280,1,,-0.25,0.25,0.11389320212674342,0.3773291925465839,17.029404296106982,12.211251911416575,-1.2417289418920063e-12,34.05880859221272,1.0,1.0,0.0,0.0
quadratic_-0.25,quadratic,-30.0,78,2026100278,1,,-0.25,0.25,0.11389320212674342,0.3773291925465839,17.029404296106982,12.211251911416575,-1.2417289418920063e-12,34.05880859221272,1.0,1.0,0.0,0.0
quadratic_-0.25,quadratic,-30.0,79,2026100279,1,,-0.25,0.25,0.11389320212674342,0.3773291925465839,17.029404296106982,12.211251911416575,-1.2417289418920063e-12,34.05880859221272,1.0,1.0,0.0,0.0
quadratic_-0.25,quadratic,-30.0,83,2026100283,1,,-0.25,0.25,0.11389320212674342,0.3773291925465839,17.029404296106982,12.211251911416575,-1.2417289418920063e-12,34.05880859221272,1.0,1.0,0.0,0.0
quadratic_-0.25,quadratic,-30.0,76,2026100276,0,,-0.25,0.25,0.11389320212674342,0.3773291925465839,17.029404296106982,12.211251911416575,-1.2417289418920063e-12,34.05880859221272,1.0,1.0,0.0,0.0
quadratic_-0.25,quadratic,-30.0,85,2026100285,1,,-0.25,0.25,0.11389320212674342,0.3773291925465839,17.029404296106982,12.211251911416575,-1.2417289418920063e-12,34.05880859221272,1.0,1.0,0.0,0.0
quadratic_-0.25,quadratic,-30.0,82,2026100282,1,,-0.25,0.25,0.11389320212674342,0.3773291925465839,17.029404296106982,12.211251911416575,-1.2417289418920063e-12,34.05880859221272,1.0,1.0,0.0,0.0
quadratic_-0.25,quadratic,-30.0,81,2026100281,1,,-0.25,0.25,0.11389320212674342,0.3773291925465839,17.029404296106982,12.211251911416575,-1.2417289418920063e-12,34.05880859221272,1.0,1.0,0.0,0.0
quadratic_-0.25,quadratic,-30.0,86,2026100286,1,,-0.25,0.25,0.11389320212674342,0.3773291925465839,17.029404296106982,12.211251911416575,-1.2417289418920063e-12,34.05880859221272,1.0,1.0,0.0,0.0
quadratic_-0.25,quadratic,-30.0,84,2026100284,1,,-0.25,0.25,0.11389320212674342,0.3773291925465839,17.029404296106982,12.211251911416575,-1.2417289418920063e-12,34.05880859221272,1.0,1.0,0.0,0.0
quadratic_-0.25,quadratic,-30.0,87,2026100287,1,,-0.25,0.25,0.11389320212674342,0.3773291925465839,17.029404296106982,12.211251911416575,-1.2417289418920063e-12,34.05880859221272,1.0,1.0,0.0,0.0
quadratic_-0.25,quadratic,-30.0,88,2026100288,1,,-0.25,0.25,0.11389320212674342,0.3773291925465839,17.029404296106982,12.211251911416575,-1.2417289418920063e-12,34.05880859221272,1.0,1.0,0.0,0.0
quadratic_-0.25,quadratic,-30.0,89,2026100289,1,,-0.25,0.25,0.11389320212674342,0.3773291925465839,17.029404296106982,12.211251911416575,-1.2417289418920063e-12,34.05880859221272,1.0,1.0,0.0,0.0
quadratic_-0.25,quadratic,-30.0,90,2026100290,1,,-0.25,0.25,0.11389320212674342,0.3773291925465839,17.029404296106982,12.211251911416575,-1.2417289418920063e-12,34.05880859221272,1.0,1.0,0.0,0.0
quadratic_-0.25,quadratic,-30.0,94,2026100294,1,,-0.25,0.25,0.11389320212674342,0.3773291925465839,17.029404296106982,12.211251911416575,-1.2417289418920063e-12,34.05880859221272,1.0,1.0,0.0,0.0
quadratic_-0.25,quadratic,-30.0,95,2026100295,1,,-0.25,0.25,0.11389320212674342,0.3773291925465839,17.029404296106982,12.211251911416575,-1.2417289418920063e-12,34.05880859221272,1.0,1.0,0.0,0.0
quadratic_-0.25,quadratic,-30.0,92,2026100292,1,,-0.25,0.25,0.11389320212674342,0.3773291925465839,17.029404296106982,12.211251911416575,-1.2417289418920063e-12,34.05880859221272,1.0,1.0,0.0,0.0
quadratic_-0.25,quadratic,-30.0,96,2026100296,1,,-0.25,0.25,0.11389320212674342,0.3773291925465839,17.029404296106982,12.211251911416575,-1.2417289418920063e-12,34.05880859221272,1.0,1.0,0.0,0.0
quadratic_-0.25,quadratic,-30.0,97,2026100297,1,,-0.25,0.25,0.11389320212674342,0.3773291925465839,17.029404296106982,12.211251911416575,-1.2417289418920063e-12,34.05880859221272,1.0,1.0,0.0,0.0
quadratic_-0.25,quadratic,-30.0,91,2026100291,0,,-0.25,0.25,0.11389320212674342,0.3773291925465839,17.029404296106982,12.211251911416575,-1.2417289418920063e-12,34.05880859221272,1.0,1.0,0.0,0.0
quadratic_-0.25,quadratic,-30.0,93,2026100293,0,,-0.25,0.25,0.11389320212674342,0.3773291925465839,17.029404296106982,12.211251911416575,-1.2417289418920063e-12,34.05880859221272,1.0,1.0,0.0,0.0
quadratic_-0.25,quadratic,-30.0,98,2026100298,1,,-0.25,0.25,0.11389320212674342,0.3773291925465839,17.029404296106982,12.211251911416575,-1.2417289418920063e-12,34.05880859221272,1.0,1.0,0.0,0.0
quadratic_-0.25,quadratic,-30.0,99,2026100299,1,,-0.25,0.25,0.11389320212674342,0.3773291925465839,17.029404296106982,12.211251911416575,-1.2417289418920063e-12,34.05880859221272,1.0,1.0,0.0,0.0
quadratic_+0.50,quadratic,-30.0,0,2026100200,0,,0.5,0.5,0.22778640425348684,0.7546583850931678,34.058808592213964,24.42250382283315,2.4834578837840127e-12,68.11761718442544,-1.0,-1.0,0.9111456170139474,2.0
quadratic_+0.50,quadratic,-30.0,1,2026100201,0,,0.5,0.5,0.22778640425348684,0.7546583850931678,34.058808592213964,24.42250382283315,2.4834578837840127e-12,68.11761718442544,-1.0,-1.0,0.9111456170139474,2.0
quadratic_+0.50,quadratic,-30.0,4,2026100204,1,,0.5,0.5,0.22778640425348684,0.7546583850931678,34.058808592213964,24.42250382283315,2.4834578837840127e-12,68.11761718442544,-1.0,-1.0,0.9111456170139474,2.0
quadratic_+0.50,quadratic,-30.0,2,2026100202,0,,0.5,0.5,0.22778640425348684,0.7546583850931678,34.058808592213964,24.42250382283315,2.4834578837840127e-12,68.11761718442544,-1.0,-1.0,0.9111456170139474,2.0
quadratic_+0.50,quadratic,-30.0,3,2026100203,0,,0.5,0.5,0.22778640425348684,0.7546583850931678,34.058808592213964,24.42250382283315,2.4834578837840127e-12,68.11761718442544,-1.0,-1.0,0.9111456170139474,2.0
quadratic_+0.50,quadratic,-30.0,5,2026100205,0,,0.5,0.5,0.22778640425348684,0.7546583850931678,34.058808592213964,24.42250382283315,2.4834578837840127e-12,68.11761718442544,-1.0,-1.0,0.9111456170139474,2.0
quadratic_+0.50,quadratic,-30.0,6,2026100206,0,,0.5,0.5,0.22778640425348684,0.7546583850931678,34.058808592213964,24.42250382283315,2.4834578837840127e-12,68.11761718442544,-1.0,-1.0,0.9111456170139474,2.0
quadratic_+0.50,quadratic,-30.0,8,2026100208,0,,0.5,0.5,0.22778640425348684,0.7546583850931678,34.058808592213964,24.42250382283315,2.4834578837840127e-12,68.11761718442544,-1.0,-1.0,0.9111456170139474,2.0
quadratic_+0.50,quadratic,-30.0,7,2026100207,0,,0.5,0.5,0.22778640425348684,0.7546583850931678,34.058808592213964,24.42250382283315,2.4834578837840127e-12,68.11761718442544,-1.0,-1.0,0.9111456170139474,2.0
quadratic_+0.50,quadratic,-30.0,11,2026100211,1,,0.5,0.5,0.22778640425348684,0.7546583850931678,34.058808592213964,24.42250382283315,2.4834578837840127e-12,68.11761718442544,-1.0,-1.0,0.9111456170139474,2.0
quadratic_+0.50,quadratic,-30.0,9,2026100209,0,,0.5,0.5,0.22778640425348684,0.7546583850931678,34.058808592213964,24.42250382283315,2.4834578837840127e-12,68.11761718442544,-1.0,-1.0,0.9111456170139474,2.0
quadratic_+0.50,quadratic,-30.0,12,2026100212,0,,0.5,0.5,0.22778640425348684,0.7546583850931678,34.058808592213964,24.42250382283315,2.4834578837840127e-12,68.11761718442544,-1.0,-1.0,0.9111456170139474,2.0
quadratic_+0.50,quadratic,-30.0,10,2026100210,0,,0.5,0.5,0.22778640425348684,0.7546583850931678,34.058808592213964,24.42250382283315,2.4834578837840127e-12,68.11761718442544,-1.0,-1.0,0.9111456170139474,2.0
quadratic_+0.50,quadratic,-30.0,13,2026100213,0,,0.5,0.5,0.22778640425348684,0.7546583850931678,34.058808592213964,24.42250382283315,2.4834578837840127e-12,68.11761718442544,-1.0,-1.0,0.9111456170139474,2.0
quadratic_+0.50,quadratic,-30.0,15,2026100215,0,,0.5,0.5,0.22778640425348684,0.7546583850931678,34.058808592213964,24.42250382283315,2.4834578837840127e-12,68.11761718442544,-1.0,-1.0,0.9111456170139474,2.0
quadratic_+0.50,quadratic,-30.0,14,2026100214,0,,0.5,0.5,0.22778640425348684,0.7546583850931678,34.058808592213964,24.42250382283315,2.4834578837840127e-12,68.11761718442544,-1.0,-1.0,0.9111456170139474,2.0
quadratic_+0.50,quadratic,-30.0,16,2026100216,0,,0.5,0.5,0.22778640425348684,0.7546583850931678,34.058808592213964,24.42250382283315,2.4834578837840127e-12,68.11761718442544,-1.0,-1.0,0.9111456170139474,2.0
quadratic_+0.50,quadratic,-30.0,19,2026100219,1,,0.5,0.5,0.22778640425348684,0.7546583850931678,34.058808592213964,24.42250382283315,2.4834578837840127e-12,68.11761718442544,-1.0,-1.0,0.9111456170139474,2.0
quadratic_+0.50,quadratic,-30.0,18,2026100218,1,,0.5,0.5,0.22778640425348684,0.7546583850931678,34.058808592213964,24.42250382283315,2.4834578837840127e-12,68.11761718442544,-1.0,-1.0,0.9111456170139474,2.0
quadratic_+0.50,quadratic,-30.0,22,2026100222,1,,0.5,0.5,0.22778640425348684,0.7546583850931678,34.058808592213964,24.42250382283315,2.4834578837840127e-12,68.11761718442544,-1.0,-1.0,0.9111456170139474,2.0
quadratic_+0.50,quadratic,-30.0,17,2026100217,0,,0.5,0.5,0.22778640425348684,0.7546583850931678,34.058808592213964,24.42250382283315,2.4834578837840127e-12,68.11761718442544,-1.0,-1.0,0.9111456170139474,2.0
quadratic_+0.50,quadratic,-30.0,23,2026100223,1,,0.5,0.5,0.22778640425348684,0.7546583850931678,34.058808592213964,24.42250382283315,2.4834578837840127e-12,68.11761718442544,-1.0,-1.0,0.9111456170139474,2.0
quadratic_+0.50,quadratic,-30.0,24,2026100224,1,,0.5,0.5,0.22778640425348684,0.7546583850931678,34.058808592213964,24.42250382283315,2.4834578837840127e-12,68.11761718442544,-1.0,-1.0,0.9111456170139474,2.0
quadratic_+0.50,quadratic,-30.0,26,2026100226,1,,0.5,0.5,0.22778640425348684,0.7546583850931678,34.058808592213964,24.42250382283315,2.4834578837840127e-12,68.11761718442544,-1.0,-1.0,0.9111456170139474,2.0
quadratic_+0.50,quadratic,-30.0,20,2026100220,0,,0.5,0.5,0.22778640425348684,0.7546583850931678,34.058808592213964,24.42250382283315,2.4834578837840127e-12,68.11761718442544,-1.0,-1.0,0.9111456170139474,2.0
quadratic_+0.50,quadratic,-30.0,21,2026100221,0,,0.5,0.5,0.22778640425348684,0.7546583850931678,34.058808592213964,24.42250382283315,2.4834578837840127e-12,68.11761718442544,-1.0,-1.0,0.9111456170139474,2.0
quadratic_+0.50,quadratic,-30.0,29,2026100229,1,,0.5,0.5,0.22778640425348684,0.7546583850931678,34.058808592213964,24.42250382283315,2.4834578837840127e-12,68.11761718442544,-1.0,-1.0,0.9111456170139474,2.0
quadratic_+0.50,quadratic,-30.0,30,2026100230,1,,0.5,0.5,0.22778640425348684,0.7546583850931678,34.058808592213964,24.42250382283315,2.4834578837840127e-12,68.11761718442544,-1.0,-1.0,0.9111456170139474,2.0
quadratic_+0.50,quadratic,-30.0,25,2026100225,0,,0.5,0.5,0.22778640425348684,0.7546583850931678,34.058808592213964,24.42250382283315,2.4834578837840127e-12,68.11761718442544,-1.0,-1.0,0.9111456170139474,2.0
quadratic_+0.50,quadratic,-30.0,28,2026100228,1,,0.5,0.5,0.22778640425348684,0.7546583850931678,34.058808592213964,24.42250382283315,2.4834578837840127e-12,68.11761718442544,-1.0,-1.0,0.9111456170139474,2.0
quadratic_+0.50,quadratic,-30.0,27,2026100227,0,,0.5,0.5,0.22778640425348684,0.7546583850931678,34.058808592213964,24.42250382283315,2.4834578837840127e-12,68.11761718442544,-1.0,-1.0,0.9111456170139474,2.0
quadratic_+0.50,quadratic,-30.0,31,2026100231,1,,0.5,0.5,0.22778640425348684,0.7546583850931678,34.058808592213964,24.42250382283315,2.4834578837840127e-12,68.11761718442544,-1.0,-1.0,0.9111456170139474,2.0
quadratic_+0.50,quadratic,-30.0,35,2026100235,1,,0.5,0.5,0.22778640425348684,0.7546583850931678,34.058808592213964,24.42250382283315,2.4834578837840127e-12,68.11761718442544,-1.0,-1.0,0.9111456170139474,2.0
quadratic_+0.50,quadratic,-30.0,36,2026100236,1,,0.5,0.5,0.22778640425348684,0.7546583850931678,34.058808592213964,24.42250382283315,2.4834578837840127e-12,68.11761718442544,-1.0,-1.0,0.9111456170139474,2.0
quadratic_+0.50,quadratic,-30.0,32,2026100232,0,,0.5,0.5,0.22778640425348684,0.7546583850931678,34.058808592213964,24.42250382283315,2.4834578837840127e-12,68.11761718442544,-1.0,-1.0,0.9111456170139474,2.0
quadratic_+0.50,quadratic,-30.0,33,2026100233,0,,0.5,0.5,0.22778640425348684,0.7546583850931678,34.058808592213964,24.42250382283315,2.4834578837840127e-12,68.11761718442544,-1.0,-1.0,0.9111456170139474,2.0
quadratic_+0.50,quadratic,-30.0,34,2026100234,0,,0.5,0.5,0.22778640425348684,0.7546583850931678,34.058808592213964,24.42250382283315,2.4834578837840127e-12,68.11761718442544,-1.0,-1.0,0.9111456170139474,2.0
quadratic_+0.50,quadratic,-30.0,40,2026100240,1,,0.5,0.5,0.22778640425348684,0.7546583850931678,34.058808592213964,24.42250382283315,2.4834578837840127e-12,68.11761718442544,-1.0,-1.0,0.9111456170139474,2.0
quadratic_+0.50,quadratic,-30.0,39,2026100239,1,,0.5,0.5,0.22778640425348684,0.7546583850931678,34.058808592213964,24.42250382283315,2.4834578837840127e-12,68.11761718442544,-1.0,-1.0,0.9111456170139474,2.0
quadratic_+0.50,quadratic,-30.0,41,2026100241,1,,0.5,0.5,0.22778640425348684,0.7546583850931678,34.058808592213964,24.42250382283315,2.4834578837840127e-12,68.11761718442544,-1.0,-1.0,0.9111456170139474,2.0
quadratic_+0.50,quadratic,-30.0,42,2026100242,1,,0.5,0.5,0.22778640425348684,0.7546583850931678,34.058808592213964,24.42250382283315,2.4834578837840127e-12,68.11761718442544,-1.0,-1.0,0.9111456170139474,2.0
quadratic_+0.50,quadratic,-30.0,43,2026100243,1,,0.5,0.5,0.22778640425348684,0.7546583850931678,34.058808592213964,24.42250382283315,2.4834578837840127e-12,68.11761718442544,-1.0,-1.0,0.9111456170139474,2.0
quadratic_+0.50,quadratic,-30.0,44,2026100244,1,,0.5,0.5,0.22778640425348684,0.7546583850931678,34.058808592213964,24.42250382283315,2.4834578837840127e-12,68.11761718442544,-1.0,-1.0,0.9111456170139474,2.0
quadratic_+0.50,quadratic,-30.0,37,2026100237,0,,0.5,0.5,0.22778640425348684,0.7546583850931678,34.058808592213964,24.42250382283315,2.4834578837840127e-12,68.11761718442544,-1.0,-1.0,0.9111456170139474,2.0
quadratic_+0.50,quadratic,-30.0,38,2026100238,0,,0.5,0.5,0.22778640425348684,0.7546583850931678,34.058808592213964,24.42250382283315,2.4834578837840127e-12,68.11761718442544,-1.0,-1.0,0.9111456170139474,2.0
quadratic_+0.50,quadratic,-30.0,47,2026100247,1,,0.5,0.5,0.22778640425348684,0.7546583850931678,34.058808592213964,24.42250382283315,2.4834578837840127e-12,68.11761718442544,-1.0,-1.0,0.9111456170139474,2.0
quadratic_+0.50,quadratic,-30.0,49,2026100249,1,,0.5,0.5,0.22778640425348684,0.7546583850931678,34.058808592213964,24.42250382283315,2.4834578837840127e-12,68.11761718442544,-1.0,-1.0,0.9111456170139474,2.0
quadratic_+0.50,quadratic,-30.0,45,2026100245,0,,0.5,0.5,0.22778640425348684,0.7546583850931678,34.058808592213964,24.42250382283315,2.4834578837840127e-12,68.11761718442544,-1.0,-1.0,0.9111456170139474,2.0
quadratic_+0.50,quadratic,-30.0,46,2026100246,0,,0.5,0.5,0.22778640425348684,0.7546583850931678,34.058808592213964,24.42250382283315,2.4834578837840127e-12,68.11761718442544,-1.0,-1.0,0.9111456170139474,2.0
quadratic_+0.50,quadratic,-30.0,51,2026100251,1,,0.5,0.5,0.22778640425348684,0.7546583850931678,34.058808592213964,24.42250382283315,2.4834578837840127e-12,68.11761718442544,-1.0,-1.0,0.9111456170139474,2.0
quadratic_+0.50,quadratic,-30.0,50,2026100250,0,,0.5,0.5,0.22778640425348684,0.7546583850931678,34.058808592213964,24.42250382283315,2.4834578837840127e-12,68.11761718442544,-1.0,-1.0,0.9111456170139474,2.0
quadratic_+0.50,quadratic,-30.0,48,2026100248,0,,0.5,0.5,0.22778640425348684,0.7546583850931678,34.058808592213964,24.42250382283315,2.4834578837840127e-12,68.11761718442544,-1.0,-1.0,0.9111456170139474,2.0
quadratic_+0.50,quadratic,-30.0,54,2026100254,1,,0.5,0.5,0.22778640425348684,0.7546583850931678,34.058808592213964,24.42250382283315,2.4834578837840127e-12,68.11761718442544,-1.0,-1.0,0.9111456170139474,2.0
quadratic_+0.50,quadratic,-30.0,56,2026100256,1,,0.5,0.5,0.22778640425348684,0.7546583850931678,34.058808592213964,24.42250382283315,2.4834578837840127e-12,68.11761718442544,-1.0,-1.0,0.9111456170139474,2.0
quadratic_+0.50,quadratic,-30.0,57,2026100257,1,,0.5,0.5,0.22778640425348684,0.7546583850931678,34.058808592213964,24.42250382283315,2.4834578837840127e-12,68.11761718442544,-1.0,-1.0,0.9111456170139474,2.0
quadratic_+0.50,quadratic,-30.0,52,2026100252,0,,0.5,0.5,0.22778640425348684,0.7546583850931678,34.058808592213964,24.42250382283315,2.4834578837840127e-12,68.11761718442544,-1.0,-1.0,0.9111456170139474,2.0
quadratic_+0.50,quadratic,-30.0,53,2026100253,0,,0.5,0.5,0.22778640425348684,0.7546583850931678,34.058808592213964,24.42250382283315,2.4834578837840127e-12,68.11761718442544,-1.0,-1.0,0.9111456170139474,2.0
quadratic_+0.50,quadratic,-30.0,60,2026100260,1,,0.5,0.5,0.22778640425348684,0.7546583850931678,34.058808592213964,24.42250382283315,2.4834578837840127e-12,68.11761718442544,-1.0,-1.0,0.9111456170139474,2.0
quadratic_+0.50,quadratic,-30.0,55,2026100255,0,,0.5,0.5,0.22778640425348684,0.7546583850931678,34.058808592213964,24.42250382283315,2.4834578837840127e-12,68.11761718442544,-1.0,-1.0,0.9111456170139474,2.0
quadratic_+0.50,quadratic,-30.0,61,2026100261,1,,0.5,0.5,0.22778640425348684,0.7546583850931678,34.058808592213964,24.42250382283315,2.4834578837840127e-12,68.11761718442544,-1.0,-1.0,0.9111456170139474,2.0
quadratic_+0.50,quadratic,-30.0,63,2026100263,1,,0.5,0.5,0.22778640425348684,0.7546583850931678,34.058808592213964,24.42250382283315,2.4834578837840127e-12,68.11761718442544,-1.0,-1.0,0.9111456170139474,2.0
quadratic_+0.50,quadratic,-30.0,58,2026100258,0,,0.5,0.5,0.22778640425348684,0.7546583850931678,34.058808592213964,24.42250382283315,2.4834578837840127e-12,68.11761718442544,-1.0,-1.0,0.9111456170139474,2.0
quadratic_+0.50,quadratic,-30.0,59,2026100259,0,,0.5,0.5,0.22778640425348684,0.7546583850931678,34.058808592213964,24.42250382283315,2.4834578837840127e-12,68.11761718442544,-1.0,-1.0,0.9111456170139474,2.0
quadratic_+0.50,quadratic,-30.0,62,2026100262,0,,0.5,0.5,0.22778640425348684,0.7546583850931678,34.058808592213964,24.42250382283315,2.4834578837840127e-12,68.11761718442544,-1.0,-1.0,0.9111456170139474,2.0
quadratic_+0.50,quadratic,-30.0,64,2026100264,0,,0.5,0.5,0.22778640425348684,0.7546583850931678,34.058808592213964,24.42250382283315,2.4834578837840127e-12,68.11761718442544,-1.0,-1.0,0.9111456170139474,2.0
quadratic_+0.50,quadratic,-30.0,65,2026100265,0,,0.5,0.5,0.22778640425348684,0.7546583850931678,34.058808592213964,24.42250382283315,2.4834578837840127e-12,68.11761718442544,-1.0,-1.0,0.9111456170139474,2.0
quadratic_+0.50,quadratic,-30.0,66,2026100266,0,,0.5,0.5,0.22778640425348684,0.7546583850931678,34.058808592213964,24.42250382283315,2.4834578837840127e-12,68.11761718442544,-1.0,-1.0,0.9111456170139474,2.0
quadratic_+0.50,quadratic,-30.0,67,2026100267,0,,0.5,0.5,0.22778640425348684,0.7546583850931678,34.058808592213964,24.42250382283315,2.4834578837840127e-12,68.11761718442544,-1.0,-1.0,0.9111456170139474,2.0
quadratic_+0.50,quadratic,-30.0,68,2026100268,0,,0.5,0.5,0.22778640425348684,0.7546583850931678,34.058808592213964,24.42250382283315,2.4834578837840127e-12,68.11761718442544,-1.0,-1.0,0.9111456170139474,2.0
quadratic_+0.50,quadratic,-30.0,69,2026100269,0,,0.5,0.5,0.22778640425348684,0.7546583850931678,34.058808592213964,24.42250382283315,2.4834578837840127e-12,68.11761718442544,-1.0,-1.0,0.9111456170139474,2.0
quadratic_+0.50,quadratic,-30.0,70,2026100270,0,,0.5,0.5,0.22778640425348684,0.7546583850931678,34.058808592213964,24.42250382283315,2.4834578837840127e-12,68.11761718442544,-1.0,-1.0,0.9111456170139474,2.0
quadratic_+0.50,quadratic,-30.0,71,2026100271,0,,0.5,0.5,0.22778640425348684,0.7546583850931678,34.058808592213964,24.42250382283315,2.4834578837840127e-12,68.11761718442544,-1.0,-1.0,0.9111456170139474,2.0
quadratic_+0.50,quadratic,-30.0,72,2026100272,0,,0.5,0.5,0.22778640425348684,0.7546583850931678,34.058808592213964,24.42250382283315,2.4834578837840127e-12,68.11761718442544,-1.0,-1.0,0.9111456170139474,2.0
quadratic_+0.50,quadratic,-30.0,75,2026100275,1,,0.5,0.5,0.22778640425348684,0.7546583850931678,34.058808592213964,24.42250382283315,2.4834578837840127e-12,68.11761718442544,-1.0,-1.0,0.9111456170139474,2.0
quadratic_+0.50,quadratic,-30.0,73,2026100273,0,,0.5,0.5,0.22778640425348684,0.7546583850931678,34.058808592213964,24.42250382283315,2.4834578837840127e-12,68.11761718442544,-1.0,-1.0,0.9111456170139474,2.0
quadratic_+0.50,quadratic,-30.0,74,2026100274,0,,0.5,0.5,0.22778640425348684,0.7546583850931678,34.058808592213964,24.42250382283315,2.4834578837840127e-12,68.11761718442544,-1.0,-1.0,0.9111456170139474,2.0
quadratic_+0.50,quadratic,-30.0,76,2026100276,0,,0.5,0.5,0.22778640425348684,0.7546583850931678,34.058808592213964,24.42250382283315,2.4834578837840127e-12,68.11761718442544,-1.0,-1.0,0.9111456170139474,2.0
quadratic_+0.50,quadratic,-30.0,77,2026100277,0,,0.5,0.5,0.22778640425348684,0.7546583850931678,34.058808592213964,24.42250382283315,2.4834578837840127e-12,68.11761718442544,-1.0,-1.0,0.9111456170139474,2.0
quadratic_+0.50,quadratic,-30.0,78,2026100278,0,,0.5,0.5,0.22778640425348684,0.7546583850931678,34.058808592213964,24.42250382283315,2.4834578837840127e-12,68.11761718442544,-1.0,-1.0,0.9111456170139474,2.0
quadratic_+0.50,quadratic,-30.0,82,2026100282,1,,0.5,0.5,0.22778640425348684,0.7546583850931678,34.058808592213964,24.42250382283315,2.4834578837840127e-12,68.11761718442544,-1.0,-1.0,0.9111456170139474,2.0
quadratic_+0.50,quadratic,-30.0,79,2026100279,0,,0.5,0.5,0.22778640425348684,0.7546583850931678,34.058808592213964,24.42250382283315,2.4834578837840127e-12,68.11761718442544,-1.0,-1.0,0.9111456170139474,2.0
quadratic_+0.50,quadratic,-30.0,80,2026100280,0,,0.5,0.5,0.22778640425348684,0.7546583850931678,34.058808592213964,24.42250382283315,2.4834578837840127e-12,68.11761718442544,-1.0,-1.0,0.9111456170139474,2.0
quadratic_+0.50,quadratic,-30.0,81,2026100281,0,,0.5,0.5,0.22778640425348684,0.7546583850931678,34.058808592213964,24.42250382283315,2.4834578837840127e-12,68.11761718442544,-1.0,-1.0,0.9111456170139474,2.0
quadratic_+0.50,quadratic,-30.0,83,2026100283,0,,0.5,0.5,0.22778640425348684,0.7546583850931678,34.058808592213964,24.42250382283315,2.4834578837840127e-12,68.11761718442544,-1.0,-1.0,0.9111456170139474,2.0
quadratic_+0.50,quadratic,-30.0,84,2026100284,0,,0.5,0.5,0.22778640425348684,0.7546583850931678,34.058808592213964,24.42250382283315,2.4834578837840127e-12,68.11761718442544,-1.0,-1.0,0.9111456170139474,2.0
quadratic_+0.50,quadratic,-30.0,85,2026100285,0,,0.5,0.5,0.22778640425348684,0.7546583850931678,34.058808592213964,24.42250382283315,2.4834578837840127e-12,68.11761718442544,-1.0,-1.0,0.9111456170139474,2.0
quadratic_+0.50,quadratic,-30.0,86,2026100286,0,,0.5,0.5,0.22778640425348684,0.7546583850931678,34.058808592213964,24.42250382283315,2.4834578837840127e-12,68.11761718442544,-1.0,-1.0,0.9111456170139474,2.0
quadratic_+0.50,quadratic,-30.0,87,2026100287,0,,0.5,0.5,0.22778640425348684,0.7546583850931678,34.058808592213964,24.42250382283315,2.4834578837840127e-12,68.11761718442544,-1.0,-1.0,0.9111456170139474,2.0
quadratic_+0.50,quadratic,-30.0,88,2026100288,0,,0.5,0.5,0.22778640425348684,0.7546583850931678,34.058808592213964,24.42250382283315,2.4834578837840127e-12,68.11761718442544,-1.0,-1.0,0.9111456170139474,2.0
quadratic_+0.50,quadratic,-30.0,89,2026100289,0,,0.5,0.5,0.22778640425348684,0.7546583850931678,34.058808592213964,24.42250382283315,2.4834578837840127e-12,68.11761718442544,-1.0,-1.0,0.9111456170139474,2.0
quadratic_+0.50,quadratic,-30.0,92,2026100292,1,,0.5,0.5,0.22778640425348684,0.7546583850931678,34.058808592213964,24.42250382283315,2.4834578837840127e-12,68.11761718442544,-1.0,-1.0,0.9111456170139474,2.0
quadratic_+0.50,quadratic,-30.0,90,2026100290,0,,0.5,0.5,0.22778640425348684,0.7546583850931678,34.058808592213964,24.42250382283315,2.4834578837840127e-12,68.11761718442544,-1.0,-1.0,0.9111456170139474,2.0
quadratic_+0.50,quadratic,-30.0,91,2026100291,0,,0.5,0.5,0.22778640425348684,0.7546583850931678,34.058808592213964,24.42250382283315,2.4834578837840127e-12,68.11761718442544,-1.0,-1.0,0.9111456170139474,2.0
quadratic_+0.50,quadratic,-30.0,94,2026100294,1,,0.5,0.5,0.22778640425348684,0.7546583850931678,34.058808592213964,24.42250382283315,2.4834578837840127e-12,68.11761718442544,-1.0,-1.0,0.9111456170139474,2.0
quadratic_+0.50,quadratic,-30.0,96,2026100296,1,,0.5,0.5,0.22778640425348684,0.7546583850931678,34.058808592213964,24.42250382283315,2.4834578837840127e-12,68.11761718442544,-1.0,-1.0,0.9111456170139474,2.0
quadratic_+0.50,quadratic,-30.0,93,2026100293,0,,0.5,0.5,0.22778640425348684,0.7546583850931678,34.058808592213964,24.42250382283315,2.4834578837840127e-12,68.11761718442544,-1.0,-1.0,0.9111456170139474,2.0
quadratic_+0.50,quadratic,-30.0,98,2026100298,1,,0.5,0.5,0.22778640425348684,0.7546583850931678,34.058808592213964,24.42250382283315,2.4834578837840127e-12,68.11761718442544,-1.0,-1.0,0.9111456170139474,2.0
quadratic_+0.50,quadratic,-30.0,97,2026100297,0,,0.5,0.5,0.22778640425348684,0.7546583850931678,34.058808592213964,24.42250382283315,2.4834578837840127e-12,68.11761718442544,-1.0,-1.0,0.9111456170139474,2.0
quadratic_+0.50,quadratic,-30.0,95,2026100295,0,,0.5,0.5,0.22778640425348684,0.7546583850931678,34.058808592213964,24.42250382283315,2.4834578837840127e-12,68.11761718442544,-1.0,-1.0,0.9111456170139474,2.0
quadratic_-0.50,quadratic,-30.0,2,2026100202,1,,-0.5,0.5,0.22778640425348684,0.7546583850931678,34.058808592213964,24.42250382283315,-2.4834578837840127e-12,68.11761718442544,1.0,1.0,0.0,0.0
quadratic_-0.50,quadratic,-30.0,0,2026100200,0,,-0.5,0.5,0.22778640425348684,0.7546583850931678,34.058808592213964,24.42250382283315,-2.4834578837840127e-12,68.11761718442544,1.0,1.0,0.0,0.0
quadratic_+0.50,quadratic,-30.0,99,2026100299,0,,0.5,0.5,0.22778640425348684,0.7546583850931678,34.058808592213964,24.42250382283315,2.4834578837840127e-12,68.11761718442544,-1.0,-1.0,0.9111456170139474,2.0
quadratic_-0.50,quadratic,-30.0,4,2026100204,1,,-0.5,0.5,0.22778640425348684,0.7546583850931678,34.058808592213964,24.42250382283315,-2.4834578837840127e-12,68.11761718442544,1.0,1.0,0.0,0.0
quadratic_-0.50,quadratic,-30.0,1,2026100201,0,,-0.5,0.5,0.22778640425348684,0.7546583850931678,34.058808592213964,24.42250382283315,-2.4834578837840127e-12,68.11761718442544,1.0,1.0,0.0,0.0
quadratic_-0.50,quadratic,-30.0,3,2026100203,0,,-0.5,0.5,0.22778640425348684,0.7546583850931678,34.058808592213964,24.42250382283315,-2.4834578837840127e-12,68.11761718442544,1.0,1.0,0.0,0.0
quadratic_-0.50,quadratic,-30.0,5,2026100205,0,,-0.5,0.5,0.22778640425348684,0.7546583850931678,34.058808592213964,24.42250382283315,-2.4834578837840127e-12,68.11761718442544,1.0,1.0,0.0,0.0
quadratic_-0.50,quadratic,-30.0,6,2026100206,0,,-0.5,0.5,0.22778640425348684,0.7546583850931678,34.058808592213964,24.42250382283315,-2.4834578837840127e-12,68.11761718442544,1.0,1.0,0.0,0.0
quadratic_-0.50,quadratic,-30.0,7,2026100207,0,,-0.5,0.5,0.22778640425348684,0.7546583850931678,34.058808592213964,24.42250382283315,-2.4834578837840127e-12,68.11761718442544,1.0,1.0,0.0,0.0
quadratic_-0.50,quadratic,-30.0,9,2026100209,1,,-0.5,0.5,0.22778640425348684,0.7546583850931678,34.058808592213964,24.42250382283315,-2.4834578837840127e-12,68.11761718442544,1.0,1.0,0.0,0.0
quadratic_-0.50,quadratic,-30.0,8,2026100208,0,,-0.5,0.5,0.22778640425348684,0.7546583850931678,34.058808592213964,24.42250382283315,-2.4834578837840127e-12,68.11761718442544,1.0,1.0,0.0,0.0
quadratic_-0.50,quadratic,-30.0,12,2026100212,1,,-0.5,0.5,0.22778640425348684,0.7546583850931678,34.058808592213964,24.42250382283315,-2.4834578837840127e-12,68.11761718442544,1.0,1.0,0.0,0.0
quadratic_-0.50,quadratic,-30.0,14,2026100214,1,,-0.5,0.5,0.22778640425348684,0.7546583850931678,34.058808592213964,24.42250382283315,-2.4834578837840127e-12,68.11761718442544,1.0,1.0,0.0,0.0
quadratic_-0.50,quadratic,-30.0,15,2026100215,0,,-0.5,0.5,0.22778640425348684,0.7546583850931678,34.058808592213964,24.42250382283315,-2.4834578837840127e-12,68.11761718442544,1.0,1.0,0.0,0.0
quadratic_-0.50,quadratic,-30.0,16,2026100216,1,,-0.5,0.5,0.22778640425348684,0.7546583850931678,34.058808592213964,24.42250382283315,-2.4834578837840127e-12,68.11761718442544,1.0,1.0,0.0,0.0
quadratic_-0.50,quadratic,-30.0,10,2026100210,0,,-0.5,0.5,0.22778640425348684,0.7546583850931678,34.058808592213964,24.42250382283315,-2.4834578837840127e-12,68.11761718442544,1.0,1.0,0.0,0.0
quadratic_-0.50,quadratic,-30.0,11,2026100211,0,,-0.5,0.5,0.22778640425348684,0.7546583850931678,34.058808592213964,24.42250382283315,-2.4834578837840127e-12,68.11761718442544,1.0,1.0,0.0,0.0
quadratic_-0.50,quadratic,-30.0,13,2026100213,0,,-0.5,0.5,0.22778640425348684,0.7546583850931678,34.058808592213964,24.42250382283315,-2.4834578837840127e-12,68.11761718442544,1.0,1.0,0.0,0.0
quadratic_-0.50,quadratic,-30.0,19,2026100219,1,,-0.5,0.5,0.22778640425348684,0.7546583850931678,34.058808592213964,24.42250382283315,-2.4834578837840127e-12,68.11761718442544,1.0,1.0,0.0,0.0
quadratic_-0.50,quadratic,-30.0,17,2026100217,0,,-0.5,0.5,0.22778640425348684,0.7546583850931678,34.058808592213964,24.42250382283315,-2.4834578837840127e-12,68.11761718442544,1.0,1.0,0.0,0.0
quadratic_-0.50,quadratic,-30.0,18,2026100218,0,,-0.5,0.5,0.22778640425348684,0.7546583850931678,34.058808592213964,24.42250382283315,-2.4834578837840127e-12,68.11761718442544,1.0,1.0,0.0,0.0
quadratic_-0.50,quadratic,-30.0,23,2026100223,1,,-0.5,0.5,0.22778640425348684,0.7546583850931678,34.058808592213964,24.42250382283315,-2.4834578837840127e-12,68.11761718442544,1.0,1.0,0.0,0.0
quadratic_-0.50,quadratic,-30.0,20,2026100220,0,,-0.5,0.5,0.22778640425348684,0.7546583850931678,34.058808592213964,24.42250382283315,-2.4834578837840127e-12,68.11761718442544,1.0,1.0,0.0,0.0
quadratic_-0.50,quadratic,-30.0,21,2026100221,0,,-0.5,0.5,0.22778640425348684,0.7546583850931678,34.058808592213964,24.42250382283315,-2.4834578837840127e-12,68.11761718442544,1.0,1.0,0.0,0.0
quadratic_-0.50,quadratic,-30.0,26,2026100226,1,,-0.5,0.5,0.22778640425348684,0.7546583850931678,34.058808592213964,24.42250382283315,-2.4834578837840127e-12,68.11761718442544,1.0,1.0,0.0,0.0
quadratic_-0.50,quadratic,-30.0,27,2026100227,1,,-0.5,0.5,0.22778640425348684,0.7546583850931678,34.058808592213964,24.42250382283315,-2.4834578837840127e-12,68.11761718442544,1.0,1.0,0.0,0.0
quadratic_-0.50,quadratic,-30.0,22,2026100222,0,,-0.5,0.5,0.22778640425348684,0.7546583850931678,34.058808592213964,24.42250382283315,-2.4834578837840127e-12,68.11761718442544,1.0,1.0,0.0,0.0
quadratic_-0.50,quadratic,-30.0,29,2026100229,0,,-0.5,0.5,0.22778640425348684,0.7546583850931678,34.058808592213964,24.42250382283315,-2.4834578837840127e-12,68.11761718442544,1.0,1.0,0.0,0.0
quadratic_-0.50,quadratic,-30.0,24,2026100224,0,,-0.5,0.5,0.22778640425348684,0.7546583850931678,34.058808592213964,24.42250382283315,-2.4834578837840127e-12,68.11761718442544,1.0,1.0,0.0,0.0
quadratic_-0.50,quadratic,-30.0,25,2026100225,0,,-0.5,0.5,0.22778640425348684,0.7546583850931678,34.058808592213964,24.42250382283315,-2.4834578837840127e-12,68.11761718442544,1.0,1.0,0.0,0.0
quadratic_-0.50,quadratic,-30.0,31,2026100231,1,,-0.5,0.5,0.22778640425348684,0.7546583850931678,34.058808592213964,24.42250382283315,-2.4834578837840127e-12,68.11761718442544,1.0,1.0,0.0,0.0
quadratic_-0.50,quadratic,-30.0,28,2026100228,0,,-0.5,0.5,0.22778640425348684,0.7546583850931678,34.058808592213964,24.42250382283315,-2.4834578837840127e-12,68.11761718442544,1.0,1.0,0.0,0.0
quadratic_-0.50,quadratic,-30.0,30,2026100230,0,,-0.5,0.5,0.22778640425348684,0.7546583850931678,34.058808592213964,24.42250382283315,-2.4834578837840127e-12,68.11761718442544,1.0,1.0,0.0,0.0
quadratic_-0.50,quadratic,-30.0,32,2026100232,0,,-0.5,0.5,0.22778640425348684,0.7546583850931678,34.058808592213964,24.42250382283315,-2.4834578837840127e-12,68.11761718442544,1.0,1.0,0.0,0.0
quadratic_-0.50,quadratic,-30.0,35,2026100235,1,,-0.5,0.5,0.22778640425348684,0.7546583850931678,34.058808592213964,24.42250382283315,-2.4834578837840127e-12,68.11761718442544,1.0,1.0,0.0,0.0
quadratic_-0.50,quadratic,-30.0,33,2026100233,0,,-0.5,0.5,0.22778640425348684,0.7546583850931678,34.058808592213964,24.42250382283315,-2.4834578837840127e-12,68.11761718442544,1.0,1.0,0.0,0.0
quadratic_-0.50,quadratic,-30.0,37,2026100237,1,,-0.5,0.5,0.22778640425348684,0.7546583850931678,34.058808592213964,24.42250382283315,-2.4834578837840127e-12,68.11761718442544,1.0,1.0,0.0,0.0
quadratic_-0.50,quadratic,-30.0,34,2026100234,0,,-0.5,0.5,0.22778640425348684,0.7546583850931678,34.058808592213964,24.42250382283315,-2.4834578837840127e-12,68.11761718442544,1.0,1.0,0.0,0.0
quadratic_-0.50,quadratic,-30.0,40,2026100240,1,,-0.5,0.5,0.22778640425348684,0.7546583850931678,34.058808592213964,24.42250382283315,-2.4834578837840127e-12,68.11761718442544,1.0,1.0,0.0,0.0
quadratic_-0.50,quadratic,-30.0,39,2026100239,0,,-0.5,0.5,0.22778640425348684,0.7546583850931678,34.058808592213964,24.42250382283315,-2.4834578837840127e-12,68.11761718442544,1.0,1.0,0.0,0.0
quadratic_-0.50,quadratic,-30.0,36,2026100236,0,,-0.5,0.5,0.22778640425348684,0.7546583850931678,34.058808592213964,24.42250382283315,-2.4834578837840127e-12,68.11761718442544,1.0,1.0,0.0,0.0
quadratic_-0.50,quadratic,-30.0,38,2026100238,0,,-0.5,0.5,0.22778640425348684,0.7546583850931678,34.058808592213964,24.42250382283315,-2.4834578837840127e-12,68.11761718442544,1.0,1.0,0.0,0.0
quadratic_-0.50,quadratic,-30.0,44,2026100244,1,,-0.5,0.5,0.22778640425348684,0.7546583850931678,34.058808592213964,24.42250382283315,-2.4834578837840127e-12,68.11761718442544,1.0,1.0,0.0,0.0
quadratic_-0.50,quadratic,-30.0,41,2026100241,0,,-0.5,0.5,0.22778640425348684,0.7546583850931678,34.058808592213964,24.42250382283315,-2.4834578837840127e-12,68.11761718442544,1.0,1.0,0.0,0.0
quadratic_-0.50,quadratic,-30.0,43,2026100243,0,,-0.5,0.5,0.22778640425348684,0.7546583850931678,34.058808592213964,24.42250382283315,-2.4834578837840127e-12,68.11761718442544,1.0,1.0,0.0,0.0
quadratic_-0.50,quadratic,-30.0,42,2026100242,0,,-0.5,0.5,0.22778640425348684,0.7546583850931678,34.058808592213964,24.42250382283315,-2.4834578837840127e-12,68.11761718442544,1.0,1.0,0.0,0.0
quadratic_-0.50,quadratic,-30.0,45,2026100245,0,,-0.5,0.5,0.22778640425348684,0.7546583850931678,34.058808592213964,24.42250382283315,-2.4834578837840127e-12,68.11761718442544,1.0,1.0,0.0,0.0
quadratic_-0.50,quadratic,-30.0,46,2026100246,0,,-0.5,0.5,0.22778640425348684,0.7546583850931678,34.058808592213964,24.42250382283315,-2.4834578837840127e-12,68.11761718442544,1.0,1.0,0.0,0.0
quadratic_-0.50,quadratic,-30.0,49,2026100249,1,,-0.5,0.5,0.22778640425348684,0.7546583850931678,34.058808592213964,24.42250382283315,-2.4834578837840127e-12,68.11761718442544,1.0,1.0,0.0,0.0
quadratic_-0.50,quadratic,-30.0,50,2026100250,1,,-0.5,0.5,0.22778640425348684,0.7546583850931678,34.058808592213964,24.42250382283315,-2.4834578837840127e-12,68.11761718442544,1.0,1.0,0.0,0.0
quadratic_-0.50,quadratic,-30.0,52,2026100252,1,,-0.5,0.5,0.22778640425348684,0.7546583850931678,34.058808592213964,24.42250382283315,-2.4834578837840127e-12,68.11761718442544,1.0,1.0,0.0,0.0
quadratic_-0.50,quadratic,-30.0,53,2026100253,1,,-0.5,0.5,0.22778640425348684,0.7546583850931678,34.058808592213964,24.42250382283315,-2.4834578837840127e-12,68.11761718442544,1.0,1.0,0.0,0.0
quadratic_-0.50,quadratic,-30.0,47,2026100247,0,,-0.5,0.5,0.22778640425348684,0.7546583850931678,34.058808592213964,24.42250382283315,-2.4834578837840127e-12,68.11761718442544,1.0,1.0,0.0,0.0
quadratic_-0.50,quadratic,-30.0,54,2026100254,1,,-0.5,0.5,0.22778640425348684,0.7546583850931678,34.058808592213964,24.42250382283315,-2.4834578837840127e-12,68.11761718442544,1.0,1.0,0.0,0.0
quadratic_-0.50,quadratic,-30.0,48,2026100248,0,,-0.5,0.5,0.22778640425348684,0.7546583850931678,34.058808592213964,24.42250382283315,-2.4834578837840127e-12,68.11761718442544,1.0,1.0,0.0,0.0
quadratic_-0.50,quadratic,-30.0,51,2026100251,0,,-0.5,0.5,0.22778640425348684,0.7546583850931678,34.058808592213964,24.42250382283315,-2.4834578837840127e-12,68.11761718442544,1.0,1.0,0.0,0.0
quadratic_-0.50,quadratic,-30.0,56,2026100256,0,,-0.5,0.5,0.22778640425348684,0.7546583850931678,34.058808592213964,24.42250382283315,-2.4834578837840127e-12,68.11761718442544,1.0,1.0,0.0,0.0
quadratic_-0.50,quadratic,-30.0,55,2026100255,0,,-0.5,0.5,0.22778640425348684,0.7546583850931678,34.058808592213964,24.42250382283315,-2.4834578837840127e-12,68.11761718442544,1.0,1.0,0.0,0.0
quadratic_-0.50,quadratic,-30.0,60,2026100260,1,,-0.5,0.5,0.22778640425348684,0.7546583850931678,34.058808592213964,24.42250382283315,-2.4834578837840127e-12,68.11761718442544,1.0,1.0,0.0,0.0
quadratic_-0.50,quadratic,-30.0,57,2026100257,0,,-0.5,0.5,0.22778640425348684,0.7546583850931678,34.058808592213964,24.42250382283315,-2.4834578837840127e-12,68.11761718442544,1.0,1.0,0.0,0.0
quadratic_-0.50,quadratic,-30.0,58,2026100258,0,,-0.5,0.5,0.22778640425348684,0.7546583850931678,34.058808592213964,24.42250382283315,-2.4834578837840127e-12,68.11761718442544,1.0,1.0,0.0,0.0
quadratic_-0.50,quadratic,-30.0,59,2026100259,0,,-0.5,0.5,0.22778640425348684,0.7546583850931678,34.058808592213964,24.42250382283315,-2.4834578837840127e-12,68.11761718442544,1.0,1.0,0.0,0.0
quadratic_-0.50,quadratic,-30.0,62,2026100262,0,,-0.5,0.5,0.22778640425348684,0.7546583850931678,34.058808592213964,24.42250382283315,-2.4834578837840127e-12,68.11761718442544,1.0,1.0,0.0,0.0
quadratic_-0.50,quadratic,-30.0,61,2026100261,0,,-0.5,0.5,0.22778640425348684,0.7546583850931678,34.058808592213964,24.42250382283315,-2.4834578837840127e-12,68.11761718442544,1.0,1.0,0.0,0.0
quadratic_-0.50,quadratic,-30.0,64,2026100264,1,,-0.5,0.5,0.22778640425348684,0.7546583850931678,34.058808592213964,24.42250382283315,-2.4834578837840127e-12,68.11761718442544,1.0,1.0,0.0,0.0
quadratic_-0.50,quadratic,-30.0,65,2026100265,1,,-0.5,0.5,0.22778640425348684,0.7546583850931678,34.058808592213964,24.42250382283315,-2.4834578837840127e-12,68.11761718442544,1.0,1.0,0.0,0.0
quadratic_-0.50,quadratic,-30.0,63,2026100263,0,,-0.5,0.5,0.22778640425348684,0.7546583850931678,34.058808592213964,24.42250382283315,-2.4834578837840127e-12,68.11761718442544,1.0,1.0,0.0,0.0
quadratic_-0.50,quadratic,-30.0,66,2026100266,0,,-0.5,0.5,0.22778640425348684,0.7546583850931678,34.058808592213964,24.42250382283315,-2.4834578837840127e-12,68.11761718442544,1.0,1.0,0.0,0.0
quadratic_-0.50,quadratic,-30.0,70,2026100270,1,,-0.5,0.5,0.22778640425348684,0.7546583850931678,34.058808592213964,24.42250382283315,-2.4834578837840127e-12,68.11761718442544,1.0,1.0,0.0,0.0
quadratic_-0.50,quadratic,-30.0,67,2026100267,0,,-0.5,0.5,0.22778640425348684,0.7546583850931678,34.058808592213964,24.42250382283315,-2.4834578837840127e-12,68.11761718442544,1.0,1.0,0.0,0.0
quadratic_-0.50,quadratic,-30.0,68,2026100268,0,,-0.5,0.5,0.22778640425348684,0.7546583850931678,34.058808592213964,24.42250382283315,-2.4834578837840127e-12,68.11761718442544,1.0,1.0,0.0,0.0
quadratic_-0.50,quadratic,-30.0,71,2026100271,1,,-0.5,0.5,0.22778640425348684,0.7546583850931678,34.058808592213964,24.42250382283315,-2.4834578837840127e-12,68.11761718442544,1.0,1.0,0.0,0.0
quadratic_-0.50,quadratic,-30.0,74,2026100274,1,,-0.5,0.5,0.22778640425348684,0.7546583850931678,34.058808592213964,24.42250382283315,-2.4834578837840127e-12,68.11761718442544,1.0,1.0,0.0,0.0
quadratic_-0.50,quadratic,-30.0,69,2026100269,0,,-0.5,0.5,0.22778640425348684,0.7546583850931678,34.058808592213964,24.42250382283315,-2.4834578837840127e-12,68.11761718442544,1.0,1.0,0.0,0.0
quadratic_-0.50,quadratic,-30.0,75,2026100275,1,,-0.5,0.5,0.22778640425348684,0.7546583850931678,34.058808592213964,24.42250382283315,-2.4834578837840127e-12,68.11761718442544,1.0,1.0,0.0,0.0
quadratic_-0.50,quadratic,-30.0,76,2026100276,1,,-0.5,0.5,0.22778640425348684,0.7546583850931678,34.058808592213964,24.42250382283315,-2.4834578837840127e-12,68.11761718442544,1.0,1.0,0.0,0.0
quadratic_-0.50,quadratic,-30.0,72,2026100272,0,,-0.5,0.5,0.22778640425348684,0.7546583850931678,34.058808592213964,24.42250382283315,-2.4834578837840127e-12,68.11761718442544,1.0,1.0,0.0,0.0
quadratic_-0.50,quadratic,-30.0,73,2026100273,0,,-0.5,0.5,0.22778640425348684,0.7546583850931678,34.058808592213964,24.42250382283315,-2.4834578837840127e-12,68.11761718442544,1.0,1.0,0.0,0.0
quadratic_-0.50,quadratic,-30.0,77,2026100277,0,,-0.5,0.5,0.22778640425348684,0.7546583850931678,34.058808592213964,24.42250382283315,-2.4834578837840127e-12,68.11761718442544,1.0,1.0,0.0,0.0
quadratic_-0.50,quadratic,-30.0,78,2026100278,0,,-0.5,0.5,0.22778640425348684,0.7546583850931678,34.058808592213964,24.42250382283315,-2.4834578837840127e-12,68.11761718442544,1.0,1.0,0.0,0.0
quadratic_-0.50,quadratic,-30.0,80,2026100280,0,,-0.5,0.5,0.22778640425348684,0.7546583850931678,34.058808592213964,24.42250382283315,-2.4834578837840127e-12,68.11761718442544,1.0,1.0,0.0,0.0
quadratic_-0.50,quadratic,-30.0,79,2026100279,0,,-0.5,0.5,0.22778640425348684,0.7546583850931678,34.058808592213964,24.42250382283315,-2.4834578837840127e-12,68.11761718442544,1.0,1.0,0.0,0.0
quadratic_-0.50,quadratic,-30.0,83,2026100283,1,,-0.5,0.5,0.22778640425348684,0.7546583850931678,34.058808592213964,24.42250382283315,-2.4834578837840127e-12,68.11761718442544,1.0,1.0,0.0,0.0
quadratic_-0.50,quadratic,-30.0,84,2026100284,1,,-0.5,0.5,0.22778640425348684,0.7546583850931678,34.058808592213964,24.42250382283315,-2.4834578837840127e-12,68.11761718442544,1.0,1.0,0.0,0.0
quadratic_-0.50,quadratic,-30.0,81,2026100281,0,,-0.5,0.5,0.22778640425348684,0.7546583850931678,34.058808592213964,24.42250382283315,-2.4834578837840127e-12,68.11761718442544,1.0,1.0,0.0,0.0
quadratic_-0.50,quadratic,-30.0,82,2026100282,0,,-0.5,0.5,0.22778640425348684,0.7546583850931678,34.058808592213964,24.42250382283315,-2.4834578837840127e-12,68.11761718442544,1.0,1.0,0.0,0.0
quadratic_-0.50,quadratic,-30.0,85,2026100285,0,,-0.5,0.5,0.22778640425348684,0.7546583850931678,34.058808592213964,24.42250382283315,-2.4834578837840127e-12,68.11761718442544,1.0,1.0,0.0,0.0
quadratic_-0.50,quadratic,-30.0,89,2026100289,1,,-0.5,0.5,0.22778640425348684,0.7546583850931678,34.058808592213964,24.42250382283315,-2.4834578837840127e-12,68.11761718442544,1.0,1.0,0.0,0.0
quadratic_-0.50,quadratic,-30.0,86,2026100286,0,,-0.5,0.5,0.22778640425348684,0.7546583850931678,34.058808592213964,24.42250382283315,-2.4834578837840127e-12,68.11761718442544,1.0,1.0,0.0,0.0
quadratic_-0.50,quadratic,-30.0,90,2026100290,1,,-0.5,0.5,0.22778640425348684,0.7546583850931678,34.058808592213964,24.42250382283315,-2.4834578837840127e-12,68.11761718442544,1.0,1.0,0.0,0.0
quadratic_-0.50,quadratic,-30.0,92,2026100292,1,,-0.5,0.5,0.22778640425348684,0.7546583850931678,34.058808592213964,24.42250382283315,-2.4834578837840127e-12,68.11761718442544,1.0,1.0,0.0,0.0
quadratic_-0.50,quadratic,-30.0,87,2026100287,0,,-0.5,0.5,0.22778640425348684,0.7546583850931678,34.058808592213964,24.42250382283315,-2.4834578837840127e-12,68.11761718442544,1.0,1.0,0.0,0.0
quadratic_-0.50,quadratic,-30.0,88,2026100288,0,,-0.5,0.5,0.22778640425348684,0.7546583850931678,34.058808592213964,24.42250382283315,-2.4834578837840127e-12,68.11761718442544,1.0,1.0,0.0,0.0
quadratic_-0.50,quadratic,-30.0,91,2026100291,0,,-0.5,0.5,0.22778640425348684,0.7546583850931678,34.058808592213964,24.42250382283315,-2.4834578837840127e-12,68.11761718442544,1.0,1.0,0.0,0.0
quadratic_-0.50,quadratic,-30.0,96,2026100296,1,,-0.5,0.5,0.22778640425348684,0.7546583850931678,34.058808592213964,24.42250382283315,-2.4834578837840127e-12,68.11761718442544,1.0,1.0,0.0,0.0
quadratic_-0.50,quadratic,-30.0,93,2026100293,0,,-0.5,0.5,0.22778640425348684,0.7546583850931678,34.058808592213964,24.42250382283315,-2.4834578837840127e-12,68.11761718442544,1.0,1.0,0.0,0.0
quadratic_-0.50,quadratic,-30.0,97,2026100297,1,,-0.5,0.5,0.22778640425348684,0.7546583850931678,34.058808592213964,24.42250382283315,-2.4834578837840127e-12,68.11761718442544,1.0,1.0,0.0,0.0
quadratic_-0.50,quadratic,-30.0,98,2026100298,1,,-0.5,0.5,0.22778640425348684,0.7546583850931678,34.058808592213964,24.42250382283315,-2.4834578837840127e-12,68.11761718442544,1.0,1.0,0.0,0.0
quadratic_-0.50,quadratic,-30.0,94,2026100294,0,,-0.5,0.5,0.22778640425348684,0.7546583850931678,34.058808592213964,24.42250382283315,-2.4834578837840127e-12,68.11761718442544,1.0,1.0,0.0,0.0
quadratic_-0.50,quadratic,-30.0,95,2026100295,0,,-0.5,0.5,0.22778640425348684,0.7546583850931678,34.058808592213964,24.42250382283315,-2.4834578837840127e-12,68.11761718442544,1.0,1.0,0.0,0.0
quadratic_+0.25,quadratic,-30.5,0,2026110200,1,,0.25,0.25,0.11389320212674342,0.3773291925465839,17.029404296106982,12.211251911416575,1.2417289418920063e-12,34.05880859221272,-1.0,-1.0,0.9111456170139474,2.0
quadratic_+0.25,quadratic,-30.5,2,2026110202,1,,0.25,0.25,0.11389320212674342,0.3773291925465839,17.029404296106982,12.211251911416575,1.2417289418920063e-12,34.05880859221272,-1.0,-1.0,0.9111456170139474,2.0
quadratic_-0.50,quadratic,-30.0,99,2026100299,0,,-0.5,0.5,0.22778640425348684,0.7546583850931678,34.058808592213964,24.42250382283315,-2.4834578837840127e-12,68.11761718442544,1.0,1.0,0.0,0.0
quadratic_+0.25,quadratic,-30.5,1,2026110201,0,,0.25,0.25,0.11389320212674342,0.3773291925465839,17.029404296106982,12.211251911416575,1.2417289418920063e-12,34.05880859221272,-1.0,-1.0,0.9111456170139474,2.0
quadratic_+0.25,quadratic,-30.5,4,2026110204,1,,0.25,0.25,0.11389320212674342,0.3773291925465839,17.029404296106982,12.211251911416575,1.2417289418920063e-12,34.05880859221272,-1.0,-1.0,0.9111456170139474,2.0
quadratic_+0.25,quadratic,-30.5,5,2026110205,1,,0.25,0.25,0.11389320212674342,0.3773291925465839,17.029404296106982,12.211251911416575,1.2417289418920063e-12,34.05880859221272,-1.0,-1.0,0.9111456170139474,2.0
quadratic_+0.25,quadratic,-30.5,3,2026110203,0,,0.25,0.25,0.11389320212674342,0.3773291925465839,17.029404296106982,12.211251911416575,1.2417289418920063e-12,34.05880859221272,-1.0,-1.0,0.9111456170139474,2.0
quadratic_+0.25,quadratic,-30.5,6,2026110206,1,,0.25,0.25,0.11389320212674342,0.3773291925465839,17.029404296106982,12.211251911416575,1.2417289418920063e-12,34.05880859221272,-1.0,-1.0,0.9111456170139474,2.0
quadratic_+0.25,quadratic,-30.5,7,2026110207,1,,0.25,0.25,0.11389320212674342,0.3773291925465839,17.029404296106982,12.211251911416575,1.2417289418920063e-12,34.05880859221272,-1.0,-1.0,0.9111456170139474,2.0
quadratic_+0.25,quadratic,-30.5,10,2026110210,1,,0.25,0.25,0.11389320212674342,0.3773291925465839,17.029404296106982,12.211251911416575,1.2417289418920063e-12,34.05880859221272,-1.0,-1.0,0.9111456170139474,2.0
quadratic_+0.25,quadratic,-30.5,8,2026110208,0,,0.25,0.25,0.11389320212674342,0.3773291925465839,17.029404296106982,12.211251911416575,1.2417289418920063e-12,34.05880859221272,-1.0,-1.0,0.9111456170139474,2.0
quadratic_+0.25,quadratic,-30.5,12,2026110212,1,,0.25,0.25,0.11389320212674342,0.3773291925465839,17.029404296106982,12.211251911416575,1.2417289418920063e-12,34.05880859221272,-1.0,-1.0,0.9111456170139474,2.0
quadratic_+0.25,quadratic,-30.5,9,2026110209,0,,0.25,0.25,0.11389320212674342,0.3773291925465839,17.029404296106982,12.211251911416575,1.2417289418920063e-12,34.05880859221272,-1.0,-1.0,0.9111456170139474,2.0
quadratic_+0.25,quadratic,-30.5,13,2026110213,1,,0.25,0.25,0.11389320212674342,0.3773291925465839,17.029404296106982,12.211251911416575,1.2417289418920063e-12,34.05880859221272,-1.0,-1.0,0.9111456170139474,2.0
quadratic_+0.25,quadratic,-30.5,11,2026110211,0,,0.25,0.25,0.11389320212674342,0.3773291925465839,17.029404296106982,12.211251911416575,1.2417289418920063e-12,34.05880859221272,-1.0,-1.0,0.9111456170139474,2.0
quadratic_+0.25,quadratic,-30.5,16,2026110216,1,,0.25,0.25,0.11389320212674342,0.3773291925465839,17.029404296106982,12.211251911416575,1.2417289418920063e-12,34.05880859221272,-1.0,-1.0,0.9111456170139474,2.0
quadratic_+0.25,quadratic,-30.5,14,2026110214,1,,0.25,0.25,0.11389320212674342,0.3773291925465839,17.029404296106982,12.211251911416575,1.2417289418920063e-12,34.05880859221272,-1.0,-1.0,0.9111456170139474,2.0
quadratic_+0.25,quadratic,-30.5,19,2026110219,1,,0.25,0.25,0.11389320212674342,0.3773291925465839,17.029404296106982,12.211251911416575,1.2417289418920063e-12,34.05880859221272,-1.0,-1.0,0.9111456170139474,2.0
quadratic_+0.25,quadratic,-30.5,17,2026110217,1,,0.25,0.25,0.11389320212674342,0.3773291925465839,17.029404296106982,12.211251911416575,1.2417289418920063e-12,34.05880859221272,-1.0,-1.0,0.9111456170139474,2.0
quadratic_+0.25,quadratic,-30.5,15,2026110215,1,,0.25,0.25,0.11389320212674342,0.3773291925465839,17.029404296106982,12.211251911416575,1.2417289418920063e-12,34.05880859221272,-1.0,-1.0,0.9111456170139474,2.0
quadratic_+0.25,quadratic,-30.5,20,2026110220,1,,0.25,0.25,0.11389320212674342,0.3773291925465839,17.029404296106982,12.211251911416575,1.2417289418920063e-12,34.05880859221272,-1.0,-1.0,0.9111456170139474,2.0
quadratic_+0.25,quadratic,-30.5,22,2026110222,1,,0.25,0.25,0.11389320212674342,0.3773291925465839,17.029404296106982,12.211251911416575,1.2417289418920063e-12,34.05880859221272,-1.0,-1.0,0.9111456170139474,2.0
quadratic_+0.25,quadratic,-30.5,18,2026110218,1,,0.25,0.25,0.11389320212674342,0.3773291925465839,17.029404296106982,12.211251911416575,1.2417289418920063e-12,34.05880859221272,-1.0,-1.0,0.9111456170139474,2.0
quadratic_+0.25,quadratic,-30.5,21,2026110221,1,,0.25,0.25,0.11389320212674342,0.3773291925465839,17.029404296106982,12.211251911416575,1.2417289418920063e-12,34.05880859221272,-1.0,-1.0,0.9111456170139474,2.0
quadratic_+0.25,quadratic,-30.5,24,2026110224,1,,0.25,0.25,0.11389320212674342,0.3773291925465839,17.029404296106982,12.211251911416575,1.2417289418920063e-12,34.05880859221272,-1.0,-1.0,0.9111456170139474,2.0
quadratic_+0.25,quadratic,-30.5,25,2026110225,1,,0.25,0.25,0.11389320212674342,0.3773291925465839,17.029404296106982,12.211251911416575,1.2417289418920063e-12,34.05880859221272,-1.0,-1.0,0.9111456170139474,2.0
quadratic_+0.25,quadratic,-30.5,23,2026110223,0,,0.25,0.25,0.11389320212674342,0.3773291925465839,17.029404296106982,12.211251911416575,1.2417289418920063e-12,34.05880859221272,-1.0,-1.0,0.9111456170139474,2.0
quadratic_+0.25,quadratic,-30.5,29,2026110229,1,,0.25,0.25,0.11389320212674342,0.3773291925465839,17.029404296106982,12.211251911416575,1.2417289418920063e-12,34.05880859221272,-1.0,-1.0,0.9111456170139474,2.0
quadratic_+0.25,quadratic,-30.5,26,2026110226,1,,0.25,0.25,0.11389320212674342,0.3773291925465839,17.029404296106982,12.211251911416575,1.2417289418920063e-12,34.05880859221272,-1.0,-1.0,0.9111456170139474,2.0
quadratic_+0.25,quadratic,-30.5,27,2026110227,1,,0.25,0.25,0.11389320212674342,0.3773291925465839,17.029404296106982,12.211251911416575,1.2417289418920063e-12,34.05880859221272,-1.0,-1.0,0.9111456170139474,2.0
quadratic_+0.25,quadratic,-30.5,31,2026110231,1,,0.25,0.25,0.11389320212674342,0.3773291925465839,17.029404296106982,12.211251911416575,1.2417289418920063e-12,34.05880859221272,-1.0,-1.0,0.9111456170139474,2.0
quadratic_+0.25,quadratic,-30.5,32,2026110232,1,,0.25,0.25,0.11389320212674342,0.3773291925465839,17.029404296106982,12.211251911416575,1.2417289418920063e-12,34.05880859221272,-1.0,-1.0,0.9111456170139474,2.0
quadratic_+0.25,quadratic,-30.5,28,2026110228,0,,0.25,0.25,0.11389320212674342,0.3773291925465839,17.029404296106982,12.211251911416575,1.2417289418920063e-12,34.05880859221272,-1.0,-1.0,0.9111456170139474,2.0
quadratic_+0.25,quadratic,-30.5,30,2026110230,0,,0.25,0.25,0.11389320212674342,0.3773291925465839,17.029404296106982,12.211251911416575,1.2417289418920063e-12,34.05880859221272,-1.0,-1.0,0.9111456170139474,2.0
quadratic_+0.25,quadratic,-30.5,36,2026110236,1,,0.25,0.25,0.11389320212674342,0.3773291925465839,17.029404296106982,12.211251911416575,1.2417289418920063e-12,34.05880859221272,-1.0,-1.0,0.9111456170139474,2.0
quadratic_+0.25,quadratic,-30.5,33,2026110233,0,,0.25,0.25,0.11389320212674342,0.3773291925465839,17.029404296106982,12.211251911416575,1.2417289418920063e-12,34.05880859221272,-1.0,-1.0,0.9111456170139474,2.0
quadratic_+0.25,quadratic,-30.5,34,2026110234,0,,0.25,0.25,0.11389320212674342,0.3773291925465839,17.029404296106982,12.211251911416575,1.2417289418920063e-12,34.05880859221272,-1.0,-1.0,0.9111456170139474,2.0
quadratic_+0.25,quadratic,-30.5,37,2026110237,1,,0.25,0.25,0.11389320212674342,0.3773291925465839,17.029404296106982,12.211251911416575,1.2417289418920063e-12,34.05880859221272,-1.0,-1.0,0.9111456170139474,2.0
quadratic_+0.25,quadratic,-30.5,35,2026110235,0,,0.25,0.25,0.11389320212674342,0.3773291925465839,17.029404296106982,12.211251911416575,1.2417289418920063e-12,34.05880859221272,-1.0,-1.0,0.9111456170139474,2.0
quadratic_+0.25,quadratic,-30.5,38,2026110238,1,,0.25,0.25,0.11389320212674342,0.3773291925465839,17.029404296106982,12.211251911416575,1.2417289418920063e-12,34.05880859221272,-1.0,-1.0,0.9111456170139474,2.0
quadratic_+0.25,quadratic,-30.5,39,2026110239,1,,0.25,0.25,0.11389320212674342,0.3773291925465839,17.029404296106982,12.211251911416575,1.2417289418920063e-12,34.05880859221272,-1.0,-1.0,0.9111456170139474,2.0
quadratic_+0.25,quadratic,-30.5,42,2026110242,1,,0.25,0.25,0.11389320212674342,0.3773291925465839,17.029404296106982,12.211251911416575,1.2417289418920063e-12,34.05880859221272,-1.0,-1.0,0.9111456170139474,2.0
quadratic_+0.25,quadratic,-30.5,40,2026110240,1,,0.25,0.25,0.11389320212674342,0.3773291925465839,17.029404296106982,12.211251911416575,1.2417289418920063e-12,34.05880859221272,-1.0,-1.0,0.9111456170139474,2.0
quadratic_+0.25,quadratic,-30.5,45,2026110245,1,,0.25,0.25,0.11389320212674342,0.3773291925465839,17.029404296106982,12.211251911416575,1.2417289418920063e-12,34.05880859221272,-1.0,-1.0,0.9111456170139474,2.0
quadratic_+0.25,quadratic,-30.5,46,2026110246,1,,0.25,0.25,0.11389320212674342,0.3773291925465839,17.029404296106982,12.211251911416575,1.2417289418920063e-12,34.05880859221272,-1.0,-1.0,0.9111456170139474,2.0
quadratic_+0.25,quadratic,-30.5,43,2026110243,1,,0.25,0.25,0.11389320212674342,0.3773291925465839,17.029404296106982,12.211251911416575,1.2417289418920063e-12,34.05880859221272,-1.0,-1.0,0.9111456170139474,2.0
quadratic_+0.25,quadratic,-30.5,44,2026110244,1,,0.25,0.25,0.11389320212674342,0.3773291925465839,17.029404296106982,12.211251911416575,1.2417289418920063e-12,34.05880859221272,-1.0,-1.0,0.9111456170139474,2.0
quadratic_+0.25,quadratic,-30.5,48,2026110248,1,,0.25,0.25,0.11389320212674342,0.3773291925465839,17.029404296106982,12.211251911416575,1.2417289418920063e-12,34.05880859221272,-1.0,-1.0,0.9111456170139474,2.0
quadratic_+0.25,quadratic,-30.5,41,2026110241,0,,0.25,0.25,0.11389320212674342,0.3773291925465839,17.029404296106982,12.211251911416575,1.2417289418920063e-12,34.05880859221272,-1.0,-1.0,0.9111456170139474,2.0
quadratic_+0.25,quadratic,-30.5,50,2026110250,1,,0.25,0.25,0.11389320212674342,0.3773291925465839,17.029404296106982,12.211251911416575,1.2417289418920063e-12,34.05880859221272,-1.0,-1.0,0.9111456170139474,2.0
quadratic_+0.25,quadratic,-30.5,49,2026110249,1,,0.25,0.25,0.11389320212674342,0.3773291925465839,17.029404296106982,12.211251911416575,1.2417289418920063e-12,34.05880859221272,-1.0,-1.0,0.9111456170139474,2.0
quadratic_+0.25,quadratic,-30.5,47,2026110247,0,,0.25,0.25,0.11389320212674342,0.3773291925465839,17.029404296106982,12.211251911416575,1.2417289418920063e-12,34.05880859221272,-1.0,-1.0,0.9111456170139474,2.0
quadratic_+0.25,quadratic,-30.5,53,2026110253,1,,0.25,0.25,0.11389320212674342,0.3773291925465839,17.029404296106982,12.211251911416575,1.2417289418920063e-12,34.05880859221272,-1.0,-1.0,0.9111456170139474,2.0
quadratic_+0.25,quadratic,-30.5,55,2026110255,1,,0.25,0.25,0.11389320212674342,0.3773291925465839,17.029404296106982,12.211251911416575,1.2417289418920063e-12,34.05880859221272,-1.0,-1.0,0.9111456170139474,2.0
quadratic_+0.25,quadratic,-30.5,51,2026110251,0,,0.25,0.25,0.11389320212674342,0.3773291925465839,17.029404296106982,12.211251911416575,1.2417289418920063e-12,34.05880859221272,-1.0,-1.0,0.9111456170139474,2.0
quadratic_+0.25,quadratic,-30.5,52,2026110252,0,,0.25,0.25,0.11389320212674342,0.3773291925465839,17.029404296106982,12.211251911416575,1.2417289418920063e-12,34.05880859221272,-1.0,-1.0,0.9111456170139474,2.0
quadratic_+0.25,quadratic,-30.5,56,2026110256,1,,0.25,0.25,0.11389320212674342,0.3773291925465839,17.029404296106982,12.211251911416575,1.2417289418920063e-12,34.05880859221272,-1.0,-1.0,0.9111456170139474,2.0
quadratic_+0.25,quadratic,-30.5,54,2026110254,0,,0.25,0.25,0.11389320212674342,0.3773291925465839,17.029404296106982,12.211251911416575,1.2417289418920063e-12,34.05880859221272,-1.0,-1.0,0.9111456170139474,2.0
quadratic_+0.25,quadratic,-30.5,57,2026110257,0,,0.25,0.25,0.11389320212674342,0.3773291925465839,17.029404296106982,12.211251911416575,1.2417289418920063e-12,34.05880859221272,-1.0,-1.0,0.9111456170139474,2.0
quadratic_+0.25,quadratic,-30.5,59,2026110259,1,,0.25,0.25,0.11389320212674342,0.3773291925465839,17.029404296106982,12.211251911416575,1.2417289418920063e-12,34.05880859221272,-1.0,-1.0,0.9111456170139474,2.0
quadratic_+0.25,quadratic,-30.5,58,2026110258,0,,0.25,0.25,0.11389320212674342,0.3773291925465839,17.029404296106982,12.211251911416575,1.2417289418920063e-12,34.05880859221272,-1.0,-1.0,0.9111456170139474,2.0
quadratic_+0.25,quadratic,-30.5,61,2026110261,1,,0.25,0.25,0.11389320212674342,0.3773291925465839,17.029404296106982,12.211251911416575,1.2417289418920063e-12,34.05880859221272,-1.0,-1.0,0.9111456170139474,2.0
quadratic_+0.25,quadratic,-30.5,63,2026110263,1,,0.25,0.25,0.11389320212674342,0.3773291925465839,17.029404296106982,12.211251911416575,1.2417289418920063e-12,34.05880859221272,-1.0,-1.0,0.9111456170139474,2.0
quadratic_+0.25,quadratic,-30.5,60,2026110260,0,,0.25,0.25,0.11389320212674342,0.3773291925465839,17.029404296106982,12.211251911416575,1.2417289418920063e-12,34.05880859221272,-1.0,-1.0,0.9111456170139474,2.0
quadratic_+0.25,quadratic,-30.5,64,2026110264,1,,0.25,0.25,0.11389320212674342,0.3773291925465839,17.029404296106982,12.211251911416575,1.2417289418920063e-12,34.05880859221272,-1.0,-1.0,0.9111456170139474,2.0
quadratic_+0.25,quadratic,-30.5,62,2026110262,0,,0.25,0.25,0.11389320212674342,0.3773291925465839,17.029404296106982,12.211251911416575,1.2417289418920063e-12,34.05880859221272,-1.0,-1.0,0.9111456170139474,2.0
quadratic_+0.25,quadratic,-30.5,65,2026110265,1,,0.25,0.25,0.11389320212674342,0.3773291925465839,17.029404296106982,12.211251911416575,1.2417289418920063e-12,34.05880859221272,-1.0,-1.0,0.9111456170139474,2.0
quadratic_+0.25,quadratic,-30.5,67,2026110267,1,,0.25,0.25,0.11389320212674342,0.3773291925465839,17.029404296106982,12.211251911416575,1.2417289418920063e-12,34.05880859221272,-1.0,-1.0,0.9111456170139474,2.0
quadratic_+0.25,quadratic,-30.5,66,2026110266,1,,0.25,0.25,0.11389320212674342,0.3773291925465839,17.029404296106982,12.211251911416575,1.2417289418920063e-12,34.05880859221272,-1.0,-1.0,0.9111456170139474,2.0
quadratic_+0.25,quadratic,-30.5,69,2026110269,0,,0.25,0.25,0.11389320212674342,0.3773291925465839,17.029404296106982,12.211251911416575,1.2417289418920063e-12,34.05880859221272,-1.0,-1.0,0.9111456170139474,2.0
quadratic_+0.25,quadratic,-30.5,71,2026110271,1,,0.25,0.25,0.11389320212674342,0.3773291925465839,17.029404296106982,12.211251911416575,1.2417289418920063e-12,34.05880859221272,-1.0,-1.0,0.9111456170139474,2.0
quadratic_+0.25,quadratic,-30.5,73,2026110273,1,,0.25,0.25,0.11389320212674342,0.3773291925465839,17.029404296106982,12.211251911416575,1.2417289418920063e-12,34.05880859221272,-1.0,-1.0,0.9111456170139474,2.0
quadratic_+0.25,quadratic,-30.5,74,2026110274,1,,0.25,0.25,0.11389320212674342,0.3773291925465839,17.029404296106982,12.211251911416575,1.2417289418920063e-12,34.05880859221272,-1.0,-1.0,0.9111456170139474,2.0
quadratic_+0.25,quadratic,-30.5,72,2026110272,1,,0.25,0.25,0.11389320212674342,0.3773291925465839,17.029404296106982,12.211251911416575,1.2417289418920063e-12,34.05880859221272,-1.0,-1.0,0.9111456170139474,2.0
quadratic_+0.25,quadratic,-30.5,68,2026110268,0,,0.25,0.25,0.11389320212674342,0.3773291925465839,17.029404296106982,12.211251911416575,1.2417289418920063e-12,34.05880859221272,-1.0,-1.0,0.9111456170139474,2.0
quadratic_+0.25,quadratic,-30.5,77,2026110277,1,,0.25,0.25,0.11389320212674342,0.3773291925465839,17.029404296106982,12.211251911416575,1.2417289418920063e-12,34.05880859221272,-1.0,-1.0,0.9111456170139474,2.0
quadratic_+0.25,quadratic,-30.5,70,2026110270,0,,0.25,0.25,0.11389320212674342,0.3773291925465839,17.029404296106982,12.211251911416575,1.2417289418920063e-12,34.05880859221272,-1.0,-1.0,0.9111456170139474,2.0
quadratic_+0.25,quadratic,-30.5,78,2026110278,1,,0.25,0.25,0.11389320212674342,0.3773291925465839,17.029404296106982,12.211251911416575,1.2417289418920063e-12,34.05880859221272,-1.0,-1.0,0.9111456170139474,2.0
quadratic_+0.25,quadratic,-30.5,76,2026110276,1,,0.25,0.25,0.11389320212674342,0.3773291925465839,17.029404296106982,12.211251911416575,1.2417289418920063e-12,34.05880859221272,-1.0,-1.0,0.9111456170139474,2.0
quadratic_+0.25,quadratic,-30.5,80,2026110280,1,,0.25,0.25,0.11389320212674342,0.3773291925465839,17.029404296106982,12.211251911416575,1.2417289418920063e-12,34.05880859221272,-1.0,-1.0,0.9111456170139474,2.0
quadratic_+0.25,quadratic,-30.5,81,2026110281,1,,0.25,0.25,0.11389320212674342,0.3773291925465839,17.029404296106982,12.211251911416575,1.2417289418920063e-12,34.05880859221272,-1.0,-1.0,0.9111456170139474,2.0
quadratic_+0.25,quadratic,-30.5,83,2026110283,1,,0.25,0.25,0.11389320212674342,0.3773291925465839,17.029404296106982,12.211251911416575,1.2417289418920063e-12,34.05880859221272,-1.0,-1.0,0.9111456170139474,2.0
quadratic_+0.25,quadratic,-30.5,75,2026110275,0,,0.25,0.25,0.11389320212674342,0.3773291925465839,17.029404296106982,12.211251911416575,1.2417289418920063e-12,34.05880859221272,-1.0,-1.0,0.9111456170139474,2.0
quadratic_+0.25,quadratic,-30.5,79,2026110279,1,,0.25,0.25,0.11389320212674342,0.3773291925465839,17.029404296106982,12.211251911416575,1.2417289418920063e-12,34.05880859221272,-1.0,-1.0,0.9111456170139474,2.0
quadratic_+0.25,quadratic,-30.5,82,2026110282,1,,0.25,0.25,0.11389320212674342,0.3773291925465839,17.029404296106982,12.211251911416575,1.2417289418920063e-12,34.05880859221272,-1.0,-1.0,0.9111456170139474,2.0
quadratic_+0.25,quadratic,-30.5,87,2026110287,1,,0.25,0.25,0.11389320212674342,0.3773291925465839,17.029404296106982,12.211251911416575,1.2417289418920063e-12,34.05880859221272,-1.0,-1.0,0.9111456170139474,2.0
quadratic_+0.25,quadratic,-30.5,84,2026110284,1,,0.25,0.25,0.11389320212674342,0.3773291925465839,17.029404296106982,12.211251911416575,1.2417289418920063e-12,34.05880859221272,-1.0,-1.0,0.9111456170139474,2.0
quadratic_+0.25,quadratic,-30.5,85,2026110285,1,,0.25,0.25,0.11389320212674342,0.3773291925465839,17.029404296106982,12.211251911416575,1.2417289418920063e-12,34.05880859221272,-1.0,-1.0,0.9111456170139474,2.0
quadratic_+0.25,quadratic,-30.5,86,2026110286,1,,0.25,0.25,0.11389320212674342,0.3773291925465839,17.029404296106982,12.211251911416575,1.2417289418920063e-12,34.05880859221272,-1.0,-1.0,0.9111456170139474,2.0
quadratic_+0.25,quadratic,-30.5,89,2026110289,1,,0.25,0.25,0.11389320212674342,0.3773291925465839,17.029404296106982,12.211251911416575,1.2417289418920063e-12,34.05880859221272,-1.0,-1.0,0.9111456170139474,2.0
quadratic_+0.25,quadratic,-30.5,88,2026110288,1,,0.25,0.25,0.11389320212674342,0.3773291925465839,17.029404296106982,12.211251911416575,1.2417289418920063e-12,34.05880859221272,-1.0,-1.0,0.9111456170139474,2.0
quadratic_+0.25,quadratic,-30.5,91,2026110291,1,,0.25,0.25,0.11389320212674342,0.3773291925465839,17.029404296106982,12.211251911416575,1.2417289418920063e-12,34.05880859221272,-1.0,-1.0,0.9111456170139474,2.0
quadratic_+0.25,quadratic,-30.5,94,2026110294,1,,0.25,0.25,0.11389320212674342,0.3773291925465839,17.029404296106982,12.211251911416575,1.2417289418920063e-12,34.05880859221272,-1.0,-1.0,0.9111456170139474,2.0
quadratic_+0.25,quadratic,-30.5,90,2026110290,0,,0.25,0.25,0.11389320212674342,0.3773291925465839,17.029404296106982,12.211251911416575,1.2417289418920063e-12,34.05880859221272,-1.0,-1.0,0.9111456170139474,2.0
quadratic_+0.25,quadratic,-30.5,93,2026110293,1,,0.25,0.25,0.11389320212674342,0.3773291925465839,17.029404296106982,12.211251911416575,1.2417289418920063e-12,34.05880859221272,-1.0,-1.0,0.9111456170139474,2.0
quadratic_+0.25,quadratic,-30.5,95,2026110295,1,,0.25,0.25,0.11389320212674342,0.3773291925465839,17.029404296106982,12.211251911416575,1.2417289418920063e-12,34.05880859221272,-1.0,-1.0,0.9111456170139474,2.0
quadratic_+0.25,quadratic,-30.5,98,2026110298,1,,0.25,0.25,0.11389320212674342,0.3773291925465839,17.029404296106982,12.211251911416575,1.2417289418920063e-12,34.05880859221272,-1.0,-1.0,0.9111456170139474,2.0
quadratic_+0.25,quadratic,-30.5,92,2026110292,0,,0.25,0.25,0.11389320212674342,0.3773291925465839,17.029404296106982,12.211251911416575,1.2417289418920063e-12,34.05880859221272,-1.0,-1.0,0.9111456170139474,2.0
quadratic_+0.25,quadratic,-30.5,99,2026110299,1,,0.25,0.25,0.11389320212674342,0.3773291925465839,17.029404296106982,12.211251911416575,1.2417289418920063e-12,34.05880859221272,-1.0,-1.0,0.9111456170139474,2.0
quadratic_+0.25,quadratic,-30.5,96,2026110296,0,,0.25,0.25,0.11389320212674342,0.3773291925465839,17.029404296106982,12.211251911416575,1.2417289418920063e-12,34.05880859221272,-1.0,-1.0,0.9111456170139474,2.0
quadratic_+0.25,quadratic,-30.5,97,2026110297,0,,0.25,0.25,0.11389320212674342,0.3773291925465839,17.029404296106982,12.211251911416575,1.2417289418920063e-12,34.05880859221272,-1.0,-1.0,0.9111456170139474,2.0
quadratic_-0.25,quadratic,-30.5,1,2026110201,1,,-0.25,0.25,0.11389320212674342,0.3773291925465839,17.029404296106982,12.211251911416575,-1.2417289418920063e-12,34.05880859221272,1.0,1.0,0.0,0.0
quadratic_-0.25,quadratic,-30.5,0,2026110200,0,,-0.25,0.25,0.11389320212674342,0.3773291925465839,17.029404296106982,12.211251911416575,-1.2417289418920063e-12,34.05880859221272,1.0,1.0,0.0,0.0
quadratic_-0.25,quadratic,-30.5,2,2026110202,1,,-0.25,0.25,0.11389320212674342,0.3773291925465839,17.029404296106982,12.211251911416575,-1.2417289418920063e-12,34.05880859221272,1.0,1.0,0.0,0.0
quadratic_-0.25,quadratic,-30.5,4,2026110204,1,,-0.25,0.25,0.11389320212674342,0.3773291925465839,17.029404296106982,12.211251911416575,-1.2417289418920063e-12,34.05880859221272,1.0,1.0,0.0,0.0
quadratic_-0.25,quadratic,-30.5,3,2026110203,1,,-0.25,0.25,0.11389320212674342,0.3773291925465839,17.029404296106982,12.211251911416575,-1.2417289418920063e-12,34.05880859221272,1.0,1.0,0.0,0.0
quadratic_-0.25,quadratic,-30.5,5,2026110205,1,,-0.25,0.25,0.11389320212674342,0.3773291925465839,17.029404296106982,12.211251911416575,-1.2417289418920063e-12,34.05880859221272,1.0,1.0,0.0,0.0
quadratic_-0.25,quadratic,-30.5,6,2026110206,0,,-0.25,0.25,0.11389320212674342,0.3773291925465839,17.029404296106982,12.211251911416575,-1.2417289418920063e-12,34.05880859221272,1.0,1.0,0.0,0.0
quadratic_-0.25,quadratic,-30.5,7,2026110207,0,,-0.25,0.25,0.11389320212674342,0.3773291925465839,17.029404296106982,12.211251911416575,-1.2417289418920063e-12,34.05880859221272,1.0,1.0,0.0,0.0
quadratic_-0.25,quadratic,-30.5,8,2026110208,0,,-0.25,0.25,0.11389320212674342,0.3773291925465839,17.029404296106982,12.211251911416575,-1.2417289418920063e-12,34.05880859221272,1.0,1.0,0.0,0.0
quadratic_-0.25,quadratic,-30.5,9,2026110209,0,,-0.25,0.25,0.11389320212674342,0.3773291925465839,17.029404296106982,12.211251911416575,-1.2417289418920063e-12,34.05880859221272,1.0,1.0,0.0,0.0
quadratic_-0.25,quadratic,-30.5,11,2026110211,1,,-0.25,0.25,0.11389320212674342,0.3773291925465839,17.029404296106982,12.211251911416575,-1.2417289418920063e-12,34.05880859221272,1.0,1.0,0.0,0.0
quadratic_-0.25,quadratic,-30.5,10,2026110210,1,,-0.25,0.25,0.11389320212674342,0.3773291925465839,17.029404296106982,12.211251911416575,-1.2417289418920063e-12,34.05880859221272,1.0,1.0,0.0,0.0
quadratic_-0.25,quadratic,-30.5,14,2026110214,1,,-0.25,0.25,0.11389320212674342,0.3773291925465839,17.029404296106982,12.211251911416575,-1.2417289418920063e-12,34.05880859221272,1.0,1.0,0.0,0.0
quadratic_-0.25,quadratic,-30.5,12,2026110212,1,,-0.25,0.25,0.11389320212674342,0.3773291925465839,17.029404296106982,12.211251911416575,-1.2417289418920063e-12,34.05880859221272,1.0,1.0,0.0,0.0
quadratic_-0.25,quadratic,-30.5,13,2026110213,1,,-0.25,0.25,0.11389320212674342,0.3773291925465839,17.029404296106982,12.211251911416575,-1.2417289418920063e-12,34.05880859221272,1.0,1.0,0.0,0.0
quadratic_-0.25,quadratic,-30.5,16,2026110216,1,,-0.25,0.25,0.11389320212674342,0.3773291925465839,17.029404296106982,12.211251911416575,-1.2417289418920063e-12,34.05880859221272,1.0,1.0,0.0,0.0
quadratic_-0.25,quadratic,-30.5,19,2026110219,1,,-0.25,0.25,0.11389320212674342,0.3773291925465839,17.029404296106982,12.211251911416575,-1.2417289418920063e-12,34.05880859221272,1.0,1.0,0.0,0.0
quadratic_-0.25,quadratic,-30.5,18,2026110218,1,,-0.25,0.25,0.11389320212674342,0.3773291925465839,17.029404296106982,12.211251911416575,-1.2417289418920063e-12,34.05880859221272,1.0,1.0,0.0,0.0
quadratic_-0.25,quadratic,-30.5,15,2026110215,0,,-0.25,0.25,0.11389320212674342,0.3773291925465839,17.029404296106982,12.211251911416575,-1.2417289418920063e-12,34.05880859221272,1.0,1.0,0.0,0.0
quadratic_-0.25,quadratic,-30.5,17,2026110217,0,,-0.25,0.25,0.11389320212674342,0.3773291925465839,17.029404296106982,12.211251911416575,-1.2417289418920063e-12,34.05880859221272,1.0,1.0,0.0,0.0
quadratic_-0.25,quadratic,-30.5,20,2026110220,1,,-0.25,0.25,0.11389320212674342,0.3773291925465839,17.029404296106982,12.211251911416575,-1.2417289418920063e-12,34.05880859221272,1.0,1.0,0.0,0.0
quadratic_-0.25,quadratic,-30.5,24,2026110224,1,,-0.25,0.25,0.11389320212674342,0.3773291925465839,17.029404296106982,12.211251911416575,-1.2417289418920063e-12,34.05880859221272,1.0,1.0,0.0,0.0
quadratic_-0.25,quadratic,-30.5,23,2026110223,1,,-0.25,0.25,0.11389320212674342,0.3773291925465839,17.029404296106982,12.211251911416575,-1.2417289418920063e-12,34.05880859221272,1.0,1.0,0.0,0.0
quadratic_-0.25,quadratic,-30.5,25,2026110225,1,,-0.25,0.25,0.11389320212674342,0.3773291925465839,17.029404296106982,12.211251911416575,-1.2417289418920063e-12,34.05880859221272,1.0,1.0,0.0,0.0
quadratic_-0.25,quadratic,-30.5,21,2026110221,0,,-0.25,0.25,0.11389320212674342,0.3773291925465839,17.029404296106982,12.211251911416575,-1.2417289418920063e-12,34.05880859221272,1.0,1.0,0.0,0.0
quadratic_-0.25,quadratic,-30.5,26,2026110226,1,,-0.25,0.25,0.11389320212674342,0.3773291925465839,17.029404296106982,12.211251911416575,-1.2417289418920063e-12,34.05880859221272,1.0,1.0,0.0,0.0
quadratic_-0.25,quadratic,-30.5,22,2026110222,0,,-0.25,0.25,0.11389320212674342,0.3773291925465839,17.029404296106982,12.211251911416575,-1.2417289418920063e-12,34.05880859221272,1.0,1.0,0.0,0.0
quadratic_-0.25,quadratic,-30.5,29,2026110229,1,,-0.25,0.25,0.11389320212674342,0.3773291925465839,17.029404296106982,12.211251911416575,-1.2417289418920063e-12,34.05880859221272,1.0,1.0,0.0,0.0
quadratic_-0.25,quadratic,-30.5,30,2026110230,1,,-0.25,0.25,0.11389320212674342,0.3773291925465839,17.029404296106982,12.211251911416575,-1.2417289418920063e-12,34.05880859221272,1.0,1.0,0.0,0.0
quadratic_-0.25,quadratic,-30.5,31,2026110231,1,,-0.25,0.25,0.11389320212674342,0.3773291925465839,17.029404296106982,12.211251911416575,-1.2417289418920063e-12,34.05880859221272,1.0,1.0,0.0,0.0
quadratic_-0.25,quadratic,-30.5,28,2026110228,1,,-0.25,0.25,0.11389320212674342,0.3773291925465839,17.029404296106982,12.211251911416575,-1.2417289418920063e-12,34.05880859221272,1.0,1.0,0.0,0.0
quadratic_-0.25,quadratic,-30.5,32,2026110232,1,,-0.25,0.25,0.11389320212674342,0.3773291925465839,17.029404296106982,12.211251911416575,-1.2417289418920063e-12,34.05880859221272,1.0,1.0,0.0,0.0
quadratic_-0.25,quadratic,-30.5,34,2026110234,1,,-0.25,0.25,0.11389320212674342,0.3773291925465839,17.029404296106982,12.211251911416575,-1.2417289418920063e-12,34.05880859221272,1.0,1.0,0.0,0.0
quadratic_-0.25,quadratic,-30.5,27,2026110227,0,,-0.25,0.25,0.11389320212674342,0.3773291925465839,17.029404296106982,12.211251911416575,-1.2417289418920063e-12,34.05880859221272,1.0,1.0,0.0,0.0
quadratic_-0.25,quadratic,-30.5,35,2026110235,1,,-0.25,0.25,0.11389320212674342,0.3773291925465839,17.029404296106982,12.211251911416575,-1.2417289418920063e-12,34.05880859221272,1.0,1.0,0.0,0.0
quadratic_-0.25,quadratic,-30.5,36,2026110236,1,,-0.25,0.25,0.11389320212674342,0.3773291925465839,17.029404296106982,12.211251911416575,-1.2417289418920063e-12,34.05880859221272,1.0,1.0,0.0,0.0
quadratic_-0.25,quadratic,-30.5,37,2026110237,1,,-0.25,0.25,0.11389320212674342,0.3773291925465839,17.029404296106982,12.211251911416575,-1.2417289418920063e-12,34.05880859221272,1.0,1.0,0.0,0.0
quadratic_-0.25,quadratic,-30.5,33,2026110233,0,,-0.25,0.25,0.11389320212674342,0.3773291925465839,17.029404296106982,12.211251911416575,-1.2417289418920063e-12,34.05880859221272,1.0,1.0,0.0,0.0
quadratic_-0.25,quadratic,-30.5,39,2026110239,1,,-0.25,0.25,0.11389320212674342,0.3773291925465839,17.029404296106982,12.211251911416575,-1.2417289418920063e-12,34.05880859221272,1.0,1.0,0.0,0.0
quadratic_-0.25,quadratic,-30.5,40,2026110240,1,,-0.25,0.25,0.11389320212674342,0.3773291925465839,17.029404296106982,12.211251911416575,-1.2417289418920063e-12,34.05880859221272,1.0,1.0,0.0,0.0
quadratic_-0.25,quadratic,-30.5,42,2026110242,1,,-0.25,0.25,0.11389320212674342,0.3773291925465839,17.029404296106982,12.211251911416575,-1.2417289418920063e-12,34.05880859221272,1.0,1.0,0.0,0.0
quadratic_-0.25,quadratic,-30.5,38,2026110238,0,,-0.25,0.25,0.11389320212674342,0.3773291925465839,17.029404296106982,12.211251911416575,-1.2417289418920063e-12,34.05880859221272,1.0,1.0,0.0,0.0
quadratic_-0.25,quadratic,-30.5,45,2026110245,1,,-0.25,0.25,0.11389320212674342,0.3773291925465839,17.029404296106982,12.211251911416575,-1.2417289418920063e-12,34.05880859221272,1.0,1.0,0.0,0.0
quadratic_-0.25,quadratic,-30.5,41,2026110241,0,,-0.25,0.25,0.11389320212674342,0.3773291925465839,17.029404296106982,12.211251911416575,-1.2417289418920063e-12,34.05880859221272,1.0,1.0,0.0,0.0
quadratic_-0.25,quadratic,-30.5,44,2026110244,1,,-0.25,0.25,0.11389320212674342,0.3773291925465839,17.029404296106982,12.211251911416575,-1.2417289418920063e-12,34.05880859221272,1.0,1.0,0.0,0.0
quadratic_-0.25,quadratic,-30.5,43,2026110243,0,,-0.25,0.25,0.11389320212674342,0.3773291925465839,17.029404296106982,12.211251911416575,-1.2417289418920063e-12,34.05880859221272,1.0,1.0,0.0,0.0
quadratic_-0.25,quadratic,-30.5,47,2026110247,1,,-0.25,0.25,0.11389320212674342,0.3773291925465839,17.029404296106982,12.211251911416575,-1.2417289418920063e-12,34.05880859221272,1.0,1.0,0.0,0.0
quadratic_-0.25,quadratic,-30.5,46,2026110246,1,,-0.25,0.25,0.11389320212674342,0.3773291925465839,17.029404296106982,12.211251911416575,-1.2417289418920063e-12,34.05880859221272,1.0,1.0,0.0,0.0
quadratic_-0.25,quadratic,-30.5,49,2026110249,1,,-0.25,0.25,0.11389320212674342,0.3773291925465839,17.029404296106982,12.211251911416575,-1.2417289418920063e-12,34.05880859221272,1.0,1.0,0.0,0.0
quadratic_-0.25,quadratic,-30.5,48,2026110248,0,,-0.25,0.25,0.11389320212674342,0.3773291925465839,17.029404296106982,12.211251911416575,-1.2417289418920063e-12,34.05880859221272,1.0,1.0,0.0,0.0
quadratic_-0.25,quadratic,-30.5,53,2026110253,1,,-0.25,0.25,0.11389320212674342,0.3773291925465839,17.029404296106982,12.211251911416575,-1.2417289418920063e-12,34.05880859221272,1.0,1.0,0.0,0.0
quadratic_-0.25,quadratic,-30.5,50,2026110250,0,,-0.25,0.25,0.11389320212674342,0.3773291925465839,17.029404296106982,12.211251911416575,-1.2417289418920063e-12,34.05880859221272,1.0,1.0,0.0,0.0
quadratic_-0.25,quadratic,-30.5,55,2026110255,1,,-0.25,0.25,0.11389320212674342,0.3773291925465839,17.029404296106982,12.211251911416575,-1.2417289418920063e-12,34.05880859221272,1.0,1.0,0.0,0.0
quadratic_-0.25,quadratic,-30.5,51,2026110251,0,,-0.25,0.25,0.11389320212674342,0.3773291925465839,17.029404296106982,12.211251911416575,-1.2417289418920063e-12,34.05880859221272,1.0,1.0,0.0,0.0
quadratic_-0.25,quadratic,-30.5,52,2026110252,0,,-0.25,0.25,0.11389320212674342,0.3773291925465839,17.029404296106982,12.211251911416575,-1.2417289418920063e-12,34.05880859221272,1.0,1.0,0.0,0.0
quadratic_-0.25,quadratic,-30.5,56,2026110256,1,,-0.25,0.25,0.11389320212674342,0.3773291925465839,17.029404296106982,12.211251911416575,-1.2417289418920063e-12,34.05880859221272,1.0,1.0,0.0,0.0
quadratic_-0.25,quadratic,-30.5,54,2026110254,0,,-0.25,0.25,0.11389320212674342,0.3773291925465839,17.029404296106982,12.211251911416575,-1.2417289418920063e-12,34.05880859221272,1.0,1.0,0.0,0.0
quadratic_-0.25,quadratic,-30.5,59,2026110259,1,,-0.25,0.25,0.11389320212674342,0.3773291925465839,17.029404296106982,12.211251911416575,-1.2417289418920063e-12,34.05880859221272,1.0,1.0,0.0,0.0
quadratic_-0.25,quadratic,-30.5,57,2026110257,0,,-0.25,0.25,0.11389320212674342,0.3773291925465839,17.029404296106982,12.211251911416575,-1.2417289418920063e-12,34.05880859221272,1.0,1.0,0.0,0.0
quadratic_-0.25,quadratic,-30.5,58,2026110258,0,,-0.25,0.25,0.11389320212674342,0.3773291925465839,17.029404296106982,12.211251911416575,-1.2417289418920063e-12,34.05880859221272,1.0,1.0,0.0,0.0
quadratic_-0.25,quadratic,-30.5,60,2026110260,1,,-0.25,0.25,0.11389320212674342,0.3773291925465839,17.029404296106982,12.211251911416575,-1.2417289418920063e-12,34.05880859221272,1.0,1.0,0.0,0.0
quadratic_-0.25,quadratic,-30.5,64,2026110264,1,,-0.25,0.25,0.11389320212674342,0.3773291925465839,17.029404296106982,12.211251911416575,-1.2417289418920063e-12,34.05880859221272,1.0,1.0,0.0,0.0
quadratic_-0.25,quadratic,-30.5,63,2026110263,1,,-0.25,0.25,0.11389320212674342,0.3773291925465839,17.029404296106982,12.211251911416575,-1.2417289418920063e-12,34.05880859221272,1.0,1.0,0.0,0.0
quadratic_-0.25,quadratic,-30.5,62,2026110262,0,,-0.25,0.25,0.11389320212674342,0.3773291925465839,17.029404296106982,12.211251911416575,-1.2417289418920063e-12,34.05880859221272,1.0,1.0,0.0,0.0
quadratic_-0.25,quadratic,-30.5,61,2026110261,0,,-0.25,0.25,0.11389320212674342,0.3773291925465839,17.029404296106982,12.211251911416575,-1.2417289418920063e-12,34.05880859221272,1.0,1.0,0.0,0.0
quadratic_-0.25,quadratic,-30.5,65,2026110265,1,,-0.25,0.25,0.11389320212674342,0.3773291925465839,17.029404296106982,12.211251911416575,-1.2417289418920063e-12,34.05880859221272,1.0,1.0,0.0,0.0
quadratic_-0.25,quadratic,-30.5,66,2026110266,1,,-0.25,0.25,0.11389320212674342,0.3773291925465839,17.029404296106982,12.211251911416575,-1.2417289418920063e-12,34.05880859221272,1.0,1.0,0.0,0.0
quadratic_-0.25,quadratic,-30.5,69,2026110269,1,,-0.25,0.25,0.11389320212674342,0.3773291925465839,17.029404296106982,12.211251911416575,-1.2417289418920063e-12,34.05880859221272,1.0,1.0,0.0,0.0
quadratic_-0.25,quadratic,-30.5,67,2026110267,1,,-0.25,0.25,0.11389320212674342,0.3773291925465839,17.029404296106982,12.211251911416575,-1.2417289418920063e-12,34.05880859221272,1.0,1.0,0.0,0.0
quadratic_-0.25,quadratic,-30.5,70,2026110270,1,,-0.25,0.25,0.11389320212674342,0.3773291925465839,17.029404296106982,12.211251911416575,-1.2417289418920063e-12,34.05880859221272,1.0,1.0,0.0,0.0
quadratic_-0.25,quadratic,-30.5,71,2026110271,1,,-0.25,0.25,0.11389320212674342,0.3773291925465839,17.029404296106982,12.211251911416575,-1.2417289418920063e-12,34.05880859221272,1.0,1.0,0.0,0.0
quadratic_-0.25,quadratic,-30.5,72,2026110272,1,,-0.25,0.25,0.11389320212674342,0.3773291925465839,17.029404296106982,12.211251911416575,-1.2417289418920063e-12,34.05880859221272,1.0,1.0,0.0,0.0
quadratic_-0.25,quadratic,-30.5,68,2026110268,0,,-0.25,0.25,0.11389320212674342,0.3773291925465839,17.029404296106982,12.211251911416575,-1.2417289418920063e-12,34.05880859221272,1.0,1.0,0.0,0.0
quadratic_-0.25,quadratic,-30.5,73,2026110273,1,,-0.25,0.25,0.11389320212674342,0.3773291925465839,17.029404296106982,12.211251911416575,-1.2417289418920063e-12,34.05880859221272,1.0,1.0,0.0,0.0
quadratic_-0.25,quadratic,-30.5,74,2026110274,1,,-0.25,0.25,0.11389320212674342,0.3773291925465839,17.029404296106982,12.211251911416575,-1.2417289418920063e-12,34.05880859221272,1.0,1.0,0.0,0.0
quadratic_-0.25,quadratic,-30.5,76,2026110276,1,,-0.25,0.25,0.11389320212674342,0.3773291925465839,17.029404296106982,12.211251911416575,-1.2417289418920063e-12,34.05880859221272,1.0,1.0,0.0,0.0
quadratic_-0.25,quadratic,-30.5,79,2026110279,1,,-0.25,0.25,0.11389320212674342,0.3773291925465839,17.029404296106982,12.211251911416575,-1.2417289418920063e-12,34.05880859221272,1.0,1.0,0.0,0.0
quadratic_-0.25,quadratic,-30.5,77,2026110277,1,,-0.25,0.25,0.11389320212674342,0.3773291925465839,17.029404296106982,12.211251911416575,-1.2417289418920063e-12,34.05880859221272,1.0,1.0,0.0,0.0
quadratic_-0.25,quadratic,-30.5,78,2026110278,1,,-0.25,0.25,0.11389320212674342,0.3773291925465839,17.029404296106982,12.211251911416575,-1.2417289418920063e-12,34.05880859221272,1.0,1.0,0.0,0.0
quadratic_-0.25,quadratic,-30.5,75,2026110275,0,,-0.25,0.25,0.11389320212674342,0.3773291925465839,17.029404296106982,12.211251911416575,-1.2417289418920063e-12,34.05880859221272,1.0,1.0,0.0,0.0
quadratic_-0.25,quadratic,-30.5,81,2026110281,1,,-0.25,0.25,0.11389320212674342,0.3773291925465839,17.029404296106982,12.211251911416575,-1.2417289418920063e-12,34.05880859221272,1.0,1.0,0.0,0.0
quadratic_-0.25,quadratic,-30.5,80,2026110280,1,,-0.25,0.25,0.11389320212674342,0.3773291925465839,17.029404296106982,12.211251911416575,-1.2417289418920063e-12,34.05880859221272,1.0,1.0,0.0,0.0
quadratic_-0.25,quadratic,-30.5,82,2026110282,1,,-0.25,0.25,0.11389320212674342,0.3773291925465839,17.029404296106982,12.211251911416575,-1.2417289418920063e-12,34.05880859221272,1.0,1.0,0.0,0.0
quadratic_-0.25,quadratic,-30.5,84,2026110284,1,,-0.25,0.25,0.11389320212674342,0.3773291925465839,17.029404296106982,12.211251911416575,-1.2417289418920063e-12,34.05880859221272,1.0,1.0,0.0,0.0
quadratic_-0.25,quadratic,-30.5,83,2026110283,1,,-0.25,0.25,0.11389320212674342,0.3773291925465839,17.029404296106982,12.211251911416575,-1.2417289418920063e-12,34.05880859221272,1.0,1.0,0.0,0.0
quadratic_-0.25,quadratic,-30.5,86,2026110286,1,,-0.25,0.25,0.11389320212674342,0.3773291925465839,17.029404296106982,12.211251911416575,-1.2417289418920063e-12,34.05880859221272,1.0,1.0,0.0,0.0
quadratic_-0.25,quadratic,-30.5,89,2026110289,1,,-0.25,0.25,0.11389320212674342,0.3773291925465839,17.029404296106982,12.211251911416575,-1.2417289418920063e-12,34.05880859221272,1.0,1.0,0.0,0.0
quadratic_-0.25,quadratic,-30.5,87,2026110287,1,,-0.25,0.25,0.11389320212674342,0.3773291925465839,17.029404296106982,12.211251911416575,-1.2417289418920063e-12,34.05880859221272,1.0,1.0,0.0,0.0
quadratic_-0.25,quadratic,-30.5,88,2026110288,1,,-0.25,0.25,0.11389320212674342,0.3773291925465839,17.029404296106982,12.211251911416575,-1.2417289418920063e-12,34.05880859221272,1.0,1.0,0.0,0.0
quadratic_-0.25,quadratic,-30.5,92,2026110292,1,,-0.25,0.25,0.11389320212674342,0.3773291925465839,17.029404296106982,12.211251911416575,-1.2417289418920063e-12,34.05880859221272,1.0,1.0,0.0,0.0
quadratic_-0.25,quadratic,-30.5,85,2026110285,0,,-0.25,0.25,0.11389320212674342,0.3773291925465839,17.029404296106982,12.211251911416575,-1.2417289418920063e-12,34.05880859221272,1.0,1.0,0.0,0.0
quadratic_-0.25,quadratic,-30.5,91,2026110291,1,,-0.25,0.25,0.11389320212674342,0.3773291925465839,17.029404296106982,12.211251911416575,-1.2417289418920063e-12,34.05880859221272,1.0,1.0,0.0,0.0
quadratic_-0.25,quadratic,-30.5,95,2026110295,1,,-0.25,0.25,0.11389320212674342,0.3773291925465839,17.029404296106982,12.211251911416575,-1.2417289418920063e-12,34.05880859221272,1.0,1.0,0.0,0.0
quadratic_-0.25,quadratic,-30.5,90,2026110290,1,,-0.25,0.25,0.11389320212674342,0.3773291925465839,17.029404296106982,12.211251911416575,-1.2417289418920063e-12,34.05880859221272,1.0,1.0,0.0,0.0
quadratic_-0.25,quadratic,-30.5,94,2026110294,1,,-0.25,0.25,0.11389320212674342,0.3773291925465839,17.029404296106982,12.211251911416575,-1.2417289418920063e-12,34.05880859221272,1.0,1.0,0.0,0.0
quadratic_-0.25,quadratic,-30.5,93,2026110293,0,,-0.25,0.25,0.11389320212674342,0.3773291925465839,17.029404296106982,12.211251911416575,-1.2417289418920063e-12,34.05880859221272,1.0,1.0,0.0,0.0
quadratic_-0.25,quadratic,-30.5,98,2026110298,1,,-0.25,0.25,0.11389320212674342,0.3773291925465839,17.029404296106982,12.211251911416575,-1.2417289418920063e-12,34.05880859221272,1.0,1.0,0.0,0.0
quadratic_-0.25,quadratic,-30.5,96,2026110296,0,,-0.25,0.25,0.11389320212674342,0.3773291925465839,17.029404296106982,12.211251911416575,-1.2417289418920063e-12,34.05880859221272,1.0,1.0,0.0,0.0
quadratic_-0.25,quadratic,-30.5,97,2026110297,0,,-0.25,0.25,0.11389320212674342,0.3773291925465839,17.029404296106982,12.211251911416575,-1.2417289418920063e-12,34.05880859221272,1.0,1.0,0.0,0.0
quadratic_+0.50,quadratic,-30.5,0,2026110200,0,,0.5,0.5,0.22778640425348684,0.7546583850931678,34.058808592213964,24.42250382283315,2.4834578837840127e-12,68.11761718442544,-1.0,-1.0,0.9111456170139474,2.0
quadratic_-0.25,quadratic,-30.5,99,2026110299,0,,-0.25,0.25,0.11389320212674342,0.3773291925465839,17.029404296106982,12.211251911416575,-1.2417289418920063e-12,34.05880859221272,1.0,1.0,0.0,0.0
quadratic_+0.50,quadratic,-30.5,2,2026110202,0,,0.5,0.5,0.22778640425348684,0.7546583850931678,34.058808592213964,24.42250382283315,2.4834578837840127e-12,68.11761718442544,-1.0,-1.0,0.9111456170139474,2.0
quadratic_+0.50,quadratic,-30.5,1,2026110201,0,,0.5,0.5,0.22778640425348684,0.7546583850931678,34.058808592213964,24.42250382283315,2.4834578837840127e-12,68.11761718442544,-1.0,-1.0,0.9111456170139474,2.0
quadratic_+0.50,quadratic,-30.5,4,2026110204,0,,0.5,0.5,0.22778640425348684,0.7546583850931678,34.058808592213964,24.42250382283315,2.4834578837840127e-12,68.11761718442544,-1.0,-1.0,0.9111456170139474,2.0
quadratic_+0.50,quadratic,-30.5,3,2026110203,0,,0.5,0.5,0.22778640425348684,0.7546583850931678,34.058808592213964,24.42250382283315,2.4834578837840127e-12,68.11761718442544,-1.0,-1.0,0.9111456170139474,2.0
quadratic_+0.50,quadratic,-30.5,5,2026110205,0,,0.5,0.5,0.22778640425348684,0.7546583850931678,34.058808592213964,24.42250382283315,2.4834578837840127e-12,68.11761718442544,-1.0,-1.0,0.9111456170139474,2.0
quadratic_+0.50,quadratic,-30.5,6,2026110206,0,,0.5,0.5,0.22778640425348684,0.7546583850931678,34.058808592213964,24.42250382283315,2.4834578837840127e-12,68.11761718442544,-1.0,-1.0,0.9111456170139474,2.0
quadratic_+0.50,quadratic,-30.5,7,2026110207,0,,0.5,0.5,0.22778640425348684,0.7546583850931678,34.058808592213964,24.42250382283315,2.4834578837840127e-12,68.11761718442544,-1.0,-1.0,0.9111456170139474,2.0
quadratic_+0.50,quadratic,-30.5,8,2026110208,0,,0.5,0.5,0.22778640425348684,0.7546583850931678,34.058808592213964,24.42250382283315,2.4834578837840127e-12,68.11761718442544,-1.0,-1.0,0.9111456170139474,2.0
quadratic_+0.50,quadratic,-30.5,9,2026110209,0,,0.5,0.5,0.22778640425348684,0.7546583850931678,34.058808592213964,24.42250382283315,2.4834578837840127e-12,68.11761718442544,-1.0,-1.0,0.9111456170139474,2.0
quadratic_+0.50,quadratic,-30.5,11,2026110211,1,,0.5,0.5,0.22778640425348684,0.7546583850931678,34.058808592213964,24.42250382283315,2.4834578837840127e-12,68.11761718442544,-1.0,-1.0,0.9111456170139474,2.0
quadratic_+0.50,quadratic,-30.5,14,2026110214,1,,0.5,0.5,0.22778640425348684,0.7546583850931678,34.058808592213964,24.42250382283315,2.4834578837840127e-12,68.11761718442544,-1.0,-1.0,0.9111456170139474,2.0
quadratic_+0.50,quadratic,-30.5,10,2026110210,0,,0.5,0.5,0.22778640425348684,0.7546583850931678,34.058808592213964,24.42250382283315,2.4834578837840127e-12,68.11761718442544,-1.0,-1.0,0.9111456170139474,2.0
quadratic_+0.50,quadratic,-30.5,12,2026110212,0,,0.5,0.5,0.22778640425348684,0.7546583850931678,34.058808592213964,24.42250382283315,2.4834578837840127e-12,68.11761718442544,-1.0,-1.0,0.9111456170139474,2.0
quadratic_+0.50,quadratic,-30.5,13,2026110213,0,,0.5,0.5,0.22778640425348684,0.7546583850931678,34.058808592213964,24.42250382283315,2.4834578837840127e-12,68.11761718442544,-1.0,-1.0,0.9111456170139474,2.0
quadratic_+0.50,quadratic,-30.5,16,2026110216,0,,0.5,0.5,0.22778640425348684,0.7546583850931678,34.058808592213964,24.42250382283315,2.4834578837840127e-12,68.11761718442544,-1.0,-1.0,0.9111456170139474,2.0
quadratic_+0.50,quadratic,-30.5,15,2026110215,0,,0.5,0.5,0.22778640425348684,0.7546583850931678,34.058808592213964,24.42250382283315,2.4834578837840127e-12,68.11761718442544,-1.0,-1.0,0.9111456170139474,2.0
quadratic_+0.50,quadratic,-30.5,19,2026110219,0,,0.5,0.5,0.22778640425348684,0.7546583850931678,34.058808592213964,24.42250382283315,2.4834578837840127e-12,68.11761718442544,-1.0,-1.0,0.9111456170139474,2.0
quadratic_+0.50,quadratic,-30.5,17,2026110217,0,,0.5,0.5,0.22778640425348684,0.7546583850931678,34.058808592213964,24.42250382283315,2.4834578837840127e-12,68.11761718442544,-1.0,-1.0,0.9111456170139474,2.0
quadratic_+0.50,quadratic,-30.5,18,2026110218,0,,0.5,0.5,0.22778640425348684,0.7546583850931678,34.058808592213964,24.42250382283315,2.4834578837840127e-12,68.11761718442544,-1.0,-1.0,0.9111456170139474,2.0
quadratic_+0.50,quadratic,-30.5,20,2026110220,0,,0.5,0.5,0.22778640425348684,0.7546583850931678,34.058808592213964,24.42250382283315,2.4834578837840127e-12,68.11761718442544,-1.0,-1.0,0.9111456170139474,2.0
quadratic_+0.50,quadratic,-30.5,21,2026110221,0,,0.5,0.5,0.22778640425348684,0.7546583850931678,34.058808592213964,24.42250382283315,2.4834578837840127e-12,68.11761718442544,-1.0,-1.0,0.9111456170139474,2.0
quadratic_+0.50,quadratic,-30.5,23,2026110223,1,,0.5,0.5,0.22778640425348684,0.7546583850931678,34.058808592213964,24.42250382283315,2.4834578837840127e-12,68.11761718442544,-1.0,-1.0,0.9111456170139474,2.0
quadratic_+0.50,quadratic,-30.5,22,2026110222,0,,0.5,0.5,0.22778640425348684,0.7546583850931678,34.058808592213964,24.42250382283315,2.4834578837840127e-12,68.11761718442544,-1.0,-1.0,0.9111456170139474,2.0
quadratic_+0.50,quadratic,-30.5,24,2026110224,0,,0.5,0.5,0.22778640425348684,0.7546583850931678,34.058808592213964,24.42250382283315,2.4834578837840127e-12,68.11761718442544,-1.0,-1.0,0.9111456170139474,2.0
quadratic_+0.50,quadratic,-30.5,25,2026110225,0,,0.5,0.5,0.22778640425348684,0.7546583850931678,34.058808592213964,24.42250382283315,2.4834578837840127e-12,68.11761718442544,-1.0,-1.0,0.9111456170139474,2.0
quadratic_+0.50,quadratic,-30.5,29,2026110229,1,,0.5,0.5,0.22778640425348684,0.7546583850931678,34.058808592213964,24.42250382283315,2.4834578837840127e-12,68.11761718442544,-1.0,-1.0,0.9111456170139474,2.0
quadratic_+0.50,quadratic,-30.5,27,2026110227,1,,0.5,0.5,0.22778640425348684,0.7546583850931678,34.058808592213964,24.42250382283315,2.4834578837840127e-12,68.11761718442544,-1.0,-1.0,0.9111456170139474,2.0
quadratic_+0.50,quadratic,-30.5,26,2026110226,0,,0.5,0.5,0.22778640425348684,0.7546583850931678,34.058808592213964,24.42250382283315,2.4834578837840127e-12,68.11761718442544,-1.0,-1.0,0.9111456170139474,2.0
quadratic_+0.50,quadratic,-30.5,28,2026110228,0,,0.5,0.5,0.22778640425348684,0.7546583850931678,34.058808592213964,24.42250382283315,2.4834578837840127e-12,68.11761718442544,-1.0,-1.0,0.9111456170139474,2.0
quadratic_+0.50,quadratic,-30.5,30,2026110230,0,,0.5,0.5,0.22778640425348684,0.7546583850931678,34.058808592213964,24.42250382283315,2.4834578837840127e-12,68.11761718442544,-1.0,-1.0,0.9111456170139474,2.0
quadratic_+0.50,quadratic,-30.5,31,2026110231,0,,0.5,0.5,0.22778640425348684,0.7546583850931678,34.058808592213964,24.42250382283315,2.4834578837840127e-12,68.11761718442544,-1.0,-1.0,0.9111456170139474,2.0
quadratic_+0.50,quadratic,-30.5,32,2026110232,0,,0.5,0.5,0.22778640425348684,0.7546583850931678,34.058808592213964,24.42250382283315,2.4834578837840127e-12,68.11761718442544,-1.0,-1.0,0.9111456170139474,2.0
quadratic_+0.50,quadratic,-30.5,36,2026110236,0,,0.5,0.5,0.22778640425348684,0.7546583850931678,34.058808592213964,24.42250382283315,2.4834578837840127e-12,68.11761718442544,-1.0,-1.0,0.9111456170139474,2.0
quadratic_+0.50,quadratic,-30.5,33,2026110233,0,,0.5,0.5,0.22778640425348684,0.7546583850931678,34.058808592213964,24.42250382283315,2.4834578837840127e-12,68.11761718442544,-1.0,-1.0,0.9111456170139474,2.0
quadratic_+0.50,quadratic,-30.5,37,2026110237,1,,0.5,0.5,0.22778640425348684,0.7546583850931678,34.058808592213964,24.42250382283315,2.4834578837840127e-12,68.11761718442544,-1.0,-1.0,0.9111456170139474,2.0
quadratic_+0.50,quadratic,-30.5,39,2026110239,0,,0.5,0.5,0.22778640425348684,0.7546583850931678,34.058808592213964,24.42250382283315,2.4834578837840127e-12,68.11761718442544,-1.0,-1.0,0.9111456170139474,2.0
quadratic_+0.50,quadratic,-30.5,34,2026110234,0,,0.5,0.5,0.22778640425348684,0.7546583850931678,34.058808592213964,24.42250382283315,2.4834578837840127e-12,68.11761718442544,-1.0,-1.0,0.9111456170139474,2.0
quadratic_+0.50,quadratic,-30.5,35,2026110235,0,,0.5,0.5,0.22778640425348684,0.7546583850931678,34.058808592213964,24.42250382283315,2.4834578837840127e-12,68.11761718442544,-1.0,-1.0,0.9111456170139474,2.0
quadratic_+0.50,quadratic,-30.5,38,2026110238,0,,0.5,0.5,0.22778640425348684,0.7546583850931678,34.058808592213964,24.42250382283315,2.4834578837840127e-12,68.11761718442544,-1.0,-1.0,0.9111456170139474,2.0
quadratic_+0.50,quadratic,-30.5,40,2026110240,0,,0.5,0.5,0.22778640425348684,0.7546583850931678,34.058808592213964,24.42250382283315,2.4834578837840127e-12,68.11761718442544,-1.0,-1.0,0.9111456170139474,2.0
quadratic_+0.50,quadratic,-30.5,41,2026110241,0,,0.5,0.5,0.22778640425348684,0.7546583850931678,34.058808592213964,24.42250382283315,2.4834578837840127e-12,68.11761718442544,-1.0,-1.0,0.9111456170139474,2.0
quadratic_+0.50,quadratic,-30.5,42,2026110242,0,,0.5,0.5,0.22778640425348684,0.7546583850931678,34.058808592213964,24.42250382283315,2.4834578837840127e-12,68.11761718442544,-1.0,-1.0,0.9111456170139474,2.0
quadratic_+0.50,quadratic,-30.5,45,2026110245,1,,0.5,0.5,0.22778640425348684,0.7546583850931678,34.058808592213964,24.42250382283315,2.4834578837840127e-12,68.11761718442544,-1.0,-1.0,0.9111456170139474,2.0
quadratic_+0.50,quadratic,-30.5,43,2026110243,0,,0.5,0.5,0.22778640425348684,0.7546583850931678,34.058808592213964,24.42250382283315,2.4834578837840127e-12,68.11761718442544,-1.0,-1.0,0.9111456170139474,2.0
quadratic_+0.50,quadratic,-30.5,44,2026110244,0,,0.5,0.5,0.22778640425348684,0.7546583850931678,34.058808592213964,24.42250382283315,2.4834578837840127e-12,68.11761718442544,-1.0,-1.0,0.9111456170139474,2.0
quadratic_+0.50,quadratic,-30.5,46,2026110246,0,,0.5,0.5,0.22778640425348684,0.7546583850931678,34.058808592213964,24.42250382283315,2.4834578837840127e-12,68.11761718442544,-1.0,-1.0,0.9111456170139474,2.0
quadratic_+0.50,quadratic,-30.5,47,2026110247,0,,0.5,0.5,0.22778640425348684,0.7546583850931678,34.058808592213964,24.42250382283315,2.4834578837840127e-12,68.11761718442544,-1.0,-1.0,0.9111456170139474,2.0
quadratic_+0.50,quadratic,-30.5,48,2026110248,0,,0.5,0.5,0.22778640425348684,0.7546583850931678,34.058808592213964,24.42250382283315,2.4834578837840127e-12,68.11761718442544,-1.0,-1.0,0.9111456170139474,2.0
quadratic_+0.50,quadratic,-30.5,52,2026110252,1,,0.5,0.5,0.22778640425348684,0.7546583850931678,34.058808592213964,24.42250382283315,2.4834578837840127e-12,68.11761718442544,-1.0,-1.0,0.9111456170139474,2.0
quadratic_+0.50,quadratic,-30.5,49,2026110249,0,,0.5,0.5,0.22778640425348684,0.7546583850931678,34.058808592213964,24.42250382283315,2.4834578837840127e-12,68.11761718442544,-1.0,-1.0,0.9111456170139474,2.0
quadratic_+0.50,quadratic,-30.5,50,2026110250,0,,0.5,0.5,0.22778640425348684,0.7546583850931678,34.058808592213964,24.42250382283315,2.4834578837840127e-12,68.11761718442544,-1.0,-1.0,0.9111456170139474,2.0
quadratic_+0.50,quadratic,-30.5,51,2026110251,0,,0.5,0.5,0.22778640425348684,0.7546583850931678,34.058808592213964,24.42250382283315,2.4834578837840127e-12,68.11761718442544,-1.0,-1.0,0.9111456170139474,2.0
quadratic_+0.50,quadratic,-30.5,55,2026110255,0,,0.5,0.5,0.22778640425348684,0.7546583850931678,34.058808592213964,24.42250382283315,2.4834578837840127e-12,68.11761718442544,-1.0,-1.0,0.9111456170139474,2.0
quadratic_+0.50,quadratic,-30.5,53,2026110253,0,,0.5,0.5,0.22778640425348684,0.7546583850931678,34.058808592213964,24.42250382283315,2.4834578837840127e-12,68.11761718442544,-1.0,-1.0,0.9111456170139474,2.0
quadratic_+0.50,quadratic,-30.5,54,2026110254,0,,0.5,0.5,0.22778640425348684,0.7546583850931678,34.058808592213964,24.42250382283315,2.4834578837840127e-12,68.11761718442544,-1.0,-1.0,0.9111456170139474,2.0
quadratic_+0.50,quadratic,-30.5,56,2026110256,0,,0.5,0.5,0.22778640425348684,0.7546583850931678,34.058808592213964,24.42250382283315,2.4834578837840127e-12,68.11761718442544,-1.0,-1.0,0.9111456170139474,2.0
quadratic_+0.50,quadratic,-30.5,57,2026110257,0,,0.5,0.5,0.22778640425348684,0.7546583850931678,34.058808592213964,24.42250382283315,2.4834578837840127e-12,68.11761718442544,-1.0,-1.0,0.9111456170139474,2.0
quadratic_+0.50,quadratic,-30.5,58,2026110258,0,,0.5,0.5,0.22778640425348684,0.7546583850931678,34.058808592213964,24.42250382283315,2.4834578837840127e-12,68.11761718442544,-1.0,-1.0,0.9111456170139474,2.0
quadratic_+0.50,quadratic,-30.5,59,2026110259,0,,0.5,0.5,0.22778640425348684,0.7546583850931678,34.058808592213964,24.42250382283315,2.4834578837840127e-12,68.11761718442544,-1.0,-1.0,0.9111456170139474,2.0
quadratic_+0.50,quadratic,-30.5,60,2026110260,0,,0.5,0.5,0.22778640425348684,0.7546583850931678,34.058808592213964,24.42250382283315,2.4834578837840127e-12,68.11761718442544,-1.0,-1.0,0.9111456170139474,2.0
quadratic_+0.50,quadratic,-30.5,62,2026110262,0,,0.5,0.5,0.22778640425348684,0.7546583850931678,34.058808592213964,24.42250382283315,2.4834578837840127e-12,68.11761718442544,-1.0,-1.0,0.9111456170139474,2.0
quadratic_+0.50,quadratic,-30.5,61,2026110261,0,,0.5,0.5,0.22778640425348684,0.7546583850931678,34.058808592213964,24.42250382283315,2.4834578837840127e-12,68.11761718442544,-1.0,-1.0,0.9111456170139474,2.0
quadratic_+0.50,quadratic,-30.5,63,2026110263,0,,0.5,0.5,0.22778640425348684,0.7546583850931678,34.058808592213964,24.42250382283315,2.4834578837840127e-12,68.11761718442544,-1.0,-1.0,0.9111456170139474,2.0
quadratic_+0.50,quadratic,-30.5,64,2026110264,0,,0.5,0.5,0.22778640425348684,0.7546583850931678,34.058808592213964,24.42250382283315,2.4834578837840127e-12,68.11761718442544,-1.0,-1.0,0.9111456170139474,2.0
quadratic_+0.50,quadratic,-30.5,65,2026110265,0,,0.5,0.5,0.22778640425348684,0.7546583850931678,34.058808592213964,24.42250382283315,2.4834578837840127e-12,68.11761718442544,-1.0,-1.0,0.9111456170139474,2.0
quadratic_+0.50,quadratic,-30.5,67,2026110267,0,,0.5,0.5,0.22778640425348684,0.7546583850931678,34.058808592213964,24.42250382283315,2.4834578837840127e-12,68.11761718442544,-1.0,-1.0,0.9111456170139474,2.0
quadratic_+0.50,quadratic,-30.5,69,2026110269,0,,0.5,0.5,0.22778640425348684,0.7546583850931678,34.058808592213964,24.42250382283315,2.4834578837840127e-12,68.11761718442544,-1.0,-1.0,0.9111456170139474,2.0
quadratic_+0.50,quadratic,-30.5,66,2026110266,0,,0.5,0.5,0.22778640425348684,0.7546583850931678,34.058808592213964,24.42250382283315,2.4834578837840127e-12,68.11761718442544,-1.0,-1.0,0.9111456170139474,2.0
quadratic_+0.50,quadratic,-30.5,71,2026110271,1,,0.5,0.5,0.22778640425348684,0.7546583850931678,34.058808592213964,24.42250382283315,2.4834578837840127e-12,68.11761718442544,-1.0,-1.0,0.9111456170139474,2.0
quadratic_+0.50,quadratic,-30.5,68,2026110268,0,,0.5,0.5,0.22778640425348684,0.7546583850931678,34.058808592213964,24.42250382283315,2.4834578837840127e-12,68.11761718442544,-1.0,-1.0,0.9111456170139474,2.0
quadratic_+0.50,quadratic,-30.5,74,2026110274,1,,0.5,0.5,0.22778640425348684,0.7546583850931678,34.058808592213964,24.42250382283315,2.4834578837840127e-12,68.11761718442544,-1.0,-1.0,0.9111456170139474,2.0
quadratic_+0.50,quadratic,-30.5,70,2026110270,0,,0.5,0.5,0.22778640425348684,0.7546583850931678,34.058808592213964,24.42250382283315,2.4834578837840127e-12,68.11761718442544,-1.0,-1.0,0.9111456170139474,2.0
quadratic_+0.50,quadratic,-30.5,72,2026110272,0,,0.5,0.5,0.22778640425348684,0.7546583850931678,34.058808592213964,24.42250382283315,2.4834578837840127e-12,68.11761718442544,-1.0,-1.0,0.9111456170139474,2.0
quadratic_+0.50,quadratic,-30.5,73,2026110273,0,,0.5,0.5,0.22778640425348684,0.7546583850931678,34.058808592213964,24.42250382283315,2.4834578837840127e-12,68.11761718442544,-1.0,-1.0,0.9111456170139474,2.0
quadratic_+0.50,quadratic,-30.5,75,2026110275,0,,0.5,0.5,0.22778640425348684,0.7546583850931678,34.058808592213964,24.42250382283315,2.4834578837840127e-12,68.11761718442544,-1.0,-1.0,0.9111456170139474,2.0
quadratic_+0.50,quadratic,-30.5,76,2026110276,0,,0.5,0.5,0.22778640425348684,0.7546583850931678,34.058808592213964,24.42250382283315,2.4834578837840127e-12,68.11761718442544,-1.0,-1.0,0.9111456170139474,2.0
quadratic_+0.50,quadratic,-30.5,78,2026110278,0,,0.5,0.5,0.22778640425348684,0.7546583850931678,34.058808592213964,24.42250382283315,2.4834578837840127e-12,68.11761718442544,-1.0,-1.0,0.9111456170139474,2.0
quadratic_+0.50,quadratic,-30.5,77,2026110277,0,,0.5,0.5,0.22778640425348684,0.7546583850931678,34.058808592213964,24.42250382283315,2.4834578837840127e-12,68.11761718442544,-1.0,-1.0,0.9111456170139474,2.0
quadratic_+0.50,quadratic,-30.5,81,2026110281,0,,0.5,0.5,0.22778640425348684,0.7546583850931678,34.058808592213964,24.42250382283315,2.4834578837840127e-12,68.11761718442544,-1.0,-1.0,0.9111456170139474,2.0
quadratic_+0.50,quadratic,-30.5,83,2026110283,1,,0.5,0.5,0.22778640425348684,0.7546583850931678,34.058808592213964,24.42250382283315,2.4834578837840127e-12,68.11761718442544,-1.0,-1.0,0.9111456170139474,2.0
quadratic_+0.50,quadratic,-30.5,80,2026110280,1,,0.5,0.5,0.22778640425348684,0.7546583850931678,34.058808592213964,24.42250382283315,2.4834578837840127e-12,68.11761718442544,-1.0,-1.0,0.9111456170139474,2.0
quadratic_+0.50,quadratic,-30.5,79,2026110279,0,,0.5,0.5,0.22778640425348684,0.7546583850931678,34.058808592213964,24.42250382283315,2.4834578837840127e-12,68.11761718442544,-1.0,-1.0,0.9111456170139474,2.0
quadratic_+0.50,quadratic,-30.5,86,2026110286,0,,0.5,0.5,0.22778640425348684,0.7546583850931678,34.058808592213964,24.42250382283315,2.4834578837840127e-12,68.11761718442544,-1.0,-1.0,0.9111456170139474,2.0
quadratic_+0.50,quadratic,-30.5,82,2026110282,0,,0.5,0.5,0.22778640425348684,0.7546583850931678,34.058808592213964,24.42250382283315,2.4834578837840127e-12,68.11761718442544,-1.0,-1.0,0.9111456170139474,2.0
quadratic_+0.50,quadratic,-30.5,84,2026110284,0,,0.5,0.5,0.22778640425348684,0.7546583850931678,34.058808592213964,24.42250382283315,2.4834578837840127e-12,68.11761718442544,-1.0,-1.0,0.9111456170139474,2.0
quadratic_+0.50,quadratic,-30.5,85,2026110285,0,,0.5,0.5,0.22778640425348684,0.7546583850931678,34.058808592213964,24.42250382283315,2.4834578837840127e-12,68.11761718442544,-1.0,-1.0,0.9111456170139474,2.0
quadratic_+0.50,quadratic,-30.5,87,2026110287,0,,0.5,0.5,0.22778640425348684,0.7546583850931678,34.058808592213964,24.42250382283315,2.4834578837840127e-12,68.11761718442544,-1.0,-1.0,0.9111456170139474,2.0
quadratic_+0.50,quadratic,-30.5,88,2026110288,0,,0.5,0.5,0.22778640425348684,0.7546583850931678,34.058808592213964,24.42250382283315,2.4834578837840127e-12,68.11761718442544,-1.0,-1.0,0.9111456170139474,2.0
quadratic_+0.50,quadratic,-30.5,89,2026110289,0,,0.5,0.5,0.22778640425348684,0.7546583850931678,34.058808592213964,24.42250382283315,2.4834578837840127e-12,68.11761718442544,-1.0,-1.0,0.9111456170139474,2.0
quadratic_+0.50,quadratic,-30.5,90,2026110290,0,,0.5,0.5,0.22778640425348684,0.7546583850931678,34.058808592213964,24.42250382283315,2.4834578837840127e-12,68.11761718442544,-1.0,-1.0,0.9111456170139474,2.0
quadratic_+0.50,quadratic,-30.5,91,2026110291,0,,0.5,0.5,0.22778640425348684,0.7546583850931678,34.058808592213964,24.42250382283315,2.4834578837840127e-12,68.11761718442544,-1.0,-1.0,0.9111456170139474,2.0
quadratic_+0.50,quadratic,-30.5,92,2026110292,0,,0.5,0.5,0.22778640425348684,0.7546583850931678,34.058808592213964,24.42250382283315,2.4834578837840127e-12,68.11761718442544,-1.0,-1.0,0.9111456170139474,2.0
quadratic_+0.50,quadratic,-30.5,94,2026110294,0,,0.5,0.5,0.22778640425348684,0.7546583850931678,34.058808592213964,24.42250382283315,2.4834578837840127e-12,68.11761718442544,-1.0,-1.0,0.9111456170139474,2.0
quadratic_+0.50,quadratic,-30.5,93,2026110293,0,,0.5,0.5,0.22778640425348684,0.7546583850931678,34.058808592213964,24.42250382283315,2.4834578837840127e-12,68.11761718442544,-1.0,-1.0,0.9111456170139474,2.0
quadratic_+0.50,quadratic,-30.5,95,2026110295,0,,0.5,0.5,0.22778640425348684,0.7546583850931678,34.058808592213964,24.42250382283315,2.4834578837840127e-12,68.11761718442544,-1.0,-1.0,0.9111456170139474,2.0
quadratic_+0.50,quadratic,-30.5,97,2026110297,1,,0.5,0.5,0.22778640425348684,0.7546583850931678,34.058808592213964,24.42250382283315,2.4834578837840127e-12,68.11761718442544,-1.0,-1.0,0.9111456170139474,2.0
quadratic_+0.50,quadratic,-30.5,96,2026110296,0,,0.5,0.5,0.22778640425348684,0.7546583850931678,34.058808592213964,24.42250382283315,2.4834578837840127e-12,68.11761718442544,-1.0,-1.0,0.9111456170139474,2.0
quadratic_+0.50,quadratic,-30.5,98,2026110298,0,,0.5,0.5,0.22778640425348684,0.7546583850931678,34.058808592213964,24.42250382283315,2.4834578837840127e-12,68.11761718442544,-1.0,-1.0,0.9111456170139474,2.0
quadratic_+0.50,quadratic,-30.5,99,2026110299,0,,0.5,0.5,0.22778640425348684,0.7546583850931678,34.058808592213964,24.42250382283315,2.4834578837840127e-12,68.11761718442544,-1.0,-1.0,0.9111456170139474,2.0
quadratic_-0.50,quadratic,-30.5,0,2026110200,0,,-0.5,0.5,0.22778640425348684,0.7546583850931678,34.058808592213964,24.42250382283315,-2.4834578837840127e-12,68.11761718442544,1.0,1.0,0.0,0.0
quadratic_-0.50,quadratic,-30.5,1,2026110201,0,,-0.5,0.5,0.22778640425348684,0.7546583850931678,34.058808592213964,24.42250382283315,-2.4834578837840127e-12,68.11761718442544,1.0,1.0,0.0,0.0
quadratic_-0.50,quadratic,-30.5,2,2026110202,0,,-0.5,0.5,0.22778640425348684,0.7546583850931678,34.058808592213964,24.42250382283315,-2.4834578837840127e-12,68.11761718442544,1.0,1.0,0.0,0.0
quadratic_-0.50,quadratic,-30.5,3,2026110203,0,,-0.5,0.5,0.22778640425348684,0.7546583850931678,34.058808592213964,24.42250382283315,-2.4834578837840127e-12,68.11761718442544,1.0,1.0,0.0,0.0
quadratic_-0.50,quadratic,-30.5,4,2026110204,0,,-0.5,0.5,0.22778640425348684,0.7546583850931678,34.058808592213964,24.42250382283315,-2.4834578837840127e-12,68.11761718442544,1.0,1.0,0.0,0.0
quadratic_-0.50,quadratic,-30.5,5,2026110205,0,,-0.5,0.5,0.22778640425348684,0.7546583850931678,34.058808592213964,24.42250382283315,-2.4834578837840127e-12,68.11761718442544,1.0,1.0,0.0,0.0
quadratic_-0.50,quadratic,-30.5,6,2026110206,0,,-0.5,0.5,0.22778640425348684,0.7546583850931678,34.058808592213964,24.42250382283315,-2.4834578837840127e-12,68.11761718442544,1.0,1.0,0.0,0.0
quadratic_-0.50,quadratic,-30.5,8,2026110208,0,,-0.5,0.5,0.22778640425348684,0.7546583850931678,34.058808592213964,24.42250382283315,-2.4834578837840127e-12,68.11761718442544,1.0,1.0,0.0,0.0
quadratic_-0.50,quadratic,-30.5,7,2026110207,0,,-0.5,0.5,0.22778640425348684,0.7546583850931678,34.058808592213964,24.42250382283315,-2.4834578837840127e-12,68.11761718442544,1.0,1.0,0.0,0.0
quadratic_-0.50,quadratic,-30.5,11,2026110211,1,,-0.5,0.5,0.22778640425348684,0.7546583850931678,34.058808592213964,24.42250382283315,-2.4834578837840127e-12,68.11761718442544,1.0,1.0,0.0,0.0
quadratic_-0.50,quadratic,-30.5,10,2026110210,1,,-0.5,0.5,0.22778640425348684,0.7546583850931678,34.058808592213964,24.42250382283315,-2.4834578837840127e-12,68.11761718442544,1.0,1.0,0.0,0.0
quadratic_-0.50,quadratic,-30.5,9,2026110209,0,,-0.5,0.5,0.22778640425348684,0.7546583850931678,34.058808592213964,24.42250382283315,-2.4834578837840127e-12,68.11761718442544,1.0,1.0,0.0,0.0
quadratic_-0.50,quadratic,-30.5,14,2026110214,1,,-0.5,0.5,0.22778640425348684,0.7546583850931678,34.058808592213964,24.42250382283315,-2.4834578837840127e-12,68.11761718442544,1.0,1.0,0.0,0.0
quadratic_-0.50,quadratic,-30.5,13,2026110213,1,,-0.5,0.5,0.22778640425348684,0.7546583850931678,34.058808592213964,24.42250382283315,-2.4834578837840127e-12,68.11761718442544,1.0,1.0,0.0,0.0
quadratic_-0.50,quadratic,-30.5,12,2026110212,0,,-0.5,0.5,0.22778640425348684,0.7546583850931678,34.058808592213964,24.42250382283315,-2.4834578837840127e-12,68.11761718442544,1.0,1.0,0.0,0.0
quadratic_-0.50,quadratic,-30.5,17,2026110217,1,,-0.5,0.5,0.22778640425348684,0.7546583850931678,34.058808592213964,24.42250382283315,-2.4834578837840127e-12,68.11761718442544,1.0,1.0,0.0,0.0
quadratic_-0.50,quadratic,-30.5,15,2026110215,0,,-0.5,0.5,0.22778640425348684,0.7546583850931678,34.058808592213964,24.42250382283315,-2.4834578837840127e-12,68.11761718442544,1.0,1.0,0.0,0.0
quadratic_-0.50,quadratic,-30.5,16,2026110216,0,,-0.5,0.5,0.22778640425348684,0.7546583850931678,34.058808592213964,24.42250382283315,-2.4834578837840127e-12,68.11761718442544,1.0,1.0,0.0,0.0
quadratic_-0.50,quadratic,-30.5,19,2026110219,1,,-0.5,0.5,0.22778640425348684,0.7546583850931678,34.058808592213964,24.42250382283315,-2.4834578837840127e-12,68.11761718442544,1.0,1.0,0.0,0.0
quadratic_-0.50,quadratic,-30.5,20,2026110220,1,,-0.5,0.5,0.22778640425348684,0.7546583850931678,34.058808592213964,24.42250382283315,-2.4834578837840127e-12,68.11761718442544,1.0,1.0,0.0,0.0
quadratic_-0.50,quadratic,-30.5,18,2026110218,0,,-0.5,0.5,0.22778640425348684,0.7546583850931678,34.058808592213964,24.42250382283315,-2.4834578837840127e-12,68.11761718442544,1.0,1.0,0.0,0.0
quadratic_-0.50,quadratic,-30.5,24,2026110224,1,,-0.5,0.5,0.22778640425348684,0.7546583850931678,34.058808592213964,24.42250382283315,-2.4834578837840127e-12,68.11761718442544,1.0,1.0,0.0,0.0
quadratic_-0.50,quadratic,-30.5,23,2026110223,0,,-0.5,0.5,0.22778640425348684,0.7546583850931678,34.058808592213964,24.42250382283315,-2.4834578837840127e-12,68.11761718442544,1.0,1.0,0.0,0.0
quadratic_-0.50,quadratic,-30.5,21,2026110221,0,,-0.5,0.5,0.22778640425348684,0.7546583850931678,34.058808592213964,24.42250382283315,-2.4834578837840127e-12,68.11761718442544,1.0,1.0,0.0,0.0
quadratic_-0.50,quadratic,-30.5,22,2026110222,0,,-0.5,0.5,0.22778640425348684,0.7546583850931678,34.058808592213964,24.42250382283315,-2.4834578837840127e-12,68.11761718442544,1.0,1.0,0.0,0.0
quadratic_-0.50,quadratic,-30.5,25,2026110225,0,,-0.5,0.5,0.22778640425348684,0.7546583850931678,34.058808592213964,24.42250382283315,-2.4834578837840127e-12,68.11761718442544,1.0,1.0,0.0,0.0
quadratic_-0.50,quadratic,-30.5,26,2026110226,0,,-0.5,0.5,0.22778640425348684,0.7546583850931678,34.058808592213964,24.42250382283315,-2.4834578837840127e-12,68.11761718442544,1.0,1.0,0.0,0.0
quadratic_-0.50,quadratic,-30.5,27,2026110227,0,,-0.5,0.5,0.22778640425348684,0.7546583850931678,34.058808592213964,24.42250382283315,-2.4834578837840127e-12,68.11761718442544,1.0,1.0,0.0,0.0
quadratic_-0.50,quadratic,-30.5,28,2026110228,0,,-0.5,0.5,0.22778640425348684,0.7546583850931678,34.058808592213964,24.42250382283315,-2.4834578837840127e-12,68.11761718442544,1.0,1.0,0.0,0.0
quadratic_-0.50,quadratic,-30.5,32,2026110232,1,,-0.5,0.5,0.22778640425348684,0.7546583850931678,34.058808592213964,24.42250382283315,-2.4834578837840127e-12,68.11761718442544,1.0,1.0,0.0,0.0
quadratic_-0.50,quadratic,-30.5,29,2026110229,0,,-0.5,0.5,0.22778640425348684,0.7546583850931678,34.058808592213964,24.42250382283315,-2.4834578837840127e-12,68.11761718442544,1.0,1.0,0.0,0.0
quadratic_-0.50,quadratic,-30.5,30,2026110230,0,,-0.5,0.5,0.22778640425348684,0.7546583850931678,34.058808592213964,24.42250382283315,-2.4834578837840127e-12,68.11761718442544,1.0,1.0,0.0,0.0
quadratic_-0.50,quadratic,-30.5,31,2026110231,0,,-0.5,0.5,0.22778640425348684,0.7546583850931678,34.058808592213964,24.42250382283315,-2.4834578837840127e-12,68.11761718442544,1.0,1.0,0.0,0.0
quadratic_-0.50,quadratic,-30.5,36,2026110236,0,,-0.5,0.5,0.22778640425348684,0.7546583850931678,34.058808592213964,24.42250382283315,-2.4834578837840127e-12,68.11761718442544,1.0,1.0,0.0,0.0
quadratic_-0.50,quadratic,-30.5,33,2026110233,0,,-0.5,0.5,0.22778640425348684,0.7546583850931678,34.058808592213964,24.42250382283315,-2.4834578837840127e-12,68.11761718442544,1.0,1.0,0.0,0.0
quadratic_-0.50,quadratic,-30.5,34,2026110234,0,,-0.5,0.5,0.22778640425348684,0.7546583850931678,34.058808592213964,24.42250382283315,-2.4834578837840127e-12,68.11761718442544,1.0,1.0,0.0,0.0
quadratic_-0.50,quadratic,-30.5,39,2026110239,0,,-0.5,0.5,0.22778640425348684,0.7546583850931678,34.058808592213964,24.42250382283315,-2.4834578837840127e-12,68.11761718442544,1.0,1.0,0.0,0.0
quadratic_-0.50,quadratic,-30.5,35,2026110235,0,,-0.5,0.5,0.22778640425348684,0.7546583850931678,34.058808592213964,24.42250382283315,-2.4834578837840127e-12,68.11761718442544,1.0,1.0,0.0,0.0
quadratic_-0.50,quadratic,-30.5,37,2026110237,0,,-0.5,0.5,0.22778640425348684,0.7546583850931678,34.058808592213964,24.42250382283315,-2.4834578837840127e-12,68.11761718442544,1.0,1.0,0.0,0.0
quadratic_-0.50,quadratic,-30.5,38,2026110238,0,,-0.5,0.5,0.22778640425348684,0.7546583850931678,34.058808592213964,24.42250382283315,-2.4834578837840127e-12,68.11761718442544,1.0,1.0,0.0,0.0
quadratic_-0.50,quadratic,-30.5,40,2026110240,0,,-0.5,0.5,0.22778640425348684,0.7546583850931678,34.058808592213964,24.42250382283315,-2.4834578837840127e-12,68.11761718442544,1.0,1.0,0.0,0.0
quadratic_-0.50,quadratic,-30.5,41,2026110241,0,,-0.5,0.5,0.22778640425348684,0.7546583850931678,34.058808592213964,24.42250382283315,-2.4834578837840127e-12,68.11761718442544,1.0,1.0,0.0,0.0
quadratic_-0.50,quadratic,-30.5,42,2026110242,0,,-0.5,0.5,0.22778640425348684,0.7546583850931678,34.058808592213964,24.42250382283315,-2.4834578837840127e-12,68.11761718442544,1.0,1.0,0.0,0.0
quadratic_-0.50,quadratic,-30.5,45,2026110245,1,,-0.5,0.5,0.22778640425348684,0.7546583850931678,34.058808592213964,24.42250382283315,-2.4834578837840127e-12,68.11761718442544,1.0,1.0,0.0,0.0
quadratic_-0.50,quadratic,-30.5,43,2026110243,0,,-0.5,0.5,0.22778640425348684,0.7546583850931678,34.058808592213964,24.42250382283315,-2.4834578837840127e-12,68.11761718442544,1.0,1.0,0.0,0.0
quadratic_-0.50,quadratic,-30.5,44,2026110244,0,,-0.5,0.5,0.22778640425348684,0.7546583850931678,34.058808592213964,24.42250382283315,-2.4834578837840127e-12,68.11761718442544,1.0,1.0,0.0,0.0
quadratic_-0.50,quadratic,-30.5,46,2026110246,0,,-0.5,0.5,0.22778640425348684,0.7546583850931678,34.058808592213964,24.42250382283315,-2.4834578837840127e-12,68.11761718442544,1.0,1.0,0.0,0.0
quadratic_-0.50,quadratic,-30.5,47,2026110247,0,,-0.5,0.5,0.22778640425348684,0.7546583850931678,34.058808592213964,24.42250382283315,-2.4834578837840127e-12,68.11761718442544,1.0,1.0,0.0,0.0
quadratic_-0.50,quadratic,-30.5,48,2026110248,0,,-0.5,0.5,0.22778640425348684,0.7546583850931678,34.058808592213964,24.42250382283315,-2.4834578837840127e-12,68.11761718442544,1.0,1.0,0.0,0.0
quadratic_-0.50,quadratic,-30.5,49,2026110249,0,,-0.5,0.5,0.22778640425348684,0.7546583850931678,34.058808592213964,24.42250382283315,-2.4834578837840127e-12,68.11761718442544,1.0,1.0,0.0,0.0
quadratic_-0.50,quadratic,-30.5,50,2026110250,0,,-0.5,0.5,0.22778640425348684,0.7546583850931678,34.058808592213964,24.42250382283315,-2.4834578837840127e-12,68.11761718442544,1.0,1.0,0.0,0.0
quadratic_-0.50,quadratic,-30.5,51,2026110251,0,,-0.5,0.5,0.22778640425348684,0.7546583850931678,34.058808592213964,24.42250382283315,-2.4834578837840127e-12,68.11761718442544,1.0,1.0,0.0,0.0
quadratic_-0.50,quadratic,-30.5,55,2026110255,1,,-0.5,0.5,0.22778640425348684,0.7546583850931678,34.058808592213964,24.42250382283315,-2.4834578837840127e-12,68.11761718442544,1.0,1.0,0.0,0.0
quadratic_-0.50,quadratic,-30.5,52,2026110252,0,,-0.5,0.5,0.22778640425348684,0.7546583850931678,34.058808592213964,24.42250382283315,-2.4834578837840127e-12,68.11761718442544,1.0,1.0,0.0,0.0
quadratic_-0.50,quadratic,-30.5,53,2026110253,0,,-0.5,0.5,0.22778640425348684,0.7546583850931678,34.058808592213964,24.42250382283315,-2.4834578837840127e-12,68.11761718442544,1.0,1.0,0.0,0.0
quadratic_-0.50,quadratic,-30.5,54,2026110254,0,,-0.5,0.5,0.22778640425348684,0.7546583850931678,34.058808592213964,24.42250382283315,-2.4834578837840127e-12,68.11761718442544,1.0,1.0,0.0,0.0
quadratic_-0.50,quadratic,-30.5,56,2026110256,0,,-0.5,0.5,0.22778640425348684,0.7546583850931678,34.058808592213964,24.42250382283315,-2.4834578837840127e-12,68.11761718442544,1.0,1.0,0.0,0.0
quadratic_-0.50,quadratic,-30.5,57,2026110257,0,,-0.5,0.5,0.22778640425348684,0.7546583850931678,34.058808592213964,24.42250382283315,-2.4834578837840127e-12,68.11761718442544,1.0,1.0,0.0,0.0
quadratic_-0.50,quadratic,-30.5,59,2026110259,0,,-0.5,0.5,0.22778640425348684,0.7546583850931678,34.058808592213964,24.42250382283315,-2.4834578837840127e-12,68.11761718442544,1.0,1.0,0.0,0.0
quadratic_-0.50,quadratic,-30.5,58,2026110258,0,,-0.5,0.5,0.22778640425348684,0.7546583850931678,34.058808592213964,24.42250382283315,-2.4834578837840127e-12,68.11761718442544,1.0,1.0,0.0,0.0
quadratic_-0.50,quadratic,-30.5,60,2026110260,0,,-0.5,0.5,0.22778640425348684,0.7546583850931678,34.058808592213964,24.42250382283315,-2.4834578837840127e-12,68.11761718442544,1.0,1.0,0.0,0.0
quadratic_-0.50,quadratic,-30.5,61,2026110261,0,,-0.5,0.5,0.22778640425348684,0.7546583850931678,34.058808592213964,24.42250382283315,-2.4834578837840127e-12,68.11761718442544,1.0,1.0,0.0,0.0
quadratic_-0.50,quadratic,-30.5,62,2026110262,0,,-0.5,0.5,0.22778640425348684,0.7546583850931678,34.058808592213964,24.42250382283315,-2.4834578837840127e-12,68.11761718442544,1.0,1.0,0.0,0.0
quadratic_-0.50,quadratic,-30.5,64,2026110264,1,,-0.5,0.5,0.22778640425348684,0.7546583850931678,34.058808592213964,24.42250382283315,-2.4834578837840127e-12,68.11761718442544,1.0,1.0,0.0,0.0
quadratic_-0.50,quadratic,-30.5,63,2026110263,0,,-0.5,0.5,0.22778640425348684,0.7546583850931678,34.058808592213964,24.42250382283315,-2.4834578837840127e-12,68.11761718442544,1.0,1.0,0.0,0.0
quadratic_-0.50,quadratic,-30.5,65,2026110265,0,,-0.5,0.5,0.22778640425348684,0.7546583850931678,34.058808592213964,24.42250382283315,-2.4834578837840127e-12,68.11761718442544,1.0,1.0,0.0,0.0
quadratic_-0.50,quadratic,-30.5,67,2026110267,0,,-0.5,0.5,0.22778640425348684,0.7546583850931678,34.058808592213964,24.42250382283315,-2.4834578837840127e-12,68.11761718442544,1.0,1.0,0.0,0.0
quadratic_-0.50,quadratic,-30.5,66,2026110266,0,,-0.5,0.5,0.22778640425348684,0.7546583850931678,34.058808592213964,24.42250382283315,-2.4834578837840127e-12,68.11761718442544,1.0,1.0,0.0,0.0
quadratic_-0.50,quadratic,-30.5,69,2026110269,0,,-0.5,0.5,0.22778640425348684,0.7546583850931678,34.058808592213964,24.42250382283315,-2.4834578837840127e-12,68.11761718442544,1.0,1.0,0.0,0.0
quadratic_-0.50,quadratic,-30.5,68,2026110268,0,,-0.5,0.5,0.22778640425348684,0.7546583850931678,34.058808592213964,24.42250382283315,-2.4834578837840127e-12,68.11761718442544,1.0,1.0,0.0,0.0
quadratic_-0.50,quadratic,-30.5,71,2026110271,1,,-0.5,0.5,0.22778640425348684,0.7546583850931678,34.058808592213964,24.42250382283315,-2.4834578837840127e-12,68.11761718442544,1.0,1.0,0.0,0.0
quadratic_-0.50,quadratic,-30.5,70,2026110270,0,,-0.5,0.5,0.22778640425348684,0.7546583850931678,34.058808592213964,24.42250382283315,-2.4834578837840127e-12,68.11761718442544,1.0,1.0,0.0,0.0
quadratic_-0.50,quadratic,-30.5,72,2026110272,0,,-0.5,0.5,0.22778640425348684,0.7546583850931678,34.058808592213964,24.42250382283315,-2.4834578837840127e-12,68.11761718442544,1.0,1.0,0.0,0.0
quadratic_-0.50,quadratic,-30.5,73,2026110273,0,,-0.5,0.5,0.22778640425348684,0.7546583850931678,34.058808592213964,24.42250382283315,-2.4834578837840127e-12,68.11761718442544,1.0,1.0,0.0,0.0
quadratic_-0.50,quadratic,-30.5,77,2026110277,1,,-0.5,0.5,0.22778640425348684,0.7546583850931678,34.058808592213964,24.42250382283315,-2.4834578837840127e-12,68.11761718442544,1.0,1.0,0.0,0.0
quadratic_-0.50,quadratic,-30.5,74,2026110274,0,,-0.5,0.5,0.22778640425348684,0.7546583850931678,34.058808592213964,24.42250382283315,-2.4834578837840127e-12,68.11761718442544,1.0,1.0,0.0,0.0
quadratic_-0.50,quadratic,-30.5,75,2026110275,0,,-0.5,0.5,0.22778640425348684,0.7546583850931678,34.058808592213964,24.42250382283315,-2.4834578837840127e-12,68.11761718442544,1.0,1.0,0.0,0.0
quadratic_-0.50,quadratic,-30.5,76,2026110276,0,,-0.5,0.5,0.22778640425348684,0.7546583850931678,34.058808592213964,24.42250382283315,-2.4834578837840127e-12,68.11761718442544,1.0,1.0,0.0,0.0
quadratic_-0.50,quadratic,-30.5,81,2026110281,0,,-0.5,0.5,0.22778640425348684,0.7546583850931678,34.058808592213964,24.42250382283315,-2.4834578837840127e-12,68.11761718442544,1.0,1.0,0.0,0.0
quadratic_-0.50,quadratic,-30.5,78,2026110278,0,,-0.5,0.5,0.22778640425348684,0.7546583850931678,34.058808592213964,24.42250382283315,-2.4834578837840127e-12,68.11761718442544,1.0,1.0,0.0,0.0
quadratic_-0.50,quadratic,-30.5,80,2026110280,1,,-0.5,0.5,0.22778640425348684,0.7546583850931678,34.058808592213964,24.42250382283315,-2.4834578837840127e-12,68.11761718442544,1.0,1.0,0.0,0.0
quadratic_-0.50,quadratic,-30.5,79,2026110279,0,,-0.5,0.5,0.22778640425348684,0.7546583850931678,34.058808592213964,24.42250382283315,-2.4834578837840127e-12,68.11761718442544,1.0,1.0,0.0,0.0
quadratic_-0.50,quadratic,-30.5,83,2026110283,1,,-0.5,0.5,0.22778640425348684,0.7546583850931678,34.058808592213964,24.42250382283315,-2.4834578837840127e-12,68.11761718442544,1.0,1.0,0.0,0.0
quadratic_-0.50,quadratic,-30.5,82,2026110282,0,,-0.5,0.5,0.22778640425348684,0.7546583850931678,34.058808592213964,24.42250382283315,-2.4834578837840127e-12,68.11761718442544,1.0,1.0,0.0,0.0
quadratic_-0.50,quadratic,-30.5,85,2026110285,0,,-0.5,0.5,0.22778640425348684,0.7546583850931678,34.058808592213964,24.42250382283315,-2.4834578837840127e-12,68.11761718442544,1.0,1.0,0.0,0.0
quadratic_-0.50,quadratic,-30.5,86,2026110286,0,,-0.5,0.5,0.22778640425348684,0.7546583850931678,34.058808592213964,24.42250382283315,-2.4834578837840127e-12,68.11761718442544,1.0,1.0,0.0,0.0
quadratic_-0.50,quadratic,-30.5,84,2026110284,0,,-0.5,0.5,0.22778640425348684,0.7546583850931678,34.058808592213964,24.42250382283315,-2.4834578837840127e-12,68.11761718442544,1.0,1.0,0.0,0.0
quadratic_-0.50,quadratic,-30.5,87,2026110287,0,,-0.5,0.5,0.22778640425348684,0.7546583850931678,34.058808592213964,24.42250382283315,-2.4834578837840127e-12,68.11761718442544,1.0,1.0,0.0,0.0
quadratic_-0.50,quadratic,-30.5,89,2026110289,0,,-0.5,0.5,0.22778640425348684,0.7546583850931678,34.058808592213964,24.42250382283315,-2.4834578837840127e-12,68.11761718442544,1.0,1.0,0.0,0.0
quadratic_-0.50,quadratic,-30.5,88,2026110288,0,,-0.5,0.5,0.22778640425348684,0.7546583850931678,34.058808592213964,24.42250382283315,-2.4834578837840127e-12,68.11761718442544,1.0,1.0,0.0,0.0
quadratic_-0.50,quadratic,-30.5,93,2026110293,1,,-0.5,0.5,0.22778640425348684,0.7546583850931678,34.058808592213964,24.42250382283315,-2.4834578837840127e-12,68.11761718442544,1.0,1.0,0.0,0.0
quadratic_-0.50,quadratic,-30.5,90,2026110290,0,,-0.5,0.5,0.22778640425348684,0.7546583850931678,34.058808592213964,24.42250382283315,-2.4834578837840127e-12,68.11761718442544,1.0,1.0,0.0,0.0
quadratic_-0.50,quadratic,-30.5,94,2026110294,1,,-0.5,0.5,0.22778640425348684,0.7546583850931678,34.058808592213964,24.42250382283315,-2.4834578837840127e-12,68.11761718442544,1.0,1.0,0.0,0.0
quadratic_-0.50,quadratic,-30.5,91,2026110291,0,,-0.5,0.5,0.22778640425348684,0.7546583850931678,34.058808592213964,24.42250382283315,-2.4834578837840127e-12,68.11761718442544,1.0,1.0,0.0,0.0
quadratic_-0.50,quadratic,-30.5,92,2026110292,0,,-0.5,0.5,0.22778640425348684,0.7546583850931678,34.058808592213964,24.42250382283315,-2.4834578837840127e-12,68.11761718442544,1.0,1.0,0.0,0.0
quadratic_-0.50,quadratic,-30.5,95,2026110295,0,,-0.5,0.5,0.22778640425348684,0.7546583850931678,34.058808592213964,24.42250382283315,-2.4834578837840127e-12,68.11761718442544,1.0,1.0,0.0,0.0
quadratic_-0.50,quadratic,-30.5,98,2026110298,1,,-0.5,0.5,0.22778640425348684,0.7546583850931678,34.058808592213964,24.42250382283315,-2.4834578837840127e-12,68.11761718442544,1.0,1.0,0.0,0.0
quadratic_-0.50,quadratic,-30.5,96,2026110296,0,,-0.5,0.5,0.22778640425348684,0.7546583850931678,34.058808592213964,24.42250382283315,-2.4834578837840127e-12,68.11761718442544,1.0,1.0,0.0,0.0
quadratic_-0.50,quadratic,-30.5,97,2026110297,0,,-0.5,0.5,0.22778640425348684,0.7546583850931678,34.058808592213964,24.42250382283315,-2.4834578837840127e-12,68.11761718442544,1.0,1.0,0.0,0.0
quadratic_+0.25,quadratic,-31.0,1,2026120201,1,,0.25,0.25,0.11389320212674342,0.3773291925465839,17.029404296106982,12.211251911416575,1.2417289418920063e-12,34.05880859221272,-1.0,-1.0,0.9111456170139474,2.0
quadratic_-0.50,quadratic,-30.5,99,2026110299,0,,-0.5,0.5,0.22778640425348684,0.7546583850931678,34.058808592213964,24.42250382283315,-2.4834578837840127e-12,68.11761718442544,1.0,1.0,0.0,0.0
quadratic_+0.25,quadratic,-31.0,0,2026120200,0,,0.25,0.25,0.11389320212674342,0.3773291925465839,17.029404296106982,12.211251911416575,1.2417289418920063e-12,34.05880859221272,-1.0,-1.0,0.9111456170139474,2.0
quadratic_+0.25,quadratic,-31.0,2,2026120202,1,,0.25,0.25,0.11389320212674342,0.3773291925465839,17.029404296106982,12.211251911416575,1.2417289418920063e-12,34.05880859221272,-1.0,-1.0,0.9111456170139474,2.0
quadratic_+0.25,quadratic,-31.0,5,2026120205,1,,0.25,0.25,0.11389320212674342,0.3773291925465839,17.029404296106982,12.211251911416575,1.2417289418920063e-12,34.05880859221272,-1.0,-1.0,0.9111456170139474,2.0
quadratic_+0.25,quadratic,-31.0,7,2026120207,1,,0.25,0.25,0.11389320212674342,0.3773291925465839,17.029404296106982,12.211251911416575,1.2417289418920063e-12,34.05880859221272,-1.0,-1.0,0.9111456170139474,2.0
quadratic_+0.25,quadratic,-31.0,3,2026120203,0,,0.25,0.25,0.11389320212674342,0.3773291925465839,17.029404296106982,12.211251911416575,1.2417289418920063e-12,34.05880859221272,-1.0,-1.0,0.9111456170139474,2.0
quadratic_+0.25,quadratic,-31.0,4,2026120204,0,,0.25,0.25,0.11389320212674342,0.3773291925465839,17.029404296106982,12.211251911416575,1.2417289418920063e-12,34.05880859221272,-1.0,-1.0,0.9111456170139474,2.0
quadratic_+0.25,quadratic,-31.0,6,2026120206,0,,0.25,0.25,0.11389320212674342,0.3773291925465839,17.029404296106982,12.211251911416575,1.2417289418920063e-12,34.05880859221272,-1.0,-1.0,0.9111456170139474,2.0
quadratic_+0.25,quadratic,-31.0,8,2026120208,1,,0.25,0.25,0.11389320212674342,0.3773291925465839,17.029404296106982,12.211251911416575,1.2417289418920063e-12,34.05880859221272,-1.0,-1.0,0.9111456170139474,2.0
quadratic_+0.25,quadratic,-31.0,10,2026120210,1,,0.25,0.25,0.11389320212674342,0.3773291925465839,17.029404296106982,12.211251911416575,1.2417289418920063e-12,34.05880859221272,-1.0,-1.0,0.9111456170139474,2.0
quadratic_+0.25,quadratic,-31.0,9,2026120209,1,,0.25,0.25,0.11389320212674342,0.3773291925465839,17.029404296106982,12.211251911416575,1.2417289418920063e-12,34.05880859221272,-1.0,-1.0,0.9111456170139474,2.0
quadratic_+0.25,quadratic,-31.0,11,2026120211,1,,0.25,0.25,0.11389320212674342,0.3773291925465839,17.029404296106982,12.211251911416575,1.2417289418920063e-12,34.05880859221272,-1.0,-1.0,0.9111456170139474,2.0
quadratic_+0.25,quadratic,-31.0,12,2026120212,1,,0.25,0.25,0.11389320212674342,0.3773291925465839,17.029404296106982,12.211251911416575,1.2417289418920063e-12,34.05880859221272,-1.0,-1.0,0.9111456170139474,2.0
quadratic_+0.25,quadratic,-31.0,13,2026120213,1,,0.25,0.25,0.11389320212674342,0.3773291925465839,17.029404296106982,12.211251911416575,1.2417289418920063e-12,34.05880859221272,-1.0,-1.0,0.9111456170139474,2.0
quadratic_+0.25,quadratic,-31.0,15,2026120215,1,,0.25,0.25,0.11389320212674342,0.3773291925465839,17.029404296106982,12.211251911416575,1.2417289418920063e-12,34.05880859221272,-1.0,-1.0,0.9111456170139474,2.0
quadratic_+0.25,quadratic,-31.0,16,2026120216,1,,0.25,0.25,0.11389320212674342,0.3773291925465839,17.029404296106982,12.211251911416575,1.2417289418920063e-12,34.05880859221272,-1.0,-1.0,0.9111456170139474,2.0
quadratic_+0.25,quadratic,-31.0,14,2026120214,0,,0.25,0.25,0.11389320212674342,0.3773291925465839,17.029404296106982,12.211251911416575,1.2417289418920063e-12,34.05880859221272,-1.0,-1.0,0.9111456170139474,2.0
quadratic_+0.25,quadratic,-31.0,18,2026120218,1,,0.25,0.25,0.11389320212674342,0.3773291925465839,17.029404296106982,12.211251911416575,1.2417289418920063e-12,34.05880859221272,-1.0,-1.0,0.9111456170139474,2.0
quadratic_+0.25,quadratic,-31.0,19,2026120219,1,,0.25,0.25,0.11389320212674342,0.3773291925465839,17.029404296106982,12.211251911416575,1.2417289418920063e-12,34.05880859221272,-1.0,-1.0,0.9111456170139474,2.0
quadratic_+0.25,quadratic,-31.0,20,2026120220,1,,0.25,0.25,0.11389320212674342,0.3773291925465839,17.029404296106982,12.211251911416575,1.2417289418920063e-12,34.05880859221272,-1.0,-1.0,0.9111456170139474,2.0
quadratic_+0.25,quadratic,-31.0,21,2026120221,1,,0.25,0.25,0.11389320212674342,0.3773291925465839,17.029404296106982,12.211251911416575,1.2417289418920063e-12,34.05880859221272,-1.0,-1.0,0.9111456170139474,2.0
quadratic_+0.25,quadratic,-31.0,17,2026120217,0,,0.25,0.25,0.11389320212674342,0.3773291925465839,17.029404296106982,12.211251911416575,1.2417289418920063e-12,34.05880859221272,-1.0,-1.0,0.9111456170139474,2.0
quadratic_+0.25,quadratic,-31.0,24,2026120224,1,,0.25,0.25,0.11389320212674342,0.3773291925465839,17.029404296106982,12.211251911416575,1.2417289418920063e-12,34.05880859221272,-1.0,-1.0,0.9111456170139474,2.0
quadratic_+0.25,quadratic,-31.0,22,2026120222,0,,0.25,0.25,0.11389320212674342,0.3773291925465839,17.029404296106982,12.211251911416575,1.2417289418920063e-12,34.05880859221272,-1.0,-1.0,0.9111456170139474,2.0
quadratic_+0.25,quadratic,-31.0,23,2026120223,0,,0.25,0.25,0.11389320212674342,0.3773291925465839,17.029404296106982,12.211251911416575,1.2417289418920063e-12,34.05880859221272,-1.0,-1.0,0.9111456170139474,2.0
quadratic_+0.25,quadratic,-31.0,27,2026120227,1,,0.25,0.25,0.11389320212674342,0.3773291925465839,17.029404296106982,12.211251911416575,1.2417289418920063e-12,34.05880859221272,-1.0,-1.0,0.9111456170139474,2.0
quadratic_+0.25,quadratic,-31.0,25,2026120225,0,,0.25,0.25,0.11389320212674342,0.3773291925465839,17.029404296106982,12.211251911416575,1.2417289418920063e-12,34.05880859221272,-1.0,-1.0,0.9111456170139474,2.0
quadratic_+0.25,quadratic,-31.0,29,2026120229,0,,0.25,0.25,0.11389320212674342,0.3773291925465839,17.029404296106982,12.211251911416575,1.2417289418920063e-12,34.05880859221272,-1.0,-1.0,0.9111456170139474,2.0
quadratic_+0.25,quadratic,-31.0,28,2026120228,1,,0.25,0.25,0.11389320212674342,0.3773291925465839,17.029404296106982,12.211251911416575,1.2417289418920063e-12,34.05880859221272,-1.0,-1.0,0.9111456170139474,2.0
quadratic_+0.25,quadratic,-31.0,26,2026120226,0,,0.25,0.25,0.11389320212674342,0.3773291925465839,17.029404296106982,12.211251911416575,1.2417289418920063e-12,34.05880859221272,-1.0,-1.0,0.9111456170139474,2.0
quadratic_+0.25,quadratic,-31.0,30,2026120230,0,,0.25,0.25,0.11389320212674342,0.3773291925465839,17.029404296106982,12.211251911416575,1.2417289418920063e-12,34.05880859221272,-1.0,-1.0,0.9111456170139474,2.0
quadratic_+0.25,quadratic,-31.0,31,2026120231,0,,0.25,0.25,0.11389320212674342,0.3773291925465839,17.029404296106982,12.211251911416575,1.2417289418920063e-12,34.05880859221272,-1.0,-1.0,0.9111456170139474,2.0
quadratic_+0.25,quadratic,-31.0,32,2026120232,0,,0.25,0.25,0.11389320212674342,0.3773291925465839,17.029404296106982,12.211251911416575,1.2417289418920063e-12,34.05880859221272,-1.0,-1.0,0.9111456170139474,2.0
quadratic_+0.25,quadratic,-31.0,33,2026120233,0,,0.25,0.25,0.11389320212674342,0.3773291925465839,17.029404296106982,12.211251911416575,1.2417289418920063e-12,34.05880859221272,-1.0,-1.0,0.9111456170139474,2.0
quadratic_+0.25,quadratic,-31.0,34,2026120234,1,,0.25,0.25,0.11389320212674342,0.3773291925465839,17.029404296106982,12.211251911416575,1.2417289418920063e-12,34.05880859221272,-1.0,-1.0,0.9111456170139474,2.0
quadratic_+0.25,quadratic,-31.0,36,2026120236,0,,0.25,0.25,0.11389320212674342,0.3773291925465839,17.029404296106982,12.211251911416575,1.2417289418920063e-12,34.05880859221272,-1.0,-1.0,0.9111456170139474,2.0
quadratic_+0.25,quadratic,-31.0,37,2026120237,1,,0.25,0.25,0.11389320212674342,0.3773291925465839,17.029404296106982,12.211251911416575,1.2417289418920063e-12,34.05880859221272,-1.0,-1.0,0.9111456170139474,2.0
quadratic_+0.25,quadratic,-31.0,35,2026120235,0,,0.25,0.25,0.11389320212674342,0.3773291925465839,17.029404296106982,12.211251911416575,1.2417289418920063e-12,34.05880859221272,-1.0,-1.0,0.9111456170139474,2.0
quadratic_+0.25,quadratic,-31.0,39,2026120239,1,,0.25,0.25,0.11389320212674342,0.3773291925465839,17.029404296106982,12.211251911416575,1.2417289418920063e-12,34.05880859221272,-1.0,-1.0,0.9111456170139474,2.0
quadratic_+0.25,quadratic,-31.0,38,2026120238,0,,0.25,0.25,0.11389320212674342,0.3773291925465839,17.029404296106982,12.211251911416575,1.2417289418920063e-12,34.05880859221272,-1.0,-1.0,0.9111456170139474,2.0
quadratic_+0.25,quadratic,-31.0,42,2026120242,1,,0.25,0.25,0.11389320212674342,0.3773291925465839,17.029404296106982,12.211251911416575,1.2417289418920063e-12,34.05880859221272,-1.0,-1.0,0.9111456170139474,2.0
quadratic_+0.25,quadratic,-31.0,41,2026120241,0,,0.25,0.25,0.11389320212674342,0.3773291925465839,17.029404296106982,12.211251911416575,1.2417289418920063e-12,34.05880859221272,-1.0,-1.0,0.9111456170139474,2.0
quadratic_+0.25,quadratic,-31.0,40,2026120240,0,,0.25,0.25,0.11389320212674342,0.3773291925465839,17.029404296106982,12.211251911416575,1.2417289418920063e-12,34.05880859221272,-1.0,-1.0,0.9111456170139474,2.0
quadratic_+0.25,quadratic,-31.0,44,2026120244,1,,0.25,0.25,0.11389320212674342,0.3773291925465839,17.029404296106982,12.211251911416575,1.2417289418920063e-12,34.05880859221272,-1.0,-1.0,0.9111456170139474,2.0
quadratic_+0.25,quadratic,-31.0,43,2026120243,1,,0.25,0.25,0.11389320212674342,0.3773291925465839,17.029404296106982,12.211251911416575,1.2417289418920063e-12,34.05880859221272,-1.0,-1.0,0.9111456170139474,2.0
quadratic_+0.25,quadratic,-31.0,47,2026120247,1,,0.25,0.25,0.11389320212674342,0.3773291925465839,17.029404296106982,12.211251911416575,1.2417289418920063e-12,34.05880859221272,-1.0,-1.0,0.9111456170139474,2.0
quadratic_+0.25,quadratic,-31.0,45,2026120245,0,,0.25,0.25,0.11389320212674342,0.3773291925465839,17.029404296106982,12.211251911416575,1.2417289418920063e-12,34.05880859221272,-1.0,-1.0,0.9111456170139474,2.0
quadratic_+0.25,quadratic,-31.0,50,2026120250,1,,0.25,0.25,0.11389320212674342,0.3773291925465839,17.029404296106982,12.211251911416575,1.2417289418920063e-12,34.05880859221272,-1.0,-1.0,0.9111456170139474,2.0
quadratic_+0.25,quadratic,-31.0,46,2026120246,0,,0.25,0.25,0.11389320212674342,0.3773291925465839,17.029404296106982,12.211251911416575,1.2417289418920063e-12,34.05880859221272,-1.0,-1.0,0.9111456170139474,2.0
quadratic_+0.25,quadratic,-31.0,48,2026120248,0,,0.25,0.25,0.11389320212674342,0.3773291925465839,17.029404296106982,12.211251911416575,1.2417289418920063e-12,34.05880859221272,-1.0,-1.0,0.9111456170139474,2.0
quadratic_+0.25,quadratic,-31.0,49,2026120249,1,,0.25,0.25,0.11389320212674342,0.3773291925465839,17.029404296106982,12.211251911416575,1.2417289418920063e-12,34.05880859221272,-1.0,-1.0,0.9111456170139474,2.0
quadratic_+0.25,quadratic,-31.0,51,2026120251,1,,0.25,0.25,0.11389320212674342,0.3773291925465839,17.029404296106982,12.211251911416575,1.2417289418920063e-12,34.05880859221272,-1.0,-1.0,0.9111456170139474,2.0
quadratic_+0.25,quadratic,-31.0,52,2026120252,1,,0.25,0.25,0.11389320212674342,0.3773291925465839,17.029404296106982,12.211251911416575,1.2417289418920063e-12,34.05880859221272,-1.0,-1.0,0.9111456170139474,2.0
quadratic_+0.25,quadratic,-31.0,54,2026120254,1,,0.25,0.25,0.11389320212674342,0.3773291925465839,17.029404296106982,12.211251911416575,1.2417289418920063e-12,34.05880859221272,-1.0,-1.0,0.9111456170139474,2.0
quadratic_+0.25,quadratic,-31.0,53,2026120253,0,,0.25,0.25,0.11389320212674342,0.3773291925465839,17.029404296106982,12.211251911416575,1.2417289418920063e-12,34.05880859221272,-1.0,-1.0,0.9111456170139474,2.0
quadratic_+0.25,quadratic,-31.0,55,2026120255,0,,0.25,0.25,0.11389320212674342,0.3773291925465839,17.029404296106982,12.211251911416575,1.2417289418920063e-12,34.05880859221272,-1.0,-1.0,0.9111456170139474,2.0
quadratic_+0.25,quadratic,-31.0,56,2026120256,0,,0.25,0.25,0.11389320212674342,0.3773291925465839,17.029404296106982,12.211251911416575,1.2417289418920063e-12,34.05880859221272,-1.0,-1.0,0.9111456170139474,2.0
quadratic_+0.25,quadratic,-31.0,57,2026120257,0,,0.25,0.25,0.11389320212674342,0.3773291925465839,17.029404296106982,12.211251911416575,1.2417289418920063e-12,34.05880859221272,-1.0,-1.0,0.9111456170139474,2.0
quadratic_+0.25,quadratic,-31.0,60,2026120260,1,,0.25,0.25,0.11389320212674342,0.3773291925465839,17.029404296106982,12.211251911416575,1.2417289418920063e-12,34.05880859221272,-1.0,-1.0,0.9111456170139474,2.0
quadratic_+0.25,quadratic,-31.0,61,2026120261,1,,0.25,0.25,0.11389320212674342,0.3773291925465839,17.029404296106982,12.211251911416575,1.2417289418920063e-12,34.05880859221272,-1.0,-1.0,0.9111456170139474,2.0
quadratic_+0.25,quadratic,-31.0,58,2026120258,0,,0.25,0.25,0.11389320212674342,0.3773291925465839,17.029404296106982,12.211251911416575,1.2417289418920063e-12,34.05880859221272,-1.0,-1.0,0.9111456170139474,2.0
quadratic_+0.25,quadratic,-31.0,63,2026120263,0,,0.25,0.25,0.11389320212674342,0.3773291925465839,17.029404296106982,12.211251911416575,1.2417289418920063e-12,34.05880859221272,-1.0,-1.0,0.9111456170139474,2.0
quadratic_+0.25,quadratic,-31.0,59,2026120259,0,,0.25,0.25,0.11389320212674342,0.3773291925465839,17.029404296106982,12.211251911416575,1.2417289418920063e-12,34.05880859221272,-1.0,-1.0,0.9111456170139474,2.0
quadratic_+0.25,quadratic,-31.0,64,2026120264,1,,0.25,0.25,0.11389320212674342,0.3773291925465839,17.029404296106982,12.211251911416575,1.2417289418920063e-12,34.05880859221272,-1.0,-1.0,0.9111456170139474,2.0
quadratic_+0.25,quadratic,-31.0,62,2026120262,1,,0.25,0.25,0.11389320212674342,0.3773291925465839,17.029404296106982,12.211251911416575,1.2417289418920063e-12,34.05880859221272,-1.0,-1.0,0.9111456170139474,2.0
quadratic_+0.25,quadratic,-31.0,65,2026120265,0,,0.25,0.25,0.11389320212674342,0.3773291925465839,17.029404296106982,12.211251911416575,1.2417289418920063e-12,34.05880859221272,-1.0,-1.0,0.9111456170139474,2.0
quadratic_+0.25,quadratic,-31.0,66,2026120266,0,,0.25,0.25,0.11389320212674342,0.3773291925465839,17.029404296106982,12.211251911416575,1.2417289418920063e-12,34.05880859221272,-1.0,-1.0,0.9111456170139474,2.0
quadratic_+0.25,quadratic,-31.0,67,2026120267,0,,0.25,0.25,0.11389320212674342,0.3773291925465839,17.029404296106982,12.211251911416575,1.2417289418920063e-12,34.05880859221272,-1.0,-1.0,0.9111456170139474,2.0
quadratic_+0.25,quadratic,-31.0,68,2026120268,0,,0.25,0.25,0.11389320212674342,0.3773291925465839,17.029404296106982,12.211251911416575,1.2417289418920063e-12,34.05880859221272,-1.0,-1.0,0.9111456170139474,2.0
quadratic_+0.25,quadratic,-31.0,69,2026120269,1,,0.25,0.25,0.11389320212674342,0.3773291925465839,17.029404296106982,12.211251911416575,1.2417289418920063e-12,34.05880859221272,-1.0,-1.0,0.9111456170139474,2.0
quadratic_+0.25,quadratic,-31.0,72,2026120272,1,,0.25,0.25,0.11389320212674342,0.3773291925465839,17.029404296106982,12.211251911416575,1.2417289418920063e-12,34.05880859221272,-1.0,-1.0,0.9111456170139474,2.0
quadratic_+0.25,quadratic,-31.0,70,2026120270,1,,0.25,0.25,0.11389320212674342,0.3773291925465839,17.029404296106982,12.211251911416575,1.2417289418920063e-12,34.05880859221272,-1.0,-1.0,0.9111456170139474,2.0
quadratic_+0.25,quadratic,-31.0,74,2026120274,0,,0.25,0.25,0.11389320212674342,0.3773291925465839,17.029404296106982,12.211251911416575,1.2417289418920063e-12,34.05880859221272,-1.0,-1.0,0.9111456170139474,2.0
quadratic_+0.25,quadratic,-31.0,71,2026120271,0,,0.25,0.25,0.11389320212674342,0.3773291925465839,17.029404296106982,12.211251911416575,1.2417289418920063e-12,34.05880859221272,-1.0,-1.0,0.9111456170139474,2.0
quadratic_+0.25,quadratic,-31.0,73,2026120273,0,,0.25,0.25,0.11389320212674342,0.3773291925465839,17.029404296106982,12.211251911416575,1.2417289418920063e-12,34.05880859221272,-1.0,-1.0,0.9111456170139474,2.0
quadratic_+0.25,quadratic,-31.0,76,2026120276,0,,0.25,0.25,0.11389320212674342,0.3773291925465839,17.029404296106982,12.211251911416575,1.2417289418920063e-12,34.05880859221272,-1.0,-1.0,0.9111456170139474,2.0
quadratic_+0.25,quadratic,-31.0,75,2026120275,1,,0.25,0.25,0.11389320212674342,0.3773291925465839,17.029404296106982,12.211251911416575,1.2417289418920063e-12,34.05880859221272,-1.0,-1.0,0.9111456170139474,2.0
quadratic_+0.25,quadratic,-31.0,78,2026120278,0,,0.25,0.25,0.11389320212674342,0.3773291925465839,17.029404296106982,12.211251911416575,1.2417289418920063e-12,34.05880859221272,-1.0,-1.0,0.9111456170139474,2.0
quadratic_+0.25,quadratic,-31.0,77,2026120277,0,,0.25,0.25,0.11389320212674342,0.3773291925465839,17.029404296106982,12.211251911416575,1.2417289418920063e-12,34.05880859221272,-1.0,-1.0,0.9111456170139474,2.0
quadratic_+0.25,quadratic,-31.0,79,2026120279,1,,0.25,0.25,0.11389320212674342,0.3773291925465839,17.029404296106982,12.211251911416575,1.2417289418920063e-12,34.05880859221272,-1.0,-1.0,0.9111456170139474,2.0
quadratic_+0.25,quadratic,-31.0,80,2026120280,1,,0.25,0.25,0.11389320212674342,0.3773291925465839,17.029404296106982,12.211251911416575,1.2417289418920063e-12,34.05880859221272,-1.0,-1.0,0.9111456170139474,2.0
quadratic_+0.25,quadratic,-31.0,82,2026120282,1,,0.25,0.25,0.11389320212674342,0.3773291925465839,17.029404296106982,12.211251911416575,1.2417289418920063e-12,34.05880859221272,-1.0,-1.0,0.9111456170139474,2.0
quadratic_+0.25,quadratic,-31.0,84,2026120284,0,,0.25,0.25,0.11389320212674342,0.3773291925465839,17.029404296106982,12.211251911416575,1.2417289418920063e-12,34.05880859221272,-1.0,-1.0,0.9111456170139474,2.0
quadratic_+0.25,quadratic,-31.0,83,2026120283,1,,0.25,0.25,0.11389320212674342,0.3773291925465839,17.029404296106982,12.211251911416575,1.2417289418920063e-12,34.05880859221272,-1.0,-1.0,0.9111456170139474,2.0
quadratic_+0.25,quadratic,-31.0,87,2026120287,1,,0.25,0.25,0.11389320212674342,0.3773291925465839,17.029404296106982,12.211251911416575,1.2417289418920063e-12,34.05880859221272,-1.0,-1.0,0.9111456170139474,2.0
quadratic_+0.25,quadratic,-31.0,81,2026120281,0,,0.25,0.25,0.11389320212674342,0.3773291925465839,17.029404296106982,12.211251911416575,1.2417289418920063e-12,34.05880859221272,-1.0,-1.0,0.9111456170139474,2.0
quadratic_+0.25,quadratic,-31.0,85,2026120285,0,,0.25,0.25,0.11389320212674342,0.3773291925465839,17.029404296106982,12.211251911416575,1.2417289418920063e-12,34.05880859221272,-1.0,-1.0,0.9111456170139474,2.0
quadratic_+0.25,quadratic,-31.0,86,2026120286,0,,0.25,0.25,0.11389320212674342,0.3773291925465839,17.029404296106982,12.211251911416575,1.2417289418920063e-12,34.05880859221272,-1.0,-1.0,0.9111456170139474,2.0
quadratic_+0.25,quadratic,-31.0,88,2026120288,0,,0.25,0.25,0.11389320212674342,0.3773291925465839,17.029404296106982,12.211251911416575,1.2417289418920063e-12,34.05880859221272,-1.0,-1.0,0.9111456170139474,2.0
quadratic_+0.25,quadratic,-31.0,91,2026120291,1,,0.25,0.25,0.11389320212674342,0.3773291925465839,17.029404296106982,12.211251911416575,1.2417289418920063e-12,34.05880859221272,-1.0,-1.0,0.9111456170139474,2.0
quadratic_+0.25,quadratic,-31.0,90,2026120290,0,,0.25,0.25,0.11389320212674342,0.3773291925465839,17.029404296106982,12.211251911416575,1.2417289418920063e-12,34.05880859221272,-1.0,-1.0,0.9111456170139474,2.0
quadratic_+0.25,quadratic,-31.0,89,2026120289,0,,0.25,0.25,0.11389320212674342,0.3773291925465839,17.029404296106982,12.211251911416575,1.2417289418920063e-12,34.05880859221272,-1.0,-1.0,0.9111456170139474,2.0
quadratic_+0.25,quadratic,-31.0,94,2026120294,0,,0.25,0.25,0.11389320212674342,0.3773291925465839,17.029404296106982,12.211251911416575,1.2417289418920063e-12,34.05880859221272,-1.0,-1.0,0.9111456170139474,2.0
quadratic_+0.25,quadratic,-31.0,92,2026120292,1,,0.25,0.25,0.11389320212674342,0.3773291925465839,17.029404296106982,12.211251911416575,1.2417289418920063e-12,34.05880859221272,-1.0,-1.0,0.9111456170139474,2.0
quadratic_+0.25,quadratic,-31.0,93,2026120293,1,,0.25,0.25,0.11389320212674342,0.3773291925465839,17.029404296106982,12.211251911416575,1.2417289418920063e-12,34.05880859221272,-1.0,-1.0,0.9111456170139474,2.0
quadratic_+0.25,quadratic,-31.0,98,2026120298,1,,0.25,0.25,0.11389320212674342,0.3773291925465839,17.029404296106982,12.211251911416575,1.2417289418920063e-12,34.05880859221272,-1.0,-1.0,0.9111456170139474,2.0
quadratic_+0.25,quadratic,-31.0,95,2026120295,0,,0.25,0.25,0.11389320212674342,0.3773291925465839,17.029404296106982,12.211251911416575,1.2417289418920063e-12,34.05880859221272,-1.0,-1.0,0.9111456170139474,2.0
quadratic_+0.25,quadratic,-31.0,96,2026120296,0,,0.25,0.25,0.11389320212674342,0.3773291925465839,17.029404296106982,12.211251911416575,1.2417289418920063e-12,34.05880859221272,-1.0,-1.0,0.9111456170139474,2.0
quadratic_+0.25,quadratic,-31.0,97,2026120297,0,,0.25,0.25,0.11389320212674342,0.3773291925465839,17.029404296106982,12.211251911416575,1.2417289418920063e-12,34.05880859221272,-1.0,-1.0,0.9111456170139474,2.0
quadratic_+0.25,quadratic,-31.0,99,2026120299,1,,0.25,0.25,0.11389320212674342,0.3773291925465839,17.029404296106982,12.211251911416575,1.2417289418920063e-12,34.05880859221272,-1.0,-1.0,0.9111456170139474,2.0
quadratic_-0.25,quadratic,-31.0,0,2026120200,1,,-0.25,0.25,0.11389320212674342,0.3773291925465839,17.029404296106982,12.211251911416575,-1.2417289418920063e-12,34.05880859221272,1.0,1.0,0.0,0.0
quadratic_-0.25,quadratic,-31.0,2,2026120202,1,,-0.25,0.25,0.11389320212674342,0.3773291925465839,17.029404296106982,12.211251911416575,-1.2417289418920063e-12,34.05880859221272,1.0,1.0,0.0,0.0
quadratic_-0.25,quadratic,-31.0,1,2026120201,0,,-0.25,0.25,0.11389320212674342,0.3773291925465839,17.029404296106982,12.211251911416575,-1.2417289418920063e-12,34.05880859221272,1.0,1.0,0.0,0.0
quadratic_-0.25,quadratic,-31.0,3,2026120203,0,,-0.25,0.25,0.11389320212674342,0.3773291925465839,17.029404296106982,12.211251911416575,-1.2417289418920063e-12,34.05880859221272,1.0,1.0,0.0,0.0
quadratic_-0.25,quadratic,-31.0,7,2026120207,1,,-0.25,0.25,0.11389320212674342,0.3773291925465839,17.029404296106982,12.211251911416575,-1.2417289418920063e-12,34.05880859221272,1.0,1.0,0.0,0.0
quadratic_-0.25,quadratic,-31.0,4,2026120204,0,,-0.25,0.25,0.11389320212674342,0.3773291925465839,17.029404296106982,12.211251911416575,-1.2417289418920063e-12,34.05880859221272,1.0,1.0,0.0,0.0
quadratic_-0.25,quadratic,-31.0,6,2026120206,0,,-0.25,0.25,0.11389320212674342,0.3773291925465839,17.029404296106982,12.211251911416575,-1.2417289418920063e-12,34.05880859221272,1.0,1.0,0.0,0.0
quadratic_-0.25,quadratic,-31.0,5,2026120205,0,,-0.25,0.25,0.11389320212674342,0.3773291925465839,17.029404296106982,12.211251911416575,-1.2417289418920063e-12,34.05880859221272,1.0,1.0,0.0,0.0
quadratic_-0.25,quadratic,-31.0,8,2026120208,0,,-0.25,0.25,0.11389320212674342,0.3773291925465839,17.029404296106982,12.211251911416575,-1.2417289418920063e-12,34.05880859221272,1.0,1.0,0.0,0.0
quadratic_-0.25,quadratic,-31.0,10,2026120210,1,,-0.25,0.25,0.11389320212674342,0.3773291925465839,17.029404296106982,12.211251911416575,-1.2417289418920063e-12,34.05880859221272,1.0,1.0,0.0,0.0
quadratic_-0.25,quadratic,-31.0,9,2026120209,0,,-0.25,0.25,0.11389320212674342,0.3773291925465839,17.029404296106982,12.211251911416575,-1.2417289418920063e-12,34.05880859221272,1.0,1.0,0.0,0.0
quadratic_-0.25,quadratic,-31.0,11,2026120211,0,,-0.25,0.25,0.11389320212674342,0.3773291925465839,17.029404296106982,12.211251911416575,-1.2417289418920063e-12,34.05880859221272,1.0,1.0,0.0,0.0
quadratic_-0.25,quadratic,-31.0,12,2026120212,1,,-0.25,0.25,0.11389320212674342,0.3773291925465839,17.029404296106982,12.211251911416575,-1.2417289418920063e-12,34.05880859221272,1.0,1.0,0.0,0.0
quadratic_-0.25,quadratic,-31.0,13,2026120213,1,,-0.25,0.25,0.11389320212674342,0.3773291925465839,17.029404296106982,12.211251911416575,-1.2417289418920063e-12,34.05880859221272,1.0,1.0,0.0,0.0
quadratic_-0.25,quadratic,-31.0,14,2026120214,1,,-0.25,0.25,0.11389320212674342,0.3773291925465839,17.029404296106982,12.211251911416575,-1.2417289418920063e-12,34.05880859221272,1.0,1.0,0.0,0.0
quadratic_-0.25,quadratic,-31.0,15,2026120215,1,,-0.25,0.25,0.11389320212674342,0.3773291925465839,17.029404296106982,12.211251911416575,-1.2417289418920063e-12,34.05880859221272,1.0,1.0,0.0,0.0
quadratic_-0.25,quadratic,-31.0,18,2026120218,1,,-0.25,0.25,0.11389320212674342,0.3773291925465839,17.029404296106982,12.211251911416575,-1.2417289418920063e-12,34.05880859221272,1.0,1.0,0.0,0.0
quadratic_-0.25,quadratic,-31.0,17,2026120217,1,,-0.25,0.25,0.11389320212674342,0.3773291925465839,17.029404296106982,12.211251911416575,-1.2417289418920063e-12,34.05880859221272,1.0,1.0,0.0,0.0
quadratic_-0.25,quadratic,-31.0,16,2026120216,1,,-0.25,0.25,0.11389320212674342,0.3773291925465839,17.029404296106982,12.211251911416575,-1.2417289418920063e-12,34.05880859221272,1.0,1.0,0.0,0.0
quadratic_-0.25,quadratic,-31.0,21,2026120221,1,,-0.25,0.25,0.11389320212674342,0.3773291925465839,17.029404296106982,12.211251911416575,-1.2417289418920063e-12,34.05880859221272,1.0,1.0,0.0,0.0
quadratic_-0.25,quadratic,-31.0,19,2026120219,1,,-0.25,0.25,0.11389320212674342,0.3773291925465839,17.029404296106982,12.211251911416575,-1.2417289418920063e-12,34.05880859221272,1.0,1.0,0.0,0.0
quadratic_-0.25,quadratic,-31.0,20,2026120220,1,,-0.25,0.25,0.11389320212674342,0.3773291925465839,17.029404296106982,12.211251911416575,-1.2417289418920063e-12,34.05880859221272,1.0,1.0,0.0,0.0
quadratic_-0.25,quadratic,-31.0,22,2026120222,0,,-0.25,0.25,0.11389320212674342,0.3773291925465839,17.029404296106982,12.211251911416575,-1.2417289418920063e-12,34.05880859221272,1.0,1.0,0.0,0.0
quadratic_-0.25,quadratic,-31.0,23,2026120223,0,,-0.25,0.25,0.11389320212674342,0.3773291925465839,17.029404296106982,12.211251911416575,-1.2417289418920063e-12,34.05880859221272,1.0,1.0,0.0,0.0
quadratic_-0.25,quadratic,-31.0,24,2026120224,0,,-0.25,0.25,0.11389320212674342,0.3773291925465839,17.029404296106982,12.211251911416575,-1.2417289418920063e-12,34.05880859221272,1.0,1.0,0.0,0.0
quadratic_-0.25,quadratic,-31.0,25,2026120225,0,,-0.25,0.25,0.11389320212674342,0.3773291925465839,17.029404296106982,12.211251911416575,-1.2417289418920063e-12,34.05880859221272,1.0,1.0,0.0,0.0
quadratic_-0.25,quadratic,-31.0,29,2026120229,0,,-0.25,0.25,0.11389320212674342,0.3773291925465839,17.029404296106982,12.211251911416575,-1.2417289418920063e-12,34.05880859221272,1.0,1.0,0.0,0.0
quadratic_-0.25,quadratic,-31.0,27,2026120227,1,,-0.25,0.25,0.11389320212674342,0.3773291925465839,17.029404296106982,12.211251911416575,-1.2417289418920063e-12,34.05880859221272,1.0,1.0,0.0,0.0
quadratic_-0.25,quadratic,-31.0,28,2026120228,1,,-0.25,0.25,0.11389320212674342,0.3773291925465839,17.029404296106982,12.211251911416575,-1.2417289418920063e-12,34.05880859221272,1.0,1.0,0.0,0.0
quadratic_-0.25,quadratic,-31.0,26,2026120226,0,,-0.25,0.25,0.11389320212674342,0.3773291925465839,17.029404296106982,12.211251911416575,-1.2417289418920063e-12,34.05880859221272,1.0,1.0,0.0,0.0
quadratic_-0.25,quadratic,-31.0,30,2026120230,0,,-0.25,0.25,0.11389320212674342,0.3773291925465839,17.029404296106982,12.211251911416575,-1.2417289418920063e-12,34.05880859221272,1.0,1.0,0.0,0.0
quadratic_-0.25,quadratic,-31.0,33,2026120233,1,,-0.25,0.25,0.11389320212674342,0.3773291925465839,17.029404296106982,12.211251911416575,-1.2417289418920063e-12,34.05880859221272,1.0,1.0,0.0,0.0
quadratic_-0.25,quadratic,-31.0,31,2026120231,0,,-0.25,0.25,0.11389320212674342,0.3773291925465839,17.029404296106982,12.211251911416575,-1.2417289418920063e-12,34.05880859221272,1.0,1.0,0.0,0.0
quadratic_-0.25,quadratic,-31.0,32,2026120232,0,,-0.25,0.25,0.11389320212674342,0.3773291925465839,17.029404296106982,12.211251911416575,-1.2417289418920063e-12,34.05880859221272,1.0,1.0,0.0,0.0
quadratic_-0.25,quadratic,-31.0,36,2026120236,1,,-0.25,0.25,0.11389320212674342,0.3773291925465839,17.029404296106982,12.211251911416575,-1.2417289418920063e-12,34.05880859221272,1.0,1.0,0.0,0.0
quadratic_-0.25,quadratic,-31.0,35,2026120235,0,,-0.25,0.25,0.11389320212674342,0.3773291925465839,17.029404296106982,12.211251911416575,-1.2417289418920063e-12,34.05880859221272,1.0,1.0,0.0,0.0
quadratic_-0.25,quadratic,-31.0,34,2026120234,0,,-0.25,0.25,0.11389320212674342,0.3773291925465839,17.029404296106982,12.211251911416575,-1.2417289418920063e-12,34.05880859221272,1.0,1.0,0.0,0.0
quadratic_-0.25,quadratic,-31.0,37,2026120237,0,,-0.25,0.25,0.11389320212674342,0.3773291925465839,17.029404296106982,12.211251911416575,-1.2417289418920063e-12,34.05880859221272,1.0,1.0,0.0,0.0
quadratic_-0.25,quadratic,-31.0,39,2026120239,1,,-0.25,0.25,0.11389320212674342,0.3773291925465839,17.029404296106982,12.211251911416575,-1.2417289418920063e-12,34.05880859221272,1.0,1.0,0.0,0.0
quadratic_-0.25,quadratic,-31.0,38,2026120238,0,,-0.25,0.25,0.11389320212674342,0.3773291925465839,17.029404296106982,12.211251911416575,-1.2417289418920063e-12,34.05880859221272,1.0,1.0,0.0,0.0
quadratic_-0.25,quadratic,-31.0,40,2026120240,1,,-0.25,0.25,0.11389320212674342,0.3773291925465839,17.029404296106982,12.211251911416575,-1.2417289418920063e-12,34.05880859221272,1.0,1.0,0.0,0.0
quadratic_-0.25,quadratic,-31.0,41,2026120241,1,,-0.25,0.25,0.11389320212674342,0.3773291925465839,17.029404296106982,12.211251911416575,-1.2417289418920063e-12,34.05880859221272,1.0,1.0,0.0,0.0
quadratic_-0.25,quadratic,-31.0,42,2026120242,1,,-0.25,0.25,0.11389320212674342,0.3773291925465839,17.029404296106982,12.211251911416575,-1.2417289418920063e-12,34.05880859221272,1.0,1.0,0.0,0.0
quadratic_-0.25,quadratic,-31.0,46,2026120246,1,,-0.25,0.25,0.11389320212674342,0.3773291925465839,17.029404296106982,12.211251911416575,-1.2417289418920063e-12,34.05880859221272,1.0,1.0,0.0,0.0
quadratic_-0.25,quadratic,-31.0,43,2026120243,0,,-0.25,0.25,0.11389320212674342,0.3773291925465839,17.029404296106982,12.211251911416575,-1.2417289418920063e-12,34.05880859221272,1.0,1.0,0.0,0.0
quadratic_-0.25,quadratic,-31.0,44,2026120244,0,,-0.25,0.25,0.11389320212674342,0.3773291925465839,17.029404296106982,12.211251911416575,-1.2417289418920063e-12,34.05880859221272,1.0,1.0,0.0,0.0
quadratic_-0.25,quadratic,-31.0,49,2026120249,1,,-0.25,0.25,0.11389320212674342,0.3773291925465839,17.029404296106982,12.211251911416575,-1.2417289418920063e-12,34.05880859221272,1.0,1.0,0.0,0.0
quadratic_-0.25,quadratic,-31.0,45,2026120245,0,,-0.25,0.25,0.11389320212674342,0.3773291925465839,17.029404296106982,12.211251911416575,-1.2417289418920063e-12,34.05880859221272,1.0,1.0,0.0,0.0
quadratic_-0.25,quadratic,-31.0,50,2026120250,1,,-0.25,0.25,0.11389320212674342,0.3773291925465839,17.029404296106982,12.211251911416575,-1.2417289418920063e-12,34.05880859221272,1.0,1.0,0.0,0.0
quadratic_-0.25,quadratic,-31.0,47,2026120247,0,,-0.25,0.25,0.11389320212674342,0.3773291925465839,17.029404296106982,12.211251911416575,-1.2417289418920063e-12,34.05880859221272,1.0,1.0,0.0,0.0
quadratic_-0.25,quadratic,-31.0,48,2026120248,0,,-0.25,0.25,0.11389320212674342,0.3773291925465839,17.029404296106982,12.211251911416575,-1.2417289418920063e-12,34.05880859221272,1.0,1.0,0.0,0.0
quadratic_-0.25,quadratic,-31.0,51,2026120251,1,,-0.25,0.25,0.11389320212674342,0.3773291925465839,17.029404296106982,12.211251911416575,-1.2417289418920063e-12,34.05880859221272,1.0,1.0,0.0,0.0
quadratic_-0.25,quadratic,-31.0,52,2026120252,0,,-0.25,0.25,0.11389320212674342,0.3773291925465839,17.029404296106982,12.211251911416575,-1.2417289418920063e-12,34.05880859221272,1.0,1.0,0.0,0.0
quadratic_-0.25,quadratic,-31.0,54,2026120254,1,,-0.25,0.25,0.11389320212674342,0.3773291925465839,17.029404296106982,12.211251911416575,-1.2417289418920063e-12,34.05880859221272,1.0,1.0,0.0,0.0
quadratic_-0.25,quadratic,-31.0,53,2026120253,0,,-0.25,0.25,0.11389320212674342,0.3773291925465839,17.029404296106982,12.211251911416575,-1.2417289418920063e-12,34.05880859221272,1.0,1.0,0.0,0.0
quadratic_-0.25,quadratic,-31.0,55,2026120255,1,,-0.25,0.25,0.11389320212674342,0.3773291925465839,17.029404296106982,12.211251911416575,-1.2417289418920063e-12,34.05880859221272,1.0,1.0,0.0,0.0
quadratic_-0.25,quadratic,-31.0,56,2026120256,1,,-0.25,0.25,0.11389320212674342,0.3773291925465839,17.029404296106982,12.211251911416575,-1.2417289418920063e-12,34.05880859221272,1.0,1.0,0.0,0.0
quadratic_-0.25,quadratic,-31.0,57,2026120257,0,,-0.25,0.25,0.11389320212674342,0.3773291925465839,17.029404296106982,12.211251911416575,-1.2417289418920063e-12,34.05880859221272,1.0,1.0,0.0,0.0
quadratic_-0.25,quadratic,-31.0,59,2026120259,1,,-0.25,0.25,0.11389320212674342,0.3773291925465839,17.029404296106982,12.211251911416575,-1.2417289418920063e-12,34.05880859221272,1.0,1.0,0.0,0.0
quadratic_-0.25,quadratic,-31.0,60,2026120260,1,,-0.25,0.25,0.11389320212674342,0.3773291925465839,17.029404296106982,12.211251911416575,-1.2417289418920063e-12,34.05880859221272,1.0,1.0,0.0,0.0
quadratic_-0.25,quadratic,-31.0,58,2026120258,0,,-0.25,0.25,0.11389320212674342,0.3773291925465839,17.029404296106982,12.211251911416575,-1.2417289418920063e-12,34.05880859221272,1.0,1.0,0.0,0.0
quadratic_-0.25,quadratic,-31.0,62,2026120262,1,,-0.25,0.25,0.11389320212674342,0.3773291925465839,17.029404296106982,12.211251911416575,-1.2417289418920063e-12,34.05880859221272,1.0,1.0,0.0,0.0
quadratic_-0.25,quadratic,-31.0,64,2026120264,1,,-0.25,0.25,0.11389320212674342,0.3773291925465839,17.029404296106982,12.211251911416575,-1.2417289418920063e-12,34.05880859221272,1.0,1.0,0.0,0.0
quadratic_-0.25,quadratic,-31.0,61,2026120261,0,,-0.25,0.25,0.11389320212674342,0.3773291925465839,17.029404296106982,12.211251911416575,-1.2417289418920063e-12,34.05880859221272,1.0,1.0,0.0,0.0
quadratic_-0.25,quadratic,-31.0,63,2026120263,0,,-0.25,0.25,0.11389320212674342,0.3773291925465839,17.029404296106982,12.211251911416575,-1.2417289418920063e-12,34.05880859221272,1.0,1.0,0.0,0.0
quadratic_-0.25,quadratic,-31.0,66,2026120266,1,,-0.25,0.25,0.11389320212674342,0.3773291925465839,17.029404296106982,12.211251911416575,-1.2417289418920063e-12,34.05880859221272,1.0,1.0,0.0,0.0
quadratic_-0.25,quadratic,-31.0,65,2026120265,0,,-0.25,0.25,0.11389320212674342,0.3773291925465839,17.029404296106982,12.211251911416575,-1.2417289418920063e-12,34.05880859221272,1.0,1.0,0.0,0.0
quadratic_-0.25,quadratic,-31.0,67,2026120267,0,,-0.25,0.25,0.11389320212674342,0.3773291925465839,17.029404296106982,12.211251911416575,-1.2417289418920063e-12,34.05880859221272,1.0,1.0,0.0,0.0
quadratic_-0.25,quadratic,-31.0,68,2026120268,0,,-0.25,0.25,0.11389320212674342,0.3773291925465839,17.029404296106982,12.211251911416575,-1.2417289418920063e-12,34.05880859221272,1.0,1.0,0.0,0.0
quadratic_-0.25,quadratic,-31.0,70,2026120270,1,,-0.25,0.25,0.11389320212674342,0.3773291925465839,17.029404296106982,12.211251911416575,-1.2417289418920063e-12,34.05880859221272,1.0,1.0,0.0,0.0
quadratic_-0.25,quadratic,-31.0,69,2026120269,0,,-0.25,0.25,0.11389320212674342,0.3773291925465839,17.029404296106982,12.211251911416575,-1.2417289418920063e-12,34.05880859221272,1.0,1.0,0.0,0.0
quadratic_-0.25,quadratic,-31.0,71,2026120271,1,,-0.25,0.25,0.11389320212674342,0.3773291925465839,17.029404296106982,12.211251911416575,-1.2417289418920063e-12,34.05880859221272,1.0,1.0,0.0,0.0
quadratic_-0.25,quadratic,-31.0,72,2026120272,1,,-0.25,0.25,0.11389320212674342,0.3773291925465839,17.029404296106982,12.211251911416575,-1.2417289418920063e-12,34.05880859221272,1.0,1.0,0.0,0.0
quadratic_-0.25,quadratic,-31.0,76,2026120276,1,,-0.25,0.25,0.11389320212674342,0.3773291925465839,17.029404296106982,12.211251911416575,-1.2417289418920063e-12,34.05880859221272,1.0,1.0,0.0,0.0
quadratic_-0.25,quadratic,-31.0,75,2026120275,1,,-0.25,0.25,0.11389320212674342,0.3773291925465839,17.029404296106982,12.211251911416575,-1.2417289418920063e-12,34.05880859221272,1.0,1.0,0.0,0.0
quadratic_-0.25,quadratic,-31.0,73,2026120273,0,,-0.25,0.25,0.11389320212674342,0.3773291925465839,17.029404296106982,12.211251911416575,-1.2417289418920063e-12,34.05880859221272,1.0,1.0,0.0,0.0
quadratic_-0.25,quadratic,-31.0,74,2026120274,0,,-0.25,0.25,0.11389320212674342,0.3773291925465839,17.029404296106982,12.211251911416575,-1.2417289418920063e-12,34.05880859221272,1.0,1.0,0.0,0.0
quadratic_-0.25,quadratic,-31.0,77,2026120277,1,,-0.25,0.25,0.11389320212674342,0.3773291925465839,17.029404296106982,12.211251911416575,-1.2417289418920063e-12,34.05880859221272,1.0,1.0,0.0,0.0
quadratic_-0.25,quadratic,-31.0,78,2026120278,0,,-0.25,0.25,0.11389320212674342,0.3773291925465839,17.029404296106982,12.211251911416575,-1.2417289418920063e-12,34.05880859221272,1.0,1.0,0.0,0.0
quadratic_-0.25,quadratic,-31.0,80,2026120280,0,,-0.25,0.25,0.11389320212674342,0.3773291925465839,17.029404296106982,12.211251911416575,-1.2417289418920063e-12,34.05880859221272,1.0,1.0,0.0,0.0
quadratic_-0.25,quadratic,-31.0,79,2026120279,0,,-0.25,0.25,0.11389320212674342,0.3773291925465839,17.029404296106982,12.211251911416575,-1.2417289418920063e-12,34.05880859221272,1.0,1.0,0.0,0.0
quadratic_-0.25,quadratic,-31.0,84,2026120284,0,,-0.25,0.25,0.11389320212674342,0.3773291925465839,17.029404296106982,12.211251911416575,-1.2417289418920063e-12,34.05880859221272,1.0,1.0,0.0,0.0
quadratic_-0.25,quadratic,-31.0,85,2026120285,1,,-0.25,0.25,0.11389320212674342,0.3773291925465839,17.029404296106982,12.211251911416575,-1.2417289418920063e-12,34.05880859221272,1.0,1.0,0.0,0.0
quadratic_-0.25,quadratic,-31.0,83,2026120283,1,,-0.25,0.25,0.11389320212674342,0.3773291925465839,17.029404296106982,12.211251911416575,-1.2417289418920063e-12,34.05880859221272,1.0,1.0,0.0,0.0
quadratic_-0.25,quadratic,-31.0,81,2026120281,0,,-0.25,0.25,0.11389320212674342,0.3773291925465839,17.029404296106982,12.211251911416575,-1.2417289418920063e-12,34.05880859221272,1.0,1.0,0.0,0.0
quadratic_-0.25,quadratic,-31.0,82,2026120282,0,,-0.25,0.25,0.11389320212674342,0.3773291925465839,17.029404296106982,12.211251911416575,-1.2417289418920063e-12,34.05880859221272,1.0,1.0,0.0,0.0
quadratic_-0.25,quadratic,-31.0,89,2026120289,1,,-0.25,0.25,0.11389320212674342,0.3773291925465839,17.029404296106982,12.211251911416575,-1.2417289418920063e-12,34.05880859221272,1.0,1.0,0.0,0.0
quadratic_-0.25,quadratic,-31.0,87,2026120287,0,,-0.25,0.25,0.11389320212674342,0.3773291925465839,17.029404296106982,12.211251911416575,-1.2417289418920063e-12,34.05880859221272,1.0,1.0,0.0,0.0
quadratic_-0.25,quadratic,-31.0,86,2026120286,0,,-0.25,0.25,0.11389320212674342,0.3773291925465839,17.029404296106982,12.211251911416575,-1.2417289418920063e-12,34.05880859221272,1.0,1.0,0.0,0.0
quadratic_-0.25,quadratic,-31.0,88,2026120288,0,,-0.25,0.25,0.11389320212674342,0.3773291925465839,17.029404296106982,12.211251911416575,-1.2417289418920063e-12,34.05880859221272,1.0,1.0,0.0,0.0
quadratic_-0.25,quadratic,-31.0,91,2026120291,1,,-0.25,0.25,0.11389320212674342,0.3773291925465839,17.029404296106982,12.211251911416575,-1.2417289418920063e-12,34.05880859221272,1.0,1.0,0.0,0.0
quadratic_-0.25,quadratic,-31.0,92,2026120292,1,,-0.25,0.25,0.11389320212674342,0.3773291925465839,17.029404296106982,12.211251911416575,-1.2417289418920063e-12,34.05880859221272,1.0,1.0,0.0,0.0
quadratic_-0.25,quadratic,-31.0,94,2026120294,1,,-0.25,0.25,0.11389320212674342,0.3773291925465839,17.029404296106982,12.211251911416575,-1.2417289418920063e-12,34.05880859221272,1.0,1.0,0.0,0.0
quadratic_-0.25,quadratic,-31.0,90,2026120290,0,,-0.25,0.25,0.11389320212674342,0.3773291925465839,17.029404296106982,12.211251911416575,-1.2417289418920063e-12,34.05880859221272,1.0,1.0,0.0,0.0
quadratic_-0.25,quadratic,-31.0,96,2026120296,1,,-0.25,0.25,0.11389320212674342,0.3773291925465839,17.029404296106982,12.211251911416575,-1.2417289418920063e-12,34.05880859221272,1.0,1.0,0.0,0.0
quadratic_-0.25,quadratic,-31.0,93,2026120293,0,,-0.25,0.25,0.11389320212674342,0.3773291925465839,17.029404296106982,12.211251911416575,-1.2417289418920063e-12,34.05880859221272,1.0,1.0,0.0,0.0
quadratic_-0.25,quadratic,-31.0,95,2026120295,0,,-0.25,0.25,0.11389320212674342,0.3773291925465839,17.029404296106982,12.211251911416575,-1.2417289418920063e-12,34.05880859221272,1.0,1.0,0.0,0.0
quadratic_-0.25,quadratic,-31.0,98,2026120298,1,,-0.25,0.25,0.11389320212674342,0.3773291925465839,17.029404296106982,12.211251911416575,-1.2417289418920063e-12,34.05880859221272,1.0,1.0,0.0,0.0
quadratic_-0.25,quadratic,-31.0,99,2026120299,1,,-0.25,0.25,0.11389320212674342,0.3773291925465839,17.029404296106982,12.211251911416575,-1.2417289418920063e-12,34.05880859221272,1.0,1.0,0.0,0.0
quadratic_-0.25,quadratic,-31.0,97,2026120297,0,,-0.25,0.25,0.11389320212674342,0.3773291925465839,17.029404296106982,12.211251911416575,-1.2417289418920063e-12,34.05880859221272,1.0,1.0,0.0,0.0
quadratic_+0.50,quadratic,-31.0,0,2026120200,0,,0.5,0.5,0.22778640425348684,0.7546583850931678,34.058808592213964,24.42250382283315,2.4834578837840127e-12,68.11761718442544,-1.0,-1.0,0.9111456170139474,2.0
quadratic_+0.50,quadratic,-31.0,2,2026120202,0,,0.5,0.5,0.22778640425348684,0.7546583850931678,34.058808592213964,24.42250382283315,2.4834578837840127e-12,68.11761718442544,-1.0,-1.0,0.9111456170139474,2.0
quadratic_+0.50,quadratic,-31.0,1,2026120201,0,,0.5,0.5,0.22778640425348684,0.7546583850931678,34.058808592213964,24.42250382283315,2.4834578837840127e-12,68.11761718442544,-1.0,-1.0,0.9111456170139474,2.0
quadratic_+0.50,quadratic,-31.0,3,2026120203,0,,0.5,0.5,0.22778640425348684,0.7546583850931678,34.058808592213964,24.42250382283315,2.4834578837840127e-12,68.11761718442544,-1.0,-1.0,0.9111456170139474,2.0
quadratic_+0.50,quadratic,-31.0,4,2026120204,0,,0.5,0.5,0.22778640425348684,0.7546583850931678,34.058808592213964,24.42250382283315,2.4834578837840127e-12,68.11761718442544,-1.0,-1.0,0.9111456170139474,2.0
quadratic_+0.50,quadratic,-31.0,5,2026120205,0,,0.5,0.5,0.22778640425348684,0.7546583850931678,34.058808592213964,24.42250382283315,2.4834578837840127e-12,68.11761718442544,-1.0,-1.0,0.9111456170139474,2.0
quadratic_+0.50,quadratic,-31.0,7,2026120207,0,,0.5,0.5,0.22778640425348684,0.7546583850931678,34.058808592213964,24.42250382283315,2.4834578837840127e-12,68.11761718442544,-1.0,-1.0,0.9111456170139474,2.0
quadratic_+0.50,quadratic,-31.0,6,2026120206,0,,0.5,0.5,0.22778640425348684,0.7546583850931678,34.058808592213964,24.42250382283315,2.4834578837840127e-12,68.11761718442544,-1.0,-1.0,0.9111456170139474,2.0
quadratic_+0.50,quadratic,-31.0,9,2026120209,0,,0.5,0.5,0.22778640425348684,0.7546583850931678,34.058808592213964,24.42250382283315,2.4834578837840127e-12,68.11761718442544,-1.0,-1.0,0.9111456170139474,2.0
quadratic_+0.50,quadratic,-31.0,10,2026120210,0,,0.5,0.5,0.22778640425348684,0.7546583850931678,34.058808592213964,24.42250382283315,2.4834578837840127e-12,68.11761718442544,-1.0,-1.0,0.9111456170139474,2.0
quadratic_+0.50,quadratic,-31.0,11,2026120211,0,,0.5,0.5,0.22778640425348684,0.7546583850931678,34.058808592213964,24.42250382283315,2.4834578837840127e-12,68.11761718442544,-1.0,-1.0,0.9111456170139474,2.0
quadratic_+0.50,quadratic,-31.0,8,2026120208,0,,0.5,0.5,0.22778640425348684,0.7546583850931678,34.058808592213964,24.42250382283315,2.4834578837840127e-12,68.11761718442544,-1.0,-1.0,0.9111456170139474,2.0
quadratic_+0.50,quadratic,-31.0,12,2026120212,0,,0.5,0.5,0.22778640425348684,0.7546583850931678,34.058808592213964,24.42250382283315,2.4834578837840127e-12,68.11761718442544,-1.0,-1.0,0.9111456170139474,2.0
quadratic_+0.50,quadratic,-31.0,14,2026120214,0,,0.5,0.5,0.22778640425348684,0.7546583850931678,34.058808592213964,24.42250382283315,2.4834578837840127e-12,68.11761718442544,-1.0,-1.0,0.9111456170139474,2.0
quadratic_+0.50,quadratic,-31.0,13,2026120213,0,,0.5,0.5,0.22778640425348684,0.7546583850931678,34.058808592213964,24.42250382283315,2.4834578837840127e-12,68.11761718442544,-1.0,-1.0,0.9111456170139474,2.0
quadratic_+0.50,quadratic,-31.0,15,2026120215,0,,0.5,0.5,0.22778640425348684,0.7546583850931678,34.058808592213964,24.42250382283315,2.4834578837840127e-12,68.11761718442544,-1.0,-1.0,0.9111456170139474,2.0
quadratic_+0.50,quadratic,-31.0,16,2026120216,0,,0.5,0.5,0.22778640425348684,0.7546583850931678,34.058808592213964,24.42250382283315,2.4834578837840127e-12,68.11761718442544,-1.0,-1.0,0.9111456170139474,2.0
quadratic_+0.50,quadratic,-31.0,17,2026120217,0,,0.5,0.5,0.22778640425348684,0.7546583850931678,34.058808592213964,24.42250382283315,2.4834578837840127e-12,68.11761718442544,-1.0,-1.0,0.9111456170139474,2.0
quadratic_+0.50,quadratic,-31.0,18,2026120218,0,,0.5,0.5,0.22778640425348684,0.7546583850931678,34.058808592213964,24.42250382283315,2.4834578837840127e-12,68.11761718442544,-1.0,-1.0,0.9111456170139474,2.0
quadratic_+0.50,quadratic,-31.0,19,2026120219,0,,0.5,0.5,0.22778640425348684,0.7546583850931678,34.058808592213964,24.42250382283315,2.4834578837840127e-12,68.11761718442544,-1.0,-1.0,0.9111456170139474,2.0
quadratic_+0.50,quadratic,-31.0,20,2026120220,0,,0.5,0.5,0.22778640425348684,0.7546583850931678,34.058808592213964,24.42250382283315,2.4834578837840127e-12,68.11761718442544,-1.0,-1.0,0.9111456170139474,2.0
quadratic_+0.50,quadratic,-31.0,21,2026120221,0,,0.5,0.5,0.22778640425348684,0.7546583850931678,34.058808592213964,24.42250382283315,2.4834578837840127e-12,68.11761718442544,-1.0,-1.0,0.9111456170139474,2.0
quadratic_+0.50,quadratic,-31.0,22,2026120222,0,,0.5,0.5,0.22778640425348684,0.7546583850931678,34.058808592213964,24.42250382283315,2.4834578837840127e-12,68.11761718442544,-1.0,-1.0,0.9111456170139474,2.0
quadratic_+0.50,quadratic,-31.0,23,2026120223,0,,0.5,0.5,0.22778640425348684,0.7546583850931678,34.058808592213964,24.42250382283315,2.4834578837840127e-12,68.11761718442544,-1.0,-1.0,0.9111456170139474,2.0
quadratic_+0.50,quadratic,-31.0,24,2026120224,0,,0.5,0.5,0.22778640425348684,0.7546583850931678,34.058808592213964,24.42250382283315,2.4834578837840127e-12,68.11761718442544,-1.0,-1.0,0.9111456170139474,2.0
quadratic_+0.50,quadratic,-31.0,25,2026120225,0,,0.5,0.5,0.22778640425348684,0.7546583850931678,34.058808592213964,24.42250382283315,2.4834578837840127e-12,68.11761718442544,-1.0,-1.0,0.9111456170139474,2.0
quadratic_+0.50,quadratic,-31.0,29,2026120229,0,,0.5,0.5,0.22778640425348684,0.7546583850931678,34.058808592213964,24.42250382283315,2.4834578837840127e-12,68.11761718442544,-1.0,-1.0,0.9111456170139474,2.0
quadratic_+0.50,quadratic,-31.0,26,2026120226,0,,0.5,0.5,0.22778640425348684,0.7546583850931678,34.058808592213964,24.42250382283315,2.4834578837840127e-12,68.11761718442544,-1.0,-1.0,0.9111456170139474,2.0
quadratic_+0.50,quadratic,-31.0,27,2026120227,0,,0.5,0.5,0.22778640425348684,0.7546583850931678,34.058808592213964,24.42250382283315,2.4834578837840127e-12,68.11761718442544,-1.0,-1.0,0.9111456170139474,2.0
quadratic_+0.50,quadratic,-31.0,28,2026120228,0,,0.5,0.5,0.22778640425348684,0.7546583850931678,34.058808592213964,24.42250382283315,2.4834578837840127e-12,68.11761718442544,-1.0,-1.0,0.9111456170139474,2.0
quadratic_+0.50,quadratic,-31.0,30,2026120230,0,,0.5,0.5,0.22778640425348684,0.7546583850931678,34.058808592213964,24.42250382283315,2.4834578837840127e-12,68.11761718442544,-1.0,-1.0,0.9111456170139474,2.0
quadratic_+0.50,quadratic,-31.0,31,2026120231,0,,0.5,0.5,0.22778640425348684,0.7546583850931678,34.058808592213964,24.42250382283315,2.4834578837840127e-12,68.11761718442544,-1.0,-1.0,0.9111456170139474,2.0
quadratic_+0.50,quadratic,-31.0,35,2026120235,0,,0.5,0.5,0.22778640425348684,0.7546583850931678,34.058808592213964,24.42250382283315,2.4834578837840127e-12,68.11761718442544,-1.0,-1.0,0.9111456170139474,2.0
quadratic_+0.50,quadratic,-31.0,32,2026120232,0,,0.5,0.5,0.22778640425348684,0.7546583850931678,34.058808592213964,24.42250382283315,2.4834578837840127e-12,68.11761718442544,-1.0,-1.0,0.9111456170139474,2.0
quadratic_+0.50,quadratic,-31.0,33,2026120233,0,,0.5,0.5,0.22778640425348684,0.7546583850931678,34.058808592213964,24.42250382283315,2.4834578837840127e-12,68.11761718442544,-1.0,-1.0,0.9111456170139474,2.0
quadratic_+0.50,quadratic,-31.0,36,2026120236,0,,0.5,0.5,0.22778640425348684,0.7546583850931678,34.058808592213964,24.42250382283315,2.4834578837840127e-12,68.11761718442544,-1.0,-1.0,0.9111456170139474,2.0
quadratic_+0.50,quadratic,-31.0,34,2026120234,0,,0.5,0.5,0.22778640425348684,0.7546583850931678,34.058808592213964,24.42250382283315,2.4834578837840127e-12,68.11761718442544,-1.0,-1.0,0.9111456170139474,2.0
quadratic_+0.50,quadratic,-31.0,37,2026120237,0,,0.5,0.5,0.22778640425348684,0.7546583850931678,34.058808592213964,24.42250382283315,2.4834578837840127e-12,68.11761718442544,-1.0,-1.0,0.9111456170139474,2.0
quadratic_+0.50,quadratic,-31.0,38,2026120238,0,,0.5,0.5,0.22778640425348684,0.7546583850931678,34.058808592213964,24.42250382283315,2.4834578837840127e-12,68.11761718442544,-1.0,-1.0,0.9111456170139474,2.0
quadratic_+0.50,quadratic,-31.0,40,2026120240,0,,0.5,0.5,0.22778640425348684,0.7546583850931678,34.058808592213964,24.42250382283315,2.4834578837840127e-12,68.11761718442544,-1.0,-1.0,0.9111456170139474,2.0
quadratic_+0.50,quadratic,-31.0,39,2026120239,0,,0.5,0.5,0.22778640425348684,0.7546583850931678,34.058808592213964,24.42250382283315,2.4834578837840127e-12,68.11761718442544,-1.0,-1.0,0.9111456170139474,2.0
quadratic_+0.50,quadratic,-31.0,41,2026120241,0,,0.5,0.5,0.22778640425348684,0.7546583850931678,34.058808592213964,24.42250382283315,2.4834578837840127e-12,68.11761718442544,-1.0,-1.0,0.9111456170139474,2.0
quadratic_+0.50,quadratic,-31.0,42,2026120242,0,,0.5,0.5,0.22778640425348684,0.7546583850931678,34.058808592213964,24.42250382283315,2.4834578837840127e-12,68.11761718442544,-1.0,-1.0,0.9111456170139474,2.0
quadratic_+0.50,quadratic,-31.0,43,2026120243,0,,0.5,0.5,0.22778640425348684,0.7546583850931678,34.058808592213964,24.42250382283315,2.4834578837840127e-12,68.11761718442544,-1.0,-1.0,0.9111456170139474,2.0
quadratic_+0.50,quadratic,-31.0,44,2026120244,0,,0.5,0.5,0.22778640425348684,0.7546583850931678,34.058808592213964,24.42250382283315,2.4834578837840127e-12,68.11761718442544,-1.0,-1.0,0.9111456170139474,2.0
quadratic_+0.50,quadratic,-31.0,45,2026120245,0,,0.5,0.5,0.22778640425348684,0.7546583850931678,34.058808592213964,24.42250382283315,2.4834578837840127e-12,68.11761718442544,-1.0,-1.0,0.9111456170139474,2.0
quadratic_+0.50,quadratic,-31.0,49,2026120249,1,,0.5,0.5,0.22778640425348684,0.7546583850931678,34.058808592213964,24.42250382283315,2.4834578837840127e-12,68.11761718442544,-1.0,-1.0,0.9111456170139474,2.0
quadratic_+0.50,quadratic,-31.0,50,2026120250,0,,0.5,0.5,0.22778640425348684,0.7546583850931678,34.058808592213964,24.42250382283315,2.4834578837840127e-12,68.11761718442544,-1.0,-1.0,0.9111456170139474,2.0
quadratic_+0.50,quadratic,-31.0,46,2026120246,0,,0.5,0.5,0.22778640425348684,0.7546583850931678,34.058808592213964,24.42250382283315,2.4834578837840127e-12,68.11761718442544,-1.0,-1.0,0.9111456170139474,2.0
quadratic_+0.50,quadratic,-31.0,47,2026120247,0,,0.5,0.5,0.22778640425348684,0.7546583850931678,34.058808592213964,24.42250382283315,2.4834578837840127e-12,68.11761718442544,-1.0,-1.0,0.9111456170139474,2.0
quadratic_+0.50,quadratic,-31.0,48,2026120248,0,,0.5,0.5,0.22778640425348684,0.7546583850931678,34.058808592213964,24.42250382283315,2.4834578837840127e-12,68.11761718442544,-1.0,-1.0,0.9111456170139474,2.0
quadratic_+0.50,quadratic,-31.0,51,2026120251,0,,0.5,0.5,0.22778640425348684,0.7546583850931678,34.058808592213964,24.42250382283315,2.4834578837840127e-12,68.11761718442544,-1.0,-1.0,0.9111456170139474,2.0
quadratic_+0.50,quadratic,-31.0,52,2026120252,0,,0.5,0.5,0.22778640425348684,0.7546583850931678,34.058808592213964,24.42250382283315,2.4834578837840127e-12,68.11761718442544,-1.0,-1.0,0.9111456170139474,2.0
quadratic_+0.50,quadratic,-31.0,53,2026120253,0,,0.5,0.5,0.22778640425348684,0.7546583850931678,34.058808592213964,24.42250382283315,2.4834578837840127e-12,68.11761718442544,-1.0,-1.0,0.9111456170139474,2.0
quadratic_+0.50,quadratic,-31.0,54,2026120254,0,,0.5,0.5,0.22778640425348684,0.7546583850931678,34.058808592213964,24.42250382283315,2.4834578837840127e-12,68.11761718442544,-1.0,-1.0,0.9111456170139474,2.0
quadratic_+0.50,quadratic,-31.0,55,2026120255,0,,0.5,0.5,0.22778640425348684,0.7546583850931678,34.058808592213964,24.42250382283315,2.4834578837840127e-12,68.11761718442544,-1.0,-1.0,0.9111456170139474,2.0
quadratic_+0.50,quadratic,-31.0,57,2026120257,0,,0.5,0.5,0.22778640425348684,0.7546583850931678,34.058808592213964,24.42250382283315,2.4834578837840127e-12,68.11761718442544,-1.0,-1.0,0.9111456170139474,2.0
quadratic_+0.50,quadratic,-31.0,59,2026120259,1,,0.5,0.5,0.22778640425348684,0.7546583850931678,34.058808592213964,24.42250382283315,2.4834578837840127e-12,68.11761718442544,-1.0,-1.0,0.9111456170139474,2.0
quadratic_+0.50,quadratic,-31.0,56,2026120256,0,,0.5,0.5,0.22778640425348684,0.7546583850931678,34.058808592213964,24.42250382283315,2.4834578837840127e-12,68.11761718442544,-1.0,-1.0,0.9111456170139474,2.0
quadratic_+0.50,quadratic,-31.0,58,2026120258,0,,0.5,0.5,0.22778640425348684,0.7546583850931678,34.058808592213964,24.42250382283315,2.4834578837840127e-12,68.11761718442544,-1.0,-1.0,0.9111456170139474,2.0
quadratic_+0.50,quadratic,-31.0,60,2026120260,0,,0.5,0.5,0.22778640425348684,0.7546583850931678,34.058808592213964,24.42250382283315,2.4834578837840127e-12,68.11761718442544,-1.0,-1.0,0.9111456170139474,2.0
quadratic_+0.50,quadratic,-31.0,61,2026120261,0,,0.5,0.5,0.22778640425348684,0.7546583850931678,34.058808592213964,24.42250382283315,2.4834578837840127e-12,68.11761718442544,-1.0,-1.0,0.9111456170139474,2.0
quadratic_+0.50,quadratic,-31.0,62,2026120262,0,,0.5,0.5,0.22778640425348684,0.7546583850931678,34.058808592213964,24.42250382283315,2.4834578837840127e-12,68.11761718442544,-1.0,-1.0,0.9111456170139474,2.0
quadratic_+0.50,quadratic,-31.0,63,2026120263,0,,0.5,0.5,0.22778640425348684,0.7546583850931678,34.058808592213964,24.42250382283315,2.4834578837840127e-12,68.11761718442544,-1.0,-1.0,0.9111456170139474,2.0
quadratic_+0.50,quadratic,-31.0,67,2026120267,0,,0.5,0.5,0.22778640425348684,0.7546583850931678,34.058808592213964,24.42250382283315,2.4834578837840127e-12,68.11761718442544,-1.0,-1.0,0.9111456170139474,2.0
quadratic_+0.50,quadratic,-31.0,64,2026120264,0,,0.5,0.5,0.22778640425348684,0.7546583850931678,34.058808592213964,24.42250382283315,2.4834578837840127e-12,68.11761718442544,-1.0,-1.0,0.9111456170139474,2.0
quadratic_+0.50,quadratic,-31.0,65,2026120265,0,,0.5,0.5,0.22778640425348684,0.7546583850931678,34.058808592213964,24.42250382283315,2.4834578837840127e-12,68.11761718442544,-1.0,-1.0,0.9111456170139474,2.0
quadratic_+0.50,quadratic,-31.0,66,2026120266,0,,0.5,0.5,0.22778640425348684,0.7546583850931678,34.058808592213964,24.42250382283315,2.4834578837840127e-12,68.11761718442544,-1.0,-1.0,0.9111456170139474,2.0
quadratic_+0.50,quadratic,-31.0,68,2026120268,0,,0.5,0.5,0.22778640425348684,0.7546583850931678,34.058808592213964,24.42250382283315,2.4834578837840127e-12,68.11761718442544,-1.0,-1.0,0.9111456170139474,2.0
quadratic_+0.50,quadratic,-31.0,69,2026120269,0,,0.5,0.5,0.22778640425348684,0.7546583850931678,34.058808592213964,24.42250382283315,2.4834578837840127e-12,68.11761718442544,-1.0,-1.0,0.9111456170139474,2.0
quadratic_+0.50,quadratic,-31.0,70,2026120270,0,,0.5,0.5,0.22778640425348684,0.7546583850931678,34.058808592213964,24.42250382283315,2.4834578837840127e-12,68.11761718442544,-1.0,-1.0,0.9111456170139474,2.0
quadratic_+0.50,quadratic,-31.0,71,2026120271,0,,0.5,0.5,0.22778640425348684,0.7546583850931678,34.058808592213964,24.42250382283315,2.4834578837840127e-12,68.11761718442544,-1.0,-1.0,0.9111456170139474,2.0
quadratic_+0.50,quadratic,-31.0,72,2026120272,0,,0.5,0.5,0.22778640425348684,0.7546583850931678,34.058808592213964,24.42250382283315,2.4834578837840127e-12,68.11761718442544,-1.0,-1.0,0.9111456170139474,2.0
quadratic_+0.50,quadratic,-31.0,74,2026120274,0,,0.5,0.5,0.22778640425348684,0.7546583850931678,34.058808592213964,24.42250382283315,2.4834578837840127e-12,68.11761718442544,-1.0,-1.0,0.9111456170139474,2.0
quadratic_+0.50,quadratic,-31.0,73,2026120273,0,,0.5,0.5,0.22778640425348684,0.7546583850931678,34.058808592213964,24.42250382283315,2.4834578837840127e-12,68.11761718442544,-1.0,-1.0,0.9111456170139474,2.0
quadratic_+0.50,quadratic,-31.0,75,2026120275,0,,0.5,0.5,0.22778640425348684,0.7546583850931678,34.058808592213964,24.42250382283315,2.4834578837840127e-12,68.11761718442544,-1.0,-1.0,0.9111456170139474,2.0
quadratic_+0.50,quadratic,-31.0,77,2026120277,0,,0.5,0.5,0.22778640425348684,0.7546583850931678,34.058808592213964,24.42250382283315,2.4834578837840127e-12,68.11761718442544,-1.0,-1.0,0.9111456170139474,2.0
quadratic_+0.50,quadratic,-31.0,76,2026120276,0,,0.5,0.5,0.22778640425348684,0.7546583850931678,34.058808592213964,24.42250382283315,2.4834578837840127e-12,68.11761718442544,-1.0,-1.0,0.9111456170139474,2.0
quadratic_+0.50,quadratic,-31.0,78,2026120278,0,,0.5,0.5,0.22778640425348684,0.7546583850931678,34.058808592213964,24.42250382283315,2.4834578837840127e-12,68.11761718442544,-1.0,-1.0,0.9111456170139474,2.0
quadratic_+0.50,quadratic,-31.0,82,2026120282,0,,0.5,0.5,0.22778640425348684,0.7546583850931678,34.058808592213964,24.42250382283315,2.4834578837840127e-12,68.11761718442544,-1.0,-1.0,0.9111456170139474,2.0
quadratic_+0.50,quadratic,-31.0,79,2026120279,0,,0.5,0.5,0.22778640425348684,0.7546583850931678,34.058808592213964,24.42250382283315,2.4834578837840127e-12,68.11761718442544,-1.0,-1.0,0.9111456170139474,2.0
quadratic_+0.50,quadratic,-31.0,84,2026120284,0,,0.5,0.5,0.22778640425348684,0.7546583850931678,34.058808592213964,24.42250382283315,2.4834578837840127e-12,68.11761718442544,-1.0,-1.0,0.9111456170139474,2.0
quadratic_+0.50,quadratic,-31.0,80,2026120280,0,,0.5,0.5,0.22778640425348684,0.7546583850931678,34.058808592213964,24.42250382283315,2.4834578837840127e-12,68.11761718442544,-1.0,-1.0,0.9111456170139474,2.0
quadratic_+0.50,quadratic,-31.0,81,2026120281,0,,0.5,0.5,0.22778640425348684,0.7546583850931678,34.058808592213964,24.42250382283315,2.4834578837840127e-12,68.11761718442544,-1.0,-1.0,0.9111456170139474,2.0
quadratic_+0.50,quadratic,-31.0,83,2026120283,0,,0.5,0.5,0.22778640425348684,0.7546583850931678,34.058808592213964,24.42250382283315,2.4834578837840127e-12,68.11761718442544,-1.0,-1.0,0.9111456170139474,2.0
quadratic_+0.50,quadratic,-31.0,85,2026120285,0,,0.5,0.5,0.22778640425348684,0.7546583850931678,34.058808592213964,24.42250382283315,2.4834578837840127e-12,68.11761718442544,-1.0,-1.0,0.9111456170139474,2.0
quadratic_+0.50,quadratic,-31.0,86,2026120286,0,,0.5,0.5,0.22778640425348684,0.7546583850931678,34.058808592213964,24.42250382283315,2.4834578837840127e-12,68.11761718442544,-1.0,-1.0,0.9111456170139474,2.0
quadratic_+0.50,quadratic,-31.0,90,2026120290,0,,0.5,0.5,0.22778640425348684,0.7546583850931678,34.058808592213964,24.42250382283315,2.4834578837840127e-12,68.11761718442544,-1.0,-1.0,0.9111456170139474,2.0
quadratic_+0.50,quadratic,-31.0,87,2026120287,0,,0.5,0.5,0.22778640425348684,0.7546583850931678,34.058808592213964,24.42250382283315,2.4834578837840127e-12,68.11761718442544,-1.0,-1.0,0.9111456170139474,2.0
quadratic_+0.50,quadratic,-31.0,88,2026120288,0,,0.5,0.5,0.22778640425348684,0.7546583850931678,34.058808592213964,24.42250382283315,2.4834578837840127e-12,68.11761718442544,-1.0,-1.0,0.9111456170139474,2.0
quadratic_+0.50,quadratic,-31.0,89,2026120289,0,,0.5,0.5,0.22778640425348684,0.7546583850931678,34.058808592213964,24.42250382283315,2.4834578837840127e-12,68.11761718442544,-1.0,-1.0,0.9111456170139474,2.0
quadratic_+0.50,quadratic,-31.0,91,2026120291,0,,0.5,0.5,0.22778640425348684,0.7546583850931678,34.058808592213964,24.42250382283315,2.4834578837840127e-12,68.11761718442544,-1.0,-1.0,0.9111456170139474,2.0
quadratic_+0.50,quadratic,-31.0,94,2026120294,1,,0.5,0.5,0.22778640425348684,0.7546583850931678,34.058808592213964,24.42250382283315,2.4834578837840127e-12,68.11761718442544,-1.0,-1.0,0.9111456170139474,2.0
quadratic_+0.50,quadratic,-31.0,96,2026120296,0,,0.5,0.5,0.22778640425348684,0.7546583850931678,34.058808592213964,24.42250382283315,2.4834578837840127e-12,68.11761718442544,-1.0,-1.0,0.9111456170139474,2.0
quadratic_+0.50,quadratic,-31.0,92,2026120292,0,,0.5,0.5,0.22778640425348684,0.7546583850931678,34.058808592213964,24.42250382283315,2.4834578837840127e-12,68.11761718442544,-1.0,-1.0,0.9111456170139474,2.0
quadratic_+0.50,quadratic,-31.0,93,2026120293,0,,0.5,0.5,0.22778640425348684,0.7546583850931678,34.058808592213964,24.42250382283315,2.4834578837840127e-12,68.11761718442544,-1.0,-1.0,0.9111456170139474,2.0
quadratic_+0.50,quadratic,-31.0,95,2026120295,0,,0.5,0.5,0.22778640425348684,0.7546583850931678,34.058808592213964,24.42250382283315,2.4834578837840127e-12,68.11761718442544,-1.0,-1.0,0.9111456170139474,2.0
quadratic_+0.50,quadratic,-31.0,97,2026120297,0,,0.5,0.5,0.22778640425348684,0.7546583850931678,34.058808592213964,24.42250382283315,2.4834578837840127e-12,68.11761718442544,-1.0,-1.0,0.9111456170139474,2.0
quadratic_+0.50,quadratic,-31.0,98,2026120298,0,,0.5,0.5,0.22778640425348684,0.7546583850931678,34.058808592213964,24.42250382283315,2.4834578837840127e-12,68.11761718442544,-1.0,-1.0,0.9111456170139474,2.0
quadratic_+0.50,quadratic,-31.0,99,2026120299,0,,0.5,0.5,0.22778640425348684,0.7546583850931678,34.058808592213964,24.42250382283315,2.4834578837840127e-12,68.11761718442544,-1.0,-1.0,0.9111456170139474,2.0
quadratic_-0.50,quadratic,-31.0,2,2026120202,1,,-0.5,0.5,0.22778640425348684,0.7546583850931678,34.058808592213964,24.42250382283315,-2.4834578837840127e-12,68.11761718442544,1.0,1.0,0.0,0.0
quadratic_-0.50,quadratic,-31.0,0,2026120200,0,,-0.5,0.5,0.22778640425348684,0.7546583850931678,34.058808592213964,24.42250382283315,-2.4834578837840127e-12,68.11761718442544,1.0,1.0,0.0,0.0
quadratic_-0.50,quadratic,-31.0,1,2026120201,0,,-0.5,0.5,0.22778640425348684,0.7546583850931678,34.058808592213964,24.42250382283315,-2.4834578837840127e-12,68.11761718442544,1.0,1.0,0.0,0.0
quadratic_-0.50,quadratic,-31.0,3,2026120203,0,,-0.5,0.5,0.22778640425348684,0.7546583850931678,34.058808592213964,24.42250382283315,-2.4834578837840127e-12,68.11761718442544,1.0,1.0,0.0,0.0
quadratic_-0.50,quadratic,-31.0,7,2026120207,0,,-0.5,0.5,0.22778640425348684,0.7546583850931678,34.058808592213964,24.42250382283315,-2.4834578837840127e-12,68.11761718442544,1.0,1.0,0.0,0.0
quadratic_-0.50,quadratic,-31.0,4,2026120204,0,,-0.5,0.5,0.22778640425348684,0.7546583850931678,34.058808592213964,24.42250382283315,-2.4834578837840127e-12,68.11761718442544,1.0,1.0,0.0,0.0
quadratic_-0.50,quadratic,-31.0,5,2026120205,0,,-0.5,0.5,0.22778640425348684,0.7546583850931678,34.058808592213964,24.42250382283315,-2.4834578837840127e-12,68.11761718442544,1.0,1.0,0.0,0.0
quadratic_-0.50,quadratic,-31.0,6,2026120206,0,,-0.5,0.5,0.22778640425348684,0.7546583850931678,34.058808592213964,24.42250382283315,-2.4834578837840127e-12,68.11761718442544,1.0,1.0,0.0,0.0
quadratic_-0.50,quadratic,-31.0,9,2026120209,0,,-0.5,0.5,0.22778640425348684,0.7546583850931678,34.058808592213964,24.42250382283315,-2.4834578837840127e-12,68.11761718442544,1.0,1.0,0.0,0.0
quadratic_-0.50,quadratic,-31.0,8,2026120208,0,,-0.5,0.5,0.22778640425348684,0.7546583850931678,34.058808592213964,24.42250382283315,-2.4834578837840127e-12,68.11761718442544,1.0,1.0,0.0,0.0
quadratic_-0.50,quadratic,-31.0,10,2026120210,0,,-0.5,0.5,0.22778640425348684,0.7546583850931678,34.058808592213964,24.42250382283315,-2.4834578837840127e-12,68.11761718442544,1.0,1.0,0.0,0.0
quadratic_-0.50,quadratic,-31.0,11,2026120211,0,,-0.5,0.5,0.22778640425348684,0.7546583850931678,34.058808592213964,24.42250382283315,-2.4834578837840127e-12,68.11761718442544,1.0,1.0,0.0,0.0
quadratic_-0.50,quadratic,-31.0,12,2026120212,0,,-0.5,0.5,0.22778640425348684,0.7546583850931678,34.058808592213964,24.42250382283315,-2.4834578837840127e-12,68.11761718442544,1.0,1.0,0.0,0.0
quadratic_-0.50,quadratic,-31.0,13,2026120213,0,,-0.5,0.5,0.22778640425348684,0.7546583850931678,34.058808592213964,24.42250382283315,-2.4834578837840127e-12,68.11761718442544,1.0,1.0,0.0,0.0
quadratic_-0.50,quadratic,-31.0,14,2026120214,0,,-0.5,0.5,0.22778640425348684,0.7546583850931678,34.058808592213964,24.42250382283315,-2.4834578837840127e-12,68.11761718442544,1.0,1.0,0.0,0.0
quadratic_-0.50,quadratic,-31.0,17,2026120217,1,,-0.5,0.5,0.22778640425348684,0.7546583850931678,34.058808592213964,24.42250382283315,-2.4834578837840127e-12,68.11761718442544,1.0,1.0,0.0,0.0
quadratic_-0.50,quadratic,-31.0,15,2026120215,0,,-0.5,0.5,0.22778640425348684,0.7546583850931678,34.058808592213964,24.42250382283315,-2.4834578837840127e-12,68.11761718442544,1.0,1.0,0.0,0.0
quadratic_-0.50,quadratic,-31.0,16,2026120216,0,,-0.5,0.5,0.22778640425348684,0.7546583850931678,34.058808592213964,24.42250382283315,-2.4834578837840127e-12,68.11761718442544,1.0,1.0,0.0,0.0
quadratic_-0.50,quadratic,-31.0,18,2026120218,0,,-0.5,0.5,0.22778640425348684,0.7546583850931678,34.058808592213964,24.42250382283315,-2.4834578837840127e-12,68.11761718442544,1.0,1.0,0.0,0.0
quadratic_-0.50,quadratic,-31.0,19,2026120219,0,,-0.5,0.5,0.22778640425348684,0.7546583850931678,34.058808592213964,24.42250382283315,-2.4834578837840127e-12,68.11761718442544,1.0,1.0,0.0,0.0
quadratic_-0.50,quadratic,-31.0,20,2026120220,0,,-0.5,0.5,0.22778640425348684,0.7546583850931678,34.058808592213964,24.42250382283315,-2.4834578837840127e-12,68.11761718442544,1.0,1.0,0.0,0.0
quadratic_-0.50,quadratic,-31.0,23,2026120223,0,,-0.5,0.5,0.22778640425348684,0.7546583850931678,34.058808592213964,24.42250382283315,-2.4834578837840127e-12,68.11761718442544,1.0,1.0,0.0,0.0
quadratic_-0.50,quadratic,-31.0,21,2026120221,0,,-0.5,0.5,0.22778640425348684,0.7546583850931678,34.058808592213964,24.42250382283315,-2.4834578837840127e-12,68.11761718442544,1.0,1.0,0.0,0.0
quadratic_-0.50,quadratic,-31.0,22,2026120222,0,,-0.5,0.5,0.22778640425348684,0.7546583850931678,34.058808592213964,24.42250382283315,-2.4834578837840127e-12,68.11761718442544,1.0,1.0,0.0,0.0
quadratic_-0.50,quadratic,-31.0,24,2026120224,0,,-0.5,0.5,0.22778640425348684,0.7546583850931678,34.058808592213964,24.42250382283315,-2.4834578837840127e-12,68.11761718442544,1.0,1.0,0.0,0.0
quadratic_-0.50,quadratic,-31.0,25,2026120225,0,,-0.5,0.5,0.22778640425348684,0.7546583850931678,34.058808592213964,24.42250382283315,-2.4834578837840127e-12,68.11761718442544,1.0,1.0,0.0,0.0
quadratic_-0.50,quadratic,-31.0,29,2026120229,0,,-0.5,0.5,0.22778640425348684,0.7546583850931678,34.058808592213964,24.42250382283315,-2.4834578837840127e-12,68.11761718442544,1.0,1.0,0.0,0.0
quadratic_-0.50,quadratic,-31.0,26,2026120226,0,,-0.5,0.5,0.22778640425348684,0.7546583850931678,34.058808592213964,24.42250382283315,-2.4834578837840127e-12,68.11761718442544,1.0,1.0,0.0,0.0
quadratic_-0.50,quadratic,-31.0,27,2026120227,0,,-0.5,0.5,0.22778640425348684,0.7546583850931678,34.058808592213964,24.42250382283315,-2.4834578837840127e-12,68.11761718442544,1.0,1.0,0.0,0.0
quadratic_-0.50,quadratic,-31.0,32,2026120232,0,,-0.5,0.5,0.22778640425348684,0.7546583850931678,34.058808592213964,24.42250382283315,-2.4834578837840127e-12,68.11761718442544,1.0,1.0,0.0,0.0
quadratic_-0.50,quadratic,-31.0,28,2026120228,0,,-0.5,0.5,0.22778640425348684,0.7546583850931678,34.058808592213964,24.42250382283315,-2.4834578837840127e-12,68.11761718442544,1.0,1.0,0.0,0.0
quadratic_-0.50,quadratic,-31.0,33,2026120233,0,,-0.5,0.5,0.22778640425348684,0.7546583850931678,34.058808592213964,24.42250382283315,-2.4834578837840127e-12,68.11761718442544,1.0,1.0,0.0,0.0
quadratic_-0.50,quadratic,-31.0,30,2026120230,0,,-0.5,0.5,0.22778640425348684,0.7546583850931678,34.058808592213964,24.42250382283315,-2.4834578837840127e-12,68.11761718442544,1.0,1.0,0.0,0.0
quadratic_-0.50,quadratic,-31.0,31,2026120231,0,,-0.5,0.5,0.22778640425348684,0.7546583850931678,34.058808592213964,24.42250382283315,-2.4834578837840127e-12,68.11761718442544,1.0,1.0,0.0,0.0
quadratic_-0.50,quadratic,-31.0,35,2026120235,0,,-0.5,0.5,0.22778640425348684,0.7546583850931678,34.058808592213964,24.42250382283315,-2.4834578837840127e-12,68.11761718442544,1.0,1.0,0.0,0.0
quadratic_-0.50,quadratic,-31.0,34,2026120234,0,,-0.5,0.5,0.22778640425348684,0.7546583850931678,34.058808592213964,24.42250382283315,-2.4834578837840127e-12,68.11761718442544,1.0,1.0,0.0,0.0
quadratic_-0.50,quadratic,-31.0,36,2026120236,0,,-0.5,0.5,0.22778640425348684,0.7546583850931678,34.058808592213964,24.42250382283315,-2.4834578837840127e-12,68.11761718442544,1.0,1.0,0.0,0.0
quadratic_-0.50,quadratic,-31.0,38,2026120238,0,,-0.5,0.5,0.22778640425348684,0.7546583850931678,34.058808592213964,24.42250382283315,-2.4834578837840127e-12,68.11761718442544,1.0,1.0,0.0,0.0
quadratic_-0.50,quadratic,-31.0,37,2026120237,0,,-0.5,0.5,0.22778640425348684,0.7546583850931678,34.058808592213964,24.42250382283315,-2.4834578837840127e-12,68.11761718442544,1.0,1.0,0.0,0.0
quadratic_-0.50,quadratic,-31.0,42,2026120242,1,,-0.5,0.5,0.22778640425348684,0.7546583850931678,34.058808592213964,24.42250382283315,-2.4834578837840127e-12,68.11761718442544,1.0,1.0,0.0,0.0
quadratic_-0.50,quadratic,-31.0,39,2026120239,0,,-0.5,0.5,0.22778640425348684,0.7546583850931678,34.058808592213964,24.42250382283315,-2.4834578837840127e-12,68.11761718442544,1.0,1.0,0.0,0.0
quadratic_-0.50,quadratic,-31.0,43,2026120243,0,,-0.5,0.5,0.22778640425348684,0.7546583850931678,34.058808592213964,24.42250382283315,-2.4834578837840127e-12,68.11761718442544,1.0,1.0,0.0,0.0
quadratic_-0.50,quadratic,-31.0,41,2026120241,0,,-0.5,0.5,0.22778640425348684,0.7546583850931678,34.058808592213964,24.42250382283315,-2.4834578837840127e-12,68.11761718442544,1.0,1.0,0.0,0.0
quadratic_-0.50,quadratic,-31.0,40,2026120240,0,,-0.5,0.5,0.22778640425348684,0.7546583850931678,34.058808592213964,24.42250382283315,-2.4834578837840127e-12,68.11761718442544,1.0,1.0,0.0,0.0
quadratic_-0.50,quadratic,-31.0,45,2026120245,0,,-0.5,0.5,0.22778640425348684,0.7546583850931678,34.058808592213964,24.42250382283315,-2.4834578837840127e-12,68.11761718442544,1.0,1.0,0.0,0.0
quadratic_-0.50,quadratic,-31.0,44,2026120244,0,,-0.5,0.5,0.22778640425348684,0.7546583850931678,34.058808592213964,24.42250382283315,-2.4834578837840127e-12,68.11761718442544,1.0,1.0,0.0,0.0
quadratic_-0.50,quadratic,-31.0,47,2026120247,0,,-0.5,0.5,0.22778640425348684,0.7546583850931678,34.058808592213964,24.42250382283315,-2.4834578837840127e-12,68.11761718442544,1.0,1.0,0.0,0.0
quadratic_-0.50,quadratic,-31.0,46,2026120246,0,,-0.5,0.5,0.22778640425348684,0.7546583850931678,34.058808592213964,24.42250382283315,-2.4834578837840127e-12,68.11761718442544,1.0,1.0,0.0,0.0
quadratic_-0.50,quadratic,-31.0,49,2026120249,1,,-0.5,0.5,0.22778640425348684,0.7546583850931678,34.058808592213964,24.42250382283315,-2.4834578837840127e-12,68.11761718442544,1.0,1.0,0.0,0.0
quadratic_-0.50,quadratic,-31.0,50,2026120250,0,,-0.5,0.5,0.22778640425348684,0.7546583850931678,34.058808592213964,24.42250382283315,-2.4834578837840127e-12,68.11761718442544,1.0,1.0,0.0,0.0
quadratic_-0.50,quadratic,-31.0,48,2026120248,0,,-0.5,0.5,0.22778640425348684,0.7546583850931678,34.058808592213964,24.42250382283315,-2.4834578837840127e-12,68.11761718442544,1.0,1.0,0.0,0.0
quadratic_-0.50,quadratic,-31.0,51,2026120251,0,,-0.5,0.5,0.22778640425348684,0.7546583850931678,34.058808592213964,24.42250382283315,-2.4834578837840127e-12,68.11761718442544,1.0,1.0,0.0,0.0
quadratic_-0.50,quadratic,-31.0,52,2026120252,0,,-0.5,0.5,0.22778640425348684,0.7546583850931678,34.058808592213964,24.42250382283315,-2.4834578837840127e-12,68.11761718442544,1.0,1.0,0.0,0.0
quadratic_-0.50,quadratic,-31.0,54,2026120254,0,,-0.5,0.5,0.22778640425348684,0.7546583850931678,34.058808592213964,24.42250382283315,-2.4834578837840127e-12,68.11761718442544,1.0,1.0,0.0,0.0
quadratic_-0.50,quadratic,-31.0,53,2026120253,0,,-0.5,0.5,0.22778640425348684,0.7546583850931678,34.058808592213964,24.42250382283315,-2.4834578837840127e-12,68.11761718442544,1.0,1.0,0.0,0.0
quadratic_-0.50,quadratic,-31.0,55,2026120255,0,,-0.5,0.5,0.22778640425348684,0.7546583850931678,34.058808592213964,24.42250382283315,-2.4834578837840127e-12,68.11761718442544,1.0,1.0,0.0,0.0
quadratic_-0.50,quadratic,-31.0,56,2026120256,0,,-0.5,0.5,0.22778640425348684,0.7546583850931678,34.058808592213964,24.42250382283315,-2.4834578837840127e-12,68.11761718442544,1.0,1.0,0.0,0.0
quadratic_-0.50,quadratic,-31.0,57,2026120257,0,,-0.5,0.5,0.22778640425348684,0.7546583850931678,34.058808592213964,24.42250382283315,-2.4834578837840127e-12,68.11761718442544,1.0,1.0,0.0,0.0
quadratic_-0.50,quadratic,-31.0,58,2026120258,0,,-0.5,0.5,0.22778640425348684,0.7546583850931678,34.058808592213964,24.42250382283315,-2.4834578837840127e-12,68.11761718442544,1.0,1.0,0.0,0.0
quadratic_-0.50,quadratic,-31.0,59,2026120259,0,,-0.5,0.5,0.22778640425348684,0.7546583850931678,34.058808592213964,24.42250382283315,-2.4834578837840127e-12,68.11761718442544,1.0,1.0,0.0,0.0
quadratic_-0.50,quadratic,-31.0,63,2026120263,0,,-0.5,0.5,0.22778640425348684,0.7546583850931678,34.058808592213964,24.42250382283315,-2.4834578837840127e-12,68.11761718442544,1.0,1.0,0.0,0.0
quadratic_-0.50,quadratic,-31.0,62,2026120262,1,,-0.5,0.5,0.22778640425348684,0.7546583850931678,34.058808592213964,24.42250382283315,-2.4834578837840127e-12,68.11761718442544,1.0,1.0,0.0,0.0
quadratic_-0.50,quadratic,-31.0,60,2026120260,0,,-0.5,0.5,0.22778640425348684,0.7546583850931678,34.058808592213964,24.42250382283315,-2.4834578837840127e-12,68.11761718442544,1.0,1.0,0.0,0.0
quadratic_-0.50,quadratic,-31.0,61,2026120261,0,,-0.5,0.5,0.22778640425348684,0.7546583850931678,34.058808592213964,24.42250382283315,-2.4834578837840127e-12,68.11761718442544,1.0,1.0,0.0,0.0
quadratic_-0.50,quadratic,-31.0,67,2026120267,0,,-0.5,0.5,0.22778640425348684,0.7546583850931678,34.058808592213964,24.42250382283315,-2.4834578837840127e-12,68.11761718442544,1.0,1.0,0.0,0.0
quadratic_-0.50,quadratic,-31.0,64,2026120264,0,,-0.5,0.5,0.22778640425348684,0.7546583850931678,34.058808592213964,24.42250382283315,-2.4834578837840127e-12,68.11761718442544,1.0,1.0,0.0,0.0
quadratic_-0.50,quadratic,-31.0,66,2026120266,0,,-0.5,0.5,0.22778640425348684,0.7546583850931678,34.058808592213964,24.42250382283315,-2.4834578837840127e-12,68.11761718442544,1.0,1.0,0.0,0.0
quadratic_-0.50,quadratic,-31.0,65,2026120265,0,,-0.5,0.5,0.22778640425348684,0.7546583850931678,34.058808592213964,24.42250382283315,-2.4834578837840127e-12,68.11761718442544,1.0,1.0,0.0,0.0
quadratic_-0.50,quadratic,-31.0,68,2026120268,0,,-0.5,0.5,0.22778640425348684,0.7546583850931678,34.058808592213964,24.42250382283315,-2.4834578837840127e-12,68.11761718442544,1.0,1.0,0.0,0.0
quadratic_-0.50,quadratic,-31.0,69,2026120269,0,,-0.5,0.5,0.22778640425348684,0.7546583850931678,34.058808592213964,24.42250382283315,-2.4834578837840127e-12,68.11761718442544,1.0,1.0,0.0,0.0
quadratic_-0.50,quadratic,-31.0,73,2026120273,0,,-0.5,0.5,0.22778640425348684,0.7546583850931678,34.058808592213964,24.42250382283315,-2.4834578837840127e-12,68.11761718442544,1.0,1.0,0.0,0.0
quadratic_-0.50,quadratic,-31.0,74,2026120274,0,,-0.5,0.5,0.22778640425348684,0.7546583850931678,34.058808592213964,24.42250382283315,-2.4834578837840127e-12,68.11761718442544,1.0,1.0,0.0,0.0
quadratic_-0.50,quadratic,-31.0,70,2026120270,0,,-0.5,0.5,0.22778640425348684,0.7546583850931678,34.058808592213964,24.42250382283315,-2.4834578837840127e-12,68.11761718442544,1.0,1.0,0.0,0.0
quadratic_-0.50,quadratic,-31.0,71,2026120271,0,,-0.5,0.5,0.22778640425348684,0.7546583850931678,34.058808592213964,24.42250382283315,-2.4834578837840127e-12,68.11761718442544,1.0,1.0,0.0,0.0
quadratic_-0.50,quadratic,-31.0,72,2026120272,1,,-0.5,0.5,0.22778640425348684,0.7546583850931678,34.058808592213964,24.42250382283315,-2.4834578837840127e-12,68.11761718442544,1.0,1.0,0.0,0.0
quadratic_-0.50,quadratic,-31.0,75,2026120275,0,,-0.5,0.5,0.22778640425348684,0.7546583850931678,34.058808592213964,24.42250382283315,-2.4834578837840127e-12,68.11761718442544,1.0,1.0,0.0,0.0
quadratic_-0.50,quadratic,-31.0,76,2026120276,0,,-0.5,0.5,0.22778640425348684,0.7546583850931678,34.058808592213964,24.42250382283315,-2.4834578837840127e-12,68.11761718442544,1.0,1.0,0.0,0.0
quadratic_-0.50,quadratic,-31.0,77,2026120277,0,,-0.5,0.5,0.22778640425348684,0.7546583850931678,34.058808592213964,24.42250382283315,-2.4834578837840127e-12,68.11761718442544,1.0,1.0,0.0,0.0
quadratic_-0.50,quadratic,-31.0,78,2026120278,0,,-0.5,0.5,0.22778640425348684,0.7546583850931678,34.058808592213964,24.42250382283315,-2.4834578837840127e-12,68.11761718442544,1.0,1.0,0.0,0.0
quadratic_-0.50,quadratic,-31.0,82,2026120282,0,,-0.5,0.5,0.22778640425348684,0.7546583850931678,34.058808592213964,24.42250382283315,-2.4834578837840127e-12,68.11761718442544,1.0,1.0,0.0,0.0
quadratic_-0.50,quadratic,-31.0,83,2026120283,1,,-0.5,0.5,0.22778640425348684,0.7546583850931678,34.058808592213964,24.42250382283315,-2.4834578837840127e-12,68.11761718442544,1.0,1.0,0.0,0.0
quadratic_-0.50,quadratic,-31.0,84,2026120284,0,,-0.5,0.5,0.22778640425348684,0.7546583850931678,34.058808592213964,24.42250382283315,-2.4834578837840127e-12,68.11761718442544,1.0,1.0,0.0,0.0
quadratic_-0.50,quadratic,-31.0,80,2026120280,0,,-0.5,0.5,0.22778640425348684,0.7546583850931678,34.058808592213964,24.42250382283315,-2.4834578837840127e-12,68.11761718442544,1.0,1.0,0.0,0.0
quadratic_-0.50,quadratic,-31.0,79,2026120279,0,,-0.5,0.5,0.22778640425348684,0.7546583850931678,34.058808592213964,24.42250382283315,-2.4834578837840127e-12,68.11761718442544,1.0,1.0,0.0,0.0
quadratic_-0.50,quadratic,-31.0,81,2026120281,0,,-0.5,0.5,0.22778640425348684,0.7546583850931678,34.058808592213964,24.42250382283315,-2.4834578837840127e-12,68.11761718442544,1.0,1.0,0.0,0.0
quadratic_-0.50,quadratic,-31.0,85,2026120285,0,,-0.5,0.5,0.22778640425348684,0.7546583850931678,34.058808592213964,24.42250382283315,-2.4834578837840127e-12,68.11761718442544,1.0,1.0,0.0,0.0
quadratic_-0.50,quadratic,-31.0,86,2026120286,0,,-0.5,0.5,0.22778640425348684,0.7546583850931678,34.058808592213964,24.42250382283315,-2.4834578837840127e-12,68.11761718442544,1.0,1.0,0.0,0.0
quadratic_-0.50,quadratic,-31.0,87,2026120287,0,,-0.5,0.5,0.22778640425348684,0.7546583850931678,34.058808592213964,24.42250382283315,-2.4834578837840127e-12,68.11761718442544,1.0,1.0,0.0,0.0
quadratic_-0.50,quadratic,-31.0,89,2026120289,0,,-0.5,0.5,0.22778640425348684,0.7546583850931678,34.058808592213964,24.42250382283315,-2.4834578837840127e-12,68.11761718442544,1.0,1.0,0.0,0.0
quadratic_-0.50,quadratic,-31.0,88,2026120288,0,,-0.5,0.5,0.22778640425348684,0.7546583850931678,34.058808592213964,24.42250382283315,-2.4834578837840127e-12,68.11761718442544,1.0,1.0,0.0,0.0
quadratic_-0.50,quadratic,-31.0,90,2026120290,0,,-0.5,0.5,0.22778640425348684,0.7546583850931678,34.058808592213964,24.42250382283315,-2.4834578837840127e-12,68.11761718442544,1.0,1.0,0.0,0.0
quadratic_-0.50,quadratic,-31.0,91,2026120291,0,,-0.5,0.5,0.22778640425348684,0.7546583850931678,34.058808592213964,24.42250382283315,-2.4834578837840127e-12,68.11761718442544,1.0,1.0,0.0,0.0
quadratic_-0.50,quadratic,-31.0,92,2026120292,0,,-0.5,0.5,0.22778640425348684,0.7546583850931678,34.058808592213964,24.42250382283315,-2.4834578837840127e-12,68.11761718442544,1.0,1.0,0.0,0.0
quadratic_-0.50,quadratic,-31.0,96,2026120296,0,,-0.5,0.5,0.22778640425348684,0.7546583850931678,34.058808592213964,24.42250382283315,-2.4834578837840127e-12,68.11761718442544,1.0,1.0,0.0,0.0
quadratic_-0.50,quadratic,-31.0,93,2026120293,0,,-0.5,0.5,0.22778640425348684,0.7546583850931678,34.058808592213964,24.42250382283315,-2.4834578837840127e-12,68.11761718442544,1.0,1.0,0.0,0.0
quadratic_-0.50,quadratic,-31.0,94,2026120294,0,,-0.5,0.5,0.22778640425348684,0.7546583850931678,34.058808592213964,24.42250382283315,-2.4834578837840127e-12,68.11761718442544,1.0,1.0,0.0,0.0
quadratic_-0.50,quadratic,-31.0,95,2026120295,0,,-0.5,0.5,0.22778640425348684,0.7546583850931678,34.058808592213964,24.42250382283315,-2.4834578837840127e-12,68.11761718442544,1.0,1.0,0.0,0.0
quadratic_-0.50,quadratic,-31.0,97,2026120297,0,,-0.5,0.5,0.22778640425348684,0.7546583850931678,34.058808592213964,24.42250382283315,-2.4834578837840127e-12,68.11761718442544,1.0,1.0,0.0,0.0
quadratic_-0.50,quadratic,-31.0,98,2026120298,0,,-0.5,0.5,0.22778640425348684,0.7546583850931678,34.058808592213964,24.42250382283315,-2.4834578837840127e-12,68.11761718442544,1.0,1.0,0.0,0.0
quadratic_-0.50,quadratic,-31.0,99,2026120299,0,,-0.5,0.5,0.22778640425348684,0.7546583850931678,34.058808592213964,24.42250382283315,-2.4834578837840127e-12,68.11761718442544,1.0,1.0,0.0,0.0
thermal_tau30_A0.25,thermal,-30.0,2,2026100202,1,30,,0.24999999999999983,0.08215075237464613,0.34020843678128015,13.118264357090073,8.475951930527831,-9.086689733983633e-13,23.806064294795796,0.956853229788895,0.9568532297888954,0.1704103778314541,0.4980235217134631
thermal_tau30_A0.25,thermal,-30.0,4,2026100204,1,30,,0.24999999999999983,0.08215075237464613,0.34020843678128015,13.118264357090073,8.475951930527831,-9.086689733983633e-13,23.806064294795796,0.956853229788895,0.9568532297888954,0.1704103778314541,0.4980235217134631
thermal_tau30_A0.25,thermal,-30.0,3,2026100203,1,30,,0.24999999999999983,0.08215075237464613,0.34020843678128015,13.118264357090073,8.475951930527831,-9.086689733983633e-13,23.806064294795796,0.956853229788895,0.9568532297888954,0.1704103778314541,0.4980235217134631
thermal_tau30_A0.25,thermal,-30.0,1,2026100201,1,30,,0.24999999999999983,0.08215075237464613,0.34020843678128015,13.118264357090073,8.475951930527831,-9.086689733983633e-13,23.806064294795796,0.956853229788895,0.9568532297888954,0.1704103778314541,0.4980235217134631
thermal_tau30_A0.25,thermal,-30.0,0,2026100200,1,30,,0.24999999999999983,0.08215075237464613,0.34020843678128015,13.118264357090073,8.475951930527831,-9.086689733983633e-13,23.806064294795796,0.956853229788895,0.9568532297888954,0.1704103778314541,0.4980235217134631
thermal_tau30_A0.25,thermal,-30.0,5,2026100205,1,30,,0.24999999999999983,0.08215075237464613,0.34020843678128015,13.118264357090073,8.475951930527831,-9.086689733983633e-13,23.806064294795796,0.956853229788895,0.9568532297888954,0.1704103778314541,0.4980235217134631
thermal_tau30_A0.25,thermal,-30.0,7,2026100207,1,30,,0.24999999999999983,0.08215075237464613,0.34020843678128015,13.118264357090073,8.475951930527831,-9.086689733983633e-13,23.806064294795796,0.956853229788895,0.9568532297888954,0.1704103778314541,0.4980235217134631
thermal_tau30_A0.25,thermal,-30.0,8,2026100208,1,30,,0.24999999999999983,0.08215075237464613,0.34020843678128015,13.118264357090073,8.475951930527831,-9.086689733983633e-13,23.806064294795796,0.956853229788895,0.9568532297888954,0.1704103778314541,0.4980235217134631
thermal_tau30_A0.25,thermal,-30.0,6,2026100206,1,30,,0.24999999999999983,0.08215075237464613,0.34020843678128015,13.118264357090073,8.475951930527831,-9.086689733983633e-13,23.806064294795796,0.956853229788895,0.9568532297888954,0.1704103778314541,0.4980235217134631
thermal_tau30_A0.25,thermal,-30.0,9,2026100209,1,30,,0.24999999999999983,0.08215075237464613,0.34020843678128015,13.118264357090073,8.475951930527831,-9.086689733983633e-13,23.806064294795796,0.956853229788895,0.9568532297888954,0.1704103778314541,0.4980235217134631
thermal_tau30_A0.25,thermal,-30.0,11,2026100211,1,30,,0.24999999999999983,0.08215075237464613,0.34020843678128015,13.118264357090073,8.475951930527831,-9.086689733983633e-13,23.806064294795796,0.956853229788895,0.9568532297888954,0.1704103778314541,0.4980235217134631
thermal_tau30_A0.25,thermal,-30.0,14,2026100214,1,30,,0.24999999999999983,0.08215075237464613,0.34020843678128015,13.118264357090073,8.475951930527831,-9.086689733983633e-13,23.806064294795796,0.956853229788895,0.9568532297888954,0.1704103778314541,0.4980235217134631
thermal_tau30_A0.25,thermal,-30.0,12,2026100212,1,30,,0.24999999999999983,0.08215075237464613,0.34020843678128015,13.118264357090073,8.475951930527831,-9.086689733983633e-13,23.806064294795796,0.956853229788895,0.9568532297888954,0.1704103778314541,0.4980235217134631
thermal_tau30_A0.25,thermal,-30.0,10,2026100210,1,30,,0.24999999999999983,0.08215075237464613,0.34020843678128015,13.118264357090073,8.475951930527831,-9.086689733983633e-13,23.806064294795796,0.956853229788895,0.9568532297888954,0.1704103778314541,0.4980235217134631
thermal_tau30_A0.25,thermal,-30.0,13,2026100213,1,30,,0.24999999999999983,0.08215075237464613,0.34020843678128015,13.118264357090073,8.475951930527831,-9.086689733983633e-13,23.806064294795796,0.956853229788895,0.9568532297888954,0.1704103778314541,0.4980235217134631
thermal_tau30_A0.25,thermal,-30.0,15,2026100215,1,30,,0.24999999999999983,0.08215075237464613,0.34020843678128015,13.118264357090073,8.475951930527831,-9.086689733983633e-13,23.806064294795796,0.956853229788895,0.9568532297888954,0.1704103778314541,0.4980235217134631
thermal_tau30_A0.25,thermal,-30.0,19,2026100219,1,30,,0.24999999999999983,0.08215075237464613,0.34020843678128015,13.118264357090073,8.475951930527831,-9.086689733983633e-13,23.806064294795796,0.956853229788895,0.9568532297888954,0.1704103778314541,0.4980235217134631
thermal_tau30_A0.25,thermal,-30.0,16,2026100216,1,30,,0.24999999999999983,0.08215075237464613,0.34020843678128015,13.118264357090073,8.475951930527831,-9.086689733983633e-13,23.806064294795796,0.956853229788895,0.9568532297888954,0.1704103778314541,0.4980235217134631
thermal_tau30_A0.25,thermal,-30.0,20,2026100220,1,30,,0.24999999999999983,0.08215075237464613,0.34020843678128015,13.118264357090073,8.475951930527831,-9.086689733983633e-13,23.806064294795796,0.956853229788895,0.9568532297888954,0.1704103778314541,0.4980235217134631
thermal_tau30_A0.25,thermal,-30.0,18,2026100218,0,30,,0.24999999999999983,0.08215075237464613,0.34020843678128015,13.118264357090073,8.475951930527831,-9.086689733983633e-13,23.806064294795796,0.956853229788895,0.9568532297888954,0.1704103778314541,0.4980235217134631
thermal_tau30_A0.25,thermal,-30.0,22,2026100222,1,30,,0.24999999999999983,0.08215075237464613,0.34020843678128015,13.118264357090073,8.475951930527831,-9.086689733983633e-13,23.806064294795796,0.956853229788895,0.9568532297888954,0.1704103778314541,0.4980235217134631
thermal_tau30_A0.25,thermal,-30.0,23,2026100223,1,30,,0.24999999999999983,0.08215075237464613,0.34020843678128015,13.118264357090073,8.475951930527831,-9.086689733983633e-13,23.806064294795796,0.956853229788895,0.9568532297888954,0.1704103778314541,0.4980235217134631
thermal_tau30_A0.25,thermal,-30.0,25,2026100225,1,30,,0.24999999999999983,0.08215075237464613,0.34020843678128015,13.118264357090073,8.475951930527831,-9.086689733983633e-13,23.806064294795796,0.956853229788895,0.9568532297888954,0.1704103778314541,0.4980235217134631
thermal_tau30_A0.25,thermal,-30.0,21,2026100221,1,30,,0.24999999999999983,0.08215075237464613,0.34020843678128015,13.118264357090073,8.475951930527831,-9.086689733983633e-13,23.806064294795796,0.956853229788895,0.9568532297888954,0.1704103778314541,0.4980235217134631
thermal_tau30_A0.25,thermal,-30.0,26,2026100226,1,30,,0.24999999999999983,0.08215075237464613,0.34020843678128015,13.118264357090073,8.475951930527831,-9.086689733983633e-13,23.806064294795796,0.956853229788895,0.9568532297888954,0.1704103778314541,0.4980235217134631
thermal_tau30_A0.25,thermal,-30.0,27,2026100227,1,30,,0.24999999999999983,0.08215075237464613,0.34020843678128015,13.118264357090073,8.475951930527831,-9.086689733983633e-13,23.806064294795796,0.956853229788895,0.9568532297888954,0.1704103778314541,0.4980235217134631
thermal_tau30_A0.25,thermal,-30.0,17,2026100217,0,30,,0.24999999999999983,0.08215075237464613,0.34020843678128015,13.118264357090073,8.475951930527831,-9.086689733983633e-13,23.806064294795796,0.956853229788895,0.9568532297888954,0.1704103778314541,0.4980235217134631
thermal_tau30_A0.25,thermal,-30.0,29,2026100229,1,30,,0.24999999999999983,0.08215075237464613,0.34020843678128015,13.118264357090073,8.475951930527831,-9.086689733983633e-13,23.806064294795796,0.956853229788895,0.9568532297888954,0.1704103778314541,0.4980235217134631
thermal_tau30_A0.25,thermal,-30.0,31,2026100231,1,30,,0.24999999999999983,0.08215075237464613,0.34020843678128015,13.118264357090073,8.475951930527831,-9.086689733983633e-13,23.806064294795796,0.956853229788895,0.9568532297888954,0.1704103778314541,0.4980235217134631
thermal_tau30_A0.25,thermal,-30.0,24,2026100224,1,30,,0.24999999999999983,0.08215075237464613,0.34020843678128015,13.118264357090073,8.475951930527831,-9.086689733983633e-13,23.806064294795796,0.956853229788895,0.9568532297888954,0.1704103778314541,0.4980235217134631
thermal_tau30_A0.25,thermal,-30.0,30,2026100230,1,30,,0.24999999999999983,0.08215075237464613,0.34020843678128015,13.118264357090073,8.475951930527831,-9.086689733983633e-13,23.806064294795796,0.956853229788895,0.9568532297888954,0.1704103778314541,0.4980235217134631
thermal_tau30_A0.25,thermal,-30.0,33,2026100233,1,30,,0.24999999999999983,0.08215075237464613,0.34020843678128015,13.118264357090073,8.475951930527831,-9.086689733983633e-13,23.806064294795796,0.956853229788895,0.9568532297888954,0.1704103778314541,0.4980235217134631
thermal_tau30_A0.25,thermal,-30.0,28,2026100228,1,30,,0.24999999999999983,0.08215075237464613,0.34020843678128015,13.118264357090073,8.475951930527831,-9.086689733983633e-13,23.806064294795796,0.956853229788895,0.9568532297888954,0.1704103778314541,0.4980235217134631
thermal_tau30_A0.25,thermal,-30.0,34,2026100234,1,30,,0.24999999999999983,0.08215075237464613,0.34020843678128015,13.118264357090073,8.475951930527831,-9.086689733983633e-13,23.806064294795796,0.956853229788895,0.9568532297888954,0.1704103778314541,0.4980235217134631
thermal_tau30_A0.25,thermal,-30.0,35,2026100235,1,30,,0.24999999999999983,0.08215075237464613,0.34020843678128015,13.118264357090073,8.475951930527831,-9.086689733983633e-13,23.806064294795796,0.956853229788895,0.9568532297888954,0.1704103778314541,0.4980235217134631
thermal_tau30_A0.25,thermal,-30.0,32,2026100232,1,30,,0.24999999999999983,0.08215075237464613,0.34020843678128015,13.118264357090073,8.475951930527831,-9.086689733983633e-13,23.806064294795796,0.956853229788895,0.9568532297888954,0.1704103778314541,0.4980235217134631
thermal_tau30_A0.25,thermal,-30.0,36,2026100236,1,30,,0.24999999999999983,0.08215075237464613,0.34020843678128015,13.118264357090073,8.475951930527831,-9.086689733983633e-13,23.806064294795796,0.956853229788895,0.9568532297888954,0.1704103778314541,0.4980235217134631
thermal_tau30_A0.25,thermal,-30.0,39,2026100239,1,30,,0.24999999999999983,0.08215075237464613,0.34020843678128015,13.118264357090073,8.475951930527831,-9.086689733983633e-13,23.806064294795796,0.956853229788895,0.9568532297888954,0.1704103778314541,0.4980235217134631
thermal_tau30_A0.25,thermal,-30.0,41,2026100241,1,30,,0.24999999999999983,0.08215075237464613,0.34020843678128015,13.118264357090073,8.475951930527831,-9.086689733983633e-13,23.806064294795796,0.956853229788895,0.9568532297888954,0.1704103778314541,0.4980235217134631
thermal_tau30_A0.25,thermal,-30.0,40,2026100240,1,30,,0.24999999999999983,0.08215075237464613,0.34020843678128015,13.118264357090073,8.475951930527831,-9.086689733983633e-13,23.806064294795796,0.956853229788895,0.9568532297888954,0.1704103778314541,0.4980235217134631
thermal_tau30_A0.25,thermal,-30.0,42,2026100242,1,30,,0.24999999999999983,0.08215075237464613,0.34020843678128015,13.118264357090073,8.475951930527831,-9.086689733983633e-13,23.806064294795796,0.956853229788895,0.9568532297888954,0.1704103778314541,0.4980235217134631
thermal_tau30_A0.25,thermal,-30.0,37,2026100237,1,30,,0.24999999999999983,0.08215075237464613,0.34020843678128015,13.118264357090073,8.475951930527831,-9.086689733983633e-13,23.806064294795796,0.956853229788895,0.9568532297888954,0.1704103778314541,0.4980235217134631
thermal_tau30_A0.25,thermal,-30.0,43,2026100243,1,30,,0.24999999999999983,0.08215075237464613,0.34020843678128015,13.118264357090073,8.475951930527831,-9.086689733983633e-13,23.806064294795796,0.956853229788895,0.9568532297888954,0.1704103778314541,0.4980235217134631
thermal_tau30_A0.25,thermal,-30.0,45,2026100245,1,30,,0.24999999999999983,0.08215075237464613,0.34020843678128015,13.118264357090073,8.475951930527831,-9.086689733983633e-13,23.806064294795796,0.956853229788895,0.9568532297888954,0.1704103778314541,0.4980235217134631
thermal_tau30_A0.25,thermal,-30.0,38,2026100238,1,30,,0.24999999999999983,0.08215075237464613,0.34020843678128015,13.118264357090073,8.475951930527831,-9.086689733983633e-13,23.806064294795796,0.956853229788895,0.9568532297888954,0.1704103778314541,0.4980235217134631
thermal_tau30_A0.25,thermal,-30.0,47,2026100247,1,30,,0.24999999999999983,0.08215075237464613,0.34020843678128015,13.118264357090073,8.475951930527831,-9.086689733983633e-13,23.806064294795796,0.956853229788895,0.9568532297888954,0.1704103778314541,0.4980235217134631
thermal_tau30_A0.25,thermal,-30.0,48,2026100248,1,30,,0.24999999999999983,0.08215075237464613,0.34020843678128015,13.118264357090073,8.475951930527831,-9.086689733983633e-13,23.806064294795796,0.956853229788895,0.9568532297888954,0.1704103778314541,0.4980235217134631
thermal_tau30_A0.25,thermal,-30.0,49,2026100249,1,30,,0.24999999999999983,0.08215075237464613,0.34020843678128015,13.118264357090073,8.475951930527831,-9.086689733983633e-13,23.806064294795796,0.956853229788895,0.9568532297888954,0.1704103778314541,0.4980235217134631
thermal_tau30_A0.25,thermal,-30.0,44,2026100244,1,30,,0.24999999999999983,0.08215075237464613,0.34020843678128015,13.118264357090073,8.475951930527831,-9.086689733983633e-13,23.806064294795796,0.956853229788895,0.9568532297888954,0.1704103778314541,0.4980235217134631
thermal_tau30_A0.25,thermal,-30.0,51,2026100251,1,30,,0.24999999999999983,0.08215075237464613,0.34020843678128015,13.118264357090073,8.475951930527831,-9.086689733983633e-13,23.806064294795796,0.956853229788895,0.9568532297888954,0.1704103778314541,0.4980235217134631
thermal_tau30_A0.25,thermal,-30.0,50,2026100250,1,30,,0.24999999999999983,0.08215075237464613,0.34020843678128015,13.118264357090073,8.475951930527831,-9.086689733983633e-13,23.806064294795796,0.956853229788895,0.9568532297888954,0.1704103778314541,0.4980235217134631
thermal_tau30_A0.25,thermal,-30.0,53,2026100253,1,30,,0.24999999999999983,0.08215075237464613,0.34020843678128015,13.118264357090073,8.475951930527831,-9.086689733983633e-13,23.806064294795796,0.956853229788895,0.9568532297888954,0.1704103778314541,0.4980235217134631
thermal_tau30_A0.25,thermal,-30.0,54,2026100254,1,30,,0.24999999999999983,0.08215075237464613,0.34020843678128015,13.118264357090073,8.475951930527831,-9.086689733983633e-13,23.806064294795796,0.956853229788895,0.9568532297888954,0.1704103778314541,0.4980235217134631
thermal_tau30_A0.25,thermal,-30.0,56,2026100256,1,30,,0.24999999999999983,0.08215075237464613,0.34020843678128015,13.118264357090073,8.475951930527831,-9.086689733983633e-13,23.806064294795796,0.956853229788895,0.9568532297888954,0.1704103778314541,0.4980235217134631
thermal_tau30_A0.25,thermal,-30.0,52,2026100252,1,30,,0.24999999999999983,0.08215075237464613,0.34020843678128015,13.118264357090073,8.475951930527831,-9.086689733983633e-13,23.806064294795796,0.956853229788895,0.9568532297888954,0.1704103778314541,0.4980235217134631
thermal_tau30_A0.25,thermal,-30.0,57,2026100257,1,30,,0.24999999999999983,0.08215075237464613,0.34020843678128015,13.118264357090073,8.475951930527831,-9.086689733983633e-13,23.806064294795796,0.956853229788895,0.9568532297888954,0.1704103778314541,0.4980235217134631
thermal_tau30_A0.25,thermal,-30.0,58,2026100258,1,30,,0.24999999999999983,0.08215075237464613,0.34020843678128015,13.118264357090073,8.475951930527831,-9.086689733983633e-13,23.806064294795796,0.956853229788895,0.9568532297888954,0.1704103778314541,0.4980235217134631
thermal_tau30_A0.25,thermal,-30.0,59,2026100259,1,30,,0.24999999999999983,0.08215075237464613,0.34020843678128015,13.118264357090073,8.475951930527831,-9.086689733983633e-13,23.806064294795796,0.956853229788895,0.9568532297888954,0.1704103778314541,0.4980235217134631
thermal_tau30_A0.25,thermal,-30.0,60,2026100260,1,30,,0.24999999999999983,0.08215075237464613,0.34020843678128015,13.118264357090073,8.475951930527831,-9.086689733983633e-13,23.806064294795796,0.956853229788895,0.9568532297888954,0.1704103778314541,0.4980235217134631
thermal_tau30_A0.25,thermal,-30.0,55,2026100255,1,30,,0.24999999999999983,0.08215075237464613,0.34020843678128015,13.118264357090073,8.475951930527831,-9.086689733983633e-13,23.806064294795796,0.956853229788895,0.9568532297888954,0.1704103778314541,0.4980235217134631
thermal_tau30_A0.25,thermal,-30.0,62,2026100262,1,30,,0.24999999999999983,0.08215075237464613,0.34020843678128015,13.118264357090073,8.475951930527831,-9.086689733983633e-13,23.806064294795796,0.956853229788895,0.9568532297888954,0.1704103778314541,0.4980235217134631
thermal_tau30_A0.25,thermal,-30.0,46,2026100246,0,30,,0.24999999999999983,0.08215075237464613,0.34020843678128015,13.118264357090073,8.475951930527831,-9.086689733983633e-13,23.806064294795796,0.956853229788895,0.9568532297888954,0.1704103778314541,0.4980235217134631
thermal_tau30_A0.25,thermal,-30.0,63,2026100263,1,30,,0.24999999999999983,0.08215075237464613,0.34020843678128015,13.118264357090073,8.475951930527831,-9.086689733983633e-13,23.806064294795796,0.956853229788895,0.9568532297888954,0.1704103778314541,0.4980235217134631
thermal_tau30_A0.25,thermal,-30.0,61,2026100261,1,30,,0.24999999999999983,0.08215075237464613,0.34020843678128015,13.118264357090073,8.475951930527831,-9.086689733983633e-13,23.806064294795796,0.956853229788895,0.9568532297888954,0.1704103778314541,0.4980235217134631
thermal_tau30_A0.25,thermal,-30.0,64,2026100264,1,30,,0.24999999999999983,0.08215075237464613,0.34020843678128015,13.118264357090073,8.475951930527831,-9.086689733983633e-13,23.806064294795796,0.956853229788895,0.9568532297888954,0.1704103778314541,0.4980235217134631
thermal_tau30_A0.25,thermal,-30.0,66,2026100266,1,30,,0.24999999999999983,0.08215075237464613,0.34020843678128015,13.118264357090073,8.475951930527831,-9.086689733983633e-13,23.806064294795796,0.956853229788895,0.9568532297888954,0.1704103778314541,0.4980235217134631
thermal_tau30_A0.25,thermal,-30.0,68,2026100268,1,30,,0.24999999999999983,0.08215075237464613,0.34020843678128015,13.118264357090073,8.475951930527831,-9.086689733983633e-13,23.806064294795796,0.956853229788895,0.9568532297888954,0.1704103778314541,0.4980235217134631
thermal_tau30_A0.25,thermal,-30.0,70,2026100270,1,30,,0.24999999999999983,0.08215075237464613,0.34020843678128015,13.118264357090073,8.475951930527831,-9.086689733983633e-13,23.806064294795796,0.956853229788895,0.9568532297888954,0.1704103778314541,0.4980235217134631
thermal_tau30_A0.25,thermal,-30.0,65,2026100265,0,30,,0.24999999999999983,0.08215075237464613,0.34020843678128015,13.118264357090073,8.475951930527831,-9.086689733983633e-13,23.806064294795796,0.956853229788895,0.9568532297888954,0.1704103778314541,0.4980235217134631
thermal_tau30_A0.25,thermal,-30.0,69,2026100269,1,30,,0.24999999999999983,0.08215075237464613,0.34020843678128015,13.118264357090073,8.475951930527831,-9.086689733983633e-13,23.806064294795796,0.956853229788895,0.9568532297888954,0.1704103778314541,0.4980235217134631
thermal_tau30_A0.25,thermal,-30.0,67,2026100267,0,30,,0.24999999999999983,0.08215075237464613,0.34020843678128015,13.118264357090073,8.475951930527831,-9.086689733983633e-13,23.806064294795796,0.956853229788895,0.9568532297888954,0.1704103778314541,0.4980235217134631
thermal_tau30_A0.25,thermal,-30.0,72,2026100272,1,30,,0.24999999999999983,0.08215075237464613,0.34020843678128015,13.118264357090073,8.475951930527831,-9.086689733983633e-13,23.806064294795796,0.956853229788895,0.9568532297888954,0.1704103778314541,0.4980235217134631
thermal_tau30_A0.25,thermal,-30.0,71,2026100271,1,30,,0.24999999999999983,0.08215075237464613,0.34020843678128015,13.118264357090073,8.475951930527831,-9.086689733983633e-13,23.806064294795796,0.956853229788895,0.9568532297888954,0.1704103778314541,0.4980235217134631
thermal_tau30_A0.25,thermal,-30.0,75,2026100275,1,30,,0.24999999999999983,0.08215075237464613,0.34020843678128015,13.118264357090073,8.475951930527831,-9.086689733983633e-13,23.806064294795796,0.956853229788895,0.9568532297888954,0.1704103778314541,0.4980235217134631
thermal_tau30_A0.25,thermal,-30.0,74,2026100274,1,30,,0.24999999999999983,0.08215075237464613,0.34020843678128015,13.118264357090073,8.475951930527831,-9.086689733983633e-13,23.806064294795796,0.956853229788895,0.9568532297888954,0.1704103778314541,0.4980235217134631
thermal_tau30_A0.25,thermal,-30.0,77,2026100277,1,30,,0.24999999999999983,0.08215075237464613,0.34020843678128015,13.118264357090073,8.475951930527831,-9.086689733983633e-13,23.806064294795796,0.956853229788895,0.9568532297888954,0.1704103778314541,0.4980235217134631
thermal_tau30_A0.25,thermal,-30.0,76,2026100276,1,30,,0.24999999999999983,0.08215075237464613,0.34020843678128015,13.118264357090073,8.475951930527831,-9.086689733983633e-13,23.806064294795796,0.956853229788895,0.9568532297888954,0.1704103778314541,0.4980235217134631
thermal_tau30_A0.25,thermal,-30.0,73,2026100273,0,30,,0.24999999999999983,0.08215075237464613,0.34020843678128015,13.118264357090073,8.475951930527831,-9.086689733983633e-13,23.806064294795796,0.956853229788895,0.9568532297888954,0.1704103778314541,0.4980235217134631
thermal_tau30_A0.25,thermal,-30.0,78,2026100278,1,30,,0.24999999999999983,0.08215075237464613,0.34020843678128015,13.118264357090073,8.475951930527831,-9.086689733983633e-13,23.806064294795796,0.956853229788895,0.9568532297888954,0.1704103778314541,0.4980235217134631
thermal_tau30_A0.25,thermal,-30.0,79,2026100279,1,30,,0.24999999999999983,0.08215075237464613,0.34020843678128015,13.118264357090073,8.475951930527831,-9.086689733983633e-13,23.806064294795796,0.956853229788895,0.9568532297888954,0.1704103778314541,0.4980235217134631
thermal_tau30_A0.25,thermal,-30.0,83,2026100283,1,30,,0.24999999999999983,0.08215075237464613,0.34020843678128015,13.118264357090073,8.475951930527831,-9.086689733983633e-13,23.806064294795796,0.956853229788895,0.9568532297888954,0.1704103778314541,0.4980235217134631
thermal_tau30_A0.25,thermal,-30.0,81,2026100281,1,30,,0.24999999999999983,0.08215075237464613,0.34020843678128015,13.118264357090073,8.475951930527831,-9.086689733983633e-13,23.806064294795796,0.956853229788895,0.9568532297888954,0.1704103778314541,0.4980235217134631
thermal_tau30_A0.25,thermal,-30.0,85,2026100285,1,30,,0.24999999999999983,0.08215075237464613,0.34020843678128015,13.118264357090073,8.475951930527831,-9.086689733983633e-13,23.806064294795796,0.956853229788895,0.9568532297888954,0.1704103778314541,0.4980235217134631
thermal_tau30_A0.25,thermal,-30.0,86,2026100286,1,30,,0.24999999999999983,0.08215075237464613,0.34020843678128015,13.118264357090073,8.475951930527831,-9.086689733983633e-13,23.806064294795796,0.956853229788895,0.9568532297888954,0.1704103778314541,0.4980235217134631
thermal_tau30_A0.25,thermal,-30.0,82,2026100282,1,30,,0.24999999999999983,0.08215075237464613,0.34020843678128015,13.118264357090073,8.475951930527831,-9.086689733983633e-13,23.806064294795796,0.956853229788895,0.9568532297888954,0.1704103778314541,0.4980235217134631
thermal_tau30_A0.25,thermal,-30.0,80,2026100280,0,30,,0.24999999999999983,0.08215075237464613,0.34020843678128015,13.118264357090073,8.475951930527831,-9.086689733983633e-13,23.806064294795796,0.956853229788895,0.9568532297888954,0.1704103778314541,0.4980235217134631
thermal_tau30_A0.25,thermal,-30.0,84,2026100284,1,30,,0.24999999999999983,0.08215075237464613,0.34020843678128015,13.118264357090073,8.475951930527831,-9.086689733983633e-13,23.806064294795796,0.956853229788895,0.9568532297888954,0.1704103778314541,0.4980235217134631
thermal_tau30_A0.25,thermal,-30.0,87,2026100287,1,30,,0.24999999999999983,0.08215075237464613,0.34020843678128015,13.118264357090073,8.475951930527831,-9.086689733983633e-13,23.806064294795796,0.956853229788895,0.9568532297888954,0.1704103778314541,0.4980235217134631
thermal_tau30_A0.25,thermal,-30.0,90,2026100290,1,30,,0.24999999999999983,0.08215075237464613,0.34020843678128015,13.118264357090073,8.475951930527831,-9.086689733983633e-13,23.806064294795796,0.956853229788895,0.9568532297888954,0.1704103778314541,0.4980235217134631
thermal_tau30_A0.25,thermal,-30.0,88,2026100288,1,30,,0.24999999999999983,0.08215075237464613,0.34020843678128015,13.118264357090073,8.475951930527831,-9.086689733983633e-13,23.806064294795796,0.956853229788895,0.9568532297888954,0.1704103778314541,0.4980235217134631
thermal_tau30_A0.25,thermal,-30.0,91,2026100291,1,30,,0.24999999999999983,0.08215075237464613,0.34020843678128015,13.118264357090073,8.475951930527831,-9.086689733983633e-13,23.806064294795796,0.956853229788895,0.9568532297888954,0.1704103778314541,0.4980235217134631
thermal_tau30_A0.25,thermal,-30.0,93,2026100293,1,30,,0.24999999999999983,0.08215075237464613,0.34020843678128015,13.118264357090073,8.475951930527831,-9.086689733983633e-13,23.806064294795796,0.956853229788895,0.9568532297888954,0.1704103778314541,0.4980235217134631
thermal_tau30_A0.25,thermal,-30.0,89,2026100289,1,30,,0.24999999999999983,0.08215075237464613,0.34020843678128015,13.118264357090073,8.475951930527831,-9.086689733983633e-13,23.806064294795796,0.956853229788895,0.9568532297888954,0.1704103778314541,0.4980235217134631
thermal_tau30_A0.25,thermal,-30.0,95,2026100295,1,30,,0.24999999999999983,0.08215075237464613,0.34020843678128015,13.118264357090073,8.475951930527831,-9.086689733983633e-13,23.806064294795796,0.956853229788895,0.9568532297888954,0.1704103778314541,0.4980235217134631
thermal_tau30_A0.25,thermal,-30.0,96,2026100296,1,30,,0.24999999999999983,0.08215075237464613,0.34020843678128015,13.118264357090073,8.475951930527831,-9.086689733983633e-13,23.806064294795796,0.956853229788895,0.9568532297888954,0.1704103778314541,0.4980235217134631
thermal_tau30_A0.25,thermal,-30.0,92,2026100292,1,30,,0.24999999999999983,0.08215075237464613,0.34020843678128015,13.118264357090073,8.475951930527831,-9.086689733983633e-13,23.806064294795796,0.956853229788895,0.9568532297888954,0.1704103778314541,0.4980235217134631
thermal_tau30_A0.25,thermal,-30.0,94,2026100294,1,30,,0.24999999999999983,0.08215075237464613,0.34020843678128015,13.118264357090073,8.475951930527831,-9.086689733983633e-13,23.806064294795796,0.956853229788895,0.9568532297888954,0.1704103778314541,0.4980235217134631
thermal_tau30_A0.25,thermal,-30.0,97,2026100297,1,30,,0.24999999999999983,0.08215075237464613,0.34020843678128015,13.118264357090073,8.475951930527831,-9.086689733983633e-13,23.806064294795796,0.956853229788895,0.9568532297888954,0.1704103778314541,0.4980235217134631
thermal_tau30_A0.50,thermal,-30.0,0,2026100200,1,30,,0.49999999999999967,0.16430150474929225,0.6804168735625603,26.236528714180146,16.951903861055662,-1.8173379467967266e-12,47.61212858959159,0.956853229788895,0.9568532297888954,0.1704103778314541,0.4980235217134631
thermal_tau30_A0.50,thermal,-30.0,1,2026100201,1,30,,0.49999999999999967,0.16430150474929225,0.6804168735625603,26.236528714180146,16.951903861055662,-1.8173379467967266e-12,47.61212858959159,0.956853229788895,0.9568532297888954,0.1704103778314541,0.4980235217134631
thermal_tau30_A0.25,thermal,-30.0,99,2026100299,1,30,,0.24999999999999983,0.08215075237464613,0.34020843678128015,13.118264357090073,8.475951930527831,-9.086689733983633e-13,23.806064294795796,0.956853229788895,0.9568532297888954,0.1704103778314541,0.4980235217134631
thermal_tau30_A0.25,thermal,-30.0,98,2026100298,1,30,,0.24999999999999983,0.08215075237464613,0.34020843678128015,13.118264357090073,8.475951930527831,-9.086689733983633e-13,23.806064294795796,0.956853229788895,0.9568532297888954,0.1704103778314541,0.4980235217134631
thermal_tau30_A0.50,thermal,-30.0,4,2026100204,1,30,,0.49999999999999967,0.16430150474929225,0.6804168735625603,26.236528714180146,16.951903861055662,-1.8173379467967266e-12,47.61212858959159,0.956853229788895,0.9568532297888954,0.1704103778314541,0.4980235217134631
thermal_tau30_A0.50,thermal,-30.0,2,2026100202,1,30,,0.49999999999999967,0.16430150474929225,0.6804168735625603,26.236528714180146,16.951903861055662,-1.8173379467967266e-12,47.61212858959159,0.956853229788895,0.9568532297888954,0.1704103778314541,0.4980235217134631
thermal_tau30_A0.50,thermal,-30.0,5,2026100205,1,30,,0.49999999999999967,0.16430150474929225,0.6804168735625603,26.236528714180146,16.951903861055662,-1.8173379467967266e-12,47.61212858959159,0.956853229788895,0.9568532297888954,0.1704103778314541,0.4980235217134631
thermal_tau30_A0.50,thermal,-30.0,3,2026100203,0,30,,0.49999999999999967,0.16430150474929225,0.6804168735625603,26.236528714180146,16.951903861055662,-1.8173379467967266e-12,47.61212858959159,0.956853229788895,0.9568532297888954,0.1704103778314541,0.4980235217134631
thermal_tau30_A0.50,thermal,-30.0,8,2026100208,1,30,,0.49999999999999967,0.16430150474929225,0.6804168735625603,26.236528714180146,16.951903861055662,-1.8173379467967266e-12,47.61212858959159,0.956853229788895,0.9568532297888954,0.1704103778314541,0.4980235217134631
thermal_tau30_A0.50,thermal,-30.0,10,2026100210,1,30,,0.49999999999999967,0.16430150474929225,0.6804168735625603,26.236528714180146,16.951903861055662,-1.8173379467967266e-12,47.61212858959159,0.956853229788895,0.9568532297888954,0.1704103778314541,0.4980235217134631
thermal_tau30_A0.50,thermal,-30.0,6,2026100206,0,30,,0.49999999999999967,0.16430150474929225,0.6804168735625603,26.236528714180146,16.951903861055662,-1.8173379467967266e-12,47.61212858959159,0.956853229788895,0.9568532297888954,0.1704103778314541,0.4980235217134631
thermal_tau30_A0.50,thermal,-30.0,7,2026100207,0,30,,0.49999999999999967,0.16430150474929225,0.6804168735625603,26.236528714180146,16.951903861055662,-1.8173379467967266e-12,47.61212858959159,0.956853229788895,0.9568532297888954,0.1704103778314541,0.4980235217134631
thermal_tau30_A0.50,thermal,-30.0,12,2026100212,1,30,,0.49999999999999967,0.16430150474929225,0.6804168735625603,26.236528714180146,16.951903861055662,-1.8173379467967266e-12,47.61212858959159,0.956853229788895,0.9568532297888954,0.1704103778314541,0.4980235217134631
thermal_tau30_A0.50,thermal,-30.0,9,2026100209,1,30,,0.49999999999999967,0.16430150474929225,0.6804168735625603,26.236528714180146,16.951903861055662,-1.8173379467967266e-12,47.61212858959159,0.956853229788895,0.9568532297888954,0.1704103778314541,0.4980235217134631
thermal_tau30_A0.50,thermal,-30.0,14,2026100214,1,30,,0.49999999999999967,0.16430150474929225,0.6804168735625603,26.236528714180146,16.951903861055662,-1.8173379467967266e-12,47.61212858959159,0.956853229788895,0.9568532297888954,0.1704103778314541,0.4980235217134631
thermal_tau30_A0.50,thermal,-30.0,11,2026100211,1,30,,0.49999999999999967,0.16430150474929225,0.6804168735625603,26.236528714180146,16.951903861055662,-1.8173379467967266e-12,47.61212858959159,0.956853229788895,0.9568532297888954,0.1704103778314541,0.4980235217134631
thermal_tau30_A0.50,thermal,-30.0,15,2026100215,1,30,,0.49999999999999967,0.16430150474929225,0.6804168735625603,26.236528714180146,16.951903861055662,-1.8173379467967266e-12,47.61212858959159,0.956853229788895,0.9568532297888954,0.1704103778314541,0.4980235217134631
thermal_tau30_A0.50,thermal,-30.0,16,2026100216,1,30,,0.49999999999999967,0.16430150474929225,0.6804168735625603,26.236528714180146,16.951903861055662,-1.8173379467967266e-12,47.61212858959159,0.956853229788895,0.9568532297888954,0.1704103778314541,0.4980235217134631
thermal_tau30_A0.50,thermal,-30.0,19,2026100219,1,30,,0.49999999999999967,0.16430150474929225,0.6804168735625603,26.236528714180146,16.951903861055662,-1.8173379467967266e-12,47.61212858959159,0.956853229788895,0.9568532297888954,0.1704103778314541,0.4980235217134631
thermal_tau30_A0.50,thermal,-30.0,13,2026100213,0,30,,0.49999999999999967,0.16430150474929225,0.6804168735625603,26.236528714180146,16.951903861055662,-1.8173379467967266e-12,47.61212858959159,0.956853229788895,0.9568532297888954,0.1704103778314541,0.4980235217134631
thermal_tau30_A0.50,thermal,-30.0,18,2026100218,1,30,,0.49999999999999967,0.16430150474929225,0.6804168735625603,26.236528714180146,16.951903861055662,-1.8173379467967266e-12,47.61212858959159,0.956853229788895,0.9568532297888954,0.1704103778314541,0.4980235217134631
thermal_tau30_A0.50,thermal,-30.0,20,2026100220,1,30,,0.49999999999999967,0.16430150474929225,0.6804168735625603,26.236528714180146,16.951903861055662,-1.8173379467967266e-12,47.61212858959159,0.956853229788895,0.9568532297888954,0.1704103778314541,0.4980235217134631
thermal_tau30_A0.50,thermal,-30.0,17,2026100217,0,30,,0.49999999999999967,0.16430150474929225,0.6804168735625603,26.236528714180146,16.951903861055662,-1.8173379467967266e-12,47.61212858959159,0.956853229788895,0.9568532297888954,0.1704103778314541,0.4980235217134631
thermal_tau30_A0.50,thermal,-30.0,24,2026100224,1,30,,0.49999999999999967,0.16430150474929225,0.6804168735625603,26.236528714180146,16.951903861055662,-1.8173379467967266e-12,47.61212858959159,0.956853229788895,0.9568532297888954,0.1704103778314541,0.4980235217134631
thermal_tau30_A0.50,thermal,-30.0,21,2026100221,1,30,,0.49999999999999967,0.16430150474929225,0.6804168735625603,26.236528714180146,16.951903861055662,-1.8173379467967266e-12,47.61212858959159,0.956853229788895,0.9568532297888954,0.1704103778314541,0.4980235217134631
thermal_tau30_A0.50,thermal,-30.0,26,2026100226,1,30,,0.49999999999999967,0.16430150474929225,0.6804168735625603,26.236528714180146,16.951903861055662,-1.8173379467967266e-12,47.61212858959159,0.956853229788895,0.9568532297888954,0.1704103778314541,0.4980235217134631
thermal_tau30_A0.50,thermal,-30.0,22,2026100222,1,30,,0.49999999999999967,0.16430150474929225,0.6804168735625603,26.236528714180146,16.951903861055662,-1.8173379467967266e-12,47.61212858959159,0.956853229788895,0.9568532297888954,0.1704103778314541,0.4980235217134631
thermal_tau30_A0.50,thermal,-30.0,27,2026100227,1,30,,0.49999999999999967,0.16430150474929225,0.6804168735625603,26.236528714180146,16.951903861055662,-1.8173379467967266e-12,47.61212858959159,0.956853229788895,0.9568532297888954,0.1704103778314541,0.4980235217134631
thermal_tau30_A0.50,thermal,-30.0,23,2026100223,0,30,,0.49999999999999967,0.16430150474929225,0.6804168735625603,26.236528714180146,16.951903861055662,-1.8173379467967266e-12,47.61212858959159,0.956853229788895,0.9568532297888954,0.1704103778314541,0.4980235217134631
thermal_tau30_A0.50,thermal,-30.0,30,2026100230,1,30,,0.49999999999999967,0.16430150474929225,0.6804168735625603,26.236528714180146,16.951903861055662,-1.8173379467967266e-12,47.61212858959159,0.956853229788895,0.9568532297888954,0.1704103778314541,0.4980235217134631
thermal_tau30_A0.50,thermal,-30.0,31,2026100231,1,30,,0.49999999999999967,0.16430150474929225,0.6804168735625603,26.236528714180146,16.951903861055662,-1.8173379467967266e-12,47.61212858959159,0.956853229788895,0.9568532297888954,0.1704103778314541,0.4980235217134631
thermal_tau30_A0.50,thermal,-30.0,25,2026100225,0,30,,0.49999999999999967,0.16430150474929225,0.6804168735625603,26.236528714180146,16.951903861055662,-1.8173379467967266e-12,47.61212858959159,0.956853229788895,0.9568532297888954,0.1704103778314541,0.4980235217134631
thermal_tau30_A0.50,thermal,-30.0,32,2026100232,1,30,,0.49999999999999967,0.16430150474929225,0.6804168735625603,26.236528714180146,16.951903861055662,-1.8173379467967266e-12,47.61212858959159,0.956853229788895,0.9568532297888954,0.1704103778314541,0.4980235217134631
thermal_tau30_A0.50,thermal,-30.0,28,2026100228,0,30,,0.49999999999999967,0.16430150474929225,0.6804168735625603,26.236528714180146,16.951903861055662,-1.8173379467967266e-12,47.61212858959159,0.956853229788895,0.9568532297888954,0.1704103778314541,0.4980235217134631
thermal_tau30_A0.50,thermal,-30.0,33,2026100233,1,30,,0.49999999999999967,0.16430150474929225,0.6804168735625603,26.236528714180146,16.951903861055662,-1.8173379467967266e-12,47.61212858959159,0.956853229788895,0.9568532297888954,0.1704103778314541,0.4980235217134631
thermal_tau30_A0.50,thermal,-30.0,29,2026100229,1,30,,0.49999999999999967,0.16430150474929225,0.6804168735625603,26.236528714180146,16.951903861055662,-1.8173379467967266e-12,47.61212858959159,0.956853229788895,0.9568532297888954,0.1704103778314541,0.4980235217134631
thermal_tau30_A0.50,thermal,-30.0,34,2026100234,1,30,,0.49999999999999967,0.16430150474929225,0.6804168735625603,26.236528714180146,16.951903861055662,-1.8173379467967266e-12,47.61212858959159,0.956853229788895,0.9568532297888954,0.1704103778314541,0.4980235217134631
thermal_tau30_A0.50,thermal,-30.0,36,2026100236,1,30,,0.49999999999999967,0.16430150474929225,0.6804168735625603,26.236528714180146,16.951903861055662,-1.8173379467967266e-12,47.61212858959159,0.956853229788895,0.9568532297888954,0.1704103778314541,0.4980235217134631
thermal_tau30_A0.50,thermal,-30.0,39,2026100239,1,30,,0.49999999999999967,0.16430150474929225,0.6804168735625603,26.236528714180146,16.951903861055662,-1.8173379467967266e-12,47.61212858959159,0.956853229788895,0.9568532297888954,0.1704103778314541,0.4980235217134631
thermal_tau30_A0.50,thermal,-30.0,37,2026100237,1,30,,0.49999999999999967,0.16430150474929225,0.6804168735625603,26.236528714180146,16.951903861055662,-1.8173379467967266e-12,47.61212858959159,0.956853229788895,0.9568532297888954,0.1704103778314541,0.4980235217134631
thermal_tau30_A0.50,thermal,-30.0,35,2026100235,0,30,,0.49999999999999967,0.16430150474929225,0.6804168735625603,26.236528714180146,16.951903861055662,-1.8173379467967266e-12,47.61212858959159,0.956853229788895,0.9568532297888954,0.1704103778314541,0.4980235217134631
thermal_tau30_A0.50,thermal,-30.0,40,2026100240,0,30,,0.49999999999999967,0.16430150474929225,0.6804168735625603,26.236528714180146,16.951903861055662,-1.8173379467967266e-12,47.61212858959159,0.956853229788895,0.9568532297888954,0.1704103778314541,0.4980235217134631
thermal_tau30_A0.50,thermal,-30.0,38,2026100238,0,30,,0.49999999999999967,0.16430150474929225,0.6804168735625603,26.236528714180146,16.951903861055662,-1.8173379467967266e-12,47.61212858959159,0.956853229788895,0.9568532297888954,0.1704103778314541,0.4980235217134631
thermal_tau30_A0.50,thermal,-30.0,42,2026100242,1,30,,0.49999999999999967,0.16430150474929225,0.6804168735625603,26.236528714180146,16.951903861055662,-1.8173379467967266e-12,47.61212858959159,0.956853229788895,0.9568532297888954,0.1704103778314541,0.4980235217134631
thermal_tau30_A0.50,thermal,-30.0,43,2026100243,1,30,,0.49999999999999967,0.16430150474929225,0.6804168735625603,26.236528714180146,16.951903861055662,-1.8173379467967266e-12,47.61212858959159,0.956853229788895,0.9568532297888954,0.1704103778314541,0.4980235217134631
thermal_tau30_A0.50,thermal,-30.0,45,2026100245,1,30,,0.49999999999999967,0.16430150474929225,0.6804168735625603,26.236528714180146,16.951903861055662,-1.8173379467967266e-12,47.61212858959159,0.956853229788895,0.9568532297888954,0.1704103778314541,0.4980235217134631
thermal_tau30_A0.50,thermal,-30.0,41,2026100241,0,30,,0.49999999999999967,0.16430150474929225,0.6804168735625603,26.236528714180146,16.951903861055662,-1.8173379467967266e-12,47.61212858959159,0.956853229788895,0.9568532297888954,0.1704103778314541,0.4980235217134631
thermal_tau30_A0.50,thermal,-30.0,44,2026100244,1,30,,0.49999999999999967,0.16430150474929225,0.6804168735625603,26.236528714180146,16.951903861055662,-1.8173379467967266e-12,47.61212858959159,0.956853229788895,0.9568532297888954,0.1704103778314541,0.4980235217134631
thermal_tau30_A0.50,thermal,-30.0,47,2026100247,1,30,,0.49999999999999967,0.16430150474929225,0.6804168735625603,26.236528714180146,16.951903861055662,-1.8173379467967266e-12,47.61212858959159,0.956853229788895,0.9568532297888954,0.1704103778314541,0.4980235217134631
thermal_tau30_A0.50,thermal,-30.0,46,2026100246,0,30,,0.49999999999999967,0.16430150474929225,0.6804168735625603,26.236528714180146,16.951903861055662,-1.8173379467967266e-12,47.61212858959159,0.956853229788895,0.9568532297888954,0.1704103778314541,0.4980235217134631
thermal_tau30_A0.50,thermal,-30.0,48,2026100248,0,30,,0.49999999999999967,0.16430150474929225,0.6804168735625603,26.236528714180146,16.951903861055662,-1.8173379467967266e-12,47.61212858959159,0.956853229788895,0.9568532297888954,0.1704103778314541,0.4980235217134631
thermal_tau30_A0.50,thermal,-30.0,51,2026100251,1,30,,0.49999999999999967,0.16430150474929225,0.6804168735625603,26.236528714180146,16.951903861055662,-1.8173379467967266e-12,47.61212858959159,0.956853229788895,0.9568532297888954,0.1704103778314541,0.4980235217134631
thermal_tau30_A0.50,thermal,-30.0,52,2026100252,1,30,,0.49999999999999967,0.16430150474929225,0.6804168735625603,26.236528714180146,16.951903861055662,-1.8173379467967266e-12,47.61212858959159,0.956853229788895,0.9568532297888954,0.1704103778314541,0.4980235217134631
thermal_tau30_A0.50,thermal,-30.0,49,2026100249,1,30,,0.49999999999999967,0.16430150474929225,0.6804168735625603,26.236528714180146,16.951903861055662,-1.8173379467967266e-12,47.61212858959159,0.956853229788895,0.9568532297888954,0.1704103778314541,0.4980235217134631
thermal_tau30_A0.50,thermal,-30.0,54,2026100254,1,30,,0.49999999999999967,0.16430150474929225,0.6804168735625603,26.236528714180146,16.951903861055662,-1.8173379467967266e-12,47.61212858959159,0.956853229788895,0.9568532297888954,0.1704103778314541,0.4980235217134631
thermal_tau30_A0.50,thermal,-30.0,50,2026100250,0,30,,0.49999999999999967,0.16430150474929225,0.6804168735625603,26.236528714180146,16.951903861055662,-1.8173379467967266e-12,47.61212858959159,0.956853229788895,0.9568532297888954,0.1704103778314541,0.4980235217134631
thermal_tau30_A0.50,thermal,-30.0,57,2026100257,1,30,,0.49999999999999967,0.16430150474929225,0.6804168735625603,26.236528714180146,16.951903861055662,-1.8173379467967266e-12,47.61212858959159,0.956853229788895,0.9568532297888954,0.1704103778314541,0.4980235217134631
thermal_tau30_A0.50,thermal,-30.0,53,2026100253,1,30,,0.49999999999999967,0.16430150474929225,0.6804168735625603,26.236528714180146,16.951903861055662,-1.8173379467967266e-12,47.61212858959159,0.956853229788895,0.9568532297888954,0.1704103778314541,0.4980235217134631
thermal_tau30_A0.50,thermal,-30.0,56,2026100256,1,30,,0.49999999999999967,0.16430150474929225,0.6804168735625603,26.236528714180146,16.951903861055662,-1.8173379467967266e-12,47.61212858959159,0.956853229788895,0.9568532297888954,0.1704103778314541,0.4980235217134631
thermal_tau30_A0.50,thermal,-30.0,55,2026100255,0,30,,0.49999999999999967,0.16430150474929225,0.6804168735625603,26.236528714180146,16.951903861055662,-1.8173379467967266e-12,47.61212858959159,0.956853229788895,0.9568532297888954,0.1704103778314541,0.4980235217134631
thermal_tau30_A0.50,thermal,-30.0,61,2026100261,1,30,,0.49999999999999967,0.16430150474929225,0.6804168735625603,26.236528714180146,16.951903861055662,-1.8173379467967266e-12,47.61212858959159,0.956853229788895,0.9568532297888954,0.1704103778314541,0.4980235217134631
thermal_tau30_A0.50,thermal,-30.0,58,2026100258,0,30,,0.49999999999999967,0.16430150474929225,0.6804168735625603,26.236528714180146,16.951903861055662,-1.8173379467967266e-12,47.61212858959159,0.956853229788895,0.9568532297888954,0.1704103778314541,0.4980235217134631
thermal_tau30_A0.50,thermal,-30.0,62,2026100262,1,30,,0.49999999999999967,0.16430150474929225,0.6804168735625603,26.236528714180146,16.951903861055662,-1.8173379467967266e-12,47.61212858959159,0.956853229788895,0.9568532297888954,0.1704103778314541,0.4980235217134631
thermal_tau30_A0.50,thermal,-30.0,59,2026100259,0,30,,0.49999999999999967,0.16430150474929225,0.6804168735625603,26.236528714180146,16.951903861055662,-1.8173379467967266e-12,47.61212858959159,0.956853229788895,0.9568532297888954,0.1704103778314541,0.4980235217134631
thermal_tau30_A0.50,thermal,-30.0,65,2026100265,1,30,,0.49999999999999967,0.16430150474929225,0.6804168735625603,26.236528714180146,16.951903861055662,-1.8173379467967266e-12,47.61212858959159,0.956853229788895,0.9568532297888954,0.1704103778314541,0.4980235217134631
thermal_tau30_A0.50,thermal,-30.0,64,2026100264,1,30,,0.49999999999999967,0.16430150474929225,0.6804168735625603,26.236528714180146,16.951903861055662,-1.8173379467967266e-12,47.61212858959159,0.956853229788895,0.9568532297888954,0.1704103778314541,0.4980235217134631
thermal_tau30_A0.50,thermal,-30.0,66,2026100266,1,30,,0.49999999999999967,0.16430150474929225,0.6804168735625603,26.236528714180146,16.951903861055662,-1.8173379467967266e-12,47.61212858959159,0.956853229788895,0.9568532297888954,0.1704103778314541,0.4980235217134631
thermal_tau30_A0.50,thermal,-30.0,60,2026100260,0,30,,0.49999999999999967,0.16430150474929225,0.6804168735625603,26.236528714180146,16.951903861055662,-1.8173379467967266e-12,47.61212858959159,0.956853229788895,0.9568532297888954,0.1704103778314541,0.4980235217134631
thermal_tau30_A0.50,thermal,-30.0,69,2026100269,1,30,,0.49999999999999967,0.16430150474929225,0.6804168735625603,26.236528714180146,16.951903861055662,-1.8173379467967266e-12,47.61212858959159,0.956853229788895,0.9568532297888954,0.1704103778314541,0.4980235217134631
thermal_tau30_A0.50,thermal,-30.0,68,2026100268,1,30,,0.49999999999999967,0.16430150474929225,0.6804168735625603,26.236528714180146,16.951903861055662,-1.8173379467967266e-12,47.61212858959159,0.956853229788895,0.9568532297888954,0.1704103778314541,0.4980235217134631
thermal_tau30_A0.50,thermal,-30.0,63,2026100263,0,30,,0.49999999999999967,0.16430150474929225,0.6804168735625603,26.236528714180146,16.951903861055662,-1.8173379467967266e-12,47.61212858959159,0.956853229788895,0.9568532297888954,0.1704103778314541,0.4980235217134631
thermal_tau30_A0.50,thermal,-30.0,70,2026100270,1,30,,0.49999999999999967,0.16430150474929225,0.6804168735625603,26.236528714180146,16.951903861055662,-1.8173379467967266e-12,47.61212858959159,0.956853229788895,0.9568532297888954,0.1704103778314541,0.4980235217134631
thermal_tau30_A0.50,thermal,-30.0,71,2026100271,1,30,,0.49999999999999967,0.16430150474929225,0.6804168735625603,26.236528714180146,16.951903861055662,-1.8173379467967266e-12,47.61212858959159,0.956853229788895,0.9568532297888954,0.1704103778314541,0.4980235217134631
thermal_tau30_A0.50,thermal,-30.0,67,2026100267,0,30,,0.49999999999999967,0.16430150474929225,0.6804168735625603,26.236528714180146,16.951903861055662,-1.8173379467967266e-12,47.61212858959159,0.956853229788895,0.9568532297888954,0.1704103778314541,0.4980235217134631
thermal_tau30_A0.50,thermal,-30.0,73,2026100273,1,30,,0.49999999999999967,0.16430150474929225,0.6804168735625603,26.236528714180146,16.951903861055662,-1.8173379467967266e-12,47.61212858959159,0.956853229788895,0.9568532297888954,0.1704103778314541,0.4980235217134631
thermal_tau30_A0.50,thermal,-30.0,72,2026100272,0,30,,0.49999999999999967,0.16430150474929225,0.6804168735625603,26.236528714180146,16.951903861055662,-1.8173379467967266e-12,47.61212858959159,0.956853229788895,0.9568532297888954,0.1704103778314541,0.4980235217134631
thermal_tau30_A0.50,thermal,-30.0,74,2026100274,1,30,,0.49999999999999967,0.16430150474929225,0.6804168735625603,26.236528714180146,16.951903861055662,-1.8173379467967266e-12,47.61212858959159,0.956853229788895,0.9568532297888954,0.1704103778314541,0.4980235217134631
thermal_tau30_A0.50,thermal,-30.0,76,2026100276,1,30,,0.49999999999999967,0.16430150474929225,0.6804168735625603,26.236528714180146,16.951903861055662,-1.8173379467967266e-12,47.61212858959159,0.956853229788895,0.9568532297888954,0.1704103778314541,0.4980235217134631
thermal_tau30_A0.50,thermal,-30.0,77,2026100277,1,30,,0.49999999999999967,0.16430150474929225,0.6804168735625603,26.236528714180146,16.951903861055662,-1.8173379467967266e-12,47.61212858959159,0.956853229788895,0.9568532297888954,0.1704103778314541,0.4980235217134631
thermal_tau30_A0.50,thermal,-30.0,75,2026100275,0,30,,0.49999999999999967,0.16430150474929225,0.6804168735625603,26.236528714180146,16.951903861055662,-1.8173379467967266e-12,47.61212858959159,0.956853229788895,0.9568532297888954,0.1704103778314541,0.4980235217134631
thermal_tau30_A0.50,thermal,-30.0,79,2026100279,1,30,,0.49999999999999967,0.16430150474929225,0.6804168735625603,26.236528714180146,16.951903861055662,-1.8173379467967266e-12,47.61212858959159,0.956853229788895,0.9568532297888954,0.1704103778314541,0.4980235217134631
thermal_tau30_A0.50,thermal,-30.0,82,2026100282,1,30,,0.49999999999999967,0.16430150474929225,0.6804168735625603,26.236528714180146,16.951903861055662,-1.8173379467967266e-12,47.61212858959159,0.956853229788895,0.9568532297888954,0.1704103778314541,0.4980235217134631
thermal_tau30_A0.50,thermal,-30.0,78,2026100278,0,30,,0.49999999999999967,0.16430150474929225,0.6804168735625603,26.236528714180146,16.951903861055662,-1.8173379467967266e-12,47.61212858959159,0.956853229788895,0.9568532297888954,0.1704103778314541,0.4980235217134631
thermal_tau30_A0.50,thermal,-30.0,83,2026100283,1,30,,0.49999999999999967,0.16430150474929225,0.6804168735625603,26.236528714180146,16.951903861055662,-1.8173379467967266e-12,47.61212858959159,0.956853229788895,0.9568532297888954,0.1704103778314541,0.4980235217134631
thermal_tau30_A0.50,thermal,-30.0,85,2026100285,1,30,,0.49999999999999967,0.16430150474929225,0.6804168735625603,26.236528714180146,16.951903861055662,-1.8173379467967266e-12,47.61212858959159,0.956853229788895,0.9568532297888954,0.1704103778314541,0.4980235217134631
thermal_tau30_A0.50,thermal,-30.0,86,2026100286,1,30,,0.49999999999999967,0.16430150474929225,0.6804168735625603,26.236528714180146,16.951903861055662,-1.8173379467967266e-12,47.61212858959159,0.956853229788895,0.9568532297888954,0.1704103778314541,0.4980235217134631
thermal_tau30_A0.50,thermal,-30.0,80,2026100280,0,30,,0.49999999999999967,0.16430150474929225,0.6804168735625603,26.236528714180146,16.951903861055662,-1.8173379467967266e-12,47.61212858959159,0.956853229788895,0.9568532297888954,0.1704103778314541,0.4980235217134631
thermal_tau30_A0.50,thermal,-30.0,81,2026100281,0,30,,0.49999999999999967,0.16430150474929225,0.6804168735625603,26.236528714180146,16.951903861055662,-1.8173379467967266e-12,47.61212858959159,0.956853229788895,0.9568532297888954,0.1704103778314541,0.4980235217134631
thermal_tau30_A0.50,thermal,-30.0,84,2026100284,0,30,,0.49999999999999967,0.16430150474929225,0.6804168735625603,26.236528714180146,16.951903861055662,-1.8173379467967266e-12,47.61212858959159,0.956853229788895,0.9568532297888954,0.1704103778314541,0.4980235217134631
thermal_tau30_A0.50,thermal,-30.0,90,2026100290,1,30,,0.49999999999999967,0.16430150474929225,0.6804168735625603,26.236528714180146,16.951903861055662,-1.8173379467967266e-12,47.61212858959159,0.956853229788895,0.9568532297888954,0.1704103778314541,0.4980235217134631
thermal_tau30_A0.50,thermal,-30.0,88,2026100288,0,30,,0.49999999999999967,0.16430150474929225,0.6804168735625603,26.236528714180146,16.951903861055662,-1.8173379467967266e-12,47.61212858959159,0.956853229788895,0.9568532297888954,0.1704103778314541,0.4980235217134631
thermal_tau30_A0.50,thermal,-30.0,87,2026100287,0,30,,0.49999999999999967,0.16430150474929225,0.6804168735625603,26.236528714180146,16.951903861055662,-1.8173379467967266e-12,47.61212858959159,0.956853229788895,0.9568532297888954,0.1704103778314541,0.4980235217134631
thermal_tau30_A0.50,thermal,-30.0,89,2026100289,0,30,,0.49999999999999967,0.16430150474929225,0.6804168735625603,26.236528714180146,16.951903861055662,-1.8173379467967266e-12,47.61212858959159,0.956853229788895,0.9568532297888954,0.1704103778314541,0.4980235217134631
thermal_tau30_A0.50,thermal,-30.0,92,2026100292,1,30,,0.49999999999999967,0.16430150474929225,0.6804168735625603,26.236528714180146,16.951903861055662,-1.8173379467967266e-12,47.61212858959159,0.956853229788895,0.9568532297888954,0.1704103778314541,0.4980235217134631
thermal_tau30_A0.50,thermal,-30.0,94,2026100294,1,30,,0.49999999999999967,0.16430150474929225,0.6804168735625603,26.236528714180146,16.951903861055662,-1.8173379467967266e-12,47.61212858959159,0.956853229788895,0.9568532297888954,0.1704103778314541,0.4980235217134631
thermal_tau30_A0.50,thermal,-30.0,93,2026100293,1,30,,0.49999999999999967,0.16430150474929225,0.6804168735625603,26.236528714180146,16.951903861055662,-1.8173379467967266e-12,47.61212858959159,0.956853229788895,0.9568532297888954,0.1704103778314541,0.4980235217134631
thermal_tau30_A0.50,thermal,-30.0,96,2026100296,1,30,,0.49999999999999967,0.16430150474929225,0.6804168735625603,26.236528714180146,16.951903861055662,-1.8173379467967266e-12,47.61212858959159,0.956853229788895,0.9568532297888954,0.1704103778314541,0.4980235217134631
thermal_tau30_A0.50,thermal,-30.0,98,2026100298,1,30,,0.49999999999999967,0.16430150474929225,0.6804168735625603,26.236528714180146,16.951903861055662,-1.8173379467967266e-12,47.61212858959159,0.956853229788895,0.9568532297888954,0.1704103778314541,0.4980235217134631
thermal_tau30_A0.50,thermal,-30.0,97,2026100297,1,30,,0.49999999999999967,0.16430150474929225,0.6804168735625603,26.236528714180146,16.951903861055662,-1.8173379467967266e-12,47.61212858959159,0.956853229788895,0.9568532297888954,0.1704103778314541,0.4980235217134631
thermal_tau60_A0.25,thermal,-30.0,0,2026100200,1,60,,0.2500000000000001,0.09574631992893294,0.35654518145349334,14.943958339039682,10.160780942420148,-3.2792171755779975e-13,28.39155445298831,0.9882414948246998,0.9882414948246998,0.09680982765554987,0.3003684120758757
thermal_tau30_A0.50,thermal,-30.0,91,2026100291,0,30,,0.49999999999999967,0.16430150474929225,0.6804168735625603,26.236528714180146,16.951903861055662,-1.8173379467967266e-12,47.61212858959159,0.956853229788895,0.9568532297888954,0.1704103778314541,0.4980235217134631
thermal_tau60_A0.25,thermal,-30.0,1,2026100201,1,60,,0.2500000000000001,0.09574631992893294,0.35654518145349334,14.943958339039682,10.160780942420148,-3.2792171755779975e-13,28.39155445298831,0.9882414948246998,0.9882414948246998,0.09680982765554987,0.3003684120758757
thermal_tau30_A0.50,thermal,-30.0,99,2026100299,1,30,,0.49999999999999967,0.16430150474929225,0.6804168735625603,26.236528714180146,16.951903861055662,-1.8173379467967266e-12,47.61212858959159,0.956853229788895,0.9568532297888954,0.1704103778314541,0.4980235217134631
thermal_tau60_A0.25,thermal,-30.0,4,2026100204,1,60,,0.2500000000000001,0.09574631992893294,0.35654518145349334,14.943958339039682,10.160780942420148,-3.2792171755779975e-13,28.39155445298831,0.9882414948246998,0.9882414948246998,0.09680982765554987,0.3003684120758757
thermal_tau30_A0.50,thermal,-30.0,95,2026100295,0,30,,0.49999999999999967,0.16430150474929225,0.6804168735625603,26.236528714180146,16.951903861055662,-1.8173379467967266e-12,47.61212858959159,0.956853229788895,0.9568532297888954,0.1704103778314541,0.4980235217134631
thermal_tau60_A0.25,thermal,-30.0,2,2026100202,1,60,,0.2500000000000001,0.09574631992893294,0.35654518145349334,14.943958339039682,10.160780942420148,-3.2792171755779975e-13,28.39155445298831,0.9882414948246998,0.9882414948246998,0.09680982765554987,0.3003684120758757
thermal_tau60_A0.25,thermal,-30.0,3,2026100203,1,60,,0.2500000000000001,0.09574631992893294,0.35654518145349334,14.943958339039682,10.160780942420148,-3.2792171755779975e-13,28.39155445298831,0.9882414948246998,0.9882414948246998,0.09680982765554987,0.3003684120758757
thermal_tau60_A0.25,thermal,-30.0,5,2026100205,1,60,,0.2500000000000001,0.09574631992893294,0.35654518145349334,14.943958339039682,10.160780942420148,-3.2792171755779975e-13,28.39155445298831,0.9882414948246998,0.9882414948246998,0.09680982765554987,0.3003684120758757
thermal_tau60_A0.25,thermal,-30.0,6,2026100206,1,60,,0.2500000000000001,0.09574631992893294,0.35654518145349334,14.943958339039682,10.160780942420148,-3.2792171755779975e-13,28.39155445298831,0.9882414948246998,0.9882414948246998,0.09680982765554987,0.3003684120758757
thermal_tau60_A0.25,thermal,-30.0,7,2026100207,1,60,,0.2500000000000001,0.09574631992893294,0.35654518145349334,14.943958339039682,10.160780942420148,-3.2792171755779975e-13,28.39155445298831,0.9882414948246998,0.9882414948246998,0.09680982765554987,0.3003684120758757
thermal_tau60_A0.25,thermal,-30.0,8,2026100208,1,60,,0.2500000000000001,0.09574631992893294,0.35654518145349334,14.943958339039682,10.160780942420148,-3.2792171755779975e-13,28.39155445298831,0.9882414948246998,0.9882414948246998,0.09680982765554987,0.3003684120758757
thermal_tau60_A0.25,thermal,-30.0,10,2026100210,1,60,,0.2500000000000001,0.09574631992893294,0.35654518145349334,14.943958339039682,10.160780942420148,-3.2792171755779975e-13,28.39155445298831,0.9882414948246998,0.9882414948246998,0.09680982765554987,0.3003684120758757
thermal_tau60_A0.25,thermal,-30.0,9,2026100209,1,60,,0.2500000000000001,0.09574631992893294,0.35654518145349334,14.943958339039682,10.160780942420148,-3.2792171755779975e-13,28.39155445298831,0.9882414948246998,0.9882414948246998,0.09680982765554987,0.3003684120758757
thermal_tau60_A0.25,thermal,-30.0,14,2026100214,1,60,,0.2500000000000001,0.09574631992893294,0.35654518145349334,14.943958339039682,10.160780942420148,-3.2792171755779975e-13,28.39155445298831,0.9882414948246998,0.9882414948246998,0.09680982765554987,0.3003684120758757
thermal_tau60_A0.25,thermal,-30.0,11,2026100211,1,60,,0.2500000000000001,0.09574631992893294,0.35654518145349334,14.943958339039682,10.160780942420148,-3.2792171755779975e-13,28.39155445298831,0.9882414948246998,0.9882414948246998,0.09680982765554987,0.3003684120758757
thermal_tau60_A0.25,thermal,-30.0,12,2026100212,1,60,,0.2500000000000001,0.09574631992893294,0.35654518145349334,14.943958339039682,10.160780942420148,-3.2792171755779975e-13,28.39155445298831,0.9882414948246998,0.9882414948246998,0.09680982765554987,0.3003684120758757
thermal_tau60_A0.25,thermal,-30.0,15,2026100215,1,60,,0.2500000000000001,0.09574631992893294,0.35654518145349334,14.943958339039682,10.160780942420148,-3.2792171755779975e-13,28.39155445298831,0.9882414948246998,0.9882414948246998,0.09680982765554987,0.3003684120758757
thermal_tau60_A0.25,thermal,-30.0,13,2026100213,1,60,,0.2500000000000001,0.09574631992893294,0.35654518145349334,14.943958339039682,10.160780942420148,-3.2792171755779975e-13,28.39155445298831,0.9882414948246998,0.9882414948246998,0.09680982765554987,0.3003684120758757
thermal_tau60_A0.25,thermal,-30.0,16,2026100216,1,60,,0.2500000000000001,0.09574631992893294,0.35654518145349334,14.943958339039682,10.160780942420148,-3.2792171755779975e-13,28.39155445298831,0.9882414948246998,0.9882414948246998,0.09680982765554987,0.3003684120758757
thermal_tau60_A0.25,thermal,-30.0,17,2026100217,1,60,,0.2500000000000001,0.09574631992893294,0.35654518145349334,14.943958339039682,10.160780942420148,-3.2792171755779975e-13,28.39155445298831,0.9882414948246998,0.9882414948246998,0.09680982765554987,0.3003684120758757
thermal_tau60_A0.25,thermal,-30.0,19,2026100219,1,60,,0.2500000000000001,0.09574631992893294,0.35654518145349334,14.943958339039682,10.160780942420148,-3.2792171755779975e-13,28.39155445298831,0.9882414948246998,0.9882414948246998,0.09680982765554987,0.3003684120758757
thermal_tau60_A0.25,thermal,-30.0,21,2026100221,1,60,,0.2500000000000001,0.09574631992893294,0.35654518145349334,14.943958339039682,10.160780942420148,-3.2792171755779975e-13,28.39155445298831,0.9882414948246998,0.9882414948246998,0.09680982765554987,0.3003684120758757
thermal_tau60_A0.25,thermal,-30.0,20,2026100220,1,60,,0.2500000000000001,0.09574631992893294,0.35654518145349334,14.943958339039682,10.160780942420148,-3.2792171755779975e-13,28.39155445298831,0.9882414948246998,0.9882414948246998,0.09680982765554987,0.3003684120758757
thermal_tau60_A0.25,thermal,-30.0,23,2026100223,1,60,,0.2500000000000001,0.09574631992893294,0.35654518145349334,14.943958339039682,10.160780942420148,-3.2792171755779975e-13,28.39155445298831,0.9882414948246998,0.9882414948246998,0.09680982765554987,0.3003684120758757
thermal_tau60_A0.25,thermal,-30.0,18,2026100218,0,60,,0.2500000000000001,0.09574631992893294,0.35654518145349334,14.943958339039682,10.160780942420148,-3.2792171755779975e-13,28.39155445298831,0.9882414948246998,0.9882414948246998,0.09680982765554987,0.3003684120758757
thermal_tau60_A0.25,thermal,-30.0,22,2026100222,1,60,,0.2500000000000001,0.09574631992893294,0.35654518145349334,14.943958339039682,10.160780942420148,-3.2792171755779975e-13,28.39155445298831,0.9882414948246998,0.9882414948246998,0.09680982765554987,0.3003684120758757
thermal_tau60_A0.25,thermal,-30.0,27,2026100227,1,60,,0.2500000000000001,0.09574631992893294,0.35654518145349334,14.943958339039682,10.160780942420148,-3.2792171755779975e-13,28.39155445298831,0.9882414948246998,0.9882414948246998,0.09680982765554987,0.3003684120758757
thermal_tau60_A0.25,thermal,-30.0,28,2026100228,1,60,,0.2500000000000001,0.09574631992893294,0.35654518145349334,14.943958339039682,10.160780942420148,-3.2792171755779975e-13,28.39155445298831,0.9882414948246998,0.9882414948246998,0.09680982765554987,0.3003684120758757
thermal_tau60_A0.25,thermal,-30.0,25,2026100225,1,60,,0.2500000000000001,0.09574631992893294,0.35654518145349334,14.943958339039682,10.160780942420148,-3.2792171755779975e-13,28.39155445298831,0.9882414948246998,0.9882414948246998,0.09680982765554987,0.3003684120758757
thermal_tau60_A0.25,thermal,-30.0,24,2026100224,1,60,,0.2500000000000001,0.09574631992893294,0.35654518145349334,14.943958339039682,10.160780942420148,-3.2792171755779975e-13,28.39155445298831,0.9882414948246998,0.9882414948246998,0.09680982765554987,0.3003684120758757
thermal_tau60_A0.25,thermal,-30.0,26,2026100226,1,60,,0.2500000000000001,0.09574631992893294,0.35654518145349334,14.943958339039682,10.160780942420148,-3.2792171755779975e-13,28.39155445298831,0.9882414948246998,0.9882414948246998,0.09680982765554987,0.3003684120758757
thermal_tau60_A0.25,thermal,-30.0,31,2026100231,1,60,,0.2500000000000001,0.09574631992893294,0.35654518145349334,14.943958339039682,10.160780942420148,-3.2792171755779975e-13,28.39155445298831,0.9882414948246998,0.9882414948246998,0.09680982765554987,0.3003684120758757
thermal_tau60_A0.25,thermal,-30.0,30,2026100230,1,60,,0.2500000000000001,0.09574631992893294,0.35654518145349334,14.943958339039682,10.160780942420148,-3.2792171755779975e-13,28.39155445298831,0.9882414948246998,0.9882414948246998,0.09680982765554987,0.3003684120758757
thermal_tau60_A0.25,thermal,-30.0,32,2026100232,1,60,,0.2500000000000001,0.09574631992893294,0.35654518145349334,14.943958339039682,10.160780942420148,-3.2792171755779975e-13,28.39155445298831,0.9882414948246998,0.9882414948246998,0.09680982765554987,0.3003684120758757
thermal_tau60_A0.25,thermal,-30.0,33,2026100233,1,60,,0.2500000000000001,0.09574631992893294,0.35654518145349334,14.943958339039682,10.160780942420148,-3.2792171755779975e-13,28.39155445298831,0.9882414948246998,0.9882414948246998,0.09680982765554987,0.3003684120758757
thermal_tau60_A0.25,thermal,-30.0,34,2026100234,1,60,,0.2500000000000001,0.09574631992893294,0.35654518145349334,14.943958339039682,10.160780942420148,-3.2792171755779975e-13,28.39155445298831,0.9882414948246998,0.9882414948246998,0.09680982765554987,0.3003684120758757
thermal_tau60_A0.25,thermal,-30.0,36,2026100236,1,60,,0.2500000000000001,0.09574631992893294,0.35654518145349334,14.943958339039682,10.160780942420148,-3.2792171755779975e-13,28.39155445298831,0.9882414948246998,0.9882414948246998,0.09680982765554987,0.3003684120758757
thermal_tau60_A0.25,thermal,-30.0,37,2026100237,1,60,,0.2500000000000001,0.09574631992893294,0.35654518145349334,14.943958339039682,10.160780942420148,-3.2792171755779975e-13,28.39155445298831,0.9882414948246998,0.9882414948246998,0.09680982765554987,0.3003684120758757
thermal_tau60_A0.25,thermal,-30.0,29,2026100229,1,60,,0.2500000000000001,0.09574631992893294,0.35654518145349334,14.943958339039682,10.160780942420148,-3.2792171755779975e-13,28.39155445298831,0.9882414948246998,0.9882414948246998,0.09680982765554987,0.3003684120758757
thermal_tau60_A0.25,thermal,-30.0,40,2026100240,1,60,,0.2500000000000001,0.09574631992893294,0.35654518145349334,14.943958339039682,10.160780942420148,-3.2792171755779975e-13,28.39155445298831,0.9882414948246998,0.9882414948246998,0.09680982765554987,0.3003684120758757
thermal_tau60_A0.25,thermal,-30.0,41,2026100241,1,60,,0.2500000000000001,0.09574631992893294,0.35654518145349334,14.943958339039682,10.160780942420148,-3.2792171755779975e-13,28.39155445298831,0.9882414948246998,0.9882414948246998,0.09680982765554987,0.3003684120758757
thermal_tau60_A0.25,thermal,-30.0,35,2026100235,1,60,,0.2500000000000001,0.09574631992893294,0.35654518145349334,14.943958339039682,10.160780942420148,-3.2792171755779975e-13,28.39155445298831,0.9882414948246998,0.9882414948246998,0.09680982765554987,0.3003684120758757
thermal_tau60_A0.25,thermal,-30.0,42,2026100242,1,60,,0.2500000000000001,0.09574631992893294,0.35654518145349334,14.943958339039682,10.160780942420148,-3.2792171755779975e-13,28.39155445298831,0.9882414948246998,0.9882414948246998,0.09680982765554987,0.3003684120758757
thermal_tau60_A0.25,thermal,-30.0,39,2026100239,1,60,,0.2500000000000001,0.09574631992893294,0.35654518145349334,14.943958339039682,10.160780942420148,-3.2792171755779975e-13,28.39155445298831,0.9882414948246998,0.9882414948246998,0.09680982765554987,0.3003684120758757
thermal_tau60_A0.25,thermal,-30.0,43,2026100243,1,60,,0.2500000000000001,0.09574631992893294,0.35654518145349334,14.943958339039682,10.160780942420148,-3.2792171755779975e-13,28.39155445298831,0.9882414948246998,0.9882414948246998,0.09680982765554987,0.3003684120758757
thermal_tau60_A0.25,thermal,-30.0,44,2026100244,1,60,,0.2500000000000001,0.09574631992893294,0.35654518145349334,14.943958339039682,10.160780942420148,-3.2792171755779975e-13,28.39155445298831,0.9882414948246998,0.9882414948246998,0.09680982765554987,0.3003684120758757
thermal_tau60_A0.25,thermal,-30.0,47,2026100247,1,60,,0.2500000000000001,0.09574631992893294,0.35654518145349334,14.943958339039682,10.160780942420148,-3.2792171755779975e-13,28.39155445298831,0.9882414948246998,0.9882414948246998,0.09680982765554987,0.3003684120758757
thermal_tau60_A0.25,thermal,-30.0,45,2026100245,1,60,,0.2500000000000001,0.09574631992893294,0.35654518145349334,14.943958339039682,10.160780942420148,-3.2792171755779975e-13,28.39155445298831,0.9882414948246998,0.9882414948246998,0.09680982765554987,0.3003684120758757
thermal_tau60_A0.25,thermal,-30.0,38,2026100238,0,60,,0.2500000000000001,0.09574631992893294,0.35654518145349334,14.943958339039682,10.160780942420148,-3.2792171755779975e-13,28.39155445298831,0.9882414948246998,0.9882414948246998,0.09680982765554987,0.3003684120758757
thermal_tau60_A0.25,thermal,-30.0,49,2026100249,1,60,,0.2500000000000001,0.09574631992893294,0.35654518145349334,14.943958339039682,10.160780942420148,-3.2792171755779975e-13,28.39155445298831,0.9882414948246998,0.9882414948246998,0.09680982765554987,0.3003684120758757
thermal_tau60_A0.25,thermal,-30.0,46,2026100246,1,60,,0.2500000000000001,0.09574631992893294,0.35654518145349334,14.943958339039682,10.160780942420148,-3.2792171755779975e-13,28.39155445298831,0.9882414948246998,0.9882414948246998,0.09680982765554987,0.3003684120758757
thermal_tau60_A0.25,thermal,-30.0,48,2026100248,1,60,,0.2500000000000001,0.09574631992893294,0.35654518145349334,14.943958339039682,10.160780942420148,-3.2792171755779975e-13,28.39155445298831,0.9882414948246998,0.9882414948246998,0.09680982765554987,0.3003684120758757
thermal_tau60_A0.25,thermal,-30.0,51,2026100251,1,60,,0.2500000000000001,0.09574631992893294,0.35654518145349334,14.943958339039682,10.160780942420148,-3.2792171755779975e-13,28.39155445298831,0.9882414948246998,0.9882414948246998,0.09680982765554987,0.3003684120758757
thermal_tau60_A0.25,thermal,-30.0,52,2026100252,1,60,,0.2500000000000001,0.09574631992893294,0.35654518145349334,14.943958339039682,10.160780942420148,-3.2792171755779975e-13,28.39155445298831,0.9882414948246998,0.9882414948246998,0.09680982765554987,0.3003684120758757
thermal_tau60_A0.25,thermal,-30.0,53,2026100253,1,60,,0.2500000000000001,0.09574631992893294,0.35654518145349334,14.943958339039682,10.160780942420148,-3.2792171755779975e-13,28.39155445298831,0.9882414948246998,0.9882414948246998,0.09680982765554987,0.3003684120758757
thermal_tau60_A0.25,thermal,-30.0,54,2026100254,1,60,,0.2500000000000001,0.09574631992893294,0.35654518145349334,14.943958339039682,10.160780942420148,-3.2792171755779975e-13,28.39155445298831,0.9882414948246998,0.9882414948246998,0.09680982765554987,0.3003684120758757
thermal_tau60_A0.25,thermal,-30.0,55,2026100255,1,60,,0.2500000000000001,0.09574631992893294,0.35654518145349334,14.943958339039682,10.160780942420148,-3.2792171755779975e-13,28.39155445298831,0.9882414948246998,0.9882414948246998,0.09680982765554987,0.3003684120758757
thermal_tau60_A0.25,thermal,-30.0,56,2026100256,1,60,,0.2500000000000001,0.09574631992893294,0.35654518145349334,14.943958339039682,10.160780942420148,-3.2792171755779975e-13,28.39155445298831,0.9882414948246998,0.9882414948246998,0.09680982765554987,0.3003684120758757
thermal_tau60_A0.25,thermal,-30.0,50,2026100250,1,60,,0.2500000000000001,0.09574631992893294,0.35654518145349334,14.943958339039682,10.160780942420148,-3.2792171755779975e-13,28.39155445298831,0.9882414948246998,0.9882414948246998,0.09680982765554987,0.3003684120758757
thermal_tau60_A0.25,thermal,-30.0,60,2026100260,1,60,,0.2500000000000001,0.09574631992893294,0.35654518145349334,14.943958339039682,10.160780942420148,-3.2792171755779975e-13,28.39155445298831,0.9882414948246998,0.9882414948246998,0.09680982765554987,0.3003684120758757
thermal_tau60_A0.25,thermal,-30.0,58,2026100258,1,60,,0.2500000000000001,0.09574631992893294,0.35654518145349334,14.943958339039682,10.160780942420148,-3.2792171755779975e-13,28.39155445298831,0.9882414948246998,0.9882414948246998,0.09680982765554987,0.3003684120758757
thermal_tau60_A0.25,thermal,-30.0,59,2026100259,1,60,,0.2500000000000001,0.09574631992893294,0.35654518145349334,14.943958339039682,10.160780942420148,-3.2792171755779975e-13,28.39155445298831,0.9882414948246998,0.9882414948246998,0.09680982765554987,0.3003684120758757
thermal_tau60_A0.25,thermal,-30.0,62,2026100262,1,60,,0.2500000000000001,0.09574631992893294,0.35654518145349334,14.943958339039682,10.160780942420148,-3.2792171755779975e-13,28.39155445298831,0.9882414948246998,0.9882414948246998,0.09680982765554987,0.3003684120758757
thermal_tau60_A0.25,thermal,-30.0,64,2026100264,1,60,,0.2500000000000001,0.09574631992893294,0.35654518145349334,14.943958339039682,10.160780942420148,-3.2792171755779975e-13,28.39155445298831,0.9882414948246998,0.9882414948246998,0.09680982765554987,0.3003684120758757
thermal_tau60_A0.25,thermal,-30.0,65,2026100265,1,60,,0.2500000000000001,0.09574631992893294,0.35654518145349334,14.943958339039682,10.160780942420148,-3.2792171755779975e-13,28.39155445298831,0.9882414948246998,0.9882414948246998,0.09680982765554987,0.3003684120758757
thermal_tau60_A0.25,thermal,-30.0,57,2026100257,0,60,,0.2500000000000001,0.09574631992893294,0.35654518145349334,14.943958339039682,10.160780942420148,-3.2792171755779975e-13,28.39155445298831,0.9882414948246998,0.9882414948246998,0.09680982765554987,0.3003684120758757
thermal_tau60_A0.25,thermal,-30.0,66,2026100266,1,60,,0.2500000000000001,0.09574631992893294,0.35654518145349334,14.943958339039682,10.160780942420148,-3.2792171755779975e-13,28.39155445298831,0.9882414948246998,0.9882414948246998,0.09680982765554987,0.3003684120758757
thermal_tau60_A0.25,thermal,-30.0,67,2026100267,1,60,,0.2500000000000001,0.09574631992893294,0.35654518145349334,14.943958339039682,10.160780942420148,-3.2792171755779975e-13,28.39155445298831,0.9882414948246998,0.9882414948246998,0.09680982765554987,0.3003684120758757
thermal_tau60_A0.25,thermal,-30.0,61,2026100261,0,60,,0.2500000000000001,0.09574631992893294,0.35654518145349334,14.943958339039682,10.160780942420148,-3.2792171755779975e-13,28.39155445298831,0.9882414948246998,0.9882414948246998,0.09680982765554987,0.3003684120758757
thermal_tau60_A0.25,thermal,-30.0,68,2026100268,1,60,,0.2500000000000001,0.09574631992893294,0.35654518145349334,14.943958339039682,10.160780942420148,-3.2792171755779975e-13,28.39155445298831,0.9882414948246998,0.9882414948246998,0.09680982765554987,0.3003684120758757
thermal_tau60_A0.25,thermal,-30.0,69,2026100269,1,60,,0.2500000000000001,0.09574631992893294,0.35654518145349334,14.943958339039682,10.160780942420148,-3.2792171755779975e-13,28.39155445298831,0.9882414948246998,0.9882414948246998,0.09680982765554987,0.3003684120758757
thermal_tau60_A0.25,thermal,-30.0,63,2026100263,0,60,,0.2500000000000001,0.09574631992893294,0.35654518145349334,14.943958339039682,10.160780942420148,-3.2792171755779975e-13,28.39155445298831,0.9882414948246998,0.9882414948246998,0.09680982765554987,0.3003684120758757
thermal_tau60_A0.25,thermal,-30.0,70,2026100270,1,60,,0.2500000000000001,0.09574631992893294,0.35654518145349334,14.943958339039682,10.160780942420148,-3.2792171755779975e-13,28.39155445298831,0.9882414948246998,0.9882414948246998,0.09680982765554987,0.3003684120758757
thermal_tau60_A0.25,thermal,-30.0,71,2026100271,1,60,,0.2500000000000001,0.09574631992893294,0.35654518145349334,14.943958339039682,10.160780942420148,-3.2792171755779975e-13,28.39155445298831,0.9882414948246998,0.9882414948246998,0.09680982765554987,0.3003684120758757
thermal_tau60_A0.25,thermal,-30.0,72,2026100272,1,60,,0.2500000000000001,0.09574631992893294,0.35654518145349334,14.943958339039682,10.160780942420148,-3.2792171755779975e-13,28.39155445298831,0.9882414948246998,0.9882414948246998,0.09680982765554987,0.3003684120758757
thermal_tau60_A0.25,thermal,-30.0,73,2026100273,1,60,,0.2500000000000001,0.09574631992893294,0.35654518145349334,14.943958339039682,10.160780942420148,-3.2792171755779975e-13,28.39155445298831,0.9882414948246998,0.9882414948246998,0.09680982765554987,0.3003684120758757
thermal_tau60_A0.25,thermal,-30.0,76,2026100276,1,60,,0.2500000000000001,0.09574631992893294,0.35654518145349334,14.943958339039682,10.160780942420148,-3.2792171755779975e-13,28.39155445298831,0.9882414948246998,0.9882414948246998,0.09680982765554987,0.3003684120758757
thermal_tau60_A0.25,thermal,-30.0,74,2026100274,1,60,,0.2500000000000001,0.09574631992893294,0.35654518145349334,14.943958339039682,10.160780942420148,-3.2792171755779975e-13,28.39155445298831,0.9882414948246998,0.9882414948246998,0.09680982765554987,0.3003684120758757
thermal_tau60_A0.25,thermal,-30.0,79,2026100279,1,60,,0.2500000000000001,0.09574631992893294,0.35654518145349334,14.943958339039682,10.160780942420148,-3.2792171755779975e-13,28.39155445298831,0.9882414948246998,0.9882414948246998,0.09680982765554987,0.3003684120758757
thermal_tau60_A0.25,thermal,-30.0,80,2026100280,1,60,,0.2500000000000001,0.09574631992893294,0.35654518145349334,14.943958339039682,10.160780942420148,-3.2792171755779975e-13,28.39155445298831,0.9882414948246998,0.9882414948246998,0.09680982765554987,0.3003684120758757
thermal_tau60_A0.25,thermal,-30.0,75,2026100275,1,60,,0.2500000000000001,0.09574631992893294,0.35654518145349334,14.943958339039682,10.160780942420148,-3.2792171755779975e-13,28.39155445298831,0.9882414948246998,0.9882414948246998,0.09680982765554987,0.3003684120758757
thermal_tau60_A0.25,thermal,-30.0,77,2026100277,1,60,,0.2500000000000001,0.09574631992893294,0.35654518145349334,14.943958339039682,10.160780942420148,-3.2792171755779975e-13,28.39155445298831,0.9882414948246998,0.9882414948246998,0.09680982765554987,0.3003684120758757
thermal_tau60_A0.25,thermal,-30.0,78,2026100278,1,60,,0.2500000000000001,0.09574631992893294,0.35654518145349334,14.943958339039682,10.160780942420148,-3.2792171755779975e-13,28.39155445298831,0.9882414948246998,0.9882414948246998,0.09680982765554987,0.3003684120758757
thermal_tau60_A0.25,thermal,-30.0,83,2026100283,1,60,,0.2500000000000001,0.09574631992893294,0.35654518145349334,14.943958339039682,10.160780942420148,-3.2792171755779975e-13,28.39155445298831,0.9882414948246998,0.9882414948246998,0.09680982765554987,0.3003684120758757
thermal_tau60_A0.25,thermal,-30.0,85,2026100285,1,60,,0.2500000000000001,0.09574631992893294,0.35654518145349334,14.943958339039682,10.160780942420148,-3.2792171755779975e-13,28.39155445298831,0.9882414948246998,0.9882414948246998,0.09680982765554987,0.3003684120758757
thermal_tau60_A0.25,thermal,-30.0,86,2026100286,1,60,,0.2500000000000001,0.09574631992893294,0.35654518145349334,14.943958339039682,10.160780942420148,-3.2792171755779975e-13,28.39155445298831,0.9882414948246998,0.9882414948246998,0.09680982765554987,0.3003684120758757
thermal_tau60_A0.25,thermal,-30.0,82,2026100282,1,60,,0.2500000000000001,0.09574631992893294,0.35654518145349334,14.943958339039682,10.160780942420148,-3.2792171755779975e-13,28.39155445298831,0.9882414948246998,0.9882414948246998,0.09680982765554987,0.3003684120758757
thermal_tau60_A0.25,thermal,-30.0,81,2026100281,1,60,,0.2500000000000001,0.09574631992893294,0.35654518145349334,14.943958339039682,10.160780942420148,-3.2792171755779975e-13,28.39155445298831,0.9882414948246998,0.9882414948246998,0.09680982765554987,0.3003684120758757
thermal_tau60_A0.25,thermal,-30.0,89,2026100289,1,60,,0.2500000000000001,0.09574631992893294,0.35654518145349334,14.943958339039682,10.160780942420148,-3.2792171755779975e-13,28.39155445298831,0.9882414948246998,0.9882414948246998,0.09680982765554987,0.3003684120758757
thermal_tau60_A0.25,thermal,-30.0,90,2026100290,1,60,,0.2500000000000001,0.09574631992893294,0.35654518145349334,14.943958339039682,10.160780942420148,-3.2792171755779975e-13,28.39155445298831,0.9882414948246998,0.9882414948246998,0.09680982765554987,0.3003684120758757
thermal_tau60_A0.25,thermal,-30.0,87,2026100287,1,60,,0.2500000000000001,0.09574631992893294,0.35654518145349334,14.943958339039682,10.160780942420148,-3.2792171755779975e-13,28.39155445298831,0.9882414948246998,0.9882414948246998,0.09680982765554987,0.3003684120758757
thermal_tau60_A0.25,thermal,-30.0,88,2026100288,1,60,,0.2500000000000001,0.09574631992893294,0.35654518145349334,14.943958339039682,10.160780942420148,-3.2792171755779975e-13,28.39155445298831,0.9882414948246998,0.9882414948246998,0.09680982765554987,0.3003684120758757
thermal_tau60_A0.25,thermal,-30.0,84,2026100284,0,60,,0.2500000000000001,0.09574631992893294,0.35654518145349334,14.943958339039682,10.160780942420148,-3.2792171755779975e-13,28.39155445298831,0.9882414948246998,0.9882414948246998,0.09680982765554987,0.3003684120758757
thermal_tau60_A0.25,thermal,-30.0,93,2026100293,1,60,,0.2500000000000001,0.09574631992893294,0.35654518145349334,14.943958339039682,10.160780942420148,-3.2792171755779975e-13,28.39155445298831,0.9882414948246998,0.9882414948246998,0.09680982765554987,0.3003684120758757
thermal_tau60_A0.25,thermal,-30.0,94,2026100294,1,60,,0.2500000000000001,0.09574631992893294,0.35654518145349334,14.943958339039682,10.160780942420148,-3.2792171755779975e-13,28.39155445298831,0.9882414948246998,0.9882414948246998,0.09680982765554987,0.3003684120758757
thermal_tau60_A0.25,thermal,-30.0,91,2026100291,0,60,,0.2500000000000001,0.09574631992893294,0.35654518145349334,14.943958339039682,10.160780942420148,-3.2792171755779975e-13,28.39155445298831,0.9882414948246998,0.9882414948246998,0.09680982765554987,0.3003684120758757
thermal_tau60_A0.25,thermal,-30.0,96,2026100296,1,60,,0.2500000000000001,0.09574631992893294,0.35654518145349334,14.943958339039682,10.160780942420148,-3.2792171755779975e-13,28.39155445298831,0.9882414948246998,0.9882414948246998,0.09680982765554987,0.3003684120758757
thermal_tau60_A0.25,thermal,-30.0,98,2026100298,1,60,,0.2500000000000001,0.09574631992893294,0.35654518145349334,14.943958339039682,10.160780942420148,-3.2792171755779975e-13,28.39155445298831,0.9882414948246998,0.9882414948246998,0.09680982765554987,0.3003684120758757
thermal_tau60_A0.25,thermal,-30.0,92,2026100292,0,60,,0.2500000000000001,0.09574631992893294,0.35654518145349334,14.943958339039682,10.160780942420148,-3.2792171755779975e-13,28.39155445298831,0.9882414948246998,0.9882414948246998,0.09680982765554987,0.3003684120758757
thermal_tau60_A0.25,thermal,-30.0,97,2026100297,1,60,,0.2500000000000001,0.09574631992893294,0.35654518145349334,14.943958339039682,10.160780942420148,-3.2792171755779975e-13,28.39155445298831,0.9882414948246998,0.9882414948246998,0.09680982765554987,0.3003684120758757
thermal_tau60_A0.25,thermal,-30.0,95,2026100295,0,60,,0.2500000000000001,0.09574631992893294,0.35654518145349334,14.943958339039682,10.160780942420148,-3.2792171755779975e-13,28.39155445298831,0.9882414948246998,0.9882414948246998,0.09680982765554987,0.3003684120758757
thermal_tau60_A0.25,thermal,-30.0,99,2026100299,1,60,,0.2500000000000001,0.09574631992893294,0.35654518145349334,14.943958339039682,10.160780942420148,-3.2792171755779975e-13,28.39155445298831,0.9882414948246998,0.9882414948246998,0.09680982765554987,0.3003684120758757
thermal_tau60_A0.50,thermal,-30.0,3,2026100203,1,60,,0.5000000000000002,0.19149263985786588,0.7130903629069867,29.887916678079364,20.321561884840296,-6.558434351155995e-13,56.78310890597662,0.9882414948246998,0.9882414948246998,0.09680982765554987,0.3003684120758757
thermal_tau60_A0.50,thermal,-30.0,0,2026100200,0,60,,0.5000000000000002,0.19149263985786588,0.7130903629069867,29.887916678079364,20.321561884840296,-6.558434351155995e-13,56.78310890597662,0.9882414948246998,0.9882414948246998,0.09680982765554987,0.3003684120758757
thermal_tau60_A0.50,thermal,-30.0,4,2026100204,1,60,,0.5000000000000002,0.19149263985786588,0.7130903629069867,29.887916678079364,20.321561884840296,-6.558434351155995e-13,56.78310890597662,0.9882414948246998,0.9882414948246998,0.09680982765554987,0.3003684120758757
thermal_tau60_A0.50,thermal,-30.0,1,2026100201,0,60,,0.5000000000000002,0.19149263985786588,0.7130903629069867,29.887916678079364,20.321561884840296,-6.558434351155995e-13,56.78310890597662,0.9882414948246998,0.9882414948246998,0.09680982765554987,0.3003684120758757
thermal_tau60_A0.50,thermal,-30.0,2,2026100202,0,60,,0.5000000000000002,0.19149263985786588,0.7130903629069867,29.887916678079364,20.321561884840296,-6.558434351155995e-13,56.78310890597662,0.9882414948246998,0.9882414948246998,0.09680982765554987,0.3003684120758757
thermal_tau60_A0.50,thermal,-30.0,8,2026100208,1,60,,0.5000000000000002,0.19149263985786588,0.7130903629069867,29.887916678079364,20.321561884840296,-6.558434351155995e-13,56.78310890597662,0.9882414948246998,0.9882414948246998,0.09680982765554987,0.3003684120758757
thermal_tau60_A0.50,thermal,-30.0,5,2026100205,1,60,,0.5000000000000002,0.19149263985786588,0.7130903629069867,29.887916678079364,20.321561884840296,-6.558434351155995e-13,56.78310890597662,0.9882414948246998,0.9882414948246998,0.09680982765554987,0.3003684120758757
thermal_tau60_A0.50,thermal,-30.0,9,2026100209,1,60,,0.5000000000000002,0.19149263985786588,0.7130903629069867,29.887916678079364,20.321561884840296,-6.558434351155995e-13,56.78310890597662,0.9882414948246998,0.9882414948246998,0.09680982765554987,0.3003684120758757
thermal_tau60_A0.50,thermal,-30.0,10,2026100210,1,60,,0.5000000000000002,0.19149263985786588,0.7130903629069867,29.887916678079364,20.321561884840296,-6.558434351155995e-13,56.78310890597662,0.9882414948246998,0.9882414948246998,0.09680982765554987,0.3003684120758757
thermal_tau60_A0.50,thermal,-30.0,6,2026100206,0,60,,0.5000000000000002,0.19149263985786588,0.7130903629069867,29.887916678079364,20.321561884840296,-6.558434351155995e-13,56.78310890597662,0.9882414948246998,0.9882414948246998,0.09680982765554987,0.3003684120758757
thermal_tau60_A0.50,thermal,-30.0,7,2026100207,0,60,,0.5000000000000002,0.19149263985786588,0.7130903629069867,29.887916678079364,20.321561884840296,-6.558434351155995e-13,56.78310890597662,0.9882414948246998,0.9882414948246998,0.09680982765554987,0.3003684120758757
thermal_tau60_A0.50,thermal,-30.0,12,2026100212,1,60,,0.5000000000000002,0.19149263985786588,0.7130903629069867,29.887916678079364,20.321561884840296,-6.558434351155995e-13,56.78310890597662,0.9882414948246998,0.9882414948246998,0.09680982765554987,0.3003684120758757
thermal_tau60_A0.50,thermal,-30.0,15,2026100215,1,60,,0.5000000000000002,0.19149263985786588,0.7130903629069867,29.887916678079364,20.321561884840296,-6.558434351155995e-13,56.78310890597662,0.9882414948246998,0.9882414948246998,0.09680982765554987,0.3003684120758757
thermal_tau60_A0.50,thermal,-30.0,16,2026100216,1,60,,0.5000000000000002,0.19149263985786588,0.7130903629069867,29.887916678079364,20.321561884840296,-6.558434351155995e-13,56.78310890597662,0.9882414948246998,0.9882414948246998,0.09680982765554987,0.3003684120758757
thermal_tau60_A0.50,thermal,-30.0,11,2026100211,0,60,,0.5000000000000002,0.19149263985786588,0.7130903629069867,29.887916678079364,20.321561884840296,-6.558434351155995e-13,56.78310890597662,0.9882414948246998,0.9882414948246998,0.09680982765554987,0.3003684120758757
thermal_tau60_A0.50,thermal,-30.0,13,2026100213,0,60,,0.5000000000000002,0.19149263985786588,0.7130903629069867,29.887916678079364,20.321561884840296,-6.558434351155995e-13,56.78310890597662,0.9882414948246998,0.9882414948246998,0.09680982765554987,0.3003684120758757
thermal_tau60_A0.50,thermal,-30.0,14,2026100214,0,60,,0.5000000000000002,0.19149263985786588,0.7130903629069867,29.887916678079364,20.321561884840296,-6.558434351155995e-13,56.78310890597662,0.9882414948246998,0.9882414948246998,0.09680982765554987,0.3003684120758757
thermal_tau60_A0.50,thermal,-30.0,19,2026100219,1,60,,0.5000000000000002,0.19149263985786588,0.7130903629069867,29.887916678079364,20.321561884840296,-6.558434351155995e-13,56.78310890597662,0.9882414948246998,0.9882414948246998,0.09680982765554987,0.3003684120758757
thermal_tau60_A0.50,thermal,-30.0,21,2026100221,1,60,,0.5000000000000002,0.19149263985786588,0.7130903629069867,29.887916678079364,20.321561884840296,-6.558434351155995e-13,56.78310890597662,0.9882414948246998,0.9882414948246998,0.09680982765554987,0.3003684120758757
thermal_tau60_A0.50,thermal,-30.0,17,2026100217,0,60,,0.5000000000000002,0.19149263985786588,0.7130903629069867,29.887916678079364,20.321561884840296,-6.558434351155995e-13,56.78310890597662,0.9882414948246998,0.9882414948246998,0.09680982765554987,0.3003684120758757
thermal_tau60_A0.50,thermal,-30.0,20,2026100220,1,60,,0.5000000000000002,0.19149263985786588,0.7130903629069867,29.887916678079364,20.321561884840296,-6.558434351155995e-13,56.78310890597662,0.9882414948246998,0.9882414948246998,0.09680982765554987,0.3003684120758757
thermal_tau60_A0.50,thermal,-30.0,22,2026100222,1,60,,0.5000000000000002,0.19149263985786588,0.7130903629069867,29.887916678079364,20.321561884840296,-6.558434351155995e-13,56.78310890597662,0.9882414948246998,0.9882414948246998,0.09680982765554987,0.3003684120758757
thermal_tau60_A0.50,thermal,-30.0,18,2026100218,0,60,,0.5000000000000002,0.19149263985786588,0.7130903629069867,29.887916678079364,20.321561884840296,-6.558434351155995e-13,56.78310890597662,0.9882414948246998,0.9882414948246998,0.09680982765554987,0.3003684120758757
thermal_tau60_A0.50,thermal,-30.0,25,2026100225,1,60,,0.5000000000000002,0.19149263985786588,0.7130903629069867,29.887916678079364,20.321561884840296,-6.558434351155995e-13,56.78310890597662,0.9882414948246998,0.9882414948246998,0.09680982765554987,0.3003684120758757
thermal_tau60_A0.50,thermal,-30.0,27,2026100227,1,60,,0.5000000000000002,0.19149263985786588,0.7130903629069867,29.887916678079364,20.321561884840296,-6.558434351155995e-13,56.78310890597662,0.9882414948246998,0.9882414948246998,0.09680982765554987,0.3003684120758757
thermal_tau60_A0.50,thermal,-30.0,23,2026100223,0,60,,0.5000000000000002,0.19149263985786588,0.7130903629069867,29.887916678079364,20.321561884840296,-6.558434351155995e-13,56.78310890597662,0.9882414948246998,0.9882414948246998,0.09680982765554987,0.3003684120758757
thermal_tau60_A0.50,thermal,-30.0,29,2026100229,1,60,,0.5000000000000002,0.19149263985786588,0.7130903629069867,29.887916678079364,20.321561884840296,-6.558434351155995e-13,56.78310890597662,0.9882414948246998,0.9882414948246998,0.09680982765554987,0.3003684120758757
thermal_tau60_A0.50,thermal,-30.0,28,2026100228,1,60,,0.5000000000000002,0.19149263985786588,0.7130903629069867,29.887916678079364,20.321561884840296,-6.558434351155995e-13,56.78310890597662,0.9882414948246998,0.9882414948246998,0.09680982765554987,0.3003684120758757
thermal_tau60_A0.50,thermal,-30.0,30,2026100230,1,60,,0.5000000000000002,0.19149263985786588,0.7130903629069867,29.887916678079364,20.321561884840296,-6.558434351155995e-13,56.78310890597662,0.9882414948246998,0.9882414948246998,0.09680982765554987,0.3003684120758757
thermal_tau60_A0.50,thermal,-30.0,24,2026100224,0,60,,0.5000000000000002,0.19149263985786588,0.7130903629069867,29.887916678079364,20.321561884840296,-6.558434351155995e-13,56.78310890597662,0.9882414948246998,0.9882414948246998,0.09680982765554987,0.3003684120758757
thermal_tau60_A0.50,thermal,-30.0,31,2026100231,1,60,,0.5000000000000002,0.19149263985786588,0.7130903629069867,29.887916678079364,20.321561884840296,-6.558434351155995e-13,56.78310890597662,0.9882414948246998,0.9882414948246998,0.09680982765554987,0.3003684120758757
thermal_tau60_A0.50,thermal,-30.0,26,2026100226,0,60,,0.5000000000000002,0.19149263985786588,0.7130903629069867,29.887916678079364,20.321561884840296,-6.558434351155995e-13,56.78310890597662,0.9882414948246998,0.9882414948246998,0.09680982765554987,0.3003684120758757
thermal_tau60_A0.50,thermal,-30.0,35,2026100235,1,60,,0.5000000000000002,0.19149263985786588,0.7130903629069867,29.887916678079364,20.321561884840296,-6.558434351155995e-13,56.78310890597662,0.9882414948246998,0.9882414948246998,0.09680982765554987,0.3003684120758757
thermal_tau60_A0.50,thermal,-30.0,32,2026100232,0,60,,0.5000000000000002,0.19149263985786588,0.7130903629069867,29.887916678079364,20.321561884840296,-6.558434351155995e-13,56.78310890597662,0.9882414948246998,0.9882414948246998,0.09680982765554987,0.3003684120758757
thermal_tau60_A0.50,thermal,-30.0,33,2026100233,0,60,,0.5000000000000002,0.19149263985786588,0.7130903629069867,29.887916678079364,20.321561884840296,-6.558434351155995e-13,56.78310890597662,0.9882414948246998,0.9882414948246998,0.09680982765554987,0.3003684120758757
thermal_tau60_A0.50,thermal,-30.0,34,2026100234,0,60,,0.5000000000000002,0.19149263985786588,0.7130903629069867,29.887916678079364,20.321561884840296,-6.558434351155995e-13,56.78310890597662,0.9882414948246998,0.9882414948246998,0.09680982765554987,0.3003684120758757
thermal_tau60_A0.50,thermal,-30.0,36,2026100236,1,60,,0.5000000000000002,0.19149263985786588,0.7130903629069867,29.887916678079364,20.321561884840296,-6.558434351155995e-13,56.78310890597662,0.9882414948246998,0.9882414948246998,0.09680982765554987,0.3003684120758757
thermal_tau60_A0.50,thermal,-30.0,37,2026100237,1,60,,0.5000000000000002,0.19149263985786588,0.7130903629069867,29.887916678079364,20.321561884840296,-6.558434351155995e-13,56.78310890597662,0.9882414948246998,0.9882414948246998,0.09680982765554987,0.3003684120758757
thermal_tau60_A0.50,thermal,-30.0,41,2026100241,1,60,,0.5000000000000002,0.19149263985786588,0.7130903629069867,29.887916678079364,20.321561884840296,-6.558434351155995e-13,56.78310890597662,0.9882414948246998,0.9882414948246998,0.09680982765554987,0.3003684120758757
thermal_tau60_A0.50,thermal,-30.0,42,2026100242,1,60,,0.5000000000000002,0.19149263985786588,0.7130903629069867,29.887916678079364,20.321561884840296,-6.558434351155995e-13,56.78310890597662,0.9882414948246998,0.9882414948246998,0.09680982765554987,0.3003684120758757
thermal_tau60_A0.50,thermal,-30.0,43,2026100243,1,60,,0.5000000000000002,0.19149263985786588,0.7130903629069867,29.887916678079364,20.321561884840296,-6.558434351155995e-13,56.78310890597662,0.9882414948246998,0.9882414948246998,0.09680982765554987,0.3003684120758757
thermal_tau60_A0.50,thermal,-30.0,38,2026100238,0,60,,0.5000000000000002,0.19149263985786588,0.7130903629069867,29.887916678079364,20.321561884840296,-6.558434351155995e-13,56.78310890597662,0.9882414948246998,0.9882414948246998,0.09680982765554987,0.3003684120758757
thermal_tau60_A0.50,thermal,-30.0,39,2026100239,0,60,,0.5000000000000002,0.19149263985786588,0.7130903629069867,29.887916678079364,20.321561884840296,-6.558434351155995e-13,56.78310890597662,0.9882414948246998,0.9882414948246998,0.09680982765554987,0.3003684120758757
thermal_tau60_A0.50,thermal,-30.0,45,2026100245,1,60,,0.5000000000000002,0.19149263985786588,0.7130903629069867,29.887916678079364,20.321561884840296,-6.558434351155995e-13,56.78310890597662,0.9882414948246998,0.9882414948246998,0.09680982765554987,0.3003684120758757
thermal_tau60_A0.50,thermal,-30.0,40,2026100240,0,60,,0.5000000000000002,0.19149263985786588,0.7130903629069867,29.887916678079364,20.321561884840296,-6.558434351155995e-13,56.78310890597662,0.9882414948246998,0.9882414948246998,0.09680982765554987,0.3003684120758757
thermal_tau60_A0.50,thermal,-30.0,47,2026100247,1,60,,0.5000000000000002,0.19149263985786588,0.7130903629069867,29.887916678079364,20.321561884840296,-6.558434351155995e-13,56.78310890597662,0.9882414948246998,0.9882414948246998,0.09680982765554987,0.3003684120758757
thermal_tau60_A0.50,thermal,-30.0,44,2026100244,0,60,,0.5000000000000002,0.19149263985786588,0.7130903629069867,29.887916678079364,20.321561884840296,-6.558434351155995e-13,56.78310890597662,0.9882414948246998,0.9882414948246998,0.09680982765554987,0.3003684120758757
thermal_tau60_A0.50,thermal,-30.0,49,2026100249,1,60,,0.5000000000000002,0.19149263985786588,0.7130903629069867,29.887916678079364,20.321561884840296,-6.558434351155995e-13,56.78310890597662,0.9882414948246998,0.9882414948246998,0.09680982765554987,0.3003684120758757
thermal_tau60_A0.50,thermal,-30.0,46,2026100246,0,60,,0.5000000000000002,0.19149263985786588,0.7130903629069867,29.887916678079364,20.321561884840296,-6.558434351155995e-13,56.78310890597662,0.9882414948246998,0.9882414948246998,0.09680982765554987,0.3003684120758757
thermal_tau60_A0.50,thermal,-30.0,52,2026100252,1,60,,0.5000000000000002,0.19149263985786588,0.7130903629069867,29.887916678079364,20.321561884840296,-6.558434351155995e-13,56.78310890597662,0.9882414948246998,0.9882414948246998,0.09680982765554987,0.3003684120758757
thermal_tau60_A0.50,thermal,-30.0,48,2026100248,0,60,,0.5000000000000002,0.19149263985786588,0.7130903629069867,29.887916678079364,20.321561884840296,-6.558434351155995e-13,56.78310890597662,0.9882414948246998,0.9882414948246998,0.09680982765554987,0.3003684120758757
thermal_tau60_A0.50,thermal,-30.0,53,2026100253,1,60,,0.5000000000000002,0.19149263985786588,0.7130903629069867,29.887916678079364,20.321561884840296,-6.558434351155995e-13,56.78310890597662,0.9882414948246998,0.9882414948246998,0.09680982765554987,0.3003684120758757
thermal_tau60_A0.50,thermal,-30.0,54,2026100254,1,60,,0.5000000000000002,0.19149263985786588,0.7130903629069867,29.887916678079364,20.321561884840296,-6.558434351155995e-13,56.78310890597662,0.9882414948246998,0.9882414948246998,0.09680982765554987,0.3003684120758757
thermal_tau60_A0.50,thermal,-30.0,56,2026100256,1,60,,0.5000000000000002,0.19149263985786588,0.7130903629069867,29.887916678079364,20.321561884840296,-6.558434351155995e-13,56.78310890597662,0.9882414948246998,0.9882414948246998,0.09680982765554987,0.3003684120758757
thermal_tau60_A0.50,thermal,-30.0,50,2026100250,0,60,,0.5000000000000002,0.19149263985786588,0.7130903629069867,29.887916678079364,20.321561884840296,-6.558434351155995e-13,56.78310890597662,0.9882414948246998,0.9882414948246998,0.09680982765554987,0.3003684120758757
thermal_tau60_A0.50,thermal,-30.0,51,2026100251,0,60,,0.5000000000000002,0.19149263985786588,0.7130903629069867,29.887916678079364,20.321561884840296,-6.558434351155995e-13,56.78310890597662,0.9882414948246998,0.9882414948246998,0.09680982765554987,0.3003684120758757
thermal_tau60_A0.50,thermal,-30.0,59,2026100259,1,60,,0.5000000000000002,0.19149263985786588,0.7130903629069867,29.887916678079364,20.321561884840296,-6.558434351155995e-13,56.78310890597662,0.9882414948246998,0.9882414948246998,0.09680982765554987,0.3003684120758757
thermal_tau60_A0.50,thermal,-30.0,57,2026100257,1,60,,0.5000000000000002,0.19149263985786588,0.7130903629069867,29.887916678079364,20.321561884840296,-6.558434351155995e-13,56.78310890597662,0.9882414948246998,0.9882414948246998,0.09680982765554987,0.3003684120758757
thermal_tau60_A0.50,thermal,-30.0,60,2026100260,1,60,,0.5000000000000002,0.19149263985786588,0.7130903629069867,29.887916678079364,20.321561884840296,-6.558434351155995e-13,56.78310890597662,0.9882414948246998,0.9882414948246998,0.09680982765554987,0.3003684120758757
thermal_tau60_A0.50,thermal,-30.0,55,2026100255,0,60,,0.5000000000000002,0.19149263985786588,0.7130903629069867,29.887916678079364,20.321561884840296,-6.558434351155995e-13,56.78310890597662,0.9882414948246998,0.9882414948246998,0.09680982765554987,0.3003684120758757
thermal_tau60_A0.50,thermal,-30.0,62,2026100262,1,60,,0.5000000000000002,0.19149263985786588,0.7130903629069867,29.887916678079364,20.321561884840296,-6.558434351155995e-13,56.78310890597662,0.9882414948246998,0.9882414948246998,0.09680982765554987,0.3003684120758757
thermal_tau60_A0.50,thermal,-30.0,58,2026100258,0,60,,0.5000000000000002,0.19149263985786588,0.7130903629069867,29.887916678079364,20.321561884840296,-6.558434351155995e-13,56.78310890597662,0.9882414948246998,0.9882414948246998,0.09680982765554987,0.3003684120758757
thermal_tau60_A0.50,thermal,-30.0,65,2026100265,1,60,,0.5000000000000002,0.19149263985786588,0.7130903629069867,29.887916678079364,20.321561884840296,-6.558434351155995e-13,56.78310890597662,0.9882414948246998,0.9882414948246998,0.09680982765554987,0.3003684120758757
thermal_tau60_A0.50,thermal,-30.0,61,2026100261,0,60,,0.5000000000000002,0.19149263985786588,0.7130903629069867,29.887916678079364,20.321561884840296,-6.558434351155995e-13,56.78310890597662,0.9882414948246998,0.9882414948246998,0.09680982765554987,0.3003684120758757
thermal_tau60_A0.50,thermal,-30.0,63,2026100263,0,60,,0.5000000000000002,0.19149263985786588,0.7130903629069867,29.887916678079364,20.321561884840296,-6.558434351155995e-13,56.78310890597662,0.9882414948246998,0.9882414948246998,0.09680982765554987,0.3003684120758757
thermal_tau60_A0.50,thermal,-30.0,64,2026100264,0,60,,0.5000000000000002,0.19149263985786588,0.7130903629069867,29.887916678079364,20.321561884840296,-6.558434351155995e-13,56.78310890597662,0.9882414948246998,0.9882414948246998,0.09680982765554987,0.3003684120758757
thermal_tau60_A0.50,thermal,-30.0,68,2026100268,1,60,,0.5000000000000002,0.19149263985786588,0.7130903629069867,29.887916678079364,20.321561884840296,-6.558434351155995e-13,56.78310890597662,0.9882414948246998,0.9882414948246998,0.09680982765554987,0.3003684120758757
thermal_tau60_A0.50,thermal,-30.0,66,2026100266,0,60,,0.5000000000000002,0.19149263985786588,0.7130903629069867,29.887916678079364,20.321561884840296,-6.558434351155995e-13,56.78310890597662,0.9882414948246998,0.9882414948246998,0.09680982765554987,0.3003684120758757
thermal_tau60_A0.50,thermal,-30.0,70,2026100270,1,60,,0.5000000000000002,0.19149263985786588,0.7130903629069867,29.887916678079364,20.321561884840296,-6.558434351155995e-13,56.78310890597662,0.9882414948246998,0.9882414948246998,0.09680982765554987,0.3003684120758757
thermal_tau60_A0.50,thermal,-30.0,67,2026100267,0,60,,0.5000000000000002,0.19149263985786588,0.7130903629069867,29.887916678079364,20.321561884840296,-6.558434351155995e-13,56.78310890597662,0.9882414948246998,0.9882414948246998,0.09680982765554987,0.3003684120758757
thermal_tau60_A0.50,thermal,-30.0,72,2026100272,1,60,,0.5000000000000002,0.19149263985786588,0.7130903629069867,29.887916678079364,20.321561884840296,-6.558434351155995e-13,56.78310890597662,0.9882414948246998,0.9882414948246998,0.09680982765554987,0.3003684120758757
thermal_tau60_A0.50,thermal,-30.0,69,2026100269,0,60,,0.5000000000000002,0.19149263985786588,0.7130903629069867,29.887916678079364,20.321561884840296,-6.558434351155995e-13,56.78310890597662,0.9882414948246998,0.9882414948246998,0.09680982765554987,0.3003684120758757
thermal_tau60_A0.50,thermal,-30.0,73,2026100273,1,60,,0.5000000000000002,0.19149263985786588,0.7130903629069867,29.887916678079364,20.321561884840296,-6.558434351155995e-13,56.78310890597662,0.9882414948246998,0.9882414948246998,0.09680982765554987,0.3003684120758757
thermal_tau60_A0.50,thermal,-30.0,71,2026100271,0,60,,0.5000000000000002,0.19149263985786588,0.7130903629069867,29.887916678079364,20.321561884840296,-6.558434351155995e-13,56.78310890597662,0.9882414948246998,0.9882414948246998,0.09680982765554987,0.3003684120758757
thermal_tau60_A0.50,thermal,-30.0,76,2026100276,1,60,,0.5000000000000002,0.19149263985786588,0.7130903629069867,29.887916678079364,20.321561884840296,-6.558434351155995e-13,56.78310890597662,0.9882414948246998,0.9882414948246998,0.09680982765554987,0.3003684120758757
thermal_tau60_A0.50,thermal,-30.0,74,2026100274,0,60,,0.5000000000000002,0.19149263985786588,0.7130903629069867,29.887916678079364,20.321561884840296,-6.558434351155995e-13,56.78310890597662,0.9882414948246998,0.9882414948246998,0.09680982765554987,0.3003684120758757
thermal_tau60_A0.50,thermal,-30.0,75,2026100275,0,60,,0.5000000000000002,0.19149263985786588,0.7130903629069867,29.887916678079364,20.321561884840296,-6.558434351155995e-13,56.78310890597662,0.9882414948246998,0.9882414948246998,0.09680982765554987,0.3003684120758757
thermal_tau60_A0.50,thermal,-30.0,80,2026100280,1,60,,0.5000000000000002,0.19149263985786588,0.7130903629069867,29.887916678079364,20.321561884840296,-6.558434351155995e-13,56.78310890597662,0.9882414948246998,0.9882414948246998,0.09680982765554987,0.3003684120758757
thermal_tau60_A0.50,thermal,-30.0,77,2026100277,0,60,,0.5000000000000002,0.19149263985786588,0.7130903629069867,29.887916678079364,20.321561884840296,-6.558434351155995e-13,56.78310890597662,0.9882414948246998,0.9882414948246998,0.09680982765554987,0.3003684120758757
thermal_tau60_A0.50,thermal,-30.0,78,2026100278,0,60,,0.5000000000000002,0.19149263985786588,0.7130903629069867,29.887916678079364,20.321561884840296,-6.558434351155995e-13,56.78310890597662,0.9882414948246998,0.9882414948246998,0.09680982765554987,0.3003684120758757
thermal_tau60_A0.50,thermal,-30.0,79,2026100279,0,60,,0.5000000000000002,0.19149263985786588,0.7130903629069867,29.887916678079364,20.321561884840296,-6.558434351155995e-13,56.78310890597662,0.9882414948246998,0.9882414948246998,0.09680982765554987,0.3003684120758757
thermal_tau60_A0.50,thermal,-30.0,83,2026100283,1,60,,0.5000000000000002,0.19149263985786588,0.7130903629069867,29.887916678079364,20.321561884840296,-6.558434351155995e-13,56.78310890597662,0.9882414948246998,0.9882414948246998,0.09680982765554987,0.3003684120758757
thermal_tau60_A0.50,thermal,-30.0,81,2026100281,0,60,,0.5000000000000002,0.19149263985786588,0.7130903629069867,29.887916678079364,20.321561884840296,-6.558434351155995e-13,56.78310890597662,0.9882414948246998,0.9882414948246998,0.09680982765554987,0.3003684120758757
thermal_tau60_A0.50,thermal,-30.0,86,2026100286,1,60,,0.5000000000000002,0.19149263985786588,0.7130903629069867,29.887916678079364,20.321561884840296,-6.558434351155995e-13,56.78310890597662,0.9882414948246998,0.9882414948246998,0.09680982765554987,0.3003684120758757
thermal_tau60_A0.50,thermal,-30.0,82,2026100282,0,60,,0.5000000000000002,0.19149263985786588,0.7130903629069867,29.887916678079364,20.321561884840296,-6.558434351155995e-13,56.78310890597662,0.9882414948246998,0.9882414948246998,0.09680982765554987,0.3003684120758757
thermal_tau60_A0.50,thermal,-30.0,85,2026100285,0,60,,0.5000000000000002,0.19149263985786588,0.7130903629069867,29.887916678079364,20.321561884840296,-6.558434351155995e-13,56.78310890597662,0.9882414948246998,0.9882414948246998,0.09680982765554987,0.3003684120758757
thermal_tau60_A0.50,thermal,-30.0,89,2026100289,1,60,,0.5000000000000002,0.19149263985786588,0.7130903629069867,29.887916678079364,20.321561884840296,-6.558434351155995e-13,56.78310890597662,0.9882414948246998,0.9882414948246998,0.09680982765554987,0.3003684120758757
thermal_tau60_A0.50,thermal,-30.0,84,2026100284,0,60,,0.5000000000000002,0.19149263985786588,0.7130903629069867,29.887916678079364,20.321561884840296,-6.558434351155995e-13,56.78310890597662,0.9882414948246998,0.9882414948246998,0.09680982765554987,0.3003684120758757
thermal_tau60_A0.50,thermal,-30.0,87,2026100287,0,60,,0.5000000000000002,0.19149263985786588,0.7130903629069867,29.887916678079364,20.321561884840296,-6.558434351155995e-13,56.78310890597662,0.9882414948246998,0.9882414948246998,0.09680982765554987,0.3003684120758757
thermal_tau60_A0.50,thermal,-30.0,88,2026100288,0,60,,0.5000000000000002,0.19149263985786588,0.7130903629069867,29.887916678079364,20.321561884840296,-6.558434351155995e-13,56.78310890597662,0.9882414948246998,0.9882414948246998,0.09680982765554987,0.3003684120758757
thermal_tau60_A0.50,thermal,-30.0,92,2026100292,1,60,,0.5000000000000002,0.19149263985786588,0.7130903629069867,29.887916678079364,20.321561884840296,-6.558434351155995e-13,56.78310890597662,0.9882414948246998,0.9882414948246998,0.09680982765554987,0.3003684120758757
thermal_tau60_A0.50,thermal,-30.0,90,2026100290,0,60,,0.5000000000000002,0.19149263985786588,0.7130903629069867,29.887916678079364,20.321561884840296,-6.558434351155995e-13,56.78310890597662,0.9882414948246998,0.9882414948246998,0.09680982765554987,0.3003684120758757
thermal_tau60_A0.50,thermal,-30.0,91,2026100291,0,60,,0.5000000000000002,0.19149263985786588,0.7130903629069867,29.887916678079364,20.321561884840296,-6.558434351155995e-13,56.78310890597662,0.9882414948246998,0.9882414948246998,0.09680982765554987,0.3003684120758757
thermal_tau60_A0.50,thermal,-30.0,96,2026100296,1,60,,0.5000000000000002,0.19149263985786588,0.7130903629069867,29.887916678079364,20.321561884840296,-6.558434351155995e-13,56.78310890597662,0.9882414948246998,0.9882414948246998,0.09680982765554987,0.3003684120758757
thermal_tau60_A0.50,thermal,-30.0,97,2026100297,1,60,,0.5000000000000002,0.19149263985786588,0.7130903629069867,29.887916678079364,20.321561884840296,-6.558434351155995e-13,56.78310890597662,0.9882414948246998,0.9882414948246998,0.09680982765554987,0.3003684120758757
thermal_tau60_A0.50,thermal,-30.0,93,2026100293,0,60,,0.5000000000000002,0.19149263985786588,0.7130903629069867,29.887916678079364,20.321561884840296,-6.558434351155995e-13,56.78310890597662,0.9882414948246998,0.9882414948246998,0.09680982765554987,0.3003684120758757
thermal_tau60_A0.50,thermal,-30.0,94,2026100294,0,60,,0.5000000000000002,0.19149263985786588,0.7130903629069867,29.887916678079364,20.321561884840296,-6.558434351155995e-13,56.78310890597662,0.9882414948246998,0.9882414948246998,0.09680982765554987,0.3003684120758757
thermal_tau60_A0.50,thermal,-30.0,95,2026100295,0,60,,0.5000000000000002,0.19149263985786588,0.7130903629069867,29.887916678079364,20.321561884840296,-6.558434351155995e-13,56.78310890597662,0.9882414948246998,0.9882414948246998,0.09680982765554987,0.3003684120758757
thermal_tau60_A0.50,thermal,-30.0,98,2026100298,1,60,,0.5000000000000002,0.19149263985786588,0.7130903629069867,29.887916678079364,20.321561884840296,-6.558434351155995e-13,56.78310890597662,0.9882414948246998,0.9882414948246998,0.09680982765554987,0.3003684120758757
thermal_tau120_A0.25,thermal,-30.0,0,2026100200,1,120,,0.2499999999999996,0.10420946540922124,0.36637336950106697,15.959377671278755,11.143850113380921,-1.4250102833845979e-12,31.095396415735003,0.9969914656036482,0.9969914656036484,0.051410479910138335,0.16499666409154878
thermal_tau120_A0.25,thermal,-30.0,1,2026100201,1,120,,0.2499999999999996,0.10420946540922124,0.36637336950106697,15.959377671278755,11.143850113380921,-1.4250102833845979e-12,31.095396415735003,0.9969914656036482,0.9969914656036484,0.051410479910138335,0.16499666409154878
thermal_tau120_A0.25,thermal,-30.0,4,2026100204,1,120,,0.2499999999999996,0.10420946540922124,0.36637336950106697,15.959377671278755,11.143850113380921,-1.4250102833845979e-12,31.095396415735003,0.9969914656036482,0.9969914656036484,0.051410479910138335,0.16499666409154878
thermal_tau120_A0.25,thermal,-30.0,2,2026100202,1,120,,0.2499999999999996,0.10420946540922124,0.36637336950106697,15.959377671278755,11.143850113380921,-1.4250102833845979e-12,31.095396415735003,0.9969914656036482,0.9969914656036484,0.051410479910138335,0.16499666409154878
thermal_tau60_A0.50,thermal,-30.0,99,2026100299,0,60,,0.5000000000000002,0.19149263985786588,0.7130903629069867,29.887916678079364,20.321561884840296,-6.558434351155995e-13,56.78310890597662,0.9882414948246998,0.9882414948246998,0.09680982765554987,0.3003684120758757
thermal_tau120_A0.25,thermal,-30.0,3,2026100203,1,120,,0.2499999999999996,0.10420946540922124,0.36637336950106697,15.959377671278755,11.143850113380921,-1.4250102833845979e-12,31.095396415735003,0.9969914656036482,0.9969914656036484,0.051410479910138335,0.16499666409154878
thermal_tau120_A0.25,thermal,-30.0,5,2026100205,1,120,,0.2499999999999996,0.10420946540922124,0.36637336950106697,15.959377671278755,11.143850113380921,-1.4250102833845979e-12,31.095396415735003,0.9969914656036482,0.9969914656036484,0.051410479910138335,0.16499666409154878
thermal_tau120_A0.25,thermal,-30.0,8,2026100208,1,120,,0.2499999999999996,0.10420946540922124,0.36637336950106697,15.959377671278755,11.143850113380921,-1.4250102833845979e-12,31.095396415735003,0.9969914656036482,0.9969914656036484,0.051410479910138335,0.16499666409154878
thermal_tau120_A0.25,thermal,-30.0,10,2026100210,1,120,,0.2499999999999996,0.10420946540922124,0.36637336950106697,15.959377671278755,11.143850113380921,-1.4250102833845979e-12,31.095396415735003,0.9969914656036482,0.9969914656036484,0.051410479910138335,0.16499666409154878
thermal_tau120_A0.25,thermal,-30.0,7,2026100207,1,120,,0.2499999999999996,0.10420946540922124,0.36637336950106697,15.959377671278755,11.143850113380921,-1.4250102833845979e-12,31.095396415735003,0.9969914656036482,0.9969914656036484,0.051410479910138335,0.16499666409154878
thermal_tau120_A0.25,thermal,-30.0,9,2026100209,1,120,,0.2499999999999996,0.10420946540922124,0.36637336950106697,15.959377671278755,11.143850113380921,-1.4250102833845979e-12,31.095396415735003,0.9969914656036482,0.9969914656036484,0.051410479910138335,0.16499666409154878
thermal_tau120_A0.25,thermal,-30.0,6,2026100206,1,120,,0.2499999999999996,0.10420946540922124,0.36637336950106697,15.959377671278755,11.143850113380921,-1.4250102833845979e-12,31.095396415735003,0.9969914656036482,0.9969914656036484,0.051410479910138335,0.16499666409154878
thermal_tau120_A0.25,thermal,-30.0,14,2026100214,1,120,,0.2499999999999996,0.10420946540922124,0.36637336950106697,15.959377671278755,11.143850113380921,-1.4250102833845979e-12,31.095396415735003,0.9969914656036482,0.9969914656036484,0.051410479910138335,0.16499666409154878
thermal_tau120_A0.25,thermal,-30.0,11,2026100211,1,120,,0.2499999999999996,0.10420946540922124,0.36637336950106697,15.959377671278755,11.143850113380921,-1.4250102833845979e-12,31.095396415735003,0.9969914656036482,0.9969914656036484,0.051410479910138335,0.16499666409154878
thermal_tau120_A0.25,thermal,-30.0,15,2026100215,1,120,,0.2499999999999996,0.10420946540922124,0.36637336950106697,15.959377671278755,11.143850113380921,-1.4250102833845979e-12,31.095396415735003,0.9969914656036482,0.9969914656036484,0.051410479910138335,0.16499666409154878
thermal_tau120_A0.25,thermal,-30.0,12,2026100212,1,120,,0.2499999999999996,0.10420946540922124,0.36637336950106697,15.959377671278755,11.143850113380921,-1.4250102833845979e-12,31.095396415735003,0.9969914656036482,0.9969914656036484,0.051410479910138335,0.16499666409154878
thermal_tau120_A0.25,thermal,-30.0,16,2026100216,1,120,,0.2499999999999996,0.10420946540922124,0.36637336950106697,15.959377671278755,11.143850113380921,-1.4250102833845979e-12,31.095396415735003,0.9969914656036482,0.9969914656036484,0.051410479910138335,0.16499666409154878
thermal_tau120_A0.25,thermal,-30.0,19,2026100219,1,120,,0.2499999999999996,0.10420946540922124,0.36637336950106697,15.959377671278755,11.143850113380921,-1.4250102833845979e-12,31.095396415735003,0.9969914656036482,0.9969914656036484,0.051410479910138335,0.16499666409154878
thermal_tau120_A0.25,thermal,-30.0,17,2026100217,1,120,,0.2499999999999996,0.10420946540922124,0.36637336950106697,15.959377671278755,11.143850113380921,-1.4250102833845979e-12,31.095396415735003,0.9969914656036482,0.9969914656036484,0.051410479910138335,0.16499666409154878
thermal_tau120_A0.25,thermal,-30.0,18,2026100218,1,120,,0.2499999999999996,0.10420946540922124,0.36637336950106697,15.959377671278755,11.143850113380921,-1.4250102833845979e-12,31.095396415735003,0.9969914656036482,0.9969914656036484,0.051410479910138335,0.16499666409154878
thermal_tau120_A0.25,thermal,-30.0,20,2026100220,1,120,,0.2499999999999996,0.10420946540922124,0.36637336950106697,15.959377671278755,11.143850113380921,-1.4250102833845979e-12,31.095396415735003,0.9969914656036482,0.9969914656036484,0.051410479910138335,0.16499666409154878
thermal_tau120_A0.25,thermal,-30.0,23,2026100223,1,120,,0.2499999999999996,0.10420946540922124,0.36637336950106697,15.959377671278755,11.143850113380921,-1.4250102833845979e-12,31.095396415735003,0.9969914656036482,0.9969914656036484,0.051410479910138335,0.16499666409154878
thermal_tau120_A0.25,thermal,-30.0,13,2026100213,0,120,,0.2499999999999996,0.10420946540922124,0.36637336950106697,15.959377671278755,11.143850113380921,-1.4250102833845979e-12,31.095396415735003,0.9969914656036482,0.9969914656036484,0.051410479910138335,0.16499666409154878
thermal_tau120_A0.25,thermal,-30.0,21,2026100221,1,120,,0.2499999999999996,0.10420946540922124,0.36637336950106697,15.959377671278755,11.143850113380921,-1.4250102833845979e-12,31.095396415735003,0.9969914656036482,0.9969914656036484,0.051410479910138335,0.16499666409154878
thermal_tau120_A0.25,thermal,-30.0,24,2026100224,1,120,,0.2499999999999996,0.10420946540922124,0.36637336950106697,15.959377671278755,11.143850113380921,-1.4250102833845979e-12,31.095396415735003,0.9969914656036482,0.9969914656036484,0.051410479910138335,0.16499666409154878
thermal_tau120_A0.25,thermal,-30.0,26,2026100226,1,120,,0.2499999999999996,0.10420946540922124,0.36637336950106697,15.959377671278755,11.143850113380921,-1.4250102833845979e-12,31.095396415735003,0.9969914656036482,0.9969914656036484,0.051410479910138335,0.16499666409154878
thermal_tau120_A0.25,thermal,-30.0,28,2026100228,1,120,,0.2499999999999996,0.10420946540922124,0.36637336950106697,15.959377671278755,11.143850113380921,-1.4250102833845979e-12,31.095396415735003,0.9969914656036482,0.9969914656036484,0.051410479910138335,0.16499666409154878
thermal_tau120_A0.25,thermal,-30.0,27,2026100227,1,120,,0.2499999999999996,0.10420946540922124,0.36637336950106697,15.959377671278755,11.143850113380921,-1.4250102833845979e-12,31.095396415735003,0.9969914656036482,0.9969914656036484,0.051410479910138335,0.16499666409154878
thermal_tau120_A0.25,thermal,-30.0,22,2026100222,1,120,,0.2499999999999996,0.10420946540922124,0.36637336950106697,15.959377671278755,11.143850113380921,-1.4250102833845979e-12,31.095396415735003,0.9969914656036482,0.9969914656036484,0.051410479910138335,0.16499666409154878
thermal_tau120_A0.25,thermal,-30.0,31,2026100231,1,120,,0.2499999999999996,0.10420946540922124,0.36637336950106697,15.959377671278755,11.143850113380921,-1.4250102833845979e-12,31.095396415735003,0.9969914656036482,0.9969914656036484,0.051410479910138335,0.16499666409154878
thermal_tau120_A0.25,thermal,-30.0,29,2026100229,1,120,,0.2499999999999996,0.10420946540922124,0.36637336950106697,15.959377671278755,11.143850113380921,-1.4250102833845979e-12,31.095396415735003,0.9969914656036482,0.9969914656036484,0.051410479910138335,0.16499666409154878
thermal_tau120_A0.25,thermal,-30.0,25,2026100225,1,120,,0.2499999999999996,0.10420946540922124,0.36637336950106697,15.959377671278755,11.143850113380921,-1.4250102833845979e-12,31.095396415735003,0.9969914656036482,0.9969914656036484,0.051410479910138335,0.16499666409154878
thermal_tau120_A0.25,thermal,-30.0,34,2026100234,1,120,,0.2499999999999996,0.10420946540922124,0.36637336950106697,15.959377671278755,11.143850113380921,-1.4250102833845979e-12,31.095396415735003,0.9969914656036482,0.9969914656036484,0.051410479910138335,0.16499666409154878
thermal_tau120_A0.25,thermal,-30.0,35,2026100235,1,120,,0.2499999999999996,0.10420946540922124,0.36637336950106697,15.959377671278755,11.143850113380921,-1.4250102833845979e-12,31.095396415735003,0.9969914656036482,0.9969914656036484,0.051410479910138335,0.16499666409154878
thermal_tau120_A0.25,thermal,-30.0,30,2026100230,1,120,,0.2499999999999996,0.10420946540922124,0.36637336950106697,15.959377671278755,11.143850113380921,-1.4250102833845979e-12,31.095396415735003,0.9969914656036482,0.9969914656036484,0.051410479910138335,0.16499666409154878
thermal_tau120_A0.25,thermal,-30.0,36,2026100236,1,120,,0.2499999999999996,0.10420946540922124,0.36637336950106697,15.959377671278755,11.143850113380921,-1.4250102833845979e-12,31.095396415735003,0.9969914656036482,0.9969914656036484,0.051410479910138335,0.16499666409154878
thermal_tau120_A0.25,thermal,-30.0,32,2026100232,1,120,,0.2499999999999996,0.10420946540922124,0.36637336950106697,15.959377671278755,11.143850113380921,-1.4250102833845979e-12,31.095396415735003,0.9969914656036482,0.9969914656036484,0.051410479910138335,0.16499666409154878
thermal_tau120_A0.25,thermal,-30.0,37,2026100237,1,120,,0.2499999999999996,0.10420946540922124,0.36637336950106697,15.959377671278755,11.143850113380921,-1.4250102833845979e-12,31.095396415735003,0.9969914656036482,0.9969914656036484,0.051410479910138335,0.16499666409154878
thermal_tau120_A0.25,thermal,-30.0,40,2026100240,1,120,,0.2499999999999996,0.10420946540922124,0.36637336950106697,15.959377671278755,11.143850113380921,-1.4250102833845979e-12,31.095396415735003,0.9969914656036482,0.9969914656036484,0.051410479910138335,0.16499666409154878
thermal_tau120_A0.25,thermal,-30.0,41,2026100241,1,120,,0.2499999999999996,0.10420946540922124,0.36637336950106697,15.959377671278755,11.143850113380921,-1.4250102833845979e-12,31.095396415735003,0.9969914656036482,0.9969914656036484,0.051410479910138335,0.16499666409154878
thermal_tau120_A0.25,thermal,-30.0,33,2026100233,1,120,,0.2499999999999996,0.10420946540922124,0.36637336950106697,15.959377671278755,11.143850113380921,-1.4250102833845979e-12,31.095396415735003,0.9969914656036482,0.9969914656036484,0.051410479910138335,0.16499666409154878
thermal_tau120_A0.25,thermal,-30.0,43,2026100243,1,120,,0.2499999999999996,0.10420946540922124,0.36637336950106697,15.959377671278755,11.143850113380921,-1.4250102833845979e-12,31.095396415735003,0.9969914656036482,0.9969914656036484,0.051410479910138335,0.16499666409154878
thermal_tau120_A0.25,thermal,-30.0,42,2026100242,1,120,,0.2499999999999996,0.10420946540922124,0.36637336950106697,15.959377671278755,11.143850113380921,-1.4250102833845979e-12,31.095396415735003,0.9969914656036482,0.9969914656036484,0.051410479910138335,0.16499666409154878
thermal_tau120_A0.25,thermal,-30.0,39,2026100239,1,120,,0.2499999999999996,0.10420946540922124,0.36637336950106697,15.959377671278755,11.143850113380921,-1.4250102833845979e-12,31.095396415735003,0.9969914656036482,0.9969914656036484,0.051410479910138335,0.16499666409154878
thermal_tau120_A0.25,thermal,-30.0,45,2026100245,1,120,,0.2499999999999996,0.10420946540922124,0.36637336950106697,15.959377671278755,11.143850113380921,-1.4250102833845979e-12,31.095396415735003,0.9969914656036482,0.9969914656036484,0.051410479910138335,0.16499666409154878
thermal_tau120_A0.25,thermal,-30.0,44,2026100244,1,120,,0.2499999999999996,0.10420946540922124,0.36637336950106697,15.959377671278755,11.143850113380921,-1.4250102833845979e-12,31.095396415735003,0.9969914656036482,0.9969914656036484,0.051410479910138335,0.16499666409154878
thermal_tau120_A0.25,thermal,-30.0,47,2026100247,1,120,,0.2499999999999996,0.10420946540922124,0.36637336950106697,15.959377671278755,11.143850113380921,-1.4250102833845979e-12,31.095396415735003,0.9969914656036482,0.9969914656036484,0.051410479910138335,0.16499666409154878
thermal_tau120_A0.25,thermal,-30.0,48,2026100248,1,120,,0.2499999999999996,0.10420946540922124,0.36637336950106697,15.959377671278755,11.143850113380921,-1.4250102833845979e-12,31.095396415735003,0.9969914656036482,0.9969914656036484,0.051410479910138335,0.16499666409154878
thermal_tau120_A0.25,thermal,-30.0,38,2026100238,0,120,,0.2499999999999996,0.10420946540922124,0.36637336950106697,15.959377671278755,11.143850113380921,-1.4250102833845979e-12,31.095396415735003,0.9969914656036482,0.9969914656036484,0.051410479910138335,0.16499666409154878
thermal_tau120_A0.25,thermal,-30.0,46,2026100246,1,120,,0.2499999999999996,0.10420946540922124,0.36637336950106697,15.959377671278755,11.143850113380921,-1.4250102833845979e-12,31.095396415735003,0.9969914656036482,0.9969914656036484,0.051410479910138335,0.16499666409154878
thermal_tau120_A0.25,thermal,-30.0,50,2026100250,1,120,,0.2499999999999996,0.10420946540922124,0.36637336950106697,15.959377671278755,11.143850113380921,-1.4250102833845979e-12,31.095396415735003,0.9969914656036482,0.9969914656036484,0.051410479910138335,0.16499666409154878
thermal_tau120_A0.25,thermal,-30.0,52,2026100252,1,120,,0.2499999999999996,0.10420946540922124,0.36637336950106697,15.959377671278755,11.143850113380921,-1.4250102833845979e-12,31.095396415735003,0.9969914656036482,0.9969914656036484,0.051410479910138335,0.16499666409154878
thermal_tau120_A0.25,thermal,-30.0,51,2026100251,1,120,,0.2499999999999996,0.10420946540922124,0.36637336950106697,15.959377671278755,11.143850113380921,-1.4250102833845979e-12,31.095396415735003,0.9969914656036482,0.9969914656036484,0.051410479910138335,0.16499666409154878
thermal_tau120_A0.25,thermal,-30.0,54,2026100254,1,120,,0.2499999999999996,0.10420946540922124,0.36637336950106697,15.959377671278755,11.143850113380921,-1.4250102833845979e-12,31.095396415735003,0.9969914656036482,0.9969914656036484,0.051410479910138335,0.16499666409154878
thermal_tau120_A0.25,thermal,-30.0,56,2026100256,1,120,,0.2499999999999996,0.10420946540922124,0.36637336950106697,15.959377671278755,11.143850113380921,-1.4250102833845979e-12,31.095396415735003,0.9969914656036482,0.9969914656036484,0.051410479910138335,0.16499666409154878
thermal_tau120_A0.25,thermal,-30.0,49,2026100249,1,120,,0.2499999999999996,0.10420946540922124,0.36637336950106697,15.959377671278755,11.143850113380921,-1.4250102833845979e-12,31.095396415735003,0.9969914656036482,0.9969914656036484,0.051410479910138335,0.16499666409154878
thermal_tau120_A0.25,thermal,-30.0,55,2026100255,1,120,,0.2499999999999996,0.10420946540922124,0.36637336950106697,15.959377671278755,11.143850113380921,-1.4250102833845979e-12,31.095396415735003,0.9969914656036482,0.9969914656036484,0.051410479910138335,0.16499666409154878
thermal_tau120_A0.25,thermal,-30.0,53,2026100253,1,120,,0.2499999999999996,0.10420946540922124,0.36637336950106697,15.959377671278755,11.143850113380921,-1.4250102833845979e-12,31.095396415735003,0.9969914656036482,0.9969914656036484,0.051410479910138335,0.16499666409154878
thermal_tau120_A0.25,thermal,-30.0,60,2026100260,1,120,,0.2499999999999996,0.10420946540922124,0.36637336950106697,15.959377671278755,11.143850113380921,-1.4250102833845979e-12,31.095396415735003,0.9969914656036482,0.9969914656036484,0.051410479910138335,0.16499666409154878
thermal_tau120_A0.25,thermal,-30.0,59,2026100259,1,120,,0.2499999999999996,0.10420946540922124,0.36637336950106697,15.959377671278755,11.143850113380921,-1.4250102833845979e-12,31.095396415735003,0.9969914656036482,0.9969914656036484,0.051410479910138335,0.16499666409154878
thermal_tau120_A0.25,thermal,-30.0,62,2026100262,1,120,,0.2499999999999996,0.10420946540922124,0.36637336950106697,15.959377671278755,11.143850113380921,-1.4250102833845979e-12,31.095396415735003,0.9969914656036482,0.9969914656036484,0.051410479910138335,0.16499666409154878
thermal_tau120_A0.25,thermal,-30.0,57,2026100257,0,120,,0.2499999999999996,0.10420946540922124,0.36637336950106697,15.959377671278755,11.143850113380921,-1.4250102833845979e-12,31.095396415735003,0.9969914656036482,0.9969914656036484,0.051410479910138335,0.16499666409154878
thermal_tau120_A0.25,thermal,-30.0,58,2026100258,0,120,,0.2499999999999996,0.10420946540922124,0.36637336950106697,15.959377671278755,11.143850113380921,-1.4250102833845979e-12,31.095396415735003,0.9969914656036482,0.9969914656036484,0.051410479910138335,0.16499666409154878
thermal_tau120_A0.25,thermal,-30.0,65,2026100265,1,120,,0.2499999999999996,0.10420946540922124,0.36637336950106697,15.959377671278755,11.143850113380921,-1.4250102833845979e-12,31.095396415735003,0.9969914656036482,0.9969914656036484,0.051410479910138335,0.16499666409154878
thermal_tau120_A0.25,thermal,-30.0,63,2026100263,1,120,,0.2499999999999996,0.10420946540922124,0.36637336950106697,15.959377671278755,11.143850113380921,-1.4250102833845979e-12,31.095396415735003,0.9969914656036482,0.9969914656036484,0.051410479910138335,0.16499666409154878
thermal_tau120_A0.25,thermal,-30.0,61,2026100261,1,120,,0.2499999999999996,0.10420946540922124,0.36637336950106697,15.959377671278755,11.143850113380921,-1.4250102833845979e-12,31.095396415735003,0.9969914656036482,0.9969914656036484,0.051410479910138335,0.16499666409154878
thermal_tau120_A0.25,thermal,-30.0,64,2026100264,1,120,,0.2499999999999996,0.10420946540922124,0.36637336950106697,15.959377671278755,11.143850113380921,-1.4250102833845979e-12,31.095396415735003,0.9969914656036482,0.9969914656036484,0.051410479910138335,0.16499666409154878
thermal_tau120_A0.25,thermal,-30.0,67,2026100267,1,120,,0.2499999999999996,0.10420946540922124,0.36637336950106697,15.959377671278755,11.143850113380921,-1.4250102833845979e-12,31.095396415735003,0.9969914656036482,0.9969914656036484,0.051410479910138335,0.16499666409154878
thermal_tau120_A0.25,thermal,-30.0,68,2026100268,1,120,,0.2499999999999996,0.10420946540922124,0.36637336950106697,15.959377671278755,11.143850113380921,-1.4250102833845979e-12,31.095396415735003,0.9969914656036482,0.9969914656036484,0.051410479910138335,0.16499666409154878
thermal_tau120_A0.25,thermal,-30.0,66,2026100266,1,120,,0.2499999999999996,0.10420946540922124,0.36637336950106697,15.959377671278755,11.143850113380921,-1.4250102833845979e-12,31.095396415735003,0.9969914656036482,0.9969914656036484,0.051410479910138335,0.16499666409154878
thermal_tau120_A0.25,thermal,-30.0,69,2026100269,1,120,,0.2499999999999996,0.10420946540922124,0.36637336950106697,15.959377671278755,11.143850113380921,-1.4250102833845979e-12,31.095396415735003,0.9969914656036482,0.9969914656036484,0.051410479910138335,0.16499666409154878
thermal_tau120_A0.25,thermal,-30.0,70,2026100270,1,120,,0.2499999999999996,0.10420946540922124,0.36637336950106697,15.959377671278755,11.143850113380921,-1.4250102833845979e-12,31.095396415735003,0.9969914656036482,0.9969914656036484,0.051410479910138335,0.16499666409154878
thermal_tau120_A0.25,thermal,-30.0,72,2026100272,1,120,,0.2499999999999996,0.10420946540922124,0.36637336950106697,15.959377671278755,11.143850113380921,-1.4250102833845979e-12,31.095396415735003,0.9969914656036482,0.9969914656036484,0.051410479910138335,0.16499666409154878
thermal_tau120_A0.25,thermal,-30.0,73,2026100273,1,120,,0.2499999999999996,0.10420946540922124,0.36637336950106697,15.959377671278755,11.143850113380921,-1.4250102833845979e-12,31.095396415735003,0.9969914656036482,0.9969914656036484,0.051410479910138335,0.16499666409154878
thermal_tau120_A0.25,thermal,-30.0,71,2026100271,1,120,,0.2499999999999996,0.10420946540922124,0.36637336950106697,15.959377671278755,11.143850113380921,-1.4250102833845979e-12,31.095396415735003,0.9969914656036482,0.9969914656036484,0.051410479910138335,0.16499666409154878
thermal_tau120_A0.25,thermal,-30.0,76,2026100276,1,120,,0.2499999999999996,0.10420946540922124,0.36637336950106697,15.959377671278755,11.143850113380921,-1.4250102833845979e-12,31.095396415735003,0.9969914656036482,0.9969914656036484,0.051410479910138335,0.16499666409154878
thermal_tau120_A0.25,thermal,-30.0,75,2026100275,1,120,,0.2499999999999996,0.10420946540922124,0.36637336950106697,15.959377671278755,11.143850113380921,-1.4250102833845979e-12,31.095396415735003,0.9969914656036482,0.9969914656036484,0.051410479910138335,0.16499666409154878
thermal_tau120_A0.25,thermal,-30.0,77,2026100277,1,120,,0.2499999999999996,0.10420946540922124,0.36637336950106697,15.959377671278755,11.143850113380921,-1.4250102833845979e-12,31.095396415735003,0.9969914656036482,0.9969914656036484,0.051410479910138335,0.16499666409154878
thermal_tau120_A0.25,thermal,-30.0,79,2026100279,1,120,,0.2499999999999996,0.10420946540922124,0.36637336950106697,15.959377671278755,11.143850113380921,-1.4250102833845979e-12,31.095396415735003,0.9969914656036482,0.9969914656036484,0.051410479910138335,0.16499666409154878
thermal_tau120_A0.25,thermal,-30.0,80,2026100280,1,120,,0.2499999999999996,0.10420946540922124,0.36637336950106697,15.959377671278755,11.143850113380921,-1.4250102833845979e-12,31.095396415735003,0.9969914656036482,0.9969914656036484,0.051410479910138335,0.16499666409154878
thermal_tau120_A0.25,thermal,-30.0,74,2026100274,0,120,,0.2499999999999996,0.10420946540922124,0.36637336950106697,15.959377671278755,11.143850113380921,-1.4250102833845979e-12,31.095396415735003,0.9969914656036482,0.9969914656036484,0.051410479910138335,0.16499666409154878
thermal_tau120_A0.25,thermal,-30.0,83,2026100283,1,120,,0.2499999999999996,0.10420946540922124,0.36637336950106697,15.959377671278755,11.143850113380921,-1.4250102833845979e-12,31.095396415735003,0.9969914656036482,0.9969914656036484,0.051410479910138335,0.16499666409154878
thermal_tau120_A0.25,thermal,-30.0,81,2026100281,1,120,,0.2499999999999996,0.10420946540922124,0.36637336950106697,15.959377671278755,11.143850113380921,-1.4250102833845979e-12,31.095396415735003,0.9969914656036482,0.9969914656036484,0.051410479910138335,0.16499666409154878
thermal_tau120_A0.25,thermal,-30.0,78,2026100278,1,120,,0.2499999999999996,0.10420946540922124,0.36637336950106697,15.959377671278755,11.143850113380921,-1.4250102833845979e-12,31.095396415735003,0.9969914656036482,0.9969914656036484,0.051410479910138335,0.16499666409154878
thermal_tau120_A0.25,thermal,-30.0,82,2026100282,1,120,,0.2499999999999996,0.10420946540922124,0.36637336950106697,15.959377671278755,11.143850113380921,-1.4250102833845979e-12,31.095396415735003,0.9969914656036482,0.9969914656036484,0.051410479910138335,0.16499666409154878
thermal_tau120_A0.25,thermal,-30.0,86,2026100286,1,120,,0.2499999999999996,0.10420946540922124,0.36637336950106697,15.959377671278755,11.143850113380921,-1.4250102833845979e-12,31.095396415735003,0.9969914656036482,0.9969914656036484,0.051410479910138335,0.16499666409154878
thermal_tau120_A0.25,thermal,-30.0,85,2026100285,1,120,,0.2499999999999996,0.10420946540922124,0.36637336950106697,15.959377671278755,11.143850113380921,-1.4250102833845979e-12,31.095396415735003,0.9969914656036482,0.9969914656036484,0.051410479910138335,0.16499666409154878
thermal_tau120_A0.25,thermal,-30.0,84,2026100284,1,120,,0.2499999999999996,0.10420946540922124,0.36637336950106697,15.959377671278755,11.143850113380921,-1.4250102833845979e-12,31.095396415735003,0.9969914656036482,0.9969914656036484,0.051410479910138335,0.16499666409154878
thermal_tau120_A0.25,thermal,-30.0,87,2026100287,1,120,,0.2499999999999996,0.10420946540922124,0.36637336950106697,15.959377671278755,11.143850113380921,-1.4250102833845979e-12,31.095396415735003,0.9969914656036482,0.9969914656036484,0.051410479910138335,0.16499666409154878
thermal_tau120_A0.25,thermal,-30.0,90,2026100290,1,120,,0.2499999999999996,0.10420946540922124,0.36637336950106697,15.959377671278755,11.143850113380921,-1.4250102833845979e-12,31.095396415735003,0.9969914656036482,0.9969914656036484,0.051410479910138335,0.16499666409154878
thermal_tau120_A0.25,thermal,-30.0,89,2026100289,1,120,,0.2499999999999996,0.10420946540922124,0.36637336950106697,15.959377671278755,11.143850113380921,-1.4250102833845979e-12,31.095396415735003,0.9969914656036482,0.9969914656036484,0.051410479910138335,0.16499666409154878
thermal_tau120_A0.25,thermal,-30.0,93,2026100293,1,120,,0.2499999999999996,0.10420946540922124,0.36637336950106697,15.959377671278755,11.143850113380921,-1.4250102833845979e-12,31.095396415735003,0.9969914656036482,0.9969914656036484,0.051410479910138335,0.16499666409154878
thermal_tau120_A0.25,thermal,-30.0,91,2026100291,1,120,,0.2499999999999996,0.10420946540922124,0.36637336950106697,15.959377671278755,11.143850113380921,-1.4250102833845979e-12,31.095396415735003,0.9969914656036482,0.9969914656036484,0.051410479910138335,0.16499666409154878
thermal_tau120_A0.25,thermal,-30.0,92,2026100292,1,120,,0.2499999999999996,0.10420946540922124,0.36637336950106697,15.959377671278755,11.143850113380921,-1.4250102833845979e-12,31.095396415735003,0.9969914656036482,0.9969914656036484,0.051410479910138335,0.16499666409154878
thermal_tau120_A0.25,thermal,-30.0,96,2026100296,1,120,,0.2499999999999996,0.10420946540922124,0.36637336950106697,15.959377671278755,11.143850113380921,-1.4250102833845979e-12,31.095396415735003,0.9969914656036482,0.9969914656036484,0.051410479910138335,0.16499666409154878
thermal_tau120_A0.25,thermal,-30.0,94,2026100294,1,120,,0.2499999999999996,0.10420946540922124,0.36637336950106697,15.959377671278755,11.143850113380921,-1.4250102833845979e-12,31.095396415735003,0.9969914656036482,0.9969914656036484,0.051410479910138335,0.16499666409154878
thermal_tau120_A0.25,thermal,-30.0,88,2026100288,0,120,,0.2499999999999996,0.10420946540922124,0.36637336950106697,15.959377671278755,11.143850113380921,-1.4250102833845979e-12,31.095396415735003,0.9969914656036482,0.9969914656036484,0.051410479910138335,0.16499666409154878
thermal_tau120_A0.25,thermal,-30.0,95,2026100295,1,120,,0.2499999999999996,0.10420946540922124,0.36637336950106697,15.959377671278755,11.143850113380921,-1.4250102833845979e-12,31.095396415735003,0.9969914656036482,0.9969914656036484,0.051410479910138335,0.16499666409154878
thermal_tau120_A0.25,thermal,-30.0,98,2026100298,1,120,,0.2499999999999996,0.10420946540922124,0.36637336950106697,15.959377671278755,11.143850113380921,-1.4250102833845979e-12,31.095396415735003,0.9969914656036482,0.9969914656036484,0.051410479910138335,0.16499666409154878
thermal_tau120_A0.25,thermal,-30.0,97,2026100297,1,120,,0.2499999999999996,0.10420946540922124,0.36637336950106697,15.959377671278755,11.143850113380921,-1.4250102833845979e-12,31.095396415735003,0.9969914656036482,0.9969914656036484,0.051410479910138335,0.16499666409154878
thermal_tau120_A0.50,thermal,-30.0,0,2026100200,1,120,,0.4999999999999992,0.20841893081844248,0.7327467390021339,31.91875534255751,22.287700226761842,-2.8500205667691958e-12,62.190792831470006,0.9969914656036482,0.9969914656036484,0.051410479910138335,0.16499666409154878
thermal_tau120_A0.25,thermal,-30.0,99,2026100299,1,120,,0.2499999999999996,0.10420946540922124,0.36637336950106697,15.959377671278755,11.143850113380921,-1.4250102833845979e-12,31.095396415735003,0.9969914656036482,0.9969914656036484,0.051410479910138335,0.16499666409154878
thermal_tau120_A0.50,thermal,-30.0,4,2026100204,1,120,,0.4999999999999992,0.20841893081844248,0.7327467390021339,31.91875534255751,22.287700226761842,-2.8500205667691958e-12,62.190792831470006,0.9969914656036482,0.9969914656036484,0.051410479910138335,0.16499666409154878
thermal_tau120_A0.50,thermal,-30.0,1,2026100201,0,120,,0.4999999999999992,0.20841893081844248,0.7327467390021339,31.91875534255751,22.287700226761842,-2.8500205667691958e-12,62.190792831470006,0.9969914656036482,0.9969914656036484,0.051410479910138335,0.16499666409154878
thermal_tau120_A0.50,thermal,-30.0,5,2026100205,0,120,,0.4999999999999992,0.20841893081844248,0.7327467390021339,31.91875534255751,22.287700226761842,-2.8500205667691958e-12,62.190792831470006,0.9969914656036482,0.9969914656036484,0.051410479910138335,0.16499666409154878
thermal_tau120_A0.50,thermal,-30.0,2,2026100202,0,120,,0.4999999999999992,0.20841893081844248,0.7327467390021339,31.91875534255751,22.287700226761842,-2.8500205667691958e-12,62.190792831470006,0.9969914656036482,0.9969914656036484,0.051410479910138335,0.16499666409154878
thermal_tau120_A0.50,thermal,-30.0,3,2026100203,0,120,,0.4999999999999992,0.20841893081844248,0.7327467390021339,31.91875534255751,22.287700226761842,-2.8500205667691958e-12,62.190792831470006,0.9969914656036482,0.9969914656036484,0.051410479910138335,0.16499666409154878
thermal_tau120_A0.50,thermal,-30.0,8,2026100208,0,120,,0.4999999999999992,0.20841893081844248,0.7327467390021339,31.91875534255751,22.287700226761842,-2.8500205667691958e-12,62.190792831470006,0.9969914656036482,0.9969914656036484,0.051410479910138335,0.16499666409154878
thermal_tau120_A0.50,thermal,-30.0,6,2026100206,0,120,,0.4999999999999992,0.20841893081844248,0.7327467390021339,31.91875534255751,22.287700226761842,-2.8500205667691958e-12,62.190792831470006,0.9969914656036482,0.9969914656036484,0.051410479910138335,0.16499666409154878
thermal_tau120_A0.50,thermal,-30.0,7,2026100207,0,120,,0.4999999999999992,0.20841893081844248,0.7327467390021339,31.91875534255751,22.287700226761842,-2.8500205667691958e-12,62.190792831470006,0.9969914656036482,0.9969914656036484,0.051410479910138335,0.16499666409154878
thermal_tau120_A0.50,thermal,-30.0,12,2026100212,1,120,,0.4999999999999992,0.20841893081844248,0.7327467390021339,31.91875534255751,22.287700226761842,-2.8500205667691958e-12,62.190792831470006,0.9969914656036482,0.9969914656036484,0.051410479910138335,0.16499666409154878
thermal_tau120_A0.50,thermal,-30.0,9,2026100209,0,120,,0.4999999999999992,0.20841893081844248,0.7327467390021339,31.91875534255751,22.287700226761842,-2.8500205667691958e-12,62.190792831470006,0.9969914656036482,0.9969914656036484,0.051410479910138335,0.16499666409154878
thermal_tau120_A0.50,thermal,-30.0,14,2026100214,1,120,,0.4999999999999992,0.20841893081844248,0.7327467390021339,31.91875534255751,22.287700226761842,-2.8500205667691958e-12,62.190792831470006,0.9969914656036482,0.9969914656036484,0.051410479910138335,0.16499666409154878
thermal_tau120_A0.50,thermal,-30.0,15,2026100215,0,120,,0.4999999999999992,0.20841893081844248,0.7327467390021339,31.91875534255751,22.287700226761842,-2.8500205667691958e-12,62.190792831470006,0.9969914656036482,0.9969914656036484,0.051410479910138335,0.16499666409154878
thermal_tau120_A0.50,thermal,-30.0,10,2026100210,0,120,,0.4999999999999992,0.20841893081844248,0.7327467390021339,31.91875534255751,22.287700226761842,-2.8500205667691958e-12,62.190792831470006,0.9969914656036482,0.9969914656036484,0.051410479910138335,0.16499666409154878
thermal_tau120_A0.50,thermal,-30.0,11,2026100211,0,120,,0.4999999999999992,0.20841893081844248,0.7327467390021339,31.91875534255751,22.287700226761842,-2.8500205667691958e-12,62.190792831470006,0.9969914656036482,0.9969914656036484,0.051410479910138335,0.16499666409154878
thermal_tau120_A0.50,thermal,-30.0,16,2026100216,1,120,,0.4999999999999992,0.20841893081844248,0.7327467390021339,31.91875534255751,22.287700226761842,-2.8500205667691958e-12,62.190792831470006,0.9969914656036482,0.9969914656036484,0.051410479910138335,0.16499666409154878
thermal_tau120_A0.50,thermal,-30.0,13,2026100213,0,120,,0.4999999999999992,0.20841893081844248,0.7327467390021339,31.91875534255751,22.287700226761842,-2.8500205667691958e-12,62.190792831470006,0.9969914656036482,0.9969914656036484,0.051410479910138335,0.16499666409154878
thermal_tau120_A0.50,thermal,-30.0,19,2026100219,1,120,,0.4999999999999992,0.20841893081844248,0.7327467390021339,31.91875534255751,22.287700226761842,-2.8500205667691958e-12,62.190792831470006,0.9969914656036482,0.9969914656036484,0.051410479910138335,0.16499666409154878
thermal_tau120_A0.50,thermal,-30.0,20,2026100220,1,120,,0.4999999999999992,0.20841893081844248,0.7327467390021339,31.91875534255751,22.287700226761842,-2.8500205667691958e-12,62.190792831470006,0.9969914656036482,0.9969914656036484,0.051410479910138335,0.16499666409154878
thermal_tau120_A0.50,thermal,-30.0,22,2026100222,1,120,,0.4999999999999992,0.20841893081844248,0.7327467390021339,31.91875534255751,22.287700226761842,-2.8500205667691958e-12,62.190792831470006,0.9969914656036482,0.9969914656036484,0.051410479910138335,0.16499666409154878
thermal_tau120_A0.50,thermal,-30.0,18,2026100218,1,120,,0.4999999999999992,0.20841893081844248,0.7327467390021339,31.91875534255751,22.287700226761842,-2.8500205667691958e-12,62.190792831470006,0.9969914656036482,0.9969914656036484,0.051410479910138335,0.16499666409154878
thermal_tau120_A0.50,thermal,-30.0,17,2026100217,0,120,,0.4999999999999992,0.20841893081844248,0.7327467390021339,31.91875534255751,22.287700226761842,-2.8500205667691958e-12,62.190792831470006,0.9969914656036482,0.9969914656036484,0.051410479910138335,0.16499666409154878
thermal_tau120_A0.50,thermal,-30.0,25,2026100225,1,120,,0.4999999999999992,0.20841893081844248,0.7327467390021339,31.91875534255751,22.287700226761842,-2.8500205667691958e-12,62.190792831470006,0.9969914656036482,0.9969914656036484,0.051410479910138335,0.16499666409154878
thermal_tau120_A0.50,thermal,-30.0,26,2026100226,1,120,,0.4999999999999992,0.20841893081844248,0.7327467390021339,31.91875534255751,22.287700226761842,-2.8500205667691958e-12,62.190792831470006,0.9969914656036482,0.9969914656036484,0.051410479910138335,0.16499666409154878
thermal_tau120_A0.50,thermal,-30.0,24,2026100224,1,120,,0.4999999999999992,0.20841893081844248,0.7327467390021339,31.91875534255751,22.287700226761842,-2.8500205667691958e-12,62.190792831470006,0.9969914656036482,0.9969914656036484,0.051410479910138335,0.16499666409154878
thermal_tau120_A0.50,thermal,-30.0,27,2026100227,1,120,,0.4999999999999992,0.20841893081844248,0.7327467390021339,31.91875534255751,22.287700226761842,-2.8500205667691958e-12,62.190792831470006,0.9969914656036482,0.9969914656036484,0.051410479910138335,0.16499666409154878
thermal_tau120_A0.50,thermal,-30.0,21,2026100221,0,120,,0.4999999999999992,0.20841893081844248,0.7327467390021339,31.91875534255751,22.287700226761842,-2.8500205667691958e-12,62.190792831470006,0.9969914656036482,0.9969914656036484,0.051410479910138335,0.16499666409154878
thermal_tau120_A0.50,thermal,-30.0,30,2026100230,1,120,,0.4999999999999992,0.20841893081844248,0.7327467390021339,31.91875534255751,22.287700226761842,-2.8500205667691958e-12,62.190792831470006,0.9969914656036482,0.9969914656036484,0.051410479910138335,0.16499666409154878
thermal_tau120_A0.50,thermal,-30.0,23,2026100223,0,120,,0.4999999999999992,0.20841893081844248,0.7327467390021339,31.91875534255751,22.287700226761842,-2.8500205667691958e-12,62.190792831470006,0.9969914656036482,0.9969914656036484,0.051410479910138335,0.16499666409154878
thermal_tau120_A0.50,thermal,-30.0,29,2026100229,1,120,,0.4999999999999992,0.20841893081844248,0.7327467390021339,31.91875534255751,22.287700226761842,-2.8500205667691958e-12,62.190792831470006,0.9969914656036482,0.9969914656036484,0.051410479910138335,0.16499666409154878
thermal_tau120_A0.50,thermal,-30.0,32,2026100232,1,120,,0.4999999999999992,0.20841893081844248,0.7327467390021339,31.91875534255751,22.287700226761842,-2.8500205667691958e-12,62.190792831470006,0.9969914656036482,0.9969914656036484,0.051410479910138335,0.16499666409154878
thermal_tau120_A0.50,thermal,-30.0,31,2026100231,1,120,,0.4999999999999992,0.20841893081844248,0.7327467390021339,31.91875534255751,22.287700226761842,-2.8500205667691958e-12,62.190792831470006,0.9969914656036482,0.9969914656036484,0.051410479910138335,0.16499666409154878
thermal_tau120_A0.50,thermal,-30.0,28,2026100228,0,120,,0.4999999999999992,0.20841893081844248,0.7327467390021339,31.91875534255751,22.287700226761842,-2.8500205667691958e-12,62.190792831470006,0.9969914656036482,0.9969914656036484,0.051410479910138335,0.16499666409154878
thermal_tau120_A0.50,thermal,-30.0,33,2026100233,0,120,,0.4999999999999992,0.20841893081844248,0.7327467390021339,31.91875534255751,22.287700226761842,-2.8500205667691958e-12,62.190792831470006,0.9969914656036482,0.9969914656036484,0.051410479910138335,0.16499666409154878
thermal_tau120_A0.50,thermal,-30.0,34,2026100234,0,120,,0.4999999999999992,0.20841893081844248,0.7327467390021339,31.91875534255751,22.287700226761842,-2.8500205667691958e-12,62.190792831470006,0.9969914656036482,0.9969914656036484,0.051410479910138335,0.16499666409154878
thermal_tau120_A0.50,thermal,-30.0,37,2026100237,1,120,,0.4999999999999992,0.20841893081844248,0.7327467390021339,31.91875534255751,22.287700226761842,-2.8500205667691958e-12,62.190792831470006,0.9969914656036482,0.9969914656036484,0.051410479910138335,0.16499666409154878
thermal_tau120_A0.50,thermal,-30.0,39,2026100239,1,120,,0.4999999999999992,0.20841893081844248,0.7327467390021339,31.91875534255751,22.287700226761842,-2.8500205667691958e-12,62.190792831470006,0.9969914656036482,0.9969914656036484,0.051410479910138335,0.16499666409154878
thermal_tau120_A0.50,thermal,-30.0,35,2026100235,0,120,,0.4999999999999992,0.20841893081844248,0.7327467390021339,31.91875534255751,22.287700226761842,-2.8500205667691958e-12,62.190792831470006,0.9969914656036482,0.9969914656036484,0.051410479910138335,0.16499666409154878
thermal_tau120_A0.50,thermal,-30.0,40,2026100240,1,120,,0.4999999999999992,0.20841893081844248,0.7327467390021339,31.91875534255751,22.287700226761842,-2.8500205667691958e-12,62.190792831470006,0.9969914656036482,0.9969914656036484,0.051410479910138335,0.16499666409154878
thermal_tau120_A0.50,thermal,-30.0,36,2026100236,0,120,,0.4999999999999992,0.20841893081844248,0.7327467390021339,31.91875534255751,22.287700226761842,-2.8500205667691958e-12,62.190792831470006,0.9969914656036482,0.9969914656036484,0.051410479910138335,0.16499666409154878
thermal_tau120_A0.50,thermal,-30.0,38,2026100238,0,120,,0.4999999999999992,0.20841893081844248,0.7327467390021339,31.91875534255751,22.287700226761842,-2.8500205667691958e-12,62.190792831470006,0.9969914656036482,0.9969914656036484,0.051410479910138335,0.16499666409154878
thermal_tau120_A0.50,thermal,-30.0,42,2026100242,0,120,,0.4999999999999992,0.20841893081844248,0.7327467390021339,31.91875534255751,22.287700226761842,-2.8500205667691958e-12,62.190792831470006,0.9969914656036482,0.9969914656036484,0.051410479910138335,0.16499666409154878
thermal_tau120_A0.50,thermal,-30.0,41,2026100241,0,120,,0.4999999999999992,0.20841893081844248,0.7327467390021339,31.91875534255751,22.287700226761842,-2.8500205667691958e-12,62.190792831470006,0.9969914656036482,0.9969914656036484,0.051410479910138335,0.16499666409154878
thermal_tau120_A0.50,thermal,-30.0,43,2026100243,0,120,,0.4999999999999992,0.20841893081844248,0.7327467390021339,31.91875534255751,22.287700226761842,-2.8500205667691958e-12,62.190792831470006,0.9969914656036482,0.9969914656036484,0.051410479910138335,0.16499666409154878
thermal_tau120_A0.50,thermal,-30.0,44,2026100244,1,120,,0.4999999999999992,0.20841893081844248,0.7327467390021339,31.91875534255751,22.287700226761842,-2.8500205667691958e-12,62.190792831470006,0.9969914656036482,0.9969914656036484,0.051410479910138335,0.16499666409154878
thermal_tau120_A0.50,thermal,-30.0,45,2026100245,1,120,,0.4999999999999992,0.20841893081844248,0.7327467390021339,31.91875534255751,22.287700226761842,-2.8500205667691958e-12,62.190792831470006,0.9969914656036482,0.9969914656036484,0.051410479910138335,0.16499666409154878
thermal_tau120_A0.50,thermal,-30.0,47,2026100247,1,120,,0.4999999999999992,0.20841893081844248,0.7327467390021339,31.91875534255751,22.287700226761842,-2.8500205667691958e-12,62.190792831470006,0.9969914656036482,0.9969914656036484,0.051410479910138335,0.16499666409154878
thermal_tau120_A0.50,thermal,-30.0,46,2026100246,0,120,,0.4999999999999992,0.20841893081844248,0.7327467390021339,31.91875534255751,22.287700226761842,-2.8500205667691958e-12,62.190792831470006,0.9969914656036482,0.9969914656036484,0.051410479910138335,0.16499666409154878
thermal_tau120_A0.50,thermal,-30.0,49,2026100249,0,120,,0.4999999999999992,0.20841893081844248,0.7327467390021339,31.91875534255751,22.287700226761842,-2.8500205667691958e-12,62.190792831470006,0.9969914656036482,0.9969914656036484,0.051410479910138335,0.16499666409154878
thermal_tau120_A0.50,thermal,-30.0,50,2026100250,0,120,,0.4999999999999992,0.20841893081844248,0.7327467390021339,31.91875534255751,22.287700226761842,-2.8500205667691958e-12,62.190792831470006,0.9969914656036482,0.9969914656036484,0.051410479910138335,0.16499666409154878
thermal_tau120_A0.50,thermal,-30.0,51,2026100251,1,120,,0.4999999999999992,0.20841893081844248,0.7327467390021339,31.91875534255751,22.287700226761842,-2.8500205667691958e-12,62.190792831470006,0.9969914656036482,0.9969914656036484,0.051410479910138335,0.16499666409154878
thermal_tau120_A0.50,thermal,-30.0,48,2026100248,0,120,,0.4999999999999992,0.20841893081844248,0.7327467390021339,31.91875534255751,22.287700226761842,-2.8500205667691958e-12,62.190792831470006,0.9969914656036482,0.9969914656036484,0.051410479910138335,0.16499666409154878
thermal_tau120_A0.50,thermal,-30.0,52,2026100252,1,120,,0.4999999999999992,0.20841893081844248,0.7327467390021339,31.91875534255751,22.287700226761842,-2.8500205667691958e-12,62.190792831470006,0.9969914656036482,0.9969914656036484,0.051410479910138335,0.16499666409154878
thermal_tau120_A0.50,thermal,-30.0,56,2026100256,1,120,,0.4999999999999992,0.20841893081844248,0.7327467390021339,31.91875534255751,22.287700226761842,-2.8500205667691958e-12,62.190792831470006,0.9969914656036482,0.9969914656036484,0.051410479910138335,0.16499666409154878
thermal_tau120_A0.50,thermal,-30.0,54,2026100254,1,120,,0.4999999999999992,0.20841893081844248,0.7327467390021339,31.91875534255751,22.287700226761842,-2.8500205667691958e-12,62.190792831470006,0.9969914656036482,0.9969914656036484,0.051410479910138335,0.16499666409154878
thermal_tau120_A0.50,thermal,-30.0,53,2026100253,0,120,,0.4999999999999992,0.20841893081844248,0.7327467390021339,31.91875534255751,22.287700226761842,-2.8500205667691958e-12,62.190792831470006,0.9969914656036482,0.9969914656036484,0.051410479910138335,0.16499666409154878
thermal_tau120_A0.50,thermal,-30.0,55,2026100255,0,120,,0.4999999999999992,0.20841893081844248,0.7327467390021339,31.91875534255751,22.287700226761842,-2.8500205667691958e-12,62.190792831470006,0.9969914656036482,0.9969914656036484,0.051410479910138335,0.16499666409154878
thermal_tau120_A0.50,thermal,-30.0,57,2026100257,0,120,,0.4999999999999992,0.20841893081844248,0.7327467390021339,31.91875534255751,22.287700226761842,-2.8500205667691958e-12,62.190792831470006,0.9969914656036482,0.9969914656036484,0.051410479910138335,0.16499666409154878
thermal_tau120_A0.50,thermal,-30.0,60,2026100260,1,120,,0.4999999999999992,0.20841893081844248,0.7327467390021339,31.91875534255751,22.287700226761842,-2.8500205667691958e-12,62.190792831470006,0.9969914656036482,0.9969914656036484,0.051410479910138335,0.16499666409154878
thermal_tau120_A0.50,thermal,-30.0,58,2026100258,0,120,,0.4999999999999992,0.20841893081844248,0.7327467390021339,31.91875534255751,22.287700226761842,-2.8500205667691958e-12,62.190792831470006,0.9969914656036482,0.9969914656036484,0.051410479910138335,0.16499666409154878
thermal_tau120_A0.50,thermal,-30.0,63,2026100263,1,120,,0.4999999999999992,0.20841893081844248,0.7327467390021339,31.91875534255751,22.287700226761842,-2.8500205667691958e-12,62.190792831470006,0.9969914656036482,0.9969914656036484,0.051410479910138335,0.16499666409154878
thermal_tau120_A0.50,thermal,-30.0,59,2026100259,0,120,,0.4999999999999992,0.20841893081844248,0.7327467390021339,31.91875534255751,22.287700226761842,-2.8500205667691958e-12,62.190792831470006,0.9969914656036482,0.9969914656036484,0.051410479910138335,0.16499666409154878
thermal_tau120_A0.50,thermal,-30.0,61,2026100261,0,120,,0.4999999999999992,0.20841893081844248,0.7327467390021339,31.91875534255751,22.287700226761842,-2.8500205667691958e-12,62.190792831470006,0.9969914656036482,0.9969914656036484,0.051410479910138335,0.16499666409154878
thermal_tau120_A0.50,thermal,-30.0,62,2026100262,0,120,,0.4999999999999992,0.20841893081844248,0.7327467390021339,31.91875534255751,22.287700226761842,-2.8500205667691958e-12,62.190792831470006,0.9969914656036482,0.9969914656036484,0.051410479910138335,0.16499666409154878
thermal_tau120_A0.50,thermal,-30.0,67,2026100267,0,120,,0.4999999999999992,0.20841893081844248,0.7327467390021339,31.91875534255751,22.287700226761842,-2.8500205667691958e-12,62.190792831470006,0.9969914656036482,0.9969914656036484,0.051410479910138335,0.16499666409154878
thermal_tau120_A0.50,thermal,-30.0,64,2026100264,0,120,,0.4999999999999992,0.20841893081844248,0.7327467390021339,31.91875534255751,22.287700226761842,-2.8500205667691958e-12,62.190792831470006,0.9969914656036482,0.9969914656036484,0.051410479910138335,0.16499666409154878
thermal_tau120_A0.50,thermal,-30.0,69,2026100269,1,120,,0.4999999999999992,0.20841893081844248,0.7327467390021339,31.91875534255751,22.287700226761842,-2.8500205667691958e-12,62.190792831470006,0.9969914656036482,0.9969914656036484,0.051410479910138335,0.16499666409154878
thermal_tau120_A0.50,thermal,-30.0,65,2026100265,0,120,,0.4999999999999992,0.20841893081844248,0.7327467390021339,31.91875534255751,22.287700226761842,-2.8500205667691958e-12,62.190792831470006,0.9969914656036482,0.9969914656036484,0.051410479910138335,0.16499666409154878
thermal_tau120_A0.50,thermal,-30.0,66,2026100266,0,120,,0.4999999999999992,0.20841893081844248,0.7327467390021339,31.91875534255751,22.287700226761842,-2.8500205667691958e-12,62.190792831470006,0.9969914656036482,0.9969914656036484,0.051410479910138335,0.16499666409154878
thermal_tau120_A0.50,thermal,-30.0,68,2026100268,0,120,,0.4999999999999992,0.20841893081844248,0.7327467390021339,31.91875534255751,22.287700226761842,-2.8500205667691958e-12,62.190792831470006,0.9969914656036482,0.9969914656036484,0.051410479910138335,0.16499666409154878
thermal_tau120_A0.50,thermal,-30.0,70,2026100270,0,120,,0.4999999999999992,0.20841893081844248,0.7327467390021339,31.91875534255751,22.287700226761842,-2.8500205667691958e-12,62.190792831470006,0.9969914656036482,0.9969914656036484,0.051410479910138335,0.16499666409154878
thermal_tau120_A0.50,thermal,-30.0,71,2026100271,0,120,,0.4999999999999992,0.20841893081844248,0.7327467390021339,31.91875534255751,22.287700226761842,-2.8500205667691958e-12,62.190792831470006,0.9969914656036482,0.9969914656036484,0.051410479910138335,0.16499666409154878
thermal_tau120_A0.50,thermal,-30.0,74,2026100274,1,120,,0.4999999999999992,0.20841893081844248,0.7327467390021339,31.91875534255751,22.287700226761842,-2.8500205667691958e-12,62.190792831470006,0.9969914656036482,0.9969914656036484,0.051410479910138335,0.16499666409154878
thermal_tau120_A0.50,thermal,-30.0,72,2026100272,0,120,,0.4999999999999992,0.20841893081844248,0.7327467390021339,31.91875534255751,22.287700226761842,-2.8500205667691958e-12,62.190792831470006,0.9969914656036482,0.9969914656036484,0.051410479910138335,0.16499666409154878
thermal_tau120_A0.50,thermal,-30.0,75,2026100275,1,120,,0.4999999999999992,0.20841893081844248,0.7327467390021339,31.91875534255751,22.287700226761842,-2.8500205667691958e-12,62.190792831470006,0.9969914656036482,0.9969914656036484,0.051410479910138335,0.16499666409154878
thermal_tau120_A0.50,thermal,-30.0,73,2026100273,0,120,,0.4999999999999992,0.20841893081844248,0.7327467390021339,31.91875534255751,22.287700226761842,-2.8500205667691958e-12,62.190792831470006,0.9969914656036482,0.9969914656036484,0.051410479910138335,0.16499666409154878
thermal_tau120_A0.50,thermal,-30.0,76,2026100276,1,120,,0.4999999999999992,0.20841893081844248,0.7327467390021339,31.91875534255751,22.287700226761842,-2.8500205667691958e-12,62.190792831470006,0.9969914656036482,0.9969914656036484,0.051410479910138335,0.16499666409154878
thermal_tau120_A0.50,thermal,-30.0,77,2026100277,1,120,,0.4999999999999992,0.20841893081844248,0.7327467390021339,31.91875534255751,22.287700226761842,-2.8500205667691958e-12,62.190792831470006,0.9969914656036482,0.9969914656036484,0.051410479910138335,0.16499666409154878
thermal_tau120_A0.50,thermal,-30.0,79,2026100279,1,120,,0.4999999999999992,0.20841893081844248,0.7327467390021339,31.91875534255751,22.287700226761842,-2.8500205667691958e-12,62.190792831470006,0.9969914656036482,0.9969914656036484,0.051410479910138335,0.16499666409154878
thermal_tau120_A0.50,thermal,-30.0,78,2026100278,0,120,,0.4999999999999992,0.20841893081844248,0.7327467390021339,31.91875534255751,22.287700226761842,-2.8500205667691958e-12,62.190792831470006,0.9969914656036482,0.9969914656036484,0.051410479910138335,0.16499666409154878
thermal_tau120_A0.50,thermal,-30.0,82,2026100282,1,120,,0.4999999999999992,0.20841893081844248,0.7327467390021339,31.91875534255751,22.287700226761842,-2.8500205667691958e-12,62.190792831470006,0.9969914656036482,0.9969914656036484,0.051410479910138335,0.16499666409154878
thermal_tau120_A0.50,thermal,-30.0,83,2026100283,1,120,,0.4999999999999992,0.20841893081844248,0.7327467390021339,31.91875534255751,22.287700226761842,-2.8500205667691958e-12,62.190792831470006,0.9969914656036482,0.9969914656036484,0.051410479910138335,0.16499666409154878
thermal_tau120_A0.50,thermal,-30.0,80,2026100280,0,120,,0.4999999999999992,0.20841893081844248,0.7327467390021339,31.91875534255751,22.287700226761842,-2.8500205667691958e-12,62.190792831470006,0.9969914656036482,0.9969914656036484,0.051410479910138335,0.16499666409154878
thermal_tau120_A0.50,thermal,-30.0,85,2026100285,1,120,,0.4999999999999992,0.20841893081844248,0.7327467390021339,31.91875534255751,22.287700226761842,-2.8500205667691958e-12,62.190792831470006,0.9969914656036482,0.9969914656036484,0.051410479910138335,0.16499666409154878
thermal_tau120_A0.50,thermal,-30.0,81,2026100281,0,120,,0.4999999999999992,0.20841893081844248,0.7327467390021339,31.91875534255751,22.287700226761842,-2.8500205667691958e-12,62.190792831470006,0.9969914656036482,0.9969914656036484,0.051410479910138335,0.16499666409154878
thermal_tau120_A0.50,thermal,-30.0,86,2026100286,1,120,,0.4999999999999992,0.20841893081844248,0.7327467390021339,31.91875534255751,22.287700226761842,-2.8500205667691958e-12,62.190792831470006,0.9969914656036482,0.9969914656036484,0.051410479910138335,0.16499666409154878
thermal_tau120_A0.50,thermal,-30.0,89,2026100289,1,120,,0.4999999999999992,0.20841893081844248,0.7327467390021339,31.91875534255751,22.287700226761842,-2.8500205667691958e-12,62.190792831470006,0.9969914656036482,0.9969914656036484,0.051410479910138335,0.16499666409154878
thermal_tau120_A0.50,thermal,-30.0,90,2026100290,1,120,,0.4999999999999992,0.20841893081844248,0.7327467390021339,31.91875534255751,22.287700226761842,-2.8500205667691958e-12,62.190792831470006,0.9969914656036482,0.9969914656036484,0.051410479910138335,0.16499666409154878
thermal_tau120_A0.50,thermal,-30.0,84,2026100284,0,120,,0.4999999999999992,0.20841893081844248,0.7327467390021339,31.91875534255751,22.287700226761842,-2.8500205667691958e-12,62.190792831470006,0.9969914656036482,0.9969914656036484,0.051410479910138335,0.16499666409154878
thermal_tau120_A0.50,thermal,-30.0,87,2026100287,0,120,,0.4999999999999992,0.20841893081844248,0.7327467390021339,31.91875534255751,22.287700226761842,-2.8500205667691958e-12,62.190792831470006,0.9969914656036482,0.9969914656036484,0.051410479910138335,0.16499666409154878
thermal_tau120_A0.50,thermal,-30.0,92,2026100292,1,120,,0.4999999999999992,0.20841893081844248,0.7327467390021339,31.91875534255751,22.287700226761842,-2.8500205667691958e-12,62.190792831470006,0.9969914656036482,0.9969914656036484,0.051410479910138335,0.16499666409154878
thermal_tau120_A0.50,thermal,-30.0,88,2026100288,0,120,,0.4999999999999992,0.20841893081844248,0.7327467390021339,31.91875534255751,22.287700226761842,-2.8500205667691958e-12,62.190792831470006,0.9969914656036482,0.9969914656036484,0.051410479910138335,0.16499666409154878
thermal_tau120_A0.50,thermal,-30.0,94,2026100294,1,120,,0.4999999999999992,0.20841893081844248,0.7327467390021339,31.91875534255751,22.287700226761842,-2.8500205667691958e-12,62.190792831470006,0.9969914656036482,0.9969914656036484,0.051410479910138335,0.16499666409154878
thermal_tau120_A0.50,thermal,-30.0,95,2026100295,1,120,,0.4999999999999992,0.20841893081844248,0.7327467390021339,31.91875534255751,22.287700226761842,-2.8500205667691958e-12,62.190792831470006,0.9969914656036482,0.9969914656036484,0.051410479910138335,0.16499666409154878
thermal_tau120_A0.50,thermal,-30.0,91,2026100291,0,120,,0.4999999999999992,0.20841893081844248,0.7327467390021339,31.91875534255751,22.287700226761842,-2.8500205667691958e-12,62.190792831470006,0.9969914656036482,0.9969914656036484,0.051410479910138335,0.16499666409154878
thermal_tau120_A0.50,thermal,-30.0,96,2026100296,1,120,,0.4999999999999992,0.20841893081844248,0.7327467390021339,31.91875534255751,22.287700226761842,-2.8500205667691958e-12,62.190792831470006,0.9969914656036482,0.9969914656036484,0.051410479910138335,0.16499666409154878
thermal_tau120_A0.50,thermal,-30.0,98,2026100298,1,120,,0.4999999999999992,0.20841893081844248,0.7327467390021339,31.91875534255751,22.287700226761842,-2.8500205667691958e-12,62.190792831470006,0.9969914656036482,0.9969914656036484,0.051410479910138335,0.16499666409154878
thermal_tau120_A0.50,thermal,-30.0,97,2026100297,0,120,,0.4999999999999992,0.20841893081844248,0.7327467390021339,31.91875534255751,22.287700226761842,-2.8500205667691958e-12,62.190792831470006,0.9969914656036482,0.9969914656036484,0.051410479910138335,0.16499666409154878
thermal_tau120_A0.50,thermal,-30.0,93,2026100293,0,120,,0.4999999999999992,0.20841893081844248,0.7327467390021339,31.91875534255751,22.287700226761842,-2.8500205667691958e-12,62.190792831470006,0.9969914656036482,0.9969914656036484,0.051410479910138335,0.16499666409154878
thermal_tau30_A0.25,thermal,-30.5,0,2026110200,1,30,,0.24999999999999983,0.08215075237464613,0.34020843678128015,13.118264357090073,8.475951930527831,-9.086689733983633e-13,23.806064294795796,0.956853229788895,0.9568532297888954,0.1704103778314541,0.4980235217134631
thermal_tau120_A0.50,thermal,-30.0,99,2026100299,0,120,,0.4999999999999992,0.20841893081844248,0.7327467390021339,31.91875534255751,22.287700226761842,-2.8500205667691958e-12,62.190792831470006,0.9969914656036482,0.9969914656036484,0.051410479910138335,0.16499666409154878
thermal_tau30_A0.25,thermal,-30.5,1,2026110201,1,30,,0.24999999999999983,0.08215075237464613,0.34020843678128015,13.118264357090073,8.475951930527831,-9.086689733983633e-13,23.806064294795796,0.956853229788895,0.9568532297888954,0.1704103778314541,0.4980235217134631
thermal_tau30_A0.25,thermal,-30.5,2,2026110202,0,30,,0.24999999999999983,0.08215075237464613,0.34020843678128015,13.118264357090073,8.475951930527831,-9.086689733983633e-13,23.806064294795796,0.956853229788895,0.9568532297888954,0.1704103778314541,0.4980235217134631
thermal_tau30_A0.25,thermal,-30.5,4,2026110204,1,30,,0.24999999999999983,0.08215075237464613,0.34020843678128015,13.118264357090073,8.475951930527831,-9.086689733983633e-13,23.806064294795796,0.956853229788895,0.9568532297888954,0.1704103778314541,0.4980235217134631
thermal_tau30_A0.25,thermal,-30.5,5,2026110205,1,30,,0.24999999999999983,0.08215075237464613,0.34020843678128015,13.118264357090073,8.475951930527831,-9.086689733983633e-13,23.806064294795796,0.956853229788895,0.9568532297888954,0.1704103778314541,0.4980235217134631
thermal_tau30_A0.25,thermal,-30.5,3,2026110203,1,30,,0.24999999999999983,0.08215075237464613,0.34020843678128015,13.118264357090073,8.475951930527831,-9.086689733983633e-13,23.806064294795796,0.956853229788895,0.9568532297888954,0.1704103778314541,0.4980235217134631
thermal_tau30_A0.25,thermal,-30.5,6,2026110206,1,30,,0.24999999999999983,0.08215075237464613,0.34020843678128015,13.118264357090073,8.475951930527831,-9.086689733983633e-13,23.806064294795796,0.956853229788895,0.9568532297888954,0.1704103778314541,0.4980235217134631
thermal_tau30_A0.25,thermal,-30.5,8,2026110208,1,30,,0.24999999999999983,0.08215075237464613,0.34020843678128015,13.118264357090073,8.475951930527831,-9.086689733983633e-13,23.806064294795796,0.956853229788895,0.9568532297888954,0.1704103778314541,0.4980235217134631
thermal_tau30_A0.25,thermal,-30.5,7,2026110207,1,30,,0.24999999999999983,0.08215075237464613,0.34020843678128015,13.118264357090073,8.475951930527831,-9.086689733983633e-13,23.806064294795796,0.956853229788895,0.9568532297888954,0.1704103778314541,0.4980235217134631
thermal_tau30_A0.25,thermal,-30.5,9,2026110209,1,30,,0.24999999999999983,0.08215075237464613,0.34020843678128015,13.118264357090073,8.475951930527831,-9.086689733983633e-13,23.806064294795796,0.956853229788895,0.9568532297888954,0.1704103778314541,0.4980235217134631
thermal_tau30_A0.25,thermal,-30.5,13,2026110213,1,30,,0.24999999999999983,0.08215075237464613,0.34020843678128015,13.118264357090073,8.475951930527831,-9.086689733983633e-13,23.806064294795796,0.956853229788895,0.9568532297888954,0.1704103778314541,0.4980235217134631
thermal_tau30_A0.25,thermal,-30.5,10,2026110210,1,30,,0.24999999999999983,0.08215075237464613,0.34020843678128015,13.118264357090073,8.475951930527831,-9.086689733983633e-13,23.806064294795796,0.956853229788895,0.9568532297888954,0.1704103778314541,0.4980235217134631
thermal_tau30_A0.25,thermal,-30.5,11,2026110211,1,30,,0.24999999999999983,0.08215075237464613,0.34020843678128015,13.118264357090073,8.475951930527831,-9.086689733983633e-13,23.806064294795796,0.956853229788895,0.9568532297888954,0.1704103778314541,0.4980235217134631
thermal_tau30_A0.25,thermal,-30.5,12,2026110212,1,30,,0.24999999999999983,0.08215075237464613,0.34020843678128015,13.118264357090073,8.475951930527831,-9.086689733983633e-13,23.806064294795796,0.956853229788895,0.9568532297888954,0.1704103778314541,0.4980235217134631
thermal_tau30_A0.25,thermal,-30.5,16,2026110216,1,30,,0.24999999999999983,0.08215075237464613,0.34020843678128015,13.118264357090073,8.475951930527831,-9.086689733983633e-13,23.806064294795796,0.956853229788895,0.9568532297888954,0.1704103778314541,0.4980235217134631
thermal_tau30_A0.25,thermal,-30.5,17,2026110217,1,30,,0.24999999999999983,0.08215075237464613,0.34020843678128015,13.118264357090073,8.475951930527831,-9.086689733983633e-13,23.806064294795796,0.956853229788895,0.9568532297888954,0.1704103778314541,0.4980235217134631
thermal_tau30_A0.25,thermal,-30.5,14,2026110214,0,30,,0.24999999999999983,0.08215075237464613,0.34020843678128015,13.118264357090073,8.475951930527831,-9.086689733983633e-13,23.806064294795796,0.956853229788895,0.9568532297888954,0.1704103778314541,0.4980235217134631
thermal_tau30_A0.25,thermal,-30.5,19,2026110219,0,30,,0.24999999999999983,0.08215075237464613,0.34020843678128015,13.118264357090073,8.475951930527831,-9.086689733983633e-13,23.806064294795796,0.956853229788895,0.9568532297888954,0.1704103778314541,0.4980235217134631
thermal_tau30_A0.25,thermal,-30.5,15,2026110215,0,30,,0.24999999999999983,0.08215075237464613,0.34020843678128015,13.118264357090073,8.475951930527831,-9.086689733983633e-13,23.806064294795796,0.956853229788895,0.9568532297888954,0.1704103778314541,0.4980235217134631
thermal_tau30_A0.25,thermal,-30.5,20,2026110220,1,30,,0.24999999999999983,0.08215075237464613,0.34020843678128015,13.118264357090073,8.475951930527831,-9.086689733983633e-13,23.806064294795796,0.956853229788895,0.9568532297888954,0.1704103778314541,0.4980235217134631
thermal_tau30_A0.25,thermal,-30.5,22,2026110222,1,30,,0.24999999999999983,0.08215075237464613,0.34020843678128015,13.118264357090073,8.475951930527831,-9.086689733983633e-13,23.806064294795796,0.956853229788895,0.9568532297888954,0.1704103778314541,0.4980235217134631
thermal_tau30_A0.25,thermal,-30.5,18,2026110218,0,30,,0.24999999999999983,0.08215075237464613,0.34020843678128015,13.118264357090073,8.475951930527831,-9.086689733983633e-13,23.806064294795796,0.956853229788895,0.9568532297888954,0.1704103778314541,0.4980235217134631
thermal_tau30_A0.25,thermal,-30.5,24,2026110224,1,30,,0.24999999999999983,0.08215075237464613,0.34020843678128015,13.118264357090073,8.475951930527831,-9.086689733983633e-13,23.806064294795796,0.956853229788895,0.9568532297888954,0.1704103778314541,0.4980235217134631
thermal_tau30_A0.25,thermal,-30.5,23,2026110223,1,30,,0.24999999999999983,0.08215075237464613,0.34020843678128015,13.118264357090073,8.475951930527831,-9.086689733983633e-13,23.806064294795796,0.956853229788895,0.9568532297888954,0.1704103778314541,0.4980235217134631
thermal_tau30_A0.25,thermal,-30.5,25,2026110225,1,30,,0.24999999999999983,0.08215075237464613,0.34020843678128015,13.118264357090073,8.475951930527831,-9.086689733983633e-13,23.806064294795796,0.956853229788895,0.9568532297888954,0.1704103778314541,0.4980235217134631
thermal_tau30_A0.25,thermal,-30.5,21,2026110221,0,30,,0.24999999999999983,0.08215075237464613,0.34020843678128015,13.118264357090073,8.475951930527831,-9.086689733983633e-13,23.806064294795796,0.956853229788895,0.9568532297888954,0.1704103778314541,0.4980235217134631
thermal_tau30_A0.25,thermal,-30.5,26,2026110226,1,30,,0.24999999999999983,0.08215075237464613,0.34020843678128015,13.118264357090073,8.475951930527831,-9.086689733983633e-13,23.806064294795796,0.956853229788895,0.9568532297888954,0.1704103778314541,0.4980235217134631
thermal_tau30_A0.25,thermal,-30.5,30,2026110230,1,30,,0.24999999999999983,0.08215075237464613,0.34020843678128015,13.118264357090073,8.475951930527831,-9.086689733983633e-13,23.806064294795796,0.956853229788895,0.9568532297888954,0.1704103778314541,0.4980235217134631
thermal_tau30_A0.25,thermal,-30.5,29,2026110229,1,30,,0.24999999999999983,0.08215075237464613,0.34020843678128015,13.118264357090073,8.475951930527831,-9.086689733983633e-13,23.806064294795796,0.956853229788895,0.9568532297888954,0.1704103778314541,0.4980235217134631
thermal_tau30_A0.25,thermal,-30.5,28,2026110228,1,30,,0.24999999999999983,0.08215075237464613,0.34020843678128015,13.118264357090073,8.475951930527831,-9.086689733983633e-13,23.806064294795796,0.956853229788895,0.9568532297888954,0.1704103778314541,0.4980235217134631
thermal_tau30_A0.25,thermal,-30.5,27,2026110227,0,30,,0.24999999999999983,0.08215075237464613,0.34020843678128015,13.118264357090073,8.475951930527831,-9.086689733983633e-13,23.806064294795796,0.956853229788895,0.9568532297888954,0.1704103778314541,0.4980235217134631
thermal_tau30_A0.25,thermal,-30.5,31,2026110231,1,30,,0.24999999999999983,0.08215075237464613,0.34020843678128015,13.118264357090073,8.475951930527831,-9.086689733983633e-13,23.806064294795796,0.956853229788895,0.9568532297888954,0.1704103778314541,0.4980235217134631
thermal_tau30_A0.25,thermal,-30.5,32,2026110232,1,30,,0.24999999999999983,0.08215075237464613,0.34020843678128015,13.118264357090073,8.475951930527831,-9.086689733983633e-13,23.806064294795796,0.956853229788895,0.9568532297888954,0.1704103778314541,0.4980235217134631
thermal_tau30_A0.25,thermal,-30.5,33,2026110233,1,30,,0.24999999999999983,0.08215075237464613,0.34020843678128015,13.118264357090073,8.475951930527831,-9.086689733983633e-13,23.806064294795796,0.956853229788895,0.9568532297888954,0.1704103778314541,0.4980235217134631
thermal_tau30_A0.25,thermal,-30.5,36,2026110236,1,30,,0.24999999999999983,0.08215075237464613,0.34020843678128015,13.118264357090073,8.475951930527831,-9.086689733983633e-13,23.806064294795796,0.956853229788895,0.9568532297888954,0.1704103778314541,0.4980235217134631
thermal_tau30_A0.25,thermal,-30.5,34,2026110234,1,30,,0.24999999999999983,0.08215075237464613,0.34020843678128015,13.118264357090073,8.475951930527831,-9.086689733983633e-13,23.806064294795796,0.956853229788895,0.9568532297888954,0.1704103778314541,0.4980235217134631
thermal_tau30_A0.25,thermal,-30.5,39,2026110239,1,30,,0.24999999999999983,0.08215075237464613,0.34020843678128015,13.118264357090073,8.475951930527831,-9.086689733983633e-13,23.806064294795796,0.956853229788895,0.9568532297888954,0.1704103778314541,0.4980235217134631
thermal_tau30_A0.25,thermal,-30.5,38,2026110238,1,30,,0.24999999999999983,0.08215075237464613,0.34020843678128015,13.118264357090073,8.475951930527831,-9.086689733983633e-13,23.806064294795796,0.956853229788895,0.9568532297888954,0.1704103778314541,0.4980235217134631
thermal_tau30_A0.25,thermal,-30.5,37,2026110237,1,30,,0.24999999999999983,0.08215075237464613,0.34020843678128015,13.118264357090073,8.475951930527831,-9.086689733983633e-13,23.806064294795796,0.956853229788895,0.9568532297888954,0.1704103778314541,0.4980235217134631
thermal_tau30_A0.25,thermal,-30.5,35,2026110235,0,30,,0.24999999999999983,0.08215075237464613,0.34020843678128015,13.118264357090073,8.475951930527831,-9.086689733983633e-13,23.806064294795796,0.956853229788895,0.9568532297888954,0.1704103778314541,0.4980235217134631
thermal_tau30_A0.25,thermal,-30.5,42,2026110242,1,30,,0.24999999999999983,0.08215075237464613,0.34020843678128015,13.118264357090073,8.475951930527831,-9.086689733983633e-13,23.806064294795796,0.956853229788895,0.9568532297888954,0.1704103778314541,0.4980235217134631
thermal_tau30_A0.25,thermal,-30.5,40,2026110240,1,30,,0.24999999999999983,0.08215075237464613,0.34020843678128015,13.118264357090073,8.475951930527831,-9.086689733983633e-13,23.806064294795796,0.956853229788895,0.9568532297888954,0.1704103778314541,0.4980235217134631
thermal_tau30_A0.25,thermal,-30.5,45,2026110245,1,30,,0.24999999999999983,0.08215075237464613,0.34020843678128015,13.118264357090073,8.475951930527831,-9.086689733983633e-13,23.806064294795796,0.956853229788895,0.9568532297888954,0.1704103778314541,0.4980235217134631
thermal_tau30_A0.25,thermal,-30.5,41,2026110241,0,30,,0.24999999999999983,0.08215075237464613,0.34020843678128015,13.118264357090073,8.475951930527831,-9.086689733983633e-13,23.806064294795796,0.956853229788895,0.9568532297888954,0.1704103778314541,0.4980235217134631
thermal_tau30_A0.25,thermal,-30.5,43,2026110243,1,30,,0.24999999999999983,0.08215075237464613,0.34020843678128015,13.118264357090073,8.475951930527831,-9.086689733983633e-13,23.806064294795796,0.956853229788895,0.9568532297888954,0.1704103778314541,0.4980235217134631
thermal_tau30_A0.25,thermal,-30.5,44,2026110244,1,30,,0.24999999999999983,0.08215075237464613,0.34020843678128015,13.118264357090073,8.475951930527831,-9.086689733983633e-13,23.806064294795796,0.956853229788895,0.9568532297888954,0.1704103778314541,0.4980235217134631
thermal_tau30_A0.25,thermal,-30.5,46,2026110246,1,30,,0.24999999999999983,0.08215075237464613,0.34020843678128015,13.118264357090073,8.475951930527831,-9.086689733983633e-13,23.806064294795796,0.956853229788895,0.9568532297888954,0.1704103778314541,0.4980235217134631
thermal_tau30_A0.25,thermal,-30.5,47,2026110247,1,30,,0.24999999999999983,0.08215075237464613,0.34020843678128015,13.118264357090073,8.475951930527831,-9.086689733983633e-13,23.806064294795796,0.956853229788895,0.9568532297888954,0.1704103778314541,0.4980235217134631
thermal_tau30_A0.25,thermal,-30.5,49,2026110249,1,30,,0.24999999999999983,0.08215075237464613,0.34020843678128015,13.118264357090073,8.475951930527831,-9.086689733983633e-13,23.806064294795796,0.956853229788895,0.9568532297888954,0.1704103778314541,0.4980235217134631
thermal_tau30_A0.25,thermal,-30.5,50,2026110250,1,30,,0.24999999999999983,0.08215075237464613,0.34020843678128015,13.118264357090073,8.475951930527831,-9.086689733983633e-13,23.806064294795796,0.956853229788895,0.9568532297888954,0.1704103778314541,0.4980235217134631
thermal_tau30_A0.25,thermal,-30.5,53,2026110253,1,30,,0.24999999999999983,0.08215075237464613,0.34020843678128015,13.118264357090073,8.475951930527831,-9.086689733983633e-13,23.806064294795796,0.956853229788895,0.9568532297888954,0.1704103778314541,0.4980235217134631
thermal_tau30_A0.25,thermal,-30.5,48,2026110248,0,30,,0.24999999999999983,0.08215075237464613,0.34020843678128015,13.118264357090073,8.475951930527831,-9.086689733983633e-13,23.806064294795796,0.956853229788895,0.9568532297888954,0.1704103778314541,0.4980235217134631
thermal_tau30_A0.25,thermal,-30.5,55,2026110255,1,30,,0.24999999999999983,0.08215075237464613,0.34020843678128015,13.118264357090073,8.475951930527831,-9.086689733983633e-13,23.806064294795796,0.956853229788895,0.9568532297888954,0.1704103778314541,0.4980235217134631
thermal_tau30_A0.25,thermal,-30.5,52,2026110252,0,30,,0.24999999999999983,0.08215075237464613,0.34020843678128015,13.118264357090073,8.475951930527831,-9.086689733983633e-13,23.806064294795796,0.956853229788895,0.9568532297888954,0.1704103778314541,0.4980235217134631
thermal_tau30_A0.25,thermal,-30.5,51,2026110251,0,30,,0.24999999999999983,0.08215075237464613,0.34020843678128015,13.118264357090073,8.475951930527831,-9.086689733983633e-13,23.806064294795796,0.956853229788895,0.9568532297888954,0.1704103778314541,0.4980235217134631
thermal_tau30_A0.25,thermal,-30.5,54,2026110254,1,30,,0.24999999999999983,0.08215075237464613,0.34020843678128015,13.118264357090073,8.475951930527831,-9.086689733983633e-13,23.806064294795796,0.956853229788895,0.9568532297888954,0.1704103778314541,0.4980235217134631
thermal_tau30_A0.25,thermal,-30.5,56,2026110256,1,30,,0.24999999999999983,0.08215075237464613,0.34020843678128015,13.118264357090073,8.475951930527831,-9.086689733983633e-13,23.806064294795796,0.956853229788895,0.9568532297888954,0.1704103778314541,0.4980235217134631
thermal_tau30_A0.25,thermal,-30.5,59,2026110259,1,30,,0.24999999999999983,0.08215075237464613,0.34020843678128015,13.118264357090073,8.475951930527831,-9.086689733983633e-13,23.806064294795796,0.956853229788895,0.9568532297888954,0.1704103778314541,0.4980235217134631
thermal_tau30_A0.25,thermal,-30.5,58,2026110258,1,30,,0.24999999999999983,0.08215075237464613,0.34020843678128015,13.118264357090073,8.475951930527831,-9.086689733983633e-13,23.806064294795796,0.956853229788895,0.9568532297888954,0.1704103778314541,0.4980235217134631
thermal_tau30_A0.25,thermal,-30.5,60,2026110260,1,30,,0.24999999999999983,0.08215075237464613,0.34020843678128015,13.118264357090073,8.475951930527831,-9.086689733983633e-13,23.806064294795796,0.956853229788895,0.9568532297888954,0.1704103778314541,0.4980235217134631
thermal_tau30_A0.25,thermal,-30.5,63,2026110263,1,30,,0.24999999999999983,0.08215075237464613,0.34020843678128015,13.118264357090073,8.475951930527831,-9.086689733983633e-13,23.806064294795796,0.956853229788895,0.9568532297888954,0.1704103778314541,0.4980235217134631
thermal_tau30_A0.25,thermal,-30.5,57,2026110257,0,30,,0.24999999999999983,0.08215075237464613,0.34020843678128015,13.118264357090073,8.475951930527831,-9.086689733983633e-13,23.806064294795796,0.956853229788895,0.9568532297888954,0.1704103778314541,0.4980235217134631
thermal_tau30_A0.25,thermal,-30.5,62,2026110262,1,30,,0.24999999999999983,0.08215075237464613,0.34020843678128015,13.118264357090073,8.475951930527831,-9.086689733983633e-13,23.806064294795796,0.956853229788895,0.9568532297888954,0.1704103778314541,0.4980235217134631
thermal_tau30_A0.25,thermal,-30.5,61,2026110261,0,30,,0.24999999999999983,0.08215075237464613,0.34020843678128015,13.118264357090073,8.475951930527831,-9.086689733983633e-13,23.806064294795796,0.956853229788895,0.9568532297888954,0.1704103778314541,0.4980235217134631
thermal_tau30_A0.25,thermal,-30.5,67,2026110267,1,30,,0.24999999999999983,0.08215075237464613,0.34020843678128015,13.118264357090073,8.475951930527831,-9.086689733983633e-13,23.806064294795796,0.956853229788895,0.9568532297888954,0.1704103778314541,0.4980235217134631
thermal_tau30_A0.25,thermal,-30.5,64,2026110264,1,30,,0.24999999999999983,0.08215075237464613,0.34020843678128015,13.118264357090073,8.475951930527831,-9.086689733983633e-13,23.806064294795796,0.956853229788895,0.9568532297888954,0.1704103778314541,0.4980235217134631
thermal_tau30_A0.25,thermal,-30.5,69,2026110269,0,30,,0.24999999999999983,0.08215075237464613,0.34020843678128015,13.118264357090073,8.475951930527831,-9.086689733983633e-13,23.806064294795796,0.956853229788895,0.9568532297888954,0.1704103778314541,0.4980235217134631
thermal_tau30_A0.25,thermal,-30.5,70,2026110270,1,30,,0.24999999999999983,0.08215075237464613,0.34020843678128015,13.118264357090073,8.475951930527831,-9.086689733983633e-13,23.806064294795796,0.956853229788895,0.9568532297888954,0.1704103778314541,0.4980235217134631
thermal_tau30_A0.25,thermal,-30.5,65,2026110265,0,30,,0.24999999999999983,0.08215075237464613,0.34020843678128015,13.118264357090073,8.475951930527831,-9.086689733983633e-13,23.806064294795796,0.956853229788895,0.9568532297888954,0.1704103778314541,0.4980235217134631
thermal_tau30_A0.25,thermal,-30.5,66,2026110266,0,30,,0.24999999999999983,0.08215075237464613,0.34020843678128015,13.118264357090073,8.475951930527831,-9.086689733983633e-13,23.806064294795796,0.956853229788895,0.9568532297888954,0.1704103778314541,0.4980235217134631
thermal_tau30_A0.25,thermal,-30.5,71,2026110271,1,30,,0.24999999999999983,0.08215075237464613,0.34020843678128015,13.118264357090073,8.475951930527831,-9.086689733983633e-13,23.806064294795796,0.956853229788895,0.9568532297888954,0.1704103778314541,0.4980235217134631
thermal_tau30_A0.25,thermal,-30.5,68,2026110268,0,30,,0.24999999999999983,0.08215075237464613,0.34020843678128015,13.118264357090073,8.475951930527831,-9.086689733983633e-13,23.806064294795796,0.956853229788895,0.9568532297888954,0.1704103778314541,0.4980235217134631
thermal_tau30_A0.25,thermal,-30.5,72,2026110272,1,30,,0.24999999999999983,0.08215075237464613,0.34020843678128015,13.118264357090073,8.475951930527831,-9.086689733983633e-13,23.806064294795796,0.956853229788895,0.9568532297888954,0.1704103778314541,0.4980235217134631
thermal_tau30_A0.25,thermal,-30.5,73,2026110273,1,30,,0.24999999999999983,0.08215075237464613,0.34020843678128015,13.118264357090073,8.475951930527831,-9.086689733983633e-13,23.806064294795796,0.956853229788895,0.9568532297888954,0.1704103778314541,0.4980235217134631
thermal_tau30_A0.25,thermal,-30.5,74,2026110274,1,30,,0.24999999999999983,0.08215075237464613,0.34020843678128015,13.118264357090073,8.475951930527831,-9.086689733983633e-13,23.806064294795796,0.956853229788895,0.9568532297888954,0.1704103778314541,0.4980235217134631
thermal_tau30_A0.25,thermal,-30.5,75,2026110275,1,30,,0.24999999999999983,0.08215075237464613,0.34020843678128015,13.118264357090073,8.475951930527831,-9.086689733983633e-13,23.806064294795796,0.956853229788895,0.9568532297888954,0.1704103778314541,0.4980235217134631
thermal_tau30_A0.25,thermal,-30.5,78,2026110278,1,30,,0.24999999999999983,0.08215075237464613,0.34020843678128015,13.118264357090073,8.475951930527831,-9.086689733983633e-13,23.806064294795796,0.956853229788895,0.9568532297888954,0.1704103778314541,0.4980235217134631
thermal_tau30_A0.25,thermal,-30.5,76,2026110276,1,30,,0.24999999999999983,0.08215075237464613,0.34020843678128015,13.118264357090073,8.475951930527831,-9.086689733983633e-13,23.806064294795796,0.956853229788895,0.9568532297888954,0.1704103778314541,0.4980235217134631
thermal_tau30_A0.25,thermal,-30.5,81,2026110281,0,30,,0.24999999999999983,0.08215075237464613,0.34020843678128015,13.118264357090073,8.475951930527831,-9.086689733983633e-13,23.806064294795796,0.956853229788895,0.9568532297888954,0.1704103778314541,0.4980235217134631
thermal_tau30_A0.25,thermal,-30.5,77,2026110277,1,30,,0.24999999999999983,0.08215075237464613,0.34020843678128015,13.118264357090073,8.475951930527831,-9.086689733983633e-13,23.806064294795796,0.956853229788895,0.9568532297888954,0.1704103778314541,0.4980235217134631
thermal_tau30_A0.25,thermal,-30.5,83,2026110283,1,30,,0.24999999999999983,0.08215075237464613,0.34020843678128015,13.118264357090073,8.475951930527831,-9.086689733983633e-13,23.806064294795796,0.956853229788895,0.9568532297888954,0.1704103778314541,0.4980235217134631
thermal_tau30_A0.25,thermal,-30.5,79,2026110279,1,30,,0.24999999999999983,0.08215075237464613,0.34020843678128015,13.118264357090073,8.475951930527831,-9.086689733983633e-13,23.806064294795796,0.956853229788895,0.9568532297888954,0.1704103778314541,0.4980235217134631
thermal_tau30_A0.25,thermal,-30.5,82,2026110282,1,30,,0.24999999999999983,0.08215075237464613,0.34020843678128015,13.118264357090073,8.475951930527831,-9.086689733983633e-13,23.806064294795796,0.956853229788895,0.9568532297888954,0.1704103778314541,0.4980235217134631
thermal_tau30_A0.25,thermal,-30.5,84,2026110284,1,30,,0.24999999999999983,0.08215075237464613,0.34020843678128015,13.118264357090073,8.475951930527831,-9.086689733983633e-13,23.806064294795796,0.956853229788895,0.9568532297888954,0.1704103778314541,0.4980235217134631
thermal_tau30_A0.25,thermal,-30.5,80,2026110280,0,30,,0.24999999999999983,0.08215075237464613,0.34020843678128015,13.118264357090073,8.475951930527831,-9.086689733983633e-13,23.806064294795796,0.956853229788895,0.9568532297888954,0.1704103778314541,0.4980235217134631
thermal_tau30_A0.25,thermal,-30.5,86,2026110286,1,30,,0.24999999999999983,0.08215075237464613,0.34020843678128015,13.118264357090073,8.475951930527831,-9.086689733983633e-13,23.806064294795796,0.956853229788895,0.9568532297888954,0.1704103778314541,0.4980235217134631
thermal_tau30_A0.25,thermal,-30.5,89,2026110289,1,30,,0.24999999999999983,0.08215075237464613,0.34020843678128015,13.118264357090073,8.475951930527831,-9.086689733983633e-13,23.806064294795796,0.956853229788895,0.9568532297888954,0.1704103778314541,0.4980235217134631
thermal_tau30_A0.25,thermal,-30.5,85,2026110285,0,30,,0.24999999999999983,0.08215075237464613,0.34020843678128015,13.118264357090073,8.475951930527831,-9.086689733983633e-13,23.806064294795796,0.956853229788895,0.9568532297888954,0.1704103778314541,0.4980235217134631
thermal_tau30_A0.25,thermal,-30.5,88,2026110288,1,30,,0.24999999999999983,0.08215075237464613,0.34020843678128015,13.118264357090073,8.475951930527831,-9.086689733983633e-13,23.806064294795796,0.956853229788895,0.9568532297888954,0.1704103778314541,0.4980235217134631
thermal_tau30_A0.25,thermal,-30.5,90,2026110290,1,30,,0.24999999999999983,0.08215075237464613,0.34020843678128015,13.118264357090073,8.475951930527831,-9.086689733983633e-13,23.806064294795796,0.956853229788895,0.9568532297888954,0.1704103778314541,0.4980235217134631
thermal_tau30_A0.25,thermal,-30.5,87,2026110287,0,30,,0.24999999999999983,0.08215075237464613,0.34020843678128015,13.118264357090073,8.475951930527831,-9.086689733983633e-13,23.806064294795796,0.956853229788895,0.9568532297888954,0.1704103778314541,0.4980235217134631
thermal_tau30_A0.25,thermal,-30.5,94,2026110294,1,30,,0.24999999999999983,0.08215075237464613,0.34020843678128015,13.118264357090073,8.475951930527831,-9.086689733983633e-13,23.806064294795796,0.956853229788895,0.9568532297888954,0.1704103778314541,0.4980235217134631
thermal_tau30_A0.25,thermal,-30.5,92,2026110292,1,30,,0.24999999999999983,0.08215075237464613,0.34020843678128015,13.118264357090073,8.475951930527831,-9.086689733983633e-13,23.806064294795796,0.956853229788895,0.9568532297888954,0.1704103778314541,0.4980235217134631
thermal_tau30_A0.25,thermal,-30.5,91,2026110291,1,30,,0.24999999999999983,0.08215075237464613,0.34020843678128015,13.118264357090073,8.475951930527831,-9.086689733983633e-13,23.806064294795796,0.956853229788895,0.9568532297888954,0.1704103778314541,0.4980235217134631
thermal_tau30_A0.25,thermal,-30.5,97,2026110297,1,30,,0.24999999999999983,0.08215075237464613,0.34020843678128015,13.118264357090073,8.475951930527831,-9.086689733983633e-13,23.806064294795796,0.956853229788895,0.9568532297888954,0.1704103778314541,0.4980235217134631
thermal_tau30_A0.25,thermal,-30.5,95,2026110295,1,30,,0.24999999999999983,0.08215075237464613,0.34020843678128015,13.118264357090073,8.475951930527831,-9.086689733983633e-13,23.806064294795796,0.956853229788895,0.9568532297888954,0.1704103778314541,0.4980235217134631
thermal_tau30_A0.25,thermal,-30.5,98,2026110298,1,30,,0.24999999999999983,0.08215075237464613,0.34020843678128015,13.118264357090073,8.475951930527831,-9.086689733983633e-13,23.806064294795796,0.956853229788895,0.9568532297888954,0.1704103778314541,0.4980235217134631
thermal_tau30_A0.25,thermal,-30.5,93,2026110293,0,30,,0.24999999999999983,0.08215075237464613,0.34020843678128015,13.118264357090073,8.475951930527831,-9.086689733983633e-13,23.806064294795796,0.956853229788895,0.9568532297888954,0.1704103778314541,0.4980235217134631
thermal_tau30_A0.25,thermal,-30.5,96,2026110296,1,30,,0.24999999999999983,0.08215075237464613,0.34020843678128015,13.118264357090073,8.475951930527831,-9.086689733983633e-13,23.806064294795796,0.956853229788895,0.9568532297888954,0.1704103778314541,0.4980235217134631
thermal_tau30_A0.25,thermal,-30.5,99,2026110299,1,30,,0.24999999999999983,0.08215075237464613,0.34020843678128015,13.118264357090073,8.475951930527831,-9.086689733983633e-13,23.806064294795796,0.956853229788895,0.9568532297888954,0.1704103778314541,0.4980235217134631
thermal_tau30_A0.50,thermal,-30.5,0,2026110200,0,30,,0.49999999999999967,0.16430150474929225,0.6804168735625603,26.236528714180146,16.951903861055662,-1.8173379467967266e-12,47.61212858959159,0.956853229788895,0.9568532297888954,0.1704103778314541,0.4980235217134631
thermal_tau30_A0.50,thermal,-30.5,1,2026110201,0,30,,0.49999999999999967,0.16430150474929225,0.6804168735625603,26.236528714180146,16.951903861055662,-1.8173379467967266e-12,47.61212858959159,0.956853229788895,0.9568532297888954,0.1704103778314541,0.4980235217134631
thermal_tau30_A0.50,thermal,-30.5,2,2026110202,0,30,,0.49999999999999967,0.16430150474929225,0.6804168735625603,26.236528714180146,16.951903861055662,-1.8173379467967266e-12,47.61212858959159,0.956853229788895,0.9568532297888954,0.1704103778314541,0.4980235217134631
thermal_tau30_A0.50,thermal,-30.5,3,2026110203,0,30,,0.49999999999999967,0.16430150474929225,0.6804168735625603,26.236528714180146,16.951903861055662,-1.8173379467967266e-12,47.61212858959159,0.956853229788895,0.9568532297888954,0.1704103778314541,0.4980235217134631
thermal_tau30_A0.50,thermal,-30.5,4,2026110204,1,30,,0.49999999999999967,0.16430150474929225,0.6804168735625603,26.236528714180146,16.951903861055662,-1.8173379467967266e-12,47.61212858959159,0.956853229788895,0.9568532297888954,0.1704103778314541,0.4980235217134631
thermal_tau30_A0.50,thermal,-30.5,5,2026110205,1,30,,0.49999999999999967,0.16430150474929225,0.6804168735625603,26.236528714180146,16.951903861055662,-1.8173379467967266e-12,47.61212858959159,0.956853229788895,0.9568532297888954,0.1704103778314541,0.4980235217134631
thermal_tau30_A0.50,thermal,-30.5,9,2026110209,1,30,,0.49999999999999967,0.16430150474929225,0.6804168735625603,26.236528714180146,16.951903861055662,-1.8173379467967266e-12,47.61212858959159,0.956853229788895,0.9568532297888954,0.1704103778314541,0.4980235217134631
thermal_tau30_A0.50,thermal,-30.5,6,2026110206,0,30,,0.49999999999999967,0.16430150474929225,0.6804168735625603,26.236528714180146,16.951903861055662,-1.8173379467967266e-12,47.61212858959159,0.956853229788895,0.9568532297888954,0.1704103778314541,0.4980235217134631
thermal_tau30_A0.50,thermal,-30.5,7,2026110207,0,30,,0.49999999999999967,0.16430150474929225,0.6804168735625603,26.236528714180146,16.951903861055662,-1.8173379467967266e-12,47.61212858959159,0.956853229788895,0.9568532297888954,0.1704103778314541,0.4980235217134631
thermal_tau30_A0.50,thermal,-30.5,8,2026110208,0,30,,0.49999999999999967,0.16430150474929225,0.6804168735625603,26.236528714180146,16.951903861055662,-1.8173379467967266e-12,47.61212858959159,0.956853229788895,0.9568532297888954,0.1704103778314541,0.4980235217134631
thermal_tau30_A0.50,thermal,-30.5,11,2026110211,1,30,,0.49999999999999967,0.16430150474929225,0.6804168735625603,26.236528714180146,16.951903861055662,-1.8173379467967266e-12,47.61212858959159,0.956853229788895,0.9568532297888954,0.1704103778314541,0.4980235217134631
thermal_tau30_A0.50,thermal,-30.5,10,2026110210,0,30,,0.49999999999999967,0.16430150474929225,0.6804168735625603,26.236528714180146,16.951903861055662,-1.8173379467967266e-12,47.61212858959159,0.956853229788895,0.9568532297888954,0.1704103778314541,0.4980235217134631
thermal_tau30_A0.50,thermal,-30.5,12,2026110212,1,30,,0.49999999999999967,0.16430150474929225,0.6804168735625603,26.236528714180146,16.951903861055662,-1.8173379467967266e-12,47.61212858959159,0.956853229788895,0.9568532297888954,0.1704103778314541,0.4980235217134631
thermal_tau30_A0.50,thermal,-30.5,14,2026110214,1,30,,0.49999999999999967,0.16430150474929225,0.6804168735625603,26.236528714180146,16.951903861055662,-1.8173379467967266e-12,47.61212858959159,0.956853229788895,0.9568532297888954,0.1704103778314541,0.4980235217134631
thermal_tau30_A0.50,thermal,-30.5,13,2026110213,0,30,,0.49999999999999967,0.16430150474929225,0.6804168735625603,26.236528714180146,16.951903861055662,-1.8173379467967266e-12,47.61212858959159,0.956853229788895,0.9568532297888954,0.1704103778314541,0.4980235217134631
thermal_tau30_A0.50,thermal,-30.5,15,2026110215,0,30,,0.49999999999999967,0.16430150474929225,0.6804168735625603,26.236528714180146,16.951903861055662,-1.8173379467967266e-12,47.61212858959159,0.956853229788895,0.9568532297888954,0.1704103778314541,0.4980235217134631
thermal_tau30_A0.50,thermal,-30.5,16,2026110216,0,30,,0.49999999999999967,0.16430150474929225,0.6804168735625603,26.236528714180146,16.951903861055662,-1.8173379467967266e-12,47.61212858959159,0.956853229788895,0.9568532297888954,0.1704103778314541,0.4980235217134631
thermal_tau30_A0.50,thermal,-30.5,19,2026110219,0,30,,0.49999999999999967,0.16430150474929225,0.6804168735625603,26.236528714180146,16.951903861055662,-1.8173379467967266e-12,47.61212858959159,0.956853229788895,0.9568532297888954,0.1704103778314541,0.4980235217134631
thermal_tau30_A0.50,thermal,-30.5,17,2026110217,0,30,,0.49999999999999967,0.16430150474929225,0.6804168735625603,26.236528714180146,16.951903861055662,-1.8173379467967266e-12,47.61212858959159,0.956853229788895,0.9568532297888954,0.1704103778314541,0.4980235217134631
thermal_tau30_A0.50,thermal,-30.5,18,2026110218,0,30,,0.49999999999999967,0.16430150474929225,0.6804168735625603,26.236528714180146,16.951903861055662,-1.8173379467967266e-12,47.61212858959159,0.956853229788895,0.9568532297888954,0.1704103778314541,0.4980235217134631
thermal_tau30_A0.50,thermal,-30.5,20,2026110220,0,30,,0.49999999999999967,0.16430150474929225,0.6804168735625603,26.236528714180146,16.951903861055662,-1.8173379467967266e-12,47.61212858959159,0.956853229788895,0.9568532297888954,0.1704103778314541,0.4980235217134631
thermal_tau30_A0.50,thermal,-30.5,21,2026110221,0,30,,0.49999999999999967,0.16430150474929225,0.6804168735625603,26.236528714180146,16.951903861055662,-1.8173379467967266e-12,47.61212858959159,0.956853229788895,0.9568532297888954,0.1704103778314541,0.4980235217134631
thermal_tau30_A0.50,thermal,-30.5,22,2026110222,0,30,,0.49999999999999967,0.16430150474929225,0.6804168735625603,26.236528714180146,16.951903861055662,-1.8173379467967266e-12,47.61212858959159,0.956853229788895,0.9568532297888954,0.1704103778314541,0.4980235217134631
thermal_tau30_A0.50,thermal,-30.5,23,2026110223,0,30,,0.49999999999999967,0.16430150474929225,0.6804168735625603,26.236528714180146,16.951903861055662,-1.8173379467967266e-12,47.61212858959159,0.956853229788895,0.9568532297888954,0.1704103778314541,0.4980235217134631
thermal_tau30_A0.50,thermal,-30.5,24,2026110224,1,30,,0.49999999999999967,0.16430150474929225,0.6804168735625603,26.236528714180146,16.951903861055662,-1.8173379467967266e-12,47.61212858959159,0.956853229788895,0.9568532297888954,0.1704103778314541,0.4980235217134631
thermal_tau30_A0.50,thermal,-30.5,25,2026110225,1,30,,0.49999999999999967,0.16430150474929225,0.6804168735625603,26.236528714180146,16.951903861055662,-1.8173379467967266e-12,47.61212858959159,0.956853229788895,0.9568532297888954,0.1704103778314541,0.4980235217134631
thermal_tau30_A0.50,thermal,-30.5,26,2026110226,1,30,,0.49999999999999967,0.16430150474929225,0.6804168735625603,26.236528714180146,16.951903861055662,-1.8173379467967266e-12,47.61212858959159,0.956853229788895,0.9568532297888954,0.1704103778314541,0.4980235217134631
thermal_tau30_A0.50,thermal,-30.5,27,2026110227,0,30,,0.49999999999999967,0.16430150474929225,0.6804168735625603,26.236528714180146,16.951903861055662,-1.8173379467967266e-12,47.61212858959159,0.956853229788895,0.9568532297888954,0.1704103778314541,0.4980235217134631
thermal_tau30_A0.50,thermal,-30.5,28,2026110228,0,30,,0.49999999999999967,0.16430150474929225,0.6804168735625603,26.236528714180146,16.951903861055662,-1.8173379467967266e-12,47.61212858959159,0.956853229788895,0.9568532297888954,0.1704103778314541,0.4980235217134631
thermal_tau30_A0.50,thermal,-30.5,29,2026110229,0,30,,0.49999999999999967,0.16430150474929225,0.6804168735625603,26.236528714180146,16.951903861055662,-1.8173379467967266e-12,47.61212858959159,0.956853229788895,0.9568532297888954,0.1704103778314541,0.4980235217134631
thermal_tau30_A0.50,thermal,-30.5,30,2026110230,0,30,,0.49999999999999967,0.16430150474929225,0.6804168735625603,26.236528714180146,16.951903861055662,-1.8173379467967266e-12,47.61212858959159,0.956853229788895,0.9568532297888954,0.1704103778314541,0.4980235217134631
thermal_tau30_A0.50,thermal,-30.5,32,2026110232,1,30,,0.49999999999999967,0.16430150474929225,0.6804168735625603,26.236528714180146,16.951903861055662,-1.8173379467967266e-12,47.61212858959159,0.956853229788895,0.9568532297888954,0.1704103778314541,0.4980235217134631
thermal_tau30_A0.50,thermal,-30.5,31,2026110231,0,30,,0.49999999999999967,0.16430150474929225,0.6804168735625603,26.236528714180146,16.951903861055662,-1.8173379467967266e-12,47.61212858959159,0.956853229788895,0.9568532297888954,0.1704103778314541,0.4980235217134631
thermal_tau30_A0.50,thermal,-30.5,33,2026110233,0,30,,0.49999999999999967,0.16430150474929225,0.6804168735625603,26.236528714180146,16.951903861055662,-1.8173379467967266e-12,47.61212858959159,0.956853229788895,0.9568532297888954,0.1704103778314541,0.4980235217134631
thermal_tau30_A0.50,thermal,-30.5,34,2026110234,0,30,,0.49999999999999967,0.16430150474929225,0.6804168735625603,26.236528714180146,16.951903861055662,-1.8173379467967266e-12,47.61212858959159,0.956853229788895,0.9568532297888954,0.1704103778314541,0.4980235217134631
thermal_tau30_A0.50,thermal,-30.5,35,2026110235,0,30,,0.49999999999999967,0.16430150474929225,0.6804168735625603,26.236528714180146,16.951903861055662,-1.8173379467967266e-12,47.61212858959159,0.956853229788895,0.9568532297888954,0.1704103778314541,0.4980235217134631
thermal_tau30_A0.50,thermal,-30.5,36,2026110236,0,30,,0.49999999999999967,0.16430150474929225,0.6804168735625603,26.236528714180146,16.951903861055662,-1.8173379467967266e-12,47.61212858959159,0.956853229788895,0.9568532297888954,0.1704103778314541,0.4980235217134631
thermal_tau30_A0.50,thermal,-30.5,39,2026110239,0,30,,0.49999999999999967,0.16430150474929225,0.6804168735625603,26.236528714180146,16.951903861055662,-1.8173379467967266e-12,47.61212858959159,0.956853229788895,0.9568532297888954,0.1704103778314541,0.4980235217134631
thermal_tau30_A0.50,thermal,-30.5,38,2026110238,0,30,,0.49999999999999967,0.16430150474929225,0.6804168735625603,26.236528714180146,16.951903861055662,-1.8173379467967266e-12,47.61212858959159,0.956853229788895,0.9568532297888954,0.1704103778314541,0.4980235217134631
thermal_tau30_A0.50,thermal,-30.5,40,2026110240,0,30,,0.49999999999999967,0.16430150474929225,0.6804168735625603,26.236528714180146,16.951903861055662,-1.8173379467967266e-12,47.61212858959159,0.956853229788895,0.9568532297888954,0.1704103778314541,0.4980235217134631
thermal_tau30_A0.50,thermal,-30.5,42,2026110242,1,30,,0.49999999999999967,0.16430150474929225,0.6804168735625603,26.236528714180146,16.951903861055662,-1.8173379467967266e-12,47.61212858959159,0.956853229788895,0.9568532297888954,0.1704103778314541,0.4980235217134631
thermal_tau30_A0.50,thermal,-30.5,37,2026110237,0,30,,0.49999999999999967,0.16430150474929225,0.6804168735625603,26.236528714180146,16.951903861055662,-1.8173379467967266e-12,47.61212858959159,0.956853229788895,0.9568532297888954,0.1704103778314541,0.4980235217134631
thermal_tau30_A0.50,thermal,-30.5,45,2026110245,1,30,,0.49999999999999967,0.16430150474929225,0.6804168735625603,26.236528714180146,16.951903861055662,-1.8173379467967266e-12,47.61212858959159,0.956853229788895,0.9568532297888954,0.1704103778314541,0.4980235217134631
thermal_tau30_A0.50,thermal,-30.5,41,2026110241,0,30,,0.49999999999999967,0.16430150474929225,0.6804168735625603,26.236528714180146,16.951903861055662,-1.8173379467967266e-12,47.61212858959159,0.956853229788895,0.9568532297888954,0.1704103778314541,0.4980235217134631
thermal_tau30_A0.50,thermal,-30.5,44,2026110244,1,30,,0.49999999999999967,0.16430150474929225,0.6804168735625603,26.236528714180146,16.951903861055662,-1.8173379467967266e-12,47.61212858959159,0.956853229788895,0.9568532297888954,0.1704103778314541,0.4980235217134631
thermal_tau30_A0.50,thermal,-30.5,48,2026110248,1,30,,0.49999999999999967,0.16430150474929225,0.6804168735625603,26.236528714180146,16.951903861055662,-1.8173379467967266e-12,47.61212858959159,0.956853229788895,0.9568532297888954,0.1704103778314541,0.4980235217134631
thermal_tau30_A0.50,thermal,-30.5,43,2026110243,0,30,,0.49999999999999967,0.16430150474929225,0.6804168735625603,26.236528714180146,16.951903861055662,-1.8173379467967266e-12,47.61212858959159,0.956853229788895,0.9568532297888954,0.1704103778314541,0.4980235217134631
thermal_tau30_A0.50,thermal,-30.5,50,2026110250,1,30,,0.49999999999999967,0.16430150474929225,0.6804168735625603,26.236528714180146,16.951903861055662,-1.8173379467967266e-12,47.61212858959159,0.956853229788895,0.9568532297888954,0.1704103778314541,0.4980235217134631
thermal_tau30_A0.50,thermal,-30.5,46,2026110246,0,30,,0.49999999999999967,0.16430150474929225,0.6804168735625603,26.236528714180146,16.951903861055662,-1.8173379467967266e-12,47.61212858959159,0.956853229788895,0.9568532297888954,0.1704103778314541,0.4980235217134631
thermal_tau30_A0.50,thermal,-30.5,49,2026110249,1,30,,0.49999999999999967,0.16430150474929225,0.6804168735625603,26.236528714180146,16.951903861055662,-1.8173379467967266e-12,47.61212858959159,0.956853229788895,0.9568532297888954,0.1704103778314541,0.4980235217134631
thermal_tau30_A0.50,thermal,-30.5,47,2026110247,0,30,,0.49999999999999967,0.16430150474929225,0.6804168735625603,26.236528714180146,16.951903861055662,-1.8173379467967266e-12,47.61212858959159,0.956853229788895,0.9568532297888954,0.1704103778314541,0.4980235217134631
thermal_tau30_A0.50,thermal,-30.5,54,2026110254,1,30,,0.49999999999999967,0.16430150474929225,0.6804168735625603,26.236528714180146,16.951903861055662,-1.8173379467967266e-12,47.61212858959159,0.956853229788895,0.9568532297888954,0.1704103778314541,0.4980235217134631
thermal_tau30_A0.50,thermal,-30.5,52,2026110252,0,30,,0.49999999999999967,0.16430150474929225,0.6804168735625603,26.236528714180146,16.951903861055662,-1.8173379467967266e-12,47.61212858959159,0.956853229788895,0.9568532297888954,0.1704103778314541,0.4980235217134631
thermal_tau30_A0.50,thermal,-30.5,51,2026110251,0,30,,0.49999999999999967,0.16430150474929225,0.6804168735625603,26.236528714180146,16.951903861055662,-1.8173379467967266e-12,47.61212858959159,0.956853229788895,0.9568532297888954,0.1704103778314541,0.4980235217134631
thermal_tau30_A0.50,thermal,-30.5,55,2026110255,1,30,,0.49999999999999967,0.16430150474929225,0.6804168735625603,26.236528714180146,16.951903861055662,-1.8173379467967266e-12,47.61212858959159,0.956853229788895,0.9568532297888954,0.1704103778314541,0.4980235217134631
thermal_tau30_A0.50,thermal,-30.5,53,2026110253,0,30,,0.49999999999999967,0.16430150474929225,0.6804168735625603,26.236528714180146,16.951903861055662,-1.8173379467967266e-12,47.61212858959159,0.956853229788895,0.9568532297888954,0.1704103778314541,0.4980235217134631
thermal_tau30_A0.50,thermal,-30.5,56,2026110256,0,30,,0.49999999999999967,0.16430150474929225,0.6804168735625603,26.236528714180146,16.951903861055662,-1.8173379467967266e-12,47.61212858959159,0.956853229788895,0.9568532297888954,0.1704103778314541,0.4980235217134631
thermal_tau30_A0.50,thermal,-30.5,57,2026110257,0,30,,0.49999999999999967,0.16430150474929225,0.6804168735625603,26.236528714180146,16.951903861055662,-1.8173379467967266e-12,47.61212858959159,0.956853229788895,0.9568532297888954,0.1704103778314541,0.4980235217134631
thermal_tau30_A0.50,thermal,-30.5,58,2026110258,0,30,,0.49999999999999967,0.16430150474929225,0.6804168735625603,26.236528714180146,16.951903861055662,-1.8173379467967266e-12,47.61212858959159,0.956853229788895,0.9568532297888954,0.1704103778314541,0.4980235217134631
thermal_tau30_A0.50,thermal,-30.5,59,2026110259,0,30,,0.49999999999999967,0.16430150474929225,0.6804168735625603,26.236528714180146,16.951903861055662,-1.8173379467967266e-12,47.61212858959159,0.956853229788895,0.9568532297888954,0.1704103778314541,0.4980235217134631
thermal_tau30_A0.50,thermal,-30.5,62,2026110262,1,30,,0.49999999999999967,0.16430150474929225,0.6804168735625603,26.236528714180146,16.951903861055662,-1.8173379467967266e-12,47.61212858959159,0.956853229788895,0.9568532297888954,0.1704103778314541,0.4980235217134631
thermal_tau30_A0.50,thermal,-30.5,60,2026110260,0,30,,0.49999999999999967,0.16430150474929225,0.6804168735625603,26.236528714180146,16.951903861055662,-1.8173379467967266e-12,47.61212858959159,0.956853229788895,0.9568532297888954,0.1704103778314541,0.4980235217134631
thermal_tau30_A0.50,thermal,-30.5,64,2026110264,1,30,,0.49999999999999967,0.16430150474929225,0.6804168735625603,26.236528714180146,16.951903861055662,-1.8173379467967266e-12,47.61212858959159,0.956853229788895,0.9568532297888954,0.1704103778314541,0.4980235217134631
thermal_tau30_A0.50,thermal,-30.5,61,2026110261,0,30,,0.49999999999999967,0.16430150474929225,0.6804168735625603,26.236528714180146,16.951903861055662,-1.8173379467967266e-12,47.61212858959159,0.956853229788895,0.9568532297888954,0.1704103778314541,0.4980235217134631
thermal_tau30_A0.50,thermal,-30.5,66,2026110266,1,30,,0.49999999999999967,0.16430150474929225,0.6804168735625603,26.236528714180146,16.951903861055662,-1.8173379467967266e-12,47.61212858959159,0.956853229788895,0.9568532297888954,0.1704103778314541,0.4980235217134631
thermal_tau30_A0.50,thermal,-30.5,65,2026110265,1,30,,0.49999999999999967,0.16430150474929225,0.6804168735625603,26.236528714180146,16.951903861055662,-1.8173379467967266e-12,47.61212858959159,0.956853229788895,0.9568532297888954,0.1704103778314541,0.4980235217134631
thermal_tau30_A0.50,thermal,-30.5,69,2026110269,1,30,,0.49999999999999967,0.16430150474929225,0.6804168735625603,26.236528714180146,16.951903861055662,-1.8173379467967266e-12,47.61212858959159,0.956853229788895,0.9568532297888954,0.1704103778314541,0.4980235217134631
thermal_tau30_A0.50,thermal,-30.5,67,2026110267,0,30,,0.49999999999999967,0.16430150474929225,0.6804168735625603,26.236528714180146,16.951903861055662,-1.8173379467967266e-12,47.61212858959159,0.956853229788895,0.9568532297888954,0.1704103778314541,0.4980235217134631
thermal_tau30_A0.50,thermal,-30.5,71,2026110271,1,30,,0.49999999999999967,0.16430150474929225,0.6804168735625603,26.236528714180146,16.951903861055662,-1.8173379467967266e-12,47.61212858959159,0.956853229788895,0.9568532297888954,0.1704103778314541,0.4980235217134631
thermal_tau30_A0.50,thermal,-30.5,63,2026110263,0,30,,0.49999999999999967,0.16430150474929225,0.6804168735625603,26.236528714180146,16.951903861055662,-1.8173379467967266e-12,47.61212858959159,0.956853229788895,0.9568532297888954,0.1704103778314541,0.4980235217134631
thermal_tau30_A0.50,thermal,-30.5,68,2026110268,0,30,,0.49999999999999967,0.16430150474929225,0.6804168735625603,26.236528714180146,16.951903861055662,-1.8173379467967266e-12,47.61212858959159,0.956853229788895,0.9568532297888954,0.1704103778314541,0.4980235217134631
thermal_tau30_A0.50,thermal,-30.5,72,2026110272,1,30,,0.49999999999999967,0.16430150474929225,0.6804168735625603,26.236528714180146,16.951903861055662,-1.8173379467967266e-12,47.61212858959159,0.956853229788895,0.9568532297888954,0.1704103778314541,0.4980235217134631
thermal_tau30_A0.50,thermal,-30.5,70,2026110270,0,30,,0.49999999999999967,0.16430150474929225,0.6804168735625603,26.236528714180146,16.951903861055662,-1.8173379467967266e-12,47.61212858959159,0.956853229788895,0.9568532297888954,0.1704103778314541,0.4980235217134631
thermal_tau30_A0.50,thermal,-30.5,76,2026110276,1,30,,0.49999999999999967,0.16430150474929225,0.6804168735625603,26.236528714180146,16.951903861055662,-1.8173379467967266e-12,47.61212858959159,0.956853229788895,0.9568532297888954,0.1704103778314541,0.4980235217134631
thermal_tau30_A0.50,thermal,-30.5,73,2026110273,0,30,,0.49999999999999967,0.16430150474929225,0.6804168735625603,26.236528714180146,16.951903861055662,-1.8173379467967266e-12,47.61212858959159,0.956853229788895,0.9568532297888954,0.1704103778314541,0.4980235217134631
thermal_tau30_A0.50,thermal,-30.5,77,2026110277,1,30,,0.49999999999999967,0.16430150474929225,0.6804168735625603,26.236528714180146,16.951903861055662,-1.8173379467967266e-12,47.61212858959159,0.956853229788895,0.9568532297888954,0.1704103778314541,0.4980235217134631
thermal_tau30_A0.50,thermal,-30.5,78,2026110278,1,30,,0.49999999999999967,0.16430150474929225,0.6804168735625603,26.236528714180146,16.951903861055662,-1.8173379467967266e-12,47.61212858959159,0.956853229788895,0.9568532297888954,0.1704103778314541,0.4980235217134631
thermal_tau30_A0.50,thermal,-30.5,74,2026110274,0,30,,0.49999999999999967,0.16430150474929225,0.6804168735625603,26.236528714180146,16.951903861055662,-1.8173379467967266e-12,47.61212858959159,0.956853229788895,0.9568532297888954,0.1704103778314541,0.4980235217134631
thermal_tau30_A0.50,thermal,-30.5,81,2026110281,0,30,,0.49999999999999967,0.16430150474929225,0.6804168735625603,26.236528714180146,16.951903861055662,-1.8173379467967266e-12,47.61212858959159,0.956853229788895,0.9568532297888954,0.1704103778314541,0.4980235217134631
thermal_tau30_A0.50,thermal,-30.5,75,2026110275,0,30,,0.49999999999999967,0.16430150474929225,0.6804168735625603,26.236528714180146,16.951903861055662,-1.8173379467967266e-12,47.61212858959159,0.956853229788895,0.9568532297888954,0.1704103778314541,0.4980235217134631
thermal_tau30_A0.50,thermal,-30.5,80,2026110280,1,30,,0.49999999999999967,0.16430150474929225,0.6804168735625603,26.236528714180146,16.951903861055662,-1.8173379467967266e-12,47.61212858959159,0.956853229788895,0.9568532297888954,0.1704103778314541,0.4980235217134631
thermal_tau30_A0.50,thermal,-30.5,79,2026110279,1,30,,0.49999999999999967,0.16430150474929225,0.6804168735625603,26.236528714180146,16.951903861055662,-1.8173379467967266e-12,47.61212858959159,0.956853229788895,0.9568532297888954,0.1704103778314541,0.4980235217134631
thermal_tau30_A0.50,thermal,-30.5,83,2026110283,1,30,,0.49999999999999967,0.16430150474929225,0.6804168735625603,26.236528714180146,16.951903861055662,-1.8173379467967266e-12,47.61212858959159,0.956853229788895,0.9568532297888954,0.1704103778314541,0.4980235217134631
thermal_tau30_A0.50,thermal,-30.5,82,2026110282,1,30,,0.49999999999999967,0.16430150474929225,0.6804168735625603,26.236528714180146,16.951903861055662,-1.8173379467967266e-12,47.61212858959159,0.956853229788895,0.9568532297888954,0.1704103778314541,0.4980235217134631
thermal_tau30_A0.50,thermal,-30.5,86,2026110286,1,30,,0.49999999999999967,0.16430150474929225,0.6804168735625603,26.236528714180146,16.951903861055662,-1.8173379467967266e-12,47.61212858959159,0.956853229788895,0.9568532297888954,0.1704103778314541,0.4980235217134631
thermal_tau30_A0.50,thermal,-30.5,87,2026110287,1,30,,0.49999999999999967,0.16430150474929225,0.6804168735625603,26.236528714180146,16.951903861055662,-1.8173379467967266e-12,47.61212858959159,0.956853229788895,0.9568532297888954,0.1704103778314541,0.4980235217134631
thermal_tau30_A0.50,thermal,-30.5,89,2026110289,1,30,,0.49999999999999967,0.16430150474929225,0.6804168735625603,26.236528714180146,16.951903861055662,-1.8173379467967266e-12,47.61212858959159,0.956853229788895,0.9568532297888954,0.1704103778314541,0.4980235217134631
thermal_tau30_A0.50,thermal,-30.5,84,2026110284,0,30,,0.49999999999999967,0.16430150474929225,0.6804168735625603,26.236528714180146,16.951903861055662,-1.8173379467967266e-12,47.61212858959159,0.956853229788895,0.9568532297888954,0.1704103778314541,0.4980235217134631
thermal_tau30_A0.50,thermal,-30.5,88,2026110288,1,30,,0.49999999999999967,0.16430150474929225,0.6804168735625603,26.236528714180146,16.951903861055662,-1.8173379467967266e-12,47.61212858959159,0.956853229788895,0.9568532297888954,0.1704103778314541,0.4980235217134631
thermal_tau30_A0.50,thermal,-30.5,85,2026110285,0,30,,0.49999999999999967,0.16430150474929225,0.6804168735625603,26.236528714180146,16.951903861055662,-1.8173379467967266e-12,47.61212858959159,0.956853229788895,0.9568532297888954,0.1704103778314541,0.4980235217134631
thermal_tau30_A0.50,thermal,-30.5,90,2026110290,1,30,,0.49999999999999967,0.16430150474929225,0.6804168735625603,26.236528714180146,16.951903861055662,-1.8173379467967266e-12,47.61212858959159,0.956853229788895,0.9568532297888954,0.1704103778314541,0.4980235217134631
thermal_tau30_A0.50,thermal,-30.5,93,2026110293,1,30,,0.49999999999999967,0.16430150474929225,0.6804168735625603,26.236528714180146,16.951903861055662,-1.8173379467967266e-12,47.61212858959159,0.956853229788895,0.9568532297888954,0.1704103778314541,0.4980235217134631
thermal_tau30_A0.50,thermal,-30.5,92,2026110292,1,30,,0.49999999999999967,0.16430150474929225,0.6804168735625603,26.236528714180146,16.951903861055662,-1.8173379467967266e-12,47.61212858959159,0.956853229788895,0.9568532297888954,0.1704103778314541,0.4980235217134631
thermal_tau30_A0.50,thermal,-30.5,94,2026110294,1,30,,0.49999999999999967,0.16430150474929225,0.6804168735625603,26.236528714180146,16.951903861055662,-1.8173379467967266e-12,47.61212858959159,0.956853229788895,0.9568532297888954,0.1704103778314541,0.4980235217134631
thermal_tau30_A0.50,thermal,-30.5,91,2026110291,0,30,,0.49999999999999967,0.16430150474929225,0.6804168735625603,26.236528714180146,16.951903861055662,-1.8173379467967266e-12,47.61212858959159,0.956853229788895,0.9568532297888954,0.1704103778314541,0.4980235217134631
thermal_tau30_A0.50,thermal,-30.5,98,2026110298,1,30,,0.49999999999999967,0.16430150474929225,0.6804168735625603,26.236528714180146,16.951903861055662,-1.8173379467967266e-12,47.61212858959159,0.956853229788895,0.9568532297888954,0.1704103778314541,0.4980235217134631
thermal_tau30_A0.50,thermal,-30.5,96,2026110296,1,30,,0.49999999999999967,0.16430150474929225,0.6804168735625603,26.236528714180146,16.951903861055662,-1.8173379467967266e-12,47.61212858959159,0.956853229788895,0.9568532297888954,0.1704103778314541,0.4980235217134631
thermal_tau30_A0.50,thermal,-30.5,95,2026110295,0,30,,0.49999999999999967,0.16430150474929225,0.6804168735625603,26.236528714180146,16.951903861055662,-1.8173379467967266e-12,47.61212858959159,0.956853229788895,0.9568532297888954,0.1704103778314541,0.4980235217134631
thermal_tau30_A0.50,thermal,-30.5,97,2026110297,0,30,,0.49999999999999967,0.16430150474929225,0.6804168735625603,26.236528714180146,16.951903861055662,-1.8173379467967266e-12,47.61212858959159,0.956853229788895,0.9568532297888954,0.1704103778314541,0.4980235217134631
thermal_tau60_A0.25,thermal,-30.5,1,2026110201,1,60,,0.2500000000000001,0.09574631992893294,0.35654518145349334,14.943958339039682,10.160780942420148,-3.2792171755779975e-13,28.39155445298831,0.9882414948246998,0.9882414948246998,0.09680982765554987,0.3003684120758757
thermal_tau30_A0.50,thermal,-30.5,99,2026110299,0,30,,0.49999999999999967,0.16430150474929225,0.6804168735625603,26.236528714180146,16.951903861055662,-1.8173379467967266e-12,47.61212858959159,0.956853229788895,0.9568532297888954,0.1704103778314541,0.4980235217134631
thermal_tau60_A0.25,thermal,-30.5,0,2026110200,0,60,,0.2500000000000001,0.09574631992893294,0.35654518145349334,14.943958339039682,10.160780942420148,-3.2792171755779975e-13,28.39155445298831,0.9882414948246998,0.9882414948246998,0.09680982765554987,0.3003684120758757
thermal_tau60_A0.25,thermal,-30.5,2,2026110202,1,60,,0.2500000000000001,0.09574631992893294,0.35654518145349334,14.943958339039682,10.160780942420148,-3.2792171755779975e-13,28.39155445298831,0.9882414948246998,0.9882414948246998,0.09680982765554987,0.3003684120758757
thermal_tau60_A0.25,thermal,-30.5,3,2026110203,1,60,,0.2500000000000001,0.09574631992893294,0.35654518145349334,14.943958339039682,10.160780942420148,-3.2792171755779975e-13,28.39155445298831,0.9882414948246998,0.9882414948246998,0.09680982765554987,0.3003684120758757
thermal_tau60_A0.25,thermal,-30.5,5,2026110205,1,60,,0.2500000000000001,0.09574631992893294,0.35654518145349334,14.943958339039682,10.160780942420148,-3.2792171755779975e-13,28.39155445298831,0.9882414948246998,0.9882414948246998,0.09680982765554987,0.3003684120758757
thermal_tau60_A0.25,thermal,-30.5,6,2026110206,1,60,,0.2500000000000001,0.09574631992893294,0.35654518145349334,14.943958339039682,10.160780942420148,-3.2792171755779975e-13,28.39155445298831,0.9882414948246998,0.9882414948246998,0.09680982765554987,0.3003684120758757
thermal_tau60_A0.25,thermal,-30.5,8,2026110208,0,60,,0.2500000000000001,0.09574631992893294,0.35654518145349334,14.943958339039682,10.160780942420148,-3.2792171755779975e-13,28.39155445298831,0.9882414948246998,0.9882414948246998,0.09680982765554987,0.3003684120758757
thermal_tau60_A0.25,thermal,-30.5,7,2026110207,1,60,,0.2500000000000001,0.09574631992893294,0.35654518145349334,14.943958339039682,10.160780942420148,-3.2792171755779975e-13,28.39155445298831,0.9882414948246998,0.9882414948246998,0.09680982765554987,0.3003684120758757
thermal_tau60_A0.25,thermal,-30.5,9,2026110209,1,60,,0.2500000000000001,0.09574631992893294,0.35654518145349334,14.943958339039682,10.160780942420148,-3.2792171755779975e-13,28.39155445298831,0.9882414948246998,0.9882414948246998,0.09680982765554987,0.3003684120758757
thermal_tau60_A0.25,thermal,-30.5,4,2026110204,0,60,,0.2500000000000001,0.09574631992893294,0.35654518145349334,14.943958339039682,10.160780942420148,-3.2792171755779975e-13,28.39155445298831,0.9882414948246998,0.9882414948246998,0.09680982765554987,0.3003684120758757
thermal_tau60_A0.25,thermal,-30.5,10,2026110210,1,60,,0.2500000000000001,0.09574631992893294,0.35654518145349334,14.943958339039682,10.160780942420148,-3.2792171755779975e-13,28.39155445298831,0.9882414948246998,0.9882414948246998,0.09680982765554987,0.3003684120758757
thermal_tau60_A0.25,thermal,-30.5,11,2026110211,1,60,,0.2500000000000001,0.09574631992893294,0.35654518145349334,14.943958339039682,10.160780942420148,-3.2792171755779975e-13,28.39155445298831,0.9882414948246998,0.9882414948246998,0.09680982765554987,0.3003684120758757
thermal_tau60_A0.25,thermal,-30.5,12,2026110212,1,60,,0.2500000000000001,0.09574631992893294,0.35654518145349334,14.943958339039682,10.160780942420148,-3.2792171755779975e-13,28.39155445298831,0.9882414948246998,0.9882414948246998,0.09680982765554987,0.3003684120758757
thermal_tau60_A0.25,thermal,-30.5,13,2026110213,1,60,,0.2500000000000001,0.09574631992893294,0.35654518145349334,14.943958339039682,10.160780942420148,-3.2792171755779975e-13,28.39155445298831,0.9882414948246998,0.9882414948246998,0.09680982765554987,0.3003684120758757
thermal_tau60_A0.25,thermal,-30.5,14,2026110214,1,60,,0.2500000000000001,0.09574631992893294,0.35654518145349334,14.943958339039682,10.160780942420148,-3.2792171755779975e-13,28.39155445298831,0.9882414948246998,0.9882414948246998,0.09680982765554987,0.3003684120758757
thermal_tau60_A0.25,thermal,-30.5,15,2026110215,1,60,,0.2500000000000001,0.09574631992893294,0.35654518145349334,14.943958339039682,10.160780942420148,-3.2792171755779975e-13,28.39155445298831,0.9882414948246998,0.9882414948246998,0.09680982765554987,0.3003684120758757
thermal_tau60_A0.25,thermal,-30.5,16,2026110216,1,60,,0.2500000000000001,0.09574631992893294,0.35654518145349334,14.943958339039682,10.160780942420148,-3.2792171755779975e-13,28.39155445298831,0.9882414948246998,0.9882414948246998,0.09680982765554987,0.3003684120758757
thermal_tau60_A0.25,thermal,-30.5,17,2026110217,1,60,,0.2500000000000001,0.09574631992893294,0.35654518145349334,14.943958339039682,10.160780942420148,-3.2792171755779975e-13,28.39155445298831,0.9882414948246998,0.9882414948246998,0.09680982765554987,0.3003684120758757
thermal_tau60_A0.25,thermal,-30.5,19,2026110219,1,60,,0.2500000000000001,0.09574631992893294,0.35654518145349334,14.943958339039682,10.160780942420148,-3.2792171755779975e-13,28.39155445298831,0.9882414948246998,0.9882414948246998,0.09680982765554987,0.3003684120758757
thermal_tau60_A0.25,thermal,-30.5,20,2026110220,1,60,,0.2500000000000001,0.09574631992893294,0.35654518145349334,14.943958339039682,10.160780942420148,-3.2792171755779975e-13,28.39155445298831,0.9882414948246998,0.9882414948246998,0.09680982765554987,0.3003684120758757
thermal_tau60_A0.25,thermal,-30.5,22,2026110222,1,60,,0.2500000000000001,0.09574631992893294,0.35654518145349334,14.943958339039682,10.160780942420148,-3.2792171755779975e-13,28.39155445298831,0.9882414948246998,0.9882414948246998,0.09680982765554987,0.3003684120758757
thermal_tau60_A0.25,thermal,-30.5,21,2026110221,1,60,,0.2500000000000001,0.09574631992893294,0.35654518145349334,14.943958339039682,10.160780942420148,-3.2792171755779975e-13,28.39155445298831,0.9882414948246998,0.9882414948246998,0.09680982765554987,0.3003684120758757
thermal_tau60_A0.25,thermal,-30.5,23,2026110223,1,60,,0.2500000000000001,0.09574631992893294,0.35654518145349334,14.943958339039682,10.160780942420148,-3.2792171755779975e-13,28.39155445298831,0.9882414948246998,0.9882414948246998,0.09680982765554987,0.3003684120758757
thermal_tau60_A0.25,thermal,-30.5,18,2026110218,0,60,,0.2500000000000001,0.09574631992893294,0.35654518145349334,14.943958339039682,10.160780942420148,-3.2792171755779975e-13,28.39155445298831,0.9882414948246998,0.9882414948246998,0.09680982765554987,0.3003684120758757
thermal_tau60_A0.25,thermal,-30.5,26,2026110226,1,60,,0.2500000000000001,0.09574631992893294,0.35654518145349334,14.943958339039682,10.160780942420148,-3.2792171755779975e-13,28.39155445298831,0.9882414948246998,0.9882414948246998,0.09680982765554987,0.3003684120758757
thermal_tau60_A0.25,thermal,-30.5,25,2026110225,1,60,,0.2500000000000001,0.09574631992893294,0.35654518145349334,14.943958339039682,10.160780942420148,-3.2792171755779975e-13,28.39155445298831,0.9882414948246998,0.9882414948246998,0.09680982765554987,0.3003684120758757
thermal_tau60_A0.25,thermal,-30.5,24,2026110224,0,60,,0.2500000000000001,0.09574631992893294,0.35654518145349334,14.943958339039682,10.160780942420148,-3.2792171755779975e-13,28.39155445298831,0.9882414948246998,0.9882414948246998,0.09680982765554987,0.3003684120758757
thermal_tau60_A0.25,thermal,-30.5,29,2026110229,1,60,,0.2500000000000001,0.09574631992893294,0.35654518145349334,14.943958339039682,10.160780942420148,-3.2792171755779975e-13,28.39155445298831,0.9882414948246998,0.9882414948246998,0.09680982765554987,0.3003684120758757
thermal_tau60_A0.25,thermal,-30.5,27,2026110227,1,60,,0.2500000000000001,0.09574631992893294,0.35654518145349334,14.943958339039682,10.160780942420148,-3.2792171755779975e-13,28.39155445298831,0.9882414948246998,0.9882414948246998,0.09680982765554987,0.3003684120758757
thermal_tau60_A0.25,thermal,-30.5,31,2026110231,1,60,,0.2500000000000001,0.09574631992893294,0.35654518145349334,14.943958339039682,10.160780942420148,-3.2792171755779975e-13,28.39155445298831,0.9882414948246998,0.9882414948246998,0.09680982765554987,0.3003684120758757
thermal_tau60_A0.25,thermal,-30.5,28,2026110228,1,60,,0.2500000000000001,0.09574631992893294,0.35654518145349334,14.943958339039682,10.160780942420148,-3.2792171755779975e-13,28.39155445298831,0.9882414948246998,0.9882414948246998,0.09680982765554987,0.3003684120758757
thermal_tau60_A0.25,thermal,-30.5,32,2026110232,1,60,,0.2500000000000001,0.09574631992893294,0.35654518145349334,14.943958339039682,10.160780942420148,-3.2792171755779975e-13,28.39155445298831,0.9882414948246998,0.9882414948246998,0.09680982765554987,0.3003684120758757
thermal_tau60_A0.25,thermal,-30.5,30,2026110230,0,60,,0.2500000000000001,0.09574631992893294,0.35654518145349334,14.943958339039682,10.160780942420148,-3.2792171755779975e-13,28.39155445298831,0.9882414948246998,0.9882414948246998,0.09680982765554987,0.3003684120758757
thermal_tau60_A0.25,thermal,-30.5,33,2026110233,1,60,,0.2500000000000001,0.09574631992893294,0.35654518145349334,14.943958339039682,10.160780942420148,-3.2792171755779975e-13,28.39155445298831,0.9882414948246998,0.9882414948246998,0.09680982765554987,0.3003684120758757
thermal_tau60_A0.25,thermal,-30.5,34,2026110234,1,60,,0.2500000000000001,0.09574631992893294,0.35654518145349334,14.943958339039682,10.160780942420148,-3.2792171755779975e-13,28.39155445298831,0.9882414948246998,0.9882414948246998,0.09680982765554987,0.3003684120758757
thermal_tau60_A0.25,thermal,-30.5,35,2026110235,1,60,,0.2500000000000001,0.09574631992893294,0.35654518145349334,14.943958339039682,10.160780942420148,-3.2792171755779975e-13,28.39155445298831,0.9882414948246998,0.9882414948246998,0.09680982765554987,0.3003684120758757
thermal_tau60_A0.25,thermal,-30.5,36,2026110236,1,60,,0.2500000000000001,0.09574631992893294,0.35654518145349334,14.943958339039682,10.160780942420148,-3.2792171755779975e-13,28.39155445298831,0.9882414948246998,0.9882414948246998,0.09680982765554987,0.3003684120758757
thermal_tau60_A0.25,thermal,-30.5,39,2026110239,1,60,,0.2500000000000001,0.09574631992893294,0.35654518145349334,14.943958339039682,10.160780942420148,-3.2792171755779975e-13,28.39155445298831,0.9882414948246998,0.9882414948246998,0.09680982765554987,0.3003684120758757
thermal_tau60_A0.25,thermal,-30.5,37,2026110237,1,60,,0.2500000000000001,0.09574631992893294,0.35654518145349334,14.943958339039682,10.160780942420148,-3.2792171755779975e-13,28.39155445298831,0.9882414948246998,0.9882414948246998,0.09680982765554987,0.3003684120758757
thermal_tau60_A0.25,thermal,-30.5,40,2026110240,1,60,,0.2500000000000001,0.09574631992893294,0.35654518145349334,14.943958339039682,10.160780942420148,-3.2792171755779975e-13,28.39155445298831,0.9882414948246998,0.9882414948246998,0.09680982765554987,0.3003684120758757
thermal_tau60_A0.25,thermal,-30.5,42,2026110242,1,60,,0.2500000000000001,0.09574631992893294,0.35654518145349334,14.943958339039682,10.160780942420148,-3.2792171755779975e-13,28.39155445298831,0.9882414948246998,0.9882414948246998,0.09680982765554987,0.3003684120758757
thermal_tau60_A0.25,thermal,-30.5,38,2026110238,0,60,,0.2500000000000001,0.09574631992893294,0.35654518145349334,14.943958339039682,10.160780942420148,-3.2792171755779975e-13,28.39155445298831,0.9882414948246998,0.9882414948246998,0.09680982765554987,0.3003684120758757
thermal_tau60_A0.25,thermal,-30.5,43,2026110243,1,60,,0.2500000000000001,0.09574631992893294,0.35654518145349334,14.943958339039682,10.160780942420148,-3.2792171755779975e-13,28.39155445298831,0.9882414948246998,0.9882414948246998,0.09680982765554987,0.3003684120758757
thermal_tau60_A0.25,thermal,-30.5,41,2026110241,0,60,,0.2500000000000001,0.09574631992893294,0.35654518145349334,14.943958339039682,10.160780942420148,-3.2792171755779975e-13,28.39155445298831,0.9882414948246998,0.9882414948246998,0.09680982765554987,0.3003684120758757
thermal_tau60_A0.25,thermal,-30.5,44,2026110244,1,60,,0.2500000000000001,0.09574631992893294,0.35654518145349334,14.943958339039682,10.160780942420148,-3.2792171755779975e-13,28.39155445298831,0.9882414948246998,0.9882414948246998,0.09680982765554987,0.3003684120758757
thermal_tau60_A0.25,thermal,-30.5,45,2026110245,1,60,,0.2500000000000001,0.09574631992893294,0.35654518145349334,14.943958339039682,10.160780942420148,-3.2792171755779975e-13,28.39155445298831,0.9882414948246998,0.9882414948246998,0.09680982765554987,0.3003684120758757
thermal_tau60_A0.25,thermal,-30.5,46,2026110246,1,60,,0.2500000000000001,0.09574631992893294,0.35654518145349334,14.943958339039682,10.160780942420148,-3.2792171755779975e-13,28.39155445298831,0.9882414948246998,0.9882414948246998,0.09680982765554987,0.3003684120758757
thermal_tau60_A0.25,thermal,-30.5,48,2026110248,1,60,,0.2500000000000001,0.09574631992893294,0.35654518145349334,14.943958339039682,10.160780942420148,-3.2792171755779975e-13,28.39155445298831,0.9882414948246998,0.9882414948246998,0.09680982765554987,0.3003684120758757
thermal_tau60_A0.25,thermal,-30.5,49,2026110249,1,60,,0.2500000000000001,0.09574631992893294,0.35654518145349334,14.943958339039682,10.160780942420148,-3.2792171755779975e-13,28.39155445298831,0.9882414948246998,0.9882414948246998,0.09680982765554987,0.3003684120758757
thermal_tau60_A0.25,thermal,-30.5,50,2026110250,1,60,,0.2500000000000001,0.09574631992893294,0.35654518145349334,14.943958339039682,10.160780942420148,-3.2792171755779975e-13,28.39155445298831,0.9882414948246998,0.9882414948246998,0.09680982765554987,0.3003684120758757
thermal_tau60_A0.25,thermal,-30.5,52,2026110252,1,60,,0.2500000000000001,0.09574631992893294,0.35654518145349334,14.943958339039682,10.160780942420148,-3.2792171755779975e-13,28.39155445298831,0.9882414948246998,0.9882414948246998,0.09680982765554987,0.3003684120758757
thermal_tau60_A0.25,thermal,-30.5,47,2026110247,0,60,,0.2500000000000001,0.09574631992893294,0.35654518145349334,14.943958339039682,10.160780942420148,-3.2792171755779975e-13,28.39155445298831,0.9882414948246998,0.9882414948246998,0.09680982765554987,0.3003684120758757
thermal_tau60_A0.25,thermal,-30.5,55,2026110255,1,60,,0.2500000000000001,0.09574631992893294,0.35654518145349334,14.943958339039682,10.160780942420148,-3.2792171755779975e-13,28.39155445298831,0.9882414948246998,0.9882414948246998,0.09680982765554987,0.3003684120758757
thermal_tau60_A0.25,thermal,-30.5,53,2026110253,1,60,,0.2500000000000001,0.09574631992893294,0.35654518145349334,14.943958339039682,10.160780942420148,-3.2792171755779975e-13,28.39155445298831,0.9882414948246998,0.9882414948246998,0.09680982765554987,0.3003684120758757
thermal_tau60_A0.25,thermal,-30.5,54,2026110254,1,60,,0.2500000000000001,0.09574631992893294,0.35654518145349334,14.943958339039682,10.160780942420148,-3.2792171755779975e-13,28.39155445298831,0.9882414948246998,0.9882414948246998,0.09680982765554987,0.3003684120758757
thermal_tau60_A0.25,thermal,-30.5,51,2026110251,0,60,,0.2500000000000001,0.09574631992893294,0.35654518145349334,14.943958339039682,10.160780942420148,-3.2792171755779975e-13,28.39155445298831,0.9882414948246998,0.9882414948246998,0.09680982765554987,0.3003684120758757
thermal_tau60_A0.25,thermal,-30.5,59,2026110259,1,60,,0.2500000000000001,0.09574631992893294,0.35654518145349334,14.943958339039682,10.160780942420148,-3.2792171755779975e-13,28.39155445298831,0.9882414948246998,0.9882414948246998,0.09680982765554987,0.3003684120758757
thermal_tau60_A0.25,thermal,-30.5,58,2026110258,1,60,,0.2500000000000001,0.09574631992893294,0.35654518145349334,14.943958339039682,10.160780942420148,-3.2792171755779975e-13,28.39155445298831,0.9882414948246998,0.9882414948246998,0.09680982765554987,0.3003684120758757
thermal_tau60_A0.25,thermal,-30.5,56,2026110256,0,60,,0.2500000000000001,0.09574631992893294,0.35654518145349334,14.943958339039682,10.160780942420148,-3.2792171755779975e-13,28.39155445298831,0.9882414948246998,0.9882414948246998,0.09680982765554987,0.3003684120758757
thermal_tau60_A0.25,thermal,-30.5,60,2026110260,1,60,,0.2500000000000001,0.09574631992893294,0.35654518145349334,14.943958339039682,10.160780942420148,-3.2792171755779975e-13,28.39155445298831,0.9882414948246998,0.9882414948246998,0.09680982765554987,0.3003684120758757
thermal_tau60_A0.25,thermal,-30.5,57,2026110257,0,60,,0.2500000000000001,0.09574631992893294,0.35654518145349334,14.943958339039682,10.160780942420148,-3.2792171755779975e-13,28.39155445298831,0.9882414948246998,0.9882414948246998,0.09680982765554987,0.3003684120758757
thermal_tau60_A0.25,thermal,-30.5,62,2026110262,1,60,,0.2500000000000001,0.09574631992893294,0.35654518145349334,14.943958339039682,10.160780942420148,-3.2792171755779975e-13,28.39155445298831,0.9882414948246998,0.9882414948246998,0.09680982765554987,0.3003684120758757
thermal_tau60_A0.25,thermal,-30.5,64,2026110264,1,60,,0.2500000000000001,0.09574631992893294,0.35654518145349334,14.943958339039682,10.160780942420148,-3.2792171755779975e-13,28.39155445298831,0.9882414948246998,0.9882414948246998,0.09680982765554987,0.3003684120758757
thermal_tau60_A0.25,thermal,-30.5,61,2026110261,0,60,,0.2500000000000001,0.09574631992893294,0.35654518145349334,14.943958339039682,10.160780942420148,-3.2792171755779975e-13,28.39155445298831,0.9882414948246998,0.9882414948246998,0.09680982765554987,0.3003684120758757
thermal_tau60_A0.25,thermal,-30.5,66,2026110266,1,60,,0.2500000000000001,0.09574631992893294,0.35654518145349334,14.943958339039682,10.160780942420148,-3.2792171755779975e-13,28.39155445298831,0.9882414948246998,0.9882414948246998,0.09680982765554987,0.3003684120758757
thermal_tau60_A0.25,thermal,-30.5,68,2026110268,1,60,,0.2500000000000001,0.09574631992893294,0.35654518145349334,14.943958339039682,10.160780942420148,-3.2792171755779975e-13,28.39155445298831,0.9882414948246998,0.9882414948246998,0.09680982765554987,0.3003684120758757
thermal_tau60_A0.25,thermal,-30.5,69,2026110269,0,60,,0.2500000000000001,0.09574631992893294,0.35654518145349334,14.943958339039682,10.160780942420148,-3.2792171755779975e-13,28.39155445298831,0.9882414948246998,0.9882414948246998,0.09680982765554987,0.3003684120758757
thermal_tau60_A0.25,thermal,-30.5,67,2026110267,1,60,,0.2500000000000001,0.09574631992893294,0.35654518145349334,14.943958339039682,10.160780942420148,-3.2792171755779975e-13,28.39155445298831,0.9882414948246998,0.9882414948246998,0.09680982765554987,0.3003684120758757
thermal_tau60_A0.25,thermal,-30.5,71,2026110271,1,60,,0.2500000000000001,0.09574631992893294,0.35654518145349334,14.943958339039682,10.160780942420148,-3.2792171755779975e-13,28.39155445298831,0.9882414948246998,0.9882414948246998,0.09680982765554987,0.3003684120758757
thermal_tau60_A0.25,thermal,-30.5,65,2026110265,0,60,,0.2500000000000001,0.09574631992893294,0.35654518145349334,14.943958339039682,10.160780942420148,-3.2792171755779975e-13,28.39155445298831,0.9882414948246998,0.9882414948246998,0.09680982765554987,0.3003684120758757
thermal_tau60_A0.25,thermal,-30.5,63,2026110263,1,60,,0.2500000000000001,0.09574631992893294,0.35654518145349334,14.943958339039682,10.160780942420148,-3.2792171755779975e-13,28.39155445298831,0.9882414948246998,0.9882414948246998,0.09680982765554987,0.3003684120758757
thermal_tau60_A0.25,thermal,-30.5,70,2026110270,1,60,,0.2500000000000001,0.09574631992893294,0.35654518145349334,14.943958339039682,10.160780942420148,-3.2792171755779975e-13,28.39155445298831,0.9882414948246998,0.9882414948246998,0.09680982765554987,0.3003684120758757
thermal_tau60_A0.25,thermal,-30.5,73,2026110273,1,60,,0.2500000000000001,0.09574631992893294,0.35654518145349334,14.943958339039682,10.160780942420148,-3.2792171755779975e-13,28.39155445298831,0.9882414948246998,0.9882414948246998,0.09680982765554987,0.3003684120758757
thermal_tau60_A0.25,thermal,-30.5,72,2026110272,1,60,,0.2500000000000001,0.09574631992893294,0.35654518145349334,14.943958339039682,10.160780942420148,-3.2792171755779975e-13,28.39155445298831,0.9882414948246998,0.9882414948246998,0.09680982765554987,0.3003684120758757
thermal_tau60_A0.25,thermal,-30.5,77,2026110277,1,60,,0.2500000000000001,0.09574631992893294,0.35654518145349334,14.943958339039682,10.160780942420148,-3.2792171755779975e-13,28.39155445298831,0.9882414948246998,0.9882414948246998,0.09680982765554987,0.3003684120758757
thermal_tau60_A0.25,thermal,-30.5,74,2026110274,1,60,,0.2500000000000001,0.09574631992893294,0.35654518145349334,14.943958339039682,10.160780942420148,-3.2792171755779975e-13,28.39155445298831,0.9882414948246998,0.9882414948246998,0.09680982765554987,0.3003684120758757
thermal_tau60_A0.25,thermal,-30.5,75,2026110275,1,60,,0.2500000000000001,0.09574631992893294,0.35654518145349334,14.943958339039682,10.160780942420148,-3.2792171755779975e-13,28.39155445298831,0.9882414948246998,0.9882414948246998,0.09680982765554987,0.3003684120758757
thermal_tau60_A0.25,thermal,-30.5,80,2026110280,1,60,,0.2500000000000001,0.09574631992893294,0.35654518145349334,14.943958339039682,10.160780942420148,-3.2792171755779975e-13,28.39155445298831,0.9882414948246998,0.9882414948246998,0.09680982765554987,0.3003684120758757
thermal_tau60_A0.25,thermal,-30.5,79,2026110279,1,60,,0.2500000000000001,0.09574631992893294,0.35654518145349334,14.943958339039682,10.160780942420148,-3.2792171755779975e-13,28.39155445298831,0.9882414948246998,0.9882414948246998,0.09680982765554987,0.3003684120758757
thermal_tau60_A0.25,thermal,-30.5,81,2026110281,1,60,,0.2500000000000001,0.09574631992893294,0.35654518145349334,14.943958339039682,10.160780942420148,-3.2792171755779975e-13,28.39155445298831,0.9882414948246998,0.9882414948246998,0.09680982765554987,0.3003684120758757
thermal_tau60_A0.25,thermal,-30.5,76,2026110276,1,60,,0.2500000000000001,0.09574631992893294,0.35654518145349334,14.943958339039682,10.160780942420148,-3.2792171755779975e-13,28.39155445298831,0.9882414948246998,0.9882414948246998,0.09680982765554987,0.3003684120758757
thermal_tau60_A0.25,thermal,-30.5,83,2026110283,1,60,,0.2500000000000001,0.09574631992893294,0.35654518145349334,14.943958339039682,10.160780942420148,-3.2792171755779975e-13,28.39155445298831,0.9882414948246998,0.9882414948246998,0.09680982765554987,0.3003684120758757
thermal_tau60_A0.25,thermal,-30.5,82,2026110282,1,60,,0.2500000000000001,0.09574631992893294,0.35654518145349334,14.943958339039682,10.160780942420148,-3.2792171755779975e-13,28.39155445298831,0.9882414948246998,0.9882414948246998,0.09680982765554987,0.3003684120758757
thermal_tau60_A0.25,thermal,-30.5,84,2026110284,1,60,,0.2500000000000001,0.09574631992893294,0.35654518145349334,14.943958339039682,10.160780942420148,-3.2792171755779975e-13,28.39155445298831,0.9882414948246998,0.9882414948246998,0.09680982765554987,0.3003684120758757
thermal_tau60_A0.25,thermal,-30.5,78,2026110278,0,60,,0.2500000000000001,0.09574631992893294,0.35654518145349334,14.943958339039682,10.160780942420148,-3.2792171755779975e-13,28.39155445298831,0.9882414948246998,0.9882414948246998,0.09680982765554987,0.3003684120758757
thermal_tau60_A0.25,thermal,-30.5,87,2026110287,1,60,,0.2500000000000001,0.09574631992893294,0.35654518145349334,14.943958339039682,10.160780942420148,-3.2792171755779975e-13,28.39155445298831,0.9882414948246998,0.9882414948246998,0.09680982765554987,0.3003684120758757
thermal_tau60_A0.25,thermal,-30.5,85,2026110285,0,60,,0.2500000000000001,0.09574631992893294,0.35654518145349334,14.943958339039682,10.160780942420148,-3.2792171755779975e-13,28.39155445298831,0.9882414948246998,0.9882414948246998,0.09680982765554987,0.3003684120758757
thermal_tau60_A0.25,thermal,-30.5,86,2026110286,0,60,,0.2500000000000001,0.09574631992893294,0.35654518145349334,14.943958339039682,10.160780942420148,-3.2792171755779975e-13,28.39155445298831,0.9882414948246998,0.9882414948246998,0.09680982765554987,0.3003684120758757
thermal_tau60_A0.25,thermal,-30.5,90,2026110290,1,60,,0.2500000000000001,0.09574631992893294,0.35654518145349334,14.943958339039682,10.160780942420148,-3.2792171755779975e-13,28.39155445298831,0.9882414948246998,0.9882414948246998,0.09680982765554987,0.3003684120758757
thermal_tau60_A0.25,thermal,-30.5,88,2026110288,0,60,,0.2500000000000001,0.09574631992893294,0.35654518145349334,14.943958339039682,10.160780942420148,-3.2792171755779975e-13,28.39155445298831,0.9882414948246998,0.9882414948246998,0.09680982765554987,0.3003684120758757
thermal_tau60_A0.25,thermal,-30.5,92,2026110292,1,60,,0.2500000000000001,0.09574631992893294,0.35654518145349334,14.943958339039682,10.160780942420148,-3.2792171755779975e-13,28.39155445298831,0.9882414948246998,0.9882414948246998,0.09680982765554987,0.3003684120758757
thermal_tau60_A0.25,thermal,-30.5,89,2026110289,1,60,,0.2500000000000001,0.09574631992893294,0.35654518145349334,14.943958339039682,10.160780942420148,-3.2792171755779975e-13,28.39155445298831,0.9882414948246998,0.9882414948246998,0.09680982765554987,0.3003684120758757
thermal_tau60_A0.25,thermal,-30.5,94,2026110294,1,60,,0.2500000000000001,0.09574631992893294,0.35654518145349334,14.943958339039682,10.160780942420148,-3.2792171755779975e-13,28.39155445298831,0.9882414948246998,0.9882414948246998,0.09680982765554987,0.3003684120758757
thermal_tau60_A0.25,thermal,-30.5,93,2026110293,1,60,,0.2500000000000001,0.09574631992893294,0.35654518145349334,14.943958339039682,10.160780942420148,-3.2792171755779975e-13,28.39155445298831,0.9882414948246998,0.9882414948246998,0.09680982765554987,0.3003684120758757
thermal_tau60_A0.25,thermal,-30.5,95,2026110295,1,60,,0.2500000000000001,0.09574631992893294,0.35654518145349334,14.943958339039682,10.160780942420148,-3.2792171755779975e-13,28.39155445298831,0.9882414948246998,0.9882414948246998,0.09680982765554987,0.3003684120758757
thermal_tau60_A0.25,thermal,-30.5,91,2026110291,0,60,,0.2500000000000001,0.09574631992893294,0.35654518145349334,14.943958339039682,10.160780942420148,-3.2792171755779975e-13,28.39155445298831,0.9882414948246998,0.9882414948246998,0.09680982765554987,0.3003684120758757
thermal_tau60_A0.25,thermal,-30.5,98,2026110298,1,60,,0.2500000000000001,0.09574631992893294,0.35654518145349334,14.943958339039682,10.160780942420148,-3.2792171755779975e-13,28.39155445298831,0.9882414948246998,0.9882414948246998,0.09680982765554987,0.3003684120758757
thermal_tau60_A0.25,thermal,-30.5,96,2026110296,1,60,,0.2500000000000001,0.09574631992893294,0.35654518145349334,14.943958339039682,10.160780942420148,-3.2792171755779975e-13,28.39155445298831,0.9882414948246998,0.9882414948246998,0.09680982765554987,0.3003684120758757
thermal_tau60_A0.25,thermal,-30.5,97,2026110297,1,60,,0.2500000000000001,0.09574631992893294,0.35654518145349334,14.943958339039682,10.160780942420148,-3.2792171755779975e-13,28.39155445298831,0.9882414948246998,0.9882414948246998,0.09680982765554987,0.3003684120758757
thermal_tau60_A0.50,thermal,-30.5,0,2026110200,0,60,,0.5000000000000002,0.19149263985786588,0.7130903629069867,29.887916678079364,20.321561884840296,-6.558434351155995e-13,56.78310890597662,0.9882414948246998,0.9882414948246998,0.09680982765554987,0.3003684120758757
thermal_tau60_A0.25,thermal,-30.5,99,2026110299,0,60,,0.2500000000000001,0.09574631992893294,0.35654518145349334,14.943958339039682,10.160780942420148,-3.2792171755779975e-13,28.39155445298831,0.9882414948246998,0.9882414948246998,0.09680982765554987,0.3003684120758757
thermal_tau60_A0.50,thermal,-30.5,1,2026110201,0,60,,0.5000000000000002,0.19149263985786588,0.7130903629069867,29.887916678079364,20.321561884840296,-6.558434351155995e-13,56.78310890597662,0.9882414948246998,0.9882414948246998,0.09680982765554987,0.3003684120758757
thermal_tau60_A0.50,thermal,-30.5,2,2026110202,0,60,,0.5000000000000002,0.19149263985786588,0.7130903629069867,29.887916678079364,20.321561884840296,-6.558434351155995e-13,56.78310890597662,0.9882414948246998,0.9882414948246998,0.09680982765554987,0.3003684120758757
thermal_tau60_A0.50,thermal,-30.5,4,2026110204,1,60,,0.5000000000000002,0.19149263985786588,0.7130903629069867,29.887916678079364,20.321561884840296,-6.558434351155995e-13,56.78310890597662,0.9882414948246998,0.9882414948246998,0.09680982765554987,0.3003684120758757
thermal_tau60_A0.50,thermal,-30.5,5,2026110205,1,60,,0.5000000000000002,0.19149263985786588,0.7130903629069867,29.887916678079364,20.321561884840296,-6.558434351155995e-13,56.78310890597662,0.9882414948246998,0.9882414948246998,0.09680982765554987,0.3003684120758757
thermal_tau60_A0.50,thermal,-30.5,3,2026110203,0,60,,0.5000000000000002,0.19149263985786588,0.7130903629069867,29.887916678079364,20.321561884840296,-6.558434351155995e-13,56.78310890597662,0.9882414948246998,0.9882414948246998,0.09680982765554987,0.3003684120758757
thermal_tau60_A0.50,thermal,-30.5,6,2026110206,0,60,,0.5000000000000002,0.19149263985786588,0.7130903629069867,29.887916678079364,20.321561884840296,-6.558434351155995e-13,56.78310890597662,0.9882414948246998,0.9882414948246998,0.09680982765554987,0.3003684120758757
thermal_tau60_A0.50,thermal,-30.5,7,2026110207,0,60,,0.5000000000000002,0.19149263985786588,0.7130903629069867,29.887916678079364,20.321561884840296,-6.558434351155995e-13,56.78310890597662,0.9882414948246998,0.9882414948246998,0.09680982765554987,0.3003684120758757
thermal_tau60_A0.50,thermal,-30.5,8,2026110208,0,60,,0.5000000000000002,0.19149263985786588,0.7130903629069867,29.887916678079364,20.321561884840296,-6.558434351155995e-13,56.78310890597662,0.9882414948246998,0.9882414948246998,0.09680982765554987,0.3003684120758757
thermal_tau60_A0.50,thermal,-30.5,9,2026110209,0,60,,0.5000000000000002,0.19149263985786588,0.7130903629069867,29.887916678079364,20.321561884840296,-6.558434351155995e-13,56.78310890597662,0.9882414948246998,0.9882414948246998,0.09680982765554987,0.3003684120758757
thermal_tau60_A0.50,thermal,-30.5,10,2026110210,0,60,,0.5000000000000002,0.19149263985786588,0.7130903629069867,29.887916678079364,20.321561884840296,-6.558434351155995e-13,56.78310890597662,0.9882414948246998,0.9882414948246998,0.09680982765554987,0.3003684120758757
thermal_tau60_A0.50,thermal,-30.5,11,2026110211,0,60,,0.5000000000000002,0.19149263985786588,0.7130903629069867,29.887916678079364,20.321561884840296,-6.558434351155995e-13,56.78310890597662,0.9882414948246998,0.9882414948246998,0.09680982765554987,0.3003684120758757
thermal_tau60_A0.50,thermal,-30.5,12,2026110212,0,60,,0.5000000000000002,0.19149263985786588,0.7130903629069867,29.887916678079364,20.321561884840296,-6.558434351155995e-13,56.78310890597662,0.9882414948246998,0.9882414948246998,0.09680982765554987,0.3003684120758757
thermal_tau60_A0.50,thermal,-30.5,13,2026110213,0,60,,0.5000000000000002,0.19149263985786588,0.7130903629069867,29.887916678079364,20.321561884840296,-6.558434351155995e-13,56.78310890597662,0.9882414948246998,0.9882414948246998,0.09680982765554987,0.3003684120758757
thermal_tau60_A0.50,thermal,-30.5,14,2026110214,0,60,,0.5000000000000002,0.19149263985786588,0.7130903629069867,29.887916678079364,20.321561884840296,-6.558434351155995e-13,56.78310890597662,0.9882414948246998,0.9882414948246998,0.09680982765554987,0.3003684120758757
thermal_tau60_A0.50,thermal,-30.5,15,2026110215,0,60,,0.5000000000000002,0.19149263985786588,0.7130903629069867,29.887916678079364,20.321561884840296,-6.558434351155995e-13,56.78310890597662,0.9882414948246998,0.9882414948246998,0.09680982765554987,0.3003684120758757
thermal_tau60_A0.50,thermal,-30.5,16,2026110216,0,60,,0.5000000000000002,0.19149263985786588,0.7130903629069867,29.887916678079364,20.321561884840296,-6.558434351155995e-13,56.78310890597662,0.9882414948246998,0.9882414948246998,0.09680982765554987,0.3003684120758757
thermal_tau60_A0.50,thermal,-30.5,17,2026110217,0,60,,0.5000000000000002,0.19149263985786588,0.7130903629069867,29.887916678079364,20.321561884840296,-6.558434351155995e-13,56.78310890597662,0.9882414948246998,0.9882414948246998,0.09680982765554987,0.3003684120758757
thermal_tau60_A0.50,thermal,-30.5,19,2026110219,0,60,,0.5000000000000002,0.19149263985786588,0.7130903629069867,29.887916678079364,20.321561884840296,-6.558434351155995e-13,56.78310890597662,0.9882414948246998,0.9882414948246998,0.09680982765554987,0.3003684120758757
thermal_tau60_A0.50,thermal,-30.5,18,2026110218,0,60,,0.5000000000000002,0.19149263985786588,0.7130903629069867,29.887916678079364,20.321561884840296,-6.558434351155995e-13,56.78310890597662,0.9882414948246998,0.9882414948246998,0.09680982765554987,0.3003684120758757
thermal_tau60_A0.50,thermal,-30.5,20,2026110220,0,60,,0.5000000000000002,0.19149263985786588,0.7130903629069867,29.887916678079364,20.321561884840296,-6.558434351155995e-13,56.78310890597662,0.9882414948246998,0.9882414948246998,0.09680982765554987,0.3003684120758757
thermal_tau60_A0.50,thermal,-30.5,22,2026110222,1,60,,0.5000000000000002,0.19149263985786588,0.7130903629069867,29.887916678079364,20.321561884840296,-6.558434351155995e-13,56.78310890597662,0.9882414948246998,0.9882414948246998,0.09680982765554987,0.3003684120758757
thermal_tau60_A0.50,thermal,-30.5,21,2026110221,0,60,,0.5000000000000002,0.19149263985786588,0.7130903629069867,29.887916678079364,20.321561884840296,-6.558434351155995e-13,56.78310890597662,0.9882414948246998,0.9882414948246998,0.09680982765554987,0.3003684120758757
thermal_tau60_A0.50,thermal,-30.5,24,2026110224,1,60,,0.5000000000000002,0.19149263985786588,0.7130903629069867,29.887916678079364,20.321561884840296,-6.558434351155995e-13,56.78310890597662,0.9882414948246998,0.9882414948246998,0.09680982765554987,0.3003684120758757
thermal_tau60_A0.50,thermal,-30.5,23,2026110223,0,60,,0.5000000000000002,0.19149263985786588,0.7130903629069867,29.887916678079364,20.321561884840296,-6.558434351155995e-13,56.78310890597662,0.9882414948246998,0.9882414948246998,0.09680982765554987,0.3003684120758757
thermal_tau60_A0.50,thermal,-30.5,26,2026110226,1,60,,0.5000000000000002,0.19149263985786588,0.7130903629069867,29.887916678079364,20.321561884840296,-6.558434351155995e-13,56.78310890597662,0.9882414948246998,0.9882414948246998,0.09680982765554987,0.3003684120758757
thermal_tau60_A0.50,thermal,-30.5,28,2026110228,1,60,,0.5000000000000002,0.19149263985786588,0.7130903629069867,29.887916678079364,20.321561884840296,-6.558434351155995e-13,56.78310890597662,0.9882414948246998,0.9882414948246998,0.09680982765554987,0.3003684120758757
thermal_tau60_A0.50,thermal,-30.5,25,2026110225,0,60,,0.5000000000000002,0.19149263985786588,0.7130903629069867,29.887916678079364,20.321561884840296,-6.558434351155995e-13,56.78310890597662,0.9882414948246998,0.9882414948246998,0.09680982765554987,0.3003684120758757
thermal_tau60_A0.50,thermal,-30.5,27,2026110227,0,60,,0.5000000000000002,0.19149263985786588,0.7130903629069867,29.887916678079364,20.321561884840296,-6.558434351155995e-13,56.78310890597662,0.9882414948246998,0.9882414948246998,0.09680982765554987,0.3003684120758757
thermal_tau60_A0.50,thermal,-30.5,29,2026110229,0,60,,0.5000000000000002,0.19149263985786588,0.7130903629069867,29.887916678079364,20.321561884840296,-6.558434351155995e-13,56.78310890597662,0.9882414948246998,0.9882414948246998,0.09680982765554987,0.3003684120758757
thermal_tau60_A0.50,thermal,-30.5,30,2026110230,0,60,,0.5000000000000002,0.19149263985786588,0.7130903629069867,29.887916678079364,20.321561884840296,-6.558434351155995e-13,56.78310890597662,0.9882414948246998,0.9882414948246998,0.09680982765554987,0.3003684120758757
thermal_tau60_A0.50,thermal,-30.5,32,2026110232,1,60,,0.5000000000000002,0.19149263985786588,0.7130903629069867,29.887916678079364,20.321561884840296,-6.558434351155995e-13,56.78310890597662,0.9882414948246998,0.9882414948246998,0.09680982765554987,0.3003684120758757
thermal_tau60_A0.50,thermal,-30.5,31,2026110231,0,60,,0.5000000000000002,0.19149263985786588,0.7130903629069867,29.887916678079364,20.321561884840296,-6.558434351155995e-13,56.78310890597662,0.9882414948246998,0.9882414948246998,0.09680982765554987,0.3003684120758757
thermal_tau60_A0.50,thermal,-30.5,36,2026110236,0,60,,0.5000000000000002,0.19149263985786588,0.7130903629069867,29.887916678079364,20.321561884840296,-6.558434351155995e-13,56.78310890597662,0.9882414948246998,0.9882414948246998,0.09680982765554987,0.3003684120758757
thermal_tau60_A0.50,thermal,-30.5,33,2026110233,1,60,,0.5000000000000002,0.19149263985786588,0.7130903629069867,29.887916678079364,20.321561884840296,-6.558434351155995e-13,56.78310890597662,0.9882414948246998,0.9882414948246998,0.09680982765554987,0.3003684120758757
thermal_tau60_A0.50,thermal,-30.5,34,2026110234,0,60,,0.5000000000000002,0.19149263985786588,0.7130903629069867,29.887916678079364,20.321561884840296,-6.558434351155995e-13,56.78310890597662,0.9882414948246998,0.9882414948246998,0.09680982765554987,0.3003684120758757
thermal_tau60_A0.50,thermal,-30.5,35,2026110235,0,60,,0.5000000000000002,0.19149263985786588,0.7130903629069867,29.887916678079364,20.321561884840296,-6.558434351155995e-13,56.78310890597662,0.9882414948246998,0.9882414948246998,0.09680982765554987,0.3003684120758757
thermal_tau60_A0.50,thermal,-30.5,38,2026110238,0,60,,0.5000000000000002,0.19149263985786588,0.7130903629069867,29.887916678079364,20.321561884840296,-6.558434351155995e-13,56.78310890597662,0.9882414948246998,0.9882414948246998,0.09680982765554987,0.3003684120758757
thermal_tau60_A0.50,thermal,-30.5,39,2026110239,0,60,,0.5000000000000002,0.19149263985786588,0.7130903629069867,29.887916678079364,20.321561884840296,-6.558434351155995e-13,56.78310890597662,0.9882414948246998,0.9882414948246998,0.09680982765554987,0.3003684120758757
thermal_tau60_A0.50,thermal,-30.5,37,2026110237,0,60,,0.5000000000000002,0.19149263985786588,0.7130903629069867,29.887916678079364,20.321561884840296,-6.558434351155995e-13,56.78310890597662,0.9882414948246998,0.9882414948246998,0.09680982765554987,0.3003684120758757
thermal_tau60_A0.50,thermal,-30.5,40,2026110240,0,60,,0.5000000000000002,0.19149263985786588,0.7130903629069867,29.887916678079364,20.321561884840296,-6.558434351155995e-13,56.78310890597662,0.9882414948246998,0.9882414948246998,0.09680982765554987,0.3003684120758757
thermal_tau60_A0.50,thermal,-30.5,42,2026110242,1,60,,0.5000000000000002,0.19149263985786588,0.7130903629069867,29.887916678079364,20.321561884840296,-6.558434351155995e-13,56.78310890597662,0.9882414948246998,0.9882414948246998,0.09680982765554987,0.3003684120758757
thermal_tau60_A0.50,thermal,-30.5,45,2026110245,1,60,,0.5000000000000002,0.19149263985786588,0.7130903629069867,29.887916678079364,20.321561884840296,-6.558434351155995e-13,56.78310890597662,0.9882414948246998,0.9882414948246998,0.09680982765554987,0.3003684120758757
thermal_tau60_A0.50,thermal,-30.5,41,2026110241,0,60,,0.5000000000000002,0.19149263985786588,0.7130903629069867,29.887916678079364,20.321561884840296,-6.558434351155995e-13,56.78310890597662,0.9882414948246998,0.9882414948246998,0.09680982765554987,0.3003684120758757
thermal_tau60_A0.50,thermal,-30.5,43,2026110243,0,60,,0.5000000000000002,0.19149263985786588,0.7130903629069867,29.887916678079364,20.321561884840296,-6.558434351155995e-13,56.78310890597662,0.9882414948246998,0.9882414948246998,0.09680982765554987,0.3003684120758757
thermal_tau60_A0.50,thermal,-30.5,44,2026110244,0,60,,0.5000000000000002,0.19149263985786588,0.7130903629069867,29.887916678079364,20.321561884840296,-6.558434351155995e-13,56.78310890597662,0.9882414948246998,0.9882414948246998,0.09680982765554987,0.3003684120758757
thermal_tau60_A0.50,thermal,-30.5,47,2026110247,0,60,,0.5000000000000002,0.19149263985786588,0.7130903629069867,29.887916678079364,20.321561884840296,-6.558434351155995e-13,56.78310890597662,0.9882414948246998,0.9882414948246998,0.09680982765554987,0.3003684120758757
thermal_tau60_A0.50,thermal,-30.5,46,2026110246,0,60,,0.5000000000000002,0.19149263985786588,0.7130903629069867,29.887916678079364,20.321561884840296,-6.558434351155995e-13,56.78310890597662,0.9882414948246998,0.9882414948246998,0.09680982765554987,0.3003684120758757
thermal_tau60_A0.50,thermal,-30.5,49,2026110249,1,60,,0.5000000000000002,0.19149263985786588,0.7130903629069867,29.887916678079364,20.321561884840296,-6.558434351155995e-13,56.78310890597662,0.9882414948246998,0.9882414948246998,0.09680982765554987,0.3003684120758757
thermal_tau60_A0.50,thermal,-30.5,50,2026110250,1,60,,0.5000000000000002,0.19149263985786588,0.7130903629069867,29.887916678079364,20.321561884840296,-6.558434351155995e-13,56.78310890597662,0.9882414948246998,0.9882414948246998,0.09680982765554987,0.3003684120758757
thermal_tau60_A0.50,thermal,-30.5,53,2026110253,1,60,,0.5000000000000002,0.19149263985786588,0.7130903629069867,29.887916678079364,20.321561884840296,-6.558434351155995e-13,56.78310890597662,0.9882414948246998,0.9882414948246998,0.09680982765554987,0.3003684120758757
thermal_tau60_A0.50,thermal,-30.5,48,2026110248,0,60,,0.5000000000000002,0.19149263985786588,0.7130903629069867,29.887916678079364,20.321561884840296,-6.558434351155995e-13,56.78310890597662,0.9882414948246998,0.9882414948246998,0.09680982765554987,0.3003684120758757
thermal_tau60_A0.50,thermal,-30.5,55,2026110255,1,60,,0.5000000000000002,0.19149263985786588,0.7130903629069867,29.887916678079364,20.321561884840296,-6.558434351155995e-13,56.78310890597662,0.9882414948246998,0.9882414948246998,0.09680982765554987,0.3003684120758757
thermal_tau60_A0.50,thermal,-30.5,52,2026110252,0,60,,0.5000000000000002,0.19149263985786588,0.7130903629069867,29.887916678079364,20.321561884840296,-6.558434351155995e-13,56.78310890597662,0.9882414948246998,0.9882414948246998,0.09680982765554987,0.3003684120758757
thermal_tau60_A0.50,thermal,-30.5,51,2026110251,0,60,,0.5000000000000002,0.19149263985786588,0.7130903629069867,29.887916678079364,20.321561884840296,-6.558434351155995e-13,56.78310890597662,0.9882414948246998,0.9882414948246998,0.09680982765554987,0.3003684120758757
thermal_tau60_A0.50,thermal,-30.5,54,2026110254,0,60,,0.5000000000000002,0.19149263985786588,0.7130903629069867,29.887916678079364,20.321561884840296,-6.558434351155995e-13,56.78310890597662,0.9882414948246998,0.9882414948246998,0.09680982765554987,0.3003684120758757
thermal_tau60_A0.50,thermal,-30.5,56,2026110256,0,60,,0.5000000000000002,0.19149263985786588,0.7130903629069867,29.887916678079364,20.321561884840296,-6.558434351155995e-13,56.78310890597662,0.9882414948246998,0.9882414948246998,0.09680982765554987,0.3003684120758757
thermal_tau60_A0.50,thermal,-30.5,57,2026110257,0,60,,0.5000000000000002,0.19149263985786588,0.7130903629069867,29.887916678079364,20.321561884840296,-6.558434351155995e-13,56.78310890597662,0.9882414948246998,0.9882414948246998,0.09680982765554987,0.3003684120758757
thermal_tau60_A0.50,thermal,-30.5,58,2026110258,0,60,,0.5000000000000002,0.19149263985786588,0.7130903629069867,29.887916678079364,20.321561884840296,-6.558434351155995e-13,56.78310890597662,0.9882414948246998,0.9882414948246998,0.09680982765554987,0.3003684120758757
thermal_tau60_A0.50,thermal,-30.5,59,2026110259,0,60,,0.5000000000000002,0.19149263985786588,0.7130903629069867,29.887916678079364,20.321561884840296,-6.558434351155995e-13,56.78310890597662,0.9882414948246998,0.9882414948246998,0.09680982765554987,0.3003684120758757
thermal_tau60_A0.50,thermal,-30.5,60,2026110260,0,60,,0.5000000000000002,0.19149263985786588,0.7130903629069867,29.887916678079364,20.321561884840296,-6.558434351155995e-13,56.78310890597662,0.9882414948246998,0.9882414948246998,0.09680982765554987,0.3003684120758757
thermal_tau60_A0.50,thermal,-30.5,64,2026110264,1,60,,0.5000000000000002,0.19149263985786588,0.7130903629069867,29.887916678079364,20.321561884840296,-6.558434351155995e-13,56.78310890597662,0.9882414948246998,0.9882414948246998,0.09680982765554987,0.3003684120758757
thermal_tau60_A0.50,thermal,-30.5,61,2026110261,0,60,,0.5000000000000002,0.19149263985786588,0.7130903629069867,29.887916678079364,20.321561884840296,-6.558434351155995e-13,56.78310890597662,0.9882414948246998,0.9882414948246998,0.09680982765554987,0.3003684120758757
thermal_tau60_A0.50,thermal,-30.5,62,2026110262,0,60,,0.5000000000000002,0.19149263985786588,0.7130903629069867,29.887916678079364,20.321561884840296,-6.558434351155995e-13,56.78310890597662,0.9882414948246998,0.9882414948246998,0.09680982765554987,0.3003684120758757
thermal_tau60_A0.50,thermal,-30.5,67,2026110267,1,60,,0.5000000000000002,0.19149263985786588,0.7130903629069867,29.887916678079364,20.321561884840296,-6.558434351155995e-13,56.78310890597662,0.9882414948246998,0.9882414948246998,0.09680982765554987,0.3003684120758757
thermal_tau60_A0.50,thermal,-30.5,65,2026110265,0,60,,0.5000000000000002,0.19149263985786588,0.7130903629069867,29.887916678079364,20.321561884840296,-6.558434351155995e-13,56.78310890597662,0.9882414948246998,0.9882414948246998,0.09680982765554987,0.3003684120758757
thermal_tau60_A0.50,thermal,-30.5,66,2026110266,0,60,,0.5000000000000002,0.19149263985786588,0.7130903629069867,29.887916678079364,20.321561884840296,-6.558434351155995e-13,56.78310890597662,0.9882414948246998,0.9882414948246998,0.09680982765554987,0.3003684120758757
thermal_tau60_A0.50,thermal,-30.5,63,2026110263,0,60,,0.5000000000000002,0.19149263985786588,0.7130903629069867,29.887916678079364,20.321561884840296,-6.558434351155995e-13,56.78310890597662,0.9882414948246998,0.9882414948246998,0.09680982765554987,0.3003684120758757
thermal_tau60_A0.50,thermal,-30.5,68,2026110268,0,60,,0.5000000000000002,0.19149263985786588,0.7130903629069867,29.887916678079364,20.321561884840296,-6.558434351155995e-13,56.78310890597662,0.9882414948246998,0.9882414948246998,0.09680982765554987,0.3003684120758757
thermal_tau60_A0.50,thermal,-30.5,69,2026110269,0,60,,0.5000000000000002,0.19149263985786588,0.7130903629069867,29.887916678079364,20.321561884840296,-6.558434351155995e-13,56.78310890597662,0.9882414948246998,0.9882414948246998,0.09680982765554987,0.3003684120758757
thermal_tau60_A0.50,thermal,-30.5,72,2026110272,0,60,,0.5000000000000002,0.19149263985786588,0.7130903629069867,29.887916678079364,20.321561884840296,-6.558434351155995e-13,56.78310890597662,0.9882414948246998,0.9882414948246998,0.09680982765554987,0.3003684120758757
thermal_tau60_A0.50,thermal,-30.5,70,2026110270,0,60,,0.5000000000000002,0.19149263985786588,0.7130903629069867,29.887916678079364,20.321561884840296,-6.558434351155995e-13,56.78310890597662,0.9882414948246998,0.9882414948246998,0.09680982765554987,0.3003684120758757
thermal_tau60_A0.50,thermal,-30.5,71,2026110271,0,60,,0.5000000000000002,0.19149263985786588,0.7130903629069867,29.887916678079364,20.321561884840296,-6.558434351155995e-13,56.78310890597662,0.9882414948246998,0.9882414948246998,0.09680982765554987,0.3003684120758757
thermal_tau60_A0.50,thermal,-30.5,73,2026110273,0,60,,0.5000000000000002,0.19149263985786588,0.7130903629069867,29.887916678079364,20.321561884840296,-6.558434351155995e-13,56.78310890597662,0.9882414948246998,0.9882414948246998,0.09680982765554987,0.3003684120758757
thermal_tau60_A0.50,thermal,-30.5,74,2026110274,0,60,,0.5000000000000002,0.19149263985786588,0.7130903629069867,29.887916678079364,20.321561884840296,-6.558434351155995e-13,56.78310890597662,0.9882414948246998,0.9882414948246998,0.09680982765554987,0.3003684120758757
thermal_tau60_A0.50,thermal,-30.5,75,2026110275,0,60,,0.5000000000000002,0.19149263985786588,0.7130903629069867,29.887916678079364,20.321561884840296,-6.558434351155995e-13,56.78310890597662,0.9882414948246998,0.9882414948246998,0.09680982765554987,0.3003684120758757
thermal_tau60_A0.50,thermal,-30.5,76,2026110276,0,60,,0.5000000000000002,0.19149263985786588,0.7130903629069867,29.887916678079364,20.321561884840296,-6.558434351155995e-13,56.78310890597662,0.9882414948246998,0.9882414948246998,0.09680982765554987,0.3003684120758757
thermal_tau60_A0.50,thermal,-30.5,80,2026110280,1,60,,0.5000000000000002,0.19149263985786588,0.7130903629069867,29.887916678079364,20.321561884840296,-6.558434351155995e-13,56.78310890597662,0.9882414948246998,0.9882414948246998,0.09680982765554987,0.3003684120758757
thermal_tau60_A0.50,thermal,-30.5,81,2026110281,1,60,,0.5000000000000002,0.19149263985786588,0.7130903629069867,29.887916678079364,20.321561884840296,-6.558434351155995e-13,56.78310890597662,0.9882414948246998,0.9882414948246998,0.09680982765554987,0.3003684120758757
thermal_tau60_A0.50,thermal,-30.5,78,2026110278,1,60,,0.5000000000000002,0.19149263985786588,0.7130903629069867,29.887916678079364,20.321561884840296,-6.558434351155995e-13,56.78310890597662,0.9882414948246998,0.9882414948246998,0.09680982765554987,0.3003684120758757
thermal_tau60_A0.50,thermal,-30.5,82,2026110282,1,60,,0.5000000000000002,0.19149263985786588,0.7130903629069867,29.887916678079364,20.321561884840296,-6.558434351155995e-13,56.78310890597662,0.9882414948246998,0.9882414948246998,0.09680982765554987,0.3003684120758757
thermal_tau60_A0.50,thermal,-30.5,77,2026110277,0,60,,0.5000000000000002,0.19149263985786588,0.7130903629069867,29.887916678079364,20.321561884840296,-6.558434351155995e-13,56.78310890597662,0.9882414948246998,0.9882414948246998,0.09680982765554987,0.3003684120758757
thermal_tau60_A0.50,thermal,-30.5,79,2026110279,0,60,,0.5000000000000002,0.19149263985786588,0.7130903629069867,29.887916678079364,20.321561884840296,-6.558434351155995e-13,56.78310890597662,0.9882414948246998,0.9882414948246998,0.09680982765554987,0.3003684120758757
thermal_tau60_A0.50,thermal,-30.5,83,2026110283,0,60,,0.5000000000000002,0.19149263985786588,0.7130903629069867,29.887916678079364,20.321561884840296,-6.558434351155995e-13,56.78310890597662,0.9882414948246998,0.9882414948246998,0.09680982765554987,0.3003684120758757
thermal_tau60_A0.50,thermal,-30.5,84,2026110284,0,60,,0.5000000000000002,0.19149263985786588,0.7130903629069867,29.887916678079364,20.321561884840296,-6.558434351155995e-13,56.78310890597662,0.9882414948246998,0.9882414948246998,0.09680982765554987,0.3003684120758757
thermal_tau60_A0.50,thermal,-30.5,85,2026110285,0,60,,0.5000000000000002,0.19149263985786588,0.7130903629069867,29.887916678079364,20.321561884840296,-6.558434351155995e-13,56.78310890597662,0.9882414948246998,0.9882414948246998,0.09680982765554987,0.3003684120758757
thermal_tau60_A0.50,thermal,-30.5,86,2026110286,0,60,,0.5000000000000002,0.19149263985786588,0.7130903629069867,29.887916678079364,20.321561884840296,-6.558434351155995e-13,56.78310890597662,0.9882414948246998,0.9882414948246998,0.09680982765554987,0.3003684120758757
thermal_tau60_A0.50,thermal,-30.5,89,2026110289,1,60,,0.5000000000000002,0.19149263985786588,0.7130903629069867,29.887916678079364,20.321561884840296,-6.558434351155995e-13,56.78310890597662,0.9882414948246998,0.9882414948246998,0.09680982765554987,0.3003684120758757
thermal_tau60_A0.50,thermal,-30.5,87,2026110287,0,60,,0.5000000000000002,0.19149263985786588,0.7130903629069867,29.887916678079364,20.321561884840296,-6.558434351155995e-13,56.78310890597662,0.9882414948246998,0.9882414948246998,0.09680982765554987,0.3003684120758757
thermal_tau60_A0.50,thermal,-30.5,88,2026110288,0,60,,0.5000000000000002,0.19149263985786588,0.7130903629069867,29.887916678079364,20.321561884840296,-6.558434351155995e-13,56.78310890597662,0.9882414948246998,0.9882414948246998,0.09680982765554987,0.3003684120758757
thermal_tau60_A0.50,thermal,-30.5,90,2026110290,0,60,,0.5000000000000002,0.19149263985786588,0.7130903629069867,29.887916678079364,20.321561884840296,-6.558434351155995e-13,56.78310890597662,0.9882414948246998,0.9882414948246998,0.09680982765554987,0.3003684120758757
thermal_tau60_A0.50,thermal,-30.5,91,2026110291,0,60,,0.5000000000000002,0.19149263985786588,0.7130903629069867,29.887916678079364,20.321561884840296,-6.558434351155995e-13,56.78310890597662,0.9882414948246998,0.9882414948246998,0.09680982765554987,0.3003684120758757
thermal_tau60_A0.50,thermal,-30.5,94,2026110294,1,60,,0.5000000000000002,0.19149263985786588,0.7130903629069867,29.887916678079364,20.321561884840296,-6.558434351155995e-13,56.78310890597662,0.9882414948246998,0.9882414948246998,0.09680982765554987,0.3003684120758757
thermal_tau60_A0.50,thermal,-30.5,92,2026110292,0,60,,0.5000000000000002,0.19149263985786588,0.7130903629069867,29.887916678079364,20.321561884840296,-6.558434351155995e-13,56.78310890597662,0.9882414948246998,0.9882414948246998,0.09680982765554987,0.3003684120758757
thermal_tau60_A0.50,thermal,-30.5,93,2026110293,0,60,,0.5000000000000002,0.19149263985786588,0.7130903629069867,29.887916678079364,20.321561884840296,-6.558434351155995e-13,56.78310890597662,0.9882414948246998,0.9882414948246998,0.09680982765554987,0.3003684120758757
thermal_tau60_A0.50,thermal,-30.5,95,2026110295,0,60,,0.5000000000000002,0.19149263985786588,0.7130903629069867,29.887916678079364,20.321561884840296,-6.558434351155995e-13,56.78310890597662,0.9882414948246998,0.9882414948246998,0.09680982765554987,0.3003684120758757
thermal_tau60_A0.50,thermal,-30.5,96,2026110296,0,60,,0.5000000000000002,0.19149263985786588,0.7130903629069867,29.887916678079364,20.321561884840296,-6.558434351155995e-13,56.78310890597662,0.9882414948246998,0.9882414948246998,0.09680982765554987,0.3003684120758757
thermal_tau60_A0.50,thermal,-30.5,97,2026110297,0,60,,0.5000000000000002,0.19149263985786588,0.7130903629069867,29.887916678079364,20.321561884840296,-6.558434351155995e-13,56.78310890597662,0.9882414948246998,0.9882414948246998,0.09680982765554987,0.3003684120758757
thermal_tau60_A0.50,thermal,-30.5,98,2026110298,0,60,,0.5000000000000002,0.19149263985786588,0.7130903629069867,29.887916678079364,20.321561884840296,-6.558434351155995e-13,56.78310890597662,0.9882414948246998,0.9882414948246998,0.09680982765554987,0.3003684120758757
thermal_tau60_A0.50,thermal,-30.5,99,2026110299,0,60,,0.5000000000000002,0.19149263985786588,0.7130903629069867,29.887916678079364,20.321561884840296,-6.558434351155995e-13,56.78310890597662,0.9882414948246998,0.9882414948246998,0.09680982765554987,0.3003684120758757
thermal_tau120_A0.25,thermal,-30.5,2,2026110202,1,120,,0.2499999999999996,0.10420946540922124,0.36637336950106697,15.959377671278755,11.143850113380921,-1.4250102833845979e-12,31.095396415735003,0.9969914656036482,0.9969914656036484,0.051410479910138335,0.16499666409154878
thermal_tau120_A0.25,thermal,-30.5,0,2026110200,0,120,,0.2499999999999996,0.10420946540922124,0.36637336950106697,15.959377671278755,11.143850113380921,-1.4250102833845979e-12,31.095396415735003,0.9969914656036482,0.9969914656036484,0.051410479910138335,0.16499666409154878
thermal_tau120_A0.25,thermal,-30.5,1,2026110201,0,120,,0.2499999999999996,0.10420946540922124,0.36637336950106697,15.959377671278755,11.143850113380921,-1.4250102833845979e-12,31.095396415735003,0.9969914656036482,0.9969914656036484,0.051410479910138335,0.16499666409154878
thermal_tau120_A0.25,thermal,-30.5,4,2026110204,1,120,,0.2499999999999996,0.10420946540922124,0.36637336950106697,15.959377671278755,11.143850113380921,-1.4250102833845979e-12,31.095396415735003,0.9969914656036482,0.9969914656036484,0.051410479910138335,0.16499666409154878
thermal_tau120_A0.25,thermal,-30.5,7,2026110207,1,120,,0.2499999999999996,0.10420946540922124,0.36637336950106697,15.959377671278755,11.143850113380921,-1.4250102833845979e-12,31.095396415735003,0.9969914656036482,0.9969914656036484,0.051410479910138335,0.16499666409154878
thermal_tau120_A0.25,thermal,-30.5,5,2026110205,1,120,,0.2499999999999996,0.10420946540922124,0.36637336950106697,15.959377671278755,11.143850113380921,-1.4250102833845979e-12,31.095396415735003,0.9969914656036482,0.9969914656036484,0.051410479910138335,0.16499666409154878
thermal_tau120_A0.25,thermal,-30.5,9,2026110209,1,120,,0.2499999999999996,0.10420946540922124,0.36637336950106697,15.959377671278755,11.143850113380921,-1.4250102833845979e-12,31.095396415735003,0.9969914656036482,0.9969914656036484,0.051410479910138335,0.16499666409154878
thermal_tau120_A0.25,thermal,-30.5,3,2026110203,0,120,,0.2499999999999996,0.10420946540922124,0.36637336950106697,15.959377671278755,11.143850113380921,-1.4250102833845979e-12,31.095396415735003,0.9969914656036482,0.9969914656036484,0.051410479910138335,0.16499666409154878
thermal_tau120_A0.25,thermal,-30.5,6,2026110206,1,120,,0.2499999999999996,0.10420946540922124,0.36637336950106697,15.959377671278755,11.143850113380921,-1.4250102833845979e-12,31.095396415735003,0.9969914656036482,0.9969914656036484,0.051410479910138335,0.16499666409154878
thermal_tau120_A0.25,thermal,-30.5,8,2026110208,1,120,,0.2499999999999996,0.10420946540922124,0.36637336950106697,15.959377671278755,11.143850113380921,-1.4250102833845979e-12,31.095396415735003,0.9969914656036482,0.9969914656036484,0.051410479910138335,0.16499666409154878
thermal_tau120_A0.25,thermal,-30.5,10,2026110210,1,120,,0.2499999999999996,0.10420946540922124,0.36637336950106697,15.959377671278755,11.143850113380921,-1.4250102833845979e-12,31.095396415735003,0.9969914656036482,0.9969914656036484,0.051410479910138335,0.16499666409154878
thermal_tau120_A0.25,thermal,-30.5,14,2026110214,1,120,,0.2499999999999996,0.10420946540922124,0.36637336950106697,15.959377671278755,11.143850113380921,-1.4250102833845979e-12,31.095396415735003,0.9969914656036482,0.9969914656036484,0.051410479910138335,0.16499666409154878
thermal_tau120_A0.25,thermal,-30.5,13,2026110213,1,120,,0.2499999999999996,0.10420946540922124,0.36637336950106697,15.959377671278755,11.143850113380921,-1.4250102833845979e-12,31.095396415735003,0.9969914656036482,0.9969914656036484,0.051410479910138335,0.16499666409154878
thermal_tau120_A0.25,thermal,-30.5,11,2026110211,0,120,,0.2499999999999996,0.10420946540922124,0.36637336950106697,15.959377671278755,11.143850113380921,-1.4250102833845979e-12,31.095396415735003,0.9969914656036482,0.9969914656036484,0.051410479910138335,0.16499666409154878
thermal_tau120_A0.25,thermal,-30.5,12,2026110212,0,120,,0.2499999999999996,0.10420946540922124,0.36637336950106697,15.959377671278755,11.143850113380921,-1.4250102833845979e-12,31.095396415735003,0.9969914656036482,0.9969914656036484,0.051410479910138335,0.16499666409154878
thermal_tau120_A0.25,thermal,-30.5,15,2026110215,1,120,,0.2499999999999996,0.10420946540922124,0.36637336950106697,15.959377671278755,11.143850113380921,-1.4250102833845979e-12,31.095396415735003,0.9969914656036482,0.9969914656036484,0.051410479910138335,0.16499666409154878
thermal_tau120_A0.25,thermal,-30.5,16,2026110216,1,120,,0.2499999999999996,0.10420946540922124,0.36637336950106697,15.959377671278755,11.143850113380921,-1.4250102833845979e-12,31.095396415735003,0.9969914656036482,0.9969914656036484,0.051410479910138335,0.16499666409154878
thermal_tau120_A0.25,thermal,-30.5,19,2026110219,1,120,,0.2499999999999996,0.10420946540922124,0.36637336950106697,15.959377671278755,11.143850113380921,-1.4250102833845979e-12,31.095396415735003,0.9969914656036482,0.9969914656036484,0.051410479910138335,0.16499666409154878
thermal_tau120_A0.25,thermal,-30.5,20,2026110220,1,120,,0.2499999999999996,0.10420946540922124,0.36637336950106697,15.959377671278755,11.143850113380921,-1.4250102833845979e-12,31.095396415735003,0.9969914656036482,0.9969914656036484,0.051410479910138335,0.16499666409154878
thermal_tau120_A0.25,thermal,-30.5,22,2026110222,1,120,,0.2499999999999996,0.10420946540922124,0.36637336950106697,15.959377671278755,11.143850113380921,-1.4250102833845979e-12,31.095396415735003,0.9969914656036482,0.9969914656036484,0.051410479910138335,0.16499666409154878
thermal_tau120_A0.25,thermal,-30.5,18,2026110218,1,120,,0.2499999999999996,0.10420946540922124,0.36637336950106697,15.959377671278755,11.143850113380921,-1.4250102833845979e-12,31.095396415735003,0.9969914656036482,0.9969914656036484,0.051410479910138335,0.16499666409154878
thermal_tau120_A0.25,thermal,-30.5,21,2026110221,1,120,,0.2499999999999996,0.10420946540922124,0.36637336950106697,15.959377671278755,11.143850113380921,-1.4250102833845979e-12,31.095396415735003,0.9969914656036482,0.9969914656036484,0.051410479910138335,0.16499666409154878
thermal_tau120_A0.25,thermal,-30.5,24,2026110224,1,120,,0.2499999999999996,0.10420946540922124,0.36637336950106697,15.959377671278755,11.143850113380921,-1.4250102833845979e-12,31.095396415735003,0.9969914656036482,0.9969914656036484,0.051410479910138335,0.16499666409154878
thermal_tau120_A0.25,thermal,-30.5,17,2026110217,0,120,,0.2499999999999996,0.10420946540922124,0.36637336950106697,15.959377671278755,11.143850113380921,-1.4250102833845979e-12,31.095396415735003,0.9969914656036482,0.9969914656036484,0.051410479910138335,0.16499666409154878
thermal_tau120_A0.25,thermal,-30.5,23,2026110223,1,120,,0.2499999999999996,0.10420946540922124,0.36637336950106697,15.959377671278755,11.143850113380921,-1.4250102833845979e-12,31.095396415735003,0.9969914656036482,0.9969914656036484,0.051410479910138335,0.16499666409154878
thermal_tau120_A0.25,thermal,-30.5,25,2026110225,1,120,,0.2499999999999996,0.10420946540922124,0.36637336950106697,15.959377671278755,11.143850113380921,-1.4250102833845979e-12,31.095396415735003,0.9969914656036482,0.9969914656036484,0.051410479910138335,0.16499666409154878
thermal_tau120_A0.25,thermal,-30.5,29,2026110229,1,120,,0.2499999999999996,0.10420946540922124,0.36637336950106697,15.959377671278755,11.143850113380921,-1.4250102833845979e-12,31.095396415735003,0.9969914656036482,0.9969914656036484,0.051410479910138335,0.16499666409154878
thermal_tau120_A0.25,thermal,-30.5,27,2026110227,1,120,,0.2499999999999996,0.10420946540922124,0.36637336950106697,15.959377671278755,11.143850113380921,-1.4250102833845979e-12,31.095396415735003,0.9969914656036482,0.9969914656036484,0.051410479910138335,0.16499666409154878
thermal_tau120_A0.25,thermal,-30.5,31,2026110231,1,120,,0.2499999999999996,0.10420946540922124,0.36637336950106697,15.959377671278755,11.143850113380921,-1.4250102833845979e-12,31.095396415735003,0.9969914656036482,0.9969914656036484,0.051410479910138335,0.16499666409154878
thermal_tau120_A0.25,thermal,-30.5,26,2026110226,0,120,,0.2499999999999996,0.10420946540922124,0.36637336950106697,15.959377671278755,11.143850113380921,-1.4250102833845979e-12,31.095396415735003,0.9969914656036482,0.9969914656036484,0.051410479910138335,0.16499666409154878
thermal_tau120_A0.25,thermal,-30.5,28,2026110228,0,120,,0.2499999999999996,0.10420946540922124,0.36637336950106697,15.959377671278755,11.143850113380921,-1.4250102833845979e-12,31.095396415735003,0.9969914656036482,0.9969914656036484,0.051410479910138335,0.16499666409154878
thermal_tau120_A0.25,thermal,-30.5,32,2026110232,1,120,,0.2499999999999996,0.10420946540922124,0.36637336950106697,15.959377671278755,11.143850113380921,-1.4250102833845979e-12,31.095396415735003,0.9969914656036482,0.9969914656036484,0.051410479910138335,0.16499666409154878
thermal_tau120_A0.25,thermal,-30.5,30,2026110230,0,120,,0.2499999999999996,0.10420946540922124,0.36637336950106697,15.959377671278755,11.143850113380921,-1.4250102833845979e-12,31.095396415735003,0.9969914656036482,0.9969914656036484,0.051410479910138335,0.16499666409154878
thermal_tau120_A0.25,thermal,-30.5,35,2026110235,1,120,,0.2499999999999996,0.10420946540922124,0.36637336950106697,15.959377671278755,11.143850113380921,-1.4250102833845979e-12,31.095396415735003,0.9969914656036482,0.9969914656036484,0.051410479910138335,0.16499666409154878
thermal_tau120_A0.25,thermal,-30.5,33,2026110233,0,120,,0.2499999999999996,0.10420946540922124,0.36637336950106697,15.959377671278755,11.143850113380921,-1.4250102833845979e-12,31.095396415735003,0.9969914656036482,0.9969914656036484,0.051410479910138335,0.16499666409154878
thermal_tau120_A0.25,thermal,-30.5,36,2026110236,1,120,,0.2499999999999996,0.10420946540922124,0.36637336950106697,15.959377671278755,11.143850113380921,-1.4250102833845979e-12,31.095396415735003,0.9969914656036482,0.9969914656036484,0.051410479910138335,0.16499666409154878
thermal_tau120_A0.25,thermal,-30.5,39,2026110239,1,120,,0.2499999999999996,0.10420946540922124,0.36637336950106697,15.959377671278755,11.143850113380921,-1.4250102833845979e-12,31.095396415735003,0.9969914656036482,0.9969914656036484,0.051410479910138335,0.16499666409154878
thermal_tau120_A0.25,thermal,-30.5,37,2026110237,1,120,,0.2499999999999996,0.10420946540922124,0.36637336950106697,15.959377671278755,11.143850113380921,-1.4250102833845979e-12,31.095396415735003,0.9969914656036482,0.9969914656036484,0.051410479910138335,0.16499666409154878
thermal_tau120_A0.25,thermal,-30.5,34,2026110234,0,120,,0.2499999999999996,0.10420946540922124,0.36637336950106697,15.959377671278755,11.143850113380921,-1.4250102833845979e-12,31.095396415735003,0.9969914656036482,0.9969914656036484,0.051410479910138335,0.16499666409154878
thermal_tau120_A0.25,thermal,-30.5,42,2026110242,1,120,,0.2499999999999996,0.10420946540922124,0.36637336950106697,15.959377671278755,11.143850113380921,-1.4250102833845979e-12,31.095396415735003,0.9969914656036482,0.9969914656036484,0.051410479910138335,0.16499666409154878
thermal_tau120_A0.25,thermal,-30.5,38,2026110238,0,120,,0.2499999999999996,0.10420946540922124,0.36637336950106697,15.959377671278755,11.143850113380921,-1.4250102833845979e-12,31.095396415735003,0.9969914656036482,0.9969914656036484,0.051410479910138335,0.16499666409154878
thermal_tau120_A0.25,thermal,-30.5,40,2026110240,0,120,,0.2499999999999996,0.10420946540922124,0.36637336950106697,15.959377671278755,11.143850113380921,-1.4250102833845979e-12,31.095396415735003,0.9969914656036482,0.9969914656036484,0.051410479910138335,0.16499666409154878
thermal_tau120_A0.25,thermal,-30.5,43,2026110243,1,120,,0.2499999999999996,0.10420946540922124,0.36637336950106697,15.959377671278755,11.143850113380921,-1.4250102833845979e-12,31.095396415735003,0.9969914656036482,0.9969914656036484,0.051410479910138335,0.16499666409154878
thermal_tau120_A0.25,thermal,-30.5,41,2026110241,0,120,,0.2499999999999996,0.10420946540922124,0.36637336950106697,15.959377671278755,11.143850113380921,-1.4250102833845979e-12,31.095396415735003,0.9969914656036482,0.9969914656036484,0.051410479910138335,0.16499666409154878
thermal_tau120_A0.25,thermal,-30.5,45,2026110245,1,120,,0.2499999999999996,0.10420946540922124,0.36637336950106697,15.959377671278755,11.143850113380921,-1.4250102833845979e-12,31.095396415735003,0.9969914656036482,0.9969914656036484,0.051410479910138335,0.16499666409154878
thermal_tau120_A0.25,thermal,-30.5,46,2026110246,1,120,,0.2499999999999996,0.10420946540922124,0.36637336950106697,15.959377671278755,11.143850113380921,-1.4250102833845979e-12,31.095396415735003,0.9969914656036482,0.9969914656036484,0.051410479910138335,0.16499666409154878
thermal_tau120_A0.25,thermal,-30.5,48,2026110248,1,120,,0.2499999999999996,0.10420946540922124,0.36637336950106697,15.959377671278755,11.143850113380921,-1.4250102833845979e-12,31.095396415735003,0.9969914656036482,0.9969914656036484,0.051410479910138335,0.16499666409154878
thermal_tau120_A0.25,thermal,-30.5,44,2026110244,0,120,,0.2499999999999996,0.10420946540922124,0.36637336950106697,15.959377671278755,11.143850113380921,-1.4250102833845979e-12,31.095396415735003,0.9969914656036482,0.9969914656036484,0.051410479910138335,0.16499666409154878
thermal_tau120_A0.25,thermal,-30.5,49,2026110249,1,120,,0.2499999999999996,0.10420946540922124,0.36637336950106697,15.959377671278755,11.143850113380921,-1.4250102833845979e-12,31.095396415735003,0.9969914656036482,0.9969914656036484,0.051410479910138335,0.16499666409154878
thermal_tau120_A0.25,thermal,-30.5,50,2026110250,1,120,,0.2499999999999996,0.10420946540922124,0.36637336950106697,15.959377671278755,11.143850113380921,-1.4250102833845979e-12,31.095396415735003,0.9969914656036482,0.9969914656036484,0.051410479910138335,0.16499666409154878
thermal_tau120_A0.25,thermal,-30.5,47,2026110247,0,120,,0.2499999999999996,0.10420946540922124,0.36637336950106697,15.959377671278755,11.143850113380921,-1.4250102833845979e-12,31.095396415735003,0.9969914656036482,0.9969914656036484,0.051410479910138335,0.16499666409154878
thermal_tau120_A0.25,thermal,-30.5,53,2026110253,1,120,,0.2499999999999996,0.10420946540922124,0.36637336950106697,15.959377671278755,11.143850113380921,-1.4250102833845979e-12,31.095396415735003,0.9969914656036482,0.9969914656036484,0.051410479910138335,0.16499666409154878
thermal_tau120_A0.25,thermal,-30.5,55,2026110255,1,120,,0.2499999999999996,0.10420946540922124,0.36637336950106697,15.959377671278755,11.143850113380921,-1.4250102833845979e-12,31.095396415735003,0.9969914656036482,0.9969914656036484,0.051410479910138335,0.16499666409154878
thermal_tau120_A0.25,thermal,-30.5,52,2026110252,1,120,,0.2499999999999996,0.10420946540922124,0.36637336950106697,15.959377671278755,11.143850113380921,-1.4250102833845979e-12,31.095396415735003,0.9969914656036482,0.9969914656036484,0.051410479910138335,0.16499666409154878
thermal_tau120_A0.25,thermal,-30.5,51,2026110251,0,120,,0.2499999999999996,0.10420946540922124,0.36637336950106697,15.959377671278755,11.143850113380921,-1.4250102833845979e-12,31.095396415735003,0.9969914656036482,0.9969914656036484,0.051410479910138335,0.16499666409154878
thermal_tau120_A0.25,thermal,-30.5,54,2026110254,0,120,,0.2499999999999996,0.10420946540922124,0.36637336950106697,15.959377671278755,11.143850113380921,-1.4250102833845979e-12,31.095396415735003,0.9969914656036482,0.9969914656036484,0.051410479910138335,0.16499666409154878
thermal_tau120_A0.25,thermal,-30.5,58,2026110258,1,120,,0.2499999999999996,0.10420946540922124,0.36637336950106697,15.959377671278755,11.143850113380921,-1.4250102833845979e-12,31.095396415735003,0.9969914656036482,0.9969914656036484,0.051410479910138335,0.16499666409154878
thermal_tau120_A0.25,thermal,-30.5,60,2026110260,1,120,,0.2499999999999996,0.10420946540922124,0.36637336950106697,15.959377671278755,11.143850113380921,-1.4250102833845979e-12,31.095396415735003,0.9969914656036482,0.9969914656036484,0.051410479910138335,0.16499666409154878
thermal_tau120_A0.25,thermal,-30.5,56,2026110256,0,120,,0.2499999999999996,0.10420946540922124,0.36637336950106697,15.959377671278755,11.143850113380921,-1.4250102833845979e-12,31.095396415735003,0.9969914656036482,0.9969914656036484,0.051410479910138335,0.16499666409154878
thermal_tau120_A0.25,thermal,-30.5,59,2026110259,1,120,,0.2499999999999996,0.10420946540922124,0.36637336950106697,15.959377671278755,11.143850113380921,-1.4250102833845979e-12,31.095396415735003,0.9969914656036482,0.9969914656036484,0.051410479910138335,0.16499666409154878
thermal_tau120_A0.25,thermal,-30.5,57,2026110257,0,120,,0.2499999999999996,0.10420946540922124,0.36637336950106697,15.959377671278755,11.143850113380921,-1.4250102833845979e-12,31.095396415735003,0.9969914656036482,0.9969914656036484,0.051410479910138335,0.16499666409154878
thermal_tau120_A0.25,thermal,-30.5,61,2026110261,1,120,,0.2499999999999996,0.10420946540922124,0.36637336950106697,15.959377671278755,11.143850113380921,-1.4250102833845979e-12,31.095396415735003,0.9969914656036482,0.9969914656036484,0.051410479910138335,0.16499666409154878
thermal_tau120_A0.25,thermal,-30.5,63,2026110263,1,120,,0.2499999999999996,0.10420946540922124,0.36637336950106697,15.959377671278755,11.143850113380921,-1.4250102833845979e-12,31.095396415735003,0.9969914656036482,0.9969914656036484,0.051410479910138335,0.16499666409154878
thermal_tau120_A0.25,thermal,-30.5,64,2026110264,1,120,,0.2499999999999996,0.10420946540922124,0.36637336950106697,15.959377671278755,11.143850113380921,-1.4250102833845979e-12,31.095396415735003,0.9969914656036482,0.9969914656036484,0.051410479910138335,0.16499666409154878
thermal_tau120_A0.25,thermal,-30.5,67,2026110267,1,120,,0.2499999999999996,0.10420946540922124,0.36637336950106697,15.959377671278755,11.143850113380921,-1.4250102833845979e-12,31.095396415735003,0.9969914656036482,0.9969914656036484,0.051410479910138335,0.16499666409154878
thermal_tau120_A0.25,thermal,-30.5,65,2026110265,1,120,,0.2499999999999996,0.10420946540922124,0.36637336950106697,15.959377671278755,11.143850113380921,-1.4250102833845979e-12,31.095396415735003,0.9969914656036482,0.9969914656036484,0.051410479910138335,0.16499666409154878
thermal_tau120_A0.25,thermal,-30.5,66,2026110266,1,120,,0.2499999999999996,0.10420946540922124,0.36637336950106697,15.959377671278755,11.143850113380921,-1.4250102833845979e-12,31.095396415735003,0.9969914656036482,0.9969914656036484,0.051410479910138335,0.16499666409154878
thermal_tau120_A0.25,thermal,-30.5,62,2026110262,0,120,,0.2499999999999996,0.10420946540922124,0.36637336950106697,15.959377671278755,11.143850113380921,-1.4250102833845979e-12,31.095396415735003,0.9969914656036482,0.9969914656036484,0.051410479910138335,0.16499666409154878
thermal_tau120_A0.25,thermal,-30.5,68,2026110268,1,120,,0.2499999999999996,0.10420946540922124,0.36637336950106697,15.959377671278755,11.143850113380921,-1.4250102833845979e-12,31.095396415735003,0.9969914656036482,0.9969914656036484,0.051410479910138335,0.16499666409154878
thermal_tau120_A0.25,thermal,-30.5,69,2026110269,1,120,,0.2499999999999996,0.10420946540922124,0.36637336950106697,15.959377671278755,11.143850113380921,-1.4250102833845979e-12,31.095396415735003,0.9969914656036482,0.9969914656036484,0.051410479910138335,0.16499666409154878
thermal_tau120_A0.25,thermal,-30.5,73,2026110273,1,120,,0.2499999999999996,0.10420946540922124,0.36637336950106697,15.959377671278755,11.143850113380921,-1.4250102833845979e-12,31.095396415735003,0.9969914656036482,0.9969914656036484,0.051410479910138335,0.16499666409154878
thermal_tau120_A0.25,thermal,-30.5,70,2026110270,1,120,,0.2499999999999996,0.10420946540922124,0.36637336950106697,15.959377671278755,11.143850113380921,-1.4250102833845979e-12,31.095396415735003,0.9969914656036482,0.9969914656036484,0.051410479910138335,0.16499666409154878
thermal_tau120_A0.25,thermal,-30.5,71,2026110271,1,120,,0.2499999999999996,0.10420946540922124,0.36637336950106697,15.959377671278755,11.143850113380921,-1.4250102833845979e-12,31.095396415735003,0.9969914656036482,0.9969914656036484,0.051410479910138335,0.16499666409154878
thermal_tau120_A0.25,thermal,-30.5,72,2026110272,1,120,,0.2499999999999996,0.10420946540922124,0.36637336950106697,15.959377671278755,11.143850113380921,-1.4250102833845979e-12,31.095396415735003,0.9969914656036482,0.9969914656036484,0.051410479910138335,0.16499666409154878
thermal_tau120_A0.25,thermal,-30.5,77,2026110277,1,120,,0.2499999999999996,0.10420946540922124,0.36637336950106697,15.959377671278755,11.143850113380921,-1.4250102833845979e-12,31.095396415735003,0.9969914656036482,0.9969914656036484,0.051410479910138335,0.16499666409154878
thermal_tau120_A0.25,thermal,-30.5,74,2026110274,1,120,,0.2499999999999996,0.10420946540922124,0.36637336950106697,15.959377671278755,11.143850113380921,-1.4250102833845979e-12,31.095396415735003,0.9969914656036482,0.9969914656036484,0.051410479910138335,0.16499666409154878
thermal_tau120_A0.25,thermal,-30.5,76,2026110276,1,120,,0.2499999999999996,0.10420946540922124,0.36637336950106697,15.959377671278755,11.143850113380921,-1.4250102833845979e-12,31.095396415735003,0.9969914656036482,0.9969914656036484,0.051410479910138335,0.16499666409154878
thermal_tau120_A0.25,thermal,-30.5,79,2026110279,1,120,,0.2499999999999996,0.10420946540922124,0.36637336950106697,15.959377671278755,11.143850113380921,-1.4250102833845979e-12,31.095396415735003,0.9969914656036482,0.9969914656036484,0.051410479910138335,0.16499666409154878
thermal_tau120_A0.25,thermal,-30.5,80,2026110280,1,120,,0.2499999999999996,0.10420946540922124,0.36637336950106697,15.959377671278755,11.143850113380921,-1.4250102833845979e-12,31.095396415735003,0.9969914656036482,0.9969914656036484,0.051410479910138335,0.16499666409154878
thermal_tau120_A0.25,thermal,-30.5,75,2026110275,0,120,,0.2499999999999996,0.10420946540922124,0.36637336950106697,15.959377671278755,11.143850113380921,-1.4250102833845979e-12,31.095396415735003,0.9969914656036482,0.9969914656036484,0.051410479910138335,0.16499666409154878
thermal_tau120_A0.25,thermal,-30.5,78,2026110278,1,120,,0.2499999999999996,0.10420946540922124,0.36637336950106697,15.959377671278755,11.143850113380921,-1.4250102833845979e-12,31.095396415735003,0.9969914656036482,0.9969914656036484,0.051410479910138335,0.16499666409154878
thermal_tau120_A0.25,thermal,-30.5,84,2026110284,1,120,,0.2499999999999996,0.10420946540922124,0.36637336950106697,15.959377671278755,11.143850113380921,-1.4250102833845979e-12,31.095396415735003,0.9969914656036482,0.9969914656036484,0.051410479910138335,0.16499666409154878
thermal_tau120_A0.25,thermal,-30.5,81,2026110281,1,120,,0.2499999999999996,0.10420946540922124,0.36637336950106697,15.959377671278755,11.143850113380921,-1.4250102833845979e-12,31.095396415735003,0.9969914656036482,0.9969914656036484,0.051410479910138335,0.16499666409154878
thermal_tau120_A0.25,thermal,-30.5,82,2026110282,1,120,,0.2499999999999996,0.10420946540922124,0.36637336950106697,15.959377671278755,11.143850113380921,-1.4250102833845979e-12,31.095396415735003,0.9969914656036482,0.9969914656036484,0.051410479910138335,0.16499666409154878
thermal_tau120_A0.25,thermal,-30.5,87,2026110287,1,120,,0.2499999999999996,0.10420946540922124,0.36637336950106697,15.959377671278755,11.143850113380921,-1.4250102833845979e-12,31.095396415735003,0.9969914656036482,0.9969914656036484,0.051410479910138335,0.16499666409154878
thermal_tau120_A0.25,thermal,-30.5,83,2026110283,1,120,,0.2499999999999996,0.10420946540922124,0.36637336950106697,15.959377671278755,11.143850113380921,-1.4250102833845979e-12,31.095396415735003,0.9969914656036482,0.9969914656036484,0.051410479910138335,0.16499666409154878
thermal_tau120_A0.25,thermal,-30.5,89,2026110289,1,120,,0.2499999999999996,0.10420946540922124,0.36637336950106697,15.959377671278755,11.143850113380921,-1.4250102833845979e-12,31.095396415735003,0.9969914656036482,0.9969914656036484,0.051410479910138335,0.16499666409154878
thermal_tau120_A0.25,thermal,-30.5,88,2026110288,1,120,,0.2499999999999996,0.10420946540922124,0.36637336950106697,15.959377671278755,11.143850113380921,-1.4250102833845979e-12,31.095396415735003,0.9969914656036482,0.9969914656036484,0.051410479910138335,0.16499666409154878
thermal_tau120_A0.25,thermal,-30.5,85,2026110285,0,120,,0.2499999999999996,0.10420946540922124,0.36637336950106697,15.959377671278755,11.143850113380921,-1.4250102833845979e-12,31.095396415735003,0.9969914656036482,0.9969914656036484,0.051410479910138335,0.16499666409154878
thermal_tau120_A0.25,thermal,-30.5,86,2026110286,0,120,,0.2499999999999996,0.10420946540922124,0.36637336950106697,15.959377671278755,11.143850113380921,-1.4250102833845979e-12,31.095396415735003,0.9969914656036482,0.9969914656036484,0.051410479910138335,0.16499666409154878
thermal_tau120_A0.25,thermal,-30.5,92,2026110292,1,120,,0.2499999999999996,0.10420946540922124,0.36637336950106697,15.959377671278755,11.143850113380921,-1.4250102833845979e-12,31.095396415735003,0.9969914656036482,0.9969914656036484,0.051410479910138335,0.16499666409154878
thermal_tau120_A0.25,thermal,-30.5,90,2026110290,1,120,,0.2499999999999996,0.10420946540922124,0.36637336950106697,15.959377671278755,11.143850113380921,-1.4250102833845979e-12,31.095396415735003,0.9969914656036482,0.9969914656036484,0.051410479910138335,0.16499666409154878
thermal_tau120_A0.25,thermal,-30.5,95,2026110295,1,120,,0.2499999999999996,0.10420946540922124,0.36637336950106697,15.959377671278755,11.143850113380921,-1.4250102833845979e-12,31.095396415735003,0.9969914656036482,0.9969914656036484,0.051410479910138335,0.16499666409154878
thermal_tau120_A0.25,thermal,-30.5,91,2026110291,1,120,,0.2499999999999996,0.10420946540922124,0.36637336950106697,15.959377671278755,11.143850113380921,-1.4250102833845979e-12,31.095396415735003,0.9969914656036482,0.9969914656036484,0.051410479910138335,0.16499666409154878
thermal_tau120_A0.25,thermal,-30.5,94,2026110294,1,120,,0.2499999999999996,0.10420946540922124,0.36637336950106697,15.959377671278755,11.143850113380921,-1.4250102833845979e-12,31.095396415735003,0.9969914656036482,0.9969914656036484,0.051410479910138335,0.16499666409154878
thermal_tau120_A0.25,thermal,-30.5,98,2026110298,1,120,,0.2499999999999996,0.10420946540922124,0.36637336950106697,15.959377671278755,11.143850113380921,-1.4250102833845979e-12,31.095396415735003,0.9969914656036482,0.9969914656036484,0.051410479910138335,0.16499666409154878
thermal_tau120_A0.25,thermal,-30.5,96,2026110296,1,120,,0.2499999999999996,0.10420946540922124,0.36637336950106697,15.959377671278755,11.143850113380921,-1.4250102833845979e-12,31.095396415735003,0.9969914656036482,0.9969914656036484,0.051410479910138335,0.16499666409154878
thermal_tau120_A0.25,thermal,-30.5,97,2026110297,1,120,,0.2499999999999996,0.10420946540922124,0.36637336950106697,15.959377671278755,11.143850113380921,-1.4250102833845979e-12,31.095396415735003,0.9969914656036482,0.9969914656036484,0.051410479910138335,0.16499666409154878
thermal_tau120_A0.25,thermal,-30.5,93,2026110293,0,120,,0.2499999999999996,0.10420946540922124,0.36637336950106697,15.959377671278755,11.143850113380921,-1.4250102833845979e-12,31.095396415735003,0.9969914656036482,0.9969914656036484,0.051410479910138335,0.16499666409154878
thermal_tau120_A0.25,thermal,-30.5,99,2026110299,1,120,,0.2499999999999996,0.10420946540922124,0.36637336950106697,15.959377671278755,11.143850113380921,-1.4250102833845979e-12,31.095396415735003,0.9969914656036482,0.9969914656036484,0.051410479910138335,0.16499666409154878
thermal_tau120_A0.50,thermal,-30.5,0,2026110200,0,120,,0.4999999999999992,0.20841893081844248,0.7327467390021339,31.91875534255751,22.287700226761842,-2.8500205667691958e-12,62.190792831470006,0.9969914656036482,0.9969914656036484,0.051410479910138335,0.16499666409154878
thermal_tau120_A0.50,thermal,-30.5,2,2026110202,0,120,,0.4999999999999992,0.20841893081844248,0.7327467390021339,31.91875534255751,22.287700226761842,-2.8500205667691958e-12,62.190792831470006,0.9969914656036482,0.9969914656036484,0.051410479910138335,0.16499666409154878
thermal_tau120_A0.50,thermal,-30.5,1,2026110201,0,120,,0.4999999999999992,0.20841893081844248,0.7327467390021339,31.91875534255751,22.287700226761842,-2.8500205667691958e-12,62.190792831470006,0.9969914656036482,0.9969914656036484,0.051410479910138335,0.16499666409154878
thermal_tau120_A0.50,thermal,-30.5,3,2026110203,0,120,,0.4999999999999992,0.20841893081844248,0.7327467390021339,31.91875534255751,22.287700226761842,-2.8500205667691958e-12,62.190792831470006,0.9969914656036482,0.9969914656036484,0.051410479910138335,0.16499666409154878
thermal_tau120_A0.50,thermal,-30.5,4,2026110204,0,120,,0.4999999999999992,0.20841893081844248,0.7327467390021339,31.91875534255751,22.287700226761842,-2.8500205667691958e-12,62.190792831470006,0.9969914656036482,0.9969914656036484,0.051410479910138335,0.16499666409154878
thermal_tau120_A0.50,thermal,-30.5,5,2026110205,0,120,,0.4999999999999992,0.20841893081844248,0.7327467390021339,31.91875534255751,22.287700226761842,-2.8500205667691958e-12,62.190792831470006,0.9969914656036482,0.9969914656036484,0.051410479910138335,0.16499666409154878
thermal_tau120_A0.50,thermal,-30.5,6,2026110206,0,120,,0.4999999999999992,0.20841893081844248,0.7327467390021339,31.91875534255751,22.287700226761842,-2.8500205667691958e-12,62.190792831470006,0.9969914656036482,0.9969914656036484,0.051410479910138335,0.16499666409154878
thermal_tau120_A0.50,thermal,-30.5,7,2026110207,0,120,,0.4999999999999992,0.20841893081844248,0.7327467390021339,31.91875534255751,22.287700226761842,-2.8500205667691958e-12,62.190792831470006,0.9969914656036482,0.9969914656036484,0.051410479910138335,0.16499666409154878
thermal_tau120_A0.50,thermal,-30.5,9,2026110209,0,120,,0.4999999999999992,0.20841893081844248,0.7327467390021339,31.91875534255751,22.287700226761842,-2.8500205667691958e-12,62.190792831470006,0.9969914656036482,0.9969914656036484,0.051410479910138335,0.16499666409154878
thermal_tau120_A0.50,thermal,-30.5,8,2026110208,0,120,,0.4999999999999992,0.20841893081844248,0.7327467390021339,31.91875534255751,22.287700226761842,-2.8500205667691958e-12,62.190792831470006,0.9969914656036482,0.9969914656036484,0.051410479910138335,0.16499666409154878
thermal_tau120_A0.50,thermal,-30.5,13,2026110213,1,120,,0.4999999999999992,0.20841893081844248,0.7327467390021339,31.91875534255751,22.287700226761842,-2.8500205667691958e-12,62.190792831470006,0.9969914656036482,0.9969914656036484,0.051410479910138335,0.16499666409154878
thermal_tau120_A0.50,thermal,-30.5,10,2026110210,0,120,,0.4999999999999992,0.20841893081844248,0.7327467390021339,31.91875534255751,22.287700226761842,-2.8500205667691958e-12,62.190792831470006,0.9969914656036482,0.9969914656036484,0.051410479910138335,0.16499666409154878
thermal_tau120_A0.50,thermal,-30.5,11,2026110211,0,120,,0.4999999999999992,0.20841893081844248,0.7327467390021339,31.91875534255751,22.287700226761842,-2.8500205667691958e-12,62.190792831470006,0.9969914656036482,0.9969914656036484,0.051410479910138335,0.16499666409154878
thermal_tau120_A0.50,thermal,-30.5,12,2026110212,0,120,,0.4999999999999992,0.20841893081844248,0.7327467390021339,31.91875534255751,22.287700226761842,-2.8500205667691958e-12,62.190792831470006,0.9969914656036482,0.9969914656036484,0.051410479910138335,0.16499666409154878
thermal_tau120_A0.50,thermal,-30.5,14,2026110214,0,120,,0.4999999999999992,0.20841893081844248,0.7327467390021339,31.91875534255751,22.287700226761842,-2.8500205667691958e-12,62.190792831470006,0.9969914656036482,0.9969914656036484,0.051410479910138335,0.16499666409154878
thermal_tau120_A0.50,thermal,-30.5,15,2026110215,0,120,,0.4999999999999992,0.20841893081844248,0.7327467390021339,31.91875534255751,22.287700226761842,-2.8500205667691958e-12,62.190792831470006,0.9969914656036482,0.9969914656036484,0.051410479910138335,0.16499666409154878
thermal_tau120_A0.50,thermal,-30.5,16,2026110216,0,120,,0.4999999999999992,0.20841893081844248,0.7327467390021339,31.91875534255751,22.287700226761842,-2.8500205667691958e-12,62.190792831470006,0.9969914656036482,0.9969914656036484,0.051410479910138335,0.16499666409154878
thermal_tau120_A0.50,thermal,-30.5,19,2026110219,1,120,,0.4999999999999992,0.20841893081844248,0.7327467390021339,31.91875534255751,22.287700226761842,-2.8500205667691958e-12,62.190792831470006,0.9969914656036482,0.9969914656036484,0.051410479910138335,0.16499666409154878
thermal_tau120_A0.50,thermal,-30.5,20,2026110220,1,120,,0.4999999999999992,0.20841893081844248,0.7327467390021339,31.91875534255751,22.287700226761842,-2.8500205667691958e-12,62.190792831470006,0.9969914656036482,0.9969914656036484,0.051410479910138335,0.16499666409154878
thermal_tau120_A0.50,thermal,-30.5,17,2026110217,0,120,,0.4999999999999992,0.20841893081844248,0.7327467390021339,31.91875534255751,22.287700226761842,-2.8500205667691958e-12,62.190792831470006,0.9969914656036482,0.9969914656036484,0.051410479910138335,0.16499666409154878
thermal_tau120_A0.50,thermal,-30.5,18,2026110218,0,120,,0.4999999999999992,0.20841893081844248,0.7327467390021339,31.91875534255751,22.287700226761842,-2.8500205667691958e-12,62.190792831470006,0.9969914656036482,0.9969914656036484,0.051410479910138335,0.16499666409154878
thermal_tau120_A0.50,thermal,-30.5,23,2026110223,1,120,,0.4999999999999992,0.20841893081844248,0.7327467390021339,31.91875534255751,22.287700226761842,-2.8500205667691958e-12,62.190792831470006,0.9969914656036482,0.9969914656036484,0.051410479910138335,0.16499666409154878
thermal_tau120_A0.50,thermal,-30.5,21,2026110221,0,120,,0.4999999999999992,0.20841893081844248,0.7327467390021339,31.91875534255751,22.287700226761842,-2.8500205667691958e-12,62.190792831470006,0.9969914656036482,0.9969914656036484,0.051410479910138335,0.16499666409154878
thermal_tau120_A0.50,thermal,-30.5,22,2026110222,0,120,,0.4999999999999992,0.20841893081844248,0.7327467390021339,31.91875534255751,22.287700226761842,-2.8500205667691958e-12,62.190792831470006,0.9969914656036482,0.9969914656036484,0.051410479910138335,0.16499666409154878
thermal_tau120_A0.50,thermal,-30.5,24,2026110224,0,120,,0.4999999999999992,0.20841893081844248,0.7327467390021339,31.91875534255751,22.287700226761842,-2.8500205667691958e-12,62.190792831470006,0.9969914656036482,0.9969914656036484,0.051410479910138335,0.16499666409154878
thermal_tau120_A0.50,thermal,-30.5,26,2026110226,0,120,,0.4999999999999992,0.20841893081844248,0.7327467390021339,31.91875534255751,22.287700226761842,-2.8500205667691958e-12,62.190792831470006,0.9969914656036482,0.9969914656036484,0.051410479910138335,0.16499666409154878
thermal_tau120_A0.50,thermal,-30.5,25,2026110225,0,120,,0.4999999999999992,0.20841893081844248,0.7327467390021339,31.91875534255751,22.287700226761842,-2.8500205667691958e-12,62.190792831470006,0.9969914656036482,0.9969914656036484,0.051410479910138335,0.16499666409154878
thermal_tau120_A0.50,thermal,-30.5,27,2026110227,0,120,,0.4999999999999992,0.20841893081844248,0.7327467390021339,31.91875534255751,22.287700226761842,-2.8500205667691958e-12,62.190792831470006,0.9969914656036482,0.9969914656036484,0.051410479910138335,0.16499666409154878
thermal_tau120_A0.50,thermal,-30.5,28,2026110228,0,120,,0.4999999999999992,0.20841893081844248,0.7327467390021339,31.91875534255751,22.287700226761842,-2.8500205667691958e-12,62.190792831470006,0.9969914656036482,0.9969914656036484,0.051410479910138335,0.16499666409154878
thermal_tau120_A0.50,thermal,-30.5,29,2026110229,0,120,,0.4999999999999992,0.20841893081844248,0.7327467390021339,31.91875534255751,22.287700226761842,-2.8500205667691958e-12,62.190792831470006,0.9969914656036482,0.9969914656036484,0.051410479910138335,0.16499666409154878
thermal_tau120_A0.50,thermal,-30.5,30,2026110230,0,120,,0.4999999999999992,0.20841893081844248,0.7327467390021339,31.91875534255751,22.287700226761842,-2.8500205667691958e-12,62.190792831470006,0.9969914656036482,0.9969914656036484,0.051410479910138335,0.16499666409154878
thermal_tau120_A0.50,thermal,-30.5,31,2026110231,0,120,,0.4999999999999992,0.20841893081844248,0.7327467390021339,31.91875534255751,22.287700226761842,-2.8500205667691958e-12,62.190792831470006,0.9969914656036482,0.9969914656036484,0.051410479910138335,0.16499666409154878
thermal_tau120_A0.50,thermal,-30.5,32,2026110232,0,120,,0.4999999999999992,0.20841893081844248,0.7327467390021339,31.91875534255751,22.287700226761842,-2.8500205667691958e-12,62.190792831470006,0.9969914656036482,0.9969914656036484,0.051410479910138335,0.16499666409154878
thermal_tau120_A0.50,thermal,-30.5,33,2026110233,0,120,,0.4999999999999992,0.20841893081844248,0.7327467390021339,31.91875534255751,22.287700226761842,-2.8500205667691958e-12,62.190792831470006,0.9969914656036482,0.9969914656036484,0.051410479910138335,0.16499666409154878
thermal_tau120_A0.50,thermal,-30.5,37,2026110237,1,120,,0.4999999999999992,0.20841893081844248,0.7327467390021339,31.91875534255751,22.287700226761842,-2.8500205667691958e-12,62.190792831470006,0.9969914656036482,0.9969914656036484,0.051410479910138335,0.16499666409154878
thermal_tau120_A0.50,thermal,-30.5,34,2026110234,0,120,,0.4999999999999992,0.20841893081844248,0.7327467390021339,31.91875534255751,22.287700226761842,-2.8500205667691958e-12,62.190792831470006,0.9969914656036482,0.9969914656036484,0.051410479910138335,0.16499666409154878
thermal_tau120_A0.50,thermal,-30.5,35,2026110235,0,120,,0.4999999999999992,0.20841893081844248,0.7327467390021339,31.91875534255751,22.287700226761842,-2.8500205667691958e-12,62.190792831470006,0.9969914656036482,0.9969914656036484,0.051410479910138335,0.16499666409154878
thermal_tau120_A0.50,thermal,-30.5,39,2026110239,1,120,,0.4999999999999992,0.20841893081844248,0.7327467390021339,31.91875534255751,22.287700226761842,-2.8500205667691958e-12,62.190792831470006,0.9969914656036482,0.9969914656036484,0.051410479910138335,0.16499666409154878
thermal_tau120_A0.50,thermal,-30.5,36,2026110236,0,120,,0.4999999999999992,0.20841893081844248,0.7327467390021339,31.91875534255751,22.287700226761842,-2.8500205667691958e-12,62.190792831470006,0.9969914656036482,0.9969914656036484,0.051410479910138335,0.16499666409154878
thermal_tau120_A0.50,thermal,-30.5,42,2026110242,1,120,,0.4999999999999992,0.20841893081844248,0.7327467390021339,31.91875534255751,22.287700226761842,-2.8500205667691958e-12,62.190792831470006,0.9969914656036482,0.9969914656036484,0.051410479910138335,0.16499666409154878
thermal_tau120_A0.50,thermal,-30.5,38,2026110238,0,120,,0.4999999999999992,0.20841893081844248,0.7327467390021339,31.91875534255751,22.287700226761842,-2.8500205667691958e-12,62.190792831470006,0.9969914656036482,0.9969914656036484,0.051410479910138335,0.16499666409154878
thermal_tau120_A0.50,thermal,-30.5,40,2026110240,0,120,,0.4999999999999992,0.20841893081844248,0.7327467390021339,31.91875534255751,22.287700226761842,-2.8500205667691958e-12,62.190792831470006,0.9969914656036482,0.9969914656036484,0.051410479910138335,0.16499666409154878
thermal_tau120_A0.50,thermal,-30.5,45,2026110245,1,120,,0.4999999999999992,0.20841893081844248,0.7327467390021339,31.91875534255751,22.287700226761842,-2.8500205667691958e-12,62.190792831470006,0.9969914656036482,0.9969914656036484,0.051410479910138335,0.16499666409154878
thermal_tau120_A0.50,thermal,-30.5,41,2026110241,0,120,,0.4999999999999992,0.20841893081844248,0.7327467390021339,31.91875534255751,22.287700226761842,-2.8500205667691958e-12,62.190792831470006,0.9969914656036482,0.9969914656036484,0.051410479910138335,0.16499666409154878
thermal_tau120_A0.50,thermal,-30.5,43,2026110243,0,120,,0.4999999999999992,0.20841893081844248,0.7327467390021339,31.91875534255751,22.287700226761842,-2.8500205667691958e-12,62.190792831470006,0.9969914656036482,0.9969914656036484,0.051410479910138335,0.16499666409154878
thermal_tau120_A0.50,thermal,-30.5,44,2026110244,0,120,,0.4999999999999992,0.20841893081844248,0.7327467390021339,31.91875534255751,22.287700226761842,-2.8500205667691958e-12,62.190792831470006,0.9969914656036482,0.9969914656036484,0.051410479910138335,0.16499666409154878
thermal_tau120_A0.50,thermal,-30.5,46,2026110246,0,120,,0.4999999999999992,0.20841893081844248,0.7327467390021339,31.91875534255751,22.287700226761842,-2.8500205667691958e-12,62.190792831470006,0.9969914656036482,0.9969914656036484,0.051410479910138335,0.16499666409154878
thermal_tau120_A0.50,thermal,-30.5,47,2026110247,0,120,,0.4999999999999992,0.20841893081844248,0.7327467390021339,31.91875534255751,22.287700226761842,-2.8500205667691958e-12,62.190792831470006,0.9969914656036482,0.9969914656036484,0.051410479910138335,0.16499666409154878
thermal_tau120_A0.50,thermal,-30.5,48,2026110248,0,120,,0.4999999999999992,0.20841893081844248,0.7327467390021339,31.91875534255751,22.287700226761842,-2.8500205667691958e-12,62.190792831470006,0.9969914656036482,0.9969914656036484,0.051410479910138335,0.16499666409154878
thermal_tau120_A0.50,thermal,-30.5,49,2026110249,0,120,,0.4999999999999992,0.20841893081844248,0.7327467390021339,31.91875534255751,22.287700226761842,-2.8500205667691958e-12,62.190792831470006,0.9969914656036482,0.9969914656036484,0.051410479910138335,0.16499666409154878
thermal_tau120_A0.50,thermal,-30.5,50,2026110250,0,120,,0.4999999999999992,0.20841893081844248,0.7327467390021339,31.91875534255751,22.287700226761842,-2.8500205667691958e-12,62.190792831470006,0.9969914656036482,0.9969914656036484,0.051410479910138335,0.16499666409154878
thermal_tau120_A0.50,thermal,-30.5,51,2026110251,0,120,,0.4999999999999992,0.20841893081844248,0.7327467390021339,31.91875534255751,22.287700226761842,-2.8500205667691958e-12,62.190792831470006,0.9969914656036482,0.9969914656036484,0.051410479910138335,0.16499666409154878
thermal_tau120_A0.50,thermal,-30.5,52,2026110252,0,120,,0.4999999999999992,0.20841893081844248,0.7327467390021339,31.91875534255751,22.287700226761842,-2.8500205667691958e-12,62.190792831470006,0.9969914656036482,0.9969914656036484,0.051410479910138335,0.16499666409154878
thermal_tau120_A0.50,thermal,-30.5,55,2026110255,1,120,,0.4999999999999992,0.20841893081844248,0.7327467390021339,31.91875534255751,22.287700226761842,-2.8500205667691958e-12,62.190792831470006,0.9969914656036482,0.9969914656036484,0.051410479910138335,0.16499666409154878
thermal_tau120_A0.50,thermal,-30.5,53,2026110253,0,120,,0.4999999999999992,0.20841893081844248,0.7327467390021339,31.91875534255751,22.287700226761842,-2.8500205667691958e-12,62.190792831470006,0.9969914656036482,0.9969914656036484,0.051410479910138335,0.16499666409154878
thermal_tau120_A0.50,thermal,-30.5,54,2026110254,0,120,,0.4999999999999992,0.20841893081844248,0.7327467390021339,31.91875534255751,22.287700226761842,-2.8500205667691958e-12,62.190792831470006,0.9969914656036482,0.9969914656036484,0.051410479910138335,0.16499666409154878
thermal_tau120_A0.50,thermal,-30.5,57,2026110257,0,120,,0.4999999999999992,0.20841893081844248,0.7327467390021339,31.91875534255751,22.287700226761842,-2.8500205667691958e-12,62.190792831470006,0.9969914656036482,0.9969914656036484,0.051410479910138335,0.16499666409154878
thermal_tau120_A0.50,thermal,-30.5,56,2026110256,0,120,,0.4999999999999992,0.20841893081844248,0.7327467390021339,31.91875534255751,22.287700226761842,-2.8500205667691958e-12,62.190792831470006,0.9969914656036482,0.9969914656036484,0.051410479910138335,0.16499666409154878
thermal_tau120_A0.50,thermal,-30.5,58,2026110258,0,120,,0.4999999999999992,0.20841893081844248,0.7327467390021339,31.91875534255751,22.287700226761842,-2.8500205667691958e-12,62.190792831470006,0.9969914656036482,0.9969914656036484,0.051410479910138335,0.16499666409154878
thermal_tau120_A0.50,thermal,-30.5,59,2026110259,0,120,,0.4999999999999992,0.20841893081844248,0.7327467390021339,31.91875534255751,22.287700226761842,-2.8500205667691958e-12,62.190792831470006,0.9969914656036482,0.9969914656036484,0.051410479910138335,0.16499666409154878
thermal_tau120_A0.50,thermal,-30.5,63,2026110263,1,120,,0.4999999999999992,0.20841893081844248,0.7327467390021339,31.91875534255751,22.287700226761842,-2.8500205667691958e-12,62.190792831470006,0.9969914656036482,0.9969914656036484,0.051410479910138335,0.16499666409154878
thermal_tau120_A0.50,thermal,-30.5,60,2026110260,0,120,,0.4999999999999992,0.20841893081844248,0.7327467390021339,31.91875534255751,22.287700226761842,-2.8500205667691958e-12,62.190792831470006,0.9969914656036482,0.9969914656036484,0.051410479910138335,0.16499666409154878
thermal_tau120_A0.50,thermal,-30.5,61,2026110261,0,120,,0.4999999999999992,0.20841893081844248,0.7327467390021339,31.91875534255751,22.287700226761842,-2.8500205667691958e-12,62.190792831470006,0.9969914656036482,0.9969914656036484,0.051410479910138335,0.16499666409154878
thermal_tau120_A0.50,thermal,-30.5,64,2026110264,1,120,,0.4999999999999992,0.20841893081844248,0.7327467390021339,31.91875534255751,22.287700226761842,-2.8500205667691958e-12,62.190792831470006,0.9969914656036482,0.9969914656036484,0.051410479910138335,0.16499666409154878
thermal_tau120_A0.50,thermal,-30.5,62,2026110262,0,120,,0.4999999999999992,0.20841893081844248,0.7327467390021339,31.91875534255751,22.287700226761842,-2.8500205667691958e-12,62.190792831470006,0.9969914656036482,0.9969914656036484,0.051410479910138335,0.16499666409154878
thermal_tau120_A0.50,thermal,-30.5,65,2026110265,0,120,,0.4999999999999992,0.20841893081844248,0.7327467390021339,31.91875534255751,22.287700226761842,-2.8500205667691958e-12,62.190792831470006,0.9969914656036482,0.9969914656036484,0.051410479910138335,0.16499666409154878
thermal_tau120_A0.50,thermal,-30.5,66,2026110266,0,120,,0.4999999999999992,0.20841893081844248,0.7327467390021339,31.91875534255751,22.287700226761842,-2.8500205667691958e-12,62.190792831470006,0.9969914656036482,0.9969914656036484,0.051410479910138335,0.16499666409154878
thermal_tau120_A0.50,thermal,-30.5,69,2026110269,0,120,,0.4999999999999992,0.20841893081844248,0.7327467390021339,31.91875534255751,22.287700226761842,-2.8500205667691958e-12,62.190792831470006,0.9969914656036482,0.9969914656036484,0.051410479910138335,0.16499666409154878
thermal_tau120_A0.50,thermal,-30.5,70,2026110270,1,120,,0.4999999999999992,0.20841893081844248,0.7327467390021339,31.91875534255751,22.287700226761842,-2.8500205667691958e-12,62.190792831470006,0.9969914656036482,0.9969914656036484,0.051410479910138335,0.16499666409154878
thermal_tau120_A0.50,thermal,-30.5,67,2026110267,0,120,,0.4999999999999992,0.20841893081844248,0.7327467390021339,31.91875534255751,22.287700226761842,-2.8500205667691958e-12,62.190792831470006,0.9969914656036482,0.9969914656036484,0.051410479910138335,0.16499666409154878
thermal_tau120_A0.50,thermal,-30.5,68,2026110268,0,120,,0.4999999999999992,0.20841893081844248,0.7327467390021339,31.91875534255751,22.287700226761842,-2.8500205667691958e-12,62.190792831470006,0.9969914656036482,0.9969914656036484,0.051410479910138335,0.16499666409154878
thermal_tau120_A0.50,thermal,-30.5,71,2026110271,0,120,,0.4999999999999992,0.20841893081844248,0.7327467390021339,31.91875534255751,22.287700226761842,-2.8500205667691958e-12,62.190792831470006,0.9969914656036482,0.9969914656036484,0.051410479910138335,0.16499666409154878
thermal_tau120_A0.50,thermal,-30.5,72,2026110272,0,120,,0.4999999999999992,0.20841893081844248,0.7327467390021339,31.91875534255751,22.287700226761842,-2.8500205667691958e-12,62.190792831470006,0.9969914656036482,0.9969914656036484,0.051410479910138335,0.16499666409154878
thermal_tau120_A0.50,thermal,-30.5,73,2026110273,0,120,,0.4999999999999992,0.20841893081844248,0.7327467390021339,31.91875534255751,22.287700226761842,-2.8500205667691958e-12,62.190792831470006,0.9969914656036482,0.9969914656036484,0.051410479910138335,0.16499666409154878
thermal_tau120_A0.50,thermal,-30.5,74,2026110274,0,120,,0.4999999999999992,0.20841893081844248,0.7327467390021339,31.91875534255751,22.287700226761842,-2.8500205667691958e-12,62.190792831470006,0.9969914656036482,0.9969914656036484,0.051410479910138335,0.16499666409154878
thermal_tau120_A0.50,thermal,-30.5,76,2026110276,1,120,,0.4999999999999992,0.20841893081844248,0.7327467390021339,31.91875534255751,22.287700226761842,-2.8500205667691958e-12,62.190792831470006,0.9969914656036482,0.9969914656036484,0.051410479910138335,0.16499666409154878
thermal_tau120_A0.50,thermal,-30.5,75,2026110275,0,120,,0.4999999999999992,0.20841893081844248,0.7327467390021339,31.91875534255751,22.287700226761842,-2.8500205667691958e-12,62.190792831470006,0.9969914656036482,0.9969914656036484,0.051410479910138335,0.16499666409154878
thermal_tau120_A0.50,thermal,-30.5,78,2026110278,1,120,,0.4999999999999992,0.20841893081844248,0.7327467390021339,31.91875534255751,22.287700226761842,-2.8500205667691958e-12,62.190792831470006,0.9969914656036482,0.9969914656036484,0.051410479910138335,0.16499666409154878
thermal_tau120_A0.50,thermal,-30.5,81,2026110281,0,120,,0.4999999999999992,0.20841893081844248,0.7327467390021339,31.91875534255751,22.287700226761842,-2.8500205667691958e-12,62.190792831470006,0.9969914656036482,0.9969914656036484,0.051410479910138335,0.16499666409154878
thermal_tau120_A0.50,thermal,-30.5,77,2026110277,0,120,,0.4999999999999992,0.20841893081844248,0.7327467390021339,31.91875534255751,22.287700226761842,-2.8500205667691958e-12,62.190792831470006,0.9969914656036482,0.9969914656036484,0.051410479910138335,0.16499666409154878
thermal_tau120_A0.50,thermal,-30.5,79,2026110279,1,120,,0.4999999999999992,0.20841893081844248,0.7327467390021339,31.91875534255751,22.287700226761842,-2.8500205667691958e-12,62.190792831470006,0.9969914656036482,0.9969914656036484,0.051410479910138335,0.16499666409154878
thermal_tau120_A0.50,thermal,-30.5,82,2026110282,0,120,,0.4999999999999992,0.20841893081844248,0.7327467390021339,31.91875534255751,22.287700226761842,-2.8500205667691958e-12,62.190792831470006,0.9969914656036482,0.9969914656036484,0.051410479910138335,0.16499666409154878
thermal_tau120_A0.50,thermal,-30.5,80,2026110280,0,120,,0.4999999999999992,0.20841893081844248,0.7327467390021339,31.91875534255751,22.287700226761842,-2.8500205667691958e-12,62.190792831470006,0.9969914656036482,0.9969914656036484,0.051410479910138335,0.16499666409154878
thermal_tau120_A0.50,thermal,-30.5,83,2026110283,0,120,,0.4999999999999992,0.20841893081844248,0.7327467390021339,31.91875534255751,22.287700226761842,-2.8500205667691958e-12,62.190792831470006,0.9969914656036482,0.9969914656036484,0.051410479910138335,0.16499666409154878
thermal_tau120_A0.50,thermal,-30.5,84,2026110284,0,120,,0.4999999999999992,0.20841893081844248,0.7327467390021339,31.91875534255751,22.287700226761842,-2.8500205667691958e-12,62.190792831470006,0.9969914656036482,0.9969914656036484,0.051410479910138335,0.16499666409154878
thermal_tau120_A0.50,thermal,-30.5,85,2026110285,0,120,,0.4999999999999992,0.20841893081844248,0.7327467390021339,31.91875534255751,22.287700226761842,-2.8500205667691958e-12,62.190792831470006,0.9969914656036482,0.9969914656036484,0.051410479910138335,0.16499666409154878
thermal_tau120_A0.50,thermal,-30.5,86,2026110286,0,120,,0.4999999999999992,0.20841893081844248,0.7327467390021339,31.91875534255751,22.287700226761842,-2.8500205667691958e-12,62.190792831470006,0.9969914656036482,0.9969914656036484,0.051410479910138335,0.16499666409154878
thermal_tau120_A0.50,thermal,-30.5,87,2026110287,0,120,,0.4999999999999992,0.20841893081844248,0.7327467390021339,31.91875534255751,22.287700226761842,-2.8500205667691958e-12,62.190792831470006,0.9969914656036482,0.9969914656036484,0.051410479910138335,0.16499666409154878
thermal_tau120_A0.50,thermal,-30.5,88,2026110288,0,120,,0.4999999999999992,0.20841893081844248,0.7327467390021339,31.91875534255751,22.287700226761842,-2.8500205667691958e-12,62.190792831470006,0.9969914656036482,0.9969914656036484,0.051410479910138335,0.16499666409154878
thermal_tau120_A0.50,thermal,-30.5,89,2026110289,0,120,,0.4999999999999992,0.20841893081844248,0.7327467390021339,31.91875534255751,22.287700226761842,-2.8500205667691958e-12,62.190792831470006,0.9969914656036482,0.9969914656036484,0.051410479910138335,0.16499666409154878
thermal_tau120_A0.50,thermal,-30.5,90,2026110290,0,120,,0.4999999999999992,0.20841893081844248,0.7327467390021339,31.91875534255751,22.287700226761842,-2.8500205667691958e-12,62.190792831470006,0.9969914656036482,0.9969914656036484,0.051410479910138335,0.16499666409154878
thermal_tau120_A0.50,thermal,-30.5,91,2026110291,0,120,,0.4999999999999992,0.20841893081844248,0.7327467390021339,31.91875534255751,22.287700226761842,-2.8500205667691958e-12,62.190792831470006,0.9969914656036482,0.9969914656036484,0.051410479910138335,0.16499666409154878
thermal_tau120_A0.50,thermal,-30.5,93,2026110293,0,120,,0.4999999999999992,0.20841893081844248,0.7327467390021339,31.91875534255751,22.287700226761842,-2.8500205667691958e-12,62.190792831470006,0.9969914656036482,0.9969914656036484,0.051410479910138335,0.16499666409154878
thermal_tau120_A0.50,thermal,-30.5,92,2026110292,0,120,,0.4999999999999992,0.20841893081844248,0.7327467390021339,31.91875534255751,22.287700226761842,-2.8500205667691958e-12,62.190792831470006,0.9969914656036482,0.9969914656036484,0.051410479910138335,0.16499666409154878
thermal_tau120_A0.50,thermal,-30.5,94,2026110294,0,120,,0.4999999999999992,0.20841893081844248,0.7327467390021339,31.91875534255751,22.287700226761842,-2.8500205667691958e-12,62.190792831470006,0.9969914656036482,0.9969914656036484,0.051410479910138335,0.16499666409154878
thermal_tau120_A0.50,thermal,-30.5,95,2026110295,0,120,,0.4999999999999992,0.20841893081844248,0.7327467390021339,31.91875534255751,22.287700226761842,-2.8500205667691958e-12,62.190792831470006,0.9969914656036482,0.9969914656036484,0.051410479910138335,0.16499666409154878
thermal_tau120_A0.50,thermal,-30.5,96,2026110296,0,120,,0.4999999999999992,0.20841893081844248,0.7327467390021339,31.91875534255751,22.287700226761842,-2.8500205667691958e-12,62.190792831470006,0.9969914656036482,0.9969914656036484,0.051410479910138335,0.16499666409154878
thermal_tau120_A0.50,thermal,-30.5,97,2026110297,0,120,,0.4999999999999992,0.20841893081844248,0.7327467390021339,31.91875534255751,22.287700226761842,-2.8500205667691958e-12,62.190792831470006,0.9969914656036482,0.9969914656036484,0.051410479910138335,0.16499666409154878
thermal_tau120_A0.50,thermal,-30.5,98,2026110298,0,120,,0.4999999999999992,0.20841893081844248,0.7327467390021339,31.91875534255751,22.287700226761842,-2.8500205667691958e-12,62.190792831470006,0.9969914656036482,0.9969914656036484,0.051410479910138335,0.16499666409154878
thermal_tau30_A0.25,thermal,-31.0,2,2026120202,1,30,,0.24999999999999983,0.08215075237464613,0.34020843678128015,13.118264357090073,8.475951930527831,-9.086689733983633e-13,23.806064294795796,0.956853229788895,0.9568532297888954,0.1704103778314541,0.4980235217134631
thermal_tau30_A0.25,thermal,-31.0,1,2026120201,1,30,,0.24999999999999983,0.08215075237464613,0.34020843678128015,13.118264357090073,8.475951930527831,-9.086689733983633e-13,23.806064294795796,0.956853229788895,0.9568532297888954,0.1704103778314541,0.4980235217134631
thermal_tau120_A0.50,thermal,-30.5,99,2026110299,0,120,,0.4999999999999992,0.20841893081844248,0.7327467390021339,31.91875534255751,22.287700226761842,-2.8500205667691958e-12,62.190792831470006,0.9969914656036482,0.9969914656036484,0.051410479910138335,0.16499666409154878
thermal_tau30_A0.25,thermal,-31.0,0,2026120200,0,30,,0.24999999999999983,0.08215075237464613,0.34020843678128015,13.118264357090073,8.475951930527831,-9.086689733983633e-13,23.806064294795796,0.956853229788895,0.9568532297888954,0.1704103778314541,0.4980235217134631
thermal_tau30_A0.25,thermal,-31.0,3,2026120203,0,30,,0.24999999999999983,0.08215075237464613,0.34020843678128015,13.118264357090073,8.475951930527831,-9.086689733983633e-13,23.806064294795796,0.956853229788895,0.9568532297888954,0.1704103778314541,0.4980235217134631
thermal_tau30_A0.25,thermal,-31.0,7,2026120207,1,30,,0.24999999999999983,0.08215075237464613,0.34020843678128015,13.118264357090073,8.475951930527831,-9.086689733983633e-13,23.806064294795796,0.956853229788895,0.9568532297888954,0.1704103778314541,0.4980235217134631
thermal_tau30_A0.25,thermal,-31.0,4,2026120204,0,30,,0.24999999999999983,0.08215075237464613,0.34020843678128015,13.118264357090073,8.475951930527831,-9.086689733983633e-13,23.806064294795796,0.956853229788895,0.9568532297888954,0.1704103778314541,0.4980235217134631
thermal_tau30_A0.25,thermal,-31.0,6,2026120206,0,30,,0.24999999999999983,0.08215075237464613,0.34020843678128015,13.118264357090073,8.475951930527831,-9.086689733983633e-13,23.806064294795796,0.956853229788895,0.9568532297888954,0.1704103778314541,0.4980235217134631
thermal_tau30_A0.25,thermal,-31.0,5,2026120205,0,30,,0.24999999999999983,0.08215075237464613,0.34020843678128015,13.118264357090073,8.475951930527831,-9.086689733983633e-13,23.806064294795796,0.956853229788895,0.9568532297888954,0.1704103778314541,0.4980235217134631
thermal_tau30_A0.25,thermal,-31.0,8,2026120208,1,30,,0.24999999999999983,0.08215075237464613,0.34020843678128015,13.118264357090073,8.475951930527831,-9.086689733983633e-13,23.806064294795796,0.956853229788895,0.9568532297888954,0.1704103778314541,0.4980235217134631
thermal_tau30_A0.25,thermal,-31.0,10,2026120210,1,30,,0.24999999999999983,0.08215075237464613,0.34020843678128015,13.118264357090073,8.475951930527831,-9.086689733983633e-13,23.806064294795796,0.956853229788895,0.9568532297888954,0.1704103778314541,0.4980235217134631
thermal_tau30_A0.25,thermal,-31.0,9,2026120209,0,30,,0.24999999999999983,0.08215075237464613,0.34020843678128015,13.118264357090073,8.475951930527831,-9.086689733983633e-13,23.806064294795796,0.956853229788895,0.9568532297888954,0.1704103778314541,0.4980235217134631
thermal_tau30_A0.25,thermal,-31.0,11,2026120211,0,30,,0.24999999999999983,0.08215075237464613,0.34020843678128015,13.118264357090073,8.475951930527831,-9.086689733983633e-13,23.806064294795796,0.956853229788895,0.9568532297888954,0.1704103778314541,0.4980235217134631
thermal_tau30_A0.25,thermal,-31.0,15,2026120215,1,30,,0.24999999999999983,0.08215075237464613,0.34020843678128015,13.118264357090073,8.475951930527831,-9.086689733983633e-13,23.806064294795796,0.956853229788895,0.9568532297888954,0.1704103778314541,0.4980235217134631
thermal_tau30_A0.25,thermal,-31.0,12,2026120212,1,30,,0.24999999999999983,0.08215075237464613,0.34020843678128015,13.118264357090073,8.475951930527831,-9.086689733983633e-13,23.806064294795796,0.956853229788895,0.9568532297888954,0.1704103778314541,0.4980235217134631
thermal_tau30_A0.25,thermal,-31.0,13,2026120213,1,30,,0.24999999999999983,0.08215075237464613,0.34020843678128015,13.118264357090073,8.475951930527831,-9.086689733983633e-13,23.806064294795796,0.956853229788895,0.9568532297888954,0.1704103778314541,0.4980235217134631
thermal_tau30_A0.25,thermal,-31.0,14,2026120214,1,30,,0.24999999999999983,0.08215075237464613,0.34020843678128015,13.118264357090073,8.475951930527831,-9.086689733983633e-13,23.806064294795796,0.956853229788895,0.9568532297888954,0.1704103778314541,0.4980235217134631
thermal_tau30_A0.25,thermal,-31.0,18,2026120218,1,30,,0.24999999999999983,0.08215075237464613,0.34020843678128015,13.118264357090073,8.475951930527831,-9.086689733983633e-13,23.806064294795796,0.956853229788895,0.9568532297888954,0.1704103778314541,0.4980235217134631
thermal_tau30_A0.25,thermal,-31.0,16,2026120216,1,30,,0.24999999999999983,0.08215075237464613,0.34020843678128015,13.118264357090073,8.475951930527831,-9.086689733983633e-13,23.806064294795796,0.956853229788895,0.9568532297888954,0.1704103778314541,0.4980235217134631
thermal_tau30_A0.25,thermal,-31.0,17,2026120217,1,30,,0.24999999999999983,0.08215075237464613,0.34020843678128015,13.118264357090073,8.475951930527831,-9.086689733983633e-13,23.806064294795796,0.956853229788895,0.9568532297888954,0.1704103778314541,0.4980235217134631
thermal_tau30_A0.25,thermal,-31.0,20,2026120220,1,30,,0.24999999999999983,0.08215075237464613,0.34020843678128015,13.118264357090073,8.475951930527831,-9.086689733983633e-13,23.806064294795796,0.956853229788895,0.9568532297888954,0.1704103778314541,0.4980235217134631
thermal_tau30_A0.25,thermal,-31.0,21,2026120221,1,30,,0.24999999999999983,0.08215075237464613,0.34020843678128015,13.118264357090073,8.475951930527831,-9.086689733983633e-13,23.806064294795796,0.956853229788895,0.9568532297888954,0.1704103778314541,0.4980235217134631
thermal_tau30_A0.25,thermal,-31.0,19,2026120219,0,30,,0.24999999999999983,0.08215075237464613,0.34020843678128015,13.118264357090073,8.475951930527831,-9.086689733983633e-13,23.806064294795796,0.956853229788895,0.9568532297888954,0.1704103778314541,0.4980235217134631
thermal_tau30_A0.25,thermal,-31.0,22,2026120222,0,30,,0.24999999999999983,0.08215075237464613,0.34020843678128015,13.118264357090073,8.475951930527831,-9.086689733983633e-13,23.806064294795796,0.956853229788895,0.9568532297888954,0.1704103778314541,0.4980235217134631
thermal_tau30_A0.25,thermal,-31.0,23,2026120223,0,30,,0.24999999999999983,0.08215075237464613,0.34020843678128015,13.118264357090073,8.475951930527831,-9.086689733983633e-13,23.806064294795796,0.956853229788895,0.9568532297888954,0.1704103778314541,0.4980235217134631
thermal_tau30_A0.25,thermal,-31.0,24,2026120224,0,30,,0.24999999999999983,0.08215075237464613,0.34020843678128015,13.118264357090073,8.475951930527831,-9.086689733983633e-13,23.806064294795796,0.956853229788895,0.9568532297888954,0.1704103778314541,0.4980235217134631
thermal_tau30_A0.25,thermal,-31.0,25,2026120225,0,30,,0.24999999999999983,0.08215075237464613,0.34020843678128015,13.118264357090073,8.475951930527831,-9.086689733983633e-13,23.806064294795796,0.956853229788895,0.9568532297888954,0.1704103778314541,0.4980235217134631
thermal_tau30_A0.25,thermal,-31.0,27,2026120227,1,30,,0.24999999999999983,0.08215075237464613,0.34020843678128015,13.118264357090073,8.475951930527831,-9.086689733983633e-13,23.806064294795796,0.956853229788895,0.9568532297888954,0.1704103778314541,0.4980235217134631
thermal_tau30_A0.25,thermal,-31.0,29,2026120229,0,30,,0.24999999999999983,0.08215075237464613,0.34020843678128015,13.118264357090073,8.475951930527831,-9.086689733983633e-13,23.806064294795796,0.956853229788895,0.9568532297888954,0.1704103778314541,0.4980235217134631
thermal_tau30_A0.25,thermal,-31.0,28,2026120228,1,30,,0.24999999999999983,0.08215075237464613,0.34020843678128015,13.118264357090073,8.475951930527831,-9.086689733983633e-13,23.806064294795796,0.956853229788895,0.9568532297888954,0.1704103778314541,0.4980235217134631
thermal_tau30_A0.25,thermal,-31.0,26,2026120226,0,30,,0.24999999999999983,0.08215075237464613,0.34020843678128015,13.118264357090073,8.475951930527831,-9.086689733983633e-13,23.806064294795796,0.956853229788895,0.9568532297888954,0.1704103778314541,0.4980235217134631
thermal_tau30_A0.25,thermal,-31.0,30,2026120230,1,30,,0.24999999999999983,0.08215075237464613,0.34020843678128015,13.118264357090073,8.475951930527831,-9.086689733983633e-13,23.806064294795796,0.956853229788895,0.9568532297888954,0.1704103778314541,0.4980235217134631
thermal_tau30_A0.25,thermal,-31.0,33,2026120233,1,30,,0.24999999999999983,0.08215075237464613,0.34020843678128015,13.118264357090073,8.475951930527831,-9.086689733983633e-13,23.806064294795796,0.956853229788895,0.9568532297888954,0.1704103778314541,0.4980235217134631
thermal_tau30_A0.25,thermal,-31.0,32,2026120232,1,30,,0.24999999999999983,0.08215075237464613,0.34020843678128015,13.118264357090073,8.475951930527831,-9.086689733983633e-13,23.806064294795796,0.956853229788895,0.9568532297888954,0.1704103778314541,0.4980235217134631
thermal_tau30_A0.25,thermal,-31.0,31,2026120231,1,30,,0.24999999999999983,0.08215075237464613,0.34020843678128015,13.118264357090073,8.475951930527831,-9.086689733983633e-13,23.806064294795796,0.956853229788895,0.9568532297888954,0.1704103778314541,0.4980235217134631
thermal_tau30_A0.25,thermal,-31.0,34,2026120234,1,30,,0.24999999999999983,0.08215075237464613,0.34020843678128015,13.118264357090073,8.475951930527831,-9.086689733983633e-13,23.806064294795796,0.956853229788895,0.9568532297888954,0.1704103778314541,0.4980235217134631
thermal_tau30_A0.25,thermal,-31.0,35,2026120235,1,30,,0.24999999999999983,0.08215075237464613,0.34020843678128015,13.118264357090073,8.475951930527831,-9.086689733983633e-13,23.806064294795796,0.956853229788895,0.9568532297888954,0.1704103778314541,0.4980235217134631
thermal_tau30_A0.25,thermal,-31.0,36,2026120236,0,30,,0.24999999999999983,0.08215075237464613,0.34020843678128015,13.118264357090073,8.475951930527831,-9.086689733983633e-13,23.806064294795796,0.956853229788895,0.9568532297888954,0.1704103778314541,0.4980235217134631
thermal_tau30_A0.25,thermal,-31.0,40,2026120240,1,30,,0.24999999999999983,0.08215075237464613,0.34020843678128015,13.118264357090073,8.475951930527831,-9.086689733983633e-13,23.806064294795796,0.956853229788895,0.9568532297888954,0.1704103778314541,0.4980235217134631
thermal_tau30_A0.25,thermal,-31.0,37,2026120237,0,30,,0.24999999999999983,0.08215075237464613,0.34020843678128015,13.118264357090073,8.475951930527831,-9.086689733983633e-13,23.806064294795796,0.956853229788895,0.9568532297888954,0.1704103778314541,0.4980235217134631
thermal_tau30_A0.25,thermal,-31.0,38,2026120238,0,30,,0.24999999999999983,0.08215075237464613,0.34020843678128015,13.118264357090073,8.475951930527831,-9.086689733983633e-13,23.806064294795796,0.956853229788895,0.9568532297888954,0.1704103778314541,0.4980235217134631
thermal_tau30_A0.25,thermal,-31.0,41,2026120241,1,30,,0.24999999999999983,0.08215075237464613,0.34020843678128015,13.118264357090073,8.475951930527831,-9.086689733983633e-13,23.806064294795796,0.956853229788895,0.9568532297888954,0.1704103778314541,0.4980235217134631
thermal_tau30_A0.25,thermal,-31.0,42,2026120242,1,30,,0.24999999999999983,0.08215075237464613,0.34020843678128015,13.118264357090073,8.475951930527831,-9.086689733983633e-13,23.806064294795796,0.956853229788895,0.9568532297888954,0.1704103778314541,0.4980235217134631
thermal_tau30_A0.25,thermal,-31.0,39,2026120239,0,30,,0.24999999999999983,0.08215075237464613,0.34020843678128015,13.118264357090073,8.475951930527831,-9.086689733983633e-13,23.806064294795796,0.956853229788895,0.9568532297888954,0.1704103778314541,0.4980235217134631
thermal_tau30_A0.25,thermal,-31.0,44,2026120244,1,30,,0.24999999999999983,0.08215075237464613,0.34020843678128015,13.118264357090073,8.475951930527831,-9.086689733983633e-13,23.806064294795796,0.956853229788895,0.9568532297888954,0.1704103778314541,0.4980235217134631
thermal_tau30_A0.25,thermal,-31.0,45,2026120245,1,30,,0.24999999999999983,0.08215075237464613,0.34020843678128015,13.118264357090073,8.475951930527831,-9.086689733983633e-13,23.806064294795796,0.956853229788895,0.9568532297888954,0.1704103778314541,0.4980235217134631
thermal_tau30_A0.25,thermal,-31.0,46,2026120246,1,30,,0.24999999999999983,0.08215075237464613,0.34020843678128015,13.118264357090073,8.475951930527831,-9.086689733983633e-13,23.806064294795796,0.956853229788895,0.9568532297888954,0.1704103778314541,0.4980235217134631
thermal_tau30_A0.25,thermal,-31.0,43,2026120243,0,30,,0.24999999999999983,0.08215075237464613,0.34020843678128015,13.118264357090073,8.475951930527831,-9.086689733983633e-13,23.806064294795796,0.956853229788895,0.9568532297888954,0.1704103778314541,0.4980235217134631
thermal_tau30_A0.25,thermal,-31.0,47,2026120247,1,30,,0.24999999999999983,0.08215075237464613,0.34020843678128015,13.118264357090073,8.475951930527831,-9.086689733983633e-13,23.806064294795796,0.956853229788895,0.9568532297888954,0.1704103778314541,0.4980235217134631
thermal_tau30_A0.25,thermal,-31.0,49,2026120249,1,30,,0.24999999999999983,0.08215075237464613,0.34020843678128015,13.118264357090073,8.475951930527831,-9.086689733983633e-13,23.806064294795796,0.956853229788895,0.9568532297888954,0.1704103778314541,0.4980235217134631
thermal_tau30_A0.25,thermal,-31.0,48,2026120248,1,30,,0.24999999999999983,0.08215075237464613,0.34020843678128015,13.118264357090073,8.475951930527831,-9.086689733983633e-13,23.806064294795796,0.956853229788895,0.9568532297888954,0.1704103778314541,0.4980235217134631
thermal_tau30_A0.25,thermal,-31.0,51,2026120251,1,30,,0.24999999999999983,0.08215075237464613,0.34020843678128015,13.118264357090073,8.475951930527831,-9.086689733983633e-13,23.806064294795796,0.956853229788895,0.9568532297888954,0.1704103778314541,0.4980235217134631
thermal_tau30_A0.25,thermal,-31.0,50,2026120250,0,30,,0.24999999999999983,0.08215075237464613,0.34020843678128015,13.118264357090073,8.475951930527831,-9.086689733983633e-13,23.806064294795796,0.956853229788895,0.9568532297888954,0.1704103778314541,0.4980235217134631
thermal_tau30_A0.25,thermal,-31.0,52,2026120252,0,30,,0.24999999999999983,0.08215075237464613,0.34020843678128015,13.118264357090073,8.475951930527831,-9.086689733983633e-13,23.806064294795796,0.956853229788895,0.9568532297888954,0.1704103778314541,0.4980235217134631
thermal_tau30_A0.25,thermal,-31.0,55,2026120255,1,30,,0.24999999999999983,0.08215075237464613,0.34020843678128015,13.118264357090073,8.475951930527831,-9.086689733983633e-13,23.806064294795796,0.956853229788895,0.9568532297888954,0.1704103778314541,0.4980235217134631
thermal_tau30_A0.25,thermal,-31.0,53,2026120253,0,30,,0.24999999999999983,0.08215075237464613,0.34020843678128015,13.118264357090073,8.475951930527831,-9.086689733983633e-13,23.806064294795796,0.956853229788895,0.9568532297888954,0.1704103778314541,0.4980235217134631
thermal_tau30_A0.25,thermal,-31.0,54,2026120254,0,30,,0.24999999999999983,0.08215075237464613,0.34020843678128015,13.118264357090073,8.475951930527831,-9.086689733983633e-13,23.806064294795796,0.956853229788895,0.9568532297888954,0.1704103778314541,0.4980235217134631
thermal_tau30_A0.25,thermal,-31.0,59,2026120259,1,30,,0.24999999999999983,0.08215075237464613,0.34020843678128015,13.118264357090073,8.475951930527831,-9.086689733983633e-13,23.806064294795796,0.956853229788895,0.9568532297888954,0.1704103778314541,0.4980235217134631
thermal_tau30_A0.25,thermal,-31.0,57,2026120257,1,30,,0.24999999999999983,0.08215075237464613,0.34020843678128015,13.118264357090073,8.475951930527831,-9.086689733983633e-13,23.806064294795796,0.956853229788895,0.9568532297888954,0.1704103778314541,0.4980235217134631
thermal_tau30_A0.25,thermal,-31.0,56,2026120256,0,30,,0.24999999999999983,0.08215075237464613,0.34020843678128015,13.118264357090073,8.475951930527831,-9.086689733983633e-13,23.806064294795796,0.956853229788895,0.9568532297888954,0.1704103778314541,0.4980235217134631
thermal_tau30_A0.25,thermal,-31.0,58,2026120258,0,30,,0.24999999999999983,0.08215075237464613,0.34020843678128015,13.118264357090073,8.475951930527831,-9.086689733983633e-13,23.806064294795796,0.956853229788895,0.9568532297888954,0.1704103778314541,0.4980235217134631
thermal_tau30_A0.25,thermal,-31.0,62,2026120262,1,30,,0.24999999999999983,0.08215075237464613,0.34020843678128015,13.118264357090073,8.475951930527831,-9.086689733983633e-13,23.806064294795796,0.956853229788895,0.9568532297888954,0.1704103778314541,0.4980235217134631
thermal_tau30_A0.25,thermal,-31.0,60,2026120260,0,30,,0.24999999999999983,0.08215075237464613,0.34020843678128015,13.118264357090073,8.475951930527831,-9.086689733983633e-13,23.806064294795796,0.956853229788895,0.9568532297888954,0.1704103778314541,0.4980235217134631
thermal_tau30_A0.25,thermal,-31.0,63,2026120263,1,30,,0.24999999999999983,0.08215075237464613,0.34020843678128015,13.118264357090073,8.475951930527831,-9.086689733983633e-13,23.806064294795796,0.956853229788895,0.9568532297888954,0.1704103778314541,0.4980235217134631
thermal_tau30_A0.25,thermal,-31.0,61,2026120261,0,30,,0.24999999999999983,0.08215075237464613,0.34020843678128015,13.118264357090073,8.475951930527831,-9.086689733983633e-13,23.806064294795796,0.956853229788895,0.9568532297888954,0.1704103778314541,0.4980235217134631
thermal_tau30_A0.25,thermal,-31.0,64,2026120264,0,30,,0.24999999999999983,0.08215075237464613,0.34020843678128015,13.118264357090073,8.475951930527831,-9.086689733983633e-13,23.806064294795796,0.956853229788895,0.9568532297888954,0.1704103778314541,0.4980235217134631
thermal_tau30_A0.25,thermal,-31.0,65,2026120265,1,30,,0.24999999999999983,0.08215075237464613,0.34020843678128015,13.118264357090073,8.475951930527831,-9.086689733983633e-13,23.806064294795796,0.956853229788895,0.9568532297888954,0.1704103778314541,0.4980235217134631
thermal_tau30_A0.25,thermal,-31.0,68,2026120268,1,30,,0.24999999999999983,0.08215075237464613,0.34020843678128015,13.118264357090073,8.475951930527831,-9.086689733983633e-13,23.806064294795796,0.956853229788895,0.9568532297888954,0.1704103778314541,0.4980235217134631
thermal_tau30_A0.25,thermal,-31.0,66,2026120266,0,30,,0.24999999999999983,0.08215075237464613,0.34020843678128015,13.118264357090073,8.475951930527831,-9.086689733983633e-13,23.806064294795796,0.956853229788895,0.9568532297888954,0.1704103778314541,0.4980235217134631
thermal_tau30_A0.25,thermal,-31.0,69,2026120269,1,30,,0.24999999999999983,0.08215075237464613,0.34020843678128015,13.118264357090073,8.475951930527831,-9.086689733983633e-13,23.806064294795796,0.956853229788895,0.9568532297888954,0.1704103778314541,0.4980235217134631
thermal_tau30_A0.25,thermal,-31.0,67,2026120267,0,30,,0.24999999999999983,0.08215075237464613,0.34020843678128015,13.118264357090073,8.475951930527831,-9.086689733983633e-13,23.806064294795796,0.956853229788895,0.9568532297888954,0.1704103778314541,0.4980235217134631
thermal_tau30_A0.25,thermal,-31.0,72,2026120272,1,30,,0.24999999999999983,0.08215075237464613,0.34020843678128015,13.118264357090073,8.475951930527831,-9.086689733983633e-13,23.806064294795796,0.956853229788895,0.9568532297888954,0.1704103778314541,0.4980235217134631
thermal_tau30_A0.25,thermal,-31.0,74,2026120274,0,30,,0.24999999999999983,0.08215075237464613,0.34020843678128015,13.118264357090073,8.475951930527831,-9.086689733983633e-13,23.806064294795796,0.956853229788895,0.9568532297888954,0.1704103778314541,0.4980235217134631
thermal_tau30_A0.25,thermal,-31.0,70,2026120270,0,30,,0.24999999999999983,0.08215075237464613,0.34020843678128015,13.118264357090073,8.475951930527831,-9.086689733983633e-13,23.806064294795796,0.956853229788895,0.9568532297888954,0.1704103778314541,0.4980235217134631
thermal_tau30_A0.25,thermal,-31.0,75,2026120275,1,30,,0.24999999999999983,0.08215075237464613,0.34020843678128015,13.118264357090073,8.475951930527831,-9.086689733983633e-13,23.806064294795796,0.956853229788895,0.9568532297888954,0.1704103778314541,0.4980235217134631
thermal_tau30_A0.25,thermal,-31.0,71,2026120271,0,30,,0.24999999999999983,0.08215075237464613,0.34020843678128015,13.118264357090073,8.475951930527831,-9.086689733983633e-13,23.806064294795796,0.956853229788895,0.9568532297888954,0.1704103778314541,0.4980235217134631
thermal_tau30_A0.25,thermal,-31.0,73,2026120273,0,30,,0.24999999999999983,0.08215075237464613,0.34020843678128015,13.118264357090073,8.475951930527831,-9.086689733983633e-13,23.806064294795796,0.956853229788895,0.9568532297888954,0.1704103778314541,0.4980235217134631
thermal_tau30_A0.25,thermal,-31.0,76,2026120276,1,30,,0.24999999999999983,0.08215075237464613,0.34020843678128015,13.118264357090073,8.475951930527831,-9.086689733983633e-13,23.806064294795796,0.956853229788895,0.9568532297888954,0.1704103778314541,0.4980235217134631
thermal_tau30_A0.25,thermal,-31.0,78,2026120278,0,30,,0.24999999999999983,0.08215075237464613,0.34020843678128015,13.118264357090073,8.475951930527831,-9.086689733983633e-13,23.806064294795796,0.956853229788895,0.9568532297888954,0.1704103778314541,0.4980235217134631
thermal_tau30_A0.25,thermal,-31.0,79,2026120279,0,30,,0.24999999999999983,0.08215075237464613,0.34020843678128015,13.118264357090073,8.475951930527831,-9.086689733983633e-13,23.806064294795796,0.956853229788895,0.9568532297888954,0.1704103778314541,0.4980235217134631
thermal_tau30_A0.25,thermal,-31.0,77,2026120277,1,30,,0.24999999999999983,0.08215075237464613,0.34020843678128015,13.118264357090073,8.475951930527831,-9.086689733983633e-13,23.806064294795796,0.956853229788895,0.9568532297888954,0.1704103778314541,0.4980235217134631
thermal_tau30_A0.25,thermal,-31.0,82,2026120282,1,30,,0.24999999999999983,0.08215075237464613,0.34020843678128015,13.118264357090073,8.475951930527831,-9.086689733983633e-13,23.806064294795796,0.956853229788895,0.9568532297888954,0.1704103778314541,0.4980235217134631
thermal_tau30_A0.25,thermal,-31.0,84,2026120284,0,30,,0.24999999999999983,0.08215075237464613,0.34020843678128015,13.118264357090073,8.475951930527831,-9.086689733983633e-13,23.806064294795796,0.956853229788895,0.9568532297888954,0.1704103778314541,0.4980235217134631
thermal_tau30_A0.25,thermal,-31.0,85,2026120285,1,30,,0.24999999999999983,0.08215075237464613,0.34020843678128015,13.118264357090073,8.475951930527831,-9.086689733983633e-13,23.806064294795796,0.956853229788895,0.9568532297888954,0.1704103778314541,0.4980235217134631
thermal_tau30_A0.25,thermal,-31.0,80,2026120280,0,30,,0.24999999999999983,0.08215075237464613,0.34020843678128015,13.118264357090073,8.475951930527831,-9.086689733983633e-13,23.806064294795796,0.956853229788895,0.9568532297888954,0.1704103778314541,0.4980235217134631
thermal_tau30_A0.25,thermal,-31.0,81,2026120281,0,30,,0.24999999999999983,0.08215075237464613,0.34020843678128015,13.118264357090073,8.475951930527831,-9.086689733983633e-13,23.806064294795796,0.956853229788895,0.9568532297888954,0.1704103778314541,0.4980235217134631
thermal_tau30_A0.25,thermal,-31.0,83,2026120283,0,30,,0.24999999999999983,0.08215075237464613,0.34020843678128015,13.118264357090073,8.475951930527831,-9.086689733983633e-13,23.806064294795796,0.956853229788895,0.9568532297888954,0.1704103778314541,0.4980235217134631
thermal_tau30_A0.25,thermal,-31.0,89,2026120289,1,30,,0.24999999999999983,0.08215075237464613,0.34020843678128015,13.118264357090073,8.475951930527831,-9.086689733983633e-13,23.806064294795796,0.956853229788895,0.9568532297888954,0.1704103778314541,0.4980235217134631
thermal_tau30_A0.25,thermal,-31.0,90,2026120290,1,30,,0.24999999999999983,0.08215075237464613,0.34020843678128015,13.118264357090073,8.475951930527831,-9.086689733983633e-13,23.806064294795796,0.956853229788895,0.9568532297888954,0.1704103778314541,0.4980235217134631
thermal_tau30_A0.25,thermal,-31.0,87,2026120287,1,30,,0.24999999999999983,0.08215075237464613,0.34020843678128015,13.118264357090073,8.475951930527831,-9.086689733983633e-13,23.806064294795796,0.956853229788895,0.9568532297888954,0.1704103778314541,0.4980235217134631
thermal_tau30_A0.25,thermal,-31.0,86,2026120286,0,30,,0.24999999999999983,0.08215075237464613,0.34020843678128015,13.118264357090073,8.475951930527831,-9.086689733983633e-13,23.806064294795796,0.956853229788895,0.9568532297888954,0.1704103778314541,0.4980235217134631
thermal_tau30_A0.25,thermal,-31.0,88,2026120288,1,30,,0.24999999999999983,0.08215075237464613,0.34020843678128015,13.118264357090073,8.475951930527831,-9.086689733983633e-13,23.806064294795796,0.956853229788895,0.9568532297888954,0.1704103778314541,0.4980235217134631
thermal_tau30_A0.25,thermal,-31.0,94,2026120294,0,30,,0.24999999999999983,0.08215075237464613,0.34020843678128015,13.118264357090073,8.475951930527831,-9.086689733983633e-13,23.806064294795796,0.956853229788895,0.9568532297888954,0.1704103778314541,0.4980235217134631
thermal_tau30_A0.25,thermal,-31.0,91,2026120291,0,30,,0.24999999999999983,0.08215075237464613,0.34020843678128015,13.118264357090073,8.475951930527831,-9.086689733983633e-13,23.806064294795796,0.956853229788895,0.9568532297888954,0.1704103778314541,0.4980235217134631
thermal_tau30_A0.25,thermal,-31.0,95,2026120295,1,30,,0.24999999999999983,0.08215075237464613,0.34020843678128015,13.118264357090073,8.475951930527831,-9.086689733983633e-13,23.806064294795796,0.956853229788895,0.9568532297888954,0.1704103778314541,0.4980235217134631
thermal_tau30_A0.25,thermal,-31.0,92,2026120292,1,30,,0.24999999999999983,0.08215075237464613,0.34020843678128015,13.118264357090073,8.475951930527831,-9.086689733983633e-13,23.806064294795796,0.956853229788895,0.9568532297888954,0.1704103778314541,0.4980235217134631
thermal_tau30_A0.25,thermal,-31.0,93,2026120293,1,30,,0.24999999999999983,0.08215075237464613,0.34020843678128015,13.118264357090073,8.475951930527831,-9.086689733983633e-13,23.806064294795796,0.956853229788895,0.9568532297888954,0.1704103778314541,0.4980235217134631
thermal_tau30_A0.25,thermal,-31.0,97,2026120297,1,30,,0.24999999999999983,0.08215075237464613,0.34020843678128015,13.118264357090073,8.475951930527831,-9.086689733983633e-13,23.806064294795796,0.956853229788895,0.9568532297888954,0.1704103778314541,0.4980235217134631
thermal_tau30_A0.25,thermal,-31.0,98,2026120298,1,30,,0.24999999999999983,0.08215075237464613,0.34020843678128015,13.118264357090073,8.475951930527831,-9.086689733983633e-13,23.806064294795796,0.956853229788895,0.9568532297888954,0.1704103778314541,0.4980235217134631
thermal_tau30_A0.50,thermal,-31.0,0,2026120200,1,30,,0.49999999999999967,0.16430150474929225,0.6804168735625603,26.236528714180146,16.951903861055662,-1.8173379467967266e-12,47.61212858959159,0.956853229788895,0.9568532297888954,0.1704103778314541,0.4980235217134631
thermal_tau30_A0.25,thermal,-31.0,96,2026120296,0,30,,0.24999999999999983,0.08215075237464613,0.34020843678128015,13.118264357090073,8.475951930527831,-9.086689733983633e-13,23.806064294795796,0.956853229788895,0.9568532297888954,0.1704103778314541,0.4980235217134631
thermal_tau30_A0.25,thermal,-31.0,99,2026120299,0,30,,0.24999999999999983,0.08215075237464613,0.34020843678128015,13.118264357090073,8.475951930527831,-9.086689733983633e-13,23.806064294795796,0.956853229788895,0.9568532297888954,0.1704103778314541,0.4980235217134631
thermal_tau30_A0.50,thermal,-31.0,2,2026120202,1,30,,0.49999999999999967,0.16430150474929225,0.6804168735625603,26.236528714180146,16.951903861055662,-1.8173379467967266e-12,47.61212858959159,0.956853229788895,0.9568532297888954,0.1704103778314541,0.4980235217134631
thermal_tau30_A0.50,thermal,-31.0,1,2026120201,0,30,,0.49999999999999967,0.16430150474929225,0.6804168735625603,26.236528714180146,16.951903861055662,-1.8173379467967266e-12,47.61212858959159,0.956853229788895,0.9568532297888954,0.1704103778314541,0.4980235217134631
thermal_tau30_A0.50,thermal,-31.0,5,2026120205,1,30,,0.49999999999999967,0.16430150474929225,0.6804168735625603,26.236528714180146,16.951903861055662,-1.8173379467967266e-12,47.61212858959159,0.956853229788895,0.9568532297888954,0.1704103778314541,0.4980235217134631
thermal_tau30_A0.50,thermal,-31.0,3,2026120203,0,30,,0.49999999999999967,0.16430150474929225,0.6804168735625603,26.236528714180146,16.951903861055662,-1.8173379467967266e-12,47.61212858959159,0.956853229788895,0.9568532297888954,0.1704103778314541,0.4980235217134631
thermal_tau30_A0.50,thermal,-31.0,4,2026120204,0,30,,0.49999999999999967,0.16430150474929225,0.6804168735625603,26.236528714180146,16.951903861055662,-1.8173379467967266e-12,47.61212858959159,0.956853229788895,0.9568532297888954,0.1704103778314541,0.4980235217134631
thermal_tau30_A0.50,thermal,-31.0,9,2026120209,1,30,,0.49999999999999967,0.16430150474929225,0.6804168735625603,26.236528714180146,16.951903861055662,-1.8173379467967266e-12,47.61212858959159,0.956853229788895,0.9568532297888954,0.1704103778314541,0.4980235217134631
thermal_tau30_A0.50,thermal,-31.0,6,2026120206,0,30,,0.49999999999999967,0.16430150474929225,0.6804168735625603,26.236528714180146,16.951903861055662,-1.8173379467967266e-12,47.61212858959159,0.956853229788895,0.9568532297888954,0.1704103778314541,0.4980235217134631
thermal_tau30_A0.50,thermal,-31.0,7,2026120207,0,30,,0.49999999999999967,0.16430150474929225,0.6804168735625603,26.236528714180146,16.951903861055662,-1.8173379467967266e-12,47.61212858959159,0.956853229788895,0.9568532297888954,0.1704103778314541,0.4980235217134631
thermal_tau30_A0.50,thermal,-31.0,10,2026120210,1,30,,0.49999999999999967,0.16430150474929225,0.6804168735625603,26.236528714180146,16.951903861055662,-1.8173379467967266e-12,47.61212858959159,0.956853229788895,0.9568532297888954,0.1704103778314541,0.4980235217134631
thermal_tau30_A0.50,thermal,-31.0,8,2026120208,0,30,,0.49999999999999967,0.16430150474929225,0.6804168735625603,26.236528714180146,16.951903861055662,-1.8173379467967266e-12,47.61212858959159,0.956853229788895,0.9568532297888954,0.1704103778314541,0.4980235217134631
thermal_tau30_A0.50,thermal,-31.0,14,2026120214,1,30,,0.49999999999999967,0.16430150474929225,0.6804168735625603,26.236528714180146,16.951903861055662,-1.8173379467967266e-12,47.61212858959159,0.956853229788895,0.9568532297888954,0.1704103778314541,0.4980235217134631
thermal_tau30_A0.50,thermal,-31.0,11,2026120211,0,30,,0.49999999999999967,0.16430150474929225,0.6804168735625603,26.236528714180146,16.951903861055662,-1.8173379467967266e-12,47.61212858959159,0.956853229788895,0.9568532297888954,0.1704103778314541,0.4980235217134631
thermal_tau30_A0.50,thermal,-31.0,12,2026120212,0,30,,0.49999999999999967,0.16430150474929225,0.6804168735625603,26.236528714180146,16.951903861055662,-1.8173379467967266e-12,47.61212858959159,0.956853229788895,0.9568532297888954,0.1704103778314541,0.4980235217134631
thermal_tau30_A0.50,thermal,-31.0,13,2026120213,0,30,,0.49999999999999967,0.16430150474929225,0.6804168735625603,26.236528714180146,16.951903861055662,-1.8173379467967266e-12,47.61212858959159,0.956853229788895,0.9568532297888954,0.1704103778314541,0.4980235217134631
thermal_tau30_A0.50,thermal,-31.0,15,2026120215,1,30,,0.49999999999999967,0.16430150474929225,0.6804168735625603,26.236528714180146,16.951903861055662,-1.8173379467967266e-12,47.61212858959159,0.956853229788895,0.9568532297888954,0.1704103778314541,0.4980235217134631
thermal_tau30_A0.50,thermal,-31.0,16,2026120216,1,30,,0.49999999999999967,0.16430150474929225,0.6804168735625603,26.236528714180146,16.951903861055662,-1.8173379467967266e-12,47.61212858959159,0.956853229788895,0.9568532297888954,0.1704103778314541,0.4980235217134631
thermal_tau30_A0.50,thermal,-31.0,18,2026120218,1,30,,0.49999999999999967,0.16430150474929225,0.6804168735625603,26.236528714180146,16.951903861055662,-1.8173379467967266e-12,47.61212858959159,0.956853229788895,0.9568532297888954,0.1704103778314541,0.4980235217134631
thermal_tau30_A0.50,thermal,-31.0,17,2026120217,1,30,,0.49999999999999967,0.16430150474929225,0.6804168735625603,26.236528714180146,16.951903861055662,-1.8173379467967266e-12,47.61212858959159,0.956853229788895,0.9568532297888954,0.1704103778314541,0.4980235217134631
thermal_tau30_A0.50,thermal,-31.0,19,2026120219,1,30,,0.49999999999999967,0.16430150474929225,0.6804168735625603,26.236528714180146,16.951903861055662,-1.8173379467967266e-12,47.61212858959159,0.956853229788895,0.9568532297888954,0.1704103778314541,0.4980235217134631
thermal_tau30_A0.50,thermal,-31.0,23,2026120223,0,30,,0.49999999999999967,0.16430150474929225,0.6804168735625603,26.236528714180146,16.951903861055662,-1.8173379467967266e-12,47.61212858959159,0.956853229788895,0.9568532297888954,0.1704103778314541,0.4980235217134631
thermal_tau30_A0.50,thermal,-31.0,20,2026120220,1,30,,0.49999999999999967,0.16430150474929225,0.6804168735625603,26.236528714180146,16.951903861055662,-1.8173379467967266e-12,47.61212858959159,0.956853229788895,0.9568532297888954,0.1704103778314541,0.4980235217134631
thermal_tau30_A0.50,thermal,-31.0,21,2026120221,0,30,,0.49999999999999967,0.16430150474929225,0.6804168735625603,26.236528714180146,16.951903861055662,-1.8173379467967266e-12,47.61212858959159,0.956853229788895,0.9568532297888954,0.1704103778314541,0.4980235217134631
thermal_tau30_A0.50,thermal,-31.0,22,2026120222,0,30,,0.49999999999999967,0.16430150474929225,0.6804168735625603,26.236528714180146,16.951903861055662,-1.8173379467967266e-12,47.61212858959159,0.956853229788895,0.9568532297888954,0.1704103778314541,0.4980235217134631
thermal_tau30_A0.50,thermal,-31.0,24,2026120224,0,30,,0.49999999999999967,0.16430150474929225,0.6804168735625603,26.236528714180146,16.951903861055662,-1.8173379467967266e-12,47.61212858959159,0.956853229788895,0.9568532297888954,0.1704103778314541,0.4980235217134631
thermal_tau30_A0.50,thermal,-31.0,25,2026120225,0,30,,0.49999999999999967,0.16430150474929225,0.6804168735625603,26.236528714180146,16.951903861055662,-1.8173379467967266e-12,47.61212858959159,0.956853229788895,0.9568532297888954,0.1704103778314541,0.4980235217134631
thermal_tau30_A0.50,thermal,-31.0,29,2026120229,0,30,,0.49999999999999967,0.16430150474929225,0.6804168735625603,26.236528714180146,16.951903861055662,-1.8173379467967266e-12,47.61212858959159,0.956853229788895,0.9568532297888954,0.1704103778314541,0.4980235217134631
thermal_tau30_A0.50,thermal,-31.0,28,2026120228,1,30,,0.49999999999999967,0.16430150474929225,0.6804168735625603,26.236528714180146,16.951903861055662,-1.8173379467967266e-12,47.61212858959159,0.956853229788895,0.9568532297888954,0.1704103778314541,0.4980235217134631
thermal_tau30_A0.50,thermal,-31.0,26,2026120226,0,30,,0.49999999999999967,0.16430150474929225,0.6804168735625603,26.236528714180146,16.951903861055662,-1.8173379467967266e-12,47.61212858959159,0.956853229788895,0.9568532297888954,0.1704103778314541,0.4980235217134631
thermal_tau30_A0.50,thermal,-31.0,27,2026120227,0,30,,0.49999999999999967,0.16430150474929225,0.6804168735625603,26.236528714180146,16.951903861055662,-1.8173379467967266e-12,47.61212858959159,0.956853229788895,0.9568532297888954,0.1704103778314541,0.4980235217134631
thermal_tau30_A0.50,thermal,-31.0,30,2026120230,0,30,,0.49999999999999967,0.16430150474929225,0.6804168735625603,26.236528714180146,16.951903861055662,-1.8173379467967266e-12,47.61212858959159,0.956853229788895,0.9568532297888954,0.1704103778314541,0.4980235217134631
thermal_tau30_A0.50,thermal,-31.0,31,2026120231,0,30,,0.49999999999999967,0.16430150474929225,0.6804168735625603,26.236528714180146,16.951903861055662,-1.8173379467967266e-12,47.61212858959159,0.956853229788895,0.9568532297888954,0.1704103778314541,0.4980235217134631
thermal_tau30_A0.50,thermal,-31.0,32,2026120232,0,30,,0.49999999999999967,0.16430150474929225,0.6804168735625603,26.236528714180146,16.951903861055662,-1.8173379467967266e-12,47.61212858959159,0.956853229788895,0.9568532297888954,0.1704103778314541,0.4980235217134631
thermal_tau30_A0.50,thermal,-31.0,33,2026120233,0,30,,0.49999999999999967,0.16430150474929225,0.6804168735625603,26.236528714180146,16.951903861055662,-1.8173379467967266e-12,47.61212858959159,0.956853229788895,0.9568532297888954,0.1704103778314541,0.4980235217134631
thermal_tau30_A0.50,thermal,-31.0,34,2026120234,0,30,,0.49999999999999967,0.16430150474929225,0.6804168735625603,26.236528714180146,16.951903861055662,-1.8173379467967266e-12,47.61212858959159,0.956853229788895,0.9568532297888954,0.1704103778314541,0.4980235217134631
thermal_tau30_A0.50,thermal,-31.0,35,2026120235,0,30,,0.49999999999999967,0.16430150474929225,0.6804168735625603,26.236528714180146,16.951903861055662,-1.8173379467967266e-12,47.61212858959159,0.956853229788895,0.9568532297888954,0.1704103778314541,0.4980235217134631
thermal_tau30_A0.50,thermal,-31.0,36,2026120236,0,30,,0.49999999999999967,0.16430150474929225,0.6804168735625603,26.236528714180146,16.951903861055662,-1.8173379467967266e-12,47.61212858959159,0.956853229788895,0.9568532297888954,0.1704103778314541,0.4980235217134631
thermal_tau30_A0.50,thermal,-31.0,37,2026120237,0,30,,0.49999999999999967,0.16430150474929225,0.6804168735625603,26.236528714180146,16.951903861055662,-1.8173379467967266e-12,47.61212858959159,0.956853229788895,0.9568532297888954,0.1704103778314541,0.4980235217134631
thermal_tau30_A0.50,thermal,-31.0,39,2026120239,1,30,,0.49999999999999967,0.16430150474929225,0.6804168735625603,26.236528714180146,16.951903861055662,-1.8173379467967266e-12,47.61212858959159,0.956853229788895,0.9568532297888954,0.1704103778314541,0.4980235217134631
thermal_tau30_A0.50,thermal,-31.0,38,2026120238,0,30,,0.49999999999999967,0.16430150474929225,0.6804168735625603,26.236528714180146,16.951903861055662,-1.8173379467967266e-12,47.61212858959159,0.956853229788895,0.9568532297888954,0.1704103778314541,0.4980235217134631
thermal_tau30_A0.50,thermal,-31.0,42,2026120242,1,30,,0.49999999999999967,0.16430150474929225,0.6804168735625603,26.236528714180146,16.951903861055662,-1.8173379467967266e-12,47.61212858959159,0.956853229788895,0.9568532297888954,0.1704103778314541,0.4980235217134631
thermal_tau30_A0.50,thermal,-31.0,40,2026120240,0,30,,0.49999999999999967,0.16430150474929225,0.6804168735625603,26.236528714180146,16.951903861055662,-1.8173379467967266e-12,47.61212858959159,0.956853229788895,0.9568532297888954,0.1704103778314541,0.4980235217134631
thermal_tau30_A0.50,thermal,-31.0,41,2026120241,0,30,,0.49999999999999967,0.16430150474929225,0.6804168735625603,26.236528714180146,16.951903861055662,-1.8173379467967266e-12,47.61212858959159,0.956853229788895,0.9568532297888954,0.1704103778314541,0.4980235217134631
thermal_tau30_A0.50,thermal,-31.0,46,2026120246,1,30,,0.49999999999999967,0.16430150474929225,0.6804168735625603,26.236528714180146,16.951903861055662,-1.8173379467967266e-12,47.61212858959159,0.956853229788895,0.9568532297888954,0.1704103778314541,0.4980235217134631
thermal_tau30_A0.50,thermal,-31.0,43,2026120243,0,30,,0.49999999999999967,0.16430150474929225,0.6804168735625603,26.236528714180146,16.951903861055662,-1.8173379467967266e-12,47.61212858959159,0.956853229788895,0.9568532297888954,0.1704103778314541,0.4980235217134631
thermal_tau30_A0.50,thermal,-31.0,44,2026120244,0,30,,0.49999999999999967,0.16430150474929225,0.6804168735625603,26.236528714180146,16.951903861055662,-1.8173379467967266e-12,47.61212858959159,0.956853229788895,0.9568532297888954,0.1704103778314541,0.4980235217134631
thermal_tau30_A0.50,thermal,-31.0,45,2026120245,0,30,,0.49999999999999967,0.16430150474929225,0.6804168735625603,26.236528714180146,16.951903861055662,-1.8173379467967266e-12,47.61212858959159,0.956853229788895,0.9568532297888954,0.1704103778314541,0.4980235217134631
thermal_tau30_A0.50,thermal,-31.0,47,2026120247,0,30,,0.49999999999999967,0.16430150474929225,0.6804168735625603,26.236528714180146,16.951903861055662,-1.8173379467967266e-12,47.61212858959159,0.956853229788895,0.9568532297888954,0.1704103778314541,0.4980235217134631
thermal_tau30_A0.50,thermal,-31.0,48,2026120248,0,30,,0.49999999999999967,0.16430150474929225,0.6804168735625603,26.236528714180146,16.951903861055662,-1.8173379467967266e-12,47.61212858959159,0.956853229788895,0.9568532297888954,0.1704103778314541,0.4980235217134631
thermal_tau30_A0.50,thermal,-31.0,49,2026120249,0,30,,0.49999999999999967,0.16430150474929225,0.6804168735625603,26.236528714180146,16.951903861055662,-1.8173379467967266e-12,47.61212858959159,0.956853229788895,0.9568532297888954,0.1704103778314541,0.4980235217134631
thermal_tau30_A0.50,thermal,-31.0,50,2026120250,0,30,,0.49999999999999967,0.16430150474929225,0.6804168735625603,26.236528714180146,16.951903861055662,-1.8173379467967266e-12,47.61212858959159,0.956853229788895,0.9568532297888954,0.1704103778314541,0.4980235217134631
thermal_tau30_A0.50,thermal,-31.0,51,2026120251,0,30,,0.49999999999999967,0.16430150474929225,0.6804168735625603,26.236528714180146,16.951903861055662,-1.8173379467967266e-12,47.61212858959159,0.956853229788895,0.9568532297888954,0.1704103778314541,0.4980235217134631
thermal_tau30_A0.50,thermal,-31.0,52,2026120252,0,30,,0.49999999999999967,0.16430150474929225,0.6804168735625603,26.236528714180146,16.951903861055662,-1.8173379467967266e-12,47.61212858959159,0.956853229788895,0.9568532297888954,0.1704103778314541,0.4980235217134631
thermal_tau30_A0.50,thermal,-31.0,55,2026120255,1,30,,0.49999999999999967,0.16430150474929225,0.6804168735625603,26.236528714180146,16.951903861055662,-1.8173379467967266e-12,47.61212858959159,0.956853229788895,0.9568532297888954,0.1704103778314541,0.4980235217134631
thermal_tau30_A0.50,thermal,-31.0,56,2026120256,0,30,,0.49999999999999967,0.16430150474929225,0.6804168735625603,26.236528714180146,16.951903861055662,-1.8173379467967266e-12,47.61212858959159,0.956853229788895,0.9568532297888954,0.1704103778314541,0.4980235217134631
thermal_tau30_A0.50,thermal,-31.0,53,2026120253,0,30,,0.49999999999999967,0.16430150474929225,0.6804168735625603,26.236528714180146,16.951903861055662,-1.8173379467967266e-12,47.61212858959159,0.956853229788895,0.9568532297888954,0.1704103778314541,0.4980235217134631
thermal_tau30_A0.50,thermal,-31.0,54,2026120254,0,30,,0.49999999999999967,0.16430150474929225,0.6804168735625603,26.236528714180146,16.951903861055662,-1.8173379467967266e-12,47.61212858959159,0.956853229788895,0.9568532297888954,0.1704103778314541,0.4980235217134631
thermal_tau30_A0.50,thermal,-31.0,59,2026120259,0,30,,0.49999999999999967,0.16430150474929225,0.6804168735625603,26.236528714180146,16.951903861055662,-1.8173379467967266e-12,47.61212858959159,0.956853229788895,0.9568532297888954,0.1704103778314541,0.4980235217134631
thermal_tau30_A0.50,thermal,-31.0,58,2026120258,0,30,,0.49999999999999967,0.16430150474929225,0.6804168735625603,26.236528714180146,16.951903861055662,-1.8173379467967266e-12,47.61212858959159,0.956853229788895,0.9568532297888954,0.1704103778314541,0.4980235217134631
thermal_tau30_A0.50,thermal,-31.0,57,2026120257,0,30,,0.49999999999999967,0.16430150474929225,0.6804168735625603,26.236528714180146,16.951903861055662,-1.8173379467967266e-12,47.61212858959159,0.956853229788895,0.9568532297888954,0.1704103778314541,0.4980235217134631
thermal_tau30_A0.50,thermal,-31.0,60,2026120260,0,30,,0.49999999999999967,0.16430150474929225,0.6804168735625603,26.236528714180146,16.951903861055662,-1.8173379467967266e-12,47.61212858959159,0.956853229788895,0.9568532297888954,0.1704103778314541,0.4980235217134631
thermal_tau30_A0.50,thermal,-31.0,62,2026120262,1,30,,0.49999999999999967,0.16430150474929225,0.6804168735625603,26.236528714180146,16.951903861055662,-1.8173379467967266e-12,47.61212858959159,0.956853229788895,0.9568532297888954,0.1704103778314541,0.4980235217134631
thermal_tau30_A0.50,thermal,-31.0,61,2026120261,0,30,,0.49999999999999967,0.16430150474929225,0.6804168735625603,26.236528714180146,16.951903861055662,-1.8173379467967266e-12,47.61212858959159,0.956853229788895,0.9568532297888954,0.1704103778314541,0.4980235217134631
thermal_tau30_A0.50,thermal,-31.0,63,2026120263,0,30,,0.49999999999999967,0.16430150474929225,0.6804168735625603,26.236528714180146,16.951903861055662,-1.8173379467967266e-12,47.61212858959159,0.956853229788895,0.9568532297888954,0.1704103778314541,0.4980235217134631
thermal_tau30_A0.50,thermal,-31.0,64,2026120264,0,30,,0.49999999999999967,0.16430150474929225,0.6804168735625603,26.236528714180146,16.951903861055662,-1.8173379467967266e-12,47.61212858959159,0.956853229788895,0.9568532297888954,0.1704103778314541,0.4980235217134631
thermal_tau30_A0.50,thermal,-31.0,65,2026120265,0,30,,0.49999999999999967,0.16430150474929225,0.6804168735625603,26.236528714180146,16.951903861055662,-1.8173379467967266e-12,47.61212858959159,0.956853229788895,0.9568532297888954,0.1704103778314541,0.4980235217134631
thermal_tau30_A0.50,thermal,-31.0,67,2026120267,0,30,,0.49999999999999967,0.16430150474929225,0.6804168735625603,26.236528714180146,16.951903861055662,-1.8173379467967266e-12,47.61212858959159,0.956853229788895,0.9568532297888954,0.1704103778314541,0.4980235217134631
thermal_tau30_A0.50,thermal,-31.0,66,2026120266,0,30,,0.49999999999999967,0.16430150474929225,0.6804168735625603,26.236528714180146,16.951903861055662,-1.8173379467967266e-12,47.61212858959159,0.956853229788895,0.9568532297888954,0.1704103778314541,0.4980235217134631
thermal_tau30_A0.50,thermal,-31.0,70,2026120270,1,30,,0.49999999999999967,0.16430150474929225,0.6804168735625603,26.236528714180146,16.951903861055662,-1.8173379467967266e-12,47.61212858959159,0.956853229788895,0.9568532297888954,0.1704103778314541,0.4980235217134631
thermal_tau30_A0.50,thermal,-31.0,68,2026120268,0,30,,0.49999999999999967,0.16430150474929225,0.6804168735625603,26.236528714180146,16.951903861055662,-1.8173379467967266e-12,47.61212858959159,0.956853229788895,0.9568532297888954,0.1704103778314541,0.4980235217134631
thermal_tau30_A0.50,thermal,-31.0,73,2026120273,0,30,,0.49999999999999967,0.16430150474929225,0.6804168735625603,26.236528714180146,16.951903861055662,-1.8173379467967266e-12,47.61212858959159,0.956853229788895,0.9568532297888954,0.1704103778314541,0.4980235217134631
thermal_tau30_A0.50,thermal,-31.0,74,2026120274,0,30,,0.49999999999999967,0.16430150474929225,0.6804168735625603,26.236528714180146,16.951903861055662,-1.8173379467967266e-12,47.61212858959159,0.956853229788895,0.9568532297888954,0.1704103778314541,0.4980235217134631
thermal_tau30_A0.50,thermal,-31.0,72,2026120272,1,30,,0.49999999999999967,0.16430150474929225,0.6804168735625603,26.236528714180146,16.951903861055662,-1.8173379467967266e-12,47.61212858959159,0.956853229788895,0.9568532297888954,0.1704103778314541,0.4980235217134631
thermal_tau30_A0.50,thermal,-31.0,69,2026120269,0,30,,0.49999999999999967,0.16430150474929225,0.6804168735625603,26.236528714180146,16.951903861055662,-1.8173379467967266e-12,47.61212858959159,0.956853229788895,0.9568532297888954,0.1704103778314541,0.4980235217134631
thermal_tau30_A0.50,thermal,-31.0,75,2026120275,1,30,,0.49999999999999967,0.16430150474929225,0.6804168735625603,26.236528714180146,16.951903861055662,-1.8173379467967266e-12,47.61212858959159,0.956853229788895,0.9568532297888954,0.1704103778314541,0.4980235217134631
thermal_tau30_A0.50,thermal,-31.0,71,2026120271,0,30,,0.49999999999999967,0.16430150474929225,0.6804168735625603,26.236528714180146,16.951903861055662,-1.8173379467967266e-12,47.61212858959159,0.956853229788895,0.9568532297888954,0.1704103778314541,0.4980235217134631
thermal_tau30_A0.50,thermal,-31.0,76,2026120276,0,30,,0.49999999999999967,0.16430150474929225,0.6804168735625603,26.236528714180146,16.951903861055662,-1.8173379467967266e-12,47.61212858959159,0.956853229788895,0.9568532297888954,0.1704103778314541,0.4980235217134631
thermal_tau30_A0.50,thermal,-31.0,80,2026120280,1,30,,0.49999999999999967,0.16430150474929225,0.6804168735625603,26.236528714180146,16.951903861055662,-1.8173379467967266e-12,47.61212858959159,0.956853229788895,0.9568532297888954,0.1704103778314541,0.4980235217134631
thermal_tau30_A0.50,thermal,-31.0,77,2026120277,0,30,,0.49999999999999967,0.16430150474929225,0.6804168735625603,26.236528714180146,16.951903861055662,-1.8173379467967266e-12,47.61212858959159,0.956853229788895,0.9568532297888954,0.1704103778314541,0.4980235217134631
thermal_tau30_A0.50,thermal,-31.0,78,2026120278,0,30,,0.49999999999999967,0.16430150474929225,0.6804168735625603,26.236528714180146,16.951903861055662,-1.8173379467967266e-12,47.61212858959159,0.956853229788895,0.9568532297888954,0.1704103778314541,0.4980235217134631
thermal_tau30_A0.50,thermal,-31.0,79,2026120279,0,30,,0.49999999999999967,0.16430150474929225,0.6804168735625603,26.236528714180146,16.951903861055662,-1.8173379467967266e-12,47.61212858959159,0.956853229788895,0.9568532297888954,0.1704103778314541,0.4980235217134631
thermal_tau30_A0.50,thermal,-31.0,84,2026120284,0,30,,0.49999999999999967,0.16430150474929225,0.6804168735625603,26.236528714180146,16.951903861055662,-1.8173379467967266e-12,47.61212858959159,0.956853229788895,0.9568532297888954,0.1704103778314541,0.4980235217134631
thermal_tau30_A0.50,thermal,-31.0,85,2026120285,0,30,,0.49999999999999967,0.16430150474929225,0.6804168735625603,26.236528714180146,16.951903861055662,-1.8173379467967266e-12,47.61212858959159,0.956853229788895,0.9568532297888954,0.1704103778314541,0.4980235217134631
thermal_tau30_A0.50,thermal,-31.0,81,2026120281,0,30,,0.49999999999999967,0.16430150474929225,0.6804168735625603,26.236528714180146,16.951903861055662,-1.8173379467967266e-12,47.61212858959159,0.956853229788895,0.9568532297888954,0.1704103778314541,0.4980235217134631
thermal_tau30_A0.50,thermal,-31.0,82,2026120282,0,30,,0.49999999999999967,0.16430150474929225,0.6804168735625603,26.236528714180146,16.951903861055662,-1.8173379467967266e-12,47.61212858959159,0.956853229788895,0.9568532297888954,0.1704103778314541,0.4980235217134631
thermal_tau30_A0.50,thermal,-31.0,83,2026120283,0,30,,0.49999999999999967,0.16430150474929225,0.6804168735625603,26.236528714180146,16.951903861055662,-1.8173379467967266e-12,47.61212858959159,0.956853229788895,0.9568532297888954,0.1704103778314541,0.4980235217134631
thermal_tau30_A0.50,thermal,-31.0,86,2026120286,0,30,,0.49999999999999967,0.16430150474929225,0.6804168735625603,26.236528714180146,16.951903861055662,-1.8173379467967266e-12,47.61212858959159,0.956853229788895,0.9568532297888954,0.1704103778314541,0.4980235217134631
thermal_tau30_A0.50,thermal,-31.0,87,2026120287,0,30,,0.49999999999999967,0.16430150474929225,0.6804168735625603,26.236528714180146,16.951903861055662,-1.8173379467967266e-12,47.61212858959159,0.956853229788895,0.9568532297888954,0.1704103778314541,0.4980235217134631
thermal_tau30_A0.50,thermal,-31.0,88,2026120288,0,30,,0.49999999999999967,0.16430150474929225,0.6804168735625603,26.236528714180146,16.951903861055662,-1.8173379467967266e-12,47.61212858959159,0.956853229788895,0.9568532297888954,0.1704103778314541,0.4980235217134631
thermal_tau30_A0.50,thermal,-31.0,89,2026120289,0,30,,0.49999999999999967,0.16430150474929225,0.6804168735625603,26.236528714180146,16.951903861055662,-1.8173379467967266e-12,47.61212858959159,0.956853229788895,0.9568532297888954,0.1704103778314541,0.4980235217134631
thermal_tau30_A0.50,thermal,-31.0,90,2026120290,0,30,,0.49999999999999967,0.16430150474929225,0.6804168735625603,26.236528714180146,16.951903861055662,-1.8173379467967266e-12,47.61212858959159,0.956853229788895,0.9568532297888954,0.1704103778314541,0.4980235217134631
thermal_tau30_A0.50,thermal,-31.0,91,2026120291,0,30,,0.49999999999999967,0.16430150474929225,0.6804168735625603,26.236528714180146,16.951903861055662,-1.8173379467967266e-12,47.61212858959159,0.956853229788895,0.9568532297888954,0.1704103778314541,0.4980235217134631
thermal_tau30_A0.50,thermal,-31.0,92,2026120292,0,30,,0.49999999999999967,0.16430150474929225,0.6804168735625603,26.236528714180146,16.951903861055662,-1.8173379467967266e-12,47.61212858959159,0.956853229788895,0.9568532297888954,0.1704103778314541,0.4980235217134631
thermal_tau30_A0.50,thermal,-31.0,93,2026120293,0,30,,0.49999999999999967,0.16430150474929225,0.6804168735625603,26.236528714180146,16.951903861055662,-1.8173379467967266e-12,47.61212858959159,0.956853229788895,0.9568532297888954,0.1704103778314541,0.4980235217134631
thermal_tau30_A0.50,thermal,-31.0,94,2026120294,0,30,,0.49999999999999967,0.16430150474929225,0.6804168735625603,26.236528714180146,16.951903861055662,-1.8173379467967266e-12,47.61212858959159,0.956853229788895,0.9568532297888954,0.1704103778314541,0.4980235217134631
thermal_tau30_A0.50,thermal,-31.0,95,2026120295,0,30,,0.49999999999999967,0.16430150474929225,0.6804168735625603,26.236528714180146,16.951903861055662,-1.8173379467967266e-12,47.61212858959159,0.956853229788895,0.9568532297888954,0.1704103778314541,0.4980235217134631
thermal_tau30_A0.50,thermal,-31.0,96,2026120296,0,30,,0.49999999999999967,0.16430150474929225,0.6804168735625603,26.236528714180146,16.951903861055662,-1.8173379467967266e-12,47.61212858959159,0.956853229788895,0.9568532297888954,0.1704103778314541,0.4980235217134631
thermal_tau30_A0.50,thermal,-31.0,98,2026120298,1,30,,0.49999999999999967,0.16430150474929225,0.6804168735625603,26.236528714180146,16.951903861055662,-1.8173379467967266e-12,47.61212858959159,0.956853229788895,0.9568532297888954,0.1704103778314541,0.4980235217134631
thermal_tau30_A0.50,thermal,-31.0,97,2026120297,0,30,,0.49999999999999967,0.16430150474929225,0.6804168735625603,26.236528714180146,16.951903861055662,-1.8173379467967266e-12,47.61212858959159,0.956853229788895,0.9568532297888954,0.1704103778314541,0.4980235217134631
thermal_tau60_A0.25,thermal,-31.0,2,2026120202,0,60,,0.2500000000000001,0.09574631992893294,0.35654518145349334,14.943958339039682,10.160780942420148,-3.2792171755779975e-13,28.39155445298831,0.9882414948246998,0.9882414948246998,0.09680982765554987,0.3003684120758757
thermal_tau30_A0.50,thermal,-31.0,99,2026120299,0,30,,0.49999999999999967,0.16430150474929225,0.6804168735625603,26.236528714180146,16.951903861055662,-1.8173379467967266e-12,47.61212858959159,0.956853229788895,0.9568532297888954,0.1704103778314541,0.4980235217134631
thermal_tau60_A0.25,thermal,-31.0,0,2026120200,0,60,,0.2500000000000001,0.09574631992893294,0.35654518145349334,14.943958339039682,10.160780942420148,-3.2792171755779975e-13,28.39155445298831,0.9882414948246998,0.9882414948246998,0.09680982765554987,0.3003684120758757
thermal_tau60_A0.25,thermal,-31.0,1,2026120201,0,60,,0.2500000000000001,0.09574631992893294,0.35654518145349334,14.943958339039682,10.160780942420148,-3.2792171755779975e-13,28.39155445298831,0.9882414948246998,0.9882414948246998,0.09680982765554987,0.3003684120758757
thermal_tau60_A0.25,thermal,-31.0,3,2026120203,0,60,,0.2500000000000001,0.09574631992893294,0.35654518145349334,14.943958339039682,10.160780942420148,-3.2792171755779975e-13,28.39155445298831,0.9882414948246998,0.9882414948246998,0.09680982765554987,0.3003684120758757
thermal_tau60_A0.25,thermal,-31.0,4,2026120204,0,60,,0.2500000000000001,0.09574631992893294,0.35654518145349334,14.943958339039682,10.160780942420148,-3.2792171755779975e-13,28.39155445298831,0.9882414948246998,0.9882414948246998,0.09680982765554987,0.3003684120758757
thermal_tau60_A0.25,thermal,-31.0,5,2026120205,0,60,,0.2500000000000001,0.09574631992893294,0.35654518145349334,14.943958339039682,10.160780942420148,-3.2792171755779975e-13,28.39155445298831,0.9882414948246998,0.9882414948246998,0.09680982765554987,0.3003684120758757
thermal_tau60_A0.25,thermal,-31.0,6,2026120206,0,60,,0.2500000000000001,0.09574631992893294,0.35654518145349334,14.943958339039682,10.160780942420148,-3.2792171755779975e-13,28.39155445298831,0.9882414948246998,0.9882414948246998,0.09680982765554987,0.3003684120758757
thermal_tau60_A0.25,thermal,-31.0,9,2026120209,1,60,,0.2500000000000001,0.09574631992893294,0.35654518145349334,14.943958339039682,10.160780942420148,-3.2792171755779975e-13,28.39155445298831,0.9882414948246998,0.9882414948246998,0.09680982765554987,0.3003684120758757
thermal_tau60_A0.25,thermal,-31.0,7,2026120207,0,60,,0.2500000000000001,0.09574631992893294,0.35654518145349334,14.943958339039682,10.160780942420148,-3.2792171755779975e-13,28.39155445298831,0.9882414948246998,0.9882414948246998,0.09680982765554987,0.3003684120758757
thermal_tau60_A0.25,thermal,-31.0,8,2026120208,1,60,,0.2500000000000001,0.09574631992893294,0.35654518145349334,14.943958339039682,10.160780942420148,-3.2792171755779975e-13,28.39155445298831,0.9882414948246998,0.9882414948246998,0.09680982765554987,0.3003684120758757
thermal_tau60_A0.25,thermal,-31.0,10,2026120210,1,60,,0.2500000000000001,0.09574631992893294,0.35654518145349334,14.943958339039682,10.160780942420148,-3.2792171755779975e-13,28.39155445298831,0.9882414948246998,0.9882414948246998,0.09680982765554987,0.3003684120758757
thermal_tau60_A0.25,thermal,-31.0,14,2026120214,0,60,,0.2500000000000001,0.09574631992893294,0.35654518145349334,14.943958339039682,10.160780942420148,-3.2792171755779975e-13,28.39155445298831,0.9882414948246998,0.9882414948246998,0.09680982765554987,0.3003684120758757
thermal_tau60_A0.25,thermal,-31.0,15,2026120215,1,60,,0.2500000000000001,0.09574631992893294,0.35654518145349334,14.943958339039682,10.160780942420148,-3.2792171755779975e-13,28.39155445298831,0.9882414948246998,0.9882414948246998,0.09680982765554987,0.3003684120758757
thermal_tau60_A0.25,thermal,-31.0,11,2026120211,1,60,,0.2500000000000001,0.09574631992893294,0.35654518145349334,14.943958339039682,10.160780942420148,-3.2792171755779975e-13,28.39155445298831,0.9882414948246998,0.9882414948246998,0.09680982765554987,0.3003684120758757
thermal_tau60_A0.25,thermal,-31.0,12,2026120212,1,60,,0.2500000000000001,0.09574631992893294,0.35654518145349334,14.943958339039682,10.160780942420148,-3.2792171755779975e-13,28.39155445298831,0.9882414948246998,0.9882414948246998,0.09680982765554987,0.3003684120758757
thermal_tau60_A0.25,thermal,-31.0,18,2026120218,1,60,,0.2500000000000001,0.09574631992893294,0.35654518145349334,14.943958339039682,10.160780942420148,-3.2792171755779975e-13,28.39155445298831,0.9882414948246998,0.9882414948246998,0.09680982765554987,0.3003684120758757
thermal_tau60_A0.25,thermal,-31.0,13,2026120213,1,60,,0.2500000000000001,0.09574631992893294,0.35654518145349334,14.943958339039682,10.160780942420148,-3.2792171755779975e-13,28.39155445298831,0.9882414948246998,0.9882414948246998,0.09680982765554987,0.3003684120758757
thermal_tau60_A0.25,thermal,-31.0,17,2026120217,1,60,,0.2500000000000001,0.09574631992893294,0.35654518145349334,14.943958339039682,10.160780942420148,-3.2792171755779975e-13,28.39155445298831,0.9882414948246998,0.9882414948246998,0.09680982765554987,0.3003684120758757
thermal_tau60_A0.25,thermal,-31.0,16,2026120216,0,60,,0.2500000000000001,0.09574631992893294,0.35654518145349334,14.943958339039682,10.160780942420148,-3.2792171755779975e-13,28.39155445298831,0.9882414948246998,0.9882414948246998,0.09680982765554987,0.3003684120758757
thermal_tau60_A0.25,thermal,-31.0,19,2026120219,1,60,,0.2500000000000001,0.09574631992893294,0.35654518145349334,14.943958339039682,10.160780942420148,-3.2792171755779975e-13,28.39155445298831,0.9882414948246998,0.9882414948246998,0.09680982765554987,0.3003684120758757
thermal_tau60_A0.25,thermal,-31.0,20,2026120220,1,60,,0.2500000000000001,0.09574631992893294,0.35654518145349334,14.943958339039682,10.160780942420148,-3.2792171755779975e-13,28.39155445298831,0.9882414948246998,0.9882414948246998,0.09680982765554987,0.3003684120758757
thermal_tau60_A0.25,thermal,-31.0,21,2026120221,1,60,,0.2500000000000001,0.09574631992893294,0.35654518145349334,14.943958339039682,10.160780942420148,-3.2792171755779975e-13,28.39155445298831,0.9882414948246998,0.9882414948246998,0.09680982765554987,0.3003684120758757
thermal_tau60_A0.25,thermal,-31.0,22,2026120222,0,60,,0.2500000000000001,0.09574631992893294,0.35654518145349334,14.943958339039682,10.160780942420148,-3.2792171755779975e-13,28.39155445298831,0.9882414948246998,0.9882414948246998,0.09680982765554987,0.3003684120758757
thermal_tau60_A0.25,thermal,-31.0,24,2026120224,0,60,,0.2500000000000001,0.09574631992893294,0.35654518145349334,14.943958339039682,10.160780942420148,-3.2792171755779975e-13,28.39155445298831,0.9882414948246998,0.9882414948246998,0.09680982765554987,0.3003684120758757
thermal_tau60_A0.25,thermal,-31.0,23,2026120223,0,60,,0.2500000000000001,0.09574631992893294,0.35654518145349334,14.943958339039682,10.160780942420148,-3.2792171755779975e-13,28.39155445298831,0.9882414948246998,0.9882414948246998,0.09680982765554987,0.3003684120758757
thermal_tau60_A0.25,thermal,-31.0,25,2026120225,0,60,,0.2500000000000001,0.09574631992893294,0.35654518145349334,14.943958339039682,10.160780942420148,-3.2792171755779975e-13,28.39155445298831,0.9882414948246998,0.9882414948246998,0.09680982765554987,0.3003684120758757
thermal_tau60_A0.25,thermal,-31.0,29,2026120229,0,60,,0.2500000000000001,0.09574631992893294,0.35654518145349334,14.943958339039682,10.160780942420148,-3.2792171755779975e-13,28.39155445298831,0.9882414948246998,0.9882414948246998,0.09680982765554987,0.3003684120758757
thermal_tau60_A0.25,thermal,-31.0,28,2026120228,1,60,,0.2500000000000001,0.09574631992893294,0.35654518145349334,14.943958339039682,10.160780942420148,-3.2792171755779975e-13,28.39155445298831,0.9882414948246998,0.9882414948246998,0.09680982765554987,0.3003684120758757
thermal_tau60_A0.25,thermal,-31.0,26,2026120226,0,60,,0.2500000000000001,0.09574631992893294,0.35654518145349334,14.943958339039682,10.160780942420148,-3.2792171755779975e-13,28.39155445298831,0.9882414948246998,0.9882414948246998,0.09680982765554987,0.3003684120758757
thermal_tau60_A0.25,thermal,-31.0,27,2026120227,0,60,,0.2500000000000001,0.09574631992893294,0.35654518145349334,14.943958339039682,10.160780942420148,-3.2792171755779975e-13,28.39155445298831,0.9882414948246998,0.9882414948246998,0.09680982765554987,0.3003684120758757
thermal_tau60_A0.25,thermal,-31.0,30,2026120230,0,60,,0.2500000000000001,0.09574631992893294,0.35654518145349334,14.943958339039682,10.160780942420148,-3.2792171755779975e-13,28.39155445298831,0.9882414948246998,0.9882414948246998,0.09680982765554987,0.3003684120758757
thermal_tau60_A0.25,thermal,-31.0,31,2026120231,0,60,,0.2500000000000001,0.09574631992893294,0.35654518145349334,14.943958339039682,10.160780942420148,-3.2792171755779975e-13,28.39155445298831,0.9882414948246998,0.9882414948246998,0.09680982765554987,0.3003684120758757
thermal_tau60_A0.25,thermal,-31.0,34,2026120234,1,60,,0.2500000000000001,0.09574631992893294,0.35654518145349334,14.943958339039682,10.160780942420148,-3.2792171755779975e-13,28.39155445298831,0.9882414948246998,0.9882414948246998,0.09680982765554987,0.3003684120758757
thermal_tau60_A0.25,thermal,-31.0,33,2026120233,1,60,,0.2500000000000001,0.09574631992893294,0.35654518145349334,14.943958339039682,10.160780942420148,-3.2792171755779975e-13,28.39155445298831,0.9882414948246998,0.9882414948246998,0.09680982765554987,0.3003684120758757
thermal_tau60_A0.25,thermal,-31.0,36,2026120236,1,60,,0.2500000000000001,0.09574631992893294,0.35654518145349334,14.943958339039682,10.160780942420148,-3.2792171755779975e-13,28.39155445298831,0.9882414948246998,0.9882414948246998,0.09680982765554987,0.3003684120758757
thermal_tau60_A0.25,thermal,-31.0,32,2026120232,0,60,,0.2500000000000001,0.09574631992893294,0.35654518145349334,14.943958339039682,10.160780942420148,-3.2792171755779975e-13,28.39155445298831,0.9882414948246998,0.9882414948246998,0.09680982765554987,0.3003684120758757
thermal_tau60_A0.25,thermal,-31.0,35,2026120235,0,60,,0.2500000000000001,0.09574631992893294,0.35654518145349334,14.943958339039682,10.160780942420148,-3.2792171755779975e-13,28.39155445298831,0.9882414948246998,0.9882414948246998,0.09680982765554987,0.3003684120758757
thermal_tau60_A0.25,thermal,-31.0,37,2026120237,0,60,,0.2500000000000001,0.09574631992893294,0.35654518145349334,14.943958339039682,10.160780942420148,-3.2792171755779975e-13,28.39155445298831,0.9882414948246998,0.9882414948246998,0.09680982765554987,0.3003684120758757
thermal_tau60_A0.25,thermal,-31.0,38,2026120238,0,60,,0.2500000000000001,0.09574631992893294,0.35654518145349334,14.943958339039682,10.160780942420148,-3.2792171755779975e-13,28.39155445298831,0.9882414948246998,0.9882414948246998,0.09680982765554987,0.3003684120758757
thermal_tau60_A0.25,thermal,-31.0,39,2026120239,0,60,,0.2500000000000001,0.09574631992893294,0.35654518145349334,14.943958339039682,10.160780942420148,-3.2792171755779975e-13,28.39155445298831,0.9882414948246998,0.9882414948246998,0.09680982765554987,0.3003684120758757
thermal_tau60_A0.25,thermal,-31.0,40,2026120240,1,60,,0.2500000000000001,0.09574631992893294,0.35654518145349334,14.943958339039682,10.160780942420148,-3.2792171755779975e-13,28.39155445298831,0.9882414948246998,0.9882414948246998,0.09680982765554987,0.3003684120758757
thermal_tau60_A0.25,thermal,-31.0,42,2026120242,1,60,,0.2500000000000001,0.09574631992893294,0.35654518145349334,14.943958339039682,10.160780942420148,-3.2792171755779975e-13,28.39155445298831,0.9882414948246998,0.9882414948246998,0.09680982765554987,0.3003684120758757
thermal_tau60_A0.25,thermal,-31.0,41,2026120241,1,60,,0.2500000000000001,0.09574631992893294,0.35654518145349334,14.943958339039682,10.160780942420148,-3.2792171755779975e-13,28.39155445298831,0.9882414948246998,0.9882414948246998,0.09680982765554987,0.3003684120758757
thermal_tau60_A0.25,thermal,-31.0,43,2026120243,0,60,,0.2500000000000001,0.09574631992893294,0.35654518145349334,14.943958339039682,10.160780942420148,-3.2792171755779975e-13,28.39155445298831,0.9882414948246998,0.9882414948246998,0.09680982765554987,0.3003684120758757
thermal_tau60_A0.25,thermal,-31.0,46,2026120246,1,60,,0.2500000000000001,0.09574631992893294,0.35654518145349334,14.943958339039682,10.160780942420148,-3.2792171755779975e-13,28.39155445298831,0.9882414948246998,0.9882414948246998,0.09680982765554987,0.3003684120758757
thermal_tau60_A0.25,thermal,-31.0,44,2026120244,0,60,,0.2500000000000001,0.09574631992893294,0.35654518145349334,14.943958339039682,10.160780942420148,-3.2792171755779975e-13,28.39155445298831,0.9882414948246998,0.9882414948246998,0.09680982765554987,0.3003684120758757
thermal_tau60_A0.25,thermal,-31.0,45,2026120245,0,60,,0.2500000000000001,0.09574631992893294,0.35654518145349334,14.943958339039682,10.160780942420148,-3.2792171755779975e-13,28.39155445298831,0.9882414948246998,0.9882414948246998,0.09680982765554987,0.3003684120758757
thermal_tau60_A0.25,thermal,-31.0,49,2026120249,1,60,,0.2500000000000001,0.09574631992893294,0.35654518145349334,14.943958339039682,10.160780942420148,-3.2792171755779975e-13,28.39155445298831,0.9882414948246998,0.9882414948246998,0.09680982765554987,0.3003684120758757
thermal_tau60_A0.25,thermal,-31.0,47,2026120247,0,60,,0.2500000000000001,0.09574631992893294,0.35654518145349334,14.943958339039682,10.160780942420148,-3.2792171755779975e-13,28.39155445298831,0.9882414948246998,0.9882414948246998,0.09680982765554987,0.3003684120758757
thermal_tau60_A0.25,thermal,-31.0,50,2026120250,1,60,,0.2500000000000001,0.09574631992893294,0.35654518145349334,14.943958339039682,10.160780942420148,-3.2792171755779975e-13,28.39155445298831,0.9882414948246998,0.9882414948246998,0.09680982765554987,0.3003684120758757
thermal_tau60_A0.25,thermal,-31.0,48,2026120248,0,60,,0.2500000000000001,0.09574631992893294,0.35654518145349334,14.943958339039682,10.160780942420148,-3.2792171755779975e-13,28.39155445298831,0.9882414948246998,0.9882414948246998,0.09680982765554987,0.3003684120758757
thermal_tau60_A0.25,thermal,-31.0,51,2026120251,1,60,,0.2500000000000001,0.09574631992893294,0.35654518145349334,14.943958339039682,10.160780942420148,-3.2792171755779975e-13,28.39155445298831,0.9882414948246998,0.9882414948246998,0.09680982765554987,0.3003684120758757
thermal_tau60_A0.25,thermal,-31.0,52,2026120252,1,60,,0.2500000000000001,0.09574631992893294,0.35654518145349334,14.943958339039682,10.160780942420148,-3.2792171755779975e-13,28.39155445298831,0.9882414948246998,0.9882414948246998,0.09680982765554987,0.3003684120758757
thermal_tau60_A0.25,thermal,-31.0,53,2026120253,1,60,,0.2500000000000001,0.09574631992893294,0.35654518145349334,14.943958339039682,10.160780942420148,-3.2792171755779975e-13,28.39155445298831,0.9882414948246998,0.9882414948246998,0.09680982765554987,0.3003684120758757
thermal_tau60_A0.25,thermal,-31.0,54,2026120254,1,60,,0.2500000000000001,0.09574631992893294,0.35654518145349334,14.943958339039682,10.160780942420148,-3.2792171755779975e-13,28.39155445298831,0.9882414948246998,0.9882414948246998,0.09680982765554987,0.3003684120758757
thermal_tau60_A0.25,thermal,-31.0,56,2026120256,1,60,,0.2500000000000001,0.09574631992893294,0.35654518145349334,14.943958339039682,10.160780942420148,-3.2792171755779975e-13,28.39155445298831,0.9882414948246998,0.9882414948246998,0.09680982765554987,0.3003684120758757
thermal_tau60_A0.25,thermal,-31.0,55,2026120255,0,60,,0.2500000000000001,0.09574631992893294,0.35654518145349334,14.943958339039682,10.160780942420148,-3.2792171755779975e-13,28.39155445298831,0.9882414948246998,0.9882414948246998,0.09680982765554987,0.3003684120758757
thermal_tau60_A0.25,thermal,-31.0,57,2026120257,0,60,,0.2500000000000001,0.09574631992893294,0.35654518145349334,14.943958339039682,10.160780942420148,-3.2792171755779975e-13,28.39155445298831,0.9882414948246998,0.9882414948246998,0.09680982765554987,0.3003684120758757
thermal_tau60_A0.25,thermal,-31.0,59,2026120259,1,60,,0.2500000000000001,0.09574631992893294,0.35654518145349334,14.943958339039682,10.160780942420148,-3.2792171755779975e-13,28.39155445298831,0.9882414948246998,0.9882414948246998,0.09680982765554987,0.3003684120758757
thermal_tau60_A0.25,thermal,-31.0,58,2026120258,0,60,,0.2500000000000001,0.09574631992893294,0.35654518145349334,14.943958339039682,10.160780942420148,-3.2792171755779975e-13,28.39155445298831,0.9882414948246998,0.9882414948246998,0.09680982765554987,0.3003684120758757
thermal_tau60_A0.25,thermal,-31.0,63,2026120263,0,60,,0.2500000000000001,0.09574631992893294,0.35654518145349334,14.943958339039682,10.160780942420148,-3.2792171755779975e-13,28.39155445298831,0.9882414948246998,0.9882414948246998,0.09680982765554987,0.3003684120758757
thermal_tau60_A0.25,thermal,-31.0,62,2026120262,1,60,,0.2500000000000001,0.09574631992893294,0.35654518145349334,14.943958339039682,10.160780942420148,-3.2792171755779975e-13,28.39155445298831,0.9882414948246998,0.9882414948246998,0.09680982765554987,0.3003684120758757
thermal_tau60_A0.25,thermal,-31.0,60,2026120260,0,60,,0.2500000000000001,0.09574631992893294,0.35654518145349334,14.943958339039682,10.160780942420148,-3.2792171755779975e-13,28.39155445298831,0.9882414948246998,0.9882414948246998,0.09680982765554987,0.3003684120758757
thermal_tau60_A0.25,thermal,-31.0,61,2026120261,0,60,,0.2500000000000001,0.09574631992893294,0.35654518145349334,14.943958339039682,10.160780942420148,-3.2792171755779975e-13,28.39155445298831,0.9882414948246998,0.9882414948246998,0.09680982765554987,0.3003684120758757
thermal_tau60_A0.25,thermal,-31.0,64,2026120264,0,60,,0.2500000000000001,0.09574631992893294,0.35654518145349334,14.943958339039682,10.160780942420148,-3.2792171755779975e-13,28.39155445298831,0.9882414948246998,0.9882414948246998,0.09680982765554987,0.3003684120758757
thermal_tau60_A0.25,thermal,-31.0,66,2026120266,0,60,,0.2500000000000001,0.09574631992893294,0.35654518145349334,14.943958339039682,10.160780942420148,-3.2792171755779975e-13,28.39155445298831,0.9882414948246998,0.9882414948246998,0.09680982765554987,0.3003684120758757
thermal_tau60_A0.25,thermal,-31.0,65,2026120265,0,60,,0.2500000000000001,0.09574631992893294,0.35654518145349334,14.943958339039682,10.160780942420148,-3.2792171755779975e-13,28.39155445298831,0.9882414948246998,0.9882414948246998,0.09680982765554987,0.3003684120758757
thermal_tau60_A0.25,thermal,-31.0,70,2026120270,1,60,,0.2500000000000001,0.09574631992893294,0.35654518145349334,14.943958339039682,10.160780942420148,-3.2792171755779975e-13,28.39155445298831,0.9882414948246998,0.9882414948246998,0.09680982765554987,0.3003684120758757
thermal_tau60_A0.25,thermal,-31.0,67,2026120267,0,60,,0.2500000000000001,0.09574631992893294,0.35654518145349334,14.943958339039682,10.160780942420148,-3.2792171755779975e-13,28.39155445298831,0.9882414948246998,0.9882414948246998,0.09680982765554987,0.3003684120758757
thermal_tau60_A0.25,thermal,-31.0,71,2026120271,0,60,,0.2500000000000001,0.09574631992893294,0.35654518145349334,14.943958339039682,10.160780942420148,-3.2792171755779975e-13,28.39155445298831,0.9882414948246998,0.9882414948246998,0.09680982765554987,0.3003684120758757
thermal_tau60_A0.25,thermal,-31.0,68,2026120268,0,60,,0.2500000000000001,0.09574631992893294,0.35654518145349334,14.943958339039682,10.160780942420148,-3.2792171755779975e-13,28.39155445298831,0.9882414948246998,0.9882414948246998,0.09680982765554987,0.3003684120758757
thermal_tau60_A0.25,thermal,-31.0,74,2026120274,0,60,,0.2500000000000001,0.09574631992893294,0.35654518145349334,14.943958339039682,10.160780942420148,-3.2792171755779975e-13,28.39155445298831,0.9882414948246998,0.9882414948246998,0.09680982765554987,0.3003684120758757
thermal_tau60_A0.25,thermal,-31.0,72,2026120272,1,60,,0.2500000000000001,0.09574631992893294,0.35654518145349334,14.943958339039682,10.160780942420148,-3.2792171755779975e-13,28.39155445298831,0.9882414948246998,0.9882414948246998,0.09680982765554987,0.3003684120758757
thermal_tau60_A0.25,thermal,-31.0,69,2026120269,0,60,,0.2500000000000001,0.09574631992893294,0.35654518145349334,14.943958339039682,10.160780942420148,-3.2792171755779975e-13,28.39155445298831,0.9882414948246998,0.9882414948246998,0.09680982765554987,0.3003684120758757
thermal_tau60_A0.25,thermal,-31.0,75,2026120275,1,60,,0.2500000000000001,0.09574631992893294,0.35654518145349334,14.943958339039682,10.160780942420148,-3.2792171755779975e-13,28.39155445298831,0.9882414948246998,0.9882414948246998,0.09680982765554987,0.3003684120758757
thermal_tau60_A0.25,thermal,-31.0,76,2026120276,1,60,,0.2500000000000001,0.09574631992893294,0.35654518145349334,14.943958339039682,10.160780942420148,-3.2792171755779975e-13,28.39155445298831,0.9882414948246998,0.9882414948246998,0.09680982765554987,0.3003684120758757
thermal_tau60_A0.25,thermal,-31.0,73,2026120273,0,60,,0.2500000000000001,0.09574631992893294,0.35654518145349334,14.943958339039682,10.160780942420148,-3.2792171755779975e-13,28.39155445298831,0.9882414948246998,0.9882414948246998,0.09680982765554987,0.3003684120758757
thermal_tau60_A0.25,thermal,-31.0,78,2026120278,1,60,,0.2500000000000001,0.09574631992893294,0.35654518145349334,14.943958339039682,10.160780942420148,-3.2792171755779975e-13,28.39155445298831,0.9882414948246998,0.9882414948246998,0.09680982765554987,0.3003684120758757
thermal_tau60_A0.25,thermal,-31.0,77,2026120277,0,60,,0.2500000000000001,0.09574631992893294,0.35654518145349334,14.943958339039682,10.160780942420148,-3.2792171755779975e-13,28.39155445298831,0.9882414948246998,0.9882414948246998,0.09680982765554987,0.3003684120758757
thermal_tau60_A0.25,thermal,-31.0,80,2026120280,1,60,,0.2500000000000001,0.09574631992893294,0.35654518145349334,14.943958339039682,10.160780942420148,-3.2792171755779975e-13,28.39155445298831,0.9882414948246998,0.9882414948246998,0.09680982765554987,0.3003684120758757
thermal_tau60_A0.25,thermal,-31.0,81,2026120281,1,60,,0.2500000000000001,0.09574631992893294,0.35654518145349334,14.943958339039682,10.160780942420148,-3.2792171755779975e-13,28.39155445298831,0.9882414948246998,0.9882414948246998,0.09680982765554987,0.3003684120758757
thermal_tau60_A0.25,thermal,-31.0,79,2026120279,0,60,,0.2500000000000001,0.09574631992893294,0.35654518145349334,14.943958339039682,10.160780942420148,-3.2792171755779975e-13,28.39155445298831,0.9882414948246998,0.9882414948246998,0.09680982765554987,0.3003684120758757
thermal_tau60_A0.25,thermal,-31.0,84,2026120284,0,60,,0.2500000000000001,0.09574631992893294,0.35654518145349334,14.943958339039682,10.160780942420148,-3.2792171755779975e-13,28.39155445298831,0.9882414948246998,0.9882414948246998,0.09680982765554987,0.3003684120758757
thermal_tau60_A0.25,thermal,-31.0,83,2026120283,1,60,,0.2500000000000001,0.09574631992893294,0.35654518145349334,14.943958339039682,10.160780942420148,-3.2792171755779975e-13,28.39155445298831,0.9882414948246998,0.9882414948246998,0.09680982765554987,0.3003684120758757
thermal_tau60_A0.25,thermal,-31.0,85,2026120285,1,60,,0.2500000000000001,0.09574631992893294,0.35654518145349334,14.943958339039682,10.160780942420148,-3.2792171755779975e-13,28.39155445298831,0.9882414948246998,0.9882414948246998,0.09680982765554987,0.3003684120758757
thermal_tau60_A0.25,thermal,-31.0,82,2026120282,0,60,,0.2500000000000001,0.09574631992893294,0.35654518145349334,14.943958339039682,10.160780942420148,-3.2792171755779975e-13,28.39155445298831,0.9882414948246998,0.9882414948246998,0.09680982765554987,0.3003684120758757
thermal_tau60_A0.25,thermal,-31.0,87,2026120287,1,60,,0.2500000000000001,0.09574631992893294,0.35654518145349334,14.943958339039682,10.160780942420148,-3.2792171755779975e-13,28.39155445298831,0.9882414948246998,0.9882414948246998,0.09680982765554987,0.3003684120758757
thermal_tau60_A0.25,thermal,-31.0,86,2026120286,0,60,,0.2500000000000001,0.09574631992893294,0.35654518145349334,14.943958339039682,10.160780942420148,-3.2792171755779975e-13,28.39155445298831,0.9882414948246998,0.9882414948246998,0.09680982765554987,0.3003684120758757
thermal_tau60_A0.25,thermal,-31.0,90,2026120290,1,60,,0.2500000000000001,0.09574631992893294,0.35654518145349334,14.943958339039682,10.160780942420148,-3.2792171755779975e-13,28.39155445298831,0.9882414948246998,0.9882414948246998,0.09680982765554987,0.3003684120758757
thermal_tau60_A0.25,thermal,-31.0,88,2026120288,0,60,,0.2500000000000001,0.09574631992893294,0.35654518145349334,14.943958339039682,10.160780942420148,-3.2792171755779975e-13,28.39155445298831,0.9882414948246998,0.9882414948246998,0.09680982765554987,0.3003684120758757
thermal_tau60_A0.25,thermal,-31.0,89,2026120289,0,60,,0.2500000000000001,0.09574631992893294,0.35654518145349334,14.943958339039682,10.160780942420148,-3.2792171755779975e-13,28.39155445298831,0.9882414948246998,0.9882414948246998,0.09680982765554987,0.3003684120758757
thermal_tau60_A0.25,thermal,-31.0,91,2026120291,1,60,,0.2500000000000001,0.09574631992893294,0.35654518145349334,14.943958339039682,10.160780942420148,-3.2792171755779975e-13,28.39155445298831,0.9882414948246998,0.9882414948246998,0.09680982765554987,0.3003684120758757
thermal_tau60_A0.25,thermal,-31.0,94,2026120294,0,60,,0.2500000000000001,0.09574631992893294,0.35654518145349334,14.943958339039682,10.160780942420148,-3.2792171755779975e-13,28.39155445298831,0.9882414948246998,0.9882414948246998,0.09680982765554987,0.3003684120758757
thermal_tau60_A0.25,thermal,-31.0,92,2026120292,0,60,,0.2500000000000001,0.09574631992893294,0.35654518145349334,14.943958339039682,10.160780942420148,-3.2792171755779975e-13,28.39155445298831,0.9882414948246998,0.9882414948246998,0.09680982765554987,0.3003684120758757
thermal_tau60_A0.25,thermal,-31.0,93,2026120293,0,60,,0.2500000000000001,0.09574631992893294,0.35654518145349334,14.943958339039682,10.160780942420148,-3.2792171755779975e-13,28.39155445298831,0.9882414948246998,0.9882414948246998,0.09680982765554987,0.3003684120758757
thermal_tau60_A0.25,thermal,-31.0,95,2026120295,0,60,,0.2500000000000001,0.09574631992893294,0.35654518145349334,14.943958339039682,10.160780942420148,-3.2792171755779975e-13,28.39155445298831,0.9882414948246998,0.9882414948246998,0.09680982765554987,0.3003684120758757
thermal_tau60_A0.25,thermal,-31.0,97,2026120297,1,60,,0.2500000000000001,0.09574631992893294,0.35654518145349334,14.943958339039682,10.160780942420148,-3.2792171755779975e-13,28.39155445298831,0.9882414948246998,0.9882414948246998,0.09680982765554987,0.3003684120758757
thermal_tau60_A0.25,thermal,-31.0,98,2026120298,1,60,,0.2500000000000001,0.09574631992893294,0.35654518145349334,14.943958339039682,10.160780942420148,-3.2792171755779975e-13,28.39155445298831,0.9882414948246998,0.9882414948246998,0.09680982765554987,0.3003684120758757
thermal_tau60_A0.25,thermal,-31.0,99,2026120299,1,60,,0.2500000000000001,0.09574631992893294,0.35654518145349334,14.943958339039682,10.160780942420148,-3.2792171755779975e-13,28.39155445298831,0.9882414948246998,0.9882414948246998,0.09680982765554987,0.3003684120758757
thermal_tau60_A0.25,thermal,-31.0,96,2026120296,0,60,,0.2500000000000001,0.09574631992893294,0.35654518145349334,14.943958339039682,10.160780942420148,-3.2792171755779975e-13,28.39155445298831,0.9882414948246998,0.9882414948246998,0.09680982765554987,0.3003684120758757
thermal_tau60_A0.50,thermal,-31.0,0,2026120200,0,60,,0.5000000000000002,0.19149263985786588,0.7130903629069867,29.887916678079364,20.321561884840296,-6.558434351155995e-13,56.78310890597662,0.9882414948246998,0.9882414948246998,0.09680982765554987,0.3003684120758757
thermal_tau60_A0.50,thermal,-31.0,1,2026120201,0,60,,0.5000000000000002,0.19149263985786588,0.7130903629069867,29.887916678079364,20.321561884840296,-6.558434351155995e-13,56.78310890597662,0.9882414948246998,0.9882414948246998,0.09680982765554987,0.3003684120758757
thermal_tau60_A0.50,thermal,-31.0,2,2026120202,0,60,,0.5000000000000002,0.19149263985786588,0.7130903629069867,29.887916678079364,20.321561884840296,-6.558434351155995e-13,56.78310890597662,0.9882414948246998,0.9882414948246998,0.09680982765554987,0.3003684120758757
thermal_tau60_A0.50,thermal,-31.0,3,2026120203,0,60,,0.5000000000000002,0.19149263985786588,0.7130903629069867,29.887916678079364,20.321561884840296,-6.558434351155995e-13,56.78310890597662,0.9882414948246998,0.9882414948246998,0.09680982765554987,0.3003684120758757
thermal_tau60_A0.50,thermal,-31.0,7,2026120207,0,60,,0.5000000000000002,0.19149263985786588,0.7130903629069867,29.887916678079364,20.321561884840296,-6.558434351155995e-13,56.78310890597662,0.9882414948246998,0.9882414948246998,0.09680982765554987,0.3003684120758757
thermal_tau60_A0.50,thermal,-31.0,4,2026120204,0,60,,0.5000000000000002,0.19149263985786588,0.7130903629069867,29.887916678079364,20.321561884840296,-6.558434351155995e-13,56.78310890597662,0.9882414948246998,0.9882414948246998,0.09680982765554987,0.3003684120758757
thermal_tau60_A0.50,thermal,-31.0,6,2026120206,0,60,,0.5000000000000002,0.19149263985786588,0.7130903629069867,29.887916678079364,20.321561884840296,-6.558434351155995e-13,56.78310890597662,0.9882414948246998,0.9882414948246998,0.09680982765554987,0.3003684120758757
thermal_tau60_A0.50,thermal,-31.0,5,2026120205,0,60,,0.5000000000000002,0.19149263985786588,0.7130903629069867,29.887916678079364,20.321561884840296,-6.558434351155995e-13,56.78310890597662,0.9882414948246998,0.9882414948246998,0.09680982765554987,0.3003684120758757
thermal_tau60_A0.50,thermal,-31.0,10,2026120210,1,60,,0.5000000000000002,0.19149263985786588,0.7130903629069867,29.887916678079364,20.321561884840296,-6.558434351155995e-13,56.78310890597662,0.9882414948246998,0.9882414948246998,0.09680982765554987,0.3003684120758757
thermal_tau60_A0.50,thermal,-31.0,9,2026120209,1,60,,0.5000000000000002,0.19149263985786588,0.7130903629069867,29.887916678079364,20.321561884840296,-6.558434351155995e-13,56.78310890597662,0.9882414948246998,0.9882414948246998,0.09680982765554987,0.3003684120758757
thermal_tau60_A0.50,thermal,-31.0,8,2026120208,0,60,,0.5000000000000002,0.19149263985786588,0.7130903629069867,29.887916678079364,20.321561884840296,-6.558434351155995e-13,56.78310890597662,0.9882414948246998,0.9882414948246998,0.09680982765554987,0.3003684120758757
thermal_tau60_A0.50,thermal,-31.0,11,2026120211,0,60,,0.5000000000000002,0.19149263985786588,0.7130903629069867,29.887916678079364,20.321561884840296,-6.558434351155995e-13,56.78310890597662,0.9882414948246998,0.9882414948246998,0.09680982765554987,0.3003684120758757
thermal_tau60_A0.50,thermal,-31.0,13,2026120213,0,60,,0.5000000000000002,0.19149263985786588,0.7130903629069867,29.887916678079364,20.321561884840296,-6.558434351155995e-13,56.78310890597662,0.9882414948246998,0.9882414948246998,0.09680982765554987,0.3003684120758757
thermal_tau60_A0.50,thermal,-31.0,12,2026120212,0,60,,0.5000000000000002,0.19149263985786588,0.7130903629069867,29.887916678079364,20.321561884840296,-6.558434351155995e-13,56.78310890597662,0.9882414948246998,0.9882414948246998,0.09680982765554987,0.3003684120758757
thermal_tau60_A0.50,thermal,-31.0,15,2026120215,1,60,,0.5000000000000002,0.19149263985786588,0.7130903629069867,29.887916678079364,20.321561884840296,-6.558434351155995e-13,56.78310890597662,0.9882414948246998,0.9882414948246998,0.09680982765554987,0.3003684120758757
thermal_tau60_A0.50,thermal,-31.0,17,2026120217,1,60,,0.5000000000000002,0.19149263985786588,0.7130903629069867,29.887916678079364,20.321561884840296,-6.558434351155995e-13,56.78310890597662,0.9882414948246998,0.9882414948246998,0.09680982765554987,0.3003684120758757
thermal_tau60_A0.50,thermal,-31.0,14,2026120214,0,60,,0.5000000000000002,0.19149263985786588,0.7130903629069867,29.887916678079364,20.321561884840296,-6.558434351155995e-13,56.78310890597662,0.9882414948246998,0.9882414948246998,0.09680982765554987,0.3003684120758757
thermal_tau60_A0.50,thermal,-31.0,18,2026120218,0,60,,0.5000000000000002,0.19149263985786588,0.7130903629069867,29.887916678079364,20.321561884840296,-6.558434351155995e-13,56.78310890597662,0.9882414948246998,0.9882414948246998,0.09680982765554987,0.3003684120758757
thermal_tau60_A0.50,thermal,-31.0,16,2026120216,0,60,,0.5000000000000002,0.19149263985786588,0.7130903629069867,29.887916678079364,20.321561884840296,-6.558434351155995e-13,56.78310890597662,0.9882414948246998,0.9882414948246998,0.09680982765554987,0.3003684120758757
thermal_tau60_A0.50,thermal,-31.0,20,2026120220,0,60,,0.5000000000000002,0.19149263985786588,0.7130903629069867,29.887916678079364,20.321561884840296,-6.558434351155995e-13,56.78310890597662,0.9882414948246998,0.9882414948246998,0.09680982765554987,0.3003684120758757
thermal_tau60_A0.50,thermal,-31.0,19,2026120219,0,60,,0.5000000000000002,0.19149263985786588,0.7130903629069867,29.887916678079364,20.321561884840296,-6.558434351155995e-13,56.78310890597662,0.9882414948246998,0.9882414948246998,0.09680982765554987,0.3003684120758757
thermal_tau60_A0.50,thermal,-31.0,23,2026120223,0,60,,0.5000000000000002,0.19149263985786588,0.7130903629069867,29.887916678079364,20.321561884840296,-6.558434351155995e-13,56.78310890597662,0.9882414948246998,0.9882414948246998,0.09680982765554987,0.3003684120758757
thermal_tau60_A0.50,thermal,-31.0,21,2026120221,0,60,,0.5000000000000002,0.19149263985786588,0.7130903629069867,29.887916678079364,20.321561884840296,-6.558434351155995e-13,56.78310890597662,0.9882414948246998,0.9882414948246998,0.09680982765554987,0.3003684120758757
thermal_tau60_A0.50,thermal,-31.0,24,2026120224,0,60,,0.5000000000000002,0.19149263985786588,0.7130903629069867,29.887916678079364,20.321561884840296,-6.558434351155995e-13,56.78310890597662,0.9882414948246998,0.9882414948246998,0.09680982765554987,0.3003684120758757
thermal_tau60_A0.50,thermal,-31.0,22,2026120222,0,60,,0.5000000000000002,0.19149263985786588,0.7130903629069867,29.887916678079364,20.321561884840296,-6.558434351155995e-13,56.78310890597662,0.9882414948246998,0.9882414948246998,0.09680982765554987,0.3003684120758757
thermal_tau60_A0.50,thermal,-31.0,25,2026120225,0,60,,0.5000000000000002,0.19149263985786588,0.7130903629069867,29.887916678079364,20.321561884840296,-6.558434351155995e-13,56.78310890597662,0.9882414948246998,0.9882414948246998,0.09680982765554987,0.3003684120758757
thermal_tau60_A0.50,thermal,-31.0,29,2026120229,0,60,,0.5000000000000002,0.19149263985786588,0.7130903629069867,29.887916678079364,20.321561884840296,-6.558434351155995e-13,56.78310890597662,0.9882414948246998,0.9882414948246998,0.09680982765554987,0.3003684120758757
thermal_tau60_A0.50,thermal,-31.0,27,2026120227,0,60,,0.5000000000000002,0.19149263985786588,0.7130903629069867,29.887916678079364,20.321561884840296,-6.558434351155995e-13,56.78310890597662,0.9882414948246998,0.9882414948246998,0.09680982765554987,0.3003684120758757
thermal_tau60_A0.50,thermal,-31.0,26,2026120226,0,60,,0.5000000000000002,0.19149263985786588,0.7130903629069867,29.887916678079364,20.321561884840296,-6.558434351155995e-13,56.78310890597662,0.9882414948246998,0.9882414948246998,0.09680982765554987,0.3003684120758757
thermal_tau60_A0.50,thermal,-31.0,28,2026120228,0,60,,0.5000000000000002,0.19149263985786588,0.7130903629069867,29.887916678079364,20.321561884840296,-6.558434351155995e-13,56.78310890597662,0.9882414948246998,0.9882414948246998,0.09680982765554987,0.3003684120758757
thermal_tau60_A0.50,thermal,-31.0,30,2026120230,0,60,,0.5000000000000002,0.19149263985786588,0.7130903629069867,29.887916678079364,20.321561884840296,-6.558434351155995e-13,56.78310890597662,0.9882414948246998,0.9882414948246998,0.09680982765554987,0.3003684120758757
thermal_tau60_A0.50,thermal,-31.0,31,2026120231,0,60,,0.5000000000000002,0.19149263985786588,0.7130903629069867,29.887916678079364,20.321561884840296,-6.558434351155995e-13,56.78310890597662,0.9882414948246998,0.9882414948246998,0.09680982765554987,0.3003684120758757
thermal_tau60_A0.50,thermal,-31.0,32,2026120232,0,60,,0.5000000000000002,0.19149263985786588,0.7130903629069867,29.887916678079364,20.321561884840296,-6.558434351155995e-13,56.78310890597662,0.9882414948246998,0.9882414948246998,0.09680982765554987,0.3003684120758757
thermal_tau60_A0.50,thermal,-31.0,33,2026120233,0,60,,0.5000000000000002,0.19149263985786588,0.7130903629069867,29.887916678079364,20.321561884840296,-6.558434351155995e-13,56.78310890597662,0.9882414948246998,0.9882414948246998,0.09680982765554987,0.3003684120758757
thermal_tau60_A0.50,thermal,-31.0,34,2026120234,0,60,,0.5000000000000002,0.19149263985786588,0.7130903629069867,29.887916678079364,20.321561884840296,-6.558434351155995e-13,56.78310890597662,0.9882414948246998,0.9882414948246998,0.09680982765554987,0.3003684120758757
thermal_tau60_A0.50,thermal,-31.0,35,2026120235,0,60,,0.5000000000000002,0.19149263985786588,0.7130903629069867,29.887916678079364,20.321561884840296,-6.558434351155995e-13,56.78310890597662,0.9882414948246998,0.9882414948246998,0.09680982765554987,0.3003684120758757
thermal_tau60_A0.50,thermal,-31.0,36,2026120236,0,60,,0.5000000000000002,0.19149263985786588,0.7130903629069867,29.887916678079364,20.321561884840296,-6.558434351155995e-13,56.78310890597662,0.9882414948246998,0.9882414948246998,0.09680982765554987,0.3003684120758757
thermal_tau60_A0.50,thermal,-31.0,37,2026120237,0,60,,0.5000000000000002,0.19149263985786588,0.7130903629069867,29.887916678079364,20.321561884840296,-6.558434351155995e-13,56.78310890597662,0.9882414948246998,0.9882414948246998,0.09680982765554987,0.3003684120758757
thermal_tau60_A0.50,thermal,-31.0,38,2026120238,0,60,,0.5000000000000002,0.19149263985786588,0.7130903629069867,29.887916678079364,20.321561884840296,-6.558434351155995e-13,56.78310890597662,0.9882414948246998,0.9882414948246998,0.09680982765554987,0.3003684120758757
thermal_tau60_A0.50,thermal,-31.0,40,2026120240,0,60,,0.5000000000000002,0.19149263985786588,0.7130903629069867,29.887916678079364,20.321561884840296,-6.558434351155995e-13,56.78310890597662,0.9882414948246998,0.9882414948246998,0.09680982765554987,0.3003684120758757
thermal_tau60_A0.50,thermal,-31.0,39,2026120239,0,60,,0.5000000000000002,0.19149263985786588,0.7130903629069867,29.887916678079364,20.321561884840296,-6.558434351155995e-13,56.78310890597662,0.9882414948246998,0.9882414948246998,0.09680982765554987,0.3003684120758757
thermal_tau60_A0.50,thermal,-31.0,41,2026120241,0,60,,0.5000000000000002,0.19149263985786588,0.7130903629069867,29.887916678079364,20.321561884840296,-6.558434351155995e-13,56.78310890597662,0.9882414948246998,0.9882414948246998,0.09680982765554987,0.3003684120758757
thermal_tau60_A0.50,thermal,-31.0,42,2026120242,0,60,,0.5000000000000002,0.19149263985786588,0.7130903629069867,29.887916678079364,20.321561884840296,-6.558434351155995e-13,56.78310890597662,0.9882414948246998,0.9882414948246998,0.09680982765554987,0.3003684120758757
thermal_tau60_A0.50,thermal,-31.0,44,2026120244,0,60,,0.5000000000000002,0.19149263985786588,0.7130903629069867,29.887916678079364,20.321561884840296,-6.558434351155995e-13,56.78310890597662,0.9882414948246998,0.9882414948246998,0.09680982765554987,0.3003684120758757
thermal_tau60_A0.50,thermal,-31.0,43,2026120243,0,60,,0.5000000000000002,0.19149263985786588,0.7130903629069867,29.887916678079364,20.321561884840296,-6.558434351155995e-13,56.78310890597662,0.9882414948246998,0.9882414948246998,0.09680982765554987,0.3003684120758757
thermal_tau60_A0.50,thermal,-31.0,45,2026120245,0,60,,0.5000000000000002,0.19149263985786588,0.7130903629069867,29.887916678079364,20.321561884840296,-6.558434351155995e-13,56.78310890597662,0.9882414948246998,0.9882414948246998,0.09680982765554987,0.3003684120758757
thermal_tau60_A0.50,thermal,-31.0,46,2026120246,0,60,,0.5000000000000002,0.19149263985786588,0.7130903629069867,29.887916678079364,20.321561884840296,-6.558434351155995e-13,56.78310890597662,0.9882414948246998,0.9882414948246998,0.09680982765554987,0.3003684120758757
thermal_tau60_A0.50,thermal,-31.0,49,2026120249,0,60,,0.5000000000000002,0.19149263985786588,0.7130903629069867,29.887916678079364,20.321561884840296,-6.558434351155995e-13,56.78310890597662,0.9882414948246998,0.9882414948246998,0.09680982765554987,0.3003684120758757
thermal_tau60_A0.50,thermal,-31.0,48,2026120248,0,60,,0.5000000000000002,0.19149263985786588,0.7130903629069867,29.887916678079364,20.321561884840296,-6.558434351155995e-13,56.78310890597662,0.9882414948246998,0.9882414948246998,0.09680982765554987,0.3003684120758757
thermal_tau60_A0.50,thermal,-31.0,47,2026120247,0,60,,0.5000000000000002,0.19149263985786588,0.7130903629069867,29.887916678079364,20.321561884840296,-6.558434351155995e-13,56.78310890597662,0.9882414948246998,0.9882414948246998,0.09680982765554987,0.3003684120758757
thermal_tau60_A0.50,thermal,-31.0,50,2026120250,0,60,,0.5000000000000002,0.19149263985786588,0.7130903629069867,29.887916678079364,20.321561884840296,-6.558434351155995e-13,56.78310890597662,0.9882414948246998,0.9882414948246998,0.09680982765554987,0.3003684120758757
thermal_tau60_A0.50,thermal,-31.0,51,2026120251,0,60,,0.5000000000000002,0.19149263985786588,0.7130903629069867,29.887916678079364,20.321561884840296,-6.558434351155995e-13,56.78310890597662,0.9882414948246998,0.9882414948246998,0.09680982765554987,0.3003684120758757
thermal_tau60_A0.50,thermal,-31.0,52,2026120252,0,60,,0.5000000000000002,0.19149263985786588,0.7130903629069867,29.887916678079364,20.321561884840296,-6.558434351155995e-13,56.78310890597662,0.9882414948246998,0.9882414948246998,0.09680982765554987,0.3003684120758757
thermal_tau60_A0.50,thermal,-31.0,53,2026120253,0,60,,0.5000000000000002,0.19149263985786588,0.7130903629069867,29.887916678079364,20.321561884840296,-6.558434351155995e-13,56.78310890597662,0.9882414948246998,0.9882414948246998,0.09680982765554987,0.3003684120758757
thermal_tau60_A0.50,thermal,-31.0,54,2026120254,0,60,,0.5000000000000002,0.19149263985786588,0.7130903629069867,29.887916678079364,20.321561884840296,-6.558434351155995e-13,56.78310890597662,0.9882414948246998,0.9882414948246998,0.09680982765554987,0.3003684120758757
thermal_tau60_A0.50,thermal,-31.0,55,2026120255,0,60,,0.5000000000000002,0.19149263985786588,0.7130903629069867,29.887916678079364,20.321561884840296,-6.558434351155995e-13,56.78310890597662,0.9882414948246998,0.9882414948246998,0.09680982765554987,0.3003684120758757
thermal_tau60_A0.50,thermal,-31.0,56,2026120256,0,60,,0.5000000000000002,0.19149263985786588,0.7130903629069867,29.887916678079364,20.321561884840296,-6.558434351155995e-13,56.78310890597662,0.9882414948246998,0.9882414948246998,0.09680982765554987,0.3003684120758757
thermal_tau60_A0.50,thermal,-31.0,57,2026120257,0,60,,0.5000000000000002,0.19149263985786588,0.7130903629069867,29.887916678079364,20.321561884840296,-6.558434351155995e-13,56.78310890597662,0.9882414948246998,0.9882414948246998,0.09680982765554987,0.3003684120758757
thermal_tau60_A0.50,thermal,-31.0,58,2026120258,0,60,,0.5000000000000002,0.19149263985786588,0.7130903629069867,29.887916678079364,20.321561884840296,-6.558434351155995e-13,56.78310890597662,0.9882414948246998,0.9882414948246998,0.09680982765554987,0.3003684120758757
thermal_tau60_A0.50,thermal,-31.0,59,2026120259,0,60,,0.5000000000000002,0.19149263985786588,0.7130903629069867,29.887916678079364,20.321561884840296,-6.558434351155995e-13,56.78310890597662,0.9882414948246998,0.9882414948246998,0.09680982765554987,0.3003684120758757
thermal_tau60_A0.50,thermal,-31.0,62,2026120262,1,60,,0.5000000000000002,0.19149263985786588,0.7130903629069867,29.887916678079364,20.321561884840296,-6.558434351155995e-13,56.78310890597662,0.9882414948246998,0.9882414948246998,0.09680982765554987,0.3003684120758757
thermal_tau60_A0.50,thermal,-31.0,61,2026120261,0,60,,0.5000000000000002,0.19149263985786588,0.7130903629069867,29.887916678079364,20.321561884840296,-6.558434351155995e-13,56.78310890597662,0.9882414948246998,0.9882414948246998,0.09680982765554987,0.3003684120758757
thermal_tau60_A0.50,thermal,-31.0,60,2026120260,0,60,,0.5000000000000002,0.19149263985786588,0.7130903629069867,29.887916678079364,20.321561884840296,-6.558434351155995e-13,56.78310890597662,0.9882414948246998,0.9882414948246998,0.09680982765554987,0.3003684120758757
thermal_tau60_A0.50,thermal,-31.0,63,2026120263,1,60,,0.5000000000000002,0.19149263985786588,0.7130903629069867,29.887916678079364,20.321561884840296,-6.558434351155995e-13,56.78310890597662,0.9882414948246998,0.9882414948246998,0.09680982765554987,0.3003684120758757
thermal_tau60_A0.50,thermal,-31.0,64,2026120264,0,60,,0.5000000000000002,0.19149263985786588,0.7130903629069867,29.887916678079364,20.321561884840296,-6.558434351155995e-13,56.78310890597662,0.9882414948246998,0.9882414948246998,0.09680982765554987,0.3003684120758757
thermal_tau60_A0.50,thermal,-31.0,65,2026120265,0,60,,0.5000000000000002,0.19149263985786588,0.7130903629069867,29.887916678079364,20.321561884840296,-6.558434351155995e-13,56.78310890597662,0.9882414948246998,0.9882414948246998,0.09680982765554987,0.3003684120758757
thermal_tau60_A0.50,thermal,-31.0,66,2026120266,0,60,,0.5000000000000002,0.19149263985786588,0.7130903629069867,29.887916678079364,20.321561884840296,-6.558434351155995e-13,56.78310890597662,0.9882414948246998,0.9882414948246998,0.09680982765554987,0.3003684120758757
thermal_tau60_A0.50,thermal,-31.0,67,2026120267,0,60,,0.5000000000000002,0.19149263985786588,0.7130903629069867,29.887916678079364,20.321561884840296,-6.558434351155995e-13,56.78310890597662,0.9882414948246998,0.9882414948246998,0.09680982765554987,0.3003684120758757
thermal_tau60_A0.50,thermal,-31.0,68,2026120268,0,60,,0.5000000000000002,0.19149263985786588,0.7130903629069867,29.887916678079364,20.321561884840296,-6.558434351155995e-13,56.78310890597662,0.9882414948246998,0.9882414948246998,0.09680982765554987,0.3003684120758757
thermal_tau60_A0.50,thermal,-31.0,70,2026120270,0,60,,0.5000000000000002,0.19149263985786588,0.7130903629069867,29.887916678079364,20.321561884840296,-6.558434351155995e-13,56.78310890597662,0.9882414948246998,0.9882414948246998,0.09680982765554987,0.3003684120758757
thermal_tau60_A0.50,thermal,-31.0,73,2026120273,0,60,,0.5000000000000002,0.19149263985786588,0.7130903629069867,29.887916678079364,20.321561884840296,-6.558434351155995e-13,56.78310890597662,0.9882414948246998,0.9882414948246998,0.09680982765554987,0.3003684120758757
thermal_tau60_A0.50,thermal,-31.0,74,2026120274,0,60,,0.5000000000000002,0.19149263985786588,0.7130903629069867,29.887916678079364,20.321561884840296,-6.558434351155995e-13,56.78310890597662,0.9882414948246998,0.9882414948246998,0.09680982765554987,0.3003684120758757
thermal_tau60_A0.50,thermal,-31.0,69,2026120269,0,60,,0.5000000000000002,0.19149263985786588,0.7130903629069867,29.887916678079364,20.321561884840296,-6.558434351155995e-13,56.78310890597662,0.9882414948246998,0.9882414948246998,0.09680982765554987,0.3003684120758757
thermal_tau60_A0.50,thermal,-31.0,71,2026120271,0,60,,0.5000000000000002,0.19149263985786588,0.7130903629069867,29.887916678079364,20.321561884840296,-6.558434351155995e-13,56.78310890597662,0.9882414948246998,0.9882414948246998,0.09680982765554987,0.3003684120758757
thermal_tau60_A0.50,thermal,-31.0,72,2026120272,0,60,,0.5000000000000002,0.19149263985786588,0.7130903629069867,29.887916678079364,20.321561884840296,-6.558434351155995e-13,56.78310890597662,0.9882414948246998,0.9882414948246998,0.09680982765554987,0.3003684120758757
thermal_tau60_A0.50,thermal,-31.0,75,2026120275,0,60,,0.5000000000000002,0.19149263985786588,0.7130903629069867,29.887916678079364,20.321561884840296,-6.558434351155995e-13,56.78310890597662,0.9882414948246998,0.9882414948246998,0.09680982765554987,0.3003684120758757
thermal_tau60_A0.50,thermal,-31.0,76,2026120276,0,60,,0.5000000000000002,0.19149263985786588,0.7130903629069867,29.887916678079364,20.321561884840296,-6.558434351155995e-13,56.78310890597662,0.9882414948246998,0.9882414948246998,0.09680982765554987,0.3003684120758757
thermal_tau60_A0.50,thermal,-31.0,79,2026120279,1,60,,0.5000000000000002,0.19149263985786588,0.7130903629069867,29.887916678079364,20.321561884840296,-6.558434351155995e-13,56.78310890597662,0.9882414948246998,0.9882414948246998,0.09680982765554987,0.3003684120758757
thermal_tau60_A0.50,thermal,-31.0,77,2026120277,0,60,,0.5000000000000002,0.19149263985786588,0.7130903629069867,29.887916678079364,20.321561884840296,-6.558434351155995e-13,56.78310890597662,0.9882414948246998,0.9882414948246998,0.09680982765554987,0.3003684120758757
thermal_tau60_A0.50,thermal,-31.0,78,2026120278,0,60,,0.5000000000000002,0.19149263985786588,0.7130903629069867,29.887916678079364,20.321561884840296,-6.558434351155995e-13,56.78310890597662,0.9882414948246998,0.9882414948246998,0.09680982765554987,0.3003684120758757
thermal_tau60_A0.50,thermal,-31.0,80,2026120280,0,60,,0.5000000000000002,0.19149263985786588,0.7130903629069867,29.887916678079364,20.321561884840296,-6.558434351155995e-13,56.78310890597662,0.9882414948246998,0.9882414948246998,0.09680982765554987,0.3003684120758757
thermal_tau60_A0.50,thermal,-31.0,84,2026120284,0,60,,0.5000000000000002,0.19149263985786588,0.7130903629069867,29.887916678079364,20.321561884840296,-6.558434351155995e-13,56.78310890597662,0.9882414948246998,0.9882414948246998,0.09680982765554987,0.3003684120758757
thermal_tau60_A0.50,thermal,-31.0,81,2026120281,0,60,,0.5000000000000002,0.19149263985786588,0.7130903629069867,29.887916678079364,20.321561884840296,-6.558434351155995e-13,56.78310890597662,0.9882414948246998,0.9882414948246998,0.09680982765554987,0.3003684120758757
thermal_tau60_A0.50,thermal,-31.0,82,2026120282,0,60,,0.5000000000000002,0.19149263985786588,0.7130903629069867,29.887916678079364,20.321561884840296,-6.558434351155995e-13,56.78310890597662,0.9882414948246998,0.9882414948246998,0.09680982765554987,0.3003684120758757
thermal_tau60_A0.50,thermal,-31.0,83,2026120283,0,60,,0.5000000000000002,0.19149263985786588,0.7130903629069867,29.887916678079364,20.321561884840296,-6.558434351155995e-13,56.78310890597662,0.9882414948246998,0.9882414948246998,0.09680982765554987,0.3003684120758757
thermal_tau60_A0.50,thermal,-31.0,85,2026120285,0,60,,0.5000000000000002,0.19149263985786588,0.7130903629069867,29.887916678079364,20.321561884840296,-6.558434351155995e-13,56.78310890597662,0.9882414948246998,0.9882414948246998,0.09680982765554987,0.3003684120758757
thermal_tau60_A0.50,thermal,-31.0,87,2026120287,0,60,,0.5000000000000002,0.19149263985786588,0.7130903629069867,29.887916678079364,20.321561884840296,-6.558434351155995e-13,56.78310890597662,0.9882414948246998,0.9882414948246998,0.09680982765554987,0.3003684120758757
thermal_tau60_A0.50,thermal,-31.0,86,2026120286,0,60,,0.5000000000000002,0.19149263985786588,0.7130903629069867,29.887916678079364,20.321561884840296,-6.558434351155995e-13,56.78310890597662,0.9882414948246998,0.9882414948246998,0.09680982765554987,0.3003684120758757
thermal_tau60_A0.50,thermal,-31.0,90,2026120290,0,60,,0.5000000000000002,0.19149263985786588,0.7130903629069867,29.887916678079364,20.321561884840296,-6.558434351155995e-13,56.78310890597662,0.9882414948246998,0.9882414948246998,0.09680982765554987,0.3003684120758757
thermal_tau60_A0.50,thermal,-31.0,88,2026120288,0,60,,0.5000000000000002,0.19149263985786588,0.7130903629069867,29.887916678079364,20.321561884840296,-6.558434351155995e-13,56.78310890597662,0.9882414948246998,0.9882414948246998,0.09680982765554987,0.3003684120758757
thermal_tau60_A0.50,thermal,-31.0,89,2026120289,0,60,,0.5000000000000002,0.19149263985786588,0.7130903629069867,29.887916678079364,20.321561884840296,-6.558434351155995e-13,56.78310890597662,0.9882414948246998,0.9882414948246998,0.09680982765554987,0.3003684120758757
thermal_tau60_A0.50,thermal,-31.0,92,2026120292,0,60,,0.5000000000000002,0.19149263985786588,0.7130903629069867,29.887916678079364,20.321561884840296,-6.558434351155995e-13,56.78310890597662,0.9882414948246998,0.9882414948246998,0.09680982765554987,0.3003684120758757
thermal_tau60_A0.50,thermal,-31.0,91,2026120291,0,60,,0.5000000000000002,0.19149263985786588,0.7130903629069867,29.887916678079364,20.321561884840296,-6.558434351155995e-13,56.78310890597662,0.9882414948246998,0.9882414948246998,0.09680982765554987,0.3003684120758757
thermal_tau60_A0.50,thermal,-31.0,93,2026120293,0,60,,0.5000000000000002,0.19149263985786588,0.7130903629069867,29.887916678079364,20.321561884840296,-6.558434351155995e-13,56.78310890597662,0.9882414948246998,0.9882414948246998,0.09680982765554987,0.3003684120758757
thermal_tau60_A0.50,thermal,-31.0,94,2026120294,0,60,,0.5000000000000002,0.19149263985786588,0.7130903629069867,29.887916678079364,20.321561884840296,-6.558434351155995e-13,56.78310890597662,0.9882414948246998,0.9882414948246998,0.09680982765554987,0.3003684120758757
thermal_tau60_A0.50,thermal,-31.0,96,2026120296,0,60,,0.5000000000000002,0.19149263985786588,0.7130903629069867,29.887916678079364,20.321561884840296,-6.558434351155995e-13,56.78310890597662,0.9882414948246998,0.9882414948246998,0.09680982765554987,0.3003684120758757
thermal_tau60_A0.50,thermal,-31.0,98,2026120298,1,60,,0.5000000000000002,0.19149263985786588,0.7130903629069867,29.887916678079364,20.321561884840296,-6.558434351155995e-13,56.78310890597662,0.9882414948246998,0.9882414948246998,0.09680982765554987,0.3003684120758757
thermal_tau60_A0.50,thermal,-31.0,95,2026120295,0,60,,0.5000000000000002,0.19149263985786588,0.7130903629069867,29.887916678079364,20.321561884840296,-6.558434351155995e-13,56.78310890597662,0.9882414948246998,0.9882414948246998,0.09680982765554987,0.3003684120758757
thermal_tau60_A0.50,thermal,-31.0,97,2026120297,0,60,,0.5000000000000002,0.19149263985786588,0.7130903629069867,29.887916678079364,20.321561884840296,-6.558434351155995e-13,56.78310890597662,0.9882414948246998,0.9882414948246998,0.09680982765554987,0.3003684120758757
thermal_tau120_A0.25,thermal,-31.0,2,2026120202,1,120,,0.2499999999999996,0.10420946540922124,0.36637336950106697,15.959377671278755,11.143850113380921,-1.4250102833845979e-12,31.095396415735003,0.9969914656036482,0.9969914656036484,0.051410479910138335,0.16499666409154878
thermal_tau60_A0.50,thermal,-31.0,99,2026120299,0,60,,0.5000000000000002,0.19149263985786588,0.7130903629069867,29.887916678079364,20.321561884840296,-6.558434351155995e-13,56.78310890597662,0.9882414948246998,0.9882414948246998,0.09680982765554987,0.3003684120758757
thermal_tau120_A0.25,thermal,-31.0,0,2026120200,0,120,,0.2499999999999996,0.10420946540922124,0.36637336950106697,15.959377671278755,11.143850113380921,-1.4250102833845979e-12,31.095396415735003,0.9969914656036482,0.9969914656036484,0.051410479910138335,0.16499666409154878
thermal_tau120_A0.25,thermal,-31.0,1,2026120201,0,120,,0.2499999999999996,0.10420946540922124,0.36637336950106697,15.959377671278755,11.143850113380921,-1.4250102833845979e-12,31.095396415735003,0.9969914656036482,0.9969914656036484,0.051410479910138335,0.16499666409154878
thermal_tau120_A0.25,thermal,-31.0,3,2026120203,0,120,,0.2499999999999996,0.10420946540922124,0.36637336950106697,15.959377671278755,11.143850113380921,-1.4250102833845979e-12,31.095396415735003,0.9969914656036482,0.9969914656036484,0.051410479910138335,0.16499666409154878
thermal_tau120_A0.25,thermal,-31.0,4,2026120204,0,120,,0.2499999999999996,0.10420946540922124,0.36637336950106697,15.959377671278755,11.143850113380921,-1.4250102833845979e-12,31.095396415735003,0.9969914656036482,0.9969914656036484,0.051410479910138335,0.16499666409154878
thermal_tau120_A0.25,thermal,-31.0,6,2026120206,0,120,,0.2499999999999996,0.10420946540922124,0.36637336950106697,15.959377671278755,11.143850113380921,-1.4250102833845979e-12,31.095396415735003,0.9969914656036482,0.9969914656036484,0.051410479910138335,0.16499666409154878
thermal_tau120_A0.25,thermal,-31.0,5,2026120205,0,120,,0.2499999999999996,0.10420946540922124,0.36637336950106697,15.959377671278755,11.143850113380921,-1.4250102833845979e-12,31.095396415735003,0.9969914656036482,0.9969914656036484,0.051410479910138335,0.16499666409154878
thermal_tau120_A0.25,thermal,-31.0,7,2026120207,1,120,,0.2499999999999996,0.10420946540922124,0.36637336950106697,15.959377671278755,11.143850113380921,-1.4250102833845979e-12,31.095396415735003,0.9969914656036482,0.9969914656036484,0.051410479910138335,0.16499666409154878
thermal_tau120_A0.25,thermal,-31.0,9,2026120209,1,120,,0.2499999999999996,0.10420946540922124,0.36637336950106697,15.959377671278755,11.143850113380921,-1.4250102833845979e-12,31.095396415735003,0.9969914656036482,0.9969914656036484,0.051410479910138335,0.16499666409154878
thermal_tau120_A0.25,thermal,-31.0,8,2026120208,1,120,,0.2499999999999996,0.10420946540922124,0.36637336950106697,15.959377671278755,11.143850113380921,-1.4250102833845979e-12,31.095396415735003,0.9969914656036482,0.9969914656036484,0.051410479910138335,0.16499666409154878
thermal_tau120_A0.25,thermal,-31.0,11,2026120211,1,120,,0.2499999999999996,0.10420946540922124,0.36637336950106697,15.959377671278755,11.143850113380921,-1.4250102833845979e-12,31.095396415735003,0.9969914656036482,0.9969914656036484,0.051410479910138335,0.16499666409154878
thermal_tau120_A0.25,thermal,-31.0,12,2026120212,1,120,,0.2499999999999996,0.10420946540922124,0.36637336950106697,15.959377671278755,11.143850113380921,-1.4250102833845979e-12,31.095396415735003,0.9969914656036482,0.9969914656036484,0.051410479910138335,0.16499666409154878
thermal_tau120_A0.25,thermal,-31.0,15,2026120215,1,120,,0.2499999999999996,0.10420946540922124,0.36637336950106697,15.959377671278755,11.143850113380921,-1.4250102833845979e-12,31.095396415735003,0.9969914656036482,0.9969914656036484,0.051410479910138335,0.16499666409154878
thermal_tau120_A0.25,thermal,-31.0,10,2026120210,0,120,,0.2499999999999996,0.10420946540922124,0.36637336950106697,15.959377671278755,11.143850113380921,-1.4250102833845979e-12,31.095396415735003,0.9969914656036482,0.9969914656036484,0.051410479910138335,0.16499666409154878
thermal_tau120_A0.25,thermal,-31.0,13,2026120213,1,120,,0.2499999999999996,0.10420946540922124,0.36637336950106697,15.959377671278755,11.143850113380921,-1.4250102833845979e-12,31.095396415735003,0.9969914656036482,0.9969914656036484,0.051410479910138335,0.16499666409154878
thermal_tau120_A0.25,thermal,-31.0,17,2026120217,1,120,,0.2499999999999996,0.10420946540922124,0.36637336950106697,15.959377671278755,11.143850113380921,-1.4250102833845979e-12,31.095396415735003,0.9969914656036482,0.9969914656036484,0.051410479910138335,0.16499666409154878
thermal_tau120_A0.25,thermal,-31.0,16,2026120216,1,120,,0.2499999999999996,0.10420946540922124,0.36637336950106697,15.959377671278755,11.143850113380921,-1.4250102833845979e-12,31.095396415735003,0.9969914656036482,0.9969914656036484,0.051410479910138335,0.16499666409154878
thermal_tau120_A0.25,thermal,-31.0,19,2026120219,1,120,,0.2499999999999996,0.10420946540922124,0.36637336950106697,15.959377671278755,11.143850113380921,-1.4250102833845979e-12,31.095396415735003,0.9969914656036482,0.9969914656036484,0.051410479910138335,0.16499666409154878
thermal_tau120_A0.25,thermal,-31.0,18,2026120218,1,120,,0.2499999999999996,0.10420946540922124,0.36637336950106697,15.959377671278755,11.143850113380921,-1.4250102833845979e-12,31.095396415735003,0.9969914656036482,0.9969914656036484,0.051410479910138335,0.16499666409154878
thermal_tau120_A0.25,thermal,-31.0,14,2026120214,0,120,,0.2499999999999996,0.10420946540922124,0.36637336950106697,15.959377671278755,11.143850113380921,-1.4250102833845979e-12,31.095396415735003,0.9969914656036482,0.9969914656036484,0.051410479910138335,0.16499666409154878
thermal_tau120_A0.25,thermal,-31.0,21,2026120221,1,120,,0.2499999999999996,0.10420946540922124,0.36637336950106697,15.959377671278755,11.143850113380921,-1.4250102833845979e-12,31.095396415735003,0.9969914656036482,0.9969914656036484,0.051410479910138335,0.16499666409154878
thermal_tau120_A0.25,thermal,-31.0,20,2026120220,1,120,,0.2499999999999996,0.10420946540922124,0.36637336950106697,15.959377671278755,11.143850113380921,-1.4250102833845979e-12,31.095396415735003,0.9969914656036482,0.9969914656036484,0.051410479910138335,0.16499666409154878
thermal_tau120_A0.25,thermal,-31.0,22,2026120222,0,120,,0.2499999999999996,0.10420946540922124,0.36637336950106697,15.959377671278755,11.143850113380921,-1.4250102833845979e-12,31.095396415735003,0.9969914656036482,0.9969914656036484,0.051410479910138335,0.16499666409154878
thermal_tau120_A0.25,thermal,-31.0,23,2026120223,0,120,,0.2499999999999996,0.10420946540922124,0.36637336950106697,15.959377671278755,11.143850113380921,-1.4250102833845979e-12,31.095396415735003,0.9969914656036482,0.9969914656036484,0.051410479910138335,0.16499666409154878
thermal_tau120_A0.25,thermal,-31.0,24,2026120224,0,120,,0.2499999999999996,0.10420946540922124,0.36637336950106697,15.959377671278755,11.143850113380921,-1.4250102833845979e-12,31.095396415735003,0.9969914656036482,0.9969914656036484,0.051410479910138335,0.16499666409154878
thermal_tau120_A0.25,thermal,-31.0,25,2026120225,0,120,,0.2499999999999996,0.10420946540922124,0.36637336950106697,15.959377671278755,11.143850113380921,-1.4250102833845979e-12,31.095396415735003,0.9969914656036482,0.9969914656036484,0.051410479910138335,0.16499666409154878
thermal_tau120_A0.25,thermal,-31.0,29,2026120229,0,120,,0.2499999999999996,0.10420946540922124,0.36637336950106697,15.959377671278755,11.143850113380921,-1.4250102833845979e-12,31.095396415735003,0.9969914656036482,0.9969914656036484,0.051410479910138335,0.16499666409154878
thermal_tau120_A0.25,thermal,-31.0,28,2026120228,1,120,,0.2499999999999996,0.10420946540922124,0.36637336950106697,15.959377671278755,11.143850113380921,-1.4250102833845979e-12,31.095396415735003,0.9969914656036482,0.9969914656036484,0.051410479910138335,0.16499666409154878
thermal_tau120_A0.25,thermal,-31.0,26,2026120226,0,120,,0.2499999999999996,0.10420946540922124,0.36637336950106697,15.959377671278755,11.143850113380921,-1.4250102833845979e-12,31.095396415735003,0.9969914656036482,0.9969914656036484,0.051410479910138335,0.16499666409154878
thermal_tau120_A0.25,thermal,-31.0,27,2026120227,0,120,,0.2499999999999996,0.10420946540922124,0.36637336950106697,15.959377671278755,11.143850113380921,-1.4250102833845979e-12,31.095396415735003,0.9969914656036482,0.9969914656036484,0.051410479910138335,0.16499666409154878
thermal_tau120_A0.25,thermal,-31.0,30,2026120230,0,120,,0.2499999999999996,0.10420946540922124,0.36637336950106697,15.959377671278755,11.143850113380921,-1.4250102833845979e-12,31.095396415735003,0.9969914656036482,0.9969914656036484,0.051410479910138335,0.16499666409154878
thermal_tau120_A0.25,thermal,-31.0,31,2026120231,0,120,,0.2499999999999996,0.10420946540922124,0.36637336950106697,15.959377671278755,11.143850113380921,-1.4250102833845979e-12,31.095396415735003,0.9969914656036482,0.9969914656036484,0.051410479910138335,0.16499666409154878
thermal_tau120_A0.25,thermal,-31.0,34,2026120234,1,120,,0.2499999999999996,0.10420946540922124,0.36637336950106697,15.959377671278755,11.143850113380921,-1.4250102833845979e-12,31.095396415735003,0.9969914656036482,0.9969914656036484,0.051410479910138335,0.16499666409154878
thermal_tau120_A0.25,thermal,-31.0,32,2026120232,0,120,,0.2499999999999996,0.10420946540922124,0.36637336950106697,15.959377671278755,11.143850113380921,-1.4250102833845979e-12,31.095396415735003,0.9969914656036482,0.9969914656036484,0.051410479910138335,0.16499666409154878
thermal_tau120_A0.25,thermal,-31.0,33,2026120233,0,120,,0.2499999999999996,0.10420946540922124,0.36637336950106697,15.959377671278755,11.143850113380921,-1.4250102833845979e-12,31.095396415735003,0.9969914656036482,0.9969914656036484,0.051410479910138335,0.16499666409154878
thermal_tau120_A0.25,thermal,-31.0,36,2026120236,1,120,,0.2499999999999996,0.10420946540922124,0.36637336950106697,15.959377671278755,11.143850113380921,-1.4250102833845979e-12,31.095396415735003,0.9969914656036482,0.9969914656036484,0.051410479910138335,0.16499666409154878
thermal_tau120_A0.25,thermal,-31.0,37,2026120237,1,120,,0.2499999999999996,0.10420946540922124,0.36637336950106697,15.959377671278755,11.143850113380921,-1.4250102833845979e-12,31.095396415735003,0.9969914656036482,0.9969914656036484,0.051410479910138335,0.16499666409154878
thermal_tau120_A0.25,thermal,-31.0,35,2026120235,0,120,,0.2499999999999996,0.10420946540922124,0.36637336950106697,15.959377671278755,11.143850113380921,-1.4250102833845979e-12,31.095396415735003,0.9969914656036482,0.9969914656036484,0.051410479910138335,0.16499666409154878
thermal_tau120_A0.25,thermal,-31.0,38,2026120238,0,120,,0.2499999999999996,0.10420946540922124,0.36637336950106697,15.959377671278755,11.143850113380921,-1.4250102833845979e-12,31.095396415735003,0.9969914656036482,0.9969914656036484,0.051410479910138335,0.16499666409154878
thermal_tau120_A0.25,thermal,-31.0,41,2026120241,1,120,,0.2499999999999996,0.10420946540922124,0.36637336950106697,15.959377671278755,11.143850113380921,-1.4250102833845979e-12,31.095396415735003,0.9969914656036482,0.9969914656036484,0.051410479910138335,0.16499666409154878
thermal_tau120_A0.25,thermal,-31.0,40,2026120240,1,120,,0.2499999999999996,0.10420946540922124,0.36637336950106697,15.959377671278755,11.143850113380921,-1.4250102833845979e-12,31.095396415735003,0.9969914656036482,0.9969914656036484,0.051410479910138335,0.16499666409154878
thermal_tau120_A0.25,thermal,-31.0,39,2026120239,0,120,,0.2499999999999996,0.10420946540922124,0.36637336950106697,15.959377671278755,11.143850113380921,-1.4250102833845979e-12,31.095396415735003,0.9969914656036482,0.9969914656036484,0.051410479910138335,0.16499666409154878
thermal_tau120_A0.25,thermal,-31.0,42,2026120242,1,120,,0.2499999999999996,0.10420946540922124,0.36637336950106697,15.959377671278755,11.143850113380921,-1.4250102833845979e-12,31.095396415735003,0.9969914656036482,0.9969914656036484,0.051410479910138335,0.16499666409154878
thermal_tau120_A0.25,thermal,-31.0,46,2026120246,1,120,,0.2499999999999996,0.10420946540922124,0.36637336950106697,15.959377671278755,11.143850113380921,-1.4250102833845979e-12,31.095396415735003,0.9969914656036482,0.9969914656036484,0.051410479910138335,0.16499666409154878
thermal_tau120_A0.25,thermal,-31.0,43,2026120243,0,120,,0.2499999999999996,0.10420946540922124,0.36637336950106697,15.959377671278755,11.143850113380921,-1.4250102833845979e-12,31.095396415735003,0.9969914656036482,0.9969914656036484,0.051410479910138335,0.16499666409154878
thermal_tau120_A0.25,thermal,-31.0,44,2026120244,0,120,,0.2499999999999996,0.10420946540922124,0.36637336950106697,15.959377671278755,11.143850113380921,-1.4250102833845979e-12,31.095396415735003,0.9969914656036482,0.9969914656036484,0.051410479910138335,0.16499666409154878
thermal_tau120_A0.25,thermal,-31.0,45,2026120245,0,120,,0.2499999999999996,0.10420946540922124,0.36637336950106697,15.959377671278755,11.143850113380921,-1.4250102833845979e-12,31.095396415735003,0.9969914656036482,0.9969914656036484,0.051410479910138335,0.16499666409154878
thermal_tau120_A0.25,thermal,-31.0,48,2026120248,1,120,,0.2499999999999996,0.10420946540922124,0.36637336950106697,15.959377671278755,11.143850113380921,-1.4250102833845979e-12,31.095396415735003,0.9969914656036482,0.9969914656036484,0.051410479910138335,0.16499666409154878
thermal_tau120_A0.25,thermal,-31.0,50,2026120250,1,120,,0.2499999999999996,0.10420946540922124,0.36637336950106697,15.959377671278755,11.143850113380921,-1.4250102833845979e-12,31.095396415735003,0.9969914656036482,0.9969914656036484,0.051410479910138335,0.16499666409154878
thermal_tau120_A0.25,thermal,-31.0,47,2026120247,0,120,,0.2499999999999996,0.10420946540922124,0.36637336950106697,15.959377671278755,11.143850113380921,-1.4250102833845979e-12,31.095396415735003,0.9969914656036482,0.9969914656036484,0.051410479910138335,0.16499666409154878
thermal_tau120_A0.25,thermal,-31.0,51,2026120251,1,120,,0.2499999999999996,0.10420946540922124,0.36637336950106697,15.959377671278755,11.143850113380921,-1.4250102833845979e-12,31.095396415735003,0.9969914656036482,0.9969914656036484,0.051410479910138335,0.16499666409154878
thermal_tau120_A0.25,thermal,-31.0,49,2026120249,0,120,,0.2499999999999996,0.10420946540922124,0.36637336950106697,15.959377671278755,11.143850113380921,-1.4250102833845979e-12,31.095396415735003,0.9969914656036482,0.9969914656036484,0.051410479910138335,0.16499666409154878
thermal_tau120_A0.25,thermal,-31.0,55,2026120255,1,120,,0.2499999999999996,0.10420946540922124,0.36637336950106697,15.959377671278755,11.143850113380921,-1.4250102833845979e-12,31.095396415735003,0.9969914656036482,0.9969914656036484,0.051410479910138335,0.16499666409154878
thermal_tau120_A0.25,thermal,-31.0,54,2026120254,0,120,,0.2499999999999996,0.10420946540922124,0.36637336950106697,15.959377671278755,11.143850113380921,-1.4250102833845979e-12,31.095396415735003,0.9969914656036482,0.9969914656036484,0.051410479910138335,0.16499666409154878
thermal_tau120_A0.25,thermal,-31.0,53,2026120253,0,120,,0.2499999999999996,0.10420946540922124,0.36637336950106697,15.959377671278755,11.143850113380921,-1.4250102833845979e-12,31.095396415735003,0.9969914656036482,0.9969914656036484,0.051410479910138335,0.16499666409154878
thermal_tau120_A0.25,thermal,-31.0,52,2026120252,0,120,,0.2499999999999996,0.10420946540922124,0.36637336950106697,15.959377671278755,11.143850113380921,-1.4250102833845979e-12,31.095396415735003,0.9969914656036482,0.9969914656036484,0.051410479910138335,0.16499666409154878
thermal_tau120_A0.25,thermal,-31.0,56,2026120256,1,120,,0.2499999999999996,0.10420946540922124,0.36637336950106697,15.959377671278755,11.143850113380921,-1.4250102833845979e-12,31.095396415735003,0.9969914656036482,0.9969914656036484,0.051410479910138335,0.16499666409154878
thermal_tau120_A0.25,thermal,-31.0,57,2026120257,0,120,,0.2499999999999996,0.10420946540922124,0.36637336950106697,15.959377671278755,11.143850113380921,-1.4250102833845979e-12,31.095396415735003,0.9969914656036482,0.9969914656036484,0.051410479910138335,0.16499666409154878
thermal_tau120_A0.25,thermal,-31.0,60,2026120260,1,120,,0.2499999999999996,0.10420946540922124,0.36637336950106697,15.959377671278755,11.143850113380921,-1.4250102833845979e-12,31.095396415735003,0.9969914656036482,0.9969914656036484,0.051410479910138335,0.16499666409154878
thermal_tau120_A0.25,thermal,-31.0,59,2026120259,0,120,,0.2499999999999996,0.10420946540922124,0.36637336950106697,15.959377671278755,11.143850113380921,-1.4250102833845979e-12,31.095396415735003,0.9969914656036482,0.9969914656036484,0.051410479910138335,0.16499666409154878
thermal_tau120_A0.25,thermal,-31.0,58,2026120258,0,120,,0.2499999999999996,0.10420946540922124,0.36637336950106697,15.959377671278755,11.143850113380921,-1.4250102833845979e-12,31.095396415735003,0.9969914656036482,0.9969914656036484,0.051410479910138335,0.16499666409154878
thermal_tau120_A0.25,thermal,-31.0,61,2026120261,1,120,,0.2499999999999996,0.10420946540922124,0.36637336950106697,15.959377671278755,11.143850113380921,-1.4250102833845979e-12,31.095396415735003,0.9969914656036482,0.9969914656036484,0.051410479910138335,0.16499666409154878
thermal_tau120_A0.25,thermal,-31.0,64,2026120264,1,120,,0.2499999999999996,0.10420946540922124,0.36637336950106697,15.959377671278755,11.143850113380921,-1.4250102833845979e-12,31.095396415735003,0.9969914656036482,0.9969914656036484,0.051410479910138335,0.16499666409154878
thermal_tau120_A0.25,thermal,-31.0,63,2026120263,1,120,,0.2499999999999996,0.10420946540922124,0.36637336950106697,15.959377671278755,11.143850113380921,-1.4250102833845979e-12,31.095396415735003,0.9969914656036482,0.9969914656036484,0.051410479910138335,0.16499666409154878
thermal_tau120_A0.25,thermal,-31.0,66,2026120266,1,120,,0.2499999999999996,0.10420946540922124,0.36637336950106697,15.959377671278755,11.143850113380921,-1.4250102833845979e-12,31.095396415735003,0.9969914656036482,0.9969914656036484,0.051410479910138335,0.16499666409154878
thermal_tau120_A0.25,thermal,-31.0,67,2026120267,1,120,,0.2499999999999996,0.10420946540922124,0.36637336950106697,15.959377671278755,11.143850113380921,-1.4250102833845979e-12,31.095396415735003,0.9969914656036482,0.9969914656036484,0.051410479910138335,0.16499666409154878
thermal_tau120_A0.25,thermal,-31.0,62,2026120262,0,120,,0.2499999999999996,0.10420946540922124,0.36637336950106697,15.959377671278755,11.143850113380921,-1.4250102833845979e-12,31.095396415735003,0.9969914656036482,0.9969914656036484,0.051410479910138335,0.16499666409154878
thermal_tau120_A0.25,thermal,-31.0,65,2026120265,1,120,,0.2499999999999996,0.10420946540922124,0.36637336950106697,15.959377671278755,11.143850113380921,-1.4250102833845979e-12,31.095396415735003,0.9969914656036482,0.9969914656036484,0.051410479910138335,0.16499666409154878
thermal_tau120_A0.25,thermal,-31.0,70,2026120270,1,120,,0.2499999999999996,0.10420946540922124,0.36637336950106697,15.959377671278755,11.143850113380921,-1.4250102833845979e-12,31.095396415735003,0.9969914656036482,0.9969914656036484,0.051410479910138335,0.16499666409154878
thermal_tau120_A0.25,thermal,-31.0,68,2026120268,0,120,,0.2499999999999996,0.10420946540922124,0.36637336950106697,15.959377671278755,11.143850113380921,-1.4250102833845979e-12,31.095396415735003,0.9969914656036482,0.9969914656036484,0.051410479910138335,0.16499666409154878
thermal_tau120_A0.25,thermal,-31.0,69,2026120269,0,120,,0.2499999999999996,0.10420946540922124,0.36637336950106697,15.959377671278755,11.143850113380921,-1.4250102833845979e-12,31.095396415735003,0.9969914656036482,0.9969914656036484,0.051410479910138335,0.16499666409154878
thermal_tau120_A0.25,thermal,-31.0,74,2026120274,0,120,,0.2499999999999996,0.10420946540922124,0.36637336950106697,15.959377671278755,11.143850113380921,-1.4250102833845979e-12,31.095396415735003,0.9969914656036482,0.9969914656036484,0.051410479910138335,0.16499666409154878
thermal_tau120_A0.25,thermal,-31.0,72,2026120272,1,120,,0.2499999999999996,0.10420946540922124,0.36637336950106697,15.959377671278755,11.143850113380921,-1.4250102833845979e-12,31.095396415735003,0.9969914656036482,0.9969914656036484,0.051410479910138335,0.16499666409154878
thermal_tau120_A0.25,thermal,-31.0,71,2026120271,0,120,,0.2499999999999996,0.10420946540922124,0.36637336950106697,15.959377671278755,11.143850113380921,-1.4250102833845979e-12,31.095396415735003,0.9969914656036482,0.9969914656036484,0.051410479910138335,0.16499666409154878
thermal_tau120_A0.25,thermal,-31.0,75,2026120275,1,120,,0.2499999999999996,0.10420946540922124,0.36637336950106697,15.959377671278755,11.143850113380921,-1.4250102833845979e-12,31.095396415735003,0.9969914656036482,0.9969914656036484,0.051410479910138335,0.16499666409154878
thermal_tau120_A0.25,thermal,-31.0,73,2026120273,0,120,,0.2499999999999996,0.10420946540922124,0.36637336950106697,15.959377671278755,11.143850113380921,-1.4250102833845979e-12,31.095396415735003,0.9969914656036482,0.9969914656036484,0.051410479910138335,0.16499666409154878
thermal_tau120_A0.25,thermal,-31.0,77,2026120277,1,120,,0.2499999999999996,0.10420946540922124,0.36637336950106697,15.959377671278755,11.143850113380921,-1.4250102833845979e-12,31.095396415735003,0.9969914656036482,0.9969914656036484,0.051410479910138335,0.16499666409154878
thermal_tau120_A0.25,thermal,-31.0,78,2026120278,1,120,,0.2499999999999996,0.10420946540922124,0.36637336950106697,15.959377671278755,11.143850113380921,-1.4250102833845979e-12,31.095396415735003,0.9969914656036482,0.9969914656036484,0.051410479910138335,0.16499666409154878
thermal_tau120_A0.25,thermal,-31.0,76,2026120276,0,120,,0.2499999999999996,0.10420946540922124,0.36637336950106697,15.959377671278755,11.143850113380921,-1.4250102833845979e-12,31.095396415735003,0.9969914656036482,0.9969914656036484,0.051410479910138335,0.16499666409154878
thermal_tau120_A0.25,thermal,-31.0,81,2026120281,1,120,,0.2499999999999996,0.10420946540922124,0.36637336950106697,15.959377671278755,11.143850113380921,-1.4250102833845979e-12,31.095396415735003,0.9969914656036482,0.9969914656036484,0.051410479910138335,0.16499666409154878
thermal_tau120_A0.25,thermal,-31.0,83,2026120283,1,120,,0.2499999999999996,0.10420946540922124,0.36637336950106697,15.959377671278755,11.143850113380921,-1.4250102833845979e-12,31.095396415735003,0.9969914656036482,0.9969914656036484,0.051410479910138335,0.16499666409154878
thermal_tau120_A0.25,thermal,-31.0,84,2026120284,0,120,,0.2499999999999996,0.10420946540922124,0.36637336950106697,15.959377671278755,11.143850113380921,-1.4250102833845979e-12,31.095396415735003,0.9969914656036482,0.9969914656036484,0.051410479910138335,0.16499666409154878
thermal_tau120_A0.25,thermal,-31.0,80,2026120280,1,120,,0.2499999999999996,0.10420946540922124,0.36637336950106697,15.959377671278755,11.143850113380921,-1.4250102833845979e-12,31.095396415735003,0.9969914656036482,0.9969914656036484,0.051410479910138335,0.16499666409154878
thermal_tau120_A0.25,thermal,-31.0,79,2026120279,0,120,,0.2499999999999996,0.10420946540922124,0.36637336950106697,15.959377671278755,11.143850113380921,-1.4250102833845979e-12,31.095396415735003,0.9969914656036482,0.9969914656036484,0.051410479910138335,0.16499666409154878
thermal_tau120_A0.25,thermal,-31.0,85,2026120285,1,120,,0.2499999999999996,0.10420946540922124,0.36637336950106697,15.959377671278755,11.143850113380921,-1.4250102833845979e-12,31.095396415735003,0.9969914656036482,0.9969914656036484,0.051410479910138335,0.16499666409154878
thermal_tau120_A0.25,thermal,-31.0,82,2026120282,0,120,,0.2499999999999996,0.10420946540922124,0.36637336950106697,15.959377671278755,11.143850113380921,-1.4250102833845979e-12,31.095396415735003,0.9969914656036482,0.9969914656036484,0.051410479910138335,0.16499666409154878
thermal_tau120_A0.25,thermal,-31.0,87,2026120287,1,120,,0.2499999999999996,0.10420946540922124,0.36637336950106697,15.959377671278755,11.143850113380921,-1.4250102833845979e-12,31.095396415735003,0.9969914656036482,0.9969914656036484,0.051410479910138335,0.16499666409154878
thermal_tau120_A0.25,thermal,-31.0,90,2026120290,0,120,,0.2499999999999996,0.10420946540922124,0.36637336950106697,15.959377671278755,11.143850113380921,-1.4250102833845979e-12,31.095396415735003,0.9969914656036482,0.9969914656036484,0.051410479910138335,0.16499666409154878
thermal_tau120_A0.25,thermal,-31.0,88,2026120288,1,120,,0.2499999999999996,0.10420946540922124,0.36637336950106697,15.959377671278755,11.143850113380921,-1.4250102833845979e-12,31.095396415735003,0.9969914656036482,0.9969914656036484,0.051410479910138335,0.16499666409154878
thermal_tau120_A0.25,thermal,-31.0,86,2026120286,0,120,,0.2499999999999996,0.10420946540922124,0.36637336950106697,15.959377671278755,11.143850113380921,-1.4250102833845979e-12,31.095396415735003,0.9969914656036482,0.9969914656036484,0.051410479910138335,0.16499666409154878
thermal_tau120_A0.25,thermal,-31.0,91,2026120291,1,120,,0.2499999999999996,0.10420946540922124,0.36637336950106697,15.959377671278755,11.143850113380921,-1.4250102833845979e-12,31.095396415735003,0.9969914656036482,0.9969914656036484,0.051410479910138335,0.16499666409154878
thermal_tau120_A0.25,thermal,-31.0,89,2026120289,0,120,,0.2499999999999996,0.10420946540922124,0.36637336950106697,15.959377671278755,11.143850113380921,-1.4250102833845979e-12,31.095396415735003,0.9969914656036482,0.9969914656036484,0.051410479910138335,0.16499666409154878
thermal_tau120_A0.25,thermal,-31.0,92,2026120292,1,120,,0.2499999999999996,0.10420946540922124,0.36637336950106697,15.959377671278755,11.143850113380921,-1.4250102833845979e-12,31.095396415735003,0.9969914656036482,0.9969914656036484,0.051410479910138335,0.16499666409154878
thermal_tau120_A0.25,thermal,-31.0,93,2026120293,0,120,,0.2499999999999996,0.10420946540922124,0.36637336950106697,15.959377671278755,11.143850113380921,-1.4250102833845979e-12,31.095396415735003,0.9969914656036482,0.9969914656036484,0.051410479910138335,0.16499666409154878
thermal_tau120_A0.25,thermal,-31.0,96,2026120296,0,120,,0.2499999999999996,0.10420946540922124,0.36637336950106697,15.959377671278755,11.143850113380921,-1.4250102833845979e-12,31.095396415735003,0.9969914656036482,0.9969914656036484,0.051410479910138335,0.16499666409154878
thermal_tau120_A0.25,thermal,-31.0,94,2026120294,0,120,,0.2499999999999996,0.10420946540922124,0.36637336950106697,15.959377671278755,11.143850113380921,-1.4250102833845979e-12,31.095396415735003,0.9969914656036482,0.9969914656036484,0.051410479910138335,0.16499666409154878
thermal_tau120_A0.25,thermal,-31.0,95,2026120295,0,120,,0.2499999999999996,0.10420946540922124,0.36637336950106697,15.959377671278755,11.143850113380921,-1.4250102833845979e-12,31.095396415735003,0.9969914656036482,0.9969914656036484,0.051410479910138335,0.16499666409154878
thermal_tau120_A0.25,thermal,-31.0,98,2026120298,1,120,,0.2499999999999996,0.10420946540922124,0.36637336950106697,15.959377671278755,11.143850113380921,-1.4250102833845979e-12,31.095396415735003,0.9969914656036482,0.9969914656036484,0.051410479910138335,0.16499666409154878
thermal_tau120_A0.25,thermal,-31.0,99,2026120299,0,120,,0.2499999999999996,0.10420946540922124,0.36637336950106697,15.959377671278755,11.143850113380921,-1.4250102833845979e-12,31.095396415735003,0.9969914656036482,0.9969914656036484,0.051410479910138335,0.16499666409154878
thermal_tau120_A0.25,thermal,-31.0,97,2026120297,0,120,,0.2499999999999996,0.10420946540922124,0.36637336950106697,15.959377671278755,11.143850113380921,-1.4250102833845979e-12,31.095396415735003,0.9969914656036482,0.9969914656036484,0.051410479910138335,0.16499666409154878
thermal_tau120_A0.50,thermal,-31.0,0,2026120200,0,120,,0.4999999999999992,0.20841893081844248,0.7327467390021339,31.91875534255751,22.287700226761842,-2.8500205667691958e-12,62.190792831470006,0.9969914656036482,0.9969914656036484,0.051410479910138335,0.16499666409154878
thermal_tau120_A0.50,thermal,-31.0,1,2026120201,0,120,,0.4999999999999992,0.20841893081844248,0.7327467390021339,31.91875534255751,22.287700226761842,-2.8500205667691958e-12,62.190792831470006,0.9969914656036482,0.9969914656036484,0.051410479910138335,0.16499666409154878
thermal_tau120_A0.50,thermal,-31.0,2,2026120202,0,120,,0.4999999999999992,0.20841893081844248,0.7327467390021339,31.91875534255751,22.287700226761842,-2.8500205667691958e-12,62.190792831470006,0.9969914656036482,0.9969914656036484,0.051410479910138335,0.16499666409154878
thermal_tau120_A0.50,thermal,-31.0,3,2026120203,0,120,,0.4999999999999992,0.20841893081844248,0.7327467390021339,31.91875534255751,22.287700226761842,-2.8500205667691958e-12,62.190792831470006,0.9969914656036482,0.9969914656036484,0.051410479910138335,0.16499666409154878
thermal_tau120_A0.50,thermal,-31.0,7,2026120207,1,120,,0.4999999999999992,0.20841893081844248,0.7327467390021339,31.91875534255751,22.287700226761842,-2.8500205667691958e-12,62.190792831470006,0.9969914656036482,0.9969914656036484,0.051410479910138335,0.16499666409154878
thermal_tau120_A0.50,thermal,-31.0,4,2026120204,0,120,,0.4999999999999992,0.20841893081844248,0.7327467390021339,31.91875534255751,22.287700226761842,-2.8500205667691958e-12,62.190792831470006,0.9969914656036482,0.9969914656036484,0.051410479910138335,0.16499666409154878
thermal_tau120_A0.50,thermal,-31.0,5,2026120205,0,120,,0.4999999999999992,0.20841893081844248,0.7327467390021339,31.91875534255751,22.287700226761842,-2.8500205667691958e-12,62.190792831470006,0.9969914656036482,0.9969914656036484,0.051410479910138335,0.16499666409154878
thermal_tau120_A0.50,thermal,-31.0,6,2026120206,0,120,,0.4999999999999992,0.20841893081844248,0.7327467390021339,31.91875534255751,22.287700226761842,-2.8500205667691958e-12,62.190792831470006,0.9969914656036482,0.9969914656036484,0.051410479910138335,0.16499666409154878
thermal_tau120_A0.50,thermal,-31.0,9,2026120209,0,120,,0.4999999999999992,0.20841893081844248,0.7327467390021339,31.91875534255751,22.287700226761842,-2.8500205667691958e-12,62.190792831470006,0.9969914656036482,0.9969914656036484,0.051410479910138335,0.16499666409154878
thermal_tau120_A0.50,thermal,-31.0,10,2026120210,0,120,,0.4999999999999992,0.20841893081844248,0.7327467390021339,31.91875534255751,22.287700226761842,-2.8500205667691958e-12,62.190792831470006,0.9969914656036482,0.9969914656036484,0.051410479910138335,0.16499666409154878
thermal_tau120_A0.50,thermal,-31.0,11,2026120211,0,120,,0.4999999999999992,0.20841893081844248,0.7327467390021339,31.91875534255751,22.287700226761842,-2.8500205667691958e-12,62.190792831470006,0.9969914656036482,0.9969914656036484,0.051410479910138335,0.16499666409154878
thermal_tau120_A0.50,thermal,-31.0,8,2026120208,0,120,,0.4999999999999992,0.20841893081844248,0.7327467390021339,31.91875534255751,22.287700226761842,-2.8500205667691958e-12,62.190792831470006,0.9969914656036482,0.9969914656036484,0.051410479910138335,0.16499666409154878
thermal_tau120_A0.50,thermal,-31.0,12,2026120212,0,120,,0.4999999999999992,0.20841893081844248,0.7327467390021339,31.91875534255751,22.287700226761842,-2.8500205667691958e-12,62.190792831470006,0.9969914656036482,0.9969914656036484,0.051410479910138335,0.16499666409154878
thermal_tau120_A0.50,thermal,-31.0,14,2026120214,1,120,,0.4999999999999992,0.20841893081844248,0.7327467390021339,31.91875534255751,22.287700226761842,-2.8500205667691958e-12,62.190792831470006,0.9969914656036482,0.9969914656036484,0.051410479910138335,0.16499666409154878
thermal_tau120_A0.50,thermal,-31.0,13,2026120213,0,120,,0.4999999999999992,0.20841893081844248,0.7327467390021339,31.91875534255751,22.287700226761842,-2.8500205667691958e-12,62.190792831470006,0.9969914656036482,0.9969914656036484,0.051410479910138335,0.16499666409154878
thermal_tau120_A0.50,thermal,-31.0,15,2026120215,1,120,,0.4999999999999992,0.20841893081844248,0.7327467390021339,31.91875534255751,22.287700226761842,-2.8500205667691958e-12,62.190792831470006,0.9969914656036482,0.9969914656036484,0.051410479910138335,0.16499666409154878
thermal_tau120_A0.50,thermal,-31.0,18,2026120218,0,120,,0.4999999999999992,0.20841893081844248,0.7327467390021339,31.91875534255751,22.287700226761842,-2.8500205667691958e-12,62.190792831470006,0.9969914656036482,0.9969914656036484,0.051410479910138335,0.16499666409154878
thermal_tau120_A0.50,thermal,-31.0,16,2026120216,0,120,,0.4999999999999992,0.20841893081844248,0.7327467390021339,31.91875534255751,22.287700226761842,-2.8500205667691958e-12,62.190792831470006,0.9969914656036482,0.9969914656036484,0.051410479910138335,0.16499666409154878
thermal_tau120_A0.50,thermal,-31.0,17,2026120217,0,120,,0.4999999999999992,0.20841893081844248,0.7327467390021339,31.91875534255751,22.287700226761842,-2.8500205667691958e-12,62.190792831470006,0.9969914656036482,0.9969914656036484,0.051410479910138335,0.16499666409154878
thermal_tau120_A0.50,thermal,-31.0,21,2026120221,0,120,,0.4999999999999992,0.20841893081844248,0.7327467390021339,31.91875534255751,22.287700226761842,-2.8500205667691958e-12,62.190792831470006,0.9969914656036482,0.9969914656036484,0.051410479910138335,0.16499666409154878
thermal_tau120_A0.50,thermal,-31.0,20,2026120220,0,120,,0.4999999999999992,0.20841893081844248,0.7327467390021339,31.91875534255751,22.287700226761842,-2.8500205667691958e-12,62.190792831470006,0.9969914656036482,0.9969914656036484,0.051410479910138335,0.16499666409154878
thermal_tau120_A0.50,thermal,-31.0,19,2026120219,0,120,,0.4999999999999992,0.20841893081844248,0.7327467390021339,31.91875534255751,22.287700226761842,-2.8500205667691958e-12,62.190792831470006,0.9969914656036482,0.9969914656036484,0.051410479910138335,0.16499666409154878
thermal_tau120_A0.50,thermal,-31.0,22,2026120222,0,120,,0.4999999999999992,0.20841893081844248,0.7327467390021339,31.91875534255751,22.287700226761842,-2.8500205667691958e-12,62.190792831470006,0.9969914656036482,0.9969914656036484,0.051410479910138335,0.16499666409154878
thermal_tau120_A0.50,thermal,-31.0,24,2026120224,0,120,,0.4999999999999992,0.20841893081844248,0.7327467390021339,31.91875534255751,22.287700226761842,-2.8500205667691958e-12,62.190792831470006,0.9969914656036482,0.9969914656036484,0.051410479910138335,0.16499666409154878
thermal_tau120_A0.50,thermal,-31.0,23,2026120223,0,120,,0.4999999999999992,0.20841893081844248,0.7327467390021339,31.91875534255751,22.287700226761842,-2.8500205667691958e-12,62.190792831470006,0.9969914656036482,0.9969914656036484,0.051410479910138335,0.16499666409154878
thermal_tau120_A0.50,thermal,-31.0,25,2026120225,0,120,,0.4999999999999992,0.20841893081844248,0.7327467390021339,31.91875534255751,22.287700226761842,-2.8500205667691958e-12,62.190792831470006,0.9969914656036482,0.9969914656036484,0.051410479910138335,0.16499666409154878
thermal_tau120_A0.50,thermal,-31.0,29,2026120229,0,120,,0.4999999999999992,0.20841893081844248,0.7327467390021339,31.91875534255751,22.287700226761842,-2.8500205667691958e-12,62.190792831470006,0.9969914656036482,0.9969914656036484,0.051410479910138335,0.16499666409154878
thermal_tau120_A0.50,thermal,-31.0,26,2026120226,0,120,,0.4999999999999992,0.20841893081844248,0.7327467390021339,31.91875534255751,22.287700226761842,-2.8500205667691958e-12,62.190792831470006,0.9969914656036482,0.9969914656036484,0.051410479910138335,0.16499666409154878
thermal_tau120_A0.50,thermal,-31.0,27,2026120227,0,120,,0.4999999999999992,0.20841893081844248,0.7327467390021339,31.91875534255751,22.287700226761842,-2.8500205667691958e-12,62.190792831470006,0.9969914656036482,0.9969914656036484,0.051410479910138335,0.16499666409154878
thermal_tau120_A0.50,thermal,-31.0,28,2026120228,0,120,,0.4999999999999992,0.20841893081844248,0.7327467390021339,31.91875534255751,22.287700226761842,-2.8500205667691958e-12,62.190792831470006,0.9969914656036482,0.9969914656036484,0.051410479910138335,0.16499666409154878
thermal_tau120_A0.50,thermal,-31.0,30,2026120230,0,120,,0.4999999999999992,0.20841893081844248,0.7327467390021339,31.91875534255751,22.287700226761842,-2.8500205667691958e-12,62.190792831470006,0.9969914656036482,0.9969914656036484,0.051410479910138335,0.16499666409154878
thermal_tau120_A0.50,thermal,-31.0,31,2026120231,0,120,,0.4999999999999992,0.20841893081844248,0.7327467390021339,31.91875534255751,22.287700226761842,-2.8500205667691958e-12,62.190792831470006,0.9969914656036482,0.9969914656036484,0.051410479910138335,0.16499666409154878
thermal_tau120_A0.50,thermal,-31.0,32,2026120232,0,120,,0.4999999999999992,0.20841893081844248,0.7327467390021339,31.91875534255751,22.287700226761842,-2.8500205667691958e-12,62.190792831470006,0.9969914656036482,0.9969914656036484,0.051410479910138335,0.16499666409154878
thermal_tau120_A0.50,thermal,-31.0,36,2026120236,0,120,,0.4999999999999992,0.20841893081844248,0.7327467390021339,31.91875534255751,22.287700226761842,-2.8500205667691958e-12,62.190792831470006,0.9969914656036482,0.9969914656036484,0.051410479910138335,0.16499666409154878
thermal_tau120_A0.50,thermal,-31.0,33,2026120233,0,120,,0.4999999999999992,0.20841893081844248,0.7327467390021339,31.91875534255751,22.287700226761842,-2.8500205667691958e-12,62.190792831470006,0.9969914656036482,0.9969914656036484,0.051410479910138335,0.16499666409154878
thermal_tau120_A0.50,thermal,-31.0,35,2026120235,1,120,,0.4999999999999992,0.20841893081844248,0.7327467390021339,31.91875534255751,22.287700226761842,-2.8500205667691958e-12,62.190792831470006,0.9969914656036482,0.9969914656036484,0.051410479910138335,0.16499666409154878
thermal_tau120_A0.50,thermal,-31.0,34,2026120234,0,120,,0.4999999999999992,0.20841893081844248,0.7327467390021339,31.91875534255751,22.287700226761842,-2.8500205667691958e-12,62.190792831470006,0.9969914656036482,0.9969914656036484,0.051410479910138335,0.16499666409154878
thermal_tau120_A0.50,thermal,-31.0,38,2026120238,0,120,,0.4999999999999992,0.20841893081844248,0.7327467390021339,31.91875534255751,22.287700226761842,-2.8500205667691958e-12,62.190792831470006,0.9969914656036482,0.9969914656036484,0.051410479910138335,0.16499666409154878
thermal_tau120_A0.50,thermal,-31.0,37,2026120237,0,120,,0.4999999999999992,0.20841893081844248,0.7327467390021339,31.91875534255751,22.287700226761842,-2.8500205667691958e-12,62.190792831470006,0.9969914656036482,0.9969914656036484,0.051410479910138335,0.16499666409154878
thermal_tau120_A0.50,thermal,-31.0,41,2026120241,0,120,,0.4999999999999992,0.20841893081844248,0.7327467390021339,31.91875534255751,22.287700226761842,-2.8500205667691958e-12,62.190792831470006,0.9969914656036482,0.9969914656036484,0.051410479910138335,0.16499666409154878
thermal_tau120_A0.50,thermal,-31.0,39,2026120239,0,120,,0.4999999999999992,0.20841893081844248,0.7327467390021339,31.91875534255751,22.287700226761842,-2.8500205667691958e-12,62.190792831470006,0.9969914656036482,0.9969914656036484,0.051410479910138335,0.16499666409154878
thermal_tau120_A0.50,thermal,-31.0,40,2026120240,0,120,,0.4999999999999992,0.20841893081844248,0.7327467390021339,31.91875534255751,22.287700226761842,-2.8500205667691958e-12,62.190792831470006,0.9969914656036482,0.9969914656036484,0.051410479910138335,0.16499666409154878
thermal_tau120_A0.50,thermal,-31.0,42,2026120242,0,120,,0.4999999999999992,0.20841893081844248,0.7327467390021339,31.91875534255751,22.287700226761842,-2.8500205667691958e-12,62.190792831470006,0.9969914656036482,0.9969914656036484,0.051410479910138335,0.16499666409154878
thermal_tau120_A0.50,thermal,-31.0,43,2026120243,0,120,,0.4999999999999992,0.20841893081844248,0.7327467390021339,31.91875534255751,22.287700226761842,-2.8500205667691958e-12,62.190792831470006,0.9969914656036482,0.9969914656036484,0.051410479910138335,0.16499666409154878
thermal_tau120_A0.50,thermal,-31.0,44,2026120244,0,120,,0.4999999999999992,0.20841893081844248,0.7327467390021339,31.91875534255751,22.287700226761842,-2.8500205667691958e-12,62.190792831470006,0.9969914656036482,0.9969914656036484,0.051410479910138335,0.16499666409154878
thermal_tau120_A0.50,thermal,-31.0,45,2026120245,0,120,,0.4999999999999992,0.20841893081844248,0.7327467390021339,31.91875534255751,22.287700226761842,-2.8500205667691958e-12,62.190792831470006,0.9969914656036482,0.9969914656036484,0.051410479910138335,0.16499666409154878
thermal_tau120_A0.50,thermal,-31.0,46,2026120246,0,120,,0.4999999999999992,0.20841893081844248,0.7327467390021339,31.91875534255751,22.287700226761842,-2.8500205667691958e-12,62.190792831470006,0.9969914656036482,0.9969914656036484,0.051410479910138335,0.16499666409154878
thermal_tau120_A0.50,thermal,-31.0,47,2026120247,0,120,,0.4999999999999992,0.20841893081844248,0.7327467390021339,31.91875534255751,22.287700226761842,-2.8500205667691958e-12,62.190792831470006,0.9969914656036482,0.9969914656036484,0.051410479910138335,0.16499666409154878
thermal_tau120_A0.50,thermal,-31.0,49,2026120249,0,120,,0.4999999999999992,0.20841893081844248,0.7327467390021339,31.91875534255751,22.287700226761842,-2.8500205667691958e-12,62.190792831470006,0.9969914656036482,0.9969914656036484,0.051410479910138335,0.16499666409154878
thermal_tau120_A0.50,thermal,-31.0,48,2026120248,0,120,,0.4999999999999992,0.20841893081844248,0.7327467390021339,31.91875534255751,22.287700226761842,-2.8500205667691958e-12,62.190792831470006,0.9969914656036482,0.9969914656036484,0.051410479910138335,0.16499666409154878
thermal_tau120_A0.50,thermal,-31.0,50,2026120250,0,120,,0.4999999999999992,0.20841893081844248,0.7327467390021339,31.91875534255751,22.287700226761842,-2.8500205667691958e-12,62.190792831470006,0.9969914656036482,0.9969914656036484,0.051410479910138335,0.16499666409154878
thermal_tau120_A0.50,thermal,-31.0,51,2026120251,0,120,,0.4999999999999992,0.20841893081844248,0.7327467390021339,31.91875534255751,22.287700226761842,-2.8500205667691958e-12,62.190792831470006,0.9969914656036482,0.9969914656036484,0.051410479910138335,0.16499666409154878
thermal_tau120_A0.50,thermal,-31.0,52,2026120252,0,120,,0.4999999999999992,0.20841893081844248,0.7327467390021339,31.91875534255751,22.287700226761842,-2.8500205667691958e-12,62.190792831470006,0.9969914656036482,0.9969914656036484,0.051410479910138335,0.16499666409154878
thermal_tau120_A0.50,thermal,-31.0,56,2026120256,0,120,,0.4999999999999992,0.20841893081844248,0.7327467390021339,31.91875534255751,22.287700226761842,-2.8500205667691958e-12,62.190792831470006,0.9969914656036482,0.9969914656036484,0.051410479910138335,0.16499666409154878
thermal_tau120_A0.50,thermal,-31.0,53,2026120253,0,120,,0.4999999999999992,0.20841893081844248,0.7327467390021339,31.91875534255751,22.287700226761842,-2.8500205667691958e-12,62.190792831470006,0.9969914656036482,0.9969914656036484,0.051410479910138335,0.16499666409154878
thermal_tau120_A0.50,thermal,-31.0,54,2026120254,0,120,,0.4999999999999992,0.20841893081844248,0.7327467390021339,31.91875534255751,22.287700226761842,-2.8500205667691958e-12,62.190792831470006,0.9969914656036482,0.9969914656036484,0.051410479910138335,0.16499666409154878
thermal_tau120_A0.50,thermal,-31.0,55,2026120255,0,120,,0.4999999999999992,0.20841893081844248,0.7327467390021339,31.91875534255751,22.287700226761842,-2.8500205667691958e-12,62.190792831470006,0.9969914656036482,0.9969914656036484,0.051410479910138335,0.16499666409154878
thermal_tau120_A0.50,thermal,-31.0,57,2026120257,0,120,,0.4999999999999992,0.20841893081844248,0.7327467390021339,31.91875534255751,22.287700226761842,-2.8500205667691958e-12,62.190792831470006,0.9969914656036482,0.9969914656036484,0.051410479910138335,0.16499666409154878
thermal_tau120_A0.50,thermal,-31.0,58,2026120258,0,120,,0.4999999999999992,0.20841893081844248,0.7327467390021339,31.91875534255751,22.287700226761842,-2.8500205667691958e-12,62.190792831470006,0.9969914656036482,0.9969914656036484,0.051410479910138335,0.16499666409154878
thermal_tau120_A0.50,thermal,-31.0,59,2026120259,0,120,,0.4999999999999992,0.20841893081844248,0.7327467390021339,31.91875534255751,22.287700226761842,-2.8500205667691958e-12,62.190792831470006,0.9969914656036482,0.9969914656036484,0.051410479910138335,0.16499666409154878
thermal_tau120_A0.50,thermal,-31.0,63,2026120263,0,120,,0.4999999999999992,0.20841893081844248,0.7327467390021339,31.91875534255751,22.287700226761842,-2.8500205667691958e-12,62.190792831470006,0.9969914656036482,0.9969914656036484,0.051410479910138335,0.16499666409154878
thermal_tau120_A0.50,thermal,-31.0,60,2026120260,0,120,,0.4999999999999992,0.20841893081844248,0.7327467390021339,31.91875534255751,22.287700226761842,-2.8500205667691958e-12,62.190792831470006,0.9969914656036482,0.9969914656036484,0.051410479910138335,0.16499666409154878
thermal_tau120_A0.50,thermal,-31.0,61,2026120261,0,120,,0.4999999999999992,0.20841893081844248,0.7327467390021339,31.91875534255751,22.287700226761842,-2.8500205667691958e-12,62.190792831470006,0.9969914656036482,0.9969914656036484,0.051410479910138335,0.16499666409154878
thermal_tau120_A0.50,thermal,-31.0,62,2026120262,0,120,,0.4999999999999992,0.20841893081844248,0.7327467390021339,31.91875534255751,22.287700226761842,-2.8500205667691958e-12,62.190792831470006,0.9969914656036482,0.9969914656036484,0.051410479910138335,0.16499666409154878
thermal_tau120_A0.50,thermal,-31.0,64,2026120264,0,120,,0.4999999999999992,0.20841893081844248,0.7327467390021339,31.91875534255751,22.287700226761842,-2.8500205667691958e-12,62.190792831470006,0.9969914656036482,0.9969914656036484,0.051410479910138335,0.16499666409154878
thermal_tau120_A0.50,thermal,-31.0,65,2026120265,0,120,,0.4999999999999992,0.20841893081844248,0.7327467390021339,31.91875534255751,22.287700226761842,-2.8500205667691958e-12,62.190792831470006,0.9969914656036482,0.9969914656036484,0.051410479910138335,0.16499666409154878
thermal_tau120_A0.50,thermal,-31.0,66,2026120266,0,120,,0.4999999999999992,0.20841893081844248,0.7327467390021339,31.91875534255751,22.287700226761842,-2.8500205667691958e-12,62.190792831470006,0.9969914656036482,0.9969914656036484,0.051410479910138335,0.16499666409154878
thermal_tau120_A0.50,thermal,-31.0,67,2026120267,0,120,,0.4999999999999992,0.20841893081844248,0.7327467390021339,31.91875534255751,22.287700226761842,-2.8500205667691958e-12,62.190792831470006,0.9969914656036482,0.9969914656036484,0.051410479910138335,0.16499666409154878
thermal_tau120_A0.50,thermal,-31.0,68,2026120268,0,120,,0.4999999999999992,0.20841893081844248,0.7327467390021339,31.91875534255751,22.287700226761842,-2.8500205667691958e-12,62.190792831470006,0.9969914656036482,0.9969914656036484,0.051410479910138335,0.16499666409154878
thermal_tau120_A0.50,thermal,-31.0,72,2026120272,1,120,,0.4999999999999992,0.20841893081844248,0.7327467390021339,31.91875534255751,22.287700226761842,-2.8500205667691958e-12,62.190792831470006,0.9969914656036482,0.9969914656036484,0.051410479910138335,0.16499666409154878
thermal_tau120_A0.50,thermal,-31.0,69,2026120269,0,120,,0.4999999999999992,0.20841893081844248,0.7327467390021339,31.91875534255751,22.287700226761842,-2.8500205667691958e-12,62.190792831470006,0.9969914656036482,0.9969914656036484,0.051410479910138335,0.16499666409154878
thermal_tau120_A0.50,thermal,-31.0,74,2026120274,0,120,,0.4999999999999992,0.20841893081844248,0.7327467390021339,31.91875534255751,22.287700226761842,-2.8500205667691958e-12,62.190792831470006,0.9969914656036482,0.9969914656036484,0.051410479910138335,0.16499666409154878
thermal_tau120_A0.50,thermal,-31.0,70,2026120270,0,120,,0.4999999999999992,0.20841893081844248,0.7327467390021339,31.91875534255751,22.287700226761842,-2.8500205667691958e-12,62.190792831470006,0.9969914656036482,0.9969914656036484,0.051410479910138335,0.16499666409154878
thermal_tau120_A0.50,thermal,-31.0,71,2026120271,0,120,,0.4999999999999992,0.20841893081844248,0.7327467390021339,31.91875534255751,22.287700226761842,-2.8500205667691958e-12,62.190792831470006,0.9969914656036482,0.9969914656036484,0.051410479910138335,0.16499666409154878
thermal_tau120_A0.50,thermal,-31.0,73,2026120273,0,120,,0.4999999999999992,0.20841893081844248,0.7327467390021339,31.91875534255751,22.287700226761842,-2.8500205667691958e-12,62.190792831470006,0.9969914656036482,0.9969914656036484,0.051410479910138335,0.16499666409154878
thermal_tau120_A0.50,thermal,-31.0,75,2026120275,0,120,,0.4999999999999992,0.20841893081844248,0.7327467390021339,31.91875534255751,22.287700226761842,-2.8500205667691958e-12,62.190792831470006,0.9969914656036482,0.9969914656036484,0.051410479910138335,0.16499666409154878
thermal_tau120_A0.50,thermal,-31.0,77,2026120277,0,120,,0.4999999999999992,0.20841893081844248,0.7327467390021339,31.91875534255751,22.287700226761842,-2.8500205667691958e-12,62.190792831470006,0.9969914656036482,0.9969914656036484,0.051410479910138335,0.16499666409154878
thermal_tau120_A0.50,thermal,-31.0,76,2026120276,0,120,,0.4999999999999992,0.20841893081844248,0.7327467390021339,31.91875534255751,22.287700226761842,-2.8500205667691958e-12,62.190792831470006,0.9969914656036482,0.9969914656036484,0.051410479910138335,0.16499666409154878
thermal_tau120_A0.50,thermal,-31.0,78,2026120278,0,120,,0.4999999999999992,0.20841893081844248,0.7327467390021339,31.91875534255751,22.287700226761842,-2.8500205667691958e-12,62.190792831470006,0.9969914656036482,0.9969914656036484,0.051410479910138335,0.16499666409154878
thermal_tau120_A0.50,thermal,-31.0,82,2026120282,0,120,,0.4999999999999992,0.20841893081844248,0.7327467390021339,31.91875534255751,22.287700226761842,-2.8500205667691958e-12,62.190792831470006,0.9969914656036482,0.9969914656036484,0.051410479910138335,0.16499666409154878
thermal_tau120_A0.50,thermal,-31.0,79,2026120279,0,120,,0.4999999999999992,0.20841893081844248,0.7327467390021339,31.91875534255751,22.287700226761842,-2.8500205667691958e-12,62.190792831470006,0.9969914656036482,0.9969914656036484,0.051410479910138335,0.16499666409154878
thermal_tau120_A0.50,thermal,-31.0,80,2026120280,1,120,,0.4999999999999992,0.20841893081844248,0.7327467390021339,31.91875534255751,22.287700226761842,-2.8500205667691958e-12,62.190792831470006,0.9969914656036482,0.9969914656036484,0.051410479910138335,0.16499666409154878
thermal_tau120_A0.50,thermal,-31.0,84,2026120284,0,120,,0.4999999999999992,0.20841893081844248,0.7327467390021339,31.91875534255751,22.287700226761842,-2.8500205667691958e-12,62.190792831470006,0.9969914656036482,0.9969914656036484,0.051410479910138335,0.16499666409154878
thermal_tau120_A0.50,thermal,-31.0,81,2026120281,0,120,,0.4999999999999992,0.20841893081844248,0.7327467390021339,31.91875534255751,22.287700226761842,-2.8500205667691958e-12,62.190792831470006,0.9969914656036482,0.9969914656036484,0.051410479910138335,0.16499666409154878
thermal_tau120_A0.50,thermal,-31.0,83,2026120283,0,120,,0.4999999999999992,0.20841893081844248,0.7327467390021339,31.91875534255751,22.287700226761842,-2.8500205667691958e-12,62.190792831470006,0.9969914656036482,0.9969914656036484,0.051410479910138335,0.16499666409154878
thermal_tau120_A0.50,thermal,-31.0,85,2026120285,0,120,,0.4999999999999992,0.20841893081844248,0.7327467390021339,31.91875534255751,22.287700226761842,-2.8500205667691958e-12,62.190792831470006,0.9969914656036482,0.9969914656036484,0.051410479910138335,0.16499666409154878
thermal_tau120_A0.50,thermal,-31.0,86,2026120286,0,120,,0.4999999999999992,0.20841893081844248,0.7327467390021339,31.91875534255751,22.287700226761842,-2.8500205667691958e-12,62.190792831470006,0.9969914656036482,0.9969914656036484,0.051410479910138335,0.16499666409154878
thermal_tau120_A0.50,thermal,-31.0,90,2026120290,0,120,,0.4999999999999992,0.20841893081844248,0.7327467390021339,31.91875534255751,22.287700226761842,-2.8500205667691958e-12,62.190792831470006,0.9969914656036482,0.9969914656036484,0.051410479910138335,0.16499666409154878
thermal_tau120_A0.50,thermal,-31.0,87,2026120287,0,120,,0.4999999999999992,0.20841893081844248,0.7327467390021339,31.91875534255751,22.287700226761842,-2.8500205667691958e-12,62.190792831470006,0.9969914656036482,0.9969914656036484,0.051410479910138335,0.16499666409154878
thermal_tau120_A0.50,thermal,-31.0,88,2026120288,0,120,,0.4999999999999992,0.20841893081844248,0.7327467390021339,31.91875534255751,22.287700226761842,-2.8500205667691958e-12,62.190792831470006,0.9969914656036482,0.9969914656036484,0.051410479910138335,0.16499666409154878
thermal_tau120_A0.50,thermal,-31.0,89,2026120289,0,120,,0.4999999999999992,0.20841893081844248,0.7327467390021339,31.91875534255751,22.287700226761842,-2.8500205667691958e-12,62.190792831470006,0.9969914656036482,0.9969914656036484,0.051410479910138335,0.16499666409154878
thermal_tau120_A0.50,thermal,-31.0,91,2026120291,0,120,,0.4999999999999992,0.20841893081844248,0.7327467390021339,31.91875534255751,22.287700226761842,-2.8500205667691958e-12,62.190792831470006,0.9969914656036482,0.9969914656036484,0.051410479910138335,0.16499666409154878
thermal_tau120_A0.50,thermal,-31.0,92,2026120292,0,120,,0.4999999999999992,0.20841893081844248,0.7327467390021339,31.91875534255751,22.287700226761842,-2.8500205667691958e-12,62.190792831470006,0.9969914656036482,0.9969914656036484,0.051410479910138335,0.16499666409154878
thermal_tau120_A0.50,thermal,-31.0,94,2026120294,0,120,,0.4999999999999992,0.20841893081844248,0.7327467390021339,31.91875534255751,22.287700226761842,-2.8500205667691958e-12,62.190792831470006,0.9969914656036482,0.9969914656036484,0.051410479910138335,0.16499666409154878
thermal_tau120_A0.50,thermal,-31.0,93,2026120293,0,120,,0.4999999999999992,0.20841893081844248,0.7327467390021339,31.91875534255751,22.287700226761842,-2.8500205667691958e-12,62.190792831470006,0.9969914656036482,0.9969914656036484,0.051410479910138335,0.16499666409154878
thermal_tau120_A0.50,thermal,-31.0,95,2026120295,0,120,,0.4999999999999992,0.20841893081844248,0.7327467390021339,31.91875534255751,22.287700226761842,-2.8500205667691958e-12,62.190792831470006,0.9969914656036482,0.9969914656036484,0.051410479910138335,0.16499666409154878
thermal_tau120_A0.50,thermal,-31.0,96,2026120296,0,120,,0.4999999999999992,0.20841893081844248,0.7327467390021339,31.91875534255751,22.287700226761842,-2.8500205667691958e-12,62.190792831470006,0.9969914656036482,0.9969914656036484,0.051410479910138335,0.16499666409154878
thermal_tau120_A0.50,thermal,-31.0,97,2026120297,0,120,,0.4999999999999992,0.20841893081844248,0.7327467390021339,31.91875534255751,22.287700226761842,-2.8500205667691958e-12,62.190792831470006,0.9969914656036482,0.9969914656036484,0.051410479910138335,0.16499666409154878
thermal_tau120_A0.50,thermal,-31.0,98,2026120298,0,120,,0.4999999999999992,0.20841893081844248,0.7327467390021339,31.91875534255751,22.287700226761842,-2.8500205667691958e-12,62.190792831470006,0.9969914656036482,0.9969914656036484,0.051410479910138335,0.16499666409154878
thermal_tau120_A0.50,thermal,-31.0,99,2026120299,0,120,,0.4999999999999992,0.20841893081844248,0.7327467390021339,31.91875534255751,22.287700226761842,-2.8500205667691958e-12,62.190792831470006,0.9969914656036482,0.9969914656036484,0.051410479910138335,0.16499666409154878
