trajectory_family,family,trajectory_id,snr_db,seed,trial_index,cluster_id,decoded_success,max_abs_frequency_hz,frequency_rms_hz,max_abs_phase_rad,p_amp,p_phase,p_rms,brier_amp,brier_phase,brier_rms
quadratic_positive,quadratic,quadratic_+0.25,-30.0,2026100201,1,quadratic|quadratic_positive|-30.0|2026100201,1,0.25,0.1138932021267434,17.029404296106982,0.905474304255422,0.8835131875732418,0.8824522685537088,0.008935107155996538,0.013569177469346744,0.013817469168169387
quadratic_positive,quadratic,quadratic_+0.25,-30.0,2026100202,2,quadratic|quadratic_positive|-30.0|2026100202,1,0.25,0.1138932021267434,17.029404296106982,0.905474304255422,0.8835131875732418,0.8824522685537088,0.008935107155996538,0.013569177469346744,0.013817469168169387
quadratic_positive,quadratic,quadratic_+0.25,-30.0,2026100200,0,quadratic|quadratic_positive|-30.0|2026100200,1,0.25,0.1138932021267434,17.029404296106982,0.905474304255422,0.8835131875732418,0.8824522685537088,0.008935107155996538,0.013569177469346744,0.013817469168169387
quadratic_positive,quadratic,quadratic_+0.25,-30.0,2026100203,3,quadratic|quadratic_positive|-30.0|2026100203,1,0.25,0.1138932021267434,17.029404296106982,0.905474304255422,0.8835131875732418,0.8824522685537088,0.008935107155996538,0.013569177469346744,0.013817469168169387
quadratic_positive,quadratic,quadratic_+0.25,-30.0,2026100205,5,quadratic|quadratic_positive|-30.0|2026100205,1,0.25,0.1138932021267434,17.029404296106982,0.905474304255422,0.8835131875732418,0.8824522685537088,0.008935107155996538,0.013569177469346744,0.013817469168169387
quadratic_positive,quadratic,quadratic_+0.25,-30.0,2026100204,4,quadratic|quadratic_positive|-30.0|2026100204,1,0.25,0.1138932021267434,17.029404296106982,0.905474304255422,0.8835131875732418,0.8824522685537088,0.008935107155996538,0.013569177469346744,0.013817469168169387
quadratic_positive,quadratic,quadratic_+0.25,-30.0,2026100207,7,quadratic|quadratic_positive|-30.0|2026100207,1,0.25,0.1138932021267434,17.029404296106982,0.905474304255422,0.8835131875732418,0.8824522685537088,0.008935107155996538,0.013569177469346744,0.013817469168169387
quadratic_positive,quadratic,quadratic_+0.25,-30.0,2026100206,6,quadratic|quadratic_positive|-30.0|2026100206,1,0.25,0.1138932021267434,17.029404296106982,0.905474304255422,0.8835131875732418,0.8824522685537088,0.008935107155996538,0.013569177469346744,0.013817469168169387
quadratic_positive,quadratic,quadratic_+0.25,-30.0,2026100208,8,quadratic|quadratic_positive|-30.0|2026100208,1,0.25,0.1138932021267434,17.029404296106982,0.905474304255422,0.8835131875732418,0.8824522685537088,0.008935107155996538,0.013569177469346744,0.013817469168169387
quadratic_positive,quadratic,quadratic_+0.25,-30.0,2026100210,10,quadratic|quadratic_positive|-30.0|2026100210,1,0.25,0.1138932021267434,17.029404296106982,0.905474304255422,0.8835131875732418,0.8824522685537088,0.008935107155996538,0.013569177469346744,0.013817469168169387
quadratic_positive,quadratic,quadratic_+0.25,-30.0,2026100211,11,quadratic|quadratic_positive|-30.0|2026100211,1,0.25,0.1138932021267434,17.029404296106982,0.905474304255422,0.8835131875732418,0.8824522685537088,0.008935107155996538,0.013569177469346744,0.013817469168169387
quadratic_positive,quadratic,quadratic_+0.25,-30.0,2026100212,12,quadratic|quadratic_positive|-30.0|2026100212,1,0.25,0.1138932021267434,17.029404296106982,0.905474304255422,0.8835131875732418,0.8824522685537088,0.008935107155996538,0.013569177469346744,0.013817469168169387
quadratic_positive,quadratic,quadratic_+0.25,-30.0,2026100215,15,quadratic|quadratic_positive|-30.0|2026100215,1,0.25,0.1138932021267434,17.029404296106982,0.905474304255422,0.8835131875732418,0.8824522685537088,0.008935107155996538,0.013569177469346744,0.013817469168169387
quadratic_positive,quadratic,quadratic_+0.25,-30.0,2026100216,16,quadratic|quadratic_positive|-30.0|2026100216,1,0.25,0.1138932021267434,17.029404296106982,0.905474304255422,0.8835131875732418,0.8824522685537088,0.008935107155996538,0.013569177469346744,0.013817469168169387
quadratic_positive,quadratic,quadratic_+0.25,-30.0,2026100209,9,quadratic|quadratic_positive|-30.0|2026100209,1,0.25,0.1138932021267434,17.029404296106982,0.905474304255422,0.8835131875732418,0.8824522685537088,0.008935107155996538,0.013569177469346744,0.013817469168169387
quadratic_positive,quadratic,quadratic_+0.25,-30.0,2026100214,14,quadratic|quadratic_positive|-30.0|2026100214,1,0.25,0.1138932021267434,17.029404296106982,0.905474304255422,0.8835131875732418,0.8824522685537088,0.008935107155996538,0.013569177469346744,0.013817469168169387
quadratic_positive,quadratic,quadratic_+0.25,-30.0,2026100217,17,quadratic|quadratic_positive|-30.0|2026100217,1,0.25,0.1138932021267434,17.029404296106982,0.905474304255422,0.8835131875732418,0.8824522685537088,0.008935107155996538,0.013569177469346744,0.013817469168169387
quadratic_positive,quadratic,quadratic_+0.25,-30.0,2026100220,20,quadratic|quadratic_positive|-30.0|2026100220,1,0.25,0.1138932021267434,17.029404296106982,0.905474304255422,0.8835131875732418,0.8824522685537088,0.008935107155996538,0.013569177469346744,0.013817469168169387
quadratic_positive,quadratic,quadratic_+0.25,-30.0,2026100219,19,quadratic|quadratic_positive|-30.0|2026100219,1,0.25,0.1138932021267434,17.029404296106982,0.905474304255422,0.8835131875732418,0.8824522685537088,0.008935107155996538,0.013569177469346744,0.013817469168169387
quadratic_positive,quadratic,quadratic_+0.25,-30.0,2026100213,13,quadratic|quadratic_positive|-30.0|2026100213,0,0.25,0.1138932021267434,17.029404296106982,0.905474304255422,0.8835131875732418,0.8824522685537088,0.8198837156668405,0.7805955526158304,0.7787220062755871
quadratic_positive,quadratic,quadratic_+0.25,-30.0,2026100221,21,quadratic|quadratic_positive|-30.0|2026100221,1,0.25,0.1138932021267434,17.029404296106982,0.905474304255422,0.8835131875732418,0.8824522685537088,0.008935107155996538,0.013569177469346744,0.013817469168169387
quadratic_positive,quadratic,quadratic_+0.25,-30.0,2026100222,22,quadratic|quadratic_positive|-30.0|2026100222,1,0.25,0.1138932021267434,17.029404296106982,0.905474304255422,0.8835131875732418,0.8824522685537088,0.008935107155996538,0.013569177469346744,0.013817469168169387
quadratic_positive,quadratic,quadratic_+0.25,-30.0,2026100224,24,quadratic|quadratic_positive|-30.0|2026100224,1,0.25,0.1138932021267434,17.029404296106982,0.905474304255422,0.8835131875732418,0.8824522685537088,0.008935107155996538,0.013569177469346744,0.013817469168169387
quadratic_positive,quadratic,quadratic_+0.25,-30.0,2026100223,23,quadratic|quadratic_positive|-30.0|2026100223,1,0.25,0.1138932021267434,17.029404296106982,0.905474304255422,0.8835131875732418,0.8824522685537088,0.008935107155996538,0.013569177469346744,0.013817469168169387
quadratic_positive,quadratic,quadratic_+0.25,-30.0,2026100227,27,quadratic|quadratic_positive|-30.0|2026100227,1,0.25,0.1138932021267434,17.029404296106982,0.905474304255422,0.8835131875732418,0.8824522685537088,0.008935107155996538,0.013569177469346744,0.013817469168169387
quadratic_positive,quadratic,quadratic_+0.25,-30.0,2026100225,25,quadratic|quadratic_positive|-30.0|2026100225,1,0.25,0.1138932021267434,17.029404296106982,0.905474304255422,0.8835131875732418,0.8824522685537088,0.008935107155996538,0.013569177469346744,0.013817469168169387
quadratic_positive,quadratic,quadratic_+0.25,-30.0,2026100228,28,quadratic|quadratic_positive|-30.0|2026100228,1,0.25,0.1138932021267434,17.029404296106982,0.905474304255422,0.8835131875732418,0.8824522685537088,0.008935107155996538,0.013569177469346744,0.013817469168169387
quadratic_positive,quadratic,quadratic_+0.25,-30.0,2026100218,18,quadratic|quadratic_positive|-30.0|2026100218,0,0.25,0.1138932021267434,17.029404296106982,0.905474304255422,0.8835131875732418,0.8824522685537088,0.8198837156668405,0.7805955526158304,0.7787220062755871
quadratic_positive,quadratic,quadratic_+0.25,-30.0,2026100229,29,quadratic|quadratic_positive|-30.0|2026100229,1,0.25,0.1138932021267434,17.029404296106982,0.905474304255422,0.8835131875732418,0.8824522685537088,0.008935107155996538,0.013569177469346744,0.013817469168169387
quadratic_positive,quadratic,quadratic_+0.25,-30.0,2026100231,31,quadratic|quadratic_positive|-30.0|2026100231,1,0.25,0.1138932021267434,17.029404296106982,0.905474304255422,0.8835131875732418,0.8824522685537088,0.008935107155996538,0.013569177469346744,0.013817469168169387
quadratic_positive,quadratic,quadratic_+0.25,-30.0,2026100232,32,quadratic|quadratic_positive|-30.0|2026100232,1,0.25,0.1138932021267434,17.029404296106982,0.905474304255422,0.8835131875732418,0.8824522685537088,0.008935107155996538,0.013569177469346744,0.013817469168169387
quadratic_positive,quadratic,quadratic_+0.25,-30.0,2026100234,34,quadratic|quadratic_positive|-30.0|2026100234,1,0.25,0.1138932021267434,17.029404296106982,0.905474304255422,0.8835131875732418,0.8824522685537088,0.008935107155996538,0.013569177469346744,0.013817469168169387
quadratic_positive,quadratic,quadratic_+0.25,-30.0,2026100233,33,quadratic|quadratic_positive|-30.0|2026100233,1,0.25,0.1138932021267434,17.029404296106982,0.905474304255422,0.8835131875732418,0.8824522685537088,0.008935107155996538,0.013569177469346744,0.013817469168169387
quadratic_positive,quadratic,quadratic_+0.25,-30.0,2026100235,35,quadratic|quadratic_positive|-30.0|2026100235,1,0.25,0.1138932021267434,17.029404296106982,0.905474304255422,0.8835131875732418,0.8824522685537088,0.008935107155996538,0.013569177469346744,0.013817469168169387
quadratic_positive,quadratic,quadratic_+0.25,-30.0,2026100230,30,quadratic|quadratic_positive|-30.0|2026100230,1,0.25,0.1138932021267434,17.029404296106982,0.905474304255422,0.8835131875732418,0.8824522685537088,0.008935107155996538,0.013569177469346744,0.013817469168169387
quadratic_positive,quadratic,quadratic_+0.25,-30.0,2026100226,26,quadratic|quadratic_positive|-30.0|2026100226,0,0.25,0.1138932021267434,17.029404296106982,0.905474304255422,0.8835131875732418,0.8824522685537088,0.8198837156668405,0.7805955526158304,0.7787220062755871
quadratic_positive,quadratic,quadratic_+0.25,-30.0,2026100236,36,quadratic|quadratic_positive|-30.0|2026100236,1,0.25,0.1138932021267434,17.029404296106982,0.905474304255422,0.8835131875732418,0.8824522685537088,0.008935107155996538,0.013569177469346744,0.013817469168169387
quadratic_positive,quadratic,quadratic_+0.25,-30.0,2026100239,39,quadratic|quadratic_positive|-30.0|2026100239,1,0.25,0.1138932021267434,17.029404296106982,0.905474304255422,0.8835131875732418,0.8824522685537088,0.008935107155996538,0.013569177469346744,0.013817469168169387
quadratic_positive,quadratic,quadratic_+0.25,-30.0,2026100240,40,quadratic|quadratic_positive|-30.0|2026100240,1,0.25,0.1138932021267434,17.029404296106982,0.905474304255422,0.8835131875732418,0.8824522685537088,0.008935107155996538,0.013569177469346744,0.013817469168169387
quadratic_positive,quadratic,quadratic_+0.25,-30.0,2026100238,38,quadratic|quadratic_positive|-30.0|2026100238,1,0.25,0.1138932021267434,17.029404296106982,0.905474304255422,0.8835131875732418,0.8824522685537088,0.008935107155996538,0.013569177469346744,0.013817469168169387
quadratic_positive,quadratic,quadratic_+0.25,-30.0,2026100237,37,quadratic|quadratic_positive|-30.0|2026100237,1,0.25,0.1138932021267434,17.029404296106982,0.905474304255422,0.8835131875732418,0.8824522685537088,0.008935107155996538,0.013569177469346744,0.013817469168169387
quadratic_positive,quadratic,quadratic_+0.25,-30.0,2026100241,41,quadratic|quadratic_positive|-30.0|2026100241,1,0.25,0.1138932021267434,17.029404296106982,0.905474304255422,0.8835131875732418,0.8824522685537088,0.008935107155996538,0.013569177469346744,0.013817469168169387
quadratic_positive,quadratic,quadratic_+0.25,-30.0,2026100243,43,quadratic|quadratic_positive|-30.0|2026100243,1,0.25,0.1138932021267434,17.029404296106982,0.905474304255422,0.8835131875732418,0.8824522685537088,0.008935107155996538,0.013569177469346744,0.013817469168169387
quadratic_positive,quadratic,quadratic_+0.25,-30.0,2026100246,46,quadratic|quadratic_positive|-30.0|2026100246,1,0.25,0.1138932021267434,17.029404296106982,0.905474304255422,0.8835131875732418,0.8824522685537088,0.008935107155996538,0.013569177469346744,0.013817469168169387
quadratic_positive,quadratic,quadratic_+0.25,-30.0,2026100247,47,quadratic|quadratic_positive|-30.0|2026100247,1,0.25,0.1138932021267434,17.029404296106982,0.905474304255422,0.8835131875732418,0.8824522685537088,0.008935107155996538,0.013569177469346744,0.013817469168169387
quadratic_positive,quadratic,quadratic_+0.25,-30.0,2026100242,42,quadratic|quadratic_positive|-30.0|2026100242,1,0.25,0.1138932021267434,17.029404296106982,0.905474304255422,0.8835131875732418,0.8824522685537088,0.008935107155996538,0.013569177469346744,0.013817469168169387
quadratic_positive,quadratic,quadratic_+0.25,-30.0,2026100248,48,quadratic|quadratic_positive|-30.0|2026100248,1,0.25,0.1138932021267434,17.029404296106982,0.905474304255422,0.8835131875732418,0.8824522685537088,0.008935107155996538,0.013569177469346744,0.013817469168169387
quadratic_positive,quadratic,quadratic_+0.25,-30.0,2026100244,44,quadratic|quadratic_positive|-30.0|2026100244,1,0.25,0.1138932021267434,17.029404296106982,0.905474304255422,0.8835131875732418,0.8824522685537088,0.008935107155996538,0.013569177469346744,0.013817469168169387
quadratic_positive,quadratic,quadratic_+0.25,-30.0,2026100250,50,quadratic|quadratic_positive|-30.0|2026100250,1,0.25,0.1138932021267434,17.029404296106982,0.905474304255422,0.8835131875732418,0.8824522685537088,0.008935107155996538,0.013569177469346744,0.013817469168169387
quadratic_positive,quadratic,quadratic_+0.25,-30.0,2026100245,45,quadratic|quadratic_positive|-30.0|2026100245,1,0.25,0.1138932021267434,17.029404296106982,0.905474304255422,0.8835131875732418,0.8824522685537088,0.008935107155996538,0.013569177469346744,0.013817469168169387
quadratic_positive,quadratic,quadratic_+0.25,-30.0,2026100252,52,quadratic|quadratic_positive|-30.0|2026100252,1,0.25,0.1138932021267434,17.029404296106982,0.905474304255422,0.8835131875732418,0.8824522685537088,0.008935107155996538,0.013569177469346744,0.013817469168169387
quadratic_positive,quadratic,quadratic_+0.25,-30.0,2026100254,54,quadratic|quadratic_positive|-30.0|2026100254,1,0.25,0.1138932021267434,17.029404296106982,0.905474304255422,0.8835131875732418,0.8824522685537088,0.008935107155996538,0.013569177469346744,0.013817469168169387
quadratic_positive,quadratic,quadratic_+0.25,-30.0,2026100249,49,quadratic|quadratic_positive|-30.0|2026100249,1,0.25,0.1138932021267434,17.029404296106982,0.905474304255422,0.8835131875732418,0.8824522685537088,0.008935107155996538,0.013569177469346744,0.013817469168169387
quadratic_positive,quadratic,quadratic_+0.25,-30.0,2026100251,51,quadratic|quadratic_positive|-30.0|2026100251,1,0.25,0.1138932021267434,17.029404296106982,0.905474304255422,0.8835131875732418,0.8824522685537088,0.008935107155996538,0.013569177469346744,0.013817469168169387
quadratic_positive,quadratic,quadratic_+0.25,-30.0,2026100255,55,quadratic|quadratic_positive|-30.0|2026100255,1,0.25,0.1138932021267434,17.029404296106982,0.905474304255422,0.8835131875732418,0.8824522685537088,0.008935107155996538,0.013569177469346744,0.013817469168169387
quadratic_positive,quadratic,quadratic_+0.25,-30.0,2026100256,56,quadratic|quadratic_positive|-30.0|2026100256,1,0.25,0.1138932021267434,17.029404296106982,0.905474304255422,0.8835131875732418,0.8824522685537088,0.008935107155996538,0.013569177469346744,0.013817469168169387
quadratic_positive,quadratic,quadratic_+0.25,-30.0,2026100253,53,quadratic|quadratic_positive|-30.0|2026100253,1,0.25,0.1138932021267434,17.029404296106982,0.905474304255422,0.8835131875732418,0.8824522685537088,0.008935107155996538,0.013569177469346744,0.013817469168169387
quadratic_positive,quadratic,quadratic_+0.25,-30.0,2026100257,57,quadratic|quadratic_positive|-30.0|2026100257,1,0.25,0.1138932021267434,17.029404296106982,0.905474304255422,0.8835131875732418,0.8824522685537088,0.008935107155996538,0.013569177469346744,0.013817469168169387
quadratic_positive,quadratic,quadratic_+0.25,-30.0,2026100258,58,quadratic|quadratic_positive|-30.0|2026100258,1,0.25,0.1138932021267434,17.029404296106982,0.905474304255422,0.8835131875732418,0.8824522685537088,0.008935107155996538,0.013569177469346744,0.013817469168169387
quadratic_positive,quadratic,quadratic_+0.25,-30.0,2026100260,60,quadratic|quadratic_positive|-30.0|2026100260,1,0.25,0.1138932021267434,17.029404296106982,0.905474304255422,0.8835131875732418,0.8824522685537088,0.008935107155996538,0.013569177469346744,0.013817469168169387
quadratic_positive,quadratic,quadratic_+0.25,-30.0,2026100261,61,quadratic|quadratic_positive|-30.0|2026100261,1,0.25,0.1138932021267434,17.029404296106982,0.905474304255422,0.8835131875732418,0.8824522685537088,0.008935107155996538,0.013569177469346744,0.013817469168169387
quadratic_positive,quadratic,quadratic_+0.25,-30.0,2026100262,62,quadratic|quadratic_positive|-30.0|2026100262,1,0.25,0.1138932021267434,17.029404296106982,0.905474304255422,0.8835131875732418,0.8824522685537088,0.008935107155996538,0.013569177469346744,0.013817469168169387
quadratic_positive,quadratic,quadratic_+0.25,-30.0,2026100265,65,quadratic|quadratic_positive|-30.0|2026100265,1,0.25,0.1138932021267434,17.029404296106982,0.905474304255422,0.8835131875732418,0.8824522685537088,0.008935107155996538,0.013569177469346744,0.013817469168169387
quadratic_positive,quadratic,quadratic_+0.25,-30.0,2026100264,64,quadratic|quadratic_positive|-30.0|2026100264,1,0.25,0.1138932021267434,17.029404296106982,0.905474304255422,0.8835131875732418,0.8824522685537088,0.008935107155996538,0.013569177469346744,0.013817469168169387
quadratic_positive,quadratic,quadratic_+0.25,-30.0,2026100259,59,quadratic|quadratic_positive|-30.0|2026100259,0,0.25,0.1138932021267434,17.029404296106982,0.905474304255422,0.8835131875732418,0.8824522685537088,0.8198837156668405,0.7805955526158304,0.7787220062755871
quadratic_positive,quadratic,quadratic_+0.25,-30.0,2026100266,66,quadratic|quadratic_positive|-30.0|2026100266,1,0.25,0.1138932021267434,17.029404296106982,0.905474304255422,0.8835131875732418,0.8824522685537088,0.008935107155996538,0.013569177469346744,0.013817469168169387
quadratic_positive,quadratic,quadratic_+0.25,-30.0,2026100268,68,quadratic|quadratic_positive|-30.0|2026100268,1,0.25,0.1138932021267434,17.029404296106982,0.905474304255422,0.8835131875732418,0.8824522685537088,0.008935107155996538,0.013569177469346744,0.013817469168169387
quadratic_positive,quadratic,quadratic_+0.25,-30.0,2026100263,63,quadratic|quadratic_positive|-30.0|2026100263,0,0.25,0.1138932021267434,17.029404296106982,0.905474304255422,0.8835131875732418,0.8824522685537088,0.8198837156668405,0.7805955526158304,0.7787220062755871
quadratic_positive,quadratic,quadratic_+0.25,-30.0,2026100269,69,quadratic|quadratic_positive|-30.0|2026100269,1,0.25,0.1138932021267434,17.029404296106982,0.905474304255422,0.8835131875732418,0.8824522685537088,0.008935107155996538,0.013569177469346744,0.013817469168169387
quadratic_positive,quadratic,quadratic_+0.25,-30.0,2026100270,70,quadratic|quadratic_positive|-30.0|2026100270,1,0.25,0.1138932021267434,17.029404296106982,0.905474304255422,0.8835131875732418,0.8824522685537088,0.008935107155996538,0.013569177469346744,0.013817469168169387
quadratic_positive,quadratic,quadratic_+0.25,-30.0,2026100267,67,quadratic|quadratic_positive|-30.0|2026100267,0,0.25,0.1138932021267434,17.029404296106982,0.905474304255422,0.8835131875732418,0.8824522685537088,0.8198837156668405,0.7805955526158304,0.7787220062755871
quadratic_positive,quadratic,quadratic_+0.25,-30.0,2026100272,72,quadratic|quadratic_positive|-30.0|2026100272,1,0.25,0.1138932021267434,17.029404296106982,0.905474304255422,0.8835131875732418,0.8824522685537088,0.008935107155996538,0.013569177469346744,0.013817469168169387
quadratic_positive,quadratic,quadratic_+0.25,-30.0,2026100274,74,quadratic|quadratic_positive|-30.0|2026100274,1,0.25,0.1138932021267434,17.029404296106982,0.905474304255422,0.8835131875732418,0.8824522685537088,0.008935107155996538,0.013569177469346744,0.013817469168169387
quadratic_positive,quadratic,quadratic_+0.25,-30.0,2026100273,73,quadratic|quadratic_positive|-30.0|2026100273,1,0.25,0.1138932021267434,17.029404296106982,0.905474304255422,0.8835131875732418,0.8824522685537088,0.008935107155996538,0.013569177469346744,0.013817469168169387
quadratic_positive,quadratic,quadratic_+0.25,-30.0,2026100277,77,quadratic|quadratic_positive|-30.0|2026100277,1,0.25,0.1138932021267434,17.029404296106982,0.905474304255422,0.8835131875732418,0.8824522685537088,0.008935107155996538,0.013569177469346744,0.013817469168169387
quadratic_positive,quadratic,quadratic_+0.25,-30.0,2026100276,76,quadratic|quadratic_positive|-30.0|2026100276,1,0.25,0.1138932021267434,17.029404296106982,0.905474304255422,0.8835131875732418,0.8824522685537088,0.008935107155996538,0.013569177469346744,0.013817469168169387
quadratic_positive,quadratic,quadratic_+0.25,-30.0,2026100271,71,quadratic|quadratic_positive|-30.0|2026100271,0,0.25,0.1138932021267434,17.029404296106982,0.905474304255422,0.8835131875732418,0.8824522685537088,0.8198837156668405,0.7805955526158304,0.7787220062755871
quadratic_positive,quadratic,quadratic_+0.25,-30.0,2026100275,75,quadratic|quadratic_positive|-30.0|2026100275,1,0.25,0.1138932021267434,17.029404296106982,0.905474304255422,0.8835131875732418,0.8824522685537088,0.008935107155996538,0.013569177469346744,0.013817469168169387
quadratic_positive,quadratic,quadratic_+0.25,-30.0,2026100280,80,quadratic|quadratic_positive|-30.0|2026100280,1,0.25,0.1138932021267434,17.029404296106982,0.905474304255422,0.8835131875732418,0.8824522685537088,0.008935107155996538,0.013569177469346744,0.013817469168169387
quadratic_positive,quadratic,quadratic_+0.25,-30.0,2026100281,81,quadratic|quadratic_positive|-30.0|2026100281,1,0.25,0.1138932021267434,17.029404296106982,0.905474304255422,0.8835131875732418,0.8824522685537088,0.008935107155996538,0.013569177469346744,0.013817469168169387
quadratic_positive,quadratic,quadratic_+0.25,-30.0,2026100282,82,quadratic|quadratic_positive|-30.0|2026100282,1,0.25,0.1138932021267434,17.029404296106982,0.905474304255422,0.8835131875732418,0.8824522685537088,0.008935107155996538,0.013569177469346744,0.013817469168169387
quadratic_positive,quadratic,quadratic_+0.25,-30.0,2026100278,78,quadratic|quadratic_positive|-30.0|2026100278,1,0.25,0.1138932021267434,17.029404296106982,0.905474304255422,0.8835131875732418,0.8824522685537088,0.008935107155996538,0.013569177469346744,0.013817469168169387
quadratic_positive,quadratic,quadratic_+0.25,-30.0,2026100283,83,quadratic|quadratic_positive|-30.0|2026100283,1,0.25,0.1138932021267434,17.029404296106982,0.905474304255422,0.8835131875732418,0.8824522685537088,0.008935107155996538,0.013569177469346744,0.013817469168169387
quadratic_positive,quadratic,quadratic_+0.25,-30.0,2026100286,86,quadratic|quadratic_positive|-30.0|2026100286,1,0.25,0.1138932021267434,17.029404296106982,0.905474304255422,0.8835131875732418,0.8824522685537088,0.008935107155996538,0.013569177469346744,0.013817469168169387
quadratic_positive,quadratic,quadratic_+0.25,-30.0,2026100285,85,quadratic|quadratic_positive|-30.0|2026100285,1,0.25,0.1138932021267434,17.029404296106982,0.905474304255422,0.8835131875732418,0.8824522685537088,0.008935107155996538,0.013569177469346744,0.013817469168169387
quadratic_positive,quadratic,quadratic_+0.25,-30.0,2026100279,79,quadratic|quadratic_positive|-30.0|2026100279,0,0.25,0.1138932021267434,17.029404296106982,0.905474304255422,0.8835131875732418,0.8824522685537088,0.8198837156668405,0.7805955526158304,0.7787220062755871
quadratic_positive,quadratic,quadratic_+0.25,-30.0,2026100289,89,quadratic|quadratic_positive|-30.0|2026100289,1,0.25,0.1138932021267434,17.029404296106982,0.905474304255422,0.8835131875732418,0.8824522685537088,0.008935107155996538,0.013569177469346744,0.013817469168169387
quadratic_positive,quadratic,quadratic_+0.25,-30.0,2026100284,84,quadratic|quadratic_positive|-30.0|2026100284,1,0.25,0.1138932021267434,17.029404296106982,0.905474304255422,0.8835131875732418,0.8824522685537088,0.008935107155996538,0.013569177469346744,0.013817469168169387
quadratic_positive,quadratic,quadratic_+0.25,-30.0,2026100290,90,quadratic|quadratic_positive|-30.0|2026100290,1,0.25,0.1138932021267434,17.029404296106982,0.905474304255422,0.8835131875732418,0.8824522685537088,0.008935107155996538,0.013569177469346744,0.013817469168169387
quadratic_positive,quadratic,quadratic_+0.25,-30.0,2026100287,87,quadratic|quadratic_positive|-30.0|2026100287,1,0.25,0.1138932021267434,17.029404296106982,0.905474304255422,0.8835131875732418,0.8824522685537088,0.008935107155996538,0.013569177469346744,0.013817469168169387
quadratic_positive,quadratic,quadratic_+0.25,-30.0,2026100288,88,quadratic|quadratic_positive|-30.0|2026100288,1,0.25,0.1138932021267434,17.029404296106982,0.905474304255422,0.8835131875732418,0.8824522685537088,0.008935107155996538,0.013569177469346744,0.013817469168169387
quadratic_positive,quadratic,quadratic_+0.25,-30.0,2026100293,93,quadratic|quadratic_positive|-30.0|2026100293,1,0.25,0.1138932021267434,17.029404296106982,0.905474304255422,0.8835131875732418,0.8824522685537088,0.008935107155996538,0.013569177469346744,0.013817469168169387
quadratic_positive,quadratic,quadratic_+0.25,-30.0,2026100295,95,quadratic|quadratic_positive|-30.0|2026100295,1,0.25,0.1138932021267434,17.029404296106982,0.905474304255422,0.8835131875732418,0.8824522685537088,0.008935107155996538,0.013569177469346744,0.013817469168169387
quadratic_positive,quadratic,quadratic_+0.25,-30.0,2026100291,91,quadratic|quadratic_positive|-30.0|2026100291,1,0.25,0.1138932021267434,17.029404296106982,0.905474304255422,0.8835131875732418,0.8824522685537088,0.008935107155996538,0.013569177469346744,0.013817469168169387
quadratic_positive,quadratic,quadratic_+0.25,-30.0,2026100296,96,quadratic|quadratic_positive|-30.0|2026100296,1,0.25,0.1138932021267434,17.029404296106982,0.905474304255422,0.8835131875732418,0.8824522685537088,0.008935107155996538,0.013569177469346744,0.013817469168169387
quadratic_positive,quadratic,quadratic_+0.25,-30.0,2026100298,98,quadratic|quadratic_positive|-30.0|2026100298,1,0.25,0.1138932021267434,17.029404296106982,0.905474304255422,0.8835131875732418,0.8824522685537088,0.008935107155996538,0.013569177469346744,0.013817469168169387
quadratic_positive,quadratic,quadratic_+0.25,-30.0,2026100294,94,quadratic|quadratic_positive|-30.0|2026100294,1,0.25,0.1138932021267434,17.029404296106982,0.905474304255422,0.8835131875732418,0.8824522685537088,0.008935107155996538,0.013569177469346744,0.013817469168169387
quadratic_positive,quadratic,quadratic_+0.25,-30.0,2026100297,97,quadratic|quadratic_positive|-30.0|2026100297,1,0.25,0.1138932021267434,17.029404296106982,0.905474304255422,0.8835131875732418,0.8824522685537088,0.008935107155996538,0.013569177469346744,0.013817469168169387
quadratic_positive,quadratic,quadratic_+0.25,-30.0,2026100292,92,quadratic|quadratic_positive|-30.0|2026100292,0,0.25,0.1138932021267434,17.029404296106982,0.905474304255422,0.8835131875732418,0.8824522685537088,0.8198837156668405,0.7805955526158304,0.7787220062755871
quadratic_positive,quadratic,quadratic_+0.25,-30.0,2026100299,99,quadratic|quadratic_positive|-30.0|2026100299,1,0.25,0.1138932021267434,17.029404296106982,0.905474304255422,0.8835131875732418,0.8824522685537088,0.008935107155996538,0.013569177469346744,0.013817469168169387
quadratic_negative,quadratic,quadratic_-0.25,-30.0,2026100200,0,quadratic|quadratic_negative|-30.0|2026100200,1,0.25,0.1138932021267434,17.029404296106982,0.9119028792922497,0.8891547000038891,0.8878519117711957,0.007761102676995932,0.012286680531227829,0.012577193693375672
quadratic_negative,quadratic,quadratic_-0.25,-30.0,2026100204,4,quadratic|quadratic_negative|-30.0|2026100204,1,0.25,0.1138932021267434,17.029404296106982,0.9119028792922497,0.8891547000038891,0.8878519117711957,0.007761102676995932,0.012286680531227829,0.012577193693375672
quadratic_negative,quadratic,quadratic_-0.25,-30.0,2026100202,2,quadratic|quadratic_negative|-30.0|2026100202,1,0.25,0.1138932021267434,17.029404296106982,0.9119028792922497,0.8891547000038891,0.8878519117711957,0.007761102676995932,0.012286680531227829,0.012577193693375672
quadratic_negative,quadratic,quadratic_-0.25,-30.0,2026100203,3,quadratic|quadratic_negative|-30.0|2026100203,1,0.25,0.1138932021267434,17.029404296106982,0.9119028792922497,0.8891547000038891,0.8878519117711957,0.007761102676995932,0.012286680531227829,0.012577193693375672
quadratic_negative,quadratic,quadratic_-0.25,-30.0,2026100201,1,quadratic|quadratic_negative|-30.0|2026100201,1,0.25,0.1138932021267434,17.029404296106982,0.9119028792922497,0.8891547000038891,0.8878519117711957,0.007761102676995932,0.012286680531227829,0.012577193693375672
quadratic_negative,quadratic,quadratic_-0.25,-30.0,2026100208,8,quadratic|quadratic_negative|-30.0|2026100208,1,0.25,0.1138932021267434,17.029404296106982,0.9119028792922497,0.8891547000038891,0.8878519117711957,0.007761102676995932,0.012286680531227829,0.012577193693375672
quadratic_negative,quadratic,quadratic_-0.25,-30.0,2026100205,5,quadratic|quadratic_negative|-30.0|2026100205,1,0.25,0.1138932021267434,17.029404296106982,0.9119028792922497,0.8891547000038891,0.8878519117711957,0.007761102676995932,0.012286680531227829,0.012577193693375672
quadratic_negative,quadratic,quadratic_-0.25,-30.0,2026100207,7,quadratic|quadratic_negative|-30.0|2026100207,1,0.25,0.1138932021267434,17.029404296106982,0.9119028792922497,0.8891547000038891,0.8878519117711957,0.007761102676995932,0.012286680531227829,0.012577193693375672
quadratic_negative,quadratic,quadratic_-0.25,-30.0,2026100206,6,quadratic|quadratic_negative|-30.0|2026100206,1,0.25,0.1138932021267434,17.029404296106982,0.9119028792922497,0.8891547000038891,0.8878519117711957,0.007761102676995932,0.012286680531227829,0.012577193693375672
quadratic_negative,quadratic,quadratic_-0.25,-30.0,2026100211,11,quadratic|quadratic_negative|-30.0|2026100211,1,0.25,0.1138932021267434,17.029404296106982,0.9119028792922497,0.8891547000038891,0.8878519117711957,0.007761102676995932,0.012286680531227829,0.012577193693375672
quadratic_negative,quadratic,quadratic_-0.25,-30.0,2026100209,9,quadratic|quadratic_negative|-30.0|2026100209,1,0.25,0.1138932021267434,17.029404296106982,0.9119028792922497,0.8891547000038891,0.8878519117711957,0.007761102676995932,0.012286680531227829,0.012577193693375672
quadratic_negative,quadratic,quadratic_-0.25,-30.0,2026100210,10,quadratic|quadratic_negative|-30.0|2026100210,1,0.25,0.1138932021267434,17.029404296106982,0.9119028792922497,0.8891547000038891,0.8878519117711957,0.007761102676995932,0.012286680531227829,0.012577193693375672
quadratic_negative,quadratic,quadratic_-0.25,-30.0,2026100214,14,quadratic|quadratic_negative|-30.0|2026100214,1,0.25,0.1138932021267434,17.029404296106982,0.9119028792922497,0.8891547000038891,0.8878519117711957,0.007761102676995932,0.012286680531227829,0.012577193693375672
quadratic_negative,quadratic,quadratic_-0.25,-30.0,2026100215,15,quadratic|quadratic_negative|-30.0|2026100215,1,0.25,0.1138932021267434,17.029404296106982,0.9119028792922497,0.8891547000038891,0.8878519117711957,0.007761102676995932,0.012286680531227829,0.012577193693375672
quadratic_negative,quadratic,quadratic_-0.25,-30.0,2026100212,12,quadratic|quadratic_negative|-30.0|2026100212,1,0.25,0.1138932021267434,17.029404296106982,0.9119028792922497,0.8891547000038891,0.8878519117711957,0.007761102676995932,0.012286680531227829,0.012577193693375672
quadratic_negative,quadratic,quadratic_-0.25,-30.0,2026100216,16,quadratic|quadratic_negative|-30.0|2026100216,1,0.25,0.1138932021267434,17.029404296106982,0.9119028792922497,0.8891547000038891,0.8878519117711957,0.007761102676995932,0.012286680531227829,0.012577193693375672
quadratic_negative,quadratic,quadratic_-0.25,-30.0,2026100219,19,quadratic|quadratic_negative|-30.0|2026100219,1,0.25,0.1138932021267434,17.029404296106982,0.9119028792922497,0.8891547000038891,0.8878519117711957,0.007761102676995932,0.012286680531227829,0.012577193693375672
quadratic_negative,quadratic,quadratic_-0.25,-30.0,2026100217,17,quadratic|quadratic_negative|-30.0|2026100217,1,0.25,0.1138932021267434,17.029404296106982,0.9119028792922497,0.8891547000038891,0.8878519117711957,0.007761102676995932,0.012286680531227829,0.012577193693375672
quadratic_negative,quadratic,quadratic_-0.25,-30.0,2026100220,20,quadratic|quadratic_negative|-30.0|2026100220,1,0.25,0.1138932021267434,17.029404296106982,0.9119028792922497,0.8891547000038891,0.8878519117711957,0.007761102676995932,0.012286680531227829,0.012577193693375672
quadratic_negative,quadratic,quadratic_-0.25,-30.0,2026100221,21,quadratic|quadratic_negative|-30.0|2026100221,1,0.25,0.1138932021267434,17.029404296106982,0.9119028792922497,0.8891547000038891,0.8878519117711957,0.007761102676995932,0.012286680531227829,0.012577193693375672
quadratic_negative,quadratic,quadratic_-0.25,-30.0,2026100222,22,quadratic|quadratic_negative|-30.0|2026100222,1,0.25,0.1138932021267434,17.029404296106982,0.9119028792922497,0.8891547000038891,0.8878519117711957,0.007761102676995932,0.012286680531227829,0.012577193693375672
quadratic_negative,quadratic,quadratic_-0.25,-30.0,2026100223,23,quadratic|quadratic_negative|-30.0|2026100223,1,0.25,0.1138932021267434,17.029404296106982,0.9119028792922497,0.8891547000038891,0.8878519117711957,0.007761102676995932,0.012286680531227829,0.012577193693375672
quadratic_negative,quadratic,quadratic_-0.25,-30.0,2026100218,18,quadratic|quadratic_negative|-30.0|2026100218,1,0.25,0.1138932021267434,17.029404296106982,0.9119028792922497,0.8891547000038891,0.8878519117711957,0.007761102676995932,0.012286680531227829,0.012577193693375672
quadratic_negative,quadratic,quadratic_-0.25,-30.0,2026100213,13,quadratic|quadratic_negative|-30.0|2026100213,0,0.25,0.1138932021267434,17.029404296106982,0.9119028792922497,0.8891547000038891,0.8878519117711957,0.8315668612614953,0.790596080539006,0.788281017235767
quadratic_negative,quadratic,quadratic_-0.25,-30.0,2026100226,26,quadratic|quadratic_negative|-30.0|2026100226,1,0.25,0.1138932021267434,17.029404296106982,0.9119028792922497,0.8891547000038891,0.8878519117711957,0.007761102676995932,0.012286680531227829,0.012577193693375672
quadratic_negative,quadratic,quadratic_-0.25,-30.0,2026100227,27,quadratic|quadratic_negative|-30.0|2026100227,1,0.25,0.1138932021267434,17.029404296106982,0.9119028792922497,0.8891547000038891,0.8878519117711957,0.007761102676995932,0.012286680531227829,0.012577193693375672
quadratic_negative,quadratic,quadratic_-0.25,-30.0,2026100225,25,quadratic|quadratic_negative|-30.0|2026100225,1,0.25,0.1138932021267434,17.029404296106982,0.9119028792922497,0.8891547000038891,0.8878519117711957,0.007761102676995932,0.012286680531227829,0.012577193693375672
quadratic_negative,quadratic,quadratic_-0.25,-30.0,2026100224,24,quadratic|quadratic_negative|-30.0|2026100224,1,0.25,0.1138932021267434,17.029404296106982,0.9119028792922497,0.8891547000038891,0.8878519117711957,0.007761102676995932,0.012286680531227829,0.012577193693375672
quadratic_negative,quadratic,quadratic_-0.25,-30.0,2026100231,31,quadratic|quadratic_negative|-30.0|2026100231,1,0.25,0.1138932021267434,17.029404296106982,0.9119028792922497,0.8891547000038891,0.8878519117711957,0.007761102676995932,0.012286680531227829,0.012577193693375672
quadratic_negative,quadratic,quadratic_-0.25,-30.0,2026100229,29,quadratic|quadratic_negative|-30.0|2026100229,1,0.25,0.1138932021267434,17.029404296106982,0.9119028792922497,0.8891547000038891,0.8878519117711957,0.007761102676995932,0.012286680531227829,0.012577193693375672
quadratic_negative,quadratic,quadratic_-0.25,-30.0,2026100232,32,quadratic|quadratic_negative|-30.0|2026100232,1,0.25,0.1138932021267434,17.029404296106982,0.9119028792922497,0.8891547000038891,0.8878519117711957,0.007761102676995932,0.012286680531227829,0.012577193693375672
quadratic_negative,quadratic,quadratic_-0.25,-30.0,2026100230,30,quadratic|quadratic_negative|-30.0|2026100230,1,0.25,0.1138932021267434,17.029404296106982,0.9119028792922497,0.8891547000038891,0.8878519117711957,0.007761102676995932,0.012286680531227829,0.012577193693375672
quadratic_negative,quadratic,quadratic_-0.25,-30.0,2026100235,35,quadratic|quadratic_negative|-30.0|2026100235,1,0.25,0.1138932021267434,17.029404296106982,0.9119028792922497,0.8891547000038891,0.8878519117711957,0.007761102676995932,0.012286680531227829,0.012577193693375672
quadratic_negative,quadratic,quadratic_-0.25,-30.0,2026100234,34,quadratic|quadratic_negative|-30.0|2026100234,1,0.25,0.1138932021267434,17.029404296106982,0.9119028792922497,0.8891547000038891,0.8878519117711957,0.007761102676995932,0.012286680531227829,0.012577193693375672
quadratic_negative,quadratic,quadratic_-0.25,-30.0,2026100236,36,quadratic|quadratic_negative|-30.0|2026100236,1,0.25,0.1138932021267434,17.029404296106982,0.9119028792922497,0.8891547000038891,0.8878519117711957,0.007761102676995932,0.012286680531227829,0.012577193693375672
quadratic_negative,quadratic,quadratic_-0.25,-30.0,2026100237,37,quadratic|quadratic_negative|-30.0|2026100237,1,0.25,0.1138932021267434,17.029404296106982,0.9119028792922497,0.8891547000038891,0.8878519117711957,0.007761102676995932,0.012286680531227829,0.012577193693375672
quadratic_negative,quadratic,quadratic_-0.25,-30.0,2026100228,28,quadratic|quadratic_negative|-30.0|2026100228,0,0.25,0.1138932021267434,17.029404296106982,0.9119028792922497,0.8891547000038891,0.8878519117711957,0.8315668612614953,0.790596080539006,0.788281017235767
quadratic_negative,quadratic,quadratic_-0.25,-30.0,2026100239,39,quadratic|quadratic_negative|-30.0|2026100239,1,0.25,0.1138932021267434,17.029404296106982,0.9119028792922497,0.8891547000038891,0.8878519117711957,0.007761102676995932,0.012286680531227829,0.012577193693375672
quadratic_negative,quadratic,quadratic_-0.25,-30.0,2026100240,40,quadratic|quadratic_negative|-30.0|2026100240,1,0.25,0.1138932021267434,17.029404296106982,0.9119028792922497,0.8891547000038891,0.8878519117711957,0.007761102676995932,0.012286680531227829,0.012577193693375672
quadratic_negative,quadratic,quadratic_-0.25,-30.0,2026100233,33,quadratic|quadratic_negative|-30.0|2026100233,0,0.25,0.1138932021267434,17.029404296106982,0.9119028792922497,0.8891547000038891,0.8878519117711957,0.8315668612614953,0.790596080539006,0.788281017235767
quadratic_negative,quadratic,quadratic_-0.25,-30.0,2026100241,41,quadratic|quadratic_negative|-30.0|2026100241,1,0.25,0.1138932021267434,17.029404296106982,0.9119028792922497,0.8891547000038891,0.8878519117711957,0.007761102676995932,0.012286680531227829,0.012577193693375672
quadratic_negative,quadratic,quadratic_-0.25,-30.0,2026100242,42,quadratic|quadratic_negative|-30.0|2026100242,1,0.25,0.1138932021267434,17.029404296106982,0.9119028792922497,0.8891547000038891,0.8878519117711957,0.007761102676995932,0.012286680531227829,0.012577193693375672
quadratic_negative,quadratic,quadratic_-0.25,-30.0,2026100243,43,quadratic|quadratic_negative|-30.0|2026100243,1,0.25,0.1138932021267434,17.029404296106982,0.9119028792922497,0.8891547000038891,0.8878519117711957,0.007761102676995932,0.012286680531227829,0.012577193693375672
quadratic_negative,quadratic,quadratic_-0.25,-30.0,2026100245,45,quadratic|quadratic_negative|-30.0|2026100245,1,0.25,0.1138932021267434,17.029404296106982,0.9119028792922497,0.8891547000038891,0.8878519117711957,0.007761102676995932,0.012286680531227829,0.012577193693375672
quadratic_negative,quadratic,quadratic_-0.25,-30.0,2026100238,38,quadratic|quadratic_negative|-30.0|2026100238,1,0.25,0.1138932021267434,17.029404296106982,0.9119028792922497,0.8891547000038891,0.8878519117711957,0.007761102676995932,0.012286680531227829,0.012577193693375672
quadratic_negative,quadratic,quadratic_-0.25,-30.0,2026100247,47,quadratic|quadratic_negative|-30.0|2026100247,1,0.25,0.1138932021267434,17.029404296106982,0.9119028792922497,0.8891547000038891,0.8878519117711957,0.007761102676995932,0.012286680531227829,0.012577193693375672
quadratic_negative,quadratic,quadratic_-0.25,-30.0,2026100249,49,quadratic|quadratic_negative|-30.0|2026100249,1,0.25,0.1138932021267434,17.029404296106982,0.9119028792922497,0.8891547000038891,0.8878519117711957,0.007761102676995932,0.012286680531227829,0.012577193693375672
quadratic_negative,quadratic,quadratic_-0.25,-30.0,2026100248,48,quadratic|quadratic_negative|-30.0|2026100248,1,0.25,0.1138932021267434,17.029404296106982,0.9119028792922497,0.8891547000038891,0.8878519117711957,0.007761102676995932,0.012286680531227829,0.012577193693375672
quadratic_negative,quadratic,quadratic_-0.25,-30.0,2026100250,50,quadratic|quadratic_negative|-30.0|2026100250,1,0.25,0.1138932021267434,17.029404296106982,0.9119028792922497,0.8891547000038891,0.8878519117711957,0.007761102676995932,0.012286680531227829,0.012577193693375672
quadratic_negative,quadratic,quadratic_-0.25,-30.0,2026100252,52,quadratic|quadratic_negative|-30.0|2026100252,1,0.25,0.1138932021267434,17.029404296106982,0.9119028792922497,0.8891547000038891,0.8878519117711957,0.007761102676995932,0.012286680531227829,0.012577193693375672
quadratic_negative,quadratic,quadratic_-0.25,-30.0,2026100251,51,quadratic|quadratic_negative|-30.0|2026100251,1,0.25,0.1138932021267434,17.029404296106982,0.9119028792922497,0.8891547000038891,0.8878519117711957,0.007761102676995932,0.012286680531227829,0.012577193693375672
quadratic_negative,quadratic,quadratic_-0.25,-30.0,2026100244,44,quadratic|quadratic_negative|-30.0|2026100244,0,0.25,0.1138932021267434,17.029404296106982,0.9119028792922497,0.8891547000038891,0.8878519117711957,0.8315668612614953,0.790596080539006,0.788281017235767
quadratic_negative,quadratic,quadratic_-0.25,-30.0,2026100253,53,quadratic|quadratic_negative|-30.0|2026100253,1,0.25,0.1138932021267434,17.029404296106982,0.9119028792922497,0.8891547000038891,0.8878519117711957,0.007761102676995932,0.012286680531227829,0.012577193693375672
quadratic_negative,quadratic,quadratic_-0.25,-30.0,2026100246,46,quadratic|quadratic_negative|-30.0|2026100246,0,0.25,0.1138932021267434,17.029404296106982,0.9119028792922497,0.8891547000038891,0.8878519117711957,0.8315668612614953,0.790596080539006,0.788281017235767
quadratic_negative,quadratic,quadratic_-0.25,-30.0,2026100254,54,quadratic|quadratic_negative|-30.0|2026100254,1,0.25,0.1138932021267434,17.029404296106982,0.9119028792922497,0.8891547000038891,0.8878519117711957,0.007761102676995932,0.012286680531227829,0.012577193693375672
quadratic_negative,quadratic,quadratic_-0.25,-30.0,2026100256,56,quadratic|quadratic_negative|-30.0|2026100256,1,0.25,0.1138932021267434,17.029404296106982,0.9119028792922497,0.8891547000038891,0.8878519117711957,0.007761102676995932,0.012286680531227829,0.012577193693375672
quadratic_negative,quadratic,quadratic_-0.25,-30.0,2026100257,57,quadratic|quadratic_negative|-30.0|2026100257,1,0.25,0.1138932021267434,17.029404296106982,0.9119028792922497,0.8891547000038891,0.8878519117711957,0.007761102676995932,0.012286680531227829,0.012577193693375672
quadratic_negative,quadratic,quadratic_-0.25,-30.0,2026100260,60,quadratic|quadratic_negative|-30.0|2026100260,1,0.25,0.1138932021267434,17.029404296106982,0.9119028792922497,0.8891547000038891,0.8878519117711957,0.007761102676995932,0.012286680531227829,0.012577193693375672
quadratic_negative,quadratic,quadratic_-0.25,-30.0,2026100258,58,quadratic|quadratic_negative|-30.0|2026100258,1,0.25,0.1138932021267434,17.029404296106982,0.9119028792922497,0.8891547000038891,0.8878519117711957,0.007761102676995932,0.012286680531227829,0.012577193693375672
quadratic_negative,quadratic,quadratic_-0.25,-30.0,2026100261,61,quadratic|quadratic_negative|-30.0|2026100261,1,0.25,0.1138932021267434,17.029404296106982,0.9119028792922497,0.8891547000038891,0.8878519117711957,0.007761102676995932,0.012286680531227829,0.012577193693375672
quadratic_negative,quadratic,quadratic_-0.25,-30.0,2026100263,63,quadratic|quadratic_negative|-30.0|2026100263,1,0.25,0.1138932021267434,17.029404296106982,0.9119028792922497,0.8891547000038891,0.8878519117711957,0.007761102676995932,0.012286680531227829,0.012577193693375672
quadratic_negative,quadratic,quadratic_-0.25,-30.0,2026100255,55,quadratic|quadratic_negative|-30.0|2026100255,0,0.25,0.1138932021267434,17.029404296106982,0.9119028792922497,0.8891547000038891,0.8878519117711957,0.8315668612614953,0.790596080539006,0.788281017235767
quadratic_negative,quadratic,quadratic_-0.25,-30.0,2026100262,62,quadratic|quadratic_negative|-30.0|2026100262,1,0.25,0.1138932021267434,17.029404296106982,0.9119028792922497,0.8891547000038891,0.8878519117711957,0.007761102676995932,0.012286680531227829,0.012577193693375672
quadratic_negative,quadratic,quadratic_-0.25,-30.0,2026100265,65,quadratic|quadratic_negative|-30.0|2026100265,1,0.25,0.1138932021267434,17.029404296106982,0.9119028792922497,0.8891547000038891,0.8878519117711957,0.007761102676995932,0.012286680531227829,0.012577193693375672
quadratic_negative,quadratic,quadratic_-0.25,-30.0,2026100259,59,quadratic|quadratic_negative|-30.0|2026100259,0,0.25,0.1138932021267434,17.029404296106982,0.9119028792922497,0.8891547000038891,0.8878519117711957,0.8315668612614953,0.790596080539006,0.788281017235767
quadratic_negative,quadratic,quadratic_-0.25,-30.0,2026100266,66,quadratic|quadratic_negative|-30.0|2026100266,1,0.25,0.1138932021267434,17.029404296106982,0.9119028792922497,0.8891547000038891,0.8878519117711957,0.007761102676995932,0.012286680531227829,0.012577193693375672
quadratic_negative,quadratic,quadratic_-0.25,-30.0,2026100268,68,quadratic|quadratic_negative|-30.0|2026100268,1,0.25,0.1138932021267434,17.029404296106982,0.9119028792922497,0.8891547000038891,0.8878519117711957,0.007761102676995932,0.012286680531227829,0.012577193693375672
quadratic_negative,quadratic,quadratic_-0.25,-30.0,2026100269,69,quadratic|quadratic_negative|-30.0|2026100269,1,0.25,0.1138932021267434,17.029404296106982,0.9119028792922497,0.8891547000038891,0.8878519117711957,0.007761102676995932,0.012286680531227829,0.012577193693375672
quadratic_negative,quadratic,quadratic_-0.25,-30.0,2026100270,70,quadratic|quadratic_negative|-30.0|2026100270,1,0.25,0.1138932021267434,17.029404296106982,0.9119028792922497,0.8891547000038891,0.8878519117711957,0.007761102676995932,0.012286680531227829,0.012577193693375672
quadratic_negative,quadratic,quadratic_-0.25,-30.0,2026100264,64,quadratic|quadratic_negative|-30.0|2026100264,1,0.25,0.1138932021267434,17.029404296106982,0.9119028792922497,0.8891547000038891,0.8878519117711957,0.007761102676995932,0.012286680531227829,0.012577193693375672
quadratic_negative,quadratic,quadratic_-0.25,-30.0,2026100267,67,quadratic|quadratic_negative|-30.0|2026100267,1,0.25,0.1138932021267434,17.029404296106982,0.9119028792922497,0.8891547000038891,0.8878519117711957,0.007761102676995932,0.012286680531227829,0.012577193693375672
quadratic_negative,quadratic,quadratic_-0.25,-30.0,2026100272,72,quadratic|quadratic_negative|-30.0|2026100272,1,0.25,0.1138932021267434,17.029404296106982,0.9119028792922497,0.8891547000038891,0.8878519117711957,0.007761102676995932,0.012286680531227829,0.012577193693375672
quadratic_negative,quadratic,quadratic_-0.25,-30.0,2026100275,75,quadratic|quadratic_negative|-30.0|2026100275,1,0.25,0.1138932021267434,17.029404296106982,0.9119028792922497,0.8891547000038891,0.8878519117711957,0.007761102676995932,0.012286680531227829,0.012577193693375672
quadratic_negative,quadratic,quadratic_-0.25,-30.0,2026100273,73,quadratic|quadratic_negative|-30.0|2026100273,1,0.25,0.1138932021267434,17.029404296106982,0.9119028792922497,0.8891547000038891,0.8878519117711957,0.007761102676995932,0.012286680531227829,0.012577193693375672
quadratic_negative,quadratic,quadratic_-0.25,-30.0,2026100274,74,quadratic|quadratic_negative|-30.0|2026100274,1,0.25,0.1138932021267434,17.029404296106982,0.9119028792922497,0.8891547000038891,0.8878519117711957,0.007761102676995932,0.012286680531227829,0.012577193693375672
quadratic_negative,quadratic,quadratic_-0.25,-30.0,2026100271,71,quadratic|quadratic_negative|-30.0|2026100271,0,0.25,0.1138932021267434,17.029404296106982,0.9119028792922497,0.8891547000038891,0.8878519117711957,0.8315668612614953,0.790596080539006,0.788281017235767
quadratic_negative,quadratic,quadratic_-0.25,-30.0,2026100277,77,quadratic|quadratic_negative|-30.0|2026100277,1,0.25,0.1138932021267434,17.029404296106982,0.9119028792922497,0.8891547000038891,0.8878519117711957,0.007761102676995932,0.012286680531227829,0.012577193693375672
quadratic_negative,quadratic,quadratic_-0.25,-30.0,2026100280,80,quadratic|quadratic_negative|-30.0|2026100280,1,0.25,0.1138932021267434,17.029404296106982,0.9119028792922497,0.8891547000038891,0.8878519117711957,0.007761102676995932,0.012286680531227829,0.012577193693375672
quadratic_negative,quadratic,quadratic_-0.25,-30.0,2026100278,78,quadratic|quadratic_negative|-30.0|2026100278,1,0.25,0.1138932021267434,17.029404296106982,0.9119028792922497,0.8891547000038891,0.8878519117711957,0.007761102676995932,0.012286680531227829,0.012577193693375672
quadratic_negative,quadratic,quadratic_-0.25,-30.0,2026100279,79,quadratic|quadratic_negative|-30.0|2026100279,1,0.25,0.1138932021267434,17.029404296106982,0.9119028792922497,0.8891547000038891,0.8878519117711957,0.007761102676995932,0.012286680531227829,0.012577193693375672
quadratic_negative,quadratic,quadratic_-0.25,-30.0,2026100283,83,quadratic|quadratic_negative|-30.0|2026100283,1,0.25,0.1138932021267434,17.029404296106982,0.9119028792922497,0.8891547000038891,0.8878519117711957,0.007761102676995932,0.012286680531227829,0.012577193693375672
quadratic_negative,quadratic,quadratic_-0.25,-30.0,2026100276,76,quadratic|quadratic_negative|-30.0|2026100276,0,0.25,0.1138932021267434,17.029404296106982,0.9119028792922497,0.8891547000038891,0.8878519117711957,0.8315668612614953,0.790596080539006,0.788281017235767
quadratic_negative,quadratic,quadratic_-0.25,-30.0,2026100285,85,quadratic|quadratic_negative|-30.0|2026100285,1,0.25,0.1138932021267434,17.029404296106982,0.9119028792922497,0.8891547000038891,0.8878519117711957,0.007761102676995932,0.012286680531227829,0.012577193693375672
quadratic_negative,quadratic,quadratic_-0.25,-30.0,2026100282,82,quadratic|quadratic_negative|-30.0|2026100282,1,0.25,0.1138932021267434,17.029404296106982,0.9119028792922497,0.8891547000038891,0.8878519117711957,0.007761102676995932,0.012286680531227829,0.012577193693375672
quadratic_negative,quadratic,quadratic_-0.25,-30.0,2026100281,81,quadratic|quadratic_negative|-30.0|2026100281,1,0.25,0.1138932021267434,17.029404296106982,0.9119028792922497,0.8891547000038891,0.8878519117711957,0.007761102676995932,0.012286680531227829,0.012577193693375672
quadratic_negative,quadratic,quadratic_-0.25,-30.0,2026100286,86,quadratic|quadratic_negative|-30.0|2026100286,1,0.25,0.1138932021267434,17.029404296106982,0.9119028792922497,0.8891547000038891,0.8878519117711957,0.007761102676995932,0.012286680531227829,0.012577193693375672
quadratic_negative,quadratic,quadratic_-0.25,-30.0,2026100284,84,quadratic|quadratic_negative|-30.0|2026100284,1,0.25,0.1138932021267434,17.029404296106982,0.9119028792922497,0.8891547000038891,0.8878519117711957,0.007761102676995932,0.012286680531227829,0.012577193693375672
quadratic_negative,quadratic,quadratic_-0.25,-30.0,2026100287,87,quadratic|quadratic_negative|-30.0|2026100287,1,0.25,0.1138932021267434,17.029404296106982,0.9119028792922497,0.8891547000038891,0.8878519117711957,0.007761102676995932,0.012286680531227829,0.012577193693375672
quadratic_negative,quadratic,quadratic_-0.25,-30.0,2026100288,88,quadratic|quadratic_negative|-30.0|2026100288,1,0.25,0.1138932021267434,17.029404296106982,0.9119028792922497,0.8891547000038891,0.8878519117711957,0.007761102676995932,0.012286680531227829,0.012577193693375672
quadratic_negative,quadratic,quadratic_-0.25,-30.0,2026100289,89,quadratic|quadratic_negative|-30.0|2026100289,1,0.25,0.1138932021267434,17.029404296106982,0.9119028792922497,0.8891547000038891,0.8878519117711957,0.007761102676995932,0.012286680531227829,0.012577193693375672
quadratic_negative,quadratic,quadratic_-0.25,-30.0,2026100290,90,quadratic|quadratic_negative|-30.0|2026100290,1,0.25,0.1138932021267434,17.029404296106982,0.9119028792922497,0.8891547000038891,0.8878519117711957,0.007761102676995932,0.012286680531227829,0.012577193693375672
quadratic_negative,quadratic,quadratic_-0.25,-30.0,2026100294,94,quadratic|quadratic_negative|-30.0|2026100294,1,0.25,0.1138932021267434,17.029404296106982,0.9119028792922497,0.8891547000038891,0.8878519117711957,0.007761102676995932,0.012286680531227829,0.012577193693375672
quadratic_negative,quadratic,quadratic_-0.25,-30.0,2026100295,95,quadratic|quadratic_negative|-30.0|2026100295,1,0.25,0.1138932021267434,17.029404296106982,0.9119028792922497,0.8891547000038891,0.8878519117711957,0.007761102676995932,0.012286680531227829,0.012577193693375672
quadratic_negative,quadratic,quadratic_-0.25,-30.0,2026100292,92,quadratic|quadratic_negative|-30.0|2026100292,1,0.25,0.1138932021267434,17.029404296106982,0.9119028792922497,0.8891547000038891,0.8878519117711957,0.007761102676995932,0.012286680531227829,0.012577193693375672
quadratic_negative,quadratic,quadratic_-0.25,-30.0,2026100296,96,quadratic|quadratic_negative|-30.0|2026100296,1,0.25,0.1138932021267434,17.029404296106982,0.9119028792922497,0.8891547000038891,0.8878519117711957,0.007761102676995932,0.012286680531227829,0.012577193693375672
quadratic_negative,quadratic,quadratic_-0.25,-30.0,2026100297,97,quadratic|quadratic_negative|-30.0|2026100297,1,0.25,0.1138932021267434,17.029404296106982,0.9119028792922497,0.8891547000038891,0.8878519117711957,0.007761102676995932,0.012286680531227829,0.012577193693375672
quadratic_negative,quadratic,quadratic_-0.25,-30.0,2026100291,91,quadratic|quadratic_negative|-30.0|2026100291,0,0.25,0.1138932021267434,17.029404296106982,0.9119028792922497,0.8891547000038891,0.8878519117711957,0.8315668612614953,0.790596080539006,0.788281017235767
quadratic_negative,quadratic,quadratic_-0.25,-30.0,2026100293,93,quadratic|quadratic_negative|-30.0|2026100293,0,0.25,0.1138932021267434,17.029404296106982,0.9119028792922497,0.8891547000038891,0.8878519117711957,0.8315668612614953,0.790596080539006,0.788281017235767
quadratic_negative,quadratic,quadratic_-0.25,-30.0,2026100298,98,quadratic|quadratic_negative|-30.0|2026100298,1,0.25,0.1138932021267434,17.029404296106982,0.9119028792922497,0.8891547000038891,0.8878519117711957,0.007761102676995932,0.012286680531227829,0.012577193693375672
quadratic_negative,quadratic,quadratic_-0.25,-30.0,2026100299,99,quadratic|quadratic_negative|-30.0|2026100299,1,0.25,0.1138932021267434,17.029404296106982,0.9119028792922497,0.8891547000038891,0.8878519117711957,0.007761102676995932,0.012286680531227829,0.012577193693375672
quadratic_positive,quadratic,quadratic_+0.50,-30.0,2026100200,0,quadratic|quadratic_positive|-30.0|2026100200,0,0.5,0.2277864042534868,34.058808592213964,0.5081053221067241,0.36889352765465083,0.36470699994595895,0.25817101835317785,0.13608243474549264,0.1330111958095817
quadratic_positive,quadratic,quadratic_+0.50,-30.0,2026100201,1,quadratic|quadratic_positive|-30.0|2026100201,0,0.5,0.2277864042534868,34.058808592213964,0.5081053221067241,0.36889352765465083,0.36470699994595895,0.25817101835317785,0.13608243474549264,0.1330111958095817
quadratic_positive,quadratic,quadratic_+0.50,-30.0,2026100204,4,quadratic|quadratic_positive|-30.0|2026100204,1,0.5,0.2277864042534868,34.058808592213964,0.5081053221067241,0.36889352765465083,0.36470699994595895,0.24196037413972965,0.39829537943619103,0.40359719591766385
quadratic_positive,quadratic,quadratic_+0.50,-30.0,2026100202,2,quadratic|quadratic_positive|-30.0|2026100202,0,0.5,0.2277864042534868,34.058808592213964,0.5081053221067241,0.36889352765465083,0.36470699994595895,0.25817101835317785,0.13608243474549264,0.1330111958095817
quadratic_positive,quadratic,quadratic_+0.50,-30.0,2026100203,3,quadratic|quadratic_positive|-30.0|2026100203,0,0.5,0.2277864042534868,34.058808592213964,0.5081053221067241,0.36889352765465083,0.36470699994595895,0.25817101835317785,0.13608243474549264,0.1330111958095817
quadratic_positive,quadratic,quadratic_+0.50,-30.0,2026100205,5,quadratic|quadratic_positive|-30.0|2026100205,0,0.5,0.2277864042534868,34.058808592213964,0.5081053221067241,0.36889352765465083,0.36470699994595895,0.25817101835317785,0.13608243474549264,0.1330111958095817
quadratic_positive,quadratic,quadratic_+0.50,-30.0,2026100206,6,quadratic|quadratic_positive|-30.0|2026100206,0,0.5,0.2277864042534868,34.058808592213964,0.5081053221067241,0.36889352765465083,0.36470699994595895,0.25817101835317785,0.13608243474549264,0.1330111958095817
quadratic_positive,quadratic,quadratic_+0.50,-30.0,2026100208,8,quadratic|quadratic_positive|-30.0|2026100208,0,0.5,0.2277864042534868,34.058808592213964,0.5081053221067241,0.36889352765465083,0.36470699994595895,0.25817101835317785,0.13608243474549264,0.1330111958095817
quadratic_positive,quadratic,quadratic_+0.50,-30.0,2026100207,7,quadratic|quadratic_positive|-30.0|2026100207,0,0.5,0.2277864042534868,34.058808592213964,0.5081053221067241,0.36889352765465083,0.36470699994595895,0.25817101835317785,0.13608243474549264,0.1330111958095817
quadratic_positive,quadratic,quadratic_+0.50,-30.0,2026100211,11,quadratic|quadratic_positive|-30.0|2026100211,1,0.5,0.2277864042534868,34.058808592213964,0.5081053221067241,0.36889352765465083,0.36470699994595895,0.24196037413972965,0.39829537943619103,0.40359719591766385
quadratic_positive,quadratic,quadratic_+0.50,-30.0,2026100209,9,quadratic|quadratic_positive|-30.0|2026100209,0,0.5,0.2277864042534868,34.058808592213964,0.5081053221067241,0.36889352765465083,0.36470699994595895,0.25817101835317785,0.13608243474549264,0.1330111958095817
quadratic_positive,quadratic,quadratic_+0.50,-30.0,2026100212,12,quadratic|quadratic_positive|-30.0|2026100212,0,0.5,0.2277864042534868,34.058808592213964,0.5081053221067241,0.36889352765465083,0.36470699994595895,0.25817101835317785,0.13608243474549264,0.1330111958095817
quadratic_positive,quadratic,quadratic_+0.50,-30.0,2026100210,10,quadratic|quadratic_positive|-30.0|2026100210,0,0.5,0.2277864042534868,34.058808592213964,0.5081053221067241,0.36889352765465083,0.36470699994595895,0.25817101835317785,0.13608243474549264,0.1330111958095817
quadratic_positive,quadratic,quadratic_+0.50,-30.0,2026100213,13,quadratic|quadratic_positive|-30.0|2026100213,0,0.5,0.2277864042534868,34.058808592213964,0.5081053221067241,0.36889352765465083,0.36470699994595895,0.25817101835317785,0.13608243474549264,0.1330111958095817
quadratic_positive,quadratic,quadratic_+0.50,-30.0,2026100215,15,quadratic|quadratic_positive|-30.0|2026100215,0,0.5,0.2277864042534868,34.058808592213964,0.5081053221067241,0.36889352765465083,0.36470699994595895,0.25817101835317785,0.13608243474549264,0.1330111958095817
quadratic_positive,quadratic,quadratic_+0.50,-30.0,2026100214,14,quadratic|quadratic_positive|-30.0|2026100214,0,0.5,0.2277864042534868,34.058808592213964,0.5081053221067241,0.36889352765465083,0.36470699994595895,0.25817101835317785,0.13608243474549264,0.1330111958095817
quadratic_positive,quadratic,quadratic_+0.50,-30.0,2026100216,16,quadratic|quadratic_positive|-30.0|2026100216,0,0.5,0.2277864042534868,34.058808592213964,0.5081053221067241,0.36889352765465083,0.36470699994595895,0.25817101835317785,0.13608243474549264,0.1330111958095817
quadratic_positive,quadratic,quadratic_+0.50,-30.0,2026100219,19,quadratic|quadratic_positive|-30.0|2026100219,1,0.5,0.2277864042534868,34.058808592213964,0.5081053221067241,0.36889352765465083,0.36470699994595895,0.24196037413972965,0.39829537943619103,0.40359719591766385
quadratic_positive,quadratic,quadratic_+0.50,-30.0,2026100218,18,quadratic|quadratic_positive|-30.0|2026100218,1,0.5,0.2277864042534868,34.058808592213964,0.5081053221067241,0.36889352765465083,0.36470699994595895,0.24196037413972965,0.39829537943619103,0.40359719591766385
quadratic_positive,quadratic,quadratic_+0.50,-30.0,2026100222,22,quadratic|quadratic_positive|-30.0|2026100222,1,0.5,0.2277864042534868,34.058808592213964,0.5081053221067241,0.36889352765465083,0.36470699994595895,0.24196037413972965,0.39829537943619103,0.40359719591766385
quadratic_positive,quadratic,quadratic_+0.50,-30.0,2026100217,17,quadratic|quadratic_positive|-30.0|2026100217,0,0.5,0.2277864042534868,34.058808592213964,0.5081053221067241,0.36889352765465083,0.36470699994595895,0.25817101835317785,0.13608243474549264,0.1330111958095817
quadratic_positive,quadratic,quadratic_+0.50,-30.0,2026100223,23,quadratic|quadratic_positive|-30.0|2026100223,1,0.5,0.2277864042534868,34.058808592213964,0.5081053221067241,0.36889352765465083,0.36470699994595895,0.24196037413972965,0.39829537943619103,0.40359719591766385
quadratic_positive,quadratic,quadratic_+0.50,-30.0,2026100224,24,quadratic|quadratic_positive|-30.0|2026100224,1,0.5,0.2277864042534868,34.058808592213964,0.5081053221067241,0.36889352765465083,0.36470699994595895,0.24196037413972965,0.39829537943619103,0.40359719591766385
quadratic_positive,quadratic,quadratic_+0.50,-30.0,2026100226,26,quadratic|quadratic_positive|-30.0|2026100226,1,0.5,0.2277864042534868,34.058808592213964,0.5081053221067241,0.36889352765465083,0.36470699994595895,0.24196037413972965,0.39829537943619103,0.40359719591766385
quadratic_positive,quadratic,quadratic_+0.50,-30.0,2026100220,20,quadratic|quadratic_positive|-30.0|2026100220,0,0.5,0.2277864042534868,34.058808592213964,0.5081053221067241,0.36889352765465083,0.36470699994595895,0.25817101835317785,0.13608243474549264,0.1330111958095817
quadratic_positive,quadratic,quadratic_+0.50,-30.0,2026100221,21,quadratic|quadratic_positive|-30.0|2026100221,0,0.5,0.2277864042534868,34.058808592213964,0.5081053221067241,0.36889352765465083,0.36470699994595895,0.25817101835317785,0.13608243474549264,0.1330111958095817
quadratic_positive,quadratic,quadratic_+0.50,-30.0,2026100229,29,quadratic|quadratic_positive|-30.0|2026100229,1,0.5,0.2277864042534868,34.058808592213964,0.5081053221067241,0.36889352765465083,0.36470699994595895,0.24196037413972965,0.39829537943619103,0.40359719591766385
quadratic_positive,quadratic,quadratic_+0.50,-30.0,2026100230,30,quadratic|quadratic_positive|-30.0|2026100230,1,0.5,0.2277864042534868,34.058808592213964,0.5081053221067241,0.36889352765465083,0.36470699994595895,0.24196037413972965,0.39829537943619103,0.40359719591766385
quadratic_positive,quadratic,quadratic_+0.50,-30.0,2026100225,25,quadratic|quadratic_positive|-30.0|2026100225,0,0.5,0.2277864042534868,34.058808592213964,0.5081053221067241,0.36889352765465083,0.36470699994595895,0.25817101835317785,0.13608243474549264,0.1330111958095817
quadratic_positive,quadratic,quadratic_+0.50,-30.0,2026100228,28,quadratic|quadratic_positive|-30.0|2026100228,1,0.5,0.2277864042534868,34.058808592213964,0.5081053221067241,0.36889352765465083,0.36470699994595895,0.24196037413972965,0.39829537943619103,0.40359719591766385
quadratic_positive,quadratic,quadratic_+0.50,-30.0,2026100227,27,quadratic|quadratic_positive|-30.0|2026100227,0,0.5,0.2277864042534868,34.058808592213964,0.5081053221067241,0.36889352765465083,0.36470699994595895,0.25817101835317785,0.13608243474549264,0.1330111958095817
quadratic_positive,quadratic,quadratic_+0.50,-30.0,2026100231,31,quadratic|quadratic_positive|-30.0|2026100231,1,0.5,0.2277864042534868,34.058808592213964,0.5081053221067241,0.36889352765465083,0.36470699994595895,0.24196037413972965,0.39829537943619103,0.40359719591766385
quadratic_positive,quadratic,quadratic_+0.50,-30.0,2026100235,35,quadratic|quadratic_positive|-30.0|2026100235,1,0.5,0.2277864042534868,34.058808592213964,0.5081053221067241,0.36889352765465083,0.36470699994595895,0.24196037413972965,0.39829537943619103,0.40359719591766385
quadratic_positive,quadratic,quadratic_+0.50,-30.0,2026100236,36,quadratic|quadratic_positive|-30.0|2026100236,1,0.5,0.2277864042534868,34.058808592213964,0.5081053221067241,0.36889352765465083,0.36470699994595895,0.24196037413972965,0.39829537943619103,0.40359719591766385
quadratic_positive,quadratic,quadratic_+0.50,-30.0,2026100232,32,quadratic|quadratic_positive|-30.0|2026100232,0,0.5,0.2277864042534868,34.058808592213964,0.5081053221067241,0.36889352765465083,0.36470699994595895,0.25817101835317785,0.13608243474549264,0.1330111958095817
quadratic_positive,quadratic,quadratic_+0.50,-30.0,2026100233,33,quadratic|quadratic_positive|-30.0|2026100233,0,0.5,0.2277864042534868,34.058808592213964,0.5081053221067241,0.36889352765465083,0.36470699994595895,0.25817101835317785,0.13608243474549264,0.1330111958095817
quadratic_positive,quadratic,quadratic_+0.50,-30.0,2026100234,34,quadratic|quadratic_positive|-30.0|2026100234,0,0.5,0.2277864042534868,34.058808592213964,0.5081053221067241,0.36889352765465083,0.36470699994595895,0.25817101835317785,0.13608243474549264,0.1330111958095817
quadratic_positive,quadratic,quadratic_+0.50,-30.0,2026100240,40,quadratic|quadratic_positive|-30.0|2026100240,1,0.5,0.2277864042534868,34.058808592213964,0.5081053221067241,0.36889352765465083,0.36470699994595895,0.24196037413972965,0.39829537943619103,0.40359719591766385
quadratic_positive,quadratic,quadratic_+0.50,-30.0,2026100239,39,quadratic|quadratic_positive|-30.0|2026100239,1,0.5,0.2277864042534868,34.058808592213964,0.5081053221067241,0.36889352765465083,0.36470699994595895,0.24196037413972965,0.39829537943619103,0.40359719591766385
quadratic_positive,quadratic,quadratic_+0.50,-30.0,2026100241,41,quadratic|quadratic_positive|-30.0|2026100241,1,0.5,0.2277864042534868,34.058808592213964,0.5081053221067241,0.36889352765465083,0.36470699994595895,0.24196037413972965,0.39829537943619103,0.40359719591766385
quadratic_positive,quadratic,quadratic_+0.50,-30.0,2026100242,42,quadratic|quadratic_positive|-30.0|2026100242,1,0.5,0.2277864042534868,34.058808592213964,0.5081053221067241,0.36889352765465083,0.36470699994595895,0.24196037413972965,0.39829537943619103,0.40359719591766385
quadratic_positive,quadratic,quadratic_+0.50,-30.0,2026100243,43,quadratic|quadratic_positive|-30.0|2026100243,1,0.5,0.2277864042534868,34.058808592213964,0.5081053221067241,0.36889352765465083,0.36470699994595895,0.24196037413972965,0.39829537943619103,0.40359719591766385
quadratic_positive,quadratic,quadratic_+0.50,-30.0,2026100244,44,quadratic|quadratic_positive|-30.0|2026100244,1,0.5,0.2277864042534868,34.058808592213964,0.5081053221067241,0.36889352765465083,0.36470699994595895,0.24196037413972965,0.39829537943619103,0.40359719591766385
quadratic_positive,quadratic,quadratic_+0.50,-30.0,2026100237,37,quadratic|quadratic_positive|-30.0|2026100237,0,0.5,0.2277864042534868,34.058808592213964,0.5081053221067241,0.36889352765465083,0.36470699994595895,0.25817101835317785,0.13608243474549264,0.1330111958095817
quadratic_positive,quadratic,quadratic_+0.50,-30.0,2026100238,38,quadratic|quadratic_positive|-30.0|2026100238,0,0.5,0.2277864042534868,34.058808592213964,0.5081053221067241,0.36889352765465083,0.36470699994595895,0.25817101835317785,0.13608243474549264,0.1330111958095817
quadratic_positive,quadratic,quadratic_+0.50,-30.0,2026100247,47,quadratic|quadratic_positive|-30.0|2026100247,1,0.5,0.2277864042534868,34.058808592213964,0.5081053221067241,0.36889352765465083,0.36470699994595895,0.24196037413972965,0.39829537943619103,0.40359719591766385
quadratic_positive,quadratic,quadratic_+0.50,-30.0,2026100249,49,quadratic|quadratic_positive|-30.0|2026100249,1,0.5,0.2277864042534868,34.058808592213964,0.5081053221067241,0.36889352765465083,0.36470699994595895,0.24196037413972965,0.39829537943619103,0.40359719591766385
quadratic_positive,quadratic,quadratic_+0.50,-30.0,2026100245,45,quadratic|quadratic_positive|-30.0|2026100245,0,0.5,0.2277864042534868,34.058808592213964,0.5081053221067241,0.36889352765465083,0.36470699994595895,0.25817101835317785,0.13608243474549264,0.1330111958095817
quadratic_positive,quadratic,quadratic_+0.50,-30.0,2026100246,46,quadratic|quadratic_positive|-30.0|2026100246,0,0.5,0.2277864042534868,34.058808592213964,0.5081053221067241,0.36889352765465083,0.36470699994595895,0.25817101835317785,0.13608243474549264,0.1330111958095817
quadratic_positive,quadratic,quadratic_+0.50,-30.0,2026100251,51,quadratic|quadratic_positive|-30.0|2026100251,1,0.5,0.2277864042534868,34.058808592213964,0.5081053221067241,0.36889352765465083,0.36470699994595895,0.24196037413972965,0.39829537943619103,0.40359719591766385
quadratic_positive,quadratic,quadratic_+0.50,-30.0,2026100250,50,quadratic|quadratic_positive|-30.0|2026100250,0,0.5,0.2277864042534868,34.058808592213964,0.5081053221067241,0.36889352765465083,0.36470699994595895,0.25817101835317785,0.13608243474549264,0.1330111958095817
quadratic_positive,quadratic,quadratic_+0.50,-30.0,2026100248,48,quadratic|quadratic_positive|-30.0|2026100248,0,0.5,0.2277864042534868,34.058808592213964,0.5081053221067241,0.36889352765465083,0.36470699994595895,0.25817101835317785,0.13608243474549264,0.1330111958095817
quadratic_positive,quadratic,quadratic_+0.50,-30.0,2026100254,54,quadratic|quadratic_positive|-30.0|2026100254,1,0.5,0.2277864042534868,34.058808592213964,0.5081053221067241,0.36889352765465083,0.36470699994595895,0.24196037413972965,0.39829537943619103,0.40359719591766385
quadratic_positive,quadratic,quadratic_+0.50,-30.0,2026100256,56,quadratic|quadratic_positive|-30.0|2026100256,1,0.5,0.2277864042534868,34.058808592213964,0.5081053221067241,0.36889352765465083,0.36470699994595895,0.24196037413972965,0.39829537943619103,0.40359719591766385
quadratic_positive,quadratic,quadratic_+0.50,-30.0,2026100257,57,quadratic|quadratic_positive|-30.0|2026100257,1,0.5,0.2277864042534868,34.058808592213964,0.5081053221067241,0.36889352765465083,0.36470699994595895,0.24196037413972965,0.39829537943619103,0.40359719591766385
quadratic_positive,quadratic,quadratic_+0.50,-30.0,2026100252,52,quadratic|quadratic_positive|-30.0|2026100252,0,0.5,0.2277864042534868,34.058808592213964,0.5081053221067241,0.36889352765465083,0.36470699994595895,0.25817101835317785,0.13608243474549264,0.1330111958095817
quadratic_positive,quadratic,quadratic_+0.50,-30.0,2026100253,53,quadratic|quadratic_positive|-30.0|2026100253,0,0.5,0.2277864042534868,34.058808592213964,0.5081053221067241,0.36889352765465083,0.36470699994595895,0.25817101835317785,0.13608243474549264,0.1330111958095817
quadratic_positive,quadratic,quadratic_+0.50,-30.0,2026100260,60,quadratic|quadratic_positive|-30.0|2026100260,1,0.5,0.2277864042534868,34.058808592213964,0.5081053221067241,0.36889352765465083,0.36470699994595895,0.24196037413972965,0.39829537943619103,0.40359719591766385
quadratic_positive,quadratic,quadratic_+0.50,-30.0,2026100255,55,quadratic|quadratic_positive|-30.0|2026100255,0,0.5,0.2277864042534868,34.058808592213964,0.5081053221067241,0.36889352765465083,0.36470699994595895,0.25817101835317785,0.13608243474549264,0.1330111958095817
quadratic_positive,quadratic,quadratic_+0.50,-30.0,2026100261,61,quadratic|quadratic_positive|-30.0|2026100261,1,0.5,0.2277864042534868,34.058808592213964,0.5081053221067241,0.36889352765465083,0.36470699994595895,0.24196037413972965,0.39829537943619103,0.40359719591766385
quadratic_positive,quadratic,quadratic_+0.50,-30.0,2026100263,63,quadratic|quadratic_positive|-30.0|2026100263,1,0.5,0.2277864042534868,34.058808592213964,0.5081053221067241,0.36889352765465083,0.36470699994595895,0.24196037413972965,0.39829537943619103,0.40359719591766385
quadratic_positive,quadratic,quadratic_+0.50,-30.0,2026100258,58,quadratic|quadratic_positive|-30.0|2026100258,0,0.5,0.2277864042534868,34.058808592213964,0.5081053221067241,0.36889352765465083,0.36470699994595895,0.25817101835317785,0.13608243474549264,0.1330111958095817
quadratic_positive,quadratic,quadratic_+0.50,-30.0,2026100259,59,quadratic|quadratic_positive|-30.0|2026100259,0,0.5,0.2277864042534868,34.058808592213964,0.5081053221067241,0.36889352765465083,0.36470699994595895,0.25817101835317785,0.13608243474549264,0.1330111958095817
quadratic_positive,quadratic,quadratic_+0.50,-30.0,2026100262,62,quadratic|quadratic_positive|-30.0|2026100262,0,0.5,0.2277864042534868,34.058808592213964,0.5081053221067241,0.36889352765465083,0.36470699994595895,0.25817101835317785,0.13608243474549264,0.1330111958095817
quadratic_positive,quadratic,quadratic_+0.50,-30.0,2026100264,64,quadratic|quadratic_positive|-30.0|2026100264,0,0.5,0.2277864042534868,34.058808592213964,0.5081053221067241,0.36889352765465083,0.36470699994595895,0.25817101835317785,0.13608243474549264,0.1330111958095817
quadratic_positive,quadratic,quadratic_+0.50,-30.0,2026100265,65,quadratic|quadratic_positive|-30.0|2026100265,0,0.5,0.2277864042534868,34.058808592213964,0.5081053221067241,0.36889352765465083,0.36470699994595895,0.25817101835317785,0.13608243474549264,0.1330111958095817
quadratic_positive,quadratic,quadratic_+0.50,-30.0,2026100266,66,quadratic|quadratic_positive|-30.0|2026100266,0,0.5,0.2277864042534868,34.058808592213964,0.5081053221067241,0.36889352765465083,0.36470699994595895,0.25817101835317785,0.13608243474549264,0.1330111958095817
quadratic_positive,quadratic,quadratic_+0.50,-30.0,2026100267,67,quadratic|quadratic_positive|-30.0|2026100267,0,0.5,0.2277864042534868,34.058808592213964,0.5081053221067241,0.36889352765465083,0.36470699994595895,0.25817101835317785,0.13608243474549264,0.1330111958095817
quadratic_positive,quadratic,quadratic_+0.50,-30.0,2026100268,68,quadratic|quadratic_positive|-30.0|2026100268,0,0.5,0.2277864042534868,34.058808592213964,0.5081053221067241,0.36889352765465083,0.36470699994595895,0.25817101835317785,0.13608243474549264,0.1330111958095817
quadratic_positive,quadratic,quadratic_+0.50,-30.0,2026100269,69,quadratic|quadratic_positive|-30.0|2026100269,0,0.5,0.2277864042534868,34.058808592213964,0.5081053221067241,0.36889352765465083,0.36470699994595895,0.25817101835317785,0.13608243474549264,0.1330111958095817
quadratic_positive,quadratic,quadratic_+0.50,-30.0,2026100270,70,quadratic|quadratic_positive|-30.0|2026100270,0,0.5,0.2277864042534868,34.058808592213964,0.5081053221067241,0.36889352765465083,0.36470699994595895,0.25817101835317785,0.13608243474549264,0.1330111958095817
quadratic_positive,quadratic,quadratic_+0.50,-30.0,2026100271,71,quadratic|quadratic_positive|-30.0|2026100271,0,0.5,0.2277864042534868,34.058808592213964,0.5081053221067241,0.36889352765465083,0.36470699994595895,0.25817101835317785,0.13608243474549264,0.1330111958095817
quadratic_positive,quadratic,quadratic_+0.50,-30.0,2026100272,72,quadratic|quadratic_positive|-30.0|2026100272,0,0.5,0.2277864042534868,34.058808592213964,0.5081053221067241,0.36889352765465083,0.36470699994595895,0.25817101835317785,0.13608243474549264,0.1330111958095817
quadratic_positive,quadratic,quadratic_+0.50,-30.0,2026100275,75,quadratic|quadratic_positive|-30.0|2026100275,1,0.5,0.2277864042534868,34.058808592213964,0.5081053221067241,0.36889352765465083,0.36470699994595895,0.24196037413972965,0.39829537943619103,0.40359719591766385
quadratic_positive,quadratic,quadratic_+0.50,-30.0,2026100273,73,quadratic|quadratic_positive|-30.0|2026100273,0,0.5,0.2277864042534868,34.058808592213964,0.5081053221067241,0.36889352765465083,0.36470699994595895,0.25817101835317785,0.13608243474549264,0.1330111958095817
quadratic_positive,quadratic,quadratic_+0.50,-30.0,2026100274,74,quadratic|quadratic_positive|-30.0|2026100274,0,0.5,0.2277864042534868,34.058808592213964,0.5081053221067241,0.36889352765465083,0.36470699994595895,0.25817101835317785,0.13608243474549264,0.1330111958095817
quadratic_positive,quadratic,quadratic_+0.50,-30.0,2026100276,76,quadratic|quadratic_positive|-30.0|2026100276,0,0.5,0.2277864042534868,34.058808592213964,0.5081053221067241,0.36889352765465083,0.36470699994595895,0.25817101835317785,0.13608243474549264,0.1330111958095817
quadratic_positive,quadratic,quadratic_+0.50,-30.0,2026100277,77,quadratic|quadratic_positive|-30.0|2026100277,0,0.5,0.2277864042534868,34.058808592213964,0.5081053221067241,0.36889352765465083,0.36470699994595895,0.25817101835317785,0.13608243474549264,0.1330111958095817
quadratic_positive,quadratic,quadratic_+0.50,-30.0,2026100278,78,quadratic|quadratic_positive|-30.0|2026100278,0,0.5,0.2277864042534868,34.058808592213964,0.5081053221067241,0.36889352765465083,0.36470699994595895,0.25817101835317785,0.13608243474549264,0.1330111958095817
quadratic_positive,quadratic,quadratic_+0.50,-30.0,2026100282,82,quadratic|quadratic_positive|-30.0|2026100282,1,0.5,0.2277864042534868,34.058808592213964,0.5081053221067241,0.36889352765465083,0.36470699994595895,0.24196037413972965,0.39829537943619103,0.40359719591766385
quadratic_positive,quadratic,quadratic_+0.50,-30.0,2026100279,79,quadratic|quadratic_positive|-30.0|2026100279,0,0.5,0.2277864042534868,34.058808592213964,0.5081053221067241,0.36889352765465083,0.36470699994595895,0.25817101835317785,0.13608243474549264,0.1330111958095817
quadratic_positive,quadratic,quadratic_+0.50,-30.0,2026100280,80,quadratic|quadratic_positive|-30.0|2026100280,0,0.5,0.2277864042534868,34.058808592213964,0.5081053221067241,0.36889352765465083,0.36470699994595895,0.25817101835317785,0.13608243474549264,0.1330111958095817
quadratic_positive,quadratic,quadratic_+0.50,-30.0,2026100281,81,quadratic|quadratic_positive|-30.0|2026100281,0,0.5,0.2277864042534868,34.058808592213964,0.5081053221067241,0.36889352765465083,0.36470699994595895,0.25817101835317785,0.13608243474549264,0.1330111958095817
quadratic_positive,quadratic,quadratic_+0.50,-30.0,2026100283,83,quadratic|quadratic_positive|-30.0|2026100283,0,0.5,0.2277864042534868,34.058808592213964,0.5081053221067241,0.36889352765465083,0.36470699994595895,0.25817101835317785,0.13608243474549264,0.1330111958095817
quadratic_positive,quadratic,quadratic_+0.50,-30.0,2026100284,84,quadratic|quadratic_positive|-30.0|2026100284,0,0.5,0.2277864042534868,34.058808592213964,0.5081053221067241,0.36889352765465083,0.36470699994595895,0.25817101835317785,0.13608243474549264,0.1330111958095817
quadratic_positive,quadratic,quadratic_+0.50,-30.0,2026100285,85,quadratic|quadratic_positive|-30.0|2026100285,0,0.5,0.2277864042534868,34.058808592213964,0.5081053221067241,0.36889352765465083,0.36470699994595895,0.25817101835317785,0.13608243474549264,0.1330111958095817
quadratic_positive,quadratic,quadratic_+0.50,-30.0,2026100286,86,quadratic|quadratic_positive|-30.0|2026100286,0,0.5,0.2277864042534868,34.058808592213964,0.5081053221067241,0.36889352765465083,0.36470699994595895,0.25817101835317785,0.13608243474549264,0.1330111958095817
quadratic_positive,quadratic,quadratic_+0.50,-30.0,2026100287,87,quadratic|quadratic_positive|-30.0|2026100287,0,0.5,0.2277864042534868,34.058808592213964,0.5081053221067241,0.36889352765465083,0.36470699994595895,0.25817101835317785,0.13608243474549264,0.1330111958095817
quadratic_positive,quadratic,quadratic_+0.50,-30.0,2026100288,88,quadratic|quadratic_positive|-30.0|2026100288,0,0.5,0.2277864042534868,34.058808592213964,0.5081053221067241,0.36889352765465083,0.36470699994595895,0.25817101835317785,0.13608243474549264,0.1330111958095817
quadratic_positive,quadratic,quadratic_+0.50,-30.0,2026100289,89,quadratic|quadratic_positive|-30.0|2026100289,0,0.5,0.2277864042534868,34.058808592213964,0.5081053221067241,0.36889352765465083,0.36470699994595895,0.25817101835317785,0.13608243474549264,0.1330111958095817
quadratic_positive,quadratic,quadratic_+0.50,-30.0,2026100292,92,quadratic|quadratic_positive|-30.0|2026100292,1,0.5,0.2277864042534868,34.058808592213964,0.5081053221067241,0.36889352765465083,0.36470699994595895,0.24196037413972965,0.39829537943619103,0.40359719591766385
quadratic_positive,quadratic,quadratic_+0.50,-30.0,2026100290,90,quadratic|quadratic_positive|-30.0|2026100290,0,0.5,0.2277864042534868,34.058808592213964,0.5081053221067241,0.36889352765465083,0.36470699994595895,0.25817101835317785,0.13608243474549264,0.1330111958095817
quadratic_positive,quadratic,quadratic_+0.50,-30.0,2026100291,91,quadratic|quadratic_positive|-30.0|2026100291,0,0.5,0.2277864042534868,34.058808592213964,0.5081053221067241,0.36889352765465083,0.36470699994595895,0.25817101835317785,0.13608243474549264,0.1330111958095817
quadratic_positive,quadratic,quadratic_+0.50,-30.0,2026100294,94,quadratic|quadratic_positive|-30.0|2026100294,1,0.5,0.2277864042534868,34.058808592213964,0.5081053221067241,0.36889352765465083,0.36470699994595895,0.24196037413972965,0.39829537943619103,0.40359719591766385
quadratic_positive,quadratic,quadratic_+0.50,-30.0,2026100296,96,quadratic|quadratic_positive|-30.0|2026100296,1,0.5,0.2277864042534868,34.058808592213964,0.5081053221067241,0.36889352765465083,0.36470699994595895,0.24196037413972965,0.39829537943619103,0.40359719591766385
quadratic_positive,quadratic,quadratic_+0.50,-30.0,2026100293,93,quadratic|quadratic_positive|-30.0|2026100293,0,0.5,0.2277864042534868,34.058808592213964,0.5081053221067241,0.36889352765465083,0.36470699994595895,0.25817101835317785,0.13608243474549264,0.1330111958095817
quadratic_positive,quadratic,quadratic_+0.50,-30.0,2026100298,98,quadratic|quadratic_positive|-30.0|2026100298,1,0.5,0.2277864042534868,34.058808592213964,0.5081053221067241,0.36889352765465083,0.36470699994595895,0.24196037413972965,0.39829537943619103,0.40359719591766385
quadratic_positive,quadratic,quadratic_+0.50,-30.0,2026100297,97,quadratic|quadratic_positive|-30.0|2026100297,0,0.5,0.2277864042534868,34.058808592213964,0.5081053221067241,0.36889352765465083,0.36470699994595895,0.25817101835317785,0.13608243474549264,0.1330111958095817
quadratic_positive,quadratic,quadratic_+0.50,-30.0,2026100295,95,quadratic|quadratic_positive|-30.0|2026100295,0,0.5,0.2277864042534868,34.058808592213964,0.5081053221067241,0.36889352765465083,0.36470699994595895,0.25817101835317785,0.13608243474549264,0.1330111958095817
quadratic_negative,quadratic,quadratic_-0.50,-30.0,2026100202,2,quadratic|quadratic_negative|-30.0|2026100202,1,0.5,0.2277864042534868,34.058808592213964,0.5022902546510509,0.3465546113503709,0.34104233576040915,0.24771499061531574,0.4269908759474648,0.4342252032600974
quadratic_negative,quadratic,quadratic_-0.50,-30.0,2026100200,0,quadratic|quadratic_negative|-30.0|2026100200,0,0.5,0.2277864042534868,34.058808592213964,0.5022902546510509,0.3465546113503709,0.34104233576040915,0.25229549991741756,0.12010009864820663,0.11630987478091566
quadratic_positive,quadratic,quadratic_+0.50,-30.0,2026100299,99,quadratic|quadratic_positive|-30.0|2026100299,0,0.5,0.2277864042534868,34.058808592213964,0.5081053221067241,0.36889352765465083,0.36470699994595895,0.25817101835317785,0.13608243474549264,0.1330111958095817
quadratic_negative,quadratic,quadratic_-0.50,-30.0,2026100204,4,quadratic|quadratic_negative|-30.0|2026100204,1,0.5,0.2277864042534868,34.058808592213964,0.5022902546510509,0.3465546113503709,0.34104233576040915,0.24771499061531574,0.4269908759474648,0.4342252032600974
quadratic_negative,quadratic,quadratic_-0.50,-30.0,2026100201,1,quadratic|quadratic_negative|-30.0|2026100201,0,0.5,0.2277864042534868,34.058808592213964,0.5022902546510509,0.3465546113503709,0.34104233576040915,0.25229549991741756,0.12010009864820663,0.11630987478091566
quadratic_negative,quadratic,quadratic_-0.50,-30.0,2026100203,3,quadratic|quadratic_negative|-30.0|2026100203,0,0.5,0.2277864042534868,34.058808592213964,0.5022902546510509,0.3465546113503709,0.34104233576040915,0.25229549991741756,0.12010009864820663,0.11630987478091566
quadratic_negative,quadratic,quadratic_-0.50,-30.0,2026100205,5,quadratic|quadratic_negative|-30.0|2026100205,0,0.5,0.2277864042534868,34.058808592213964,0.5022902546510509,0.3465546113503709,0.34104233576040915,0.25229549991741756,0.12010009864820663,0.11630987478091566
quadratic_negative,quadratic,quadratic_-0.50,-30.0,2026100206,6,quadratic|quadratic_negative|-30.0|2026100206,0,0.5,0.2277864042534868,34.058808592213964,0.5022902546510509,0.3465546113503709,0.34104233576040915,0.25229549991741756,0.12010009864820663,0.11630987478091566
quadratic_negative,quadratic,quadratic_-0.50,-30.0,2026100207,7,quadratic|quadratic_negative|-30.0|2026100207,0,0.5,0.2277864042534868,34.058808592213964,0.5022902546510509,0.3465546113503709,0.34104233576040915,0.25229549991741756,0.12010009864820663,0.11630987478091566
quadratic_negative,quadratic,quadratic_-0.50,-30.0,2026100209,9,quadratic|quadratic_negative|-30.0|2026100209,1,0.5,0.2277864042534868,34.058808592213964,0.5022902546510509,0.3465546113503709,0.34104233576040915,0.24771499061531574,0.4269908759474648,0.4342252032600974
quadratic_negative,quadratic,quadratic_-0.50,-30.0,2026100208,8,quadratic|quadratic_negative|-30.0|2026100208,0,0.5,0.2277864042534868,34.058808592213964,0.5022902546510509,0.3465546113503709,0.34104233576040915,0.25229549991741756,0.12010009864820663,0.11630987478091566
quadratic_negative,quadratic,quadratic_-0.50,-30.0,2026100212,12,quadratic|quadratic_negative|-30.0|2026100212,1,0.5,0.2277864042534868,34.058808592213964,0.5022902546510509,0.3465546113503709,0.34104233576040915,0.24771499061531574,0.4269908759474648,0.4342252032600974
quadratic_negative,quadratic,quadratic_-0.50,-30.0,2026100214,14,quadratic|quadratic_negative|-30.0|2026100214,1,0.5,0.2277864042534868,34.058808592213964,0.5022902546510509,0.3465546113503709,0.34104233576040915,0.24771499061531574,0.4269908759474648,0.4342252032600974
quadratic_negative,quadratic,quadratic_-0.50,-30.0,2026100215,15,quadratic|quadratic_negative|-30.0|2026100215,0,0.5,0.2277864042534868,34.058808592213964,0.5022902546510509,0.3465546113503709,0.34104233576040915,0.25229549991741756,0.12010009864820663,0.11630987478091566
quadratic_negative,quadratic,quadratic_-0.50,-30.0,2026100216,16,quadratic|quadratic_negative|-30.0|2026100216,1,0.5,0.2277864042534868,34.058808592213964,0.5022902546510509,0.3465546113503709,0.34104233576040915,0.24771499061531574,0.4269908759474648,0.4342252032600974
quadratic_negative,quadratic,quadratic_-0.50,-30.0,2026100210,10,quadratic|quadratic_negative|-30.0|2026100210,0,0.5,0.2277864042534868,34.058808592213964,0.5022902546510509,0.3465546113503709,0.34104233576040915,0.25229549991741756,0.12010009864820663,0.11630987478091566
quadratic_negative,quadratic,quadratic_-0.50,-30.0,2026100211,11,quadratic|quadratic_negative|-30.0|2026100211,0,0.5,0.2277864042534868,34.058808592213964,0.5022902546510509,0.3465546113503709,0.34104233576040915,0.25229549991741756,0.12010009864820663,0.11630987478091566
quadratic_negative,quadratic,quadratic_-0.50,-30.0,2026100213,13,quadratic|quadratic_negative|-30.0|2026100213,0,0.5,0.2277864042534868,34.058808592213964,0.5022902546510509,0.3465546113503709,0.34104233576040915,0.25229549991741756,0.12010009864820663,0.11630987478091566
quadratic_negative,quadratic,quadratic_-0.50,-30.0,2026100219,19,quadratic|quadratic_negative|-30.0|2026100219,1,0.5,0.2277864042534868,34.058808592213964,0.5022902546510509,0.3465546113503709,0.34104233576040915,0.24771499061531574,0.4269908759474648,0.4342252032600974
quadratic_negative,quadratic,quadratic_-0.50,-30.0,2026100217,17,quadratic|quadratic_negative|-30.0|2026100217,0,0.5,0.2277864042534868,34.058808592213964,0.5022902546510509,0.3465546113503709,0.34104233576040915,0.25229549991741756,0.12010009864820663,0.11630987478091566
quadratic_negative,quadratic,quadratic_-0.50,-30.0,2026100218,18,quadratic|quadratic_negative|-30.0|2026100218,0,0.5,0.2277864042534868,34.058808592213964,0.5022902546510509,0.3465546113503709,0.34104233576040915,0.25229549991741756,0.12010009864820663,0.11630987478091566
quadratic_negative,quadratic,quadratic_-0.50,-30.0,2026100223,23,quadratic|quadratic_negative|-30.0|2026100223,1,0.5,0.2277864042534868,34.058808592213964,0.5022902546510509,0.3465546113503709,0.34104233576040915,0.24771499061531574,0.4269908759474648,0.4342252032600974
quadratic_negative,quadratic,quadratic_-0.50,-30.0,2026100220,20,quadratic|quadratic_negative|-30.0|2026100220,0,0.5,0.2277864042534868,34.058808592213964,0.5022902546510509,0.3465546113503709,0.34104233576040915,0.25229549991741756,0.12010009864820663,0.11630987478091566
quadratic_negative,quadratic,quadratic_-0.50,-30.0,2026100221,21,quadratic|quadratic_negative|-30.0|2026100221,0,0.5,0.2277864042534868,34.058808592213964,0.5022902546510509,0.3465546113503709,0.34104233576040915,0.25229549991741756,0.12010009864820663,0.11630987478091566
quadratic_negative,quadratic,quadratic_-0.50,-30.0,2026100226,26,quadratic|quadratic_negative|-30.0|2026100226,1,0.5,0.2277864042534868,34.058808592213964,0.5022902546510509,0.3465546113503709,0.34104233576040915,0.24771499061531574,0.4269908759474648,0.4342252032600974
quadratic_negative,quadratic,quadratic_-0.50,-30.0,2026100227,27,quadratic|quadratic_negative|-30.0|2026100227,1,0.5,0.2277864042534868,34.058808592213964,0.5022902546510509,0.3465546113503709,0.34104233576040915,0.24771499061531574,0.4269908759474648,0.4342252032600974
quadratic_negative,quadratic,quadratic_-0.50,-30.0,2026100222,22,quadratic|quadratic_negative|-30.0|2026100222,0,0.5,0.2277864042534868,34.058808592213964,0.5022902546510509,0.3465546113503709,0.34104233576040915,0.25229549991741756,0.12010009864820663,0.11630987478091566
quadratic_negative,quadratic,quadratic_-0.50,-30.0,2026100229,29,quadratic|quadratic_negative|-30.0|2026100229,0,0.5,0.2277864042534868,34.058808592213964,0.5022902546510509,0.3465546113503709,0.34104233576040915,0.25229549991741756,0.12010009864820663,0.11630987478091566
quadratic_negative,quadratic,quadratic_-0.50,-30.0,2026100224,24,quadratic|quadratic_negative|-30.0|2026100224,0,0.5,0.2277864042534868,34.058808592213964,0.5022902546510509,0.3465546113503709,0.34104233576040915,0.25229549991741756,0.12010009864820663,0.11630987478091566
quadratic_negative,quadratic,quadratic_-0.50,-30.0,2026100225,25,quadratic|quadratic_negative|-30.0|2026100225,0,0.5,0.2277864042534868,34.058808592213964,0.5022902546510509,0.3465546113503709,0.34104233576040915,0.25229549991741756,0.12010009864820663,0.11630987478091566
quadratic_negative,quadratic,quadratic_-0.50,-30.0,2026100231,31,quadratic|quadratic_negative|-30.0|2026100231,1,0.5,0.2277864042534868,34.058808592213964,0.5022902546510509,0.3465546113503709,0.34104233576040915,0.24771499061531574,0.4269908759474648,0.4342252032600974
quadratic_negative,quadratic,quadratic_-0.50,-30.0,2026100228,28,quadratic|quadratic_negative|-30.0|2026100228,0,0.5,0.2277864042534868,34.058808592213964,0.5022902546510509,0.3465546113503709,0.34104233576040915,0.25229549991741756,0.12010009864820663,0.11630987478091566
quadratic_negative,quadratic,quadratic_-0.50,-30.0,2026100230,30,quadratic|quadratic_negative|-30.0|2026100230,0,0.5,0.2277864042534868,34.058808592213964,0.5022902546510509,0.3465546113503709,0.34104233576040915,0.25229549991741756,0.12010009864820663,0.11630987478091566
quadratic_negative,quadratic,quadratic_-0.50,-30.0,2026100232,32,quadratic|quadratic_negative|-30.0|2026100232,0,0.5,0.2277864042534868,34.058808592213964,0.5022902546510509,0.3465546113503709,0.34104233576040915,0.25229549991741756,0.12010009864820663,0.11630987478091566
quadratic_negative,quadratic,quadratic_-0.50,-30.0,2026100235,35,quadratic|quadratic_negative|-30.0|2026100235,1,0.5,0.2277864042534868,34.058808592213964,0.5022902546510509,0.3465546113503709,0.34104233576040915,0.24771499061531574,0.4269908759474648,0.4342252032600974
quadratic_negative,quadratic,quadratic_-0.50,-30.0,2026100233,33,quadratic|quadratic_negative|-30.0|2026100233,0,0.5,0.2277864042534868,34.058808592213964,0.5022902546510509,0.3465546113503709,0.34104233576040915,0.25229549991741756,0.12010009864820663,0.11630987478091566
quadratic_negative,quadratic,quadratic_-0.50,-30.0,2026100237,37,quadratic|quadratic_negative|-30.0|2026100237,1,0.5,0.2277864042534868,34.058808592213964,0.5022902546510509,0.3465546113503709,0.34104233576040915,0.24771499061531574,0.4269908759474648,0.4342252032600974
quadratic_negative,quadratic,quadratic_-0.50,-30.0,2026100234,34,quadratic|quadratic_negative|-30.0|2026100234,0,0.5,0.2277864042534868,34.058808592213964,0.5022902546510509,0.3465546113503709,0.34104233576040915,0.25229549991741756,0.12010009864820663,0.11630987478091566
quadratic_negative,quadratic,quadratic_-0.50,-30.0,2026100240,40,quadratic|quadratic_negative|-30.0|2026100240,1,0.5,0.2277864042534868,34.058808592213964,0.5022902546510509,0.3465546113503709,0.34104233576040915,0.24771499061531574,0.4269908759474648,0.4342252032600974
quadratic_negative,quadratic,quadratic_-0.50,-30.0,2026100239,39,quadratic|quadratic_negative|-30.0|2026100239,0,0.5,0.2277864042534868,34.058808592213964,0.5022902546510509,0.3465546113503709,0.34104233576040915,0.25229549991741756,0.12010009864820663,0.11630987478091566
quadratic_negative,quadratic,quadratic_-0.50,-30.0,2026100236,36,quadratic|quadratic_negative|-30.0|2026100236,0,0.5,0.2277864042534868,34.058808592213964,0.5022902546510509,0.3465546113503709,0.34104233576040915,0.25229549991741756,0.12010009864820663,0.11630987478091566
quadratic_negative,quadratic,quadratic_-0.50,-30.0,2026100238,38,quadratic|quadratic_negative|-30.0|2026100238,0,0.5,0.2277864042534868,34.058808592213964,0.5022902546510509,0.3465546113503709,0.34104233576040915,0.25229549991741756,0.12010009864820663,0.11630987478091566
quadratic_negative,quadratic,quadratic_-0.50,-30.0,2026100244,44,quadratic|quadratic_negative|-30.0|2026100244,1,0.5,0.2277864042534868,34.058808592213964,0.5022902546510509,0.3465546113503709,0.34104233576040915,0.24771499061531574,0.4269908759474648,0.4342252032600974
quadratic_negative,quadratic,quadratic_-0.50,-30.0,2026100241,41,quadratic|quadratic_negative|-30.0|2026100241,0,0.5,0.2277864042534868,34.058808592213964,0.5022902546510509,0.3465546113503709,0.34104233576040915,0.25229549991741756,0.12010009864820663,0.11630987478091566
quadratic_negative,quadratic,quadratic_-0.50,-30.0,2026100243,43,quadratic|quadratic_negative|-30.0|2026100243,0,0.5,0.2277864042534868,34.058808592213964,0.5022902546510509,0.3465546113503709,0.34104233576040915,0.25229549991741756,0.12010009864820663,0.11630987478091566
quadratic_negative,quadratic,quadratic_-0.50,-30.0,2026100242,42,quadratic|quadratic_negative|-30.0|2026100242,0,0.5,0.2277864042534868,34.058808592213964,0.5022902546510509,0.3465546113503709,0.34104233576040915,0.25229549991741756,0.12010009864820663,0.11630987478091566
quadratic_negative,quadratic,quadratic_-0.50,-30.0,2026100245,45,quadratic|quadratic_negative|-30.0|2026100245,0,0.5,0.2277864042534868,34.058808592213964,0.5022902546510509,0.3465546113503709,0.34104233576040915,0.25229549991741756,0.12010009864820663,0.11630987478091566
quadratic_negative,quadratic,quadratic_-0.50,-30.0,2026100246,46,quadratic|quadratic_negative|-30.0|2026100246,0,0.5,0.2277864042534868,34.058808592213964,0.5022902546510509,0.3465546113503709,0.34104233576040915,0.25229549991741756,0.12010009864820663,0.11630987478091566
quadratic_negative,quadratic,quadratic_-0.50,-30.0,2026100249,49,quadratic|quadratic_negative|-30.0|2026100249,1,0.5,0.2277864042534868,34.058808592213964,0.5022902546510509,0.3465546113503709,0.34104233576040915,0.24771499061531574,0.4269908759474648,0.4342252032600974
quadratic_negative,quadratic,quadratic_-0.50,-30.0,2026100250,50,quadratic|quadratic_negative|-30.0|2026100250,1,0.5,0.2277864042534868,34.058808592213964,0.5022902546510509,0.3465546113503709,0.34104233576040915,0.24771499061531574,0.4269908759474648,0.4342252032600974
quadratic_negative,quadratic,quadratic_-0.50,-30.0,2026100252,52,quadratic|quadratic_negative|-30.0|2026100252,1,0.5,0.2277864042534868,34.058808592213964,0.5022902546510509,0.3465546113503709,0.34104233576040915,0.24771499061531574,0.4269908759474648,0.4342252032600974
quadratic_negative,quadratic,quadratic_-0.50,-30.0,2026100253,53,quadratic|quadratic_negative|-30.0|2026100253,1,0.5,0.2277864042534868,34.058808592213964,0.5022902546510509,0.3465546113503709,0.34104233576040915,0.24771499061531574,0.4269908759474648,0.4342252032600974
quadratic_negative,quadratic,quadratic_-0.50,-30.0,2026100247,47,quadratic|quadratic_negative|-30.0|2026100247,0,0.5,0.2277864042534868,34.058808592213964,0.5022902546510509,0.3465546113503709,0.34104233576040915,0.25229549991741756,0.12010009864820663,0.11630987478091566
quadratic_negative,quadratic,quadratic_-0.50,-30.0,2026100254,54,quadratic|quadratic_negative|-30.0|2026100254,1,0.5,0.2277864042534868,34.058808592213964,0.5022902546510509,0.3465546113503709,0.34104233576040915,0.24771499061531574,0.4269908759474648,0.4342252032600974
quadratic_negative,quadratic,quadratic_-0.50,-30.0,2026100248,48,quadratic|quadratic_negative|-30.0|2026100248,0,0.5,0.2277864042534868,34.058808592213964,0.5022902546510509,0.3465546113503709,0.34104233576040915,0.25229549991741756,0.12010009864820663,0.11630987478091566
quadratic_negative,quadratic,quadratic_-0.50,-30.0,2026100251,51,quadratic|quadratic_negative|-30.0|2026100251,0,0.5,0.2277864042534868,34.058808592213964,0.5022902546510509,0.3465546113503709,0.34104233576040915,0.25229549991741756,0.12010009864820663,0.11630987478091566
quadratic_negative,quadratic,quadratic_-0.50,-30.0,2026100256,56,quadratic|quadratic_negative|-30.0|2026100256,0,0.5,0.2277864042534868,34.058808592213964,0.5022902546510509,0.3465546113503709,0.34104233576040915,0.25229549991741756,0.12010009864820663,0.11630987478091566
quadratic_negative,quadratic,quadratic_-0.50,-30.0,2026100255,55,quadratic|quadratic_negative|-30.0|2026100255,0,0.5,0.2277864042534868,34.058808592213964,0.5022902546510509,0.3465546113503709,0.34104233576040915,0.25229549991741756,0.12010009864820663,0.11630987478091566
quadratic_negative,quadratic,quadratic_-0.50,-30.0,2026100260,60,quadratic|quadratic_negative|-30.0|2026100260,1,0.5,0.2277864042534868,34.058808592213964,0.5022902546510509,0.3465546113503709,0.34104233576040915,0.24771499061531574,0.4269908759474648,0.4342252032600974
quadratic_negative,quadratic,quadratic_-0.50,-30.0,2026100257,57,quadratic|quadratic_negative|-30.0|2026100257,0,0.5,0.2277864042534868,34.058808592213964,0.5022902546510509,0.3465546113503709,0.34104233576040915,0.25229549991741756,0.12010009864820663,0.11630987478091566
quadratic_negative,quadratic,quadratic_-0.50,-30.0,2026100258,58,quadratic|quadratic_negative|-30.0|2026100258,0,0.5,0.2277864042534868,34.058808592213964,0.5022902546510509,0.3465546113503709,0.34104233576040915,0.25229549991741756,0.12010009864820663,0.11630987478091566
quadratic_negative,quadratic,quadratic_-0.50,-30.0,2026100259,59,quadratic|quadratic_negative|-30.0|2026100259,0,0.5,0.2277864042534868,34.058808592213964,0.5022902546510509,0.3465546113503709,0.34104233576040915,0.25229549991741756,0.12010009864820663,0.11630987478091566
quadratic_negative,quadratic,quadratic_-0.50,-30.0,2026100262,62,quadratic|quadratic_negative|-30.0|2026100262,0,0.5,0.2277864042534868,34.058808592213964,0.5022902546510509,0.3465546113503709,0.34104233576040915,0.25229549991741756,0.12010009864820663,0.11630987478091566
quadratic_negative,quadratic,quadratic_-0.50,-30.0,2026100261,61,quadratic|quadratic_negative|-30.0|2026100261,0,0.5,0.2277864042534868,34.058808592213964,0.5022902546510509,0.3465546113503709,0.34104233576040915,0.25229549991741756,0.12010009864820663,0.11630987478091566
quadratic_negative,quadratic,quadratic_-0.50,-30.0,2026100264,64,quadratic|quadratic_negative|-30.0|2026100264,1,0.5,0.2277864042534868,34.058808592213964,0.5022902546510509,0.3465546113503709,0.34104233576040915,0.24771499061531574,0.4269908759474648,0.4342252032600974
quadratic_negative,quadratic,quadratic_-0.50,-30.0,2026100265,65,quadratic|quadratic_negative|-30.0|2026100265,1,0.5,0.2277864042534868,34.058808592213964,0.5022902546510509,0.3465546113503709,0.34104233576040915,0.24771499061531574,0.4269908759474648,0.4342252032600974
quadratic_negative,quadratic,quadratic_-0.50,-30.0,2026100263,63,quadratic|quadratic_negative|-30.0|2026100263,0,0.5,0.2277864042534868,34.058808592213964,0.5022902546510509,0.3465546113503709,0.34104233576040915,0.25229549991741756,0.12010009864820663,0.11630987478091566
quadratic_negative,quadratic,quadratic_-0.50,-30.0,2026100266,66,quadratic|quadratic_negative|-30.0|2026100266,0,0.5,0.2277864042534868,34.058808592213964,0.5022902546510509,0.3465546113503709,0.34104233576040915,0.25229549991741756,0.12010009864820663,0.11630987478091566
quadratic_negative,quadratic,quadratic_-0.50,-30.0,2026100270,70,quadratic|quadratic_negative|-30.0|2026100270,1,0.5,0.2277864042534868,34.058808592213964,0.5022902546510509,0.3465546113503709,0.34104233576040915,0.24771499061531574,0.4269908759474648,0.4342252032600974
quadratic_negative,quadratic,quadratic_-0.50,-30.0,2026100267,67,quadratic|quadratic_negative|-30.0|2026100267,0,0.5,0.2277864042534868,34.058808592213964,0.5022902546510509,0.3465546113503709,0.34104233576040915,0.25229549991741756,0.12010009864820663,0.11630987478091566
quadratic_negative,quadratic,quadratic_-0.50,-30.0,2026100268,68,quadratic|quadratic_negative|-30.0|2026100268,0,0.5,0.2277864042534868,34.058808592213964,0.5022902546510509,0.3465546113503709,0.34104233576040915,0.25229549991741756,0.12010009864820663,0.11630987478091566
quadratic_negative,quadratic,quadratic_-0.50,-30.0,2026100271,71,quadratic|quadratic_negative|-30.0|2026100271,1,0.5,0.2277864042534868,34.058808592213964,0.5022902546510509,0.3465546113503709,0.34104233576040915,0.24771499061531574,0.4269908759474648,0.4342252032600974
quadratic_negative,quadratic,quadratic_-0.50,-30.0,2026100274,74,quadratic|quadratic_negative|-30.0|2026100274,1,0.5,0.2277864042534868,34.058808592213964,0.5022902546510509,0.3465546113503709,0.34104233576040915,0.24771499061531574,0.4269908759474648,0.4342252032600974
quadratic_negative,quadratic,quadratic_-0.50,-30.0,2026100269,69,quadratic|quadratic_negative|-30.0|2026100269,0,0.5,0.2277864042534868,34.058808592213964,0.5022902546510509,0.3465546113503709,0.34104233576040915,0.25229549991741756,0.12010009864820663,0.11630987478091566
quadratic_negative,quadratic,quadratic_-0.50,-30.0,2026100275,75,quadratic|quadratic_negative|-30.0|2026100275,1,0.5,0.2277864042534868,34.058808592213964,0.5022902546510509,0.3465546113503709,0.34104233576040915,0.24771499061531574,0.4269908759474648,0.4342252032600974
quadratic_negative,quadratic,quadratic_-0.50,-30.0,2026100276,76,quadratic|quadratic_negative|-30.0|2026100276,1,0.5,0.2277864042534868,34.058808592213964,0.5022902546510509,0.3465546113503709,0.34104233576040915,0.24771499061531574,0.4269908759474648,0.4342252032600974
quadratic_negative,quadratic,quadratic_-0.50,-30.0,2026100272,72,quadratic|quadratic_negative|-30.0|2026100272,0,0.5,0.2277864042534868,34.058808592213964,0.5022902546510509,0.3465546113503709,0.34104233576040915,0.25229549991741756,0.12010009864820663,0.11630987478091566
quadratic_negative,quadratic,quadratic_-0.50,-30.0,2026100273,73,quadratic|quadratic_negative|-30.0|2026100273,0,0.5,0.2277864042534868,34.058808592213964,0.5022902546510509,0.3465546113503709,0.34104233576040915,0.25229549991741756,0.12010009864820663,0.11630987478091566
quadratic_negative,quadratic,quadratic_-0.50,-30.0,2026100277,77,quadratic|quadratic_negative|-30.0|2026100277,0,0.5,0.2277864042534868,34.058808592213964,0.5022902546510509,0.3465546113503709,0.34104233576040915,0.25229549991741756,0.12010009864820663,0.11630987478091566
quadratic_negative,quadratic,quadratic_-0.50,-30.0,2026100278,78,quadratic|quadratic_negative|-30.0|2026100278,0,0.5,0.2277864042534868,34.058808592213964,0.5022902546510509,0.3465546113503709,0.34104233576040915,0.25229549991741756,0.12010009864820663,0.11630987478091566
quadratic_negative,quadratic,quadratic_-0.50,-30.0,2026100280,80,quadratic|quadratic_negative|-30.0|2026100280,0,0.5,0.2277864042534868,34.058808592213964,0.5022902546510509,0.3465546113503709,0.34104233576040915,0.25229549991741756,0.12010009864820663,0.11630987478091566
quadratic_negative,quadratic,quadratic_-0.50,-30.0,2026100279,79,quadratic|quadratic_negative|-30.0|2026100279,0,0.5,0.2277864042534868,34.058808592213964,0.5022902546510509,0.3465546113503709,0.34104233576040915,0.25229549991741756,0.12010009864820663,0.11630987478091566
quadratic_negative,quadratic,quadratic_-0.50,-30.0,2026100283,83,quadratic|quadratic_negative|-30.0|2026100283,1,0.5,0.2277864042534868,34.058808592213964,0.5022902546510509,0.3465546113503709,0.34104233576040915,0.24771499061531574,0.4269908759474648,0.4342252032600974
quadratic_negative,quadratic,quadratic_-0.50,-30.0,2026100284,84,quadratic|quadratic_negative|-30.0|2026100284,1,0.5,0.2277864042534868,34.058808592213964,0.5022902546510509,0.3465546113503709,0.34104233576040915,0.24771499061531574,0.4269908759474648,0.4342252032600974
quadratic_negative,quadratic,quadratic_-0.50,-30.0,2026100281,81,quadratic|quadratic_negative|-30.0|2026100281,0,0.5,0.2277864042534868,34.058808592213964,0.5022902546510509,0.3465546113503709,0.34104233576040915,0.25229549991741756,0.12010009864820663,0.11630987478091566
quadratic_negative,quadratic,quadratic_-0.50,-30.0,2026100282,82,quadratic|quadratic_negative|-30.0|2026100282,0,0.5,0.2277864042534868,34.058808592213964,0.5022902546510509,0.3465546113503709,0.34104233576040915,0.25229549991741756,0.12010009864820663,0.11630987478091566
quadratic_negative,quadratic,quadratic_-0.50,-30.0,2026100285,85,quadratic|quadratic_negative|-30.0|2026100285,0,0.5,0.2277864042534868,34.058808592213964,0.5022902546510509,0.3465546113503709,0.34104233576040915,0.25229549991741756,0.12010009864820663,0.11630987478091566
quadratic_negative,quadratic,quadratic_-0.50,-30.0,2026100289,89,quadratic|quadratic_negative|-30.0|2026100289,1,0.5,0.2277864042534868,34.058808592213964,0.5022902546510509,0.3465546113503709,0.34104233576040915,0.24771499061531574,0.4269908759474648,0.4342252032600974
quadratic_negative,quadratic,quadratic_-0.50,-30.0,2026100286,86,quadratic|quadratic_negative|-30.0|2026100286,0,0.5,0.2277864042534868,34.058808592213964,0.5022902546510509,0.3465546113503709,0.34104233576040915,0.25229549991741756,0.12010009864820663,0.11630987478091566
quadratic_negative,quadratic,quadratic_-0.50,-30.0,2026100290,90,quadratic|quadratic_negative|-30.0|2026100290,1,0.5,0.2277864042534868,34.058808592213964,0.5022902546510509,0.3465546113503709,0.34104233576040915,0.24771499061531574,0.4269908759474648,0.4342252032600974
quadratic_negative,quadratic,quadratic_-0.50,-30.0,2026100292,92,quadratic|quadratic_negative|-30.0|2026100292,1,0.5,0.2277864042534868,34.058808592213964,0.5022902546510509,0.3465546113503709,0.34104233576040915,0.24771499061531574,0.4269908759474648,0.4342252032600974
quadratic_negative,quadratic,quadratic_-0.50,-30.0,2026100287,87,quadratic|quadratic_negative|-30.0|2026100287,0,0.5,0.2277864042534868,34.058808592213964,0.5022902546510509,0.3465546113503709,0.34104233576040915,0.25229549991741756,0.12010009864820663,0.11630987478091566
quadratic_negative,quadratic,quadratic_-0.50,-30.0,2026100288,88,quadratic|quadratic_negative|-30.0|2026100288,0,0.5,0.2277864042534868,34.058808592213964,0.5022902546510509,0.3465546113503709,0.34104233576040915,0.25229549991741756,0.12010009864820663,0.11630987478091566
quadratic_negative,quadratic,quadratic_-0.50,-30.0,2026100291,91,quadratic|quadratic_negative|-30.0|2026100291,0,0.5,0.2277864042534868,34.058808592213964,0.5022902546510509,0.3465546113503709,0.34104233576040915,0.25229549991741756,0.12010009864820663,0.11630987478091566
quadratic_negative,quadratic,quadratic_-0.50,-30.0,2026100296,96,quadratic|quadratic_negative|-30.0|2026100296,1,0.5,0.2277864042534868,34.058808592213964,0.5022902546510509,0.3465546113503709,0.34104233576040915,0.24771499061531574,0.4269908759474648,0.4342252032600974
quadratic_negative,quadratic,quadratic_-0.50,-30.0,2026100293,93,quadratic|quadratic_negative|-30.0|2026100293,0,0.5,0.2277864042534868,34.058808592213964,0.5022902546510509,0.3465546113503709,0.34104233576040915,0.25229549991741756,0.12010009864820663,0.11630987478091566
quadratic_negative,quadratic,quadratic_-0.50,-30.0,2026100297,97,quadratic|quadratic_negative|-30.0|2026100297,1,0.5,0.2277864042534868,34.058808592213964,0.5022902546510509,0.3465546113503709,0.34104233576040915,0.24771499061531574,0.4269908759474648,0.4342252032600974
quadratic_negative,quadratic,quadratic_-0.50,-30.0,2026100298,98,quadratic|quadratic_negative|-30.0|2026100298,1,0.5,0.2277864042534868,34.058808592213964,0.5022902546510509,0.3465546113503709,0.34104233576040915,0.24771499061531574,0.4269908759474648,0.4342252032600974
quadratic_negative,quadratic,quadratic_-0.50,-30.0,2026100294,94,quadratic|quadratic_negative|-30.0|2026100294,0,0.5,0.2277864042534868,34.058808592213964,0.5022902546510509,0.3465546113503709,0.34104233576040915,0.25229549991741756,0.12010009864820663,0.11630987478091566
quadratic_negative,quadratic,quadratic_-0.50,-30.0,2026100295,95,quadratic|quadratic_negative|-30.0|2026100295,0,0.5,0.2277864042534868,34.058808592213964,0.5022902546510509,0.3465546113503709,0.34104233576040915,0.25229549991741756,0.12010009864820663,0.11630987478091566
quadratic_positive,quadratic,quadratic_+0.25,-30.5,2026110200,0,quadratic|quadratic_positive|-30.5|2026110200,1,0.25,0.1138932021267434,17.029404296106982,0.7554569032007479,0.7038781877049586,0.7019326053780032,0.059801326192168394,0.08768812771689974,0.08884417173674518
quadratic_positive,quadratic,quadratic_+0.25,-30.5,2026110202,2,quadratic|quadratic_positive|-30.5|2026110202,1,0.25,0.1138932021267434,17.029404296106982,0.7554569032007479,0.7038781877049586,0.7019326053780032,0.059801326192168394,0.08768812771689974,0.08884417173674518
quadratic_negative,quadratic,quadratic_-0.50,-30.0,2026100299,99,quadratic|quadratic_negative|-30.0|2026100299,0,0.5,0.2277864042534868,34.058808592213964,0.5022902546510509,0.3465546113503709,0.34104233576040915,0.25229549991741756,0.12010009864820663,0.11630987478091566
quadratic_positive,quadratic,quadratic_+0.25,-30.5,2026110201,1,quadratic|quadratic_positive|-30.5|2026110201,0,0.25,0.1138932021267434,17.029404296106982,0.7554569032007479,0.7038781877049586,0.7019326053780032,0.5707151325936641,0.4954445031268169,0.49270938249275154
quadratic_positive,quadratic,quadratic_+0.25,-30.5,2026110204,4,quadratic|quadratic_positive|-30.5|2026110204,1,0.25,0.1138932021267434,17.029404296106982,0.7554569032007479,0.7038781877049586,0.7019326053780032,0.059801326192168394,0.08768812771689974,0.08884417173674518
quadratic_positive,quadratic,quadratic_+0.25,-30.5,2026110205,5,quadratic|quadratic_positive|-30.5|2026110205,1,0.25,0.1138932021267434,17.029404296106982,0.7554569032007479,0.7038781877049586,0.7019326053780032,0.059801326192168394,0.08768812771689974,0.08884417173674518
quadratic_positive,quadratic,quadratic_+0.25,-30.5,2026110203,3,quadratic|quadratic_positive|-30.5|2026110203,0,0.25,0.1138932021267434,17.029404296106982,0.7554569032007479,0.7038781877049586,0.7019326053780032,0.5707151325936641,0.4954445031268169,0.49270938249275154
quadratic_positive,quadratic,quadratic_+0.25,-30.5,2026110206,6,quadratic|quadratic_positive|-30.5|2026110206,1,0.25,0.1138932021267434,17.029404296106982,0.7554569032007479,0.7038781877049586,0.7019326053780032,0.059801326192168394,0.08768812771689974,0.08884417173674518
quadratic_positive,quadratic,quadratic_+0.25,-30.5,2026110207,7,quadratic|quadratic_positive|-30.5|2026110207,1,0.25,0.1138932021267434,17.029404296106982,0.7554569032007479,0.7038781877049586,0.7019326053780032,0.059801326192168394,0.08768812771689974,0.08884417173674518
quadratic_positive,quadratic,quadratic_+0.25,-30.5,2026110210,10,quadratic|quadratic_positive|-30.5|2026110210,1,0.25,0.1138932021267434,17.029404296106982,0.7554569032007479,0.7038781877049586,0.7019326053780032,0.059801326192168394,0.08768812771689974,0.08884417173674518
quadratic_positive,quadratic,quadratic_+0.25,-30.5,2026110208,8,quadratic|quadratic_positive|-30.5|2026110208,0,0.25,0.1138932021267434,17.029404296106982,0.7554569032007479,0.7038781877049586,0.7019326053780032,0.5707151325936641,0.4954445031268169,0.49270938249275154
quadratic_positive,quadratic,quadratic_+0.25,-30.5,2026110212,12,quadratic|quadratic_positive|-30.5|2026110212,1,0.25,0.1138932021267434,17.029404296106982,0.7554569032007479,0.7038781877049586,0.7019326053780032,0.059801326192168394,0.08768812771689974,0.08884417173674518
quadratic_positive,quadratic,quadratic_+0.25,-30.5,2026110209,9,quadratic|quadratic_positive|-30.5|2026110209,0,0.25,0.1138932021267434,17.029404296106982,0.7554569032007479,0.7038781877049586,0.7019326053780032,0.5707151325936641,0.4954445031268169,0.49270938249275154
quadratic_positive,quadratic,quadratic_+0.25,-30.5,2026110213,13,quadratic|quadratic_positive|-30.5|2026110213,1,0.25,0.1138932021267434,17.029404296106982,0.7554569032007479,0.7038781877049586,0.7019326053780032,0.059801326192168394,0.08768812771689974,0.08884417173674518
quadratic_positive,quadratic,quadratic_+0.25,-30.5,2026110211,11,quadratic|quadratic_positive|-30.5|2026110211,0,0.25,0.1138932021267434,17.029404296106982,0.7554569032007479,0.7038781877049586,0.7019326053780032,0.5707151325936641,0.4954445031268169,0.49270938249275154
quadratic_positive,quadratic,quadratic_+0.25,-30.5,2026110216,16,quadratic|quadratic_positive|-30.5|2026110216,1,0.25,0.1138932021267434,17.029404296106982,0.7554569032007479,0.7038781877049586,0.7019326053780032,0.059801326192168394,0.08768812771689974,0.08884417173674518
quadratic_positive,quadratic,quadratic_+0.25,-30.5,2026110214,14,quadratic|quadratic_positive|-30.5|2026110214,1,0.25,0.1138932021267434,17.029404296106982,0.7554569032007479,0.7038781877049586,0.7019326053780032,0.059801326192168394,0.08768812771689974,0.08884417173674518
quadratic_positive,quadratic,quadratic_+0.25,-30.5,2026110219,19,quadratic|quadratic_positive|-30.5|2026110219,1,0.25,0.1138932021267434,17.029404296106982,0.7554569032007479,0.7038781877049586,0.7019326053780032,0.059801326192168394,0.08768812771689974,0.08884417173674518
quadratic_positive,quadratic,quadratic_+0.25,-30.5,2026110217,17,quadratic|quadratic_positive|-30.5|2026110217,1,0.25,0.1138932021267434,17.029404296106982,0.7554569032007479,0.7038781877049586,0.7019326053780032,0.059801326192168394,0.08768812771689974,0.08884417173674518
quadratic_positive,quadratic,quadratic_+0.25,-30.5,2026110215,15,quadratic|quadratic_positive|-30.5|2026110215,1,0.25,0.1138932021267434,17.029404296106982,0.7554569032007479,0.7038781877049586,0.7019326053780032,0.059801326192168394,0.08768812771689974,0.08884417173674518
quadratic_positive,quadratic,quadratic_+0.25,-30.5,2026110220,20,quadratic|quadratic_positive|-30.5|2026110220,1,0.25,0.1138932021267434,17.029404296106982,0.7554569032007479,0.7038781877049586,0.7019326053780032,0.059801326192168394,0.08768812771689974,0.08884417173674518
quadratic_positive,quadratic,quadratic_+0.25,-30.5,2026110222,22,quadratic|quadratic_positive|-30.5|2026110222,1,0.25,0.1138932021267434,17.029404296106982,0.7554569032007479,0.7038781877049586,0.7019326053780032,0.059801326192168394,0.08768812771689974,0.08884417173674518
quadratic_positive,quadratic,quadratic_+0.25,-30.5,2026110218,18,quadratic|quadratic_positive|-30.5|2026110218,1,0.25,0.1138932021267434,17.029404296106982,0.7554569032007479,0.7038781877049586,0.7019326053780032,0.059801326192168394,0.08768812771689974,0.08884417173674518
quadratic_positive,quadratic,quadratic_+0.25,-30.5,2026110221,21,quadratic|quadratic_positive|-30.5|2026110221,1,0.25,0.1138932021267434,17.029404296106982,0.7554569032007479,0.7038781877049586,0.7019326053780032,0.059801326192168394,0.08768812771689974,0.08884417173674518
quadratic_positive,quadratic,quadratic_+0.25,-30.5,2026110224,24,quadratic|quadratic_positive|-30.5|2026110224,1,0.25,0.1138932021267434,17.029404296106982,0.7554569032007479,0.7038781877049586,0.7019326053780032,0.059801326192168394,0.08768812771689974,0.08884417173674518
quadratic_positive,quadratic,quadratic_+0.25,-30.5,2026110225,25,quadratic|quadratic_positive|-30.5|2026110225,1,0.25,0.1138932021267434,17.029404296106982,0.7554569032007479,0.7038781877049586,0.7019326053780032,0.059801326192168394,0.08768812771689974,0.08884417173674518
quadratic_positive,quadratic,quadratic_+0.25,-30.5,2026110223,23,quadratic|quadratic_positive|-30.5|2026110223,0,0.25,0.1138932021267434,17.029404296106982,0.7554569032007479,0.7038781877049586,0.7019326053780032,0.5707151325936641,0.4954445031268169,0.49270938249275154
quadratic_positive,quadratic,quadratic_+0.25,-30.5,2026110229,29,quadratic|quadratic_positive|-30.5|2026110229,1,0.25,0.1138932021267434,17.029404296106982,0.7554569032007479,0.7038781877049586,0.7019326053780032,0.059801326192168394,0.08768812771689974,0.08884417173674518
quadratic_positive,quadratic,quadratic_+0.25,-30.5,2026110226,26,quadratic|quadratic_positive|-30.5|2026110226,1,0.25,0.1138932021267434,17.029404296106982,0.7554569032007479,0.7038781877049586,0.7019326053780032,0.059801326192168394,0.08768812771689974,0.08884417173674518
quadratic_positive,quadratic,quadratic_+0.25,-30.5,2026110227,27,quadratic|quadratic_positive|-30.5|2026110227,1,0.25,0.1138932021267434,17.029404296106982,0.7554569032007479,0.7038781877049586,0.7019326053780032,0.059801326192168394,0.08768812771689974,0.08884417173674518
quadratic_positive,quadratic,quadratic_+0.25,-30.5,2026110231,31,quadratic|quadratic_positive|-30.5|2026110231,1,0.25,0.1138932021267434,17.029404296106982,0.7554569032007479,0.7038781877049586,0.7019326053780032,0.059801326192168394,0.08768812771689974,0.08884417173674518
quadratic_positive,quadratic,quadratic_+0.25,-30.5,2026110232,32,quadratic|quadratic_positive|-30.5|2026110232,1,0.25,0.1138932021267434,17.029404296106982,0.7554569032007479,0.7038781877049586,0.7019326053780032,0.059801326192168394,0.08768812771689974,0.08884417173674518
quadratic_positive,quadratic,quadratic_+0.25,-30.5,2026110228,28,quadratic|quadratic_positive|-30.5|2026110228,0,0.25,0.1138932021267434,17.029404296106982,0.7554569032007479,0.7038781877049586,0.7019326053780032,0.5707151325936641,0.4954445031268169,0.49270938249275154
quadratic_positive,quadratic,quadratic_+0.25,-30.5,2026110230,30,quadratic|quadratic_positive|-30.5|2026110230,0,0.25,0.1138932021267434,17.029404296106982,0.7554569032007479,0.7038781877049586,0.7019326053780032,0.5707151325936641,0.4954445031268169,0.49270938249275154
quadratic_positive,quadratic,quadratic_+0.25,-30.5,2026110236,36,quadratic|quadratic_positive|-30.5|2026110236,1,0.25,0.1138932021267434,17.029404296106982,0.7554569032007479,0.7038781877049586,0.7019326053780032,0.059801326192168394,0.08768812771689974,0.08884417173674518
quadratic_positive,quadratic,quadratic_+0.25,-30.5,2026110233,33,quadratic|quadratic_positive|-30.5|2026110233,0,0.25,0.1138932021267434,17.029404296106982,0.7554569032007479,0.7038781877049586,0.7019326053780032,0.5707151325936641,0.4954445031268169,0.49270938249275154
quadratic_positive,quadratic,quadratic_+0.25,-30.5,2026110234,34,quadratic|quadratic_positive|-30.5|2026110234,0,0.25,0.1138932021267434,17.029404296106982,0.7554569032007479,0.7038781877049586,0.7019326053780032,0.5707151325936641,0.4954445031268169,0.49270938249275154
quadratic_positive,quadratic,quadratic_+0.25,-30.5,2026110237,37,quadratic|quadratic_positive|-30.5|2026110237,1,0.25,0.1138932021267434,17.029404296106982,0.7554569032007479,0.7038781877049586,0.7019326053780032,0.059801326192168394,0.08768812771689974,0.08884417173674518
quadratic_positive,quadratic,quadratic_+0.25,-30.5,2026110235,35,quadratic|quadratic_positive|-30.5|2026110235,0,0.25,0.1138932021267434,17.029404296106982,0.7554569032007479,0.7038781877049586,0.7019326053780032,0.5707151325936641,0.4954445031268169,0.49270938249275154
quadratic_positive,quadratic,quadratic_+0.25,-30.5,2026110238,38,quadratic|quadratic_positive|-30.5|2026110238,1,0.25,0.1138932021267434,17.029404296106982,0.7554569032007479,0.7038781877049586,0.7019326053780032,0.059801326192168394,0.08768812771689974,0.08884417173674518
quadratic_positive,quadratic,quadratic_+0.25,-30.5,2026110239,39,quadratic|quadratic_positive|-30.5|2026110239,1,0.25,0.1138932021267434,17.029404296106982,0.7554569032007479,0.7038781877049586,0.7019326053780032,0.059801326192168394,0.08768812771689974,0.08884417173674518
quadratic_positive,quadratic,quadratic_+0.25,-30.5,2026110242,42,quadratic|quadratic_positive|-30.5|2026110242,1,0.25,0.1138932021267434,17.029404296106982,0.7554569032007479,0.7038781877049586,0.7019326053780032,0.059801326192168394,0.08768812771689974,0.08884417173674518
quadratic_positive,quadratic,quadratic_+0.25,-30.5,2026110240,40,quadratic|quadratic_positive|-30.5|2026110240,1,0.25,0.1138932021267434,17.029404296106982,0.7554569032007479,0.7038781877049586,0.7019326053780032,0.059801326192168394,0.08768812771689974,0.08884417173674518
quadratic_positive,quadratic,quadratic_+0.25,-30.5,2026110245,45,quadratic|quadratic_positive|-30.5|2026110245,1,0.25,0.1138932021267434,17.029404296106982,0.7554569032007479,0.7038781877049586,0.7019326053780032,0.059801326192168394,0.08768812771689974,0.08884417173674518
quadratic_positive,quadratic,quadratic_+0.25,-30.5,2026110246,46,quadratic|quadratic_positive|-30.5|2026110246,1,0.25,0.1138932021267434,17.029404296106982,0.7554569032007479,0.7038781877049586,0.7019326053780032,0.059801326192168394,0.08768812771689974,0.08884417173674518
quadratic_positive,quadratic,quadratic_+0.25,-30.5,2026110243,43,quadratic|quadratic_positive|-30.5|2026110243,1,0.25,0.1138932021267434,17.029404296106982,0.7554569032007479,0.7038781877049586,0.7019326053780032,0.059801326192168394,0.08768812771689974,0.08884417173674518
quadratic_positive,quadratic,quadratic_+0.25,-30.5,2026110244,44,quadratic|quadratic_positive|-30.5|2026110244,1,0.25,0.1138932021267434,17.029404296106982,0.7554569032007479,0.7038781877049586,0.7019326053780032,0.059801326192168394,0.08768812771689974,0.08884417173674518
quadratic_positive,quadratic,quadratic_+0.25,-30.5,2026110248,48,quadratic|quadratic_positive|-30.5|2026110248,1,0.25,0.1138932021267434,17.029404296106982,0.7554569032007479,0.7038781877049586,0.7019326053780032,0.059801326192168394,0.08768812771689974,0.08884417173674518
quadratic_positive,quadratic,quadratic_+0.25,-30.5,2026110241,41,quadratic|quadratic_positive|-30.5|2026110241,0,0.25,0.1138932021267434,17.029404296106982,0.7554569032007479,0.7038781877049586,0.7019326053780032,0.5707151325936641,0.4954445031268169,0.49270938249275154
quadratic_positive,quadratic,quadratic_+0.25,-30.5,2026110250,50,quadratic|quadratic_positive|-30.5|2026110250,1,0.25,0.1138932021267434,17.029404296106982,0.7554569032007479,0.7038781877049586,0.7019326053780032,0.059801326192168394,0.08768812771689974,0.08884417173674518
quadratic_positive,quadratic,quadratic_+0.25,-30.5,2026110249,49,quadratic|quadratic_positive|-30.5|2026110249,1,0.25,0.1138932021267434,17.029404296106982,0.7554569032007479,0.7038781877049586,0.7019326053780032,0.059801326192168394,0.08768812771689974,0.08884417173674518
quadratic_positive,quadratic,quadratic_+0.25,-30.5,2026110247,47,quadratic|quadratic_positive|-30.5|2026110247,0,0.25,0.1138932021267434,17.029404296106982,0.7554569032007479,0.7038781877049586,0.7019326053780032,0.5707151325936641,0.4954445031268169,0.49270938249275154
quadratic_positive,quadratic,quadratic_+0.25,-30.5,2026110253,53,quadratic|quadratic_positive|-30.5|2026110253,1,0.25,0.1138932021267434,17.029404296106982,0.7554569032007479,0.7038781877049586,0.7019326053780032,0.059801326192168394,0.08768812771689974,0.08884417173674518
quadratic_positive,quadratic,quadratic_+0.25,-30.5,2026110255,55,quadratic|quadratic_positive|-30.5|2026110255,1,0.25,0.1138932021267434,17.029404296106982,0.7554569032007479,0.7038781877049586,0.7019326053780032,0.059801326192168394,0.08768812771689974,0.08884417173674518
quadratic_positive,quadratic,quadratic_+0.25,-30.5,2026110251,51,quadratic|quadratic_positive|-30.5|2026110251,0,0.25,0.1138932021267434,17.029404296106982,0.7554569032007479,0.7038781877049586,0.7019326053780032,0.5707151325936641,0.4954445031268169,0.49270938249275154
quadratic_positive,quadratic,quadratic_+0.25,-30.5,2026110252,52,quadratic|quadratic_positive|-30.5|2026110252,0,0.25,0.1138932021267434,17.029404296106982,0.7554569032007479,0.7038781877049586,0.7019326053780032,0.5707151325936641,0.4954445031268169,0.49270938249275154
quadratic_positive,quadratic,quadratic_+0.25,-30.5,2026110256,56,quadratic|quadratic_positive|-30.5|2026110256,1,0.25,0.1138932021267434,17.029404296106982,0.7554569032007479,0.7038781877049586,0.7019326053780032,0.059801326192168394,0.08768812771689974,0.08884417173674518
quadratic_positive,quadratic,quadratic_+0.25,-30.5,2026110254,54,quadratic|quadratic_positive|-30.5|2026110254,0,0.25,0.1138932021267434,17.029404296106982,0.7554569032007479,0.7038781877049586,0.7019326053780032,0.5707151325936641,0.4954445031268169,0.49270938249275154
quadratic_positive,quadratic,quadratic_+0.25,-30.5,2026110257,57,quadratic|quadratic_positive|-30.5|2026110257,0,0.25,0.1138932021267434,17.029404296106982,0.7554569032007479,0.7038781877049586,0.7019326053780032,0.5707151325936641,0.4954445031268169,0.49270938249275154
quadratic_positive,quadratic,quadratic_+0.25,-30.5,2026110259,59,quadratic|quadratic_positive|-30.5|2026110259,1,0.25,0.1138932021267434,17.029404296106982,0.7554569032007479,0.7038781877049586,0.7019326053780032,0.059801326192168394,0.08768812771689974,0.08884417173674518
quadratic_positive,quadratic,quadratic_+0.25,-30.5,2026110258,58,quadratic|quadratic_positive|-30.5|2026110258,0,0.25,0.1138932021267434,17.029404296106982,0.7554569032007479,0.7038781877049586,0.7019326053780032,0.5707151325936641,0.4954445031268169,0.49270938249275154
quadratic_positive,quadratic,quadratic_+0.25,-30.5,2026110261,61,quadratic|quadratic_positive|-30.5|2026110261,1,0.25,0.1138932021267434,17.029404296106982,0.7554569032007479,0.7038781877049586,0.7019326053780032,0.059801326192168394,0.08768812771689974,0.08884417173674518
quadratic_positive,quadratic,quadratic_+0.25,-30.5,2026110263,63,quadratic|quadratic_positive|-30.5|2026110263,1,0.25,0.1138932021267434,17.029404296106982,0.7554569032007479,0.7038781877049586,0.7019326053780032,0.059801326192168394,0.08768812771689974,0.08884417173674518
quadratic_positive,quadratic,quadratic_+0.25,-30.5,2026110260,60,quadratic|quadratic_positive|-30.5|2026110260,0,0.25,0.1138932021267434,17.029404296106982,0.7554569032007479,0.7038781877049586,0.7019326053780032,0.5707151325936641,0.4954445031268169,0.49270938249275154
quadratic_positive,quadratic,quadratic_+0.25,-30.5,2026110264,64,quadratic|quadratic_positive|-30.5|2026110264,1,0.25,0.1138932021267434,17.029404296106982,0.7554569032007479,0.7038781877049586,0.7019326053780032,0.059801326192168394,0.08768812771689974,0.08884417173674518
quadratic_positive,quadratic,quadratic_+0.25,-30.5,2026110262,62,quadratic|quadratic_positive|-30.5|2026110262,0,0.25,0.1138932021267434,17.029404296106982,0.7554569032007479,0.7038781877049586,0.7019326053780032,0.5707151325936641,0.4954445031268169,0.49270938249275154
quadratic_positive,quadratic,quadratic_+0.25,-30.5,2026110265,65,quadratic|quadratic_positive|-30.5|2026110265,1,0.25,0.1138932021267434,17.029404296106982,0.7554569032007479,0.7038781877049586,0.7019326053780032,0.059801326192168394,0.08768812771689974,0.08884417173674518
quadratic_positive,quadratic,quadratic_+0.25,-30.5,2026110267,67,quadratic|quadratic_positive|-30.5|2026110267,1,0.25,0.1138932021267434,17.029404296106982,0.7554569032007479,0.7038781877049586,0.7019326053780032,0.059801326192168394,0.08768812771689974,0.08884417173674518
quadratic_positive,quadratic,quadratic_+0.25,-30.5,2026110266,66,quadratic|quadratic_positive|-30.5|2026110266,1,0.25,0.1138932021267434,17.029404296106982,0.7554569032007479,0.7038781877049586,0.7019326053780032,0.059801326192168394,0.08768812771689974,0.08884417173674518
quadratic_positive,quadratic,quadratic_+0.25,-30.5,2026110269,69,quadratic|quadratic_positive|-30.5|2026110269,0,0.25,0.1138932021267434,17.029404296106982,0.7554569032007479,0.7038781877049586,0.7019326053780032,0.5707151325936641,0.4954445031268169,0.49270938249275154
quadratic_positive,quadratic,quadratic_+0.25,-30.5,2026110271,71,quadratic|quadratic_positive|-30.5|2026110271,1,0.25,0.1138932021267434,17.029404296106982,0.7554569032007479,0.7038781877049586,0.7019326053780032,0.059801326192168394,0.08768812771689974,0.08884417173674518
quadratic_positive,quadratic,quadratic_+0.25,-30.5,2026110273,73,quadratic|quadratic_positive|-30.5|2026110273,1,0.25,0.1138932021267434,17.029404296106982,0.7554569032007479,0.7038781877049586,0.7019326053780032,0.059801326192168394,0.08768812771689974,0.08884417173674518
quadratic_positive,quadratic,quadratic_+0.25,-30.5,2026110274,74,quadratic|quadratic_positive|-30.5|2026110274,1,0.25,0.1138932021267434,17.029404296106982,0.7554569032007479,0.7038781877049586,0.7019326053780032,0.059801326192168394,0.08768812771689974,0.08884417173674518
quadratic_positive,quadratic,quadratic_+0.25,-30.5,2026110272,72,quadratic|quadratic_positive|-30.5|2026110272,1,0.25,0.1138932021267434,17.029404296106982,0.7554569032007479,0.7038781877049586,0.7019326053780032,0.059801326192168394,0.08768812771689974,0.08884417173674518
quadratic_positive,quadratic,quadratic_+0.25,-30.5,2026110268,68,quadratic|quadratic_positive|-30.5|2026110268,0,0.25,0.1138932021267434,17.029404296106982,0.7554569032007479,0.7038781877049586,0.7019326053780032,0.5707151325936641,0.4954445031268169,0.49270938249275154
quadratic_positive,quadratic,quadratic_+0.25,-30.5,2026110277,77,quadratic|quadratic_positive|-30.5|2026110277,1,0.25,0.1138932021267434,17.029404296106982,0.7554569032007479,0.7038781877049586,0.7019326053780032,0.059801326192168394,0.08768812771689974,0.08884417173674518
quadratic_positive,quadratic,quadratic_+0.25,-30.5,2026110270,70,quadratic|quadratic_positive|-30.5|2026110270,0,0.25,0.1138932021267434,17.029404296106982,0.7554569032007479,0.7038781877049586,0.7019326053780032,0.5707151325936641,0.4954445031268169,0.49270938249275154
quadratic_positive,quadratic,quadratic_+0.25,-30.5,2026110278,78,quadratic|quadratic_positive|-30.5|2026110278,1,0.25,0.1138932021267434,17.029404296106982,0.7554569032007479,0.7038781877049586,0.7019326053780032,0.059801326192168394,0.08768812771689974,0.08884417173674518
quadratic_positive,quadratic,quadratic_+0.25,-30.5,2026110276,76,quadratic|quadratic_positive|-30.5|2026110276,1,0.25,0.1138932021267434,17.029404296106982,0.7554569032007479,0.7038781877049586,0.7019326053780032,0.059801326192168394,0.08768812771689974,0.08884417173674518
quadratic_positive,quadratic,quadratic_+0.25,-30.5,2026110280,80,quadratic|quadratic_positive|-30.5|2026110280,1,0.25,0.1138932021267434,17.029404296106982,0.7554569032007479,0.7038781877049586,0.7019326053780032,0.059801326192168394,0.08768812771689974,0.08884417173674518
quadratic_positive,quadratic,quadratic_+0.25,-30.5,2026110281,81,quadratic|quadratic_positive|-30.5|2026110281,1,0.25,0.1138932021267434,17.029404296106982,0.7554569032007479,0.7038781877049586,0.7019326053780032,0.059801326192168394,0.08768812771689974,0.08884417173674518
quadratic_positive,quadratic,quadratic_+0.25,-30.5,2026110283,83,quadratic|quadratic_positive|-30.5|2026110283,1,0.25,0.1138932021267434,17.029404296106982,0.7554569032007479,0.7038781877049586,0.7019326053780032,0.059801326192168394,0.08768812771689974,0.08884417173674518
quadratic_positive,quadratic,quadratic_+0.25,-30.5,2026110275,75,quadratic|quadratic_positive|-30.5|2026110275,0,0.25,0.1138932021267434,17.029404296106982,0.7554569032007479,0.7038781877049586,0.7019326053780032,0.5707151325936641,0.4954445031268169,0.49270938249275154
quadratic_positive,quadratic,quadratic_+0.25,-30.5,2026110279,79,quadratic|quadratic_positive|-30.5|2026110279,1,0.25,0.1138932021267434,17.029404296106982,0.7554569032007479,0.7038781877049586,0.7019326053780032,0.059801326192168394,0.08768812771689974,0.08884417173674518
quadratic_positive,quadratic,quadratic_+0.25,-30.5,2026110282,82,quadratic|quadratic_positive|-30.5|2026110282,1,0.25,0.1138932021267434,17.029404296106982,0.7554569032007479,0.7038781877049586,0.7019326053780032,0.059801326192168394,0.08768812771689974,0.08884417173674518
quadratic_positive,quadratic,quadratic_+0.25,-30.5,2026110287,87,quadratic|quadratic_positive|-30.5|2026110287,1,0.25,0.1138932021267434,17.029404296106982,0.7554569032007479,0.7038781877049586,0.7019326053780032,0.059801326192168394,0.08768812771689974,0.08884417173674518
quadratic_positive,quadratic,quadratic_+0.25,-30.5,2026110284,84,quadratic|quadratic_positive|-30.5|2026110284,1,0.25,0.1138932021267434,17.029404296106982,0.7554569032007479,0.7038781877049586,0.7019326053780032,0.059801326192168394,0.08768812771689974,0.08884417173674518
quadratic_positive,quadratic,quadratic_+0.25,-30.5,2026110285,85,quadratic|quadratic_positive|-30.5|2026110285,1,0.25,0.1138932021267434,17.029404296106982,0.7554569032007479,0.7038781877049586,0.7019326053780032,0.059801326192168394,0.08768812771689974,0.08884417173674518
quadratic_positive,quadratic,quadratic_+0.25,-30.5,2026110286,86,quadratic|quadratic_positive|-30.5|2026110286,1,0.25,0.1138932021267434,17.029404296106982,0.7554569032007479,0.7038781877049586,0.7019326053780032,0.059801326192168394,0.08768812771689974,0.08884417173674518
quadratic_positive,quadratic,quadratic_+0.25,-30.5,2026110289,89,quadratic|quadratic_positive|-30.5|2026110289,1,0.25,0.1138932021267434,17.029404296106982,0.7554569032007479,0.7038781877049586,0.7019326053780032,0.059801326192168394,0.08768812771689974,0.08884417173674518
quadratic_positive,quadratic,quadratic_+0.25,-30.5,2026110288,88,quadratic|quadratic_positive|-30.5|2026110288,1,0.25,0.1138932021267434,17.029404296106982,0.7554569032007479,0.7038781877049586,0.7019326053780032,0.059801326192168394,0.08768812771689974,0.08884417173674518
quadratic_positive,quadratic,quadratic_+0.25,-30.5,2026110291,91,quadratic|quadratic_positive|-30.5|2026110291,1,0.25,0.1138932021267434,17.029404296106982,0.7554569032007479,0.7038781877049586,0.7019326053780032,0.059801326192168394,0.08768812771689974,0.08884417173674518
quadratic_positive,quadratic,quadratic_+0.25,-30.5,2026110294,94,quadratic|quadratic_positive|-30.5|2026110294,1,0.25,0.1138932021267434,17.029404296106982,0.7554569032007479,0.7038781877049586,0.7019326053780032,0.059801326192168394,0.08768812771689974,0.08884417173674518
quadratic_positive,quadratic,quadratic_+0.25,-30.5,2026110290,90,quadratic|quadratic_positive|-30.5|2026110290,0,0.25,0.1138932021267434,17.029404296106982,0.7554569032007479,0.7038781877049586,0.7019326053780032,0.5707151325936641,0.4954445031268169,0.49270938249275154
quadratic_positive,quadratic,quadratic_+0.25,-30.5,2026110293,93,quadratic|quadratic_positive|-30.5|2026110293,1,0.25,0.1138932021267434,17.029404296106982,0.7554569032007479,0.7038781877049586,0.7019326053780032,0.059801326192168394,0.08768812771689974,0.08884417173674518
quadratic_positive,quadratic,quadratic_+0.25,-30.5,2026110295,95,quadratic|quadratic_positive|-30.5|2026110295,1,0.25,0.1138932021267434,17.029404296106982,0.7554569032007479,0.7038781877049586,0.7019326053780032,0.059801326192168394,0.08768812771689974,0.08884417173674518
quadratic_positive,quadratic,quadratic_+0.25,-30.5,2026110298,98,quadratic|quadratic_positive|-30.5|2026110298,1,0.25,0.1138932021267434,17.029404296106982,0.7554569032007479,0.7038781877049586,0.7019326053780032,0.059801326192168394,0.08768812771689974,0.08884417173674518
quadratic_positive,quadratic,quadratic_+0.25,-30.5,2026110292,92,quadratic|quadratic_positive|-30.5|2026110292,0,0.25,0.1138932021267434,17.029404296106982,0.7554569032007479,0.7038781877049586,0.7019326053780032,0.5707151325936641,0.4954445031268169,0.49270938249275154
quadratic_positive,quadratic,quadratic_+0.25,-30.5,2026110299,99,quadratic|quadratic_positive|-30.5|2026110299,1,0.25,0.1138932021267434,17.029404296106982,0.7554569032007479,0.7038781877049586,0.7019326053780032,0.059801326192168394,0.08768812771689974,0.08884417173674518
quadratic_positive,quadratic,quadratic_+0.25,-30.5,2026110296,96,quadratic|quadratic_positive|-30.5|2026110296,0,0.25,0.1138932021267434,17.029404296106982,0.7554569032007479,0.7038781877049586,0.7019326053780032,0.5707151325936641,0.4954445031268169,0.49270938249275154
quadratic_positive,quadratic,quadratic_+0.25,-30.5,2026110297,97,quadratic|quadratic_positive|-30.5|2026110297,0,0.25,0.1138932021267434,17.029404296106982,0.7554569032007479,0.7038781877049586,0.7019326053780032,0.5707151325936641,0.4954445031268169,0.49270938249275154
quadratic_negative,quadratic,quadratic_-0.25,-30.5,2026110201,1,quadratic|quadratic_negative|-30.5|2026110201,1,0.25,0.1138932021267434,17.029404296106982,0.7616092436258699,0.7046924442097617,0.7021303974179041,0.05683015272462985,0.08720655250680469,0.08872630014241578
quadratic_negative,quadratic,quadratic_-0.25,-30.5,2026110200,0,quadratic|quadratic_negative|-30.5|2026110200,0,0.25,0.1138932021267434,17.029404296106982,0.7616092436258699,0.7046924442097617,0.7021303974179041,0.5800486399763697,0.4965914409263282,0.4929870949782239
quadratic_negative,quadratic,quadratic_-0.25,-30.5,2026110202,2,quadratic|quadratic_negative|-30.5|2026110202,1,0.25,0.1138932021267434,17.029404296106982,0.7616092436258699,0.7046924442097617,0.7021303974179041,0.05683015272462985,0.08720655250680469,0.08872630014241578
quadratic_negative,quadratic,quadratic_-0.25,-30.5,2026110204,4,quadratic|quadratic_negative|-30.5|2026110204,1,0.25,0.1138932021267434,17.029404296106982,0.7616092436258699,0.7046924442097617,0.7021303974179041,0.05683015272462985,0.08720655250680469,0.08872630014241578
quadratic_negative,quadratic,quadratic_-0.25,-30.5,2026110203,3,quadratic|quadratic_negative|-30.5|2026110203,1,0.25,0.1138932021267434,17.029404296106982,0.7616092436258699,0.7046924442097617,0.7021303974179041,0.05683015272462985,0.08720655250680469,0.08872630014241578
quadratic_negative,quadratic,quadratic_-0.25,-30.5,2026110205,5,quadratic|quadratic_negative|-30.5|2026110205,1,0.25,0.1138932021267434,17.029404296106982,0.7616092436258699,0.7046924442097617,0.7021303974179041,0.05683015272462985,0.08720655250680469,0.08872630014241578
quadratic_negative,quadratic,quadratic_-0.25,-30.5,2026110206,6,quadratic|quadratic_negative|-30.5|2026110206,0,0.25,0.1138932021267434,17.029404296106982,0.7616092436258699,0.7046924442097617,0.7021303974179041,0.5800486399763697,0.4965914409263282,0.4929870949782239
quadratic_negative,quadratic,quadratic_-0.25,-30.5,2026110207,7,quadratic|quadratic_negative|-30.5|2026110207,0,0.25,0.1138932021267434,17.029404296106982,0.7616092436258699,0.7046924442097617,0.7021303974179041,0.5800486399763697,0.4965914409263282,0.4929870949782239
quadratic_negative,quadratic,quadratic_-0.25,-30.5,2026110208,8,quadratic|quadratic_negative|-30.5|2026110208,0,0.25,0.1138932021267434,17.029404296106982,0.7616092436258699,0.7046924442097617,0.7021303974179041,0.5800486399763697,0.4965914409263282,0.4929870949782239
quadratic_negative,quadratic,quadratic_-0.25,-30.5,2026110209,9,quadratic|quadratic_negative|-30.5|2026110209,0,0.25,0.1138932021267434,17.029404296106982,0.7616092436258699,0.7046924442097617,0.7021303974179041,0.5800486399763697,0.4965914409263282,0.4929870949782239
quadratic_negative,quadratic,quadratic_-0.25,-30.5,2026110211,11,quadratic|quadratic_negative|-30.5|2026110211,1,0.25,0.1138932021267434,17.029404296106982,0.7616092436258699,0.7046924442097617,0.7021303974179041,0.05683015272462985,0.08720655250680469,0.08872630014241578
quadratic_negative,quadratic,quadratic_-0.25,-30.5,2026110210,10,quadratic|quadratic_negative|-30.5|2026110210,1,0.25,0.1138932021267434,17.029404296106982,0.7616092436258699,0.7046924442097617,0.7021303974179041,0.05683015272462985,0.08720655250680469,0.08872630014241578
quadratic_negative,quadratic,quadratic_-0.25,-30.5,2026110214,14,quadratic|quadratic_negative|-30.5|2026110214,1,0.25,0.1138932021267434,17.029404296106982,0.7616092436258699,0.7046924442097617,0.7021303974179041,0.05683015272462985,0.08720655250680469,0.08872630014241578
quadratic_negative,quadratic,quadratic_-0.25,-30.5,2026110212,12,quadratic|quadratic_negative|-30.5|2026110212,1,0.25,0.1138932021267434,17.029404296106982,0.7616092436258699,0.7046924442097617,0.7021303974179041,0.05683015272462985,0.08720655250680469,0.08872630014241578
quadratic_negative,quadratic,quadratic_-0.25,-30.5,2026110213,13,quadratic|quadratic_negative|-30.5|2026110213,1,0.25,0.1138932021267434,17.029404296106982,0.7616092436258699,0.7046924442097617,0.7021303974179041,0.05683015272462985,0.08720655250680469,0.08872630014241578
quadratic_negative,quadratic,quadratic_-0.25,-30.5,2026110216,16,quadratic|quadratic_negative|-30.5|2026110216,1,0.25,0.1138932021267434,17.029404296106982,0.7616092436258699,0.7046924442097617,0.7021303974179041,0.05683015272462985,0.08720655250680469,0.08872630014241578
quadratic_negative,quadratic,quadratic_-0.25,-30.5,2026110219,19,quadratic|quadratic_negative|-30.5|2026110219,1,0.25,0.1138932021267434,17.029404296106982,0.7616092436258699,0.7046924442097617,0.7021303974179041,0.05683015272462985,0.08720655250680469,0.08872630014241578
quadratic_negative,quadratic,quadratic_-0.25,-30.5,2026110218,18,quadratic|quadratic_negative|-30.5|2026110218,1,0.25,0.1138932021267434,17.029404296106982,0.7616092436258699,0.7046924442097617,0.7021303974179041,0.05683015272462985,0.08720655250680469,0.08872630014241578
quadratic_negative,quadratic,quadratic_-0.25,-30.5,2026110215,15,quadratic|quadratic_negative|-30.5|2026110215,0,0.25,0.1138932021267434,17.029404296106982,0.7616092436258699,0.7046924442097617,0.7021303974179041,0.5800486399763697,0.4965914409263282,0.4929870949782239
quadratic_negative,quadratic,quadratic_-0.25,-30.5,2026110217,17,quadratic|quadratic_negative|-30.5|2026110217,0,0.25,0.1138932021267434,17.029404296106982,0.7616092436258699,0.7046924442097617,0.7021303974179041,0.5800486399763697,0.4965914409263282,0.4929870949782239
quadratic_negative,quadratic,quadratic_-0.25,-30.5,2026110220,20,quadratic|quadratic_negative|-30.5|2026110220,1,0.25,0.1138932021267434,17.029404296106982,0.7616092436258699,0.7046924442097617,0.7021303974179041,0.05683015272462985,0.08720655250680469,0.08872630014241578
quadratic_negative,quadratic,quadratic_-0.25,-30.5,2026110224,24,quadratic|quadratic_negative|-30.5|2026110224,1,0.25,0.1138932021267434,17.029404296106982,0.7616092436258699,0.7046924442097617,0.7021303974179041,0.05683015272462985,0.08720655250680469,0.08872630014241578
quadratic_negative,quadratic,quadratic_-0.25,-30.5,2026110223,23,quadratic|quadratic_negative|-30.5|2026110223,1,0.25,0.1138932021267434,17.029404296106982,0.7616092436258699,0.7046924442097617,0.7021303974179041,0.05683015272462985,0.08720655250680469,0.08872630014241578
quadratic_negative,quadratic,quadratic_-0.25,-30.5,2026110225,25,quadratic|quadratic_negative|-30.5|2026110225,1,0.25,0.1138932021267434,17.029404296106982,0.7616092436258699,0.7046924442097617,0.7021303974179041,0.05683015272462985,0.08720655250680469,0.08872630014241578
quadratic_negative,quadratic,quadratic_-0.25,-30.5,2026110221,21,quadratic|quadratic_negative|-30.5|2026110221,0,0.25,0.1138932021267434,17.029404296106982,0.7616092436258699,0.7046924442097617,0.7021303974179041,0.5800486399763697,0.4965914409263282,0.4929870949782239
quadratic_negative,quadratic,quadratic_-0.25,-30.5,2026110226,26,quadratic|quadratic_negative|-30.5|2026110226,1,0.25,0.1138932021267434,17.029404296106982,0.7616092436258699,0.7046924442097617,0.7021303974179041,0.05683015272462985,0.08720655250680469,0.08872630014241578
quadratic_negative,quadratic,quadratic_-0.25,-30.5,2026110222,22,quadratic|quadratic_negative|-30.5|2026110222,0,0.25,0.1138932021267434,17.029404296106982,0.7616092436258699,0.7046924442097617,0.7021303974179041,0.5800486399763697,0.4965914409263282,0.4929870949782239
quadratic_negative,quadratic,quadratic_-0.25,-30.5,2026110229,29,quadratic|quadratic_negative|-30.5|2026110229,1,0.25,0.1138932021267434,17.029404296106982,0.7616092436258699,0.7046924442097617,0.7021303974179041,0.05683015272462985,0.08720655250680469,0.08872630014241578
quadratic_negative,quadratic,quadratic_-0.25,-30.5,2026110230,30,quadratic|quadratic_negative|-30.5|2026110230,1,0.25,0.1138932021267434,17.029404296106982,0.7616092436258699,0.7046924442097617,0.7021303974179041,0.05683015272462985,0.08720655250680469,0.08872630014241578
quadratic_negative,quadratic,quadratic_-0.25,-30.5,2026110231,31,quadratic|quadratic_negative|-30.5|2026110231,1,0.25,0.1138932021267434,17.029404296106982,0.7616092436258699,0.7046924442097617,0.7021303974179041,0.05683015272462985,0.08720655250680469,0.08872630014241578
quadratic_negative,quadratic,quadratic_-0.25,-30.5,2026110228,28,quadratic|quadratic_negative|-30.5|2026110228,1,0.25,0.1138932021267434,17.029404296106982,0.7616092436258699,0.7046924442097617,0.7021303974179041,0.05683015272462985,0.08720655250680469,0.08872630014241578
quadratic_negative,quadratic,quadratic_-0.25,-30.5,2026110232,32,quadratic|quadratic_negative|-30.5|2026110232,1,0.25,0.1138932021267434,17.029404296106982,0.7616092436258699,0.7046924442097617,0.7021303974179041,0.05683015272462985,0.08720655250680469,0.08872630014241578
quadratic_negative,quadratic,quadratic_-0.25,-30.5,2026110234,34,quadratic|quadratic_negative|-30.5|2026110234,1,0.25,0.1138932021267434,17.029404296106982,0.7616092436258699,0.7046924442097617,0.7021303974179041,0.05683015272462985,0.08720655250680469,0.08872630014241578
quadratic_negative,quadratic,quadratic_-0.25,-30.5,2026110227,27,quadratic|quadratic_negative|-30.5|2026110227,0,0.25,0.1138932021267434,17.029404296106982,0.7616092436258699,0.7046924442097617,0.7021303974179041,0.5800486399763697,0.4965914409263282,0.4929870949782239
quadratic_negative,quadratic,quadratic_-0.25,-30.5,2026110235,35,quadratic|quadratic_negative|-30.5|2026110235,1,0.25,0.1138932021267434,17.029404296106982,0.7616092436258699,0.7046924442097617,0.7021303974179041,0.05683015272462985,0.08720655250680469,0.08872630014241578
quadratic_negative,quadratic,quadratic_-0.25,-30.5,2026110236,36,quadratic|quadratic_negative|-30.5|2026110236,1,0.25,0.1138932021267434,17.029404296106982,0.7616092436258699,0.7046924442097617,0.7021303974179041,0.05683015272462985,0.08720655250680469,0.08872630014241578
quadratic_negative,quadratic,quadratic_-0.25,-30.5,2026110237,37,quadratic|quadratic_negative|-30.5|2026110237,1,0.25,0.1138932021267434,17.029404296106982,0.7616092436258699,0.7046924442097617,0.7021303974179041,0.05683015272462985,0.08720655250680469,0.08872630014241578
quadratic_negative,quadratic,quadratic_-0.25,-30.5,2026110233,33,quadratic|quadratic_negative|-30.5|2026110233,0,0.25,0.1138932021267434,17.029404296106982,0.7616092436258699,0.7046924442097617,0.7021303974179041,0.5800486399763697,0.4965914409263282,0.4929870949782239
quadratic_negative,quadratic,quadratic_-0.25,-30.5,2026110239,39,quadratic|quadratic_negative|-30.5|2026110239,1,0.25,0.1138932021267434,17.029404296106982,0.7616092436258699,0.7046924442097617,0.7021303974179041,0.05683015272462985,0.08720655250680469,0.08872630014241578
quadratic_negative,quadratic,quadratic_-0.25,-30.5,2026110240,40,quadratic|quadratic_negative|-30.5|2026110240,1,0.25,0.1138932021267434,17.029404296106982,0.7616092436258699,0.7046924442097617,0.7021303974179041,0.05683015272462985,0.08720655250680469,0.08872630014241578
quadratic_negative,quadratic,quadratic_-0.25,-30.5,2026110242,42,quadratic|quadratic_negative|-30.5|2026110242,1,0.25,0.1138932021267434,17.029404296106982,0.7616092436258699,0.7046924442097617,0.7021303974179041,0.05683015272462985,0.08720655250680469,0.08872630014241578
quadratic_negative,quadratic,quadratic_-0.25,-30.5,2026110238,38,quadratic|quadratic_negative|-30.5|2026110238,0,0.25,0.1138932021267434,17.029404296106982,0.7616092436258699,0.7046924442097617,0.7021303974179041,0.5800486399763697,0.4965914409263282,0.4929870949782239
quadratic_negative,quadratic,quadratic_-0.25,-30.5,2026110245,45,quadratic|quadratic_negative|-30.5|2026110245,1,0.25,0.1138932021267434,17.029404296106982,0.7616092436258699,0.7046924442097617,0.7021303974179041,0.05683015272462985,0.08720655250680469,0.08872630014241578
quadratic_negative,quadratic,quadratic_-0.25,-30.5,2026110241,41,quadratic|quadratic_negative|-30.5|2026110241,0,0.25,0.1138932021267434,17.029404296106982,0.7616092436258699,0.7046924442097617,0.7021303974179041,0.5800486399763697,0.4965914409263282,0.4929870949782239
quadratic_negative,quadratic,quadratic_-0.25,-30.5,2026110244,44,quadratic|quadratic_negative|-30.5|2026110244,1,0.25,0.1138932021267434,17.029404296106982,0.7616092436258699,0.7046924442097617,0.7021303974179041,0.05683015272462985,0.08720655250680469,0.08872630014241578
quadratic_negative,quadratic,quadratic_-0.25,-30.5,2026110243,43,quadratic|quadratic_negative|-30.5|2026110243,0,0.25,0.1138932021267434,17.029404296106982,0.7616092436258699,0.7046924442097617,0.7021303974179041,0.5800486399763697,0.4965914409263282,0.4929870949782239
quadratic_negative,quadratic,quadratic_-0.25,-30.5,2026110247,47,quadratic|quadratic_negative|-30.5|2026110247,1,0.25,0.1138932021267434,17.029404296106982,0.7616092436258699,0.7046924442097617,0.7021303974179041,0.05683015272462985,0.08720655250680469,0.08872630014241578
quadratic_negative,quadratic,quadratic_-0.25,-30.5,2026110246,46,quadratic|quadratic_negative|-30.5|2026110246,1,0.25,0.1138932021267434,17.029404296106982,0.7616092436258699,0.7046924442097617,0.7021303974179041,0.05683015272462985,0.08720655250680469,0.08872630014241578
quadratic_negative,quadratic,quadratic_-0.25,-30.5,2026110249,49,quadratic|quadratic_negative|-30.5|2026110249,1,0.25,0.1138932021267434,17.029404296106982,0.7616092436258699,0.7046924442097617,0.7021303974179041,0.05683015272462985,0.08720655250680469,0.08872630014241578
quadratic_negative,quadratic,quadratic_-0.25,-30.5,2026110248,48,quadratic|quadratic_negative|-30.5|2026110248,0,0.25,0.1138932021267434,17.029404296106982,0.7616092436258699,0.7046924442097617,0.7021303974179041,0.5800486399763697,0.4965914409263282,0.4929870949782239
quadratic_negative,quadratic,quadratic_-0.25,-30.5,2026110253,53,quadratic|quadratic_negative|-30.5|2026110253,1,0.25,0.1138932021267434,17.029404296106982,0.7616092436258699,0.7046924442097617,0.7021303974179041,0.05683015272462985,0.08720655250680469,0.08872630014241578
quadratic_negative,quadratic,quadratic_-0.25,-30.5,2026110250,50,quadratic|quadratic_negative|-30.5|2026110250,0,0.25,0.1138932021267434,17.029404296106982,0.7616092436258699,0.7046924442097617,0.7021303974179041,0.5800486399763697,0.4965914409263282,0.4929870949782239
quadratic_negative,quadratic,quadratic_-0.25,-30.5,2026110255,55,quadratic|quadratic_negative|-30.5|2026110255,1,0.25,0.1138932021267434,17.029404296106982,0.7616092436258699,0.7046924442097617,0.7021303974179041,0.05683015272462985,0.08720655250680469,0.08872630014241578
quadratic_negative,quadratic,quadratic_-0.25,-30.5,2026110251,51,quadratic|quadratic_negative|-30.5|2026110251,0,0.25,0.1138932021267434,17.029404296106982,0.7616092436258699,0.7046924442097617,0.7021303974179041,0.5800486399763697,0.4965914409263282,0.4929870949782239
quadratic_negative,quadratic,quadratic_-0.25,-30.5,2026110252,52,quadratic|quadratic_negative|-30.5|2026110252,0,0.25,0.1138932021267434,17.029404296106982,0.7616092436258699,0.7046924442097617,0.7021303974179041,0.5800486399763697,0.4965914409263282,0.4929870949782239
quadratic_negative,quadratic,quadratic_-0.25,-30.5,2026110256,56,quadratic|quadratic_negative|-30.5|2026110256,1,0.25,0.1138932021267434,17.029404296106982,0.7616092436258699,0.7046924442097617,0.7021303974179041,0.05683015272462985,0.08720655250680469,0.08872630014241578
quadratic_negative,quadratic,quadratic_-0.25,-30.5,2026110254,54,quadratic|quadratic_negative|-30.5|2026110254,0,0.25,0.1138932021267434,17.029404296106982,0.7616092436258699,0.7046924442097617,0.7021303974179041,0.5800486399763697,0.4965914409263282,0.4929870949782239
quadratic_negative,quadratic,quadratic_-0.25,-30.5,2026110259,59,quadratic|quadratic_negative|-30.5|2026110259,1,0.25,0.1138932021267434,17.029404296106982,0.7616092436258699,0.7046924442097617,0.7021303974179041,0.05683015272462985,0.08720655250680469,0.08872630014241578
quadratic_negative,quadratic,quadratic_-0.25,-30.5,2026110257,57,quadratic|quadratic_negative|-30.5|2026110257,0,0.25,0.1138932021267434,17.029404296106982,0.7616092436258699,0.7046924442097617,0.7021303974179041,0.5800486399763697,0.4965914409263282,0.4929870949782239
quadratic_negative,quadratic,quadratic_-0.25,-30.5,2026110258,58,quadratic|quadratic_negative|-30.5|2026110258,0,0.25,0.1138932021267434,17.029404296106982,0.7616092436258699,0.7046924442097617,0.7021303974179041,0.5800486399763697,0.4965914409263282,0.4929870949782239
quadratic_negative,quadratic,quadratic_-0.25,-30.5,2026110260,60,quadratic|quadratic_negative|-30.5|2026110260,1,0.25,0.1138932021267434,17.029404296106982,0.7616092436258699,0.7046924442097617,0.7021303974179041,0.05683015272462985,0.08720655250680469,0.08872630014241578
quadratic_negative,quadratic,quadratic_-0.25,-30.5,2026110264,64,quadratic|quadratic_negative|-30.5|2026110264,1,0.25,0.1138932021267434,17.029404296106982,0.7616092436258699,0.7046924442097617,0.7021303974179041,0.05683015272462985,0.08720655250680469,0.08872630014241578
quadratic_negative,quadratic,quadratic_-0.25,-30.5,2026110263,63,quadratic|quadratic_negative|-30.5|2026110263,1,0.25,0.1138932021267434,17.029404296106982,0.7616092436258699,0.7046924442097617,0.7021303974179041,0.05683015272462985,0.08720655250680469,0.08872630014241578
quadratic_negative,quadratic,quadratic_-0.25,-30.5,2026110262,62,quadratic|quadratic_negative|-30.5|2026110262,0,0.25,0.1138932021267434,17.029404296106982,0.7616092436258699,0.7046924442097617,0.7021303974179041,0.5800486399763697,0.4965914409263282,0.4929870949782239
quadratic_negative,quadratic,quadratic_-0.25,-30.5,2026110261,61,quadratic|quadratic_negative|-30.5|2026110261,0,0.25,0.1138932021267434,17.029404296106982,0.7616092436258699,0.7046924442097617,0.7021303974179041,0.5800486399763697,0.4965914409263282,0.4929870949782239
quadratic_negative,quadratic,quadratic_-0.25,-30.5,2026110265,65,quadratic|quadratic_negative|-30.5|2026110265,1,0.25,0.1138932021267434,17.029404296106982,0.7616092436258699,0.7046924442097617,0.7021303974179041,0.05683015272462985,0.08720655250680469,0.08872630014241578
quadratic_negative,quadratic,quadratic_-0.25,-30.5,2026110266,66,quadratic|quadratic_negative|-30.5|2026110266,1,0.25,0.1138932021267434,17.029404296106982,0.7616092436258699,0.7046924442097617,0.7021303974179041,0.05683015272462985,0.08720655250680469,0.08872630014241578
quadratic_negative,quadratic,quadratic_-0.25,-30.5,2026110269,69,quadratic|quadratic_negative|-30.5|2026110269,1,0.25,0.1138932021267434,17.029404296106982,0.7616092436258699,0.7046924442097617,0.7021303974179041,0.05683015272462985,0.08720655250680469,0.08872630014241578
quadratic_negative,quadratic,quadratic_-0.25,-30.5,2026110267,67,quadratic|quadratic_negative|-30.5|2026110267,1,0.25,0.1138932021267434,17.029404296106982,0.7616092436258699,0.7046924442097617,0.7021303974179041,0.05683015272462985,0.08720655250680469,0.08872630014241578
quadratic_negative,quadratic,quadratic_-0.25,-30.5,2026110270,70,quadratic|quadratic_negative|-30.5|2026110270,1,0.25,0.1138932021267434,17.029404296106982,0.7616092436258699,0.7046924442097617,0.7021303974179041,0.05683015272462985,0.08720655250680469,0.08872630014241578
quadratic_negative,quadratic,quadratic_-0.25,-30.5,2026110271,71,quadratic|quadratic_negative|-30.5|2026110271,1,0.25,0.1138932021267434,17.029404296106982,0.7616092436258699,0.7046924442097617,0.7021303974179041,0.05683015272462985,0.08720655250680469,0.08872630014241578
quadratic_negative,quadratic,quadratic_-0.25,-30.5,2026110272,72,quadratic|quadratic_negative|-30.5|2026110272,1,0.25,0.1138932021267434,17.029404296106982,0.7616092436258699,0.7046924442097617,0.7021303974179041,0.05683015272462985,0.08720655250680469,0.08872630014241578
quadratic_negative,quadratic,quadratic_-0.25,-30.5,2026110268,68,quadratic|quadratic_negative|-30.5|2026110268,0,0.25,0.1138932021267434,17.029404296106982,0.7616092436258699,0.7046924442097617,0.7021303974179041,0.5800486399763697,0.4965914409263282,0.4929870949782239
quadratic_negative,quadratic,quadratic_-0.25,-30.5,2026110273,73,quadratic|quadratic_negative|-30.5|2026110273,1,0.25,0.1138932021267434,17.029404296106982,0.7616092436258699,0.7046924442097617,0.7021303974179041,0.05683015272462985,0.08720655250680469,0.08872630014241578
quadratic_negative,quadratic,quadratic_-0.25,-30.5,2026110274,74,quadratic|quadratic_negative|-30.5|2026110274,1,0.25,0.1138932021267434,17.029404296106982,0.7616092436258699,0.7046924442097617,0.7021303974179041,0.05683015272462985,0.08720655250680469,0.08872630014241578
quadratic_negative,quadratic,quadratic_-0.25,-30.5,2026110276,76,quadratic|quadratic_negative|-30.5|2026110276,1,0.25,0.1138932021267434,17.029404296106982,0.7616092436258699,0.7046924442097617,0.7021303974179041,0.05683015272462985,0.08720655250680469,0.08872630014241578
quadratic_negative,quadratic,quadratic_-0.25,-30.5,2026110279,79,quadratic|quadratic_negative|-30.5|2026110279,1,0.25,0.1138932021267434,17.029404296106982,0.7616092436258699,0.7046924442097617,0.7021303974179041,0.05683015272462985,0.08720655250680469,0.08872630014241578
quadratic_negative,quadratic,quadratic_-0.25,-30.5,2026110277,77,quadratic|quadratic_negative|-30.5|2026110277,1,0.25,0.1138932021267434,17.029404296106982,0.7616092436258699,0.7046924442097617,0.7021303974179041,0.05683015272462985,0.08720655250680469,0.08872630014241578
quadratic_negative,quadratic,quadratic_-0.25,-30.5,2026110278,78,quadratic|quadratic_negative|-30.5|2026110278,1,0.25,0.1138932021267434,17.029404296106982,0.7616092436258699,0.7046924442097617,0.7021303974179041,0.05683015272462985,0.08720655250680469,0.08872630014241578
quadratic_negative,quadratic,quadratic_-0.25,-30.5,2026110275,75,quadratic|quadratic_negative|-30.5|2026110275,0,0.25,0.1138932021267434,17.029404296106982,0.7616092436258699,0.7046924442097617,0.7021303974179041,0.5800486399763697,0.4965914409263282,0.4929870949782239
quadratic_negative,quadratic,quadratic_-0.25,-30.5,2026110281,81,quadratic|quadratic_negative|-30.5|2026110281,1,0.25,0.1138932021267434,17.029404296106982,0.7616092436258699,0.7046924442097617,0.7021303974179041,0.05683015272462985,0.08720655250680469,0.08872630014241578
quadratic_negative,quadratic,quadratic_-0.25,-30.5,2026110280,80,quadratic|quadratic_negative|-30.5|2026110280,1,0.25,0.1138932021267434,17.029404296106982,0.7616092436258699,0.7046924442097617,0.7021303974179041,0.05683015272462985,0.08720655250680469,0.08872630014241578
quadratic_negative,quadratic,quadratic_-0.25,-30.5,2026110282,82,quadratic|quadratic_negative|-30.5|2026110282,1,0.25,0.1138932021267434,17.029404296106982,0.7616092436258699,0.7046924442097617,0.7021303974179041,0.05683015272462985,0.08720655250680469,0.08872630014241578
quadratic_negative,quadratic,quadratic_-0.25,-30.5,2026110284,84,quadratic|quadratic_negative|-30.5|2026110284,1,0.25,0.1138932021267434,17.029404296106982,0.7616092436258699,0.7046924442097617,0.7021303974179041,0.05683015272462985,0.08720655250680469,0.08872630014241578
quadratic_negative,quadratic,quadratic_-0.25,-30.5,2026110283,83,quadratic|quadratic_negative|-30.5|2026110283,1,0.25,0.1138932021267434,17.029404296106982,0.7616092436258699,0.7046924442097617,0.7021303974179041,0.05683015272462985,0.08720655250680469,0.08872630014241578
quadratic_negative,quadratic,quadratic_-0.25,-30.5,2026110286,86,quadratic|quadratic_negative|-30.5|2026110286,1,0.25,0.1138932021267434,17.029404296106982,0.7616092436258699,0.7046924442097617,0.7021303974179041,0.05683015272462985,0.08720655250680469,0.08872630014241578
quadratic_negative,quadratic,quadratic_-0.25,-30.5,2026110289,89,quadratic|quadratic_negative|-30.5|2026110289,1,0.25,0.1138932021267434,17.029404296106982,0.7616092436258699,0.7046924442097617,0.7021303974179041,0.05683015272462985,0.08720655250680469,0.08872630014241578
quadratic_negative,quadratic,quadratic_-0.25,-30.5,2026110287,87,quadratic|quadratic_negative|-30.5|2026110287,1,0.25,0.1138932021267434,17.029404296106982,0.7616092436258699,0.7046924442097617,0.7021303974179041,0.05683015272462985,0.08720655250680469,0.08872630014241578
quadratic_negative,quadratic,quadratic_-0.25,-30.5,2026110288,88,quadratic|quadratic_negative|-30.5|2026110288,1,0.25,0.1138932021267434,17.029404296106982,0.7616092436258699,0.7046924442097617,0.7021303974179041,0.05683015272462985,0.08720655250680469,0.08872630014241578
quadratic_negative,quadratic,quadratic_-0.25,-30.5,2026110292,92,quadratic|quadratic_negative|-30.5|2026110292,1,0.25,0.1138932021267434,17.029404296106982,0.7616092436258699,0.7046924442097617,0.7021303974179041,0.05683015272462985,0.08720655250680469,0.08872630014241578
quadratic_negative,quadratic,quadratic_-0.25,-30.5,2026110285,85,quadratic|quadratic_negative|-30.5|2026110285,0,0.25,0.1138932021267434,17.029404296106982,0.7616092436258699,0.7046924442097617,0.7021303974179041,0.5800486399763697,0.4965914409263282,0.4929870949782239
quadratic_negative,quadratic,quadratic_-0.25,-30.5,2026110291,91,quadratic|quadratic_negative|-30.5|2026110291,1,0.25,0.1138932021267434,17.029404296106982,0.7616092436258699,0.7046924442097617,0.7021303974179041,0.05683015272462985,0.08720655250680469,0.08872630014241578
quadratic_negative,quadratic,quadratic_-0.25,-30.5,2026110295,95,quadratic|quadratic_negative|-30.5|2026110295,1,0.25,0.1138932021267434,17.029404296106982,0.7616092436258699,0.7046924442097617,0.7021303974179041,0.05683015272462985,0.08720655250680469,0.08872630014241578
quadratic_negative,quadratic,quadratic_-0.25,-30.5,2026110290,90,quadratic|quadratic_negative|-30.5|2026110290,1,0.25,0.1138932021267434,17.029404296106982,0.7616092436258699,0.7046924442097617,0.7021303974179041,0.05683015272462985,0.08720655250680469,0.08872630014241578
quadratic_negative,quadratic,quadratic_-0.25,-30.5,2026110294,94,quadratic|quadratic_negative|-30.5|2026110294,1,0.25,0.1138932021267434,17.029404296106982,0.7616092436258699,0.7046924442097617,0.7021303974179041,0.05683015272462985,0.08720655250680469,0.08872630014241578
quadratic_negative,quadratic,quadratic_-0.25,-30.5,2026110293,93,quadratic|quadratic_negative|-30.5|2026110293,0,0.25,0.1138932021267434,17.029404296106982,0.7616092436258699,0.7046924442097617,0.7021303974179041,0.5800486399763697,0.4965914409263282,0.4929870949782239
quadratic_negative,quadratic,quadratic_-0.25,-30.5,2026110298,98,quadratic|quadratic_negative|-30.5|2026110298,1,0.25,0.1138932021267434,17.029404296106982,0.7616092436258699,0.7046924442097617,0.7021303974179041,0.05683015272462985,0.08720655250680469,0.08872630014241578
quadratic_negative,quadratic,quadratic_-0.25,-30.5,2026110296,96,quadratic|quadratic_negative|-30.5|2026110296,0,0.25,0.1138932021267434,17.029404296106982,0.7616092436258699,0.7046924442097617,0.7021303974179041,0.5800486399763697,0.4965914409263282,0.4929870949782239
quadratic_negative,quadratic,quadratic_-0.25,-30.5,2026110297,97,quadratic|quadratic_negative|-30.5|2026110297,0,0.25,0.1138932021267434,17.029404296106982,0.7616092436258699,0.7046924442097617,0.7021303974179041,0.5800486399763697,0.4965914409263282,0.4929870949782239
quadratic_positive,quadratic,quadratic_+0.50,-30.5,2026110200,0,quadratic|quadratic_positive|-30.5|2026110200,0,0.5,0.2277864042534868,34.058808592213964,0.24988384407495795,0.1548234297558615,0.15260236057003818,0.062441935529677896,0.023970294401368178,0.02328748045154794
quadratic_negative,quadratic,quadratic_-0.25,-30.5,2026110299,99,quadratic|quadratic_negative|-30.5|2026110299,0,0.25,0.1138932021267434,17.029404296106982,0.7616092436258699,0.7046924442097617,0.7021303974179041,0.5800486399763697,0.4965914409263282,0.4929870949782239
quadratic_positive,quadratic,quadratic_+0.50,-30.5,2026110202,2,quadratic|quadratic_positive|-30.5|2026110202,0,0.5,0.2277864042534868,34.058808592213964,0.24988384407495795,0.1548234297558615,0.15260236057003818,0.062441935529677896,0.023970294401368178,0.02328748045154794
quadratic_positive,quadratic,quadratic_+0.50,-30.5,2026110201,1,quadratic|quadratic_positive|-30.5|2026110201,0,0.5,0.2277864042534868,34.058808592213964,0.24988384407495795,0.1548234297558615,0.15260236057003818,0.062441935529677896,0.023970294401368178,0.02328748045154794
quadratic_positive,quadratic,quadratic_+0.50,-30.5,2026110204,4,quadratic|quadratic_positive|-30.5|2026110204,0,0.5,0.2277864042534868,34.058808592213964,0.24988384407495795,0.1548234297558615,0.15260236057003818,0.062441935529677896,0.023970294401368178,0.02328748045154794
quadratic_positive,quadratic,quadratic_+0.50,-30.5,2026110203,3,quadratic|quadratic_positive|-30.5|2026110203,0,0.5,0.2277864042534868,34.058808592213964,0.24988384407495795,0.1548234297558615,0.15260236057003818,0.062441935529677896,0.023970294401368178,0.02328748045154794
quadratic_positive,quadratic,quadratic_+0.50,-30.5,2026110205,5,quadratic|quadratic_positive|-30.5|2026110205,0,0.5,0.2277864042534868,34.058808592213964,0.24988384407495795,0.1548234297558615,0.15260236057003818,0.062441935529677896,0.023970294401368178,0.02328748045154794
quadratic_positive,quadratic,quadratic_+0.50,-30.5,2026110206,6,quadratic|quadratic_positive|-30.5|2026110206,0,0.5,0.2277864042534868,34.058808592213964,0.24988384407495795,0.1548234297558615,0.15260236057003818,0.062441935529677896,0.023970294401368178,0.02328748045154794
quadratic_positive,quadratic,quadratic_+0.50,-30.5,2026110207,7,quadratic|quadratic_positive|-30.5|2026110207,0,0.5,0.2277864042534868,34.058808592213964,0.24988384407495795,0.1548234297558615,0.15260236057003818,0.062441935529677896,0.023970294401368178,0.02328748045154794
quadratic_positive,quadratic,quadratic_+0.50,-30.5,2026110208,8,quadratic|quadratic_positive|-30.5|2026110208,0,0.5,0.2277864042534868,34.058808592213964,0.24988384407495795,0.1548234297558615,0.15260236057003818,0.062441935529677896,0.023970294401368178,0.02328748045154794
quadratic_positive,quadratic,quadratic_+0.50,-30.5,2026110209,9,quadratic|quadratic_positive|-30.5|2026110209,0,0.5,0.2277864042534868,34.058808592213964,0.24988384407495795,0.1548234297558615,0.15260236057003818,0.062441935529677896,0.023970294401368178,0.02328748045154794
quadratic_positive,quadratic,quadratic_+0.50,-30.5,2026110211,11,quadratic|quadratic_positive|-30.5|2026110211,1,0.5,0.2277864042534868,34.058808592213964,0.24988384407495795,0.1548234297558615,0.15260236057003818,0.5626742473797619,0.7143234348896452,0.7180827593114716
quadratic_positive,quadratic,quadratic_+0.50,-30.5,2026110214,14,quadratic|quadratic_positive|-30.5|2026110214,1,0.5,0.2277864042534868,34.058808592213964,0.24988384407495795,0.1548234297558615,0.15260236057003818,0.5626742473797619,0.7143234348896452,0.7180827593114716
quadratic_positive,quadratic,quadratic_+0.50,-30.5,2026110210,10,quadratic|quadratic_positive|-30.5|2026110210,0,0.5,0.2277864042534868,34.058808592213964,0.24988384407495795,0.1548234297558615,0.15260236057003818,0.062441935529677896,0.023970294401368178,0.02328748045154794
quadratic_positive,quadratic,quadratic_+0.50,-30.5,2026110212,12,quadratic|quadratic_positive|-30.5|2026110212,0,0.5,0.2277864042534868,34.058808592213964,0.24988384407495795,0.1548234297558615,0.15260236057003818,0.062441935529677896,0.023970294401368178,0.02328748045154794
quadratic_positive,quadratic,quadratic_+0.50,-30.5,2026110213,13,quadratic|quadratic_positive|-30.5|2026110213,0,0.5,0.2277864042534868,34.058808592213964,0.24988384407495795,0.1548234297558615,0.15260236057003818,0.062441935529677896,0.023970294401368178,0.02328748045154794
quadratic_positive,quadratic,quadratic_+0.50,-30.5,2026110216,16,quadratic|quadratic_positive|-30.5|2026110216,0,0.5,0.2277864042534868,34.058808592213964,0.24988384407495795,0.1548234297558615,0.15260236057003818,0.062441935529677896,0.023970294401368178,0.02328748045154794
quadratic_positive,quadratic,quadratic_+0.50,-30.5,2026110215,15,quadratic|quadratic_positive|-30.5|2026110215,0,0.5,0.2277864042534868,34.058808592213964,0.24988384407495795,0.1548234297558615,0.15260236057003818,0.062441935529677896,0.023970294401368178,0.02328748045154794
quadratic_positive,quadratic,quadratic_+0.50,-30.5,2026110219,19,quadratic|quadratic_positive|-30.5|2026110219,0,0.5,0.2277864042534868,34.058808592213964,0.24988384407495795,0.1548234297558615,0.15260236057003818,0.062441935529677896,0.023970294401368178,0.02328748045154794
quadratic_positive,quadratic,quadratic_+0.50,-30.5,2026110217,17,quadratic|quadratic_positive|-30.5|2026110217,0,0.5,0.2277864042534868,34.058808592213964,0.24988384407495795,0.1548234297558615,0.15260236057003818,0.062441935529677896,0.023970294401368178,0.02328748045154794
quadratic_positive,quadratic,quadratic_+0.50,-30.5,2026110218,18,quadratic|quadratic_positive|-30.5|2026110218,0,0.5,0.2277864042534868,34.058808592213964,0.24988384407495795,0.1548234297558615,0.15260236057003818,0.062441935529677896,0.023970294401368178,0.02328748045154794
quadratic_positive,quadratic,quadratic_+0.50,-30.5,2026110220,20,quadratic|quadratic_positive|-30.5|2026110220,0,0.5,0.2277864042534868,34.058808592213964,0.24988384407495795,0.1548234297558615,0.15260236057003818,0.062441935529677896,0.023970294401368178,0.02328748045154794
quadratic_positive,quadratic,quadratic_+0.50,-30.5,2026110221,21,quadratic|quadratic_positive|-30.5|2026110221,0,0.5,0.2277864042534868,34.058808592213964,0.24988384407495795,0.1548234297558615,0.15260236057003818,0.062441935529677896,0.023970294401368178,0.02328748045154794
quadratic_positive,quadratic,quadratic_+0.50,-30.5,2026110223,23,quadratic|quadratic_positive|-30.5|2026110223,1,0.5,0.2277864042534868,34.058808592213964,0.24988384407495795,0.1548234297558615,0.15260236057003818,0.5626742473797619,0.7143234348896452,0.7180827593114716
quadratic_positive,quadratic,quadratic_+0.50,-30.5,2026110222,22,quadratic|quadratic_positive|-30.5|2026110222,0,0.5,0.2277864042534868,34.058808592213964,0.24988384407495795,0.1548234297558615,0.15260236057003818,0.062441935529677896,0.023970294401368178,0.02328748045154794
quadratic_positive,quadratic,quadratic_+0.50,-30.5,2026110224,24,quadratic|quadratic_positive|-30.5|2026110224,0,0.5,0.2277864042534868,34.058808592213964,0.24988384407495795,0.1548234297558615,0.15260236057003818,0.062441935529677896,0.023970294401368178,0.02328748045154794
quadratic_positive,quadratic,quadratic_+0.50,-30.5,2026110225,25,quadratic|quadratic_positive|-30.5|2026110225,0,0.5,0.2277864042534868,34.058808592213964,0.24988384407495795,0.1548234297558615,0.15260236057003818,0.062441935529677896,0.023970294401368178,0.02328748045154794
quadratic_positive,quadratic,quadratic_+0.50,-30.5,2026110229,29,quadratic|quadratic_positive|-30.5|2026110229,1,0.5,0.2277864042534868,34.058808592213964,0.24988384407495795,0.1548234297558615,0.15260236057003818,0.5626742473797619,0.7143234348896452,0.7180827593114716
quadratic_positive,quadratic,quadratic_+0.50,-30.5,2026110227,27,quadratic|quadratic_positive|-30.5|2026110227,1,0.5,0.2277864042534868,34.058808592213964,0.24988384407495795,0.1548234297558615,0.15260236057003818,0.5626742473797619,0.7143234348896452,0.7180827593114716
quadratic_positive,quadratic,quadratic_+0.50,-30.5,2026110226,26,quadratic|quadratic_positive|-30.5|2026110226,0,0.5,0.2277864042534868,34.058808592213964,0.24988384407495795,0.1548234297558615,0.15260236057003818,0.062441935529677896,0.023970294401368178,0.02328748045154794
quadratic_positive,quadratic,quadratic_+0.50,-30.5,2026110228,28,quadratic|quadratic_positive|-30.5|2026110228,0,0.5,0.2277864042534868,34.058808592213964,0.24988384407495795,0.1548234297558615,0.15260236057003818,0.062441935529677896,0.023970294401368178,0.02328748045154794
quadratic_positive,quadratic,quadratic_+0.50,-30.5,2026110230,30,quadratic|quadratic_positive|-30.5|2026110230,0,0.5,0.2277864042534868,34.058808592213964,0.24988384407495795,0.1548234297558615,0.15260236057003818,0.062441935529677896,0.023970294401368178,0.02328748045154794
quadratic_positive,quadratic,quadratic_+0.50,-30.5,2026110231,31,quadratic|quadratic_positive|-30.5|2026110231,0,0.5,0.2277864042534868,34.058808592213964,0.24988384407495795,0.1548234297558615,0.15260236057003818,0.062441935529677896,0.023970294401368178,0.02328748045154794
quadratic_positive,quadratic,quadratic_+0.50,-30.5,2026110232,32,quadratic|quadratic_positive|-30.5|2026110232,0,0.5,0.2277864042534868,34.058808592213964,0.24988384407495795,0.1548234297558615,0.15260236057003818,0.062441935529677896,0.023970294401368178,0.02328748045154794
quadratic_positive,quadratic,quadratic_+0.50,-30.5,2026110236,36,quadratic|quadratic_positive|-30.5|2026110236,0,0.5,0.2277864042534868,34.058808592213964,0.24988384407495795,0.1548234297558615,0.15260236057003818,0.062441935529677896,0.023970294401368178,0.02328748045154794
quadratic_positive,quadratic,quadratic_+0.50,-30.5,2026110233,33,quadratic|quadratic_positive|-30.5|2026110233,0,0.5,0.2277864042534868,34.058808592213964,0.24988384407495795,0.1548234297558615,0.15260236057003818,0.062441935529677896,0.023970294401368178,0.02328748045154794
quadratic_positive,quadratic,quadratic_+0.50,-30.5,2026110237,37,quadratic|quadratic_positive|-30.5|2026110237,1,0.5,0.2277864042534868,34.058808592213964,0.24988384407495795,0.1548234297558615,0.15260236057003818,0.5626742473797619,0.7143234348896452,0.7180827593114716
quadratic_positive,quadratic,quadratic_+0.50,-30.5,2026110239,39,quadratic|quadratic_positive|-30.5|2026110239,0,0.5,0.2277864042534868,34.058808592213964,0.24988384407495795,0.1548234297558615,0.15260236057003818,0.062441935529677896,0.023970294401368178,0.02328748045154794
quadratic_positive,quadratic,quadratic_+0.50,-30.5,2026110234,34,quadratic|quadratic_positive|-30.5|2026110234,0,0.5,0.2277864042534868,34.058808592213964,0.24988384407495795,0.1548234297558615,0.15260236057003818,0.062441935529677896,0.023970294401368178,0.02328748045154794
quadratic_positive,quadratic,quadratic_+0.50,-30.5,2026110235,35,quadratic|quadratic_positive|-30.5|2026110235,0,0.5,0.2277864042534868,34.058808592213964,0.24988384407495795,0.1548234297558615,0.15260236057003818,0.062441935529677896,0.023970294401368178,0.02328748045154794
quadratic_positive,quadratic,quadratic_+0.50,-30.5,2026110238,38,quadratic|quadratic_positive|-30.5|2026110238,0,0.5,0.2277864042534868,34.058808592213964,0.24988384407495795,0.1548234297558615,0.15260236057003818,0.062441935529677896,0.023970294401368178,0.02328748045154794
quadratic_positive,quadratic,quadratic_+0.50,-30.5,2026110240,40,quadratic|quadratic_positive|-30.5|2026110240,0,0.5,0.2277864042534868,34.058808592213964,0.24988384407495795,0.1548234297558615,0.15260236057003818,0.062441935529677896,0.023970294401368178,0.02328748045154794
quadratic_positive,quadratic,quadratic_+0.50,-30.5,2026110241,41,quadratic|quadratic_positive|-30.5|2026110241,0,0.5,0.2277864042534868,34.058808592213964,0.24988384407495795,0.1548234297558615,0.15260236057003818,0.062441935529677896,0.023970294401368178,0.02328748045154794
quadratic_positive,quadratic,quadratic_+0.50,-30.5,2026110242,42,quadratic|quadratic_positive|-30.5|2026110242,0,0.5,0.2277864042534868,34.058808592213964,0.24988384407495795,0.1548234297558615,0.15260236057003818,0.062441935529677896,0.023970294401368178,0.02328748045154794
quadratic_positive,quadratic,quadratic_+0.50,-30.5,2026110245,45,quadratic|quadratic_positive|-30.5|2026110245,1,0.5,0.2277864042534868,34.058808592213964,0.24988384407495795,0.1548234297558615,0.15260236057003818,0.5626742473797619,0.7143234348896452,0.7180827593114716
quadratic_positive,quadratic,quadratic_+0.50,-30.5,2026110243,43,quadratic|quadratic_positive|-30.5|2026110243,0,0.5,0.2277864042534868,34.058808592213964,0.24988384407495795,0.1548234297558615,0.15260236057003818,0.062441935529677896,0.023970294401368178,0.02328748045154794
quadratic_positive,quadratic,quadratic_+0.50,-30.5,2026110244,44,quadratic|quadratic_positive|-30.5|2026110244,0,0.5,0.2277864042534868,34.058808592213964,0.24988384407495795,0.1548234297558615,0.15260236057003818,0.062441935529677896,0.023970294401368178,0.02328748045154794
quadratic_positive,quadratic,quadratic_+0.50,-30.5,2026110246,46,quadratic|quadratic_positive|-30.5|2026110246,0,0.5,0.2277864042534868,34.058808592213964,0.24988384407495795,0.1548234297558615,0.15260236057003818,0.062441935529677896,0.023970294401368178,0.02328748045154794
quadratic_positive,quadratic,quadratic_+0.50,-30.5,2026110247,47,quadratic|quadratic_positive|-30.5|2026110247,0,0.5,0.2277864042534868,34.058808592213964,0.24988384407495795,0.1548234297558615,0.15260236057003818,0.062441935529677896,0.023970294401368178,0.02328748045154794
quadratic_positive,quadratic,quadratic_+0.50,-30.5,2026110248,48,quadratic|quadratic_positive|-30.5|2026110248,0,0.5,0.2277864042534868,34.058808592213964,0.24988384407495795,0.1548234297558615,0.15260236057003818,0.062441935529677896,0.023970294401368178,0.02328748045154794
quadratic_positive,quadratic,quadratic_+0.50,-30.5,2026110252,52,quadratic|quadratic_positive|-30.5|2026110252,1,0.5,0.2277864042534868,34.058808592213964,0.24988384407495795,0.1548234297558615,0.15260236057003818,0.5626742473797619,0.7143234348896452,0.7180827593114716
quadratic_positive,quadratic,quadratic_+0.50,-30.5,2026110249,49,quadratic|quadratic_positive|-30.5|2026110249,0,0.5,0.2277864042534868,34.058808592213964,0.24988384407495795,0.1548234297558615,0.15260236057003818,0.062441935529677896,0.023970294401368178,0.02328748045154794
quadratic_positive,quadratic,quadratic_+0.50,-30.5,2026110250,50,quadratic|quadratic_positive|-30.5|2026110250,0,0.5,0.2277864042534868,34.058808592213964,0.24988384407495795,0.1548234297558615,0.15260236057003818,0.062441935529677896,0.023970294401368178,0.02328748045154794
quadratic_positive,quadratic,quadratic_+0.50,-30.5,2026110251,51,quadratic|quadratic_positive|-30.5|2026110251,0,0.5,0.2277864042534868,34.058808592213964,0.24988384407495795,0.1548234297558615,0.15260236057003818,0.062441935529677896,0.023970294401368178,0.02328748045154794
quadratic_positive,quadratic,quadratic_+0.50,-30.5,2026110255,55,quadratic|quadratic_positive|-30.5|2026110255,0,0.5,0.2277864042534868,34.058808592213964,0.24988384407495795,0.1548234297558615,0.15260236057003818,0.062441935529677896,0.023970294401368178,0.02328748045154794
quadratic_positive,quadratic,quadratic_+0.50,-30.5,2026110253,53,quadratic|quadratic_positive|-30.5|2026110253,0,0.5,0.2277864042534868,34.058808592213964,0.24988384407495795,0.1548234297558615,0.15260236057003818,0.062441935529677896,0.023970294401368178,0.02328748045154794
quadratic_positive,quadratic,quadratic_+0.50,-30.5,2026110254,54,quadratic|quadratic_positive|-30.5|2026110254,0,0.5,0.2277864042534868,34.058808592213964,0.24988384407495795,0.1548234297558615,0.15260236057003818,0.062441935529677896,0.023970294401368178,0.02328748045154794
quadratic_positive,quadratic,quadratic_+0.50,-30.5,2026110256,56,quadratic|quadratic_positive|-30.5|2026110256,0,0.5,0.2277864042534868,34.058808592213964,0.24988384407495795,0.1548234297558615,0.15260236057003818,0.062441935529677896,0.023970294401368178,0.02328748045154794
quadratic_positive,quadratic,quadratic_+0.50,-30.5,2026110257,57,quadratic|quadratic_positive|-30.5|2026110257,0,0.5,0.2277864042534868,34.058808592213964,0.24988384407495795,0.1548234297558615,0.15260236057003818,0.062441935529677896,0.023970294401368178,0.02328748045154794
quadratic_positive,quadratic,quadratic_+0.50,-30.5,2026110258,58,quadratic|quadratic_positive|-30.5|2026110258,0,0.5,0.2277864042534868,34.058808592213964,0.24988384407495795,0.1548234297558615,0.15260236057003818,0.062441935529677896,0.023970294401368178,0.02328748045154794
quadratic_positive,quadratic,quadratic_+0.50,-30.5,2026110259,59,quadratic|quadratic_positive|-30.5|2026110259,0,0.5,0.2277864042534868,34.058808592213964,0.24988384407495795,0.1548234297558615,0.15260236057003818,0.062441935529677896,0.023970294401368178,0.02328748045154794
quadratic_positive,quadratic,quadratic_+0.50,-30.5,2026110260,60,quadratic|quadratic_positive|-30.5|2026110260,0,0.5,0.2277864042534868,34.058808592213964,0.24988384407495795,0.1548234297558615,0.15260236057003818,0.062441935529677896,0.023970294401368178,0.02328748045154794
quadratic_positive,quadratic,quadratic_+0.50,-30.5,2026110262,62,quadratic|quadratic_positive|-30.5|2026110262,0,0.5,0.2277864042534868,34.058808592213964,0.24988384407495795,0.1548234297558615,0.15260236057003818,0.062441935529677896,0.023970294401368178,0.02328748045154794
quadratic_positive,quadratic,quadratic_+0.50,-30.5,2026110261,61,quadratic|quadratic_positive|-30.5|2026110261,0,0.5,0.2277864042534868,34.058808592213964,0.24988384407495795,0.1548234297558615,0.15260236057003818,0.062441935529677896,0.023970294401368178,0.02328748045154794
quadratic_positive,quadratic,quadratic_+0.50,-30.5,2026110263,63,quadratic|quadratic_positive|-30.5|2026110263,0,0.5,0.2277864042534868,34.058808592213964,0.24988384407495795,0.1548234297558615,0.15260236057003818,0.062441935529677896,0.023970294401368178,0.02328748045154794
quadratic_positive,quadratic,quadratic_+0.50,-30.5,2026110264,64,quadratic|quadratic_positive|-30.5|2026110264,0,0.5,0.2277864042534868,34.058808592213964,0.24988384407495795,0.1548234297558615,0.15260236057003818,0.062441935529677896,0.023970294401368178,0.02328748045154794
quadratic_positive,quadratic,quadratic_+0.50,-30.5,2026110265,65,quadratic|quadratic_positive|-30.5|2026110265,0,0.5,0.2277864042534868,34.058808592213964,0.24988384407495795,0.1548234297558615,0.15260236057003818,0.062441935529677896,0.023970294401368178,0.02328748045154794
quadratic_positive,quadratic,quadratic_+0.50,-30.5,2026110267,67,quadratic|quadratic_positive|-30.5|2026110267,0,0.5,0.2277864042534868,34.058808592213964,0.24988384407495795,0.1548234297558615,0.15260236057003818,0.062441935529677896,0.023970294401368178,0.02328748045154794
quadratic_positive,quadratic,quadratic_+0.50,-30.5,2026110269,69,quadratic|quadratic_positive|-30.5|2026110269,0,0.5,0.2277864042534868,34.058808592213964,0.24988384407495795,0.1548234297558615,0.15260236057003818,0.062441935529677896,0.023970294401368178,0.02328748045154794
quadratic_positive,quadratic,quadratic_+0.50,-30.5,2026110266,66,quadratic|quadratic_positive|-30.5|2026110266,0,0.5,0.2277864042534868,34.058808592213964,0.24988384407495795,0.1548234297558615,0.15260236057003818,0.062441935529677896,0.023970294401368178,0.02328748045154794
quadratic_positive,quadratic,quadratic_+0.50,-30.5,2026110271,71,quadratic|quadratic_positive|-30.5|2026110271,1,0.5,0.2277864042534868,34.058808592213964,0.24988384407495795,0.1548234297558615,0.15260236057003818,0.5626742473797619,0.7143234348896452,0.7180827593114716
quadratic_positive,quadratic,quadratic_+0.50,-30.5,2026110268,68,quadratic|quadratic_positive|-30.5|2026110268,0,0.5,0.2277864042534868,34.058808592213964,0.24988384407495795,0.1548234297558615,0.15260236057003818,0.062441935529677896,0.023970294401368178,0.02328748045154794
quadratic_positive,quadratic,quadratic_+0.50,-30.5,2026110274,74,quadratic|quadratic_positive|-30.5|2026110274,1,0.5,0.2277864042534868,34.058808592213964,0.24988384407495795,0.1548234297558615,0.15260236057003818,0.5626742473797619,0.7143234348896452,0.7180827593114716
quadratic_positive,quadratic,quadratic_+0.50,-30.5,2026110270,70,quadratic|quadratic_positive|-30.5|2026110270,0,0.5,0.2277864042534868,34.058808592213964,0.24988384407495795,0.1548234297558615,0.15260236057003818,0.062441935529677896,0.023970294401368178,0.02328748045154794
quadratic_positive,quadratic,quadratic_+0.50,-30.5,2026110272,72,quadratic|quadratic_positive|-30.5|2026110272,0,0.5,0.2277864042534868,34.058808592213964,0.24988384407495795,0.1548234297558615,0.15260236057003818,0.062441935529677896,0.023970294401368178,0.02328748045154794
quadratic_positive,quadratic,quadratic_+0.50,-30.5,2026110273,73,quadratic|quadratic_positive|-30.5|2026110273,0,0.5,0.2277864042534868,34.058808592213964,0.24988384407495795,0.1548234297558615,0.15260236057003818,0.062441935529677896,0.023970294401368178,0.02328748045154794
quadratic_positive,quadratic,quadratic_+0.50,-30.5,2026110275,75,quadratic|quadratic_positive|-30.5|2026110275,0,0.5,0.2277864042534868,34.058808592213964,0.24988384407495795,0.1548234297558615,0.15260236057003818,0.062441935529677896,0.023970294401368178,0.02328748045154794
quadratic_positive,quadratic,quadratic_+0.50,-30.5,2026110276,76,quadratic|quadratic_positive|-30.5|2026110276,0,0.5,0.2277864042534868,34.058808592213964,0.24988384407495795,0.1548234297558615,0.15260236057003818,0.062441935529677896,0.023970294401368178,0.02328748045154794
quadratic_positive,quadratic,quadratic_+0.50,-30.5,2026110278,78,quadratic|quadratic_positive|-30.5|2026110278,0,0.5,0.2277864042534868,34.058808592213964,0.24988384407495795,0.1548234297558615,0.15260236057003818,0.062441935529677896,0.023970294401368178,0.02328748045154794
quadratic_positive,quadratic,quadratic_+0.50,-30.5,2026110277,77,quadratic|quadratic_positive|-30.5|2026110277,0,0.5,0.2277864042534868,34.058808592213964,0.24988384407495795,0.1548234297558615,0.15260236057003818,0.062441935529677896,0.023970294401368178,0.02328748045154794
quadratic_positive,quadratic,quadratic_+0.50,-30.5,2026110281,81,quadratic|quadratic_positive|-30.5|2026110281,0,0.5,0.2277864042534868,34.058808592213964,0.24988384407495795,0.1548234297558615,0.15260236057003818,0.062441935529677896,0.023970294401368178,0.02328748045154794
quadratic_positive,quadratic,quadratic_+0.50,-30.5,2026110283,83,quadratic|quadratic_positive|-30.5|2026110283,1,0.5,0.2277864042534868,34.058808592213964,0.24988384407495795,0.1548234297558615,0.15260236057003818,0.5626742473797619,0.7143234348896452,0.7180827593114716
quadratic_positive,quadratic,quadratic_+0.50,-30.5,2026110280,80,quadratic|quadratic_positive|-30.5|2026110280,1,0.5,0.2277864042534868,34.058808592213964,0.24988384407495795,0.1548234297558615,0.15260236057003818,0.5626742473797619,0.7143234348896452,0.7180827593114716
quadratic_positive,quadratic,quadratic_+0.50,-30.5,2026110279,79,quadratic|quadratic_positive|-30.5|2026110279,0,0.5,0.2277864042534868,34.058808592213964,0.24988384407495795,0.1548234297558615,0.15260236057003818,0.062441935529677896,0.023970294401368178,0.02328748045154794
quadratic_positive,quadratic,quadratic_+0.50,-30.5,2026110286,86,quadratic|quadratic_positive|-30.5|2026110286,0,0.5,0.2277864042534868,34.058808592213964,0.24988384407495795,0.1548234297558615,0.15260236057003818,0.062441935529677896,0.023970294401368178,0.02328748045154794
quadratic_positive,quadratic,quadratic_+0.50,-30.5,2026110282,82,quadratic|quadratic_positive|-30.5|2026110282,0,0.5,0.2277864042534868,34.058808592213964,0.24988384407495795,0.1548234297558615,0.15260236057003818,0.062441935529677896,0.023970294401368178,0.02328748045154794
quadratic_positive,quadratic,quadratic_+0.50,-30.5,2026110284,84,quadratic|quadratic_positive|-30.5|2026110284,0,0.5,0.2277864042534868,34.058808592213964,0.24988384407495795,0.1548234297558615,0.15260236057003818,0.062441935529677896,0.023970294401368178,0.02328748045154794
quadratic_positive,quadratic,quadratic_+0.50,-30.5,2026110285,85,quadratic|quadratic_positive|-30.5|2026110285,0,0.5,0.2277864042534868,34.058808592213964,0.24988384407495795,0.1548234297558615,0.15260236057003818,0.062441935529677896,0.023970294401368178,0.02328748045154794
quadratic_positive,quadratic,quadratic_+0.50,-30.5,2026110287,87,quadratic|quadratic_positive|-30.5|2026110287,0,0.5,0.2277864042534868,34.058808592213964,0.24988384407495795,0.1548234297558615,0.15260236057003818,0.062441935529677896,0.023970294401368178,0.02328748045154794
quadratic_positive,quadratic,quadratic_+0.50,-30.5,2026110288,88,quadratic|quadratic_positive|-30.5|2026110288,0,0.5,0.2277864042534868,34.058808592213964,0.24988384407495795,0.1548234297558615,0.15260236057003818,0.062441935529677896,0.023970294401368178,0.02328748045154794
quadratic_positive,quadratic,quadratic_+0.50,-30.5,2026110289,89,quadratic|quadratic_positive|-30.5|2026110289,0,0.5,0.2277864042534868,34.058808592213964,0.24988384407495795,0.1548234297558615,0.15260236057003818,0.062441935529677896,0.023970294401368178,0.02328748045154794
quadratic_positive,quadratic,quadratic_+0.50,-30.5,2026110290,90,quadratic|quadratic_positive|-30.5|2026110290,0,0.5,0.2277864042534868,34.058808592213964,0.24988384407495795,0.1548234297558615,0.15260236057003818,0.062441935529677896,0.023970294401368178,0.02328748045154794
quadratic_positive,quadratic,quadratic_+0.50,-30.5,2026110291,91,quadratic|quadratic_positive|-30.5|2026110291,0,0.5,0.2277864042534868,34.058808592213964,0.24988384407495795,0.1548234297558615,0.15260236057003818,0.062441935529677896,0.023970294401368178,0.02328748045154794
quadratic_positive,quadratic,quadratic_+0.50,-30.5,2026110292,92,quadratic|quadratic_positive|-30.5|2026110292,0,0.5,0.2277864042534868,34.058808592213964,0.24988384407495795,0.1548234297558615,0.15260236057003818,0.062441935529677896,0.023970294401368178,0.02328748045154794
quadratic_positive,quadratic,quadratic_+0.50,-30.5,2026110294,94,quadratic|quadratic_positive|-30.5|2026110294,0,0.5,0.2277864042534868,34.058808592213964,0.24988384407495795,0.1548234297558615,0.15260236057003818,0.062441935529677896,0.023970294401368178,0.02328748045154794
quadratic_positive,quadratic,quadratic_+0.50,-30.5,2026110293,93,quadratic|quadratic_positive|-30.5|2026110293,0,0.5,0.2277864042534868,34.058808592213964,0.24988384407495795,0.1548234297558615,0.15260236057003818,0.062441935529677896,0.023970294401368178,0.02328748045154794
quadratic_positive,quadratic,quadratic_+0.50,-30.5,2026110295,95,quadratic|quadratic_positive|-30.5|2026110295,0,0.5,0.2277864042534868,34.058808592213964,0.24988384407495795,0.1548234297558615,0.15260236057003818,0.062441935529677896,0.023970294401368178,0.02328748045154794
quadratic_positive,quadratic,quadratic_+0.50,-30.5,2026110297,97,quadratic|quadratic_positive|-30.5|2026110297,1,0.5,0.2277864042534868,34.058808592213964,0.24988384407495795,0.1548234297558615,0.15260236057003818,0.5626742473797619,0.7143234348896452,0.7180827593114716
quadratic_positive,quadratic,quadratic_+0.50,-30.5,2026110296,96,quadratic|quadratic_positive|-30.5|2026110296,0,0.5,0.2277864042534868,34.058808592213964,0.24988384407495795,0.1548234297558615,0.15260236057003818,0.062441935529677896,0.023970294401368178,0.02328748045154794
quadratic_positive,quadratic,quadratic_+0.50,-30.5,2026110298,98,quadratic|quadratic_positive|-30.5|2026110298,0,0.5,0.2277864042534868,34.058808592213964,0.24988384407495795,0.1548234297558615,0.15260236057003818,0.062441935529677896,0.023970294401368178,0.02328748045154794
quadratic_positive,quadratic,quadratic_+0.50,-30.5,2026110299,99,quadratic|quadratic_positive|-30.5|2026110299,0,0.5,0.2277864042534868,34.058808592213964,0.24988384407495795,0.1548234297558615,0.15260236057003818,0.062441935529677896,0.023970294401368178,0.02328748045154794
quadratic_negative,quadratic,quadratic_-0.50,-30.5,2026110200,0,quadratic|quadratic_negative|-30.5|2026110200,0,0.5,0.2277864042534868,34.058808592213964,0.23750448848752648,0.1362713939602301,0.13352157959163824,0.0564083820517216,0.01856989281186424,0.017828012216646184
quadratic_negative,quadratic,quadratic_-0.50,-30.5,2026110201,1,quadratic|quadratic_negative|-30.5|2026110201,0,0.5,0.2277864042534868,34.058808592213964,0.23750448848752648,0.1362713939602301,0.13352157959163824,0.0564083820517216,0.01856989281186424,0.017828012216646184
quadratic_negative,quadratic,quadratic_-0.50,-30.5,2026110202,2,quadratic|quadratic_negative|-30.5|2026110202,0,0.5,0.2277864042534868,34.058808592213964,0.23750448848752648,0.1362713939602301,0.13352157959163824,0.0564083820517216,0.01856989281186424,0.017828012216646184
quadratic_negative,quadratic,quadratic_-0.50,-30.5,2026110203,3,quadratic|quadratic_negative|-30.5|2026110203,0,0.5,0.2277864042534868,34.058808592213964,0.23750448848752648,0.1362713939602301,0.13352157959163824,0.0564083820517216,0.01856989281186424,0.017828012216646184
quadratic_negative,quadratic,quadratic_-0.50,-30.5,2026110204,4,quadratic|quadratic_negative|-30.5|2026110204,0,0.5,0.2277864042534868,34.058808592213964,0.23750448848752648,0.1362713939602301,0.13352157959163824,0.0564083820517216,0.01856989281186424,0.017828012216646184
quadratic_negative,quadratic,quadratic_-0.50,-30.5,2026110205,5,quadratic|quadratic_negative|-30.5|2026110205,0,0.5,0.2277864042534868,34.058808592213964,0.23750448848752648,0.1362713939602301,0.13352157959163824,0.0564083820517216,0.01856989281186424,0.017828012216646184
quadratic_negative,quadratic,quadratic_-0.50,-30.5,2026110206,6,quadratic|quadratic_negative|-30.5|2026110206,0,0.5,0.2277864042534868,34.058808592213964,0.23750448848752648,0.1362713939602301,0.13352157959163824,0.0564083820517216,0.01856989281186424,0.017828012216646184
quadratic_negative,quadratic,quadratic_-0.50,-30.5,2026110208,8,quadratic|quadratic_negative|-30.5|2026110208,0,0.5,0.2277864042534868,34.058808592213964,0.23750448848752648,0.1362713939602301,0.13352157959163824,0.0564083820517216,0.01856989281186424,0.017828012216646184
quadratic_negative,quadratic,quadratic_-0.50,-30.5,2026110207,7,quadratic|quadratic_negative|-30.5|2026110207,0,0.5,0.2277864042534868,34.058808592213964,0.23750448848752648,0.1362713939602301,0.13352157959163824,0.0564083820517216,0.01856989281186424,0.017828012216646184
quadratic_negative,quadratic,quadratic_-0.50,-30.5,2026110211,11,quadratic|quadratic_negative|-30.5|2026110211,1,0.5,0.2277864042534868,34.058808592213964,0.23750448848752648,0.1362713939602301,0.13352157959163824,0.5813994050766687,0.746027104891404,0.7507848530333697
quadratic_negative,quadratic,quadratic_-0.50,-30.5,2026110210,10,quadratic|quadratic_negative|-30.5|2026110210,1,0.5,0.2277864042534868,34.058808592213964,0.23750448848752648,0.1362713939602301,0.13352157959163824,0.5813994050766687,0.746027104891404,0.7507848530333697
quadratic_negative,quadratic,quadratic_-0.50,-30.5,2026110209,9,quadratic|quadratic_negative|-30.5|2026110209,0,0.5,0.2277864042534868,34.058808592213964,0.23750448848752648,0.1362713939602301,0.13352157959163824,0.0564083820517216,0.01856989281186424,0.017828012216646184
quadratic_negative,quadratic,quadratic_-0.50,-30.5,2026110214,14,quadratic|quadratic_negative|-30.5|2026110214,1,0.5,0.2277864042534868,34.058808592213964,0.23750448848752648,0.1362713939602301,0.13352157959163824,0.5813994050766687,0.746027104891404,0.7507848530333697
quadratic_negative,quadratic,quadratic_-0.50,-30.5,2026110213,13,quadratic|quadratic_negative|-30.5|2026110213,1,0.5,0.2277864042534868,34.058808592213964,0.23750448848752648,0.1362713939602301,0.13352157959163824,0.5813994050766687,0.746027104891404,0.7507848530333697
quadratic_negative,quadratic,quadratic_-0.50,-30.5,2026110212,12,quadratic|quadratic_negative|-30.5|2026110212,0,0.5,0.2277864042534868,34.058808592213964,0.23750448848752648,0.1362713939602301,0.13352157959163824,0.0564083820517216,0.01856989281186424,0.017828012216646184
quadratic_negative,quadratic,quadratic_-0.50,-30.5,2026110217,17,quadratic|quadratic_negative|-30.5|2026110217,1,0.5,0.2277864042534868,34.058808592213964,0.23750448848752648,0.1362713939602301,0.13352157959163824,0.5813994050766687,0.746027104891404,0.7507848530333697
quadratic_negative,quadratic,quadratic_-0.50,-30.5,2026110215,15,quadratic|quadratic_negative|-30.5|2026110215,0,0.5,0.2277864042534868,34.058808592213964,0.23750448848752648,0.1362713939602301,0.13352157959163824,0.0564083820517216,0.01856989281186424,0.017828012216646184
quadratic_negative,quadratic,quadratic_-0.50,-30.5,2026110216,16,quadratic|quadratic_negative|-30.5|2026110216,0,0.5,0.2277864042534868,34.058808592213964,0.23750448848752648,0.1362713939602301,0.13352157959163824,0.0564083820517216,0.01856989281186424,0.017828012216646184
quadratic_negative,quadratic,quadratic_-0.50,-30.5,2026110219,19,quadratic|quadratic_negative|-30.5|2026110219,1,0.5,0.2277864042534868,34.058808592213964,0.23750448848752648,0.1362713939602301,0.13352157959163824,0.5813994050766687,0.746027104891404,0.7507848530333697
quadratic_negative,quadratic,quadratic_-0.50,-30.5,2026110220,20,quadratic|quadratic_negative|-30.5|2026110220,1,0.5,0.2277864042534868,34.058808592213964,0.23750448848752648,0.1362713939602301,0.13352157959163824,0.5813994050766687,0.746027104891404,0.7507848530333697
quadratic_negative,quadratic,quadratic_-0.50,-30.5,2026110218,18,quadratic|quadratic_negative|-30.5|2026110218,0,0.5,0.2277864042534868,34.058808592213964,0.23750448848752648,0.1362713939602301,0.13352157959163824,0.0564083820517216,0.01856989281186424,0.017828012216646184
quadratic_negative,quadratic,quadratic_-0.50,-30.5,2026110224,24,quadratic|quadratic_negative|-30.5|2026110224,1,0.5,0.2277864042534868,34.058808592213964,0.23750448848752648,0.1362713939602301,0.13352157959163824,0.5813994050766687,0.746027104891404,0.7507848530333697
quadratic_negative,quadratic,quadratic_-0.50,-30.5,2026110223,23,quadratic|quadratic_negative|-30.5|2026110223,0,0.5,0.2277864042534868,34.058808592213964,0.23750448848752648,0.1362713939602301,0.13352157959163824,0.0564083820517216,0.01856989281186424,0.017828012216646184
quadratic_negative,quadratic,quadratic_-0.50,-30.5,2026110221,21,quadratic|quadratic_negative|-30.5|2026110221,0,0.5,0.2277864042534868,34.058808592213964,0.23750448848752648,0.1362713939602301,0.13352157959163824,0.0564083820517216,0.01856989281186424,0.017828012216646184
quadratic_negative,quadratic,quadratic_-0.50,-30.5,2026110222,22,quadratic|quadratic_negative|-30.5|2026110222,0,0.5,0.2277864042534868,34.058808592213964,0.23750448848752648,0.1362713939602301,0.13352157959163824,0.0564083820517216,0.01856989281186424,0.017828012216646184
quadratic_negative,quadratic,quadratic_-0.50,-30.5,2026110225,25,quadratic|quadratic_negative|-30.5|2026110225,0,0.5,0.2277864042534868,34.058808592213964,0.23750448848752648,0.1362713939602301,0.13352157959163824,0.0564083820517216,0.01856989281186424,0.017828012216646184
quadratic_negative,quadratic,quadratic_-0.50,-30.5,2026110226,26,quadratic|quadratic_negative|-30.5|2026110226,0,0.5,0.2277864042534868,34.058808592213964,0.23750448848752648,0.1362713939602301,0.13352157959163824,0.0564083820517216,0.01856989281186424,0.017828012216646184
quadratic_negative,quadratic,quadratic_-0.50,-30.5,2026110227,27,quadratic|quadratic_negative|-30.5|2026110227,0,0.5,0.2277864042534868,34.058808592213964,0.23750448848752648,0.1362713939602301,0.13352157959163824,0.0564083820517216,0.01856989281186424,0.017828012216646184
quadratic_negative,quadratic,quadratic_-0.50,-30.5,2026110228,28,quadratic|quadratic_negative|-30.5|2026110228,0,0.5,0.2277864042534868,34.058808592213964,0.23750448848752648,0.1362713939602301,0.13352157959163824,0.0564083820517216,0.01856989281186424,0.017828012216646184
quadratic_negative,quadratic,quadratic_-0.50,-30.5,2026110232,32,quadratic|quadratic_negative|-30.5|2026110232,1,0.5,0.2277864042534868,34.058808592213964,0.23750448848752648,0.1362713939602301,0.13352157959163824,0.5813994050766687,0.746027104891404,0.7507848530333697
quadratic_negative,quadratic,quadratic_-0.50,-30.5,2026110229,29,quadratic|quadratic_negative|-30.5|2026110229,0,0.5,0.2277864042534868,34.058808592213964,0.23750448848752648,0.1362713939602301,0.13352157959163824,0.0564083820517216,0.01856989281186424,0.017828012216646184
quadratic_negative,quadratic,quadratic_-0.50,-30.5,2026110230,30,quadratic|quadratic_negative|-30.5|2026110230,0,0.5,0.2277864042534868,34.058808592213964,0.23750448848752648,0.1362713939602301,0.13352157959163824,0.0564083820517216,0.01856989281186424,0.017828012216646184
quadratic_negative,quadratic,quadratic_-0.50,-30.5,2026110231,31,quadratic|quadratic_negative|-30.5|2026110231,0,0.5,0.2277864042534868,34.058808592213964,0.23750448848752648,0.1362713939602301,0.13352157959163824,0.0564083820517216,0.01856989281186424,0.017828012216646184
quadratic_negative,quadratic,quadratic_-0.50,-30.5,2026110236,36,quadratic|quadratic_negative|-30.5|2026110236,0,0.5,0.2277864042534868,34.058808592213964,0.23750448848752648,0.1362713939602301,0.13352157959163824,0.0564083820517216,0.01856989281186424,0.017828012216646184
quadratic_negative,quadratic,quadratic_-0.50,-30.5,2026110233,33,quadratic|quadratic_negative|-30.5|2026110233,0,0.5,0.2277864042534868,34.058808592213964,0.23750448848752648,0.1362713939602301,0.13352157959163824,0.0564083820517216,0.01856989281186424,0.017828012216646184
quadratic_negative,quadratic,quadratic_-0.50,-30.5,2026110234,34,quadratic|quadratic_negative|-30.5|2026110234,0,0.5,0.2277864042534868,34.058808592213964,0.23750448848752648,0.1362713939602301,0.13352157959163824,0.0564083820517216,0.01856989281186424,0.017828012216646184
quadratic_negative,quadratic,quadratic_-0.50,-30.5,2026110239,39,quadratic|quadratic_negative|-30.5|2026110239,0,0.5,0.2277864042534868,34.058808592213964,0.23750448848752648,0.1362713939602301,0.13352157959163824,0.0564083820517216,0.01856989281186424,0.017828012216646184
quadratic_negative,quadratic,quadratic_-0.50,-30.5,2026110235,35,quadratic|quadratic_negative|-30.5|2026110235,0,0.5,0.2277864042534868,34.058808592213964,0.23750448848752648,0.1362713939602301,0.13352157959163824,0.0564083820517216,0.01856989281186424,0.017828012216646184
quadratic_negative,quadratic,quadratic_-0.50,-30.5,2026110237,37,quadratic|quadratic_negative|-30.5|2026110237,0,0.5,0.2277864042534868,34.058808592213964,0.23750448848752648,0.1362713939602301,0.13352157959163824,0.0564083820517216,0.01856989281186424,0.017828012216646184
quadratic_negative,quadratic,quadratic_-0.50,-30.5,2026110238,38,quadratic|quadratic_negative|-30.5|2026110238,0,0.5,0.2277864042534868,34.058808592213964,0.23750448848752648,0.1362713939602301,0.13352157959163824,0.0564083820517216,0.01856989281186424,0.017828012216646184
quadratic_negative,quadratic,quadratic_-0.50,-30.5,2026110240,40,quadratic|quadratic_negative|-30.5|2026110240,0,0.5,0.2277864042534868,34.058808592213964,0.23750448848752648,0.1362713939602301,0.13352157959163824,0.0564083820517216,0.01856989281186424,0.017828012216646184
quadratic_negative,quadratic,quadratic_-0.50,-30.5,2026110241,41,quadratic|quadratic_negative|-30.5|2026110241,0,0.5,0.2277864042534868,34.058808592213964,0.23750448848752648,0.1362713939602301,0.13352157959163824,0.0564083820517216,0.01856989281186424,0.017828012216646184
quadratic_negative,quadratic,quadratic_-0.50,-30.5,2026110242,42,quadratic|quadratic_negative|-30.5|2026110242,0,0.5,0.2277864042534868,34.058808592213964,0.23750448848752648,0.1362713939602301,0.13352157959163824,0.0564083820517216,0.01856989281186424,0.017828012216646184
quadratic_negative,quadratic,quadratic_-0.50,-30.5,2026110245,45,quadratic|quadratic_negative|-30.5|2026110245,1,0.5,0.2277864042534868,34.058808592213964,0.23750448848752648,0.1362713939602301,0.13352157959163824,0.5813994050766687,0.746027104891404,0.7507848530333697
quadratic_negative,quadratic,quadratic_-0.50,-30.5,2026110243,43,quadratic|quadratic_negative|-30.5|2026110243,0,0.5,0.2277864042534868,34.058808592213964,0.23750448848752648,0.1362713939602301,0.13352157959163824,0.0564083820517216,0.01856989281186424,0.017828012216646184
quadratic_negative,quadratic,quadratic_-0.50,-30.5,2026110244,44,quadratic|quadratic_negative|-30.5|2026110244,0,0.5,0.2277864042534868,34.058808592213964,0.23750448848752648,0.1362713939602301,0.13352157959163824,0.0564083820517216,0.01856989281186424,0.017828012216646184
quadratic_negative,quadratic,quadratic_-0.50,-30.5,2026110246,46,quadratic|quadratic_negative|-30.5|2026110246,0,0.5,0.2277864042534868,34.058808592213964,0.23750448848752648,0.1362713939602301,0.13352157959163824,0.0564083820517216,0.01856989281186424,0.017828012216646184
quadratic_negative,quadratic,quadratic_-0.50,-30.5,2026110247,47,quadratic|quadratic_negative|-30.5|2026110247,0,0.5,0.2277864042534868,34.058808592213964,0.23750448848752648,0.1362713939602301,0.13352157959163824,0.0564083820517216,0.01856989281186424,0.017828012216646184
quadratic_negative,quadratic,quadratic_-0.50,-30.5,2026110248,48,quadratic|quadratic_negative|-30.5|2026110248,0,0.5,0.2277864042534868,34.058808592213964,0.23750448848752648,0.1362713939602301,0.13352157959163824,0.0564083820517216,0.01856989281186424,0.017828012216646184
quadratic_negative,quadratic,quadratic_-0.50,-30.5,2026110249,49,quadratic|quadratic_negative|-30.5|2026110249,0,0.5,0.2277864042534868,34.058808592213964,0.23750448848752648,0.1362713939602301,0.13352157959163824,0.0564083820517216,0.01856989281186424,0.017828012216646184
quadratic_negative,quadratic,quadratic_-0.50,-30.5,2026110250,50,quadratic|quadratic_negative|-30.5|2026110250,0,0.5,0.2277864042534868,34.058808592213964,0.23750448848752648,0.1362713939602301,0.13352157959163824,0.0564083820517216,0.01856989281186424,0.017828012216646184
quadratic_negative,quadratic,quadratic_-0.50,-30.5,2026110251,51,quadratic|quadratic_negative|-30.5|2026110251,0,0.5,0.2277864042534868,34.058808592213964,0.23750448848752648,0.1362713939602301,0.13352157959163824,0.0564083820517216,0.01856989281186424,0.017828012216646184
quadratic_negative,quadratic,quadratic_-0.50,-30.5,2026110255,55,quadratic|quadratic_negative|-30.5|2026110255,1,0.5,0.2277864042534868,34.058808592213964,0.23750448848752648,0.1362713939602301,0.13352157959163824,0.5813994050766687,0.746027104891404,0.7507848530333697
quadratic_negative,quadratic,quadratic_-0.50,-30.5,2026110252,52,quadratic|quadratic_negative|-30.5|2026110252,0,0.5,0.2277864042534868,34.058808592213964,0.23750448848752648,0.1362713939602301,0.13352157959163824,0.0564083820517216,0.01856989281186424,0.017828012216646184
quadratic_negative,quadratic,quadratic_-0.50,-30.5,2026110253,53,quadratic|quadratic_negative|-30.5|2026110253,0,0.5,0.2277864042534868,34.058808592213964,0.23750448848752648,0.1362713939602301,0.13352157959163824,0.0564083820517216,0.01856989281186424,0.017828012216646184
quadratic_negative,quadratic,quadratic_-0.50,-30.5,2026110254,54,quadratic|quadratic_negative|-30.5|2026110254,0,0.5,0.2277864042534868,34.058808592213964,0.23750448848752648,0.1362713939602301,0.13352157959163824,0.0564083820517216,0.01856989281186424,0.017828012216646184
quadratic_negative,quadratic,quadratic_-0.50,-30.5,2026110256,56,quadratic|quadratic_negative|-30.5|2026110256,0,0.5,0.2277864042534868,34.058808592213964,0.23750448848752648,0.1362713939602301,0.13352157959163824,0.0564083820517216,0.01856989281186424,0.017828012216646184
quadratic_negative,quadratic,quadratic_-0.50,-30.5,2026110257,57,quadratic|quadratic_negative|-30.5|2026110257,0,0.5,0.2277864042534868,34.058808592213964,0.23750448848752648,0.1362713939602301,0.13352157959163824,0.0564083820517216,0.01856989281186424,0.017828012216646184
quadratic_negative,quadratic,quadratic_-0.50,-30.5,2026110259,59,quadratic|quadratic_negative|-30.5|2026110259,0,0.5,0.2277864042534868,34.058808592213964,0.23750448848752648,0.1362713939602301,0.13352157959163824,0.0564083820517216,0.01856989281186424,0.017828012216646184
quadratic_negative,quadratic,quadratic_-0.50,-30.5,2026110258,58,quadratic|quadratic_negative|-30.5|2026110258,0,0.5,0.2277864042534868,34.058808592213964,0.23750448848752648,0.1362713939602301,0.13352157959163824,0.0564083820517216,0.01856989281186424,0.017828012216646184
quadratic_negative,quadratic,quadratic_-0.50,-30.5,2026110260,60,quadratic|quadratic_negative|-30.5|2026110260,0,0.5,0.2277864042534868,34.058808592213964,0.23750448848752648,0.1362713939602301,0.13352157959163824,0.0564083820517216,0.01856989281186424,0.017828012216646184
quadratic_negative,quadratic,quadratic_-0.50,-30.5,2026110261,61,quadratic|quadratic_negative|-30.5|2026110261,0,0.5,0.2277864042534868,34.058808592213964,0.23750448848752648,0.1362713939602301,0.13352157959163824,0.0564083820517216,0.01856989281186424,0.017828012216646184
quadratic_negative,quadratic,quadratic_-0.50,-30.5,2026110262,62,quadratic|quadratic_negative|-30.5|2026110262,0,0.5,0.2277864042534868,34.058808592213964,0.23750448848752648,0.1362713939602301,0.13352157959163824,0.0564083820517216,0.01856989281186424,0.017828012216646184
quadratic_negative,quadratic,quadratic_-0.50,-30.5,2026110264,64,quadratic|quadratic_negative|-30.5|2026110264,1,0.5,0.2277864042534868,34.058808592213964,0.23750448848752648,0.1362713939602301,0.13352157959163824,0.5813994050766687,0.746027104891404,0.7507848530333697
quadratic_negative,quadratic,quadratic_-0.50,-30.5,2026110263,63,quadratic|quadratic_negative|-30.5|2026110263,0,0.5,0.2277864042534868,34.058808592213964,0.23750448848752648,0.1362713939602301,0.13352157959163824,0.0564083820517216,0.01856989281186424,0.017828012216646184
quadratic_negative,quadratic,quadratic_-0.50,-30.5,2026110265,65,quadratic|quadratic_negative|-30.5|2026110265,0,0.5,0.2277864042534868,34.058808592213964,0.23750448848752648,0.1362713939602301,0.13352157959163824,0.0564083820517216,0.01856989281186424,0.017828012216646184
quadratic_negative,quadratic,quadratic_-0.50,-30.5,2026110267,67,quadratic|quadratic_negative|-30.5|2026110267,0,0.5,0.2277864042534868,34.058808592213964,0.23750448848752648,0.1362713939602301,0.13352157959163824,0.0564083820517216,0.01856989281186424,0.017828012216646184
quadratic_negative,quadratic,quadratic_-0.50,-30.5,2026110266,66,quadratic|quadratic_negative|-30.5|2026110266,0,0.5,0.2277864042534868,34.058808592213964,0.23750448848752648,0.1362713939602301,0.13352157959163824,0.0564083820517216,0.01856989281186424,0.017828012216646184
quadratic_negative,quadratic,quadratic_-0.50,-30.5,2026110269,69,quadratic|quadratic_negative|-30.5|2026110269,0,0.5,0.2277864042534868,34.058808592213964,0.23750448848752648,0.1362713939602301,0.13352157959163824,0.0564083820517216,0.01856989281186424,0.017828012216646184
quadratic_negative,quadratic,quadratic_-0.50,-30.5,2026110268,68,quadratic|quadratic_negative|-30.5|2026110268,0,0.5,0.2277864042534868,34.058808592213964,0.23750448848752648,0.1362713939602301,0.13352157959163824,0.0564083820517216,0.01856989281186424,0.017828012216646184
quadratic_negative,quadratic,quadratic_-0.50,-30.5,2026110271,71,quadratic|quadratic_negative|-30.5|2026110271,1,0.5,0.2277864042534868,34.058808592213964,0.23750448848752648,0.1362713939602301,0.13352157959163824,0.5813994050766687,0.746027104891404,0.7507848530333697
quadratic_negative,quadratic,quadratic_-0.50,-30.5,2026110270,70,quadratic|quadratic_negative|-30.5|2026110270,0,0.5,0.2277864042534868,34.058808592213964,0.23750448848752648,0.1362713939602301,0.13352157959163824,0.0564083820517216,0.01856989281186424,0.017828012216646184
quadratic_negative,quadratic,quadratic_-0.50,-30.5,2026110272,72,quadratic|quadratic_negative|-30.5|2026110272,0,0.5,0.2277864042534868,34.058808592213964,0.23750448848752648,0.1362713939602301,0.13352157959163824,0.0564083820517216,0.01856989281186424,0.017828012216646184
quadratic_negative,quadratic,quadratic_-0.50,-30.5,2026110273,73,quadratic|quadratic_negative|-30.5|2026110273,0,0.5,0.2277864042534868,34.058808592213964,0.23750448848752648,0.1362713939602301,0.13352157959163824,0.0564083820517216,0.01856989281186424,0.017828012216646184
quadratic_negative,quadratic,quadratic_-0.50,-30.5,2026110277,77,quadratic|quadratic_negative|-30.5|2026110277,1,0.5,0.2277864042534868,34.058808592213964,0.23750448848752648,0.1362713939602301,0.13352157959163824,0.5813994050766687,0.746027104891404,0.7507848530333697
quadratic_negative,quadratic,quadratic_-0.50,-30.5,2026110274,74,quadratic|quadratic_negative|-30.5|2026110274,0,0.5,0.2277864042534868,34.058808592213964,0.23750448848752648,0.1362713939602301,0.13352157959163824,0.0564083820517216,0.01856989281186424,0.017828012216646184
quadratic_negative,quadratic,quadratic_-0.50,-30.5,2026110275,75,quadratic|quadratic_negative|-30.5|2026110275,0,0.5,0.2277864042534868,34.058808592213964,0.23750448848752648,0.1362713939602301,0.13352157959163824,0.0564083820517216,0.01856989281186424,0.017828012216646184
quadratic_negative,quadratic,quadratic_-0.50,-30.5,2026110276,76,quadratic|quadratic_negative|-30.5|2026110276,0,0.5,0.2277864042534868,34.058808592213964,0.23750448848752648,0.1362713939602301,0.13352157959163824,0.0564083820517216,0.01856989281186424,0.017828012216646184
quadratic_negative,quadratic,quadratic_-0.50,-30.5,2026110281,81,quadratic|quadratic_negative|-30.5|2026110281,0,0.5,0.2277864042534868,34.058808592213964,0.23750448848752648,0.1362713939602301,0.13352157959163824,0.0564083820517216,0.01856989281186424,0.017828012216646184
quadratic_negative,quadratic,quadratic_-0.50,-30.5,2026110278,78,quadratic|quadratic_negative|-30.5|2026110278,0,0.5,0.2277864042534868,34.058808592213964,0.23750448848752648,0.1362713939602301,0.13352157959163824,0.0564083820517216,0.01856989281186424,0.017828012216646184
quadratic_negative,quadratic,quadratic_-0.50,-30.5,2026110280,80,quadratic|quadratic_negative|-30.5|2026110280,1,0.5,0.2277864042534868,34.058808592213964,0.23750448848752648,0.1362713939602301,0.13352157959163824,0.5813994050766687,0.746027104891404,0.7507848530333697
quadratic_negative,quadratic,quadratic_-0.50,-30.5,2026110279,79,quadratic|quadratic_negative|-30.5|2026110279,0,0.5,0.2277864042534868,34.058808592213964,0.23750448848752648,0.1362713939602301,0.13352157959163824,0.0564083820517216,0.01856989281186424,0.017828012216646184
quadratic_negative,quadratic,quadratic_-0.50,-30.5,2026110283,83,quadratic|quadratic_negative|-30.5|2026110283,1,0.5,0.2277864042534868,34.058808592213964,0.23750448848752648,0.1362713939602301,0.13352157959163824,0.5813994050766687,0.746027104891404,0.7507848530333697
quadratic_negative,quadratic,quadratic_-0.50,-30.5,2026110282,82,quadratic|quadratic_negative|-30.5|2026110282,0,0.5,0.2277864042534868,34.058808592213964,0.23750448848752648,0.1362713939602301,0.13352157959163824,0.0564083820517216,0.01856989281186424,0.017828012216646184
quadratic_negative,quadratic,quadratic_-0.50,-30.5,2026110285,85,quadratic|quadratic_negative|-30.5|2026110285,0,0.5,0.2277864042534868,34.058808592213964,0.23750448848752648,0.1362713939602301,0.13352157959163824,0.0564083820517216,0.01856989281186424,0.017828012216646184
quadratic_negative,quadratic,quadratic_-0.50,-30.5,2026110286,86,quadratic|quadratic_negative|-30.5|2026110286,0,0.5,0.2277864042534868,34.058808592213964,0.23750448848752648,0.1362713939602301,0.13352157959163824,0.0564083820517216,0.01856989281186424,0.017828012216646184
quadratic_negative,quadratic,quadratic_-0.50,-30.5,2026110284,84,quadratic|quadratic_negative|-30.5|2026110284,0,0.5,0.2277864042534868,34.058808592213964,0.23750448848752648,0.1362713939602301,0.13352157959163824,0.0564083820517216,0.01856989281186424,0.017828012216646184
quadratic_negative,quadratic,quadratic_-0.50,-30.5,2026110287,87,quadratic|quadratic_negative|-30.5|2026110287,0,0.5,0.2277864042534868,34.058808592213964,0.23750448848752648,0.1362713939602301,0.13352157959163824,0.0564083820517216,0.01856989281186424,0.017828012216646184
quadratic_negative,quadratic,quadratic_-0.50,-30.5,2026110289,89,quadratic|quadratic_negative|-30.5|2026110289,0,0.5,0.2277864042534868,34.058808592213964,0.23750448848752648,0.1362713939602301,0.13352157959163824,0.0564083820517216,0.01856989281186424,0.017828012216646184
quadratic_negative,quadratic,quadratic_-0.50,-30.5,2026110288,88,quadratic|quadratic_negative|-30.5|2026110288,0,0.5,0.2277864042534868,34.058808592213964,0.23750448848752648,0.1362713939602301,0.13352157959163824,0.0564083820517216,0.01856989281186424,0.017828012216646184
quadratic_negative,quadratic,quadratic_-0.50,-30.5,2026110293,93,quadratic|quadratic_negative|-30.5|2026110293,1,0.5,0.2277864042534868,34.058808592213964,0.23750448848752648,0.1362713939602301,0.13352157959163824,0.5813994050766687,0.746027104891404,0.7507848530333697
quadratic_negative,quadratic,quadratic_-0.50,-30.5,2026110290,90,quadratic|quadratic_negative|-30.5|2026110290,0,0.5,0.2277864042534868,34.058808592213964,0.23750448848752648,0.1362713939602301,0.13352157959163824,0.0564083820517216,0.01856989281186424,0.017828012216646184
quadratic_negative,quadratic,quadratic_-0.50,-30.5,2026110294,94,quadratic|quadratic_negative|-30.5|2026110294,1,0.5,0.2277864042534868,34.058808592213964,0.23750448848752648,0.1362713939602301,0.13352157959163824,0.5813994050766687,0.746027104891404,0.7507848530333697
quadratic_negative,quadratic,quadratic_-0.50,-30.5,2026110291,91,quadratic|quadratic_negative|-30.5|2026110291,0,0.5,0.2277864042534868,34.058808592213964,0.23750448848752648,0.1362713939602301,0.13352157959163824,0.0564083820517216,0.01856989281186424,0.017828012216646184
quadratic_negative,quadratic,quadratic_-0.50,-30.5,2026110292,92,quadratic|quadratic_negative|-30.5|2026110292,0,0.5,0.2277864042534868,34.058808592213964,0.23750448848752648,0.1362713939602301,0.13352157959163824,0.0564083820517216,0.01856989281186424,0.017828012216646184
quadratic_negative,quadratic,quadratic_-0.50,-30.5,2026110295,95,quadratic|quadratic_negative|-30.5|2026110295,0,0.5,0.2277864042534868,34.058808592213964,0.23750448848752648,0.1362713939602301,0.13352157959163824,0.0564083820517216,0.01856989281186424,0.017828012216646184
quadratic_negative,quadratic,quadratic_-0.50,-30.5,2026110298,98,quadratic|quadratic_negative|-30.5|2026110298,1,0.5,0.2277864042534868,34.058808592213964,0.23750448848752648,0.1362713939602301,0.13352157959163824,0.5813994050766687,0.746027104891404,0.7507848530333697
quadratic_negative,quadratic,quadratic_-0.50,-30.5,2026110296,96,quadratic|quadratic_negative|-30.5|2026110296,0,0.5,0.2277864042534868,34.058808592213964,0.23750448848752648,0.1362713939602301,0.13352157959163824,0.0564083820517216,0.01856989281186424,0.017828012216646184
quadratic_negative,quadratic,quadratic_-0.50,-30.5,2026110297,97,quadratic|quadratic_negative|-30.5|2026110297,0,0.5,0.2277864042534868,34.058808592213964,0.23750448848752648,0.1362713939602301,0.13352157959163824,0.0564083820517216,0.01856989281186424,0.017828012216646184
quadratic_positive,quadratic,quadratic_+0.25,-31.0,2026120201,1,quadratic|quadratic_positive|-31.0|2026120201,1,0.25,0.1138932021267434,17.029404296106982,0.49906879254383024,0.4269125038253155,0.42486711525540727,0.25093207460349626,0.3284292782717691,0.33077783511463693
quadratic_negative,quadratic,quadratic_-0.50,-30.5,2026110299,99,quadratic|quadratic_negative|-30.5|2026110299,0,0.5,0.2277864042534868,34.058808592213964,0.23750448848752648,0.1362713939602301,0.13352157959163824,0.0564083820517216,0.01856989281186424,0.017828012216646184
quadratic_positive,quadratic,quadratic_+0.25,-31.0,2026120200,0,quadratic|quadratic_positive|-31.0|2026120200,0,0.25,0.1138932021267434,17.029404296106982,0.49906879254383024,0.4269125038253155,0.42486711525540727,0.24906965969115666,0.1822542859224,0.18051206562545152
quadratic_positive,quadratic,quadratic_+0.25,-31.0,2026120202,2,quadratic|quadratic_positive|-31.0|2026120202,1,0.25,0.1138932021267434,17.029404296106982,0.49906879254383024,0.4269125038253155,0.42486711525540727,0.25093207460349626,0.3284292782717691,0.33077783511463693
quadratic_positive,quadratic,quadratic_+0.25,-31.0,2026120205,5,quadratic|quadratic_positive|-31.0|2026120205,1,0.25,0.1138932021267434,17.029404296106982,0.49906879254383024,0.4269125038253155,0.42486711525540727,0.25093207460349626,0.3284292782717691,0.33077783511463693
quadratic_positive,quadratic,quadratic_+0.25,-31.0,2026120207,7,quadratic|quadratic_positive|-31.0|2026120207,1,0.25,0.1138932021267434,17.029404296106982,0.49906879254383024,0.4269125038253155,0.42486711525540727,0.25093207460349626,0.3284292782717691,0.33077783511463693
quadratic_positive,quadratic,quadratic_+0.25,-31.0,2026120203,3,quadratic|quadratic_positive|-31.0|2026120203,0,0.25,0.1138932021267434,17.029404296106982,0.49906879254383024,0.4269125038253155,0.42486711525540727,0.24906965969115666,0.1822542859224,0.18051206562545152
quadratic_positive,quadratic,quadratic_+0.25,-31.0,2026120204,4,quadratic|quadratic_positive|-31.0|2026120204,0,0.25,0.1138932021267434,17.029404296106982,0.49906879254383024,0.4269125038253155,0.42486711525540727,0.24906965969115666,0.1822542859224,0.18051206562545152
quadratic_positive,quadratic,quadratic_+0.25,-31.0,2026120206,6,quadratic|quadratic_positive|-31.0|2026120206,0,0.25,0.1138932021267434,17.029404296106982,0.49906879254383024,0.4269125038253155,0.42486711525540727,0.24906965969115666,0.1822542859224,0.18051206562545152
quadratic_positive,quadratic,quadratic_+0.25,-31.0,2026120208,8,quadratic|quadratic_positive|-31.0|2026120208,1,0.25,0.1138932021267434,17.029404296106982,0.49906879254383024,0.4269125038253155,0.42486711525540727,0.25093207460349626,0.3284292782717691,0.33077783511463693
quadratic_positive,quadratic,quadratic_+0.25,-31.0,2026120210,10,quadratic|quadratic_positive|-31.0|2026120210,1,0.25,0.1138932021267434,17.029404296106982,0.49906879254383024,0.4269125038253155,0.42486711525540727,0.25093207460349626,0.3284292782717691,0.33077783511463693
quadratic_positive,quadratic,quadratic_+0.25,-31.0,2026120209,9,quadratic|quadratic_positive|-31.0|2026120209,1,0.25,0.1138932021267434,17.029404296106982,0.49906879254383024,0.4269125038253155,0.42486711525540727,0.25093207460349626,0.3284292782717691,0.33077783511463693
quadratic_positive,quadratic,quadratic_+0.25,-31.0,2026120211,11,quadratic|quadratic_positive|-31.0|2026120211,1,0.25,0.1138932021267434,17.029404296106982,0.49906879254383024,0.4269125038253155,0.42486711525540727,0.25093207460349626,0.3284292782717691,0.33077783511463693
quadratic_positive,quadratic,quadratic_+0.25,-31.0,2026120212,12,quadratic|quadratic_positive|-31.0|2026120212,1,0.25,0.1138932021267434,17.029404296106982,0.49906879254383024,0.4269125038253155,0.42486711525540727,0.25093207460349626,0.3284292782717691,0.33077783511463693
quadratic_positive,quadratic,quadratic_+0.25,-31.0,2026120213,13,quadratic|quadratic_positive|-31.0|2026120213,1,0.25,0.1138932021267434,17.029404296106982,0.49906879254383024,0.4269125038253155,0.42486711525540727,0.25093207460349626,0.3284292782717691,0.33077783511463693
quadratic_positive,quadratic,quadratic_+0.25,-31.0,2026120215,15,quadratic|quadratic_positive|-31.0|2026120215,1,0.25,0.1138932021267434,17.029404296106982,0.49906879254383024,0.4269125038253155,0.42486711525540727,0.25093207460349626,0.3284292782717691,0.33077783511463693
quadratic_positive,quadratic,quadratic_+0.25,-31.0,2026120216,16,quadratic|quadratic_positive|-31.0|2026120216,1,0.25,0.1138932021267434,17.029404296106982,0.49906879254383024,0.4269125038253155,0.42486711525540727,0.25093207460349626,0.3284292782717691,0.33077783511463693
quadratic_positive,quadratic,quadratic_+0.25,-31.0,2026120214,14,quadratic|quadratic_positive|-31.0|2026120214,0,0.25,0.1138932021267434,17.029404296106982,0.49906879254383024,0.4269125038253155,0.42486711525540727,0.24906965969115666,0.1822542859224,0.18051206562545152
quadratic_positive,quadratic,quadratic_+0.25,-31.0,2026120218,18,quadratic|quadratic_positive|-31.0|2026120218,1,0.25,0.1138932021267434,17.029404296106982,0.49906879254383024,0.4269125038253155,0.42486711525540727,0.25093207460349626,0.3284292782717691,0.33077783511463693
quadratic_positive,quadratic,quadratic_+0.25,-31.0,2026120219,19,quadratic|quadratic_positive|-31.0|2026120219,1,0.25,0.1138932021267434,17.029404296106982,0.49906879254383024,0.4269125038253155,0.42486711525540727,0.25093207460349626,0.3284292782717691,0.33077783511463693
quadratic_positive,quadratic,quadratic_+0.25,-31.0,2026120220,20,quadratic|quadratic_positive|-31.0|2026120220,1,0.25,0.1138932021267434,17.029404296106982,0.49906879254383024,0.4269125038253155,0.42486711525540727,0.25093207460349626,0.3284292782717691,0.33077783511463693
quadratic_positive,quadratic,quadratic_+0.25,-31.0,2026120221,21,quadratic|quadratic_positive|-31.0|2026120221,1,0.25,0.1138932021267434,17.029404296106982,0.49906879254383024,0.4269125038253155,0.42486711525540727,0.25093207460349626,0.3284292782717691,0.33077783511463693
quadratic_positive,quadratic,quadratic_+0.25,-31.0,2026120217,17,quadratic|quadratic_positive|-31.0|2026120217,0,0.25,0.1138932021267434,17.029404296106982,0.49906879254383024,0.4269125038253155,0.42486711525540727,0.24906965969115666,0.1822542859224,0.18051206562545152
quadratic_positive,quadratic,quadratic_+0.25,-31.0,2026120224,24,quadratic|quadratic_positive|-31.0|2026120224,1,0.25,0.1138932021267434,17.029404296106982,0.49906879254383024,0.4269125038253155,0.42486711525540727,0.25093207460349626,0.3284292782717691,0.33077783511463693
quadratic_positive,quadratic,quadratic_+0.25,-31.0,2026120222,22,quadratic|quadratic_positive|-31.0|2026120222,0,0.25,0.1138932021267434,17.029404296106982,0.49906879254383024,0.4269125038253155,0.42486711525540727,0.24906965969115666,0.1822542859224,0.18051206562545152
quadratic_positive,quadratic,quadratic_+0.25,-31.0,2026120223,23,quadratic|quadratic_positive|-31.0|2026120223,0,0.25,0.1138932021267434,17.029404296106982,0.49906879254383024,0.4269125038253155,0.42486711525540727,0.24906965969115666,0.1822542859224,0.18051206562545152
quadratic_positive,quadratic,quadratic_+0.25,-31.0,2026120227,27,quadratic|quadratic_positive|-31.0|2026120227,1,0.25,0.1138932021267434,17.029404296106982,0.49906879254383024,0.4269125038253155,0.42486711525540727,0.25093207460349626,0.3284292782717691,0.33077783511463693
quadratic_positive,quadratic,quadratic_+0.25,-31.0,2026120225,25,quadratic|quadratic_positive|-31.0|2026120225,0,0.25,0.1138932021267434,17.029404296106982,0.49906879254383024,0.4269125038253155,0.42486711525540727,0.24906965969115666,0.1822542859224,0.18051206562545152
quadratic_positive,quadratic,quadratic_+0.25,-31.0,2026120229,29,quadratic|quadratic_positive|-31.0|2026120229,0,0.25,0.1138932021267434,17.029404296106982,0.49906879254383024,0.4269125038253155,0.42486711525540727,0.24906965969115666,0.1822542859224,0.18051206562545152
quadratic_positive,quadratic,quadratic_+0.25,-31.0,2026120228,28,quadratic|quadratic_positive|-31.0|2026120228,1,0.25,0.1138932021267434,17.029404296106982,0.49906879254383024,0.4269125038253155,0.42486711525540727,0.25093207460349626,0.3284292782717691,0.33077783511463693
quadratic_positive,quadratic,quadratic_+0.25,-31.0,2026120226,26,quadratic|quadratic_positive|-31.0|2026120226,0,0.25,0.1138932021267434,17.029404296106982,0.49906879254383024,0.4269125038253155,0.42486711525540727,0.24906965969115666,0.1822542859224,0.18051206562545152
quadratic_positive,quadratic,quadratic_+0.25,-31.0,2026120230,30,quadratic|quadratic_positive|-31.0|2026120230,0,0.25,0.1138932021267434,17.029404296106982,0.49906879254383024,0.4269125038253155,0.42486711525540727,0.24906965969115666,0.1822542859224,0.18051206562545152
quadratic_positive,quadratic,quadratic_+0.25,-31.0,2026120231,31,quadratic|quadratic_positive|-31.0|2026120231,0,0.25,0.1138932021267434,17.029404296106982,0.49906879254383024,0.4269125038253155,0.42486711525540727,0.24906965969115666,0.1822542859224,0.18051206562545152
quadratic_positive,quadratic,quadratic_+0.25,-31.0,2026120232,32,quadratic|quadratic_positive|-31.0|2026120232,0,0.25,0.1138932021267434,17.029404296106982,0.49906879254383024,0.4269125038253155,0.42486711525540727,0.24906965969115666,0.1822542859224,0.18051206562545152
quadratic_positive,quadratic,quadratic_+0.25,-31.0,2026120233,33,quadratic|quadratic_positive|-31.0|2026120233,0,0.25,0.1138932021267434,17.029404296106982,0.49906879254383024,0.4269125038253155,0.42486711525540727,0.24906965969115666,0.1822542859224,0.18051206562545152
quadratic_positive,quadratic,quadratic_+0.25,-31.0,2026120234,34,quadratic|quadratic_positive|-31.0|2026120234,1,0.25,0.1138932021267434,17.029404296106982,0.49906879254383024,0.4269125038253155,0.42486711525540727,0.25093207460349626,0.3284292782717691,0.33077783511463693
quadratic_positive,quadratic,quadratic_+0.25,-31.0,2026120236,36,quadratic|quadratic_positive|-31.0|2026120236,0,0.25,0.1138932021267434,17.029404296106982,0.49906879254383024,0.4269125038253155,0.42486711525540727,0.24906965969115666,0.1822542859224,0.18051206562545152
quadratic_positive,quadratic,quadratic_+0.25,-31.0,2026120237,37,quadratic|quadratic_positive|-31.0|2026120237,1,0.25,0.1138932021267434,17.029404296106982,0.49906879254383024,0.4269125038253155,0.42486711525540727,0.25093207460349626,0.3284292782717691,0.33077783511463693
quadratic_positive,quadratic,quadratic_+0.25,-31.0,2026120235,35,quadratic|quadratic_positive|-31.0|2026120235,0,0.25,0.1138932021267434,17.029404296106982,0.49906879254383024,0.4269125038253155,0.42486711525540727,0.24906965969115666,0.1822542859224,0.18051206562545152
quadratic_positive,quadratic,quadratic_+0.25,-31.0,2026120239,39,quadratic|quadratic_positive|-31.0|2026120239,1,0.25,0.1138932021267434,17.029404296106982,0.49906879254383024,0.4269125038253155,0.42486711525540727,0.25093207460349626,0.3284292782717691,0.33077783511463693
quadratic_positive,quadratic,quadratic_+0.25,-31.0,2026120238,38,quadratic|quadratic_positive|-31.0|2026120238,0,0.25,0.1138932021267434,17.029404296106982,0.49906879254383024,0.4269125038253155,0.42486711525540727,0.24906965969115666,0.1822542859224,0.18051206562545152
quadratic_positive,quadratic,quadratic_+0.25,-31.0,2026120242,42,quadratic|quadratic_positive|-31.0|2026120242,1,0.25,0.1138932021267434,17.029404296106982,0.49906879254383024,0.4269125038253155,0.42486711525540727,0.25093207460349626,0.3284292782717691,0.33077783511463693
quadratic_positive,quadratic,quadratic_+0.25,-31.0,2026120241,41,quadratic|quadratic_positive|-31.0|2026120241,0,0.25,0.1138932021267434,17.029404296106982,0.49906879254383024,0.4269125038253155,0.42486711525540727,0.24906965969115666,0.1822542859224,0.18051206562545152
quadratic_positive,quadratic,quadratic_+0.25,-31.0,2026120240,40,quadratic|quadratic_positive|-31.0|2026120240,0,0.25,0.1138932021267434,17.029404296106982,0.49906879254383024,0.4269125038253155,0.42486711525540727,0.24906965969115666,0.1822542859224,0.18051206562545152
quadratic_positive,quadratic,quadratic_+0.25,-31.0,2026120244,44,quadratic|quadratic_positive|-31.0|2026120244,1,0.25,0.1138932021267434,17.029404296106982,0.49906879254383024,0.4269125038253155,0.42486711525540727,0.25093207460349626,0.3284292782717691,0.33077783511463693
quadratic_positive,quadratic,quadratic_+0.25,-31.0,2026120243,43,quadratic|quadratic_positive|-31.0|2026120243,1,0.25,0.1138932021267434,17.029404296106982,0.49906879254383024,0.4269125038253155,0.42486711525540727,0.25093207460349626,0.3284292782717691,0.33077783511463693
quadratic_positive,quadratic,quadratic_+0.25,-31.0,2026120247,47,quadratic|quadratic_positive|-31.0|2026120247,1,0.25,0.1138932021267434,17.029404296106982,0.49906879254383024,0.4269125038253155,0.42486711525540727,0.25093207460349626,0.3284292782717691,0.33077783511463693
quadratic_positive,quadratic,quadratic_+0.25,-31.0,2026120245,45,quadratic|quadratic_positive|-31.0|2026120245,0,0.25,0.1138932021267434,17.029404296106982,0.49906879254383024,0.4269125038253155,0.42486711525540727,0.24906965969115666,0.1822542859224,0.18051206562545152
quadratic_positive,quadratic,quadratic_+0.25,-31.0,2026120250,50,quadratic|quadratic_positive|-31.0|2026120250,1,0.25,0.1138932021267434,17.029404296106982,0.49906879254383024,0.4269125038253155,0.42486711525540727,0.25093207460349626,0.3284292782717691,0.33077783511463693
quadratic_positive,quadratic,quadratic_+0.25,-31.0,2026120246,46,quadratic|quadratic_positive|-31.0|2026120246,0,0.25,0.1138932021267434,17.029404296106982,0.49906879254383024,0.4269125038253155,0.42486711525540727,0.24906965969115666,0.1822542859224,0.18051206562545152
quadratic_positive,quadratic,quadratic_+0.25,-31.0,2026120248,48,quadratic|quadratic_positive|-31.0|2026120248,0,0.25,0.1138932021267434,17.029404296106982,0.49906879254383024,0.4269125038253155,0.42486711525540727,0.24906965969115666,0.1822542859224,0.18051206562545152
quadratic_positive,quadratic,quadratic_+0.25,-31.0,2026120249,49,quadratic|quadratic_positive|-31.0|2026120249,1,0.25,0.1138932021267434,17.029404296106982,0.49906879254383024,0.4269125038253155,0.42486711525540727,0.25093207460349626,0.3284292782717691,0.33077783511463693
quadratic_positive,quadratic,quadratic_+0.25,-31.0,2026120251,51,quadratic|quadratic_positive|-31.0|2026120251,1,0.25,0.1138932021267434,17.029404296106982,0.49906879254383024,0.4269125038253155,0.42486711525540727,0.25093207460349626,0.3284292782717691,0.33077783511463693
quadratic_positive,quadratic,quadratic_+0.25,-31.0,2026120252,52,quadratic|quadratic_positive|-31.0|2026120252,1,0.25,0.1138932021267434,17.029404296106982,0.49906879254383024,0.4269125038253155,0.42486711525540727,0.25093207460349626,0.3284292782717691,0.33077783511463693
quadratic_positive,quadratic,quadratic_+0.25,-31.0,2026120254,54,quadratic|quadratic_positive|-31.0|2026120254,1,0.25,0.1138932021267434,17.029404296106982,0.49906879254383024,0.4269125038253155,0.42486711525540727,0.25093207460349626,0.3284292782717691,0.33077783511463693
quadratic_positive,quadratic,quadratic_+0.25,-31.0,2026120253,53,quadratic|quadratic_positive|-31.0|2026120253,0,0.25,0.1138932021267434,17.029404296106982,0.49906879254383024,0.4269125038253155,0.42486711525540727,0.24906965969115666,0.1822542859224,0.18051206562545152
quadratic_positive,quadratic,quadratic_+0.25,-31.0,2026120255,55,quadratic|quadratic_positive|-31.0|2026120255,0,0.25,0.1138932021267434,17.029404296106982,0.49906879254383024,0.4269125038253155,0.42486711525540727,0.24906965969115666,0.1822542859224,0.18051206562545152
quadratic_positive,quadratic,quadratic_+0.25,-31.0,2026120256,56,quadratic|quadratic_positive|-31.0|2026120256,0,0.25,0.1138932021267434,17.029404296106982,0.49906879254383024,0.4269125038253155,0.42486711525540727,0.24906965969115666,0.1822542859224,0.18051206562545152
quadratic_positive,quadratic,quadratic_+0.25,-31.0,2026120257,57,quadratic|quadratic_positive|-31.0|2026120257,0,0.25,0.1138932021267434,17.029404296106982,0.49906879254383024,0.4269125038253155,0.42486711525540727,0.24906965969115666,0.1822542859224,0.18051206562545152
quadratic_positive,quadratic,quadratic_+0.25,-31.0,2026120260,60,quadratic|quadratic_positive|-31.0|2026120260,1,0.25,0.1138932021267434,17.029404296106982,0.49906879254383024,0.4269125038253155,0.42486711525540727,0.25093207460349626,0.3284292782717691,0.33077783511463693
quadratic_positive,quadratic,quadratic_+0.25,-31.0,2026120261,61,quadratic|quadratic_positive|-31.0|2026120261,1,0.25,0.1138932021267434,17.029404296106982,0.49906879254383024,0.4269125038253155,0.42486711525540727,0.25093207460349626,0.3284292782717691,0.33077783511463693
quadratic_positive,quadratic,quadratic_+0.25,-31.0,2026120258,58,quadratic|quadratic_positive|-31.0|2026120258,0,0.25,0.1138932021267434,17.029404296106982,0.49906879254383024,0.4269125038253155,0.42486711525540727,0.24906965969115666,0.1822542859224,0.18051206562545152
quadratic_positive,quadratic,quadratic_+0.25,-31.0,2026120263,63,quadratic|quadratic_positive|-31.0|2026120263,0,0.25,0.1138932021267434,17.029404296106982,0.49906879254383024,0.4269125038253155,0.42486711525540727,0.24906965969115666,0.1822542859224,0.18051206562545152
quadratic_positive,quadratic,quadratic_+0.25,-31.0,2026120259,59,quadratic|quadratic_positive|-31.0|2026120259,0,0.25,0.1138932021267434,17.029404296106982,0.49906879254383024,0.4269125038253155,0.42486711525540727,0.24906965969115666,0.1822542859224,0.18051206562545152
quadratic_positive,quadratic,quadratic_+0.25,-31.0,2026120264,64,quadratic|quadratic_positive|-31.0|2026120264,1,0.25,0.1138932021267434,17.029404296106982,0.49906879254383024,0.4269125038253155,0.42486711525540727,0.25093207460349626,0.3284292782717691,0.33077783511463693
quadratic_positive,quadratic,quadratic_+0.25,-31.0,2026120262,62,quadratic|quadratic_positive|-31.0|2026120262,1,0.25,0.1138932021267434,17.029404296106982,0.49906879254383024,0.4269125038253155,0.42486711525540727,0.25093207460349626,0.3284292782717691,0.33077783511463693
quadratic_positive,quadratic,quadratic_+0.25,-31.0,2026120265,65,quadratic|quadratic_positive|-31.0|2026120265,0,0.25,0.1138932021267434,17.029404296106982,0.49906879254383024,0.4269125038253155,0.42486711525540727,0.24906965969115666,0.1822542859224,0.18051206562545152
quadratic_positive,quadratic,quadratic_+0.25,-31.0,2026120266,66,quadratic|quadratic_positive|-31.0|2026120266,0,0.25,0.1138932021267434,17.029404296106982,0.49906879254383024,0.4269125038253155,0.42486711525540727,0.24906965969115666,0.1822542859224,0.18051206562545152
quadratic_positive,quadratic,quadratic_+0.25,-31.0,2026120267,67,quadratic|quadratic_positive|-31.0|2026120267,0,0.25,0.1138932021267434,17.029404296106982,0.49906879254383024,0.4269125038253155,0.42486711525540727,0.24906965969115666,0.1822542859224,0.18051206562545152
quadratic_positive,quadratic,quadratic_+0.25,-31.0,2026120268,68,quadratic|quadratic_positive|-31.0|2026120268,0,0.25,0.1138932021267434,17.029404296106982,0.49906879254383024,0.4269125038253155,0.42486711525540727,0.24906965969115666,0.1822542859224,0.18051206562545152
quadratic_positive,quadratic,quadratic_+0.25,-31.0,2026120269,69,quadratic|quadratic_positive|-31.0|2026120269,1,0.25,0.1138932021267434,17.029404296106982,0.49906879254383024,0.4269125038253155,0.42486711525540727,0.25093207460349626,0.3284292782717691,0.33077783511463693
quadratic_positive,quadratic,quadratic_+0.25,-31.0,2026120272,72,quadratic|quadratic_positive|-31.0|2026120272,1,0.25,0.1138932021267434,17.029404296106982,0.49906879254383024,0.4269125038253155,0.42486711525540727,0.25093207460349626,0.3284292782717691,0.33077783511463693
quadratic_positive,quadratic,quadratic_+0.25,-31.0,2026120270,70,quadratic|quadratic_positive|-31.0|2026120270,1,0.25,0.1138932021267434,17.029404296106982,0.49906879254383024,0.4269125038253155,0.42486711525540727,0.25093207460349626,0.3284292782717691,0.33077783511463693
quadratic_positive,quadratic,quadratic_+0.25,-31.0,2026120274,74,quadratic|quadratic_positive|-31.0|2026120274,0,0.25,0.1138932021267434,17.029404296106982,0.49906879254383024,0.4269125038253155,0.42486711525540727,0.24906965969115666,0.1822542859224,0.18051206562545152
quadratic_positive,quadratic,quadratic_+0.25,-31.0,2026120271,71,quadratic|quadratic_positive|-31.0|2026120271,0,0.25,0.1138932021267434,17.029404296106982,0.49906879254383024,0.4269125038253155,0.42486711525540727,0.24906965969115666,0.1822542859224,0.18051206562545152
quadratic_positive,quadratic,quadratic_+0.25,-31.0,2026120273,73,quadratic|quadratic_positive|-31.0|2026120273,0,0.25,0.1138932021267434,17.029404296106982,0.49906879254383024,0.4269125038253155,0.42486711525540727,0.24906965969115666,0.1822542859224,0.18051206562545152
quadratic_positive,quadratic,quadratic_+0.25,-31.0,2026120276,76,quadratic|quadratic_positive|-31.0|2026120276,0,0.25,0.1138932021267434,17.029404296106982,0.49906879254383024,0.4269125038253155,0.42486711525540727,0.24906965969115666,0.1822542859224,0.18051206562545152
quadratic_positive,quadratic,quadratic_+0.25,-31.0,2026120275,75,quadratic|quadratic_positive|-31.0|2026120275,1,0.25,0.1138932021267434,17.029404296106982,0.49906879254383024,0.4269125038253155,0.42486711525540727,0.25093207460349626,0.3284292782717691,0.33077783511463693
quadratic_positive,quadratic,quadratic_+0.25,-31.0,2026120278,78,quadratic|quadratic_positive|-31.0|2026120278,0,0.25,0.1138932021267434,17.029404296106982,0.49906879254383024,0.4269125038253155,0.42486711525540727,0.24906965969115666,0.1822542859224,0.18051206562545152
quadratic_positive,quadratic,quadratic_+0.25,-31.0,2026120277,77,quadratic|quadratic_positive|-31.0|2026120277,0,0.25,0.1138932021267434,17.029404296106982,0.49906879254383024,0.4269125038253155,0.42486711525540727,0.24906965969115666,0.1822542859224,0.18051206562545152
quadratic_positive,quadratic,quadratic_+0.25,-31.0,2026120279,79,quadratic|quadratic_positive|-31.0|2026120279,1,0.25,0.1138932021267434,17.029404296106982,0.49906879254383024,0.4269125038253155,0.42486711525540727,0.25093207460349626,0.3284292782717691,0.33077783511463693
quadratic_positive,quadratic,quadratic_+0.25,-31.0,2026120280,80,quadratic|quadratic_positive|-31.0|2026120280,1,0.25,0.1138932021267434,17.029404296106982,0.49906879254383024,0.4269125038253155,0.42486711525540727,0.25093207460349626,0.3284292782717691,0.33077783511463693
quadratic_positive,quadratic,quadratic_+0.25,-31.0,2026120282,82,quadratic|quadratic_positive|-31.0|2026120282,1,0.25,0.1138932021267434,17.029404296106982,0.49906879254383024,0.4269125038253155,0.42486711525540727,0.25093207460349626,0.3284292782717691,0.33077783511463693
quadratic_positive,quadratic,quadratic_+0.25,-31.0,2026120284,84,quadratic|quadratic_positive|-31.0|2026120284,0,0.25,0.1138932021267434,17.029404296106982,0.49906879254383024,0.4269125038253155,0.42486711525540727,0.24906965969115666,0.1822542859224,0.18051206562545152
quadratic_positive,quadratic,quadratic_+0.25,-31.0,2026120283,83,quadratic|quadratic_positive|-31.0|2026120283,1,0.25,0.1138932021267434,17.029404296106982,0.49906879254383024,0.4269125038253155,0.42486711525540727,0.25093207460349626,0.3284292782717691,0.33077783511463693
quadratic_positive,quadratic,quadratic_+0.25,-31.0,2026120287,87,quadratic|quadratic_positive|-31.0|2026120287,1,0.25,0.1138932021267434,17.029404296106982,0.49906879254383024,0.4269125038253155,0.42486711525540727,0.25093207460349626,0.3284292782717691,0.33077783511463693
quadratic_positive,quadratic,quadratic_+0.25,-31.0,2026120281,81,quadratic|quadratic_positive|-31.0|2026120281,0,0.25,0.1138932021267434,17.029404296106982,0.49906879254383024,0.4269125038253155,0.42486711525540727,0.24906965969115666,0.1822542859224,0.18051206562545152
quadratic_positive,quadratic,quadratic_+0.25,-31.0,2026120285,85,quadratic|quadratic_positive|-31.0|2026120285,0,0.25,0.1138932021267434,17.029404296106982,0.49906879254383024,0.4269125038253155,0.42486711525540727,0.24906965969115666,0.1822542859224,0.18051206562545152
quadratic_positive,quadratic,quadratic_+0.25,-31.0,2026120286,86,quadratic|quadratic_positive|-31.0|2026120286,0,0.25,0.1138932021267434,17.029404296106982,0.49906879254383024,0.4269125038253155,0.42486711525540727,0.24906965969115666,0.1822542859224,0.18051206562545152
quadratic_positive,quadratic,quadratic_+0.25,-31.0,2026120288,88,quadratic|quadratic_positive|-31.0|2026120288,0,0.25,0.1138932021267434,17.029404296106982,0.49906879254383024,0.4269125038253155,0.42486711525540727,0.24906965969115666,0.1822542859224,0.18051206562545152
quadratic_positive,quadratic,quadratic_+0.25,-31.0,2026120291,91,quadratic|quadratic_positive|-31.0|2026120291,1,0.25,0.1138932021267434,17.029404296106982,0.49906879254383024,0.4269125038253155,0.42486711525540727,0.25093207460349626,0.3284292782717691,0.33077783511463693
quadratic_positive,quadratic,quadratic_+0.25,-31.0,2026120290,90,quadratic|quadratic_positive|-31.0|2026120290,0,0.25,0.1138932021267434,17.029404296106982,0.49906879254383024,0.4269125038253155,0.42486711525540727,0.24906965969115666,0.1822542859224,0.18051206562545152
quadratic_positive,quadratic,quadratic_+0.25,-31.0,2026120289,89,quadratic|quadratic_positive|-31.0|2026120289,0,0.25,0.1138932021267434,17.029404296106982,0.49906879254383024,0.4269125038253155,0.42486711525540727,0.24906965969115666,0.1822542859224,0.18051206562545152
quadratic_positive,quadratic,quadratic_+0.25,-31.0,2026120294,94,quadratic|quadratic_positive|-31.0|2026120294,0,0.25,0.1138932021267434,17.029404296106982,0.49906879254383024,0.4269125038253155,0.42486711525540727,0.24906965969115666,0.1822542859224,0.18051206562545152
quadratic_positive,quadratic,quadratic_+0.25,-31.0,2026120292,92,quadratic|quadratic_positive|-31.0|2026120292,1,0.25,0.1138932021267434,17.029404296106982,0.49906879254383024,0.4269125038253155,0.42486711525540727,0.25093207460349626,0.3284292782717691,0.33077783511463693
quadratic_positive,quadratic,quadratic_+0.25,-31.0,2026120293,93,quadratic|quadratic_positive|-31.0|2026120293,1,0.25,0.1138932021267434,17.029404296106982,0.49906879254383024,0.4269125038253155,0.42486711525540727,0.25093207460349626,0.3284292782717691,0.33077783511463693
quadratic_positive,quadratic,quadratic_+0.25,-31.0,2026120298,98,quadratic|quadratic_positive|-31.0|2026120298,1,0.25,0.1138932021267434,17.029404296106982,0.49906879254383024,0.4269125038253155,0.42486711525540727,0.25093207460349626,0.3284292782717691,0.33077783511463693
quadratic_positive,quadratic,quadratic_+0.25,-31.0,2026120295,95,quadratic|quadratic_positive|-31.0|2026120295,0,0.25,0.1138932021267434,17.029404296106982,0.49906879254383024,0.4269125038253155,0.42486711525540727,0.24906965969115666,0.1822542859224,0.18051206562545152
quadratic_positive,quadratic,quadratic_+0.25,-31.0,2026120296,96,quadratic|quadratic_positive|-31.0|2026120296,0,0.25,0.1138932021267434,17.029404296106982,0.49906879254383024,0.4269125038253155,0.42486711525540727,0.24906965969115666,0.1822542859224,0.18051206562545152
quadratic_positive,quadratic,quadratic_+0.25,-31.0,2026120297,97,quadratic|quadratic_positive|-31.0|2026120297,0,0.25,0.1138932021267434,17.029404296106982,0.49906879254383024,0.4269125038253155,0.42486711525540727,0.24906965969115666,0.1822542859224,0.18051206562545152
quadratic_positive,quadratic,quadratic_+0.25,-31.0,2026120299,99,quadratic|quadratic_positive|-31.0|2026120299,1,0.25,0.1138932021267434,17.029404296106982,0.49906879254383024,0.4269125038253155,0.42486711525540727,0.25093207460349626,0.3284292782717691,0.33077783511463693
quadratic_negative,quadratic,quadratic_-0.25,-31.0,2026120200,0,quadratic|quadratic_negative|-31.0|2026120200,1,0.25,0.1138932021267434,17.029404296106982,0.49648787708188175,0.4151665029546683,0.4123986886524077,0.25352445792551026,0.34203021926627203,0.3452753010974101
quadratic_negative,quadratic,quadratic_-0.25,-31.0,2026120202,2,quadratic|quadratic_negative|-31.0|2026120202,1,0.25,0.1138932021267434,17.029404296106982,0.49648787708188175,0.4151665029546683,0.4123986886524077,0.25352445792551026,0.34203021926627203,0.3452753010974101
quadratic_negative,quadratic,quadratic_-0.25,-31.0,2026120201,1,quadratic|quadratic_negative|-31.0|2026120201,0,0.25,0.1138932021267434,17.029404296106982,0.49648787708188175,0.4151665029546683,0.4123986886524077,0.24650021208927372,0.1723632251756086,0.1700726784022255
quadratic_negative,quadratic,quadratic_-0.25,-31.0,2026120203,3,quadratic|quadratic_negative|-31.0|2026120203,0,0.25,0.1138932021267434,17.029404296106982,0.49648787708188175,0.4151665029546683,0.4123986886524077,0.24650021208927372,0.1723632251756086,0.1700726784022255
quadratic_negative,quadratic,quadratic_-0.25,-31.0,2026120207,7,quadratic|quadratic_negative|-31.0|2026120207,1,0.25,0.1138932021267434,17.029404296106982,0.49648787708188175,0.4151665029546683,0.4123986886524077,0.25352445792551026,0.34203021926627203,0.3452753010974101
quadratic_negative,quadratic,quadratic_-0.25,-31.0,2026120204,4,quadratic|quadratic_negative|-31.0|2026120204,0,0.25,0.1138932021267434,17.029404296106982,0.49648787708188175,0.4151665029546683,0.4123986886524077,0.24650021208927372,0.1723632251756086,0.1700726784022255
quadratic_negative,quadratic,quadratic_-0.25,-31.0,2026120206,6,quadratic|quadratic_negative|-31.0|2026120206,0,0.25,0.1138932021267434,17.029404296106982,0.49648787708188175,0.4151665029546683,0.4123986886524077,0.24650021208927372,0.1723632251756086,0.1700726784022255
quadratic_negative,quadratic,quadratic_-0.25,-31.0,2026120205,5,quadratic|quadratic_negative|-31.0|2026120205,0,0.25,0.1138932021267434,17.029404296106982,0.49648787708188175,0.4151665029546683,0.4123986886524077,0.24650021208927372,0.1723632251756086,0.1700726784022255
quadratic_negative,quadratic,quadratic_-0.25,-31.0,2026120208,8,quadratic|quadratic_negative|-31.0|2026120208,0,0.25,0.1138932021267434,17.029404296106982,0.49648787708188175,0.4151665029546683,0.4123986886524077,0.24650021208927372,0.1723632251756086,0.1700726784022255
quadratic_negative,quadratic,quadratic_-0.25,-31.0,2026120210,10,quadratic|quadratic_negative|-31.0|2026120210,1,0.25,0.1138932021267434,17.029404296106982,0.49648787708188175,0.4151665029546683,0.4123986886524077,0.25352445792551026,0.34203021926627203,0.3452753010974101
quadratic_negative,quadratic,quadratic_-0.25,-31.0,2026120209,9,quadratic|quadratic_negative|-31.0|2026120209,0,0.25,0.1138932021267434,17.029404296106982,0.49648787708188175,0.4151665029546683,0.4123986886524077,0.24650021208927372,0.1723632251756086,0.1700726784022255
quadratic_negative,quadratic,quadratic_-0.25,-31.0,2026120211,11,quadratic|quadratic_negative|-31.0|2026120211,0,0.25,0.1138932021267434,17.029404296106982,0.49648787708188175,0.4151665029546683,0.4123986886524077,0.24650021208927372,0.1723632251756086,0.1700726784022255
quadratic_negative,quadratic,quadratic_-0.25,-31.0,2026120212,12,quadratic|quadratic_negative|-31.0|2026120212,1,0.25,0.1138932021267434,17.029404296106982,0.49648787708188175,0.4151665029546683,0.4123986886524077,0.25352445792551026,0.34203021926627203,0.3452753010974101
quadratic_negative,quadratic,quadratic_-0.25,-31.0,2026120213,13,quadratic|quadratic_negative|-31.0|2026120213,1,0.25,0.1138932021267434,17.029404296106982,0.49648787708188175,0.4151665029546683,0.4123986886524077,0.25352445792551026,0.34203021926627203,0.3452753010974101
quadratic_negative,quadratic,quadratic_-0.25,-31.0,2026120214,14,quadratic|quadratic_negative|-31.0|2026120214,1,0.25,0.1138932021267434,17.029404296106982,0.49648787708188175,0.4151665029546683,0.4123986886524077,0.25352445792551026,0.34203021926627203,0.3452753010974101
quadratic_negative,quadratic,quadratic_-0.25,-31.0,2026120215,15,quadratic|quadratic_negative|-31.0|2026120215,1,0.25,0.1138932021267434,17.029404296106982,0.49648787708188175,0.4151665029546683,0.4123986886524077,0.25352445792551026,0.34203021926627203,0.3452753010974101
quadratic_negative,quadratic,quadratic_-0.25,-31.0,2026120218,18,quadratic|quadratic_negative|-31.0|2026120218,1,0.25,0.1138932021267434,17.029404296106982,0.49648787708188175,0.4151665029546683,0.4123986886524077,0.25352445792551026,0.34203021926627203,0.3452753010974101
quadratic_negative,quadratic,quadratic_-0.25,-31.0,2026120217,17,quadratic|quadratic_negative|-31.0|2026120217,1,0.25,0.1138932021267434,17.029404296106982,0.49648787708188175,0.4151665029546683,0.4123986886524077,0.25352445792551026,0.34203021926627203,0.3452753010974101
quadratic_negative,quadratic,quadratic_-0.25,-31.0,2026120216,16,quadratic|quadratic_negative|-31.0|2026120216,1,0.25,0.1138932021267434,17.029404296106982,0.49648787708188175,0.4151665029546683,0.4123986886524077,0.25352445792551026,0.34203021926627203,0.3452753010974101
quadratic_negative,quadratic,quadratic_-0.25,-31.0,2026120221,21,quadratic|quadratic_negative|-31.0|2026120221,1,0.25,0.1138932021267434,17.029404296106982,0.49648787708188175,0.4151665029546683,0.4123986886524077,0.25352445792551026,0.34203021926627203,0.3452753010974101
quadratic_negative,quadratic,quadratic_-0.25,-31.0,2026120219,19,quadratic|quadratic_negative|-31.0|2026120219,1,0.25,0.1138932021267434,17.029404296106982,0.49648787708188175,0.4151665029546683,0.4123986886524077,0.25352445792551026,0.34203021926627203,0.3452753010974101
quadratic_negative,quadratic,quadratic_-0.25,-31.0,2026120220,20,quadratic|quadratic_negative|-31.0|2026120220,1,0.25,0.1138932021267434,17.029404296106982,0.49648787708188175,0.4151665029546683,0.4123986886524077,0.25352445792551026,0.34203021926627203,0.3452753010974101
quadratic_negative,quadratic,quadratic_-0.25,-31.0,2026120222,22,quadratic|quadratic_negative|-31.0|2026120222,0,0.25,0.1138932021267434,17.029404296106982,0.49648787708188175,0.4151665029546683,0.4123986886524077,0.24650021208927372,0.1723632251756086,0.1700726784022255
quadratic_negative,quadratic,quadratic_-0.25,-31.0,2026120223,23,quadratic|quadratic_negative|-31.0|2026120223,0,0.25,0.1138932021267434,17.029404296106982,0.49648787708188175,0.4151665029546683,0.4123986886524077,0.24650021208927372,0.1723632251756086,0.1700726784022255
quadratic_negative,quadratic,quadratic_-0.25,-31.0,2026120224,24,quadratic|quadratic_negative|-31.0|2026120224,0,0.25,0.1138932021267434,17.029404296106982,0.49648787708188175,0.4151665029546683,0.4123986886524077,0.24650021208927372,0.1723632251756086,0.1700726784022255
quadratic_negative,quadratic,quadratic_-0.25,-31.0,2026120225,25,quadratic|quadratic_negative|-31.0|2026120225,0,0.25,0.1138932021267434,17.029404296106982,0.49648787708188175,0.4151665029546683,0.4123986886524077,0.24650021208927372,0.1723632251756086,0.1700726784022255
quadratic_negative,quadratic,quadratic_-0.25,-31.0,2026120229,29,quadratic|quadratic_negative|-31.0|2026120229,0,0.25,0.1138932021267434,17.029404296106982,0.49648787708188175,0.4151665029546683,0.4123986886524077,0.24650021208927372,0.1723632251756086,0.1700726784022255
quadratic_negative,quadratic,quadratic_-0.25,-31.0,2026120227,27,quadratic|quadratic_negative|-31.0|2026120227,1,0.25,0.1138932021267434,17.029404296106982,0.49648787708188175,0.4151665029546683,0.4123986886524077,0.25352445792551026,0.34203021926627203,0.3452753010974101
quadratic_negative,quadratic,quadratic_-0.25,-31.0,2026120228,28,quadratic|quadratic_negative|-31.0|2026120228,1,0.25,0.1138932021267434,17.029404296106982,0.49648787708188175,0.4151665029546683,0.4123986886524077,0.25352445792551026,0.34203021926627203,0.3452753010974101
quadratic_negative,quadratic,quadratic_-0.25,-31.0,2026120226,26,quadratic|quadratic_negative|-31.0|2026120226,0,0.25,0.1138932021267434,17.029404296106982,0.49648787708188175,0.4151665029546683,0.4123986886524077,0.24650021208927372,0.1723632251756086,0.1700726784022255
quadratic_negative,quadratic,quadratic_-0.25,-31.0,2026120230,30,quadratic|quadratic_negative|-31.0|2026120230,0,0.25,0.1138932021267434,17.029404296106982,0.49648787708188175,0.4151665029546683,0.4123986886524077,0.24650021208927372,0.1723632251756086,0.1700726784022255
quadratic_negative,quadratic,quadratic_-0.25,-31.0,2026120233,33,quadratic|quadratic_negative|-31.0|2026120233,1,0.25,0.1138932021267434,17.029404296106982,0.49648787708188175,0.4151665029546683,0.4123986886524077,0.25352445792551026,0.34203021926627203,0.3452753010974101
quadratic_negative,quadratic,quadratic_-0.25,-31.0,2026120231,31,quadratic|quadratic_negative|-31.0|2026120231,0,0.25,0.1138932021267434,17.029404296106982,0.49648787708188175,0.4151665029546683,0.4123986886524077,0.24650021208927372,0.1723632251756086,0.1700726784022255
quadratic_negative,quadratic,quadratic_-0.25,-31.0,2026120232,32,quadratic|quadratic_negative|-31.0|2026120232,0,0.25,0.1138932021267434,17.029404296106982,0.49648787708188175,0.4151665029546683,0.4123986886524077,0.24650021208927372,0.1723632251756086,0.1700726784022255
quadratic_negative,quadratic,quadratic_-0.25,-31.0,2026120236,36,quadratic|quadratic_negative|-31.0|2026120236,1,0.25,0.1138932021267434,17.029404296106982,0.49648787708188175,0.4151665029546683,0.4123986886524077,0.25352445792551026,0.34203021926627203,0.3452753010974101
quadratic_negative,quadratic,quadratic_-0.25,-31.0,2026120235,35,quadratic|quadratic_negative|-31.0|2026120235,0,0.25,0.1138932021267434,17.029404296106982,0.49648787708188175,0.4151665029546683,0.4123986886524077,0.24650021208927372,0.1723632251756086,0.1700726784022255
quadratic_negative,quadratic,quadratic_-0.25,-31.0,2026120234,34,quadratic|quadratic_negative|-31.0|2026120234,0,0.25,0.1138932021267434,17.029404296106982,0.49648787708188175,0.4151665029546683,0.4123986886524077,0.24650021208927372,0.1723632251756086,0.1700726784022255
quadratic_negative,quadratic,quadratic_-0.25,-31.0,2026120237,37,quadratic|quadratic_negative|-31.0|2026120237,0,0.25,0.1138932021267434,17.029404296106982,0.49648787708188175,0.4151665029546683,0.4123986886524077,0.24650021208927372,0.1723632251756086,0.1700726784022255
quadratic_negative,quadratic,quadratic_-0.25,-31.0,2026120239,39,quadratic|quadratic_negative|-31.0|2026120239,1,0.25,0.1138932021267434,17.029404296106982,0.49648787708188175,0.4151665029546683,0.4123986886524077,0.25352445792551026,0.34203021926627203,0.3452753010974101
quadratic_negative,quadratic,quadratic_-0.25,-31.0,2026120238,38,quadratic|quadratic_negative|-31.0|2026120238,0,0.25,0.1138932021267434,17.029404296106982,0.49648787708188175,0.4151665029546683,0.4123986886524077,0.24650021208927372,0.1723632251756086,0.1700726784022255
quadratic_negative,quadratic,quadratic_-0.25,-31.0,2026120240,40,quadratic|quadratic_negative|-31.0|2026120240,1,0.25,0.1138932021267434,17.029404296106982,0.49648787708188175,0.4151665029546683,0.4123986886524077,0.25352445792551026,0.34203021926627203,0.3452753010974101
quadratic_negative,quadratic,quadratic_-0.25,-31.0,2026120241,41,quadratic|quadratic_negative|-31.0|2026120241,1,0.25,0.1138932021267434,17.029404296106982,0.49648787708188175,0.4151665029546683,0.4123986886524077,0.25352445792551026,0.34203021926627203,0.3452753010974101
quadratic_negative,quadratic,quadratic_-0.25,-31.0,2026120242,42,quadratic|quadratic_negative|-31.0|2026120242,1,0.25,0.1138932021267434,17.029404296106982,0.49648787708188175,0.4151665029546683,0.4123986886524077,0.25352445792551026,0.34203021926627203,0.3452753010974101
quadratic_negative,quadratic,quadratic_-0.25,-31.0,2026120246,46,quadratic|quadratic_negative|-31.0|2026120246,1,0.25,0.1138932021267434,17.029404296106982,0.49648787708188175,0.4151665029546683,0.4123986886524077,0.25352445792551026,0.34203021926627203,0.3452753010974101
quadratic_negative,quadratic,quadratic_-0.25,-31.0,2026120243,43,quadratic|quadratic_negative|-31.0|2026120243,0,0.25,0.1138932021267434,17.029404296106982,0.49648787708188175,0.4151665029546683,0.4123986886524077,0.24650021208927372,0.1723632251756086,0.1700726784022255
quadratic_negative,quadratic,quadratic_-0.25,-31.0,2026120244,44,quadratic|quadratic_negative|-31.0|2026120244,0,0.25,0.1138932021267434,17.029404296106982,0.49648787708188175,0.4151665029546683,0.4123986886524077,0.24650021208927372,0.1723632251756086,0.1700726784022255
quadratic_negative,quadratic,quadratic_-0.25,-31.0,2026120249,49,quadratic|quadratic_negative|-31.0|2026120249,1,0.25,0.1138932021267434,17.029404296106982,0.49648787708188175,0.4151665029546683,0.4123986886524077,0.25352445792551026,0.34203021926627203,0.3452753010974101
quadratic_negative,quadratic,quadratic_-0.25,-31.0,2026120245,45,quadratic|quadratic_negative|-31.0|2026120245,0,0.25,0.1138932021267434,17.029404296106982,0.49648787708188175,0.4151665029546683,0.4123986886524077,0.24650021208927372,0.1723632251756086,0.1700726784022255
quadratic_negative,quadratic,quadratic_-0.25,-31.0,2026120250,50,quadratic|quadratic_negative|-31.0|2026120250,1,0.25,0.1138932021267434,17.029404296106982,0.49648787708188175,0.4151665029546683,0.4123986886524077,0.25352445792551026,0.34203021926627203,0.3452753010974101
quadratic_negative,quadratic,quadratic_-0.25,-31.0,2026120247,47,quadratic|quadratic_negative|-31.0|2026120247,0,0.25,0.1138932021267434,17.029404296106982,0.49648787708188175,0.4151665029546683,0.4123986886524077,0.24650021208927372,0.1723632251756086,0.1700726784022255
quadratic_negative,quadratic,quadratic_-0.25,-31.0,2026120248,48,quadratic|quadratic_negative|-31.0|2026120248,0,0.25,0.1138932021267434,17.029404296106982,0.49648787708188175,0.4151665029546683,0.4123986886524077,0.24650021208927372,0.1723632251756086,0.1700726784022255
quadratic_negative,quadratic,quadratic_-0.25,-31.0,2026120251,51,quadratic|quadratic_negative|-31.0|2026120251,1,0.25,0.1138932021267434,17.029404296106982,0.49648787708188175,0.4151665029546683,0.4123986886524077,0.25352445792551026,0.34203021926627203,0.3452753010974101
quadratic_negative,quadratic,quadratic_-0.25,-31.0,2026120252,52,quadratic|quadratic_negative|-31.0|2026120252,0,0.25,0.1138932021267434,17.029404296106982,0.49648787708188175,0.4151665029546683,0.4123986886524077,0.24650021208927372,0.1723632251756086,0.1700726784022255
quadratic_negative,quadratic,quadratic_-0.25,-31.0,2026120254,54,quadratic|quadratic_negative|-31.0|2026120254,1,0.25,0.1138932021267434,17.029404296106982,0.49648787708188175,0.4151665029546683,0.4123986886524077,0.25352445792551026,0.34203021926627203,0.3452753010974101
quadratic_negative,quadratic,quadratic_-0.25,-31.0,2026120253,53,quadratic|quadratic_negative|-31.0|2026120253,0,0.25,0.1138932021267434,17.029404296106982,0.49648787708188175,0.4151665029546683,0.4123986886524077,0.24650021208927372,0.1723632251756086,0.1700726784022255
quadratic_negative,quadratic,quadratic_-0.25,-31.0,2026120255,55,quadratic|quadratic_negative|-31.0|2026120255,1,0.25,0.1138932021267434,17.029404296106982,0.49648787708188175,0.4151665029546683,0.4123986886524077,0.25352445792551026,0.34203021926627203,0.3452753010974101
quadratic_negative,quadratic,quadratic_-0.25,-31.0,2026120256,56,quadratic|quadratic_negative|-31.0|2026120256,1,0.25,0.1138932021267434,17.029404296106982,0.49648787708188175,0.4151665029546683,0.4123986886524077,0.25352445792551026,0.34203021926627203,0.3452753010974101
quadratic_negative,quadratic,quadratic_-0.25,-31.0,2026120257,57,quadratic|quadratic_negative|-31.0|2026120257,0,0.25,0.1138932021267434,17.029404296106982,0.49648787708188175,0.4151665029546683,0.4123986886524077,0.24650021208927372,0.1723632251756086,0.1700726784022255
quadratic_negative,quadratic,quadratic_-0.25,-31.0,2026120259,59,quadratic|quadratic_negative|-31.0|2026120259,1,0.25,0.1138932021267434,17.029404296106982,0.49648787708188175,0.4151665029546683,0.4123986886524077,0.25352445792551026,0.34203021926627203,0.3452753010974101
quadratic_negative,quadratic,quadratic_-0.25,-31.0,2026120260,60,quadratic|quadratic_negative|-31.0|2026120260,1,0.25,0.1138932021267434,17.029404296106982,0.49648787708188175,0.4151665029546683,0.4123986886524077,0.25352445792551026,0.34203021926627203,0.3452753010974101
quadratic_negative,quadratic,quadratic_-0.25,-31.0,2026120258,58,quadratic|quadratic_negative|-31.0|2026120258,0,0.25,0.1138932021267434,17.029404296106982,0.49648787708188175,0.4151665029546683,0.4123986886524077,0.24650021208927372,0.1723632251756086,0.1700726784022255
quadratic_negative,quadratic,quadratic_-0.25,-31.0,2026120262,62,quadratic|quadratic_negative|-31.0|2026120262,1,0.25,0.1138932021267434,17.029404296106982,0.49648787708188175,0.4151665029546683,0.4123986886524077,0.25352445792551026,0.34203021926627203,0.3452753010974101
quadratic_negative,quadratic,quadratic_-0.25,-31.0,2026120264,64,quadratic|quadratic_negative|-31.0|2026120264,1,0.25,0.1138932021267434,17.029404296106982,0.49648787708188175,0.4151665029546683,0.4123986886524077,0.25352445792551026,0.34203021926627203,0.3452753010974101
quadratic_negative,quadratic,quadratic_-0.25,-31.0,2026120261,61,quadratic|quadratic_negative|-31.0|2026120261,0,0.25,0.1138932021267434,17.029404296106982,0.49648787708188175,0.4151665029546683,0.4123986886524077,0.24650021208927372,0.1723632251756086,0.1700726784022255
quadratic_negative,quadratic,quadratic_-0.25,-31.0,2026120263,63,quadratic|quadratic_negative|-31.0|2026120263,0,0.25,0.1138932021267434,17.029404296106982,0.49648787708188175,0.4151665029546683,0.4123986886524077,0.24650021208927372,0.1723632251756086,0.1700726784022255
quadratic_negative,quadratic,quadratic_-0.25,-31.0,2026120266,66,quadratic|quadratic_negative|-31.0|2026120266,1,0.25,0.1138932021267434,17.029404296106982,0.49648787708188175,0.4151665029546683,0.4123986886524077,0.25352445792551026,0.34203021926627203,0.3452753010974101
quadratic_negative,quadratic,quadratic_-0.25,-31.0,2026120265,65,quadratic|quadratic_negative|-31.0|2026120265,0,0.25,0.1138932021267434,17.029404296106982,0.49648787708188175,0.4151665029546683,0.4123986886524077,0.24650021208927372,0.1723632251756086,0.1700726784022255
quadratic_negative,quadratic,quadratic_-0.25,-31.0,2026120267,67,quadratic|quadratic_negative|-31.0|2026120267,0,0.25,0.1138932021267434,17.029404296106982,0.49648787708188175,0.4151665029546683,0.4123986886524077,0.24650021208927372,0.1723632251756086,0.1700726784022255
quadratic_negative,quadratic,quadratic_-0.25,-31.0,2026120268,68,quadratic|quadratic_negative|-31.0|2026120268,0,0.25,0.1138932021267434,17.029404296106982,0.49648787708188175,0.4151665029546683,0.4123986886524077,0.24650021208927372,0.1723632251756086,0.1700726784022255
quadratic_negative,quadratic,quadratic_-0.25,-31.0,2026120270,70,quadratic|quadratic_negative|-31.0|2026120270,1,0.25,0.1138932021267434,17.029404296106982,0.49648787708188175,0.4151665029546683,0.4123986886524077,0.25352445792551026,0.34203021926627203,0.3452753010974101
quadratic_negative,quadratic,quadratic_-0.25,-31.0,2026120269,69,quadratic|quadratic_negative|-31.0|2026120269,0,0.25,0.1138932021267434,17.029404296106982,0.49648787708188175,0.4151665029546683,0.4123986886524077,0.24650021208927372,0.1723632251756086,0.1700726784022255
quadratic_negative,quadratic,quadratic_-0.25,-31.0,2026120271,71,quadratic|quadratic_negative|-31.0|2026120271,1,0.25,0.1138932021267434,17.029404296106982,0.49648787708188175,0.4151665029546683,0.4123986886524077,0.25352445792551026,0.34203021926627203,0.3452753010974101
quadratic_negative,quadratic,quadratic_-0.25,-31.0,2026120272,72,quadratic|quadratic_negative|-31.0|2026120272,1,0.25,0.1138932021267434,17.029404296106982,0.49648787708188175,0.4151665029546683,0.4123986886524077,0.25352445792551026,0.34203021926627203,0.3452753010974101
quadratic_negative,quadratic,quadratic_-0.25,-31.0,2026120276,76,quadratic|quadratic_negative|-31.0|2026120276,1,0.25,0.1138932021267434,17.029404296106982,0.49648787708188175,0.4151665029546683,0.4123986886524077,0.25352445792551026,0.34203021926627203,0.3452753010974101
quadratic_negative,quadratic,quadratic_-0.25,-31.0,2026120275,75,quadratic|quadratic_negative|-31.0|2026120275,1,0.25,0.1138932021267434,17.029404296106982,0.49648787708188175,0.4151665029546683,0.4123986886524077,0.25352445792551026,0.34203021926627203,0.3452753010974101
quadratic_negative,quadratic,quadratic_-0.25,-31.0,2026120273,73,quadratic|quadratic_negative|-31.0|2026120273,0,0.25,0.1138932021267434,17.029404296106982,0.49648787708188175,0.4151665029546683,0.4123986886524077,0.24650021208927372,0.1723632251756086,0.1700726784022255
quadratic_negative,quadratic,quadratic_-0.25,-31.0,2026120274,74,quadratic|quadratic_negative|-31.0|2026120274,0,0.25,0.1138932021267434,17.029404296106982,0.49648787708188175,0.4151665029546683,0.4123986886524077,0.24650021208927372,0.1723632251756086,0.1700726784022255
quadratic_negative,quadratic,quadratic_-0.25,-31.0,2026120277,77,quadratic|quadratic_negative|-31.0|2026120277,1,0.25,0.1138932021267434,17.029404296106982,0.49648787708188175,0.4151665029546683,0.4123986886524077,0.25352445792551026,0.34203021926627203,0.3452753010974101
quadratic_negative,quadratic,quadratic_-0.25,-31.0,2026120278,78,quadratic|quadratic_negative|-31.0|2026120278,0,0.25,0.1138932021267434,17.029404296106982,0.49648787708188175,0.4151665029546683,0.4123986886524077,0.24650021208927372,0.1723632251756086,0.1700726784022255
quadratic_negative,quadratic,quadratic_-0.25,-31.0,2026120280,80,quadratic|quadratic_negative|-31.0|2026120280,0,0.25,0.1138932021267434,17.029404296106982,0.49648787708188175,0.4151665029546683,0.4123986886524077,0.24650021208927372,0.1723632251756086,0.1700726784022255
quadratic_negative,quadratic,quadratic_-0.25,-31.0,2026120279,79,quadratic|quadratic_negative|-31.0|2026120279,0,0.25,0.1138932021267434,17.029404296106982,0.49648787708188175,0.4151665029546683,0.4123986886524077,0.24650021208927372,0.1723632251756086,0.1700726784022255
quadratic_negative,quadratic,quadratic_-0.25,-31.0,2026120284,84,quadratic|quadratic_negative|-31.0|2026120284,0,0.25,0.1138932021267434,17.029404296106982,0.49648787708188175,0.4151665029546683,0.4123986886524077,0.24650021208927372,0.1723632251756086,0.1700726784022255
quadratic_negative,quadratic,quadratic_-0.25,-31.0,2026120285,85,quadratic|quadratic_negative|-31.0|2026120285,1,0.25,0.1138932021267434,17.029404296106982,0.49648787708188175,0.4151665029546683,0.4123986886524077,0.25352445792551026,0.34203021926627203,0.3452753010974101
quadratic_negative,quadratic,quadratic_-0.25,-31.0,2026120283,83,quadratic|quadratic_negative|-31.0|2026120283,1,0.25,0.1138932021267434,17.029404296106982,0.49648787708188175,0.4151665029546683,0.4123986886524077,0.25352445792551026,0.34203021926627203,0.3452753010974101
quadratic_negative,quadratic,quadratic_-0.25,-31.0,2026120281,81,quadratic|quadratic_negative|-31.0|2026120281,0,0.25,0.1138932021267434,17.029404296106982,0.49648787708188175,0.4151665029546683,0.4123986886524077,0.24650021208927372,0.1723632251756086,0.1700726784022255
quadratic_negative,quadratic,quadratic_-0.25,-31.0,2026120282,82,quadratic|quadratic_negative|-31.0|2026120282,0,0.25,0.1138932021267434,17.029404296106982,0.49648787708188175,0.4151665029546683,0.4123986886524077,0.24650021208927372,0.1723632251756086,0.1700726784022255
quadratic_negative,quadratic,quadratic_-0.25,-31.0,2026120289,89,quadratic|quadratic_negative|-31.0|2026120289,1,0.25,0.1138932021267434,17.029404296106982,0.49648787708188175,0.4151665029546683,0.4123986886524077,0.25352445792551026,0.34203021926627203,0.3452753010974101
quadratic_negative,quadratic,quadratic_-0.25,-31.0,2026120287,87,quadratic|quadratic_negative|-31.0|2026120287,0,0.25,0.1138932021267434,17.029404296106982,0.49648787708188175,0.4151665029546683,0.4123986886524077,0.24650021208927372,0.1723632251756086,0.1700726784022255
quadratic_negative,quadratic,quadratic_-0.25,-31.0,2026120286,86,quadratic|quadratic_negative|-31.0|2026120286,0,0.25,0.1138932021267434,17.029404296106982,0.49648787708188175,0.4151665029546683,0.4123986886524077,0.24650021208927372,0.1723632251756086,0.1700726784022255
quadratic_negative,quadratic,quadratic_-0.25,-31.0,2026120288,88,quadratic|quadratic_negative|-31.0|2026120288,0,0.25,0.1138932021267434,17.029404296106982,0.49648787708188175,0.4151665029546683,0.4123986886524077,0.24650021208927372,0.1723632251756086,0.1700726784022255
quadratic_negative,quadratic,quadratic_-0.25,-31.0,2026120291,91,quadratic|quadratic_negative|-31.0|2026120291,1,0.25,0.1138932021267434,17.029404296106982,0.49648787708188175,0.4151665029546683,0.4123986886524077,0.25352445792551026,0.34203021926627203,0.3452753010974101
quadratic_negative,quadratic,quadratic_-0.25,-31.0,2026120292,92,quadratic|quadratic_negative|-31.0|2026120292,1,0.25,0.1138932021267434,17.029404296106982,0.49648787708188175,0.4151665029546683,0.4123986886524077,0.25352445792551026,0.34203021926627203,0.3452753010974101
quadratic_negative,quadratic,quadratic_-0.25,-31.0,2026120294,94,quadratic|quadratic_negative|-31.0|2026120294,1,0.25,0.1138932021267434,17.029404296106982,0.49648787708188175,0.4151665029546683,0.4123986886524077,0.25352445792551026,0.34203021926627203,0.3452753010974101
quadratic_negative,quadratic,quadratic_-0.25,-31.0,2026120290,90,quadratic|quadratic_negative|-31.0|2026120290,0,0.25,0.1138932021267434,17.029404296106982,0.49648787708188175,0.4151665029546683,0.4123986886524077,0.24650021208927372,0.1723632251756086,0.1700726784022255
quadratic_negative,quadratic,quadratic_-0.25,-31.0,2026120296,96,quadratic|quadratic_negative|-31.0|2026120296,1,0.25,0.1138932021267434,17.029404296106982,0.49648787708188175,0.4151665029546683,0.4123986886524077,0.25352445792551026,0.34203021926627203,0.3452753010974101
quadratic_negative,quadratic,quadratic_-0.25,-31.0,2026120293,93,quadratic|quadratic_negative|-31.0|2026120293,0,0.25,0.1138932021267434,17.029404296106982,0.49648787708188175,0.4151665029546683,0.4123986886524077,0.24650021208927372,0.1723632251756086,0.1700726784022255
quadratic_negative,quadratic,quadratic_-0.25,-31.0,2026120295,95,quadratic|quadratic_negative|-31.0|2026120295,0,0.25,0.1138932021267434,17.029404296106982,0.49648787708188175,0.4151665029546683,0.4123986886524077,0.24650021208927372,0.1723632251756086,0.1700726784022255
quadratic_negative,quadratic,quadratic_-0.25,-31.0,2026120298,98,quadratic|quadratic_negative|-31.0|2026120298,1,0.25,0.1138932021267434,17.029404296106982,0.49648787708188175,0.4151665029546683,0.4123986886524077,0.25352445792551026,0.34203021926627203,0.3452753010974101
quadratic_negative,quadratic,quadratic_-0.25,-31.0,2026120299,99,quadratic|quadratic_negative|-31.0|2026120299,1,0.25,0.1138932021267434,17.029404296106982,0.49648787708188175,0.4151665029546683,0.4123986886524077,0.25352445792551026,0.34203021926627203,0.3452753010974101
quadratic_negative,quadratic,quadratic_-0.25,-31.0,2026120297,97,quadratic|quadratic_negative|-31.0|2026120297,0,0.25,0.1138932021267434,17.029404296106982,0.49648787708188175,0.4151665029546683,0.4123986886524077,0.24650021208927372,0.1723632251756086,0.1700726784022255
quadratic_positive,quadratic,quadratic_+0.50,-31.0,2026120200,0,quadratic|quadratic_positive|-31.0|2026120200,0,0.5,0.2277864042534868,34.058808592213964,0.09701083381831636,0.05429215260902341,0.05347025335216558,0.009411101878124994,0.0029476378349214878,0.002859067993544774
quadratic_positive,quadratic,quadratic_+0.50,-31.0,2026120202,2,quadratic|quadratic_positive|-31.0|2026120202,0,0.5,0.2277864042534868,34.058808592213964,0.09701083381831636,0.05429215260902341,0.05347025335216558,0.009411101878124994,0.0029476378349214878,0.002859067993544774
quadratic_positive,quadratic,quadratic_+0.50,-31.0,2026120201,1,quadratic|quadratic_positive|-31.0|2026120201,0,0.5,0.2277864042534868,34.058808592213964,0.09701083381831636,0.05429215260902341,0.05347025335216558,0.009411101878124994,0.0029476378349214878,0.002859067993544774
quadratic_positive,quadratic,quadratic_+0.50,-31.0,2026120203,3,quadratic|quadratic_positive|-31.0|2026120203,0,0.5,0.2277864042534868,34.058808592213964,0.09701083381831636,0.05429215260902341,0.05347025335216558,0.009411101878124994,0.0029476378349214878,0.002859067993544774
quadratic_positive,quadratic,quadratic_+0.50,-31.0,2026120204,4,quadratic|quadratic_positive|-31.0|2026120204,0,0.5,0.2277864042534868,34.058808592213964,0.09701083381831636,0.05429215260902341,0.05347025335216558,0.009411101878124994,0.0029476378349214878,0.002859067993544774
quadratic_positive,quadratic,quadratic_+0.50,-31.0,2026120205,5,quadratic|quadratic_positive|-31.0|2026120205,0,0.5,0.2277864042534868,34.058808592213964,0.09701083381831636,0.05429215260902341,0.05347025335216558,0.009411101878124994,0.0029476378349214878,0.002859067993544774
quadratic_positive,quadratic,quadratic_+0.50,-31.0,2026120207,7,quadratic|quadratic_positive|-31.0|2026120207,0,0.5,0.2277864042534868,34.058808592213964,0.09701083381831636,0.05429215260902341,0.05347025335216558,0.009411101878124994,0.0029476378349214878,0.002859067993544774
quadratic_positive,quadratic,quadratic_+0.50,-31.0,2026120206,6,quadratic|quadratic_positive|-31.0|2026120206,0,0.5,0.2277864042534868,34.058808592213964,0.09701083381831636,0.05429215260902341,0.05347025335216558,0.009411101878124994,0.0029476378349214878,0.002859067993544774
quadratic_positive,quadratic,quadratic_+0.50,-31.0,2026120209,9,quadratic|quadratic_positive|-31.0|2026120209,0,0.5,0.2277864042534868,34.058808592213964,0.09701083381831636,0.05429215260902341,0.05347025335216558,0.009411101878124994,0.0029476378349214878,0.002859067993544774
quadratic_positive,quadratic,quadratic_+0.50,-31.0,2026120210,10,quadratic|quadratic_positive|-31.0|2026120210,0,0.5,0.2277864042534868,34.058808592213964,0.09701083381831636,0.05429215260902341,0.05347025335216558,0.009411101878124994,0.0029476378349214878,0.002859067993544774
quadratic_positive,quadratic,quadratic_+0.50,-31.0,2026120211,11,quadratic|quadratic_positive|-31.0|2026120211,0,0.5,0.2277864042534868,34.058808592213964,0.09701083381831636,0.05429215260902341,0.05347025335216558,0.009411101878124994,0.0029476378349214878,0.002859067993544774
quadratic_positive,quadratic,quadratic_+0.50,-31.0,2026120208,8,quadratic|quadratic_positive|-31.0|2026120208,0,0.5,0.2277864042534868,34.058808592213964,0.09701083381831636,0.05429215260902341,0.05347025335216558,0.009411101878124994,0.0029476378349214878,0.002859067993544774
quadratic_positive,quadratic,quadratic_+0.50,-31.0,2026120212,12,quadratic|quadratic_positive|-31.0|2026120212,0,0.5,0.2277864042534868,34.058808592213964,0.09701083381831636,0.05429215260902341,0.05347025335216558,0.009411101878124994,0.0029476378349214878,0.002859067993544774
quadratic_positive,quadratic,quadratic_+0.50,-31.0,2026120214,14,quadratic|quadratic_positive|-31.0|2026120214,0,0.5,0.2277864042534868,34.058808592213964,0.09701083381831636,0.05429215260902341,0.05347025335216558,0.009411101878124994,0.0029476378349214878,0.002859067993544774
quadratic_positive,quadratic,quadratic_+0.50,-31.0,2026120213,13,quadratic|quadratic_positive|-31.0|2026120213,0,0.5,0.2277864042534868,34.058808592213964,0.09701083381831636,0.05429215260902341,0.05347025335216558,0.009411101878124994,0.0029476378349214878,0.002859067993544774
quadratic_positive,quadratic,quadratic_+0.50,-31.0,2026120215,15,quadratic|quadratic_positive|-31.0|2026120215,0,0.5,0.2277864042534868,34.058808592213964,0.09701083381831636,0.05429215260902341,0.05347025335216558,0.009411101878124994,0.0029476378349214878,0.002859067993544774
quadratic_positive,quadratic,quadratic_+0.50,-31.0,2026120216,16,quadratic|quadratic_positive|-31.0|2026120216,0,0.5,0.2277864042534868,34.058808592213964,0.09701083381831636,0.05429215260902341,0.05347025335216558,0.009411101878124994,0.0029476378349214878,0.002859067993544774
quadratic_positive,quadratic,quadratic_+0.50,-31.0,2026120217,17,quadratic|quadratic_positive|-31.0|2026120217,0,0.5,0.2277864042534868,34.058808592213964,0.09701083381831636,0.05429215260902341,0.05347025335216558,0.009411101878124994,0.0029476378349214878,0.002859067993544774
quadratic_positive,quadratic,quadratic_+0.50,-31.0,2026120218,18,quadratic|quadratic_positive|-31.0|2026120218,0,0.5,0.2277864042534868,34.058808592213964,0.09701083381831636,0.05429215260902341,0.05347025335216558,0.009411101878124994,0.0029476378349214878,0.002859067993544774
quadratic_positive,quadratic,quadratic_+0.50,-31.0,2026120219,19,quadratic|quadratic_positive|-31.0|2026120219,0,0.5,0.2277864042534868,34.058808592213964,0.09701083381831636,0.05429215260902341,0.05347025335216558,0.009411101878124994,0.0029476378349214878,0.002859067993544774
quadratic_positive,quadratic,quadratic_+0.50,-31.0,2026120220,20,quadratic|quadratic_positive|-31.0|2026120220,0,0.5,0.2277864042534868,34.058808592213964,0.09701083381831636,0.05429215260902341,0.05347025335216558,0.009411101878124994,0.0029476378349214878,0.002859067993544774
quadratic_positive,quadratic,quadratic_+0.50,-31.0,2026120221,21,quadratic|quadratic_positive|-31.0|2026120221,0,0.5,0.2277864042534868,34.058808592213964,0.09701083381831636,0.05429215260902341,0.05347025335216558,0.009411101878124994,0.0029476378349214878,0.002859067993544774
quadratic_positive,quadratic,quadratic_+0.50,-31.0,2026120222,22,quadratic|quadratic_positive|-31.0|2026120222,0,0.5,0.2277864042534868,34.058808592213964,0.09701083381831636,0.05429215260902341,0.05347025335216558,0.009411101878124994,0.0029476378349214878,0.002859067993544774
quadratic_positive,quadratic,quadratic_+0.50,-31.0,2026120223,23,quadratic|quadratic_positive|-31.0|2026120223,0,0.5,0.2277864042534868,34.058808592213964,0.09701083381831636,0.05429215260902341,0.05347025335216558,0.009411101878124994,0.0029476378349214878,0.002859067993544774
quadratic_positive,quadratic,quadratic_+0.50,-31.0,2026120224,24,quadratic|quadratic_positive|-31.0|2026120224,0,0.5,0.2277864042534868,34.058808592213964,0.09701083381831636,0.05429215260902341,0.05347025335216558,0.009411101878124994,0.0029476378349214878,0.002859067993544774
quadratic_positive,quadratic,quadratic_+0.50,-31.0,2026120225,25,quadratic|quadratic_positive|-31.0|2026120225,0,0.5,0.2277864042534868,34.058808592213964,0.09701083381831636,0.05429215260902341,0.05347025335216558,0.009411101878124994,0.0029476378349214878,0.002859067993544774
quadratic_positive,quadratic,quadratic_+0.50,-31.0,2026120229,29,quadratic|quadratic_positive|-31.0|2026120229,0,0.5,0.2277864042534868,34.058808592213964,0.09701083381831636,0.05429215260902341,0.05347025335216558,0.009411101878124994,0.0029476378349214878,0.002859067993544774
quadratic_positive,quadratic,quadratic_+0.50,-31.0,2026120226,26,quadratic|quadratic_positive|-31.0|2026120226,0,0.5,0.2277864042534868,34.058808592213964,0.09701083381831636,0.05429215260902341,0.05347025335216558,0.009411101878124994,0.0029476378349214878,0.002859067993544774
quadratic_positive,quadratic,quadratic_+0.50,-31.0,2026120227,27,quadratic|quadratic_positive|-31.0|2026120227,0,0.5,0.2277864042534868,34.058808592213964,0.09701083381831636,0.05429215260902341,0.05347025335216558,0.009411101878124994,0.0029476378349214878,0.002859067993544774
quadratic_positive,quadratic,quadratic_+0.50,-31.0,2026120228,28,quadratic|quadratic_positive|-31.0|2026120228,0,0.5,0.2277864042534868,34.058808592213964,0.09701083381831636,0.05429215260902341,0.05347025335216558,0.009411101878124994,0.0029476378349214878,0.002859067993544774
quadratic_positive,quadratic,quadratic_+0.50,-31.0,2026120230,30,quadratic|quadratic_positive|-31.0|2026120230,0,0.5,0.2277864042534868,34.058808592213964,0.09701083381831636,0.05429215260902341,0.05347025335216558,0.009411101878124994,0.0029476378349214878,0.002859067993544774
quadratic_positive,quadratic,quadratic_+0.50,-31.0,2026120231,31,quadratic|quadratic_positive|-31.0|2026120231,0,0.5,0.2277864042534868,34.058808592213964,0.09701083381831636,0.05429215260902341,0.05347025335216558,0.009411101878124994,0.0029476378349214878,0.002859067993544774
quadratic_positive,quadratic,quadratic_+0.50,-31.0,2026120235,35,quadratic|quadratic_positive|-31.0|2026120235,0,0.5,0.2277864042534868,34.058808592213964,0.09701083381831636,0.05429215260902341,0.05347025335216558,0.009411101878124994,0.0029476378349214878,0.002859067993544774
quadratic_positive,quadratic,quadratic_+0.50,-31.0,2026120232,32,quadratic|quadratic_positive|-31.0|2026120232,0,0.5,0.2277864042534868,34.058808592213964,0.09701083381831636,0.05429215260902341,0.05347025335216558,0.009411101878124994,0.0029476378349214878,0.002859067993544774
quadratic_positive,quadratic,quadratic_+0.50,-31.0,2026120233,33,quadratic|quadratic_positive|-31.0|2026120233,0,0.5,0.2277864042534868,34.058808592213964,0.09701083381831636,0.05429215260902341,0.05347025335216558,0.009411101878124994,0.0029476378349214878,0.002859067993544774
quadratic_positive,quadratic,quadratic_+0.50,-31.0,2026120236,36,quadratic|quadratic_positive|-31.0|2026120236,0,0.5,0.2277864042534868,34.058808592213964,0.09701083381831636,0.05429215260902341,0.05347025335216558,0.009411101878124994,0.0029476378349214878,0.002859067993544774
quadratic_positive,quadratic,quadratic_+0.50,-31.0,2026120234,34,quadratic|quadratic_positive|-31.0|2026120234,0,0.5,0.2277864042534868,34.058808592213964,0.09701083381831636,0.05429215260902341,0.05347025335216558,0.009411101878124994,0.0029476378349214878,0.002859067993544774
quadratic_positive,quadratic,quadratic_+0.50,-31.0,2026120237,37,quadratic|quadratic_positive|-31.0|2026120237,0,0.5,0.2277864042534868,34.058808592213964,0.09701083381831636,0.05429215260902341,0.05347025335216558,0.009411101878124994,0.0029476378349214878,0.002859067993544774
quadratic_positive,quadratic,quadratic_+0.50,-31.0,2026120238,38,quadratic|quadratic_positive|-31.0|2026120238,0,0.5,0.2277864042534868,34.058808592213964,0.09701083381831636,0.05429215260902341,0.05347025335216558,0.009411101878124994,0.0029476378349214878,0.002859067993544774
quadratic_positive,quadratic,quadratic_+0.50,-31.0,2026120240,40,quadratic|quadratic_positive|-31.0|2026120240,0,0.5,0.2277864042534868,34.058808592213964,0.09701083381831636,0.05429215260902341,0.05347025335216558,0.009411101878124994,0.0029476378349214878,0.002859067993544774
quadratic_positive,quadratic,quadratic_+0.50,-31.0,2026120239,39,quadratic|quadratic_positive|-31.0|2026120239,0,0.5,0.2277864042534868,34.058808592213964,0.09701083381831636,0.05429215260902341,0.05347025335216558,0.009411101878124994,0.0029476378349214878,0.002859067993544774
quadratic_positive,quadratic,quadratic_+0.50,-31.0,2026120241,41,quadratic|quadratic_positive|-31.0|2026120241,0,0.5,0.2277864042534868,34.058808592213964,0.09701083381831636,0.05429215260902341,0.05347025335216558,0.009411101878124994,0.0029476378349214878,0.002859067993544774
quadratic_positive,quadratic,quadratic_+0.50,-31.0,2026120242,42,quadratic|quadratic_positive|-31.0|2026120242,0,0.5,0.2277864042534868,34.058808592213964,0.09701083381831636,0.05429215260902341,0.05347025335216558,0.009411101878124994,0.0029476378349214878,0.002859067993544774
quadratic_positive,quadratic,quadratic_+0.50,-31.0,2026120243,43,quadratic|quadratic_positive|-31.0|2026120243,0,0.5,0.2277864042534868,34.058808592213964,0.09701083381831636,0.05429215260902341,0.05347025335216558,0.009411101878124994,0.0029476378349214878,0.002859067993544774
quadratic_positive,quadratic,quadratic_+0.50,-31.0,2026120244,44,quadratic|quadratic_positive|-31.0|2026120244,0,0.5,0.2277864042534868,34.058808592213964,0.09701083381831636,0.05429215260902341,0.05347025335216558,0.009411101878124994,0.0029476378349214878,0.002859067993544774
quadratic_positive,quadratic,quadratic_+0.50,-31.0,2026120245,45,quadratic|quadratic_positive|-31.0|2026120245,0,0.5,0.2277864042534868,34.058808592213964,0.09701083381831636,0.05429215260902341,0.05347025335216558,0.009411101878124994,0.0029476378349214878,0.002859067993544774
quadratic_positive,quadratic,quadratic_+0.50,-31.0,2026120249,49,quadratic|quadratic_positive|-31.0|2026120249,1,0.5,0.2277864042534868,34.058808592213964,0.09701083381831636,0.05429215260902341,0.05347025335216558,0.8153894342414924,0.8943633326168746,0.8959185612892135
quadratic_positive,quadratic,quadratic_+0.50,-31.0,2026120250,50,quadratic|quadratic_positive|-31.0|2026120250,0,0.5,0.2277864042534868,34.058808592213964,0.09701083381831636,0.05429215260902341,0.05347025335216558,0.009411101878124994,0.0029476378349214878,0.002859067993544774
quadratic_positive,quadratic,quadratic_+0.50,-31.0,2026120246,46,quadratic|quadratic_positive|-31.0|2026120246,0,0.5,0.2277864042534868,34.058808592213964,0.09701083381831636,0.05429215260902341,0.05347025335216558,0.009411101878124994,0.0029476378349214878,0.002859067993544774
quadratic_positive,quadratic,quadratic_+0.50,-31.0,2026120247,47,quadratic|quadratic_positive|-31.0|2026120247,0,0.5,0.2277864042534868,34.058808592213964,0.09701083381831636,0.05429215260902341,0.05347025335216558,0.009411101878124994,0.0029476378349214878,0.002859067993544774
quadratic_positive,quadratic,quadratic_+0.50,-31.0,2026120248,48,quadratic|quadratic_positive|-31.0|2026120248,0,0.5,0.2277864042534868,34.058808592213964,0.09701083381831636,0.05429215260902341,0.05347025335216558,0.009411101878124994,0.0029476378349214878,0.002859067993544774
quadratic_positive,quadratic,quadratic_+0.50,-31.0,2026120251,51,quadratic|quadratic_positive|-31.0|2026120251,0,0.5,0.2277864042534868,34.058808592213964,0.09701083381831636,0.05429215260902341,0.05347025335216558,0.009411101878124994,0.0029476378349214878,0.002859067993544774
quadratic_positive,quadratic,quadratic_+0.50,-31.0,2026120252,52,quadratic|quadratic_positive|-31.0|2026120252,0,0.5,0.2277864042534868,34.058808592213964,0.09701083381831636,0.05429215260902341,0.05347025335216558,0.009411101878124994,0.0029476378349214878,0.002859067993544774
quadratic_positive,quadratic,quadratic_+0.50,-31.0,2026120253,53,quadratic|quadratic_positive|-31.0|2026120253,0,0.5,0.2277864042534868,34.058808592213964,0.09701083381831636,0.05429215260902341,0.05347025335216558,0.009411101878124994,0.0029476378349214878,0.002859067993544774
quadratic_positive,quadratic,quadratic_+0.50,-31.0,2026120254,54,quadratic|quadratic_positive|-31.0|2026120254,0,0.5,0.2277864042534868,34.058808592213964,0.09701083381831636,0.05429215260902341,0.05347025335216558,0.009411101878124994,0.0029476378349214878,0.002859067993544774
quadratic_positive,quadratic,quadratic_+0.50,-31.0,2026120255,55,quadratic|quadratic_positive|-31.0|2026120255,0,0.5,0.2277864042534868,34.058808592213964,0.09701083381831636,0.05429215260902341,0.05347025335216558,0.009411101878124994,0.0029476378349214878,0.002859067993544774
quadratic_positive,quadratic,quadratic_+0.50,-31.0,2026120257,57,quadratic|quadratic_positive|-31.0|2026120257,0,0.5,0.2277864042534868,34.058808592213964,0.09701083381831636,0.05429215260902341,0.05347025335216558,0.009411101878124994,0.0029476378349214878,0.002859067993544774
quadratic_positive,quadratic,quadratic_+0.50,-31.0,2026120259,59,quadratic|quadratic_positive|-31.0|2026120259,1,0.5,0.2277864042534868,34.058808592213964,0.09701083381831636,0.05429215260902341,0.05347025335216558,0.8153894342414924,0.8943633326168746,0.8959185612892135
quadratic_positive,quadratic,quadratic_+0.50,-31.0,2026120256,56,quadratic|quadratic_positive|-31.0|2026120256,0,0.5,0.2277864042534868,34.058808592213964,0.09701083381831636,0.05429215260902341,0.05347025335216558,0.009411101878124994,0.0029476378349214878,0.002859067993544774
quadratic_positive,quadratic,quadratic_+0.50,-31.0,2026120258,58,quadratic|quadratic_positive|-31.0|2026120258,0,0.5,0.2277864042534868,34.058808592213964,0.09701083381831636,0.05429215260902341,0.05347025335216558,0.009411101878124994,0.0029476378349214878,0.002859067993544774
quadratic_positive,quadratic,quadratic_+0.50,-31.0,2026120260,60,quadratic|quadratic_positive|-31.0|2026120260,0,0.5,0.2277864042534868,34.058808592213964,0.09701083381831636,0.05429215260902341,0.05347025335216558,0.009411101878124994,0.0029476378349214878,0.002859067993544774
quadratic_positive,quadratic,quadratic_+0.50,-31.0,2026120261,61,quadratic|quadratic_positive|-31.0|2026120261,0,0.5,0.2277864042534868,34.058808592213964,0.09701083381831636,0.05429215260902341,0.05347025335216558,0.009411101878124994,0.0029476378349214878,0.002859067993544774
quadratic_positive,quadratic,quadratic_+0.50,-31.0,2026120262,62,quadratic|quadratic_positive|-31.0|2026120262,0,0.5,0.2277864042534868,34.058808592213964,0.09701083381831636,0.05429215260902341,0.05347025335216558,0.009411101878124994,0.0029476378349214878,0.002859067993544774
quadratic_positive,quadratic,quadratic_+0.50,-31.0,2026120263,63,quadratic|quadratic_positive|-31.0|2026120263,0,0.5,0.2277864042534868,34.058808592213964,0.09701083381831636,0.05429215260902341,0.05347025335216558,0.009411101878124994,0.0029476378349214878,0.002859067993544774
quadratic_positive,quadratic,quadratic_+0.50,-31.0,2026120267,67,quadratic|quadratic_positive|-31.0|2026120267,0,0.5,0.2277864042534868,34.058808592213964,0.09701083381831636,0.05429215260902341,0.05347025335216558,0.009411101878124994,0.0029476378349214878,0.002859067993544774
quadratic_positive,quadratic,quadratic_+0.50,-31.0,2026120264,64,quadratic|quadratic_positive|-31.0|2026120264,0,0.5,0.2277864042534868,34.058808592213964,0.09701083381831636,0.05429215260902341,0.05347025335216558,0.009411101878124994,0.0029476378349214878,0.002859067993544774
quadratic_positive,quadratic,quadratic_+0.50,-31.0,2026120265,65,quadratic|quadratic_positive|-31.0|2026120265,0,0.5,0.2277864042534868,34.058808592213964,0.09701083381831636,0.05429215260902341,0.05347025335216558,0.009411101878124994,0.0029476378349214878,0.002859067993544774
quadratic_positive,quadratic,quadratic_+0.50,-31.0,2026120266,66,quadratic|quadratic_positive|-31.0|2026120266,0,0.5,0.2277864042534868,34.058808592213964,0.09701083381831636,0.05429215260902341,0.05347025335216558,0.009411101878124994,0.0029476378349214878,0.002859067993544774
quadratic_positive,quadratic,quadratic_+0.50,-31.0,2026120268,68,quadratic|quadratic_positive|-31.0|2026120268,0,0.5,0.2277864042534868,34.058808592213964,0.09701083381831636,0.05429215260902341,0.05347025335216558,0.009411101878124994,0.0029476378349214878,0.002859067993544774
quadratic_positive,quadratic,quadratic_+0.50,-31.0,2026120269,69,quadratic|quadratic_positive|-31.0|2026120269,0,0.5,0.2277864042534868,34.058808592213964,0.09701083381831636,0.05429215260902341,0.05347025335216558,0.009411101878124994,0.0029476378349214878,0.002859067993544774
quadratic_positive,quadratic,quadratic_+0.50,-31.0,2026120270,70,quadratic|quadratic_positive|-31.0|2026120270,0,0.5,0.2277864042534868,34.058808592213964,0.09701083381831636,0.05429215260902341,0.05347025335216558,0.009411101878124994,0.0029476378349214878,0.002859067993544774
quadratic_positive,quadratic,quadratic_+0.50,-31.0,2026120271,71,quadratic|quadratic_positive|-31.0|2026120271,0,0.5,0.2277864042534868,34.058808592213964,0.09701083381831636,0.05429215260902341,0.05347025335216558,0.009411101878124994,0.0029476378349214878,0.002859067993544774
quadratic_positive,quadratic,quadratic_+0.50,-31.0,2026120272,72,quadratic|quadratic_positive|-31.0|2026120272,0,0.5,0.2277864042534868,34.058808592213964,0.09701083381831636,0.05429215260902341,0.05347025335216558,0.009411101878124994,0.0029476378349214878,0.002859067993544774
quadratic_positive,quadratic,quadratic_+0.50,-31.0,2026120274,74,quadratic|quadratic_positive|-31.0|2026120274,0,0.5,0.2277864042534868,34.058808592213964,0.09701083381831636,0.05429215260902341,0.05347025335216558,0.009411101878124994,0.0029476378349214878,0.002859067993544774
quadratic_positive,quadratic,quadratic_+0.50,-31.0,2026120273,73,quadratic|quadratic_positive|-31.0|2026120273,0,0.5,0.2277864042534868,34.058808592213964,0.09701083381831636,0.05429215260902341,0.05347025335216558,0.009411101878124994,0.0029476378349214878,0.002859067993544774
quadratic_positive,quadratic,quadratic_+0.50,-31.0,2026120275,75,quadratic|quadratic_positive|-31.0|2026120275,0,0.5,0.2277864042534868,34.058808592213964,0.09701083381831636,0.05429215260902341,0.05347025335216558,0.009411101878124994,0.0029476378349214878,0.002859067993544774
quadratic_positive,quadratic,quadratic_+0.50,-31.0,2026120277,77,quadratic|quadratic_positive|-31.0|2026120277,0,0.5,0.2277864042534868,34.058808592213964,0.09701083381831636,0.05429215260902341,0.05347025335216558,0.009411101878124994,0.0029476378349214878,0.002859067993544774
quadratic_positive,quadratic,quadratic_+0.50,-31.0,2026120276,76,quadratic|quadratic_positive|-31.0|2026120276,0,0.5,0.2277864042534868,34.058808592213964,0.09701083381831636,0.05429215260902341,0.05347025335216558,0.009411101878124994,0.0029476378349214878,0.002859067993544774
quadratic_positive,quadratic,quadratic_+0.50,-31.0,2026120278,78,quadratic|quadratic_positive|-31.0|2026120278,0,0.5,0.2277864042534868,34.058808592213964,0.09701083381831636,0.05429215260902341,0.05347025335216558,0.009411101878124994,0.0029476378349214878,0.002859067993544774
quadratic_positive,quadratic,quadratic_+0.50,-31.0,2026120282,82,quadratic|quadratic_positive|-31.0|2026120282,0,0.5,0.2277864042534868,34.058808592213964,0.09701083381831636,0.05429215260902341,0.05347025335216558,0.009411101878124994,0.0029476378349214878,0.002859067993544774
quadratic_positive,quadratic,quadratic_+0.50,-31.0,2026120279,79,quadratic|quadratic_positive|-31.0|2026120279,0,0.5,0.2277864042534868,34.058808592213964,0.09701083381831636,0.05429215260902341,0.05347025335216558,0.009411101878124994,0.0029476378349214878,0.002859067993544774
quadratic_positive,quadratic,quadratic_+0.50,-31.0,2026120284,84,quadratic|quadratic_positive|-31.0|2026120284,0,0.5,0.2277864042534868,34.058808592213964,0.09701083381831636,0.05429215260902341,0.05347025335216558,0.009411101878124994,0.0029476378349214878,0.002859067993544774
quadratic_positive,quadratic,quadratic_+0.50,-31.0,2026120280,80,quadratic|quadratic_positive|-31.0|2026120280,0,0.5,0.2277864042534868,34.058808592213964,0.09701083381831636,0.05429215260902341,0.05347025335216558,0.009411101878124994,0.0029476378349214878,0.002859067993544774
quadratic_positive,quadratic,quadratic_+0.50,-31.0,2026120281,81,quadratic|quadratic_positive|-31.0|2026120281,0,0.5,0.2277864042534868,34.058808592213964,0.09701083381831636,0.05429215260902341,0.05347025335216558,0.009411101878124994,0.0029476378349214878,0.002859067993544774
quadratic_positive,quadratic,quadratic_+0.50,-31.0,2026120283,83,quadratic|quadratic_positive|-31.0|2026120283,0,0.5,0.2277864042534868,34.058808592213964,0.09701083381831636,0.05429215260902341,0.05347025335216558,0.009411101878124994,0.0029476378349214878,0.002859067993544774
quadratic_positive,quadratic,quadratic_+0.50,-31.0,2026120285,85,quadratic|quadratic_positive|-31.0|2026120285,0,0.5,0.2277864042534868,34.058808592213964,0.09701083381831636,0.05429215260902341,0.05347025335216558,0.009411101878124994,0.0029476378349214878,0.002859067993544774
quadratic_positive,quadratic,quadratic_+0.50,-31.0,2026120286,86,quadratic|quadratic_positive|-31.0|2026120286,0,0.5,0.2277864042534868,34.058808592213964,0.09701083381831636,0.05429215260902341,0.05347025335216558,0.009411101878124994,0.0029476378349214878,0.002859067993544774
quadratic_positive,quadratic,quadratic_+0.50,-31.0,2026120290,90,quadratic|quadratic_positive|-31.0|2026120290,0,0.5,0.2277864042534868,34.058808592213964,0.09701083381831636,0.05429215260902341,0.05347025335216558,0.009411101878124994,0.0029476378349214878,0.002859067993544774
quadratic_positive,quadratic,quadratic_+0.50,-31.0,2026120287,87,quadratic|quadratic_positive|-31.0|2026120287,0,0.5,0.2277864042534868,34.058808592213964,0.09701083381831636,0.05429215260902341,0.05347025335216558,0.009411101878124994,0.0029476378349214878,0.002859067993544774
quadratic_positive,quadratic,quadratic_+0.50,-31.0,2026120288,88,quadratic|quadratic_positive|-31.0|2026120288,0,0.5,0.2277864042534868,34.058808592213964,0.09701083381831636,0.05429215260902341,0.05347025335216558,0.009411101878124994,0.0029476378349214878,0.002859067993544774
quadratic_positive,quadratic,quadratic_+0.50,-31.0,2026120289,89,quadratic|quadratic_positive|-31.0|2026120289,0,0.5,0.2277864042534868,34.058808592213964,0.09701083381831636,0.05429215260902341,0.05347025335216558,0.009411101878124994,0.0029476378349214878,0.002859067993544774
quadratic_positive,quadratic,quadratic_+0.50,-31.0,2026120291,91,quadratic|quadratic_positive|-31.0|2026120291,0,0.5,0.2277864042534868,34.058808592213964,0.09701083381831636,0.05429215260902341,0.05347025335216558,0.009411101878124994,0.0029476378349214878,0.002859067993544774
quadratic_positive,quadratic,quadratic_+0.50,-31.0,2026120294,94,quadratic|quadratic_positive|-31.0|2026120294,1,0.5,0.2277864042534868,34.058808592213964,0.09701083381831636,0.05429215260902341,0.05347025335216558,0.8153894342414924,0.8943633326168746,0.8959185612892135
quadratic_positive,quadratic,quadratic_+0.50,-31.0,2026120296,96,quadratic|quadratic_positive|-31.0|2026120296,0,0.5,0.2277864042534868,34.058808592213964,0.09701083381831636,0.05429215260902341,0.05347025335216558,0.009411101878124994,0.0029476378349214878,0.002859067993544774
quadratic_positive,quadratic,quadratic_+0.50,-31.0,2026120292,92,quadratic|quadratic_positive|-31.0|2026120292,0,0.5,0.2277864042534868,34.058808592213964,0.09701083381831636,0.05429215260902341,0.05347025335216558,0.009411101878124994,0.0029476378349214878,0.002859067993544774
quadratic_positive,quadratic,quadratic_+0.50,-31.0,2026120293,93,quadratic|quadratic_positive|-31.0|2026120293,0,0.5,0.2277864042534868,34.058808592213964,0.09701083381831636,0.05429215260902341,0.05347025335216558,0.009411101878124994,0.0029476378349214878,0.002859067993544774
quadratic_positive,quadratic,quadratic_+0.50,-31.0,2026120295,95,quadratic|quadratic_positive|-31.0|2026120295,0,0.5,0.2277864042534868,34.058808592213964,0.09701083381831636,0.05429215260902341,0.05347025335216558,0.009411101878124994,0.0029476378349214878,0.002859067993544774
quadratic_positive,quadratic,quadratic_+0.50,-31.0,2026120297,97,quadratic|quadratic_positive|-31.0|2026120297,0,0.5,0.2277864042534868,34.058808592213964,0.09701083381831636,0.05429215260902341,0.05347025335216558,0.009411101878124994,0.0029476378349214878,0.002859067993544774
quadratic_positive,quadratic,quadratic_+0.50,-31.0,2026120298,98,quadratic|quadratic_positive|-31.0|2026120298,0,0.5,0.2277864042534868,34.058808592213964,0.09701083381831636,0.05429215260902341,0.05347025335216558,0.009411101878124994,0.0029476378349214878,0.002859067993544774
quadratic_positive,quadratic,quadratic_+0.50,-31.0,2026120299,99,quadratic|quadratic_positive|-31.0|2026120299,0,0.5,0.2277864042534868,34.058808592213964,0.09701083381831636,0.05429215260902341,0.05347025335216558,0.009411101878124994,0.0029476378349214878,0.002859067993544774
quadratic_negative,quadratic,quadratic_-0.50,-31.0,2026120202,2,quadratic|quadratic_negative|-31.0|2026120202,1,0.5,0.2277864042534868,34.058808592213964,0.08770525686141954,0.04483042796326063,0.043868643119006206,0.8322816983582886,0.9123489113448479,0.9141871716110904
quadratic_negative,quadratic,quadratic_-0.50,-31.0,2026120200,0,quadratic|quadratic_negative|-31.0|2026120200,0,0.5,0.2277864042534868,34.058808592213964,0.08770525686141954,0.04483042796326063,0.043868643119006206,0.00769221208112758,0.0020097672713691008,0.0019244578491027307
quadratic_negative,quadratic,quadratic_-0.50,-31.0,2026120201,1,quadratic|quadratic_negative|-31.0|2026120201,0,0.5,0.2277864042534868,34.058808592213964,0.08770525686141954,0.04483042796326063,0.043868643119006206,0.00769221208112758,0.0020097672713691008,0.0019244578491027307
quadratic_negative,quadratic,quadratic_-0.50,-31.0,2026120203,3,quadratic|quadratic_negative|-31.0|2026120203,0,0.5,0.2277864042534868,34.058808592213964,0.08770525686141954,0.04483042796326063,0.043868643119006206,0.00769221208112758,0.0020097672713691008,0.0019244578491027307
quadratic_negative,quadratic,quadratic_-0.50,-31.0,2026120207,7,quadratic|quadratic_negative|-31.0|2026120207,0,0.5,0.2277864042534868,34.058808592213964,0.08770525686141954,0.04483042796326063,0.043868643119006206,0.00769221208112758,0.0020097672713691008,0.0019244578491027307
quadratic_negative,quadratic,quadratic_-0.50,-31.0,2026120204,4,quadratic|quadratic_negative|-31.0|2026120204,0,0.5,0.2277864042534868,34.058808592213964,0.08770525686141954,0.04483042796326063,0.043868643119006206,0.00769221208112758,0.0020097672713691008,0.0019244578491027307
quadratic_negative,quadratic,quadratic_-0.50,-31.0,2026120205,5,quadratic|quadratic_negative|-31.0|2026120205,0,0.5,0.2277864042534868,34.058808592213964,0.08770525686141954,0.04483042796326063,0.043868643119006206,0.00769221208112758,0.0020097672713691008,0.0019244578491027307
quadratic_negative,quadratic,quadratic_-0.50,-31.0,2026120206,6,quadratic|quadratic_negative|-31.0|2026120206,0,0.5,0.2277864042534868,34.058808592213964,0.08770525686141954,0.04483042796326063,0.043868643119006206,0.00769221208112758,0.0020097672713691008,0.0019244578491027307
quadratic_negative,quadratic,quadratic_-0.50,-31.0,2026120209,9,quadratic|quadratic_negative|-31.0|2026120209,0,0.5,0.2277864042534868,34.058808592213964,0.08770525686141954,0.04483042796326063,0.043868643119006206,0.00769221208112758,0.0020097672713691008,0.0019244578491027307
quadratic_negative,quadratic,quadratic_-0.50,-31.0,2026120208,8,quadratic|quadratic_negative|-31.0|2026120208,0,0.5,0.2277864042534868,34.058808592213964,0.08770525686141954,0.04483042796326063,0.043868643119006206,0.00769221208112758,0.0020097672713691008,0.0019244578491027307
quadratic_negative,quadratic,quadratic_-0.50,-31.0,2026120210,10,quadratic|quadratic_negative|-31.0|2026120210,0,0.5,0.2277864042534868,34.058808592213964,0.08770525686141954,0.04483042796326063,0.043868643119006206,0.00769221208112758,0.0020097672713691008,0.0019244578491027307
quadratic_negative,quadratic,quadratic_-0.50,-31.0,2026120211,11,quadratic|quadratic_negative|-31.0|2026120211,0,0.5,0.2277864042534868,34.058808592213964,0.08770525686141954,0.04483042796326063,0.043868643119006206,0.00769221208112758,0.0020097672713691008,0.0019244578491027307
quadratic_negative,quadratic,quadratic_-0.50,-31.0,2026120212,12,quadratic|quadratic_negative|-31.0|2026120212,0,0.5,0.2277864042534868,34.058808592213964,0.08770525686141954,0.04483042796326063,0.043868643119006206,0.00769221208112758,0.0020097672713691008,0.0019244578491027307
quadratic_negative,quadratic,quadratic_-0.50,-31.0,2026120213,13,quadratic|quadratic_negative|-31.0|2026120213,0,0.5,0.2277864042534868,34.058808592213964,0.08770525686141954,0.04483042796326063,0.043868643119006206,0.00769221208112758,0.0020097672713691008,0.0019244578491027307
quadratic_negative,quadratic,quadratic_-0.50,-31.0,2026120214,14,quadratic|quadratic_negative|-31.0|2026120214,0,0.5,0.2277864042534868,34.058808592213964,0.08770525686141954,0.04483042796326063,0.043868643119006206,0.00769221208112758,0.0020097672713691008,0.0019244578491027307
quadratic_negative,quadratic,quadratic_-0.50,-31.0,2026120217,17,quadratic|quadratic_negative|-31.0|2026120217,1,0.5,0.2277864042534868,34.058808592213964,0.08770525686141954,0.04483042796326063,0.043868643119006206,0.8322816983582886,0.9123489113448479,0.9141871716110904
quadratic_negative,quadratic,quadratic_-0.50,-31.0,2026120215,15,quadratic|quadratic_negative|-31.0|2026120215,0,0.5,0.2277864042534868,34.058808592213964,0.08770525686141954,0.04483042796326063,0.043868643119006206,0.00769221208112758,0.0020097672713691008,0.0019244578491027307
quadratic_negative,quadratic,quadratic_-0.50,-31.0,2026120216,16,quadratic|quadratic_negative|-31.0|2026120216,0,0.5,0.2277864042534868,34.058808592213964,0.08770525686141954,0.04483042796326063,0.043868643119006206,0.00769221208112758,0.0020097672713691008,0.0019244578491027307
quadratic_negative,quadratic,quadratic_-0.50,-31.0,2026120218,18,quadratic|quadratic_negative|-31.0|2026120218,0,0.5,0.2277864042534868,34.058808592213964,0.08770525686141954,0.04483042796326063,0.043868643119006206,0.00769221208112758,0.0020097672713691008,0.0019244578491027307
quadratic_negative,quadratic,quadratic_-0.50,-31.0,2026120219,19,quadratic|quadratic_negative|-31.0|2026120219,0,0.5,0.2277864042534868,34.058808592213964,0.08770525686141954,0.04483042796326063,0.043868643119006206,0.00769221208112758,0.0020097672713691008,0.0019244578491027307
quadratic_negative,quadratic,quadratic_-0.50,-31.0,2026120220,20,quadratic|quadratic_negative|-31.0|2026120220,0,0.5,0.2277864042534868,34.058808592213964,0.08770525686141954,0.04483042796326063,0.043868643119006206,0.00769221208112758,0.0020097672713691008,0.0019244578491027307
quadratic_negative,quadratic,quadratic_-0.50,-31.0,2026120223,23,quadratic|quadratic_negative|-31.0|2026120223,0,0.5,0.2277864042534868,34.058808592213964,0.08770525686141954,0.04483042796326063,0.043868643119006206,0.00769221208112758,0.0020097672713691008,0.0019244578491027307
quadratic_negative,quadratic,quadratic_-0.50,-31.0,2026120221,21,quadratic|quadratic_negative|-31.0|2026120221,0,0.5,0.2277864042534868,34.058808592213964,0.08770525686141954,0.04483042796326063,0.043868643119006206,0.00769221208112758,0.0020097672713691008,0.0019244578491027307
quadratic_negative,quadratic,quadratic_-0.50,-31.0,2026120222,22,quadratic|quadratic_negative|-31.0|2026120222,0,0.5,0.2277864042534868,34.058808592213964,0.08770525686141954,0.04483042796326063,0.043868643119006206,0.00769221208112758,0.0020097672713691008,0.0019244578491027307
quadratic_negative,quadratic,quadratic_-0.50,-31.0,2026120224,24,quadratic|quadratic_negative|-31.0|2026120224,0,0.5,0.2277864042534868,34.058808592213964,0.08770525686141954,0.04483042796326063,0.043868643119006206,0.00769221208112758,0.0020097672713691008,0.0019244578491027307
quadratic_negative,quadratic,quadratic_-0.50,-31.0,2026120225,25,quadratic|quadratic_negative|-31.0|2026120225,0,0.5,0.2277864042534868,34.058808592213964,0.08770525686141954,0.04483042796326063,0.043868643119006206,0.00769221208112758,0.0020097672713691008,0.0019244578491027307
quadratic_negative,quadratic,quadratic_-0.50,-31.0,2026120229,29,quadratic|quadratic_negative|-31.0|2026120229,0,0.5,0.2277864042534868,34.058808592213964,0.08770525686141954,0.04483042796326063,0.043868643119006206,0.00769221208112758,0.0020097672713691008,0.0019244578491027307
quadratic_negative,quadratic,quadratic_-0.50,-31.0,2026120226,26,quadratic|quadratic_negative|-31.0|2026120226,0,0.5,0.2277864042534868,34.058808592213964,0.08770525686141954,0.04483042796326063,0.043868643119006206,0.00769221208112758,0.0020097672713691008,0.0019244578491027307
quadratic_negative,quadratic,quadratic_-0.50,-31.0,2026120227,27,quadratic|quadratic_negative|-31.0|2026120227,0,0.5,0.2277864042534868,34.058808592213964,0.08770525686141954,0.04483042796326063,0.043868643119006206,0.00769221208112758,0.0020097672713691008,0.0019244578491027307
quadratic_negative,quadratic,quadratic_-0.50,-31.0,2026120232,32,quadratic|quadratic_negative|-31.0|2026120232,0,0.5,0.2277864042534868,34.058808592213964,0.08770525686141954,0.04483042796326063,0.043868643119006206,0.00769221208112758,0.0020097672713691008,0.0019244578491027307
quadratic_negative,quadratic,quadratic_-0.50,-31.0,2026120228,28,quadratic|quadratic_negative|-31.0|2026120228,0,0.5,0.2277864042534868,34.058808592213964,0.08770525686141954,0.04483042796326063,0.043868643119006206,0.00769221208112758,0.0020097672713691008,0.0019244578491027307
quadratic_negative,quadratic,quadratic_-0.50,-31.0,2026120233,33,quadratic|quadratic_negative|-31.0|2026120233,0,0.5,0.2277864042534868,34.058808592213964,0.08770525686141954,0.04483042796326063,0.043868643119006206,0.00769221208112758,0.0020097672713691008,0.0019244578491027307
quadratic_negative,quadratic,quadratic_-0.50,-31.0,2026120230,30,quadratic|quadratic_negative|-31.0|2026120230,0,0.5,0.2277864042534868,34.058808592213964,0.08770525686141954,0.04483042796326063,0.043868643119006206,0.00769221208112758,0.0020097672713691008,0.0019244578491027307
quadratic_negative,quadratic,quadratic_-0.50,-31.0,2026120231,31,quadratic|quadratic_negative|-31.0|2026120231,0,0.5,0.2277864042534868,34.058808592213964,0.08770525686141954,0.04483042796326063,0.043868643119006206,0.00769221208112758,0.0020097672713691008,0.0019244578491027307
quadratic_negative,quadratic,quadratic_-0.50,-31.0,2026120235,35,quadratic|quadratic_negative|-31.0|2026120235,0,0.5,0.2277864042534868,34.058808592213964,0.08770525686141954,0.04483042796326063,0.043868643119006206,0.00769221208112758,0.0020097672713691008,0.0019244578491027307
quadratic_negative,quadratic,quadratic_-0.50,-31.0,2026120234,34,quadratic|quadratic_negative|-31.0|2026120234,0,0.5,0.2277864042534868,34.058808592213964,0.08770525686141954,0.04483042796326063,0.043868643119006206,0.00769221208112758,0.0020097672713691008,0.0019244578491027307
quadratic_negative,quadratic,quadratic_-0.50,-31.0,2026120236,36,quadratic|quadratic_negative|-31.0|2026120236,0,0.5,0.2277864042534868,34.058808592213964,0.08770525686141954,0.04483042796326063,0.043868643119006206,0.00769221208112758,0.0020097672713691008,0.0019244578491027307
quadratic_negative,quadratic,quadratic_-0.50,-31.0,2026120238,38,quadratic|quadratic_negative|-31.0|2026120238,0,0.5,0.2277864042534868,34.058808592213964,0.08770525686141954,0.04483042796326063,0.043868643119006206,0.00769221208112758,0.0020097672713691008,0.0019244578491027307
quadratic_negative,quadratic,quadratic_-0.50,-31.0,2026120237,37,quadratic|quadratic_negative|-31.0|2026120237,0,0.5,0.2277864042534868,34.058808592213964,0.08770525686141954,0.04483042796326063,0.043868643119006206,0.00769221208112758,0.0020097672713691008,0.0019244578491027307
quadratic_negative,quadratic,quadratic_-0.50,-31.0,2026120242,42,quadratic|quadratic_negative|-31.0|2026120242,1,0.5,0.2277864042534868,34.058808592213964,0.08770525686141954,0.04483042796326063,0.043868643119006206,0.8322816983582886,0.9123489113448479,0.9141871716110904
quadratic_negative,quadratic,quadratic_-0.50,-31.0,2026120239,39,quadratic|quadratic_negative|-31.0|2026120239,0,0.5,0.2277864042534868,34.058808592213964,0.08770525686141954,0.04483042796326063,0.043868643119006206,0.00769221208112758,0.0020097672713691008,0.0019244578491027307
quadratic_negative,quadratic,quadratic_-0.50,-31.0,2026120243,43,quadratic|quadratic_negative|-31.0|2026120243,0,0.5,0.2277864042534868,34.058808592213964,0.08770525686141954,0.04483042796326063,0.043868643119006206,0.00769221208112758,0.0020097672713691008,0.0019244578491027307
quadratic_negative,quadratic,quadratic_-0.50,-31.0,2026120241,41,quadratic|quadratic_negative|-31.0|2026120241,0,0.5,0.2277864042534868,34.058808592213964,0.08770525686141954,0.04483042796326063,0.043868643119006206,0.00769221208112758,0.0020097672713691008,0.0019244578491027307
quadratic_negative,quadratic,quadratic_-0.50,-31.0,2026120240,40,quadratic|quadratic_negative|-31.0|2026120240,0,0.5,0.2277864042534868,34.058808592213964,0.08770525686141954,0.04483042796326063,0.043868643119006206,0.00769221208112758,0.0020097672713691008,0.0019244578491027307
quadratic_negative,quadratic,quadratic_-0.50,-31.0,2026120245,45,quadratic|quadratic_negative|-31.0|2026120245,0,0.5,0.2277864042534868,34.058808592213964,0.08770525686141954,0.04483042796326063,0.043868643119006206,0.00769221208112758,0.0020097672713691008,0.0019244578491027307
quadratic_negative,quadratic,quadratic_-0.50,-31.0,2026120244,44,quadratic|quadratic_negative|-31.0|2026120244,0,0.5,0.2277864042534868,34.058808592213964,0.08770525686141954,0.04483042796326063,0.043868643119006206,0.00769221208112758,0.0020097672713691008,0.0019244578491027307
quadratic_negative,quadratic,quadratic_-0.50,-31.0,2026120247,47,quadratic|quadratic_negative|-31.0|2026120247,0,0.5,0.2277864042534868,34.058808592213964,0.08770525686141954,0.04483042796326063,0.043868643119006206,0.00769221208112758,0.0020097672713691008,0.0019244578491027307
quadratic_negative,quadratic,quadratic_-0.50,-31.0,2026120246,46,quadratic|quadratic_negative|-31.0|2026120246,0,0.5,0.2277864042534868,34.058808592213964,0.08770525686141954,0.04483042796326063,0.043868643119006206,0.00769221208112758,0.0020097672713691008,0.0019244578491027307
quadratic_negative,quadratic,quadratic_-0.50,-31.0,2026120249,49,quadratic|quadratic_negative|-31.0|2026120249,1,0.5,0.2277864042534868,34.058808592213964,0.08770525686141954,0.04483042796326063,0.043868643119006206,0.8322816983582886,0.9123489113448479,0.9141871716110904
quadratic_negative,quadratic,quadratic_-0.50,-31.0,2026120250,50,quadratic|quadratic_negative|-31.0|2026120250,0,0.5,0.2277864042534868,34.058808592213964,0.08770525686141954,0.04483042796326063,0.043868643119006206,0.00769221208112758,0.0020097672713691008,0.0019244578491027307
quadratic_negative,quadratic,quadratic_-0.50,-31.0,2026120248,48,quadratic|quadratic_negative|-31.0|2026120248,0,0.5,0.2277864042534868,34.058808592213964,0.08770525686141954,0.04483042796326063,0.043868643119006206,0.00769221208112758,0.0020097672713691008,0.0019244578491027307
quadratic_negative,quadratic,quadratic_-0.50,-31.0,2026120251,51,quadratic|quadratic_negative|-31.0|2026120251,0,0.5,0.2277864042534868,34.058808592213964,0.08770525686141954,0.04483042796326063,0.043868643119006206,0.00769221208112758,0.0020097672713691008,0.0019244578491027307
quadratic_negative,quadratic,quadratic_-0.50,-31.0,2026120252,52,quadratic|quadratic_negative|-31.0|2026120252,0,0.5,0.2277864042534868,34.058808592213964,0.08770525686141954,0.04483042796326063,0.043868643119006206,0.00769221208112758,0.0020097672713691008,0.0019244578491027307
quadratic_negative,quadratic,quadratic_-0.50,-31.0,2026120254,54,quadratic|quadratic_negative|-31.0|2026120254,0,0.5,0.2277864042534868,34.058808592213964,0.08770525686141954,0.04483042796326063,0.043868643119006206,0.00769221208112758,0.0020097672713691008,0.0019244578491027307
quadratic_negative,quadratic,quadratic_-0.50,-31.0,2026120253,53,quadratic|quadratic_negative|-31.0|2026120253,0,0.5,0.2277864042534868,34.058808592213964,0.08770525686141954,0.04483042796326063,0.043868643119006206,0.00769221208112758,0.0020097672713691008,0.0019244578491027307
quadratic_negative,quadratic,quadratic_-0.50,-31.0,2026120255,55,quadratic|quadratic_negative|-31.0|2026120255,0,0.5,0.2277864042534868,34.058808592213964,0.08770525686141954,0.04483042796326063,0.043868643119006206,0.00769221208112758,0.0020097672713691008,0.0019244578491027307
quadratic_negative,quadratic,quadratic_-0.50,-31.0,2026120256,56,quadratic|quadratic_negative|-31.0|2026120256,0,0.5,0.2277864042534868,34.058808592213964,0.08770525686141954,0.04483042796326063,0.043868643119006206,0.00769221208112758,0.0020097672713691008,0.0019244578491027307
quadratic_negative,quadratic,quadratic_-0.50,-31.0,2026120257,57,quadratic|quadratic_negative|-31.0|2026120257,0,0.5,0.2277864042534868,34.058808592213964,0.08770525686141954,0.04483042796326063,0.043868643119006206,0.00769221208112758,0.0020097672713691008,0.0019244578491027307
quadratic_negative,quadratic,quadratic_-0.50,-31.0,2026120258,58,quadratic|quadratic_negative|-31.0|2026120258,0,0.5,0.2277864042534868,34.058808592213964,0.08770525686141954,0.04483042796326063,0.043868643119006206,0.00769221208112758,0.0020097672713691008,0.0019244578491027307
quadratic_negative,quadratic,quadratic_-0.50,-31.0,2026120259,59,quadratic|quadratic_negative|-31.0|2026120259,0,0.5,0.2277864042534868,34.058808592213964,0.08770525686141954,0.04483042796326063,0.043868643119006206,0.00769221208112758,0.0020097672713691008,0.0019244578491027307
quadratic_negative,quadratic,quadratic_-0.50,-31.0,2026120263,63,quadratic|quadratic_negative|-31.0|2026120263,0,0.5,0.2277864042534868,34.058808592213964,0.08770525686141954,0.04483042796326063,0.043868643119006206,0.00769221208112758,0.0020097672713691008,0.0019244578491027307
quadratic_negative,quadratic,quadratic_-0.50,-31.0,2026120262,62,quadratic|quadratic_negative|-31.0|2026120262,1,0.5,0.2277864042534868,34.058808592213964,0.08770525686141954,0.04483042796326063,0.043868643119006206,0.8322816983582886,0.9123489113448479,0.9141871716110904
quadratic_negative,quadratic,quadratic_-0.50,-31.0,2026120260,60,quadratic|quadratic_negative|-31.0|2026120260,0,0.5,0.2277864042534868,34.058808592213964,0.08770525686141954,0.04483042796326063,0.043868643119006206,0.00769221208112758,0.0020097672713691008,0.0019244578491027307
quadratic_negative,quadratic,quadratic_-0.50,-31.0,2026120261,61,quadratic|quadratic_negative|-31.0|2026120261,0,0.5,0.2277864042534868,34.058808592213964,0.08770525686141954,0.04483042796326063,0.043868643119006206,0.00769221208112758,0.0020097672713691008,0.0019244578491027307
quadratic_negative,quadratic,quadratic_-0.50,-31.0,2026120267,67,quadratic|quadratic_negative|-31.0|2026120267,0,0.5,0.2277864042534868,34.058808592213964,0.08770525686141954,0.04483042796326063,0.043868643119006206,0.00769221208112758,0.0020097672713691008,0.0019244578491027307
quadratic_negative,quadratic,quadratic_-0.50,-31.0,2026120264,64,quadratic|quadratic_negative|-31.0|2026120264,0,0.5,0.2277864042534868,34.058808592213964,0.08770525686141954,0.04483042796326063,0.043868643119006206,0.00769221208112758,0.0020097672713691008,0.0019244578491027307
quadratic_negative,quadratic,quadratic_-0.50,-31.0,2026120266,66,quadratic|quadratic_negative|-31.0|2026120266,0,0.5,0.2277864042534868,34.058808592213964,0.08770525686141954,0.04483042796326063,0.043868643119006206,0.00769221208112758,0.0020097672713691008,0.0019244578491027307
quadratic_negative,quadratic,quadratic_-0.50,-31.0,2026120265,65,quadratic|quadratic_negative|-31.0|2026120265,0,0.5,0.2277864042534868,34.058808592213964,0.08770525686141954,0.04483042796326063,0.043868643119006206,0.00769221208112758,0.0020097672713691008,0.0019244578491027307
quadratic_negative,quadratic,quadratic_-0.50,-31.0,2026120268,68,quadratic|quadratic_negative|-31.0|2026120268,0,0.5,0.2277864042534868,34.058808592213964,0.08770525686141954,0.04483042796326063,0.043868643119006206,0.00769221208112758,0.0020097672713691008,0.0019244578491027307
quadratic_negative,quadratic,quadratic_-0.50,-31.0,2026120269,69,quadratic|quadratic_negative|-31.0|2026120269,0,0.5,0.2277864042534868,34.058808592213964,0.08770525686141954,0.04483042796326063,0.043868643119006206,0.00769221208112758,0.0020097672713691008,0.0019244578491027307
quadratic_negative,quadratic,quadratic_-0.50,-31.0,2026120273,73,quadratic|quadratic_negative|-31.0|2026120273,0,0.5,0.2277864042534868,34.058808592213964,0.08770525686141954,0.04483042796326063,0.043868643119006206,0.00769221208112758,0.0020097672713691008,0.0019244578491027307
quadratic_negative,quadratic,quadratic_-0.50,-31.0,2026120274,74,quadratic|quadratic_negative|-31.0|2026120274,0,0.5,0.2277864042534868,34.058808592213964,0.08770525686141954,0.04483042796326063,0.043868643119006206,0.00769221208112758,0.0020097672713691008,0.0019244578491027307
quadratic_negative,quadratic,quadratic_-0.50,-31.0,2026120270,70,quadratic|quadratic_negative|-31.0|2026120270,0,0.5,0.2277864042534868,34.058808592213964,0.08770525686141954,0.04483042796326063,0.043868643119006206,0.00769221208112758,0.0020097672713691008,0.0019244578491027307
quadratic_negative,quadratic,quadratic_-0.50,-31.0,2026120271,71,quadratic|quadratic_negative|-31.0|2026120271,0,0.5,0.2277864042534868,34.058808592213964,0.08770525686141954,0.04483042796326063,0.043868643119006206,0.00769221208112758,0.0020097672713691008,0.0019244578491027307
quadratic_negative,quadratic,quadratic_-0.50,-31.0,2026120272,72,quadratic|quadratic_negative|-31.0|2026120272,1,0.5,0.2277864042534868,34.058808592213964,0.08770525686141954,0.04483042796326063,0.043868643119006206,0.8322816983582886,0.9123489113448479,0.9141871716110904
quadratic_negative,quadratic,quadratic_-0.50,-31.0,2026120275,75,quadratic|quadratic_negative|-31.0|2026120275,0,0.5,0.2277864042534868,34.058808592213964,0.08770525686141954,0.04483042796326063,0.043868643119006206,0.00769221208112758,0.0020097672713691008,0.0019244578491027307
quadratic_negative,quadratic,quadratic_-0.50,-31.0,2026120276,76,quadratic|quadratic_negative|-31.0|2026120276,0,0.5,0.2277864042534868,34.058808592213964,0.08770525686141954,0.04483042796326063,0.043868643119006206,0.00769221208112758,0.0020097672713691008,0.0019244578491027307
quadratic_negative,quadratic,quadratic_-0.50,-31.0,2026120277,77,quadratic|quadratic_negative|-31.0|2026120277,0,0.5,0.2277864042534868,34.058808592213964,0.08770525686141954,0.04483042796326063,0.043868643119006206,0.00769221208112758,0.0020097672713691008,0.0019244578491027307
quadratic_negative,quadratic,quadratic_-0.50,-31.0,2026120278,78,quadratic|quadratic_negative|-31.0|2026120278,0,0.5,0.2277864042534868,34.058808592213964,0.08770525686141954,0.04483042796326063,0.043868643119006206,0.00769221208112758,0.0020097672713691008,0.0019244578491027307
quadratic_negative,quadratic,quadratic_-0.50,-31.0,2026120282,82,quadratic|quadratic_negative|-31.0|2026120282,0,0.5,0.2277864042534868,34.058808592213964,0.08770525686141954,0.04483042796326063,0.043868643119006206,0.00769221208112758,0.0020097672713691008,0.0019244578491027307
quadratic_negative,quadratic,quadratic_-0.50,-31.0,2026120283,83,quadratic|quadratic_negative|-31.0|2026120283,1,0.5,0.2277864042534868,34.058808592213964,0.08770525686141954,0.04483042796326063,0.043868643119006206,0.8322816983582886,0.9123489113448479,0.9141871716110904
quadratic_negative,quadratic,quadratic_-0.50,-31.0,2026120284,84,quadratic|quadratic_negative|-31.0|2026120284,0,0.5,0.2277864042534868,34.058808592213964,0.08770525686141954,0.04483042796326063,0.043868643119006206,0.00769221208112758,0.0020097672713691008,0.0019244578491027307
quadratic_negative,quadratic,quadratic_-0.50,-31.0,2026120280,80,quadratic|quadratic_negative|-31.0|2026120280,0,0.5,0.2277864042534868,34.058808592213964,0.08770525686141954,0.04483042796326063,0.043868643119006206,0.00769221208112758,0.0020097672713691008,0.0019244578491027307
quadratic_negative,quadratic,quadratic_-0.50,-31.0,2026120279,79,quadratic|quadratic_negative|-31.0|2026120279,0,0.5,0.2277864042534868,34.058808592213964,0.08770525686141954,0.04483042796326063,0.043868643119006206,0.00769221208112758,0.0020097672713691008,0.0019244578491027307
quadratic_negative,quadratic,quadratic_-0.50,-31.0,2026120281,81,quadratic|quadratic_negative|-31.0|2026120281,0,0.5,0.2277864042534868,34.058808592213964,0.08770525686141954,0.04483042796326063,0.043868643119006206,0.00769221208112758,0.0020097672713691008,0.0019244578491027307
quadratic_negative,quadratic,quadratic_-0.50,-31.0,2026120285,85,quadratic|quadratic_negative|-31.0|2026120285,0,0.5,0.2277864042534868,34.058808592213964,0.08770525686141954,0.04483042796326063,0.043868643119006206,0.00769221208112758,0.0020097672713691008,0.0019244578491027307
quadratic_negative,quadratic,quadratic_-0.50,-31.0,2026120286,86,quadratic|quadratic_negative|-31.0|2026120286,0,0.5,0.2277864042534868,34.058808592213964,0.08770525686141954,0.04483042796326063,0.043868643119006206,0.00769221208112758,0.0020097672713691008,0.0019244578491027307
quadratic_negative,quadratic,quadratic_-0.50,-31.0,2026120287,87,quadratic|quadratic_negative|-31.0|2026120287,0,0.5,0.2277864042534868,34.058808592213964,0.08770525686141954,0.04483042796326063,0.043868643119006206,0.00769221208112758,0.0020097672713691008,0.0019244578491027307
quadratic_negative,quadratic,quadratic_-0.50,-31.0,2026120289,89,quadratic|quadratic_negative|-31.0|2026120289,0,0.5,0.2277864042534868,34.058808592213964,0.08770525686141954,0.04483042796326063,0.043868643119006206,0.00769221208112758,0.0020097672713691008,0.0019244578491027307
quadratic_negative,quadratic,quadratic_-0.50,-31.0,2026120288,88,quadratic|quadratic_negative|-31.0|2026120288,0,0.5,0.2277864042534868,34.058808592213964,0.08770525686141954,0.04483042796326063,0.043868643119006206,0.00769221208112758,0.0020097672713691008,0.0019244578491027307
quadratic_negative,quadratic,quadratic_-0.50,-31.0,2026120290,90,quadratic|quadratic_negative|-31.0|2026120290,0,0.5,0.2277864042534868,34.058808592213964,0.08770525686141954,0.04483042796326063,0.043868643119006206,0.00769221208112758,0.0020097672713691008,0.0019244578491027307
quadratic_negative,quadratic,quadratic_-0.50,-31.0,2026120291,91,quadratic|quadratic_negative|-31.0|2026120291,0,0.5,0.2277864042534868,34.058808592213964,0.08770525686141954,0.04483042796326063,0.043868643119006206,0.00769221208112758,0.0020097672713691008,0.0019244578491027307
quadratic_negative,quadratic,quadratic_-0.50,-31.0,2026120292,92,quadratic|quadratic_negative|-31.0|2026120292,0,0.5,0.2277864042534868,34.058808592213964,0.08770525686141954,0.04483042796326063,0.043868643119006206,0.00769221208112758,0.0020097672713691008,0.0019244578491027307
quadratic_negative,quadratic,quadratic_-0.50,-31.0,2026120296,96,quadratic|quadratic_negative|-31.0|2026120296,0,0.5,0.2277864042534868,34.058808592213964,0.08770525686141954,0.04483042796326063,0.043868643119006206,0.00769221208112758,0.0020097672713691008,0.0019244578491027307
quadratic_negative,quadratic,quadratic_-0.50,-31.0,2026120293,93,quadratic|quadratic_negative|-31.0|2026120293,0,0.5,0.2277864042534868,34.058808592213964,0.08770525686141954,0.04483042796326063,0.043868643119006206,0.00769221208112758,0.0020097672713691008,0.0019244578491027307
quadratic_negative,quadratic,quadratic_-0.50,-31.0,2026120294,94,quadratic|quadratic_negative|-31.0|2026120294,0,0.5,0.2277864042534868,34.058808592213964,0.08770525686141954,0.04483042796326063,0.043868643119006206,0.00769221208112758,0.0020097672713691008,0.0019244578491027307
quadratic_negative,quadratic,quadratic_-0.50,-31.0,2026120295,95,quadratic|quadratic_negative|-31.0|2026120295,0,0.5,0.2277864042534868,34.058808592213964,0.08770525686141954,0.04483042796326063,0.043868643119006206,0.00769221208112758,0.0020097672713691008,0.0019244578491027307
quadratic_negative,quadratic,quadratic_-0.50,-31.0,2026120297,97,quadratic|quadratic_negative|-31.0|2026120297,0,0.5,0.2277864042534868,34.058808592213964,0.08770525686141954,0.04483042796326063,0.043868643119006206,0.00769221208112758,0.0020097672713691008,0.0019244578491027307
quadratic_negative,quadratic,quadratic_-0.50,-31.0,2026120298,98,quadratic|quadratic_negative|-31.0|2026120298,0,0.5,0.2277864042534868,34.058808592213964,0.08770525686141954,0.04483042796326063,0.043868643119006206,0.00769221208112758,0.0020097672713691008,0.0019244578491027307
quadratic_negative,quadratic,quadratic_-0.50,-31.0,2026120299,99,quadratic|quadratic_negative|-31.0|2026120299,0,0.5,0.2277864042534868,34.058808592213964,0.08770525686141954,0.04483042796326063,0.043868643119006206,0.00769221208112758,0.0020097672713691008,0.0019244578491027307
thermal_tau30,thermal,thermal_tau30_A0.25,-30.0,2026100202,2,thermal|thermal_tau30|-30.0|2026100202,1,0.2499999999999998,0.0821507523746461,13.118264357090071,0.9089352665975338,0.9333919930753133,0.931502467438753,0.00829278566966225,0.0044366265864791135,0.004691911966979096
thermal_tau30,thermal,thermal_tau30_A0.25,-30.0,2026100204,4,thermal|thermal_tau30|-30.0|2026100204,1,0.2499999999999998,0.0821507523746461,13.118264357090071,0.9089352665975338,0.9333919930753133,0.931502467438753,0.00829278566966225,0.0044366265864791135,0.004691911966979096
thermal_tau30,thermal,thermal_tau30_A0.25,-30.0,2026100203,3,thermal|thermal_tau30|-30.0|2026100203,1,0.2499999999999998,0.0821507523746461,13.118264357090071,0.9089352665975338,0.9333919930753133,0.931502467438753,0.00829278566966225,0.0044366265864791135,0.004691911966979096
thermal_tau30,thermal,thermal_tau30_A0.25,-30.0,2026100201,1,thermal|thermal_tau30|-30.0|2026100201,1,0.2499999999999998,0.0821507523746461,13.118264357090071,0.9089352665975338,0.9333919930753133,0.931502467438753,0.00829278566966225,0.0044366265864791135,0.004691911966979096
thermal_tau30,thermal,thermal_tau30_A0.25,-30.0,2026100200,0,thermal|thermal_tau30|-30.0|2026100200,1,0.2499999999999998,0.0821507523746461,13.118264357090071,0.9089352665975338,0.9333919930753133,0.931502467438753,0.00829278566966225,0.0044366265864791135,0.004691911966979096
thermal_tau30,thermal,thermal_tau30_A0.25,-30.0,2026100205,5,thermal|thermal_tau30|-30.0|2026100205,1,0.2499999999999998,0.0821507523746461,13.118264357090071,0.9089352665975338,0.9333919930753133,0.931502467438753,0.00829278566966225,0.0044366265864791135,0.004691911966979096
thermal_tau30,thermal,thermal_tau30_A0.25,-30.0,2026100207,7,thermal|thermal_tau30|-30.0|2026100207,1,0.2499999999999998,0.0821507523746461,13.118264357090071,0.9089352665975338,0.9333919930753133,0.931502467438753,0.00829278566966225,0.0044366265864791135,0.004691911966979096
thermal_tau30,thermal,thermal_tau30_A0.25,-30.0,2026100208,8,thermal|thermal_tau30|-30.0|2026100208,1,0.2499999999999998,0.0821507523746461,13.118264357090071,0.9089352665975338,0.9333919930753133,0.931502467438753,0.00829278566966225,0.0044366265864791135,0.004691911966979096
thermal_tau30,thermal,thermal_tau30_A0.25,-30.0,2026100206,6,thermal|thermal_tau30|-30.0|2026100206,1,0.2499999999999998,0.0821507523746461,13.118264357090071,0.9089352665975338,0.9333919930753133,0.931502467438753,0.00829278566966225,0.0044366265864791135,0.004691911966979096
thermal_tau30,thermal,thermal_tau30_A0.25,-30.0,2026100209,9,thermal|thermal_tau30|-30.0|2026100209,1,0.2499999999999998,0.0821507523746461,13.118264357090071,0.9089352665975338,0.9333919930753133,0.931502467438753,0.00829278566966225,0.0044366265864791135,0.004691911966979096
thermal_tau30,thermal,thermal_tau30_A0.25,-30.0,2026100211,11,thermal|thermal_tau30|-30.0|2026100211,1,0.2499999999999998,0.0821507523746461,13.118264357090071,0.9089352665975338,0.9333919930753133,0.931502467438753,0.00829278566966225,0.0044366265864791135,0.004691911966979096
thermal_tau30,thermal,thermal_tau30_A0.25,-30.0,2026100214,14,thermal|thermal_tau30|-30.0|2026100214,1,0.2499999999999998,0.0821507523746461,13.118264357090071,0.9089352665975338,0.9333919930753133,0.931502467438753,0.00829278566966225,0.0044366265864791135,0.004691911966979096
thermal_tau30,thermal,thermal_tau30_A0.25,-30.0,2026100212,12,thermal|thermal_tau30|-30.0|2026100212,1,0.2499999999999998,0.0821507523746461,13.118264357090071,0.9089352665975338,0.9333919930753133,0.931502467438753,0.00829278566966225,0.0044366265864791135,0.004691911966979096
thermal_tau30,thermal,thermal_tau30_A0.25,-30.0,2026100210,10,thermal|thermal_tau30|-30.0|2026100210,1,0.2499999999999998,0.0821507523746461,13.118264357090071,0.9089352665975338,0.9333919930753133,0.931502467438753,0.00829278566966225,0.0044366265864791135,0.004691911966979096
thermal_tau30,thermal,thermal_tau30_A0.25,-30.0,2026100213,13,thermal|thermal_tau30|-30.0|2026100213,1,0.2499999999999998,0.0821507523746461,13.118264357090071,0.9089352665975338,0.9333919930753133,0.931502467438753,0.00829278566966225,0.0044366265864791135,0.004691911966979096
thermal_tau30,thermal,thermal_tau30_A0.25,-30.0,2026100215,15,thermal|thermal_tau30|-30.0|2026100215,1,0.2499999999999998,0.0821507523746461,13.118264357090071,0.9089352665975338,0.9333919930753133,0.931502467438753,0.00829278566966225,0.0044366265864791135,0.004691911966979096
thermal_tau30,thermal,thermal_tau30_A0.25,-30.0,2026100219,19,thermal|thermal_tau30|-30.0|2026100219,1,0.2499999999999998,0.0821507523746461,13.118264357090071,0.9089352665975338,0.9333919930753133,0.931502467438753,0.00829278566966225,0.0044366265864791135,0.004691911966979096
thermal_tau30,thermal,thermal_tau30_A0.25,-30.0,2026100216,16,thermal|thermal_tau30|-30.0|2026100216,1,0.2499999999999998,0.0821507523746461,13.118264357090071,0.9089352665975338,0.9333919930753133,0.931502467438753,0.00829278566966225,0.0044366265864791135,0.004691911966979096
thermal_tau30,thermal,thermal_tau30_A0.25,-30.0,2026100220,20,thermal|thermal_tau30|-30.0|2026100220,1,0.2499999999999998,0.0821507523746461,13.118264357090071,0.9089352665975338,0.9333919930753133,0.931502467438753,0.00829278566966225,0.0044366265864791135,0.004691911966979096
thermal_tau30,thermal,thermal_tau30_A0.25,-30.0,2026100218,18,thermal|thermal_tau30|-30.0|2026100218,0,0.2499999999999998,0.0821507523746461,13.118264357090071,0.9089352665975338,0.9333919930753133,0.931502467438753,0.8261633188647298,0.8712206127371057,0.867696846844485
thermal_tau30,thermal,thermal_tau30_A0.25,-30.0,2026100222,22,thermal|thermal_tau30|-30.0|2026100222,1,0.2499999999999998,0.0821507523746461,13.118264357090071,0.9089352665975338,0.9333919930753133,0.931502467438753,0.00829278566966225,0.0044366265864791135,0.004691911966979096
thermal_tau30,thermal,thermal_tau30_A0.25,-30.0,2026100223,23,thermal|thermal_tau30|-30.0|2026100223,1,0.2499999999999998,0.0821507523746461,13.118264357090071,0.9089352665975338,0.9333919930753133,0.931502467438753,0.00829278566966225,0.0044366265864791135,0.004691911966979096
thermal_tau30,thermal,thermal_tau30_A0.25,-30.0,2026100225,25,thermal|thermal_tau30|-30.0|2026100225,1,0.2499999999999998,0.0821507523746461,13.118264357090071,0.9089352665975338,0.9333919930753133,0.931502467438753,0.00829278566966225,0.0044366265864791135,0.004691911966979096
thermal_tau30,thermal,thermal_tau30_A0.25,-30.0,2026100221,21,thermal|thermal_tau30|-30.0|2026100221,1,0.2499999999999998,0.0821507523746461,13.118264357090071,0.9089352665975338,0.9333919930753133,0.931502467438753,0.00829278566966225,0.0044366265864791135,0.004691911966979096
thermal_tau30,thermal,thermal_tau30_A0.25,-30.0,2026100226,26,thermal|thermal_tau30|-30.0|2026100226,1,0.2499999999999998,0.0821507523746461,13.118264357090071,0.9089352665975338,0.9333919930753133,0.931502467438753,0.00829278566966225,0.0044366265864791135,0.004691911966979096
thermal_tau30,thermal,thermal_tau30_A0.25,-30.0,2026100227,27,thermal|thermal_tau30|-30.0|2026100227,1,0.2499999999999998,0.0821507523746461,13.118264357090071,0.9089352665975338,0.9333919930753133,0.931502467438753,0.00829278566966225,0.0044366265864791135,0.004691911966979096
thermal_tau30,thermal,thermal_tau30_A0.25,-30.0,2026100217,17,thermal|thermal_tau30|-30.0|2026100217,0,0.2499999999999998,0.0821507523746461,13.118264357090071,0.9089352665975338,0.9333919930753133,0.931502467438753,0.8261633188647298,0.8712206127371057,0.867696846844485
thermal_tau30,thermal,thermal_tau30_A0.25,-30.0,2026100229,29,thermal|thermal_tau30|-30.0|2026100229,1,0.2499999999999998,0.0821507523746461,13.118264357090071,0.9089352665975338,0.9333919930753133,0.931502467438753,0.00829278566966225,0.0044366265864791135,0.004691911966979096
thermal_tau30,thermal,thermal_tau30_A0.25,-30.0,2026100231,31,thermal|thermal_tau30|-30.0|2026100231,1,0.2499999999999998,0.0821507523746461,13.118264357090071,0.9089352665975338,0.9333919930753133,0.931502467438753,0.00829278566966225,0.0044366265864791135,0.004691911966979096
thermal_tau30,thermal,thermal_tau30_A0.25,-30.0,2026100224,24,thermal|thermal_tau30|-30.0|2026100224,1,0.2499999999999998,0.0821507523746461,13.118264357090071,0.9089352665975338,0.9333919930753133,0.931502467438753,0.00829278566966225,0.0044366265864791135,0.004691911966979096
thermal_tau30,thermal,thermal_tau30_A0.25,-30.0,2026100230,30,thermal|thermal_tau30|-30.0|2026100230,1,0.2499999999999998,0.0821507523746461,13.118264357090071,0.9089352665975338,0.9333919930753133,0.931502467438753,0.00829278566966225,0.0044366265864791135,0.004691911966979096
thermal_tau30,thermal,thermal_tau30_A0.25,-30.0,2026100233,33,thermal|thermal_tau30|-30.0|2026100233,1,0.2499999999999998,0.0821507523746461,13.118264357090071,0.9089352665975338,0.9333919930753133,0.931502467438753,0.00829278566966225,0.0044366265864791135,0.004691911966979096
thermal_tau30,thermal,thermal_tau30_A0.25,-30.0,2026100228,28,thermal|thermal_tau30|-30.0|2026100228,1,0.2499999999999998,0.0821507523746461,13.118264357090071,0.9089352665975338,0.9333919930753133,0.931502467438753,0.00829278566966225,0.0044366265864791135,0.004691911966979096
thermal_tau30,thermal,thermal_tau30_A0.25,-30.0,2026100234,34,thermal|thermal_tau30|-30.0|2026100234,1,0.2499999999999998,0.0821507523746461,13.118264357090071,0.9089352665975338,0.9333919930753133,0.931502467438753,0.00829278566966225,0.0044366265864791135,0.004691911966979096
thermal_tau30,thermal,thermal_tau30_A0.25,-30.0,2026100235,35,thermal|thermal_tau30|-30.0|2026100235,1,0.2499999999999998,0.0821507523746461,13.118264357090071,0.9089352665975338,0.9333919930753133,0.931502467438753,0.00829278566966225,0.0044366265864791135,0.004691911966979096
thermal_tau30,thermal,thermal_tau30_A0.25,-30.0,2026100232,32,thermal|thermal_tau30|-30.0|2026100232,1,0.2499999999999998,0.0821507523746461,13.118264357090071,0.9089352665975338,0.9333919930753133,0.931502467438753,0.00829278566966225,0.0044366265864791135,0.004691911966979096
thermal_tau30,thermal,thermal_tau30_A0.25,-30.0,2026100236,36,thermal|thermal_tau30|-30.0|2026100236,1,0.2499999999999998,0.0821507523746461,13.118264357090071,0.9089352665975338,0.9333919930753133,0.931502467438753,0.00829278566966225,0.0044366265864791135,0.004691911966979096
thermal_tau30,thermal,thermal_tau30_A0.25,-30.0,2026100239,39,thermal|thermal_tau30|-30.0|2026100239,1,0.2499999999999998,0.0821507523746461,13.118264357090071,0.9089352665975338,0.9333919930753133,0.931502467438753,0.00829278566966225,0.0044366265864791135,0.004691911966979096
thermal_tau30,thermal,thermal_tau30_A0.25,-30.0,2026100241,41,thermal|thermal_tau30|-30.0|2026100241,1,0.2499999999999998,0.0821507523746461,13.118264357090071,0.9089352665975338,0.9333919930753133,0.931502467438753,0.00829278566966225,0.0044366265864791135,0.004691911966979096
thermal_tau30,thermal,thermal_tau30_A0.25,-30.0,2026100240,40,thermal|thermal_tau30|-30.0|2026100240,1,0.2499999999999998,0.0821507523746461,13.118264357090071,0.9089352665975338,0.9333919930753133,0.931502467438753,0.00829278566966225,0.0044366265864791135,0.004691911966979096
thermal_tau30,thermal,thermal_tau30_A0.25,-30.0,2026100242,42,thermal|thermal_tau30|-30.0|2026100242,1,0.2499999999999998,0.0821507523746461,13.118264357090071,0.9089352665975338,0.9333919930753133,0.931502467438753,0.00829278566966225,0.0044366265864791135,0.004691911966979096
thermal_tau30,thermal,thermal_tau30_A0.25,-30.0,2026100237,37,thermal|thermal_tau30|-30.0|2026100237,1,0.2499999999999998,0.0821507523746461,13.118264357090071,0.9089352665975338,0.9333919930753133,0.931502467438753,0.00829278566966225,0.0044366265864791135,0.004691911966979096
thermal_tau30,thermal,thermal_tau30_A0.25,-30.0,2026100243,43,thermal|thermal_tau30|-30.0|2026100243,1,0.2499999999999998,0.0821507523746461,13.118264357090071,0.9089352665975338,0.9333919930753133,0.931502467438753,0.00829278566966225,0.0044366265864791135,0.004691911966979096
thermal_tau30,thermal,thermal_tau30_A0.25,-30.0,2026100245,45,thermal|thermal_tau30|-30.0|2026100245,1,0.2499999999999998,0.0821507523746461,13.118264357090071,0.9089352665975338,0.9333919930753133,0.931502467438753,0.00829278566966225,0.0044366265864791135,0.004691911966979096
thermal_tau30,thermal,thermal_tau30_A0.25,-30.0,2026100238,38,thermal|thermal_tau30|-30.0|2026100238,1,0.2499999999999998,0.0821507523746461,13.118264357090071,0.9089352665975338,0.9333919930753133,0.931502467438753,0.00829278566966225,0.0044366265864791135,0.004691911966979096
thermal_tau30,thermal,thermal_tau30_A0.25,-30.0,2026100247,47,thermal|thermal_tau30|-30.0|2026100247,1,0.2499999999999998,0.0821507523746461,13.118264357090071,0.9089352665975338,0.9333919930753133,0.931502467438753,0.00829278566966225,0.0044366265864791135,0.004691911966979096
thermal_tau30,thermal,thermal_tau30_A0.25,-30.0,2026100248,48,thermal|thermal_tau30|-30.0|2026100248,1,0.2499999999999998,0.0821507523746461,13.118264357090071,0.9089352665975338,0.9333919930753133,0.931502467438753,0.00829278566966225,0.0044366265864791135,0.004691911966979096
thermal_tau30,thermal,thermal_tau30_A0.25,-30.0,2026100249,49,thermal|thermal_tau30|-30.0|2026100249,1,0.2499999999999998,0.0821507523746461,13.118264357090071,0.9089352665975338,0.9333919930753133,0.931502467438753,0.00829278566966225,0.0044366265864791135,0.004691911966979096
thermal_tau30,thermal,thermal_tau30_A0.25,-30.0,2026100244,44,thermal|thermal_tau30|-30.0|2026100244,1,0.2499999999999998,0.0821507523746461,13.118264357090071,0.9089352665975338,0.9333919930753133,0.931502467438753,0.00829278566966225,0.0044366265864791135,0.004691911966979096
thermal_tau30,thermal,thermal_tau30_A0.25,-30.0,2026100251,51,thermal|thermal_tau30|-30.0|2026100251,1,0.2499999999999998,0.0821507523746461,13.118264357090071,0.9089352665975338,0.9333919930753133,0.931502467438753,0.00829278566966225,0.0044366265864791135,0.004691911966979096
thermal_tau30,thermal,thermal_tau30_A0.25,-30.0,2026100250,50,thermal|thermal_tau30|-30.0|2026100250,1,0.2499999999999998,0.0821507523746461,13.118264357090071,0.9089352665975338,0.9333919930753133,0.931502467438753,0.00829278566966225,0.0044366265864791135,0.004691911966979096
thermal_tau30,thermal,thermal_tau30_A0.25,-30.0,2026100253,53,thermal|thermal_tau30|-30.0|2026100253,1,0.2499999999999998,0.0821507523746461,13.118264357090071,0.9089352665975338,0.9333919930753133,0.931502467438753,0.00829278566966225,0.0044366265864791135,0.004691911966979096
thermal_tau30,thermal,thermal_tau30_A0.25,-30.0,2026100254,54,thermal|thermal_tau30|-30.0|2026100254,1,0.2499999999999998,0.0821507523746461,13.118264357090071,0.9089352665975338,0.9333919930753133,0.931502467438753,0.00829278566966225,0.0044366265864791135,0.004691911966979096
thermal_tau30,thermal,thermal_tau30_A0.25,-30.0,2026100256,56,thermal|thermal_tau30|-30.0|2026100256,1,0.2499999999999998,0.0821507523746461,13.118264357090071,0.9089352665975338,0.9333919930753133,0.931502467438753,0.00829278566966225,0.0044366265864791135,0.004691911966979096
thermal_tau30,thermal,thermal_tau30_A0.25,-30.0,2026100252,52,thermal|thermal_tau30|-30.0|2026100252,1,0.2499999999999998,0.0821507523746461,13.118264357090071,0.9089352665975338,0.9333919930753133,0.931502467438753,0.00829278566966225,0.0044366265864791135,0.004691911966979096
thermal_tau30,thermal,thermal_tau30_A0.25,-30.0,2026100257,57,thermal|thermal_tau30|-30.0|2026100257,1,0.2499999999999998,0.0821507523746461,13.118264357090071,0.9089352665975338,0.9333919930753133,0.931502467438753,0.00829278566966225,0.0044366265864791135,0.004691911966979096
thermal_tau30,thermal,thermal_tau30_A0.25,-30.0,2026100258,58,thermal|thermal_tau30|-30.0|2026100258,1,0.2499999999999998,0.0821507523746461,13.118264357090071,0.9089352665975338,0.9333919930753133,0.931502467438753,0.00829278566966225,0.0044366265864791135,0.004691911966979096
thermal_tau30,thermal,thermal_tau30_A0.25,-30.0,2026100259,59,thermal|thermal_tau30|-30.0|2026100259,1,0.2499999999999998,0.0821507523746461,13.118264357090071,0.9089352665975338,0.9333919930753133,0.931502467438753,0.00829278566966225,0.0044366265864791135,0.004691911966979096
thermal_tau30,thermal,thermal_tau30_A0.25,-30.0,2026100260,60,thermal|thermal_tau30|-30.0|2026100260,1,0.2499999999999998,0.0821507523746461,13.118264357090071,0.9089352665975338,0.9333919930753133,0.931502467438753,0.00829278566966225,0.0044366265864791135,0.004691911966979096
thermal_tau30,thermal,thermal_tau30_A0.25,-30.0,2026100255,55,thermal|thermal_tau30|-30.0|2026100255,1,0.2499999999999998,0.0821507523746461,13.118264357090071,0.9089352665975338,0.9333919930753133,0.931502467438753,0.00829278566966225,0.0044366265864791135,0.004691911966979096
thermal_tau30,thermal,thermal_tau30_A0.25,-30.0,2026100262,62,thermal|thermal_tau30|-30.0|2026100262,1,0.2499999999999998,0.0821507523746461,13.118264357090071,0.9089352665975338,0.9333919930753133,0.931502467438753,0.00829278566966225,0.0044366265864791135,0.004691911966979096
thermal_tau30,thermal,thermal_tau30_A0.25,-30.0,2026100246,46,thermal|thermal_tau30|-30.0|2026100246,0,0.2499999999999998,0.0821507523746461,13.118264357090071,0.9089352665975338,0.9333919930753133,0.931502467438753,0.8261633188647298,0.8712206127371057,0.867696846844485
thermal_tau30,thermal,thermal_tau30_A0.25,-30.0,2026100263,63,thermal|thermal_tau30|-30.0|2026100263,1,0.2499999999999998,0.0821507523746461,13.118264357090071,0.9089352665975338,0.9333919930753133,0.931502467438753,0.00829278566966225,0.0044366265864791135,0.004691911966979096
thermal_tau30,thermal,thermal_tau30_A0.25,-30.0,2026100261,61,thermal|thermal_tau30|-30.0|2026100261,1,0.2499999999999998,0.0821507523746461,13.118264357090071,0.9089352665975338,0.9333919930753133,0.931502467438753,0.00829278566966225,0.0044366265864791135,0.004691911966979096
thermal_tau30,thermal,thermal_tau30_A0.25,-30.0,2026100264,64,thermal|thermal_tau30|-30.0|2026100264,1,0.2499999999999998,0.0821507523746461,13.118264357090071,0.9089352665975338,0.9333919930753133,0.931502467438753,0.00829278566966225,0.0044366265864791135,0.004691911966979096
thermal_tau30,thermal,thermal_tau30_A0.25,-30.0,2026100266,66,thermal|thermal_tau30|-30.0|2026100266,1,0.2499999999999998,0.0821507523746461,13.118264357090071,0.9089352665975338,0.9333919930753133,0.931502467438753,0.00829278566966225,0.0044366265864791135,0.004691911966979096
thermal_tau30,thermal,thermal_tau30_A0.25,-30.0,2026100268,68,thermal|thermal_tau30|-30.0|2026100268,1,0.2499999999999998,0.0821507523746461,13.118264357090071,0.9089352665975338,0.9333919930753133,0.931502467438753,0.00829278566966225,0.0044366265864791135,0.004691911966979096
thermal_tau30,thermal,thermal_tau30_A0.25,-30.0,2026100270,70,thermal|thermal_tau30|-30.0|2026100270,1,0.2499999999999998,0.0821507523746461,13.118264357090071,0.9089352665975338,0.9333919930753133,0.931502467438753,0.00829278566966225,0.0044366265864791135,0.004691911966979096
thermal_tau30,thermal,thermal_tau30_A0.25,-30.0,2026100265,65,thermal|thermal_tau30|-30.0|2026100265,0,0.2499999999999998,0.0821507523746461,13.118264357090071,0.9089352665975338,0.9333919930753133,0.931502467438753,0.8261633188647298,0.8712206127371057,0.867696846844485
thermal_tau30,thermal,thermal_tau30_A0.25,-30.0,2026100269,69,thermal|thermal_tau30|-30.0|2026100269,1,0.2499999999999998,0.0821507523746461,13.118264357090071,0.9089352665975338,0.9333919930753133,0.931502467438753,0.00829278566966225,0.0044366265864791135,0.004691911966979096
thermal_tau30,thermal,thermal_tau30_A0.25,-30.0,2026100267,67,thermal|thermal_tau30|-30.0|2026100267,0,0.2499999999999998,0.0821507523746461,13.118264357090071,0.9089352665975338,0.9333919930753133,0.931502467438753,0.8261633188647298,0.8712206127371057,0.867696846844485
thermal_tau30,thermal,thermal_tau30_A0.25,-30.0,2026100272,72,thermal|thermal_tau30|-30.0|2026100272,1,0.2499999999999998,0.0821507523746461,13.118264357090071,0.9089352665975338,0.9333919930753133,0.931502467438753,0.00829278566966225,0.0044366265864791135,0.004691911966979096
thermal_tau30,thermal,thermal_tau30_A0.25,-30.0,2026100271,71,thermal|thermal_tau30|-30.0|2026100271,1,0.2499999999999998,0.0821507523746461,13.118264357090071,0.9089352665975338,0.9333919930753133,0.931502467438753,0.00829278566966225,0.0044366265864791135,0.004691911966979096
thermal_tau30,thermal,thermal_tau30_A0.25,-30.0,2026100275,75,thermal|thermal_tau30|-30.0|2026100275,1,0.2499999999999998,0.0821507523746461,13.118264357090071,0.9089352665975338,0.9333919930753133,0.931502467438753,0.00829278566966225,0.0044366265864791135,0.004691911966979096
thermal_tau30,thermal,thermal_tau30_A0.25,-30.0,2026100274,74,thermal|thermal_tau30|-30.0|2026100274,1,0.2499999999999998,0.0821507523746461,13.118264357090071,0.9089352665975338,0.9333919930753133,0.931502467438753,0.00829278566966225,0.0044366265864791135,0.004691911966979096
thermal_tau30,thermal,thermal_tau30_A0.25,-30.0,2026100277,77,thermal|thermal_tau30|-30.0|2026100277,1,0.2499999999999998,0.0821507523746461,13.118264357090071,0.9089352665975338,0.9333919930753133,0.931502467438753,0.00829278566966225,0.0044366265864791135,0.004691911966979096
thermal_tau30,thermal,thermal_tau30_A0.25,-30.0,2026100276,76,thermal|thermal_tau30|-30.0|2026100276,1,0.2499999999999998,0.0821507523746461,13.118264357090071,0.9089352665975338,0.9333919930753133,0.931502467438753,0.00829278566966225,0.0044366265864791135,0.004691911966979096
thermal_tau30,thermal,thermal_tau30_A0.25,-30.0,2026100273,73,thermal|thermal_tau30|-30.0|2026100273,0,0.2499999999999998,0.0821507523746461,13.118264357090071,0.9089352665975338,0.9333919930753133,0.931502467438753,0.8261633188647298,0.8712206127371057,0.867696846844485
thermal_tau30,thermal,thermal_tau30_A0.25,-30.0,2026100278,78,thermal|thermal_tau30|-30.0|2026100278,1,0.2499999999999998,0.0821507523746461,13.118264357090071,0.9089352665975338,0.9333919930753133,0.931502467438753,0.00829278566966225,0.0044366265864791135,0.004691911966979096
thermal_tau30,thermal,thermal_tau30_A0.25,-30.0,2026100279,79,thermal|thermal_tau30|-30.0|2026100279,1,0.2499999999999998,0.0821507523746461,13.118264357090071,0.9089352665975338,0.9333919930753133,0.931502467438753,0.00829278566966225,0.0044366265864791135,0.004691911966979096
thermal_tau30,thermal,thermal_tau30_A0.25,-30.0,2026100283,83,thermal|thermal_tau30|-30.0|2026100283,1,0.2499999999999998,0.0821507523746461,13.118264357090071,0.9089352665975338,0.9333919930753133,0.931502467438753,0.00829278566966225,0.0044366265864791135,0.004691911966979096
thermal_tau30,thermal,thermal_tau30_A0.25,-30.0,2026100281,81,thermal|thermal_tau30|-30.0|2026100281,1,0.2499999999999998,0.0821507523746461,13.118264357090071,0.9089352665975338,0.9333919930753133,0.931502467438753,0.00829278566966225,0.0044366265864791135,0.004691911966979096
thermal_tau30,thermal,thermal_tau30_A0.25,-30.0,2026100285,85,thermal|thermal_tau30|-30.0|2026100285,1,0.2499999999999998,0.0821507523746461,13.118264357090071,0.9089352665975338,0.9333919930753133,0.931502467438753,0.00829278566966225,0.0044366265864791135,0.004691911966979096
thermal_tau30,thermal,thermal_tau30_A0.25,-30.0,2026100286,86,thermal|thermal_tau30|-30.0|2026100286,1,0.2499999999999998,0.0821507523746461,13.118264357090071,0.9089352665975338,0.9333919930753133,0.931502467438753,0.00829278566966225,0.0044366265864791135,0.004691911966979096
thermal_tau30,thermal,thermal_tau30_A0.25,-30.0,2026100282,82,thermal|thermal_tau30|-30.0|2026100282,1,0.2499999999999998,0.0821507523746461,13.118264357090071,0.9089352665975338,0.9333919930753133,0.931502467438753,0.00829278566966225,0.0044366265864791135,0.004691911966979096
thermal_tau30,thermal,thermal_tau30_A0.25,-30.0,2026100280,80,thermal|thermal_tau30|-30.0|2026100280,0,0.2499999999999998,0.0821507523746461,13.118264357090071,0.9089352665975338,0.9333919930753133,0.931502467438753,0.8261633188647298,0.8712206127371057,0.867696846844485
thermal_tau30,thermal,thermal_tau30_A0.25,-30.0,2026100284,84,thermal|thermal_tau30|-30.0|2026100284,1,0.2499999999999998,0.0821507523746461,13.118264357090071,0.9089352665975338,0.9333919930753133,0.931502467438753,0.00829278566966225,0.0044366265864791135,0.004691911966979096
thermal_tau30,thermal,thermal_tau30_A0.25,-30.0,2026100287,87,thermal|thermal_tau30|-30.0|2026100287,1,0.2499999999999998,0.0821507523746461,13.118264357090071,0.9089352665975338,0.9333919930753133,0.931502467438753,0.00829278566966225,0.0044366265864791135,0.004691911966979096
thermal_tau30,thermal,thermal_tau30_A0.25,-30.0,2026100290,90,thermal|thermal_tau30|-30.0|2026100290,1,0.2499999999999998,0.0821507523746461,13.118264357090071,0.9089352665975338,0.9333919930753133,0.931502467438753,0.00829278566966225,0.0044366265864791135,0.004691911966979096
thermal_tau30,thermal,thermal_tau30_A0.25,-30.0,2026100288,88,thermal|thermal_tau30|-30.0|2026100288,1,0.2499999999999998,0.0821507523746461,13.118264357090071,0.9089352665975338,0.9333919930753133,0.931502467438753,0.00829278566966225,0.0044366265864791135,0.004691911966979096
thermal_tau30,thermal,thermal_tau30_A0.25,-30.0,2026100291,91,thermal|thermal_tau30|-30.0|2026100291,1,0.2499999999999998,0.0821507523746461,13.118264357090071,0.9089352665975338,0.9333919930753133,0.931502467438753,0.00829278566966225,0.0044366265864791135,0.004691911966979096
thermal_tau30,thermal,thermal_tau30_A0.25,-30.0,2026100293,93,thermal|thermal_tau30|-30.0|2026100293,1,0.2499999999999998,0.0821507523746461,13.118264357090071,0.9089352665975338,0.9333919930753133,0.931502467438753,0.00829278566966225,0.0044366265864791135,0.004691911966979096
thermal_tau30,thermal,thermal_tau30_A0.25,-30.0,2026100289,89,thermal|thermal_tau30|-30.0|2026100289,1,0.2499999999999998,0.0821507523746461,13.118264357090071,0.9089352665975338,0.9333919930753133,0.931502467438753,0.00829278566966225,0.0044366265864791135,0.004691911966979096
thermal_tau30,thermal,thermal_tau30_A0.25,-30.0,2026100295,95,thermal|thermal_tau30|-30.0|2026100295,1,0.2499999999999998,0.0821507523746461,13.118264357090071,0.9089352665975338,0.9333919930753133,0.931502467438753,0.00829278566966225,0.0044366265864791135,0.004691911966979096
thermal_tau30,thermal,thermal_tau30_A0.25,-30.0,2026100296,96,thermal|thermal_tau30|-30.0|2026100296,1,0.2499999999999998,0.0821507523746461,13.118264357090071,0.9089352665975338,0.9333919930753133,0.931502467438753,0.00829278566966225,0.0044366265864791135,0.004691911966979096
thermal_tau30,thermal,thermal_tau30_A0.25,-30.0,2026100292,92,thermal|thermal_tau30|-30.0|2026100292,1,0.2499999999999998,0.0821507523746461,13.118264357090071,0.9089352665975338,0.9333919930753133,0.931502467438753,0.00829278566966225,0.0044366265864791135,0.004691911966979096
thermal_tau30,thermal,thermal_tau30_A0.25,-30.0,2026100294,94,thermal|thermal_tau30|-30.0|2026100294,1,0.2499999999999998,0.0821507523746461,13.118264357090071,0.9089352665975338,0.9333919930753133,0.931502467438753,0.00829278566966225,0.0044366265864791135,0.004691911966979096
thermal_tau30,thermal,thermal_tau30_A0.25,-30.0,2026100297,97,thermal|thermal_tau30|-30.0|2026100297,1,0.2499999999999998,0.0821507523746461,13.118264357090071,0.9089352665975338,0.9333919930753133,0.931502467438753,0.00829278566966225,0.0044366265864791135,0.004691911966979096
thermal_tau30,thermal,thermal_tau30_A0.50,-30.0,2026100200,0,thermal|thermal_tau30|-30.0|2026100200,1,0.4999999999999996,0.1643015047492922,26.236528714180142,0.41561209317846387,0.579279008939785,0.5645811240083726,0.34150922563925634,0.1770061523186895,0.18958959756981222
thermal_tau30,thermal,thermal_tau30_A0.50,-30.0,2026100201,1,thermal|thermal_tau30|-30.0|2026100201,1,0.4999999999999996,0.1643015047492922,26.236528714180142,0.41561209317846387,0.579279008939785,0.5645811240083726,0.34150922563925634,0.1770061523186895,0.18958959756981222
thermal_tau30,thermal,thermal_tau30_A0.25,-30.0,2026100299,99,thermal|thermal_tau30|-30.0|2026100299,1,0.2499999999999998,0.0821507523746461,13.118264357090071,0.9089352665975338,0.9333919930753133,0.931502467438753,0.00829278566966225,0.0044366265864791135,0.004691911966979096
thermal_tau30,thermal,thermal_tau30_A0.25,-30.0,2026100298,98,thermal|thermal_tau30|-30.0|2026100298,1,0.2499999999999998,0.0821507523746461,13.118264357090071,0.9089352665975338,0.9333919930753133,0.931502467438753,0.00829278566966225,0.0044366265864791135,0.004691911966979096
thermal_tau30,thermal,thermal_tau30_A0.50,-30.0,2026100204,4,thermal|thermal_tau30|-30.0|2026100204,1,0.4999999999999996,0.1643015047492922,26.236528714180142,0.41561209317846387,0.579279008939785,0.5645811240083726,0.34150922563925634,0.1770061523186895,0.18958959756981222
thermal_tau30,thermal,thermal_tau30_A0.50,-30.0,2026100202,2,thermal|thermal_tau30|-30.0|2026100202,1,0.4999999999999996,0.1643015047492922,26.236528714180142,0.41561209317846387,0.579279008939785,0.5645811240083726,0.34150922563925634,0.1770061523186895,0.18958959756981222
thermal_tau30,thermal,thermal_tau30_A0.50,-30.0,2026100205,5,thermal|thermal_tau30|-30.0|2026100205,1,0.4999999999999996,0.1643015047492922,26.236528714180142,0.41561209317846387,0.579279008939785,0.5645811240083726,0.34150922563925634,0.1770061523186895,0.18958959756981222
thermal_tau30,thermal,thermal_tau30_A0.50,-30.0,2026100203,3,thermal|thermal_tau30|-30.0|2026100203,0,0.4999999999999996,0.1643015047492922,26.236528714180142,0.41561209317846387,0.579279008939785,0.5645811240083726,0.17273341199618414,0.3355641701982595,0.3187518455865574
thermal_tau30,thermal,thermal_tau30_A0.50,-30.0,2026100208,8,thermal|thermal_tau30|-30.0|2026100208,1,0.4999999999999996,0.1643015047492922,26.236528714180142,0.41561209317846387,0.579279008939785,0.5645811240083726,0.34150922563925634,0.1770061523186895,0.18958959756981222
thermal_tau30,thermal,thermal_tau30_A0.50,-30.0,2026100210,10,thermal|thermal_tau30|-30.0|2026100210,1,0.4999999999999996,0.1643015047492922,26.236528714180142,0.41561209317846387,0.579279008939785,0.5645811240083726,0.34150922563925634,0.1770061523186895,0.18958959756981222
thermal_tau30,thermal,thermal_tau30_A0.50,-30.0,2026100206,6,thermal|thermal_tau30|-30.0|2026100206,0,0.4999999999999996,0.1643015047492922,26.236528714180142,0.41561209317846387,0.579279008939785,0.5645811240083726,0.17273341199618414,0.3355641701982595,0.3187518455865574
thermal_tau30,thermal,thermal_tau30_A0.50,-30.0,2026100207,7,thermal|thermal_tau30|-30.0|2026100207,0,0.4999999999999996,0.1643015047492922,26.236528714180142,0.41561209317846387,0.579279008939785,0.5645811240083726,0.17273341199618414,0.3355641701982595,0.3187518455865574
thermal_tau30,thermal,thermal_tau30_A0.50,-30.0,2026100212,12,thermal|thermal_tau30|-30.0|2026100212,1,0.4999999999999996,0.1643015047492922,26.236528714180142,0.41561209317846387,0.579279008939785,0.5645811240083726,0.34150922563925634,0.1770061523186895,0.18958959756981222
thermal_tau30,thermal,thermal_tau30_A0.50,-30.0,2026100209,9,thermal|thermal_tau30|-30.0|2026100209,1,0.4999999999999996,0.1643015047492922,26.236528714180142,0.41561209317846387,0.579279008939785,0.5645811240083726,0.34150922563925634,0.1770061523186895,0.18958959756981222
thermal_tau30,thermal,thermal_tau30_A0.50,-30.0,2026100214,14,thermal|thermal_tau30|-30.0|2026100214,1,0.4999999999999996,0.1643015047492922,26.236528714180142,0.41561209317846387,0.579279008939785,0.5645811240083726,0.34150922563925634,0.1770061523186895,0.18958959756981222
thermal_tau30,thermal,thermal_tau30_A0.50,-30.0,2026100211,11,thermal|thermal_tau30|-30.0|2026100211,1,0.4999999999999996,0.1643015047492922,26.236528714180142,0.41561209317846387,0.579279008939785,0.5645811240083726,0.34150922563925634,0.1770061523186895,0.18958959756981222
thermal_tau30,thermal,thermal_tau30_A0.50,-30.0,2026100215,15,thermal|thermal_tau30|-30.0|2026100215,1,0.4999999999999996,0.1643015047492922,26.236528714180142,0.41561209317846387,0.579279008939785,0.5645811240083726,0.34150922563925634,0.1770061523186895,0.18958959756981222
thermal_tau30,thermal,thermal_tau30_A0.50,-30.0,2026100216,16,thermal|thermal_tau30|-30.0|2026100216,1,0.4999999999999996,0.1643015047492922,26.236528714180142,0.41561209317846387,0.579279008939785,0.5645811240083726,0.34150922563925634,0.1770061523186895,0.18958959756981222
thermal_tau30,thermal,thermal_tau30_A0.50,-30.0,2026100219,19,thermal|thermal_tau30|-30.0|2026100219,1,0.4999999999999996,0.1643015047492922,26.236528714180142,0.41561209317846387,0.579279008939785,0.5645811240083726,0.34150922563925634,0.1770061523186895,0.18958959756981222
thermal_tau30,thermal,thermal_tau30_A0.50,-30.0,2026100213,13,thermal|thermal_tau30|-30.0|2026100213,0,0.4999999999999996,0.1643015047492922,26.236528714180142,0.41561209317846387,0.579279008939785,0.5645811240083726,0.17273341199618414,0.3355641701982595,0.3187518455865574
thermal_tau30,thermal,thermal_tau30_A0.50,-30.0,2026100218,18,thermal|thermal_tau30|-30.0|2026100218,1,0.4999999999999996,0.1643015047492922,26.236528714180142,0.41561209317846387,0.579279008939785,0.5645811240083726,0.34150922563925634,0.1770061523186895,0.18958959756981222
thermal_tau30,thermal,thermal_tau30_A0.50,-30.0,2026100220,20,thermal|thermal_tau30|-30.0|2026100220,1,0.4999999999999996,0.1643015047492922,26.236528714180142,0.41561209317846387,0.579279008939785,0.5645811240083726,0.34150922563925634,0.1770061523186895,0.18958959756981222
thermal_tau30,thermal,thermal_tau30_A0.50,-30.0,2026100217,17,thermal|thermal_tau30|-30.0|2026100217,0,0.4999999999999996,0.1643015047492922,26.236528714180142,0.41561209317846387,0.579279008939785,0.5645811240083726,0.17273341199618414,0.3355641701982595,0.3187518455865574
thermal_tau30,thermal,thermal_tau30_A0.50,-30.0,2026100224,24,thermal|thermal_tau30|-30.0|2026100224,1,0.4999999999999996,0.1643015047492922,26.236528714180142,0.41561209317846387,0.579279008939785,0.5645811240083726,0.34150922563925634,0.1770061523186895,0.18958959756981222
thermal_tau30,thermal,thermal_tau30_A0.50,-30.0,2026100221,21,thermal|thermal_tau30|-30.0|2026100221,1,0.4999999999999996,0.1643015047492922,26.236528714180142,0.41561209317846387,0.579279008939785,0.5645811240083726,0.34150922563925634,0.1770061523186895,0.18958959756981222
thermal_tau30,thermal,thermal_tau30_A0.50,-30.0,2026100226,26,thermal|thermal_tau30|-30.0|2026100226,1,0.4999999999999996,0.1643015047492922,26.236528714180142,0.41561209317846387,0.579279008939785,0.5645811240083726,0.34150922563925634,0.1770061523186895,0.18958959756981222
thermal_tau30,thermal,thermal_tau30_A0.50,-30.0,2026100222,22,thermal|thermal_tau30|-30.0|2026100222,1,0.4999999999999996,0.1643015047492922,26.236528714180142,0.41561209317846387,0.579279008939785,0.5645811240083726,0.34150922563925634,0.1770061523186895,0.18958959756981222
thermal_tau30,thermal,thermal_tau30_A0.50,-30.0,2026100227,27,thermal|thermal_tau30|-30.0|2026100227,1,0.4999999999999996,0.1643015047492922,26.236528714180142,0.41561209317846387,0.579279008939785,0.5645811240083726,0.34150922563925634,0.1770061523186895,0.18958959756981222
thermal_tau30,thermal,thermal_tau30_A0.50,-30.0,2026100223,23,thermal|thermal_tau30|-30.0|2026100223,0,0.4999999999999996,0.1643015047492922,26.236528714180142,0.41561209317846387,0.579279008939785,0.5645811240083726,0.17273341199618414,0.3355641701982595,0.3187518455865574
thermal_tau30,thermal,thermal_tau30_A0.50,-30.0,2026100230,30,thermal|thermal_tau30|-30.0|2026100230,1,0.4999999999999996,0.1643015047492922,26.236528714180142,0.41561209317846387,0.579279008939785,0.5645811240083726,0.34150922563925634,0.1770061523186895,0.18958959756981222
thermal_tau30,thermal,thermal_tau30_A0.50,-30.0,2026100231,31,thermal|thermal_tau30|-30.0|2026100231,1,0.4999999999999996,0.1643015047492922,26.236528714180142,0.41561209317846387,0.579279008939785,0.5645811240083726,0.34150922563925634,0.1770061523186895,0.18958959756981222
thermal_tau30,thermal,thermal_tau30_A0.50,-30.0,2026100225,25,thermal|thermal_tau30|-30.0|2026100225,0,0.4999999999999996,0.1643015047492922,26.236528714180142,0.41561209317846387,0.579279008939785,0.5645811240083726,0.17273341199618414,0.3355641701982595,0.3187518455865574
thermal_tau30,thermal,thermal_tau30_A0.50,-30.0,2026100232,32,thermal|thermal_tau30|-30.0|2026100232,1,0.4999999999999996,0.1643015047492922,26.236528714180142,0.41561209317846387,0.579279008939785,0.5645811240083726,0.34150922563925634,0.1770061523186895,0.18958959756981222
thermal_tau30,thermal,thermal_tau30_A0.50,-30.0,2026100228,28,thermal|thermal_tau30|-30.0|2026100228,0,0.4999999999999996,0.1643015047492922,26.236528714180142,0.41561209317846387,0.579279008939785,0.5645811240083726,0.17273341199618414,0.3355641701982595,0.3187518455865574
thermal_tau30,thermal,thermal_tau30_A0.50,-30.0,2026100233,33,thermal|thermal_tau30|-30.0|2026100233,1,0.4999999999999996,0.1643015047492922,26.236528714180142,0.41561209317846387,0.579279008939785,0.5645811240083726,0.34150922563925634,0.1770061523186895,0.18958959756981222
thermal_tau30,thermal,thermal_tau30_A0.50,-30.0,2026100229,29,thermal|thermal_tau30|-30.0|2026100229,1,0.4999999999999996,0.1643015047492922,26.236528714180142,0.41561209317846387,0.579279008939785,0.5645811240083726,0.34150922563925634,0.1770061523186895,0.18958959756981222
thermal_tau30,thermal,thermal_tau30_A0.50,-30.0,2026100234,34,thermal|thermal_tau30|-30.0|2026100234,1,0.4999999999999996,0.1643015047492922,26.236528714180142,0.41561209317846387,0.579279008939785,0.5645811240083726,0.34150922563925634,0.1770061523186895,0.18958959756981222
thermal_tau30,thermal,thermal_tau30_A0.50,-30.0,2026100236,36,thermal|thermal_tau30|-30.0|2026100236,1,0.4999999999999996,0.1643015047492922,26.236528714180142,0.41561209317846387,0.579279008939785,0.5645811240083726,0.34150922563925634,0.1770061523186895,0.18958959756981222
thermal_tau30,thermal,thermal_tau30_A0.50,-30.0,2026100239,39,thermal|thermal_tau30|-30.0|2026100239,1,0.4999999999999996,0.1643015047492922,26.236528714180142,0.41561209317846387,0.579279008939785,0.5645811240083726,0.34150922563925634,0.1770061523186895,0.18958959756981222
thermal_tau30,thermal,thermal_tau30_A0.50,-30.0,2026100237,37,thermal|thermal_tau30|-30.0|2026100237,1,0.4999999999999996,0.1643015047492922,26.236528714180142,0.41561209317846387,0.579279008939785,0.5645811240083726,0.34150922563925634,0.1770061523186895,0.18958959756981222
thermal_tau30,thermal,thermal_tau30_A0.50,-30.0,2026100235,35,thermal|thermal_tau30|-30.0|2026100235,0,0.4999999999999996,0.1643015047492922,26.236528714180142,0.41561209317846387,0.579279008939785,0.5645811240083726,0.17273341199618414,0.3355641701982595,0.3187518455865574
thermal_tau30,thermal,thermal_tau30_A0.50,-30.0,2026100240,40,thermal|thermal_tau30|-30.0|2026100240,0,0.4999999999999996,0.1643015047492922,26.236528714180142,0.41561209317846387,0.579279008939785,0.5645811240083726,0.17273341199618414,0.3355641701982595,0.3187518455865574
thermal_tau30,thermal,thermal_tau30_A0.50,-30.0,2026100238,38,thermal|thermal_tau30|-30.0|2026100238,0,0.4999999999999996,0.1643015047492922,26.236528714180142,0.41561209317846387,0.579279008939785,0.5645811240083726,0.17273341199618414,0.3355641701982595,0.3187518455865574
thermal_tau30,thermal,thermal_tau30_A0.50,-30.0,2026100242,42,thermal|thermal_tau30|-30.0|2026100242,1,0.4999999999999996,0.1643015047492922,26.236528714180142,0.41561209317846387,0.579279008939785,0.5645811240083726,0.34150922563925634,0.1770061523186895,0.18958959756981222
thermal_tau30,thermal,thermal_tau30_A0.50,-30.0,2026100243,43,thermal|thermal_tau30|-30.0|2026100243,1,0.4999999999999996,0.1643015047492922,26.236528714180142,0.41561209317846387,0.579279008939785,0.5645811240083726,0.34150922563925634,0.1770061523186895,0.18958959756981222
thermal_tau30,thermal,thermal_tau30_A0.50,-30.0,2026100245,45,thermal|thermal_tau30|-30.0|2026100245,1,0.4999999999999996,0.1643015047492922,26.236528714180142,0.41561209317846387,0.579279008939785,0.5645811240083726,0.34150922563925634,0.1770061523186895,0.18958959756981222
thermal_tau30,thermal,thermal_tau30_A0.50,-30.0,2026100241,41,thermal|thermal_tau30|-30.0|2026100241,0,0.4999999999999996,0.1643015047492922,26.236528714180142,0.41561209317846387,0.579279008939785,0.5645811240083726,0.17273341199618414,0.3355641701982595,0.3187518455865574
thermal_tau30,thermal,thermal_tau30_A0.50,-30.0,2026100244,44,thermal|thermal_tau30|-30.0|2026100244,1,0.4999999999999996,0.1643015047492922,26.236528714180142,0.41561209317846387,0.579279008939785,0.5645811240083726,0.34150922563925634,0.1770061523186895,0.18958959756981222
thermal_tau30,thermal,thermal_tau30_A0.50,-30.0,2026100247,47,thermal|thermal_tau30|-30.0|2026100247,1,0.4999999999999996,0.1643015047492922,26.236528714180142,0.41561209317846387,0.579279008939785,0.5645811240083726,0.34150922563925634,0.1770061523186895,0.18958959756981222
thermal_tau30,thermal,thermal_tau30_A0.50,-30.0,2026100246,46,thermal|thermal_tau30|-30.0|2026100246,0,0.4999999999999996,0.1643015047492922,26.236528714180142,0.41561209317846387,0.579279008939785,0.5645811240083726,0.17273341199618414,0.3355641701982595,0.3187518455865574
thermal_tau30,thermal,thermal_tau30_A0.50,-30.0,2026100248,48,thermal|thermal_tau30|-30.0|2026100248,0,0.4999999999999996,0.1643015047492922,26.236528714180142,0.41561209317846387,0.579279008939785,0.5645811240083726,0.17273341199618414,0.3355641701982595,0.3187518455865574
thermal_tau30,thermal,thermal_tau30_A0.50,-30.0,2026100251,51,thermal|thermal_tau30|-30.0|2026100251,1,0.4999999999999996,0.1643015047492922,26.236528714180142,0.41561209317846387,0.579279008939785,0.5645811240083726,0.34150922563925634,0.1770061523186895,0.18958959756981222
thermal_tau30,thermal,thermal_tau30_A0.50,-30.0,2026100252,52,thermal|thermal_tau30|-30.0|2026100252,1,0.4999999999999996,0.1643015047492922,26.236528714180142,0.41561209317846387,0.579279008939785,0.5645811240083726,0.34150922563925634,0.1770061523186895,0.18958959756981222
thermal_tau30,thermal,thermal_tau30_A0.50,-30.0,2026100249,49,thermal|thermal_tau30|-30.0|2026100249,1,0.4999999999999996,0.1643015047492922,26.236528714180142,0.41561209317846387,0.579279008939785,0.5645811240083726,0.34150922563925634,0.1770061523186895,0.18958959756981222
thermal_tau30,thermal,thermal_tau30_A0.50,-30.0,2026100254,54,thermal|thermal_tau30|-30.0|2026100254,1,0.4999999999999996,0.1643015047492922,26.236528714180142,0.41561209317846387,0.579279008939785,0.5645811240083726,0.34150922563925634,0.1770061523186895,0.18958959756981222
thermal_tau30,thermal,thermal_tau30_A0.50,-30.0,2026100250,50,thermal|thermal_tau30|-30.0|2026100250,0,0.4999999999999996,0.1643015047492922,26.236528714180142,0.41561209317846387,0.579279008939785,0.5645811240083726,0.17273341199618414,0.3355641701982595,0.3187518455865574
thermal_tau30,thermal,thermal_tau30_A0.50,-30.0,2026100257,57,thermal|thermal_tau30|-30.0|2026100257,1,0.4999999999999996,0.1643015047492922,26.236528714180142,0.41561209317846387,0.579279008939785,0.5645811240083726,0.34150922563925634,0.1770061523186895,0.18958959756981222
thermal_tau30,thermal,thermal_tau30_A0.50,-30.0,2026100253,53,thermal|thermal_tau30|-30.0|2026100253,1,0.4999999999999996,0.1643015047492922,26.236528714180142,0.41561209317846387,0.579279008939785,0.5645811240083726,0.34150922563925634,0.1770061523186895,0.18958959756981222
thermal_tau30,thermal,thermal_tau30_A0.50,-30.0,2026100256,56,thermal|thermal_tau30|-30.0|2026100256,1,0.4999999999999996,0.1643015047492922,26.236528714180142,0.41561209317846387,0.579279008939785,0.5645811240083726,0.34150922563925634,0.1770061523186895,0.18958959756981222
thermal_tau30,thermal,thermal_tau30_A0.50,-30.0,2026100255,55,thermal|thermal_tau30|-30.0|2026100255,0,0.4999999999999996,0.1643015047492922,26.236528714180142,0.41561209317846387,0.579279008939785,0.5645811240083726,0.17273341199618414,0.3355641701982595,0.3187518455865574
thermal_tau30,thermal,thermal_tau30_A0.50,-30.0,2026100261,61,thermal|thermal_tau30|-30.0|2026100261,1,0.4999999999999996,0.1643015047492922,26.236528714180142,0.41561209317846387,0.579279008939785,0.5645811240083726,0.34150922563925634,0.1770061523186895,0.18958959756981222
thermal_tau30,thermal,thermal_tau30_A0.50,-30.0,2026100258,58,thermal|thermal_tau30|-30.0|2026100258,0,0.4999999999999996,0.1643015047492922,26.236528714180142,0.41561209317846387,0.579279008939785,0.5645811240083726,0.17273341199618414,0.3355641701982595,0.3187518455865574
thermal_tau30,thermal,thermal_tau30_A0.50,-30.0,2026100262,62,thermal|thermal_tau30|-30.0|2026100262,1,0.4999999999999996,0.1643015047492922,26.236528714180142,0.41561209317846387,0.579279008939785,0.5645811240083726,0.34150922563925634,0.1770061523186895,0.18958959756981222
thermal_tau30,thermal,thermal_tau30_A0.50,-30.0,2026100259,59,thermal|thermal_tau30|-30.0|2026100259,0,0.4999999999999996,0.1643015047492922,26.236528714180142,0.41561209317846387,0.579279008939785,0.5645811240083726,0.17273341199618414,0.3355641701982595,0.3187518455865574
thermal_tau30,thermal,thermal_tau30_A0.50,-30.0,2026100265,65,thermal|thermal_tau30|-30.0|2026100265,1,0.4999999999999996,0.1643015047492922,26.236528714180142,0.41561209317846387,0.579279008939785,0.5645811240083726,0.34150922563925634,0.1770061523186895,0.18958959756981222
thermal_tau30,thermal,thermal_tau30_A0.50,-30.0,2026100264,64,thermal|thermal_tau30|-30.0|2026100264,1,0.4999999999999996,0.1643015047492922,26.236528714180142,0.41561209317846387,0.579279008939785,0.5645811240083726,0.34150922563925634,0.1770061523186895,0.18958959756981222
thermal_tau30,thermal,thermal_tau30_A0.50,-30.0,2026100266,66,thermal|thermal_tau30|-30.0|2026100266,1,0.4999999999999996,0.1643015047492922,26.236528714180142,0.41561209317846387,0.579279008939785,0.5645811240083726,0.34150922563925634,0.1770061523186895,0.18958959756981222
thermal_tau30,thermal,thermal_tau30_A0.50,-30.0,2026100260,60,thermal|thermal_tau30|-30.0|2026100260,0,0.4999999999999996,0.1643015047492922,26.236528714180142,0.41561209317846387,0.579279008939785,0.5645811240083726,0.17273341199618414,0.3355641701982595,0.3187518455865574
thermal_tau30,thermal,thermal_tau30_A0.50,-30.0,2026100269,69,thermal|thermal_tau30|-30.0|2026100269,1,0.4999999999999996,0.1643015047492922,26.236528714180142,0.41561209317846387,0.579279008939785,0.5645811240083726,0.34150922563925634,0.1770061523186895,0.18958959756981222
thermal_tau30,thermal,thermal_tau30_A0.50,-30.0,2026100268,68,thermal|thermal_tau30|-30.0|2026100268,1,0.4999999999999996,0.1643015047492922,26.236528714180142,0.41561209317846387,0.579279008939785,0.5645811240083726,0.34150922563925634,0.1770061523186895,0.18958959756981222
thermal_tau30,thermal,thermal_tau30_A0.50,-30.0,2026100263,63,thermal|thermal_tau30|-30.0|2026100263,0,0.4999999999999996,0.1643015047492922,26.236528714180142,0.41561209317846387,0.579279008939785,0.5645811240083726,0.17273341199618414,0.3355641701982595,0.3187518455865574
thermal_tau30,thermal,thermal_tau30_A0.50,-30.0,2026100270,70,thermal|thermal_tau30|-30.0|2026100270,1,0.4999999999999996,0.1643015047492922,26.236528714180142,0.41561209317846387,0.579279008939785,0.5645811240083726,0.34150922563925634,0.1770061523186895,0.18958959756981222
thermal_tau30,thermal,thermal_tau30_A0.50,-30.0,2026100271,71,thermal|thermal_tau30|-30.0|2026100271,1,0.4999999999999996,0.1643015047492922,26.236528714180142,0.41561209317846387,0.579279008939785,0.5645811240083726,0.34150922563925634,0.1770061523186895,0.18958959756981222
thermal_tau30,thermal,thermal_tau30_A0.50,-30.0,2026100267,67,thermal|thermal_tau30|-30.0|2026100267,0,0.4999999999999996,0.1643015047492922,26.236528714180142,0.41561209317846387,0.579279008939785,0.5645811240083726,0.17273341199618414,0.3355641701982595,0.3187518455865574
thermal_tau30,thermal,thermal_tau30_A0.50,-30.0,2026100273,73,thermal|thermal_tau30|-30.0|2026100273,1,0.4999999999999996,0.1643015047492922,26.236528714180142,0.41561209317846387,0.579279008939785,0.5645811240083726,0.34150922563925634,0.1770061523186895,0.18958959756981222
thermal_tau30,thermal,thermal_tau30_A0.50,-30.0,2026100272,72,thermal|thermal_tau30|-30.0|2026100272,0,0.4999999999999996,0.1643015047492922,26.236528714180142,0.41561209317846387,0.579279008939785,0.5645811240083726,0.17273341199618414,0.3355641701982595,0.3187518455865574
thermal_tau30,thermal,thermal_tau30_A0.50,-30.0,2026100274,74,thermal|thermal_tau30|-30.0|2026100274,1,0.4999999999999996,0.1643015047492922,26.236528714180142,0.41561209317846387,0.579279008939785,0.5645811240083726,0.34150922563925634,0.1770061523186895,0.18958959756981222
thermal_tau30,thermal,thermal_tau30_A0.50,-30.0,2026100276,76,thermal|thermal_tau30|-30.0|2026100276,1,0.4999999999999996,0.1643015047492922,26.236528714180142,0.41561209317846387,0.579279008939785,0.5645811240083726,0.34150922563925634,0.1770061523186895,0.18958959756981222
thermal_tau30,thermal,thermal_tau30_A0.50,-30.0,2026100277,77,thermal|thermal_tau30|-30.0|2026100277,1,0.4999999999999996,0.1643015047492922,26.236528714180142,0.41561209317846387,0.579279008939785,0.5645811240083726,0.34150922563925634,0.1770061523186895,0.18958959756981222
thermal_tau30,thermal,thermal_tau30_A0.50,-30.0,2026100275,75,thermal|thermal_tau30|-30.0|2026100275,0,0.4999999999999996,0.1643015047492922,26.236528714180142,0.41561209317846387,0.579279008939785,0.5645811240083726,0.17273341199618414,0.3355641701982595,0.3187518455865574
thermal_tau30,thermal,thermal_tau30_A0.50,-30.0,2026100279,79,thermal|thermal_tau30|-30.0|2026100279,1,0.4999999999999996,0.1643015047492922,26.236528714180142,0.41561209317846387,0.579279008939785,0.5645811240083726,0.34150922563925634,0.1770061523186895,0.18958959756981222
thermal_tau30,thermal,thermal_tau30_A0.50,-30.0,2026100282,82,thermal|thermal_tau30|-30.0|2026100282,1,0.4999999999999996,0.1643015047492922,26.236528714180142,0.41561209317846387,0.579279008939785,0.5645811240083726,0.34150922563925634,0.1770061523186895,0.18958959756981222
thermal_tau30,thermal,thermal_tau30_A0.50,-30.0,2026100278,78,thermal|thermal_tau30|-30.0|2026100278,0,0.4999999999999996,0.1643015047492922,26.236528714180142,0.41561209317846387,0.579279008939785,0.5645811240083726,0.17273341199618414,0.3355641701982595,0.3187518455865574
thermal_tau30,thermal,thermal_tau30_A0.50,-30.0,2026100283,83,thermal|thermal_tau30|-30.0|2026100283,1,0.4999999999999996,0.1643015047492922,26.236528714180142,0.41561209317846387,0.579279008939785,0.5645811240083726,0.34150922563925634,0.1770061523186895,0.18958959756981222
thermal_tau30,thermal,thermal_tau30_A0.50,-30.0,2026100285,85,thermal|thermal_tau30|-30.0|2026100285,1,0.4999999999999996,0.1643015047492922,26.236528714180142,0.41561209317846387,0.579279008939785,0.5645811240083726,0.34150922563925634,0.1770061523186895,0.18958959756981222
thermal_tau30,thermal,thermal_tau30_A0.50,-30.0,2026100286,86,thermal|thermal_tau30|-30.0|2026100286,1,0.4999999999999996,0.1643015047492922,26.236528714180142,0.41561209317846387,0.579279008939785,0.5645811240083726,0.34150922563925634,0.1770061523186895,0.18958959756981222
thermal_tau30,thermal,thermal_tau30_A0.50,-30.0,2026100280,80,thermal|thermal_tau30|-30.0|2026100280,0,0.4999999999999996,0.1643015047492922,26.236528714180142,0.41561209317846387,0.579279008939785,0.5645811240083726,0.17273341199618414,0.3355641701982595,0.3187518455865574
thermal_tau30,thermal,thermal_tau30_A0.50,-30.0,2026100281,81,thermal|thermal_tau30|-30.0|2026100281,0,0.4999999999999996,0.1643015047492922,26.236528714180142,0.41561209317846387,0.579279008939785,0.5645811240083726,0.17273341199618414,0.3355641701982595,0.3187518455865574
thermal_tau30,thermal,thermal_tau30_A0.50,-30.0,2026100284,84,thermal|thermal_tau30|-30.0|2026100284,0,0.4999999999999996,0.1643015047492922,26.236528714180142,0.41561209317846387,0.579279008939785,0.5645811240083726,0.17273341199618414,0.3355641701982595,0.3187518455865574
thermal_tau30,thermal,thermal_tau30_A0.50,-30.0,2026100290,90,thermal|thermal_tau30|-30.0|2026100290,1,0.4999999999999996,0.1643015047492922,26.236528714180142,0.41561209317846387,0.579279008939785,0.5645811240083726,0.34150922563925634,0.1770061523186895,0.18958959756981222
thermal_tau30,thermal,thermal_tau30_A0.50,-30.0,2026100288,88,thermal|thermal_tau30|-30.0|2026100288,0,0.4999999999999996,0.1643015047492922,26.236528714180142,0.41561209317846387,0.579279008939785,0.5645811240083726,0.17273341199618414,0.3355641701982595,0.3187518455865574
thermal_tau30,thermal,thermal_tau30_A0.50,-30.0,2026100287,87,thermal|thermal_tau30|-30.0|2026100287,0,0.4999999999999996,0.1643015047492922,26.236528714180142,0.41561209317846387,0.579279008939785,0.5645811240083726,0.17273341199618414,0.3355641701982595,0.3187518455865574
thermal_tau30,thermal,thermal_tau30_A0.50,-30.0,2026100289,89,thermal|thermal_tau30|-30.0|2026100289,0,0.4999999999999996,0.1643015047492922,26.236528714180142,0.41561209317846387,0.579279008939785,0.5645811240083726,0.17273341199618414,0.3355641701982595,0.3187518455865574
thermal_tau30,thermal,thermal_tau30_A0.50,-30.0,2026100292,92,thermal|thermal_tau30|-30.0|2026100292,1,0.4999999999999996,0.1643015047492922,26.236528714180142,0.41561209317846387,0.579279008939785,0.5645811240083726,0.34150922563925634,0.1770061523186895,0.18958959756981222
thermal_tau30,thermal,thermal_tau30_A0.50,-30.0,2026100294,94,thermal|thermal_tau30|-30.0|2026100294,1,0.4999999999999996,0.1643015047492922,26.236528714180142,0.41561209317846387,0.579279008939785,0.5645811240083726,0.34150922563925634,0.1770061523186895,0.18958959756981222
thermal_tau30,thermal,thermal_tau30_A0.50,-30.0,2026100293,93,thermal|thermal_tau30|-30.0|2026100293,1,0.4999999999999996,0.1643015047492922,26.236528714180142,0.41561209317846387,0.579279008939785,0.5645811240083726,0.34150922563925634,0.1770061523186895,0.18958959756981222
thermal_tau30,thermal,thermal_tau30_A0.50,-30.0,2026100296,96,thermal|thermal_tau30|-30.0|2026100296,1,0.4999999999999996,0.1643015047492922,26.236528714180142,0.41561209317846387,0.579279008939785,0.5645811240083726,0.34150922563925634,0.1770061523186895,0.18958959756981222
thermal_tau30,thermal,thermal_tau30_A0.50,-30.0,2026100298,98,thermal|thermal_tau30|-30.0|2026100298,1,0.4999999999999996,0.1643015047492922,26.236528714180142,0.41561209317846387,0.579279008939785,0.5645811240083726,0.34150922563925634,0.1770061523186895,0.18958959756981222
thermal_tau30,thermal,thermal_tau30_A0.50,-30.0,2026100297,97,thermal|thermal_tau30|-30.0|2026100297,1,0.4999999999999996,0.1643015047492922,26.236528714180142,0.41561209317846387,0.579279008939785,0.5645811240083726,0.34150922563925634,0.1770061523186895,0.18958959756981222
thermal_tau60,thermal,thermal_tau60_A0.25,-30.0,2026100200,0,thermal|thermal_tau60|-30.0|2026100200,1,0.2500000000000001,0.0957463199289329,14.943958339039682,0.9014686670154081,0.918076102847011,0.9195231939552638,0.009708423579720534,0.006711524924733515,0.006476516311162085
thermal_tau30,thermal,thermal_tau30_A0.50,-30.0,2026100291,91,thermal|thermal_tau30|-30.0|2026100291,0,0.4999999999999996,0.1643015047492922,26.236528714180142,0.41561209317846387,0.579279008939785,0.5645811240083726,0.17273341199618414,0.3355641701982595,0.3187518455865574
thermal_tau60,thermal,thermal_tau60_A0.25,-30.0,2026100201,1,thermal|thermal_tau60|-30.0|2026100201,1,0.2500000000000001,0.0957463199289329,14.943958339039682,0.9014686670154081,0.918076102847011,0.9195231939552638,0.009708423579720534,0.006711524924733515,0.006476516311162085
thermal_tau30,thermal,thermal_tau30_A0.50,-30.0,2026100299,99,thermal|thermal_tau30|-30.0|2026100299,1,0.4999999999999996,0.1643015047492922,26.236528714180142,0.41561209317846387,0.579279008939785,0.5645811240083726,0.34150922563925634,0.1770061523186895,0.18958959756981222
thermal_tau60,thermal,thermal_tau60_A0.25,-30.0,2026100204,4,thermal|thermal_tau60|-30.0|2026100204,1,0.2500000000000001,0.0957463199289329,14.943958339039682,0.9014686670154081,0.918076102847011,0.9195231939552638,0.009708423579720534,0.006711524924733515,0.006476516311162085
thermal_tau30,thermal,thermal_tau30_A0.50,-30.0,2026100295,95,thermal|thermal_tau30|-30.0|2026100295,0,0.4999999999999996,0.1643015047492922,26.236528714180142,0.41561209317846387,0.579279008939785,0.5645811240083726,0.17273341199618414,0.3355641701982595,0.3187518455865574
thermal_tau60,thermal,thermal_tau60_A0.25,-30.0,2026100202,2,thermal|thermal_tau60|-30.0|2026100202,1,0.2500000000000001,0.0957463199289329,14.943958339039682,0.9014686670154081,0.918076102847011,0.9195231939552638,0.009708423579720534,0.006711524924733515,0.006476516311162085
thermal_tau60,thermal,thermal_tau60_A0.25,-30.0,2026100203,3,thermal|thermal_tau60|-30.0|2026100203,1,0.2500000000000001,0.0957463199289329,14.943958339039682,0.9014686670154081,0.918076102847011,0.9195231939552638,0.009708423579720534,0.006711524924733515,0.006476516311162085
thermal_tau60,thermal,thermal_tau60_A0.25,-30.0,2026100205,5,thermal|thermal_tau60|-30.0|2026100205,1,0.2500000000000001,0.0957463199289329,14.943958339039682,0.9014686670154081,0.918076102847011,0.9195231939552638,0.009708423579720534,0.006711524924733515,0.006476516311162085
thermal_tau60,thermal,thermal_tau60_A0.25,-30.0,2026100206,6,thermal|thermal_tau60|-30.0|2026100206,1,0.2500000000000001,0.0957463199289329,14.943958339039682,0.9014686670154081,0.918076102847011,0.9195231939552638,0.009708423579720534,0.006711524924733515,0.006476516311162085
thermal_tau60,thermal,thermal_tau60_A0.25,-30.0,2026100207,7,thermal|thermal_tau60|-30.0|2026100207,1,0.2500000000000001,0.0957463199289329,14.943958339039682,0.9014686670154081,0.918076102847011,0.9195231939552638,0.009708423579720534,0.006711524924733515,0.006476516311162085
thermal_tau60,thermal,thermal_tau60_A0.25,-30.0,2026100208,8,thermal|thermal_tau60|-30.0|2026100208,1,0.2500000000000001,0.0957463199289329,14.943958339039682,0.9014686670154081,0.918076102847011,0.9195231939552638,0.009708423579720534,0.006711524924733515,0.006476516311162085
thermal_tau60,thermal,thermal_tau60_A0.25,-30.0,2026100210,10,thermal|thermal_tau60|-30.0|2026100210,1,0.2500000000000001,0.0957463199289329,14.943958339039682,0.9014686670154081,0.918076102847011,0.9195231939552638,0.009708423579720534,0.006711524924733515,0.006476516311162085
thermal_tau60,thermal,thermal_tau60_A0.25,-30.0,2026100209,9,thermal|thermal_tau60|-30.0|2026100209,1,0.2500000000000001,0.0957463199289329,14.943958339039682,0.9014686670154081,0.918076102847011,0.9195231939552638,0.009708423579720534,0.006711524924733515,0.006476516311162085
thermal_tau60,thermal,thermal_tau60_A0.25,-30.0,2026100214,14,thermal|thermal_tau60|-30.0|2026100214,1,0.2500000000000001,0.0957463199289329,14.943958339039682,0.9014686670154081,0.918076102847011,0.9195231939552638,0.009708423579720534,0.006711524924733515,0.006476516311162085
thermal_tau60,thermal,thermal_tau60_A0.25,-30.0,2026100211,11,thermal|thermal_tau60|-30.0|2026100211,1,0.2500000000000001,0.0957463199289329,14.943958339039682,0.9014686670154081,0.918076102847011,0.9195231939552638,0.009708423579720534,0.006711524924733515,0.006476516311162085
thermal_tau60,thermal,thermal_tau60_A0.25,-30.0,2026100212,12,thermal|thermal_tau60|-30.0|2026100212,1,0.2500000000000001,0.0957463199289329,14.943958339039682,0.9014686670154081,0.918076102847011,0.9195231939552638,0.009708423579720534,0.006711524924733515,0.006476516311162085
thermal_tau60,thermal,thermal_tau60_A0.25,-30.0,2026100215,15,thermal|thermal_tau60|-30.0|2026100215,1,0.2500000000000001,0.0957463199289329,14.943958339039682,0.9014686670154081,0.918076102847011,0.9195231939552638,0.009708423579720534,0.006711524924733515,0.006476516311162085
thermal_tau60,thermal,thermal_tau60_A0.25,-30.0,2026100213,13,thermal|thermal_tau60|-30.0|2026100213,1,0.2500000000000001,0.0957463199289329,14.943958339039682,0.9014686670154081,0.918076102847011,0.9195231939552638,0.009708423579720534,0.006711524924733515,0.006476516311162085
thermal_tau60,thermal,thermal_tau60_A0.25,-30.0,2026100216,16,thermal|thermal_tau60|-30.0|2026100216,1,0.2500000000000001,0.0957463199289329,14.943958339039682,0.9014686670154081,0.918076102847011,0.9195231939552638,0.009708423579720534,0.006711524924733515,0.006476516311162085
thermal_tau60,thermal,thermal_tau60_A0.25,-30.0,2026100217,17,thermal|thermal_tau60|-30.0|2026100217,1,0.2500000000000001,0.0957463199289329,14.943958339039682,0.9014686670154081,0.918076102847011,0.9195231939552638,0.009708423579720534,0.006711524924733515,0.006476516311162085
thermal_tau60,thermal,thermal_tau60_A0.25,-30.0,2026100219,19,thermal|thermal_tau60|-30.0|2026100219,1,0.2500000000000001,0.0957463199289329,14.943958339039682,0.9014686670154081,0.918076102847011,0.9195231939552638,0.009708423579720534,0.006711524924733515,0.006476516311162085
thermal_tau60,thermal,thermal_tau60_A0.25,-30.0,2026100221,21,thermal|thermal_tau60|-30.0|2026100221,1,0.2500000000000001,0.0957463199289329,14.943958339039682,0.9014686670154081,0.918076102847011,0.9195231939552638,0.009708423579720534,0.006711524924733515,0.006476516311162085
thermal_tau60,thermal,thermal_tau60_A0.25,-30.0,2026100220,20,thermal|thermal_tau60|-30.0|2026100220,1,0.2500000000000001,0.0957463199289329,14.943958339039682,0.9014686670154081,0.918076102847011,0.9195231939552638,0.009708423579720534,0.006711524924733515,0.006476516311162085
thermal_tau60,thermal,thermal_tau60_A0.25,-30.0,2026100223,23,thermal|thermal_tau60|-30.0|2026100223,1,0.2500000000000001,0.0957463199289329,14.943958339039682,0.9014686670154081,0.918076102847011,0.9195231939552638,0.009708423579720534,0.006711524924733515,0.006476516311162085
thermal_tau60,thermal,thermal_tau60_A0.25,-30.0,2026100218,18,thermal|thermal_tau60|-30.0|2026100218,0,0.2500000000000001,0.0957463199289329,14.943958339039682,0.9014686670154081,0.918076102847011,0.9195231939552638,0.8126457576105367,0.8428637306187555,0.8455229042216897
thermal_tau60,thermal,thermal_tau60_A0.25,-30.0,2026100222,22,thermal|thermal_tau60|-30.0|2026100222,1,0.2500000000000001,0.0957463199289329,14.943958339039682,0.9014686670154081,0.918076102847011,0.9195231939552638,0.009708423579720534,0.006711524924733515,0.006476516311162085
thermal_tau60,thermal,thermal_tau60_A0.25,-30.0,2026100227,27,thermal|thermal_tau60|-30.0|2026100227,1,0.2500000000000001,0.0957463199289329,14.943958339039682,0.9014686670154081,0.918076102847011,0.9195231939552638,0.009708423579720534,0.006711524924733515,0.006476516311162085
thermal_tau60,thermal,thermal_tau60_A0.25,-30.0,2026100228,28,thermal|thermal_tau60|-30.0|2026100228,1,0.2500000000000001,0.0957463199289329,14.943958339039682,0.9014686670154081,0.918076102847011,0.9195231939552638,0.009708423579720534,0.006711524924733515,0.006476516311162085
thermal_tau60,thermal,thermal_tau60_A0.25,-30.0,2026100225,25,thermal|thermal_tau60|-30.0|2026100225,1,0.2500000000000001,0.0957463199289329,14.943958339039682,0.9014686670154081,0.918076102847011,0.9195231939552638,0.009708423579720534,0.006711524924733515,0.006476516311162085
thermal_tau60,thermal,thermal_tau60_A0.25,-30.0,2026100224,24,thermal|thermal_tau60|-30.0|2026100224,1,0.2500000000000001,0.0957463199289329,14.943958339039682,0.9014686670154081,0.918076102847011,0.9195231939552638,0.009708423579720534,0.006711524924733515,0.006476516311162085
thermal_tau60,thermal,thermal_tau60_A0.25,-30.0,2026100226,26,thermal|thermal_tau60|-30.0|2026100226,1,0.2500000000000001,0.0957463199289329,14.943958339039682,0.9014686670154081,0.918076102847011,0.9195231939552638,0.009708423579720534,0.006711524924733515,0.006476516311162085
thermal_tau60,thermal,thermal_tau60_A0.25,-30.0,2026100231,31,thermal|thermal_tau60|-30.0|2026100231,1,0.2500000000000001,0.0957463199289329,14.943958339039682,0.9014686670154081,0.918076102847011,0.9195231939552638,0.009708423579720534,0.006711524924733515,0.006476516311162085
thermal_tau60,thermal,thermal_tau60_A0.25,-30.0,2026100230,30,thermal|thermal_tau60|-30.0|2026100230,1,0.2500000000000001,0.0957463199289329,14.943958339039682,0.9014686670154081,0.918076102847011,0.9195231939552638,0.009708423579720534,0.006711524924733515,0.006476516311162085
thermal_tau60,thermal,thermal_tau60_A0.25,-30.0,2026100232,32,thermal|thermal_tau60|-30.0|2026100232,1,0.2500000000000001,0.0957463199289329,14.943958339039682,0.9014686670154081,0.918076102847011,0.9195231939552638,0.009708423579720534,0.006711524924733515,0.006476516311162085
thermal_tau60,thermal,thermal_tau60_A0.25,-30.0,2026100233,33,thermal|thermal_tau60|-30.0|2026100233,1,0.2500000000000001,0.0957463199289329,14.943958339039682,0.9014686670154081,0.918076102847011,0.9195231939552638,0.009708423579720534,0.006711524924733515,0.006476516311162085
thermal_tau60,thermal,thermal_tau60_A0.25,-30.0,2026100234,34,thermal|thermal_tau60|-30.0|2026100234,1,0.2500000000000001,0.0957463199289329,14.943958339039682,0.9014686670154081,0.918076102847011,0.9195231939552638,0.009708423579720534,0.006711524924733515,0.006476516311162085
thermal_tau60,thermal,thermal_tau60_A0.25,-30.0,2026100236,36,thermal|thermal_tau60|-30.0|2026100236,1,0.2500000000000001,0.0957463199289329,14.943958339039682,0.9014686670154081,0.918076102847011,0.9195231939552638,0.009708423579720534,0.006711524924733515,0.006476516311162085
thermal_tau60,thermal,thermal_tau60_A0.25,-30.0,2026100237,37,thermal|thermal_tau60|-30.0|2026100237,1,0.2500000000000001,0.0957463199289329,14.943958339039682,0.9014686670154081,0.918076102847011,0.9195231939552638,0.009708423579720534,0.006711524924733515,0.006476516311162085
thermal_tau60,thermal,thermal_tau60_A0.25,-30.0,2026100229,29,thermal|thermal_tau60|-30.0|2026100229,1,0.2500000000000001,0.0957463199289329,14.943958339039682,0.9014686670154081,0.918076102847011,0.9195231939552638,0.009708423579720534,0.006711524924733515,0.006476516311162085
thermal_tau60,thermal,thermal_tau60_A0.25,-30.0,2026100240,40,thermal|thermal_tau60|-30.0|2026100240,1,0.2500000000000001,0.0957463199289329,14.943958339039682,0.9014686670154081,0.918076102847011,0.9195231939552638,0.009708423579720534,0.006711524924733515,0.006476516311162085
thermal_tau60,thermal,thermal_tau60_A0.25,-30.0,2026100241,41,thermal|thermal_tau60|-30.0|2026100241,1,0.2500000000000001,0.0957463199289329,14.943958339039682,0.9014686670154081,0.918076102847011,0.9195231939552638,0.009708423579720534,0.006711524924733515,0.006476516311162085
thermal_tau60,thermal,thermal_tau60_A0.25,-30.0,2026100235,35,thermal|thermal_tau60|-30.0|2026100235,1,0.2500000000000001,0.0957463199289329,14.943958339039682,0.9014686670154081,0.918076102847011,0.9195231939552638,0.009708423579720534,0.006711524924733515,0.006476516311162085
thermal_tau60,thermal,thermal_tau60_A0.25,-30.0,2026100242,42,thermal|thermal_tau60|-30.0|2026100242,1,0.2500000000000001,0.0957463199289329,14.943958339039682,0.9014686670154081,0.918076102847011,0.9195231939552638,0.009708423579720534,0.006711524924733515,0.006476516311162085
thermal_tau60,thermal,thermal_tau60_A0.25,-30.0,2026100239,39,thermal|thermal_tau60|-30.0|2026100239,1,0.2500000000000001,0.0957463199289329,14.943958339039682,0.9014686670154081,0.918076102847011,0.9195231939552638,0.009708423579720534,0.006711524924733515,0.006476516311162085
thermal_tau60,thermal,thermal_tau60_A0.25,-30.0,2026100243,43,thermal|thermal_tau60|-30.0|2026100243,1,0.2500000000000001,0.0957463199289329,14.943958339039682,0.9014686670154081,0.918076102847011,0.9195231939552638,0.009708423579720534,0.006711524924733515,0.006476516311162085
thermal_tau60,thermal,thermal_tau60_A0.25,-30.0,2026100244,44,thermal|thermal_tau60|-30.0|2026100244,1,0.2500000000000001,0.0957463199289329,14.943958339039682,0.9014686670154081,0.918076102847011,0.9195231939552638,0.009708423579720534,0.006711524924733515,0.006476516311162085
thermal_tau60,thermal,thermal_tau60_A0.25,-30.0,2026100247,47,thermal|thermal_tau60|-30.0|2026100247,1,0.2500000000000001,0.0957463199289329,14.943958339039682,0.9014686670154081,0.918076102847011,0.9195231939552638,0.009708423579720534,0.006711524924733515,0.006476516311162085
thermal_tau60,thermal,thermal_tau60_A0.25,-30.0,2026100245,45,thermal|thermal_tau60|-30.0|2026100245,1,0.2500000000000001,0.0957463199289329,14.943958339039682,0.9014686670154081,0.918076102847011,0.9195231939552638,0.009708423579720534,0.006711524924733515,0.006476516311162085
thermal_tau60,thermal,thermal_tau60_A0.25,-30.0,2026100238,38,thermal|thermal_tau60|-30.0|2026100238,0,0.2500000000000001,0.0957463199289329,14.943958339039682,0.9014686670154081,0.918076102847011,0.9195231939552638,0.8126457576105367,0.8428637306187555,0.8455229042216897
thermal_tau60,thermal,thermal_tau60_A0.25,-30.0,2026100249,49,thermal|thermal_tau60|-30.0|2026100249,1,0.2500000000000001,0.0957463199289329,14.943958339039682,0.9014686670154081,0.918076102847011,0.9195231939552638,0.009708423579720534,0.006711524924733515,0.006476516311162085
thermal_tau60,thermal,thermal_tau60_A0.25,-30.0,2026100246,46,thermal|thermal_tau60|-30.0|2026100246,1,0.2500000000000001,0.0957463199289329,14.943958339039682,0.9014686670154081,0.918076102847011,0.9195231939552638,0.009708423579720534,0.006711524924733515,0.006476516311162085
thermal_tau60,thermal,thermal_tau60_A0.25,-30.0,2026100248,48,thermal|thermal_tau60|-30.0|2026100248,1,0.2500000000000001,0.0957463199289329,14.943958339039682,0.9014686670154081,0.918076102847011,0.9195231939552638,0.009708423579720534,0.006711524924733515,0.006476516311162085
thermal_tau60,thermal,thermal_tau60_A0.25,-30.0,2026100251,51,thermal|thermal_tau60|-30.0|2026100251,1,0.2500000000000001,0.0957463199289329,14.943958339039682,0.9014686670154081,0.918076102847011,0.9195231939552638,0.009708423579720534,0.006711524924733515,0.006476516311162085
thermal_tau60,thermal,thermal_tau60_A0.25,-30.0,2026100252,52,thermal|thermal_tau60|-30.0|2026100252,1,0.2500000000000001,0.0957463199289329,14.943958339039682,0.9014686670154081,0.918076102847011,0.9195231939552638,0.009708423579720534,0.006711524924733515,0.006476516311162085
thermal_tau60,thermal,thermal_tau60_A0.25,-30.0,2026100253,53,thermal|thermal_tau60|-30.0|2026100253,1,0.2500000000000001,0.0957463199289329,14.943958339039682,0.9014686670154081,0.918076102847011,0.9195231939552638,0.009708423579720534,0.006711524924733515,0.006476516311162085
thermal_tau60,thermal,thermal_tau60_A0.25,-30.0,2026100254,54,thermal|thermal_tau60|-30.0|2026100254,1,0.2500000000000001,0.0957463199289329,14.943958339039682,0.9014686670154081,0.918076102847011,0.9195231939552638,0.009708423579720534,0.006711524924733515,0.006476516311162085
thermal_tau60,thermal,thermal_tau60_A0.25,-30.0,2026100255,55,thermal|thermal_tau60|-30.0|2026100255,1,0.2500000000000001,0.0957463199289329,14.943958339039682,0.9014686670154081,0.918076102847011,0.9195231939552638,0.009708423579720534,0.006711524924733515,0.006476516311162085
thermal_tau60,thermal,thermal_tau60_A0.25,-30.0,2026100256,56,thermal|thermal_tau60|-30.0|2026100256,1,0.2500000000000001,0.0957463199289329,14.943958339039682,0.9014686670154081,0.918076102847011,0.9195231939552638,0.009708423579720534,0.006711524924733515,0.006476516311162085
thermal_tau60,thermal,thermal_tau60_A0.25,-30.0,2026100250,50,thermal|thermal_tau60|-30.0|2026100250,1,0.2500000000000001,0.0957463199289329,14.943958339039682,0.9014686670154081,0.918076102847011,0.9195231939552638,0.009708423579720534,0.006711524924733515,0.006476516311162085
thermal_tau60,thermal,thermal_tau60_A0.25,-30.0,2026100260,60,thermal|thermal_tau60|-30.0|2026100260,1,0.2500000000000001,0.0957463199289329,14.943958339039682,0.9014686670154081,0.918076102847011,0.9195231939552638,0.009708423579720534,0.006711524924733515,0.006476516311162085
thermal_tau60,thermal,thermal_tau60_A0.25,-30.0,2026100258,58,thermal|thermal_tau60|-30.0|2026100258,1,0.2500000000000001,0.0957463199289329,14.943958339039682,0.9014686670154081,0.918076102847011,0.9195231939552638,0.009708423579720534,0.006711524924733515,0.006476516311162085
thermal_tau60,thermal,thermal_tau60_A0.25,-30.0,2026100259,59,thermal|thermal_tau60|-30.0|2026100259,1,0.2500000000000001,0.0957463199289329,14.943958339039682,0.9014686670154081,0.918076102847011,0.9195231939552638,0.009708423579720534,0.006711524924733515,0.006476516311162085
thermal_tau60,thermal,thermal_tau60_A0.25,-30.0,2026100262,62,thermal|thermal_tau60|-30.0|2026100262,1,0.2500000000000001,0.0957463199289329,14.943958339039682,0.9014686670154081,0.918076102847011,0.9195231939552638,0.009708423579720534,0.006711524924733515,0.006476516311162085
thermal_tau60,thermal,thermal_tau60_A0.25,-30.0,2026100264,64,thermal|thermal_tau60|-30.0|2026100264,1,0.2500000000000001,0.0957463199289329,14.943958339039682,0.9014686670154081,0.918076102847011,0.9195231939552638,0.009708423579720534,0.006711524924733515,0.006476516311162085
thermal_tau60,thermal,thermal_tau60_A0.25,-30.0,2026100265,65,thermal|thermal_tau60|-30.0|2026100265,1,0.2500000000000001,0.0957463199289329,14.943958339039682,0.9014686670154081,0.918076102847011,0.9195231939552638,0.009708423579720534,0.006711524924733515,0.006476516311162085
thermal_tau60,thermal,thermal_tau60_A0.25,-30.0,2026100257,57,thermal|thermal_tau60|-30.0|2026100257,0,0.2500000000000001,0.0957463199289329,14.943958339039682,0.9014686670154081,0.918076102847011,0.9195231939552638,0.8126457576105367,0.8428637306187555,0.8455229042216897
thermal_tau60,thermal,thermal_tau60_A0.25,-30.0,2026100266,66,thermal|thermal_tau60|-30.0|2026100266,1,0.2500000000000001,0.0957463199289329,14.943958339039682,0.9014686670154081,0.918076102847011,0.9195231939552638,0.009708423579720534,0.006711524924733515,0.006476516311162085
thermal_tau60,thermal,thermal_tau60_A0.25,-30.0,2026100267,67,thermal|thermal_tau60|-30.0|2026100267,1,0.2500000000000001,0.0957463199289329,14.943958339039682,0.9014686670154081,0.918076102847011,0.9195231939552638,0.009708423579720534,0.006711524924733515,0.006476516311162085
thermal_tau60,thermal,thermal_tau60_A0.25,-30.0,2026100261,61,thermal|thermal_tau60|-30.0|2026100261,0,0.2500000000000001,0.0957463199289329,14.943958339039682,0.9014686670154081,0.918076102847011,0.9195231939552638,0.8126457576105367,0.8428637306187555,0.8455229042216897
thermal_tau60,thermal,thermal_tau60_A0.25,-30.0,2026100268,68,thermal|thermal_tau60|-30.0|2026100268,1,0.2500000000000001,0.0957463199289329,14.943958339039682,0.9014686670154081,0.918076102847011,0.9195231939552638,0.009708423579720534,0.006711524924733515,0.006476516311162085
thermal_tau60,thermal,thermal_tau60_A0.25,-30.0,2026100269,69,thermal|thermal_tau60|-30.0|2026100269,1,0.2500000000000001,0.0957463199289329,14.943958339039682,0.9014686670154081,0.918076102847011,0.9195231939552638,0.009708423579720534,0.006711524924733515,0.006476516311162085
thermal_tau60,thermal,thermal_tau60_A0.25,-30.0,2026100263,63,thermal|thermal_tau60|-30.0|2026100263,0,0.2500000000000001,0.0957463199289329,14.943958339039682,0.9014686670154081,0.918076102847011,0.9195231939552638,0.8126457576105367,0.8428637306187555,0.8455229042216897
thermal_tau60,thermal,thermal_tau60_A0.25,-30.0,2026100270,70,thermal|thermal_tau60|-30.0|2026100270,1,0.2500000000000001,0.0957463199289329,14.943958339039682,0.9014686670154081,0.918076102847011,0.9195231939552638,0.009708423579720534,0.006711524924733515,0.006476516311162085
thermal_tau60,thermal,thermal_tau60_A0.25,-30.0,2026100271,71,thermal|thermal_tau60|-30.0|2026100271,1,0.2500000000000001,0.0957463199289329,14.943958339039682,0.9014686670154081,0.918076102847011,0.9195231939552638,0.009708423579720534,0.006711524924733515,0.006476516311162085
thermal_tau60,thermal,thermal_tau60_A0.25,-30.0,2026100272,72,thermal|thermal_tau60|-30.0|2026100272,1,0.2500000000000001,0.0957463199289329,14.943958339039682,0.9014686670154081,0.918076102847011,0.9195231939552638,0.009708423579720534,0.006711524924733515,0.006476516311162085
thermal_tau60,thermal,thermal_tau60_A0.25,-30.0,2026100273,73,thermal|thermal_tau60|-30.0|2026100273,1,0.2500000000000001,0.0957463199289329,14.943958339039682,0.9014686670154081,0.918076102847011,0.9195231939552638,0.009708423579720534,0.006711524924733515,0.006476516311162085
thermal_tau60,thermal,thermal_tau60_A0.25,-30.0,2026100276,76,thermal|thermal_tau60|-30.0|2026100276,1,0.2500000000000001,0.0957463199289329,14.943958339039682,0.9014686670154081,0.918076102847011,0.9195231939552638,0.009708423579720534,0.006711524924733515,0.006476516311162085
thermal_tau60,thermal,thermal_tau60_A0.25,-30.0,2026100274,74,thermal|thermal_tau60|-30.0|2026100274,1,0.2500000000000001,0.0957463199289329,14.943958339039682,0.9014686670154081,0.918076102847011,0.9195231939552638,0.009708423579720534,0.006711524924733515,0.006476516311162085
thermal_tau60,thermal,thermal_tau60_A0.25,-30.0,2026100279,79,thermal|thermal_tau60|-30.0|2026100279,1,0.2500000000000001,0.0957463199289329,14.943958339039682,0.9014686670154081,0.918076102847011,0.9195231939552638,0.009708423579720534,0.006711524924733515,0.006476516311162085
thermal_tau60,thermal,thermal_tau60_A0.25,-30.0,2026100280,80,thermal|thermal_tau60|-30.0|2026100280,1,0.2500000000000001,0.0957463199289329,14.943958339039682,0.9014686670154081,0.918076102847011,0.9195231939552638,0.009708423579720534,0.006711524924733515,0.006476516311162085
thermal_tau60,thermal,thermal_tau60_A0.25,-30.0,2026100275,75,thermal|thermal_tau60|-30.0|2026100275,1,0.2500000000000001,0.0957463199289329,14.943958339039682,0.9014686670154081,0.918076102847011,0.9195231939552638,0.009708423579720534,0.006711524924733515,0.006476516311162085
thermal_tau60,thermal,thermal_tau60_A0.25,-30.0,2026100277,77,thermal|thermal_tau60|-30.0|2026100277,1,0.2500000000000001,0.0957463199289329,14.943958339039682,0.9014686670154081,0.918076102847011,0.9195231939552638,0.009708423579720534,0.006711524924733515,0.006476516311162085
thermal_tau60,thermal,thermal_tau60_A0.25,-30.0,2026100278,78,thermal|thermal_tau60|-30.0|2026100278,1,0.2500000000000001,0.0957463199289329,14.943958339039682,0.9014686670154081,0.918076102847011,0.9195231939552638,0.009708423579720534,0.006711524924733515,0.006476516311162085
thermal_tau60,thermal,thermal_tau60_A0.25,-30.0,2026100283,83,thermal|thermal_tau60|-30.0|2026100283,1,0.2500000000000001,0.0957463199289329,14.943958339039682,0.9014686670154081,0.918076102847011,0.9195231939552638,0.009708423579720534,0.006711524924733515,0.006476516311162085
thermal_tau60,thermal,thermal_tau60_A0.25,-30.0,2026100285,85,thermal|thermal_tau60|-30.0|2026100285,1,0.2500000000000001,0.0957463199289329,14.943958339039682,0.9014686670154081,0.918076102847011,0.9195231939552638,0.009708423579720534,0.006711524924733515,0.006476516311162085
thermal_tau60,thermal,thermal_tau60_A0.25,-30.0,2026100286,86,thermal|thermal_tau60|-30.0|2026100286,1,0.2500000000000001,0.0957463199289329,14.943958339039682,0.9014686670154081,0.918076102847011,0.9195231939552638,0.009708423579720534,0.006711524924733515,0.006476516311162085
thermal_tau60,thermal,thermal_tau60_A0.25,-30.0,2026100282,82,thermal|thermal_tau60|-30.0|2026100282,1,0.2500000000000001,0.0957463199289329,14.943958339039682,0.9014686670154081,0.918076102847011,0.9195231939552638,0.009708423579720534,0.006711524924733515,0.006476516311162085
thermal_tau60,thermal,thermal_tau60_A0.25,-30.0,2026100281,81,thermal|thermal_tau60|-30.0|2026100281,1,0.2500000000000001,0.0957463199289329,14.943958339039682,0.9014686670154081,0.918076102847011,0.9195231939552638,0.009708423579720534,0.006711524924733515,0.006476516311162085
thermal_tau60,thermal,thermal_tau60_A0.25,-30.0,2026100289,89,thermal|thermal_tau60|-30.0|2026100289,1,0.2500000000000001,0.0957463199289329,14.943958339039682,0.9014686670154081,0.918076102847011,0.9195231939552638,0.009708423579720534,0.006711524924733515,0.006476516311162085
thermal_tau60,thermal,thermal_tau60_A0.25,-30.0,2026100290,90,thermal|thermal_tau60|-30.0|2026100290,1,0.2500000000000001,0.0957463199289329,14.943958339039682,0.9014686670154081,0.918076102847011,0.9195231939552638,0.009708423579720534,0.006711524924733515,0.006476516311162085
thermal_tau60,thermal,thermal_tau60_A0.25,-30.0,2026100287,87,thermal|thermal_tau60|-30.0|2026100287,1,0.2500000000000001,0.0957463199289329,14.943958339039682,0.9014686670154081,0.918076102847011,0.9195231939552638,0.009708423579720534,0.006711524924733515,0.006476516311162085
thermal_tau60,thermal,thermal_tau60_A0.25,-30.0,2026100288,88,thermal|thermal_tau60|-30.0|2026100288,1,0.2500000000000001,0.0957463199289329,14.943958339039682,0.9014686670154081,0.918076102847011,0.9195231939552638,0.009708423579720534,0.006711524924733515,0.006476516311162085
thermal_tau60,thermal,thermal_tau60_A0.25,-30.0,2026100284,84,thermal|thermal_tau60|-30.0|2026100284,0,0.2500000000000001,0.0957463199289329,14.943958339039682,0.9014686670154081,0.918076102847011,0.9195231939552638,0.8126457576105367,0.8428637306187555,0.8455229042216897
thermal_tau60,thermal,thermal_tau60_A0.25,-30.0,2026100293,93,thermal|thermal_tau60|-30.0|2026100293,1,0.2500000000000001,0.0957463199289329,14.943958339039682,0.9014686670154081,0.918076102847011,0.9195231939552638,0.009708423579720534,0.006711524924733515,0.006476516311162085
thermal_tau60,thermal,thermal_tau60_A0.25,-30.0,2026100294,94,thermal|thermal_tau60|-30.0|2026100294,1,0.2500000000000001,0.0957463199289329,14.943958339039682,0.9014686670154081,0.918076102847011,0.9195231939552638,0.009708423579720534,0.006711524924733515,0.006476516311162085
thermal_tau60,thermal,thermal_tau60_A0.25,-30.0,2026100291,91,thermal|thermal_tau60|-30.0|2026100291,0,0.2500000000000001,0.0957463199289329,14.943958339039682,0.9014686670154081,0.918076102847011,0.9195231939552638,0.8126457576105367,0.8428637306187555,0.8455229042216897
thermal_tau60,thermal,thermal_tau60_A0.25,-30.0,2026100296,96,thermal|thermal_tau60|-30.0|2026100296,1,0.2500000000000001,0.0957463199289329,14.943958339039682,0.9014686670154081,0.918076102847011,0.9195231939552638,0.009708423579720534,0.006711524924733515,0.006476516311162085
thermal_tau60,thermal,thermal_tau60_A0.25,-30.0,2026100298,98,thermal|thermal_tau60|-30.0|2026100298,1,0.2500000000000001,0.0957463199289329,14.943958339039682,0.9014686670154081,0.918076102847011,0.9195231939552638,0.009708423579720534,0.006711524924733515,0.006476516311162085
thermal_tau60,thermal,thermal_tau60_A0.25,-30.0,2026100292,92,thermal|thermal_tau60|-30.0|2026100292,0,0.2500000000000001,0.0957463199289329,14.943958339039682,0.9014686670154081,0.918076102847011,0.9195231939552638,0.8126457576105367,0.8428637306187555,0.8455229042216897
thermal_tau60,thermal,thermal_tau60_A0.25,-30.0,2026100297,97,thermal|thermal_tau60|-30.0|2026100297,1,0.2500000000000001,0.0957463199289329,14.943958339039682,0.9014686670154081,0.918076102847011,0.9195231939552638,0.009708423579720534,0.006711524924733515,0.006476516311162085
thermal_tau60,thermal,thermal_tau60_A0.25,-30.0,2026100295,95,thermal|thermal_tau60|-30.0|2026100295,0,0.2500000000000001,0.0957463199289329,14.943958339039682,0.9014686670154081,0.918076102847011,0.9195231939552638,0.8126457576105367,0.8428637306187555,0.8455229042216897
thermal_tau60,thermal,thermal_tau60_A0.25,-30.0,2026100299,99,thermal|thermal_tau60|-30.0|2026100299,1,0.2500000000000001,0.0957463199289329,14.943958339039682,0.9014686670154081,0.918076102847011,0.9195231939552638,0.009708423579720534,0.006711524924733515,0.006476516311162085
thermal_tau60,thermal,thermal_tau60_A0.50,-30.0,2026100203,3,thermal|thermal_tau60|-30.0|2026100203,1,0.5000000000000002,0.1914926398578658,29.887916678079364,0.4682475493378931,0.5333433942030364,0.5431651388410593,0.2827606687851565,0.21776838773394264,0.2086980903701086
thermal_tau60,thermal,thermal_tau60_A0.50,-30.0,2026100200,0,thermal|thermal_tau60|-30.0|2026100200,0,0.5000000000000002,0.1914926398578658,29.887916678079364,0.4682475493378931,0.5333433942030364,0.5431651388410593,0.2192557674609426,0.28445517614001553,0.29502836805222726
thermal_tau60,thermal,thermal_tau60_A0.50,-30.0,2026100204,4,thermal|thermal_tau60|-30.0|2026100204,1,0.5000000000000002,0.1914926398578658,29.887916678079364,0.4682475493378931,0.5333433942030364,0.5431651388410593,0.2827606687851565,0.21776838773394264,0.2086980903701086
thermal_tau60,thermal,thermal_tau60_A0.50,-30.0,2026100201,1,thermal|thermal_tau60|-30.0|2026100201,0,0.5000000000000002,0.1914926398578658,29.887916678079364,0.4682475493378931,0.5333433942030364,0.5431651388410593,0.2192557674609426,0.28445517614001553,0.29502836805222726
thermal_tau60,thermal,thermal_tau60_A0.50,-30.0,2026100202,2,thermal|thermal_tau60|-30.0|2026100202,0,0.5000000000000002,0.1914926398578658,29.887916678079364,0.4682475493378931,0.5333433942030364,0.5431651388410593,0.2192557674609426,0.28445517614001553,0.29502836805222726
thermal_tau60,thermal,thermal_tau60_A0.50,-30.0,2026100208,8,thermal|thermal_tau60|-30.0|2026100208,1,0.5000000000000002,0.1914926398578658,29.887916678079364,0.4682475493378931,0.5333433942030364,0.5431651388410593,0.2827606687851565,0.21776838773394264,0.2086980903701086
thermal_tau60,thermal,thermal_tau60_A0.50,-30.0,2026100205,5,thermal|thermal_tau60|-30.0|2026100205,1,0.5000000000000002,0.1914926398578658,29.887916678079364,0.4682475493378931,0.5333433942030364,0.5431651388410593,0.2827606687851565,0.21776838773394264,0.2086980903701086
thermal_tau60,thermal,thermal_tau60_A0.50,-30.0,2026100209,9,thermal|thermal_tau60|-30.0|2026100209,1,0.5000000000000002,0.1914926398578658,29.887916678079364,0.4682475493378931,0.5333433942030364,0.5431651388410593,0.2827606687851565,0.21776838773394264,0.2086980903701086
thermal_tau60,thermal,thermal_tau60_A0.50,-30.0,2026100210,10,thermal|thermal_tau60|-30.0|2026100210,1,0.5000000000000002,0.1914926398578658,29.887916678079364,0.4682475493378931,0.5333433942030364,0.5431651388410593,0.2827606687851565,0.21776838773394264,0.2086980903701086
thermal_tau60,thermal,thermal_tau60_A0.50,-30.0,2026100206,6,thermal|thermal_tau60|-30.0|2026100206,0,0.5000000000000002,0.1914926398578658,29.887916678079364,0.4682475493378931,0.5333433942030364,0.5431651388410593,0.2192557674609426,0.28445517614001553,0.29502836805222726
thermal_tau60,thermal,thermal_tau60_A0.50,-30.0,2026100207,7,thermal|thermal_tau60|-30.0|2026100207,0,0.5000000000000002,0.1914926398578658,29.887916678079364,0.4682475493378931,0.5333433942030364,0.5431651388410593,0.2192557674609426,0.28445517614001553,0.29502836805222726
thermal_tau60,thermal,thermal_tau60_A0.50,-30.0,2026100212,12,thermal|thermal_tau60|-30.0|2026100212,1,0.5000000000000002,0.1914926398578658,29.887916678079364,0.4682475493378931,0.5333433942030364,0.5431651388410593,0.2827606687851565,0.21776838773394264,0.2086980903701086
thermal_tau60,thermal,thermal_tau60_A0.50,-30.0,2026100215,15,thermal|thermal_tau60|-30.0|2026100215,1,0.5000000000000002,0.1914926398578658,29.887916678079364,0.4682475493378931,0.5333433942030364,0.5431651388410593,0.2827606687851565,0.21776838773394264,0.2086980903701086
thermal_tau60,thermal,thermal_tau60_A0.50,-30.0,2026100216,16,thermal|thermal_tau60|-30.0|2026100216,1,0.5000000000000002,0.1914926398578658,29.887916678079364,0.4682475493378931,0.5333433942030364,0.5431651388410593,0.2827606687851565,0.21776838773394264,0.2086980903701086
thermal_tau60,thermal,thermal_tau60_A0.50,-30.0,2026100211,11,thermal|thermal_tau60|-30.0|2026100211,0,0.5000000000000002,0.1914926398578658,29.887916678079364,0.4682475493378931,0.5333433942030364,0.5431651388410593,0.2192557674609426,0.28445517614001553,0.29502836805222726
thermal_tau60,thermal,thermal_tau60_A0.50,-30.0,2026100213,13,thermal|thermal_tau60|-30.0|2026100213,0,0.5000000000000002,0.1914926398578658,29.887916678079364,0.4682475493378931,0.5333433942030364,0.5431651388410593,0.2192557674609426,0.28445517614001553,0.29502836805222726
thermal_tau60,thermal,thermal_tau60_A0.50,-30.0,2026100214,14,thermal|thermal_tau60|-30.0|2026100214,0,0.5000000000000002,0.1914926398578658,29.887916678079364,0.4682475493378931,0.5333433942030364,0.5431651388410593,0.2192557674609426,0.28445517614001553,0.29502836805222726
thermal_tau60,thermal,thermal_tau60_A0.50,-30.0,2026100219,19,thermal|thermal_tau60|-30.0|2026100219,1,0.5000000000000002,0.1914926398578658,29.887916678079364,0.4682475493378931,0.5333433942030364,0.5431651388410593,0.2827606687851565,0.21776838773394264,0.2086980903701086
thermal_tau60,thermal,thermal_tau60_A0.50,-30.0,2026100221,21,thermal|thermal_tau60|-30.0|2026100221,1,0.5000000000000002,0.1914926398578658,29.887916678079364,0.4682475493378931,0.5333433942030364,0.5431651388410593,0.2827606687851565,0.21776838773394264,0.2086980903701086
thermal_tau60,thermal,thermal_tau60_A0.50,-30.0,2026100217,17,thermal|thermal_tau60|-30.0|2026100217,0,0.5000000000000002,0.1914926398578658,29.887916678079364,0.4682475493378931,0.5333433942030364,0.5431651388410593,0.2192557674609426,0.28445517614001553,0.29502836805222726
thermal_tau60,thermal,thermal_tau60_A0.50,-30.0,2026100220,20,thermal|thermal_tau60|-30.0|2026100220,1,0.5000000000000002,0.1914926398578658,29.887916678079364,0.4682475493378931,0.5333433942030364,0.5431651388410593,0.2827606687851565,0.21776838773394264,0.2086980903701086
thermal_tau60,thermal,thermal_tau60_A0.50,-30.0,2026100222,22,thermal|thermal_tau60|-30.0|2026100222,1,0.5000000000000002,0.1914926398578658,29.887916678079364,0.4682475493378931,0.5333433942030364,0.5431651388410593,0.2827606687851565,0.21776838773394264,0.2086980903701086
thermal_tau60,thermal,thermal_tau60_A0.50,-30.0,2026100218,18,thermal|thermal_tau60|-30.0|2026100218,0,0.5000000000000002,0.1914926398578658,29.887916678079364,0.4682475493378931,0.5333433942030364,0.5431651388410593,0.2192557674609426,0.28445517614001553,0.29502836805222726
thermal_tau60,thermal,thermal_tau60_A0.50,-30.0,2026100225,25,thermal|thermal_tau60|-30.0|2026100225,1,0.5000000000000002,0.1914926398578658,29.887916678079364,0.4682475493378931,0.5333433942030364,0.5431651388410593,0.2827606687851565,0.21776838773394264,0.2086980903701086
thermal_tau60,thermal,thermal_tau60_A0.50,-30.0,2026100227,27,thermal|thermal_tau60|-30.0|2026100227,1,0.5000000000000002,0.1914926398578658,29.887916678079364,0.4682475493378931,0.5333433942030364,0.5431651388410593,0.2827606687851565,0.21776838773394264,0.2086980903701086
thermal_tau60,thermal,thermal_tau60_A0.50,-30.0,2026100223,23,thermal|thermal_tau60|-30.0|2026100223,0,0.5000000000000002,0.1914926398578658,29.887916678079364,0.4682475493378931,0.5333433942030364,0.5431651388410593,0.2192557674609426,0.28445517614001553,0.29502836805222726
thermal_tau60,thermal,thermal_tau60_A0.50,-30.0,2026100229,29,thermal|thermal_tau60|-30.0|2026100229,1,0.5000000000000002,0.1914926398578658,29.887916678079364,0.4682475493378931,0.5333433942030364,0.5431651388410593,0.2827606687851565,0.21776838773394264,0.2086980903701086
thermal_tau60,thermal,thermal_tau60_A0.50,-30.0,2026100228,28,thermal|thermal_tau60|-30.0|2026100228,1,0.5000000000000002,0.1914926398578658,29.887916678079364,0.4682475493378931,0.5333433942030364,0.5431651388410593,0.2827606687851565,0.21776838773394264,0.2086980903701086
thermal_tau60,thermal,thermal_tau60_A0.50,-30.0,2026100230,30,thermal|thermal_tau60|-30.0|2026100230,1,0.5000000000000002,0.1914926398578658,29.887916678079364,0.4682475493378931,0.5333433942030364,0.5431651388410593,0.2827606687851565,0.21776838773394264,0.2086980903701086
thermal_tau60,thermal,thermal_tau60_A0.50,-30.0,2026100224,24,thermal|thermal_tau60|-30.0|2026100224,0,0.5000000000000002,0.1914926398578658,29.887916678079364,0.4682475493378931,0.5333433942030364,0.5431651388410593,0.2192557674609426,0.28445517614001553,0.29502836805222726
thermal_tau60,thermal,thermal_tau60_A0.50,-30.0,2026100231,31,thermal|thermal_tau60|-30.0|2026100231,1,0.5000000000000002,0.1914926398578658,29.887916678079364,0.4682475493378931,0.5333433942030364,0.5431651388410593,0.2827606687851565,0.21776838773394264,0.2086980903701086
thermal_tau60,thermal,thermal_tau60_A0.50,-30.0,2026100226,26,thermal|thermal_tau60|-30.0|2026100226,0,0.5000000000000002,0.1914926398578658,29.887916678079364,0.4682475493378931,0.5333433942030364,0.5431651388410593,0.2192557674609426,0.28445517614001553,0.29502836805222726
thermal_tau60,thermal,thermal_tau60_A0.50,-30.0,2026100235,35,thermal|thermal_tau60|-30.0|2026100235,1,0.5000000000000002,0.1914926398578658,29.887916678079364,0.4682475493378931,0.5333433942030364,0.5431651388410593,0.2827606687851565,0.21776838773394264,0.2086980903701086
thermal_tau60,thermal,thermal_tau60_A0.50,-30.0,2026100232,32,thermal|thermal_tau60|-30.0|2026100232,0,0.5000000000000002,0.1914926398578658,29.887916678079364,0.4682475493378931,0.5333433942030364,0.5431651388410593,0.2192557674609426,0.28445517614001553,0.29502836805222726
thermal_tau60,thermal,thermal_tau60_A0.50,-30.0,2026100233,33,thermal|thermal_tau60|-30.0|2026100233,0,0.5000000000000002,0.1914926398578658,29.887916678079364,0.4682475493378931,0.5333433942030364,0.5431651388410593,0.2192557674609426,0.28445517614001553,0.29502836805222726
thermal_tau60,thermal,thermal_tau60_A0.50,-30.0,2026100234,34,thermal|thermal_tau60|-30.0|2026100234,0,0.5000000000000002,0.1914926398578658,29.887916678079364,0.4682475493378931,0.5333433942030364,0.5431651388410593,0.2192557674609426,0.28445517614001553,0.29502836805222726
thermal_tau60,thermal,thermal_tau60_A0.50,-30.0,2026100236,36,thermal|thermal_tau60|-30.0|2026100236,1,0.5000000000000002,0.1914926398578658,29.887916678079364,0.4682475493378931,0.5333433942030364,0.5431651388410593,0.2827606687851565,0.21776838773394264,0.2086980903701086
thermal_tau60,thermal,thermal_tau60_A0.50,-30.0,2026100237,37,thermal|thermal_tau60|-30.0|2026100237,1,0.5000000000000002,0.1914926398578658,29.887916678079364,0.4682475493378931,0.5333433942030364,0.5431651388410593,0.2827606687851565,0.21776838773394264,0.2086980903701086
thermal_tau60,thermal,thermal_tau60_A0.50,-30.0,2026100241,41,thermal|thermal_tau60|-30.0|2026100241,1,0.5000000000000002,0.1914926398578658,29.887916678079364,0.4682475493378931,0.5333433942030364,0.5431651388410593,0.2827606687851565,0.21776838773394264,0.2086980903701086
thermal_tau60,thermal,thermal_tau60_A0.50,-30.0,2026100242,42,thermal|thermal_tau60|-30.0|2026100242,1,0.5000000000000002,0.1914926398578658,29.887916678079364,0.4682475493378931,0.5333433942030364,0.5431651388410593,0.2827606687851565,0.21776838773394264,0.2086980903701086
thermal_tau60,thermal,thermal_tau60_A0.50,-30.0,2026100243,43,thermal|thermal_tau60|-30.0|2026100243,1,0.5000000000000002,0.1914926398578658,29.887916678079364,0.4682475493378931,0.5333433942030364,0.5431651388410593,0.2827606687851565,0.21776838773394264,0.2086980903701086
thermal_tau60,thermal,thermal_tau60_A0.50,-30.0,2026100238,38,thermal|thermal_tau60|-30.0|2026100238,0,0.5000000000000002,0.1914926398578658,29.887916678079364,0.4682475493378931,0.5333433942030364,0.5431651388410593,0.2192557674609426,0.28445517614001553,0.29502836805222726
thermal_tau60,thermal,thermal_tau60_A0.50,-30.0,2026100239,39,thermal|thermal_tau60|-30.0|2026100239,0,0.5000000000000002,0.1914926398578658,29.887916678079364,0.4682475493378931,0.5333433942030364,0.5431651388410593,0.2192557674609426,0.28445517614001553,0.29502836805222726
thermal_tau60,thermal,thermal_tau60_A0.50,-30.0,2026100245,45,thermal|thermal_tau60|-30.0|2026100245,1,0.5000000000000002,0.1914926398578658,29.887916678079364,0.4682475493378931,0.5333433942030364,0.5431651388410593,0.2827606687851565,0.21776838773394264,0.2086980903701086
thermal_tau60,thermal,thermal_tau60_A0.50,-30.0,2026100240,40,thermal|thermal_tau60|-30.0|2026100240,0,0.5000000000000002,0.1914926398578658,29.887916678079364,0.4682475493378931,0.5333433942030364,0.5431651388410593,0.2192557674609426,0.28445517614001553,0.29502836805222726
thermal_tau60,thermal,thermal_tau60_A0.50,-30.0,2026100247,47,thermal|thermal_tau60|-30.0|2026100247,1,0.5000000000000002,0.1914926398578658,29.887916678079364,0.4682475493378931,0.5333433942030364,0.5431651388410593,0.2827606687851565,0.21776838773394264,0.2086980903701086
thermal_tau60,thermal,thermal_tau60_A0.50,-30.0,2026100244,44,thermal|thermal_tau60|-30.0|2026100244,0,0.5000000000000002,0.1914926398578658,29.887916678079364,0.4682475493378931,0.5333433942030364,0.5431651388410593,0.2192557674609426,0.28445517614001553,0.29502836805222726
thermal_tau60,thermal,thermal_tau60_A0.50,-30.0,2026100249,49,thermal|thermal_tau60|-30.0|2026100249,1,0.5000000000000002,0.1914926398578658,29.887916678079364,0.4682475493378931,0.5333433942030364,0.5431651388410593,0.2827606687851565,0.21776838773394264,0.2086980903701086
thermal_tau60,thermal,thermal_tau60_A0.50,-30.0,2026100246,46,thermal|thermal_tau60|-30.0|2026100246,0,0.5000000000000002,0.1914926398578658,29.887916678079364,0.4682475493378931,0.5333433942030364,0.5431651388410593,0.2192557674609426,0.28445517614001553,0.29502836805222726
thermal_tau60,thermal,thermal_tau60_A0.50,-30.0,2026100252,52,thermal|thermal_tau60|-30.0|2026100252,1,0.5000000000000002,0.1914926398578658,29.887916678079364,0.4682475493378931,0.5333433942030364,0.5431651388410593,0.2827606687851565,0.21776838773394264,0.2086980903701086
thermal_tau60,thermal,thermal_tau60_A0.50,-30.0,2026100248,48,thermal|thermal_tau60|-30.0|2026100248,0,0.5000000000000002,0.1914926398578658,29.887916678079364,0.4682475493378931,0.5333433942030364,0.5431651388410593,0.2192557674609426,0.28445517614001553,0.29502836805222726
thermal_tau60,thermal,thermal_tau60_A0.50,-30.0,2026100253,53,thermal|thermal_tau60|-30.0|2026100253,1,0.5000000000000002,0.1914926398578658,29.887916678079364,0.4682475493378931,0.5333433942030364,0.5431651388410593,0.2827606687851565,0.21776838773394264,0.2086980903701086
thermal_tau60,thermal,thermal_tau60_A0.50,-30.0,2026100254,54,thermal|thermal_tau60|-30.0|2026100254,1,0.5000000000000002,0.1914926398578658,29.887916678079364,0.4682475493378931,0.5333433942030364,0.5431651388410593,0.2827606687851565,0.21776838773394264,0.2086980903701086
thermal_tau60,thermal,thermal_tau60_A0.50,-30.0,2026100256,56,thermal|thermal_tau60|-30.0|2026100256,1,0.5000000000000002,0.1914926398578658,29.887916678079364,0.4682475493378931,0.5333433942030364,0.5431651388410593,0.2827606687851565,0.21776838773394264,0.2086980903701086
thermal_tau60,thermal,thermal_tau60_A0.50,-30.0,2026100250,50,thermal|thermal_tau60|-30.0|2026100250,0,0.5000000000000002,0.1914926398578658,29.887916678079364,0.4682475493378931,0.5333433942030364,0.5431651388410593,0.2192557674609426,0.28445517614001553,0.29502836805222726
thermal_tau60,thermal,thermal_tau60_A0.50,-30.0,2026100251,51,thermal|thermal_tau60|-30.0|2026100251,0,0.5000000000000002,0.1914926398578658,29.887916678079364,0.4682475493378931,0.5333433942030364,0.5431651388410593,0.2192557674609426,0.28445517614001553,0.29502836805222726
thermal_tau60,thermal,thermal_tau60_A0.50,-30.0,2026100259,59,thermal|thermal_tau60|-30.0|2026100259,1,0.5000000000000002,0.1914926398578658,29.887916678079364,0.4682475493378931,0.5333433942030364,0.5431651388410593,0.2827606687851565,0.21776838773394264,0.2086980903701086
thermal_tau60,thermal,thermal_tau60_A0.50,-30.0,2026100257,57,thermal|thermal_tau60|-30.0|2026100257,1,0.5000000000000002,0.1914926398578658,29.887916678079364,0.4682475493378931,0.5333433942030364,0.5431651388410593,0.2827606687851565,0.21776838773394264,0.2086980903701086
thermal_tau60,thermal,thermal_tau60_A0.50,-30.0,2026100260,60,thermal|thermal_tau60|-30.0|2026100260,1,0.5000000000000002,0.1914926398578658,29.887916678079364,0.4682475493378931,0.5333433942030364,0.5431651388410593,0.2827606687851565,0.21776838773394264,0.2086980903701086
thermal_tau60,thermal,thermal_tau60_A0.50,-30.0,2026100255,55,thermal|thermal_tau60|-30.0|2026100255,0,0.5000000000000002,0.1914926398578658,29.887916678079364,0.4682475493378931,0.5333433942030364,0.5431651388410593,0.2192557674609426,0.28445517614001553,0.29502836805222726
thermal_tau60,thermal,thermal_tau60_A0.50,-30.0,2026100262,62,thermal|thermal_tau60|-30.0|2026100262,1,0.5000000000000002,0.1914926398578658,29.887916678079364,0.4682475493378931,0.5333433942030364,0.5431651388410593,0.2827606687851565,0.21776838773394264,0.2086980903701086
thermal_tau60,thermal,thermal_tau60_A0.50,-30.0,2026100258,58,thermal|thermal_tau60|-30.0|2026100258,0,0.5000000000000002,0.1914926398578658,29.887916678079364,0.4682475493378931,0.5333433942030364,0.5431651388410593,0.2192557674609426,0.28445517614001553,0.29502836805222726
thermal_tau60,thermal,thermal_tau60_A0.50,-30.0,2026100265,65,thermal|thermal_tau60|-30.0|2026100265,1,0.5000000000000002,0.1914926398578658,29.887916678079364,0.4682475493378931,0.5333433942030364,0.5431651388410593,0.2827606687851565,0.21776838773394264,0.2086980903701086
thermal_tau60,thermal,thermal_tau60_A0.50,-30.0,2026100261,61,thermal|thermal_tau60|-30.0|2026100261,0,0.5000000000000002,0.1914926398578658,29.887916678079364,0.4682475493378931,0.5333433942030364,0.5431651388410593,0.2192557674609426,0.28445517614001553,0.29502836805222726
thermal_tau60,thermal,thermal_tau60_A0.50,-30.0,2026100263,63,thermal|thermal_tau60|-30.0|2026100263,0,0.5000000000000002,0.1914926398578658,29.887916678079364,0.4682475493378931,0.5333433942030364,0.5431651388410593,0.2192557674609426,0.28445517614001553,0.29502836805222726
thermal_tau60,thermal,thermal_tau60_A0.50,-30.0,2026100264,64,thermal|thermal_tau60|-30.0|2026100264,0,0.5000000000000002,0.1914926398578658,29.887916678079364,0.4682475493378931,0.5333433942030364,0.5431651388410593,0.2192557674609426,0.28445517614001553,0.29502836805222726
thermal_tau60,thermal,thermal_tau60_A0.50,-30.0,2026100268,68,thermal|thermal_tau60|-30.0|2026100268,1,0.5000000000000002,0.1914926398578658,29.887916678079364,0.4682475493378931,0.5333433942030364,0.5431651388410593,0.2827606687851565,0.21776838773394264,0.2086980903701086
thermal_tau60,thermal,thermal_tau60_A0.50,-30.0,2026100266,66,thermal|thermal_tau60|-30.0|2026100266,0,0.5000000000000002,0.1914926398578658,29.887916678079364,0.4682475493378931,0.5333433942030364,0.5431651388410593,0.2192557674609426,0.28445517614001553,0.29502836805222726
thermal_tau60,thermal,thermal_tau60_A0.50,-30.0,2026100270,70,thermal|thermal_tau60|-30.0|2026100270,1,0.5000000000000002,0.1914926398578658,29.887916678079364,0.4682475493378931,0.5333433942030364,0.5431651388410593,0.2827606687851565,0.21776838773394264,0.2086980903701086
thermal_tau60,thermal,thermal_tau60_A0.50,-30.0,2026100267,67,thermal|thermal_tau60|-30.0|2026100267,0,0.5000000000000002,0.1914926398578658,29.887916678079364,0.4682475493378931,0.5333433942030364,0.5431651388410593,0.2192557674609426,0.28445517614001553,0.29502836805222726
thermal_tau60,thermal,thermal_tau60_A0.50,-30.0,2026100272,72,thermal|thermal_tau60|-30.0|2026100272,1,0.5000000000000002,0.1914926398578658,29.887916678079364,0.4682475493378931,0.5333433942030364,0.5431651388410593,0.2827606687851565,0.21776838773394264,0.2086980903701086
thermal_tau60,thermal,thermal_tau60_A0.50,-30.0,2026100269,69,thermal|thermal_tau60|-30.0|2026100269,0,0.5000000000000002,0.1914926398578658,29.887916678079364,0.4682475493378931,0.5333433942030364,0.5431651388410593,0.2192557674609426,0.28445517614001553,0.29502836805222726
thermal_tau60,thermal,thermal_tau60_A0.50,-30.0,2026100273,73,thermal|thermal_tau60|-30.0|2026100273,1,0.5000000000000002,0.1914926398578658,29.887916678079364,0.4682475493378931,0.5333433942030364,0.5431651388410593,0.2827606687851565,0.21776838773394264,0.2086980903701086
thermal_tau60,thermal,thermal_tau60_A0.50,-30.0,2026100271,71,thermal|thermal_tau60|-30.0|2026100271,0,0.5000000000000002,0.1914926398578658,29.887916678079364,0.4682475493378931,0.5333433942030364,0.5431651388410593,0.2192557674609426,0.28445517614001553,0.29502836805222726
thermal_tau60,thermal,thermal_tau60_A0.50,-30.0,2026100276,76,thermal|thermal_tau60|-30.0|2026100276,1,0.5000000000000002,0.1914926398578658,29.887916678079364,0.4682475493378931,0.5333433942030364,0.5431651388410593,0.2827606687851565,0.21776838773394264,0.2086980903701086
thermal_tau60,thermal,thermal_tau60_A0.50,-30.0,2026100274,74,thermal|thermal_tau60|-30.0|2026100274,0,0.5000000000000002,0.1914926398578658,29.887916678079364,0.4682475493378931,0.5333433942030364,0.5431651388410593,0.2192557674609426,0.28445517614001553,0.29502836805222726
thermal_tau60,thermal,thermal_tau60_A0.50,-30.0,2026100275,75,thermal|thermal_tau60|-30.0|2026100275,0,0.5000000000000002,0.1914926398578658,29.887916678079364,0.4682475493378931,0.5333433942030364,0.5431651388410593,0.2192557674609426,0.28445517614001553,0.29502836805222726
thermal_tau60,thermal,thermal_tau60_A0.50,-30.0,2026100280,80,thermal|thermal_tau60|-30.0|2026100280,1,0.5000000000000002,0.1914926398578658,29.887916678079364,0.4682475493378931,0.5333433942030364,0.5431651388410593,0.2827606687851565,0.21776838773394264,0.2086980903701086
thermal_tau60,thermal,thermal_tau60_A0.50,-30.0,2026100277,77,thermal|thermal_tau60|-30.0|2026100277,0,0.5000000000000002,0.1914926398578658,29.887916678079364,0.4682475493378931,0.5333433942030364,0.5431651388410593,0.2192557674609426,0.28445517614001553,0.29502836805222726
thermal_tau60,thermal,thermal_tau60_A0.50,-30.0,2026100278,78,thermal|thermal_tau60|-30.0|2026100278,0,0.5000000000000002,0.1914926398578658,29.887916678079364,0.4682475493378931,0.5333433942030364,0.5431651388410593,0.2192557674609426,0.28445517614001553,0.29502836805222726
thermal_tau60,thermal,thermal_tau60_A0.50,-30.0,2026100279,79,thermal|thermal_tau60|-30.0|2026100279,0,0.5000000000000002,0.1914926398578658,29.887916678079364,0.4682475493378931,0.5333433942030364,0.5431651388410593,0.2192557674609426,0.28445517614001553,0.29502836805222726
thermal_tau60,thermal,thermal_tau60_A0.50,-30.0,2026100283,83,thermal|thermal_tau60|-30.0|2026100283,1,0.5000000000000002,0.1914926398578658,29.887916678079364,0.4682475493378931,0.5333433942030364,0.5431651388410593,0.2827606687851565,0.21776838773394264,0.2086980903701086
thermal_tau60,thermal,thermal_tau60_A0.50,-30.0,2026100281,81,thermal|thermal_tau60|-30.0|2026100281,0,0.5000000000000002,0.1914926398578658,29.887916678079364,0.4682475493378931,0.5333433942030364,0.5431651388410593,0.2192557674609426,0.28445517614001553,0.29502836805222726
thermal_tau60,thermal,thermal_tau60_A0.50,-30.0,2026100286,86,thermal|thermal_tau60|-30.0|2026100286,1,0.5000000000000002,0.1914926398578658,29.887916678079364,0.4682475493378931,0.5333433942030364,0.5431651388410593,0.2827606687851565,0.21776838773394264,0.2086980903701086
thermal_tau60,thermal,thermal_tau60_A0.50,-30.0,2026100282,82,thermal|thermal_tau60|-30.0|2026100282,0,0.5000000000000002,0.1914926398578658,29.887916678079364,0.4682475493378931,0.5333433942030364,0.5431651388410593,0.2192557674609426,0.28445517614001553,0.29502836805222726
thermal_tau60,thermal,thermal_tau60_A0.50,-30.0,2026100285,85,thermal|thermal_tau60|-30.0|2026100285,0,0.5000000000000002,0.1914926398578658,29.887916678079364,0.4682475493378931,0.5333433942030364,0.5431651388410593,0.2192557674609426,0.28445517614001553,0.29502836805222726
thermal_tau60,thermal,thermal_tau60_A0.50,-30.0,2026100289,89,thermal|thermal_tau60|-30.0|2026100289,1,0.5000000000000002,0.1914926398578658,29.887916678079364,0.4682475493378931,0.5333433942030364,0.5431651388410593,0.2827606687851565,0.21776838773394264,0.2086980903701086
thermal_tau60,thermal,thermal_tau60_A0.50,-30.0,2026100284,84,thermal|thermal_tau60|-30.0|2026100284,0,0.5000000000000002,0.1914926398578658,29.887916678079364,0.4682475493378931,0.5333433942030364,0.5431651388410593,0.2192557674609426,0.28445517614001553,0.29502836805222726
thermal_tau60,thermal,thermal_tau60_A0.50,-30.0,2026100287,87,thermal|thermal_tau60|-30.0|2026100287,0,0.5000000000000002,0.1914926398578658,29.887916678079364,0.4682475493378931,0.5333433942030364,0.5431651388410593,0.2192557674609426,0.28445517614001553,0.29502836805222726
thermal_tau60,thermal,thermal_tau60_A0.50,-30.0,2026100288,88,thermal|thermal_tau60|-30.0|2026100288,0,0.5000000000000002,0.1914926398578658,29.887916678079364,0.4682475493378931,0.5333433942030364,0.5431651388410593,0.2192557674609426,0.28445517614001553,0.29502836805222726
thermal_tau60,thermal,thermal_tau60_A0.50,-30.0,2026100292,92,thermal|thermal_tau60|-30.0|2026100292,1,0.5000000000000002,0.1914926398578658,29.887916678079364,0.4682475493378931,0.5333433942030364,0.5431651388410593,0.2827606687851565,0.21776838773394264,0.2086980903701086
thermal_tau60,thermal,thermal_tau60_A0.50,-30.0,2026100290,90,thermal|thermal_tau60|-30.0|2026100290,0,0.5000000000000002,0.1914926398578658,29.887916678079364,0.4682475493378931,0.5333433942030364,0.5431651388410593,0.2192557674609426,0.28445517614001553,0.29502836805222726
thermal_tau60,thermal,thermal_tau60_A0.50,-30.0,2026100291,91,thermal|thermal_tau60|-30.0|2026100291,0,0.5000000000000002,0.1914926398578658,29.887916678079364,0.4682475493378931,0.5333433942030364,0.5431651388410593,0.2192557674609426,0.28445517614001553,0.29502836805222726
thermal_tau60,thermal,thermal_tau60_A0.50,-30.0,2026100296,96,thermal|thermal_tau60|-30.0|2026100296,1,0.5000000000000002,0.1914926398578658,29.887916678079364,0.4682475493378931,0.5333433942030364,0.5431651388410593,0.2827606687851565,0.21776838773394264,0.2086980903701086
thermal_tau60,thermal,thermal_tau60_A0.50,-30.0,2026100297,97,thermal|thermal_tau60|-30.0|2026100297,1,0.5000000000000002,0.1914926398578658,29.887916678079364,0.4682475493378931,0.5333433942030364,0.5431651388410593,0.2827606687851565,0.21776838773394264,0.2086980903701086
thermal_tau60,thermal,thermal_tau60_A0.50,-30.0,2026100293,93,thermal|thermal_tau60|-30.0|2026100293,0,0.5000000000000002,0.1914926398578658,29.887916678079364,0.4682475493378931,0.5333433942030364,0.5431651388410593,0.2192557674609426,0.28445517614001553,0.29502836805222726
thermal_tau60,thermal,thermal_tau60_A0.50,-30.0,2026100294,94,thermal|thermal_tau60|-30.0|2026100294,0,0.5000000000000002,0.1914926398578658,29.887916678079364,0.4682475493378931,0.5333433942030364,0.5431651388410593,0.2192557674609426,0.28445517614001553,0.29502836805222726
thermal_tau60,thermal,thermal_tau60_A0.50,-30.0,2026100295,95,thermal|thermal_tau60|-30.0|2026100295,0,0.5000000000000002,0.1914926398578658,29.887916678079364,0.4682475493378931,0.5333433942030364,0.5431651388410593,0.2192557674609426,0.28445517614001553,0.29502836805222726
thermal_tau60,thermal,thermal_tau60_A0.50,-30.0,2026100298,98,thermal|thermal_tau60|-30.0|2026100298,1,0.5000000000000002,0.1914926398578658,29.887916678079364,0.4682475493378931,0.5333433942030364,0.5431651388410593,0.2827606687851565,0.21776838773394264,0.2086980903701086
thermal_tau120,thermal,thermal_tau120_A0.25,-30.0,2026100200,0,thermal|thermal_tau120|-30.0|2026100200,1,0.2499999999999996,0.1042094654092212,15.959377671278755,0.8990869751677527,0.8980222049819567,0.8992227297778067,0.010183438580793758,0.01039947067674205,0.010156058193436967
thermal_tau120,thermal,thermal_tau120_A0.25,-30.0,2026100201,1,thermal|thermal_tau120|-30.0|2026100201,1,0.2499999999999996,0.1042094654092212,15.959377671278755,0.8990869751677527,0.8980222049819567,0.8992227297778067,0.010183438580793758,0.01039947067674205,0.010156058193436967
thermal_tau120,thermal,thermal_tau120_A0.25,-30.0,2026100204,4,thermal|thermal_tau120|-30.0|2026100204,1,0.2499999999999996,0.1042094654092212,15.959377671278755,0.8990869751677527,0.8980222049819567,0.8992227297778067,0.010183438580793758,0.01039947067674205,0.010156058193436967
thermal_tau120,thermal,thermal_tau120_A0.25,-30.0,2026100202,2,thermal|thermal_tau120|-30.0|2026100202,1,0.2499999999999996,0.1042094654092212,15.959377671278755,0.8990869751677527,0.8980222049819567,0.8992227297778067,0.010183438580793758,0.01039947067674205,0.010156058193436967
thermal_tau60,thermal,thermal_tau60_A0.50,-30.0,2026100299,99,thermal|thermal_tau60|-30.0|2026100299,0,0.5000000000000002,0.1914926398578658,29.887916678079364,0.4682475493378931,0.5333433942030364,0.5431651388410593,0.2192557674609426,0.28445517614001553,0.29502836805222726
thermal_tau120,thermal,thermal_tau120_A0.25,-30.0,2026100203,3,thermal|thermal_tau120|-30.0|2026100203,1,0.2499999999999996,0.1042094654092212,15.959377671278755,0.8990869751677527,0.8980222049819567,0.8992227297778067,0.010183438580793758,0.01039947067674205,0.010156058193436967
thermal_tau120,thermal,thermal_tau120_A0.25,-30.0,2026100205,5,thermal|thermal_tau120|-30.0|2026100205,1,0.2499999999999996,0.1042094654092212,15.959377671278755,0.8990869751677527,0.8980222049819567,0.8992227297778067,0.010183438580793758,0.01039947067674205,0.010156058193436967
thermal_tau120,thermal,thermal_tau120_A0.25,-30.0,2026100208,8,thermal|thermal_tau120|-30.0|2026100208,1,0.2499999999999996,0.1042094654092212,15.959377671278755,0.8990869751677527,0.8980222049819567,0.8992227297778067,0.010183438580793758,0.01039947067674205,0.010156058193436967
thermal_tau120,thermal,thermal_tau120_A0.25,-30.0,2026100210,10,thermal|thermal_tau120|-30.0|2026100210,1,0.2499999999999996,0.1042094654092212,15.959377671278755,0.8990869751677527,0.8980222049819567,0.8992227297778067,0.010183438580793758,0.01039947067674205,0.010156058193436967
thermal_tau120,thermal,thermal_tau120_A0.25,-30.0,2026100207,7,thermal|thermal_tau120|-30.0|2026100207,1,0.2499999999999996,0.1042094654092212,15.959377671278755,0.8990869751677527,0.8980222049819567,0.8992227297778067,0.010183438580793758,0.01039947067674205,0.010156058193436967
thermal_tau120,thermal,thermal_tau120_A0.25,-30.0,2026100209,9,thermal|thermal_tau120|-30.0|2026100209,1,0.2499999999999996,0.1042094654092212,15.959377671278755,0.8990869751677527,0.8980222049819567,0.8992227297778067,0.010183438580793758,0.01039947067674205,0.010156058193436967
thermal_tau120,thermal,thermal_tau120_A0.25,-30.0,2026100206,6,thermal|thermal_tau120|-30.0|2026100206,1,0.2499999999999996,0.1042094654092212,15.959377671278755,0.8990869751677527,0.8980222049819567,0.8992227297778067,0.010183438580793758,0.01039947067674205,0.010156058193436967
thermal_tau120,thermal,thermal_tau120_A0.25,-30.0,2026100214,14,thermal|thermal_tau120|-30.0|2026100214,1,0.2499999999999996,0.1042094654092212,15.959377671278755,0.8990869751677527,0.8980222049819567,0.8992227297778067,0.010183438580793758,0.01039947067674205,0.010156058193436967
thermal_tau120,thermal,thermal_tau120_A0.25,-30.0,2026100211,11,thermal|thermal_tau120|-30.0|2026100211,1,0.2499999999999996,0.1042094654092212,15.959377671278755,0.8990869751677527,0.8980222049819567,0.8992227297778067,0.010183438580793758,0.01039947067674205,0.010156058193436967
thermal_tau120,thermal,thermal_tau120_A0.25,-30.0,2026100215,15,thermal|thermal_tau120|-30.0|2026100215,1,0.2499999999999996,0.1042094654092212,15.959377671278755,0.8990869751677527,0.8980222049819567,0.8992227297778067,0.010183438580793758,0.01039947067674205,0.010156058193436967
thermal_tau120,thermal,thermal_tau120_A0.25,-30.0,2026100212,12,thermal|thermal_tau120|-30.0|2026100212,1,0.2499999999999996,0.1042094654092212,15.959377671278755,0.8990869751677527,0.8980222049819567,0.8992227297778067,0.010183438580793758,0.01039947067674205,0.010156058193436967
thermal_tau120,thermal,thermal_tau120_A0.25,-30.0,2026100216,16,thermal|thermal_tau120|-30.0|2026100216,1,0.2499999999999996,0.1042094654092212,15.959377671278755,0.8990869751677527,0.8980222049819567,0.8992227297778067,0.010183438580793758,0.01039947067674205,0.010156058193436967
thermal_tau120,thermal,thermal_tau120_A0.25,-30.0,2026100219,19,thermal|thermal_tau120|-30.0|2026100219,1,0.2499999999999996,0.1042094654092212,15.959377671278755,0.8990869751677527,0.8980222049819567,0.8992227297778067,0.010183438580793758,0.01039947067674205,0.010156058193436967
thermal_tau120,thermal,thermal_tau120_A0.25,-30.0,2026100217,17,thermal|thermal_tau120|-30.0|2026100217,1,0.2499999999999996,0.1042094654092212,15.959377671278755,0.8990869751677527,0.8980222049819567,0.8992227297778067,0.010183438580793758,0.01039947067674205,0.010156058193436967
thermal_tau120,thermal,thermal_tau120_A0.25,-30.0,2026100218,18,thermal|thermal_tau120|-30.0|2026100218,1,0.2499999999999996,0.1042094654092212,15.959377671278755,0.8990869751677527,0.8980222049819567,0.8992227297778067,0.010183438580793758,0.01039947067674205,0.010156058193436967
thermal_tau120,thermal,thermal_tau120_A0.25,-30.0,2026100220,20,thermal|thermal_tau120|-30.0|2026100220,1,0.2499999999999996,0.1042094654092212,15.959377671278755,0.8990869751677527,0.8980222049819567,0.8992227297778067,0.010183438580793758,0.01039947067674205,0.010156058193436967
thermal_tau120,thermal,thermal_tau120_A0.25,-30.0,2026100223,23,thermal|thermal_tau120|-30.0|2026100223,1,0.2499999999999996,0.1042094654092212,15.959377671278755,0.8990869751677527,0.8980222049819567,0.8992227297778067,0.010183438580793758,0.01039947067674205,0.010156058193436967
thermal_tau120,thermal,thermal_tau120_A0.25,-30.0,2026100213,13,thermal|thermal_tau120|-30.0|2026100213,0,0.2499999999999996,0.1042094654092212,15.959377671278755,0.8990869751677527,0.8980222049819567,0.8992227297778067,0.8083573889162992,0.8064438806406555,0.8086015177490504
thermal_tau120,thermal,thermal_tau120_A0.25,-30.0,2026100221,21,thermal|thermal_tau120|-30.0|2026100221,1,0.2499999999999996,0.1042094654092212,15.959377671278755,0.8990869751677527,0.8980222049819567,0.8992227297778067,0.010183438580793758,0.01039947067674205,0.010156058193436967
thermal_tau120,thermal,thermal_tau120_A0.25,-30.0,2026100224,24,thermal|thermal_tau120|-30.0|2026100224,1,0.2499999999999996,0.1042094654092212,15.959377671278755,0.8990869751677527,0.8980222049819567,0.8992227297778067,0.010183438580793758,0.01039947067674205,0.010156058193436967
thermal_tau120,thermal,thermal_tau120_A0.25,-30.0,2026100226,26,thermal|thermal_tau120|-30.0|2026100226,1,0.2499999999999996,0.1042094654092212,15.959377671278755,0.8990869751677527,0.8980222049819567,0.8992227297778067,0.010183438580793758,0.01039947067674205,0.010156058193436967
thermal_tau120,thermal,thermal_tau120_A0.25,-30.0,2026100228,28,thermal|thermal_tau120|-30.0|2026100228,1,0.2499999999999996,0.1042094654092212,15.959377671278755,0.8990869751677527,0.8980222049819567,0.8992227297778067,0.010183438580793758,0.01039947067674205,0.010156058193436967
thermal_tau120,thermal,thermal_tau120_A0.25,-30.0,2026100227,27,thermal|thermal_tau120|-30.0|2026100227,1,0.2499999999999996,0.1042094654092212,15.959377671278755,0.8990869751677527,0.8980222049819567,0.8992227297778067,0.010183438580793758,0.01039947067674205,0.010156058193436967
thermal_tau120,thermal,thermal_tau120_A0.25,-30.0,2026100222,22,thermal|thermal_tau120|-30.0|2026100222,1,0.2499999999999996,0.1042094654092212,15.959377671278755,0.8990869751677527,0.8980222049819567,0.8992227297778067,0.010183438580793758,0.01039947067674205,0.010156058193436967
thermal_tau120,thermal,thermal_tau120_A0.25,-30.0,2026100231,31,thermal|thermal_tau120|-30.0|2026100231,1,0.2499999999999996,0.1042094654092212,15.959377671278755,0.8990869751677527,0.8980222049819567,0.8992227297778067,0.010183438580793758,0.01039947067674205,0.010156058193436967
thermal_tau120,thermal,thermal_tau120_A0.25,-30.0,2026100229,29,thermal|thermal_tau120|-30.0|2026100229,1,0.2499999999999996,0.1042094654092212,15.959377671278755,0.8990869751677527,0.8980222049819567,0.8992227297778067,0.010183438580793758,0.01039947067674205,0.010156058193436967
thermal_tau120,thermal,thermal_tau120_A0.25,-30.0,2026100225,25,thermal|thermal_tau120|-30.0|2026100225,1,0.2499999999999996,0.1042094654092212,15.959377671278755,0.8990869751677527,0.8980222049819567,0.8992227297778067,0.010183438580793758,0.01039947067674205,0.010156058193436967
thermal_tau120,thermal,thermal_tau120_A0.25,-30.0,2026100234,34,thermal|thermal_tau120|-30.0|2026100234,1,0.2499999999999996,0.1042094654092212,15.959377671278755,0.8990869751677527,0.8980222049819567,0.8992227297778067,0.010183438580793758,0.01039947067674205,0.010156058193436967
thermal_tau120,thermal,thermal_tau120_A0.25,-30.0,2026100235,35,thermal|thermal_tau120|-30.0|2026100235,1,0.2499999999999996,0.1042094654092212,15.959377671278755,0.8990869751677527,0.8980222049819567,0.8992227297778067,0.010183438580793758,0.01039947067674205,0.010156058193436967
thermal_tau120,thermal,thermal_tau120_A0.25,-30.0,2026100230,30,thermal|thermal_tau120|-30.0|2026100230,1,0.2499999999999996,0.1042094654092212,15.959377671278755,0.8990869751677527,0.8980222049819567,0.8992227297778067,0.010183438580793758,0.01039947067674205,0.010156058193436967
thermal_tau120,thermal,thermal_tau120_A0.25,-30.0,2026100236,36,thermal|thermal_tau120|-30.0|2026100236,1,0.2499999999999996,0.1042094654092212,15.959377671278755,0.8990869751677527,0.8980222049819567,0.8992227297778067,0.010183438580793758,0.01039947067674205,0.010156058193436967
thermal_tau120,thermal,thermal_tau120_A0.25,-30.0,2026100232,32,thermal|thermal_tau120|-30.0|2026100232,1,0.2499999999999996,0.1042094654092212,15.959377671278755,0.8990869751677527,0.8980222049819567,0.8992227297778067,0.010183438580793758,0.01039947067674205,0.010156058193436967
thermal_tau120,thermal,thermal_tau120_A0.25,-30.0,2026100237,37,thermal|thermal_tau120|-30.0|2026100237,1,0.2499999999999996,0.1042094654092212,15.959377671278755,0.8990869751677527,0.8980222049819567,0.8992227297778067,0.010183438580793758,0.01039947067674205,0.010156058193436967
thermal_tau120,thermal,thermal_tau120_A0.25,-30.0,2026100240,40,thermal|thermal_tau120|-30.0|2026100240,1,0.2499999999999996,0.1042094654092212,15.959377671278755,0.8990869751677527,0.8980222049819567,0.8992227297778067,0.010183438580793758,0.01039947067674205,0.010156058193436967
thermal_tau120,thermal,thermal_tau120_A0.25,-30.0,2026100241,41,thermal|thermal_tau120|-30.0|2026100241,1,0.2499999999999996,0.1042094654092212,15.959377671278755,0.8990869751677527,0.8980222049819567,0.8992227297778067,0.010183438580793758,0.01039947067674205,0.010156058193436967
thermal_tau120,thermal,thermal_tau120_A0.25,-30.0,2026100233,33,thermal|thermal_tau120|-30.0|2026100233,1,0.2499999999999996,0.1042094654092212,15.959377671278755,0.8990869751677527,0.8980222049819567,0.8992227297778067,0.010183438580793758,0.01039947067674205,0.010156058193436967
thermal_tau120,thermal,thermal_tau120_A0.25,-30.0,2026100243,43,thermal|thermal_tau120|-30.0|2026100243,1,0.2499999999999996,0.1042094654092212,15.959377671278755,0.8990869751677527,0.8980222049819567,0.8992227297778067,0.010183438580793758,0.01039947067674205,0.010156058193436967
thermal_tau120,thermal,thermal_tau120_A0.25,-30.0,2026100242,42,thermal|thermal_tau120|-30.0|2026100242,1,0.2499999999999996,0.1042094654092212,15.959377671278755,0.8990869751677527,0.8980222049819567,0.8992227297778067,0.010183438580793758,0.01039947067674205,0.010156058193436967
thermal_tau120,thermal,thermal_tau120_A0.25,-30.0,2026100239,39,thermal|thermal_tau120|-30.0|2026100239,1,0.2499999999999996,0.1042094654092212,15.959377671278755,0.8990869751677527,0.8980222049819567,0.8992227297778067,0.010183438580793758,0.01039947067674205,0.010156058193436967
thermal_tau120,thermal,thermal_tau120_A0.25,-30.0,2026100245,45,thermal|thermal_tau120|-30.0|2026100245,1,0.2499999999999996,0.1042094654092212,15.959377671278755,0.8990869751677527,0.8980222049819567,0.8992227297778067,0.010183438580793758,0.01039947067674205,0.010156058193436967
thermal_tau120,thermal,thermal_tau120_A0.25,-30.0,2026100244,44,thermal|thermal_tau120|-30.0|2026100244,1,0.2499999999999996,0.1042094654092212,15.959377671278755,0.8990869751677527,0.8980222049819567,0.8992227297778067,0.010183438580793758,0.01039947067674205,0.010156058193436967
thermal_tau120,thermal,thermal_tau120_A0.25,-30.0,2026100247,47,thermal|thermal_tau120|-30.0|2026100247,1,0.2499999999999996,0.1042094654092212,15.959377671278755,0.8990869751677527,0.8980222049819567,0.8992227297778067,0.010183438580793758,0.01039947067674205,0.010156058193436967
thermal_tau120,thermal,thermal_tau120_A0.25,-30.0,2026100248,48,thermal|thermal_tau120|-30.0|2026100248,1,0.2499999999999996,0.1042094654092212,15.959377671278755,0.8990869751677527,0.8980222049819567,0.8992227297778067,0.010183438580793758,0.01039947067674205,0.010156058193436967
thermal_tau120,thermal,thermal_tau120_A0.25,-30.0,2026100238,38,thermal|thermal_tau120|-30.0|2026100238,0,0.2499999999999996,0.1042094654092212,15.959377671278755,0.8990869751677527,0.8980222049819567,0.8992227297778067,0.8083573889162992,0.8064438806406555,0.8086015177490504
thermal_tau120,thermal,thermal_tau120_A0.25,-30.0,2026100246,46,thermal|thermal_tau120|-30.0|2026100246,1,0.2499999999999996,0.1042094654092212,15.959377671278755,0.8990869751677527,0.8980222049819567,0.8992227297778067,0.010183438580793758,0.01039947067674205,0.010156058193436967
thermal_tau120,thermal,thermal_tau120_A0.25,-30.0,2026100250,50,thermal|thermal_tau120|-30.0|2026100250,1,0.2499999999999996,0.1042094654092212,15.959377671278755,0.8990869751677527,0.8980222049819567,0.8992227297778067,0.010183438580793758,0.01039947067674205,0.010156058193436967
thermal_tau120,thermal,thermal_tau120_A0.25,-30.0,2026100252,52,thermal|thermal_tau120|-30.0|2026100252,1,0.2499999999999996,0.1042094654092212,15.959377671278755,0.8990869751677527,0.8980222049819567,0.8992227297778067,0.010183438580793758,0.01039947067674205,0.010156058193436967
thermal_tau120,thermal,thermal_tau120_A0.25,-30.0,2026100251,51,thermal|thermal_tau120|-30.0|2026100251,1,0.2499999999999996,0.1042094654092212,15.959377671278755,0.8990869751677527,0.8980222049819567,0.8992227297778067,0.010183438580793758,0.01039947067674205,0.010156058193436967
thermal_tau120,thermal,thermal_tau120_A0.25,-30.0,2026100254,54,thermal|thermal_tau120|-30.0|2026100254,1,0.2499999999999996,0.1042094654092212,15.959377671278755,0.8990869751677527,0.8980222049819567,0.8992227297778067,0.010183438580793758,0.01039947067674205,0.010156058193436967
thermal_tau120,thermal,thermal_tau120_A0.25,-30.0,2026100256,56,thermal|thermal_tau120|-30.0|2026100256,1,0.2499999999999996,0.1042094654092212,15.959377671278755,0.8990869751677527,0.8980222049819567,0.8992227297778067,0.010183438580793758,0.01039947067674205,0.010156058193436967
thermal_tau120,thermal,thermal_tau120_A0.25,-30.0,2026100249,49,thermal|thermal_tau120|-30.0|2026100249,1,0.2499999999999996,0.1042094654092212,15.959377671278755,0.8990869751677527,0.8980222049819567,0.8992227297778067,0.010183438580793758,0.01039947067674205,0.010156058193436967
thermal_tau120,thermal,thermal_tau120_A0.25,-30.0,2026100255,55,thermal|thermal_tau120|-30.0|2026100255,1,0.2499999999999996,0.1042094654092212,15.959377671278755,0.8990869751677527,0.8980222049819567,0.8992227297778067,0.010183438580793758,0.01039947067674205,0.010156058193436967
thermal_tau120,thermal,thermal_tau120_A0.25,-30.0,2026100253,53,thermal|thermal_tau120|-30.0|2026100253,1,0.2499999999999996,0.1042094654092212,15.959377671278755,0.8990869751677527,0.8980222049819567,0.8992227297778067,0.010183438580793758,0.01039947067674205,0.010156058193436967
thermal_tau120,thermal,thermal_tau120_A0.25,-30.0,2026100260,60,thermal|thermal_tau120|-30.0|2026100260,1,0.2499999999999996,0.1042094654092212,15.959377671278755,0.8990869751677527,0.8980222049819567,0.8992227297778067,0.010183438580793758,0.01039947067674205,0.010156058193436967
thermal_tau120,thermal,thermal_tau120_A0.25,-30.0,2026100259,59,thermal|thermal_tau120|-30.0|2026100259,1,0.2499999999999996,0.1042094654092212,15.959377671278755,0.8990869751677527,0.8980222049819567,0.8992227297778067,0.010183438580793758,0.01039947067674205,0.010156058193436967
thermal_tau120,thermal,thermal_tau120_A0.25,-30.0,2026100262,62,thermal|thermal_tau120|-30.0|2026100262,1,0.2499999999999996,0.1042094654092212,15.959377671278755,0.8990869751677527,0.8980222049819567,0.8992227297778067,0.010183438580793758,0.01039947067674205,0.010156058193436967
thermal_tau120,thermal,thermal_tau120_A0.25,-30.0,2026100257,57,thermal|thermal_tau120|-30.0|2026100257,0,0.2499999999999996,0.1042094654092212,15.959377671278755,0.8990869751677527,0.8980222049819567,0.8992227297778067,0.8083573889162992,0.8064438806406555,0.8086015177490504
thermal_tau120,thermal,thermal_tau120_A0.25,-30.0,2026100258,58,thermal|thermal_tau120|-30.0|2026100258,0,0.2499999999999996,0.1042094654092212,15.959377671278755,0.8990869751677527,0.8980222049819567,0.8992227297778067,0.8083573889162992,0.8064438806406555,0.8086015177490504
thermal_tau120,thermal,thermal_tau120_A0.25,-30.0,2026100265,65,thermal|thermal_tau120|-30.0|2026100265,1,0.2499999999999996,0.1042094654092212,15.959377671278755,0.8990869751677527,0.8980222049819567,0.8992227297778067,0.010183438580793758,0.01039947067674205,0.010156058193436967
thermal_tau120,thermal,thermal_tau120_A0.25,-30.0,2026100263,63,thermal|thermal_tau120|-30.0|2026100263,1,0.2499999999999996,0.1042094654092212,15.959377671278755,0.8990869751677527,0.8980222049819567,0.8992227297778067,0.010183438580793758,0.01039947067674205,0.010156058193436967
thermal_tau120,thermal,thermal_tau120_A0.25,-30.0,2026100261,61,thermal|thermal_tau120|-30.0|2026100261,1,0.2499999999999996,0.1042094654092212,15.959377671278755,0.8990869751677527,0.8980222049819567,0.8992227297778067,0.010183438580793758,0.01039947067674205,0.010156058193436967
thermal_tau120,thermal,thermal_tau120_A0.25,-30.0,2026100264,64,thermal|thermal_tau120|-30.0|2026100264,1,0.2499999999999996,0.1042094654092212,15.959377671278755,0.8990869751677527,0.8980222049819567,0.8992227297778067,0.010183438580793758,0.01039947067674205,0.010156058193436967
thermal_tau120,thermal,thermal_tau120_A0.25,-30.0,2026100267,67,thermal|thermal_tau120|-30.0|2026100267,1,0.2499999999999996,0.1042094654092212,15.959377671278755,0.8990869751677527,0.8980222049819567,0.8992227297778067,0.010183438580793758,0.01039947067674205,0.010156058193436967
thermal_tau120,thermal,thermal_tau120_A0.25,-30.0,2026100268,68,thermal|thermal_tau120|-30.0|2026100268,1,0.2499999999999996,0.1042094654092212,15.959377671278755,0.8990869751677527,0.8980222049819567,0.8992227297778067,0.010183438580793758,0.01039947067674205,0.010156058193436967
thermal_tau120,thermal,thermal_tau120_A0.25,-30.0,2026100266,66,thermal|thermal_tau120|-30.0|2026100266,1,0.2499999999999996,0.1042094654092212,15.959377671278755,0.8990869751677527,0.8980222049819567,0.8992227297778067,0.010183438580793758,0.01039947067674205,0.010156058193436967
thermal_tau120,thermal,thermal_tau120_A0.25,-30.0,2026100269,69,thermal|thermal_tau120|-30.0|2026100269,1,0.2499999999999996,0.1042094654092212,15.959377671278755,0.8990869751677527,0.8980222049819567,0.8992227297778067,0.010183438580793758,0.01039947067674205,0.010156058193436967
thermal_tau120,thermal,thermal_tau120_A0.25,-30.0,2026100270,70,thermal|thermal_tau120|-30.0|2026100270,1,0.2499999999999996,0.1042094654092212,15.959377671278755,0.8990869751677527,0.8980222049819567,0.8992227297778067,0.010183438580793758,0.01039947067674205,0.010156058193436967
thermal_tau120,thermal,thermal_tau120_A0.25,-30.0,2026100272,72,thermal|thermal_tau120|-30.0|2026100272,1,0.2499999999999996,0.1042094654092212,15.959377671278755,0.8990869751677527,0.8980222049819567,0.8992227297778067,0.010183438580793758,0.01039947067674205,0.010156058193436967
thermal_tau120,thermal,thermal_tau120_A0.25,-30.0,2026100273,73,thermal|thermal_tau120|-30.0|2026100273,1,0.2499999999999996,0.1042094654092212,15.959377671278755,0.8990869751677527,0.8980222049819567,0.8992227297778067,0.010183438580793758,0.01039947067674205,0.010156058193436967
thermal_tau120,thermal,thermal_tau120_A0.25,-30.0,2026100271,71,thermal|thermal_tau120|-30.0|2026100271,1,0.2499999999999996,0.1042094654092212,15.959377671278755,0.8990869751677527,0.8980222049819567,0.8992227297778067,0.010183438580793758,0.01039947067674205,0.010156058193436967
thermal_tau120,thermal,thermal_tau120_A0.25,-30.0,2026100276,76,thermal|thermal_tau120|-30.0|2026100276,1,0.2499999999999996,0.1042094654092212,15.959377671278755,0.8990869751677527,0.8980222049819567,0.8992227297778067,0.010183438580793758,0.01039947067674205,0.010156058193436967
thermal_tau120,thermal,thermal_tau120_A0.25,-30.0,2026100275,75,thermal|thermal_tau120|-30.0|2026100275,1,0.2499999999999996,0.1042094654092212,15.959377671278755,0.8990869751677527,0.8980222049819567,0.8992227297778067,0.010183438580793758,0.01039947067674205,0.010156058193436967
thermal_tau120,thermal,thermal_tau120_A0.25,-30.0,2026100277,77,thermal|thermal_tau120|-30.0|2026100277,1,0.2499999999999996,0.1042094654092212,15.959377671278755,0.8990869751677527,0.8980222049819567,0.8992227297778067,0.010183438580793758,0.01039947067674205,0.010156058193436967
thermal_tau120,thermal,thermal_tau120_A0.25,-30.0,2026100279,79,thermal|thermal_tau120|-30.0|2026100279,1,0.2499999999999996,0.1042094654092212,15.959377671278755,0.8990869751677527,0.8980222049819567,0.8992227297778067,0.010183438580793758,0.01039947067674205,0.010156058193436967
thermal_tau120,thermal,thermal_tau120_A0.25,-30.0,2026100280,80,thermal|thermal_tau120|-30.0|2026100280,1,0.2499999999999996,0.1042094654092212,15.959377671278755,0.8990869751677527,0.8980222049819567,0.8992227297778067,0.010183438580793758,0.01039947067674205,0.010156058193436967
thermal_tau120,thermal,thermal_tau120_A0.25,-30.0,2026100274,74,thermal|thermal_tau120|-30.0|2026100274,0,0.2499999999999996,0.1042094654092212,15.959377671278755,0.8990869751677527,0.8980222049819567,0.8992227297778067,0.8083573889162992,0.8064438806406555,0.8086015177490504
thermal_tau120,thermal,thermal_tau120_A0.25,-30.0,2026100283,83,thermal|thermal_tau120|-30.0|2026100283,1,0.2499999999999996,0.1042094654092212,15.959377671278755,0.8990869751677527,0.8980222049819567,0.8992227297778067,0.010183438580793758,0.01039947067674205,0.010156058193436967
thermal_tau120,thermal,thermal_tau120_A0.25,-30.0,2026100281,81,thermal|thermal_tau120|-30.0|2026100281,1,0.2499999999999996,0.1042094654092212,15.959377671278755,0.8990869751677527,0.8980222049819567,0.8992227297778067,0.010183438580793758,0.01039947067674205,0.010156058193436967
thermal_tau120,thermal,thermal_tau120_A0.25,-30.0,2026100278,78,thermal|thermal_tau120|-30.0|2026100278,1,0.2499999999999996,0.1042094654092212,15.959377671278755,0.8990869751677527,0.8980222049819567,0.8992227297778067,0.010183438580793758,0.01039947067674205,0.010156058193436967
thermal_tau120,thermal,thermal_tau120_A0.25,-30.0,2026100282,82,thermal|thermal_tau120|-30.0|2026100282,1,0.2499999999999996,0.1042094654092212,15.959377671278755,0.8990869751677527,0.8980222049819567,0.8992227297778067,0.010183438580793758,0.01039947067674205,0.010156058193436967
thermal_tau120,thermal,thermal_tau120_A0.25,-30.0,2026100286,86,thermal|thermal_tau120|-30.0|2026100286,1,0.2499999999999996,0.1042094654092212,15.959377671278755,0.8990869751677527,0.8980222049819567,0.8992227297778067,0.010183438580793758,0.01039947067674205,0.010156058193436967
thermal_tau120,thermal,thermal_tau120_A0.25,-30.0,2026100285,85,thermal|thermal_tau120|-30.0|2026100285,1,0.2499999999999996,0.1042094654092212,15.959377671278755,0.8990869751677527,0.8980222049819567,0.8992227297778067,0.010183438580793758,0.01039947067674205,0.010156058193436967
thermal_tau120,thermal,thermal_tau120_A0.25,-30.0,2026100284,84,thermal|thermal_tau120|-30.0|2026100284,1,0.2499999999999996,0.1042094654092212,15.959377671278755,0.8990869751677527,0.8980222049819567,0.8992227297778067,0.010183438580793758,0.01039947067674205,0.010156058193436967
thermal_tau120,thermal,thermal_tau120_A0.25,-30.0,2026100287,87,thermal|thermal_tau120|-30.0|2026100287,1,0.2499999999999996,0.1042094654092212,15.959377671278755,0.8990869751677527,0.8980222049819567,0.8992227297778067,0.010183438580793758,0.01039947067674205,0.010156058193436967
thermal_tau120,thermal,thermal_tau120_A0.25,-30.0,2026100290,90,thermal|thermal_tau120|-30.0|2026100290,1,0.2499999999999996,0.1042094654092212,15.959377671278755,0.8990869751677527,0.8980222049819567,0.8992227297778067,0.010183438580793758,0.01039947067674205,0.010156058193436967
thermal_tau120,thermal,thermal_tau120_A0.25,-30.0,2026100289,89,thermal|thermal_tau120|-30.0|2026100289,1,0.2499999999999996,0.1042094654092212,15.959377671278755,0.8990869751677527,0.8980222049819567,0.8992227297778067,0.010183438580793758,0.01039947067674205,0.010156058193436967
thermal_tau120,thermal,thermal_tau120_A0.25,-30.0,2026100293,93,thermal|thermal_tau120|-30.0|2026100293,1,0.2499999999999996,0.1042094654092212,15.959377671278755,0.8990869751677527,0.8980222049819567,0.8992227297778067,0.010183438580793758,0.01039947067674205,0.010156058193436967
thermal_tau120,thermal,thermal_tau120_A0.25,-30.0,2026100291,91,thermal|thermal_tau120|-30.0|2026100291,1,0.2499999999999996,0.1042094654092212,15.959377671278755,0.8990869751677527,0.8980222049819567,0.8992227297778067,0.010183438580793758,0.01039947067674205,0.010156058193436967
thermal_tau120,thermal,thermal_tau120_A0.25,-30.0,2026100292,92,thermal|thermal_tau120|-30.0|2026100292,1,0.2499999999999996,0.1042094654092212,15.959377671278755,0.8990869751677527,0.8980222049819567,0.8992227297778067,0.010183438580793758,0.01039947067674205,0.010156058193436967
thermal_tau120,thermal,thermal_tau120_A0.25,-30.0,2026100296,96,thermal|thermal_tau120|-30.0|2026100296,1,0.2499999999999996,0.1042094654092212,15.959377671278755,0.8990869751677527,0.8980222049819567,0.8992227297778067,0.010183438580793758,0.01039947067674205,0.010156058193436967
thermal_tau120,thermal,thermal_tau120_A0.25,-30.0,2026100294,94,thermal|thermal_tau120|-30.0|2026100294,1,0.2499999999999996,0.1042094654092212,15.959377671278755,0.8990869751677527,0.8980222049819567,0.8992227297778067,0.010183438580793758,0.01039947067674205,0.010156058193436967
thermal_tau120,thermal,thermal_tau120_A0.25,-30.0,2026100288,88,thermal|thermal_tau120|-30.0|2026100288,0,0.2499999999999996,0.1042094654092212,15.959377671278755,0.8990869751677527,0.8980222049819567,0.8992227297778067,0.8083573889162992,0.8064438806406555,0.8086015177490504
thermal_tau120,thermal,thermal_tau120_A0.25,-30.0,2026100295,95,thermal|thermal_tau120|-30.0|2026100295,1,0.2499999999999996,0.1042094654092212,15.959377671278755,0.8990869751677527,0.8980222049819567,0.8992227297778067,0.010183438580793758,0.01039947067674205,0.010156058193436967
thermal_tau120,thermal,thermal_tau120_A0.25,-30.0,2026100298,98,thermal|thermal_tau120|-30.0|2026100298,1,0.2499999999999996,0.1042094654092212,15.959377671278755,0.8990869751677527,0.8980222049819567,0.8992227297778067,0.010183438580793758,0.01039947067674205,0.010156058193436967
thermal_tau120,thermal,thermal_tau120_A0.25,-30.0,2026100297,97,thermal|thermal_tau120|-30.0|2026100297,1,0.2499999999999996,0.1042094654092212,15.959377671278755,0.8990869751677527,0.8980222049819567,0.8992227297778067,0.010183438580793758,0.01039947067674205,0.010156058193436967
thermal_tau120,thermal,thermal_tau120_A0.50,-30.0,2026100200,0,thermal|thermal_tau120|-30.0|2026100200,1,0.4999999999999992,0.2084189308184424,31.91875534255751,0.48253723367897927,0.44416571154659645,0.4512125681237457,0.2677677145286033,0.3089517562205014,0.30116764538533436
thermal_tau120,thermal,thermal_tau120_A0.25,-30.0,2026100299,99,thermal|thermal_tau120|-30.0|2026100299,1,0.2499999999999996,0.1042094654092212,15.959377671278755,0.8990869751677527,0.8980222049819567,0.8992227297778067,0.010183438580793758,0.01039947067674205,0.010156058193436967
thermal_tau120,thermal,thermal_tau120_A0.50,-30.0,2026100204,4,thermal|thermal_tau120|-30.0|2026100204,1,0.4999999999999992,0.2084189308184424,31.91875534255751,0.48253723367897927,0.44416571154659645,0.4512125681237457,0.2677677145286033,0.3089517562205014,0.30116764538533436
thermal_tau120,thermal,thermal_tau120_A0.50,-30.0,2026100201,1,thermal|thermal_tau120|-30.0|2026100201,0,0.4999999999999992,0.2084189308184424,31.91875534255751,0.48253723367897927,0.44416571154659645,0.4512125681237457,0.23284218188656186,0.19728317931369432,0.20359278163282588
thermal_tau120,thermal,thermal_tau120_A0.50,-30.0,2026100205,5,thermal|thermal_tau120|-30.0|2026100205,0,0.4999999999999992,0.2084189308184424,31.91875534255751,0.48253723367897927,0.44416571154659645,0.4512125681237457,0.23284218188656186,0.19728317931369432,0.20359278163282588
thermal_tau120,thermal,thermal_tau120_A0.50,-30.0,2026100202,2,thermal|thermal_tau120|-30.0|2026100202,0,0.4999999999999992,0.2084189308184424,31.91875534255751,0.48253723367897927,0.44416571154659645,0.4512125681237457,0.23284218188656186,0.19728317931369432,0.20359278163282588
thermal_tau120,thermal,thermal_tau120_A0.50,-30.0,2026100203,3,thermal|thermal_tau120|-30.0|2026100203,0,0.4999999999999992,0.2084189308184424,31.91875534255751,0.48253723367897927,0.44416571154659645,0.4512125681237457,0.23284218188656186,0.19728317931369432,0.20359278163282588
thermal_tau120,thermal,thermal_tau120_A0.50,-30.0,2026100208,8,thermal|thermal_tau120|-30.0|2026100208,0,0.4999999999999992,0.2084189308184424,31.91875534255751,0.48253723367897927,0.44416571154659645,0.4512125681237457,0.23284218188656186,0.19728317931369432,0.20359278163282588
thermal_tau120,thermal,thermal_tau120_A0.50,-30.0,2026100206,6,thermal|thermal_tau120|-30.0|2026100206,0,0.4999999999999992,0.2084189308184424,31.91875534255751,0.48253723367897927,0.44416571154659645,0.4512125681237457,0.23284218188656186,0.19728317931369432,0.20359278163282588
thermal_tau120,thermal,thermal_tau120_A0.50,-30.0,2026100207,7,thermal|thermal_tau120|-30.0|2026100207,0,0.4999999999999992,0.2084189308184424,31.91875534255751,0.48253723367897927,0.44416571154659645,0.4512125681237457,0.23284218188656186,0.19728317931369432,0.20359278163282588
thermal_tau120,thermal,thermal_tau120_A0.50,-30.0,2026100212,12,thermal|thermal_tau120|-30.0|2026100212,1,0.4999999999999992,0.2084189308184424,31.91875534255751,0.48253723367897927,0.44416571154659645,0.4512125681237457,0.2677677145286033,0.3089517562205014,0.30116764538533436
thermal_tau120,thermal,thermal_tau120_A0.50,-30.0,2026100209,9,thermal|thermal_tau120|-30.0|2026100209,0,0.4999999999999992,0.2084189308184424,31.91875534255751,0.48253723367897927,0.44416571154659645,0.4512125681237457,0.23284218188656186,0.19728317931369432,0.20359278163282588
thermal_tau120,thermal,thermal_tau120_A0.50,-30.0,2026100214,14,thermal|thermal_tau120|-30.0|2026100214,1,0.4999999999999992,0.2084189308184424,31.91875534255751,0.48253723367897927,0.44416571154659645,0.4512125681237457,0.2677677145286033,0.3089517562205014,0.30116764538533436
thermal_tau120,thermal,thermal_tau120_A0.50,-30.0,2026100215,15,thermal|thermal_tau120|-30.0|2026100215,0,0.4999999999999992,0.2084189308184424,31.91875534255751,0.48253723367897927,0.44416571154659645,0.4512125681237457,0.23284218188656186,0.19728317931369432,0.20359278163282588
thermal_tau120,thermal,thermal_tau120_A0.50,-30.0,2026100210,10,thermal|thermal_tau120|-30.0|2026100210,0,0.4999999999999992,0.2084189308184424,31.91875534255751,0.48253723367897927,0.44416571154659645,0.4512125681237457,0.23284218188656186,0.19728317931369432,0.20359278163282588
thermal_tau120,thermal,thermal_tau120_A0.50,-30.0,2026100211,11,thermal|thermal_tau120|-30.0|2026100211,0,0.4999999999999992,0.2084189308184424,31.91875534255751,0.48253723367897927,0.44416571154659645,0.4512125681237457,0.23284218188656186,0.19728317931369432,0.20359278163282588
thermal_tau120,thermal,thermal_tau120_A0.50,-30.0,2026100216,16,thermal|thermal_tau120|-30.0|2026100216,1,0.4999999999999992,0.2084189308184424,31.91875534255751,0.48253723367897927,0.44416571154659645,0.4512125681237457,0.2677677145286033,0.3089517562205014,0.30116764538533436
thermal_tau120,thermal,thermal_tau120_A0.50,-30.0,2026100213,13,thermal|thermal_tau120|-30.0|2026100213,0,0.4999999999999992,0.2084189308184424,31.91875534255751,0.48253723367897927,0.44416571154659645,0.4512125681237457,0.23284218188656186,0.19728317931369432,0.20359278163282588
thermal_tau120,thermal,thermal_tau120_A0.50,-30.0,2026100219,19,thermal|thermal_tau120|-30.0|2026100219,1,0.4999999999999992,0.2084189308184424,31.91875534255751,0.48253723367897927,0.44416571154659645,0.4512125681237457,0.2677677145286033,0.3089517562205014,0.30116764538533436
thermal_tau120,thermal,thermal_tau120_A0.50,-30.0,2026100220,20,thermal|thermal_tau120|-30.0|2026100220,1,0.4999999999999992,0.2084189308184424,31.91875534255751,0.48253723367897927,0.44416571154659645,0.4512125681237457,0.2677677145286033,0.3089517562205014,0.30116764538533436
thermal_tau120,thermal,thermal_tau120_A0.50,-30.0,2026100222,22,thermal|thermal_tau120|-30.0|2026100222,1,0.4999999999999992,0.2084189308184424,31.91875534255751,0.48253723367897927,0.44416571154659645,0.4512125681237457,0.2677677145286033,0.3089517562205014,0.30116764538533436
thermal_tau120,thermal,thermal_tau120_A0.50,-30.0,2026100218,18,thermal|thermal_tau120|-30.0|2026100218,1,0.4999999999999992,0.2084189308184424,31.91875534255751,0.48253723367897927,0.44416571154659645,0.4512125681237457,0.2677677145286033,0.3089517562205014,0.30116764538533436
thermal_tau120,thermal,thermal_tau120_A0.50,-30.0,2026100217,17,thermal|thermal_tau120|-30.0|2026100217,0,0.4999999999999992,0.2084189308184424,31.91875534255751,0.48253723367897927,0.44416571154659645,0.4512125681237457,0.23284218188656186,0.19728317931369432,0.20359278163282588
thermal_tau120,thermal,thermal_tau120_A0.50,-30.0,2026100225,25,thermal|thermal_tau120|-30.0|2026100225,1,0.4999999999999992,0.2084189308184424,31.91875534255751,0.48253723367897927,0.44416571154659645,0.4512125681237457,0.2677677145286033,0.3089517562205014,0.30116764538533436
thermal_tau120,thermal,thermal_tau120_A0.50,-30.0,2026100226,26,thermal|thermal_tau120|-30.0|2026100226,1,0.4999999999999992,0.2084189308184424,31.91875534255751,0.48253723367897927,0.44416571154659645,0.4512125681237457,0.2677677145286033,0.3089517562205014,0.30116764538533436
thermal_tau120,thermal,thermal_tau120_A0.50,-30.0,2026100224,24,thermal|thermal_tau120|-30.0|2026100224,1,0.4999999999999992,0.2084189308184424,31.91875534255751,0.48253723367897927,0.44416571154659645,0.4512125681237457,0.2677677145286033,0.3089517562205014,0.30116764538533436
thermal_tau120,thermal,thermal_tau120_A0.50,-30.0,2026100227,27,thermal|thermal_tau120|-30.0|2026100227,1,0.4999999999999992,0.2084189308184424,31.91875534255751,0.48253723367897927,0.44416571154659645,0.4512125681237457,0.2677677145286033,0.3089517562205014,0.30116764538533436
thermal_tau120,thermal,thermal_tau120_A0.50,-30.0,2026100221,21,thermal|thermal_tau120|-30.0|2026100221,0,0.4999999999999992,0.2084189308184424,31.91875534255751,0.48253723367897927,0.44416571154659645,0.4512125681237457,0.23284218188656186,0.19728317931369432,0.20359278163282588
thermal_tau120,thermal,thermal_tau120_A0.50,-30.0,2026100230,30,thermal|thermal_tau120|-30.0|2026100230,1,0.4999999999999992,0.2084189308184424,31.91875534255751,0.48253723367897927,0.44416571154659645,0.4512125681237457,0.2677677145286033,0.3089517562205014,0.30116764538533436
thermal_tau120,thermal,thermal_tau120_A0.50,-30.0,2026100223,23,thermal|thermal_tau120|-30.0|2026100223,0,0.4999999999999992,0.2084189308184424,31.91875534255751,0.48253723367897927,0.44416571154659645,0.4512125681237457,0.23284218188656186,0.19728317931369432,0.20359278163282588
thermal_tau120,thermal,thermal_tau120_A0.50,-30.0,2026100229,29,thermal|thermal_tau120|-30.0|2026100229,1,0.4999999999999992,0.2084189308184424,31.91875534255751,0.48253723367897927,0.44416571154659645,0.4512125681237457,0.2677677145286033,0.3089517562205014,0.30116764538533436
thermal_tau120,thermal,thermal_tau120_A0.50,-30.0,2026100232,32,thermal|thermal_tau120|-30.0|2026100232,1,0.4999999999999992,0.2084189308184424,31.91875534255751,0.48253723367897927,0.44416571154659645,0.4512125681237457,0.2677677145286033,0.3089517562205014,0.30116764538533436
thermal_tau120,thermal,thermal_tau120_A0.50,-30.0,2026100231,31,thermal|thermal_tau120|-30.0|2026100231,1,0.4999999999999992,0.2084189308184424,31.91875534255751,0.48253723367897927,0.44416571154659645,0.4512125681237457,0.2677677145286033,0.3089517562205014,0.30116764538533436
thermal_tau120,thermal,thermal_tau120_A0.50,-30.0,2026100228,28,thermal|thermal_tau120|-30.0|2026100228,0,0.4999999999999992,0.2084189308184424,31.91875534255751,0.48253723367897927,0.44416571154659645,0.4512125681237457,0.23284218188656186,0.19728317931369432,0.20359278163282588
thermal_tau120,thermal,thermal_tau120_A0.50,-30.0,2026100233,33,thermal|thermal_tau120|-30.0|2026100233,0,0.4999999999999992,0.2084189308184424,31.91875534255751,0.48253723367897927,0.44416571154659645,0.4512125681237457,0.23284218188656186,0.19728317931369432,0.20359278163282588
thermal_tau120,thermal,thermal_tau120_A0.50,-30.0,2026100234,34,thermal|thermal_tau120|-30.0|2026100234,0,0.4999999999999992,0.2084189308184424,31.91875534255751,0.48253723367897927,0.44416571154659645,0.4512125681237457,0.23284218188656186,0.19728317931369432,0.20359278163282588
thermal_tau120,thermal,thermal_tau120_A0.50,-30.0,2026100237,37,thermal|thermal_tau120|-30.0|2026100237,1,0.4999999999999992,0.2084189308184424,31.91875534255751,0.48253723367897927,0.44416571154659645,0.4512125681237457,0.2677677145286033,0.3089517562205014,0.30116764538533436
thermal_tau120,thermal,thermal_tau120_A0.50,-30.0,2026100239,39,thermal|thermal_tau120|-30.0|2026100239,1,0.4999999999999992,0.2084189308184424,31.91875534255751,0.48253723367897927,0.44416571154659645,0.4512125681237457,0.2677677145286033,0.3089517562205014,0.30116764538533436
thermal_tau120,thermal,thermal_tau120_A0.50,-30.0,2026100235,35,thermal|thermal_tau120|-30.0|2026100235,0,0.4999999999999992,0.2084189308184424,31.91875534255751,0.48253723367897927,0.44416571154659645,0.4512125681237457,0.23284218188656186,0.19728317931369432,0.20359278163282588
thermal_tau120,thermal,thermal_tau120_A0.50,-30.0,2026100240,40,thermal|thermal_tau120|-30.0|2026100240,1,0.4999999999999992,0.2084189308184424,31.91875534255751,0.48253723367897927,0.44416571154659645,0.4512125681237457,0.2677677145286033,0.3089517562205014,0.30116764538533436
thermal_tau120,thermal,thermal_tau120_A0.50,-30.0,2026100236,36,thermal|thermal_tau120|-30.0|2026100236,0,0.4999999999999992,0.2084189308184424,31.91875534255751,0.48253723367897927,0.44416571154659645,0.4512125681237457,0.23284218188656186,0.19728317931369432,0.20359278163282588
thermal_tau120,thermal,thermal_tau120_A0.50,-30.0,2026100238,38,thermal|thermal_tau120|-30.0|2026100238,0,0.4999999999999992,0.2084189308184424,31.91875534255751,0.48253723367897927,0.44416571154659645,0.4512125681237457,0.23284218188656186,0.19728317931369432,0.20359278163282588
thermal_tau120,thermal,thermal_tau120_A0.50,-30.0,2026100242,42,thermal|thermal_tau120|-30.0|2026100242,0,0.4999999999999992,0.2084189308184424,31.91875534255751,0.48253723367897927,0.44416571154659645,0.4512125681237457,0.23284218188656186,0.19728317931369432,0.20359278163282588
thermal_tau120,thermal,thermal_tau120_A0.50,-30.0,2026100241,41,thermal|thermal_tau120|-30.0|2026100241,0,0.4999999999999992,0.2084189308184424,31.91875534255751,0.48253723367897927,0.44416571154659645,0.4512125681237457,0.23284218188656186,0.19728317931369432,0.20359278163282588
thermal_tau120,thermal,thermal_tau120_A0.50,-30.0,2026100243,43,thermal|thermal_tau120|-30.0|2026100243,0,0.4999999999999992,0.2084189308184424,31.91875534255751,0.48253723367897927,0.44416571154659645,0.4512125681237457,0.23284218188656186,0.19728317931369432,0.20359278163282588
thermal_tau120,thermal,thermal_tau120_A0.50,-30.0,2026100244,44,thermal|thermal_tau120|-30.0|2026100244,1,0.4999999999999992,0.2084189308184424,31.91875534255751,0.48253723367897927,0.44416571154659645,0.4512125681237457,0.2677677145286033,0.3089517562205014,0.30116764538533436
thermal_tau120,thermal,thermal_tau120_A0.50,-30.0,2026100245,45,thermal|thermal_tau120|-30.0|2026100245,1,0.4999999999999992,0.2084189308184424,31.91875534255751,0.48253723367897927,0.44416571154659645,0.4512125681237457,0.2677677145286033,0.3089517562205014,0.30116764538533436
thermal_tau120,thermal,thermal_tau120_A0.50,-30.0,2026100247,47,thermal|thermal_tau120|-30.0|2026100247,1,0.4999999999999992,0.2084189308184424,31.91875534255751,0.48253723367897927,0.44416571154659645,0.4512125681237457,0.2677677145286033,0.3089517562205014,0.30116764538533436
thermal_tau120,thermal,thermal_tau120_A0.50,-30.0,2026100246,46,thermal|thermal_tau120|-30.0|2026100246,0,0.4999999999999992,0.2084189308184424,31.91875534255751,0.48253723367897927,0.44416571154659645,0.4512125681237457,0.23284218188656186,0.19728317931369432,0.20359278163282588
thermal_tau120,thermal,thermal_tau120_A0.50,-30.0,2026100249,49,thermal|thermal_tau120|-30.0|2026100249,0,0.4999999999999992,0.2084189308184424,31.91875534255751,0.48253723367897927,0.44416571154659645,0.4512125681237457,0.23284218188656186,0.19728317931369432,0.20359278163282588
thermal_tau120,thermal,thermal_tau120_A0.50,-30.0,2026100250,50,thermal|thermal_tau120|-30.0|2026100250,0,0.4999999999999992,0.2084189308184424,31.91875534255751,0.48253723367897927,0.44416571154659645,0.4512125681237457,0.23284218188656186,0.19728317931369432,0.20359278163282588
thermal_tau120,thermal,thermal_tau120_A0.50,-30.0,2026100251,51,thermal|thermal_tau120|-30.0|2026100251,1,0.4999999999999992,0.2084189308184424,31.91875534255751,0.48253723367897927,0.44416571154659645,0.4512125681237457,0.2677677145286033,0.3089517562205014,0.30116764538533436
thermal_tau120,thermal,thermal_tau120_A0.50,-30.0,2026100248,48,thermal|thermal_tau120|-30.0|2026100248,0,0.4999999999999992,0.2084189308184424,31.91875534255751,0.48253723367897927,0.44416571154659645,0.4512125681237457,0.23284218188656186,0.19728317931369432,0.20359278163282588
thermal_tau120,thermal,thermal_tau120_A0.50,-30.0,2026100252,52,thermal|thermal_tau120|-30.0|2026100252,1,0.4999999999999992,0.2084189308184424,31.91875534255751,0.48253723367897927,0.44416571154659645,0.4512125681237457,0.2677677145286033,0.3089517562205014,0.30116764538533436
thermal_tau120,thermal,thermal_tau120_A0.50,-30.0,2026100256,56,thermal|thermal_tau120|-30.0|2026100256,1,0.4999999999999992,0.2084189308184424,31.91875534255751,0.48253723367897927,0.44416571154659645,0.4512125681237457,0.2677677145286033,0.3089517562205014,0.30116764538533436
thermal_tau120,thermal,thermal_tau120_A0.50,-30.0,2026100254,54,thermal|thermal_tau120|-30.0|2026100254,1,0.4999999999999992,0.2084189308184424,31.91875534255751,0.48253723367897927,0.44416571154659645,0.4512125681237457,0.2677677145286033,0.3089517562205014,0.30116764538533436
thermal_tau120,thermal,thermal_tau120_A0.50,-30.0,2026100253,53,thermal|thermal_tau120|-30.0|2026100253,0,0.4999999999999992,0.2084189308184424,31.91875534255751,0.48253723367897927,0.44416571154659645,0.4512125681237457,0.23284218188656186,0.19728317931369432,0.20359278163282588
thermal_tau120,thermal,thermal_tau120_A0.50,-30.0,2026100255,55,thermal|thermal_tau120|-30.0|2026100255,0,0.4999999999999992,0.2084189308184424,31.91875534255751,0.48253723367897927,0.44416571154659645,0.4512125681237457,0.23284218188656186,0.19728317931369432,0.20359278163282588
thermal_tau120,thermal,thermal_tau120_A0.50,-30.0,2026100257,57,thermal|thermal_tau120|-30.0|2026100257,0,0.4999999999999992,0.2084189308184424,31.91875534255751,0.48253723367897927,0.44416571154659645,0.4512125681237457,0.23284218188656186,0.19728317931369432,0.20359278163282588
thermal_tau120,thermal,thermal_tau120_A0.50,-30.0,2026100260,60,thermal|thermal_tau120|-30.0|2026100260,1,0.4999999999999992,0.2084189308184424,31.91875534255751,0.48253723367897927,0.44416571154659645,0.4512125681237457,0.2677677145286033,0.3089517562205014,0.30116764538533436
thermal_tau120,thermal,thermal_tau120_A0.50,-30.0,2026100258,58,thermal|thermal_tau120|-30.0|2026100258,0,0.4999999999999992,0.2084189308184424,31.91875534255751,0.48253723367897927,0.44416571154659645,0.4512125681237457,0.23284218188656186,0.19728317931369432,0.20359278163282588
thermal_tau120,thermal,thermal_tau120_A0.50,-30.0,2026100263,63,thermal|thermal_tau120|-30.0|2026100263,1,0.4999999999999992,0.2084189308184424,31.91875534255751,0.48253723367897927,0.44416571154659645,0.4512125681237457,0.2677677145286033,0.3089517562205014,0.30116764538533436
thermal_tau120,thermal,thermal_tau120_A0.50,-30.0,2026100259,59,thermal|thermal_tau120|-30.0|2026100259,0,0.4999999999999992,0.2084189308184424,31.91875534255751,0.48253723367897927,0.44416571154659645,0.4512125681237457,0.23284218188656186,0.19728317931369432,0.20359278163282588
thermal_tau120,thermal,thermal_tau120_A0.50,-30.0,2026100261,61,thermal|thermal_tau120|-30.0|2026100261,0,0.4999999999999992,0.2084189308184424,31.91875534255751,0.48253723367897927,0.44416571154659645,0.4512125681237457,0.23284218188656186,0.19728317931369432,0.20359278163282588
thermal_tau120,thermal,thermal_tau120_A0.50,-30.0,2026100262,62,thermal|thermal_tau120|-30.0|2026100262,0,0.4999999999999992,0.2084189308184424,31.91875534255751,0.48253723367897927,0.44416571154659645,0.4512125681237457,0.23284218188656186,0.19728317931369432,0.20359278163282588
thermal_tau120,thermal,thermal_tau120_A0.50,-30.0,2026100267,67,thermal|thermal_tau120|-30.0|2026100267,0,0.4999999999999992,0.2084189308184424,31.91875534255751,0.48253723367897927,0.44416571154659645,0.4512125681237457,0.23284218188656186,0.19728317931369432,0.20359278163282588
thermal_tau120,thermal,thermal_tau120_A0.50,-30.0,2026100264,64,thermal|thermal_tau120|-30.0|2026100264,0,0.4999999999999992,0.2084189308184424,31.91875534255751,0.48253723367897927,0.44416571154659645,0.4512125681237457,0.23284218188656186,0.19728317931369432,0.20359278163282588
thermal_tau120,thermal,thermal_tau120_A0.50,-30.0,2026100269,69,thermal|thermal_tau120|-30.0|2026100269,1,0.4999999999999992,0.2084189308184424,31.91875534255751,0.48253723367897927,0.44416571154659645,0.4512125681237457,0.2677677145286033,0.3089517562205014,0.30116764538533436
thermal_tau120,thermal,thermal_tau120_A0.50,-30.0,2026100265,65,thermal|thermal_tau120|-30.0|2026100265,0,0.4999999999999992,0.2084189308184424,31.91875534255751,0.48253723367897927,0.44416571154659645,0.4512125681237457,0.23284218188656186,0.19728317931369432,0.20359278163282588
thermal_tau120,thermal,thermal_tau120_A0.50,-30.0,2026100266,66,thermal|thermal_tau120|-30.0|2026100266,0,0.4999999999999992,0.2084189308184424,31.91875534255751,0.48253723367897927,0.44416571154659645,0.4512125681237457,0.23284218188656186,0.19728317931369432,0.20359278163282588
thermal_tau120,thermal,thermal_tau120_A0.50,-30.0,2026100268,68,thermal|thermal_tau120|-30.0|2026100268,0,0.4999999999999992,0.2084189308184424,31.91875534255751,0.48253723367897927,0.44416571154659645,0.4512125681237457,0.23284218188656186,0.19728317931369432,0.20359278163282588
thermal_tau120,thermal,thermal_tau120_A0.50,-30.0,2026100270,70,thermal|thermal_tau120|-30.0|2026100270,0,0.4999999999999992,0.2084189308184424,31.91875534255751,0.48253723367897927,0.44416571154659645,0.4512125681237457,0.23284218188656186,0.19728317931369432,0.20359278163282588
thermal_tau120,thermal,thermal_tau120_A0.50,-30.0,2026100271,71,thermal|thermal_tau120|-30.0|2026100271,0,0.4999999999999992,0.2084189308184424,31.91875534255751,0.48253723367897927,0.44416571154659645,0.4512125681237457,0.23284218188656186,0.19728317931369432,0.20359278163282588
thermal_tau120,thermal,thermal_tau120_A0.50,-30.0,2026100274,74,thermal|thermal_tau120|-30.0|2026100274,1,0.4999999999999992,0.2084189308184424,31.91875534255751,0.48253723367897927,0.44416571154659645,0.4512125681237457,0.2677677145286033,0.3089517562205014,0.30116764538533436
thermal_tau120,thermal,thermal_tau120_A0.50,-30.0,2026100272,72,thermal|thermal_tau120|-30.0|2026100272,0,0.4999999999999992,0.2084189308184424,31.91875534255751,0.48253723367897927,0.44416571154659645,0.4512125681237457,0.23284218188656186,0.19728317931369432,0.20359278163282588
thermal_tau120,thermal,thermal_tau120_A0.50,-30.0,2026100275,75,thermal|thermal_tau120|-30.0|2026100275,1,0.4999999999999992,0.2084189308184424,31.91875534255751,0.48253723367897927,0.44416571154659645,0.4512125681237457,0.2677677145286033,0.3089517562205014,0.30116764538533436
thermal_tau120,thermal,thermal_tau120_A0.50,-30.0,2026100273,73,thermal|thermal_tau120|-30.0|2026100273,0,0.4999999999999992,0.2084189308184424,31.91875534255751,0.48253723367897927,0.44416571154659645,0.4512125681237457,0.23284218188656186,0.19728317931369432,0.20359278163282588
thermal_tau120,thermal,thermal_tau120_A0.50,-30.0,2026100276,76,thermal|thermal_tau120|-30.0|2026100276,1,0.4999999999999992,0.2084189308184424,31.91875534255751,0.48253723367897927,0.44416571154659645,0.4512125681237457,0.2677677145286033,0.3089517562205014,0.30116764538533436
thermal_tau120,thermal,thermal_tau120_A0.50,-30.0,2026100277,77,thermal|thermal_tau120|-30.0|2026100277,1,0.4999999999999992,0.2084189308184424,31.91875534255751,0.48253723367897927,0.44416571154659645,0.4512125681237457,0.2677677145286033,0.3089517562205014,0.30116764538533436
thermal_tau120,thermal,thermal_tau120_A0.50,-30.0,2026100279,79,thermal|thermal_tau120|-30.0|2026100279,1,0.4999999999999992,0.2084189308184424,31.91875534255751,0.48253723367897927,0.44416571154659645,0.4512125681237457,0.2677677145286033,0.3089517562205014,0.30116764538533436
thermal_tau120,thermal,thermal_tau120_A0.50,-30.0,2026100278,78,thermal|thermal_tau120|-30.0|2026100278,0,0.4999999999999992,0.2084189308184424,31.91875534255751,0.48253723367897927,0.44416571154659645,0.4512125681237457,0.23284218188656186,0.19728317931369432,0.20359278163282588
thermal_tau120,thermal,thermal_tau120_A0.50,-30.0,2026100282,82,thermal|thermal_tau120|-30.0|2026100282,1,0.4999999999999992,0.2084189308184424,31.91875534255751,0.48253723367897927,0.44416571154659645,0.4512125681237457,0.2677677145286033,0.3089517562205014,0.30116764538533436
thermal_tau120,thermal,thermal_tau120_A0.50,-30.0,2026100283,83,thermal|thermal_tau120|-30.0|2026100283,1,0.4999999999999992,0.2084189308184424,31.91875534255751,0.48253723367897927,0.44416571154659645,0.4512125681237457,0.2677677145286033,0.3089517562205014,0.30116764538533436
thermal_tau120,thermal,thermal_tau120_A0.50,-30.0,2026100280,80,thermal|thermal_tau120|-30.0|2026100280,0,0.4999999999999992,0.2084189308184424,31.91875534255751,0.48253723367897927,0.44416571154659645,0.4512125681237457,0.23284218188656186,0.19728317931369432,0.20359278163282588
thermal_tau120,thermal,thermal_tau120_A0.50,-30.0,2026100285,85,thermal|thermal_tau120|-30.0|2026100285,1,0.4999999999999992,0.2084189308184424,31.91875534255751,0.48253723367897927,0.44416571154659645,0.4512125681237457,0.2677677145286033,0.3089517562205014,0.30116764538533436
thermal_tau120,thermal,thermal_tau120_A0.50,-30.0,2026100281,81,thermal|thermal_tau120|-30.0|2026100281,0,0.4999999999999992,0.2084189308184424,31.91875534255751,0.48253723367897927,0.44416571154659645,0.4512125681237457,0.23284218188656186,0.19728317931369432,0.20359278163282588
thermal_tau120,thermal,thermal_tau120_A0.50,-30.0,2026100286,86,thermal|thermal_tau120|-30.0|2026100286,1,0.4999999999999992,0.2084189308184424,31.91875534255751,0.48253723367897927,0.44416571154659645,0.4512125681237457,0.2677677145286033,0.3089517562205014,0.30116764538533436
thermal_tau120,thermal,thermal_tau120_A0.50,-30.0,2026100289,89,thermal|thermal_tau120|-30.0|2026100289,1,0.4999999999999992,0.2084189308184424,31.91875534255751,0.48253723367897927,0.44416571154659645,0.4512125681237457,0.2677677145286033,0.3089517562205014,0.30116764538533436
thermal_tau120,thermal,thermal_tau120_A0.50,-30.0,2026100290,90,thermal|thermal_tau120|-30.0|2026100290,1,0.4999999999999992,0.2084189308184424,31.91875534255751,0.48253723367897927,0.44416571154659645,0.4512125681237457,0.2677677145286033,0.3089517562205014,0.30116764538533436
thermal_tau120,thermal,thermal_tau120_A0.50,-30.0,2026100284,84,thermal|thermal_tau120|-30.0|2026100284,0,0.4999999999999992,0.2084189308184424,31.91875534255751,0.48253723367897927,0.44416571154659645,0.4512125681237457,0.23284218188656186,0.19728317931369432,0.20359278163282588
thermal_tau120,thermal,thermal_tau120_A0.50,-30.0,2026100287,87,thermal|thermal_tau120|-30.0|2026100287,0,0.4999999999999992,0.2084189308184424,31.91875534255751,0.48253723367897927,0.44416571154659645,0.4512125681237457,0.23284218188656186,0.19728317931369432,0.20359278163282588
thermal_tau120,thermal,thermal_tau120_A0.50,-30.0,2026100292,92,thermal|thermal_tau120|-30.0|2026100292,1,0.4999999999999992,0.2084189308184424,31.91875534255751,0.48253723367897927,0.44416571154659645,0.4512125681237457,0.2677677145286033,0.3089517562205014,0.30116764538533436
thermal_tau120,thermal,thermal_tau120_A0.50,-30.0,2026100288,88,thermal|thermal_tau120|-30.0|2026100288,0,0.4999999999999992,0.2084189308184424,31.91875534255751,0.48253723367897927,0.44416571154659645,0.4512125681237457,0.23284218188656186,0.19728317931369432,0.20359278163282588
thermal_tau120,thermal,thermal_tau120_A0.50,-30.0,2026100294,94,thermal|thermal_tau120|-30.0|2026100294,1,0.4999999999999992,0.2084189308184424,31.91875534255751,0.48253723367897927,0.44416571154659645,0.4512125681237457,0.2677677145286033,0.3089517562205014,0.30116764538533436
thermal_tau120,thermal,thermal_tau120_A0.50,-30.0,2026100295,95,thermal|thermal_tau120|-30.0|2026100295,1,0.4999999999999992,0.2084189308184424,31.91875534255751,0.48253723367897927,0.44416571154659645,0.4512125681237457,0.2677677145286033,0.3089517562205014,0.30116764538533436
thermal_tau120,thermal,thermal_tau120_A0.50,-30.0,2026100291,91,thermal|thermal_tau120|-30.0|2026100291,0,0.4999999999999992,0.2084189308184424,31.91875534255751,0.48253723367897927,0.44416571154659645,0.4512125681237457,0.23284218188656186,0.19728317931369432,0.20359278163282588
thermal_tau120,thermal,thermal_tau120_A0.50,-30.0,2026100296,96,thermal|thermal_tau120|-30.0|2026100296,1,0.4999999999999992,0.2084189308184424,31.91875534255751,0.48253723367897927,0.44416571154659645,0.4512125681237457,0.2677677145286033,0.3089517562205014,0.30116764538533436
thermal_tau120,thermal,thermal_tau120_A0.50,-30.0,2026100298,98,thermal|thermal_tau120|-30.0|2026100298,1,0.4999999999999992,0.2084189308184424,31.91875534255751,0.48253723367897927,0.44416571154659645,0.4512125681237457,0.2677677145286033,0.3089517562205014,0.30116764538533436
thermal_tau120,thermal,thermal_tau120_A0.50,-30.0,2026100297,97,thermal|thermal_tau120|-30.0|2026100297,0,0.4999999999999992,0.2084189308184424,31.91875534255751,0.48253723367897927,0.44416571154659645,0.4512125681237457,0.23284218188656186,0.19728317931369432,0.20359278163282588
thermal_tau120,thermal,thermal_tau120_A0.50,-30.0,2026100293,93,thermal|thermal_tau120|-30.0|2026100293,0,0.4999999999999992,0.2084189308184424,31.91875534255751,0.48253723367897927,0.44416571154659645,0.4512125681237457,0.23284218188656186,0.19728317931369432,0.20359278163282588
thermal_tau30,thermal,thermal_tau30_A0.25,-30.5,2026110200,0,thermal|thermal_tau30|-30.5|2026110200,1,0.2499999999999998,0.0821507523746461,13.118264357090071,0.7484701053609845,0.8062192879203923,0.8014887974206436,0.06326728789711426,0.03755096437407981,0.039406697549502274
thermal_tau120,thermal,thermal_tau120_A0.50,-30.0,2026100299,99,thermal|thermal_tau120|-30.0|2026100299,0,0.4999999999999992,0.2084189308184424,31.91875534255751,0.48253723367897927,0.44416571154659645,0.4512125681237457,0.23284218188656186,0.19728317931369432,0.20359278163282588
thermal_tau30,thermal,thermal_tau30_A0.25,-30.5,2026110201,1,thermal|thermal_tau30|-30.5|2026110201,1,0.2499999999999998,0.0821507523746461,13.118264357090071,0.7484701053609845,0.8062192879203923,0.8014887974206436,0.06326728789711426,0.03755096437407981,0.039406697549502274
thermal_tau30,thermal,thermal_tau30_A0.25,-30.5,2026110202,2,thermal|thermal_tau30|-30.5|2026110202,0,0.2499999999999998,0.0821507523746461,13.118264357090071,0.7484701053609845,0.8062192879203923,0.8014887974206436,0.5602074986190831,0.6499895402148644,0.6423842923907895
thermal_tau30,thermal,thermal_tau30_A0.25,-30.5,2026110204,4,thermal|thermal_tau30|-30.5|2026110204,1,0.2499999999999998,0.0821507523746461,13.118264357090071,0.7484701053609845,0.8062192879203923,0.8014887974206436,0.06326728789711426,0.03755096437407981,0.039406697549502274
thermal_tau30,thermal,thermal_tau30_A0.25,-30.5,2026110205,5,thermal|thermal_tau30|-30.5|2026110205,1,0.2499999999999998,0.0821507523746461,13.118264357090071,0.7484701053609845,0.8062192879203923,0.8014887974206436,0.06326728789711426,0.03755096437407981,0.039406697549502274
thermal_tau30,thermal,thermal_tau30_A0.25,-30.5,2026110203,3,thermal|thermal_tau30|-30.5|2026110203,1,0.2499999999999998,0.0821507523746461,13.118264357090071,0.7484701053609845,0.8062192879203923,0.8014887974206436,0.06326728789711426,0.03755096437407981,0.039406697549502274
thermal_tau30,thermal,thermal_tau30_A0.25,-30.5,2026110206,6,thermal|thermal_tau30|-30.5|2026110206,1,0.2499999999999998,0.0821507523746461,13.118264357090071,0.7484701053609845,0.8062192879203923,0.8014887974206436,0.06326728789711426,0.03755096437407981,0.039406697549502274
thermal_tau30,thermal,thermal_tau30_A0.25,-30.5,2026110208,8,thermal|thermal_tau30|-30.5|2026110208,1,0.2499999999999998,0.0821507523746461,13.118264357090071,0.7484701053609845,0.8062192879203923,0.8014887974206436,0.06326728789711426,0.03755096437407981,0.039406697549502274
thermal_tau30,thermal,thermal_tau30_A0.25,-30.5,2026110207,7,thermal|thermal_tau30|-30.5|2026110207,1,0.2499999999999998,0.0821507523746461,13.118264357090071,0.7484701053609845,0.8062192879203923,0.8014887974206436,0.06326728789711426,0.03755096437407981,0.039406697549502274
thermal_tau30,thermal,thermal_tau30_A0.25,-30.5,2026110209,9,thermal|thermal_tau30|-30.5|2026110209,1,0.2499999999999998,0.0821507523746461,13.118264357090071,0.7484701053609845,0.8062192879203923,0.8014887974206436,0.06326728789711426,0.03755096437407981,0.039406697549502274
thermal_tau30,thermal,thermal_tau30_A0.25,-30.5,2026110213,13,thermal|thermal_tau30|-30.5|2026110213,1,0.2499999999999998,0.0821507523746461,13.118264357090071,0.7484701053609845,0.8062192879203923,0.8014887974206436,0.06326728789711426,0.03755096437407981,0.039406697549502274
thermal_tau30,thermal,thermal_tau30_A0.25,-30.5,2026110210,10,thermal|thermal_tau30|-30.5|2026110210,1,0.2499999999999998,0.0821507523746461,13.118264357090071,0.7484701053609845,0.8062192879203923,0.8014887974206436,0.06326728789711426,0.03755096437407981,0.039406697549502274
thermal_tau30,thermal,thermal_tau30_A0.25,-30.5,2026110211,11,thermal|thermal_tau30|-30.5|2026110211,1,0.2499999999999998,0.0821507523746461,13.118264357090071,0.7484701053609845,0.8062192879203923,0.8014887974206436,0.06326728789711426,0.03755096437407981,0.039406697549502274
thermal_tau30,thermal,thermal_tau30_A0.25,-30.5,2026110212,12,thermal|thermal_tau30|-30.5|2026110212,1,0.2499999999999998,0.0821507523746461,13.118264357090071,0.7484701053609845,0.8062192879203923,0.8014887974206436,0.06326728789711426,0.03755096437407981,0.039406697549502274
thermal_tau30,thermal,thermal_tau30_A0.25,-30.5,2026110216,16,thermal|thermal_tau30|-30.5|2026110216,1,0.2499999999999998,0.0821507523746461,13.118264357090071,0.7484701053609845,0.8062192879203923,0.8014887974206436,0.06326728789711426,0.03755096437407981,0.039406697549502274
thermal_tau30,thermal,thermal_tau30_A0.25,-30.5,2026110217,17,thermal|thermal_tau30|-30.5|2026110217,1,0.2499999999999998,0.0821507523746461,13.118264357090071,0.7484701053609845,0.8062192879203923,0.8014887974206436,0.06326728789711426,0.03755096437407981,0.039406697549502274
thermal_tau30,thermal,thermal_tau30_A0.25,-30.5,2026110214,14,thermal|thermal_tau30|-30.5|2026110214,0,0.2499999999999998,0.0821507523746461,13.118264357090071,0.7484701053609845,0.8062192879203923,0.8014887974206436,0.5602074986190831,0.6499895402148644,0.6423842923907895
thermal_tau30,thermal,thermal_tau30_A0.25,-30.5,2026110219,19,thermal|thermal_tau30|-30.5|2026110219,0,0.2499999999999998,0.0821507523746461,13.118264357090071,0.7484701053609845,0.8062192879203923,0.8014887974206436,0.5602074986190831,0.6499895402148644,0.6423842923907895
thermal_tau30,thermal,thermal_tau30_A0.25,-30.5,2026110215,15,thermal|thermal_tau30|-30.5|2026110215,0,0.2499999999999998,0.0821507523746461,13.118264357090071,0.7484701053609845,0.8062192879203923,0.8014887974206436,0.5602074986190831,0.6499895402148644,0.6423842923907895
thermal_tau30,thermal,thermal_tau30_A0.25,-30.5,2026110220,20,thermal|thermal_tau30|-30.5|2026110220,1,0.2499999999999998,0.0821507523746461,13.118264357090071,0.7484701053609845,0.8062192879203923,0.8014887974206436,0.06326728789711426,0.03755096437407981,0.039406697549502274
thermal_tau30,thermal,thermal_tau30_A0.25,-30.5,2026110222,22,thermal|thermal_tau30|-30.5|2026110222,1,0.2499999999999998,0.0821507523746461,13.118264357090071,0.7484701053609845,0.8062192879203923,0.8014887974206436,0.06326728789711426,0.03755096437407981,0.039406697549502274
thermal_tau30,thermal,thermal_tau30_A0.25,-30.5,2026110218,18,thermal|thermal_tau30|-30.5|2026110218,0,0.2499999999999998,0.0821507523746461,13.118264357090071,0.7484701053609845,0.8062192879203923,0.8014887974206436,0.5602074986190831,0.6499895402148644,0.6423842923907895
thermal_tau30,thermal,thermal_tau30_A0.25,-30.5,2026110224,24,thermal|thermal_tau30|-30.5|2026110224,1,0.2499999999999998,0.0821507523746461,13.118264357090071,0.7484701053609845,0.8062192879203923,0.8014887974206436,0.06326728789711426,0.03755096437407981,0.039406697549502274
thermal_tau30,thermal,thermal_tau30_A0.25,-30.5,2026110223,23,thermal|thermal_tau30|-30.5|2026110223,1,0.2499999999999998,0.0821507523746461,13.118264357090071,0.7484701053609845,0.8062192879203923,0.8014887974206436,0.06326728789711426,0.03755096437407981,0.039406697549502274
thermal_tau30,thermal,thermal_tau30_A0.25,-30.5,2026110225,25,thermal|thermal_tau30|-30.5|2026110225,1,0.2499999999999998,0.0821507523746461,13.118264357090071,0.7484701053609845,0.8062192879203923,0.8014887974206436,0.06326728789711426,0.03755096437407981,0.039406697549502274
thermal_tau30,thermal,thermal_tau30_A0.25,-30.5,2026110221,21,thermal|thermal_tau30|-30.5|2026110221,0,0.2499999999999998,0.0821507523746461,13.118264357090071,0.7484701053609845,0.8062192879203923,0.8014887974206436,0.5602074986190831,0.6499895402148644,0.6423842923907895
thermal_tau30,thermal,thermal_tau30_A0.25,-30.5,2026110226,26,thermal|thermal_tau30|-30.5|2026110226,1,0.2499999999999998,0.0821507523746461,13.118264357090071,0.7484701053609845,0.8062192879203923,0.8014887974206436,0.06326728789711426,0.03755096437407981,0.039406697549502274
thermal_tau30,thermal,thermal_tau30_A0.25,-30.5,2026110230,30,thermal|thermal_tau30|-30.5|2026110230,1,0.2499999999999998,0.0821507523746461,13.118264357090071,0.7484701053609845,0.8062192879203923,0.8014887974206436,0.06326728789711426,0.03755096437407981,0.039406697549502274
thermal_tau30,thermal,thermal_tau30_A0.25,-30.5,2026110229,29,thermal|thermal_tau30|-30.5|2026110229,1,0.2499999999999998,0.0821507523746461,13.118264357090071,0.7484701053609845,0.8062192879203923,0.8014887974206436,0.06326728789711426,0.03755096437407981,0.039406697549502274
thermal_tau30,thermal,thermal_tau30_A0.25,-30.5,2026110228,28,thermal|thermal_tau30|-30.5|2026110228,1,0.2499999999999998,0.0821507523746461,13.118264357090071,0.7484701053609845,0.8062192879203923,0.8014887974206436,0.06326728789711426,0.03755096437407981,0.039406697549502274
thermal_tau30,thermal,thermal_tau30_A0.25,-30.5,2026110227,27,thermal|thermal_tau30|-30.5|2026110227,0,0.2499999999999998,0.0821507523746461,13.118264357090071,0.7484701053609845,0.8062192879203923,0.8014887974206436,0.5602074986190831,0.6499895402148644,0.6423842923907895
thermal_tau30,thermal,thermal_tau30_A0.25,-30.5,2026110231,31,thermal|thermal_tau30|-30.5|2026110231,1,0.2499999999999998,0.0821507523746461,13.118264357090071,0.7484701053609845,0.8062192879203923,0.8014887974206436,0.06326728789711426,0.03755096437407981,0.039406697549502274
thermal_tau30,thermal,thermal_tau30_A0.25,-30.5,2026110232,32,thermal|thermal_tau30|-30.5|2026110232,1,0.2499999999999998,0.0821507523746461,13.118264357090071,0.7484701053609845,0.8062192879203923,0.8014887974206436,0.06326728789711426,0.03755096437407981,0.039406697549502274
thermal_tau30,thermal,thermal_tau30_A0.25,-30.5,2026110233,33,thermal|thermal_tau30|-30.5|2026110233,1,0.2499999999999998,0.0821507523746461,13.118264357090071,0.7484701053609845,0.8062192879203923,0.8014887974206436,0.06326728789711426,0.03755096437407981,0.039406697549502274
thermal_tau30,thermal,thermal_tau30_A0.25,-30.5,2026110236,36,thermal|thermal_tau30|-30.5|2026110236,1,0.2499999999999998,0.0821507523746461,13.118264357090071,0.7484701053609845,0.8062192879203923,0.8014887974206436,0.06326728789711426,0.03755096437407981,0.039406697549502274
thermal_tau30,thermal,thermal_tau30_A0.25,-30.5,2026110234,34,thermal|thermal_tau30|-30.5|2026110234,1,0.2499999999999998,0.0821507523746461,13.118264357090071,0.7484701053609845,0.8062192879203923,0.8014887974206436,0.06326728789711426,0.03755096437407981,0.039406697549502274
thermal_tau30,thermal,thermal_tau30_A0.25,-30.5,2026110239,39,thermal|thermal_tau30|-30.5|2026110239,1,0.2499999999999998,0.0821507523746461,13.118264357090071,0.7484701053609845,0.8062192879203923,0.8014887974206436,0.06326728789711426,0.03755096437407981,0.039406697549502274
thermal_tau30,thermal,thermal_tau30_A0.25,-30.5,2026110238,38,thermal|thermal_tau30|-30.5|2026110238,1,0.2499999999999998,0.0821507523746461,13.118264357090071,0.7484701053609845,0.8062192879203923,0.8014887974206436,0.06326728789711426,0.03755096437407981,0.039406697549502274
thermal_tau30,thermal,thermal_tau30_A0.25,-30.5,2026110237,37,thermal|thermal_tau30|-30.5|2026110237,1,0.2499999999999998,0.0821507523746461,13.118264357090071,0.7484701053609845,0.8062192879203923,0.8014887974206436,0.06326728789711426,0.03755096437407981,0.039406697549502274
thermal_tau30,thermal,thermal_tau30_A0.25,-30.5,2026110235,35,thermal|thermal_tau30|-30.5|2026110235,0,0.2499999999999998,0.0821507523746461,13.118264357090071,0.7484701053609845,0.8062192879203923,0.8014887974206436,0.5602074986190831,0.6499895402148644,0.6423842923907895
thermal_tau30,thermal,thermal_tau30_A0.25,-30.5,2026110242,42,thermal|thermal_tau30|-30.5|2026110242,1,0.2499999999999998,0.0821507523746461,13.118264357090071,0.7484701053609845,0.8062192879203923,0.8014887974206436,0.06326728789711426,0.03755096437407981,0.039406697549502274
thermal_tau30,thermal,thermal_tau30_A0.25,-30.5,2026110240,40,thermal|thermal_tau30|-30.5|2026110240,1,0.2499999999999998,0.0821507523746461,13.118264357090071,0.7484701053609845,0.8062192879203923,0.8014887974206436,0.06326728789711426,0.03755096437407981,0.039406697549502274
thermal_tau30,thermal,thermal_tau30_A0.25,-30.5,2026110245,45,thermal|thermal_tau30|-30.5|2026110245,1,0.2499999999999998,0.0821507523746461,13.118264357090071,0.7484701053609845,0.8062192879203923,0.8014887974206436,0.06326728789711426,0.03755096437407981,0.039406697549502274
thermal_tau30,thermal,thermal_tau30_A0.25,-30.5,2026110241,41,thermal|thermal_tau30|-30.5|2026110241,0,0.2499999999999998,0.0821507523746461,13.118264357090071,0.7484701053609845,0.8062192879203923,0.8014887974206436,0.5602074986190831,0.6499895402148644,0.6423842923907895
thermal_tau30,thermal,thermal_tau30_A0.25,-30.5,2026110243,43,thermal|thermal_tau30|-30.5|2026110243,1,0.2499999999999998,0.0821507523746461,13.118264357090071,0.7484701053609845,0.8062192879203923,0.8014887974206436,0.06326728789711426,0.03755096437407981,0.039406697549502274
thermal_tau30,thermal,thermal_tau30_A0.25,-30.5,2026110244,44,thermal|thermal_tau30|-30.5|2026110244,1,0.2499999999999998,0.0821507523746461,13.118264357090071,0.7484701053609845,0.8062192879203923,0.8014887974206436,0.06326728789711426,0.03755096437407981,0.039406697549502274
thermal_tau30,thermal,thermal_tau30_A0.25,-30.5,2026110246,46,thermal|thermal_tau30|-30.5|2026110246,1,0.2499999999999998,0.0821507523746461,13.118264357090071,0.7484701053609845,0.8062192879203923,0.8014887974206436,0.06326728789711426,0.03755096437407981,0.039406697549502274
thermal_tau30,thermal,thermal_tau30_A0.25,-30.5,2026110247,47,thermal|thermal_tau30|-30.5|2026110247,1,0.2499999999999998,0.0821507523746461,13.118264357090071,0.7484701053609845,0.8062192879203923,0.8014887974206436,0.06326728789711426,0.03755096437407981,0.039406697549502274
thermal_tau30,thermal,thermal_tau30_A0.25,-30.5,2026110249,49,thermal|thermal_tau30|-30.5|2026110249,1,0.2499999999999998,0.0821507523746461,13.118264357090071,0.7484701053609845,0.8062192879203923,0.8014887974206436,0.06326728789711426,0.03755096437407981,0.039406697549502274
thermal_tau30,thermal,thermal_tau30_A0.25,-30.5,2026110250,50,thermal|thermal_tau30|-30.5|2026110250,1,0.2499999999999998,0.0821507523746461,13.118264357090071,0.7484701053609845,0.8062192879203923,0.8014887974206436,0.06326728789711426,0.03755096437407981,0.039406697549502274
thermal_tau30,thermal,thermal_tau30_A0.25,-30.5,2026110253,53,thermal|thermal_tau30|-30.5|2026110253,1,0.2499999999999998,0.0821507523746461,13.118264357090071,0.7484701053609845,0.8062192879203923,0.8014887974206436,0.06326728789711426,0.03755096437407981,0.039406697549502274
thermal_tau30,thermal,thermal_tau30_A0.25,-30.5,2026110248,48,thermal|thermal_tau30|-30.5|2026110248,0,0.2499999999999998,0.0821507523746461,13.118264357090071,0.7484701053609845,0.8062192879203923,0.8014887974206436,0.5602074986190831,0.6499895402148644,0.6423842923907895
thermal_tau30,thermal,thermal_tau30_A0.25,-30.5,2026110255,55,thermal|thermal_tau30|-30.5|2026110255,1,0.2499999999999998,0.0821507523746461,13.118264357090071,0.7484701053609845,0.8062192879203923,0.8014887974206436,0.06326728789711426,0.03755096437407981,0.039406697549502274
thermal_tau30,thermal,thermal_tau30_A0.25,-30.5,2026110252,52,thermal|thermal_tau30|-30.5|2026110252,0,0.2499999999999998,0.0821507523746461,13.118264357090071,0.7484701053609845,0.8062192879203923,0.8014887974206436,0.5602074986190831,0.6499895402148644,0.6423842923907895
thermal_tau30,thermal,thermal_tau30_A0.25,-30.5,2026110251,51,thermal|thermal_tau30|-30.5|2026110251,0,0.2499999999999998,0.0821507523746461,13.118264357090071,0.7484701053609845,0.8062192879203923,0.8014887974206436,0.5602074986190831,0.6499895402148644,0.6423842923907895
thermal_tau30,thermal,thermal_tau30_A0.25,-30.5,2026110254,54,thermal|thermal_tau30|-30.5|2026110254,1,0.2499999999999998,0.0821507523746461,13.118264357090071,0.7484701053609845,0.8062192879203923,0.8014887974206436,0.06326728789711426,0.03755096437407981,0.039406697549502274
thermal_tau30,thermal,thermal_tau30_A0.25,-30.5,2026110256,56,thermal|thermal_tau30|-30.5|2026110256,1,0.2499999999999998,0.0821507523746461,13.118264357090071,0.7484701053609845,0.8062192879203923,0.8014887974206436,0.06326728789711426,0.03755096437407981,0.039406697549502274
thermal_tau30,thermal,thermal_tau30_A0.25,-30.5,2026110259,59,thermal|thermal_tau30|-30.5|2026110259,1,0.2499999999999998,0.0821507523746461,13.118264357090071,0.7484701053609845,0.8062192879203923,0.8014887974206436,0.06326728789711426,0.03755096437407981,0.039406697549502274
thermal_tau30,thermal,thermal_tau30_A0.25,-30.5,2026110258,58,thermal|thermal_tau30|-30.5|2026110258,1,0.2499999999999998,0.0821507523746461,13.118264357090071,0.7484701053609845,0.8062192879203923,0.8014887974206436,0.06326728789711426,0.03755096437407981,0.039406697549502274
thermal_tau30,thermal,thermal_tau30_A0.25,-30.5,2026110260,60,thermal|thermal_tau30|-30.5|2026110260,1,0.2499999999999998,0.0821507523746461,13.118264357090071,0.7484701053609845,0.8062192879203923,0.8014887974206436,0.06326728789711426,0.03755096437407981,0.039406697549502274
thermal_tau30,thermal,thermal_tau30_A0.25,-30.5,2026110263,63,thermal|thermal_tau30|-30.5|2026110263,1,0.2499999999999998,0.0821507523746461,13.118264357090071,0.7484701053609845,0.8062192879203923,0.8014887974206436,0.06326728789711426,0.03755096437407981,0.039406697549502274
thermal_tau30,thermal,thermal_tau30_A0.25,-30.5,2026110257,57,thermal|thermal_tau30|-30.5|2026110257,0,0.2499999999999998,0.0821507523746461,13.118264357090071,0.7484701053609845,0.8062192879203923,0.8014887974206436,0.5602074986190831,0.6499895402148644,0.6423842923907895
thermal_tau30,thermal,thermal_tau30_A0.25,-30.5,2026110262,62,thermal|thermal_tau30|-30.5|2026110262,1,0.2499999999999998,0.0821507523746461,13.118264357090071,0.7484701053609845,0.8062192879203923,0.8014887974206436,0.06326728789711426,0.03755096437407981,0.039406697549502274
thermal_tau30,thermal,thermal_tau30_A0.25,-30.5,2026110261,61,thermal|thermal_tau30|-30.5|2026110261,0,0.2499999999999998,0.0821507523746461,13.118264357090071,0.7484701053609845,0.8062192879203923,0.8014887974206436,0.5602074986190831,0.6499895402148644,0.6423842923907895
thermal_tau30,thermal,thermal_tau30_A0.25,-30.5,2026110267,67,thermal|thermal_tau30|-30.5|2026110267,1,0.2499999999999998,0.0821507523746461,13.118264357090071,0.7484701053609845,0.8062192879203923,0.8014887974206436,0.06326728789711426,0.03755096437407981,0.039406697549502274
thermal_tau30,thermal,thermal_tau30_A0.25,-30.5,2026110264,64,thermal|thermal_tau30|-30.5|2026110264,1,0.2499999999999998,0.0821507523746461,13.118264357090071,0.7484701053609845,0.8062192879203923,0.8014887974206436,0.06326728789711426,0.03755096437407981,0.039406697549502274
thermal_tau30,thermal,thermal_tau30_A0.25,-30.5,2026110269,69,thermal|thermal_tau30|-30.5|2026110269,0,0.2499999999999998,0.0821507523746461,13.118264357090071,0.7484701053609845,0.8062192879203923,0.8014887974206436,0.5602074986190831,0.6499895402148644,0.6423842923907895
thermal_tau30,thermal,thermal_tau30_A0.25,-30.5,2026110270,70,thermal|thermal_tau30|-30.5|2026110270,1,0.2499999999999998,0.0821507523746461,13.118264357090071,0.7484701053609845,0.8062192879203923,0.8014887974206436,0.06326728789711426,0.03755096437407981,0.039406697549502274
thermal_tau30,thermal,thermal_tau30_A0.25,-30.5,2026110265,65,thermal|thermal_tau30|-30.5|2026110265,0,0.2499999999999998,0.0821507523746461,13.118264357090071,0.7484701053609845,0.8062192879203923,0.8014887974206436,0.5602074986190831,0.6499895402148644,0.6423842923907895
thermal_tau30,thermal,thermal_tau30_A0.25,-30.5,2026110266,66,thermal|thermal_tau30|-30.5|2026110266,0,0.2499999999999998,0.0821507523746461,13.118264357090071,0.7484701053609845,0.8062192879203923,0.8014887974206436,0.5602074986190831,0.6499895402148644,0.6423842923907895
thermal_tau30,thermal,thermal_tau30_A0.25,-30.5,2026110271,71,thermal|thermal_tau30|-30.5|2026110271,1,0.2499999999999998,0.0821507523746461,13.118264357090071,0.7484701053609845,0.8062192879203923,0.8014887974206436,0.06326728789711426,0.03755096437407981,0.039406697549502274
thermal_tau30,thermal,thermal_tau30_A0.25,-30.5,2026110268,68,thermal|thermal_tau30|-30.5|2026110268,0,0.2499999999999998,0.0821507523746461,13.118264357090071,0.7484701053609845,0.8062192879203923,0.8014887974206436,0.5602074986190831,0.6499895402148644,0.6423842923907895
thermal_tau30,thermal,thermal_tau30_A0.25,-30.5,2026110272,72,thermal|thermal_tau30|-30.5|2026110272,1,0.2499999999999998,0.0821507523746461,13.118264357090071,0.7484701053609845,0.8062192879203923,0.8014887974206436,0.06326728789711426,0.03755096437407981,0.039406697549502274
thermal_tau30,thermal,thermal_tau30_A0.25,-30.5,2026110273,73,thermal|thermal_tau30|-30.5|2026110273,1,0.2499999999999998,0.0821507523746461,13.118264357090071,0.7484701053609845,0.8062192879203923,0.8014887974206436,0.06326728789711426,0.03755096437407981,0.039406697549502274
thermal_tau30,thermal,thermal_tau30_A0.25,-30.5,2026110274,74,thermal|thermal_tau30|-30.5|2026110274,1,0.2499999999999998,0.0821507523746461,13.118264357090071,0.7484701053609845,0.8062192879203923,0.8014887974206436,0.06326728789711426,0.03755096437407981,0.039406697549502274
thermal_tau30,thermal,thermal_tau30_A0.25,-30.5,2026110275,75,thermal|thermal_tau30|-30.5|2026110275,1,0.2499999999999998,0.0821507523746461,13.118264357090071,0.7484701053609845,0.8062192879203923,0.8014887974206436,0.06326728789711426,0.03755096437407981,0.039406697549502274
thermal_tau30,thermal,thermal_tau30_A0.25,-30.5,2026110278,78,thermal|thermal_tau30|-30.5|2026110278,1,0.2499999999999998,0.0821507523746461,13.118264357090071,0.7484701053609845,0.8062192879203923,0.8014887974206436,0.06326728789711426,0.03755096437407981,0.039406697549502274
thermal_tau30,thermal,thermal_tau30_A0.25,-30.5,2026110276,76,thermal|thermal_tau30|-30.5|2026110276,1,0.2499999999999998,0.0821507523746461,13.118264357090071,0.7484701053609845,0.8062192879203923,0.8014887974206436,0.06326728789711426,0.03755096437407981,0.039406697549502274
thermal_tau30,thermal,thermal_tau30_A0.25,-30.5,2026110281,81,thermal|thermal_tau30|-30.5|2026110281,0,0.2499999999999998,0.0821507523746461,13.118264357090071,0.7484701053609845,0.8062192879203923,0.8014887974206436,0.5602074986190831,0.6499895402148644,0.6423842923907895
thermal_tau30,thermal,thermal_tau30_A0.25,-30.5,2026110277,77,thermal|thermal_tau30|-30.5|2026110277,1,0.2499999999999998,0.0821507523746461,13.118264357090071,0.7484701053609845,0.8062192879203923,0.8014887974206436,0.06326728789711426,0.03755096437407981,0.039406697549502274
thermal_tau30,thermal,thermal_tau30_A0.25,-30.5,2026110283,83,thermal|thermal_tau30|-30.5|2026110283,1,0.2499999999999998,0.0821507523746461,13.118264357090071,0.7484701053609845,0.8062192879203923,0.8014887974206436,0.06326728789711426,0.03755096437407981,0.039406697549502274
thermal_tau30,thermal,thermal_tau30_A0.25,-30.5,2026110279,79,thermal|thermal_tau30|-30.5|2026110279,1,0.2499999999999998,0.0821507523746461,13.118264357090071,0.7484701053609845,0.8062192879203923,0.8014887974206436,0.06326728789711426,0.03755096437407981,0.039406697549502274
thermal_tau30,thermal,thermal_tau30_A0.25,-30.5,2026110282,82,thermal|thermal_tau30|-30.5|2026110282,1,0.2499999999999998,0.0821507523746461,13.118264357090071,0.7484701053609845,0.8062192879203923,0.8014887974206436,0.06326728789711426,0.03755096437407981,0.039406697549502274
thermal_tau30,thermal,thermal_tau30_A0.25,-30.5,2026110284,84,thermal|thermal_tau30|-30.5|2026110284,1,0.2499999999999998,0.0821507523746461,13.118264357090071,0.7484701053609845,0.8062192879203923,0.8014887974206436,0.06326728789711426,0.03755096437407981,0.039406697549502274
thermal_tau30,thermal,thermal_tau30_A0.25,-30.5,2026110280,80,thermal|thermal_tau30|-30.5|2026110280,0,0.2499999999999998,0.0821507523746461,13.118264357090071,0.7484701053609845,0.8062192879203923,0.8014887974206436,0.5602074986190831,0.6499895402148644,0.6423842923907895
thermal_tau30,thermal,thermal_tau30_A0.25,-30.5,2026110286,86,thermal|thermal_tau30|-30.5|2026110286,1,0.2499999999999998,0.0821507523746461,13.118264357090071,0.7484701053609845,0.8062192879203923,0.8014887974206436,0.06326728789711426,0.03755096437407981,0.039406697549502274
thermal_tau30,thermal,thermal_tau30_A0.25,-30.5,2026110289,89,thermal|thermal_tau30|-30.5|2026110289,1,0.2499999999999998,0.0821507523746461,13.118264357090071,0.7484701053609845,0.8062192879203923,0.8014887974206436,0.06326728789711426,0.03755096437407981,0.039406697549502274
thermal_tau30,thermal,thermal_tau30_A0.25,-30.5,2026110285,85,thermal|thermal_tau30|-30.5|2026110285,0,0.2499999999999998,0.0821507523746461,13.118264357090071,0.7484701053609845,0.8062192879203923,0.8014887974206436,0.5602074986190831,0.6499895402148644,0.6423842923907895
thermal_tau30,thermal,thermal_tau30_A0.25,-30.5,2026110288,88,thermal|thermal_tau30|-30.5|2026110288,1,0.2499999999999998,0.0821507523746461,13.118264357090071,0.7484701053609845,0.8062192879203923,0.8014887974206436,0.06326728789711426,0.03755096437407981,0.039406697549502274
thermal_tau30,thermal,thermal_tau30_A0.25,-30.5,2026110290,90,thermal|thermal_tau30|-30.5|2026110290,1,0.2499999999999998,0.0821507523746461,13.118264357090071,0.7484701053609845,0.8062192879203923,0.8014887974206436,0.06326728789711426,0.03755096437407981,0.039406697549502274
thermal_tau30,thermal,thermal_tau30_A0.25,-30.5,2026110287,87,thermal|thermal_tau30|-30.5|2026110287,0,0.2499999999999998,0.0821507523746461,13.118264357090071,0.7484701053609845,0.8062192879203923,0.8014887974206436,0.5602074986190831,0.6499895402148644,0.6423842923907895
thermal_tau30,thermal,thermal_tau30_A0.25,-30.5,2026110294,94,thermal|thermal_tau30|-30.5|2026110294,1,0.2499999999999998,0.0821507523746461,13.118264357090071,0.7484701053609845,0.8062192879203923,0.8014887974206436,0.06326728789711426,0.03755096437407981,0.039406697549502274
thermal_tau30,thermal,thermal_tau30_A0.25,-30.5,2026110292,92,thermal|thermal_tau30|-30.5|2026110292,1,0.2499999999999998,0.0821507523746461,13.118264357090071,0.7484701053609845,0.8062192879203923,0.8014887974206436,0.06326728789711426,0.03755096437407981,0.039406697549502274
thermal_tau30,thermal,thermal_tau30_A0.25,-30.5,2026110291,91,thermal|thermal_tau30|-30.5|2026110291,1,0.2499999999999998,0.0821507523746461,13.118264357090071,0.7484701053609845,0.8062192879203923,0.8014887974206436,0.06326728789711426,0.03755096437407981,0.039406697549502274
thermal_tau30,thermal,thermal_tau30_A0.25,-30.5,2026110297,97,thermal|thermal_tau30|-30.5|2026110297,1,0.2499999999999998,0.0821507523746461,13.118264357090071,0.7484701053609845,0.8062192879203923,0.8014887974206436,0.06326728789711426,0.03755096437407981,0.039406697549502274
thermal_tau30,thermal,thermal_tau30_A0.25,-30.5,2026110295,95,thermal|thermal_tau30|-30.5|2026110295,1,0.2499999999999998,0.0821507523746461,13.118264357090071,0.7484701053609845,0.8062192879203923,0.8014887974206436,0.06326728789711426,0.03755096437407981,0.039406697549502274
thermal_tau30,thermal,thermal_tau30_A0.25,-30.5,2026110298,98,thermal|thermal_tau30|-30.5|2026110298,1,0.2499999999999998,0.0821507523746461,13.118264357090071,0.7484701053609845,0.8062192879203923,0.8014887974206436,0.06326728789711426,0.03755096437407981,0.039406697549502274
thermal_tau30,thermal,thermal_tau30_A0.25,-30.5,2026110293,93,thermal|thermal_tau30|-30.5|2026110293,0,0.2499999999999998,0.0821507523746461,13.118264357090071,0.7484701053609845,0.8062192879203923,0.8014887974206436,0.5602074986190831,0.6499895402148644,0.6423842923907895
thermal_tau30,thermal,thermal_tau30_A0.25,-30.5,2026110296,96,thermal|thermal_tau30|-30.5|2026110296,1,0.2499999999999998,0.0821507523746461,13.118264357090071,0.7484701053609845,0.8062192879203923,0.8014887974206436,0.06326728789711426,0.03755096437407981,0.039406697549502274
thermal_tau30,thermal,thermal_tau30_A0.25,-30.5,2026110299,99,thermal|thermal_tau30|-30.5|2026110299,1,0.2499999999999998,0.0821507523746461,13.118264357090071,0.7484701053609845,0.8062192879203923,0.8014887974206436,0.06326728789711426,0.03755096437407981,0.039406697549502274
thermal_tau30,thermal,thermal_tau30_A0.50,-30.5,2026110200,0,thermal|thermal_tau30|-30.5|2026110200,0,0.4999999999999996,0.1643015047492922,26.236528714180142,0.1749351750870227,0.2901702159336818,0.27796065170233536,0.030602315482727287,0.08419875421499953,0.07726212389478698
thermal_tau30,thermal,thermal_tau30_A0.50,-30.5,2026110201,1,thermal|thermal_tau30|-30.5|2026110201,0,0.4999999999999996,0.1643015047492922,26.236528714180142,0.1749351750870227,0.2901702159336818,0.27796065170233536,0.030602315482727287,0.08419875421499953,0.07726212389478698
thermal_tau30,thermal,thermal_tau30_A0.50,-30.5,2026110202,2,thermal|thermal_tau30|-30.5|2026110202,0,0.4999999999999996,0.1643015047492922,26.236528714180142,0.1749351750870227,0.2901702159336818,0.27796065170233536,0.030602315482727287,0.08419875421499953,0.07726212389478698
thermal_tau30,thermal,thermal_tau30_A0.50,-30.5,2026110203,3,thermal|thermal_tau30|-30.5|2026110203,0,0.4999999999999996,0.1643015047492922,26.236528714180142,0.1749351750870227,0.2901702159336818,0.27796065170233536,0.030602315482727287,0.08419875421499953,0.07726212389478698
thermal_tau30,thermal,thermal_tau30_A0.50,-30.5,2026110204,4,thermal|thermal_tau30|-30.5|2026110204,1,0.4999999999999996,0.1643015047492922,26.236528714180142,0.1749351750870227,0.2901702159336818,0.27796065170233536,0.6807319653086819,0.5038583223476358,0.5213408204901162
thermal_tau30,thermal,thermal_tau30_A0.50,-30.5,2026110205,5,thermal|thermal_tau30|-30.5|2026110205,1,0.4999999999999996,0.1643015047492922,26.236528714180142,0.1749351750870227,0.2901702159336818,0.27796065170233536,0.6807319653086819,0.5038583223476358,0.5213408204901162
thermal_tau30,thermal,thermal_tau30_A0.50,-30.5,2026110209,9,thermal|thermal_tau30|-30.5|2026110209,1,0.4999999999999996,0.1643015047492922,26.236528714180142,0.1749351750870227,0.2901702159336818,0.27796065170233536,0.6807319653086819,0.5038583223476358,0.5213408204901162
thermal_tau30,thermal,thermal_tau30_A0.50,-30.5,2026110206,6,thermal|thermal_tau30|-30.5|2026110206,0,0.4999999999999996,0.1643015047492922,26.236528714180142,0.1749351750870227,0.2901702159336818,0.27796065170233536,0.030602315482727287,0.08419875421499953,0.07726212389478698
thermal_tau30,thermal,thermal_tau30_A0.50,-30.5,2026110207,7,thermal|thermal_tau30|-30.5|2026110207,0,0.4999999999999996,0.1643015047492922,26.236528714180142,0.1749351750870227,0.2901702159336818,0.27796065170233536,0.030602315482727287,0.08419875421499953,0.07726212389478698
thermal_tau30,thermal,thermal_tau30_A0.50,-30.5,2026110208,8,thermal|thermal_tau30|-30.5|2026110208,0,0.4999999999999996,0.1643015047492922,26.236528714180142,0.1749351750870227,0.2901702159336818,0.27796065170233536,0.030602315482727287,0.08419875421499953,0.07726212389478698
thermal_tau30,thermal,thermal_tau30_A0.50,-30.5,2026110211,11,thermal|thermal_tau30|-30.5|2026110211,1,0.4999999999999996,0.1643015047492922,26.236528714180142,0.1749351750870227,0.2901702159336818,0.27796065170233536,0.6807319653086819,0.5038583223476358,0.5213408204901162
thermal_tau30,thermal,thermal_tau30_A0.50,-30.5,2026110210,10,thermal|thermal_tau30|-30.5|2026110210,0,0.4999999999999996,0.1643015047492922,26.236528714180142,0.1749351750870227,0.2901702159336818,0.27796065170233536,0.030602315482727287,0.08419875421499953,0.07726212389478698
thermal_tau30,thermal,thermal_tau30_A0.50,-30.5,2026110212,12,thermal|thermal_tau30|-30.5|2026110212,1,0.4999999999999996,0.1643015047492922,26.236528714180142,0.1749351750870227,0.2901702159336818,0.27796065170233536,0.6807319653086819,0.5038583223476358,0.5213408204901162
thermal_tau30,thermal,thermal_tau30_A0.50,-30.5,2026110214,14,thermal|thermal_tau30|-30.5|2026110214,1,0.4999999999999996,0.1643015047492922,26.236528714180142,0.1749351750870227,0.2901702159336818,0.27796065170233536,0.6807319653086819,0.5038583223476358,0.5213408204901162
thermal_tau30,thermal,thermal_tau30_A0.50,-30.5,2026110213,13,thermal|thermal_tau30|-30.5|2026110213,0,0.4999999999999996,0.1643015047492922,26.236528714180142,0.1749351750870227,0.2901702159336818,0.27796065170233536,0.030602315482727287,0.08419875421499953,0.07726212389478698
thermal_tau30,thermal,thermal_tau30_A0.50,-30.5,2026110215,15,thermal|thermal_tau30|-30.5|2026110215,0,0.4999999999999996,0.1643015047492922,26.236528714180142,0.1749351750870227,0.2901702159336818,0.27796065170233536,0.030602315482727287,0.08419875421499953,0.07726212389478698
thermal_tau30,thermal,thermal_tau30_A0.50,-30.5,2026110216,16,thermal|thermal_tau30|-30.5|2026110216,0,0.4999999999999996,0.1643015047492922,26.236528714180142,0.1749351750870227,0.2901702159336818,0.27796065170233536,0.030602315482727287,0.08419875421499953,0.07726212389478698
thermal_tau30,thermal,thermal_tau30_A0.50,-30.5,2026110219,19,thermal|thermal_tau30|-30.5|2026110219,0,0.4999999999999996,0.1643015047492922,26.236528714180142,0.1749351750870227,0.2901702159336818,0.27796065170233536,0.030602315482727287,0.08419875421499953,0.07726212389478698
thermal_tau30,thermal,thermal_tau30_A0.50,-30.5,2026110217,17,thermal|thermal_tau30|-30.5|2026110217,0,0.4999999999999996,0.1643015047492922,26.236528714180142,0.1749351750870227,0.2901702159336818,0.27796065170233536,0.030602315482727287,0.08419875421499953,0.07726212389478698
thermal_tau30,thermal,thermal_tau30_A0.50,-30.5,2026110218,18,thermal|thermal_tau30|-30.5|2026110218,0,0.4999999999999996,0.1643015047492922,26.236528714180142,0.1749351750870227,0.2901702159336818,0.27796065170233536,0.030602315482727287,0.08419875421499953,0.07726212389478698
thermal_tau30,thermal,thermal_tau30_A0.50,-30.5,2026110220,20,thermal|thermal_tau30|-30.5|2026110220,0,0.4999999999999996,0.1643015047492922,26.236528714180142,0.1749351750870227,0.2901702159336818,0.27796065170233536,0.030602315482727287,0.08419875421499953,0.07726212389478698
thermal_tau30,thermal,thermal_tau30_A0.50,-30.5,2026110221,21,thermal|thermal_tau30|-30.5|2026110221,0,0.4999999999999996,0.1643015047492922,26.236528714180142,0.1749351750870227,0.2901702159336818,0.27796065170233536,0.030602315482727287,0.08419875421499953,0.07726212389478698
thermal_tau30,thermal,thermal_tau30_A0.50,-30.5,2026110222,22,thermal|thermal_tau30|-30.5|2026110222,0,0.4999999999999996,0.1643015047492922,26.236528714180142,0.1749351750870227,0.2901702159336818,0.27796065170233536,0.030602315482727287,0.08419875421499953,0.07726212389478698
thermal_tau30,thermal,thermal_tau30_A0.50,-30.5,2026110223,23,thermal|thermal_tau30|-30.5|2026110223,0,0.4999999999999996,0.1643015047492922,26.236528714180142,0.1749351750870227,0.2901702159336818,0.27796065170233536,0.030602315482727287,0.08419875421499953,0.07726212389478698
thermal_tau30,thermal,thermal_tau30_A0.50,-30.5,2026110224,24,thermal|thermal_tau30|-30.5|2026110224,1,0.4999999999999996,0.1643015047492922,26.236528714180142,0.1749351750870227,0.2901702159336818,0.27796065170233536,0.6807319653086819,0.5038583223476358,0.5213408204901162
thermal_tau30,thermal,thermal_tau30_A0.50,-30.5,2026110225,25,thermal|thermal_tau30|-30.5|2026110225,1,0.4999999999999996,0.1643015047492922,26.236528714180142,0.1749351750870227,0.2901702159336818,0.27796065170233536,0.6807319653086819,0.5038583223476358,0.5213408204901162
thermal_tau30,thermal,thermal_tau30_A0.50,-30.5,2026110226,26,thermal|thermal_tau30|-30.5|2026110226,1,0.4999999999999996,0.1643015047492922,26.236528714180142,0.1749351750870227,0.2901702159336818,0.27796065170233536,0.6807319653086819,0.5038583223476358,0.5213408204901162
thermal_tau30,thermal,thermal_tau30_A0.50,-30.5,2026110227,27,thermal|thermal_tau30|-30.5|2026110227,0,0.4999999999999996,0.1643015047492922,26.236528714180142,0.1749351750870227,0.2901702159336818,0.27796065170233536,0.030602315482727287,0.08419875421499953,0.07726212389478698
thermal_tau30,thermal,thermal_tau30_A0.50,-30.5,2026110228,28,thermal|thermal_tau30|-30.5|2026110228,0,0.4999999999999996,0.1643015047492922,26.236528714180142,0.1749351750870227,0.2901702159336818,0.27796065170233536,0.030602315482727287,0.08419875421499953,0.07726212389478698
thermal_tau30,thermal,thermal_tau30_A0.50,-30.5,2026110229,29,thermal|thermal_tau30|-30.5|2026110229,0,0.4999999999999996,0.1643015047492922,26.236528714180142,0.1749351750870227,0.2901702159336818,0.27796065170233536,0.030602315482727287,0.08419875421499953,0.07726212389478698
thermal_tau30,thermal,thermal_tau30_A0.50,-30.5,2026110230,30,thermal|thermal_tau30|-30.5|2026110230,0,0.4999999999999996,0.1643015047492922,26.236528714180142,0.1749351750870227,0.2901702159336818,0.27796065170233536,0.030602315482727287,0.08419875421499953,0.07726212389478698
thermal_tau30,thermal,thermal_tau30_A0.50,-30.5,2026110232,32,thermal|thermal_tau30|-30.5|2026110232,1,0.4999999999999996,0.1643015047492922,26.236528714180142,0.1749351750870227,0.2901702159336818,0.27796065170233536,0.6807319653086819,0.5038583223476358,0.5213408204901162
thermal_tau30,thermal,thermal_tau30_A0.50,-30.5,2026110231,31,thermal|thermal_tau30|-30.5|2026110231,0,0.4999999999999996,0.1643015047492922,26.236528714180142,0.1749351750870227,0.2901702159336818,0.27796065170233536,0.030602315482727287,0.08419875421499953,0.07726212389478698
thermal_tau30,thermal,thermal_tau30_A0.50,-30.5,2026110233,33,thermal|thermal_tau30|-30.5|2026110233,0,0.4999999999999996,0.1643015047492922,26.236528714180142,0.1749351750870227,0.2901702159336818,0.27796065170233536,0.030602315482727287,0.08419875421499953,0.07726212389478698
thermal_tau30,thermal,thermal_tau30_A0.50,-30.5,2026110234,34,thermal|thermal_tau30|-30.5|2026110234,0,0.4999999999999996,0.1643015047492922,26.236528714180142,0.1749351750870227,0.2901702159336818,0.27796065170233536,0.030602315482727287,0.08419875421499953,0.07726212389478698
thermal_tau30,thermal,thermal_tau30_A0.50,-30.5,2026110235,35,thermal|thermal_tau30|-30.5|2026110235,0,0.4999999999999996,0.1643015047492922,26.236528714180142,0.1749351750870227,0.2901702159336818,0.27796065170233536,0.030602315482727287,0.08419875421499953,0.07726212389478698
thermal_tau30,thermal,thermal_tau30_A0.50,-30.5,2026110236,36,thermal|thermal_tau30|-30.5|2026110236,0,0.4999999999999996,0.1643015047492922,26.236528714180142,0.1749351750870227,0.2901702159336818,0.27796065170233536,0.030602315482727287,0.08419875421499953,0.07726212389478698
thermal_tau30,thermal,thermal_tau30_A0.50,-30.5,2026110239,39,thermal|thermal_tau30|-30.5|2026110239,0,0.4999999999999996,0.1643015047492922,26.236528714180142,0.1749351750870227,0.2901702159336818,0.27796065170233536,0.030602315482727287,0.08419875421499953,0.07726212389478698
thermal_tau30,thermal,thermal_tau30_A0.50,-30.5,2026110238,38,thermal|thermal_tau30|-30.5|2026110238,0,0.4999999999999996,0.1643015047492922,26.236528714180142,0.1749351750870227,0.2901702159336818,0.27796065170233536,0.030602315482727287,0.08419875421499953,0.07726212389478698
thermal_tau30,thermal,thermal_tau30_A0.50,-30.5,2026110240,40,thermal|thermal_tau30|-30.5|2026110240,0,0.4999999999999996,0.1643015047492922,26.236528714180142,0.1749351750870227,0.2901702159336818,0.27796065170233536,0.030602315482727287,0.08419875421499953,0.07726212389478698
thermal_tau30,thermal,thermal_tau30_A0.50,-30.5,2026110242,42,thermal|thermal_tau30|-30.5|2026110242,1,0.4999999999999996,0.1643015047492922,26.236528714180142,0.1749351750870227,0.2901702159336818,0.27796065170233536,0.6807319653086819,0.5038583223476358,0.5213408204901162
thermal_tau30,thermal,thermal_tau30_A0.50,-30.5,2026110237,37,thermal|thermal_tau30|-30.5|2026110237,0,0.4999999999999996,0.1643015047492922,26.236528714180142,0.1749351750870227,0.2901702159336818,0.27796065170233536,0.030602315482727287,0.08419875421499953,0.07726212389478698
thermal_tau30,thermal,thermal_tau30_A0.50,-30.5,2026110245,45,thermal|thermal_tau30|-30.5|2026110245,1,0.4999999999999996,0.1643015047492922,26.236528714180142,0.1749351750870227,0.2901702159336818,0.27796065170233536,0.6807319653086819,0.5038583223476358,0.5213408204901162
thermal_tau30,thermal,thermal_tau30_A0.50,-30.5,2026110241,41,thermal|thermal_tau30|-30.5|2026110241,0,0.4999999999999996,0.1643015047492922,26.236528714180142,0.1749351750870227,0.2901702159336818,0.27796065170233536,0.030602315482727287,0.08419875421499953,0.07726212389478698
thermal_tau30,thermal,thermal_tau30_A0.50,-30.5,2026110244,44,thermal|thermal_tau30|-30.5|2026110244,1,0.4999999999999996,0.1643015047492922,26.236528714180142,0.1749351750870227,0.2901702159336818,0.27796065170233536,0.6807319653086819,0.5038583223476358,0.5213408204901162
thermal_tau30,thermal,thermal_tau30_A0.50,-30.5,2026110248,48,thermal|thermal_tau30|-30.5|2026110248,1,0.4999999999999996,0.1643015047492922,26.236528714180142,0.1749351750870227,0.2901702159336818,0.27796065170233536,0.6807319653086819,0.5038583223476358,0.5213408204901162
thermal_tau30,thermal,thermal_tau30_A0.50,-30.5,2026110243,43,thermal|thermal_tau30|-30.5|2026110243,0,0.4999999999999996,0.1643015047492922,26.236528714180142,0.1749351750870227,0.2901702159336818,0.27796065170233536,0.030602315482727287,0.08419875421499953,0.07726212389478698
thermal_tau30,thermal,thermal_tau30_A0.50,-30.5,2026110250,50,thermal|thermal_tau30|-30.5|2026110250,1,0.4999999999999996,0.1643015047492922,26.236528714180142,0.1749351750870227,0.2901702159336818,0.27796065170233536,0.6807319653086819,0.5038583223476358,0.5213408204901162
thermal_tau30,thermal,thermal_tau30_A0.50,-30.5,2026110246,46,thermal|thermal_tau30|-30.5|2026110246,0,0.4999999999999996,0.1643015047492922,26.236528714180142,0.1749351750870227,0.2901702159336818,0.27796065170233536,0.030602315482727287,0.08419875421499953,0.07726212389478698
thermal_tau30,thermal,thermal_tau30_A0.50,-30.5,2026110249,49,thermal|thermal_tau30|-30.5|2026110249,1,0.4999999999999996,0.1643015047492922,26.236528714180142,0.1749351750870227,0.2901702159336818,0.27796065170233536,0.6807319653086819,0.5038583223476358,0.5213408204901162
thermal_tau30,thermal,thermal_tau30_A0.50,-30.5,2026110247,47,thermal|thermal_tau30|-30.5|2026110247,0,0.4999999999999996,0.1643015047492922,26.236528714180142,0.1749351750870227,0.2901702159336818,0.27796065170233536,0.030602315482727287,0.08419875421499953,0.07726212389478698
thermal_tau30,thermal,thermal_tau30_A0.50,-30.5,2026110254,54,thermal|thermal_tau30|-30.5|2026110254,1,0.4999999999999996,0.1643015047492922,26.236528714180142,0.1749351750870227,0.2901702159336818,0.27796065170233536,0.6807319653086819,0.5038583223476358,0.5213408204901162
thermal_tau30,thermal,thermal_tau30_A0.50,-30.5,2026110252,52,thermal|thermal_tau30|-30.5|2026110252,0,0.4999999999999996,0.1643015047492922,26.236528714180142,0.1749351750870227,0.2901702159336818,0.27796065170233536,0.030602315482727287,0.08419875421499953,0.07726212389478698
thermal_tau30,thermal,thermal_tau30_A0.50,-30.5,2026110251,51,thermal|thermal_tau30|-30.5|2026110251,0,0.4999999999999996,0.1643015047492922,26.236528714180142,0.1749351750870227,0.2901702159336818,0.27796065170233536,0.030602315482727287,0.08419875421499953,0.07726212389478698
thermal_tau30,thermal,thermal_tau30_A0.50,-30.5,2026110255,55,thermal|thermal_tau30|-30.5|2026110255,1,0.4999999999999996,0.1643015047492922,26.236528714180142,0.1749351750870227,0.2901702159336818,0.27796065170233536,0.6807319653086819,0.5038583223476358,0.5213408204901162
thermal_tau30,thermal,thermal_tau30_A0.50,-30.5,2026110253,53,thermal|thermal_tau30|-30.5|2026110253,0,0.4999999999999996,0.1643015047492922,26.236528714180142,0.1749351750870227,0.2901702159336818,0.27796065170233536,0.030602315482727287,0.08419875421499953,0.07726212389478698
thermal_tau30,thermal,thermal_tau30_A0.50,-30.5,2026110256,56,thermal|thermal_tau30|-30.5|2026110256,0,0.4999999999999996,0.1643015047492922,26.236528714180142,0.1749351750870227,0.2901702159336818,0.27796065170233536,0.030602315482727287,0.08419875421499953,0.07726212389478698
thermal_tau30,thermal,thermal_tau30_A0.50,-30.5,2026110257,57,thermal|thermal_tau30|-30.5|2026110257,0,0.4999999999999996,0.1643015047492922,26.236528714180142,0.1749351750870227,0.2901702159336818,0.27796065170233536,0.030602315482727287,0.08419875421499953,0.07726212389478698
thermal_tau30,thermal,thermal_tau30_A0.50,-30.5,2026110258,58,thermal|thermal_tau30|-30.5|2026110258,0,0.4999999999999996,0.1643015047492922,26.236528714180142,0.1749351750870227,0.2901702159336818,0.27796065170233536,0.030602315482727287,0.08419875421499953,0.07726212389478698
thermal_tau30,thermal,thermal_tau30_A0.50,-30.5,2026110259,59,thermal|thermal_tau30|-30.5|2026110259,0,0.4999999999999996,0.1643015047492922,26.236528714180142,0.1749351750870227,0.2901702159336818,0.27796065170233536,0.030602315482727287,0.08419875421499953,0.07726212389478698
thermal_tau30,thermal,thermal_tau30_A0.50,-30.5,2026110262,62,thermal|thermal_tau30|-30.5|2026110262,1,0.4999999999999996,0.1643015047492922,26.236528714180142,0.1749351750870227,0.2901702159336818,0.27796065170233536,0.6807319653086819,0.5038583223476358,0.5213408204901162
thermal_tau30,thermal,thermal_tau30_A0.50,-30.5,2026110260,60,thermal|thermal_tau30|-30.5|2026110260,0,0.4999999999999996,0.1643015047492922,26.236528714180142,0.1749351750870227,0.2901702159336818,0.27796065170233536,0.030602315482727287,0.08419875421499953,0.07726212389478698
thermal_tau30,thermal,thermal_tau30_A0.50,-30.5,2026110264,64,thermal|thermal_tau30|-30.5|2026110264,1,0.4999999999999996,0.1643015047492922,26.236528714180142,0.1749351750870227,0.2901702159336818,0.27796065170233536,0.6807319653086819,0.5038583223476358,0.5213408204901162
thermal_tau30,thermal,thermal_tau30_A0.50,-30.5,2026110261,61,thermal|thermal_tau30|-30.5|2026110261,0,0.4999999999999996,0.1643015047492922,26.236528714180142,0.1749351750870227,0.2901702159336818,0.27796065170233536,0.030602315482727287,0.08419875421499953,0.07726212389478698
thermal_tau30,thermal,thermal_tau30_A0.50,-30.5,2026110266,66,thermal|thermal_tau30|-30.5|2026110266,1,0.4999999999999996,0.1643015047492922,26.236528714180142,0.1749351750870227,0.2901702159336818,0.27796065170233536,0.6807319653086819,0.5038583223476358,0.5213408204901162
thermal_tau30,thermal,thermal_tau30_A0.50,-30.5,2026110265,65,thermal|thermal_tau30|-30.5|2026110265,1,0.4999999999999996,0.1643015047492922,26.236528714180142,0.1749351750870227,0.2901702159336818,0.27796065170233536,0.6807319653086819,0.5038583223476358,0.5213408204901162
thermal_tau30,thermal,thermal_tau30_A0.50,-30.5,2026110269,69,thermal|thermal_tau30|-30.5|2026110269,1,0.4999999999999996,0.1643015047492922,26.236528714180142,0.1749351750870227,0.2901702159336818,0.27796065170233536,0.6807319653086819,0.5038583223476358,0.5213408204901162
thermal_tau30,thermal,thermal_tau30_A0.50,-30.5,2026110267,67,thermal|thermal_tau30|-30.5|2026110267,0,0.4999999999999996,0.1643015047492922,26.236528714180142,0.1749351750870227,0.2901702159336818,0.27796065170233536,0.030602315482727287,0.08419875421499953,0.07726212389478698
thermal_tau30,thermal,thermal_tau30_A0.50,-30.5,2026110271,71,thermal|thermal_tau30|-30.5|2026110271,1,0.4999999999999996,0.1643015047492922,26.236528714180142,0.1749351750870227,0.2901702159336818,0.27796065170233536,0.6807319653086819,0.5038583223476358,0.5213408204901162
thermal_tau30,thermal,thermal_tau30_A0.50,-30.5,2026110263,63,thermal|thermal_tau30|-30.5|2026110263,0,0.4999999999999996,0.1643015047492922,26.236528714180142,0.1749351750870227,0.2901702159336818,0.27796065170233536,0.030602315482727287,0.08419875421499953,0.07726212389478698
thermal_tau30,thermal,thermal_tau30_A0.50,-30.5,2026110268,68,thermal|thermal_tau30|-30.5|2026110268,0,0.4999999999999996,0.1643015047492922,26.236528714180142,0.1749351750870227,0.2901702159336818,0.27796065170233536,0.030602315482727287,0.08419875421499953,0.07726212389478698
thermal_tau30,thermal,thermal_tau30_A0.50,-30.5,2026110272,72,thermal|thermal_tau30|-30.5|2026110272,1,0.4999999999999996,0.1643015047492922,26.236528714180142,0.1749351750870227,0.2901702159336818,0.27796065170233536,0.6807319653086819,0.5038583223476358,0.5213408204901162
thermal_tau30,thermal,thermal_tau30_A0.50,-30.5,2026110270,70,thermal|thermal_tau30|-30.5|2026110270,0,0.4999999999999996,0.1643015047492922,26.236528714180142,0.1749351750870227,0.2901702159336818,0.27796065170233536,0.030602315482727287,0.08419875421499953,0.07726212389478698
thermal_tau30,thermal,thermal_tau30_A0.50,-30.5,2026110276,76,thermal|thermal_tau30|-30.5|2026110276,1,0.4999999999999996,0.1643015047492922,26.236528714180142,0.1749351750870227,0.2901702159336818,0.27796065170233536,0.6807319653086819,0.5038583223476358,0.5213408204901162
thermal_tau30,thermal,thermal_tau30_A0.50,-30.5,2026110273,73,thermal|thermal_tau30|-30.5|2026110273,0,0.4999999999999996,0.1643015047492922,26.236528714180142,0.1749351750870227,0.2901702159336818,0.27796065170233536,0.030602315482727287,0.08419875421499953,0.07726212389478698
thermal_tau30,thermal,thermal_tau30_A0.50,-30.5,2026110277,77,thermal|thermal_tau30|-30.5|2026110277,1,0.4999999999999996,0.1643015047492922,26.236528714180142,0.1749351750870227,0.2901702159336818,0.27796065170233536,0.6807319653086819,0.5038583223476358,0.5213408204901162
thermal_tau30,thermal,thermal_tau30_A0.50,-30.5,2026110278,78,thermal|thermal_tau30|-30.5|2026110278,1,0.4999999999999996,0.1643015047492922,26.236528714180142,0.1749351750870227,0.2901702159336818,0.27796065170233536,0.6807319653086819,0.5038583223476358,0.5213408204901162
thermal_tau30,thermal,thermal_tau30_A0.50,-30.5,2026110274,74,thermal|thermal_tau30|-30.5|2026110274,0,0.4999999999999996,0.1643015047492922,26.236528714180142,0.1749351750870227,0.2901702159336818,0.27796065170233536,0.030602315482727287,0.08419875421499953,0.07726212389478698
thermal_tau30,thermal,thermal_tau30_A0.50,-30.5,2026110281,81,thermal|thermal_tau30|-30.5|2026110281,0,0.4999999999999996,0.1643015047492922,26.236528714180142,0.1749351750870227,0.2901702159336818,0.27796065170233536,0.030602315482727287,0.08419875421499953,0.07726212389478698
thermal_tau30,thermal,thermal_tau30_A0.50,-30.5,2026110275,75,thermal|thermal_tau30|-30.5|2026110275,0,0.4999999999999996,0.1643015047492922,26.236528714180142,0.1749351750870227,0.2901702159336818,0.27796065170233536,0.030602315482727287,0.08419875421499953,0.07726212389478698
thermal_tau30,thermal,thermal_tau30_A0.50,-30.5,2026110280,80,thermal|thermal_tau30|-30.5|2026110280,1,0.4999999999999996,0.1643015047492922,26.236528714180142,0.1749351750870227,0.2901702159336818,0.27796065170233536,0.6807319653086819,0.5038583223476358,0.5213408204901162
thermal_tau30,thermal,thermal_tau30_A0.50,-30.5,2026110279,79,thermal|thermal_tau30|-30.5|2026110279,1,0.4999999999999996,0.1643015047492922,26.236528714180142,0.1749351750870227,0.2901702159336818,0.27796065170233536,0.6807319653086819,0.5038583223476358,0.5213408204901162
thermal_tau30,thermal,thermal_tau30_A0.50,-30.5,2026110283,83,thermal|thermal_tau30|-30.5|2026110283,1,0.4999999999999996,0.1643015047492922,26.236528714180142,0.1749351750870227,0.2901702159336818,0.27796065170233536,0.6807319653086819,0.5038583223476358,0.5213408204901162
thermal_tau30,thermal,thermal_tau30_A0.50,-30.5,2026110282,82,thermal|thermal_tau30|-30.5|2026110282,1,0.4999999999999996,0.1643015047492922,26.236528714180142,0.1749351750870227,0.2901702159336818,0.27796065170233536,0.6807319653086819,0.5038583223476358,0.5213408204901162
thermal_tau30,thermal,thermal_tau30_A0.50,-30.5,2026110286,86,thermal|thermal_tau30|-30.5|2026110286,1,0.4999999999999996,0.1643015047492922,26.236528714180142,0.1749351750870227,0.2901702159336818,0.27796065170233536,0.6807319653086819,0.5038583223476358,0.5213408204901162
thermal_tau30,thermal,thermal_tau30_A0.50,-30.5,2026110287,87,thermal|thermal_tau30|-30.5|2026110287,1,0.4999999999999996,0.1643015047492922,26.236528714180142,0.1749351750870227,0.2901702159336818,0.27796065170233536,0.6807319653086819,0.5038583223476358,0.5213408204901162
thermal_tau30,thermal,thermal_tau30_A0.50,-30.5,2026110289,89,thermal|thermal_tau30|-30.5|2026110289,1,0.4999999999999996,0.1643015047492922,26.236528714180142,0.1749351750870227,0.2901702159336818,0.27796065170233536,0.6807319653086819,0.5038583223476358,0.5213408204901162
thermal_tau30,thermal,thermal_tau30_A0.50,-30.5,2026110284,84,thermal|thermal_tau30|-30.5|2026110284,0,0.4999999999999996,0.1643015047492922,26.236528714180142,0.1749351750870227,0.2901702159336818,0.27796065170233536,0.030602315482727287,0.08419875421499953,0.07726212389478698
thermal_tau30,thermal,thermal_tau30_A0.50,-30.5,2026110288,88,thermal|thermal_tau30|-30.5|2026110288,1,0.4999999999999996,0.1643015047492922,26.236528714180142,0.1749351750870227,0.2901702159336818,0.27796065170233536,0.6807319653086819,0.5038583223476358,0.5213408204901162
thermal_tau30,thermal,thermal_tau30_A0.50,-30.5,2026110285,85,thermal|thermal_tau30|-30.5|2026110285,0,0.4999999999999996,0.1643015047492922,26.236528714180142,0.1749351750870227,0.2901702159336818,0.27796065170233536,0.030602315482727287,0.08419875421499953,0.07726212389478698
thermal_tau30,thermal,thermal_tau30_A0.50,-30.5,2026110290,90,thermal|thermal_tau30|-30.5|2026110290,1,0.4999999999999996,0.1643015047492922,26.236528714180142,0.1749351750870227,0.2901702159336818,0.27796065170233536,0.6807319653086819,0.5038583223476358,0.5213408204901162
thermal_tau30,thermal,thermal_tau30_A0.50,-30.5,2026110293,93,thermal|thermal_tau30|-30.5|2026110293,1,0.4999999999999996,0.1643015047492922,26.236528714180142,0.1749351750870227,0.2901702159336818,0.27796065170233536,0.6807319653086819,0.5038583223476358,0.5213408204901162
thermal_tau30,thermal,thermal_tau30_A0.50,-30.5,2026110292,92,thermal|thermal_tau30|-30.5|2026110292,1,0.4999999999999996,0.1643015047492922,26.236528714180142,0.1749351750870227,0.2901702159336818,0.27796065170233536,0.6807319653086819,0.5038583223476358,0.5213408204901162
thermal_tau30,thermal,thermal_tau30_A0.50,-30.5,2026110294,94,thermal|thermal_tau30|-30.5|2026110294,1,0.4999999999999996,0.1643015047492922,26.236528714180142,0.1749351750870227,0.2901702159336818,0.27796065170233536,0.6807319653086819,0.5038583223476358,0.5213408204901162
thermal_tau30,thermal,thermal_tau30_A0.50,-30.5,2026110291,91,thermal|thermal_tau30|-30.5|2026110291,0,0.4999999999999996,0.1643015047492922,26.236528714180142,0.1749351750870227,0.2901702159336818,0.27796065170233536,0.030602315482727287,0.08419875421499953,0.07726212389478698
thermal_tau30,thermal,thermal_tau30_A0.50,-30.5,2026110298,98,thermal|thermal_tau30|-30.5|2026110298,1,0.4999999999999996,0.1643015047492922,26.236528714180142,0.1749351750870227,0.2901702159336818,0.27796065170233536,0.6807319653086819,0.5038583223476358,0.5213408204901162
thermal_tau30,thermal,thermal_tau30_A0.50,-30.5,2026110296,96,thermal|thermal_tau30|-30.5|2026110296,1,0.4999999999999996,0.1643015047492922,26.236528714180142,0.1749351750870227,0.2901702159336818,0.27796065170233536,0.6807319653086819,0.5038583223476358,0.5213408204901162
thermal_tau30,thermal,thermal_tau30_A0.50,-30.5,2026110295,95,thermal|thermal_tau30|-30.5|2026110295,0,0.4999999999999996,0.1643015047492922,26.236528714180142,0.1749351750870227,0.2901702159336818,0.27796065170233536,0.030602315482727287,0.08419875421499953,0.07726212389478698
thermal_tau30,thermal,thermal_tau30_A0.50,-30.5,2026110297,97,thermal|thermal_tau30|-30.5|2026110297,0,0.4999999999999996,0.1643015047492922,26.236528714180142,0.1749351750870227,0.2901702159336818,0.27796065170233536,0.030602315482727287,0.08419875421499953,0.07726212389478698
thermal_tau60,thermal,thermal_tau60_A0.25,-30.5,2026110201,1,thermal|thermal_tau60|-30.5|2026110201,1,0.2500000000000001,0.0957463199289329,14.943958339039682,0.7520788360543568,0.7813327313615035,0.7846932322953845,0.06146490353216251,0.0478153743738204,0.046357004219409276
thermal_tau30,thermal,thermal_tau30_A0.50,-30.5,2026110299,99,thermal|thermal_tau30|-30.5|2026110299,0,0.4999999999999996,0.1643015047492922,26.236528714180142,0.1749351750870227,0.2901702159336818,0.27796065170233536,0.030602315482727287,0.08419875421499953,0.07726212389478698
thermal_tau60,thermal,thermal_tau60_A0.25,-30.5,2026110200,0,thermal|thermal_tau60|-30.5|2026110200,0,0.2500000000000001,0.0957463199289329,14.943958339039682,0.7520788360543568,0.7813327313615035,0.7846932322953845,0.565622575640876,0.6104808370968274,0.6157434688101782
thermal_tau60,thermal,thermal_tau60_A0.25,-30.5,2026110202,2,thermal|thermal_tau60|-30.5|2026110202,1,0.2500000000000001,0.0957463199289329,14.943958339039682,0.7520788360543568,0.7813327313615035,0.7846932322953845,0.06146490353216251,0.0478153743738204,0.046357004219409276
thermal_tau60,thermal,thermal_tau60_A0.25,-30.5,2026110203,3,thermal|thermal_tau60|-30.5|2026110203,1,0.2500000000000001,0.0957463199289329,14.943958339039682,0.7520788360543568,0.7813327313615035,0.7846932322953845,0.06146490353216251,0.0478153743738204,0.046357004219409276
thermal_tau60,thermal,thermal_tau60_A0.25,-30.5,2026110205,5,thermal|thermal_tau60|-30.5|2026110205,1,0.2500000000000001,0.0957463199289329,14.943958339039682,0.7520788360543568,0.7813327313615035,0.7846932322953845,0.06146490353216251,0.0478153743738204,0.046357004219409276
thermal_tau60,thermal,thermal_tau60_A0.25,-30.5,2026110206,6,thermal|thermal_tau60|-30.5|2026110206,1,0.2500000000000001,0.0957463199289329,14.943958339039682,0.7520788360543568,0.7813327313615035,0.7846932322953845,0.06146490353216251,0.0478153743738204,0.046357004219409276
thermal_tau60,thermal,thermal_tau60_A0.25,-30.5,2026110208,8,thermal|thermal_tau60|-30.5|2026110208,0,0.2500000000000001,0.0957463199289329,14.943958339039682,0.7520788360543568,0.7813327313615035,0.7846932322953845,0.565622575640876,0.6104808370968274,0.6157434688101782
thermal_tau60,thermal,thermal_tau60_A0.25,-30.5,2026110207,7,thermal|thermal_tau60|-30.5|2026110207,1,0.2500000000000001,0.0957463199289329,14.943958339039682,0.7520788360543568,0.7813327313615035,0.7846932322953845,0.06146490353216251,0.0478153743738204,0.046357004219409276
thermal_tau60,thermal,thermal_tau60_A0.25,-30.5,2026110209,9,thermal|thermal_tau60|-30.5|2026110209,1,0.2500000000000001,0.0957463199289329,14.943958339039682,0.7520788360543568,0.7813327313615035,0.7846932322953845,0.06146490353216251,0.0478153743738204,0.046357004219409276
thermal_tau60,thermal,thermal_tau60_A0.25,-30.5,2026110204,4,thermal|thermal_tau60|-30.5|2026110204,0,0.2500000000000001,0.0957463199289329,14.943958339039682,0.7520788360543568,0.7813327313615035,0.7846932322953845,0.565622575640876,0.6104808370968274,0.6157434688101782
thermal_tau60,thermal,thermal_tau60_A0.25,-30.5,2026110210,10,thermal|thermal_tau60|-30.5|2026110210,1,0.2500000000000001,0.0957463199289329,14.943958339039682,0.7520788360543568,0.7813327313615035,0.7846932322953845,0.06146490353216251,0.0478153743738204,0.046357004219409276
thermal_tau60,thermal,thermal_tau60_A0.25,-30.5,2026110211,11,thermal|thermal_tau60|-30.5|2026110211,1,0.2500000000000001,0.0957463199289329,14.943958339039682,0.7520788360543568,0.7813327313615035,0.7846932322953845,0.06146490353216251,0.0478153743738204,0.046357004219409276
thermal_tau60,thermal,thermal_tau60_A0.25,-30.5,2026110212,12,thermal|thermal_tau60|-30.5|2026110212,1,0.2500000000000001,0.0957463199289329,14.943958339039682,0.7520788360543568,0.7813327313615035,0.7846932322953845,0.06146490353216251,0.0478153743738204,0.046357004219409276
thermal_tau60,thermal,thermal_tau60_A0.25,-30.5,2026110213,13,thermal|thermal_tau60|-30.5|2026110213,1,0.2500000000000001,0.0957463199289329,14.943958339039682,0.7520788360543568,0.7813327313615035,0.7846932322953845,0.06146490353216251,0.0478153743738204,0.046357004219409276
thermal_tau60,thermal,thermal_tau60_A0.25,-30.5,2026110214,14,thermal|thermal_tau60|-30.5|2026110214,1,0.2500000000000001,0.0957463199289329,14.943958339039682,0.7520788360543568,0.7813327313615035,0.7846932322953845,0.06146490353216251,0.0478153743738204,0.046357004219409276
thermal_tau60,thermal,thermal_tau60_A0.25,-30.5,2026110215,15,thermal|thermal_tau60|-30.5|2026110215,1,0.2500000000000001,0.0957463199289329,14.943958339039682,0.7520788360543568,0.7813327313615035,0.7846932322953845,0.06146490353216251,0.0478153743738204,0.046357004219409276
thermal_tau60,thermal,thermal_tau60_A0.25,-30.5,2026110216,16,thermal|thermal_tau60|-30.5|2026110216,1,0.2500000000000001,0.0957463199289329,14.943958339039682,0.7520788360543568,0.7813327313615035,0.7846932322953845,0.06146490353216251,0.0478153743738204,0.046357004219409276
thermal_tau60,thermal,thermal_tau60_A0.25,-30.5,2026110217,17,thermal|thermal_tau60|-30.5|2026110217,1,0.2500000000000001,0.0957463199289329,14.943958339039682,0.7520788360543568,0.7813327313615035,0.7846932322953845,0.06146490353216251,0.0478153743738204,0.046357004219409276
thermal_tau60,thermal,thermal_tau60_A0.25,-30.5,2026110219,19,thermal|thermal_tau60|-30.5|2026110219,1,0.2500000000000001,0.0957463199289329,14.943958339039682,0.7520788360543568,0.7813327313615035,0.7846932322953845,0.06146490353216251,0.0478153743738204,0.046357004219409276
thermal_tau60,thermal,thermal_tau60_A0.25,-30.5,2026110220,20,thermal|thermal_tau60|-30.5|2026110220,1,0.2500000000000001,0.0957463199289329,14.943958339039682,0.7520788360543568,0.7813327313615035,0.7846932322953845,0.06146490353216251,0.0478153743738204,0.046357004219409276
thermal_tau60,thermal,thermal_tau60_A0.25,-30.5,2026110222,22,thermal|thermal_tau60|-30.5|2026110222,1,0.2500000000000001,0.0957463199289329,14.943958339039682,0.7520788360543568,0.7813327313615035,0.7846932322953845,0.06146490353216251,0.0478153743738204,0.046357004219409276
thermal_tau60,thermal,thermal_tau60_A0.25,-30.5,2026110221,21,thermal|thermal_tau60|-30.5|2026110221,1,0.2500000000000001,0.0957463199289329,14.943958339039682,0.7520788360543568,0.7813327313615035,0.7846932322953845,0.06146490353216251,0.0478153743738204,0.046357004219409276
thermal_tau60,thermal,thermal_tau60_A0.25,-30.5,2026110223,23,thermal|thermal_tau60|-30.5|2026110223,1,0.2500000000000001,0.0957463199289329,14.943958339039682,0.7520788360543568,0.7813327313615035,0.7846932322953845,0.06146490353216251,0.0478153743738204,0.046357004219409276
thermal_tau60,thermal,thermal_tau60_A0.25,-30.5,2026110218,18,thermal|thermal_tau60|-30.5|2026110218,0,0.2500000000000001,0.0957463199289329,14.943958339039682,0.7520788360543568,0.7813327313615035,0.7846932322953845,0.565622575640876,0.6104808370968274,0.6157434688101782
thermal_tau60,thermal,thermal_tau60_A0.25,-30.5,2026110226,26,thermal|thermal_tau60|-30.5|2026110226,1,0.2500000000000001,0.0957463199289329,14.943958339039682,0.7520788360543568,0.7813327313615035,0.7846932322953845,0.06146490353216251,0.0478153743738204,0.046357004219409276
thermal_tau60,thermal,thermal_tau60_A0.25,-30.5,2026110225,25,thermal|thermal_tau60|-30.5|2026110225,1,0.2500000000000001,0.0957463199289329,14.943958339039682,0.7520788360543568,0.7813327313615035,0.7846932322953845,0.06146490353216251,0.0478153743738204,0.046357004219409276
thermal_tau60,thermal,thermal_tau60_A0.25,-30.5,2026110224,24,thermal|thermal_tau60|-30.5|2026110224,0,0.2500000000000001,0.0957463199289329,14.943958339039682,0.7520788360543568,0.7813327313615035,0.7846932322953845,0.565622575640876,0.6104808370968274,0.6157434688101782
thermal_tau60,thermal,thermal_tau60_A0.25,-30.5,2026110229,29,thermal|thermal_tau60|-30.5|2026110229,1,0.2500000000000001,0.0957463199289329,14.943958339039682,0.7520788360543568,0.7813327313615035,0.7846932322953845,0.06146490353216251,0.0478153743738204,0.046357004219409276
thermal_tau60,thermal,thermal_tau60_A0.25,-30.5,2026110227,27,thermal|thermal_tau60|-30.5|2026110227,1,0.2500000000000001,0.0957463199289329,14.943958339039682,0.7520788360543568,0.7813327313615035,0.7846932322953845,0.06146490353216251,0.0478153743738204,0.046357004219409276
thermal_tau60,thermal,thermal_tau60_A0.25,-30.5,2026110231,31,thermal|thermal_tau60|-30.5|2026110231,1,0.2500000000000001,0.0957463199289329,14.943958339039682,0.7520788360543568,0.7813327313615035,0.7846932322953845,0.06146490353216251,0.0478153743738204,0.046357004219409276
thermal_tau60,thermal,thermal_tau60_A0.25,-30.5,2026110228,28,thermal|thermal_tau60|-30.5|2026110228,1,0.2500000000000001,0.0957463199289329,14.943958339039682,0.7520788360543568,0.7813327313615035,0.7846932322953845,0.06146490353216251,0.0478153743738204,0.046357004219409276
thermal_tau60,thermal,thermal_tau60_A0.25,-30.5,2026110232,32,thermal|thermal_tau60|-30.5|2026110232,1,0.2500000000000001,0.0957463199289329,14.943958339039682,0.7520788360543568,0.7813327313615035,0.7846932322953845,0.06146490353216251,0.0478153743738204,0.046357004219409276
thermal_tau60,thermal,thermal_tau60_A0.25,-30.5,2026110230,30,thermal|thermal_tau60|-30.5|2026110230,0,0.2500000000000001,0.0957463199289329,14.943958339039682,0.7520788360543568,0.7813327313615035,0.7846932322953845,0.565622575640876,0.6104808370968274,0.6157434688101782
thermal_tau60,thermal,thermal_tau60_A0.25,-30.5,2026110233,33,thermal|thermal_tau60|-30.5|2026110233,1,0.2500000000000001,0.0957463199289329,14.943958339039682,0.7520788360543568,0.7813327313615035,0.7846932322953845,0.06146490353216251,0.0478153743738204,0.046357004219409276
thermal_tau60,thermal,thermal_tau60_A0.25,-30.5,2026110234,34,thermal|thermal_tau60|-30.5|2026110234,1,0.2500000000000001,0.0957463199289329,14.943958339039682,0.7520788360543568,0.7813327313615035,0.7846932322953845,0.06146490353216251,0.0478153743738204,0.046357004219409276
thermal_tau60,thermal,thermal_tau60_A0.25,-30.5,2026110235,35,thermal|thermal_tau60|-30.5|2026110235,1,0.2500000000000001,0.0957463199289329,14.943958339039682,0.7520788360543568,0.7813327313615035,0.7846932322953845,0.06146490353216251,0.0478153743738204,0.046357004219409276
thermal_tau60,thermal,thermal_tau60_A0.25,-30.5,2026110236,36,thermal|thermal_tau60|-30.5|2026110236,1,0.2500000000000001,0.0957463199289329,14.943958339039682,0.7520788360543568,0.7813327313615035,0.7846932322953845,0.06146490353216251,0.0478153743738204,0.046357004219409276
thermal_tau60,thermal,thermal_tau60_A0.25,-30.5,2026110239,39,thermal|thermal_tau60|-30.5|2026110239,1,0.2500000000000001,0.0957463199289329,14.943958339039682,0.7520788360543568,0.7813327313615035,0.7846932322953845,0.06146490353216251,0.0478153743738204,0.046357004219409276
thermal_tau60,thermal,thermal_tau60_A0.25,-30.5,2026110237,37,thermal|thermal_tau60|-30.5|2026110237,1,0.2500000000000001,0.0957463199289329,14.943958339039682,0.7520788360543568,0.7813327313615035,0.7846932322953845,0.06146490353216251,0.0478153743738204,0.046357004219409276
thermal_tau60,thermal,thermal_tau60_A0.25,-30.5,2026110240,40,thermal|thermal_tau60|-30.5|2026110240,1,0.2500000000000001,0.0957463199289329,14.943958339039682,0.7520788360543568,0.7813327313615035,0.7846932322953845,0.06146490353216251,0.0478153743738204,0.046357004219409276
thermal_tau60,thermal,thermal_tau60_A0.25,-30.5,2026110242,42,thermal|thermal_tau60|-30.5|2026110242,1,0.2500000000000001,0.0957463199289329,14.943958339039682,0.7520788360543568,0.7813327313615035,0.7846932322953845,0.06146490353216251,0.0478153743738204,0.046357004219409276
thermal_tau60,thermal,thermal_tau60_A0.25,-30.5,2026110238,38,thermal|thermal_tau60|-30.5|2026110238,0,0.2500000000000001,0.0957463199289329,14.943958339039682,0.7520788360543568,0.7813327313615035,0.7846932322953845,0.565622575640876,0.6104808370968274,0.6157434688101782
thermal_tau60,thermal,thermal_tau60_A0.25,-30.5,2026110243,43,thermal|thermal_tau60|-30.5|2026110243,1,0.2500000000000001,0.0957463199289329,14.943958339039682,0.7520788360543568,0.7813327313615035,0.7846932322953845,0.06146490353216251,0.0478153743738204,0.046357004219409276
thermal_tau60,thermal,thermal_tau60_A0.25,-30.5,2026110241,41,thermal|thermal_tau60|-30.5|2026110241,0,0.2500000000000001,0.0957463199289329,14.943958339039682,0.7520788360543568,0.7813327313615035,0.7846932322953845,0.565622575640876,0.6104808370968274,0.6157434688101782
thermal_tau60,thermal,thermal_tau60_A0.25,-30.5,2026110244,44,thermal|thermal_tau60|-30.5|2026110244,1,0.2500000000000001,0.0957463199289329,14.943958339039682,0.7520788360543568,0.7813327313615035,0.7846932322953845,0.06146490353216251,0.0478153743738204,0.046357004219409276
thermal_tau60,thermal,thermal_tau60_A0.25,-30.5,2026110245,45,thermal|thermal_tau60|-30.5|2026110245,1,0.2500000000000001,0.0957463199289329,14.943958339039682,0.7520788360543568,0.7813327313615035,0.7846932322953845,0.06146490353216251,0.0478153743738204,0.046357004219409276
thermal_tau60,thermal,thermal_tau60_A0.25,-30.5,2026110246,46,thermal|thermal_tau60|-30.5|2026110246,1,0.2500000000000001,0.0957463199289329,14.943958339039682,0.7520788360543568,0.7813327313615035,0.7846932322953845,0.06146490353216251,0.0478153743738204,0.046357004219409276
thermal_tau60,thermal,thermal_tau60_A0.25,-30.5,2026110248,48,thermal|thermal_tau60|-30.5|2026110248,1,0.2500000000000001,0.0957463199289329,14.943958339039682,0.7520788360543568,0.7813327313615035,0.7846932322953845,0.06146490353216251,0.0478153743738204,0.046357004219409276
thermal_tau60,thermal,thermal_tau60_A0.25,-30.5,2026110249,49,thermal|thermal_tau60|-30.5|2026110249,1,0.2500000000000001,0.0957463199289329,14.943958339039682,0.7520788360543568,0.7813327313615035,0.7846932322953845,0.06146490353216251,0.0478153743738204,0.046357004219409276
thermal_tau60,thermal,thermal_tau60_A0.25,-30.5,2026110250,50,thermal|thermal_tau60|-30.5|2026110250,1,0.2500000000000001,0.0957463199289329,14.943958339039682,0.7520788360543568,0.7813327313615035,0.7846932322953845,0.06146490353216251,0.0478153743738204,0.046357004219409276
thermal_tau60,thermal,thermal_tau60_A0.25,-30.5,2026110252,52,thermal|thermal_tau60|-30.5|2026110252,1,0.2500000000000001,0.0957463199289329,14.943958339039682,0.7520788360543568,0.7813327313615035,0.7846932322953845,0.06146490353216251,0.0478153743738204,0.046357004219409276
thermal_tau60,thermal,thermal_tau60_A0.25,-30.5,2026110247,47,thermal|thermal_tau60|-30.5|2026110247,0,0.2500000000000001,0.0957463199289329,14.943958339039682,0.7520788360543568,0.7813327313615035,0.7846932322953845,0.565622575640876,0.6104808370968274,0.6157434688101782
thermal_tau60,thermal,thermal_tau60_A0.25,-30.5,2026110255,55,thermal|thermal_tau60|-30.5|2026110255,1,0.2500000000000001,0.0957463199289329,14.943958339039682,0.7520788360543568,0.7813327313615035,0.7846932322953845,0.06146490353216251,0.0478153743738204,0.046357004219409276
thermal_tau60,thermal,thermal_tau60_A0.25,-30.5,2026110253,53,thermal|thermal_tau60|-30.5|2026110253,1,0.2500000000000001,0.0957463199289329,14.943958339039682,0.7520788360543568,0.7813327313615035,0.7846932322953845,0.06146490353216251,0.0478153743738204,0.046357004219409276
thermal_tau60,thermal,thermal_tau60_A0.25,-30.5,2026110254,54,thermal|thermal_tau60|-30.5|2026110254,1,0.2500000000000001,0.0957463199289329,14.943958339039682,0.7520788360543568,0.7813327313615035,0.7846932322953845,0.06146490353216251,0.0478153743738204,0.046357004219409276
thermal_tau60,thermal,thermal_tau60_A0.25,-30.5,2026110251,51,thermal|thermal_tau60|-30.5|2026110251,0,0.2500000000000001,0.0957463199289329,14.943958339039682,0.7520788360543568,0.7813327313615035,0.7846932322953845,0.565622575640876,0.6104808370968274,0.6157434688101782
thermal_tau60,thermal,thermal_tau60_A0.25,-30.5,2026110259,59,thermal|thermal_tau60|-30.5|2026110259,1,0.2500000000000001,0.0957463199289329,14.943958339039682,0.7520788360543568,0.7813327313615035,0.7846932322953845,0.06146490353216251,0.0478153743738204,0.046357004219409276
thermal_tau60,thermal,thermal_tau60_A0.25,-30.5,2026110258,58,thermal|thermal_tau60|-30.5|2026110258,1,0.2500000000000001,0.0957463199289329,14.943958339039682,0.7520788360543568,0.7813327313615035,0.7846932322953845,0.06146490353216251,0.0478153743738204,0.046357004219409276
thermal_tau60,thermal,thermal_tau60_A0.25,-30.5,2026110256,56,thermal|thermal_tau60|-30.5|2026110256,0,0.2500000000000001,0.0957463199289329,14.943958339039682,0.7520788360543568,0.7813327313615035,0.7846932322953845,0.565622575640876,0.6104808370968274,0.6157434688101782
thermal_tau60,thermal,thermal_tau60_A0.25,-30.5,2026110260,60,thermal|thermal_tau60|-30.5|2026110260,1,0.2500000000000001,0.0957463199289329,14.943958339039682,0.7520788360543568,0.7813327313615035,0.7846932322953845,0.06146490353216251,0.0478153743738204,0.046357004219409276
thermal_tau60,thermal,thermal_tau60_A0.25,-30.5,2026110257,57,thermal|thermal_tau60|-30.5|2026110257,0,0.2500000000000001,0.0957463199289329,14.943958339039682,0.7520788360543568,0.7813327313615035,0.7846932322953845,0.565622575640876,0.6104808370968274,0.6157434688101782
thermal_tau60,thermal,thermal_tau60_A0.25,-30.5,2026110262,62,thermal|thermal_tau60|-30.5|2026110262,1,0.2500000000000001,0.0957463199289329,14.943958339039682,0.7520788360543568,0.7813327313615035,0.7846932322953845,0.06146490353216251,0.0478153743738204,0.046357004219409276
thermal_tau60,thermal,thermal_tau60_A0.25,-30.5,2026110264,64,thermal|thermal_tau60|-30.5|2026110264,1,0.2500000000000001,0.0957463199289329,14.943958339039682,0.7520788360543568,0.7813327313615035,0.7846932322953845,0.06146490353216251,0.0478153743738204,0.046357004219409276
thermal_tau60,thermal,thermal_tau60_A0.25,-30.5,2026110261,61,thermal|thermal_tau60|-30.5|2026110261,0,0.2500000000000001,0.0957463199289329,14.943958339039682,0.7520788360543568,0.7813327313615035,0.7846932322953845,0.565622575640876,0.6104808370968274,0.6157434688101782
thermal_tau60,thermal,thermal_tau60_A0.25,-30.5,2026110266,66,thermal|thermal_tau60|-30.5|2026110266,1,0.2500000000000001,0.0957463199289329,14.943958339039682,0.7520788360543568,0.7813327313615035,0.7846932322953845,0.06146490353216251,0.0478153743738204,0.046357004219409276
thermal_tau60,thermal,thermal_tau60_A0.25,-30.5,2026110268,68,thermal|thermal_tau60|-30.5|2026110268,1,0.2500000000000001,0.0957463199289329,14.943958339039682,0.7520788360543568,0.7813327313615035,0.7846932322953845,0.06146490353216251,0.0478153743738204,0.046357004219409276
thermal_tau60,thermal,thermal_tau60_A0.25,-30.5,2026110269,69,thermal|thermal_tau60|-30.5|2026110269,0,0.2500000000000001,0.0957463199289329,14.943958339039682,0.7520788360543568,0.7813327313615035,0.7846932322953845,0.565622575640876,0.6104808370968274,0.6157434688101782
thermal_tau60,thermal,thermal_tau60_A0.25,-30.5,2026110267,67,thermal|thermal_tau60|-30.5|2026110267,1,0.2500000000000001,0.0957463199289329,14.943958339039682,0.7520788360543568,0.7813327313615035,0.7846932322953845,0.06146490353216251,0.0478153743738204,0.046357004219409276
thermal_tau60,thermal,thermal_tau60_A0.25,-30.5,2026110271,71,thermal|thermal_tau60|-30.5|2026110271,1,0.2500000000000001,0.0957463199289329,14.943958339039682,0.7520788360543568,0.7813327313615035,0.7846932322953845,0.06146490353216251,0.0478153743738204,0.046357004219409276
thermal_tau60,thermal,thermal_tau60_A0.25,-30.5,2026110265,65,thermal|thermal_tau60|-30.5|2026110265,0,0.2500000000000001,0.0957463199289329,14.943958339039682,0.7520788360543568,0.7813327313615035,0.7846932322953845,0.565622575640876,0.6104808370968274,0.6157434688101782
thermal_tau60,thermal,thermal_tau60_A0.25,-30.5,2026110263,63,thermal|thermal_tau60|-30.5|2026110263,1,0.2500000000000001,0.0957463199289329,14.943958339039682,0.7520788360543568,0.7813327313615035,0.7846932322953845,0.06146490353216251,0.0478153743738204,0.046357004219409276
thermal_tau60,thermal,thermal_tau60_A0.25,-30.5,2026110270,70,thermal|thermal_tau60|-30.5|2026110270,1,0.2500000000000001,0.0957463199289329,14.943958339039682,0.7520788360543568,0.7813327313615035,0.7846932322953845,0.06146490353216251,0.0478153743738204,0.046357004219409276
thermal_tau60,thermal,thermal_tau60_A0.25,-30.5,2026110273,73,thermal|thermal_tau60|-30.5|2026110273,1,0.2500000000000001,0.0957463199289329,14.943958339039682,0.7520788360543568,0.7813327313615035,0.7846932322953845,0.06146490353216251,0.0478153743738204,0.046357004219409276
thermal_tau60,thermal,thermal_tau60_A0.25,-30.5,2026110272,72,thermal|thermal_tau60|-30.5|2026110272,1,0.2500000000000001,0.0957463199289329,14.943958339039682,0.7520788360543568,0.7813327313615035,0.7846932322953845,0.06146490353216251,0.0478153743738204,0.046357004219409276
thermal_tau60,thermal,thermal_tau60_A0.25,-30.5,2026110277,77,thermal|thermal_tau60|-30.5|2026110277,1,0.2500000000000001,0.0957463199289329,14.943958339039682,0.7520788360543568,0.7813327313615035,0.7846932322953845,0.06146490353216251,0.0478153743738204,0.046357004219409276
thermal_tau60,thermal,thermal_tau60_A0.25,-30.5,2026110274,74,thermal|thermal_tau60|-30.5|2026110274,1,0.2500000000000001,0.0957463199289329,14.943958339039682,0.7520788360543568,0.7813327313615035,0.7846932322953845,0.06146490353216251,0.0478153743738204,0.046357004219409276
thermal_tau60,thermal,thermal_tau60_A0.25,-30.5,2026110275,75,thermal|thermal_tau60|-30.5|2026110275,1,0.2500000000000001,0.0957463199289329,14.943958339039682,0.7520788360543568,0.7813327313615035,0.7846932322953845,0.06146490353216251,0.0478153743738204,0.046357004219409276
thermal_tau60,thermal,thermal_tau60_A0.25,-30.5,2026110280,80,thermal|thermal_tau60|-30.5|2026110280,1,0.2500000000000001,0.0957463199289329,14.943958339039682,0.7520788360543568,0.7813327313615035,0.7846932322953845,0.06146490353216251,0.0478153743738204,0.046357004219409276
thermal_tau60,thermal,thermal_tau60_A0.25,-30.5,2026110279,79,thermal|thermal_tau60|-30.5|2026110279,1,0.2500000000000001,0.0957463199289329,14.943958339039682,0.7520788360543568,0.7813327313615035,0.7846932322953845,0.06146490353216251,0.0478153743738204,0.046357004219409276
thermal_tau60,thermal,thermal_tau60_A0.25,-30.5,2026110281,81,thermal|thermal_tau60|-30.5|2026110281,1,0.2500000000000001,0.0957463199289329,14.943958339039682,0.7520788360543568,0.7813327313615035,0.7846932322953845,0.06146490353216251,0.0478153743738204,0.046357004219409276
thermal_tau60,thermal,thermal_tau60_A0.25,-30.5,2026110276,76,thermal|thermal_tau60|-30.5|2026110276,1,0.2500000000000001,0.0957463199289329,14.943958339039682,0.7520788360543568,0.7813327313615035,0.7846932322953845,0.06146490353216251,0.0478153743738204,0.046357004219409276
thermal_tau60,thermal,thermal_tau60_A0.25,-30.5,2026110283,83,thermal|thermal_tau60|-30.5|2026110283,1,0.2500000000000001,0.0957463199289329,14.943958339039682,0.7520788360543568,0.7813327313615035,0.7846932322953845,0.06146490353216251,0.0478153743738204,0.046357004219409276
thermal_tau60,thermal,thermal_tau60_A0.25,-30.5,2026110282,82,thermal|thermal_tau60|-30.5|2026110282,1,0.2500000000000001,0.0957463199289329,14.943958339039682,0.7520788360543568,0.7813327313615035,0.7846932322953845,0.06146490353216251,0.0478153743738204,0.046357004219409276
thermal_tau60,thermal,thermal_tau60_A0.25,-30.5,2026110284,84,thermal|thermal_tau60|-30.5|2026110284,1,0.2500000000000001,0.0957463199289329,14.943958339039682,0.7520788360543568,0.7813327313615035,0.7846932322953845,0.06146490353216251,0.0478153743738204,0.046357004219409276
thermal_tau60,thermal,thermal_tau60_A0.25,-30.5,2026110278,78,thermal|thermal_tau60|-30.5|2026110278,0,0.2500000000000001,0.0957463199289329,14.943958339039682,0.7520788360543568,0.7813327313615035,0.7846932322953845,0.565622575640876,0.6104808370968274,0.6157434688101782
thermal_tau60,thermal,thermal_tau60_A0.25,-30.5,2026110287,87,thermal|thermal_tau60|-30.5|2026110287,1,0.2500000000000001,0.0957463199289329,14.943958339039682,0.7520788360543568,0.7813327313615035,0.7846932322953845,0.06146490353216251,0.0478153743738204,0.046357004219409276
thermal_tau60,thermal,thermal_tau60_A0.25,-30.5,2026110285,85,thermal|thermal_tau60|-30.5|2026110285,0,0.2500000000000001,0.0957463199289329,14.943958339039682,0.7520788360543568,0.7813327313615035,0.7846932322953845,0.565622575640876,0.6104808370968274,0.6157434688101782
thermal_tau60,thermal,thermal_tau60_A0.25,-30.5,2026110286,86,thermal|thermal_tau60|-30.5|2026110286,0,0.2500000000000001,0.0957463199289329,14.943958339039682,0.7520788360543568,0.7813327313615035,0.7846932322953845,0.565622575640876,0.6104808370968274,0.6157434688101782
thermal_tau60,thermal,thermal_tau60_A0.25,-30.5,2026110290,90,thermal|thermal_tau60|-30.5|2026110290,1,0.2500000000000001,0.0957463199289329,14.943958339039682,0.7520788360543568,0.7813327313615035,0.7846932322953845,0.06146490353216251,0.0478153743738204,0.046357004219409276
thermal_tau60,thermal,thermal_tau60_A0.25,-30.5,2026110288,88,thermal|thermal_tau60|-30.5|2026110288,0,0.2500000000000001,0.0957463199289329,14.943958339039682,0.7520788360543568,0.7813327313615035,0.7846932322953845,0.565622575640876,0.6104808370968274,0.6157434688101782
thermal_tau60,thermal,thermal_tau60_A0.25,-30.5,2026110292,92,thermal|thermal_tau60|-30.5|2026110292,1,0.2500000000000001,0.0957463199289329,14.943958339039682,0.7520788360543568,0.7813327313615035,0.7846932322953845,0.06146490353216251,0.0478153743738204,0.046357004219409276
thermal_tau60,thermal,thermal_tau60_A0.25,-30.5,2026110289,89,thermal|thermal_tau60|-30.5|2026110289,1,0.2500000000000001,0.0957463199289329,14.943958339039682,0.7520788360543568,0.7813327313615035,0.7846932322953845,0.06146490353216251,0.0478153743738204,0.046357004219409276
thermal_tau60,thermal,thermal_tau60_A0.25,-30.5,2026110294,94,thermal|thermal_tau60|-30.5|2026110294,1,0.2500000000000001,0.0957463199289329,14.943958339039682,0.7520788360543568,0.7813327313615035,0.7846932322953845,0.06146490353216251,0.0478153743738204,0.046357004219409276
thermal_tau60,thermal,thermal_tau60_A0.25,-30.5,2026110293,93,thermal|thermal_tau60|-30.5|2026110293,1,0.2500000000000001,0.0957463199289329,14.943958339039682,0.7520788360543568,0.7813327313615035,0.7846932322953845,0.06146490353216251,0.0478153743738204,0.046357004219409276
thermal_tau60,thermal,thermal_tau60_A0.25,-30.5,2026110295,95,thermal|thermal_tau60|-30.5|2026110295,1,0.2500000000000001,0.0957463199289329,14.943958339039682,0.7520788360543568,0.7813327313615035,0.7846932322953845,0.06146490353216251,0.0478153743738204,0.046357004219409276
thermal_tau60,thermal,thermal_tau60_A0.25,-30.5,2026110291,91,thermal|thermal_tau60|-30.5|2026110291,0,0.2500000000000001,0.0957463199289329,14.943958339039682,0.7520788360543568,0.7813327313615035,0.7846932322953845,0.565622575640876,0.6104808370968274,0.6157434688101782
thermal_tau60,thermal,thermal_tau60_A0.25,-30.5,2026110298,98,thermal|thermal_tau60|-30.5|2026110298,1,0.2500000000000001,0.0957463199289329,14.943958339039682,0.7520788360543568,0.7813327313615035,0.7846932322953845,0.06146490353216251,0.0478153743738204,0.046357004219409276
thermal_tau60,thermal,thermal_tau60_A0.25,-30.5,2026110296,96,thermal|thermal_tau60|-30.5|2026110296,1,0.2500000000000001,0.0957463199289329,14.943958339039682,0.7520788360543568,0.7813327313615035,0.7846932322953845,0.06146490353216251,0.0478153743738204,0.046357004219409276
thermal_tau60,thermal,thermal_tau60_A0.25,-30.5,2026110297,97,thermal|thermal_tau60|-30.5|2026110297,1,0.2500000000000001,0.0957463199289329,14.943958339039682,0.7520788360543568,0.7813327313615035,0.7846932322953845,0.06146490353216251,0.0478153743738204,0.046357004219409276
thermal_tau60,thermal,thermal_tau60_A0.50,-30.5,2026110200,0,thermal|thermal_tau60|-30.5|2026110200,0,0.5000000000000002,0.1914926398578658,29.887916678079364,0.225988731239039,0.2670839963319472,0.2749670545708937,0.05107090664703061,0.07133386109664358,0.07560688109939284
thermal_tau60,thermal,thermal_tau60_A0.25,-30.5,2026110299,99,thermal|thermal_tau60|-30.5|2026110299,0,0.2500000000000001,0.0957463199289329,14.943958339039682,0.7520788360543568,0.7813327313615035,0.7846932322953845,0.565622575640876,0.6104808370968274,0.6157434688101782
thermal_tau60,thermal,thermal_tau60_A0.50,-30.5,2026110201,1,thermal|thermal_tau60|-30.5|2026110201,0,0.5000000000000002,0.1914926398578658,29.887916678079364,0.225988731239039,0.2670839963319472,0.2749670545708937,0.05107090664703061,0.07133386109664358,0.07560688109939284
thermal_tau60,thermal,thermal_tau60_A0.50,-30.5,2026110202,2,thermal|thermal_tau60|-30.5|2026110202,0,0.5000000000000002,0.1914926398578658,29.887916678079364,0.225988731239039,0.2670839963319472,0.2749670545708937,0.05107090664703061,0.07133386109664358,0.07560688109939284
thermal_tau60,thermal,thermal_tau60_A0.50,-30.5,2026110204,4,thermal|thermal_tau60|-30.5|2026110204,1,0.5000000000000002,0.1914926398578658,29.887916678079364,0.225988731239039,0.2670839963319472,0.2749670545708937,0.5990934441689527,0.5371658684327493,0.5256727719576053
thermal_tau60,thermal,thermal_tau60_A0.50,-30.5,2026110205,5,thermal|thermal_tau60|-30.5|2026110205,1,0.5000000000000002,0.1914926398578658,29.887916678079364,0.225988731239039,0.2670839963319472,0.2749670545708937,0.5990934441689527,0.5371658684327493,0.5256727719576053
thermal_tau60,thermal,thermal_tau60_A0.50,-30.5,2026110203,3,thermal|thermal_tau60|-30.5|2026110203,0,0.5000000000000002,0.1914926398578658,29.887916678079364,0.225988731239039,0.2670839963319472,0.2749670545708937,0.05107090664703061,0.07133386109664358,0.07560688109939284
thermal_tau60,thermal,thermal_tau60_A0.50,-30.5,2026110206,6,thermal|thermal_tau60|-30.5|2026110206,0,0.5000000000000002,0.1914926398578658,29.887916678079364,0.225988731239039,0.2670839963319472,0.2749670545708937,0.05107090664703061,0.07133386109664358,0.07560688109939284
thermal_tau60,thermal,thermal_tau60_A0.50,-30.5,2026110207,7,thermal|thermal_tau60|-30.5|2026110207,0,0.5000000000000002,0.1914926398578658,29.887916678079364,0.225988731239039,0.2670839963319472,0.2749670545708937,0.05107090664703061,0.07133386109664358,0.07560688109939284
thermal_tau60,thermal,thermal_tau60_A0.50,-30.5,2026110208,8,thermal|thermal_tau60|-30.5|2026110208,0,0.5000000000000002,0.1914926398578658,29.887916678079364,0.225988731239039,0.2670839963319472,0.2749670545708937,0.05107090664703061,0.07133386109664358,0.07560688109939284
thermal_tau60,thermal,thermal_tau60_A0.50,-30.5,2026110209,9,thermal|thermal_tau60|-30.5|2026110209,0,0.5000000000000002,0.1914926398578658,29.887916678079364,0.225988731239039,0.2670839963319472,0.2749670545708937,0.05107090664703061,0.07133386109664358,0.07560688109939284
thermal_tau60,thermal,thermal_tau60_A0.50,-30.5,2026110210,10,thermal|thermal_tau60|-30.5|2026110210,0,0.5000000000000002,0.1914926398578658,29.887916678079364,0.225988731239039,0.2670839963319472,0.2749670545708937,0.05107090664703061,0.07133386109664358,0.07560688109939284
thermal_tau60,thermal,thermal_tau60_A0.50,-30.5,2026110211,11,thermal|thermal_tau60|-30.5|2026110211,0,0.5000000000000002,0.1914926398578658,29.887916678079364,0.225988731239039,0.2670839963319472,0.2749670545708937,0.05107090664703061,0.07133386109664358,0.07560688109939284
thermal_tau60,thermal,thermal_tau60_A0.50,-30.5,2026110212,12,thermal|thermal_tau60|-30.5|2026110212,0,0.5000000000000002,0.1914926398578658,29.887916678079364,0.225988731239039,0.2670839963319472,0.2749670545708937,0.05107090664703061,0.07133386109664358,0.07560688109939284
thermal_tau60,thermal,thermal_tau60_A0.50,-30.5,2026110213,13,thermal|thermal_tau60|-30.5|2026110213,0,0.5000000000000002,0.1914926398578658,29.887916678079364,0.225988731239039,0.2670839963319472,0.2749670545708937,0.05107090664703061,0.07133386109664358,0.07560688109939284
thermal_tau60,thermal,thermal_tau60_A0.50,-30.5,2026110214,14,thermal|thermal_tau60|-30.5|2026110214,0,0.5000000000000002,0.1914926398578658,29.887916678079364,0.225988731239039,0.2670839963319472,0.2749670545708937,0.05107090664703061,0.07133386109664358,0.07560688109939284
thermal_tau60,thermal,thermal_tau60_A0.50,-30.5,2026110215,15,thermal|thermal_tau60|-30.5|2026110215,0,0.5000000000000002,0.1914926398578658,29.887916678079364,0.225988731239039,0.2670839963319472,0.2749670545708937,0.05107090664703061,0.07133386109664358,0.07560688109939284
thermal_tau60,thermal,thermal_tau60_A0.50,-30.5,2026110216,16,thermal|thermal_tau60|-30.5|2026110216,0,0.5000000000000002,0.1914926398578658,29.887916678079364,0.225988731239039,0.2670839963319472,0.2749670545708937,0.05107090664703061,0.07133386109664358,0.07560688109939284
thermal_tau60,thermal,thermal_tau60_A0.50,-30.5,2026110217,17,thermal|thermal_tau60|-30.5|2026110217,0,0.5000000000000002,0.1914926398578658,29.887916678079364,0.225988731239039,0.2670839963319472,0.2749670545708937,0.05107090664703061,0.07133386109664358,0.07560688109939284
thermal_tau60,thermal,thermal_tau60_A0.50,-30.5,2026110219,19,thermal|thermal_tau60|-30.5|2026110219,0,0.5000000000000002,0.1914926398578658,29.887916678079364,0.225988731239039,0.2670839963319472,0.2749670545708937,0.05107090664703061,0.07133386109664358,0.07560688109939284
thermal_tau60,thermal,thermal_tau60_A0.50,-30.5,2026110218,18,thermal|thermal_tau60|-30.5|2026110218,0,0.5000000000000002,0.1914926398578658,29.887916678079364,0.225988731239039,0.2670839963319472,0.2749670545708937,0.05107090664703061,0.07133386109664358,0.07560688109939284
thermal_tau60,thermal,thermal_tau60_A0.50,-30.5,2026110220,20,thermal|thermal_tau60|-30.5|2026110220,0,0.5000000000000002,0.1914926398578658,29.887916678079364,0.225988731239039,0.2670839963319472,0.2749670545708937,0.05107090664703061,0.07133386109664358,0.07560688109939284
thermal_tau60,thermal,thermal_tau60_A0.50,-30.5,2026110222,22,thermal|thermal_tau60|-30.5|2026110222,1,0.5000000000000002,0.1914926398578658,29.887916678079364,0.225988731239039,0.2670839963319472,0.2749670545708937,0.5990934441689527,0.5371658684327493,0.5256727719576053
thermal_tau60,thermal,thermal_tau60_A0.50,-30.5,2026110221,21,thermal|thermal_tau60|-30.5|2026110221,0,0.5000000000000002,0.1914926398578658,29.887916678079364,0.225988731239039,0.2670839963319472,0.2749670545708937,0.05107090664703061,0.07133386109664358,0.07560688109939284
thermal_tau60,thermal,thermal_tau60_A0.50,-30.5,2026110224,24,thermal|thermal_tau60|-30.5|2026110224,1,0.5000000000000002,0.1914926398578658,29.887916678079364,0.225988731239039,0.2670839963319472,0.2749670545708937,0.5990934441689527,0.5371658684327493,0.5256727719576053
thermal_tau60,thermal,thermal_tau60_A0.50,-30.5,2026110223,23,thermal|thermal_tau60|-30.5|2026110223,0,0.5000000000000002,0.1914926398578658,29.887916678079364,0.225988731239039,0.2670839963319472,0.2749670545708937,0.05107090664703061,0.07133386109664358,0.07560688109939284
thermal_tau60,thermal,thermal_tau60_A0.50,-30.5,2026110226,26,thermal|thermal_tau60|-30.5|2026110226,1,0.5000000000000002,0.1914926398578658,29.887916678079364,0.225988731239039,0.2670839963319472,0.2749670545708937,0.5990934441689527,0.5371658684327493,0.5256727719576053
thermal_tau60,thermal,thermal_tau60_A0.50,-30.5,2026110228,28,thermal|thermal_tau60|-30.5|2026110228,1,0.5000000000000002,0.1914926398578658,29.887916678079364,0.225988731239039,0.2670839963319472,0.2749670545708937,0.5990934441689527,0.5371658684327493,0.5256727719576053
thermal_tau60,thermal,thermal_tau60_A0.50,-30.5,2026110225,25,thermal|thermal_tau60|-30.5|2026110225,0,0.5000000000000002,0.1914926398578658,29.887916678079364,0.225988731239039,0.2670839963319472,0.2749670545708937,0.05107090664703061,0.07133386109664358,0.07560688109939284
thermal_tau60,thermal,thermal_tau60_A0.50,-30.5,2026110227,27,thermal|thermal_tau60|-30.5|2026110227,0,0.5000000000000002,0.1914926398578658,29.887916678079364,0.225988731239039,0.2670839963319472,0.2749670545708937,0.05107090664703061,0.07133386109664358,0.07560688109939284
thermal_tau60,thermal,thermal_tau60_A0.50,-30.5,2026110229,29,thermal|thermal_tau60|-30.5|2026110229,0,0.5000000000000002,0.1914926398578658,29.887916678079364,0.225988731239039,0.2670839963319472,0.2749670545708937,0.05107090664703061,0.07133386109664358,0.07560688109939284
thermal_tau60,thermal,thermal_tau60_A0.50,-30.5,2026110230,30,thermal|thermal_tau60|-30.5|2026110230,0,0.5000000000000002,0.1914926398578658,29.887916678079364,0.225988731239039,0.2670839963319472,0.2749670545708937,0.05107090664703061,0.07133386109664358,0.07560688109939284
thermal_tau60,thermal,thermal_tau60_A0.50,-30.5,2026110232,32,thermal|thermal_tau60|-30.5|2026110232,1,0.5000000000000002,0.1914926398578658,29.887916678079364,0.225988731239039,0.2670839963319472,0.2749670545708937,0.5990934441689527,0.5371658684327493,0.5256727719576053
thermal_tau60,thermal,thermal_tau60_A0.50,-30.5,2026110231,31,thermal|thermal_tau60|-30.5|2026110231,0,0.5000000000000002,0.1914926398578658,29.887916678079364,0.225988731239039,0.2670839963319472,0.2749670545708937,0.05107090664703061,0.07133386109664358,0.07560688109939284
thermal_tau60,thermal,thermal_tau60_A0.50,-30.5,2026110236,36,thermal|thermal_tau60|-30.5|2026110236,0,0.5000000000000002,0.1914926398578658,29.887916678079364,0.225988731239039,0.2670839963319472,0.2749670545708937,0.05107090664703061,0.07133386109664358,0.07560688109939284
thermal_tau60,thermal,thermal_tau60_A0.50,-30.5,2026110233,33,thermal|thermal_tau60|-30.5|2026110233,1,0.5000000000000002,0.1914926398578658,29.887916678079364,0.225988731239039,0.2670839963319472,0.2749670545708937,0.5990934441689527,0.5371658684327493,0.5256727719576053
thermal_tau60,thermal,thermal_tau60_A0.50,-30.5,2026110234,34,thermal|thermal_tau60|-30.5|2026110234,0,0.5000000000000002,0.1914926398578658,29.887916678079364,0.225988731239039,0.2670839963319472,0.2749670545708937,0.05107090664703061,0.07133386109664358,0.07560688109939284
thermal_tau60,thermal,thermal_tau60_A0.50,-30.5,2026110235,35,thermal|thermal_tau60|-30.5|2026110235,0,0.5000000000000002,0.1914926398578658,29.887916678079364,0.225988731239039,0.2670839963319472,0.2749670545708937,0.05107090664703061,0.07133386109664358,0.07560688109939284
thermal_tau60,thermal,thermal_tau60_A0.50,-30.5,2026110238,38,thermal|thermal_tau60|-30.5|2026110238,0,0.5000000000000002,0.1914926398578658,29.887916678079364,0.225988731239039,0.2670839963319472,0.2749670545708937,0.05107090664703061,0.07133386109664358,0.07560688109939284
thermal_tau60,thermal,thermal_tau60_A0.50,-30.5,2026110239,39,thermal|thermal_tau60|-30.5|2026110239,0,0.5000000000000002,0.1914926398578658,29.887916678079364,0.225988731239039,0.2670839963319472,0.2749670545708937,0.05107090664703061,0.07133386109664358,0.07560688109939284
thermal_tau60,thermal,thermal_tau60_A0.50,-30.5,2026110237,37,thermal|thermal_tau60|-30.5|2026110237,0,0.5000000000000002,0.1914926398578658,29.887916678079364,0.225988731239039,0.2670839963319472,0.2749670545708937,0.05107090664703061,0.07133386109664358,0.07560688109939284
thermal_tau60,thermal,thermal_tau60_A0.50,-30.5,2026110240,40,thermal|thermal_tau60|-30.5|2026110240,0,0.5000000000000002,0.1914926398578658,29.887916678079364,0.225988731239039,0.2670839963319472,0.2749670545708937,0.05107090664703061,0.07133386109664358,0.07560688109939284
thermal_tau60,thermal,thermal_tau60_A0.50,-30.5,2026110242,42,thermal|thermal_tau60|-30.5|2026110242,1,0.5000000000000002,0.1914926398578658,29.887916678079364,0.225988731239039,0.2670839963319472,0.2749670545708937,0.5990934441689527,0.5371658684327493,0.5256727719576053
thermal_tau60,thermal,thermal_tau60_A0.50,-30.5,2026110245,45,thermal|thermal_tau60|-30.5|2026110245,1,0.5000000000000002,0.1914926398578658,29.887916678079364,0.225988731239039,0.2670839963319472,0.2749670545708937,0.5990934441689527,0.5371658684327493,0.5256727719576053
thermal_tau60,thermal,thermal_tau60_A0.50,-30.5,2026110241,41,thermal|thermal_tau60|-30.5|2026110241,0,0.5000000000000002,0.1914926398578658,29.887916678079364,0.225988731239039,0.2670839963319472,0.2749670545708937,0.05107090664703061,0.07133386109664358,0.07560688109939284
thermal_tau60,thermal,thermal_tau60_A0.50,-30.5,2026110243,43,thermal|thermal_tau60|-30.5|2026110243,0,0.5000000000000002,0.1914926398578658,29.887916678079364,0.225988731239039,0.2670839963319472,0.2749670545708937,0.05107090664703061,0.07133386109664358,0.07560688109939284
thermal_tau60,thermal,thermal_tau60_A0.50,-30.5,2026110244,44,thermal|thermal_tau60|-30.5|2026110244,0,0.5000000000000002,0.1914926398578658,29.887916678079364,0.225988731239039,0.2670839963319472,0.2749670545708937,0.05107090664703061,0.07133386109664358,0.07560688109939284
thermal_tau60,thermal,thermal_tau60_A0.50,-30.5,2026110247,47,thermal|thermal_tau60|-30.5|2026110247,0,0.5000000000000002,0.1914926398578658,29.887916678079364,0.225988731239039,0.2670839963319472,0.2749670545708937,0.05107090664703061,0.07133386109664358,0.07560688109939284
thermal_tau60,thermal,thermal_tau60_A0.50,-30.5,2026110246,46,thermal|thermal_tau60|-30.5|2026110246,0,0.5000000000000002,0.1914926398578658,29.887916678079364,0.225988731239039,0.2670839963319472,0.2749670545708937,0.05107090664703061,0.07133386109664358,0.07560688109939284
thermal_tau60,thermal,thermal_tau60_A0.50,-30.5,2026110249,49,thermal|thermal_tau60|-30.5|2026110249,1,0.5000000000000002,0.1914926398578658,29.887916678079364,0.225988731239039,0.2670839963319472,0.2749670545708937,0.5990934441689527,0.5371658684327493,0.5256727719576053
thermal_tau60,thermal,thermal_tau60_A0.50,-30.5,2026110250,50,thermal|thermal_tau60|-30.5|2026110250,1,0.5000000000000002,0.1914926398578658,29.887916678079364,0.225988731239039,0.2670839963319472,0.2749670545708937,0.5990934441689527,0.5371658684327493,0.5256727719576053
thermal_tau60,thermal,thermal_tau60_A0.50,-30.5,2026110253,53,thermal|thermal_tau60|-30.5|2026110253,1,0.5000000000000002,0.1914926398578658,29.887916678079364,0.225988731239039,0.2670839963319472,0.2749670545708937,0.5990934441689527,0.5371658684327493,0.5256727719576053
thermal_tau60,thermal,thermal_tau60_A0.50,-30.5,2026110248,48,thermal|thermal_tau60|-30.5|2026110248,0,0.5000000000000002,0.1914926398578658,29.887916678079364,0.225988731239039,0.2670839963319472,0.2749670545708937,0.05107090664703061,0.07133386109664358,0.07560688109939284
thermal_tau60,thermal,thermal_tau60_A0.50,-30.5,2026110255,55,thermal|thermal_tau60|-30.5|2026110255,1,0.5000000000000002,0.1914926398578658,29.887916678079364,0.225988731239039,0.2670839963319472,0.2749670545708937,0.5990934441689527,0.5371658684327493,0.5256727719576053
thermal_tau60,thermal,thermal_tau60_A0.50,-30.5,2026110252,52,thermal|thermal_tau60|-30.5|2026110252,0,0.5000000000000002,0.1914926398578658,29.887916678079364,0.225988731239039,0.2670839963319472,0.2749670545708937,0.05107090664703061,0.07133386109664358,0.07560688109939284
thermal_tau60,thermal,thermal_tau60_A0.50,-30.5,2026110251,51,thermal|thermal_tau60|-30.5|2026110251,0,0.5000000000000002,0.1914926398578658,29.887916678079364,0.225988731239039,0.2670839963319472,0.2749670545708937,0.05107090664703061,0.07133386109664358,0.07560688109939284
thermal_tau60,thermal,thermal_tau60_A0.50,-30.5,2026110254,54,thermal|thermal_tau60|-30.5|2026110254,0,0.5000000000000002,0.1914926398578658,29.887916678079364,0.225988731239039,0.2670839963319472,0.2749670545708937,0.05107090664703061,0.07133386109664358,0.07560688109939284
thermal_tau60,thermal,thermal_tau60_A0.50,-30.5,2026110256,56,thermal|thermal_tau60|-30.5|2026110256,0,0.5000000000000002,0.1914926398578658,29.887916678079364,0.225988731239039,0.2670839963319472,0.2749670545708937,0.05107090664703061,0.07133386109664358,0.07560688109939284
thermal_tau60,thermal,thermal_tau60_A0.50,-30.5,2026110257,57,thermal|thermal_tau60|-30.5|2026110257,0,0.5000000000000002,0.1914926398578658,29.887916678079364,0.225988731239039,0.2670839963319472,0.2749670545708937,0.05107090664703061,0.07133386109664358,0.07560688109939284
thermal_tau60,thermal,thermal_tau60_A0.50,-30.5,2026110258,58,thermal|thermal_tau60|-30.5|2026110258,0,0.5000000000000002,0.1914926398578658,29.887916678079364,0.225988731239039,0.2670839963319472,0.2749670545708937,0.05107090664703061,0.07133386109664358,0.07560688109939284
thermal_tau60,thermal,thermal_tau60_A0.50,-30.5,2026110259,59,thermal|thermal_tau60|-30.5|2026110259,0,0.5000000000000002,0.1914926398578658,29.887916678079364,0.225988731239039,0.2670839963319472,0.2749670545708937,0.05107090664703061,0.07133386109664358,0.07560688109939284
thermal_tau60,thermal,thermal_tau60_A0.50,-30.5,2026110260,60,thermal|thermal_tau60|-30.5|2026110260,0,0.5000000000000002,0.1914926398578658,29.887916678079364,0.225988731239039,0.2670839963319472,0.2749670545708937,0.05107090664703061,0.07133386109664358,0.07560688109939284
thermal_tau60,thermal,thermal_tau60_A0.50,-30.5,2026110264,64,thermal|thermal_tau60|-30.5|2026110264,1,0.5000000000000002,0.1914926398578658,29.887916678079364,0.225988731239039,0.2670839963319472,0.2749670545708937,0.5990934441689527,0.5371658684327493,0.5256727719576053
thermal_tau60,thermal,thermal_tau60_A0.50,-30.5,2026110261,61,thermal|thermal_tau60|-30.5|2026110261,0,0.5000000000000002,0.1914926398578658,29.887916678079364,0.225988731239039,0.2670839963319472,0.2749670545708937,0.05107090664703061,0.07133386109664358,0.07560688109939284
thermal_tau60,thermal,thermal_tau60_A0.50,-30.5,2026110262,62,thermal|thermal_tau60|-30.5|2026110262,0,0.5000000000000002,0.1914926398578658,29.887916678079364,0.225988731239039,0.2670839963319472,0.2749670545708937,0.05107090664703061,0.07133386109664358,0.07560688109939284
thermal_tau60,thermal,thermal_tau60_A0.50,-30.5,2026110267,67,thermal|thermal_tau60|-30.5|2026110267,1,0.5000000000000002,0.1914926398578658,29.887916678079364,0.225988731239039,0.2670839963319472,0.2749670545708937,0.5990934441689527,0.5371658684327493,0.5256727719576053
thermal_tau60,thermal,thermal_tau60_A0.50,-30.5,2026110265,65,thermal|thermal_tau60|-30.5|2026110265,0,0.5000000000000002,0.1914926398578658,29.887916678079364,0.225988731239039,0.2670839963319472,0.2749670545708937,0.05107090664703061,0.07133386109664358,0.07560688109939284
thermal_tau60,thermal,thermal_tau60_A0.50,-30.5,2026110266,66,thermal|thermal_tau60|-30.5|2026110266,0,0.5000000000000002,0.1914926398578658,29.887916678079364,0.225988731239039,0.2670839963319472,0.2749670545708937,0.05107090664703061,0.07133386109664358,0.07560688109939284
thermal_tau60,thermal,thermal_tau60_A0.50,-30.5,2026110263,63,thermal|thermal_tau60|-30.5|2026110263,0,0.5000000000000002,0.1914926398578658,29.887916678079364,0.225988731239039,0.2670839963319472,0.2749670545708937,0.05107090664703061,0.07133386109664358,0.07560688109939284
thermal_tau60,thermal,thermal_tau60_A0.50,-30.5,2026110268,68,thermal|thermal_tau60|-30.5|2026110268,0,0.5000000000000002,0.1914926398578658,29.887916678079364,0.225988731239039,0.2670839963319472,0.2749670545708937,0.05107090664703061,0.07133386109664358,0.07560688109939284
thermal_tau60,thermal,thermal_tau60_A0.50,-30.5,2026110269,69,thermal|thermal_tau60|-30.5|2026110269,0,0.5000000000000002,0.1914926398578658,29.887916678079364,0.225988731239039,0.2670839963319472,0.2749670545708937,0.05107090664703061,0.07133386109664358,0.07560688109939284
thermal_tau60,thermal,thermal_tau60_A0.50,-30.5,2026110272,72,thermal|thermal_tau60|-30.5|2026110272,0,0.5000000000000002,0.1914926398578658,29.887916678079364,0.225988731239039,0.2670839963319472,0.2749670545708937,0.05107090664703061,0.07133386109664358,0.07560688109939284
thermal_tau60,thermal,thermal_tau60_A0.50,-30.5,2026110270,70,thermal|thermal_tau60|-30.5|2026110270,0,0.5000000000000002,0.1914926398578658,29.887916678079364,0.225988731239039,0.2670839963319472,0.2749670545708937,0.05107090664703061,0.07133386109664358,0.07560688109939284
thermal_tau60,thermal,thermal_tau60_A0.50,-30.5,2026110271,71,thermal|thermal_tau60|-30.5|2026110271,0,0.5000000000000002,0.1914926398578658,29.887916678079364,0.225988731239039,0.2670839963319472,0.2749670545708937,0.05107090664703061,0.07133386109664358,0.07560688109939284
thermal_tau60,thermal,thermal_tau60_A0.50,-30.5,2026110273,73,thermal|thermal_tau60|-30.5|2026110273,0,0.5000000000000002,0.1914926398578658,29.887916678079364,0.225988731239039,0.2670839963319472,0.2749670545708937,0.05107090664703061,0.07133386109664358,0.07560688109939284
thermal_tau60,thermal,thermal_tau60_A0.50,-30.5,2026110274,74,thermal|thermal_tau60|-30.5|2026110274,0,0.5000000000000002,0.1914926398578658,29.887916678079364,0.225988731239039,0.2670839963319472,0.2749670545708937,0.05107090664703061,0.07133386109664358,0.07560688109939284
thermal_tau60,thermal,thermal_tau60_A0.50,-30.5,2026110275,75,thermal|thermal_tau60|-30.5|2026110275,0,0.5000000000000002,0.1914926398578658,29.887916678079364,0.225988731239039,0.2670839963319472,0.2749670545708937,0.05107090664703061,0.07133386109664358,0.07560688109939284
thermal_tau60,thermal,thermal_tau60_A0.50,-30.5,2026110276,76,thermal|thermal_tau60|-30.5|2026110276,0,0.5000000000000002,0.1914926398578658,29.887916678079364,0.225988731239039,0.2670839963319472,0.2749670545708937,0.05107090664703061,0.07133386109664358,0.07560688109939284
thermal_tau60,thermal,thermal_tau60_A0.50,-30.5,2026110280,80,thermal|thermal_tau60|-30.5|2026110280,1,0.5000000000000002,0.1914926398578658,29.887916678079364,0.225988731239039,0.2670839963319472,0.2749670545708937,0.5990934441689527,0.5371658684327493,0.5256727719576053
thermal_tau60,thermal,thermal_tau60_A0.50,-30.5,2026110281,81,thermal|thermal_tau60|-30.5|2026110281,1,0.5000000000000002,0.1914926398578658,29.887916678079364,0.225988731239039,0.2670839963319472,0.2749670545708937,0.5990934441689527,0.5371658684327493,0.5256727719576053
thermal_tau60,thermal,thermal_tau60_A0.50,-30.5,2026110278,78,thermal|thermal_tau60|-30.5|2026110278,1,0.5000000000000002,0.1914926398578658,29.887916678079364,0.225988731239039,0.2670839963319472,0.2749670545708937,0.5990934441689527,0.5371658684327493,0.5256727719576053
thermal_tau60,thermal,thermal_tau60_A0.50,-30.5,2026110282,82,thermal|thermal_tau60|-30.5|2026110282,1,0.5000000000000002,0.1914926398578658,29.887916678079364,0.225988731239039,0.2670839963319472,0.2749670545708937,0.5990934441689527,0.5371658684327493,0.5256727719576053
thermal_tau60,thermal,thermal_tau60_A0.50,-30.5,2026110277,77,thermal|thermal_tau60|-30.5|2026110277,0,0.5000000000000002,0.1914926398578658,29.887916678079364,0.225988731239039,0.2670839963319472,0.2749670545708937,0.05107090664703061,0.07133386109664358,0.07560688109939284
thermal_tau60,thermal,thermal_tau60_A0.50,-30.5,2026110279,79,thermal|thermal_tau60|-30.5|2026110279,0,0.5000000000000002,0.1914926398578658,29.887916678079364,0.225988731239039,0.2670839963319472,0.2749670545708937,0.05107090664703061,0.07133386109664358,0.07560688109939284
thermal_tau60,thermal,thermal_tau60_A0.50,-30.5,2026110283,83,thermal|thermal_tau60|-30.5|2026110283,0,0.5000000000000002,0.1914926398578658,29.887916678079364,0.225988731239039,0.2670839963319472,0.2749670545708937,0.05107090664703061,0.07133386109664358,0.07560688109939284
thermal_tau60,thermal,thermal_tau60_A0.50,-30.5,2026110284,84,thermal|thermal_tau60|-30.5|2026110284,0,0.5000000000000002,0.1914926398578658,29.887916678079364,0.225988731239039,0.2670839963319472,0.2749670545708937,0.05107090664703061,0.07133386109664358,0.07560688109939284
thermal_tau60,thermal,thermal_tau60_A0.50,-30.5,2026110285,85,thermal|thermal_tau60|-30.5|2026110285,0,0.5000000000000002,0.1914926398578658,29.887916678079364,0.225988731239039,0.2670839963319472,0.2749670545708937,0.05107090664703061,0.07133386109664358,0.07560688109939284
thermal_tau60,thermal,thermal_tau60_A0.50,-30.5,2026110286,86,thermal|thermal_tau60|-30.5|2026110286,0,0.5000000000000002,0.1914926398578658,29.887916678079364,0.225988731239039,0.2670839963319472,0.2749670545708937,0.05107090664703061,0.07133386109664358,0.07560688109939284
thermal_tau60,thermal,thermal_tau60_A0.50,-30.5,2026110289,89,thermal|thermal_tau60|-30.5|2026110289,1,0.5000000000000002,0.1914926398578658,29.887916678079364,0.225988731239039,0.2670839963319472,0.2749670545708937,0.5990934441689527,0.5371658684327493,0.5256727719576053
thermal_tau60,thermal,thermal_tau60_A0.50,-30.5,2026110287,87,thermal|thermal_tau60|-30.5|2026110287,0,0.5000000000000002,0.1914926398578658,29.887916678079364,0.225988731239039,0.2670839963319472,0.2749670545708937,0.05107090664703061,0.07133386109664358,0.07560688109939284
thermal_tau60,thermal,thermal_tau60_A0.50,-30.5,2026110288,88,thermal|thermal_tau60|-30.5|2026110288,0,0.5000000000000002,0.1914926398578658,29.887916678079364,0.225988731239039,0.2670839963319472,0.2749670545708937,0.05107090664703061,0.07133386109664358,0.07560688109939284
thermal_tau60,thermal,thermal_tau60_A0.50,-30.5,2026110290,90,thermal|thermal_tau60|-30.5|2026110290,0,0.5000000000000002,0.1914926398578658,29.887916678079364,0.225988731239039,0.2670839963319472,0.2749670545708937,0.05107090664703061,0.07133386109664358,0.07560688109939284
thermal_tau60,thermal,thermal_tau60_A0.50,-30.5,2026110291,91,thermal|thermal_tau60|-30.5|2026110291,0,0.5000000000000002,0.1914926398578658,29.887916678079364,0.225988731239039,0.2670839963319472,0.2749670545708937,0.05107090664703061,0.07133386109664358,0.07560688109939284
thermal_tau60,thermal,thermal_tau60_A0.50,-30.5,2026110294,94,thermal|thermal_tau60|-30.5|2026110294,1,0.5000000000000002,0.1914926398578658,29.887916678079364,0.225988731239039,0.2670839963319472,0.2749670545708937,0.5990934441689527,0.5371658684327493,0.5256727719576053
thermal_tau60,thermal,thermal_tau60_A0.50,-30.5,2026110292,92,thermal|thermal_tau60|-30.5|2026110292,0,0.5000000000000002,0.1914926398578658,29.887916678079364,0.225988731239039,0.2670839963319472,0.2749670545708937,0.05107090664703061,0.07133386109664358,0.07560688109939284
thermal_tau60,thermal,thermal_tau60_A0.50,-30.5,2026110293,93,thermal|thermal_tau60|-30.5|2026110293,0,0.5000000000000002,0.1914926398578658,29.887916678079364,0.225988731239039,0.2670839963319472,0.2749670545708937,0.05107090664703061,0.07133386109664358,0.07560688109939284
thermal_tau60,thermal,thermal_tau60_A0.50,-30.5,2026110295,95,thermal|thermal_tau60|-30.5|2026110295,0,0.5000000000000002,0.1914926398578658,29.887916678079364,0.225988731239039,0.2670839963319472,0.2749670545708937,0.05107090664703061,0.07133386109664358,0.07560688109939284
thermal_tau60,thermal,thermal_tau60_A0.50,-30.5,2026110296,96,thermal|thermal_tau60|-30.5|2026110296,0,0.5000000000000002,0.1914926398578658,29.887916678079364,0.225988731239039,0.2670839963319472,0.2749670545708937,0.05107090664703061,0.07133386109664358,0.07560688109939284
thermal_tau60,thermal,thermal_tau60_A0.50,-30.5,2026110297,97,thermal|thermal_tau60|-30.5|2026110297,0,0.5000000000000002,0.1914926398578658,29.887916678079364,0.225988731239039,0.2670839963319472,0.2749670545708937,0.05107090664703061,0.07133386109664358,0.07560688109939284
thermal_tau60,thermal,thermal_tau60_A0.50,-30.5,2026110298,98,thermal|thermal_tau60|-30.5|2026110298,0,0.5000000000000002,0.1914926398578658,29.887916678079364,0.225988731239039,0.2670839963319472,0.2749670545708937,0.05107090664703061,0.07133386109664358,0.07560688109939284
thermal_tau60,thermal,thermal_tau60_A0.50,-30.5,2026110299,99,thermal|thermal_tau60|-30.5|2026110299,0,0.5000000000000002,0.1914926398578658,29.887916678079364,0.225988731239039,0.2670839963319472,0.2749670545708937,0.05107090664703061,0.07133386109664358,0.07560688109939284
thermal_tau120,thermal,thermal_tau120_A0.25,-30.5,2026110202,2,thermal|thermal_tau120|-30.5|2026110202,1,0.2499999999999996,0.1042094654092212,15.959377671278755,0.7488770741601074,0.7399969817453246,0.7426760933919879,0.06306272388238819,0.06760156950154109,0.06621559291200892
thermal_tau120,thermal,thermal_tau120_A0.25,-30.5,2026110200,0,thermal|thermal_tau120|-30.5|2026110200,0,0.2499999999999996,0.1042094654092212,15.959377671278755,0.7488770741601074,0.7399969817453246,0.7426760933919879,0.560816872202603,0.5475955329921902,0.5515677796959848
thermal_tau120,thermal,thermal_tau120_A0.25,-30.5,2026110201,1,thermal|thermal_tau120|-30.5|2026110201,0,0.2499999999999996,0.1042094654092212,15.959377671278755,0.7488770741601074,0.7399969817453246,0.7426760933919879,0.560816872202603,0.5475955329921902,0.5515677796959848
thermal_tau120,thermal,thermal_tau120_A0.25,-30.5,2026110204,4,thermal|thermal_tau120|-30.5|2026110204,1,0.2499999999999996,0.1042094654092212,15.959377671278755,0.7488770741601074,0.7399969817453246,0.7426760933919879,0.06306272388238819,0.06760156950154109,0.06621559291200892
thermal_tau120,thermal,thermal_tau120_A0.25,-30.5,2026110207,7,thermal|thermal_tau120|-30.5|2026110207,1,0.2499999999999996,0.1042094654092212,15.959377671278755,0.7488770741601074,0.7399969817453246,0.7426760933919879,0.06306272388238819,0.06760156950154109,0.06621559291200892
thermal_tau120,thermal,thermal_tau120_A0.25,-30.5,2026110205,5,thermal|thermal_tau120|-30.5|2026110205,1,0.2499999999999996,0.1042094654092212,15.959377671278755,0.7488770741601074,0.7399969817453246,0.7426760933919879,0.06306272388238819,0.06760156950154109,0.06621559291200892
thermal_tau120,thermal,thermal_tau120_A0.25,-30.5,2026110209,9,thermal|thermal_tau120|-30.5|2026110209,1,0.2499999999999996,0.1042094654092212,15.959377671278755,0.7488770741601074,0.7399969817453246,0.7426760933919879,0.06306272388238819,0.06760156950154109,0.06621559291200892
thermal_tau120,thermal,thermal_tau120_A0.25,-30.5,2026110203,3,thermal|thermal_tau120|-30.5|2026110203,0,0.2499999999999996,0.1042094654092212,15.959377671278755,0.7488770741601074,0.7399969817453246,0.7426760933919879,0.560816872202603,0.5475955329921902,0.5515677796959848
thermal_tau120,thermal,thermal_tau120_A0.25,-30.5,2026110206,6,thermal|thermal_tau120|-30.5|2026110206,1,0.2499999999999996,0.1042094654092212,15.959377671278755,0.7488770741601074,0.7399969817453246,0.7426760933919879,0.06306272388238819,0.06760156950154109,0.06621559291200892
thermal_tau120,thermal,thermal_tau120_A0.25,-30.5,2026110208,8,thermal|thermal_tau120|-30.5|2026110208,1,0.2499999999999996,0.1042094654092212,15.959377671278755,0.7488770741601074,0.7399969817453246,0.7426760933919879,0.06306272388238819,0.06760156950154109,0.06621559291200892
thermal_tau120,thermal,thermal_tau120_A0.25,-30.5,2026110210,10,thermal|thermal_tau120|-30.5|2026110210,1,0.2499999999999996,0.1042094654092212,15.959377671278755,0.7488770741601074,0.7399969817453246,0.7426760933919879,0.06306272388238819,0.06760156950154109,0.06621559291200892
thermal_tau120,thermal,thermal_tau120_A0.25,-30.5,2026110214,14,thermal|thermal_tau120|-30.5|2026110214,1,0.2499999999999996,0.1042094654092212,15.959377671278755,0.7488770741601074,0.7399969817453246,0.7426760933919879,0.06306272388238819,0.06760156950154109,0.06621559291200892
thermal_tau120,thermal,thermal_tau120_A0.25,-30.5,2026110213,13,thermal|thermal_tau120|-30.5|2026110213,1,0.2499999999999996,0.1042094654092212,15.959377671278755,0.7488770741601074,0.7399969817453246,0.7426760933919879,0.06306272388238819,0.06760156950154109,0.06621559291200892
thermal_tau120,thermal,thermal_tau120_A0.25,-30.5,2026110211,11,thermal|thermal_tau120|-30.5|2026110211,0,0.2499999999999996,0.1042094654092212,15.959377671278755,0.7488770741601074,0.7399969817453246,0.7426760933919879,0.560816872202603,0.5475955329921902,0.5515677796959848
thermal_tau120,thermal,thermal_tau120_A0.25,-30.5,2026110212,12,thermal|thermal_tau120|-30.5|2026110212,0,0.2499999999999996,0.1042094654092212,15.959377671278755,0.7488770741601074,0.7399969817453246,0.7426760933919879,0.560816872202603,0.5475955329921902,0.5515677796959848
thermal_tau120,thermal,thermal_tau120_A0.25,-30.5,2026110215,15,thermal|thermal_tau120|-30.5|2026110215,1,0.2499999999999996,0.1042094654092212,15.959377671278755,0.7488770741601074,0.7399969817453246,0.7426760933919879,0.06306272388238819,0.06760156950154109,0.06621559291200892
thermal_tau120,thermal,thermal_tau120_A0.25,-30.5,2026110216,16,thermal|thermal_tau120|-30.5|2026110216,1,0.2499999999999996,0.1042094654092212,15.959377671278755,0.7488770741601074,0.7399969817453246,0.7426760933919879,0.06306272388238819,0.06760156950154109,0.06621559291200892
thermal_tau120,thermal,thermal_tau120_A0.25,-30.5,2026110219,19,thermal|thermal_tau120|-30.5|2026110219,1,0.2499999999999996,0.1042094654092212,15.959377671278755,0.7488770741601074,0.7399969817453246,0.7426760933919879,0.06306272388238819,0.06760156950154109,0.06621559291200892
thermal_tau120,thermal,thermal_tau120_A0.25,-30.5,2026110220,20,thermal|thermal_tau120|-30.5|2026110220,1,0.2499999999999996,0.1042094654092212,15.959377671278755,0.7488770741601074,0.7399969817453246,0.7426760933919879,0.06306272388238819,0.06760156950154109,0.06621559291200892
thermal_tau120,thermal,thermal_tau120_A0.25,-30.5,2026110222,22,thermal|thermal_tau120|-30.5|2026110222,1,0.2499999999999996,0.1042094654092212,15.959377671278755,0.7488770741601074,0.7399969817453246,0.7426760933919879,0.06306272388238819,0.06760156950154109,0.06621559291200892
thermal_tau120,thermal,thermal_tau120_A0.25,-30.5,2026110218,18,thermal|thermal_tau120|-30.5|2026110218,1,0.2499999999999996,0.1042094654092212,15.959377671278755,0.7488770741601074,0.7399969817453246,0.7426760933919879,0.06306272388238819,0.06760156950154109,0.06621559291200892
thermal_tau120,thermal,thermal_tau120_A0.25,-30.5,2026110221,21,thermal|thermal_tau120|-30.5|2026110221,1,0.2499999999999996,0.1042094654092212,15.959377671278755,0.7488770741601074,0.7399969817453246,0.7426760933919879,0.06306272388238819,0.06760156950154109,0.06621559291200892
thermal_tau120,thermal,thermal_tau120_A0.25,-30.5,2026110224,24,thermal|thermal_tau120|-30.5|2026110224,1,0.2499999999999996,0.1042094654092212,15.959377671278755,0.7488770741601074,0.7399969817453246,0.7426760933919879,0.06306272388238819,0.06760156950154109,0.06621559291200892
thermal_tau120,thermal,thermal_tau120_A0.25,-30.5,2026110217,17,thermal|thermal_tau120|-30.5|2026110217,0,0.2499999999999996,0.1042094654092212,15.959377671278755,0.7488770741601074,0.7399969817453246,0.7426760933919879,0.560816872202603,0.5475955329921902,0.5515677796959848
thermal_tau120,thermal,thermal_tau120_A0.25,-30.5,2026110223,23,thermal|thermal_tau120|-30.5|2026110223,1,0.2499999999999996,0.1042094654092212,15.959377671278755,0.7488770741601074,0.7399969817453246,0.7426760933919879,0.06306272388238819,0.06760156950154109,0.06621559291200892
thermal_tau120,thermal,thermal_tau120_A0.25,-30.5,2026110225,25,thermal|thermal_tau120|-30.5|2026110225,1,0.2499999999999996,0.1042094654092212,15.959377671278755,0.7488770741601074,0.7399969817453246,0.7426760933919879,0.06306272388238819,0.06760156950154109,0.06621559291200892
thermal_tau120,thermal,thermal_tau120_A0.25,-30.5,2026110229,29,thermal|thermal_tau120|-30.5|2026110229,1,0.2499999999999996,0.1042094654092212,15.959377671278755,0.7488770741601074,0.7399969817453246,0.7426760933919879,0.06306272388238819,0.06760156950154109,0.06621559291200892
thermal_tau120,thermal,thermal_tau120_A0.25,-30.5,2026110227,27,thermal|thermal_tau120|-30.5|2026110227,1,0.2499999999999996,0.1042094654092212,15.959377671278755,0.7488770741601074,0.7399969817453246,0.7426760933919879,0.06306272388238819,0.06760156950154109,0.06621559291200892
thermal_tau120,thermal,thermal_tau120_A0.25,-30.5,2026110231,31,thermal|thermal_tau120|-30.5|2026110231,1,0.2499999999999996,0.1042094654092212,15.959377671278755,0.7488770741601074,0.7399969817453246,0.7426760933919879,0.06306272388238819,0.06760156950154109,0.06621559291200892
thermal_tau120,thermal,thermal_tau120_A0.25,-30.5,2026110226,26,thermal|thermal_tau120|-30.5|2026110226,0,0.2499999999999996,0.1042094654092212,15.959377671278755,0.7488770741601074,0.7399969817453246,0.7426760933919879,0.560816872202603,0.5475955329921902,0.5515677796959848
thermal_tau120,thermal,thermal_tau120_A0.25,-30.5,2026110228,28,thermal|thermal_tau120|-30.5|2026110228,0,0.2499999999999996,0.1042094654092212,15.959377671278755,0.7488770741601074,0.7399969817453246,0.7426760933919879,0.560816872202603,0.5475955329921902,0.5515677796959848
thermal_tau120,thermal,thermal_tau120_A0.25,-30.5,2026110232,32,thermal|thermal_tau120|-30.5|2026110232,1,0.2499999999999996,0.1042094654092212,15.959377671278755,0.7488770741601074,0.7399969817453246,0.7426760933919879,0.06306272388238819,0.06760156950154109,0.06621559291200892
thermal_tau120,thermal,thermal_tau120_A0.25,-30.5,2026110230,30,thermal|thermal_tau120|-30.5|2026110230,0,0.2499999999999996,0.1042094654092212,15.959377671278755,0.7488770741601074,0.7399969817453246,0.7426760933919879,0.560816872202603,0.5475955329921902,0.5515677796959848
thermal_tau120,thermal,thermal_tau120_A0.25,-30.5,2026110235,35,thermal|thermal_tau120|-30.5|2026110235,1,0.2499999999999996,0.1042094654092212,15.959377671278755,0.7488770741601074,0.7399969817453246,0.7426760933919879,0.06306272388238819,0.06760156950154109,0.06621559291200892
thermal_tau120,thermal,thermal_tau120_A0.25,-30.5,2026110233,33,thermal|thermal_tau120|-30.5|2026110233,0,0.2499999999999996,0.1042094654092212,15.959377671278755,0.7488770741601074,0.7399969817453246,0.7426760933919879,0.560816872202603,0.5475955329921902,0.5515677796959848
thermal_tau120,thermal,thermal_tau120_A0.25,-30.5,2026110236,36,thermal|thermal_tau120|-30.5|2026110236,1,0.2499999999999996,0.1042094654092212,15.959377671278755,0.7488770741601074,0.7399969817453246,0.7426760933919879,0.06306272388238819,0.06760156950154109,0.06621559291200892
thermal_tau120,thermal,thermal_tau120_A0.25,-30.5,2026110239,39,thermal|thermal_tau120|-30.5|2026110239,1,0.2499999999999996,0.1042094654092212,15.959377671278755,0.7488770741601074,0.7399969817453246,0.7426760933919879,0.06306272388238819,0.06760156950154109,0.06621559291200892
thermal_tau120,thermal,thermal_tau120_A0.25,-30.5,2026110237,37,thermal|thermal_tau120|-30.5|2026110237,1,0.2499999999999996,0.1042094654092212,15.959377671278755,0.7488770741601074,0.7399969817453246,0.7426760933919879,0.06306272388238819,0.06760156950154109,0.06621559291200892
thermal_tau120,thermal,thermal_tau120_A0.25,-30.5,2026110234,34,thermal|thermal_tau120|-30.5|2026110234,0,0.2499999999999996,0.1042094654092212,15.959377671278755,0.7488770741601074,0.7399969817453246,0.7426760933919879,0.560816872202603,0.5475955329921902,0.5515677796959848
thermal_tau120,thermal,thermal_tau120_A0.25,-30.5,2026110242,42,thermal|thermal_tau120|-30.5|2026110242,1,0.2499999999999996,0.1042094654092212,15.959377671278755,0.7488770741601074,0.7399969817453246,0.7426760933919879,0.06306272388238819,0.06760156950154109,0.06621559291200892
thermal_tau120,thermal,thermal_tau120_A0.25,-30.5,2026110238,38,thermal|thermal_tau120|-30.5|2026110238,0,0.2499999999999996,0.1042094654092212,15.959377671278755,0.7488770741601074,0.7399969817453246,0.7426760933919879,0.560816872202603,0.5475955329921902,0.5515677796959848
thermal_tau120,thermal,thermal_tau120_A0.25,-30.5,2026110240,40,thermal|thermal_tau120|-30.5|2026110240,0,0.2499999999999996,0.1042094654092212,15.959377671278755,0.7488770741601074,0.7399969817453246,0.7426760933919879,0.560816872202603,0.5475955329921902,0.5515677796959848
thermal_tau120,thermal,thermal_tau120_A0.25,-30.5,2026110243,43,thermal|thermal_tau120|-30.5|2026110243,1,0.2499999999999996,0.1042094654092212,15.959377671278755,0.7488770741601074,0.7399969817453246,0.7426760933919879,0.06306272388238819,0.06760156950154109,0.06621559291200892
thermal_tau120,thermal,thermal_tau120_A0.25,-30.5,2026110241,41,thermal|thermal_tau120|-30.5|2026110241,0,0.2499999999999996,0.1042094654092212,15.959377671278755,0.7488770741601074,0.7399969817453246,0.7426760933919879,0.560816872202603,0.5475955329921902,0.5515677796959848
thermal_tau120,thermal,thermal_tau120_A0.25,-30.5,2026110245,45,thermal|thermal_tau120|-30.5|2026110245,1,0.2499999999999996,0.1042094654092212,15.959377671278755,0.7488770741601074,0.7399969817453246,0.7426760933919879,0.06306272388238819,0.06760156950154109,0.06621559291200892
thermal_tau120,thermal,thermal_tau120_A0.25,-30.5,2026110246,46,thermal|thermal_tau120|-30.5|2026110246,1,0.2499999999999996,0.1042094654092212,15.959377671278755,0.7488770741601074,0.7399969817453246,0.7426760933919879,0.06306272388238819,0.06760156950154109,0.06621559291200892
thermal_tau120,thermal,thermal_tau120_A0.25,-30.5,2026110248,48,thermal|thermal_tau120|-30.5|2026110248,1,0.2499999999999996,0.1042094654092212,15.959377671278755,0.7488770741601074,0.7399969817453246,0.7426760933919879,0.06306272388238819,0.06760156950154109,0.06621559291200892
thermal_tau120,thermal,thermal_tau120_A0.25,-30.5,2026110244,44,thermal|thermal_tau120|-30.5|2026110244,0,0.2499999999999996,0.1042094654092212,15.959377671278755,0.7488770741601074,0.7399969817453246,0.7426760933919879,0.560816872202603,0.5475955329921902,0.5515677796959848
thermal_tau120,thermal,thermal_tau120_A0.25,-30.5,2026110249,49,thermal|thermal_tau120|-30.5|2026110249,1,0.2499999999999996,0.1042094654092212,15.959377671278755,0.7488770741601074,0.7399969817453246,0.7426760933919879,0.06306272388238819,0.06760156950154109,0.06621559291200892
thermal_tau120,thermal,thermal_tau120_A0.25,-30.5,2026110250,50,thermal|thermal_tau120|-30.5|2026110250,1,0.2499999999999996,0.1042094654092212,15.959377671278755,0.7488770741601074,0.7399969817453246,0.7426760933919879,0.06306272388238819,0.06760156950154109,0.06621559291200892
thermal_tau120,thermal,thermal_tau120_A0.25,-30.5,2026110247,47,thermal|thermal_tau120|-30.5|2026110247,0,0.2499999999999996,0.1042094654092212,15.959377671278755,0.7488770741601074,0.7399969817453246,0.7426760933919879,0.560816872202603,0.5475955329921902,0.5515677796959848
thermal_tau120,thermal,thermal_tau120_A0.25,-30.5,2026110253,53,thermal|thermal_tau120|-30.5|2026110253,1,0.2499999999999996,0.1042094654092212,15.959377671278755,0.7488770741601074,0.7399969817453246,0.7426760933919879,0.06306272388238819,0.06760156950154109,0.06621559291200892
thermal_tau120,thermal,thermal_tau120_A0.25,-30.5,2026110255,55,thermal|thermal_tau120|-30.5|2026110255,1,0.2499999999999996,0.1042094654092212,15.959377671278755,0.7488770741601074,0.7399969817453246,0.7426760933919879,0.06306272388238819,0.06760156950154109,0.06621559291200892
thermal_tau120,thermal,thermal_tau120_A0.25,-30.5,2026110252,52,thermal|thermal_tau120|-30.5|2026110252,1,0.2499999999999996,0.1042094654092212,15.959377671278755,0.7488770741601074,0.7399969817453246,0.7426760933919879,0.06306272388238819,0.06760156950154109,0.06621559291200892
thermal_tau120,thermal,thermal_tau120_A0.25,-30.5,2026110251,51,thermal|thermal_tau120|-30.5|2026110251,0,0.2499999999999996,0.1042094654092212,15.959377671278755,0.7488770741601074,0.7399969817453246,0.7426760933919879,0.560816872202603,0.5475955329921902,0.5515677796959848
thermal_tau120,thermal,thermal_tau120_A0.25,-30.5,2026110254,54,thermal|thermal_tau120|-30.5|2026110254,0,0.2499999999999996,0.1042094654092212,15.959377671278755,0.7488770741601074,0.7399969817453246,0.7426760933919879,0.560816872202603,0.5475955329921902,0.5515677796959848
thermal_tau120,thermal,thermal_tau120_A0.25,-30.5,2026110258,58,thermal|thermal_tau120|-30.5|2026110258,1,0.2499999999999996,0.1042094654092212,15.959377671278755,0.7488770741601074,0.7399969817453246,0.7426760933919879,0.06306272388238819,0.06760156950154109,0.06621559291200892
thermal_tau120,thermal,thermal_tau120_A0.25,-30.5,2026110260,60,thermal|thermal_tau120|-30.5|2026110260,1,0.2499999999999996,0.1042094654092212,15.959377671278755,0.7488770741601074,0.7399969817453246,0.7426760933919879,0.06306272388238819,0.06760156950154109,0.06621559291200892
thermal_tau120,thermal,thermal_tau120_A0.25,-30.5,2026110256,56,thermal|thermal_tau120|-30.5|2026110256,0,0.2499999999999996,0.1042094654092212,15.959377671278755,0.7488770741601074,0.7399969817453246,0.7426760933919879,0.560816872202603,0.5475955329921902,0.5515677796959848
thermal_tau120,thermal,thermal_tau120_A0.25,-30.5,2026110259,59,thermal|thermal_tau120|-30.5|2026110259,1,0.2499999999999996,0.1042094654092212,15.959377671278755,0.7488770741601074,0.7399969817453246,0.7426760933919879,0.06306272388238819,0.06760156950154109,0.06621559291200892
thermal_tau120,thermal,thermal_tau120_A0.25,-30.5,2026110257,57,thermal|thermal_tau120|-30.5|2026110257,0,0.2499999999999996,0.1042094654092212,15.959377671278755,0.7488770741601074,0.7399969817453246,0.7426760933919879,0.560816872202603,0.5475955329921902,0.5515677796959848
thermal_tau120,thermal,thermal_tau120_A0.25,-30.5,2026110261,61,thermal|thermal_tau120|-30.5|2026110261,1,0.2499999999999996,0.1042094654092212,15.959377671278755,0.7488770741601074,0.7399969817453246,0.7426760933919879,0.06306272388238819,0.06760156950154109,0.06621559291200892
thermal_tau120,thermal,thermal_tau120_A0.25,-30.5,2026110263,63,thermal|thermal_tau120|-30.5|2026110263,1,0.2499999999999996,0.1042094654092212,15.959377671278755,0.7488770741601074,0.7399969817453246,0.7426760933919879,0.06306272388238819,0.06760156950154109,0.06621559291200892
thermal_tau120,thermal,thermal_tau120_A0.25,-30.5,2026110264,64,thermal|thermal_tau120|-30.5|2026110264,1,0.2499999999999996,0.1042094654092212,15.959377671278755,0.7488770741601074,0.7399969817453246,0.7426760933919879,0.06306272388238819,0.06760156950154109,0.06621559291200892
thermal_tau120,thermal,thermal_tau120_A0.25,-30.5,2026110267,67,thermal|thermal_tau120|-30.5|2026110267,1,0.2499999999999996,0.1042094654092212,15.959377671278755,0.7488770741601074,0.7399969817453246,0.7426760933919879,0.06306272388238819,0.06760156950154109,0.06621559291200892
thermal_tau120,thermal,thermal_tau120_A0.25,-30.5,2026110265,65,thermal|thermal_tau120|-30.5|2026110265,1,0.2499999999999996,0.1042094654092212,15.959377671278755,0.7488770741601074,0.7399969817453246,0.7426760933919879,0.06306272388238819,0.06760156950154109,0.06621559291200892
thermal_tau120,thermal,thermal_tau120_A0.25,-30.5,2026110266,66,thermal|thermal_tau120|-30.5|2026110266,1,0.2499999999999996,0.1042094654092212,15.959377671278755,0.7488770741601074,0.7399969817453246,0.7426760933919879,0.06306272388238819,0.06760156950154109,0.06621559291200892
thermal_tau120,thermal,thermal_tau120_A0.25,-30.5,2026110262,62,thermal|thermal_tau120|-30.5|2026110262,0,0.2499999999999996,0.1042094654092212,15.959377671278755,0.7488770741601074,0.7399969817453246,0.7426760933919879,0.560816872202603,0.5475955329921902,0.5515677796959848
thermal_tau120,thermal,thermal_tau120_A0.25,-30.5,2026110268,68,thermal|thermal_tau120|-30.5|2026110268,1,0.2499999999999996,0.1042094654092212,15.959377671278755,0.7488770741601074,0.7399969817453246,0.7426760933919879,0.06306272388238819,0.06760156950154109,0.06621559291200892
thermal_tau120,thermal,thermal_tau120_A0.25,-30.5,2026110269,69,thermal|thermal_tau120|-30.5|2026110269,1,0.2499999999999996,0.1042094654092212,15.959377671278755,0.7488770741601074,0.7399969817453246,0.7426760933919879,0.06306272388238819,0.06760156950154109,0.06621559291200892
thermal_tau120,thermal,thermal_tau120_A0.25,-30.5,2026110273,73,thermal|thermal_tau120|-30.5|2026110273,1,0.2499999999999996,0.1042094654092212,15.959377671278755,0.7488770741601074,0.7399969817453246,0.7426760933919879,0.06306272388238819,0.06760156950154109,0.06621559291200892
thermal_tau120,thermal,thermal_tau120_A0.25,-30.5,2026110270,70,thermal|thermal_tau120|-30.5|2026110270,1,0.2499999999999996,0.1042094654092212,15.959377671278755,0.7488770741601074,0.7399969817453246,0.7426760933919879,0.06306272388238819,0.06760156950154109,0.06621559291200892
thermal_tau120,thermal,thermal_tau120_A0.25,-30.5,2026110271,71,thermal|thermal_tau120|-30.5|2026110271,1,0.2499999999999996,0.1042094654092212,15.959377671278755,0.7488770741601074,0.7399969817453246,0.7426760933919879,0.06306272388238819,0.06760156950154109,0.06621559291200892
thermal_tau120,thermal,thermal_tau120_A0.25,-30.5,2026110272,72,thermal|thermal_tau120|-30.5|2026110272,1,0.2499999999999996,0.1042094654092212,15.959377671278755,0.7488770741601074,0.7399969817453246,0.7426760933919879,0.06306272388238819,0.06760156950154109,0.06621559291200892
thermal_tau120,thermal,thermal_tau120_A0.25,-30.5,2026110277,77,thermal|thermal_tau120|-30.5|2026110277,1,0.2499999999999996,0.1042094654092212,15.959377671278755,0.7488770741601074,0.7399969817453246,0.7426760933919879,0.06306272388238819,0.06760156950154109,0.06621559291200892
thermal_tau120,thermal,thermal_tau120_A0.25,-30.5,2026110274,74,thermal|thermal_tau120|-30.5|2026110274,1,0.2499999999999996,0.1042094654092212,15.959377671278755,0.7488770741601074,0.7399969817453246,0.7426760933919879,0.06306272388238819,0.06760156950154109,0.06621559291200892
thermal_tau120,thermal,thermal_tau120_A0.25,-30.5,2026110276,76,thermal|thermal_tau120|-30.5|2026110276,1,0.2499999999999996,0.1042094654092212,15.959377671278755,0.7488770741601074,0.7399969817453246,0.7426760933919879,0.06306272388238819,0.06760156950154109,0.06621559291200892
thermal_tau120,thermal,thermal_tau120_A0.25,-30.5,2026110279,79,thermal|thermal_tau120|-30.5|2026110279,1,0.2499999999999996,0.1042094654092212,15.959377671278755,0.7488770741601074,0.7399969817453246,0.7426760933919879,0.06306272388238819,0.06760156950154109,0.06621559291200892
thermal_tau120,thermal,thermal_tau120_A0.25,-30.5,2026110280,80,thermal|thermal_tau120|-30.5|2026110280,1,0.2499999999999996,0.1042094654092212,15.959377671278755,0.7488770741601074,0.7399969817453246,0.7426760933919879,0.06306272388238819,0.06760156950154109,0.06621559291200892
thermal_tau120,thermal,thermal_tau120_A0.25,-30.5,2026110275,75,thermal|thermal_tau120|-30.5|2026110275,0,0.2499999999999996,0.1042094654092212,15.959377671278755,0.7488770741601074,0.7399969817453246,0.7426760933919879,0.560816872202603,0.5475955329921902,0.5515677796959848
thermal_tau120,thermal,thermal_tau120_A0.25,-30.5,2026110278,78,thermal|thermal_tau120|-30.5|2026110278,1,0.2499999999999996,0.1042094654092212,15.959377671278755,0.7488770741601074,0.7399969817453246,0.7426760933919879,0.06306272388238819,0.06760156950154109,0.06621559291200892
thermal_tau120,thermal,thermal_tau120_A0.25,-30.5,2026110284,84,thermal|thermal_tau120|-30.5|2026110284,1,0.2499999999999996,0.1042094654092212,15.959377671278755,0.7488770741601074,0.7399969817453246,0.7426760933919879,0.06306272388238819,0.06760156950154109,0.06621559291200892
thermal_tau120,thermal,thermal_tau120_A0.25,-30.5,2026110281,81,thermal|thermal_tau120|-30.5|2026110281,1,0.2499999999999996,0.1042094654092212,15.959377671278755,0.7488770741601074,0.7399969817453246,0.7426760933919879,0.06306272388238819,0.06760156950154109,0.06621559291200892
thermal_tau120,thermal,thermal_tau120_A0.25,-30.5,2026110282,82,thermal|thermal_tau120|-30.5|2026110282,1,0.2499999999999996,0.1042094654092212,15.959377671278755,0.7488770741601074,0.7399969817453246,0.7426760933919879,0.06306272388238819,0.06760156950154109,0.06621559291200892
thermal_tau120,thermal,thermal_tau120_A0.25,-30.5,2026110287,87,thermal|thermal_tau120|-30.5|2026110287,1,0.2499999999999996,0.1042094654092212,15.959377671278755,0.7488770741601074,0.7399969817453246,0.7426760933919879,0.06306272388238819,0.06760156950154109,0.06621559291200892
thermal_tau120,thermal,thermal_tau120_A0.25,-30.5,2026110283,83,thermal|thermal_tau120|-30.5|2026110283,1,0.2499999999999996,0.1042094654092212,15.959377671278755,0.7488770741601074,0.7399969817453246,0.7426760933919879,0.06306272388238819,0.06760156950154109,0.06621559291200892
thermal_tau120,thermal,thermal_tau120_A0.25,-30.5,2026110289,89,thermal|thermal_tau120|-30.5|2026110289,1,0.2499999999999996,0.1042094654092212,15.959377671278755,0.7488770741601074,0.7399969817453246,0.7426760933919879,0.06306272388238819,0.06760156950154109,0.06621559291200892
thermal_tau120,thermal,thermal_tau120_A0.25,-30.5,2026110288,88,thermal|thermal_tau120|-30.5|2026110288,1,0.2499999999999996,0.1042094654092212,15.959377671278755,0.7488770741601074,0.7399969817453246,0.7426760933919879,0.06306272388238819,0.06760156950154109,0.06621559291200892
thermal_tau120,thermal,thermal_tau120_A0.25,-30.5,2026110285,85,thermal|thermal_tau120|-30.5|2026110285,0,0.2499999999999996,0.1042094654092212,15.959377671278755,0.7488770741601074,0.7399969817453246,0.7426760933919879,0.560816872202603,0.5475955329921902,0.5515677796959848
thermal_tau120,thermal,thermal_tau120_A0.25,-30.5,2026110286,86,thermal|thermal_tau120|-30.5|2026110286,0,0.2499999999999996,0.1042094654092212,15.959377671278755,0.7488770741601074,0.7399969817453246,0.7426760933919879,0.560816872202603,0.5475955329921902,0.5515677796959848
thermal_tau120,thermal,thermal_tau120_A0.25,-30.5,2026110292,92,thermal|thermal_tau120|-30.5|2026110292,1,0.2499999999999996,0.1042094654092212,15.959377671278755,0.7488770741601074,0.7399969817453246,0.7426760933919879,0.06306272388238819,0.06760156950154109,0.06621559291200892
thermal_tau120,thermal,thermal_tau120_A0.25,-30.5,2026110290,90,thermal|thermal_tau120|-30.5|2026110290,1,0.2499999999999996,0.1042094654092212,15.959377671278755,0.7488770741601074,0.7399969817453246,0.7426760933919879,0.06306272388238819,0.06760156950154109,0.06621559291200892
thermal_tau120,thermal,thermal_tau120_A0.25,-30.5,2026110295,95,thermal|thermal_tau120|-30.5|2026110295,1,0.2499999999999996,0.1042094654092212,15.959377671278755,0.7488770741601074,0.7399969817453246,0.7426760933919879,0.06306272388238819,0.06760156950154109,0.06621559291200892
thermal_tau120,thermal,thermal_tau120_A0.25,-30.5,2026110291,91,thermal|thermal_tau120|-30.5|2026110291,1,0.2499999999999996,0.1042094654092212,15.959377671278755,0.7488770741601074,0.7399969817453246,0.7426760933919879,0.06306272388238819,0.06760156950154109,0.06621559291200892
thermal_tau120,thermal,thermal_tau120_A0.25,-30.5,2026110294,94,thermal|thermal_tau120|-30.5|2026110294,1,0.2499999999999996,0.1042094654092212,15.959377671278755,0.7488770741601074,0.7399969817453246,0.7426760933919879,0.06306272388238819,0.06760156950154109,0.06621559291200892
thermal_tau120,thermal,thermal_tau120_A0.25,-30.5,2026110298,98,thermal|thermal_tau120|-30.5|2026110298,1,0.2499999999999996,0.1042094654092212,15.959377671278755,0.7488770741601074,0.7399969817453246,0.7426760933919879,0.06306272388238819,0.06760156950154109,0.06621559291200892
thermal_tau120,thermal,thermal_tau120_A0.25,-30.5,2026110296,96,thermal|thermal_tau120|-30.5|2026110296,1,0.2499999999999996,0.1042094654092212,15.959377671278755,0.7488770741601074,0.7399969817453246,0.7426760933919879,0.06306272388238819,0.06760156950154109,0.06621559291200892
thermal_tau120,thermal,thermal_tau120_A0.25,-30.5,2026110297,97,thermal|thermal_tau120|-30.5|2026110297,1,0.2499999999999996,0.1042094654092212,15.959377671278755,0.7488770741601074,0.7399969817453246,0.7426760933919879,0.06306272388238819,0.06760156950154109,0.06621559291200892
thermal_tau120,thermal,thermal_tau120_A0.25,-30.5,2026110293,93,thermal|thermal_tau120|-30.5|2026110293,0,0.2499999999999996,0.1042094654092212,15.959377671278755,0.7488770741601074,0.7399969817453246,0.7426760933919879,0.560816872202603,0.5475955329921902,0.5515677796959848
thermal_tau120,thermal,thermal_tau120_A0.25,-30.5,2026110299,99,thermal|thermal_tau120|-30.5|2026110299,1,0.2499999999999996,0.1042094654092212,15.959377671278755,0.7488770741601074,0.7399969817453246,0.7426760933919879,0.06306272388238819,0.06760156950154109,0.06621559291200892
thermal_tau120,thermal,thermal_tau120_A0.50,-30.5,2026110200,0,thermal|thermal_tau120|-30.5|2026110200,0,0.4999999999999992,0.2084189308184424,31.91875534255751,0.23787450814643427,0.20525644787601757,0.21007619992145757,0.05658428162590802,0.04213020939468032,0.04413200977344021
thermal_tau120,thermal,thermal_tau120_A0.50,-30.5,2026110202,2,thermal|thermal_tau120|-30.5|2026110202,0,0.4999999999999992,0.2084189308184424,31.91875534255751,0.23787450814643427,0.20525644787601757,0.21007619992145757,0.05658428162590802,0.04213020939468032,0.04413200977344021
thermal_tau120,thermal,thermal_tau120_A0.50,-30.5,2026110201,1,thermal|thermal_tau120|-30.5|2026110201,0,0.4999999999999992,0.2084189308184424,31.91875534255751,0.23787450814643427,0.20525644787601757,0.21007619992145757,0.05658428162590802,0.04213020939468032,0.04413200977344021
thermal_tau120,thermal,thermal_tau120_A0.50,-30.5,2026110203,3,thermal|thermal_tau120|-30.5|2026110203,0,0.4999999999999992,0.2084189308184424,31.91875534255751,0.23787450814643427,0.20525644787601757,0.21007619992145757,0.05658428162590802,0.04213020939468032,0.04413200977344021
thermal_tau120,thermal,thermal_tau120_A0.50,-30.5,2026110204,4,thermal|thermal_tau120|-30.5|2026110204,0,0.4999999999999992,0.2084189308184424,31.91875534255751,0.23787450814643427,0.20525644787601757,0.21007619992145757,0.05658428162590802,0.04213020939468032,0.04413200977344021
thermal_tau120,thermal,thermal_tau120_A0.50,-30.5,2026110205,5,thermal|thermal_tau120|-30.5|2026110205,0,0.4999999999999992,0.2084189308184424,31.91875534255751,0.23787450814643427,0.20525644787601757,0.21007619992145757,0.05658428162590802,0.04213020939468032,0.04413200977344021
thermal_tau120,thermal,thermal_tau120_A0.50,-30.5,2026110206,6,thermal|thermal_tau120|-30.5|2026110206,0,0.4999999999999992,0.2084189308184424,31.91875534255751,0.23787450814643427,0.20525644787601757,0.21007619992145757,0.05658428162590802,0.04213020939468032,0.04413200977344021
thermal_tau120,thermal,thermal_tau120_A0.50,-30.5,2026110207,7,thermal|thermal_tau120|-30.5|2026110207,0,0.4999999999999992,0.2084189308184424,31.91875534255751,0.23787450814643427,0.20525644787601757,0.21007619992145757,0.05658428162590802,0.04213020939468032,0.04413200977344021
thermal_tau120,thermal,thermal_tau120_A0.50,-30.5,2026110209,9,thermal|thermal_tau120|-30.5|2026110209,0,0.4999999999999992,0.2084189308184424,31.91875534255751,0.23787450814643427,0.20525644787601757,0.21007619992145757,0.05658428162590802,0.04213020939468032,0.04413200977344021
thermal_tau120,thermal,thermal_tau120_A0.50,-30.5,2026110208,8,thermal|thermal_tau120|-30.5|2026110208,0,0.4999999999999992,0.2084189308184424,31.91875534255751,0.23787450814643427,0.20525644787601757,0.21007619992145757,0.05658428162590802,0.04213020939468032,0.04413200977344021
thermal_tau120,thermal,thermal_tau120_A0.50,-30.5,2026110213,13,thermal|thermal_tau120|-30.5|2026110213,1,0.4999999999999992,0.2084189308184424,31.91875534255751,0.23787450814643427,0.20525644787601757,0.21007619992145757,0.5808352653330394,0.6316173136426452,0.6239796099305251
thermal_tau120,thermal,thermal_tau120_A0.50,-30.5,2026110210,10,thermal|thermal_tau120|-30.5|2026110210,0,0.4999999999999992,0.2084189308184424,31.91875534255751,0.23787450814643427,0.20525644787601757,0.21007619992145757,0.05658428162590802,0.04213020939468032,0.04413200977344021
thermal_tau120,thermal,thermal_tau120_A0.50,-30.5,2026110211,11,thermal|thermal_tau120|-30.5|2026110211,0,0.4999999999999992,0.2084189308184424,31.91875534255751,0.23787450814643427,0.20525644787601757,0.21007619992145757,0.05658428162590802,0.04213020939468032,0.04413200977344021
thermal_tau120,thermal,thermal_tau120_A0.50,-30.5,2026110212,12,thermal|thermal_tau120|-30.5|2026110212,0,0.4999999999999992,0.2084189308184424,31.91875534255751,0.23787450814643427,0.20525644787601757,0.21007619992145757,0.05658428162590802,0.04213020939468032,0.04413200977344021
thermal_tau120,thermal,thermal_tau120_A0.50,-30.5,2026110214,14,thermal|thermal_tau120|-30.5|2026110214,0,0.4999999999999992,0.2084189308184424,31.91875534255751,0.23787450814643427,0.20525644787601757,0.21007619992145757,0.05658428162590802,0.04213020939468032,0.04413200977344021
thermal_tau120,thermal,thermal_tau120_A0.50,-30.5,2026110215,15,thermal|thermal_tau120|-30.5|2026110215,0,0.4999999999999992,0.2084189308184424,31.91875534255751,0.23787450814643427,0.20525644787601757,0.21007619992145757,0.05658428162590802,0.04213020939468032,0.04413200977344021
thermal_tau120,thermal,thermal_tau120_A0.50,-30.5,2026110216,16,thermal|thermal_tau120|-30.5|2026110216,0,0.4999999999999992,0.2084189308184424,31.91875534255751,0.23787450814643427,0.20525644787601757,0.21007619992145757,0.05658428162590802,0.04213020939468032,0.04413200977344021
thermal_tau120,thermal,thermal_tau120_A0.50,-30.5,2026110219,19,thermal|thermal_tau120|-30.5|2026110219,1,0.4999999999999992,0.2084189308184424,31.91875534255751,0.23787450814643427,0.20525644787601757,0.21007619992145757,0.5808352653330394,0.6316173136426452,0.6239796099305251
thermal_tau120,thermal,thermal_tau120_A0.50,-30.5,2026110220,20,thermal|thermal_tau120|-30.5|2026110220,1,0.4999999999999992,0.2084189308184424,31.91875534255751,0.23787450814643427,0.20525644787601757,0.21007619992145757,0.5808352653330394,0.6316173136426452,0.6239796099305251
thermal_tau120,thermal,thermal_tau120_A0.50,-30.5,2026110217,17,thermal|thermal_tau120|-30.5|2026110217,0,0.4999999999999992,0.2084189308184424,31.91875534255751,0.23787450814643427,0.20525644787601757,0.21007619992145757,0.05658428162590802,0.04213020939468032,0.04413200977344021
thermal_tau120,thermal,thermal_tau120_A0.50,-30.5,2026110218,18,thermal|thermal_tau120|-30.5|2026110218,0,0.4999999999999992,0.2084189308184424,31.91875534255751,0.23787450814643427,0.20525644787601757,0.21007619992145757,0.05658428162590802,0.04213020939468032,0.04413200977344021
thermal_tau120,thermal,thermal_tau120_A0.50,-30.5,2026110223,23,thermal|thermal_tau120|-30.5|2026110223,1,0.4999999999999992,0.2084189308184424,31.91875534255751,0.23787450814643427,0.20525644787601757,0.21007619992145757,0.5808352653330394,0.6316173136426452,0.6239796099305251
thermal_tau120,thermal,thermal_tau120_A0.50,-30.5,2026110221,21,thermal|thermal_tau120|-30.5|2026110221,0,0.4999999999999992,0.2084189308184424,31.91875534255751,0.23787450814643427,0.20525644787601757,0.21007619992145757,0.05658428162590802,0.04213020939468032,0.04413200977344021
thermal_tau120,thermal,thermal_tau120_A0.50,-30.5,2026110222,22,thermal|thermal_tau120|-30.5|2026110222,0,0.4999999999999992,0.2084189308184424,31.91875534255751,0.23787450814643427,0.20525644787601757,0.21007619992145757,0.05658428162590802,0.04213020939468032,0.04413200977344021
thermal_tau120,thermal,thermal_tau120_A0.50,-30.5,2026110224,24,thermal|thermal_tau120|-30.5|2026110224,0,0.4999999999999992,0.2084189308184424,31.91875534255751,0.23787450814643427,0.20525644787601757,0.21007619992145757,0.05658428162590802,0.04213020939468032,0.04413200977344021
thermal_tau120,thermal,thermal_tau120_A0.50,-30.5,2026110226,26,thermal|thermal_tau120|-30.5|2026110226,0,0.4999999999999992,0.2084189308184424,31.91875534255751,0.23787450814643427,0.20525644787601757,0.21007619992145757,0.05658428162590802,0.04213020939468032,0.04413200977344021
thermal_tau120,thermal,thermal_tau120_A0.50,-30.5,2026110225,25,thermal|thermal_tau120|-30.5|2026110225,0,0.4999999999999992,0.2084189308184424,31.91875534255751,0.23787450814643427,0.20525644787601757,0.21007619992145757,0.05658428162590802,0.04213020939468032,0.04413200977344021
thermal_tau120,thermal,thermal_tau120_A0.50,-30.5,2026110227,27,thermal|thermal_tau120|-30.5|2026110227,0,0.4999999999999992,0.2084189308184424,31.91875534255751,0.23787450814643427,0.20525644787601757,0.21007619992145757,0.05658428162590802,0.04213020939468032,0.04413200977344021
thermal_tau120,thermal,thermal_tau120_A0.50,-30.5,2026110228,28,thermal|thermal_tau120|-30.5|2026110228,0,0.4999999999999992,0.2084189308184424,31.91875534255751,0.23787450814643427,0.20525644787601757,0.21007619992145757,0.05658428162590802,0.04213020939468032,0.04413200977344021
thermal_tau120,thermal,thermal_tau120_A0.50,-30.5,2026110229,29,thermal|thermal_tau120|-30.5|2026110229,0,0.4999999999999992,0.2084189308184424,31.91875534255751,0.23787450814643427,0.20525644787601757,0.21007619992145757,0.05658428162590802,0.04213020939468032,0.04413200977344021
thermal_tau120,thermal,thermal_tau120_A0.50,-30.5,2026110230,30,thermal|thermal_tau120|-30.5|2026110230,0,0.4999999999999992,0.2084189308184424,31.91875534255751,0.23787450814643427,0.20525644787601757,0.21007619992145757,0.05658428162590802,0.04213020939468032,0.04413200977344021
thermal_tau120,thermal,thermal_tau120_A0.50,-30.5,2026110231,31,thermal|thermal_tau120|-30.5|2026110231,0,0.4999999999999992,0.2084189308184424,31.91875534255751,0.23787450814643427,0.20525644787601757,0.21007619992145757,0.05658428162590802,0.04213020939468032,0.04413200977344021
thermal_tau120,thermal,thermal_tau120_A0.50,-30.5,2026110232,32,thermal|thermal_tau120|-30.5|2026110232,0,0.4999999999999992,0.2084189308184424,31.91875534255751,0.23787450814643427,0.20525644787601757,0.21007619992145757,0.05658428162590802,0.04213020939468032,0.04413200977344021
thermal_tau120,thermal,thermal_tau120_A0.50,-30.5,2026110233,33,thermal|thermal_tau120|-30.5|2026110233,0,0.4999999999999992,0.2084189308184424,31.91875534255751,0.23787450814643427,0.20525644787601757,0.21007619992145757,0.05658428162590802,0.04213020939468032,0.04413200977344021
thermal_tau120,thermal,thermal_tau120_A0.50,-30.5,2026110237,37,thermal|thermal_tau120|-30.5|2026110237,1,0.4999999999999992,0.2084189308184424,31.91875534255751,0.23787450814643427,0.20525644787601757,0.21007619992145757,0.5808352653330394,0.6316173136426452,0.6239796099305251
thermal_tau120,thermal,thermal_tau120_A0.50,-30.5,2026110234,34,thermal|thermal_tau120|-30.5|2026110234,0,0.4999999999999992,0.2084189308184424,31.91875534255751,0.23787450814643427,0.20525644787601757,0.21007619992145757,0.05658428162590802,0.04213020939468032,0.04413200977344021
thermal_tau120,thermal,thermal_tau120_A0.50,-30.5,2026110235,35,thermal|thermal_tau120|-30.5|2026110235,0,0.4999999999999992,0.2084189308184424,31.91875534255751,0.23787450814643427,0.20525644787601757,0.21007619992145757,0.05658428162590802,0.04213020939468032,0.04413200977344021
thermal_tau120,thermal,thermal_tau120_A0.50,-30.5,2026110239,39,thermal|thermal_tau120|-30.5|2026110239,1,0.4999999999999992,0.2084189308184424,31.91875534255751,0.23787450814643427,0.20525644787601757,0.21007619992145757,0.5808352653330394,0.6316173136426452,0.6239796099305251
thermal_tau120,thermal,thermal_tau120_A0.50,-30.5,2026110236,36,thermal|thermal_tau120|-30.5|2026110236,0,0.4999999999999992,0.2084189308184424,31.91875534255751,0.23787450814643427,0.20525644787601757,0.21007619992145757,0.05658428162590802,0.04213020939468032,0.04413200977344021
thermal_tau120,thermal,thermal_tau120_A0.50,-30.5,2026110242,42,thermal|thermal_tau120|-30.5|2026110242,1,0.4999999999999992,0.2084189308184424,31.91875534255751,0.23787450814643427,0.20525644787601757,0.21007619992145757,0.5808352653330394,0.6316173136426452,0.6239796099305251
thermal_tau120,thermal,thermal_tau120_A0.50,-30.5,2026110238,38,thermal|thermal_tau120|-30.5|2026110238,0,0.4999999999999992,0.2084189308184424,31.91875534255751,0.23787450814643427,0.20525644787601757,0.21007619992145757,0.05658428162590802,0.04213020939468032,0.04413200977344021
thermal_tau120,thermal,thermal_tau120_A0.50,-30.5,2026110240,40,thermal|thermal_tau120|-30.5|2026110240,0,0.4999999999999992,0.2084189308184424,31.91875534255751,0.23787450814643427,0.20525644787601757,0.21007619992145757,0.05658428162590802,0.04213020939468032,0.04413200977344021
thermal_tau120,thermal,thermal_tau120_A0.50,-30.5,2026110245,45,thermal|thermal_tau120|-30.5|2026110245,1,0.4999999999999992,0.2084189308184424,31.91875534255751,0.23787450814643427,0.20525644787601757,0.21007619992145757,0.5808352653330394,0.6316173136426452,0.6239796099305251
thermal_tau120,thermal,thermal_tau120_A0.50,-30.5,2026110241,41,thermal|thermal_tau120|-30.5|2026110241,0,0.4999999999999992,0.2084189308184424,31.91875534255751,0.23787450814643427,0.20525644787601757,0.21007619992145757,0.05658428162590802,0.04213020939468032,0.04413200977344021
thermal_tau120,thermal,thermal_tau120_A0.50,-30.5,2026110243,43,thermal|thermal_tau120|-30.5|2026110243,0,0.4999999999999992,0.2084189308184424,31.91875534255751,0.23787450814643427,0.20525644787601757,0.21007619992145757,0.05658428162590802,0.04213020939468032,0.04413200977344021
thermal_tau120,thermal,thermal_tau120_A0.50,-30.5,2026110244,44,thermal|thermal_tau120|-30.5|2026110244,0,0.4999999999999992,0.2084189308184424,31.91875534255751,0.23787450814643427,0.20525644787601757,0.21007619992145757,0.05658428162590802,0.04213020939468032,0.04413200977344021
thermal_tau120,thermal,thermal_tau120_A0.50,-30.5,2026110246,46,thermal|thermal_tau120|-30.5|2026110246,0,0.4999999999999992,0.2084189308184424,31.91875534255751,0.23787450814643427,0.20525644787601757,0.21007619992145757,0.05658428162590802,0.04213020939468032,0.04413200977344021
thermal_tau120,thermal,thermal_tau120_A0.50,-30.5,2026110247,47,thermal|thermal_tau120|-30.5|2026110247,0,0.4999999999999992,0.2084189308184424,31.91875534255751,0.23787450814643427,0.20525644787601757,0.21007619992145757,0.05658428162590802,0.04213020939468032,0.04413200977344021
thermal_tau120,thermal,thermal_tau120_A0.50,-30.5,2026110248,48,thermal|thermal_tau120|-30.5|2026110248,0,0.4999999999999992,0.2084189308184424,31.91875534255751,0.23787450814643427,0.20525644787601757,0.21007619992145757,0.05658428162590802,0.04213020939468032,0.04413200977344021
thermal_tau120,thermal,thermal_tau120_A0.50,-30.5,2026110249,49,thermal|thermal_tau120|-30.5|2026110249,0,0.4999999999999992,0.2084189308184424,31.91875534255751,0.23787450814643427,0.20525644787601757,0.21007619992145757,0.05658428162590802,0.04213020939468032,0.04413200977344021
thermal_tau120,thermal,thermal_tau120_A0.50,-30.5,2026110250,50,thermal|thermal_tau120|-30.5|2026110250,0,0.4999999999999992,0.2084189308184424,31.91875534255751,0.23787450814643427,0.20525644787601757,0.21007619992145757,0.05658428162590802,0.04213020939468032,0.04413200977344021
thermal_tau120,thermal,thermal_tau120_A0.50,-30.5,2026110251,51,thermal|thermal_tau120|-30.5|2026110251,0,0.4999999999999992,0.2084189308184424,31.91875534255751,0.23787450814643427,0.20525644787601757,0.21007619992145757,0.05658428162590802,0.04213020939468032,0.04413200977344021
thermal_tau120,thermal,thermal_tau120_A0.50,-30.5,2026110252,52,thermal|thermal_tau120|-30.5|2026110252,0,0.4999999999999992,0.2084189308184424,31.91875534255751,0.23787450814643427,0.20525644787601757,0.21007619992145757,0.05658428162590802,0.04213020939468032,0.04413200977344021
thermal_tau120,thermal,thermal_tau120_A0.50,-30.5,2026110255,55,thermal|thermal_tau120|-30.5|2026110255,1,0.4999999999999992,0.2084189308184424,31.91875534255751,0.23787450814643427,0.20525644787601757,0.21007619992145757,0.5808352653330394,0.6316173136426452,0.6239796099305251
thermal_tau120,thermal,thermal_tau120_A0.50,-30.5,2026110253,53,thermal|thermal_tau120|-30.5|2026110253,0,0.4999999999999992,0.2084189308184424,31.91875534255751,0.23787450814643427,0.20525644787601757,0.21007619992145757,0.05658428162590802,0.04213020939468032,0.04413200977344021
thermal_tau120,thermal,thermal_tau120_A0.50,-30.5,2026110254,54,thermal|thermal_tau120|-30.5|2026110254,0,0.4999999999999992,0.2084189308184424,31.91875534255751,0.23787450814643427,0.20525644787601757,0.21007619992145757,0.05658428162590802,0.04213020939468032,0.04413200977344021
thermal_tau120,thermal,thermal_tau120_A0.50,-30.5,2026110257,57,thermal|thermal_tau120|-30.5|2026110257,0,0.4999999999999992,0.2084189308184424,31.91875534255751,0.23787450814643427,0.20525644787601757,0.21007619992145757,0.05658428162590802,0.04213020939468032,0.04413200977344021
thermal_tau120,thermal,thermal_tau120_A0.50,-30.5,2026110256,56,thermal|thermal_tau120|-30.5|2026110256,0,0.4999999999999992,0.2084189308184424,31.91875534255751,0.23787450814643427,0.20525644787601757,0.21007619992145757,0.05658428162590802,0.04213020939468032,0.04413200977344021
thermal_tau120,thermal,thermal_tau120_A0.50,-30.5,2026110258,58,thermal|thermal_tau120|-30.5|2026110258,0,0.4999999999999992,0.2084189308184424,31.91875534255751,0.23787450814643427,0.20525644787601757,0.21007619992145757,0.05658428162590802,0.04213020939468032,0.04413200977344021
thermal_tau120,thermal,thermal_tau120_A0.50,-30.5,2026110259,59,thermal|thermal_tau120|-30.5|2026110259,0,0.4999999999999992,0.2084189308184424,31.91875534255751,0.23787450814643427,0.20525644787601757,0.21007619992145757,0.05658428162590802,0.04213020939468032,0.04413200977344021
thermal_tau120,thermal,thermal_tau120_A0.50,-30.5,2026110263,63,thermal|thermal_tau120|-30.5|2026110263,1,0.4999999999999992,0.2084189308184424,31.91875534255751,0.23787450814643427,0.20525644787601757,0.21007619992145757,0.5808352653330394,0.6316173136426452,0.6239796099305251
thermal_tau120,thermal,thermal_tau120_A0.50,-30.5,2026110260,60,thermal|thermal_tau120|-30.5|2026110260,0,0.4999999999999992,0.2084189308184424,31.91875534255751,0.23787450814643427,0.20525644787601757,0.21007619992145757,0.05658428162590802,0.04213020939468032,0.04413200977344021
thermal_tau120,thermal,thermal_tau120_A0.50,-30.5,2026110261,61,thermal|thermal_tau120|-30.5|2026110261,0,0.4999999999999992,0.2084189308184424,31.91875534255751,0.23787450814643427,0.20525644787601757,0.21007619992145757,0.05658428162590802,0.04213020939468032,0.04413200977344021
thermal_tau120,thermal,thermal_tau120_A0.50,-30.5,2026110264,64,thermal|thermal_tau120|-30.5|2026110264,1,0.4999999999999992,0.2084189308184424,31.91875534255751,0.23787450814643427,0.20525644787601757,0.21007619992145757,0.5808352653330394,0.6316173136426452,0.6239796099305251
thermal_tau120,thermal,thermal_tau120_A0.50,-30.5,2026110262,62,thermal|thermal_tau120|-30.5|2026110262,0,0.4999999999999992,0.2084189308184424,31.91875534255751,0.23787450814643427,0.20525644787601757,0.21007619992145757,0.05658428162590802,0.04213020939468032,0.04413200977344021
thermal_tau120,thermal,thermal_tau120_A0.50,-30.5,2026110265,65,thermal|thermal_tau120|-30.5|2026110265,0,0.4999999999999992,0.2084189308184424,31.91875534255751,0.23787450814643427,0.20525644787601757,0.21007619992145757,0.05658428162590802,0.04213020939468032,0.04413200977344021
thermal_tau120,thermal,thermal_tau120_A0.50,-30.5,2026110266,66,thermal|thermal_tau120|-30.5|2026110266,0,0.4999999999999992,0.2084189308184424,31.91875534255751,0.23787450814643427,0.20525644787601757,0.21007619992145757,0.05658428162590802,0.04213020939468032,0.04413200977344021
thermal_tau120,thermal,thermal_tau120_A0.50,-30.5,2026110269,69,thermal|thermal_tau120|-30.5|2026110269,0,0.4999999999999992,0.2084189308184424,31.91875534255751,0.23787450814643427,0.20525644787601757,0.21007619992145757,0.05658428162590802,0.04213020939468032,0.04413200977344021
thermal_tau120,thermal,thermal_tau120_A0.50,-30.5,2026110270,70,thermal|thermal_tau120|-30.5|2026110270,1,0.4999999999999992,0.2084189308184424,31.91875534255751,0.23787450814643427,0.20525644787601757,0.21007619992145757,0.5808352653330394,0.6316173136426452,0.6239796099305251
thermal_tau120,thermal,thermal_tau120_A0.50,-30.5,2026110267,67,thermal|thermal_tau120|-30.5|2026110267,0,0.4999999999999992,0.2084189308184424,31.91875534255751,0.23787450814643427,0.20525644787601757,0.21007619992145757,0.05658428162590802,0.04213020939468032,0.04413200977344021
thermal_tau120,thermal,thermal_tau120_A0.50,-30.5,2026110268,68,thermal|thermal_tau120|-30.5|2026110268,0,0.4999999999999992,0.2084189308184424,31.91875534255751,0.23787450814643427,0.20525644787601757,0.21007619992145757,0.05658428162590802,0.04213020939468032,0.04413200977344021
thermal_tau120,thermal,thermal_tau120_A0.50,-30.5,2026110271,71,thermal|thermal_tau120|-30.5|2026110271,0,0.4999999999999992,0.2084189308184424,31.91875534255751,0.23787450814643427,0.20525644787601757,0.21007619992145757,0.05658428162590802,0.04213020939468032,0.04413200977344021
thermal_tau120,thermal,thermal_tau120_A0.50,-30.5,2026110272,72,thermal|thermal_tau120|-30.5|2026110272,0,0.4999999999999992,0.2084189308184424,31.91875534255751,0.23787450814643427,0.20525644787601757,0.21007619992145757,0.05658428162590802,0.04213020939468032,0.04413200977344021
thermal_tau120,thermal,thermal_tau120_A0.50,-30.5,2026110273,73,thermal|thermal_tau120|-30.5|2026110273,0,0.4999999999999992,0.2084189308184424,31.91875534255751,0.23787450814643427,0.20525644787601757,0.21007619992145757,0.05658428162590802,0.04213020939468032,0.04413200977344021
thermal_tau120,thermal,thermal_tau120_A0.50,-30.5,2026110274,74,thermal|thermal_tau120|-30.5|2026110274,0,0.4999999999999992,0.2084189308184424,31.91875534255751,0.23787450814643427,0.20525644787601757,0.21007619992145757,0.05658428162590802,0.04213020939468032,0.04413200977344021
thermal_tau120,thermal,thermal_tau120_A0.50,-30.5,2026110276,76,thermal|thermal_tau120|-30.5|2026110276,1,0.4999999999999992,0.2084189308184424,31.91875534255751,0.23787450814643427,0.20525644787601757,0.21007619992145757,0.5808352653330394,0.6316173136426452,0.6239796099305251
thermal_tau120,thermal,thermal_tau120_A0.50,-30.5,2026110275,75,thermal|thermal_tau120|-30.5|2026110275,0,0.4999999999999992,0.2084189308184424,31.91875534255751,0.23787450814643427,0.20525644787601757,0.21007619992145757,0.05658428162590802,0.04213020939468032,0.04413200977344021
thermal_tau120,thermal,thermal_tau120_A0.50,-30.5,2026110278,78,thermal|thermal_tau120|-30.5|2026110278,1,0.4999999999999992,0.2084189308184424,31.91875534255751,0.23787450814643427,0.20525644787601757,0.21007619992145757,0.5808352653330394,0.6316173136426452,0.6239796099305251
thermal_tau120,thermal,thermal_tau120_A0.50,-30.5,2026110281,81,thermal|thermal_tau120|-30.5|2026110281,0,0.4999999999999992,0.2084189308184424,31.91875534255751,0.23787450814643427,0.20525644787601757,0.21007619992145757,0.05658428162590802,0.04213020939468032,0.04413200977344021
thermal_tau120,thermal,thermal_tau120_A0.50,-30.5,2026110277,77,thermal|thermal_tau120|-30.5|2026110277,0,0.4999999999999992,0.2084189308184424,31.91875534255751,0.23787450814643427,0.20525644787601757,0.21007619992145757,0.05658428162590802,0.04213020939468032,0.04413200977344021
thermal_tau120,thermal,thermal_tau120_A0.50,-30.5,2026110279,79,thermal|thermal_tau120|-30.5|2026110279,1,0.4999999999999992,0.2084189308184424,31.91875534255751,0.23787450814643427,0.20525644787601757,0.21007619992145757,0.5808352653330394,0.6316173136426452,0.6239796099305251
thermal_tau120,thermal,thermal_tau120_A0.50,-30.5,2026110282,82,thermal|thermal_tau120|-30.5|2026110282,0,0.4999999999999992,0.2084189308184424,31.91875534255751,0.23787450814643427,0.20525644787601757,0.21007619992145757,0.05658428162590802,0.04213020939468032,0.04413200977344021
thermal_tau120,thermal,thermal_tau120_A0.50,-30.5,2026110280,80,thermal|thermal_tau120|-30.5|2026110280,0,0.4999999999999992,0.2084189308184424,31.91875534255751,0.23787450814643427,0.20525644787601757,0.21007619992145757,0.05658428162590802,0.04213020939468032,0.04413200977344021
thermal_tau120,thermal,thermal_tau120_A0.50,-30.5,2026110283,83,thermal|thermal_tau120|-30.5|2026110283,0,0.4999999999999992,0.2084189308184424,31.91875534255751,0.23787450814643427,0.20525644787601757,0.21007619992145757,0.05658428162590802,0.04213020939468032,0.04413200977344021
thermal_tau120,thermal,thermal_tau120_A0.50,-30.5,2026110284,84,thermal|thermal_tau120|-30.5|2026110284,0,0.4999999999999992,0.2084189308184424,31.91875534255751,0.23787450814643427,0.20525644787601757,0.21007619992145757,0.05658428162590802,0.04213020939468032,0.04413200977344021
thermal_tau120,thermal,thermal_tau120_A0.50,-30.5,2026110285,85,thermal|thermal_tau120|-30.5|2026110285,0,0.4999999999999992,0.2084189308184424,31.91875534255751,0.23787450814643427,0.20525644787601757,0.21007619992145757,0.05658428162590802,0.04213020939468032,0.04413200977344021
thermal_tau120,thermal,thermal_tau120_A0.50,-30.5,2026110286,86,thermal|thermal_tau120|-30.5|2026110286,0,0.4999999999999992,0.2084189308184424,31.91875534255751,0.23787450814643427,0.20525644787601757,0.21007619992145757,0.05658428162590802,0.04213020939468032,0.04413200977344021
thermal_tau120,thermal,thermal_tau120_A0.50,-30.5,2026110287,87,thermal|thermal_tau120|-30.5|2026110287,0,0.4999999999999992,0.2084189308184424,31.91875534255751,0.23787450814643427,0.20525644787601757,0.21007619992145757,0.05658428162590802,0.04213020939468032,0.04413200977344021
thermal_tau120,thermal,thermal_tau120_A0.50,-30.5,2026110288,88,thermal|thermal_tau120|-30.5|2026110288,0,0.4999999999999992,0.2084189308184424,31.91875534255751,0.23787450814643427,0.20525644787601757,0.21007619992145757,0.05658428162590802,0.04213020939468032,0.04413200977344021
thermal_tau120,thermal,thermal_tau120_A0.50,-30.5,2026110289,89,thermal|thermal_tau120|-30.5|2026110289,0,0.4999999999999992,0.2084189308184424,31.91875534255751,0.23787450814643427,0.20525644787601757,0.21007619992145757,0.05658428162590802,0.04213020939468032,0.04413200977344021
thermal_tau120,thermal,thermal_tau120_A0.50,-30.5,2026110290,90,thermal|thermal_tau120|-30.5|2026110290,0,0.4999999999999992,0.2084189308184424,31.91875534255751,0.23787450814643427,0.20525644787601757,0.21007619992145757,0.05658428162590802,0.04213020939468032,0.04413200977344021
thermal_tau120,thermal,thermal_tau120_A0.50,-30.5,2026110291,91,thermal|thermal_tau120|-30.5|2026110291,0,0.4999999999999992,0.2084189308184424,31.91875534255751,0.23787450814643427,0.20525644787601757,0.21007619992145757,0.05658428162590802,0.04213020939468032,0.04413200977344021
thermal_tau120,thermal,thermal_tau120_A0.50,-30.5,2026110293,93,thermal|thermal_tau120|-30.5|2026110293,0,0.4999999999999992,0.2084189308184424,31.91875534255751,0.23787450814643427,0.20525644787601757,0.21007619992145757,0.05658428162590802,0.04213020939468032,0.04413200977344021
thermal_tau120,thermal,thermal_tau120_A0.50,-30.5,2026110292,92,thermal|thermal_tau120|-30.5|2026110292,0,0.4999999999999992,0.2084189308184424,31.91875534255751,0.23787450814643427,0.20525644787601757,0.21007619992145757,0.05658428162590802,0.04213020939468032,0.04413200977344021
thermal_tau120,thermal,thermal_tau120_A0.50,-30.5,2026110294,94,thermal|thermal_tau120|-30.5|2026110294,0,0.4999999999999992,0.2084189308184424,31.91875534255751,0.23787450814643427,0.20525644787601757,0.21007619992145757,0.05658428162590802,0.04213020939468032,0.04413200977344021
thermal_tau120,thermal,thermal_tau120_A0.50,-30.5,2026110295,95,thermal|thermal_tau120|-30.5|2026110295,0,0.4999999999999992,0.2084189308184424,31.91875534255751,0.23787450814643427,0.20525644787601757,0.21007619992145757,0.05658428162590802,0.04213020939468032,0.04413200977344021
thermal_tau120,thermal,thermal_tau120_A0.50,-30.5,2026110296,96,thermal|thermal_tau120|-30.5|2026110296,0,0.4999999999999992,0.2084189308184424,31.91875534255751,0.23787450814643427,0.20525644787601757,0.21007619992145757,0.05658428162590802,0.04213020939468032,0.04413200977344021
thermal_tau120,thermal,thermal_tau120_A0.50,-30.5,2026110297,97,thermal|thermal_tau120|-30.5|2026110297,0,0.4999999999999992,0.2084189308184424,31.91875534255751,0.23787450814643427,0.20525644787601757,0.21007619992145757,0.05658428162590802,0.04213020939468032,0.04413200977344021
thermal_tau120,thermal,thermal_tau120_A0.50,-30.5,2026110298,98,thermal|thermal_tau120|-30.5|2026110298,0,0.4999999999999992,0.2084189308184424,31.91875534255751,0.23787450814643427,0.20525644787601757,0.21007619992145757,0.05658428162590802,0.04213020939468032,0.04413200977344021
thermal_tau30,thermal,thermal_tau30_A0.25,-31.0,2026120202,2,thermal|thermal_tau30|-31.0|2026120202,1,0.2499999999999998,0.0821507523746461,13.118264357090071,0.4700946280414821,0.5526186379107314,0.5451888089871871,0.28079970323049513,0.20015008314484925,0.20685321947049334
thermal_tau30,thermal,thermal_tau30_A0.25,-31.0,2026120201,1,thermal|thermal_tau30|-31.0|2026120201,1,0.2499999999999998,0.0821507523746461,13.118264357090071,0.4700946280414821,0.5526186379107314,0.5451888089871871,0.28079970323049513,0.20015008314484925,0.20685321947049334
thermal_tau120,thermal,thermal_tau120_A0.50,-30.5,2026110299,99,thermal|thermal_tau120|-30.5|2026110299,0,0.4999999999999992,0.2084189308184424,31.91875534255751,0.23787450814643427,0.20525644787601757,0.21007619992145757,0.05658428162590802,0.04213020939468032,0.04413200977344021
thermal_tau30,thermal,thermal_tau30_A0.25,-31.0,2026120200,0,thermal|thermal_tau30|-31.0|2026120200,0,0.2499999999999998,0.0821507523746461,13.118264357090071,0.4700946280414821,0.5526186379107314,0.5451888089871871,0.2209889593134594,0.3053873589663121,0.2972308374448676
thermal_tau30,thermal,thermal_tau30_A0.25,-31.0,2026120203,3,thermal|thermal_tau30|-31.0|2026120203,0,0.2499999999999998,0.0821507523746461,13.118264357090071,0.4700946280414821,0.5526186379107314,0.5451888089871871,0.2209889593134594,0.3053873589663121,0.2972308374448676
thermal_tau30,thermal,thermal_tau30_A0.25,-31.0,2026120207,7,thermal|thermal_tau30|-31.0|2026120207,1,0.2499999999999998,0.0821507523746461,13.118264357090071,0.4700946280414821,0.5526186379107314,0.5451888089871871,0.28079970323049513,0.20015008314484925,0.20685321947049334
thermal_tau30,thermal,thermal_tau30_A0.25,-31.0,2026120204,4,thermal|thermal_tau30|-31.0|2026120204,0,0.2499999999999998,0.0821507523746461,13.118264357090071,0.4700946280414821,0.5526186379107314,0.5451888089871871,0.2209889593134594,0.3053873589663121,0.2972308374448676
thermal_tau30,thermal,thermal_tau30_A0.25,-31.0,2026120206,6,thermal|thermal_tau30|-31.0|2026120206,0,0.2499999999999998,0.0821507523746461,13.118264357090071,0.4700946280414821,0.5526186379107314,0.5451888089871871,0.2209889593134594,0.3053873589663121,0.2972308374448676
thermal_tau30,thermal,thermal_tau30_A0.25,-31.0,2026120205,5,thermal|thermal_tau30|-31.0|2026120205,0,0.2499999999999998,0.0821507523746461,13.118264357090071,0.4700946280414821,0.5526186379107314,0.5451888089871871,0.2209889593134594,0.3053873589663121,0.2972308374448676
thermal_tau30,thermal,thermal_tau30_A0.25,-31.0,2026120208,8,thermal|thermal_tau30|-31.0|2026120208,1,0.2499999999999998,0.0821507523746461,13.118264357090071,0.4700946280414821,0.5526186379107314,0.5451888089871871,0.28079970323049513,0.20015008314484925,0.20685321947049334
thermal_tau30,thermal,thermal_tau30_A0.25,-31.0,2026120210,10,thermal|thermal_tau30|-31.0|2026120210,1,0.2499999999999998,0.0821507523746461,13.118264357090071,0.4700946280414821,0.5526186379107314,0.5451888089871871,0.28079970323049513,0.20015008314484925,0.20685321947049334
thermal_tau30,thermal,thermal_tau30_A0.25,-31.0,2026120209,9,thermal|thermal_tau30|-31.0|2026120209,0,0.2499999999999998,0.0821507523746461,13.118264357090071,0.4700946280414821,0.5526186379107314,0.5451888089871871,0.2209889593134594,0.3053873589663121,0.2972308374448676
thermal_tau30,thermal,thermal_tau30_A0.25,-31.0,2026120211,11,thermal|thermal_tau30|-31.0|2026120211,0,0.2499999999999998,0.0821507523746461,13.118264357090071,0.4700946280414821,0.5526186379107314,0.5451888089871871,0.2209889593134594,0.3053873589663121,0.2972308374448676
thermal_tau30,thermal,thermal_tau30_A0.25,-31.0,2026120215,15,thermal|thermal_tau30|-31.0|2026120215,1,0.2499999999999998,0.0821507523746461,13.118264357090071,0.4700946280414821,0.5526186379107314,0.5451888089871871,0.28079970323049513,0.20015008314484925,0.20685321947049334
thermal_tau30,thermal,thermal_tau30_A0.25,-31.0,2026120212,12,thermal|thermal_tau30|-31.0|2026120212,1,0.2499999999999998,0.0821507523746461,13.118264357090071,0.4700946280414821,0.5526186379107314,0.5451888089871871,0.28079970323049513,0.20015008314484925,0.20685321947049334
thermal_tau30,thermal,thermal_tau30_A0.25,-31.0,2026120213,13,thermal|thermal_tau30|-31.0|2026120213,1,0.2499999999999998,0.0821507523746461,13.118264357090071,0.4700946280414821,0.5526186379107314,0.5451888089871871,0.28079970323049513,0.20015008314484925,0.20685321947049334
thermal_tau30,thermal,thermal_tau30_A0.25,-31.0,2026120214,14,thermal|thermal_tau30|-31.0|2026120214,1,0.2499999999999998,0.0821507523746461,13.118264357090071,0.4700946280414821,0.5526186379107314,0.5451888089871871,0.28079970323049513,0.20015008314484925,0.20685321947049334
thermal_tau30,thermal,thermal_tau30_A0.25,-31.0,2026120218,18,thermal|thermal_tau30|-31.0|2026120218,1,0.2499999999999998,0.0821507523746461,13.118264357090071,0.4700946280414821,0.5526186379107314,0.5451888089871871,0.28079970323049513,0.20015008314484925,0.20685321947049334
thermal_tau30,thermal,thermal_tau30_A0.25,-31.0,2026120216,16,thermal|thermal_tau30|-31.0|2026120216,1,0.2499999999999998,0.0821507523746461,13.118264357090071,0.4700946280414821,0.5526186379107314,0.5451888089871871,0.28079970323049513,0.20015008314484925,0.20685321947049334
thermal_tau30,thermal,thermal_tau30_A0.25,-31.0,2026120217,17,thermal|thermal_tau30|-31.0|2026120217,1,0.2499999999999998,0.0821507523746461,13.118264357090071,0.4700946280414821,0.5526186379107314,0.5451888089871871,0.28079970323049513,0.20015008314484925,0.20685321947049334
thermal_tau30,thermal,thermal_tau30_A0.25,-31.0,2026120220,20,thermal|thermal_tau30|-31.0|2026120220,1,0.2499999999999998,0.0821507523746461,13.118264357090071,0.4700946280414821,0.5526186379107314,0.5451888089871871,0.28079970323049513,0.20015008314484925,0.20685321947049334
thermal_tau30,thermal,thermal_tau30_A0.25,-31.0,2026120221,21,thermal|thermal_tau30|-31.0|2026120221,1,0.2499999999999998,0.0821507523746461,13.118264357090071,0.4700946280414821,0.5526186379107314,0.5451888089871871,0.28079970323049513,0.20015008314484925,0.20685321947049334
thermal_tau30,thermal,thermal_tau30_A0.25,-31.0,2026120219,19,thermal|thermal_tau30|-31.0|2026120219,0,0.2499999999999998,0.0821507523746461,13.118264357090071,0.4700946280414821,0.5526186379107314,0.5451888089871871,0.2209889593134594,0.3053873589663121,0.2972308374448676
thermal_tau30,thermal,thermal_tau30_A0.25,-31.0,2026120222,22,thermal|thermal_tau30|-31.0|2026120222,0,0.2499999999999998,0.0821507523746461,13.118264357090071,0.4700946280414821,0.5526186379107314,0.5451888089871871,0.2209889593134594,0.3053873589663121,0.2972308374448676
thermal_tau30,thermal,thermal_tau30_A0.25,-31.0,2026120223,23,thermal|thermal_tau30|-31.0|2026120223,0,0.2499999999999998,0.0821507523746461,13.118264357090071,0.4700946280414821,0.5526186379107314,0.5451888089871871,0.2209889593134594,0.3053873589663121,0.2972308374448676
thermal_tau30,thermal,thermal_tau30_A0.25,-31.0,2026120224,24,thermal|thermal_tau30|-31.0|2026120224,0,0.2499999999999998,0.0821507523746461,13.118264357090071,0.4700946280414821,0.5526186379107314,0.5451888089871871,0.2209889593134594,0.3053873589663121,0.2972308374448676
thermal_tau30,thermal,thermal_tau30_A0.25,-31.0,2026120225,25,thermal|thermal_tau30|-31.0|2026120225,0,0.2499999999999998,0.0821507523746461,13.118264357090071,0.4700946280414821,0.5526186379107314,0.5451888089871871,0.2209889593134594,0.3053873589663121,0.2972308374448676
thermal_tau30,thermal,thermal_tau30_A0.25,-31.0,2026120227,27,thermal|thermal_tau30|-31.0|2026120227,1,0.2499999999999998,0.0821507523746461,13.118264357090071,0.4700946280414821,0.5526186379107314,0.5451888089871871,0.28079970323049513,0.20015008314484925,0.20685321947049334
thermal_tau30,thermal,thermal_tau30_A0.25,-31.0,2026120229,29,thermal|thermal_tau30|-31.0|2026120229,0,0.2499999999999998,0.0821507523746461,13.118264357090071,0.4700946280414821,0.5526186379107314,0.5451888089871871,0.2209889593134594,0.3053873589663121,0.2972308374448676
thermal_tau30,thermal,thermal_tau30_A0.25,-31.0,2026120228,28,thermal|thermal_tau30|-31.0|2026120228,1,0.2499999999999998,0.0821507523746461,13.118264357090071,0.4700946280414821,0.5526186379107314,0.5451888089871871,0.28079970323049513,0.20015008314484925,0.20685321947049334
thermal_tau30,thermal,thermal_tau30_A0.25,-31.0,2026120226,26,thermal|thermal_tau30|-31.0|2026120226,0,0.2499999999999998,0.0821507523746461,13.118264357090071,0.4700946280414821,0.5526186379107314,0.5451888089871871,0.2209889593134594,0.3053873589663121,0.2972308374448676
thermal_tau30,thermal,thermal_tau30_A0.25,-31.0,2026120230,30,thermal|thermal_tau30|-31.0|2026120230,1,0.2499999999999998,0.0821507523746461,13.118264357090071,0.4700946280414821,0.5526186379107314,0.5451888089871871,0.28079970323049513,0.20015008314484925,0.20685321947049334
thermal_tau30,thermal,thermal_tau30_A0.25,-31.0,2026120233,33,thermal|thermal_tau30|-31.0|2026120233,1,0.2499999999999998,0.0821507523746461,13.118264357090071,0.4700946280414821,0.5526186379107314,0.5451888089871871,0.28079970323049513,0.20015008314484925,0.20685321947049334
thermal_tau30,thermal,thermal_tau30_A0.25,-31.0,2026120232,32,thermal|thermal_tau30|-31.0|2026120232,1,0.2499999999999998,0.0821507523746461,13.118264357090071,0.4700946280414821,0.5526186379107314,0.5451888089871871,0.28079970323049513,0.20015008314484925,0.20685321947049334
thermal_tau30,thermal,thermal_tau30_A0.25,-31.0,2026120231,31,thermal|thermal_tau30|-31.0|2026120231,1,0.2499999999999998,0.0821507523746461,13.118264357090071,0.4700946280414821,0.5526186379107314,0.5451888089871871,0.28079970323049513,0.20015008314484925,0.20685321947049334
thermal_tau30,thermal,thermal_tau30_A0.25,-31.0,2026120234,34,thermal|thermal_tau30|-31.0|2026120234,1,0.2499999999999998,0.0821507523746461,13.118264357090071,0.4700946280414821,0.5526186379107314,0.5451888089871871,0.28079970323049513,0.20015008314484925,0.20685321947049334
thermal_tau30,thermal,thermal_tau30_A0.25,-31.0,2026120235,35,thermal|thermal_tau30|-31.0|2026120235,1,0.2499999999999998,0.0821507523746461,13.118264357090071,0.4700946280414821,0.5526186379107314,0.5451888089871871,0.28079970323049513,0.20015008314484925,0.20685321947049334
thermal_tau30,thermal,thermal_tau30_A0.25,-31.0,2026120236,36,thermal|thermal_tau30|-31.0|2026120236,0,0.2499999999999998,0.0821507523746461,13.118264357090071,0.4700946280414821,0.5526186379107314,0.5451888089871871,0.2209889593134594,0.3053873589663121,0.2972308374448676
thermal_tau30,thermal,thermal_tau30_A0.25,-31.0,2026120240,40,thermal|thermal_tau30|-31.0|2026120240,1,0.2499999999999998,0.0821507523746461,13.118264357090071,0.4700946280414821,0.5526186379107314,0.5451888089871871,0.28079970323049513,0.20015008314484925,0.20685321947049334
thermal_tau30,thermal,thermal_tau30_A0.25,-31.0,2026120237,37,thermal|thermal_tau30|-31.0|2026120237,0,0.2499999999999998,0.0821507523746461,13.118264357090071,0.4700946280414821,0.5526186379107314,0.5451888089871871,0.2209889593134594,0.3053873589663121,0.2972308374448676
thermal_tau30,thermal,thermal_tau30_A0.25,-31.0,2026120238,38,thermal|thermal_tau30|-31.0|2026120238,0,0.2499999999999998,0.0821507523746461,13.118264357090071,0.4700946280414821,0.5526186379107314,0.5451888089871871,0.2209889593134594,0.3053873589663121,0.2972308374448676
thermal_tau30,thermal,thermal_tau30_A0.25,-31.0,2026120241,41,thermal|thermal_tau30|-31.0|2026120241,1,0.2499999999999998,0.0821507523746461,13.118264357090071,0.4700946280414821,0.5526186379107314,0.5451888089871871,0.28079970323049513,0.20015008314484925,0.20685321947049334
thermal_tau30,thermal,thermal_tau30_A0.25,-31.0,2026120242,42,thermal|thermal_tau30|-31.0|2026120242,1,0.2499999999999998,0.0821507523746461,13.118264357090071,0.4700946280414821,0.5526186379107314,0.5451888089871871,0.28079970323049513,0.20015008314484925,0.20685321947049334
thermal_tau30,thermal,thermal_tau30_A0.25,-31.0,2026120239,39,thermal|thermal_tau30|-31.0|2026120239,0,0.2499999999999998,0.0821507523746461,13.118264357090071,0.4700946280414821,0.5526186379107314,0.5451888089871871,0.2209889593134594,0.3053873589663121,0.2972308374448676
thermal_tau30,thermal,thermal_tau30_A0.25,-31.0,2026120244,44,thermal|thermal_tau30|-31.0|2026120244,1,0.2499999999999998,0.0821507523746461,13.118264357090071,0.4700946280414821,0.5526186379107314,0.5451888089871871,0.28079970323049513,0.20015008314484925,0.20685321947049334
thermal_tau30,thermal,thermal_tau30_A0.25,-31.0,2026120245,45,thermal|thermal_tau30|-31.0|2026120245,1,0.2499999999999998,0.0821507523746461,13.118264357090071,0.4700946280414821,0.5526186379107314,0.5451888089871871,0.28079970323049513,0.20015008314484925,0.20685321947049334
thermal_tau30,thermal,thermal_tau30_A0.25,-31.0,2026120246,46,thermal|thermal_tau30|-31.0|2026120246,1,0.2499999999999998,0.0821507523746461,13.118264357090071,0.4700946280414821,0.5526186379107314,0.5451888089871871,0.28079970323049513,0.20015008314484925,0.20685321947049334
thermal_tau30,thermal,thermal_tau30_A0.25,-31.0,2026120243,43,thermal|thermal_tau30|-31.0|2026120243,0,0.2499999999999998,0.0821507523746461,13.118264357090071,0.4700946280414821,0.5526186379107314,0.5451888089871871,0.2209889593134594,0.3053873589663121,0.2972308374448676
thermal_tau30,thermal,thermal_tau30_A0.25,-31.0,2026120247,47,thermal|thermal_tau30|-31.0|2026120247,1,0.2499999999999998,0.0821507523746461,13.118264357090071,0.4700946280414821,0.5526186379107314,0.5451888089871871,0.28079970323049513,0.20015008314484925,0.20685321947049334
thermal_tau30,thermal,thermal_tau30_A0.25,-31.0,2026120249,49,thermal|thermal_tau30|-31.0|2026120249,1,0.2499999999999998,0.0821507523746461,13.118264357090071,0.4700946280414821,0.5526186379107314,0.5451888089871871,0.28079970323049513,0.20015008314484925,0.20685321947049334
thermal_tau30,thermal,thermal_tau30_A0.25,-31.0,2026120248,48,thermal|thermal_tau30|-31.0|2026120248,1,0.2499999999999998,0.0821507523746461,13.118264357090071,0.4700946280414821,0.5526186379107314,0.5451888089871871,0.28079970323049513,0.20015008314484925,0.20685321947049334
thermal_tau30,thermal,thermal_tau30_A0.25,-31.0,2026120251,51,thermal|thermal_tau30|-31.0|2026120251,1,0.2499999999999998,0.0821507523746461,13.118264357090071,0.4700946280414821,0.5526186379107314,0.5451888089871871,0.28079970323049513,0.20015008314484925,0.20685321947049334
thermal_tau30,thermal,thermal_tau30_A0.25,-31.0,2026120250,50,thermal|thermal_tau30|-31.0|2026120250,0,0.2499999999999998,0.0821507523746461,13.118264357090071,0.4700946280414821,0.5526186379107314,0.5451888089871871,0.2209889593134594,0.3053873589663121,0.2972308374448676
thermal_tau30,thermal,thermal_tau30_A0.25,-31.0,2026120252,52,thermal|thermal_tau30|-31.0|2026120252,0,0.2499999999999998,0.0821507523746461,13.118264357090071,0.4700946280414821,0.5526186379107314,0.5451888089871871,0.2209889593134594,0.3053873589663121,0.2972308374448676
thermal_tau30,thermal,thermal_tau30_A0.25,-31.0,2026120255,55,thermal|thermal_tau30|-31.0|2026120255,1,0.2499999999999998,0.0821507523746461,13.118264357090071,0.4700946280414821,0.5526186379107314,0.5451888089871871,0.28079970323049513,0.20015008314484925,0.20685321947049334
thermal_tau30,thermal,thermal_tau30_A0.25,-31.0,2026120253,53,thermal|thermal_tau30|-31.0|2026120253,0,0.2499999999999998,0.0821507523746461,13.118264357090071,0.4700946280414821,0.5526186379107314,0.5451888089871871,0.2209889593134594,0.3053873589663121,0.2972308374448676
thermal_tau30,thermal,thermal_tau30_A0.25,-31.0,2026120254,54,thermal|thermal_tau30|-31.0|2026120254,0,0.2499999999999998,0.0821507523746461,13.118264357090071,0.4700946280414821,0.5526186379107314,0.5451888089871871,0.2209889593134594,0.3053873589663121,0.2972308374448676
thermal_tau30,thermal,thermal_tau30_A0.25,-31.0,2026120259,59,thermal|thermal_tau30|-31.0|2026120259,1,0.2499999999999998,0.0821507523746461,13.118264357090071,0.4700946280414821,0.5526186379107314,0.5451888089871871,0.28079970323049513,0.20015008314484925,0.20685321947049334
thermal_tau30,thermal,thermal_tau30_A0.25,-31.0,2026120257,57,thermal|thermal_tau30|-31.0|2026120257,1,0.2499999999999998,0.0821507523746461,13.118264357090071,0.4700946280414821,0.5526186379107314,0.5451888089871871,0.28079970323049513,0.20015008314484925,0.20685321947049334
thermal_tau30,thermal,thermal_tau30_A0.25,-31.0,2026120256,56,thermal|thermal_tau30|-31.0|2026120256,0,0.2499999999999998,0.0821507523746461,13.118264357090071,0.4700946280414821,0.5526186379107314,0.5451888089871871,0.2209889593134594,0.3053873589663121,0.2972308374448676
thermal_tau30,thermal,thermal_tau30_A0.25,-31.0,2026120258,58,thermal|thermal_tau30|-31.0|2026120258,0,0.2499999999999998,0.0821507523746461,13.118264357090071,0.4700946280414821,0.5526186379107314,0.5451888089871871,0.2209889593134594,0.3053873589663121,0.2972308374448676
thermal_tau30,thermal,thermal_tau30_A0.25,-31.0,2026120262,62,thermal|thermal_tau30|-31.0|2026120262,1,0.2499999999999998,0.0821507523746461,13.118264357090071,0.4700946280414821,0.5526186379107314,0.5451888089871871,0.28079970323049513,0.20015008314484925,0.20685321947049334
thermal_tau30,thermal,thermal_tau30_A0.25,-31.0,2026120260,60,thermal|thermal_tau30|-31.0|2026120260,0,0.2499999999999998,0.0821507523746461,13.118264357090071,0.4700946280414821,0.5526186379107314,0.5451888089871871,0.2209889593134594,0.3053873589663121,0.2972308374448676
thermal_tau30,thermal,thermal_tau30_A0.25,-31.0,2026120263,63,thermal|thermal_tau30|-31.0|2026120263,1,0.2499999999999998,0.0821507523746461,13.118264357090071,0.4700946280414821,0.5526186379107314,0.5451888089871871,0.28079970323049513,0.20015008314484925,0.20685321947049334
thermal_tau30,thermal,thermal_tau30_A0.25,-31.0,2026120261,61,thermal|thermal_tau30|-31.0|2026120261,0,0.2499999999999998,0.0821507523746461,13.118264357090071,0.4700946280414821,0.5526186379107314,0.5451888089871871,0.2209889593134594,0.3053873589663121,0.2972308374448676
thermal_tau30,thermal,thermal_tau30_A0.25,-31.0,2026120264,64,thermal|thermal_tau30|-31.0|2026120264,0,0.2499999999999998,0.0821507523746461,13.118264357090071,0.4700946280414821,0.5526186379107314,0.5451888089871871,0.2209889593134594,0.3053873589663121,0.2972308374448676
thermal_tau30,thermal,thermal_tau30_A0.25,-31.0,2026120265,65,thermal|thermal_tau30|-31.0|2026120265,1,0.2499999999999998,0.0821507523746461,13.118264357090071,0.4700946280414821,0.5526186379107314,0.5451888089871871,0.28079970323049513,0.20015008314484925,0.20685321947049334
thermal_tau30,thermal,thermal_tau30_A0.25,-31.0,2026120268,68,thermal|thermal_tau30|-31.0|2026120268,1,0.2499999999999998,0.0821507523746461,13.118264357090071,0.4700946280414821,0.5526186379107314,0.5451888089871871,0.28079970323049513,0.20015008314484925,0.20685321947049334
thermal_tau30,thermal,thermal_tau30_A0.25,-31.0,2026120266,66,thermal|thermal_tau30|-31.0|2026120266,0,0.2499999999999998,0.0821507523746461,13.118264357090071,0.4700946280414821,0.5526186379107314,0.5451888089871871,0.2209889593134594,0.3053873589663121,0.2972308374448676
thermal_tau30,thermal,thermal_tau30_A0.25,-31.0,2026120269,69,thermal|thermal_tau30|-31.0|2026120269,1,0.2499999999999998,0.0821507523746461,13.118264357090071,0.4700946280414821,0.5526186379107314,0.5451888089871871,0.28079970323049513,0.20015008314484925,0.20685321947049334
thermal_tau30,thermal,thermal_tau30_A0.25,-31.0,2026120267,67,thermal|thermal_tau30|-31.0|2026120267,0,0.2499999999999998,0.0821507523746461,13.118264357090071,0.4700946280414821,0.5526186379107314,0.5451888089871871,0.2209889593134594,0.3053873589663121,0.2972308374448676
thermal_tau30,thermal,thermal_tau30_A0.25,-31.0,2026120272,72,thermal|thermal_tau30|-31.0|2026120272,1,0.2499999999999998,0.0821507523746461,13.118264357090071,0.4700946280414821,0.5526186379107314,0.5451888089871871,0.28079970323049513,0.20015008314484925,0.20685321947049334
thermal_tau30,thermal,thermal_tau30_A0.25,-31.0,2026120274,74,thermal|thermal_tau30|-31.0|2026120274,0,0.2499999999999998,0.0821507523746461,13.118264357090071,0.4700946280414821,0.5526186379107314,0.5451888089871871,0.2209889593134594,0.3053873589663121,0.2972308374448676
thermal_tau30,thermal,thermal_tau30_A0.25,-31.0,2026120270,70,thermal|thermal_tau30|-31.0|2026120270,0,0.2499999999999998,0.0821507523746461,13.118264357090071,0.4700946280414821,0.5526186379107314,0.5451888089871871,0.2209889593134594,0.3053873589663121,0.2972308374448676
thermal_tau30,thermal,thermal_tau30_A0.25,-31.0,2026120275,75,thermal|thermal_tau30|-31.0|2026120275,1,0.2499999999999998,0.0821507523746461,13.118264357090071,0.4700946280414821,0.5526186379107314,0.5451888089871871,0.28079970323049513,0.20015008314484925,0.20685321947049334
thermal_tau30,thermal,thermal_tau30_A0.25,-31.0,2026120271,71,thermal|thermal_tau30|-31.0|2026120271,0,0.2499999999999998,0.0821507523746461,13.118264357090071,0.4700946280414821,0.5526186379107314,0.5451888089871871,0.2209889593134594,0.3053873589663121,0.2972308374448676
thermal_tau30,thermal,thermal_tau30_A0.25,-31.0,2026120273,73,thermal|thermal_tau30|-31.0|2026120273,0,0.2499999999999998,0.0821507523746461,13.118264357090071,0.4700946280414821,0.5526186379107314,0.5451888089871871,0.2209889593134594,0.3053873589663121,0.2972308374448676
thermal_tau30,thermal,thermal_tau30_A0.25,-31.0,2026120276,76,thermal|thermal_tau30|-31.0|2026120276,1,0.2499999999999998,0.0821507523746461,13.118264357090071,0.4700946280414821,0.5526186379107314,0.5451888089871871,0.28079970323049513,0.20015008314484925,0.20685321947049334
thermal_tau30,thermal,thermal_tau30_A0.25,-31.0,2026120278,78,thermal|thermal_tau30|-31.0|2026120278,0,0.2499999999999998,0.0821507523746461,13.118264357090071,0.4700946280414821,0.5526186379107314,0.5451888089871871,0.2209889593134594,0.3053873589663121,0.2972308374448676
thermal_tau30,thermal,thermal_tau30_A0.25,-31.0,2026120279,79,thermal|thermal_tau30|-31.0|2026120279,0,0.2499999999999998,0.0821507523746461,13.118264357090071,0.4700946280414821,0.5526186379107314,0.5451888089871871,0.2209889593134594,0.3053873589663121,0.2972308374448676
thermal_tau30,thermal,thermal_tau30_A0.25,-31.0,2026120277,77,thermal|thermal_tau30|-31.0|2026120277,1,0.2499999999999998,0.0821507523746461,13.118264357090071,0.4700946280414821,0.5526186379107314,0.5451888089871871,0.28079970323049513,0.20015008314484925,0.20685321947049334
thermal_tau30,thermal,thermal_tau30_A0.25,-31.0,2026120282,82,thermal|thermal_tau30|-31.0|2026120282,1,0.2499999999999998,0.0821507523746461,13.118264357090071,0.4700946280414821,0.5526186379107314,0.5451888089871871,0.28079970323049513,0.20015008314484925,0.20685321947049334
thermal_tau30,thermal,thermal_tau30_A0.25,-31.0,2026120284,84,thermal|thermal_tau30|-31.0|2026120284,0,0.2499999999999998,0.0821507523746461,13.118264357090071,0.4700946280414821,0.5526186379107314,0.5451888089871871,0.2209889593134594,0.3053873589663121,0.2972308374448676
thermal_tau30,thermal,thermal_tau30_A0.25,-31.0,2026120285,85,thermal|thermal_tau30|-31.0|2026120285,1,0.2499999999999998,0.0821507523746461,13.118264357090071,0.4700946280414821,0.5526186379107314,0.5451888089871871,0.28079970323049513,0.20015008314484925,0.20685321947049334
thermal_tau30,thermal,thermal_tau30_A0.25,-31.0,2026120280,80,thermal|thermal_tau30|-31.0|2026120280,0,0.2499999999999998,0.0821507523746461,13.118264357090071,0.4700946280414821,0.5526186379107314,0.5451888089871871,0.2209889593134594,0.3053873589663121,0.2972308374448676
thermal_tau30,thermal,thermal_tau30_A0.25,-31.0,2026120281,81,thermal|thermal_tau30|-31.0|2026120281,0,0.2499999999999998,0.0821507523746461,13.118264357090071,0.4700946280414821,0.5526186379107314,0.5451888089871871,0.2209889593134594,0.3053873589663121,0.2972308374448676
thermal_tau30,thermal,thermal_tau30_A0.25,-31.0,2026120283,83,thermal|thermal_tau30|-31.0|2026120283,0,0.2499999999999998,0.0821507523746461,13.118264357090071,0.4700946280414821,0.5526186379107314,0.5451888089871871,0.2209889593134594,0.3053873589663121,0.2972308374448676
thermal_tau30,thermal,thermal_tau30_A0.25,-31.0,2026120289,89,thermal|thermal_tau30|-31.0|2026120289,1,0.2499999999999998,0.0821507523746461,13.118264357090071,0.4700946280414821,0.5526186379107314,0.5451888089871871,0.28079970323049513,0.20015008314484925,0.20685321947049334
thermal_tau30,thermal,thermal_tau30_A0.25,-31.0,2026120290,90,thermal|thermal_tau30|-31.0|2026120290,1,0.2499999999999998,0.0821507523746461,13.118264357090071,0.4700946280414821,0.5526186379107314,0.5451888089871871,0.28079970323049513,0.20015008314484925,0.20685321947049334
thermal_tau30,thermal,thermal_tau30_A0.25,-31.0,2026120287,87,thermal|thermal_tau30|-31.0|2026120287,1,0.2499999999999998,0.0821507523746461,13.118264357090071,0.4700946280414821,0.5526186379107314,0.5451888089871871,0.28079970323049513,0.20015008314484925,0.20685321947049334
thermal_tau30,thermal,thermal_tau30_A0.25,-31.0,2026120286,86,thermal|thermal_tau30|-31.0|2026120286,0,0.2499999999999998,0.0821507523746461,13.118264357090071,0.4700946280414821,0.5526186379107314,0.5451888089871871,0.2209889593134594,0.3053873589663121,0.2972308374448676
thermal_tau30,thermal,thermal_tau30_A0.25,-31.0,2026120288,88,thermal|thermal_tau30|-31.0|2026120288,1,0.2499999999999998,0.0821507523746461,13.118264357090071,0.4700946280414821,0.5526186379107314,0.5451888089871871,0.28079970323049513,0.20015008314484925,0.20685321947049334
thermal_tau30,thermal,thermal_tau30_A0.25,-31.0,2026120294,94,thermal|thermal_tau30|-31.0|2026120294,0,0.2499999999999998,0.0821507523746461,13.118264357090071,0.4700946280414821,0.5526186379107314,0.5451888089871871,0.2209889593134594,0.3053873589663121,0.2972308374448676
thermal_tau30,thermal,thermal_tau30_A0.25,-31.0,2026120291,91,thermal|thermal_tau30|-31.0|2026120291,0,0.2499999999999998,0.0821507523746461,13.118264357090071,0.4700946280414821,0.5526186379107314,0.5451888089871871,0.2209889593134594,0.3053873589663121,0.2972308374448676
thermal_tau30,thermal,thermal_tau30_A0.25,-31.0,2026120295,95,thermal|thermal_tau30|-31.0|2026120295,1,0.2499999999999998,0.0821507523746461,13.118264357090071,0.4700946280414821,0.5526186379107314,0.5451888089871871,0.28079970323049513,0.20015008314484925,0.20685321947049334
thermal_tau30,thermal,thermal_tau30_A0.25,-31.0,2026120292,92,thermal|thermal_tau30|-31.0|2026120292,1,0.2499999999999998,0.0821507523746461,13.118264357090071,0.4700946280414821,0.5526186379107314,0.5451888089871871,0.28079970323049513,0.20015008314484925,0.20685321947049334
thermal_tau30,thermal,thermal_tau30_A0.25,-31.0,2026120293,93,thermal|thermal_tau30|-31.0|2026120293,1,0.2499999999999998,0.0821507523746461,13.118264357090071,0.4700946280414821,0.5526186379107314,0.5451888089871871,0.28079970323049513,0.20015008314484925,0.20685321947049334
thermal_tau30,thermal,thermal_tau30_A0.25,-31.0,2026120297,97,thermal|thermal_tau30|-31.0|2026120297,1,0.2499999999999998,0.0821507523746461,13.118264357090071,0.4700946280414821,0.5526186379107314,0.5451888089871871,0.28079970323049513,0.20015008314484925,0.20685321947049334
thermal_tau30,thermal,thermal_tau30_A0.25,-31.0,2026120298,98,thermal|thermal_tau30|-31.0|2026120298,1,0.2499999999999998,0.0821507523746461,13.118264357090071,0.4700946280414821,0.5526186379107314,0.5451888089871871,0.28079970323049513,0.20015008314484925,0.20685321947049334
thermal_tau30,thermal,thermal_tau30_A0.50,-31.0,2026120200,0,thermal|thermal_tau30|-31.0|2026120200,1,0.4999999999999996,0.1643015047492922,26.236528714180142,0.05945273173451503,0.10823195984204506,0.10257127968631738,0.8846291638416661,0.79525023744716,0.8053783080438539
thermal_tau30,thermal,thermal_tau30_A0.25,-31.0,2026120296,96,thermal|thermal_tau30|-31.0|2026120296,0,0.2499999999999998,0.0821507523746461,13.118264357090071,0.4700946280414821,0.5526186379107314,0.5451888089871871,0.2209889593134594,0.3053873589663121,0.2972308374448676
thermal_tau30,thermal,thermal_tau30_A0.25,-31.0,2026120299,99,thermal|thermal_tau30|-31.0|2026120299,0,0.2499999999999998,0.0821507523746461,13.118264357090071,0.4700946280414821,0.5526186379107314,0.5451888089871871,0.2209889593134594,0.3053873589663121,0.2972308374448676
thermal_tau30,thermal,thermal_tau30_A0.50,-31.0,2026120202,2,thermal|thermal_tau30|-31.0|2026120202,1,0.4999999999999996,0.1643015047492922,26.236528714180142,0.05945273173451503,0.10823195984204506,0.10257127968631738,0.8846291638416661,0.79525023744716,0.8053783080438539
thermal_tau30,thermal,thermal_tau30_A0.50,-31.0,2026120201,1,thermal|thermal_tau30|-31.0|2026120201,0,0.4999999999999996,0.1643015047492922,26.236528714180142,0.05945273173451503,0.10823195984204506,0.10257127968631738,0.0035346273106962103,0.011714157131250055,0.010520867416488744
thermal_tau30,thermal,thermal_tau30_A0.50,-31.0,2026120205,5,thermal|thermal_tau30|-31.0|2026120205,1,0.4999999999999996,0.1643015047492922,26.236528714180142,0.05945273173451503,0.10823195984204506,0.10257127968631738,0.8846291638416661,0.79525023744716,0.8053783080438539
thermal_tau30,thermal,thermal_tau30_A0.50,-31.0,2026120203,3,thermal|thermal_tau30|-31.0|2026120203,0,0.4999999999999996,0.1643015047492922,26.236528714180142,0.05945273173451503,0.10823195984204506,0.10257127968631738,0.0035346273106962103,0.011714157131250055,0.010520867416488744
thermal_tau30,thermal,thermal_tau30_A0.50,-31.0,2026120204,4,thermal|thermal_tau30|-31.0|2026120204,0,0.4999999999999996,0.1643015047492922,26.236528714180142,0.05945273173451503,0.10823195984204506,0.10257127968631738,0.0035346273106962103,0.011714157131250055,0.010520867416488744
thermal_tau30,thermal,thermal_tau30_A0.50,-31.0,2026120209,9,thermal|thermal_tau30|-31.0|2026120209,1,0.4999999999999996,0.1643015047492922,26.236528714180142,0.05945273173451503,0.10823195984204506,0.10257127968631738,0.8846291638416661,0.79525023744716,0.8053783080438539
thermal_tau30,thermal,thermal_tau30_A0.50,-31.0,2026120206,6,thermal|thermal_tau30|-31.0|2026120206,0,0.4999999999999996,0.1643015047492922,26.236528714180142,0.05945273173451503,0.10823195984204506,0.10257127968631738,0.0035346273106962103,0.011714157131250055,0.010520867416488744
thermal_tau30,thermal,thermal_tau30_A0.50,-31.0,2026120207,7,thermal|thermal_tau30|-31.0|2026120207,0,0.4999999999999996,0.1643015047492922,26.236528714180142,0.05945273173451503,0.10823195984204506,0.10257127968631738,0.0035346273106962103,0.011714157131250055,0.010520867416488744
thermal_tau30,thermal,thermal_tau30_A0.50,-31.0,2026120210,10,thermal|thermal_tau30|-31.0|2026120210,1,0.4999999999999996,0.1643015047492922,26.236528714180142,0.05945273173451503,0.10823195984204506,0.10257127968631738,0.8846291638416661,0.79525023744716,0.8053783080438539
thermal_tau30,thermal,thermal_tau30_A0.50,-31.0,2026120208,8,thermal|thermal_tau30|-31.0|2026120208,0,0.4999999999999996,0.1643015047492922,26.236528714180142,0.05945273173451503,0.10823195984204506,0.10257127968631738,0.0035346273106962103,0.011714157131250055,0.010520867416488744
thermal_tau30,thermal,thermal_tau30_A0.50,-31.0,2026120214,14,thermal|thermal_tau30|-31.0|2026120214,1,0.4999999999999996,0.1643015047492922,26.236528714180142,0.05945273173451503,0.10823195984204506,0.10257127968631738,0.8846291638416661,0.79525023744716,0.8053783080438539
thermal_tau30,thermal,thermal_tau30_A0.50,-31.0,2026120211,11,thermal|thermal_tau30|-31.0|2026120211,0,0.4999999999999996,0.1643015047492922,26.236528714180142,0.05945273173451503,0.10823195984204506,0.10257127968631738,0.0035346273106962103,0.011714157131250055,0.010520867416488744
thermal_tau30,thermal,thermal_tau30_A0.50,-31.0,2026120212,12,thermal|thermal_tau30|-31.0|2026120212,0,0.4999999999999996,0.1643015047492922,26.236528714180142,0.05945273173451503,0.10823195984204506,0.10257127968631738,0.0035346273106962103,0.011714157131250055,0.010520867416488744
thermal_tau30,thermal,thermal_tau30_A0.50,-31.0,2026120213,13,thermal|thermal_tau30|-31.0|2026120213,0,0.4999999999999996,0.1643015047492922,26.236528714180142,0.05945273173451503,0.10823195984204506,0.10257127968631738,0.0035346273106962103,0.011714157131250055,0.010520867416488744
thermal_tau30,thermal,thermal_tau30_A0.50,-31.0,2026120215,15,thermal|thermal_tau30|-31.0|2026120215,1,0.4999999999999996,0.1643015047492922,26.236528714180142,0.05945273173451503,0.10823195984204506,0.10257127968631738,0.8846291638416661,0.79525023744716,0.8053783080438539
thermal_tau30,thermal,thermal_tau30_A0.50,-31.0,2026120216,16,thermal|thermal_tau30|-31.0|2026120216,1,0.4999999999999996,0.1643015047492922,26.236528714180142,0.05945273173451503,0.10823195984204506,0.10257127968631738,0.8846291638416661,0.79525023744716,0.8053783080438539
thermal_tau30,thermal,thermal_tau30_A0.50,-31.0,2026120218,18,thermal|thermal_tau30|-31.0|2026120218,1,0.4999999999999996,0.1643015047492922,26.236528714180142,0.05945273173451503,0.10823195984204506,0.10257127968631738,0.8846291638416661,0.79525023744716,0.8053783080438539
thermal_tau30,thermal,thermal_tau30_A0.50,-31.0,2026120217,17,thermal|thermal_tau30|-31.0|2026120217,1,0.4999999999999996,0.1643015047492922,26.236528714180142,0.05945273173451503,0.10823195984204506,0.10257127968631738,0.8846291638416661,0.79525023744716,0.8053783080438539
thermal_tau30,thermal,thermal_tau30_A0.50,-31.0,2026120219,19,thermal|thermal_tau30|-31.0|2026120219,1,0.4999999999999996,0.1643015047492922,26.236528714180142,0.05945273173451503,0.10823195984204506,0.10257127968631738,0.8846291638416661,0.79525023744716,0.8053783080438539
thermal_tau30,thermal,thermal_tau30_A0.50,-31.0,2026120223,23,thermal|thermal_tau30|-31.0|2026120223,0,0.4999999999999996,0.1643015047492922,26.236528714180142,0.05945273173451503,0.10823195984204506,0.10257127968631738,0.0035346273106962103,0.011714157131250055,0.010520867416488744
thermal_tau30,thermal,thermal_tau30_A0.50,-31.0,2026120220,20,thermal|thermal_tau30|-31.0|2026120220,1,0.4999999999999996,0.1643015047492922,26.236528714180142,0.05945273173451503,0.10823195984204506,0.10257127968631738,0.8846291638416661,0.79525023744716,0.8053783080438539
thermal_tau30,thermal,thermal_tau30_A0.50,-31.0,2026120221,21,thermal|thermal_tau30|-31.0|2026120221,0,0.4999999999999996,0.1643015047492922,26.236528714180142,0.05945273173451503,0.10823195984204506,0.10257127968631738,0.0035346273106962103,0.011714157131250055,0.010520867416488744
thermal_tau30,thermal,thermal_tau30_A0.50,-31.0,2026120222,22,thermal|thermal_tau30|-31.0|2026120222,0,0.4999999999999996,0.1643015047492922,26.236528714180142,0.05945273173451503,0.10823195984204506,0.10257127968631738,0.0035346273106962103,0.011714157131250055,0.010520867416488744
thermal_tau30,thermal,thermal_tau30_A0.50,-31.0,2026120224,24,thermal|thermal_tau30|-31.0|2026120224,0,0.4999999999999996,0.1643015047492922,26.236528714180142,0.05945273173451503,0.10823195984204506,0.10257127968631738,0.0035346273106962103,0.011714157131250055,0.010520867416488744
thermal_tau30,thermal,thermal_tau30_A0.50,-31.0,2026120225,25,thermal|thermal_tau30|-31.0|2026120225,0,0.4999999999999996,0.1643015047492922,26.236528714180142,0.05945273173451503,0.10823195984204506,0.10257127968631738,0.0035346273106962103,0.011714157131250055,0.010520867416488744
thermal_tau30,thermal,thermal_tau30_A0.50,-31.0,2026120229,29,thermal|thermal_tau30|-31.0|2026120229,0,0.4999999999999996,0.1643015047492922,26.236528714180142,0.05945273173451503,0.10823195984204506,0.10257127968631738,0.0035346273106962103,0.011714157131250055,0.010520867416488744
thermal_tau30,thermal,thermal_tau30_A0.50,-31.0,2026120228,28,thermal|thermal_tau30|-31.0|2026120228,1,0.4999999999999996,0.1643015047492922,26.236528714180142,0.05945273173451503,0.10823195984204506,0.10257127968631738,0.8846291638416661,0.79525023744716,0.8053783080438539
thermal_tau30,thermal,thermal_tau30_A0.50,-31.0,2026120226,26,thermal|thermal_tau30|-31.0|2026120226,0,0.4999999999999996,0.1643015047492922,26.236528714180142,0.05945273173451503,0.10823195984204506,0.10257127968631738,0.0035346273106962103,0.011714157131250055,0.010520867416488744
thermal_tau30,thermal,thermal_tau30_A0.50,-31.0,2026120227,27,thermal|thermal_tau30|-31.0|2026120227,0,0.4999999999999996,0.1643015047492922,26.236528714180142,0.05945273173451503,0.10823195984204506,0.10257127968631738,0.0035346273106962103,0.011714157131250055,0.010520867416488744
thermal_tau30,thermal,thermal_tau30_A0.50,-31.0,2026120230,30,thermal|thermal_tau30|-31.0|2026120230,0,0.4999999999999996,0.1643015047492922,26.236528714180142,0.05945273173451503,0.10823195984204506,0.10257127968631738,0.0035346273106962103,0.011714157131250055,0.010520867416488744
thermal_tau30,thermal,thermal_tau30_A0.50,-31.0,2026120231,31,thermal|thermal_tau30|-31.0|2026120231,0,0.4999999999999996,0.1643015047492922,26.236528714180142,0.05945273173451503,0.10823195984204506,0.10257127968631738,0.0035346273106962103,0.011714157131250055,0.010520867416488744
thermal_tau30,thermal,thermal_tau30_A0.50,-31.0,2026120232,32,thermal|thermal_tau30|-31.0|2026120232,0,0.4999999999999996,0.1643015047492922,26.236528714180142,0.05945273173451503,0.10823195984204506,0.10257127968631738,0.0035346273106962103,0.011714157131250055,0.010520867416488744
thermal_tau30,thermal,thermal_tau30_A0.50,-31.0,2026120233,33,thermal|thermal_tau30|-31.0|2026120233,0,0.4999999999999996,0.1643015047492922,26.236528714180142,0.05945273173451503,0.10823195984204506,0.10257127968631738,0.0035346273106962103,0.011714157131250055,0.010520867416488744
thermal_tau30,thermal,thermal_tau30_A0.50,-31.0,2026120234,34,thermal|thermal_tau30|-31.0|2026120234,0,0.4999999999999996,0.1643015047492922,26.236528714180142,0.05945273173451503,0.10823195984204506,0.10257127968631738,0.0035346273106962103,0.011714157131250055,0.010520867416488744
thermal_tau30,thermal,thermal_tau30_A0.50,-31.0,2026120235,35,thermal|thermal_tau30|-31.0|2026120235,0,0.4999999999999996,0.1643015047492922,26.236528714180142,0.05945273173451503,0.10823195984204506,0.10257127968631738,0.0035346273106962103,0.011714157131250055,0.010520867416488744
thermal_tau30,thermal,thermal_tau30_A0.50,-31.0,2026120236,36,thermal|thermal_tau30|-31.0|2026120236,0,0.4999999999999996,0.1643015047492922,26.236528714180142,0.05945273173451503,0.10823195984204506,0.10257127968631738,0.0035346273106962103,0.011714157131250055,0.010520867416488744
thermal_tau30,thermal,thermal_tau30_A0.50,-31.0,2026120237,37,thermal|thermal_tau30|-31.0|2026120237,0,0.4999999999999996,0.1643015047492922,26.236528714180142,0.05945273173451503,0.10823195984204506,0.10257127968631738,0.0035346273106962103,0.011714157131250055,0.010520867416488744
thermal_tau30,thermal,thermal_tau30_A0.50,-31.0,2026120239,39,thermal|thermal_tau30|-31.0|2026120239,1,0.4999999999999996,0.1643015047492922,26.236528714180142,0.05945273173451503,0.10823195984204506,0.10257127968631738,0.8846291638416661,0.79525023744716,0.8053783080438539
thermal_tau30,thermal,thermal_tau30_A0.50,-31.0,2026120238,38,thermal|thermal_tau30|-31.0|2026120238,0,0.4999999999999996,0.1643015047492922,26.236528714180142,0.05945273173451503,0.10823195984204506,0.10257127968631738,0.0035346273106962103,0.011714157131250055,0.010520867416488744
thermal_tau30,thermal,thermal_tau30_A0.50,-31.0,2026120242,42,thermal|thermal_tau30|-31.0|2026120242,1,0.4999999999999996,0.1643015047492922,26.236528714180142,0.05945273173451503,0.10823195984204506,0.10257127968631738,0.8846291638416661,0.79525023744716,0.8053783080438539
thermal_tau30,thermal,thermal_tau30_A0.50,-31.0,2026120240,40,thermal|thermal_tau30|-31.0|2026120240,0,0.4999999999999996,0.1643015047492922,26.236528714180142,0.05945273173451503,0.10823195984204506,0.10257127968631738,0.0035346273106962103,0.011714157131250055,0.010520867416488744
thermal_tau30,thermal,thermal_tau30_A0.50,-31.0,2026120241,41,thermal|thermal_tau30|-31.0|2026120241,0,0.4999999999999996,0.1643015047492922,26.236528714180142,0.05945273173451503,0.10823195984204506,0.10257127968631738,0.0035346273106962103,0.011714157131250055,0.010520867416488744
thermal_tau30,thermal,thermal_tau30_A0.50,-31.0,2026120246,46,thermal|thermal_tau30|-31.0|2026120246,1,0.4999999999999996,0.1643015047492922,26.236528714180142,0.05945273173451503,0.10823195984204506,0.10257127968631738,0.8846291638416661,0.79525023744716,0.8053783080438539
thermal_tau30,thermal,thermal_tau30_A0.50,-31.0,2026120243,43,thermal|thermal_tau30|-31.0|2026120243,0,0.4999999999999996,0.1643015047492922,26.236528714180142,0.05945273173451503,0.10823195984204506,0.10257127968631738,0.0035346273106962103,0.011714157131250055,0.010520867416488744
thermal_tau30,thermal,thermal_tau30_A0.50,-31.0,2026120244,44,thermal|thermal_tau30|-31.0|2026120244,0,0.4999999999999996,0.1643015047492922,26.236528714180142,0.05945273173451503,0.10823195984204506,0.10257127968631738,0.0035346273106962103,0.011714157131250055,0.010520867416488744
thermal_tau30,thermal,thermal_tau30_A0.50,-31.0,2026120245,45,thermal|thermal_tau30|-31.0|2026120245,0,0.4999999999999996,0.1643015047492922,26.236528714180142,0.05945273173451503,0.10823195984204506,0.10257127968631738,0.0035346273106962103,0.011714157131250055,0.010520867416488744
thermal_tau30,thermal,thermal_tau30_A0.50,-31.0,2026120247,47,thermal|thermal_tau30|-31.0|2026120247,0,0.4999999999999996,0.1643015047492922,26.236528714180142,0.05945273173451503,0.10823195984204506,0.10257127968631738,0.0035346273106962103,0.011714157131250055,0.010520867416488744
thermal_tau30,thermal,thermal_tau30_A0.50,-31.0,2026120248,48,thermal|thermal_tau30|-31.0|2026120248,0,0.4999999999999996,0.1643015047492922,26.236528714180142,0.05945273173451503,0.10823195984204506,0.10257127968631738,0.0035346273106962103,0.011714157131250055,0.010520867416488744
thermal_tau30,thermal,thermal_tau30_A0.50,-31.0,2026120249,49,thermal|thermal_tau30|-31.0|2026120249,0,0.4999999999999996,0.1643015047492922,26.236528714180142,0.05945273173451503,0.10823195984204506,0.10257127968631738,0.0035346273106962103,0.011714157131250055,0.010520867416488744
thermal_tau30,thermal,thermal_tau30_A0.50,-31.0,2026120250,50,thermal|thermal_tau30|-31.0|2026120250,0,0.4999999999999996,0.1643015047492922,26.236528714180142,0.05945273173451503,0.10823195984204506,0.10257127968631738,0.0035346273106962103,0.011714157131250055,0.010520867416488744
thermal_tau30,thermal,thermal_tau30_A0.50,-31.0,2026120251,51,thermal|thermal_tau30|-31.0|2026120251,0,0.4999999999999996,0.1643015047492922,26.236528714180142,0.05945273173451503,0.10823195984204506,0.10257127968631738,0.0035346273106962103,0.011714157131250055,0.010520867416488744
thermal_tau30,thermal,thermal_tau30_A0.50,-31.0,2026120252,52,thermal|thermal_tau30|-31.0|2026120252,0,0.4999999999999996,0.1643015047492922,26.236528714180142,0.05945273173451503,0.10823195984204506,0.10257127968631738,0.0035346273106962103,0.011714157131250055,0.010520867416488744
thermal_tau30,thermal,thermal_tau30_A0.50,-31.0,2026120255,55,thermal|thermal_tau30|-31.0|2026120255,1,0.4999999999999996,0.1643015047492922,26.236528714180142,0.05945273173451503,0.10823195984204506,0.10257127968631738,0.8846291638416661,0.79525023744716,0.8053783080438539
thermal_tau30,thermal,thermal_tau30_A0.50,-31.0,2026120256,56,thermal|thermal_tau30|-31.0|2026120256,0,0.4999999999999996,0.1643015047492922,26.236528714180142,0.05945273173451503,0.10823195984204506,0.10257127968631738,0.0035346273106962103,0.011714157131250055,0.010520867416488744
thermal_tau30,thermal,thermal_tau30_A0.50,-31.0,2026120253,53,thermal|thermal_tau30|-31.0|2026120253,0,0.4999999999999996,0.1643015047492922,26.236528714180142,0.05945273173451503,0.10823195984204506,0.10257127968631738,0.0035346273106962103,0.011714157131250055,0.010520867416488744
thermal_tau30,thermal,thermal_tau30_A0.50,-31.0,2026120254,54,thermal|thermal_tau30|-31.0|2026120254,0,0.4999999999999996,0.1643015047492922,26.236528714180142,0.05945273173451503,0.10823195984204506,0.10257127968631738,0.0035346273106962103,0.011714157131250055,0.010520867416488744
thermal_tau30,thermal,thermal_tau30_A0.50,-31.0,2026120259,59,thermal|thermal_tau30|-31.0|2026120259,0,0.4999999999999996,0.1643015047492922,26.236528714180142,0.05945273173451503,0.10823195984204506,0.10257127968631738,0.0035346273106962103,0.011714157131250055,0.010520867416488744
thermal_tau30,thermal,thermal_tau30_A0.50,-31.0,2026120258,58,thermal|thermal_tau30|-31.0|2026120258,0,0.4999999999999996,0.1643015047492922,26.236528714180142,0.05945273173451503,0.10823195984204506,0.10257127968631738,0.0035346273106962103,0.011714157131250055,0.010520867416488744
thermal_tau30,thermal,thermal_tau30_A0.50,-31.0,2026120257,57,thermal|thermal_tau30|-31.0|2026120257,0,0.4999999999999996,0.1643015047492922,26.236528714180142,0.05945273173451503,0.10823195984204506,0.10257127968631738,0.0035346273106962103,0.011714157131250055,0.010520867416488744
thermal_tau30,thermal,thermal_tau30_A0.50,-31.0,2026120260,60,thermal|thermal_tau30|-31.0|2026120260,0,0.4999999999999996,0.1643015047492922,26.236528714180142,0.05945273173451503,0.10823195984204506,0.10257127968631738,0.0035346273106962103,0.011714157131250055,0.010520867416488744
thermal_tau30,thermal,thermal_tau30_A0.50,-31.0,2026120262,62,thermal|thermal_tau30|-31.0|2026120262,1,0.4999999999999996,0.1643015047492922,26.236528714180142,0.05945273173451503,0.10823195984204506,0.10257127968631738,0.8846291638416661,0.79525023744716,0.8053783080438539
thermal_tau30,thermal,thermal_tau30_A0.50,-31.0,2026120261,61,thermal|thermal_tau30|-31.0|2026120261,0,0.4999999999999996,0.1643015047492922,26.236528714180142,0.05945273173451503,0.10823195984204506,0.10257127968631738,0.0035346273106962103,0.011714157131250055,0.010520867416488744
thermal_tau30,thermal,thermal_tau30_A0.50,-31.0,2026120263,63,thermal|thermal_tau30|-31.0|2026120263,0,0.4999999999999996,0.1643015047492922,26.236528714180142,0.05945273173451503,0.10823195984204506,0.10257127968631738,0.0035346273106962103,0.011714157131250055,0.010520867416488744
thermal_tau30,thermal,thermal_tau30_A0.50,-31.0,2026120264,64,thermal|thermal_tau30|-31.0|2026120264,0,0.4999999999999996,0.1643015047492922,26.236528714180142,0.05945273173451503,0.10823195984204506,0.10257127968631738,0.0035346273106962103,0.011714157131250055,0.010520867416488744
thermal_tau30,thermal,thermal_tau30_A0.50,-31.0,2026120265,65,thermal|thermal_tau30|-31.0|2026120265,0,0.4999999999999996,0.1643015047492922,26.236528714180142,0.05945273173451503,0.10823195984204506,0.10257127968631738,0.0035346273106962103,0.011714157131250055,0.010520867416488744
thermal_tau30,thermal,thermal_tau30_A0.50,-31.0,2026120267,67,thermal|thermal_tau30|-31.0|2026120267,0,0.4999999999999996,0.1643015047492922,26.236528714180142,0.05945273173451503,0.10823195984204506,0.10257127968631738,0.0035346273106962103,0.011714157131250055,0.010520867416488744
thermal_tau30,thermal,thermal_tau30_A0.50,-31.0,2026120266,66,thermal|thermal_tau30|-31.0|2026120266,0,0.4999999999999996,0.1643015047492922,26.236528714180142,0.05945273173451503,0.10823195984204506,0.10257127968631738,0.0035346273106962103,0.011714157131250055,0.010520867416488744
thermal_tau30,thermal,thermal_tau30_A0.50,-31.0,2026120270,70,thermal|thermal_tau30|-31.0|2026120270,1,0.4999999999999996,0.1643015047492922,26.236528714180142,0.05945273173451503,0.10823195984204506,0.10257127968631738,0.8846291638416661,0.79525023744716,0.8053783080438539
thermal_tau30,thermal,thermal_tau30_A0.50,-31.0,2026120268,68,thermal|thermal_tau30|-31.0|2026120268,0,0.4999999999999996,0.1643015047492922,26.236528714180142,0.05945273173451503,0.10823195984204506,0.10257127968631738,0.0035346273106962103,0.011714157131250055,0.010520867416488744
thermal_tau30,thermal,thermal_tau30_A0.50,-31.0,2026120273,73,thermal|thermal_tau30|-31.0|2026120273,0,0.4999999999999996,0.1643015047492922,26.236528714180142,0.05945273173451503,0.10823195984204506,0.10257127968631738,0.0035346273106962103,0.011714157131250055,0.010520867416488744
thermal_tau30,thermal,thermal_tau30_A0.50,-31.0,2026120274,74,thermal|thermal_tau30|-31.0|2026120274,0,0.4999999999999996,0.1643015047492922,26.236528714180142,0.05945273173451503,0.10823195984204506,0.10257127968631738,0.0035346273106962103,0.011714157131250055,0.010520867416488744
thermal_tau30,thermal,thermal_tau30_A0.50,-31.0,2026120272,72,thermal|thermal_tau30|-31.0|2026120272,1,0.4999999999999996,0.1643015047492922,26.236528714180142,0.05945273173451503,0.10823195984204506,0.10257127968631738,0.8846291638416661,0.79525023744716,0.8053783080438539
thermal_tau30,thermal,thermal_tau30_A0.50,-31.0,2026120269,69,thermal|thermal_tau30|-31.0|2026120269,0,0.4999999999999996,0.1643015047492922,26.236528714180142,0.05945273173451503,0.10823195984204506,0.10257127968631738,0.0035346273106962103,0.011714157131250055,0.010520867416488744
thermal_tau30,thermal,thermal_tau30_A0.50,-31.0,2026120275,75,thermal|thermal_tau30|-31.0|2026120275,1,0.4999999999999996,0.1643015047492922,26.236528714180142,0.05945273173451503,0.10823195984204506,0.10257127968631738,0.8846291638416661,0.79525023744716,0.8053783080438539
thermal_tau30,thermal,thermal_tau30_A0.50,-31.0,2026120271,71,thermal|thermal_tau30|-31.0|2026120271,0,0.4999999999999996,0.1643015047492922,26.236528714180142,0.05945273173451503,0.10823195984204506,0.10257127968631738,0.0035346273106962103,0.011714157131250055,0.010520867416488744
thermal_tau30,thermal,thermal_tau30_A0.50,-31.0,2026120276,76,thermal|thermal_tau30|-31.0|2026120276,0,0.4999999999999996,0.1643015047492922,26.236528714180142,0.05945273173451503,0.10823195984204506,0.10257127968631738,0.0035346273106962103,0.011714157131250055,0.010520867416488744
thermal_tau30,thermal,thermal_tau30_A0.50,-31.0,2026120280,80,thermal|thermal_tau30|-31.0|2026120280,1,0.4999999999999996,0.1643015047492922,26.236528714180142,0.05945273173451503,0.10823195984204506,0.10257127968631738,0.8846291638416661,0.79525023744716,0.8053783080438539
thermal_tau30,thermal,thermal_tau30_A0.50,-31.0,2026120277,77,thermal|thermal_tau30|-31.0|2026120277,0,0.4999999999999996,0.1643015047492922,26.236528714180142,0.05945273173451503,0.10823195984204506,0.10257127968631738,0.0035346273106962103,0.011714157131250055,0.010520867416488744
thermal_tau30,thermal,thermal_tau30_A0.50,-31.0,2026120278,78,thermal|thermal_tau30|-31.0|2026120278,0,0.4999999999999996,0.1643015047492922,26.236528714180142,0.05945273173451503,0.10823195984204506,0.10257127968631738,0.0035346273106962103,0.011714157131250055,0.010520867416488744
thermal_tau30,thermal,thermal_tau30_A0.50,-31.0,2026120279,79,thermal|thermal_tau30|-31.0|2026120279,0,0.4999999999999996,0.1643015047492922,26.236528714180142,0.05945273173451503,0.10823195984204506,0.10257127968631738,0.0035346273106962103,0.011714157131250055,0.010520867416488744
thermal_tau30,thermal,thermal_tau30_A0.50,-31.0,2026120284,84,thermal|thermal_tau30|-31.0|2026120284,0,0.4999999999999996,0.1643015047492922,26.236528714180142,0.05945273173451503,0.10823195984204506,0.10257127968631738,0.0035346273106962103,0.011714157131250055,0.010520867416488744
thermal_tau30,thermal,thermal_tau30_A0.50,-31.0,2026120285,85,thermal|thermal_tau30|-31.0|2026120285,0,0.4999999999999996,0.1643015047492922,26.236528714180142,0.05945273173451503,0.10823195984204506,0.10257127968631738,0.0035346273106962103,0.011714157131250055,0.010520867416488744
thermal_tau30,thermal,thermal_tau30_A0.50,-31.0,2026120281,81,thermal|thermal_tau30|-31.0|2026120281,0,0.4999999999999996,0.1643015047492922,26.236528714180142,0.05945273173451503,0.10823195984204506,0.10257127968631738,0.0035346273106962103,0.011714157131250055,0.010520867416488744
thermal_tau30,thermal,thermal_tau30_A0.50,-31.0,2026120282,82,thermal|thermal_tau30|-31.0|2026120282,0,0.4999999999999996,0.1643015047492922,26.236528714180142,0.05945273173451503,0.10823195984204506,0.10257127968631738,0.0035346273106962103,0.011714157131250055,0.010520867416488744
thermal_tau30,thermal,thermal_tau30_A0.50,-31.0,2026120283,83,thermal|thermal_tau30|-31.0|2026120283,0,0.4999999999999996,0.1643015047492922,26.236528714180142,0.05945273173451503,0.10823195984204506,0.10257127968631738,0.0035346273106962103,0.011714157131250055,0.010520867416488744
thermal_tau30,thermal,thermal_tau30_A0.50,-31.0,2026120286,86,thermal|thermal_tau30|-31.0|2026120286,0,0.4999999999999996,0.1643015047492922,26.236528714180142,0.05945273173451503,0.10823195984204506,0.10257127968631738,0.0035346273106962103,0.011714157131250055,0.010520867416488744
thermal_tau30,thermal,thermal_tau30_A0.50,-31.0,2026120287,87,thermal|thermal_tau30|-31.0|2026120287,0,0.4999999999999996,0.1643015047492922,26.236528714180142,0.05945273173451503,0.10823195984204506,0.10257127968631738,0.0035346273106962103,0.011714157131250055,0.010520867416488744
thermal_tau30,thermal,thermal_tau30_A0.50,-31.0,2026120288,88,thermal|thermal_tau30|-31.0|2026120288,0,0.4999999999999996,0.1643015047492922,26.236528714180142,0.05945273173451503,0.10823195984204506,0.10257127968631738,0.0035346273106962103,0.011714157131250055,0.010520867416488744
thermal_tau30,thermal,thermal_tau30_A0.50,-31.0,2026120289,89,thermal|thermal_tau30|-31.0|2026120289,0,0.4999999999999996,0.1643015047492922,26.236528714180142,0.05945273173451503,0.10823195984204506,0.10257127968631738,0.0035346273106962103,0.011714157131250055,0.010520867416488744
thermal_tau30,thermal,thermal_tau30_A0.50,-31.0,2026120290,90,thermal|thermal_tau30|-31.0|2026120290,0,0.4999999999999996,0.1643015047492922,26.236528714180142,0.05945273173451503,0.10823195984204506,0.10257127968631738,0.0035346273106962103,0.011714157131250055,0.010520867416488744
thermal_tau30,thermal,thermal_tau30_A0.50,-31.0,2026120291,91,thermal|thermal_tau30|-31.0|2026120291,0,0.4999999999999996,0.1643015047492922,26.236528714180142,0.05945273173451503,0.10823195984204506,0.10257127968631738,0.0035346273106962103,0.011714157131250055,0.010520867416488744
thermal_tau30,thermal,thermal_tau30_A0.50,-31.0,2026120292,92,thermal|thermal_tau30|-31.0|2026120292,0,0.4999999999999996,0.1643015047492922,26.236528714180142,0.05945273173451503,0.10823195984204506,0.10257127968631738,0.0035346273106962103,0.011714157131250055,0.010520867416488744
thermal_tau30,thermal,thermal_tau30_A0.50,-31.0,2026120293,93,thermal|thermal_tau30|-31.0|2026120293,0,0.4999999999999996,0.1643015047492922,26.236528714180142,0.05945273173451503,0.10823195984204506,0.10257127968631738,0.0035346273106962103,0.011714157131250055,0.010520867416488744
thermal_tau30,thermal,thermal_tau30_A0.50,-31.0,2026120294,94,thermal|thermal_tau30|-31.0|2026120294,0,0.4999999999999996,0.1643015047492922,26.236528714180142,0.05945273173451503,0.10823195984204506,0.10257127968631738,0.0035346273106962103,0.011714157131250055,0.010520867416488744
thermal_tau30,thermal,thermal_tau30_A0.50,-31.0,2026120295,95,thermal|thermal_tau30|-31.0|2026120295,0,0.4999999999999996,0.1643015047492922,26.236528714180142,0.05945273173451503,0.10823195984204506,0.10257127968631738,0.0035346273106962103,0.011714157131250055,0.010520867416488744
thermal_tau30,thermal,thermal_tau30_A0.50,-31.0,2026120296,96,thermal|thermal_tau30|-31.0|2026120296,0,0.4999999999999996,0.1643015047492922,26.236528714180142,0.05945273173451503,0.10823195984204506,0.10257127968631738,0.0035346273106962103,0.011714157131250055,0.010520867416488744
thermal_tau30,thermal,thermal_tau30_A0.50,-31.0,2026120298,98,thermal|thermal_tau30|-31.0|2026120298,1,0.4999999999999996,0.1643015047492922,26.236528714180142,0.05945273173451503,0.10823195984204506,0.10257127968631738,0.8846291638416661,0.79525023744716,0.8053783080438539
thermal_tau30,thermal,thermal_tau30_A0.50,-31.0,2026120297,97,thermal|thermal_tau30|-31.0|2026120297,0,0.4999999999999996,0.1643015047492922,26.236528714180142,0.05945273173451503,0.10823195984204506,0.10257127968631738,0.0035346273106962103,0.011714157131250055,0.010520867416488744
thermal_tau60,thermal,thermal_tau60_A0.25,-31.0,2026120202,2,thermal|thermal_tau60|-31.0|2026120202,0,0.2500000000000001,0.0957463199289329,14.943958339039682,0.5014524969302349,0.5325564034851028,0.5375719873823127,0.2514546066775672,0.2836163228929876,0.28898364161816936
thermal_tau30,thermal,thermal_tau30_A0.50,-31.0,2026120299,99,thermal|thermal_tau30|-31.0|2026120299,0,0.4999999999999996,0.1643015047492922,26.236528714180142,0.05945273173451503,0.10823195984204506,0.10257127968631738,0.0035346273106962103,0.011714157131250055,0.010520867416488744
thermal_tau60,thermal,thermal_tau60_A0.25,-31.0,2026120200,0,thermal|thermal_tau60|-31.0|2026120200,0,0.2500000000000001,0.0957463199289329,14.943958339039682,0.5014524969302349,0.5325564034851028,0.5375719873823127,0.2514546066775672,0.2836163228929876,0.28898364161816936
thermal_tau60,thermal,thermal_tau60_A0.25,-31.0,2026120201,1,thermal|thermal_tau60|-31.0|2026120201,0,0.2500000000000001,0.0957463199289329,14.943958339039682,0.5014524969302349,0.5325564034851028,0.5375719873823127,0.2514546066775672,0.2836163228929876,0.28898364161816936
thermal_tau60,thermal,thermal_tau60_A0.25,-31.0,2026120203,3,thermal|thermal_tau60|-31.0|2026120203,0,0.2500000000000001,0.0957463199289329,14.943958339039682,0.5014524969302349,0.5325564034851028,0.5375719873823127,0.2514546066775672,0.2836163228929876,0.28898364161816936
thermal_tau60,thermal,thermal_tau60_A0.25,-31.0,2026120204,4,thermal|thermal_tau60|-31.0|2026120204,0,0.2500000000000001,0.0957463199289329,14.943958339039682,0.5014524969302349,0.5325564034851028,0.5375719873823127,0.2514546066775672,0.2836163228929876,0.28898364161816936
thermal_tau60,thermal,thermal_tau60_A0.25,-31.0,2026120205,5,thermal|thermal_tau60|-31.0|2026120205,0,0.2500000000000001,0.0957463199289329,14.943958339039682,0.5014524969302349,0.5325564034851028,0.5375719873823127,0.2514546066775672,0.2836163228929876,0.28898364161816936
thermal_tau60,thermal,thermal_tau60_A0.25,-31.0,2026120206,6,thermal|thermal_tau60|-31.0|2026120206,0,0.2500000000000001,0.0957463199289329,14.943958339039682,0.5014524969302349,0.5325564034851028,0.5375719873823127,0.2514546066775672,0.2836163228929876,0.28898364161816936
thermal_tau60,thermal,thermal_tau60_A0.25,-31.0,2026120209,9,thermal|thermal_tau60|-31.0|2026120209,1,0.2500000000000001,0.0957463199289329,14.943958339039682,0.5014524969302349,0.5325564034851028,0.5375719873823127,0.24854961281709748,0.218503515922782,0.21383966685354394
thermal_tau60,thermal,thermal_tau60_A0.25,-31.0,2026120207,7,thermal|thermal_tau60|-31.0|2026120207,0,0.2500000000000001,0.0957463199289329,14.943958339039682,0.5014524969302349,0.5325564034851028,0.5375719873823127,0.2514546066775672,0.2836163228929876,0.28898364161816936
thermal_tau60,thermal,thermal_tau60_A0.25,-31.0,2026120208,8,thermal|thermal_tau60|-31.0|2026120208,1,0.2500000000000001,0.0957463199289329,14.943958339039682,0.5014524969302349,0.5325564034851028,0.5375719873823127,0.24854961281709748,0.218503515922782,0.21383966685354394
thermal_tau60,thermal,thermal_tau60_A0.25,-31.0,2026120210,10,thermal|thermal_tau60|-31.0|2026120210,1,0.2500000000000001,0.0957463199289329,14.943958339039682,0.5014524969302349,0.5325564034851028,0.5375719873823127,0.24854961281709748,0.218503515922782,0.21383966685354394
thermal_tau60,thermal,thermal_tau60_A0.25,-31.0,2026120214,14,thermal|thermal_tau60|-31.0|2026120214,0,0.2500000000000001,0.0957463199289329,14.943958339039682,0.5014524969302349,0.5325564034851028,0.5375719873823127,0.2514546066775672,0.2836163228929876,0.28898364161816936
thermal_tau60,thermal,thermal_tau60_A0.25,-31.0,2026120215,15,thermal|thermal_tau60|-31.0|2026120215,1,0.2500000000000001,0.0957463199289329,14.943958339039682,0.5014524969302349,0.5325564034851028,0.5375719873823127,0.24854961281709748,0.218503515922782,0.21383966685354394
thermal_tau60,thermal,thermal_tau60_A0.25,-31.0,2026120211,11,thermal|thermal_tau60|-31.0|2026120211,1,0.2500000000000001,0.0957463199289329,14.943958339039682,0.5014524969302349,0.5325564034851028,0.5375719873823127,0.24854961281709748,0.218503515922782,0.21383966685354394
thermal_tau60,thermal,thermal_tau60_A0.25,-31.0,2026120212,12,thermal|thermal_tau60|-31.0|2026120212,1,0.2500000000000001,0.0957463199289329,14.943958339039682,0.5014524969302349,0.5325564034851028,0.5375719873823127,0.24854961281709748,0.218503515922782,0.21383966685354394
thermal_tau60,thermal,thermal_tau60_A0.25,-31.0,2026120218,18,thermal|thermal_tau60|-31.0|2026120218,1,0.2500000000000001,0.0957463199289329,14.943958339039682,0.5014524969302349,0.5325564034851028,0.5375719873823127,0.24854961281709748,0.218503515922782,0.21383966685354394
thermal_tau60,thermal,thermal_tau60_A0.25,-31.0,2026120213,13,thermal|thermal_tau60|-31.0|2026120213,1,0.2500000000000001,0.0957463199289329,14.943958339039682,0.5014524969302349,0.5325564034851028,0.5375719873823127,0.24854961281709748,0.218503515922782,0.21383966685354394
thermal_tau60,thermal,thermal_tau60_A0.25,-31.0,2026120217,17,thermal|thermal_tau60|-31.0|2026120217,1,0.2500000000000001,0.0957463199289329,14.943958339039682,0.5014524969302349,0.5325564034851028,0.5375719873823127,0.24854961281709748,0.218503515922782,0.21383966685354394
thermal_tau60,thermal,thermal_tau60_A0.25,-31.0,2026120216,16,thermal|thermal_tau60|-31.0|2026120216,0,0.2500000000000001,0.0957463199289329,14.943958339039682,0.5014524969302349,0.5325564034851028,0.5375719873823127,0.2514546066775672,0.2836163228929876,0.28898364161816936
thermal_tau60,thermal,thermal_tau60_A0.25,-31.0,2026120219,19,thermal|thermal_tau60|-31.0|2026120219,1,0.2500000000000001,0.0957463199289329,14.943958339039682,0.5014524969302349,0.5325564034851028,0.5375719873823127,0.24854961281709748,0.218503515922782,0.21383966685354394
thermal_tau60,thermal,thermal_tau60_A0.25,-31.0,2026120220,20,thermal|thermal_tau60|-31.0|2026120220,1,0.2500000000000001,0.0957463199289329,14.943958339039682,0.5014524969302349,0.5325564034851028,0.5375719873823127,0.24854961281709748,0.218503515922782,0.21383966685354394
thermal_tau60,thermal,thermal_tau60_A0.25,-31.0,2026120221,21,thermal|thermal_tau60|-31.0|2026120221,1,0.2500000000000001,0.0957463199289329,14.943958339039682,0.5014524969302349,0.5325564034851028,0.5375719873823127,0.24854961281709748,0.218503515922782,0.21383966685354394
thermal_tau60,thermal,thermal_tau60_A0.25,-31.0,2026120222,22,thermal|thermal_tau60|-31.0|2026120222,0,0.2500000000000001,0.0957463199289329,14.943958339039682,0.5014524969302349,0.5325564034851028,0.5375719873823127,0.2514546066775672,0.2836163228929876,0.28898364161816936
thermal_tau60,thermal,thermal_tau60_A0.25,-31.0,2026120224,24,thermal|thermal_tau60|-31.0|2026120224,0,0.2500000000000001,0.0957463199289329,14.943958339039682,0.5014524969302349,0.5325564034851028,0.5375719873823127,0.2514546066775672,0.2836163228929876,0.28898364161816936
thermal_tau60,thermal,thermal_tau60_A0.25,-31.0,2026120223,23,thermal|thermal_tau60|-31.0|2026120223,0,0.2500000000000001,0.0957463199289329,14.943958339039682,0.5014524969302349,0.5325564034851028,0.5375719873823127,0.2514546066775672,0.2836163228929876,0.28898364161816936
thermal_tau60,thermal,thermal_tau60_A0.25,-31.0,2026120225,25,thermal|thermal_tau60|-31.0|2026120225,0,0.2500000000000001,0.0957463199289329,14.943958339039682,0.5014524969302349,0.5325564034851028,0.5375719873823127,0.2514546066775672,0.2836163228929876,0.28898364161816936
thermal_tau60,thermal,thermal_tau60_A0.25,-31.0,2026120229,29,thermal|thermal_tau60|-31.0|2026120229,0,0.2500000000000001,0.0957463199289329,14.943958339039682,0.5014524969302349,0.5325564034851028,0.5375719873823127,0.2514546066775672,0.2836163228929876,0.28898364161816936
thermal_tau60,thermal,thermal_tau60_A0.25,-31.0,2026120228,28,thermal|thermal_tau60|-31.0|2026120228,1,0.2500000000000001,0.0957463199289329,14.943958339039682,0.5014524969302349,0.5325564034851028,0.5375719873823127,0.24854961281709748,0.218503515922782,0.21383966685354394
thermal_tau60,thermal,thermal_tau60_A0.25,-31.0,2026120226,26,thermal|thermal_tau60|-31.0|2026120226,0,0.2500000000000001,0.0957463199289329,14.943958339039682,0.5014524969302349,0.5325564034851028,0.5375719873823127,0.2514546066775672,0.2836163228929876,0.28898364161816936
thermal_tau60,thermal,thermal_tau60_A0.25,-31.0,2026120227,27,thermal|thermal_tau60|-31.0|2026120227,0,0.2500000000000001,0.0957463199289329,14.943958339039682,0.5014524969302349,0.5325564034851028,0.5375719873823127,0.2514546066775672,0.2836163228929876,0.28898364161816936
thermal_tau60,thermal,thermal_tau60_A0.25,-31.0,2026120230,30,thermal|thermal_tau60|-31.0|2026120230,0,0.2500000000000001,0.0957463199289329,14.943958339039682,0.5014524969302349,0.5325564034851028,0.5375719873823127,0.2514546066775672,0.2836163228929876,0.28898364161816936
thermal_tau60,thermal,thermal_tau60_A0.25,-31.0,2026120231,31,thermal|thermal_tau60|-31.0|2026120231,0,0.2500000000000001,0.0957463199289329,14.943958339039682,0.5014524969302349,0.5325564034851028,0.5375719873823127,0.2514546066775672,0.2836163228929876,0.28898364161816936
thermal_tau60,thermal,thermal_tau60_A0.25,-31.0,2026120234,34,thermal|thermal_tau60|-31.0|2026120234,1,0.2500000000000001,0.0957463199289329,14.943958339039682,0.5014524969302349,0.5325564034851028,0.5375719873823127,0.24854961281709748,0.218503515922782,0.21383966685354394
thermal_tau60,thermal,thermal_tau60_A0.25,-31.0,2026120233,33,thermal|thermal_tau60|-31.0|2026120233,1,0.2500000000000001,0.0957463199289329,14.943958339039682,0.5014524969302349,0.5325564034851028,0.5375719873823127,0.24854961281709748,0.218503515922782,0.21383966685354394
thermal_tau60,thermal,thermal_tau60_A0.25,-31.0,2026120236,36,thermal|thermal_tau60|-31.0|2026120236,1,0.2500000000000001,0.0957463199289329,14.943958339039682,0.5014524969302349,0.5325564034851028,0.5375719873823127,0.24854961281709748,0.218503515922782,0.21383966685354394
thermal_tau60,thermal,thermal_tau60_A0.25,-31.0,2026120232,32,thermal|thermal_tau60|-31.0|2026120232,0,0.2500000000000001,0.0957463199289329,14.943958339039682,0.5014524969302349,0.5325564034851028,0.5375719873823127,0.2514546066775672,0.2836163228929876,0.28898364161816936
thermal_tau60,thermal,thermal_tau60_A0.25,-31.0,2026120235,35,thermal|thermal_tau60|-31.0|2026120235,0,0.2500000000000001,0.0957463199289329,14.943958339039682,0.5014524969302349,0.5325564034851028,0.5375719873823127,0.2514546066775672,0.2836163228929876,0.28898364161816936
thermal_tau60,thermal,thermal_tau60_A0.25,-31.0,2026120237,37,thermal|thermal_tau60|-31.0|2026120237,0,0.2500000000000001,0.0957463199289329,14.943958339039682,0.5014524969302349,0.5325564034851028,0.5375719873823127,0.2514546066775672,0.2836163228929876,0.28898364161816936
thermal_tau60,thermal,thermal_tau60_A0.25,-31.0,2026120238,38,thermal|thermal_tau60|-31.0|2026120238,0,0.2500000000000001,0.0957463199289329,14.943958339039682,0.5014524969302349,0.5325564034851028,0.5375719873823127,0.2514546066775672,0.2836163228929876,0.28898364161816936
thermal_tau60,thermal,thermal_tau60_A0.25,-31.0,2026120239,39,thermal|thermal_tau60|-31.0|2026120239,0,0.2500000000000001,0.0957463199289329,14.943958339039682,0.5014524969302349,0.5325564034851028,0.5375719873823127,0.2514546066775672,0.2836163228929876,0.28898364161816936
thermal_tau60,thermal,thermal_tau60_A0.25,-31.0,2026120240,40,thermal|thermal_tau60|-31.0|2026120240,1,0.2500000000000001,0.0957463199289329,14.943958339039682,0.5014524969302349,0.5325564034851028,0.5375719873823127,0.24854961281709748,0.218503515922782,0.21383966685354394
thermal_tau60,thermal,thermal_tau60_A0.25,-31.0,2026120242,42,thermal|thermal_tau60|-31.0|2026120242,1,0.2500000000000001,0.0957463199289329,14.943958339039682,0.5014524969302349,0.5325564034851028,0.5375719873823127,0.24854961281709748,0.218503515922782,0.21383966685354394
thermal_tau60,thermal,thermal_tau60_A0.25,-31.0,2026120241,41,thermal|thermal_tau60|-31.0|2026120241,1,0.2500000000000001,0.0957463199289329,14.943958339039682,0.5014524969302349,0.5325564034851028,0.5375719873823127,0.24854961281709748,0.218503515922782,0.21383966685354394
thermal_tau60,thermal,thermal_tau60_A0.25,-31.0,2026120243,43,thermal|thermal_tau60|-31.0|2026120243,0,0.2500000000000001,0.0957463199289329,14.943958339039682,0.5014524969302349,0.5325564034851028,0.5375719873823127,0.2514546066775672,0.2836163228929876,0.28898364161816936
thermal_tau60,thermal,thermal_tau60_A0.25,-31.0,2026120246,46,thermal|thermal_tau60|-31.0|2026120246,1,0.2500000000000001,0.0957463199289329,14.943958339039682,0.5014524969302349,0.5325564034851028,0.5375719873823127,0.24854961281709748,0.218503515922782,0.21383966685354394
thermal_tau60,thermal,thermal_tau60_A0.25,-31.0,2026120244,44,thermal|thermal_tau60|-31.0|2026120244,0,0.2500000000000001,0.0957463199289329,14.943958339039682,0.5014524969302349,0.5325564034851028,0.5375719873823127,0.2514546066775672,0.2836163228929876,0.28898364161816936
thermal_tau60,thermal,thermal_tau60_A0.25,-31.0,2026120245,45,thermal|thermal_tau60|-31.0|2026120245,0,0.2500000000000001,0.0957463199289329,14.943958339039682,0.5014524969302349,0.5325564034851028,0.5375719873823127,0.2514546066775672,0.2836163228929876,0.28898364161816936
thermal_tau60,thermal,thermal_tau60_A0.25,-31.0,2026120249,49,thermal|thermal_tau60|-31.0|2026120249,1,0.2500000000000001,0.0957463199289329,14.943958339039682,0.5014524969302349,0.5325564034851028,0.5375719873823127,0.24854961281709748,0.218503515922782,0.21383966685354394
thermal_tau60,thermal,thermal_tau60_A0.25,-31.0,2026120247,47,thermal|thermal_tau60|-31.0|2026120247,0,0.2500000000000001,0.0957463199289329,14.943958339039682,0.5014524969302349,0.5325564034851028,0.5375719873823127,0.2514546066775672,0.2836163228929876,0.28898364161816936
thermal_tau60,thermal,thermal_tau60_A0.25,-31.0,2026120250,50,thermal|thermal_tau60|-31.0|2026120250,1,0.2500000000000001,0.0957463199289329,14.943958339039682,0.5014524969302349,0.5325564034851028,0.5375719873823127,0.24854961281709748,0.218503515922782,0.21383966685354394
thermal_tau60,thermal,thermal_tau60_A0.25,-31.0,2026120248,48,thermal|thermal_tau60|-31.0|2026120248,0,0.2500000000000001,0.0957463199289329,14.943958339039682,0.5014524969302349,0.5325564034851028,0.5375719873823127,0.2514546066775672,0.2836163228929876,0.28898364161816936
thermal_tau60,thermal,thermal_tau60_A0.25,-31.0,2026120251,51,thermal|thermal_tau60|-31.0|2026120251,1,0.2500000000000001,0.0957463199289329,14.943958339039682,0.5014524969302349,0.5325564034851028,0.5375719873823127,0.24854961281709748,0.218503515922782,0.21383966685354394
thermal_tau60,thermal,thermal_tau60_A0.25,-31.0,2026120252,52,thermal|thermal_tau60|-31.0|2026120252,1,0.2500000000000001,0.0957463199289329,14.943958339039682,0.5014524969302349,0.5325564034851028,0.5375719873823127,0.24854961281709748,0.218503515922782,0.21383966685354394
thermal_tau60,thermal,thermal_tau60_A0.25,-31.0,2026120253,53,thermal|thermal_tau60|-31.0|2026120253,1,0.2500000000000001,0.0957463199289329,14.943958339039682,0.5014524969302349,0.5325564034851028,0.5375719873823127,0.24854961281709748,0.218503515922782,0.21383966685354394
thermal_tau60,thermal,thermal_tau60_A0.25,-31.0,2026120254,54,thermal|thermal_tau60|-31.0|2026120254,1,0.2500000000000001,0.0957463199289329,14.943958339039682,0.5014524969302349,0.5325564034851028,0.5375719873823127,0.24854961281709748,0.218503515922782,0.21383966685354394
thermal_tau60,thermal,thermal_tau60_A0.25,-31.0,2026120256,56,thermal|thermal_tau60|-31.0|2026120256,1,0.2500000000000001,0.0957463199289329,14.943958339039682,0.5014524969302349,0.5325564034851028,0.5375719873823127,0.24854961281709748,0.218503515922782,0.21383966685354394
thermal_tau60,thermal,thermal_tau60_A0.25,-31.0,2026120255,55,thermal|thermal_tau60|-31.0|2026120255,0,0.2500000000000001,0.0957463199289329,14.943958339039682,0.5014524969302349,0.5325564034851028,0.5375719873823127,0.2514546066775672,0.2836163228929876,0.28898364161816936
thermal_tau60,thermal,thermal_tau60_A0.25,-31.0,2026120257,57,thermal|thermal_tau60|-31.0|2026120257,0,0.2500000000000001,0.0957463199289329,14.943958339039682,0.5014524969302349,0.5325564034851028,0.5375719873823127,0.2514546066775672,0.2836163228929876,0.28898364161816936
thermal_tau60,thermal,thermal_tau60_A0.25,-31.0,2026120259,59,thermal|thermal_tau60|-31.0|2026120259,1,0.2500000000000001,0.0957463199289329,14.943958339039682,0.5014524969302349,0.5325564034851028,0.5375719873823127,0.24854961281709748,0.218503515922782,0.21383966685354394
thermal_tau60,thermal,thermal_tau60_A0.25,-31.0,2026120258,58,thermal|thermal_tau60|-31.0|2026120258,0,0.2500000000000001,0.0957463199289329,14.943958339039682,0.5014524969302349,0.5325564034851028,0.5375719873823127,0.2514546066775672,0.2836163228929876,0.28898364161816936
thermal_tau60,thermal,thermal_tau60_A0.25,-31.0,2026120263,63,thermal|thermal_tau60|-31.0|2026120263,0,0.2500000000000001,0.0957463199289329,14.943958339039682,0.5014524969302349,0.5325564034851028,0.5375719873823127,0.2514546066775672,0.2836163228929876,0.28898364161816936
thermal_tau60,thermal,thermal_tau60_A0.25,-31.0,2026120262,62,thermal|thermal_tau60|-31.0|2026120262,1,0.2500000000000001,0.0957463199289329,14.943958339039682,0.5014524969302349,0.5325564034851028,0.5375719873823127,0.24854961281709748,0.218503515922782,0.21383966685354394
thermal_tau60,thermal,thermal_tau60_A0.25,-31.0,2026120260,60,thermal|thermal_tau60|-31.0|2026120260,0,0.2500000000000001,0.0957463199289329,14.943958339039682,0.5014524969302349,0.5325564034851028,0.5375719873823127,0.2514546066775672,0.2836163228929876,0.28898364161816936
thermal_tau60,thermal,thermal_tau60_A0.25,-31.0,2026120261,61,thermal|thermal_tau60|-31.0|2026120261,0,0.2500000000000001,0.0957463199289329,14.943958339039682,0.5014524969302349,0.5325564034851028,0.5375719873823127,0.2514546066775672,0.2836163228929876,0.28898364161816936
thermal_tau60,thermal,thermal_tau60_A0.25,-31.0,2026120264,64,thermal|thermal_tau60|-31.0|2026120264,0,0.2500000000000001,0.0957463199289329,14.943958339039682,0.5014524969302349,0.5325564034851028,0.5375719873823127,0.2514546066775672,0.2836163228929876,0.28898364161816936
thermal_tau60,thermal,thermal_tau60_A0.25,-31.0,2026120266,66,thermal|thermal_tau60|-31.0|2026120266,0,0.2500000000000001,0.0957463199289329,14.943958339039682,0.5014524969302349,0.5325564034851028,0.5375719873823127,0.2514546066775672,0.2836163228929876,0.28898364161816936
thermal_tau60,thermal,thermal_tau60_A0.25,-31.0,2026120265,65,thermal|thermal_tau60|-31.0|2026120265,0,0.2500000000000001,0.0957463199289329,14.943958339039682,0.5014524969302349,0.5325564034851028,0.5375719873823127,0.2514546066775672,0.2836163228929876,0.28898364161816936
thermal_tau60,thermal,thermal_tau60_A0.25,-31.0,2026120270,70,thermal|thermal_tau60|-31.0|2026120270,1,0.2500000000000001,0.0957463199289329,14.943958339039682,0.5014524969302349,0.5325564034851028,0.5375719873823127,0.24854961281709748,0.218503515922782,0.21383966685354394
thermal_tau60,thermal,thermal_tau60_A0.25,-31.0,2026120267,67,thermal|thermal_tau60|-31.0|2026120267,0,0.2500000000000001,0.0957463199289329,14.943958339039682,0.5014524969302349,0.5325564034851028,0.5375719873823127,0.2514546066775672,0.2836163228929876,0.28898364161816936
thermal_tau60,thermal,thermal_tau60_A0.25,-31.0,2026120271,71,thermal|thermal_tau60|-31.0|2026120271,0,0.2500000000000001,0.0957463199289329,14.943958339039682,0.5014524969302349,0.5325564034851028,0.5375719873823127,0.2514546066775672,0.2836163228929876,0.28898364161816936
thermal_tau60,thermal,thermal_tau60_A0.25,-31.0,2026120268,68,thermal|thermal_tau60|-31.0|2026120268,0,0.2500000000000001,0.0957463199289329,14.943958339039682,0.5014524969302349,0.5325564034851028,0.5375719873823127,0.2514546066775672,0.2836163228929876,0.28898364161816936
thermal_tau60,thermal,thermal_tau60_A0.25,-31.0,2026120274,74,thermal|thermal_tau60|-31.0|2026120274,0,0.2500000000000001,0.0957463199289329,14.943958339039682,0.5014524969302349,0.5325564034851028,0.5375719873823127,0.2514546066775672,0.2836163228929876,0.28898364161816936
thermal_tau60,thermal,thermal_tau60_A0.25,-31.0,2026120272,72,thermal|thermal_tau60|-31.0|2026120272,1,0.2500000000000001,0.0957463199289329,14.943958339039682,0.5014524969302349,0.5325564034851028,0.5375719873823127,0.24854961281709748,0.218503515922782,0.21383966685354394
thermal_tau60,thermal,thermal_tau60_A0.25,-31.0,2026120269,69,thermal|thermal_tau60|-31.0|2026120269,0,0.2500000000000001,0.0957463199289329,14.943958339039682,0.5014524969302349,0.5325564034851028,0.5375719873823127,0.2514546066775672,0.2836163228929876,0.28898364161816936
thermal_tau60,thermal,thermal_tau60_A0.25,-31.0,2026120275,75,thermal|thermal_tau60|-31.0|2026120275,1,0.2500000000000001,0.0957463199289329,14.943958339039682,0.5014524969302349,0.5325564034851028,0.5375719873823127,0.24854961281709748,0.218503515922782,0.21383966685354394
thermal_tau60,thermal,thermal_tau60_A0.25,-31.0,2026120276,76,thermal|thermal_tau60|-31.0|2026120276,1,0.2500000000000001,0.0957463199289329,14.943958339039682,0.5014524969302349,0.5325564034851028,0.5375719873823127,0.24854961281709748,0.218503515922782,0.21383966685354394
thermal_tau60,thermal,thermal_tau60_A0.25,-31.0,2026120273,73,thermal|thermal_tau60|-31.0|2026120273,0,0.2500000000000001,0.0957463199289329,14.943958339039682,0.5014524969302349,0.5325564034851028,0.5375719873823127,0.2514546066775672,0.2836163228929876,0.28898364161816936
thermal_tau60,thermal,thermal_tau60_A0.25,-31.0,2026120278,78,thermal|thermal_tau60|-31.0|2026120278,1,0.2500000000000001,0.0957463199289329,14.943958339039682,0.5014524969302349,0.5325564034851028,0.5375719873823127,0.24854961281709748,0.218503515922782,0.21383966685354394
thermal_tau60,thermal,thermal_tau60_A0.25,-31.0,2026120277,77,thermal|thermal_tau60|-31.0|2026120277,0,0.2500000000000001,0.0957463199289329,14.943958339039682,0.5014524969302349,0.5325564034851028,0.5375719873823127,0.2514546066775672,0.2836163228929876,0.28898364161816936
thermal_tau60,thermal,thermal_tau60_A0.25,-31.0,2026120280,80,thermal|thermal_tau60|-31.0|2026120280,1,0.2500000000000001,0.0957463199289329,14.943958339039682,0.5014524969302349,0.5325564034851028,0.5375719873823127,0.24854961281709748,0.218503515922782,0.21383966685354394
thermal_tau60,thermal,thermal_tau60_A0.25,-31.0,2026120281,81,thermal|thermal_tau60|-31.0|2026120281,1,0.2500000000000001,0.0957463199289329,14.943958339039682,0.5014524969302349,0.5325564034851028,0.5375719873823127,0.24854961281709748,0.218503515922782,0.21383966685354394
thermal_tau60,thermal,thermal_tau60_A0.25,-31.0,2026120279,79,thermal|thermal_tau60|-31.0|2026120279,0,0.2500000000000001,0.0957463199289329,14.943958339039682,0.5014524969302349,0.5325564034851028,0.5375719873823127,0.2514546066775672,0.2836163228929876,0.28898364161816936
thermal_tau60,thermal,thermal_tau60_A0.25,-31.0,2026120284,84,thermal|thermal_tau60|-31.0|2026120284,0,0.2500000000000001,0.0957463199289329,14.943958339039682,0.5014524969302349,0.5325564034851028,0.5375719873823127,0.2514546066775672,0.2836163228929876,0.28898364161816936
thermal_tau60,thermal,thermal_tau60_A0.25,-31.0,2026120283,83,thermal|thermal_tau60|-31.0|2026120283,1,0.2500000000000001,0.0957463199289329,14.943958339039682,0.5014524969302349,0.5325564034851028,0.5375719873823127,0.24854961281709748,0.218503515922782,0.21383966685354394
thermal_tau60,thermal,thermal_tau60_A0.25,-31.0,2026120285,85,thermal|thermal_tau60|-31.0|2026120285,1,0.2500000000000001,0.0957463199289329,14.943958339039682,0.5014524969302349,0.5325564034851028,0.5375719873823127,0.24854961281709748,0.218503515922782,0.21383966685354394
thermal_tau60,thermal,thermal_tau60_A0.25,-31.0,2026120282,82,thermal|thermal_tau60|-31.0|2026120282,0,0.2500000000000001,0.0957463199289329,14.943958339039682,0.5014524969302349,0.5325564034851028,0.5375719873823127,0.2514546066775672,0.2836163228929876,0.28898364161816936
thermal_tau60,thermal,thermal_tau60_A0.25,-31.0,2026120287,87,thermal|thermal_tau60|-31.0|2026120287,1,0.2500000000000001,0.0957463199289329,14.943958339039682,0.5014524969302349,0.5325564034851028,0.5375719873823127,0.24854961281709748,0.218503515922782,0.21383966685354394
thermal_tau60,thermal,thermal_tau60_A0.25,-31.0,2026120286,86,thermal|thermal_tau60|-31.0|2026120286,0,0.2500000000000001,0.0957463199289329,14.943958339039682,0.5014524969302349,0.5325564034851028,0.5375719873823127,0.2514546066775672,0.2836163228929876,0.28898364161816936
thermal_tau60,thermal,thermal_tau60_A0.25,-31.0,2026120290,90,thermal|thermal_tau60|-31.0|2026120290,1,0.2500000000000001,0.0957463199289329,14.943958339039682,0.5014524969302349,0.5325564034851028,0.5375719873823127,0.24854961281709748,0.218503515922782,0.21383966685354394
thermal_tau60,thermal,thermal_tau60_A0.25,-31.0,2026120288,88,thermal|thermal_tau60|-31.0|2026120288,0,0.2500000000000001,0.0957463199289329,14.943958339039682,0.5014524969302349,0.5325564034851028,0.5375719873823127,0.2514546066775672,0.2836163228929876,0.28898364161816936
thermal_tau60,thermal,thermal_tau60_A0.25,-31.0,2026120289,89,thermal|thermal_tau60|-31.0|2026120289,0,0.2500000000000001,0.0957463199289329,14.943958339039682,0.5014524969302349,0.5325564034851028,0.5375719873823127,0.2514546066775672,0.2836163228929876,0.28898364161816936
thermal_tau60,thermal,thermal_tau60_A0.25,-31.0,2026120291,91,thermal|thermal_tau60|-31.0|2026120291,1,0.2500000000000001,0.0957463199289329,14.943958339039682,0.5014524969302349,0.5325564034851028,0.5375719873823127,0.24854961281709748,0.218503515922782,0.21383966685354394
thermal_tau60,thermal,thermal_tau60_A0.25,-31.0,2026120294,94,thermal|thermal_tau60|-31.0|2026120294,0,0.2500000000000001,0.0957463199289329,14.943958339039682,0.5014524969302349,0.5325564034851028,0.5375719873823127,0.2514546066775672,0.2836163228929876,0.28898364161816936
thermal_tau60,thermal,thermal_tau60_A0.25,-31.0,2026120292,92,thermal|thermal_tau60|-31.0|2026120292,0,0.2500000000000001,0.0957463199289329,14.943958339039682,0.5014524969302349,0.5325564034851028,0.5375719873823127,0.2514546066775672,0.2836163228929876,0.28898364161816936
thermal_tau60,thermal,thermal_tau60_A0.25,-31.0,2026120293,93,thermal|thermal_tau60|-31.0|2026120293,0,0.2500000000000001,0.0957463199289329,14.943958339039682,0.5014524969302349,0.5325564034851028,0.5375719873823127,0.2514546066775672,0.2836163228929876,0.28898364161816936
thermal_tau60,thermal,thermal_tau60_A0.25,-31.0,2026120295,95,thermal|thermal_tau60|-31.0|2026120295,0,0.2500000000000001,0.0957463199289329,14.943958339039682,0.5014524969302349,0.5325564034851028,0.5375719873823127,0.2514546066775672,0.2836163228929876,0.28898364161816936
thermal_tau60,thermal,thermal_tau60_A0.25,-31.0,2026120297,97,thermal|thermal_tau60|-31.0|2026120297,1,0.2500000000000001,0.0957463199289329,14.943958339039682,0.5014524969302349,0.5325564034851028,0.5375719873823127,0.24854961281709748,0.218503515922782,0.21383966685354394
thermal_tau60,thermal,thermal_tau60_A0.25,-31.0,2026120298,98,thermal|thermal_tau60|-31.0|2026120298,1,0.2500000000000001,0.0957463199289329,14.943958339039682,0.5014524969302349,0.5325564034851028,0.5375719873823127,0.24854961281709748,0.218503515922782,0.21383966685354394
thermal_tau60,thermal,thermal_tau60_A0.25,-31.0,2026120299,99,thermal|thermal_tau60|-31.0|2026120299,1,0.2500000000000001,0.0957463199289329,14.943958339039682,0.5014524969302349,0.5325564034851028,0.5375719873823127,0.24854961281709748,0.218503515922782,0.21383966685354394
thermal_tau60,thermal,thermal_tau60_A0.25,-31.0,2026120296,96,thermal|thermal_tau60|-31.0|2026120296,0,0.2500000000000001,0.0957463199289329,14.943958339039682,0.5014524969302349,0.5325564034851028,0.5375719873823127,0.2514546066775672,0.2836163228929876,0.28898364161816936
thermal_tau60,thermal,thermal_tau60_A0.50,-31.0,2026120200,0,thermal|thermal_tau60|-31.0|2026120200,0,0.5000000000000002,0.1914926398578658,29.887916678079364,0.08826371942306611,0.10409712813175273,0.10791447054273723,0.0077904841663937385,0.010836212085278546,0.011645532952519301
thermal_tau60,thermal,thermal_tau60_A0.50,-31.0,2026120201,1,thermal|thermal_tau60|-31.0|2026120201,0,0.5000000000000002,0.1914926398578658,29.887916678079364,0.08826371942306611,0.10409712813175273,0.10791447054273723,0.0077904841663937385,0.010836212085278546,0.011645532952519301
thermal_tau60,thermal,thermal_tau60_A0.50,-31.0,2026120202,2,thermal|thermal_tau60|-31.0|2026120202,0,0.5000000000000002,0.1914926398578658,29.887916678079364,0.08826371942306611,0.10409712813175273,0.10791447054273723,0.0077904841663937385,0.010836212085278546,0.011645532952519301
thermal_tau60,thermal,thermal_tau60_A0.50,-31.0,2026120203,3,thermal|thermal_tau60|-31.0|2026120203,0,0.5000000000000002,0.1914926398578658,29.887916678079364,0.08826371942306611,0.10409712813175273,0.10791447054273723,0.0077904841663937385,0.010836212085278546,0.011645532952519301
thermal_tau60,thermal,thermal_tau60_A0.50,-31.0,2026120207,7,thermal|thermal_tau60|-31.0|2026120207,0,0.5000000000000002,0.1914926398578658,29.887916678079364,0.08826371942306611,0.10409712813175273,0.10791447054273723,0.0077904841663937385,0.010836212085278546,0.011645532952519301
thermal_tau60,thermal,thermal_tau60_A0.50,-31.0,2026120204,4,thermal|thermal_tau60|-31.0|2026120204,0,0.5000000000000002,0.1914926398578658,29.887916678079364,0.08826371942306611,0.10409712813175273,0.10791447054273723,0.0077904841663937385,0.010836212085278546,0.011645532952519301
thermal_tau60,thermal,thermal_tau60_A0.50,-31.0,2026120206,6,thermal|thermal_tau60|-31.0|2026120206,0,0.5000000000000002,0.1914926398578658,29.887916678079364,0.08826371942306611,0.10409712813175273,0.10791447054273723,0.0077904841663937385,0.010836212085278546,0.011645532952519301
thermal_tau60,thermal,thermal_tau60_A0.50,-31.0,2026120205,5,thermal|thermal_tau60|-31.0|2026120205,0,0.5000000000000002,0.1914926398578658,29.887916678079364,0.08826371942306611,0.10409712813175273,0.10791447054273723,0.0077904841663937385,0.010836212085278546,0.011645532952519301
thermal_tau60,thermal,thermal_tau60_A0.50,-31.0,2026120210,10,thermal|thermal_tau60|-31.0|2026120210,1,0.5000000000000002,0.1914926398578658,29.887916678079364,0.08826371942306611,0.10409712813175273,0.10791447054273723,0.8312630453202615,0.802641955821773,0.7958165918670448
thermal_tau60,thermal,thermal_tau60_A0.50,-31.0,2026120209,9,thermal|thermal_tau60|-31.0|2026120209,1,0.5000000000000002,0.1914926398578658,29.887916678079364,0.08826371942306611,0.10409712813175273,0.10791447054273723,0.8312630453202615,0.802641955821773,0.7958165918670448
thermal_tau60,thermal,thermal_tau60_A0.50,-31.0,2026120208,8,thermal|thermal_tau60|-31.0|2026120208,0,0.5000000000000002,0.1914926398578658,29.887916678079364,0.08826371942306611,0.10409712813175273,0.10791447054273723,0.0077904841663937385,0.010836212085278546,0.011645532952519301
thermal_tau60,thermal,thermal_tau60_A0.50,-31.0,2026120211,11,thermal|thermal_tau60|-31.0|2026120211,0,0.5000000000000002,0.1914926398578658,29.887916678079364,0.08826371942306611,0.10409712813175273,0.10791447054273723,0.0077904841663937385,0.010836212085278546,0.011645532952519301
thermal_tau60,thermal,thermal_tau60_A0.50,-31.0,2026120213,13,thermal|thermal_tau60|-31.0|2026120213,0,0.5000000000000002,0.1914926398578658,29.887916678079364,0.08826371942306611,0.10409712813175273,0.10791447054273723,0.0077904841663937385,0.010836212085278546,0.011645532952519301
thermal_tau60,thermal,thermal_tau60_A0.50,-31.0,2026120212,12,thermal|thermal_tau60|-31.0|2026120212,0,0.5000000000000002,0.1914926398578658,29.887916678079364,0.08826371942306611,0.10409712813175273,0.10791447054273723,0.0077904841663937385,0.010836212085278546,0.011645532952519301
thermal_tau60,thermal,thermal_tau60_A0.50,-31.0,2026120215,15,thermal|thermal_tau60|-31.0|2026120215,1,0.5000000000000002,0.1914926398578658,29.887916678079364,0.08826371942306611,0.10409712813175273,0.10791447054273723,0.8312630453202615,0.802641955821773,0.7958165918670448
thermal_tau60,thermal,thermal_tau60_A0.50,-31.0,2026120217,17,thermal|thermal_tau60|-31.0|2026120217,1,0.5000000000000002,0.1914926398578658,29.887916678079364,0.08826371942306611,0.10409712813175273,0.10791447054273723,0.8312630453202615,0.802641955821773,0.7958165918670448
thermal_tau60,thermal,thermal_tau60_A0.50,-31.0,2026120214,14,thermal|thermal_tau60|-31.0|2026120214,0,0.5000000000000002,0.1914926398578658,29.887916678079364,0.08826371942306611,0.10409712813175273,0.10791447054273723,0.0077904841663937385,0.010836212085278546,0.011645532952519301
thermal_tau60,thermal,thermal_tau60_A0.50,-31.0,2026120218,18,thermal|thermal_tau60|-31.0|2026120218,0,0.5000000000000002,0.1914926398578658,29.887916678079364,0.08826371942306611,0.10409712813175273,0.10791447054273723,0.0077904841663937385,0.010836212085278546,0.011645532952519301
thermal_tau60,thermal,thermal_tau60_A0.50,-31.0,2026120216,16,thermal|thermal_tau60|-31.0|2026120216,0,0.5000000000000002,0.1914926398578658,29.887916678079364,0.08826371942306611,0.10409712813175273,0.10791447054273723,0.0077904841663937385,0.010836212085278546,0.011645532952519301
thermal_tau60,thermal,thermal_tau60_A0.50,-31.0,2026120220,20,thermal|thermal_tau60|-31.0|2026120220,0,0.5000000000000002,0.1914926398578658,29.887916678079364,0.08826371942306611,0.10409712813175273,0.10791447054273723,0.0077904841663937385,0.010836212085278546,0.011645532952519301
thermal_tau60,thermal,thermal_tau60_A0.50,-31.0,2026120219,19,thermal|thermal_tau60|-31.0|2026120219,0,0.5000000000000002,0.1914926398578658,29.887916678079364,0.08826371942306611,0.10409712813175273,0.10791447054273723,0.0077904841663937385,0.010836212085278546,0.011645532952519301
thermal_tau60,thermal,thermal_tau60_A0.50,-31.0,2026120223,23,thermal|thermal_tau60|-31.0|2026120223,0,0.5000000000000002,0.1914926398578658,29.887916678079364,0.08826371942306611,0.10409712813175273,0.10791447054273723,0.0077904841663937385,0.010836212085278546,0.011645532952519301
thermal_tau60,thermal,thermal_tau60_A0.50,-31.0,2026120221,21,thermal|thermal_tau60|-31.0|2026120221,0,0.5000000000000002,0.1914926398578658,29.887916678079364,0.08826371942306611,0.10409712813175273,0.10791447054273723,0.0077904841663937385,0.010836212085278546,0.011645532952519301
thermal_tau60,thermal,thermal_tau60_A0.50,-31.0,2026120224,24,thermal|thermal_tau60|-31.0|2026120224,0,0.5000000000000002,0.1914926398578658,29.887916678079364,0.08826371942306611,0.10409712813175273,0.10791447054273723,0.0077904841663937385,0.010836212085278546,0.011645532952519301
thermal_tau60,thermal,thermal_tau60_A0.50,-31.0,2026120222,22,thermal|thermal_tau60|-31.0|2026120222,0,0.5000000000000002,0.1914926398578658,29.887916678079364,0.08826371942306611,0.10409712813175273,0.10791447054273723,0.0077904841663937385,0.010836212085278546,0.011645532952519301
thermal_tau60,thermal,thermal_tau60_A0.50,-31.0,2026120225,25,thermal|thermal_tau60|-31.0|2026120225,0,0.5000000000000002,0.1914926398578658,29.887916678079364,0.08826371942306611,0.10409712813175273,0.10791447054273723,0.0077904841663937385,0.010836212085278546,0.011645532952519301
thermal_tau60,thermal,thermal_tau60_A0.50,-31.0,2026120229,29,thermal|thermal_tau60|-31.0|2026120229,0,0.5000000000000002,0.1914926398578658,29.887916678079364,0.08826371942306611,0.10409712813175273,0.10791447054273723,0.0077904841663937385,0.010836212085278546,0.011645532952519301
thermal_tau60,thermal,thermal_tau60_A0.50,-31.0,2026120227,27,thermal|thermal_tau60|-31.0|2026120227,0,0.5000000000000002,0.1914926398578658,29.887916678079364,0.08826371942306611,0.10409712813175273,0.10791447054273723,0.0077904841663937385,0.010836212085278546,0.011645532952519301
thermal_tau60,thermal,thermal_tau60_A0.50,-31.0,2026120226,26,thermal|thermal_tau60|-31.0|2026120226,0,0.5000000000000002,0.1914926398578658,29.887916678079364,0.08826371942306611,0.10409712813175273,0.10791447054273723,0.0077904841663937385,0.010836212085278546,0.011645532952519301
thermal_tau60,thermal,thermal_tau60_A0.50,-31.0,2026120228,28,thermal|thermal_tau60|-31.0|2026120228,0,0.5000000000000002,0.1914926398578658,29.887916678079364,0.08826371942306611,0.10409712813175273,0.10791447054273723,0.0077904841663937385,0.010836212085278546,0.011645532952519301
thermal_tau60,thermal,thermal_tau60_A0.50,-31.0,2026120230,30,thermal|thermal_tau60|-31.0|2026120230,0,0.5000000000000002,0.1914926398578658,29.887916678079364,0.08826371942306611,0.10409712813175273,0.10791447054273723,0.0077904841663937385,0.010836212085278546,0.011645532952519301
thermal_tau60,thermal,thermal_tau60_A0.50,-31.0,2026120231,31,thermal|thermal_tau60|-31.0|2026120231,0,0.5000000000000002,0.1914926398578658,29.887916678079364,0.08826371942306611,0.10409712813175273,0.10791447054273723,0.0077904841663937385,0.010836212085278546,0.011645532952519301
thermal_tau60,thermal,thermal_tau60_A0.50,-31.0,2026120232,32,thermal|thermal_tau60|-31.0|2026120232,0,0.5000000000000002,0.1914926398578658,29.887916678079364,0.08826371942306611,0.10409712813175273,0.10791447054273723,0.0077904841663937385,0.010836212085278546,0.011645532952519301
thermal_tau60,thermal,thermal_tau60_A0.50,-31.0,2026120233,33,thermal|thermal_tau60|-31.0|2026120233,0,0.5000000000000002,0.1914926398578658,29.887916678079364,0.08826371942306611,0.10409712813175273,0.10791447054273723,0.0077904841663937385,0.010836212085278546,0.011645532952519301
thermal_tau60,thermal,thermal_tau60_A0.50,-31.0,2026120234,34,thermal|thermal_tau60|-31.0|2026120234,0,0.5000000000000002,0.1914926398578658,29.887916678079364,0.08826371942306611,0.10409712813175273,0.10791447054273723,0.0077904841663937385,0.010836212085278546,0.011645532952519301
thermal_tau60,thermal,thermal_tau60_A0.50,-31.0,2026120235,35,thermal|thermal_tau60|-31.0|2026120235,0,0.5000000000000002,0.1914926398578658,29.887916678079364,0.08826371942306611,0.10409712813175273,0.10791447054273723,0.0077904841663937385,0.010836212085278546,0.011645532952519301
thermal_tau60,thermal,thermal_tau60_A0.50,-31.0,2026120236,36,thermal|thermal_tau60|-31.0|2026120236,0,0.5000000000000002,0.1914926398578658,29.887916678079364,0.08826371942306611,0.10409712813175273,0.10791447054273723,0.0077904841663937385,0.010836212085278546,0.011645532952519301
thermal_tau60,thermal,thermal_tau60_A0.50,-31.0,2026120237,37,thermal|thermal_tau60|-31.0|2026120237,0,0.5000000000000002,0.1914926398578658,29.887916678079364,0.08826371942306611,0.10409712813175273,0.10791447054273723,0.0077904841663937385,0.010836212085278546,0.011645532952519301
thermal_tau60,thermal,thermal_tau60_A0.50,-31.0,2026120238,38,thermal|thermal_tau60|-31.0|2026120238,0,0.5000000000000002,0.1914926398578658,29.887916678079364,0.08826371942306611,0.10409712813175273,0.10791447054273723,0.0077904841663937385,0.010836212085278546,0.011645532952519301
thermal_tau60,thermal,thermal_tau60_A0.50,-31.0,2026120240,40,thermal|thermal_tau60|-31.0|2026120240,0,0.5000000000000002,0.1914926398578658,29.887916678079364,0.08826371942306611,0.10409712813175273,0.10791447054273723,0.0077904841663937385,0.010836212085278546,0.011645532952519301
thermal_tau60,thermal,thermal_tau60_A0.50,-31.0,2026120239,39,thermal|thermal_tau60|-31.0|2026120239,0,0.5000000000000002,0.1914926398578658,29.887916678079364,0.08826371942306611,0.10409712813175273,0.10791447054273723,0.0077904841663937385,0.010836212085278546,0.011645532952519301
thermal_tau60,thermal,thermal_tau60_A0.50,-31.0,2026120241,41,thermal|thermal_tau60|-31.0|2026120241,0,0.5000000000000002,0.1914926398578658,29.887916678079364,0.08826371942306611,0.10409712813175273,0.10791447054273723,0.0077904841663937385,0.010836212085278546,0.011645532952519301
thermal_tau60,thermal,thermal_tau60_A0.50,-31.0,2026120242,42,thermal|thermal_tau60|-31.0|2026120242,0,0.5000000000000002,0.1914926398578658,29.887916678079364,0.08826371942306611,0.10409712813175273,0.10791447054273723,0.0077904841663937385,0.010836212085278546,0.011645532952519301
thermal_tau60,thermal,thermal_tau60_A0.50,-31.0,2026120244,44,thermal|thermal_tau60|-31.0|2026120244,0,0.5000000000000002,0.1914926398578658,29.887916678079364,0.08826371942306611,0.10409712813175273,0.10791447054273723,0.0077904841663937385,0.010836212085278546,0.011645532952519301
thermal_tau60,thermal,thermal_tau60_A0.50,-31.0,2026120243,43,thermal|thermal_tau60|-31.0|2026120243,0,0.5000000000000002,0.1914926398578658,29.887916678079364,0.08826371942306611,0.10409712813175273,0.10791447054273723,0.0077904841663937385,0.010836212085278546,0.011645532952519301
thermal_tau60,thermal,thermal_tau60_A0.50,-31.0,2026120245,45,thermal|thermal_tau60|-31.0|2026120245,0,0.5000000000000002,0.1914926398578658,29.887916678079364,0.08826371942306611,0.10409712813175273,0.10791447054273723,0.0077904841663937385,0.010836212085278546,0.011645532952519301
thermal_tau60,thermal,thermal_tau60_A0.50,-31.0,2026120246,46,thermal|thermal_tau60|-31.0|2026120246,0,0.5000000000000002,0.1914926398578658,29.887916678079364,0.08826371942306611,0.10409712813175273,0.10791447054273723,0.0077904841663937385,0.010836212085278546,0.011645532952519301
thermal_tau60,thermal,thermal_tau60_A0.50,-31.0,2026120249,49,thermal|thermal_tau60|-31.0|2026120249,0,0.5000000000000002,0.1914926398578658,29.887916678079364,0.08826371942306611,0.10409712813175273,0.10791447054273723,0.0077904841663937385,0.010836212085278546,0.011645532952519301
thermal_tau60,thermal,thermal_tau60_A0.50,-31.0,2026120248,48,thermal|thermal_tau60|-31.0|2026120248,0,0.5000000000000002,0.1914926398578658,29.887916678079364,0.08826371942306611,0.10409712813175273,0.10791447054273723,0.0077904841663937385,0.010836212085278546,0.011645532952519301
thermal_tau60,thermal,thermal_tau60_A0.50,-31.0,2026120247,47,thermal|thermal_tau60|-31.0|2026120247,0,0.5000000000000002,0.1914926398578658,29.887916678079364,0.08826371942306611,0.10409712813175273,0.10791447054273723,0.0077904841663937385,0.010836212085278546,0.011645532952519301
thermal_tau60,thermal,thermal_tau60_A0.50,-31.0,2026120250,50,thermal|thermal_tau60|-31.0|2026120250,0,0.5000000000000002,0.1914926398578658,29.887916678079364,0.08826371942306611,0.10409712813175273,0.10791447054273723,0.0077904841663937385,0.010836212085278546,0.011645532952519301
thermal_tau60,thermal,thermal_tau60_A0.50,-31.0,2026120251,51,thermal|thermal_tau60|-31.0|2026120251,0,0.5000000000000002,0.1914926398578658,29.887916678079364,0.08826371942306611,0.10409712813175273,0.10791447054273723,0.0077904841663937385,0.010836212085278546,0.011645532952519301
thermal_tau60,thermal,thermal_tau60_A0.50,-31.0,2026120252,52,thermal|thermal_tau60|-31.0|2026120252,0,0.5000000000000002,0.1914926398578658,29.887916678079364,0.08826371942306611,0.10409712813175273,0.10791447054273723,0.0077904841663937385,0.010836212085278546,0.011645532952519301
thermal_tau60,thermal,thermal_tau60_A0.50,-31.0,2026120253,53,thermal|thermal_tau60|-31.0|2026120253,0,0.5000000000000002,0.1914926398578658,29.887916678079364,0.08826371942306611,0.10409712813175273,0.10791447054273723,0.0077904841663937385,0.010836212085278546,0.011645532952519301
thermal_tau60,thermal,thermal_tau60_A0.50,-31.0,2026120254,54,thermal|thermal_tau60|-31.0|2026120254,0,0.5000000000000002,0.1914926398578658,29.887916678079364,0.08826371942306611,0.10409712813175273,0.10791447054273723,0.0077904841663937385,0.010836212085278546,0.011645532952519301
thermal_tau60,thermal,thermal_tau60_A0.50,-31.0,2026120255,55,thermal|thermal_tau60|-31.0|2026120255,0,0.5000000000000002,0.1914926398578658,29.887916678079364,0.08826371942306611,0.10409712813175273,0.10791447054273723,0.0077904841663937385,0.010836212085278546,0.011645532952519301
thermal_tau60,thermal,thermal_tau60_A0.50,-31.0,2026120256,56,thermal|thermal_tau60|-31.0|2026120256,0,0.5000000000000002,0.1914926398578658,29.887916678079364,0.08826371942306611,0.10409712813175273,0.10791447054273723,0.0077904841663937385,0.010836212085278546,0.011645532952519301
thermal_tau60,thermal,thermal_tau60_A0.50,-31.0,2026120257,57,thermal|thermal_tau60|-31.0|2026120257,0,0.5000000000000002,0.1914926398578658,29.887916678079364,0.08826371942306611,0.10409712813175273,0.10791447054273723,0.0077904841663937385,0.010836212085278546,0.011645532952519301
thermal_tau60,thermal,thermal_tau60_A0.50,-31.0,2026120258,58,thermal|thermal_tau60|-31.0|2026120258,0,0.5000000000000002,0.1914926398578658,29.887916678079364,0.08826371942306611,0.10409712813175273,0.10791447054273723,0.0077904841663937385,0.010836212085278546,0.011645532952519301
thermal_tau60,thermal,thermal_tau60_A0.50,-31.0,2026120259,59,thermal|thermal_tau60|-31.0|2026120259,0,0.5000000000000002,0.1914926398578658,29.887916678079364,0.08826371942306611,0.10409712813175273,0.10791447054273723,0.0077904841663937385,0.010836212085278546,0.011645532952519301
thermal_tau60,thermal,thermal_tau60_A0.50,-31.0,2026120262,62,thermal|thermal_tau60|-31.0|2026120262,1,0.5000000000000002,0.1914926398578658,29.887916678079364,0.08826371942306611,0.10409712813175273,0.10791447054273723,0.8312630453202615,0.802641955821773,0.7958165918670448
thermal_tau60,thermal,thermal_tau60_A0.50,-31.0,2026120261,61,thermal|thermal_tau60|-31.0|2026120261,0,0.5000000000000002,0.1914926398578658,29.887916678079364,0.08826371942306611,0.10409712813175273,0.10791447054273723,0.0077904841663937385,0.010836212085278546,0.011645532952519301
thermal_tau60,thermal,thermal_tau60_A0.50,-31.0,2026120260,60,thermal|thermal_tau60|-31.0|2026120260,0,0.5000000000000002,0.1914926398578658,29.887916678079364,0.08826371942306611,0.10409712813175273,0.10791447054273723,0.0077904841663937385,0.010836212085278546,0.011645532952519301
thermal_tau60,thermal,thermal_tau60_A0.50,-31.0,2026120263,63,thermal|thermal_tau60|-31.0|2026120263,1,0.5000000000000002,0.1914926398578658,29.887916678079364,0.08826371942306611,0.10409712813175273,0.10791447054273723,0.8312630453202615,0.802641955821773,0.7958165918670448
thermal_tau60,thermal,thermal_tau60_A0.50,-31.0,2026120264,64,thermal|thermal_tau60|-31.0|2026120264,0,0.5000000000000002,0.1914926398578658,29.887916678079364,0.08826371942306611,0.10409712813175273,0.10791447054273723,0.0077904841663937385,0.010836212085278546,0.011645532952519301
thermal_tau60,thermal,thermal_tau60_A0.50,-31.0,2026120265,65,thermal|thermal_tau60|-31.0|2026120265,0,0.5000000000000002,0.1914926398578658,29.887916678079364,0.08826371942306611,0.10409712813175273,0.10791447054273723,0.0077904841663937385,0.010836212085278546,0.011645532952519301
thermal_tau60,thermal,thermal_tau60_A0.50,-31.0,2026120266,66,thermal|thermal_tau60|-31.0|2026120266,0,0.5000000000000002,0.1914926398578658,29.887916678079364,0.08826371942306611,0.10409712813175273,0.10791447054273723,0.0077904841663937385,0.010836212085278546,0.011645532952519301
thermal_tau60,thermal,thermal_tau60_A0.50,-31.0,2026120267,67,thermal|thermal_tau60|-31.0|2026120267,0,0.5000000000000002,0.1914926398578658,29.887916678079364,0.08826371942306611,0.10409712813175273,0.10791447054273723,0.0077904841663937385,0.010836212085278546,0.011645532952519301
thermal_tau60,thermal,thermal_tau60_A0.50,-31.0,2026120268,68,thermal|thermal_tau60|-31.0|2026120268,0,0.5000000000000002,0.1914926398578658,29.887916678079364,0.08826371942306611,0.10409712813175273,0.10791447054273723,0.0077904841663937385,0.010836212085278546,0.011645532952519301
thermal_tau60,thermal,thermal_tau60_A0.50,-31.0,2026120270,70,thermal|thermal_tau60|-31.0|2026120270,0,0.5000000000000002,0.1914926398578658,29.887916678079364,0.08826371942306611,0.10409712813175273,0.10791447054273723,0.0077904841663937385,0.010836212085278546,0.011645532952519301
thermal_tau60,thermal,thermal_tau60_A0.50,-31.0,2026120273,73,thermal|thermal_tau60|-31.0|2026120273,0,0.5000000000000002,0.1914926398578658,29.887916678079364,0.08826371942306611,0.10409712813175273,0.10791447054273723,0.0077904841663937385,0.010836212085278546,0.011645532952519301
thermal_tau60,thermal,thermal_tau60_A0.50,-31.0,2026120274,74,thermal|thermal_tau60|-31.0|2026120274,0,0.5000000000000002,0.1914926398578658,29.887916678079364,0.08826371942306611,0.10409712813175273,0.10791447054273723,0.0077904841663937385,0.010836212085278546,0.011645532952519301
thermal_tau60,thermal,thermal_tau60_A0.50,-31.0,2026120269,69,thermal|thermal_tau60|-31.0|2026120269,0,0.5000000000000002,0.1914926398578658,29.887916678079364,0.08826371942306611,0.10409712813175273,0.10791447054273723,0.0077904841663937385,0.010836212085278546,0.011645532952519301
thermal_tau60,thermal,thermal_tau60_A0.50,-31.0,2026120271,71,thermal|thermal_tau60|-31.0|2026120271,0,0.5000000000000002,0.1914926398578658,29.887916678079364,0.08826371942306611,0.10409712813175273,0.10791447054273723,0.0077904841663937385,0.010836212085278546,0.011645532952519301
thermal_tau60,thermal,thermal_tau60_A0.50,-31.0,2026120272,72,thermal|thermal_tau60|-31.0|2026120272,0,0.5000000000000002,0.1914926398578658,29.887916678079364,0.08826371942306611,0.10409712813175273,0.10791447054273723,0.0077904841663937385,0.010836212085278546,0.011645532952519301
thermal_tau60,thermal,thermal_tau60_A0.50,-31.0,2026120275,75,thermal|thermal_tau60|-31.0|2026120275,0,0.5000000000000002,0.1914926398578658,29.887916678079364,0.08826371942306611,0.10409712813175273,0.10791447054273723,0.0077904841663937385,0.010836212085278546,0.011645532952519301
thermal_tau60,thermal,thermal_tau60_A0.50,-31.0,2026120276,76,thermal|thermal_tau60|-31.0|2026120276,0,0.5000000000000002,0.1914926398578658,29.887916678079364,0.08826371942306611,0.10409712813175273,0.10791447054273723,0.0077904841663937385,0.010836212085278546,0.011645532952519301
thermal_tau60,thermal,thermal_tau60_A0.50,-31.0,2026120279,79,thermal|thermal_tau60|-31.0|2026120279,1,0.5000000000000002,0.1914926398578658,29.887916678079364,0.08826371942306611,0.10409712813175273,0.10791447054273723,0.8312630453202615,0.802641955821773,0.7958165918670448
thermal_tau60,thermal,thermal_tau60_A0.50,-31.0,2026120277,77,thermal|thermal_tau60|-31.0|2026120277,0,0.5000000000000002,0.1914926398578658,29.887916678079364,0.08826371942306611,0.10409712813175273,0.10791447054273723,0.0077904841663937385,0.010836212085278546,0.011645532952519301
thermal_tau60,thermal,thermal_tau60_A0.50,-31.0,2026120278,78,thermal|thermal_tau60|-31.0|2026120278,0,0.5000000000000002,0.1914926398578658,29.887916678079364,0.08826371942306611,0.10409712813175273,0.10791447054273723,0.0077904841663937385,0.010836212085278546,0.011645532952519301
thermal_tau60,thermal,thermal_tau60_A0.50,-31.0,2026120280,80,thermal|thermal_tau60|-31.0|2026120280,0,0.5000000000000002,0.1914926398578658,29.887916678079364,0.08826371942306611,0.10409712813175273,0.10791447054273723,0.0077904841663937385,0.010836212085278546,0.011645532952519301
thermal_tau60,thermal,thermal_tau60_A0.50,-31.0,2026120284,84,thermal|thermal_tau60|-31.0|2026120284,0,0.5000000000000002,0.1914926398578658,29.887916678079364,0.08826371942306611,0.10409712813175273,0.10791447054273723,0.0077904841663937385,0.010836212085278546,0.011645532952519301
thermal_tau60,thermal,thermal_tau60_A0.50,-31.0,2026120281,81,thermal|thermal_tau60|-31.0|2026120281,0,0.5000000000000002,0.1914926398578658,29.887916678079364,0.08826371942306611,0.10409712813175273,0.10791447054273723,0.0077904841663937385,0.010836212085278546,0.011645532952519301
thermal_tau60,thermal,thermal_tau60_A0.50,-31.0,2026120282,82,thermal|thermal_tau60|-31.0|2026120282,0,0.5000000000000002,0.1914926398578658,29.887916678079364,0.08826371942306611,0.10409712813175273,0.10791447054273723,0.0077904841663937385,0.010836212085278546,0.011645532952519301
thermal_tau60,thermal,thermal_tau60_A0.50,-31.0,2026120283,83,thermal|thermal_tau60|-31.0|2026120283,0,0.5000000000000002,0.1914926398578658,29.887916678079364,0.08826371942306611,0.10409712813175273,0.10791447054273723,0.0077904841663937385,0.010836212085278546,0.011645532952519301
thermal_tau60,thermal,thermal_tau60_A0.50,-31.0,2026120285,85,thermal|thermal_tau60|-31.0|2026120285,0,0.5000000000000002,0.1914926398578658,29.887916678079364,0.08826371942306611,0.10409712813175273,0.10791447054273723,0.0077904841663937385,0.010836212085278546,0.011645532952519301
thermal_tau60,thermal,thermal_tau60_A0.50,-31.0,2026120287,87,thermal|thermal_tau60|-31.0|2026120287,0,0.5000000000000002,0.1914926398578658,29.887916678079364,0.08826371942306611,0.10409712813175273,0.10791447054273723,0.0077904841663937385,0.010836212085278546,0.011645532952519301
thermal_tau60,thermal,thermal_tau60_A0.50,-31.0,2026120286,86,thermal|thermal_tau60|-31.0|2026120286,0,0.5000000000000002,0.1914926398578658,29.887916678079364,0.08826371942306611,0.10409712813175273,0.10791447054273723,0.0077904841663937385,0.010836212085278546,0.011645532952519301
thermal_tau60,thermal,thermal_tau60_A0.50,-31.0,2026120290,90,thermal|thermal_tau60|-31.0|2026120290,0,0.5000000000000002,0.1914926398578658,29.887916678079364,0.08826371942306611,0.10409712813175273,0.10791447054273723,0.0077904841663937385,0.010836212085278546,0.011645532952519301
thermal_tau60,thermal,thermal_tau60_A0.50,-31.0,2026120288,88,thermal|thermal_tau60|-31.0|2026120288,0,0.5000000000000002,0.1914926398578658,29.887916678079364,0.08826371942306611,0.10409712813175273,0.10791447054273723,0.0077904841663937385,0.010836212085278546,0.011645532952519301
thermal_tau60,thermal,thermal_tau60_A0.50,-31.0,2026120289,89,thermal|thermal_tau60|-31.0|2026120289,0,0.5000000000000002,0.1914926398578658,29.887916678079364,0.08826371942306611,0.10409712813175273,0.10791447054273723,0.0077904841663937385,0.010836212085278546,0.011645532952519301
thermal_tau60,thermal,thermal_tau60_A0.50,-31.0,2026120292,92,thermal|thermal_tau60|-31.0|2026120292,0,0.5000000000000002,0.1914926398578658,29.887916678079364,0.08826371942306611,0.10409712813175273,0.10791447054273723,0.0077904841663937385,0.010836212085278546,0.011645532952519301
thermal_tau60,thermal,thermal_tau60_A0.50,-31.0,2026120291,91,thermal|thermal_tau60|-31.0|2026120291,0,0.5000000000000002,0.1914926398578658,29.887916678079364,0.08826371942306611,0.10409712813175273,0.10791447054273723,0.0077904841663937385,0.010836212085278546,0.011645532952519301
thermal_tau60,thermal,thermal_tau60_A0.50,-31.0,2026120293,93,thermal|thermal_tau60|-31.0|2026120293,0,0.5000000000000002,0.1914926398578658,29.887916678079364,0.08826371942306611,0.10409712813175273,0.10791447054273723,0.0077904841663937385,0.010836212085278546,0.011645532952519301
thermal_tau60,thermal,thermal_tau60_A0.50,-31.0,2026120294,94,thermal|thermal_tau60|-31.0|2026120294,0,0.5000000000000002,0.1914926398578658,29.887916678079364,0.08826371942306611,0.10409712813175273,0.10791447054273723,0.0077904841663937385,0.010836212085278546,0.011645532952519301
thermal_tau60,thermal,thermal_tau60_A0.50,-31.0,2026120296,96,thermal|thermal_tau60|-31.0|2026120296,0,0.5000000000000002,0.1914926398578658,29.887916678079364,0.08826371942306611,0.10409712813175273,0.10791447054273723,0.0077904841663937385,0.010836212085278546,0.011645532952519301
thermal_tau60,thermal,thermal_tau60_A0.50,-31.0,2026120298,98,thermal|thermal_tau60|-31.0|2026120298,1,0.5000000000000002,0.1914926398578658,29.887916678079364,0.08826371942306611,0.10409712813175273,0.10791447054273723,0.8312630453202615,0.802641955821773,0.7958165918670448
thermal_tau60,thermal,thermal_tau60_A0.50,-31.0,2026120295,95,thermal|thermal_tau60|-31.0|2026120295,0,0.5000000000000002,0.1914926398578658,29.887916678079364,0.08826371942306611,0.10409712813175273,0.10791447054273723,0.0077904841663937385,0.010836212085278546,0.011645532952519301
thermal_tau60,thermal,thermal_tau60_A0.50,-31.0,2026120297,97,thermal|thermal_tau60|-31.0|2026120297,0,0.5000000000000002,0.1914926398578658,29.887916678079364,0.08826371942306611,0.10409712813175273,0.10791447054273723,0.0077904841663937385,0.010836212085278546,0.011645532952519301
thermal_tau120,thermal,thermal_tau120_A0.25,-31.0,2026120202,2,thermal|thermal_tau120|-31.0|2026120202,1,0.2499999999999996,0.1042094654092212,15.959377671278755,0.4995359506721407,0.4791286437068953,0.4828144807440752,0.25046426466963806,0.2713069698066184,0.26748086132802057
thermal_tau60,thermal,thermal_tau60_A0.50,-31.0,2026120299,99,thermal|thermal_tau60|-31.0|2026120299,0,0.5000000000000002,0.1914926398578658,29.887916678079364,0.08826371942306611,0.10409712813175273,0.10791447054273723,0.0077904841663937385,0.010836212085278546,0.011645532952519301
thermal_tau120,thermal,thermal_tau120_A0.25,-31.0,2026120200,0,thermal|thermal_tau120|-31.0|2026120200,0,0.2499999999999996,0.1042094654092212,15.959377671278755,0.4995359506721407,0.4791286437068953,0.4828144807440752,0.24953616601391937,0.22956425722040902,0.23310982281617093
thermal_tau120,thermal,thermal_tau120_A0.25,-31.0,2026120201,1,thermal|thermal_tau120|-31.0|2026120201,0,0.2499999999999996,0.1042094654092212,15.959377671278755,0.4995359506721407,0.4791286437068953,0.4828144807440752,0.24953616601391937,0.22956425722040902,0.23310982281617093
thermal_tau120,thermal,thermal_tau120_A0.25,-31.0,2026120203,3,thermal|thermal_tau120|-31.0|2026120203,0,0.2499999999999996,0.1042094654092212,15.959377671278755,0.4995359506721407,0.4791286437068953,0.4828144807440752,0.24953616601391937,0.22956425722040902,0.23310982281617093
thermal_tau120,thermal,thermal_tau120_A0.25,-31.0,2026120204,4,thermal|thermal_tau120|-31.0|2026120204,0,0.2499999999999996,0.1042094654092212,15.959377671278755,0.4995359506721407,0.4791286437068953,0.4828144807440752,0.24953616601391937,0.22956425722040902,0.23310982281617093
thermal_tau120,thermal,thermal_tau120_A0.25,-31.0,2026120206,6,thermal|thermal_tau120|-31.0|2026120206,0,0.2499999999999996,0.1042094654092212,15.959377671278755,0.4995359506721407,0.4791286437068953,0.4828144807440752,0.24953616601391937,0.22956425722040902,0.23310982281617093
thermal_tau120,thermal,thermal_tau120_A0.25,-31.0,2026120205,5,thermal|thermal_tau120|-31.0|2026120205,0,0.2499999999999996,0.1042094654092212,15.959377671278755,0.4995359506721407,0.4791286437068953,0.4828144807440752,0.24953616601391937,0.22956425722040902,0.23310982281617093
thermal_tau120,thermal,thermal_tau120_A0.25,-31.0,2026120207,7,thermal|thermal_tau120|-31.0|2026120207,1,0.2499999999999996,0.1042094654092212,15.959377671278755,0.4995359506721407,0.4791286437068953,0.4828144807440752,0.25046426466963806,0.2713069698066184,0.26748086132802057
thermal_tau120,thermal,thermal_tau120_A0.25,-31.0,2026120209,9,thermal|thermal_tau120|-31.0|2026120209,1,0.2499999999999996,0.1042094654092212,15.959377671278755,0.4995359506721407,0.4791286437068953,0.4828144807440752,0.25046426466963806,0.2713069698066184,0.26748086132802057
thermal_tau120,thermal,thermal_tau120_A0.25,-31.0,2026120208,8,thermal|thermal_tau120|-31.0|2026120208,1,0.2499999999999996,0.1042094654092212,15.959377671278755,0.4995359506721407,0.4791286437068953,0.4828144807440752,0.25046426466963806,0.2713069698066184,0.26748086132802057
thermal_tau120,thermal,thermal_tau120_A0.25,-31.0,2026120211,11,thermal|thermal_tau120|-31.0|2026120211,1,0.2499999999999996,0.1042094654092212,15.959377671278755,0.4995359506721407,0.4791286437068953,0.4828144807440752,0.25046426466963806,0.2713069698066184,0.26748086132802057
thermal_tau120,thermal,thermal_tau120_A0.25,-31.0,2026120212,12,thermal|thermal_tau120|-31.0|2026120212,1,0.2499999999999996,0.1042094654092212,15.959377671278755,0.4995359506721407,0.4791286437068953,0.4828144807440752,0.25046426466963806,0.2713069698066184,0.26748086132802057
thermal_tau120,thermal,thermal_tau120_A0.25,-31.0,2026120215,15,thermal|thermal_tau120|-31.0|2026120215,1,0.2499999999999996,0.1042094654092212,15.959377671278755,0.4995359506721407,0.4791286437068953,0.4828144807440752,0.25046426466963806,0.2713069698066184,0.26748086132802057
thermal_tau120,thermal,thermal_tau120_A0.25,-31.0,2026120210,10,thermal|thermal_tau120|-31.0|2026120210,0,0.2499999999999996,0.1042094654092212,15.959377671278755,0.4995359506721407,0.4791286437068953,0.4828144807440752,0.24953616601391937,0.22956425722040902,0.23310982281617093
thermal_tau120,thermal,thermal_tau120_A0.25,-31.0,2026120213,13,thermal|thermal_tau120|-31.0|2026120213,1,0.2499999999999996,0.1042094654092212,15.959377671278755,0.4995359506721407,0.4791286437068953,0.4828144807440752,0.25046426466963806,0.2713069698066184,0.26748086132802057
thermal_tau120,thermal,thermal_tau120_A0.25,-31.0,2026120217,17,thermal|thermal_tau120|-31.0|2026120217,1,0.2499999999999996,0.1042094654092212,15.959377671278755,0.4995359506721407,0.4791286437068953,0.4828144807440752,0.25046426466963806,0.2713069698066184,0.26748086132802057
thermal_tau120,thermal,thermal_tau120_A0.25,-31.0,2026120216,16,thermal|thermal_tau120|-31.0|2026120216,1,0.2499999999999996,0.1042094654092212,15.959377671278755,0.4995359506721407,0.4791286437068953,0.4828144807440752,0.25046426466963806,0.2713069698066184,0.26748086132802057
thermal_tau120,thermal,thermal_tau120_A0.25,-31.0,2026120219,19,thermal|thermal_tau120|-31.0|2026120219,1,0.2499999999999996,0.1042094654092212,15.959377671278755,0.4995359506721407,0.4791286437068953,0.4828144807440752,0.25046426466963806,0.2713069698066184,0.26748086132802057
thermal_tau120,thermal,thermal_tau120_A0.25,-31.0,2026120218,18,thermal|thermal_tau120|-31.0|2026120218,1,0.2499999999999996,0.1042094654092212,15.959377671278755,0.4995359506721407,0.4791286437068953,0.4828144807440752,0.25046426466963806,0.2713069698066184,0.26748086132802057
thermal_tau120,thermal,thermal_tau120_A0.25,-31.0,2026120214,14,thermal|thermal_tau120|-31.0|2026120214,0,0.2499999999999996,0.1042094654092212,15.959377671278755,0.4995359506721407,0.4791286437068953,0.4828144807440752,0.24953616601391937,0.22956425722040902,0.23310982281617093
thermal_tau120,thermal,thermal_tau120_A0.25,-31.0,2026120221,21,thermal|thermal_tau120|-31.0|2026120221,1,0.2499999999999996,0.1042094654092212,15.959377671278755,0.4995359506721407,0.4791286437068953,0.4828144807440752,0.25046426466963806,0.2713069698066184,0.26748086132802057
thermal_tau120,thermal,thermal_tau120_A0.25,-31.0,2026120220,20,thermal|thermal_tau120|-31.0|2026120220,1,0.2499999999999996,0.1042094654092212,15.959377671278755,0.4995359506721407,0.4791286437068953,0.4828144807440752,0.25046426466963806,0.2713069698066184,0.26748086132802057
thermal_tau120,thermal,thermal_tau120_A0.25,-31.0,2026120222,22,thermal|thermal_tau120|-31.0|2026120222,0,0.2499999999999996,0.1042094654092212,15.959377671278755,0.4995359506721407,0.4791286437068953,0.4828144807440752,0.24953616601391937,0.22956425722040902,0.23310982281617093
thermal_tau120,thermal,thermal_tau120_A0.25,-31.0,2026120223,23,thermal|thermal_tau120|-31.0|2026120223,0,0.2499999999999996,0.1042094654092212,15.959377671278755,0.4995359506721407,0.4791286437068953,0.4828144807440752,0.24953616601391937,0.22956425722040902,0.23310982281617093
thermal_tau120,thermal,thermal_tau120_A0.25,-31.0,2026120224,24,thermal|thermal_tau120|-31.0|2026120224,0,0.2499999999999996,0.1042094654092212,15.959377671278755,0.4995359506721407,0.4791286437068953,0.4828144807440752,0.24953616601391937,0.22956425722040902,0.23310982281617093
thermal_tau120,thermal,thermal_tau120_A0.25,-31.0,2026120225,25,thermal|thermal_tau120|-31.0|2026120225,0,0.2499999999999996,0.1042094654092212,15.959377671278755,0.4995359506721407,0.4791286437068953,0.4828144807440752,0.24953616601391937,0.22956425722040902,0.23310982281617093
thermal_tau120,thermal,thermal_tau120_A0.25,-31.0,2026120229,29,thermal|thermal_tau120|-31.0|2026120229,0,0.2499999999999996,0.1042094654092212,15.959377671278755,0.4995359506721407,0.4791286437068953,0.4828144807440752,0.24953616601391937,0.22956425722040902,0.23310982281617093
thermal_tau120,thermal,thermal_tau120_A0.25,-31.0,2026120228,28,thermal|thermal_tau120|-31.0|2026120228,1,0.2499999999999996,0.1042094654092212,15.959377671278755,0.4995359506721407,0.4791286437068953,0.4828144807440752,0.25046426466963806,0.2713069698066184,0.26748086132802057
thermal_tau120,thermal,thermal_tau120_A0.25,-31.0,2026120226,26,thermal|thermal_tau120|-31.0|2026120226,0,0.2499999999999996,0.1042094654092212,15.959377671278755,0.4995359506721407,0.4791286437068953,0.4828144807440752,0.24953616601391937,0.22956425722040902,0.23310982281617093
thermal_tau120,thermal,thermal_tau120_A0.25,-31.0,2026120227,27,thermal|thermal_tau120|-31.0|2026120227,0,0.2499999999999996,0.1042094654092212,15.959377671278755,0.4995359506721407,0.4791286437068953,0.4828144807440752,0.24953616601391937,0.22956425722040902,0.23310982281617093
thermal_tau120,thermal,thermal_tau120_A0.25,-31.0,2026120230,30,thermal|thermal_tau120|-31.0|2026120230,0,0.2499999999999996,0.1042094654092212,15.959377671278755,0.4995359506721407,0.4791286437068953,0.4828144807440752,0.24953616601391937,0.22956425722040902,0.23310982281617093
thermal_tau120,thermal,thermal_tau120_A0.25,-31.0,2026120231,31,thermal|thermal_tau120|-31.0|2026120231,0,0.2499999999999996,0.1042094654092212,15.959377671278755,0.4995359506721407,0.4791286437068953,0.4828144807440752,0.24953616601391937,0.22956425722040902,0.23310982281617093
thermal_tau120,thermal,thermal_tau120_A0.25,-31.0,2026120234,34,thermal|thermal_tau120|-31.0|2026120234,1,0.2499999999999996,0.1042094654092212,15.959377671278755,0.4995359506721407,0.4791286437068953,0.4828144807440752,0.25046426466963806,0.2713069698066184,0.26748086132802057
thermal_tau120,thermal,thermal_tau120_A0.25,-31.0,2026120232,32,thermal|thermal_tau120|-31.0|2026120232,0,0.2499999999999996,0.1042094654092212,15.959377671278755,0.4995359506721407,0.4791286437068953,0.4828144807440752,0.24953616601391937,0.22956425722040902,0.23310982281617093
thermal_tau120,thermal,thermal_tau120_A0.25,-31.0,2026120233,33,thermal|thermal_tau120|-31.0|2026120233,0,0.2499999999999996,0.1042094654092212,15.959377671278755,0.4995359506721407,0.4791286437068953,0.4828144807440752,0.24953616601391937,0.22956425722040902,0.23310982281617093
thermal_tau120,thermal,thermal_tau120_A0.25,-31.0,2026120236,36,thermal|thermal_tau120|-31.0|2026120236,1,0.2499999999999996,0.1042094654092212,15.959377671278755,0.4995359506721407,0.4791286437068953,0.4828144807440752,0.25046426466963806,0.2713069698066184,0.26748086132802057
thermal_tau120,thermal,thermal_tau120_A0.25,-31.0,2026120237,37,thermal|thermal_tau120|-31.0|2026120237,1,0.2499999999999996,0.1042094654092212,15.959377671278755,0.4995359506721407,0.4791286437068953,0.4828144807440752,0.25046426466963806,0.2713069698066184,0.26748086132802057
thermal_tau120,thermal,thermal_tau120_A0.25,-31.0,2026120235,35,thermal|thermal_tau120|-31.0|2026120235,0,0.2499999999999996,0.1042094654092212,15.959377671278755,0.4995359506721407,0.4791286437068953,0.4828144807440752,0.24953616601391937,0.22956425722040902,0.23310982281617093
thermal_tau120,thermal,thermal_tau120_A0.25,-31.0,2026120238,38,thermal|thermal_tau120|-31.0|2026120238,0,0.2499999999999996,0.1042094654092212,15.959377671278755,0.4995359506721407,0.4791286437068953,0.4828144807440752,0.24953616601391937,0.22956425722040902,0.23310982281617093
thermal_tau120,thermal,thermal_tau120_A0.25,-31.0,2026120241,41,thermal|thermal_tau120|-31.0|2026120241,1,0.2499999999999996,0.1042094654092212,15.959377671278755,0.4995359506721407,0.4791286437068953,0.4828144807440752,0.25046426466963806,0.2713069698066184,0.26748086132802057
thermal_tau120,thermal,thermal_tau120_A0.25,-31.0,2026120240,40,thermal|thermal_tau120|-31.0|2026120240,1,0.2499999999999996,0.1042094654092212,15.959377671278755,0.4995359506721407,0.4791286437068953,0.4828144807440752,0.25046426466963806,0.2713069698066184,0.26748086132802057
thermal_tau120,thermal,thermal_tau120_A0.25,-31.0,2026120239,39,thermal|thermal_tau120|-31.0|2026120239,0,0.2499999999999996,0.1042094654092212,15.959377671278755,0.4995359506721407,0.4791286437068953,0.4828144807440752,0.24953616601391937,0.22956425722040902,0.23310982281617093
thermal_tau120,thermal,thermal_tau120_A0.25,-31.0,2026120242,42,thermal|thermal_tau120|-31.0|2026120242,1,0.2499999999999996,0.1042094654092212,15.959377671278755,0.4995359506721407,0.4791286437068953,0.4828144807440752,0.25046426466963806,0.2713069698066184,0.26748086132802057
thermal_tau120,thermal,thermal_tau120_A0.25,-31.0,2026120246,46,thermal|thermal_tau120|-31.0|2026120246,1,0.2499999999999996,0.1042094654092212,15.959377671278755,0.4995359506721407,0.4791286437068953,0.4828144807440752,0.25046426466963806,0.2713069698066184,0.26748086132802057
thermal_tau120,thermal,thermal_tau120_A0.25,-31.0,2026120243,43,thermal|thermal_tau120|-31.0|2026120243,0,0.2499999999999996,0.1042094654092212,15.959377671278755,0.4995359506721407,0.4791286437068953,0.4828144807440752,0.24953616601391937,0.22956425722040902,0.23310982281617093
thermal_tau120,thermal,thermal_tau120_A0.25,-31.0,2026120244,44,thermal|thermal_tau120|-31.0|2026120244,0,0.2499999999999996,0.1042094654092212,15.959377671278755,0.4995359506721407,0.4791286437068953,0.4828144807440752,0.24953616601391937,0.22956425722040902,0.23310982281617093
thermal_tau120,thermal,thermal_tau120_A0.25,-31.0,2026120245,45,thermal|thermal_tau120|-31.0|2026120245,0,0.2499999999999996,0.1042094654092212,15.959377671278755,0.4995359506721407,0.4791286437068953,0.4828144807440752,0.24953616601391937,0.22956425722040902,0.23310982281617093
thermal_tau120,thermal,thermal_tau120_A0.25,-31.0,2026120248,48,thermal|thermal_tau120|-31.0|2026120248,1,0.2499999999999996,0.1042094654092212,15.959377671278755,0.4995359506721407,0.4791286437068953,0.4828144807440752,0.25046426466963806,0.2713069698066184,0.26748086132802057
thermal_tau120,thermal,thermal_tau120_A0.25,-31.0,2026120250,50,thermal|thermal_tau120|-31.0|2026120250,1,0.2499999999999996,0.1042094654092212,15.959377671278755,0.4995359506721407,0.4791286437068953,0.4828144807440752,0.25046426466963806,0.2713069698066184,0.26748086132802057
thermal_tau120,thermal,thermal_tau120_A0.25,-31.0,2026120247,47,thermal|thermal_tau120|-31.0|2026120247,0,0.2499999999999996,0.1042094654092212,15.959377671278755,0.4995359506721407,0.4791286437068953,0.4828144807440752,0.24953616601391937,0.22956425722040902,0.23310982281617093
thermal_tau120,thermal,thermal_tau120_A0.25,-31.0,2026120251,51,thermal|thermal_tau120|-31.0|2026120251,1,0.2499999999999996,0.1042094654092212,15.959377671278755,0.4995359506721407,0.4791286437068953,0.4828144807440752,0.25046426466963806,0.2713069698066184,0.26748086132802057
thermal_tau120,thermal,thermal_tau120_A0.25,-31.0,2026120249,49,thermal|thermal_tau120|-31.0|2026120249,0,0.2499999999999996,0.1042094654092212,15.959377671278755,0.4995359506721407,0.4791286437068953,0.4828144807440752,0.24953616601391937,0.22956425722040902,0.23310982281617093
thermal_tau120,thermal,thermal_tau120_A0.25,-31.0,2026120255,55,thermal|thermal_tau120|-31.0|2026120255,1,0.2499999999999996,0.1042094654092212,15.959377671278755,0.4995359506721407,0.4791286437068953,0.4828144807440752,0.25046426466963806,0.2713069698066184,0.26748086132802057
thermal_tau120,thermal,thermal_tau120_A0.25,-31.0,2026120254,54,thermal|thermal_tau120|-31.0|2026120254,0,0.2499999999999996,0.1042094654092212,15.959377671278755,0.4995359506721407,0.4791286437068953,0.4828144807440752,0.24953616601391937,0.22956425722040902,0.23310982281617093
thermal_tau120,thermal,thermal_tau120_A0.25,-31.0,2026120253,53,thermal|thermal_tau120|-31.0|2026120253,0,0.2499999999999996,0.1042094654092212,15.959377671278755,0.4995359506721407,0.4791286437068953,0.4828144807440752,0.24953616601391937,0.22956425722040902,0.23310982281617093
thermal_tau120,thermal,thermal_tau120_A0.25,-31.0,2026120252,52,thermal|thermal_tau120|-31.0|2026120252,0,0.2499999999999996,0.1042094654092212,15.959377671278755,0.4995359506721407,0.4791286437068953,0.4828144807440752,0.24953616601391937,0.22956425722040902,0.23310982281617093
thermal_tau120,thermal,thermal_tau120_A0.25,-31.0,2026120256,56,thermal|thermal_tau120|-31.0|2026120256,1,0.2499999999999996,0.1042094654092212,15.959377671278755,0.4995359506721407,0.4791286437068953,0.4828144807440752,0.25046426466963806,0.2713069698066184,0.26748086132802057
thermal_tau120,thermal,thermal_tau120_A0.25,-31.0,2026120257,57,thermal|thermal_tau120|-31.0|2026120257,0,0.2499999999999996,0.1042094654092212,15.959377671278755,0.4995359506721407,0.4791286437068953,0.4828144807440752,0.24953616601391937,0.22956425722040902,0.23310982281617093
thermal_tau120,thermal,thermal_tau120_A0.25,-31.0,2026120260,60,thermal|thermal_tau120|-31.0|2026120260,1,0.2499999999999996,0.1042094654092212,15.959377671278755,0.4995359506721407,0.4791286437068953,0.4828144807440752,0.25046426466963806,0.2713069698066184,0.26748086132802057
thermal_tau120,thermal,thermal_tau120_A0.25,-31.0,2026120259,59,thermal|thermal_tau120|-31.0|2026120259,0,0.2499999999999996,0.1042094654092212,15.959377671278755,0.4995359506721407,0.4791286437068953,0.4828144807440752,0.24953616601391937,0.22956425722040902,0.23310982281617093
thermal_tau120,thermal,thermal_tau120_A0.25,-31.0,2026120258,58,thermal|thermal_tau120|-31.0|2026120258,0,0.2499999999999996,0.1042094654092212,15.959377671278755,0.4995359506721407,0.4791286437068953,0.4828144807440752,0.24953616601391937,0.22956425722040902,0.23310982281617093
thermal_tau120,thermal,thermal_tau120_A0.25,-31.0,2026120261,61,thermal|thermal_tau120|-31.0|2026120261,1,0.2499999999999996,0.1042094654092212,15.959377671278755,0.4995359506721407,0.4791286437068953,0.4828144807440752,0.25046426466963806,0.2713069698066184,0.26748086132802057
thermal_tau120,thermal,thermal_tau120_A0.25,-31.0,2026120264,64,thermal|thermal_tau120|-31.0|2026120264,1,0.2499999999999996,0.1042094654092212,15.959377671278755,0.4995359506721407,0.4791286437068953,0.4828144807440752,0.25046426466963806,0.2713069698066184,0.26748086132802057
thermal_tau120,thermal,thermal_tau120_A0.25,-31.0,2026120263,63,thermal|thermal_tau120|-31.0|2026120263,1,0.2499999999999996,0.1042094654092212,15.959377671278755,0.4995359506721407,0.4791286437068953,0.4828144807440752,0.25046426466963806,0.2713069698066184,0.26748086132802057
thermal_tau120,thermal,thermal_tau120_A0.25,-31.0,2026120266,66,thermal|thermal_tau120|-31.0|2026120266,1,0.2499999999999996,0.1042094654092212,15.959377671278755,0.4995359506721407,0.4791286437068953,0.4828144807440752,0.25046426466963806,0.2713069698066184,0.26748086132802057
thermal_tau120,thermal,thermal_tau120_A0.25,-31.0,2026120267,67,thermal|thermal_tau120|-31.0|2026120267,1,0.2499999999999996,0.1042094654092212,15.959377671278755,0.4995359506721407,0.4791286437068953,0.4828144807440752,0.25046426466963806,0.2713069698066184,0.26748086132802057
thermal_tau120,thermal,thermal_tau120_A0.25,-31.0,2026120262,62,thermal|thermal_tau120|-31.0|2026120262,0,0.2499999999999996,0.1042094654092212,15.959377671278755,0.4995359506721407,0.4791286437068953,0.4828144807440752,0.24953616601391937,0.22956425722040902,0.23310982281617093
thermal_tau120,thermal,thermal_tau120_A0.25,-31.0,2026120265,65,thermal|thermal_tau120|-31.0|2026120265,1,0.2499999999999996,0.1042094654092212,15.959377671278755,0.4995359506721407,0.4791286437068953,0.4828144807440752,0.25046426466963806,0.2713069698066184,0.26748086132802057
thermal_tau120,thermal,thermal_tau120_A0.25,-31.0,2026120270,70,thermal|thermal_tau120|-31.0|2026120270,1,0.2499999999999996,0.1042094654092212,15.959377671278755,0.4995359506721407,0.4791286437068953,0.4828144807440752,0.25046426466963806,0.2713069698066184,0.26748086132802057
thermal_tau120,thermal,thermal_tau120_A0.25,-31.0,2026120268,68,thermal|thermal_tau120|-31.0|2026120268,0,0.2499999999999996,0.1042094654092212,15.959377671278755,0.4995359506721407,0.4791286437068953,0.4828144807440752,0.24953616601391937,0.22956425722040902,0.23310982281617093
thermal_tau120,thermal,thermal_tau120_A0.25,-31.0,2026120269,69,thermal|thermal_tau120|-31.0|2026120269,0,0.2499999999999996,0.1042094654092212,15.959377671278755,0.4995359506721407,0.4791286437068953,0.4828144807440752,0.24953616601391937,0.22956425722040902,0.23310982281617093
thermal_tau120,thermal,thermal_tau120_A0.25,-31.0,2026120274,74,thermal|thermal_tau120|-31.0|2026120274,0,0.2499999999999996,0.1042094654092212,15.959377671278755,0.4995359506721407,0.4791286437068953,0.4828144807440752,0.24953616601391937,0.22956425722040902,0.23310982281617093
thermal_tau120,thermal,thermal_tau120_A0.25,-31.0,2026120272,72,thermal|thermal_tau120|-31.0|2026120272,1,0.2499999999999996,0.1042094654092212,15.959377671278755,0.4995359506721407,0.4791286437068953,0.4828144807440752,0.25046426466963806,0.2713069698066184,0.26748086132802057
thermal_tau120,thermal,thermal_tau120_A0.25,-31.0,2026120271,71,thermal|thermal_tau120|-31.0|2026120271,0,0.2499999999999996,0.1042094654092212,15.959377671278755,0.4995359506721407,0.4791286437068953,0.4828144807440752,0.24953616601391937,0.22956425722040902,0.23310982281617093
thermal_tau120,thermal,thermal_tau120_A0.25,-31.0,2026120275,75,thermal|thermal_tau120|-31.0|2026120275,1,0.2499999999999996,0.1042094654092212,15.959377671278755,0.4995359506721407,0.4791286437068953,0.4828144807440752,0.25046426466963806,0.2713069698066184,0.26748086132802057
thermal_tau120,thermal,thermal_tau120_A0.25,-31.0,2026120273,73,thermal|thermal_tau120|-31.0|2026120273,0,0.2499999999999996,0.1042094654092212,15.959377671278755,0.4995359506721407,0.4791286437068953,0.4828144807440752,0.24953616601391937,0.22956425722040902,0.23310982281617093
thermal_tau120,thermal,thermal_tau120_A0.25,-31.0,2026120277,77,thermal|thermal_tau120|-31.0|2026120277,1,0.2499999999999996,0.1042094654092212,15.959377671278755,0.4995359506721407,0.4791286437068953,0.4828144807440752,0.25046426466963806,0.2713069698066184,0.26748086132802057
thermal_tau120,thermal,thermal_tau120_A0.25,-31.0,2026120278,78,thermal|thermal_tau120|-31.0|2026120278,1,0.2499999999999996,0.1042094654092212,15.959377671278755,0.4995359506721407,0.4791286437068953,0.4828144807440752,0.25046426466963806,0.2713069698066184,0.26748086132802057
thermal_tau120,thermal,thermal_tau120_A0.25,-31.0,2026120276,76,thermal|thermal_tau120|-31.0|2026120276,0,0.2499999999999996,0.1042094654092212,15.959377671278755,0.4995359506721407,0.4791286437068953,0.4828144807440752,0.24953616601391937,0.22956425722040902,0.23310982281617093
thermal_tau120,thermal,thermal_tau120_A0.25,-31.0,2026120281,81,thermal|thermal_tau120|-31.0|2026120281,1,0.2499999999999996,0.1042094654092212,15.959377671278755,0.4995359506721407,0.4791286437068953,0.4828144807440752,0.25046426466963806,0.2713069698066184,0.26748086132802057
thermal_tau120,thermal,thermal_tau120_A0.25,-31.0,2026120283,83,thermal|thermal_tau120|-31.0|2026120283,1,0.2499999999999996,0.1042094654092212,15.959377671278755,0.4995359506721407,0.4791286437068953,0.4828144807440752,0.25046426466963806,0.2713069698066184,0.26748086132802057
thermal_tau120,thermal,thermal_tau120_A0.25,-31.0,2026120284,84,thermal|thermal_tau120|-31.0|2026120284,0,0.2499999999999996,0.1042094654092212,15.959377671278755,0.4995359506721407,0.4791286437068953,0.4828144807440752,0.24953616601391937,0.22956425722040902,0.23310982281617093
thermal_tau120,thermal,thermal_tau120_A0.25,-31.0,2026120280,80,thermal|thermal_tau120|-31.0|2026120280,1,0.2499999999999996,0.1042094654092212,15.959377671278755,0.4995359506721407,0.4791286437068953,0.4828144807440752,0.25046426466963806,0.2713069698066184,0.26748086132802057
thermal_tau120,thermal,thermal_tau120_A0.25,-31.0,2026120279,79,thermal|thermal_tau120|-31.0|2026120279,0,0.2499999999999996,0.1042094654092212,15.959377671278755,0.4995359506721407,0.4791286437068953,0.4828144807440752,0.24953616601391937,0.22956425722040902,0.23310982281617093
thermal_tau120,thermal,thermal_tau120_A0.25,-31.0,2026120285,85,thermal|thermal_tau120|-31.0|2026120285,1,0.2499999999999996,0.1042094654092212,15.959377671278755,0.4995359506721407,0.4791286437068953,0.4828144807440752,0.25046426466963806,0.2713069698066184,0.26748086132802057
thermal_tau120,thermal,thermal_tau120_A0.25,-31.0,2026120282,82,thermal|thermal_tau120|-31.0|2026120282,0,0.2499999999999996,0.1042094654092212,15.959377671278755,0.4995359506721407,0.4791286437068953,0.4828144807440752,0.24953616601391937,0.22956425722040902,0.23310982281617093
thermal_tau120,thermal,thermal_tau120_A0.25,-31.0,2026120287,87,thermal|thermal_tau120|-31.0|2026120287,1,0.2499999999999996,0.1042094654092212,15.959377671278755,0.4995359506721407,0.4791286437068953,0.4828144807440752,0.25046426466963806,0.2713069698066184,0.26748086132802057
thermal_tau120,thermal,thermal_tau120_A0.25,-31.0,2026120290,90,thermal|thermal_tau120|-31.0|2026120290,0,0.2499999999999996,0.1042094654092212,15.959377671278755,0.4995359506721407,0.4791286437068953,0.4828144807440752,0.24953616601391937,0.22956425722040902,0.23310982281617093
thermal_tau120,thermal,thermal_tau120_A0.25,-31.0,2026120288,88,thermal|thermal_tau120|-31.0|2026120288,1,0.2499999999999996,0.1042094654092212,15.959377671278755,0.4995359506721407,0.4791286437068953,0.4828144807440752,0.25046426466963806,0.2713069698066184,0.26748086132802057
thermal_tau120,thermal,thermal_tau120_A0.25,-31.0,2026120286,86,thermal|thermal_tau120|-31.0|2026120286,0,0.2499999999999996,0.1042094654092212,15.959377671278755,0.4995359506721407,0.4791286437068953,0.4828144807440752,0.24953616601391937,0.22956425722040902,0.23310982281617093
thermal_tau120,thermal,thermal_tau120_A0.25,-31.0,2026120291,91,thermal|thermal_tau120|-31.0|2026120291,1,0.2499999999999996,0.1042094654092212,15.959377671278755,0.4995359506721407,0.4791286437068953,0.4828144807440752,0.25046426466963806,0.2713069698066184,0.26748086132802057
thermal_tau120,thermal,thermal_tau120_A0.25,-31.0,2026120289,89,thermal|thermal_tau120|-31.0|2026120289,0,0.2499999999999996,0.1042094654092212,15.959377671278755,0.4995359506721407,0.4791286437068953,0.4828144807440752,0.24953616601391937,0.22956425722040902,0.23310982281617093
thermal_tau120,thermal,thermal_tau120_A0.25,-31.0,2026120292,92,thermal|thermal_tau120|-31.0|2026120292,1,0.2499999999999996,0.1042094654092212,15.959377671278755,0.4995359506721407,0.4791286437068953,0.4828144807440752,0.25046426466963806,0.2713069698066184,0.26748086132802057
thermal_tau120,thermal,thermal_tau120_A0.25,-31.0,2026120293,93,thermal|thermal_tau120|-31.0|2026120293,0,0.2499999999999996,0.1042094654092212,15.959377671278755,0.4995359506721407,0.4791286437068953,0.4828144807440752,0.24953616601391937,0.22956425722040902,0.23310982281617093
thermal_tau120,thermal,thermal_tau120_A0.25,-31.0,2026120296,96,thermal|thermal_tau120|-31.0|2026120296,0,0.2499999999999996,0.1042094654092212,15.959377671278755,0.4995359506721407,0.4791286437068953,0.4828144807440752,0.24953616601391937,0.22956425722040902,0.23310982281617093
thermal_tau120,thermal,thermal_tau120_A0.25,-31.0,2026120294,94,thermal|thermal_tau120|-31.0|2026120294,0,0.2499999999999996,0.1042094654092212,15.959377671278755,0.4995359506721407,0.4791286437068953,0.4828144807440752,0.24953616601391937,0.22956425722040902,0.23310982281617093
thermal_tau120,thermal,thermal_tau120_A0.25,-31.0,2026120295,95,thermal|thermal_tau120|-31.0|2026120295,0,0.2499999999999996,0.1042094654092212,15.959377671278755,0.4995359506721407,0.4791286437068953,0.4828144807440752,0.24953616601391937,0.22956425722040902,0.23310982281617093
thermal_tau120,thermal,thermal_tau120_A0.25,-31.0,2026120298,98,thermal|thermal_tau120|-31.0|2026120298,1,0.2499999999999996,0.1042094654092212,15.959377671278755,0.4995359506721407,0.4791286437068953,0.4828144807440752,0.25046426466963806,0.2713069698066184,0.26748086132802057
thermal_tau120,thermal,thermal_tau120_A0.25,-31.0,2026120299,99,thermal|thermal_tau120|-31.0|2026120299,0,0.2499999999999996,0.1042094654092212,15.959377671278755,0.4995359506721407,0.4791286437068953,0.4828144807440752,0.24953616601391937,0.22956425722040902,0.23310982281617093
thermal_tau120,thermal,thermal_tau120_A0.25,-31.0,2026120297,97,thermal|thermal_tau120|-31.0|2026120297,0,0.2499999999999996,0.1042094654092212,15.959377671278755,0.4995359506721407,0.4791286437068953,0.4828144807440752,0.24953616601391937,0.22956425722040902,0.23310982281617093
thermal_tau120,thermal,thermal_tau120_A0.50,-31.0,2026120200,0,thermal|thermal_tau120|-31.0|2026120200,0,0.4999999999999992,0.2084189308184424,31.91875534255751,0.09458825817459045,0.07704106454739304,0.07920779277529262,0.008946938584502977,0.005935325626595581,0.006273874436333698
thermal_tau120,thermal,thermal_tau120_A0.50,-31.0,2026120201,1,thermal|thermal_tau120|-31.0|2026120201,0,0.4999999999999992,0.2084189308184424,31.91875534255751,0.09458825817459045,0.07704106454739304,0.07920779277529262,0.008946938584502977,0.005935325626595581,0.006273874436333698
thermal_tau120,thermal,thermal_tau120_A0.50,-31.0,2026120202,2,thermal|thermal_tau120|-31.0|2026120202,0,0.4999999999999992,0.2084189308184424,31.91875534255751,0.09458825817459045,0.07704106454739304,0.07920779277529262,0.008946938584502977,0.005935325626595581,0.006273874436333698
thermal_tau120,thermal,thermal_tau120_A0.50,-31.0,2026120203,3,thermal|thermal_tau120|-31.0|2026120203,0,0.4999999999999992,0.2084189308184424,31.91875534255751,0.09458825817459045,0.07704106454739304,0.07920779277529262,0.008946938584502977,0.005935325626595581,0.006273874436333698
thermal_tau120,thermal,thermal_tau120_A0.50,-31.0,2026120207,7,thermal|thermal_tau120|-31.0|2026120207,1,0.4999999999999992,0.2084189308184424,31.91875534255751,0.09458825817459045,0.07704106454739304,0.07920779277529262,0.819770422235322,0.8518531965318096,0.8478582888857484
thermal_tau120,thermal,thermal_tau120_A0.50,-31.0,2026120204,4,thermal|thermal_tau120|-31.0|2026120204,0,0.4999999999999992,0.2084189308184424,31.91875534255751,0.09458825817459045,0.07704106454739304,0.07920779277529262,0.008946938584502977,0.005935325626595581,0.006273874436333698
thermal_tau120,thermal,thermal_tau120_A0.50,-31.0,2026120205,5,thermal|thermal_tau120|-31.0|2026120205,0,0.4999999999999992,0.2084189308184424,31.91875534255751,0.09458825817459045,0.07704106454739304,0.07920779277529262,0.008946938584502977,0.005935325626595581,0.006273874436333698
thermal_tau120,thermal,thermal_tau120_A0.50,-31.0,2026120206,6,thermal|thermal_tau120|-31.0|2026120206,0,0.4999999999999992,0.2084189308184424,31.91875534255751,0.09458825817459045,0.07704106454739304,0.07920779277529262,0.008946938584502977,0.005935325626595581,0.006273874436333698
thermal_tau120,thermal,thermal_tau120_A0.50,-31.0,2026120209,9,thermal|thermal_tau120|-31.0|2026120209,0,0.4999999999999992,0.2084189308184424,31.91875534255751,0.09458825817459045,0.07704106454739304,0.07920779277529262,0.008946938584502977,0.005935325626595581,0.006273874436333698
thermal_tau120,thermal,thermal_tau120_A0.50,-31.0,2026120210,10,thermal|thermal_tau120|-31.0|2026120210,0,0.4999999999999992,0.2084189308184424,31.91875534255751,0.09458825817459045,0.07704106454739304,0.07920779277529262,0.008946938584502977,0.005935325626595581,0.006273874436333698
thermal_tau120,thermal,thermal_tau120_A0.50,-31.0,2026120211,11,thermal|thermal_tau120|-31.0|2026120211,0,0.4999999999999992,0.2084189308184424,31.91875534255751,0.09458825817459045,0.07704106454739304,0.07920779277529262,0.008946938584502977,0.005935325626595581,0.006273874436333698
thermal_tau120,thermal,thermal_tau120_A0.50,-31.0,2026120208,8,thermal|thermal_tau120|-31.0|2026120208,0,0.4999999999999992,0.2084189308184424,31.91875534255751,0.09458825817459045,0.07704106454739304,0.07920779277529262,0.008946938584502977,0.005935325626595581,0.006273874436333698
thermal_tau120,thermal,thermal_tau120_A0.50,-31.0,2026120212,12,thermal|thermal_tau120|-31.0|2026120212,0,0.4999999999999992,0.2084189308184424,31.91875534255751,0.09458825817459045,0.07704106454739304,0.07920779277529262,0.008946938584502977,0.005935325626595581,0.006273874436333698
thermal_tau120,thermal,thermal_tau120_A0.50,-31.0,2026120214,14,thermal|thermal_tau120|-31.0|2026120214,1,0.4999999999999992,0.2084189308184424,31.91875534255751,0.09458825817459045,0.07704106454739304,0.07920779277529262,0.819770422235322,0.8518531965318096,0.8478582888857484
thermal_tau120,thermal,thermal_tau120_A0.50,-31.0,2026120213,13,thermal|thermal_tau120|-31.0|2026120213,0,0.4999999999999992,0.2084189308184424,31.91875534255751,0.09458825817459045,0.07704106454739304,0.07920779277529262,0.008946938584502977,0.005935325626595581,0.006273874436333698
thermal_tau120,thermal,thermal_tau120_A0.50,-31.0,2026120215,15,thermal|thermal_tau120|-31.0|2026120215,1,0.4999999999999992,0.2084189308184424,31.91875534255751,0.09458825817459045,0.07704106454739304,0.07920779277529262,0.819770422235322,0.8518531965318096,0.8478582888857484
thermal_tau120,thermal,thermal_tau120_A0.50,-31.0,2026120218,18,thermal|thermal_tau120|-31.0|2026120218,0,0.4999999999999992,0.2084189308184424,31.91875534255751,0.09458825817459045,0.07704106454739304,0.07920779277529262,0.008946938584502977,0.005935325626595581,0.006273874436333698
thermal_tau120,thermal,thermal_tau120_A0.50,-31.0,2026120216,16,thermal|thermal_tau120|-31.0|2026120216,0,0.4999999999999992,0.2084189308184424,31.91875534255751,0.09458825817459045,0.07704106454739304,0.07920779277529262,0.008946938584502977,0.005935325626595581,0.006273874436333698
thermal_tau120,thermal,thermal_tau120_A0.50,-31.0,2026120217,17,thermal|thermal_tau120|-31.0|2026120217,0,0.4999999999999992,0.2084189308184424,31.91875534255751,0.09458825817459045,0.07704106454739304,0.07920779277529262,0.008946938584502977,0.005935325626595581,0.006273874436333698
thermal_tau120,thermal,thermal_tau120_A0.50,-31.0,2026120221,21,thermal|thermal_tau120|-31.0|2026120221,0,0.4999999999999992,0.2084189308184424,31.91875534255751,0.09458825817459045,0.07704106454739304,0.07920779277529262,0.008946938584502977,0.005935325626595581,0.006273874436333698
thermal_tau120,thermal,thermal_tau120_A0.50,-31.0,2026120220,20,thermal|thermal_tau120|-31.0|2026120220,0,0.4999999999999992,0.2084189308184424,31.91875534255751,0.09458825817459045,0.07704106454739304,0.07920779277529262,0.008946938584502977,0.005935325626595581,0.006273874436333698
thermal_tau120,thermal,thermal_tau120_A0.50,-31.0,2026120219,19,thermal|thermal_tau120|-31.0|2026120219,0,0.4999999999999992,0.2084189308184424,31.91875534255751,0.09458825817459045,0.07704106454739304,0.07920779277529262,0.008946938584502977,0.005935325626595581,0.006273874436333698
thermal_tau120,thermal,thermal_tau120_A0.50,-31.0,2026120222,22,thermal|thermal_tau120|-31.0|2026120222,0,0.4999999999999992,0.2084189308184424,31.91875534255751,0.09458825817459045,0.07704106454739304,0.07920779277529262,0.008946938584502977,0.005935325626595581,0.006273874436333698
thermal_tau120,thermal,thermal_tau120_A0.50,-31.0,2026120224,24,thermal|thermal_tau120|-31.0|2026120224,0,0.4999999999999992,0.2084189308184424,31.91875534255751,0.09458825817459045,0.07704106454739304,0.07920779277529262,0.008946938584502977,0.005935325626595581,0.006273874436333698
thermal_tau120,thermal,thermal_tau120_A0.50,-31.0,2026120223,23,thermal|thermal_tau120|-31.0|2026120223,0,0.4999999999999992,0.2084189308184424,31.91875534255751,0.09458825817459045,0.07704106454739304,0.07920779277529262,0.008946938584502977,0.005935325626595581,0.006273874436333698
thermal_tau120,thermal,thermal_tau120_A0.50,-31.0,2026120225,25,thermal|thermal_tau120|-31.0|2026120225,0,0.4999999999999992,0.2084189308184424,31.91875534255751,0.09458825817459045,0.07704106454739304,0.07920779277529262,0.008946938584502977,0.005935325626595581,0.006273874436333698
thermal_tau120,thermal,thermal_tau120_A0.50,-31.0,2026120229,29,thermal|thermal_tau120|-31.0|2026120229,0,0.4999999999999992,0.2084189308184424,31.91875534255751,0.09458825817459045,0.07704106454739304,0.07920779277529262,0.008946938584502977,0.005935325626595581,0.006273874436333698
thermal_tau120,thermal,thermal_tau120_A0.50,-31.0,2026120226,26,thermal|thermal_tau120|-31.0|2026120226,0,0.4999999999999992,0.2084189308184424,31.91875534255751,0.09458825817459045,0.07704106454739304,0.07920779277529262,0.008946938584502977,0.005935325626595581,0.006273874436333698
thermal_tau120,thermal,thermal_tau120_A0.50,-31.0,2026120227,27,thermal|thermal_tau120|-31.0|2026120227,0,0.4999999999999992,0.2084189308184424,31.91875534255751,0.09458825817459045,0.07704106454739304,0.07920779277529262,0.008946938584502977,0.005935325626595581,0.006273874436333698
thermal_tau120,thermal,thermal_tau120_A0.50,-31.0,2026120228,28,thermal|thermal_tau120|-31.0|2026120228,0,0.4999999999999992,0.2084189308184424,31.91875534255751,0.09458825817459045,0.07704106454739304,0.07920779277529262,0.008946938584502977,0.005935325626595581,0.006273874436333698
thermal_tau120,thermal,thermal_tau120_A0.50,-31.0,2026120230,30,thermal|thermal_tau120|-31.0|2026120230,0,0.4999999999999992,0.2084189308184424,31.91875534255751,0.09458825817459045,0.07704106454739304,0.07920779277529262,0.008946938584502977,0.005935325626595581,0.006273874436333698
thermal_tau120,thermal,thermal_tau120_A0.50,-31.0,2026120231,31,thermal|thermal_tau120|-31.0|2026120231,0,0.4999999999999992,0.2084189308184424,31.91875534255751,0.09458825817459045,0.07704106454739304,0.07920779277529262,0.008946938584502977,0.005935325626595581,0.006273874436333698
thermal_tau120,thermal,thermal_tau120_A0.50,-31.0,2026120232,32,thermal|thermal_tau120|-31.0|2026120232,0,0.4999999999999992,0.2084189308184424,31.91875534255751,0.09458825817459045,0.07704106454739304,0.07920779277529262,0.008946938584502977,0.005935325626595581,0.006273874436333698
thermal_tau120,thermal,thermal_tau120_A0.50,-31.0,2026120236,36,thermal|thermal_tau120|-31.0|2026120236,0,0.4999999999999992,0.2084189308184424,31.91875534255751,0.09458825817459045,0.07704106454739304,0.07920779277529262,0.008946938584502977,0.005935325626595581,0.006273874436333698
thermal_tau120,thermal,thermal_tau120_A0.50,-31.0,2026120233,33,thermal|thermal_tau120|-31.0|2026120233,0,0.4999999999999992,0.2084189308184424,31.91875534255751,0.09458825817459045,0.07704106454739304,0.07920779277529262,0.008946938584502977,0.005935325626595581,0.006273874436333698
thermal_tau120,thermal,thermal_tau120_A0.50,-31.0,2026120235,35,thermal|thermal_tau120|-31.0|2026120235,1,0.4999999999999992,0.2084189308184424,31.91875534255751,0.09458825817459045,0.07704106454739304,0.07920779277529262,0.819770422235322,0.8518531965318096,0.8478582888857484
thermal_tau120,thermal,thermal_tau120_A0.50,-31.0,2026120234,34,thermal|thermal_tau120|-31.0|2026120234,0,0.4999999999999992,0.2084189308184424,31.91875534255751,0.09458825817459045,0.07704106454739304,0.07920779277529262,0.008946938584502977,0.005935325626595581,0.006273874436333698
thermal_tau120,thermal,thermal_tau120_A0.50,-31.0,2026120238,38,thermal|thermal_tau120|-31.0|2026120238,0,0.4999999999999992,0.2084189308184424,31.91875534255751,0.09458825817459045,0.07704106454739304,0.07920779277529262,0.008946938584502977,0.005935325626595581,0.006273874436333698
thermal_tau120,thermal,thermal_tau120_A0.50,-31.0,2026120237,37,thermal|thermal_tau120|-31.0|2026120237,0,0.4999999999999992,0.2084189308184424,31.91875534255751,0.09458825817459045,0.07704106454739304,0.07920779277529262,0.008946938584502977,0.005935325626595581,0.006273874436333698
thermal_tau120,thermal,thermal_tau120_A0.50,-31.0,2026120241,41,thermal|thermal_tau120|-31.0|2026120241,0,0.4999999999999992,0.2084189308184424,31.91875534255751,0.09458825817459045,0.07704106454739304,0.07920779277529262,0.008946938584502977,0.005935325626595581,0.006273874436333698
thermal_tau120,thermal,thermal_tau120_A0.50,-31.0,2026120239,39,thermal|thermal_tau120|-31.0|2026120239,0,0.4999999999999992,0.2084189308184424,31.91875534255751,0.09458825817459045,0.07704106454739304,0.07920779277529262,0.008946938584502977,0.005935325626595581,0.006273874436333698
thermal_tau120,thermal,thermal_tau120_A0.50,-31.0,2026120240,40,thermal|thermal_tau120|-31.0|2026120240,0,0.4999999999999992,0.2084189308184424,31.91875534255751,0.09458825817459045,0.07704106454739304,0.07920779277529262,0.008946938584502977,0.005935325626595581,0.006273874436333698
thermal_tau120,thermal,thermal_tau120_A0.50,-31.0,2026120242,42,thermal|thermal_tau120|-31.0|2026120242,0,0.4999999999999992,0.2084189308184424,31.91875534255751,0.09458825817459045,0.07704106454739304,0.07920779277529262,0.008946938584502977,0.005935325626595581,0.006273874436333698
thermal_tau120,thermal,thermal_tau120_A0.50,-31.0,2026120243,43,thermal|thermal_tau120|-31.0|2026120243,0,0.4999999999999992,0.2084189308184424,31.91875534255751,0.09458825817459045,0.07704106454739304,0.07920779277529262,0.008946938584502977,0.005935325626595581,0.006273874436333698
thermal_tau120,thermal,thermal_tau120_A0.50,-31.0,2026120244,44,thermal|thermal_tau120|-31.0|2026120244,0,0.4999999999999992,0.2084189308184424,31.91875534255751,0.09458825817459045,0.07704106454739304,0.07920779277529262,0.008946938584502977,0.005935325626595581,0.006273874436333698
thermal_tau120,thermal,thermal_tau120_A0.50,-31.0,2026120245,45,thermal|thermal_tau120|-31.0|2026120245,0,0.4999999999999992,0.2084189308184424,31.91875534255751,0.09458825817459045,0.07704106454739304,0.07920779277529262,0.008946938584502977,0.005935325626595581,0.006273874436333698
thermal_tau120,thermal,thermal_tau120_A0.50,-31.0,2026120246,46,thermal|thermal_tau120|-31.0|2026120246,0,0.4999999999999992,0.2084189308184424,31.91875534255751,0.09458825817459045,0.07704106454739304,0.07920779277529262,0.008946938584502977,0.005935325626595581,0.006273874436333698
thermal_tau120,thermal,thermal_tau120_A0.50,-31.0,2026120247,47,thermal|thermal_tau120|-31.0|2026120247,0,0.4999999999999992,0.2084189308184424,31.91875534255751,0.09458825817459045,0.07704106454739304,0.07920779277529262,0.008946938584502977,0.005935325626595581,0.006273874436333698
thermal_tau120,thermal,thermal_tau120_A0.50,-31.0,2026120249,49,thermal|thermal_tau120|-31.0|2026120249,0,0.4999999999999992,0.2084189308184424,31.91875534255751,0.09458825817459045,0.07704106454739304,0.07920779277529262,0.008946938584502977,0.005935325626595581,0.006273874436333698
thermal_tau120,thermal,thermal_tau120_A0.50,-31.0,2026120248,48,thermal|thermal_tau120|-31.0|2026120248,0,0.4999999999999992,0.2084189308184424,31.91875534255751,0.09458825817459045,0.07704106454739304,0.07920779277529262,0.008946938584502977,0.005935325626595581,0.006273874436333698
thermal_tau120,thermal,thermal_tau120_A0.50,-31.0,2026120250,50,thermal|thermal_tau120|-31.0|2026120250,0,0.4999999999999992,0.2084189308184424,31.91875534255751,0.09458825817459045,0.07704106454739304,0.07920779277529262,0.008946938584502977,0.005935325626595581,0.006273874436333698
thermal_tau120,thermal,thermal_tau120_A0.50,-31.0,2026120251,51,thermal|thermal_tau120|-31.0|2026120251,0,0.4999999999999992,0.2084189308184424,31.91875534255751,0.09458825817459045,0.07704106454739304,0.07920779277529262,0.008946938584502977,0.005935325626595581,0.006273874436333698
thermal_tau120,thermal,thermal_tau120_A0.50,-31.0,2026120252,52,thermal|thermal_tau120|-31.0|2026120252,0,0.4999999999999992,0.2084189308184424,31.91875534255751,0.09458825817459045,0.07704106454739304,0.07920779277529262,0.008946938584502977,0.005935325626595581,0.006273874436333698
thermal_tau120,thermal,thermal_tau120_A0.50,-31.0,2026120256,56,thermal|thermal_tau120|-31.0|2026120256,0,0.4999999999999992,0.2084189308184424,31.91875534255751,0.09458825817459045,0.07704106454739304,0.07920779277529262,0.008946938584502977,0.005935325626595581,0.006273874436333698
thermal_tau120,thermal,thermal_tau120_A0.50,-31.0,2026120253,53,thermal|thermal_tau120|-31.0|2026120253,0,0.4999999999999992,0.2084189308184424,31.91875534255751,0.09458825817459045,0.07704106454739304,0.07920779277529262,0.008946938584502977,0.005935325626595581,0.006273874436333698
thermal_tau120,thermal,thermal_tau120_A0.50,-31.0,2026120254,54,thermal|thermal_tau120|-31.0|2026120254,0,0.4999999999999992,0.2084189308184424,31.91875534255751,0.09458825817459045,0.07704106454739304,0.07920779277529262,0.008946938584502977,0.005935325626595581,0.006273874436333698
thermal_tau120,thermal,thermal_tau120_A0.50,-31.0,2026120255,55,thermal|thermal_tau120|-31.0|2026120255,0,0.4999999999999992,0.2084189308184424,31.91875534255751,0.09458825817459045,0.07704106454739304,0.07920779277529262,0.008946938584502977,0.005935325626595581,0.006273874436333698
thermal_tau120,thermal,thermal_tau120_A0.50,-31.0,2026120257,57,thermal|thermal_tau120|-31.0|2026120257,0,0.4999999999999992,0.2084189308184424,31.91875534255751,0.09458825817459045,0.07704106454739304,0.07920779277529262,0.008946938584502977,0.005935325626595581,0.006273874436333698
thermal_tau120,thermal,thermal_tau120_A0.50,-31.0,2026120258,58,thermal|thermal_tau120|-31.0|2026120258,0,0.4999999999999992,0.2084189308184424,31.91875534255751,0.09458825817459045,0.07704106454739304,0.07920779277529262,0.008946938584502977,0.005935325626595581,0.006273874436333698
thermal_tau120,thermal,thermal_tau120_A0.50,-31.0,2026120259,59,thermal|thermal_tau120|-31.0|2026120259,0,0.4999999999999992,0.2084189308184424,31.91875534255751,0.09458825817459045,0.07704106454739304,0.07920779277529262,0.008946938584502977,0.005935325626595581,0.006273874436333698
thermal_tau120,thermal,thermal_tau120_A0.50,-31.0,2026120263,63,thermal|thermal_tau120|-31.0|2026120263,0,0.4999999999999992,0.2084189308184424,31.91875534255751,0.09458825817459045,0.07704106454739304,0.07920779277529262,0.008946938584502977,0.005935325626595581,0.006273874436333698
thermal_tau120,thermal,thermal_tau120_A0.50,-31.0,2026120260,60,thermal|thermal_tau120|-31.0|2026120260,0,0.4999999999999992,0.2084189308184424,31.91875534255751,0.09458825817459045,0.07704106454739304,0.07920779277529262,0.008946938584502977,0.005935325626595581,0.006273874436333698
thermal_tau120,thermal,thermal_tau120_A0.50,-31.0,2026120261,61,thermal|thermal_tau120|-31.0|2026120261,0,0.4999999999999992,0.2084189308184424,31.91875534255751,0.09458825817459045,0.07704106454739304,0.07920779277529262,0.008946938584502977,0.005935325626595581,0.006273874436333698
thermal_tau120,thermal,thermal_tau120_A0.50,-31.0,2026120262,62,thermal|thermal_tau120|-31.0|2026120262,0,0.4999999999999992,0.2084189308184424,31.91875534255751,0.09458825817459045,0.07704106454739304,0.07920779277529262,0.008946938584502977,0.005935325626595581,0.006273874436333698
thermal_tau120,thermal,thermal_tau120_A0.50,-31.0,2026120264,64,thermal|thermal_tau120|-31.0|2026120264,0,0.4999999999999992,0.2084189308184424,31.91875534255751,0.09458825817459045,0.07704106454739304,0.07920779277529262,0.008946938584502977,0.005935325626595581,0.006273874436333698
thermal_tau120,thermal,thermal_tau120_A0.50,-31.0,2026120265,65,thermal|thermal_tau120|-31.0|2026120265,0,0.4999999999999992,0.2084189308184424,31.91875534255751,0.09458825817459045,0.07704106454739304,0.07920779277529262,0.008946938584502977,0.005935325626595581,0.006273874436333698
thermal_tau120,thermal,thermal_tau120_A0.50,-31.0,2026120266,66,thermal|thermal_tau120|-31.0|2026120266,0,0.4999999999999992,0.2084189308184424,31.91875534255751,0.09458825817459045,0.07704106454739304,0.07920779277529262,0.008946938584502977,0.005935325626595581,0.006273874436333698
thermal_tau120,thermal,thermal_tau120_A0.50,-31.0,2026120267,67,thermal|thermal_tau120|-31.0|2026120267,0,0.4999999999999992,0.2084189308184424,31.91875534255751,0.09458825817459045,0.07704106454739304,0.07920779277529262,0.008946938584502977,0.005935325626595581,0.006273874436333698
thermal_tau120,thermal,thermal_tau120_A0.50,-31.0,2026120268,68,thermal|thermal_tau120|-31.0|2026120268,0,0.4999999999999992,0.2084189308184424,31.91875534255751,0.09458825817459045,0.07704106454739304,0.07920779277529262,0.008946938584502977,0.005935325626595581,0.006273874436333698
thermal_tau120,thermal,thermal_tau120_A0.50,-31.0,2026120272,72,thermal|thermal_tau120|-31.0|2026120272,1,0.4999999999999992,0.2084189308184424,31.91875534255751,0.09458825817459045,0.07704106454739304,0.07920779277529262,0.819770422235322,0.8518531965318096,0.8478582888857484
thermal_tau120,thermal,thermal_tau120_A0.50,-31.0,2026120269,69,thermal|thermal_tau120|-31.0|2026120269,0,0.4999999999999992,0.2084189308184424,31.91875534255751,0.09458825817459045,0.07704106454739304,0.07920779277529262,0.008946938584502977,0.005935325626595581,0.006273874436333698
thermal_tau120,thermal,thermal_tau120_A0.50,-31.0,2026120274,74,thermal|thermal_tau120|-31.0|2026120274,0,0.4999999999999992,0.2084189308184424,31.91875534255751,0.09458825817459045,0.07704106454739304,0.07920779277529262,0.008946938584502977,0.005935325626595581,0.006273874436333698
thermal_tau120,thermal,thermal_tau120_A0.50,-31.0,2026120270,70,thermal|thermal_tau120|-31.0|2026120270,0,0.4999999999999992,0.2084189308184424,31.91875534255751,0.09458825817459045,0.07704106454739304,0.07920779277529262,0.008946938584502977,0.005935325626595581,0.006273874436333698
thermal_tau120,thermal,thermal_tau120_A0.50,-31.0,2026120271,71,thermal|thermal_tau120|-31.0|2026120271,0,0.4999999999999992,0.2084189308184424,31.91875534255751,0.09458825817459045,0.07704106454739304,0.07920779277529262,0.008946938584502977,0.005935325626595581,0.006273874436333698
thermal_tau120,thermal,thermal_tau120_A0.50,-31.0,2026120273,73,thermal|thermal_tau120|-31.0|2026120273,0,0.4999999999999992,0.2084189308184424,31.91875534255751,0.09458825817459045,0.07704106454739304,0.07920779277529262,0.008946938584502977,0.005935325626595581,0.006273874436333698
thermal_tau120,thermal,thermal_tau120_A0.50,-31.0,2026120275,75,thermal|thermal_tau120|-31.0|2026120275,0,0.4999999999999992,0.2084189308184424,31.91875534255751,0.09458825817459045,0.07704106454739304,0.07920779277529262,0.008946938584502977,0.005935325626595581,0.006273874436333698
thermal_tau120,thermal,thermal_tau120_A0.50,-31.0,2026120277,77,thermal|thermal_tau120|-31.0|2026120277,0,0.4999999999999992,0.2084189308184424,31.91875534255751,0.09458825817459045,0.07704106454739304,0.07920779277529262,0.008946938584502977,0.005935325626595581,0.006273874436333698
thermal_tau120,thermal,thermal_tau120_A0.50,-31.0,2026120276,76,thermal|thermal_tau120|-31.0|2026120276,0,0.4999999999999992,0.2084189308184424,31.91875534255751,0.09458825817459045,0.07704106454739304,0.07920779277529262,0.008946938584502977,0.005935325626595581,0.006273874436333698
thermal_tau120,thermal,thermal_tau120_A0.50,-31.0,2026120278,78,thermal|thermal_tau120|-31.0|2026120278,0,0.4999999999999992,0.2084189308184424,31.91875534255751,0.09458825817459045,0.07704106454739304,0.07920779277529262,0.008946938584502977,0.005935325626595581,0.006273874436333698
thermal_tau120,thermal,thermal_tau120_A0.50,-31.0,2026120282,82,thermal|thermal_tau120|-31.0|2026120282,0,0.4999999999999992,0.2084189308184424,31.91875534255751,0.09458825817459045,0.07704106454739304,0.07920779277529262,0.008946938584502977,0.005935325626595581,0.006273874436333698
thermal_tau120,thermal,thermal_tau120_A0.50,-31.0,2026120279,79,thermal|thermal_tau120|-31.0|2026120279,0,0.4999999999999992,0.2084189308184424,31.91875534255751,0.09458825817459045,0.07704106454739304,0.07920779277529262,0.008946938584502977,0.005935325626595581,0.006273874436333698
thermal_tau120,thermal,thermal_tau120_A0.50,-31.0,2026120280,80,thermal|thermal_tau120|-31.0|2026120280,1,0.4999999999999992,0.2084189308184424,31.91875534255751,0.09458825817459045,0.07704106454739304,0.07920779277529262,0.819770422235322,0.8518531965318096,0.8478582888857484
thermal_tau120,thermal,thermal_tau120_A0.50,-31.0,2026120284,84,thermal|thermal_tau120|-31.0|2026120284,0,0.4999999999999992,0.2084189308184424,31.91875534255751,0.09458825817459045,0.07704106454739304,0.07920779277529262,0.008946938584502977,0.005935325626595581,0.006273874436333698
thermal_tau120,thermal,thermal_tau120_A0.50,-31.0,2026120281,81,thermal|thermal_tau120|-31.0|2026120281,0,0.4999999999999992,0.2084189308184424,31.91875534255751,0.09458825817459045,0.07704106454739304,0.07920779277529262,0.008946938584502977,0.005935325626595581,0.006273874436333698
thermal_tau120,thermal,thermal_tau120_A0.50,-31.0,2026120283,83,thermal|thermal_tau120|-31.0|2026120283,0,0.4999999999999992,0.2084189308184424,31.91875534255751,0.09458825817459045,0.07704106454739304,0.07920779277529262,0.008946938584502977,0.005935325626595581,0.006273874436333698
thermal_tau120,thermal,thermal_tau120_A0.50,-31.0,2026120285,85,thermal|thermal_tau120|-31.0|2026120285,0,0.4999999999999992,0.2084189308184424,31.91875534255751,0.09458825817459045,0.07704106454739304,0.07920779277529262,0.008946938584502977,0.005935325626595581,0.006273874436333698
thermal_tau120,thermal,thermal_tau120_A0.50,-31.0,2026120286,86,thermal|thermal_tau120|-31.0|2026120286,0,0.4999999999999992,0.2084189308184424,31.91875534255751,0.09458825817459045,0.07704106454739304,0.07920779277529262,0.008946938584502977,0.005935325626595581,0.006273874436333698
thermal_tau120,thermal,thermal_tau120_A0.50,-31.0,2026120290,90,thermal|thermal_tau120|-31.0|2026120290,0,0.4999999999999992,0.2084189308184424,31.91875534255751,0.09458825817459045,0.07704106454739304,0.07920779277529262,0.008946938584502977,0.005935325626595581,0.006273874436333698
thermal_tau120,thermal,thermal_tau120_A0.50,-31.0,2026120287,87,thermal|thermal_tau120|-31.0|2026120287,0,0.4999999999999992,0.2084189308184424,31.91875534255751,0.09458825817459045,0.07704106454739304,0.07920779277529262,0.008946938584502977,0.005935325626595581,0.006273874436333698
thermal_tau120,thermal,thermal_tau120_A0.50,-31.0,2026120288,88,thermal|thermal_tau120|-31.0|2026120288,0,0.4999999999999992,0.2084189308184424,31.91875534255751,0.09458825817459045,0.07704106454739304,0.07920779277529262,0.008946938584502977,0.005935325626595581,0.006273874436333698
thermal_tau120,thermal,thermal_tau120_A0.50,-31.0,2026120289,89,thermal|thermal_tau120|-31.0|2026120289,0,0.4999999999999992,0.2084189308184424,31.91875534255751,0.09458825817459045,0.07704106454739304,0.07920779277529262,0.008946938584502977,0.005935325626595581,0.006273874436333698
thermal_tau120,thermal,thermal_tau120_A0.50,-31.0,2026120291,91,thermal|thermal_tau120|-31.0|2026120291,0,0.4999999999999992,0.2084189308184424,31.91875534255751,0.09458825817459045,0.07704106454739304,0.07920779277529262,0.008946938584502977,0.005935325626595581,0.006273874436333698
thermal_tau120,thermal,thermal_tau120_A0.50,-31.0,2026120292,92,thermal|thermal_tau120|-31.0|2026120292,0,0.4999999999999992,0.2084189308184424,31.91875534255751,0.09458825817459045,0.07704106454739304,0.07920779277529262,0.008946938584502977,0.005935325626595581,0.006273874436333698
thermal_tau120,thermal,thermal_tau120_A0.50,-31.0,2026120294,94,thermal|thermal_tau120|-31.0|2026120294,0,0.4999999999999992,0.2084189308184424,31.91875534255751,0.09458825817459045,0.07704106454739304,0.07920779277529262,0.008946938584502977,0.005935325626595581,0.006273874436333698
thermal_tau120,thermal,thermal_tau120_A0.50,-31.0,2026120293,93,thermal|thermal_tau120|-31.0|2026120293,0,0.4999999999999992,0.2084189308184424,31.91875534255751,0.09458825817459045,0.07704106454739304,0.07920779277529262,0.008946938584502977,0.005935325626595581,0.006273874436333698
thermal_tau120,thermal,thermal_tau120_A0.50,-31.0,2026120295,95,thermal|thermal_tau120|-31.0|2026120295,0,0.4999999999999992,0.2084189308184424,31.91875534255751,0.09458825817459045,0.07704106454739304,0.07920779277529262,0.008946938584502977,0.005935325626595581,0.006273874436333698
thermal_tau120,thermal,thermal_tau120_A0.50,-31.0,2026120296,96,thermal|thermal_tau120|-31.0|2026120296,0,0.4999999999999992,0.2084189308184424,31.91875534255751,0.09458825817459045,0.07704106454739304,0.07920779277529262,0.008946938584502977,0.005935325626595581,0.006273874436333698
thermal_tau120,thermal,thermal_tau120_A0.50,-31.0,2026120297,97,thermal|thermal_tau120|-31.0|2026120297,0,0.4999999999999992,0.2084189308184424,31.91875534255751,0.09458825817459045,0.07704106454739304,0.07920779277529262,0.008946938584502977,0.005935325626595581,0.006273874436333698
thermal_tau120,thermal,thermal_tau120_A0.50,-31.0,2026120298,98,thermal|thermal_tau120|-31.0|2026120298,0,0.4999999999999992,0.2084189308184424,31.91875534255751,0.09458825817459045,0.07704106454739304,0.07920779277529262,0.008946938584502977,0.005935325626595581,0.006273874436333698
thermal_tau120,thermal,thermal_tau120_A0.50,-31.0,2026120299,99,thermal|thermal_tau120|-31.0|2026120299,0,0.4999999999999992,0.2084189308184424,31.91875534255751,0.09458825817459045,0.07704106454739304,0.07920779277529262,0.008946938584502977,0.005935325626595581,0.006273874436333698
