snr_db,drift_hz,trial_index,seed,decoded_success,decoded_message,reported_snr,reported_drift,reported_frequency,runtime_seconds,decoder_exit_status,wsprd_version,decoder_stdout,decoder_stderr
-28.0,0.0,2,2026092502,1,K1ABC FN42 33,-28,0,10.140200,0.08800983100081794,0,official WSJT-X 3.0.2; binary SHA256 9e3c2fc14f63c4b4c4e9fcc33b386cd22daf8fe76ce724c5e37f07875e9a3dd9,"0000 -28 -0.1  10.140200  0  K1ABC FN42 33 
<DecodeFinished>",
-28.0,0.0,1,2026092501,1,K1ABC FN42 33,-28,0,10.140200,0.0901445479994436,0,official WSJT-X 3.0.2; binary SHA256 9e3c2fc14f63c4b4c4e9fcc33b386cd22daf8fe76ce724c5e37f07875e9a3dd9,"0000 -28 -0.0  10.140200  0  K1ABC FN42 33 
<DecodeFinished>",
-28.0,0.0,3,2026092503,1,K1ABC FN42 33,-28,0,10.140200,0.08951816000080726,0,official WSJT-X 3.0.2; binary SHA256 9e3c2fc14f63c4b4c4e9fcc33b386cd22daf8fe76ce724c5e37f07875e9a3dd9,"0000 -28  0.0  10.140200  0  K1ABC FN42 33 
<DecodeFinished>",
-28.0,0.0,0,2026092500,1,K1ABC FN42 33,-29,0,10.140200,0.09824295100042946,0,official WSJT-X 3.0.2; binary SHA256 9e3c2fc14f63c4b4c4e9fcc33b386cd22daf8fe76ce724c5e37f07875e9a3dd9,"0000 -29 -0.0  10.140200  0  K1ABC FN42 33 
<DecodeFinished>",
-28.0,0.0,4,2026092504,1,K1ABC FN42 33,-28,0,10.140200,0.07993263400021533,0,official WSJT-X 3.0.2; binary SHA256 9e3c2fc14f63c4b4c4e9fcc33b386cd22daf8fe76ce724c5e37f07875e9a3dd9,"0000 -28 -0.1  10.140200  0  K1ABC FN42 33 
<DecodeFinished>",
-28.0,0.0,7,2026092507,1,K1ABC FN42 33,-28,0,10.140200,0.07014307399913378,0,official WSJT-X 3.0.2; binary SHA256 9e3c2fc14f63c4b4c4e9fcc33b386cd22daf8fe76ce724c5e37f07875e9a3dd9,"0000 -28 -0.0  10.140200  0  K1ABC FN42 33 
<DecodeFinished>",
-28.0,0.0,5,2026092505,1,K1ABC FN42 33,-28,0,10.140200,0.07042674100011936,0,official WSJT-X 3.0.2; binary SHA256 9e3c2fc14f63c4b4c4e9fcc33b386cd22daf8fe76ce724c5e37f07875e9a3dd9,"0000 -28  0.0  10.140200  0  K1ABC FN42 33 
<DecodeFinished>",
-28.0,0.0,6,2026092506,1,K1ABC FN42 33,-28,0,10.140200,0.07092416699924797,0,official WSJT-X 3.0.2; binary SHA256 9e3c2fc14f63c4b4c4e9fcc33b386cd22daf8fe76ce724c5e37f07875e9a3dd9,"0000 -28  0.0  10.140200  0  K1ABC FN42 33 
<DecodeFinished>",
-28.0,0.0,8,2026092508,1,K1ABC FN42 33,-28,0,10.140200,0.060410824000427965,0,official WSJT-X 3.0.2; binary SHA256 9e3c2fc14f63c4b4c4e9fcc33b386cd22daf8fe76ce724c5e37f07875e9a3dd9,"0000 -28 -0.0  10.140200  0  K1ABC FN42 33 
<DecodeFinished>",
-28.0,0.0,11,2026092511,1,K1ABC FN42 33,-28,0,10.140200,0.0709305949985719,0,official WSJT-X 3.0.2; binary SHA256 9e3c2fc14f63c4b4c4e9fcc33b386cd22daf8fe76ce724c5e37f07875e9a3dd9,"0000 -28  0.1  10.140200  0  K1ABC FN42 33 
<DecodeFinished>",
-28.0,0.0,9,2026092509,1,K1ABC FN42 33,-28,0,10.140200,0.07738428899938299,0,official WSJT-X 3.0.2; binary SHA256 9e3c2fc14f63c4b4c4e9fcc33b386cd22daf8fe76ce724c5e37f07875e9a3dd9,"0000 -28  0.0  10.140200  0  K1ABC FN42 33 
<DecodeFinished>",
-28.0,0.0,10,2026092510,1,K1ABC FN42 33,-28,0,10.140200,0.07725015399955737,0,official WSJT-X 3.0.2; binary SHA256 9e3c2fc14f63c4b4c4e9fcc33b386cd22daf8fe76ce724c5e37f07875e9a3dd9,"0000 -28  0.1  10.140200  0  K1ABC FN42 33 
<DecodeFinished>",
-28.0,0.0,12,2026092512,1,K1ABC FN42 33,-27,0,10.140200,0.06727501299974392,0,official WSJT-X 3.0.2; binary SHA256 9e3c2fc14f63c4b4c4e9fcc33b386cd22daf8fe76ce724c5e37f07875e9a3dd9,"0000 -27  0.0  10.140200  0  K1ABC FN42 33 
<DecodeFinished>",
-28.0,0.0,14,2026092514,1,K1ABC FN42 33,-28,0,10.140200,0.0643853580004361,0,official WSJT-X 3.0.2; binary SHA256 9e3c2fc14f63c4b4c4e9fcc33b386cd22daf8fe76ce724c5e37f07875e9a3dd9,"0000 -28  0.0  10.140200  0  K1ABC FN42 33 
<DecodeFinished>",
-28.0,0.0,15,2026092515,1,K1ABC FN42 33,-28,0,10.140200,0.06441795099999581,0,official WSJT-X 3.0.2; binary SHA256 9e3c2fc14f63c4b4c4e9fcc33b386cd22daf8fe76ce724c5e37f07875e9a3dd9,"0000 -28  0.0  10.140200  0  K1ABC FN42 33 
<DecodeFinished>",
-28.0,0.0,13,2026092513,1,K1ABC FN42 33,-28,0,10.140200,0.07616316699932213,0,official WSJT-X 3.0.2; binary SHA256 9e3c2fc14f63c4b4c4e9fcc33b386cd22daf8fe76ce724c5e37f07875e9a3dd9,"0000 -28  0.0  10.140200  0  K1ABC FN42 33 
<DecodeFinished>",
-28.0,0.0,16,2026092516,1,K1ABC FN42 33,-28,0,10.140200,0.0769457259993942,0,official WSJT-X 3.0.2; binary SHA256 9e3c2fc14f63c4b4c4e9fcc33b386cd22daf8fe76ce724c5e37f07875e9a3dd9,"0000 -28 -0.0  10.140200  0  K1ABC FN42 33 
<DecodeFinished>",
-28.0,0.0,20,2026092520,1,K1ABC FN42 33,-27,0,10.140200,0.060022169000149006,0,official WSJT-X 3.0.2; binary SHA256 9e3c2fc14f63c4b4c4e9fcc33b386cd22daf8fe76ce724c5e37f07875e9a3dd9,"0000 -27 -0.0  10.140200  0  K1ABC FN42 33 
<DecodeFinished>",
-28.0,0.0,17,2026092517,1,K1ABC FN42 33,-28,0,10.140200,0.07360925899956783,0,official WSJT-X 3.0.2; binary SHA256 9e3c2fc14f63c4b4c4e9fcc33b386cd22daf8fe76ce724c5e37f07875e9a3dd9,"0000 -28 -0.0  10.140200  0  K1ABC FN42 33 
<DecodeFinished>",
-28.0,0.0,19,2026092519,1,K1ABC FN42 33,-28,0,10.140200,0.06961089899959916,0,official WSJT-X 3.0.2; binary SHA256 9e3c2fc14f63c4b4c4e9fcc33b386cd22daf8fe76ce724c5e37f07875e9a3dd9,"0000 -28  0.1  10.140200  0  K1ABC FN42 33 
<DecodeFinished>",
-28.0,0.0,18,2026092518,1,K1ABC FN42 33,-28,0,10.140200,0.07828240699927846,0,official WSJT-X 3.0.2; binary SHA256 9e3c2fc14f63c4b4c4e9fcc33b386cd22daf8fe76ce724c5e37f07875e9a3dd9,"0000 -28 -0.0  10.140200  0  K1ABC FN42 33 
<DecodeFinished>",
-28.0,0.0,23,2026092523,1,K1ABC FN42 33,-28,0,10.140200,0.06918890799897781,0,official WSJT-X 3.0.2; binary SHA256 9e3c2fc14f63c4b4c4e9fcc33b386cd22daf8fe76ce724c5e37f07875e9a3dd9,"0000 -28 -0.1  10.140200  0  K1ABC FN42 33 
<DecodeFinished>",
-28.0,0.0,22,2026092522,1,K1ABC FN42 33,-28,0,10.140200,0.07141391299956013,0,official WSJT-X 3.0.2; binary SHA256 9e3c2fc14f63c4b4c4e9fcc33b386cd22daf8fe76ce724c5e37f07875e9a3dd9,"0000 -28  0.0  10.140200  0  K1ABC FN42 33 
<DecodeFinished>",
-28.0,0.0,21,2026092521,1,K1ABC FN42 33,-28,0,10.140200,0.07287732899931143,0,official WSJT-X 3.0.2; binary SHA256 9e3c2fc14f63c4b4c4e9fcc33b386cd22daf8fe76ce724c5e37f07875e9a3dd9,"0000 -28  0.1  10.140200  0  K1ABC FN42 33 
<DecodeFinished>",
-28.0,0.0,24,2026092524,1,K1ABC FN42 33,-27,0,10.140200,0.0711440479990415,0,official WSJT-X 3.0.2; binary SHA256 9e3c2fc14f63c4b4c4e9fcc33b386cd22daf8fe76ce724c5e37f07875e9a3dd9,"0000 -27  0.0  10.140200  0  K1ABC FN42 33 
<DecodeFinished>",
-28.0,0.0,26,2026092526,1,K1ABC FN42 33,-28,0,10.140200,0.07351939499858418,0,official WSJT-X 3.0.2; binary SHA256 9e3c2fc14f63c4b4c4e9fcc33b386cd22daf8fe76ce724c5e37f07875e9a3dd9,"0000 -28 -0.1  10.140200  0  K1ABC FN42 33 
<DecodeFinished>",
-28.0,0.0,25,2026092525,1,K1ABC FN42 33,-28,0,10.140200,0.07492488299976685,0,official WSJT-X 3.0.2; binary SHA256 9e3c2fc14f63c4b4c4e9fcc33b386cd22daf8fe76ce724c5e37f07875e9a3dd9,"0000 -28 -0.1  10.140200  0  K1ABC FN42 33 
<DecodeFinished>",
-28.0,0.0,28,2026092528,1,K1ABC FN42 33,-28,0,10.140200,0.07147828999950434,0,official WSJT-X 3.0.2; binary SHA256 9e3c2fc14f63c4b4c4e9fcc33b386cd22daf8fe76ce724c5e37f07875e9a3dd9,"0000 -28  0.1  10.140200  0  K1ABC FN42 33 
<DecodeFinished>",
-28.0,0.0,27,2026092527,1,K1ABC FN42 33,-28,0,10.140200,0.08548159199926886,0,official WSJT-X 3.0.2; binary SHA256 9e3c2fc14f63c4b4c4e9fcc33b386cd22daf8fe76ce724c5e37f07875e9a3dd9,"0000 -28  0.1  10.140200  0  K1ABC FN42 33 
<DecodeFinished>",
-28.0,0.0,32,2026092532,1,K1ABC FN42 33,-27,0,10.140200,0.0557336359997862,0,official WSJT-X 3.0.2; binary SHA256 9e3c2fc14f63c4b4c4e9fcc33b386cd22daf8fe76ce724c5e37f07875e9a3dd9,"0000 -27  0.0  10.140200  0  K1ABC FN42 33 
<DecodeFinished>",
-28.0,0.0,29,2026092529,1,K1ABC FN42 33,-27,0,10.140200,0.0692183829996793,0,official WSJT-X 3.0.2; binary SHA256 9e3c2fc14f63c4b4c4e9fcc33b386cd22daf8fe76ce724c5e37f07875e9a3dd9,"0000 -27 -0.0  10.140200  0  K1ABC FN42 33 
<DecodeFinished>",
-28.0,0.0,30,2026092530,1,K1ABC FN42 33,-28,0,10.140200,0.07020924999960698,0,official WSJT-X 3.0.2; binary SHA256 9e3c2fc14f63c4b4c4e9fcc33b386cd22daf8fe76ce724c5e37f07875e9a3dd9,"0000 -28  0.0  10.140200  0  K1ABC FN42 33 
<DecodeFinished>",
-28.0,0.0,31,2026092531,1,K1ABC FN42 33,-28,0,10.140200,0.07041546999971615,0,official WSJT-X 3.0.2; binary SHA256 9e3c2fc14f63c4b4c4e9fcc33b386cd22daf8fe76ce724c5e37f07875e9a3dd9,"0000 -28 -0.0  10.140200  0  K1ABC FN42 33 
<DecodeFinished>",
-28.0,0.0,35,2026092535,1,K1ABC FN42 33,-27,0,10.140200,0.06751979699947697,0,official WSJT-X 3.0.2; binary SHA256 9e3c2fc14f63c4b4c4e9fcc33b386cd22daf8fe76ce724c5e37f07875e9a3dd9,"0000 -27 -0.0  10.140200  0  K1ABC FN42 33 
<DecodeFinished>",
-28.0,0.0,34,2026092534,1,K1ABC FN42 33,-28,0,10.140200,0.0704480140011583,0,official WSJT-X 3.0.2; binary SHA256 9e3c2fc14f63c4b4c4e9fcc33b386cd22daf8fe76ce724c5e37f07875e9a3dd9,"0000 -28 -0.1  10.140200  0  K1ABC FN42 33 
<DecodeFinished>",
-28.0,0.0,36,2026092536,1,K1ABC FN42 33,-28,0,10.140200,0.06882607400075358,0,official WSJT-X 3.0.2; binary SHA256 9e3c2fc14f63c4b4c4e9fcc33b386cd22daf8fe76ce724c5e37f07875e9a3dd9,"0000 -28  0.0  10.140200  0  K1ABC FN42 33 
<DecodeFinished>",
-28.0,0.0,33,2026092533,1,K1ABC FN42 33,-28,0,10.140200,0.0806784640008118,0,official WSJT-X 3.0.2; binary SHA256 9e3c2fc14f63c4b4c4e9fcc33b386cd22daf8fe76ce724c5e37f07875e9a3dd9,"0000 -28  0.0  10.140200  0  K1ABC FN42 33 
<DecodeFinished>",
-28.0,0.0,39,2026092539,1,K1ABC FN42 33,-28,0,10.140200,0.06892501299989817,0,official WSJT-X 3.0.2; binary SHA256 9e3c2fc14f63c4b4c4e9fcc33b386cd22daf8fe76ce724c5e37f07875e9a3dd9,"0000 -28 -0.0  10.140200  0  K1ABC FN42 33 
<DecodeFinished>",
-28.0,0.0,38,2026092538,1,K1ABC FN42 33,-28,0,10.140200,0.0708282470004633,0,official WSJT-X 3.0.2; binary SHA256 9e3c2fc14f63c4b4c4e9fcc33b386cd22daf8fe76ce724c5e37f07875e9a3dd9,"0000 -28  0.0  10.140200  0  K1ABC FN42 33 
<DecodeFinished>",
-28.0,0.0,37,2026092537,1,K1ABC FN42 33,-29,0,10.140200,0.07166984800096543,0,official WSJT-X 3.0.2; binary SHA256 9e3c2fc14f63c4b4c4e9fcc33b386cd22daf8fe76ce724c5e37f07875e9a3dd9,"0000 -29  0.0  10.140200  0  K1ABC FN42 33 
<DecodeFinished>",
-28.0,0.0,40,2026092540,1,K1ABC FN42 33,-28,0,10.140200,0.06284932900052809,0,official WSJT-X 3.0.2; binary SHA256 9e3c2fc14f63c4b4c4e9fcc33b386cd22daf8fe76ce724c5e37f07875e9a3dd9,"0000 -28 -0.1  10.140200  0  K1ABC FN42 33 
<DecodeFinished>",
-28.0,0.0,42,2026092542,1,K1ABC FN42 33,-27,0,10.140200,0.07132218199876661,0,official WSJT-X 3.0.2; binary SHA256 9e3c2fc14f63c4b4c4e9fcc33b386cd22daf8fe76ce724c5e37f07875e9a3dd9,"0000 -27  0.0  10.140200  0  K1ABC FN42 33 
<DecodeFinished>",
-28.0,0.0,41,2026092541,1,K1ABC FN42 33,-29,0,10.140200,0.07180596600119316,0,official WSJT-X 3.0.2; binary SHA256 9e3c2fc14f63c4b4c4e9fcc33b386cd22daf8fe76ce724c5e37f07875e9a3dd9,"0000 -29  0.0  10.140200  0  K1ABC FN42 33 
<DecodeFinished>",
-28.0,0.0,43,2026092543,1,K1ABC FN42 33,-27,0,10.140200,0.0714243410002382,0,official WSJT-X 3.0.2; binary SHA256 9e3c2fc14f63c4b4c4e9fcc33b386cd22daf8fe76ce724c5e37f07875e9a3dd9,"0000 -27 -0.1  10.140200  0  K1ABC FN42 33 
<DecodeFinished>",
-28.0,0.0,44,2026092544,1,K1ABC FN42 33,-28,0,10.140200,0.07087512399994012,0,official WSJT-X 3.0.2; binary SHA256 9e3c2fc14f63c4b4c4e9fcc33b386cd22daf8fe76ce724c5e37f07875e9a3dd9,"0000 -28 -0.0  10.140200  0  K1ABC FN42 33 
<DecodeFinished>",
-28.0,0.0,47,2026092547,1,K1ABC FN42 33,-28,0,10.140200,0.06741557100031059,0,official WSJT-X 3.0.2; binary SHA256 9e3c2fc14f63c4b4c4e9fcc33b386cd22daf8fe76ce724c5e37f07875e9a3dd9,"0000 -28  0.1  10.140200  0  K1ABC FN42 33 
<DecodeFinished>",
-28.0,0.0,45,2026092545,1,K1ABC FN42 33,-28,0,10.140200,0.0678997539998818,0,official WSJT-X 3.0.2; binary SHA256 9e3c2fc14f63c4b4c4e9fcc33b386cd22daf8fe76ce724c5e37f07875e9a3dd9,"0000 -28 -0.0  10.140200  0  K1ABC FN42 33 
<DecodeFinished>",
-28.0,0.0,48,2026092548,1,K1ABC FN42 33,-28,0,10.140200,0.06793719300003431,0,official WSJT-X 3.0.2; binary SHA256 9e3c2fc14f63c4b4c4e9fcc33b386cd22daf8fe76ce724c5e37f07875e9a3dd9,"0000 -28 -0.1  10.140200  0  K1ABC FN42 33 
<DecodeFinished>",
-28.0,0.0,46,2026092546,1,K1ABC FN42 33,-27,0,10.140200,0.07920059299976856,0,official WSJT-X 3.0.2; binary SHA256 9e3c2fc14f63c4b4c4e9fcc33b386cd22daf8fe76ce724c5e37f07875e9a3dd9,"0000 -27  0.1  10.140200  0  K1ABC FN42 33 
<DecodeFinished>",
-28.0,0.0,52,2026092552,1,K1ABC FN42 33,-28,0,10.140200,0.05924019499980204,0,official WSJT-X 3.0.2; binary SHA256 9e3c2fc14f63c4b4c4e9fcc33b386cd22daf8fe76ce724c5e37f07875e9a3dd9,"0000 -28 -0.1  10.140200  0  K1ABC FN42 33 
<DecodeFinished>",
-28.0,0.0,49,2026092549,1,K1ABC FN42 33,-27,0,10.140200,0.07104836699909356,0,official WSJT-X 3.0.2; binary SHA256 9e3c2fc14f63c4b4c4e9fcc33b386cd22daf8fe76ce724c5e37f07875e9a3dd9,"0000 -27 -0.0  10.140200  0  K1ABC FN42 33 
<DecodeFinished>",
-28.0,0.0,51,2026092551,1,K1ABC FN42 33,-27,0,10.140200,0.07088135699996201,0,official WSJT-X 3.0.2; binary SHA256 9e3c2fc14f63c4b4c4e9fcc33b386cd22daf8fe76ce724c5e37f07875e9a3dd9,"0000 -27 -0.1  10.140200  0  K1ABC FN42 33 
<DecodeFinished>",
-28.0,0.0,50,2026092550,1,K1ABC FN42 33,-28,0,10.140200,0.0855190889997175,0,official WSJT-X 3.0.2; binary SHA256 9e3c2fc14f63c4b4c4e9fcc33b386cd22daf8fe76ce724c5e37f07875e9a3dd9,"0000 -28 -0.1  10.140200  0  K1ABC FN42 33 
<DecodeFinished>",
-28.0,0.0,56,2026092556,1,K1ABC FN42 33,-27,0,10.140200,0.06046756599971559,0,official WSJT-X 3.0.2; binary SHA256 9e3c2fc14f63c4b4c4e9fcc33b386cd22daf8fe76ce724c5e37f07875e9a3dd9,"0000 -27 -0.1  10.140200  0  K1ABC FN42 33 
<DecodeFinished>",
-28.0,0.0,54,2026092554,1,K1ABC FN42 33,-28,0,10.140200,0.07574671300062619,0,official WSJT-X 3.0.2; binary SHA256 9e3c2fc14f63c4b4c4e9fcc33b386cd22daf8fe76ce724c5e37f07875e9a3dd9,"0000 -28 -0.1  10.140200  0  K1ABC FN42 33 
<DecodeFinished>",
-28.0,0.0,55,2026092555,1,K1ABC FN42 33,-27,0,10.140200,0.0766616229993815,0,official WSJT-X 3.0.2; binary SHA256 9e3c2fc14f63c4b4c4e9fcc33b386cd22daf8fe76ce724c5e37f07875e9a3dd9,"0000 -27  0.0  10.140200  0  K1ABC FN42 33 
<DecodeFinished>",
-28.0,0.0,53,2026092553,1,K1ABC FN42 33,-27,0,10.140200,0.08115094899949327,0,official WSJT-X 3.0.2; binary SHA256 9e3c2fc14f63c4b4c4e9fcc33b386cd22daf8fe76ce724c5e37f07875e9a3dd9,"0000 -27 -0.0  10.140200  0  K1ABC FN42 33 
<DecodeFinished>",
-28.0,0.0,60,2026092560,1,K1ABC FN42 33,-28,0,10.140200,0.06676932399932411,0,official WSJT-X 3.0.2; binary SHA256 9e3c2fc14f63c4b4c4e9fcc33b386cd22daf8fe76ce724c5e37f07875e9a3dd9,"0000 -28  0.0  10.140200  0  K1ABC FN42 33 
<DecodeFinished>",
-28.0,0.0,58,2026092558,1,K1ABC FN42 33,-28,0,10.140200,0.07193142399955832,0,official WSJT-X 3.0.2; binary SHA256 9e3c2fc14f63c4b4c4e9fcc33b386cd22daf8fe76ce724c5e37f07875e9a3dd9,"0000 -28  0.1  10.140200  0  K1ABC FN42 33 
<DecodeFinished>",
-28.0,0.0,59,2026092559,1,K1ABC FN42 33,-28,0,10.140200,0.07125513199935085,0,official WSJT-X 3.0.2; binary SHA256 9e3c2fc14f63c4b4c4e9fcc33b386cd22daf8fe76ce724c5e37f07875e9a3dd9,"0000 -28  0.0  10.140200  0  K1ABC FN42 33 
<DecodeFinished>",
-28.0,0.0,57,2026092557,1,K1ABC FN42 33,-28,0,10.140200,0.07696511299945996,0,official WSJT-X 3.0.2; binary SHA256 9e3c2fc14f63c4b4c4e9fcc33b386cd22daf8fe76ce724c5e37f07875e9a3dd9,"0000 -28 -0.0  10.140200  0  K1ABC FN42 33 
<DecodeFinished>",
-28.0,0.0,63,2026092563,1,K1ABC FN42 33,-29,0,10.140200,0.07231265700102085,0,official WSJT-X 3.0.2; binary SHA256 9e3c2fc14f63c4b4c4e9fcc33b386cd22daf8fe76ce724c5e37f07875e9a3dd9,"0000 -29 -0.0  10.140200  0  K1ABC FN42 33 
<DecodeFinished>",
-28.0,0.0,61,2026092561,1,K1ABC FN42 33,-28,0,10.140200,0.07420470900069631,0,official WSJT-X 3.0.2; binary SHA256 9e3c2fc14f63c4b4c4e9fcc33b386cd22daf8fe76ce724c5e37f07875e9a3dd9,"0000 -28  0.0  10.140200  0  K1ABC FN42 33 
<DecodeFinished>",
-28.0,0.0,62,2026092562,1,K1ABC FN42 33,-28,0,10.140200,0.0743363319998025,0,official WSJT-X 3.0.2; binary SHA256 9e3c2fc14f63c4b4c4e9fcc33b386cd22daf8fe76ce724c5e37f07875e9a3dd9,"0000 -28 -0.0  10.140200  0  K1ABC FN42 33 
<DecodeFinished>",
-28.0,0.0,64,2026092564,1,K1ABC FN42 33,-28,0,10.140200,0.08396118899872818,0,official WSJT-X 3.0.2; binary SHA256 9e3c2fc14f63c4b4c4e9fcc33b386cd22daf8fe76ce724c5e37f07875e9a3dd9,"0000 -28  0.1  10.140200  0  K1ABC FN42 33 
<DecodeFinished>",
-28.0,0.0,66,2026092566,1,K1ABC FN42 33,-28,0,10.140200,0.06986387399956584,0,official WSJT-X 3.0.2; binary SHA256 9e3c2fc14f63c4b4c4e9fcc33b386cd22daf8fe76ce724c5e37f07875e9a3dd9,"0000 -28 -0.0  10.140200  0  K1ABC FN42 33 
<DecodeFinished>",
-28.0,0.0,67,2026092567,1,K1ABC FN42 33,-28,0,10.140200,0.07062191299883125,0,official WSJT-X 3.0.2; binary SHA256 9e3c2fc14f63c4b4c4e9fcc33b386cd22daf8fe76ce724c5e37f07875e9a3dd9,"0000 -28 -0.0  10.140200  0  K1ABC FN42 33 
<DecodeFinished>",
-28.0,0.0,65,2026092565,1,K1ABC FN42 33,-28,0,10.140200,0.07117796500097029,0,official WSJT-X 3.0.2; binary SHA256 9e3c2fc14f63c4b4c4e9fcc33b386cd22daf8fe76ce724c5e37f07875e9a3dd9,"0000 -28 -0.0  10.140200  0  K1ABC FN42 33 
<DecodeFinished>",
-28.0,0.0,68,2026092568,1,K1ABC FN42 33,-28,0,10.140200,0.058771453999725054,0,official WSJT-X 3.0.2; binary SHA256 9e3c2fc14f63c4b4c4e9fcc33b386cd22daf8fe76ce724c5e37f07875e9a3dd9,"0000 -28  0.0  10.140200  0  K1ABC FN42 33 
<DecodeFinished>",
-28.0,0.0,72,2026092572,1,K1ABC FN42 33,-28,0,10.140200,0.06291258899909735,0,official WSJT-X 3.0.2; binary SHA256 9e3c2fc14f63c4b4c4e9fcc33b386cd22daf8fe76ce724c5e37f07875e9a3dd9,"0000 -28 -0.0  10.140200  0  K1ABC FN42 33 
<DecodeFinished>",
-28.0,0.0,69,2026092569,1,K1ABC FN42 33,-28,0,10.140200,0.06617955899855588,0,official WSJT-X 3.0.2; binary SHA256 9e3c2fc14f63c4b4c4e9fcc33b386cd22daf8fe76ce724c5e37f07875e9a3dd9,"0000 -28  0.1  10.140200  0  K1ABC FN42 33 
<DecodeFinished>",
-28.0,0.0,71,2026092571,1,K1ABC FN42 33,-29,0,10.140200,0.06824985800085415,0,official WSJT-X 3.0.2; binary SHA256 9e3c2fc14f63c4b4c4e9fcc33b386cd22daf8fe76ce724c5e37f07875e9a3dd9,"0000 -29 -0.1  10.140200  0  K1ABC FN42 33 
<DecodeFinished>",
-28.0,0.0,70,2026092570,1,K1ABC FN42 33,-28,0,10.140200,0.07860191899999336,0,official WSJT-X 3.0.2; binary SHA256 9e3c2fc14f63c4b4c4e9fcc33b386cd22daf8fe76ce724c5e37f07875e9a3dd9,"0000 -28 -0.0  10.140200  0  K1ABC FN42 33 
<DecodeFinished>",
-28.0,0.0,74,2026092574,1,K1ABC FN42 33,-28,0,10.140200,0.06589547000112361,0,official WSJT-X 3.0.2; binary SHA256 9e3c2fc14f63c4b4c4e9fcc33b386cd22daf8fe76ce724c5e37f07875e9a3dd9,"0000 -28  0.0  10.140200  0  K1ABC FN42 33 
<DecodeFinished>",
-28.0,0.0,76,2026092576,1,K1ABC FN42 33,-28,0,10.140200,0.05448881900156266,0,official WSJT-X 3.0.2; binary SHA256 9e3c2fc14f63c4b4c4e9fcc33b386cd22daf8fe76ce724c5e37f07875e9a3dd9,"0000 -28  0.0  10.140200  0  K1ABC FN42 33 
<DecodeFinished>",
-28.0,0.0,73,2026092573,1,K1ABC FN42 33,-28,0,10.140200,0.07860250000157976,0,official WSJT-X 3.0.2; binary SHA256 9e3c2fc14f63c4b4c4e9fcc33b386cd22daf8fe76ce724c5e37f07875e9a3dd9,"0000 -28 -0.1  10.140200  0  K1ABC FN42 33 
<DecodeFinished>",
-28.0,0.0,75,2026092575,1,K1ABC FN42 33,-28,0,10.140200,0.07616659599989362,0,official WSJT-X 3.0.2; binary SHA256 9e3c2fc14f63c4b4c4e9fcc33b386cd22daf8fe76ce724c5e37f07875e9a3dd9,"0000 -28 -0.0  10.140200  0  K1ABC FN42 33 
<DecodeFinished>",
-28.0,0.0,80,2026092580,1,K1ABC FN42 33,-28,0,10.140200,0.05868802599979972,0,official WSJT-X 3.0.2; binary SHA256 9e3c2fc14f63c4b4c4e9fcc33b386cd22daf8fe76ce724c5e37f07875e9a3dd9,"0000 -28  0.0  10.140200  0  K1ABC FN42 33 
<DecodeFinished>",
-28.0,0.0,79,2026092579,1,K1ABC FN42 33,-28,0,10.140200,0.06005765000008978,0,official WSJT-X 3.0.2; binary SHA256 9e3c2fc14f63c4b4c4e9fcc33b386cd22daf8fe76ce724c5e37f07875e9a3dd9,"0000 -28  0.0  10.140200  0  K1ABC FN42 33 
<DecodeFinished>",
-28.0,0.0,78,2026092578,1,K1ABC FN42 33,-27,0,10.140200,0.07038742799886677,0,official WSJT-X 3.0.2; binary SHA256 9e3c2fc14f63c4b4c4e9fcc33b386cd22daf8fe76ce724c5e37f07875e9a3dd9,"0000 -27  0.1  10.140200  0  K1ABC FN42 33 
<DecodeFinished>",
-28.0,0.0,77,2026092577,1,K1ABC FN42 33,-28,0,10.140200,0.07599884000046586,0,official WSJT-X 3.0.2; binary SHA256 9e3c2fc14f63c4b4c4e9fcc33b386cd22daf8fe76ce724c5e37f07875e9a3dd9,"0000 -28 -0.1  10.140200  0  K1ABC FN42 33 
<DecodeFinished>",
-28.0,0.0,81,2026092581,1,K1ABC FN42 33,-28,0,10.140200,0.0659382439989713,0,official WSJT-X 3.0.2; binary SHA256 9e3c2fc14f63c4b4c4e9fcc33b386cd22daf8fe76ce724c5e37f07875e9a3dd9,"0000 -28  0.0  10.140200  0  K1ABC FN42 33 
<DecodeFinished>",
-28.0,0.0,82,2026092582,1,K1ABC FN42 33,-27,0,10.140200,0.06623100499928114,0,official WSJT-X 3.0.2; binary SHA256 9e3c2fc14f63c4b4c4e9fcc33b386cd22daf8fe76ce724c5e37f07875e9a3dd9,"0000 -27  0.1  10.140200  0  K1ABC FN42 33 
<DecodeFinished>",
-28.0,0.0,83,2026092583,1,K1ABC FN42 33,-28,0,10.140200,0.06875862699962454,0,official WSJT-X 3.0.2; binary SHA256 9e3c2fc14f63c4b4c4e9fcc33b386cd22daf8fe76ce724c5e37f07875e9a3dd9,"0000 -28 -0.0  10.140200  0  K1ABC FN42 33 
<DecodeFinished>",
-28.0,0.0,84,2026092584,1,K1ABC FN42 33,-28,0,10.140200,0.06774531600058253,0,official WSJT-X 3.0.2; binary SHA256 9e3c2fc14f63c4b4c4e9fcc33b386cd22daf8fe76ce724c5e37f07875e9a3dd9,"0000 -28 -0.0  10.140200  0  K1ABC FN42 33 
<DecodeFinished>",
-28.0,0.0,87,2026092587,1,K1ABC FN42 33,-29,0,10.140200,0.061633572999198805,0,official WSJT-X 3.0.2; binary SHA256 9e3c2fc14f63c4b4c4e9fcc33b386cd22daf8fe76ce724c5e37f07875e9a3dd9,"0000 -29  0.0  10.140200  0  K1ABC FN42 33 
<DecodeFinished>",
-28.0,0.0,86,2026092586,1,K1ABC FN42 33,-29,0,10.140200,0.06452688799981843,0,official WSJT-X 3.0.2; binary SHA256 9e3c2fc14f63c4b4c4e9fcc33b386cd22daf8fe76ce724c5e37f07875e9a3dd9,"0000 -29  0.0  10.140200  0  K1ABC FN42 33 
<DecodeFinished>",
-28.0,0.0,85,2026092585,1,K1ABC FN42 33,-28,0,10.140200,0.06754311699842219,0,official WSJT-X 3.0.2; binary SHA256 9e3c2fc14f63c4b4c4e9fcc33b386cd22daf8fe76ce724c5e37f07875e9a3dd9,"0000 -28  0.1  10.140200  0  K1ABC FN42 33 
<DecodeFinished>",
-28.0,0.0,88,2026092588,1,K1ABC FN42 33,-27,0,10.140200,0.0632824950007489,0,official WSJT-X 3.0.2; binary SHA256 9e3c2fc14f63c4b4c4e9fcc33b386cd22daf8fe76ce724c5e37f07875e9a3dd9,"0000 -27 -0.0  10.140200  0  K1ABC FN42 33 
<DecodeFinished>",
-28.0,0.0,90,2026092590,1,K1ABC FN42 33,-28,0,10.140200,0.0715447349994065,0,official WSJT-X 3.0.2; binary SHA256 9e3c2fc14f63c4b4c4e9fcc33b386cd22daf8fe76ce724c5e37f07875e9a3dd9,"0000 -28 -0.1  10.140200  0  K1ABC FN42 33 
<DecodeFinished>",
-28.0,0.0,92,2026092592,1,K1ABC FN42 33,-28,0,10.140200,0.06751093099956051,0,official WSJT-X 3.0.2; binary SHA256 9e3c2fc14f63c4b4c4e9fcc33b386cd22daf8fe76ce724c5e37f07875e9a3dd9,"0000 -28  0.0  10.140200  0  K1ABC FN42 33 
<DecodeFinished>",
-28.0,0.0,91,2026092591,1,K1ABC FN42 33,-27,0,10.140200,0.07197946599990246,0,official WSJT-X 3.0.2; binary SHA256 9e3c2fc14f63c4b4c4e9fcc33b386cd22daf8fe76ce724c5e37f07875e9a3dd9,"0000 -27 -0.1  10.140200  0  K1ABC FN42 33 
<DecodeFinished>",
-28.0,0.0,89,2026092589,1,K1ABC FN42 33,-27,0,10.140200,0.07608354399962991,0,official WSJT-X 3.0.2; binary SHA256 9e3c2fc14f63c4b4c4e9fcc33b386cd22daf8fe76ce724c5e37f07875e9a3dd9,"0000 -27 -0.0  10.140200  0  K1ABC FN42 33 
<DecodeFinished>",
-28.0,0.0,95,2026092595,1,K1ABC FN42 33,-28,0,10.140200,0.06691621599929931,0,official WSJT-X 3.0.2; binary SHA256 9e3c2fc14f63c4b4c4e9fcc33b386cd22daf8fe76ce724c5e37f07875e9a3dd9,"0000 -28  0.0  10.140200  0  K1ABC FN42 33 
<DecodeFinished>",
-28.0,0.0,93,2026092593,1,K1ABC FN42 33,-29,0,10.140200,0.07290991899935761,0,official WSJT-X 3.0.2; binary SHA256 9e3c2fc14f63c4b4c4e9fcc33b386cd22daf8fe76ce724c5e37f07875e9a3dd9,"0000 -29 -0.0  10.140200  0  K1ABC FN42 33 
<DecodeFinished>",
-28.0,0.0,94,2026092594,1,K1ABC FN42 33,-28,0,10.140200,0.07290543700037233,0,official WSJT-X 3.0.2; binary SHA256 9e3c2fc14f63c4b4c4e9fcc33b386cd22daf8fe76ce724c5e37f07875e9a3dd9,"0000 -28  0.0  10.140200  0  K1ABC FN42 33 
<DecodeFinished>",
-28.0,0.0,96,2026092596,1,K1ABC FN42 33,-28,0,10.140200,0.07469883199883043,0,official WSJT-X 3.0.2; binary SHA256 9e3c2fc14f63c4b4c4e9fcc33b386cd22daf8fe76ce724c5e37f07875e9a3dd9,"0000 -28 -0.1  10.140200  0  K1ABC FN42 33 
<DecodeFinished>",
-28.0,0.0,98,2026092598,1,K1ABC FN42 33,-29,0,10.140200,0.06458757800101012,0,official WSJT-X 3.0.2; binary SHA256 9e3c2fc14f63c4b4c4e9fcc33b386cd22daf8fe76ce724c5e37f07875e9a3dd9,"0000 -29 -0.1  10.140200  0  K1ABC FN42 33 
<DecodeFinished>",
-28.0,0.0,97,2026092597,1,K1ABC FN42 33,-28,0,10.140200,0.06869881099919439,0,official WSJT-X 3.0.2; binary SHA256 9e3c2fc14f63c4b4c4e9fcc33b386cd22daf8fe76ce724c5e37f07875e9a3dd9,"0000 -28 -0.0  10.140200  0  K1ABC FN42 33 
<DecodeFinished>",
-28.0,0.0,99,2026092599,1,K1ABC FN42 33,-28,0,10.140200,0.06608844299989869,0,official WSJT-X 3.0.2; binary SHA256 9e3c2fc14f63c4b4c4e9fcc33b386cd22daf8fe76ce724c5e37f07875e9a3dd9,"0000 -28 -0.0  10.140200  0  K1ABC FN42 33 
<DecodeFinished>",
-28.0,0.5,0,2026092500,1,K1ABC FN42 33,-29,0,10.140200,0.0738657570000214,0,official WSJT-X 3.0.2; binary SHA256 9e3c2fc14f63c4b4c4e9fcc33b386cd22daf8fe76ce724c5e37f07875e9a3dd9,"0000 -29 -0.0  10.140200  0  K1ABC FN42 33 
<DecodeFinished>",
-28.0,0.5,1,2026092501,1,K1ABC FN42 33,-28,0,10.140200,0.08103669299998728,0,official WSJT-X 3.0.2; binary SHA256 9e3c2fc14f63c4b4c4e9fcc33b386cd22daf8fe76ce724c5e37f07875e9a3dd9,"0000 -28 -0.1  10.140200  0  K1ABC FN42 33 
<DecodeFinished>",
-28.0,0.5,2,2026092502,1,K1ABC FN42 33,-28,0,10.140200,0.08051035899916315,0,official WSJT-X 3.0.2; binary SHA256 9e3c2fc14f63c4b4c4e9fcc33b386cd22daf8fe76ce724c5e37f07875e9a3dd9,"0000 -28 -0.1  10.140200  0  K1ABC FN42 33 
<DecodeFinished>",
-28.0,0.5,3,2026092503,1,K1ABC FN42 33,-28,0,10.140200,0.08101965599962568,0,official WSJT-X 3.0.2; binary SHA256 9e3c2fc14f63c4b4c4e9fcc33b386cd22daf8fe76ce724c5e37f07875e9a3dd9,"0000 -28  0.0  10.140200  0  K1ABC FN42 33 
<DecodeFinished>",
-28.0,0.5,4,2026092504,1,K1ABC FN42 33,-28,0,10.140200,0.06894015200123249,0,official WSJT-X 3.0.2; binary SHA256 9e3c2fc14f63c4b4c4e9fcc33b386cd22daf8fe76ce724c5e37f07875e9a3dd9,"0000 -28 -0.0  10.140200  0  K1ABC FN42 33 
<DecodeFinished>",
-28.0,0.5,6,2026092506,1,K1ABC FN42 33,-28,0,10.140200,0.07012055599989253,0,official WSJT-X 3.0.2; binary SHA256 9e3c2fc14f63c4b4c4e9fcc33b386cd22daf8fe76ce724c5e37f07875e9a3dd9,"0000 -28  0.0  10.140200  0  K1ABC FN42 33 
<DecodeFinished>",
-28.0,0.5,7,2026092507,1,K1ABC FN42 33,-28,0,10.140200,0.07139559400093276,0,official WSJT-X 3.0.2; binary SHA256 9e3c2fc14f63c4b4c4e9fcc33b386cd22daf8fe76ce724c5e37f07875e9a3dd9,"0000 -28 -0.0  10.140200  0  K1ABC FN42 33 
<DecodeFinished>",
-28.0,0.5,5,2026092505,1,K1ABC FN42 33,-29,0,10.140200,0.07273333800003456,0,official WSJT-X 3.0.2; binary SHA256 9e3c2fc14f63c4b4c4e9fcc33b386cd22daf8fe76ce724c5e37f07875e9a3dd9,"0000 -29  0.1  10.140200  0  K1ABC FN42 33 
<DecodeFinished>",
-28.0,0.5,8,2026092508,1,K1ABC FN42 33,-28,0,10.140200,0.07345865700153809,0,official WSJT-X 3.0.2; binary SHA256 9e3c2fc14f63c4b4c4e9fcc33b386cd22daf8fe76ce724c5e37f07875e9a3dd9,"0000 -28 -0.0  10.140200  0  K1ABC FN42 33 
<DecodeFinished>",
-28.0,0.5,10,2026092510,1,K1ABC FN42 33,-28,0,10.140200,0.07295395199980703,0,official WSJT-X 3.0.2; binary SHA256 9e3c2fc14f63c4b4c4e9fcc33b386cd22daf8fe76ce724c5e37f07875e9a3dd9,"0000 -28  0.1  10.140200  0  K1ABC FN42 33 
<DecodeFinished>",
-28.0,0.5,12,2026092512,1,K1ABC FN42 33,-28,0,10.140200,0.06902382900079829,0,official WSJT-X 3.0.2; binary SHA256 9e3c2fc14f63c4b4c4e9fcc33b386cd22daf8fe76ce724c5e37f07875e9a3dd9,"0000 -28  0.1  10.140200  0  K1ABC FN42 33 
<DecodeFinished>",
-28.0,0.5,11,2026092511,1,K1ABC FN42 33,-28,0,10.140200,0.07616009999946982,0,official WSJT-X 3.0.2; binary SHA256 9e3c2fc14f63c4b4c4e9fcc33b386cd22daf8fe76ce724c5e37f07875e9a3dd9,"0000 -28  0.1  10.140200  0  K1ABC FN42 33 
<DecodeFinished>",
-28.0,0.5,9,2026092509,1,K1ABC FN42 33,-28,0,10.140200,0.07966424699952768,0,official WSJT-X 3.0.2; binary SHA256 9e3c2fc14f63c4b4c4e9fcc33b386cd22daf8fe76ce724c5e37f07875e9a3dd9,"0000 -28  0.0  10.140200  0  K1ABC FN42 33 
<DecodeFinished>",
-28.0,0.5,15,2026092515,1,K1ABC FN42 33,-28,0,10.140200,0.07039351099956548,0,official WSJT-X 3.0.2; binary SHA256 9e3c2fc14f63c4b4c4e9fcc33b386cd22daf8fe76ce724c5e37f07875e9a3dd9,"0000 -28  0.0  10.140200  0  K1ABC FN42 33 
<DecodeFinished>",
-28.0,0.5,14,2026092514,1,K1ABC FN42 33,-28,0,10.140200,0.07541758600018511,0,official WSJT-X 3.0.2; binary SHA256 9e3c2fc14f63c4b4c4e9fcc33b386cd22daf8fe76ce724c5e37f07875e9a3dd9,"0000 -28  0.0  10.140200  0  K1ABC FN42 33 
<DecodeFinished>",
-28.0,0.5,13,2026092513,1,K1ABC FN42 33,-28,0,10.140200,0.0777971620009339,0,official WSJT-X 3.0.2; binary SHA256 9e3c2fc14f63c4b4c4e9fcc33b386cd22daf8fe76ce724c5e37f07875e9a3dd9,"0000 -28  0.0  10.140200  0  K1ABC FN42 33 
<DecodeFinished>",
-28.0,0.5,16,2026092516,1,K1ABC FN42 33,-28,0,10.140200,0.0809813630003191,0,official WSJT-X 3.0.2; binary SHA256 9e3c2fc14f63c4b4c4e9fcc33b386cd22daf8fe76ce724c5e37f07875e9a3dd9,"0000 -28 -0.0  10.140200  0  K1ABC FN42 33 
<DecodeFinished>",
-28.0,0.5,18,2026092518,1,K1ABC FN42 33,-28,0,10.140200,0.06896053799937363,0,official WSJT-X 3.0.2; binary SHA256 9e3c2fc14f63c4b4c4e9fcc33b386cd22daf8fe76ce724c5e37f07875e9a3dd9,"0000 -28  0.0  10.140200  0  K1ABC FN42 33 
<DecodeFinished>",
-28.0,0.5,19,2026092519,1,K1ABC FN42 33,-28,0,10.140200,0.06794521200026793,0,official WSJT-X 3.0.2; binary SHA256 9e3c2fc14f63c4b4c4e9fcc33b386cd22daf8fe76ce724c5e37f07875e9a3dd9,"0000 -28  0.1  10.140200  0  K1ABC FN42 33 
<DecodeFinished>",
-28.0,0.5,17,2026092517,1,K1ABC FN42 33,-29,0,10.140200,0.0722466480001458,0,official WSJT-X 3.0.2; binary SHA256 9e3c2fc14f63c4b4c4e9fcc33b386cd22daf8fe76ce724c5e37f07875e9a3dd9,"0000 -29 -0.0  10.140200  0  K1ABC FN42 33 
<DecodeFinished>",
-28.0,0.5,20,2026092520,1,K1ABC FN42 33,-28,0,10.140200,0.06169872899954498,0,official WSJT-X 3.0.2; binary SHA256 9e3c2fc14f63c4b4c4e9fcc33b386cd22daf8fe76ce724c5e37f07875e9a3dd9,"0000 -28  0.1  10.140200  0  K1ABC FN42 33 
<DecodeFinished>",
-28.0,0.5,24,2026092524,1,K1ABC FN42 33,-28,0,10.140200,0.07381911999982549,0,official WSJT-X 3.0.2; binary SHA256 9e3c2fc14f63c4b4c4e9fcc33b386cd22daf8fe76ce724c5e37f07875e9a3dd9,"0000 -28  0.0  10.140200  0  K1ABC FN42 33 
<DecodeFinished>",
-28.0,0.5,22,2026092522,1,K1ABC FN42 33,-28,0,10.140200,0.07580670100105635,0,official WSJT-X 3.0.2; binary SHA256 9e3c2fc14f63c4b4c4e9fcc33b386cd22daf8fe76ce724c5e37f07875e9a3dd9,"0000 -28  0.0  10.140200  0  K1ABC FN42 33 
<DecodeFinished>",
-28.0,0.5,23,2026092523,1,K1ABC FN42 33,-27,0,10.140200,0.07575787700079673,0,official WSJT-X 3.0.2; binary SHA256 9e3c2fc14f63c4b4c4e9fcc33b386cd22daf8fe76ce724c5e37f07875e9a3dd9,"0000 -27 -0.1  10.140200  0  K1ABC FN42 33 
<DecodeFinished>",
-28.0,0.5,21,2026092521,1,K1ABC FN42 33,-28,0,10.140200,0.0783592679999856,0,official WSJT-X 3.0.2; binary SHA256 9e3c2fc14f63c4b4c4e9fcc33b386cd22daf8fe76ce724c5e37f07875e9a3dd9,"0000 -28  0.1  10.140200  0  K1ABC FN42 33 
<DecodeFinished>",
-28.0,0.5,28,2026092528,1,K1ABC FN42 33,-29,0,10.140200,0.06983088499873702,0,official WSJT-X 3.0.2; binary SHA256 9e3c2fc14f63c4b4c4e9fcc33b386cd22daf8fe76ce724c5e37f07875e9a3dd9,"0000 -29 -0.0  10.140200  0  K1ABC FN42 33 
<DecodeFinished>",
-28.0,0.5,25,2026092525,1,K1ABC FN42 33,-28,0,10.140200,0.07175816299968574,0,official WSJT-X 3.0.2; binary SHA256 9e3c2fc14f63c4b4c4e9fcc33b386cd22daf8fe76ce724c5e37f07875e9a3dd9,"0000 -28 -0.1  10.140200  0  K1ABC FN42 33 
<DecodeFinished>",
-28.0,0.5,27,2026092527,1,K1ABC FN42 33,-28,0,10.140200,0.07166935600071156,0,official WSJT-X 3.0.2; binary SHA256 9e3c2fc14f63c4b4c4e9fcc33b386cd22daf8fe76ce724c5e37f07875e9a3dd9,"0000 -28  0.1  10.140200  0  K1ABC FN42 33 
<DecodeFinished>",
-28.0,0.5,26,2026092526,1,K1ABC FN42 33,-27,0,10.140200,0.07468319700092252,0,official WSJT-X 3.0.2; binary SHA256 9e3c2fc14f63c4b4c4e9fcc33b386cd22daf8fe76ce724c5e37f07875e9a3dd9,"0000 -27 -0.0  10.140200  0  K1ABC FN42 33 
<DecodeFinished>",
-28.0,0.5,32,2026092532,1,K1ABC FN42 33,-28,0,10.140200,0.06571125099981145,0,official WSJT-X 3.0.2; binary SHA256 9e3c2fc14f63c4b4c4e9fcc33b386cd22daf8fe76ce724c5e37f07875e9a3dd9,"0000 -28  0.0  10.140200  0  K1ABC FN42 33 
<DecodeFinished>",
-28.0,0.5,30,2026092530,1,K1ABC FN42 33,-28,0,10.140200,0.06904186100109655,0,official WSJT-X 3.0.2; binary SHA256 9e3c2fc14f63c4b4c4e9fcc33b386cd22daf8fe76ce724c5e37f07875e9a3dd9,"0000 -28  0.0  10.140200  0  K1ABC FN42 33 
<DecodeFinished>",
-28.0,0.5,29,2026092529,1,K1ABC FN42 33,-28,0,10.140200,0.06959426000139501,0,official WSJT-X 3.0.2; binary SHA256 9e3c2fc14f63c4b4c4e9fcc33b386cd22daf8fe76ce724c5e37f07875e9a3dd9,"0000 -28 -0.0  10.140200  0  K1ABC FN42 33 
<DecodeFinished>",
-28.0,0.5,31,2026092531,1,K1ABC FN42 33,-27,0,10.140200,0.07123221199981344,0,official WSJT-X 3.0.2; binary SHA256 9e3c2fc14f63c4b4c4e9fcc33b386cd22daf8fe76ce724c5e37f07875e9a3dd9,"0000 -27 -0.0  10.140200  0  K1ABC FN42 33 
<DecodeFinished>",
-28.0,0.5,35,2026092535,1,K1ABC FN42 33,-27,0,10.140200,0.06629399600024044,0,official WSJT-X 3.0.2; binary SHA256 9e3c2fc14f63c4b4c4e9fcc33b386cd22daf8fe76ce724c5e37f07875e9a3dd9,"0000 -27 -0.0  10.140200  0  K1ABC FN42 33 
<DecodeFinished>",
-28.0,0.5,36,2026092536,1,K1ABC FN42 33,-27,0,10.140200,0.06435244400017837,0,official WSJT-X 3.0.2; binary SHA256 9e3c2fc14f63c4b4c4e9fcc33b386cd22daf8fe76ce724c5e37f07875e9a3dd9,"0000 -27  0.0  10.140200  0  K1ABC FN42 33 
<DecodeFinished>",
-28.0,0.5,34,2026092534,1,K1ABC FN42 33,-28,0,10.140200,0.06832606799980567,0,official WSJT-X 3.0.2; binary SHA256 9e3c2fc14f63c4b4c4e9fcc33b386cd22daf8fe76ce724c5e37f07875e9a3dd9,"0000 -28 -0.0  10.140200  0  K1ABC FN42 33 
<DecodeFinished>",
-28.0,0.5,33,2026092533,1,K1ABC FN42 33,-28,0,10.140200,0.07499526099854847,0,official WSJT-X 3.0.2; binary SHA256 9e3c2fc14f63c4b4c4e9fcc33b386cd22daf8fe76ce724c5e37f07875e9a3dd9,"0000 -28  0.0  10.140200  0  K1ABC FN42 33 
<DecodeFinished>",
-28.0,0.5,38,2026092538,1,K1ABC FN42 33,-28,0,10.140200,0.06126949799909198,0,official WSJT-X 3.0.2; binary SHA256 9e3c2fc14f63c4b4c4e9fcc33b386cd22daf8fe76ce724c5e37f07875e9a3dd9,"0000 -28  0.0  10.140200  0  K1ABC FN42 33 
<DecodeFinished>",
-28.0,0.5,39,2026092539,1,K1ABC FN42 33,-28,0,10.140200,0.05971615999987989,0,official WSJT-X 3.0.2; binary SHA256 9e3c2fc14f63c4b4c4e9fcc33b386cd22daf8fe76ce724c5e37f07875e9a3dd9,"0000 -28 -0.0  10.140200  0  K1ABC FN42 33 
<DecodeFinished>",
-28.0,0.5,40,2026092540,1,K1ABC FN42 33,-28,0,10.140200,0.05351309200159449,0,official WSJT-X 3.0.2; binary SHA256 9e3c2fc14f63c4b4c4e9fcc33b386cd22daf8fe76ce724c5e37f07875e9a3dd9,"0000 -28 -0.0  10.140200  0  K1ABC FN42 33 
<DecodeFinished>",
-28.0,0.5,37,2026092537,1,K1ABC FN42 33,-29,0,10.140200,0.06598897299954842,0,official WSJT-X 3.0.2; binary SHA256 9e3c2fc14f63c4b4c4e9fcc33b386cd22daf8fe76ce724c5e37f07875e9a3dd9,"0000 -29 -0.0  10.140200  0  K1ABC FN42 33 
<DecodeFinished>",
-28.0,0.5,41,2026092541,1,K1ABC FN42 33,-28,0,10.140200,0.07119678199887858,0,official WSJT-X 3.0.2; binary SHA256 9e3c2fc14f63c4b4c4e9fcc33b386cd22daf8fe76ce724c5e37f07875e9a3dd9,"0000 -28 -0.1  10.140200  0  K1ABC FN42 33 
<DecodeFinished>",
-28.0,0.5,42,2026092542,1,K1ABC FN42 33,-28,0,10.140200,0.07156114499957766,0,official WSJT-X 3.0.2; binary SHA256 9e3c2fc14f63c4b4c4e9fcc33b386cd22daf8fe76ce724c5e37f07875e9a3dd9,"0000 -28  0.0  10.140200  0  K1ABC FN42 33 
<DecodeFinished>",
-28.0,0.5,44,2026092544,1,K1ABC FN42 33,-27,0,10.140200,0.07086912600061623,0,official WSJT-X 3.0.2; binary SHA256 9e3c2fc14f63c4b4c4e9fcc33b386cd22daf8fe76ce724c5e37f07875e9a3dd9,"0000 -27 -0.0  10.140200  0  K1ABC FN42 33 
<DecodeFinished>",
-28.0,0.5,43,2026092543,1,K1ABC FN42 33,-28,0,10.140200,0.07618919599917717,0,official WSJT-X 3.0.2; binary SHA256 9e3c2fc14f63c4b4c4e9fcc33b386cd22daf8fe76ce724c5e37f07875e9a3dd9,"0000 -28 -0.1  10.140200  0  K1ABC FN42 33 
<DecodeFinished>",
-28.0,0.5,45,2026092545,1,K1ABC FN42 33,-28,0,10.140200,0.0731185539989383,0,official WSJT-X 3.0.2; binary SHA256 9e3c2fc14f63c4b4c4e9fcc33b386cd22daf8fe76ce724c5e37f07875e9a3dd9,"0000 -28  0.0  10.140200  0  K1ABC FN42 33 
<DecodeFinished>",
-28.0,0.5,47,2026092547,1,K1ABC FN42 33,-28,0,10.140200,0.07069349999983388,0,official WSJT-X 3.0.2; binary SHA256 9e3c2fc14f63c4b4c4e9fcc33b386cd22daf8fe76ce724c5e37f07875e9a3dd9,"0000 -28  0.1  10.140200  0  K1ABC FN42 33 
<DecodeFinished>",
-28.0,0.5,48,2026092548,1,K1ABC FN42 33,-28,0,10.140200,0.0701498159996845,0,official WSJT-X 3.0.2; binary SHA256 9e3c2fc14f63c4b4c4e9fcc33b386cd22daf8fe76ce724c5e37f07875e9a3dd9,"0000 -28 -0.1  10.140200  0  K1ABC FN42 33 
<DecodeFinished>",
-28.0,0.5,46,2026092546,1,K1ABC FN42 33,-28,0,10.140200,0.0809458129988343,0,official WSJT-X 3.0.2; binary SHA256 9e3c2fc14f63c4b4c4e9fcc33b386cd22daf8fe76ce724c5e37f07875e9a3dd9,"0000 -28  0.1  10.140200  0  K1ABC FN42 33 
<DecodeFinished>",
-28.0,0.5,52,2026092552,1,K1ABC FN42 33,-27,0,10.140200,0.06262686800073425,0,official WSJT-X 3.0.2; binary SHA256 9e3c2fc14f63c4b4c4e9fcc33b386cd22daf8fe76ce724c5e37f07875e9a3dd9,"0000 -27 -0.0  10.140200  0  K1ABC FN42 33 
<DecodeFinished>",
-28.0,0.5,51,2026092551,1,K1ABC FN42 33,-28,0,10.140200,0.0696310290004476,0,official WSJT-X 3.0.2; binary SHA256 9e3c2fc14f63c4b4c4e9fcc33b386cd22daf8fe76ce724c5e37f07875e9a3dd9,"0000 -28 -0.0  10.140200  0  K1ABC FN42 33 
<DecodeFinished>",
-28.0,0.5,49,2026092549,1,K1ABC FN42 33,-28,0,10.140200,0.072188145999462,0,official WSJT-X 3.0.2; binary SHA256 9e3c2fc14f63c4b4c4e9fcc33b386cd22daf8fe76ce724c5e37f07875e9a3dd9,"0000 -28 -0.0  10.140200  0  K1ABC FN42 33 
<DecodeFinished>",
-28.0,0.5,50,2026092550,1,K1ABC FN42 33,-28,0,10.140200,0.08459784099977696,0,official WSJT-X 3.0.2; binary SHA256 9e3c2fc14f63c4b4c4e9fcc33b386cd22daf8fe76ce724c5e37f07875e9a3dd9,"0000 -28 -0.1  10.140200  0  K1ABC FN42 33 
<DecodeFinished>",
-28.0,0.5,55,2026092555,1,K1ABC FN42 33,-28,0,10.140200,0.07045901799938292,0,official WSJT-X 3.0.2; binary SHA256 9e3c2fc14f63c4b4c4e9fcc33b386cd22daf8fe76ce724c5e37f07875e9a3dd9,"0000 -28  0.0  10.140200  0  K1ABC FN42 33 
<DecodeFinished>",
-28.0,0.5,54,2026092554,1,K1ABC FN42 33,-28,0,10.140200,0.072186284000054,0,official WSJT-X 3.0.2; binary SHA256 9e3c2fc14f63c4b4c4e9fcc33b386cd22daf8fe76ce724c5e37f07875e9a3dd9,"0000 -28 -0.1  10.140200  0  K1ABC FN42 33 
<DecodeFinished>",
-28.0,0.5,56,2026092556,1,K1ABC FN42 33,-27,0,10.140200,0.059178688999963924,0,official WSJT-X 3.0.2; binary SHA256 9e3c2fc14f63c4b4c4e9fcc33b386cd22daf8fe76ce724c5e37f07875e9a3dd9,"0000 -27 -0.1  10.140200  0  K1ABC FN42 33 
<DecodeFinished>",
-28.0,0.5,53,2026092553,1,K1ABC FN42 33,-28,0,10.140200,0.07655400999828998,0,official WSJT-X 3.0.2; binary SHA256 9e3c2fc14f63c4b4c4e9fcc33b386cd22daf8fe76ce724c5e37f07875e9a3dd9,"0000 -28 -0.0  10.140200  0  K1ABC FN42 33 
<DecodeFinished>",
-28.0,0.5,60,2026092560,1,K1ABC FN42 33,-28,0,10.140200,0.06694701699962025,0,official WSJT-X 3.0.2; binary SHA256 9e3c2fc14f63c4b4c4e9fcc33b386cd22daf8fe76ce724c5e37f07875e9a3dd9,"0000 -28  0.0  10.140200  0  K1ABC FN42 33 
<DecodeFinished>",
-28.0,0.5,58,2026092558,1,K1ABC FN42 33,-29,0,10.140200,0.07024110300153552,0,official WSJT-X 3.0.2; binary SHA256 9e3c2fc14f63c4b4c4e9fcc33b386cd22daf8fe76ce724c5e37f07875e9a3dd9,"0000 -29  0.0  10.140200  0  K1ABC FN42 33 
<DecodeFinished>",
-28.0,0.5,59,2026092559,1,K1ABC FN42 33,-28,0,10.140200,0.06906413799879374,0,official WSJT-X 3.0.2; binary SHA256 9e3c2fc14f63c4b4c4e9fcc33b386cd22daf8fe76ce724c5e37f07875e9a3dd9,"0000 -28  0.0  10.140200  0  K1ABC FN42 33 
<DecodeFinished>",
-28.0,0.5,57,2026092557,1,K1ABC FN42 33,-28,0,10.140200,0.07339619799859065,0,official WSJT-X 3.0.2; binary SHA256 9e3c2fc14f63c4b4c4e9fcc33b386cd22daf8fe76ce724c5e37f07875e9a3dd9,"0000 -28 -0.0  10.140200  0  K1ABC FN42 33 
<DecodeFinished>",
-28.0,0.5,63,2026092563,1,K1ABC FN42 33,-29,0,10.140200,0.06732810299945413,0,official WSJT-X 3.0.2; binary SHA256 9e3c2fc14f63c4b4c4e9fcc33b386cd22daf8fe76ce724c5e37f07875e9a3dd9,"0000 -29 -0.0  10.140200  0  K1ABC FN42 33 
<DecodeFinished>",
-28.0,0.5,62,2026092562,1,K1ABC FN42 33,-29,0,10.140200,0.06772969099984039,0,official WSJT-X 3.0.2; binary SHA256 9e3c2fc14f63c4b4c4e9fcc33b386cd22daf8fe76ce724c5e37f07875e9a3dd9,"0000 -29 -0.0  10.140200  0  K1ABC FN42 33 
<DecodeFinished>",
-28.0,0.5,61,2026092561,1,K1ABC FN42 33,-28,0,10.140200,0.06863123799848836,0,official WSJT-X 3.0.2; binary SHA256 9e3c2fc14f63c4b4c4e9fcc33b386cd22daf8fe76ce724c5e37f07875e9a3dd9,"0000 -28  0.0  10.140200  0  K1ABC FN42 33 
<DecodeFinished>",
-28.0,0.5,64,2026092564,1,K1ABC FN42 33,-28,0,10.140200,0.07885653899938916,0,official WSJT-X 3.0.2; binary SHA256 9e3c2fc14f63c4b4c4e9fcc33b386cd22daf8fe76ce724c5e37f07875e9a3dd9,"0000 -28  0.1  10.140200  0  K1ABC FN42 33 
<DecodeFinished>",
-28.0,0.5,66,2026092566,1,K1ABC FN42 33,-28,0,10.140200,0.07112083500032895,0,official WSJT-X 3.0.2; binary SHA256 9e3c2fc14f63c4b4c4e9fcc33b386cd22daf8fe76ce724c5e37f07875e9a3dd9,"0000 -28 -0.0  10.140200  0  K1ABC FN42 33 
<DecodeFinished>",
-28.0,0.5,68,2026092568,1,K1ABC FN42 33,-28,0,10.140200,0.0591052910003782,0,official WSJT-X 3.0.2; binary SHA256 9e3c2fc14f63c4b4c4e9fcc33b386cd22daf8fe76ce724c5e37f07875e9a3dd9,"0000 -28  0.0  10.140200  0  K1ABC FN42 33 
<DecodeFinished>",
-28.0,0.5,65,2026092565,1,K1ABC FN42 33,-28,0,10.140200,0.07254773199929332,0,official WSJT-X 3.0.2; binary SHA256 9e3c2fc14f63c4b4c4e9fcc33b386cd22daf8fe76ce724c5e37f07875e9a3dd9,"0000 -28 -0.0  10.140200  0  K1ABC FN42 33 
<DecodeFinished>",
-28.0,0.5,67,2026092567,1,K1ABC FN42 33,-28,0,10.140200,0.07388057999924058,0,official WSJT-X 3.0.2; binary SHA256 9e3c2fc14f63c4b4c4e9fcc33b386cd22daf8fe76ce724c5e37f07875e9a3dd9,"0000 -28 -0.0  10.140200  0  K1ABC FN42 33 
<DecodeFinished>",
-28.0,0.5,72,2026092572,1,K1ABC FN42 33,-28,0,10.140200,0.07119253200107778,0,official WSJT-X 3.0.2; binary SHA256 9e3c2fc14f63c4b4c4e9fcc33b386cd22daf8fe76ce724c5e37f07875e9a3dd9,"0000 -28  0.1  10.140200  0  K1ABC FN42 33 
<DecodeFinished>",
-28.0,0.5,69,2026092569,1,K1ABC FN42 33,-28,0,10.140200,0.07479357400006847,0,official WSJT-X 3.0.2; binary SHA256 9e3c2fc14f63c4b4c4e9fcc33b386cd22daf8fe76ce724c5e37f07875e9a3dd9,"0000 -28  0.1  10.140200  0  K1ABC FN42 33 
<DecodeFinished>",
-28.0,0.5,71,2026092571,1,K1ABC FN42 33,-28,0,10.140200,0.07511893700029759,0,official WSJT-X 3.0.2; binary SHA256 9e3c2fc14f63c4b4c4e9fcc33b386cd22daf8fe76ce724c5e37f07875e9a3dd9,"0000 -28 -0.0  10.140200  0  K1ABC FN42 33 
<DecodeFinished>",
-28.0,0.5,70,2026092570,1,K1ABC FN42 33,-28,0,10.140200,0.08769544299866538,0,official WSJT-X 3.0.2; binary SHA256 9e3c2fc14f63c4b4c4e9fcc33b386cd22daf8fe76ce724c5e37f07875e9a3dd9,"0000 -28  0.1  10.140200  0  K1ABC FN42 33 
<DecodeFinished>",
-28.0,0.5,76,2026092576,1,K1ABC FN42 33,-28,0,10.140200,0.060102569999799016,0,official WSJT-X 3.0.2; binary SHA256 9e3c2fc14f63c4b4c4e9fcc33b386cd22daf8fe76ce724c5e37f07875e9a3dd9,"0000 -28 -0.1  10.140200  0  K1ABC FN42 33 
<DecodeFinished>",
-28.0,0.5,74,2026092574,1,K1ABC FN42 33,-28,0,10.140200,0.07358830699922692,0,official WSJT-X 3.0.2; binary SHA256 9e3c2fc14f63c4b4c4e9fcc33b386cd22daf8fe76ce724c5e37f07875e9a3dd9,"0000 -28  0.0  10.140200  0  K1ABC FN42 33 
<DecodeFinished>",
-28.0,0.5,73,2026092573,1,K1ABC FN42 33,-27,0,10.140200,0.0857954820003215,0,official WSJT-X 3.0.2; binary SHA256 9e3c2fc14f63c4b4c4e9fcc33b386cd22daf8fe76ce724c5e37f07875e9a3dd9,"0000 -27 -0.1  10.140200  0  K1ABC FN42 33 
<DecodeFinished>",
-28.0,0.5,75,2026092575,1,K1ABC FN42 33,-28,0,10.140200,0.08545634799884283,0,official WSJT-X 3.0.2; binary SHA256 9e3c2fc14f63c4b4c4e9fcc33b386cd22daf8fe76ce724c5e37f07875e9a3dd9,"0000 -28 -0.0  10.140200  0  K1ABC FN42 33 
<DecodeFinished>",
-28.0,0.5,79,2026092579,1,K1ABC FN42 33,-28,0,10.140200,0.06002727700069954,0,official WSJT-X 3.0.2; binary SHA256 9e3c2fc14f63c4b4c4e9fcc33b386cd22daf8fe76ce724c5e37f07875e9a3dd9,"0000 -28  0.0  10.140200  0  K1ABC FN42 33 
<DecodeFinished>",
-28.0,0.5,78,2026092578,1,K1ABC FN42 33,-28,0,10.140200,0.07345388400062802,0,official WSJT-X 3.0.2; binary SHA256 9e3c2fc14f63c4b4c4e9fcc33b386cd22daf8fe76ce724c5e37f07875e9a3dd9,"0000 -28 -0.0  10.140200  0  K1ABC FN42 33 
<DecodeFinished>",
-28.0,0.5,80,2026092580,1,K1ABC FN42 33,-28,0,10.140200,0.06055873800141853,0,official WSJT-X 3.0.2; binary SHA256 9e3c2fc14f63c4b4c4e9fcc33b386cd22daf8fe76ce724c5e37f07875e9a3dd9,"0000 -28  0.0  10.140200  0  K1ABC FN42 33 
<DecodeFinished>",
-28.0,0.5,77,2026092577,1,K1ABC FN42 33,-28,0,10.140200,0.07574132099944109,0,official WSJT-X 3.0.2; binary SHA256 9e3c2fc14f63c4b4c4e9fcc33b386cd22daf8fe76ce724c5e37f07875e9a3dd9,"0000 -28 -0.1  10.140200  0  K1ABC FN42 33 
<DecodeFinished>",
-28.0,0.5,81,2026092581,1,K1ABC FN42 33,-28,0,10.140200,0.06858392199865193,0,official WSJT-X 3.0.2; binary SHA256 9e3c2fc14f63c4b4c4e9fcc33b386cd22daf8fe76ce724c5e37f07875e9a3dd9,"0000 -28  0.0  10.140200  0  K1ABC FN42 33 
<DecodeFinished>",
-28.0,0.5,84,2026092584,1,K1ABC FN42 33,-28,0,10.140200,0.06494265000037558,0,official WSJT-X 3.0.2; binary SHA256 9e3c2fc14f63c4b4c4e9fcc33b386cd22daf8fe76ce724c5e37f07875e9a3dd9,"0000 -28 -0.1  10.140200  0  K1ABC FN42 33 
<DecodeFinished>",
-28.0,0.5,83,2026092583,1,K1ABC FN42 33,-28,0,10.140200,0.06730472799972631,0,official WSJT-X 3.0.2; binary SHA256 9e3c2fc14f63c4b4c4e9fcc33b386cd22daf8fe76ce724c5e37f07875e9a3dd9,"0000 -28 -0.0  10.140200  0  K1ABC FN42 33 
<DecodeFinished>",
-28.0,0.5,82,2026092582,1,K1ABC FN42 33,-28,0,10.140200,0.06994678400042176,0,official WSJT-X 3.0.2; binary SHA256 9e3c2fc14f63c4b4c4e9fcc33b386cd22daf8fe76ce724c5e37f07875e9a3dd9,"0000 -28  0.1  10.140200  0  K1ABC FN42 33 
<DecodeFinished>",
-28.0,0.5,88,2026092588,1,K1ABC FN42 33,-28,0,10.140200,0.06462143399949127,0,official WSJT-X 3.0.2; binary SHA256 9e3c2fc14f63c4b4c4e9fcc33b386cd22daf8fe76ce724c5e37f07875e9a3dd9,"0000 -28 -0.0  10.140200  0  K1ABC FN42 33 
<DecodeFinished>",
-28.0,0.5,86,2026092586,1,K1ABC FN42 33,-28,0,10.140200,0.06728148299953318,0,official WSJT-X 3.0.2; binary SHA256 9e3c2fc14f63c4b4c4e9fcc33b386cd22daf8fe76ce724c5e37f07875e9a3dd9,"0000 -28  0.0  10.140200  0  K1ABC FN42 33 
<DecodeFinished>",
-28.0,0.5,85,2026092585,1,K1ABC FN42 33,-28,0,10.140200,0.06903405200137058,0,official WSJT-X 3.0.2; binary SHA256 9e3c2fc14f63c4b4c4e9fcc33b386cd22daf8fe76ce724c5e37f07875e9a3dd9,"0000 -28  0.0  10.140200  0  K1ABC FN42 33 
<DecodeFinished>",
-28.0,0.5,87,2026092587,1,K1ABC FN42 33,-28,0,10.140200,0.0697734670011414,0,official WSJT-X 3.0.2; binary SHA256 9e3c2fc14f63c4b4c4e9fcc33b386cd22daf8fe76ce724c5e37f07875e9a3dd9,"0000 -28  0.0  10.140200  0  K1ABC FN42 33 
<DecodeFinished>",
-28.0,0.5,90,2026092590,1,K1ABC FN42 33,-28,0,10.140200,0.06803784600015206,0,official WSJT-X 3.0.2; binary SHA256 9e3c2fc14f63c4b4c4e9fcc33b386cd22daf8fe76ce724c5e37f07875e9a3dd9,"0000 -28 -0.1  10.140200  0  K1ABC FN42 33 
<DecodeFinished>",
-28.0,0.5,91,2026092591,1,K1ABC FN42 33,-27,0,10.140200,0.06823703999907593,0,official WSJT-X 3.0.2; binary SHA256 9e3c2fc14f63c4b4c4e9fcc33b386cd22daf8fe76ce724c5e37f07875e9a3dd9,"0000 -27 -0.1  10.140200  0  K1ABC FN42 33 
<DecodeFinished>",
-28.0,0.5,92,2026092592,1,K1ABC FN42 33,-28,0,10.140200,0.06808576300136338,0,official WSJT-X 3.0.2; binary SHA256 9e3c2fc14f63c4b4c4e9fcc33b386cd22daf8fe76ce724c5e37f07875e9a3dd9,"0000 -28 -0.1  10.140200  0  K1ABC FN42 33 
<DecodeFinished>",
-28.0,0.5,89,2026092589,1,K1ABC FN42 33,-28,0,10.140200,0.07373603899941372,0,official WSJT-X 3.0.2; binary SHA256 9e3c2fc14f63c4b4c4e9fcc33b386cd22daf8fe76ce724c5e37f07875e9a3dd9,"0000 -28 -0.1  10.140200  0  K1ABC FN42 33 
<DecodeFinished>",
-28.0,0.5,95,2026092595,1,K1ABC FN42 33,-28,0,10.140200,0.06657444700067572,0,official WSJT-X 3.0.2; binary SHA256 9e3c2fc14f63c4b4c4e9fcc33b386cd22daf8fe76ce724c5e37f07875e9a3dd9,"0000 -28  0.0  10.140200  0  K1ABC FN42 33 
<DecodeFinished>",
-28.0,0.5,94,2026092594,1,K1ABC FN42 33,-28,0,10.140200,0.06812128799901984,0,official WSJT-X 3.0.2; binary SHA256 9e3c2fc14f63c4b4c4e9fcc33b386cd22daf8fe76ce724c5e37f07875e9a3dd9,"0000 -28 -0.0  10.140200  0  K1ABC FN42 33 
<DecodeFinished>",
-28.0,0.5,96,2026092596,1,K1ABC FN42 33,-28,0,10.140200,0.06626603200129466,0,official WSJT-X 3.0.2; binary SHA256 9e3c2fc14f63c4b4c4e9fcc33b386cd22daf8fe76ce724c5e37f07875e9a3dd9,"0000 -28 -0.1  10.140200  0  K1ABC FN42 33 
<DecodeFinished>",
-28.0,0.5,93,2026092593,1,K1ABC FN42 33,-27,0,10.140200,0.07349512899963884,0,official WSJT-X 3.0.2; binary SHA256 9e3c2fc14f63c4b4c4e9fcc33b386cd22daf8fe76ce724c5e37f07875e9a3dd9,"0000 -27 -0.0  10.140200  0  K1ABC FN42 33 
<DecodeFinished>",
-28.0,0.5,97,2026092597,1,K1ABC FN42 33,-28,0,10.140200,0.07147190300020156,0,official WSJT-X 3.0.2; binary SHA256 9e3c2fc14f63c4b4c4e9fcc33b386cd22daf8fe76ce724c5e37f07875e9a3dd9,"0000 -28  0.0  10.140200  0  K1ABC FN42 33 
<DecodeFinished>",
-28.0,0.5,99,2026092599,1,K1ABC FN42 33,-28,0,10.140200,0.06916139199893223,0,official WSJT-X 3.0.2; binary SHA256 9e3c2fc14f63c4b4c4e9fcc33b386cd22daf8fe76ce724c5e37f07875e9a3dd9,"0000 -28 -0.0  10.140200  0  K1ABC FN42 33 
<DecodeFinished>",
-28.0,0.5,98,2026092598,1,K1ABC FN42 33,-29,0,10.140200,0.07218420500066713,0,official WSJT-X 3.0.2; binary SHA256 9e3c2fc14f63c4b4c4e9fcc33b386cd22daf8fe76ce724c5e37f07875e9a3dd9,"0000 -29 -0.1  10.140200  0  K1ABC FN42 33 
<DecodeFinished>",
-28.0,-0.5,0,2026092500,1,K1ABC FN42 33,-29,0,10.140200,0.07754062200001499,0,official WSJT-X 3.0.2; binary SHA256 9e3c2fc14f63c4b4c4e9fcc33b386cd22daf8fe76ce724c5e37f07875e9a3dd9,"0000 -29 -0.0  10.140200  0  K1ABC FN42 33 
<DecodeFinished>",
-28.0,-0.5,2,2026092502,1,K1ABC FN42 33,-28,0,10.140200,0.08278426899960323,0,official WSJT-X 3.0.2; binary SHA256 9e3c2fc14f63c4b4c4e9fcc33b386cd22daf8fe76ce724c5e37f07875e9a3dd9,"0000 -28  0.1  10.140200  0  K1ABC FN42 33 
<DecodeFinished>",
-28.0,-0.5,1,2026092501,1,K1ABC FN42 33,-27,0,10.140200,0.08299405199977627,0,official WSJT-X 3.0.2; binary SHA256 9e3c2fc14f63c4b4c4e9fcc33b386cd22daf8fe76ce724c5e37f07875e9a3dd9,"0000 -27 -0.0  10.140200  0  K1ABC FN42 33 
<DecodeFinished>",
-28.0,-0.5,3,2026092503,1,K1ABC FN42 33,-28,0,10.140200,0.0818410740012041,0,official WSJT-X 3.0.2; binary SHA256 9e3c2fc14f63c4b4c4e9fcc33b386cd22daf8fe76ce724c5e37f07875e9a3dd9,"0000 -28 -0.1  10.140200  0  K1ABC FN42 33 
<DecodeFinished>",
-28.0,-0.5,4,2026092504,1,K1ABC FN42 33,-29,0,10.140200,0.07620845800011011,0,official WSJT-X 3.0.2; binary SHA256 9e3c2fc14f63c4b4c4e9fcc33b386cd22daf8fe76ce724c5e37f07875e9a3dd9,"0000 -29  0.1  10.140200  0  K1ABC FN42 33 
<DecodeFinished>",
-28.0,-0.5,6,2026092506,1,K1ABC FN42 33,-28,0,10.140200,0.07852370600085123,0,official WSJT-X 3.0.2; binary SHA256 9e3c2fc14f63c4b4c4e9fcc33b386cd22daf8fe76ce724c5e37f07875e9a3dd9,"0000 -28  0.0  10.140200  0  K1ABC FN42 33 
<DecodeFinished>",
-28.0,-0.5,5,2026092505,1,K1ABC FN42 33,-28,0,10.140200,0.07856603400068707,0,official WSJT-X 3.0.2; binary SHA256 9e3c2fc14f63c4b4c4e9fcc33b386cd22daf8fe76ce724c5e37f07875e9a3dd9,"0000 -28  0.0  10.140200  0  K1ABC FN42 33 
<DecodeFinished>",
-28.0,-0.5,7,2026092507,1,K1ABC FN42 33,-28,0,10.140200,0.07913649100009934,0,official WSJT-X 3.0.2; binary SHA256 9e3c2fc14f63c4b4c4e9fcc33b386cd22daf8fe76ce724c5e37f07875e9a3dd9,"0000 -28 -0.0  10.140200  0  K1ABC FN42 33 
<DecodeFinished>",
-28.0,-0.5,8,2026092508,1,K1ABC FN42 33,-28,0,10.140200,0.08357926899952872,0,official WSJT-X 3.0.2; binary SHA256 9e3c2fc14f63c4b4c4e9fcc33b386cd22daf8fe76ce724c5e37f07875e9a3dd9,"0000 -28 -0.0  10.140200  0  K1ABC FN42 33 
<DecodeFinished>",
-28.0,-0.5,12,2026092512,1,K1ABC FN42 33,-28,0,10.140200,0.06522281199977442,0,official WSJT-X 3.0.2; binary SHA256 9e3c2fc14f63c4b4c4e9fcc33b386cd22daf8fe76ce724c5e37f07875e9a3dd9,"0000 -28  0.1  10.140200  0  K1ABC FN42 33 
<DecodeFinished>",
-28.0,-0.5,11,2026092511,1,K1ABC FN42 33,-28,0,10.140200,0.07380452299912577,0,official WSJT-X 3.0.2; binary SHA256 9e3c2fc14f63c4b4c4e9fcc33b386cd22daf8fe76ce724c5e37f07875e9a3dd9,"0000 -28  0.1  10.140200  0  K1ABC FN42 33 
<DecodeFinished>",
-28.0,-0.5,10,2026092510,1,K1ABC FN42 33,-29,0,10.140200,0.07496909099972981,0,official WSJT-X 3.0.2; binary SHA256 9e3c2fc14f63c4b4c4e9fcc33b386cd22daf8fe76ce724c5e37f07875e9a3dd9,"0000 -29  0.1  10.140200  0  K1ABC FN42 33 
<DecodeFinished>",
-28.0,-0.5,9,2026092509,1,K1ABC FN42 33,-28,0,10.140200,0.07709645799877762,0,official WSJT-X 3.0.2; binary SHA256 9e3c2fc14f63c4b4c4e9fcc33b386cd22daf8fe76ce724c5e37f07875e9a3dd9,"0000 -28 -0.0  10.140200  0  K1ABC FN42 33 
<DecodeFinished>",
-28.0,-0.5,14,2026092514,1,K1ABC FN42 33,-28,0,10.140200,0.07613441400098964,0,official WSJT-X 3.0.2; binary SHA256 9e3c2fc14f63c4b4c4e9fcc33b386cd22daf8fe76ce724c5e37f07875e9a3dd9,"0000 -28  0.0  10.140200  0  K1ABC FN42 33 
<DecodeFinished>",
-28.0,-0.5,15,2026092515,1,K1ABC FN42 33,-27,0,10.140200,0.07741197100040154,0,official WSJT-X 3.0.2; binary SHA256 9e3c2fc14f63c4b4c4e9fcc33b386cd22daf8fe76ce724c5e37f07875e9a3dd9,"0000 -27  0.0  10.140200  0  K1ABC FN42 33 
<DecodeFinished>",
-28.0,-0.5,13,2026092513,1,K1ABC FN42 33,-28,0,10.140200,0.08160932100145146,0,official WSJT-X 3.0.2; binary SHA256 9e3c2fc14f63c4b4c4e9fcc33b386cd22daf8fe76ce724c5e37f07875e9a3dd9,"0000 -28  0.0  10.140200  0  K1ABC FN42 33 
<DecodeFinished>",
-28.0,-0.5,16,2026092516,1,K1ABC FN42 33,-28,0,10.140200,0.09244251299969619,0,official WSJT-X 3.0.2; binary SHA256 9e3c2fc14f63c4b4c4e9fcc33b386cd22daf8fe76ce724c5e37f07875e9a3dd9,"0000 -28  0.0  10.140200  0  K1ABC FN42 33 
<DecodeFinished>",
-28.0,-0.5,19,2026092519,1,K1ABC FN42 33,-28,0,10.140200,0.06985672699920542,0,official WSJT-X 3.0.2; binary SHA256 9e3c2fc14f63c4b4c4e9fcc33b386cd22daf8fe76ce724c5e37f07875e9a3dd9,"0000 -28  0.1  10.140200  0  K1ABC FN42 33 
<DecodeFinished>",
-28.0,-0.5,18,2026092518,1,K1ABC FN42 33,-27,0,10.140200,0.07275341100103105,0,official WSJT-X 3.0.2; binary SHA256 9e3c2fc14f63c4b4c4e9fcc33b386cd22daf8fe76ce724c5e37f07875e9a3dd9,"0000 -27 -0.0  10.140200  0  K1ABC FN42 33 
<DecodeFinished>",
-28.0,-0.5,17,2026092517,1,K1ABC FN42 33,-29,0,10.140200,0.07478724300017348,0,official WSJT-X 3.0.2; binary SHA256 9e3c2fc14f63c4b4c4e9fcc33b386cd22daf8fe76ce724c5e37f07875e9a3dd9,"0000 -29 -0.0  10.140200  0  K1ABC FN42 33 
<DecodeFinished>",
-28.0,-0.5,20,2026092520,1,K1ABC FN42 33,-27,0,10.140200,0.0630615840000246,0,official WSJT-X 3.0.2; binary SHA256 9e3c2fc14f63c4b4c4e9fcc33b386cd22daf8fe76ce724c5e37f07875e9a3dd9,"0000 -27 -0.0  10.140200  0  K1ABC FN42 33 
<DecodeFinished>",
-28.0,-0.5,23,2026092523,1,K1ABC FN42 33,-27,0,10.140200,0.0702940999999555,0,official WSJT-X 3.0.2; binary SHA256 9e3c2fc14f63c4b4c4e9fcc33b386cd22daf8fe76ce724c5e37f07875e9a3dd9,"0000 -27 -0.1  10.140200  0  K1ABC FN42 33 
<DecodeFinished>",
-28.0,-0.5,24,2026092524,1,K1ABC FN42 33,-28,0,10.140200,0.0627965959993162,0,official WSJT-X 3.0.2; binary SHA256 9e3c2fc14f63c4b4c4e9fcc33b386cd22daf8fe76ce724c5e37f07875e9a3dd9,"0000 -28  0.0  10.140200  0  K1ABC FN42 33 
<DecodeFinished>",
-28.0,-0.5,22,2026092522,1,K1ABC FN42 33,-28,0,10.140200,0.07030168300116202,0,official WSJT-X 3.0.2; binary SHA256 9e3c2fc14f63c4b4c4e9fcc33b386cd22daf8fe76ce724c5e37f07875e9a3dd9,"0000 -28  0.0  10.140200  0  K1ABC FN42 33 
<DecodeFinished>",
-28.0,-0.5,21,2026092521,1,K1ABC FN42 33,-28,0,10.140200,0.07298351900135458,0,official WSJT-X 3.0.2; binary SHA256 9e3c2fc14f63c4b4c4e9fcc33b386cd22daf8fe76ce724c5e37f07875e9a3dd9,"0000 -28  0.1  10.140200  0  K1ABC FN42 33 
<DecodeFinished>",
-28.0,-0.5,26,2026092526,1,K1ABC FN42 33,-27,0,10.140200,0.07096097499925236,0,official WSJT-X 3.0.2; binary SHA256 9e3c2fc14f63c4b4c4e9fcc33b386cd22daf8fe76ce724c5e37f07875e9a3dd9,"0000 -27 -0.1  10.140200  0  K1ABC FN42 33 
<DecodeFinished>",
-28.0,-0.5,28,2026092528,1,K1ABC FN42 33,-28,0,10.140200,0.06846234899967385,0,official WSJT-X 3.0.2; binary SHA256 9e3c2fc14f63c4b4c4e9fcc33b386cd22daf8fe76ce724c5e37f07875e9a3dd9,"0000 -28  0.0  10.140200  0  K1ABC FN42 33 
<DecodeFinished>",
-28.0,-0.5,25,2026092525,1,K1ABC FN42 33,-28,0,10.140200,0.07153498499974376,0,official WSJT-X 3.0.2; binary SHA256 9e3c2fc14f63c4b4c4e9fcc33b386cd22daf8fe76ce724c5e37f07875e9a3dd9,"0000 -28 -0.1  10.140200  0  K1ABC FN42 33 
<DecodeFinished>",
-28.0,-0.5,27,2026092527,1,K1ABC FN42 33,-28,0,10.140200,0.0743693690001237,0,official WSJT-X 3.0.2; binary SHA256 9e3c2fc14f63c4b4c4e9fcc33b386cd22daf8fe76ce724c5e37f07875e9a3dd9,"0000 -28  0.1  10.140200  0  K1ABC FN42 33 
<DecodeFinished>",
-28.0,-0.5,30,2026092530,1,K1ABC FN42 33,-28,0,10.140200,0.07288121300007333,0,official WSJT-X 3.0.2; binary SHA256 9e3c2fc14f63c4b4c4e9fcc33b386cd22daf8fe76ce724c5e37f07875e9a3dd9,"0000 -28  0.0  10.140200  0  K1ABC FN42 33 
<DecodeFinished>",
-28.0,-0.5,29,2026092529,1,K1ABC FN42 33,-27,0,10.140200,0.07333842800107959,0,official WSJT-X 3.0.2; binary SHA256 9e3c2fc14f63c4b4c4e9fcc33b386cd22daf8fe76ce724c5e37f07875e9a3dd9,"0000 -27 -0.0  10.140200  0  K1ABC FN42 33 
<DecodeFinished>",
-28.0,-0.5,31,2026092531,1,K1ABC FN42 33,-28,0,10.140200,0.07499122400076885,0,official WSJT-X 3.0.2; binary SHA256 9e3c2fc14f63c4b4c4e9fcc33b386cd22daf8fe76ce724c5e37f07875e9a3dd9,"0000 -28 -0.0  10.140200  0  K1ABC FN42 33 
<DecodeFinished>",
-28.0,-0.5,32,2026092532,1,K1ABC FN42 33,-28,0,10.140200,0.07360450099986338,0,official WSJT-X 3.0.2; binary SHA256 9e3c2fc14f63c4b4c4e9fcc33b386cd22daf8fe76ce724c5e37f07875e9a3dd9,"0000 -28  0.0  10.140200  0  K1ABC FN42 33 
<DecodeFinished>",
-28.0,-0.5,34,2026092534,1,K1ABC FN42 33,-28,0,10.140200,0.07027792600092653,0,official WSJT-X 3.0.2; binary SHA256 9e3c2fc14f63c4b4c4e9fcc33b386cd22daf8fe76ce724c5e37f07875e9a3dd9,"0000 -28 -0.1  10.140200  0  K1ABC FN42 33 
<DecodeFinished>",
-28.0,-0.5,36,2026092536,1,K1ABC FN42 33,-28,0,10.140200,0.06687434100058454,0,official WSJT-X 3.0.2; binary SHA256 9e3c2fc14f63c4b4c4e9fcc33b386cd22daf8fe76ce724c5e37f07875e9a3dd9,"0000 -28  0.0  10.140200  0  K1ABC FN42 33 
<DecodeFinished>",
-28.0,-0.5,35,2026092535,1,K1ABC FN42 33,-27,0,10.140200,0.06852412700027344,0,official WSJT-X 3.0.2; binary SHA256 9e3c2fc14f63c4b4c4e9fcc33b386cd22daf8fe76ce724c5e37f07875e9a3dd9,"0000 -27 -0.0  10.140200  0  K1ABC FN42 33 
<DecodeFinished>",
-28.0,-0.5,33,2026092533,1,K1ABC FN42 33,-28,0,10.140200,0.08218911600124557,0,official WSJT-X 3.0.2; binary SHA256 9e3c2fc14f63c4b4c4e9fcc33b386cd22daf8fe76ce724c5e37f07875e9a3dd9,"0000 -28 -0.0  10.140200  0  K1ABC FN42 33 
<DecodeFinished>",
-28.0,-0.5,38,2026092538,1,K1ABC FN42 33,-28,0,10.140200,0.0673297890007234,0,official WSJT-X 3.0.2; binary SHA256 9e3c2fc14f63c4b4c4e9fcc33b386cd22daf8fe76ce724c5e37f07875e9a3dd9,"0000 -28  0.0  10.140200  0  K1ABC FN42 33 
<DecodeFinished>",
-28.0,-0.5,40,2026092540,1,K1ABC FN42 33,-27,0,10.140200,0.05595918899962271,0,official WSJT-X 3.0.2; binary SHA256 9e3c2fc14f63c4b4c4e9fcc33b386cd22daf8fe76ce724c5e37f07875e9a3dd9,"0000 -27 -0.1  10.140200  0  K1ABC FN42 33 
<DecodeFinished>",
-28.0,-0.5,39,2026092539,1,K1ABC FN42 33,-28,0,10.140200,0.06820137999966391,0,official WSJT-X 3.0.2; binary SHA256 9e3c2fc14f63c4b4c4e9fcc33b386cd22daf8fe76ce724c5e37f07875e9a3dd9,"0000 -28 -0.0  10.140200  0  K1ABC FN42 33 
<DecodeFinished>",
-28.0,-0.5,37,2026092537,1,K1ABC FN42 33,-28,0,10.140200,0.07039872400127933,0,official WSJT-X 3.0.2; binary SHA256 9e3c2fc14f63c4b4c4e9fcc33b386cd22daf8fe76ce724c5e37f07875e9a3dd9,"0000 -28  0.0  10.140200  0  K1ABC FN42 33 
<DecodeFinished>",
-28.0,-0.5,44,2026092544,1,K1ABC FN42 33,-28,0,10.140200,0.06367692700041516,0,official WSJT-X 3.0.2; binary SHA256 9e3c2fc14f63c4b4c4e9fcc33b386cd22daf8fe76ce724c5e37f07875e9a3dd9,"0000 -28 -0.0  10.140200  0  K1ABC FN42 33 
<DecodeFinished>",
-28.0,-0.5,41,2026092541,1,K1ABC FN42 33,-28,0,10.140200,0.06778044100065017,0,official WSJT-X 3.0.2; binary SHA256 9e3c2fc14f63c4b4c4e9fcc33b386cd22daf8fe76ce724c5e37f07875e9a3dd9,"0000 -28 -0.0  10.140200  0  K1ABC FN42 33 
<DecodeFinished>",
-28.0,-0.5,43,2026092543,1,K1ABC FN42 33,-27,0,10.140200,0.06843182400007208,0,official WSJT-X 3.0.2; binary SHA256 9e3c2fc14f63c4b4c4e9fcc33b386cd22daf8fe76ce724c5e37f07875e9a3dd9,"0000 -27 -0.1  10.140200  0  K1ABC FN42 33 
<DecodeFinished>",
-28.0,-0.5,42,2026092542,1,K1ABC FN42 33,-28,0,10.140200,0.07160986900089483,0,official WSJT-X 3.0.2; binary SHA256 9e3c2fc14f63c4b4c4e9fcc33b386cd22daf8fe76ce724c5e37f07875e9a3dd9,"0000 -28  0.0  10.140200  0  K1ABC FN42 33 
<DecodeFinished>",
-28.0,-0.5,48,2026092548,1,K1ABC FN42 33,-28,0,10.140200,0.0675524439993751,0,official WSJT-X 3.0.2; binary SHA256 9e3c2fc14f63c4b4c4e9fcc33b386cd22daf8fe76ce724c5e37f07875e9a3dd9,"0000 -28 -0.1  10.140200  0  K1ABC FN42 33 
<DecodeFinished>",
-28.0,-0.5,47,2026092547,1,K1ABC FN42 33,-28,0,10.140200,0.07184910599971772,0,official WSJT-X 3.0.2; binary SHA256 9e3c2fc14f63c4b4c4e9fcc33b386cd22daf8fe76ce724c5e37f07875e9a3dd9,"0000 -28  0.1  10.140200  0  K1ABC FN42 33 
<DecodeFinished>",
-28.0,-0.5,45,2026092545,1,K1ABC FN42 33,-28,0,10.140200,0.07812042700061284,0,official WSJT-X 3.0.2; binary SHA256 9e3c2fc14f63c4b4c4e9fcc33b386cd22daf8fe76ce724c5e37f07875e9a3dd9,"0000 -28 -0.1  10.140200  0  K1ABC FN42 33 
<DecodeFinished>",
-28.0,-0.5,46,2026092546,1,K1ABC FN42 33,-27,0,10.140200,0.08236767299968051,0,official WSJT-X 3.0.2; binary SHA256 9e3c2fc14f63c4b4c4e9fcc33b386cd22daf8fe76ce724c5e37f07875e9a3dd9,"0000 -27 -0.1  10.140200  0  K1ABC FN42 33 
<DecodeFinished>",
-28.0,-0.5,51,2026092551,1,K1ABC FN42 33,-27,0,10.140200,0.06985094199990272,0,official WSJT-X 3.0.2; binary SHA256 9e3c2fc14f63c4b4c4e9fcc33b386cd22daf8fe76ce724c5e37f07875e9a3dd9,"0000 -27 -0.0  10.140200  0  K1ABC FN42 33 
<DecodeFinished>",
-28.0,-0.5,49,2026092549,1,K1ABC FN42 33,-27,0,10.140200,0.07603496199953952,0,official WSJT-X 3.0.2; binary SHA256 9e3c2fc14f63c4b4c4e9fcc33b386cd22daf8fe76ce724c5e37f07875e9a3dd9,"0000 -27 -0.0  10.140200  0  K1ABC FN42 33 
<DecodeFinished>",
-28.0,-0.5,50,2026092550,1,K1ABC FN42 33,-27,0,10.140200,0.07466606500020134,0,official WSJT-X 3.0.2; binary SHA256 9e3c2fc14f63c4b4c4e9fcc33b386cd22daf8fe76ce724c5e37f07875e9a3dd9,"0000 -27 -0.0  10.140200  0  K1ABC FN42 33 
<DecodeFinished>",
-28.0,-0.5,52,2026092552,1,K1ABC FN42 33,-28,0,10.140200,0.06795033100024739,0,official WSJT-X 3.0.2; binary SHA256 9e3c2fc14f63c4b4c4e9fcc33b386cd22daf8fe76ce724c5e37f07875e9a3dd9,"0000 -28 -0.0  10.140200  0  K1ABC FN42 33 
<DecodeFinished>",
-28.0,-0.5,55,2026092555,1,K1ABC FN42 33,-27,0,10.140200,0.07333648699932382,0,official WSJT-X 3.0.2; binary SHA256 9e3c2fc14f63c4b4c4e9fcc33b386cd22daf8fe76ce724c5e37f07875e9a3dd9,"0000 -27  0.0  10.140200  0  K1ABC FN42 33 
<DecodeFinished>",
-28.0,-0.5,53,2026092553,1,K1ABC FN42 33,-28,0,10.140200,0.0749601649986289,0,official WSJT-X 3.0.2; binary SHA256 9e3c2fc14f63c4b4c4e9fcc33b386cd22daf8fe76ce724c5e37f07875e9a3dd9,"0000 -28 -0.0  10.140200  0  K1ABC FN42 33 
<DecodeFinished>",
-28.0,-0.5,56,2026092556,1,K1ABC FN42 33,-28,0,10.140200,0.07155834500008496,0,official WSJT-X 3.0.2; binary SHA256 9e3c2fc14f63c4b4c4e9fcc33b386cd22daf8fe76ce724c5e37f07875e9a3dd9,"0000 -28 -0.1  10.140200  0  K1ABC FN42 33 
<DecodeFinished>",
-28.0,-0.5,54,2026092554,1,K1ABC FN42 33,-28,0,10.140200,0.07658923499911907,0,official WSJT-X 3.0.2; binary SHA256 9e3c2fc14f63c4b4c4e9fcc33b386cd22daf8fe76ce724c5e37f07875e9a3dd9,"0000 -28 -0.1  10.140200  0  K1ABC FN42 33 
<DecodeFinished>",
-28.0,-0.5,59,2026092559,1,K1ABC FN42 33,-28,0,10.140200,0.07122858399998222,0,official WSJT-X 3.0.2; binary SHA256 9e3c2fc14f63c4b4c4e9fcc33b386cd22daf8fe76ce724c5e37f07875e9a3dd9,"0000 -28 -0.1  10.140200  0  K1ABC FN42 33 
<DecodeFinished>",
-28.0,-0.5,60,2026092560,1,K1ABC FN42 33,-27,0,10.140200,0.06857740400118928,0,official WSJT-X 3.0.2; binary SHA256 9e3c2fc14f63c4b4c4e9fcc33b386cd22daf8fe76ce724c5e37f07875e9a3dd9,"0000 -27  0.0  10.140200  0  K1ABC FN42 33 
<DecodeFinished>",
-28.0,-0.5,57,2026092557,1,K1ABC FN42 33,-28,0,10.140200,0.07272037800066755,0,official WSJT-X 3.0.2; binary SHA256 9e3c2fc14f63c4b4c4e9fcc33b386cd22daf8fe76ce724c5e37f07875e9a3dd9,"0000 -28 -0.0  10.140200  0  K1ABC FN42 33 
<DecodeFinished>",
-28.0,-0.5,58,2026092558,1,K1ABC FN42 33,-28,0,10.140200,0.07426585400025942,0,official WSJT-X 3.0.2; binary SHA256 9e3c2fc14f63c4b4c4e9fcc33b386cd22daf8fe76ce724c5e37f07875e9a3dd9,"0000 -28  0.1  10.140200  0  K1ABC FN42 33 
<DecodeFinished>",
-28.0,-0.5,61,2026092561,1,K1ABC FN42 33,-28,0,10.140200,0.07955241499985277,0,official WSJT-X 3.0.2; binary SHA256 9e3c2fc14f63c4b4c4e9fcc33b386cd22daf8fe76ce724c5e37f07875e9a3dd9,"0000 -28  0.0  10.140200  0  K1ABC FN42 33 
<DecodeFinished>",
-28.0,-0.5,63,2026092563,1,K1ABC FN42 33,-28,0,10.140200,0.07944655499886721,0,official WSJT-X 3.0.2; binary SHA256 9e3c2fc14f63c4b4c4e9fcc33b386cd22daf8fe76ce724c5e37f07875e9a3dd9,"0000 -28 -0.0  10.140200  0  K1ABC FN42 33 
<DecodeFinished>",
-28.0,-0.5,62,2026092562,1,K1ABC FN42 33,-28,0,10.140200,0.08165396900039923,0,official WSJT-X 3.0.2; binary SHA256 9e3c2fc14f63c4b4c4e9fcc33b386cd22daf8fe76ce724c5e37f07875e9a3dd9,"0000 -28 -0.0  10.140200  0  K1ABC FN42 33 
<DecodeFinished>",
-28.0,-0.5,64,2026092564,1,K1ABC FN42 33,-28,0,10.140200,0.08726616700005252,0,official WSJT-X 3.0.2; binary SHA256 9e3c2fc14f63c4b4c4e9fcc33b386cd22daf8fe76ce724c5e37f07875e9a3dd9,"0000 -28  0.1  10.140200  0  K1ABC FN42 33 
<DecodeFinished>",
-28.0,-0.5,66,2026092566,1,K1ABC FN42 33,-28,0,10.140200,0.07000085700019554,0,official WSJT-X 3.0.2; binary SHA256 9e3c2fc14f63c4b4c4e9fcc33b386cd22daf8fe76ce724c5e37f07875e9a3dd9,"0000 -28 -0.0  10.140200  0  K1ABC FN42 33 
<DecodeFinished>",
-28.0,-0.5,67,2026092567,1,K1ABC FN42 33,-29,0,10.140200,0.06884631300090405,0,official WSJT-X 3.0.2; binary SHA256 9e3c2fc14f63c4b4c4e9fcc33b386cd22daf8fe76ce724c5e37f07875e9a3dd9,"0000 -29 -0.0  10.140200  0  K1ABC FN42 33 
<DecodeFinished>",
-28.0,-0.5,65,2026092565,1,K1ABC FN42 33,-27,0,10.140200,0.07343702999969537,0,official WSJT-X 3.0.2; binary SHA256 9e3c2fc14f63c4b4c4e9fcc33b386cd22daf8fe76ce724c5e37f07875e9a3dd9,"0000 -27 -0.0  10.140200  0  K1ABC FN42 33 
<DecodeFinished>",
-28.0,-0.5,68,2026092568,1,K1ABC FN42 33,-28,0,10.140200,0.06489577299907978,0,official WSJT-X 3.0.2; binary SHA256 9e3c2fc14f63c4b4c4e9fcc33b386cd22daf8fe76ce724c5e37f07875e9a3dd9,"0000 -28  0.1  10.140200  0  K1ABC FN42 33 
<DecodeFinished>",
-28.0,-0.5,72,2026092572,1,K1ABC FN42 33,-28,0,10.140200,0.0713850280008046,0,official WSJT-X 3.0.2; binary SHA256 9e3c2fc14f63c4b4c4e9fcc33b386cd22daf8fe76ce724c5e37f07875e9a3dd9,"0000 -28 -0.0  10.140200  0  K1ABC FN42 33 
<DecodeFinished>",
-28.0,-0.5,71,2026092571,1,K1ABC FN42 33,-28,0,10.140200,0.07316839299892308,0,official WSJT-X 3.0.2; binary SHA256 9e3c2fc14f63c4b4c4e9fcc33b386cd22daf8fe76ce724c5e37f07875e9a3dd9,"0000 -28  0.1  10.140200  0  K1ABC FN42 33 
<DecodeFinished>",
-28.0,-0.5,69,2026092569,1,K1ABC FN42 33,-28,0,10.140200,0.07560647600075754,0,official WSJT-X 3.0.2; binary SHA256 9e3c2fc14f63c4b4c4e9fcc33b386cd22daf8fe76ce724c5e37f07875e9a3dd9,"0000 -28  0.1  10.140200  0  K1ABC FN42 33 
<DecodeFinished>",
-28.0,-0.5,70,2026092570,1,K1ABC FN42 33,-28,0,10.140200,0.08519586500005971,0,official WSJT-X 3.0.2; binary SHA256 9e3c2fc14f63c4b4c4e9fcc33b386cd22daf8fe76ce724c5e37f07875e9a3dd9,"0000 -28 -0.0  10.140200  0  K1ABC FN42 33 
<DecodeFinished>",
-28.0,-0.5,74,2026092574,1,K1ABC FN42 33,-28,0,10.140200,0.06833790200107615,0,official WSJT-X 3.0.2; binary SHA256 9e3c2fc14f63c4b4c4e9fcc33b386cd22daf8fe76ce724c5e37f07875e9a3dd9,"0000 -28  0.0  10.140200  0  K1ABC FN42 33 
<DecodeFinished>",
-28.0,-0.5,76,2026092576,1,K1ABC FN42 33,-28,0,10.140200,0.05882896100047219,0,official WSJT-X 3.0.2; binary SHA256 9e3c2fc14f63c4b4c4e9fcc33b386cd22daf8fe76ce724c5e37f07875e9a3dd9,"0000 -28  0.0  10.140200  0  K1ABC FN42 33 
<DecodeFinished>",
-28.0,-0.5,75,2026092575,1,K1ABC FN42 33,-28,0,10.140200,0.08074752399988938,0,official WSJT-X 3.0.2; binary SHA256 9e3c2fc14f63c4b4c4e9fcc33b386cd22daf8fe76ce724c5e37f07875e9a3dd9,"0000 -28 -0.1  10.140200  0  K1ABC FN42 33 
<DecodeFinished>",
-28.0,-0.5,73,2026092573,1,K1ABC FN42 33,-28,0,10.140200,0.08332516300106363,0,official WSJT-X 3.0.2; binary SHA256 9e3c2fc14f63c4b4c4e9fcc33b386cd22daf8fe76ce724c5e37f07875e9a3dd9,"0000 -28 -0.1  10.140200  0  K1ABC FN42 33 
<DecodeFinished>",
-28.0,-0.5,79,2026092579,1,K1ABC FN42 33,-28,0,10.140200,0.055756830999598606,0,official WSJT-X 3.0.2; binary SHA256 9e3c2fc14f63c4b4c4e9fcc33b386cd22daf8fe76ce724c5e37f07875e9a3dd9,"0000 -28 -0.0  10.140200  0  K1ABC FN42 33 
<DecodeFinished>",
-28.0,-0.5,78,2026092578,1,K1ABC FN42 33,-27,0,10.140200,0.06924177799919562,0,official WSJT-X 3.0.2; binary SHA256 9e3c2fc14f63c4b4c4e9fcc33b386cd22daf8fe76ce724c5e37f07875e9a3dd9,"0000 -27  0.1  10.140200  0  K1ABC FN42 33 
<DecodeFinished>",
-28.0,-0.5,77,2026092577,1,K1ABC FN42 33,-28,0,10.140200,0.0707608929988055,0,official WSJT-X 3.0.2; binary SHA256 9e3c2fc14f63c4b4c4e9fcc33b386cd22daf8fe76ce724c5e37f07875e9a3dd9,"0000 -28 -0.1  10.140200  0  K1ABC FN42 33 
<DecodeFinished>",
-28.0,-0.5,80,2026092580,1,K1ABC FN42 33,-28,0,10.140200,0.05791383599898836,0,official WSJT-X 3.0.2; binary SHA256 9e3c2fc14f63c4b4c4e9fcc33b386cd22daf8fe76ce724c5e37f07875e9a3dd9,"0000 -28  0.0  10.140200  0  K1ABC FN42 33 
<DecodeFinished>",
-28.0,-0.5,82,2026092582,1,K1ABC FN42 33,-28,0,10.140200,0.06800778099932359,0,official WSJT-X 3.0.2; binary SHA256 9e3c2fc14f63c4b4c4e9fcc33b386cd22daf8fe76ce724c5e37f07875e9a3dd9,"0000 -28  0.1  10.140200  0  K1ABC FN42 33 
<DecodeFinished>",
-28.0,-0.5,84,2026092584,1,K1ABC FN42 33,-28,0,10.140200,0.06457397399935871,0,official WSJT-X 3.0.2; binary SHA256 9e3c2fc14f63c4b4c4e9fcc33b386cd22daf8fe76ce724c5e37f07875e9a3dd9,"0000 -28 -0.0  10.140200  0  K1ABC FN42 33 
<DecodeFinished>",
-28.0,-0.5,81,2026092581,1,K1ABC FN42 33,-28,0,10.140200,0.06933746299910126,0,official WSJT-X 3.0.2; binary SHA256 9e3c2fc14f63c4b4c4e9fcc33b386cd22daf8fe76ce724c5e37f07875e9a3dd9,"0000 -28  0.0  10.140200  0  K1ABC FN42 33 
<DecodeFinished>",
-28.0,-0.5,83,2026092583,1,K1ABC FN42 33,-28,0,10.140200,0.06840430200099945,0,official WSJT-X 3.0.2; binary SHA256 9e3c2fc14f63c4b4c4e9fcc33b386cd22daf8fe76ce724c5e37f07875e9a3dd9,"0000 -28  0.1  10.140200  0  K1ABC FN42 33 
<DecodeFinished>",
-28.0,-0.5,85,2026092585,1,K1ABC FN42 33,-28,0,10.140200,0.06803597799989802,0,official WSJT-X 3.0.2; binary SHA256 9e3c2fc14f63c4b4c4e9fcc33b386cd22daf8fe76ce724c5e37f07875e9a3dd9,"0000 -28  0.1  10.140200  0  K1ABC FN42 33 
<DecodeFinished>",
-28.0,-0.5,87,2026092587,1,K1ABC FN42 33,-28,0,10.140200,0.06770070500169822,0,official WSJT-X 3.0.2; binary SHA256 9e3c2fc14f63c4b4c4e9fcc33b386cd22daf8fe76ce724c5e37f07875e9a3dd9,"0000 -28  0.0  10.140200  0  K1ABC FN42 33 
<DecodeFinished>",
-28.0,-0.5,86,2026092586,1,K1ABC FN42 33,-28,0,10.140200,0.06804140500025824,0,official WSJT-X 3.0.2; binary SHA256 9e3c2fc14f63c4b4c4e9fcc33b386cd22daf8fe76ce724c5e37f07875e9a3dd9,"0000 -28  0.0  10.140200  0  K1ABC FN42 33 
<DecodeFinished>",
-28.0,-0.5,88,2026092588,1,K1ABC FN42 33,-28,0,10.140200,0.06990201100052218,0,official WSJT-X 3.0.2; binary SHA256 9e3c2fc14f63c4b4c4e9fcc33b386cd22daf8fe76ce724c5e37f07875e9a3dd9,"0000 -28 -0.0  10.140200  0  K1ABC FN42 33 
<DecodeFinished>",
-28.0,-0.5,91,2026092591,1,K1ABC FN42 33,-27,0,10.140200,0.06674840200139442,0,official WSJT-X 3.0.2; binary SHA256 9e3c2fc14f63c4b4c4e9fcc33b386cd22daf8fe76ce724c5e37f07875e9a3dd9,"0000 -27 -0.1  10.140200  0  K1ABC FN42 33 
<DecodeFinished>",
-28.0,-0.5,89,2026092589,1,K1ABC FN42 33,-28,0,10.140200,0.06678841199936869,0,official WSJT-X 3.0.2; binary SHA256 9e3c2fc14f63c4b4c4e9fcc33b386cd22daf8fe76ce724c5e37f07875e9a3dd9,"0000 -28 -0.0  10.140200  0  K1ABC FN42 33 
<DecodeFinished>",
-28.0,-0.5,90,2026092590,1,K1ABC FN42 33,-28,0,10.140200,0.06679322699892509,0,official WSJT-X 3.0.2; binary SHA256 9e3c2fc14f63c4b4c4e9fcc33b386cd22daf8fe76ce724c5e37f07875e9a3dd9,"0000 -28 -0.1  10.140200  0  K1ABC FN42 33 
<DecodeFinished>",
-28.0,-0.5,92,2026092592,1,K1ABC FN42 33,-28,0,10.140200,0.06441523200010124,0,official WSJT-X 3.0.2; binary SHA256 9e3c2fc14f63c4b4c4e9fcc33b386cd22daf8fe76ce724c5e37f07875e9a3dd9,"0000 -28  0.0  10.140200  0  K1ABC FN42 33 
<DecodeFinished>",
-28.0,-0.5,94,2026092594,1,K1ABC FN42 33,-28,0,10.140200,0.06785970800046925,0,official WSJT-X 3.0.2; binary SHA256 9e3c2fc14f63c4b4c4e9fcc33b386cd22daf8fe76ce724c5e37f07875e9a3dd9,"0000 -28  0.0  10.140200  0  K1ABC FN42 33 
<DecodeFinished>",
-28.0,-0.5,93,2026092593,1,K1ABC FN42 33,-27,0,10.140200,0.06868999700054701,0,official WSJT-X 3.0.2; binary SHA256 9e3c2fc14f63c4b4c4e9fcc33b386cd22daf8fe76ce724c5e37f07875e9a3dd9,"0000 -27 -0.0  10.140200  0  K1ABC FN42 33 
<DecodeFinished>",
-28.0,-0.5,95,2026092595,1,K1ABC FN42 33,-27,0,10.140200,0.0699164199995721,0,official WSJT-X 3.0.2; binary SHA256 9e3c2fc14f63c4b4c4e9fcc33b386cd22daf8fe76ce724c5e37f07875e9a3dd9,"0000 -27  0.1  10.140200  0  K1ABC FN42 33 
<DecodeFinished>",
-28.0,-0.5,96,2026092596,1,K1ABC FN42 33,-28,0,10.140200,0.07166185499954736,0,official WSJT-X 3.0.2; binary SHA256 9e3c2fc14f63c4b4c4e9fcc33b386cd22daf8fe76ce724c5e37f07875e9a3dd9,"0000 -28 -0.1  10.140200  0  K1ABC FN42 33 
<DecodeFinished>",
-28.0,-0.5,97,2026092597,1,K1ABC FN42 33,-28,0,10.140200,0.07420385600016743,0,official WSJT-X 3.0.2; binary SHA256 9e3c2fc14f63c4b4c4e9fcc33b386cd22daf8fe76ce724c5e37f07875e9a3dd9,"0000 -28 -0.0  10.140200  0  K1ABC FN42 33 
<DecodeFinished>",
-28.0,-0.5,99,2026092599,1,K1ABC FN42 33,-27,0,10.140200,0.07270405399867741,0,official WSJT-X 3.0.2; binary SHA256 9e3c2fc14f63c4b4c4e9fcc33b386cd22daf8fe76ce724c5e37f07875e9a3dd9,"0000 -27 -0.0  10.140200  0  K1ABC FN42 33 
<DecodeFinished>",
-28.0,-0.5,98,2026092598,1,K1ABC FN42 33,-28,0,10.140200,0.07440460999896459,0,official WSJT-X 3.0.2; binary SHA256 9e3c2fc14f63c4b4c4e9fcc33b386cd22daf8fe76ce724c5e37f07875e9a3dd9,"0000 -28 -0.1  10.140200  0  K1ABC FN42 33 
<DecodeFinished>",
-28.0,1.0,0,2026092500,1,K1ABC FN42 33,-28,0,10.140200,0.07688560699898517,0,official WSJT-X 3.0.2; binary SHA256 9e3c2fc14f63c4b4c4e9fcc33b386cd22daf8fe76ce724c5e37f07875e9a3dd9,"0000 -28 -0.0  10.140200  0  K1ABC FN42 33 
<DecodeFinished>",
-28.0,1.0,4,2026092504,1,K1ABC FN42 33,-28,0,10.140200,0.07606800000030489,0,official WSJT-X 3.0.2; binary SHA256 9e3c2fc14f63c4b4c4e9fcc33b386cd22daf8fe76ce724c5e37f07875e9a3dd9,"0000 -28 -0.0  10.140200  0  K1ABC FN42 33 
<DecodeFinished>",
-28.0,1.0,1,2026092501,1,K1ABC FN42 33,-28,0,10.140200,0.08357081500071217,0,official WSJT-X 3.0.2; binary SHA256 9e3c2fc14f63c4b4c4e9fcc33b386cd22daf8fe76ce724c5e37f07875e9a3dd9,"0000 -28  0.1  10.140200  0  K1ABC FN42 33 
<DecodeFinished>",
-28.0,1.0,3,2026092503,1,K1ABC FN42 33,-28,0,10.140200,0.08540059900042252,0,official WSJT-X 3.0.2; binary SHA256 9e3c2fc14f63c4b4c4e9fcc33b386cd22daf8fe76ce724c5e37f07875e9a3dd9,"0000 -28 -0.1  10.140200  0  K1ABC FN42 33 
<DecodeFinished>",
-28.0,1.0,2,2026092502,1,K1ABC FN42 33,-28,0,10.140200,0.08734766199995647,0,official WSJT-X 3.0.2; binary SHA256 9e3c2fc14f63c4b4c4e9fcc33b386cd22daf8fe76ce724c5e37f07875e9a3dd9,"0000 -28 -0.1  10.140200  0  K1ABC FN42 33 
<DecodeFinished>",
-28.0,1.0,7,2026092507,1,K1ABC FN42 33,-27,0,10.140200,0.06698108599994157,0,official WSJT-X 3.0.2; binary SHA256 9e3c2fc14f63c4b4c4e9fcc33b386cd22daf8fe76ce724c5e37f07875e9a3dd9,"0000 -27 -0.1  10.140200  0  K1ABC FN42 33 
<DecodeFinished>",
-28.0,1.0,6,2026092506,1,K1ABC FN42 33,-28,0,10.140200,0.06993959200008248,0,official WSJT-X 3.0.2; binary SHA256 9e3c2fc14f63c4b4c4e9fcc33b386cd22daf8fe76ce724c5e37f07875e9a3dd9,"0000 -28  0.0  10.140200  0  K1ABC FN42 33 
<DecodeFinished>",
-28.0,1.0,5,2026092505,1,K1ABC FN42 33,-28,0,10.140200,0.0707933720004803,0,official WSJT-X 3.0.2; binary SHA256 9e3c2fc14f63c4b4c4e9fcc33b386cd22daf8fe76ce724c5e37f07875e9a3dd9,"0000 -28  0.1  10.140200  0  K1ABC FN42 33 
<DecodeFinished>",
-28.0,1.0,8,2026092508,1,K1ABC FN42 33,-28,0,10.140200,0.07326682299935783,0,official WSJT-X 3.0.2; binary SHA256 9e3c2fc14f63c4b4c4e9fcc33b386cd22daf8fe76ce724c5e37f07875e9a3dd9,"0000 -28  0.1  10.140200  0  K1ABC FN42 33 
<DecodeFinished>",
-28.0,1.0,10,2026092510,1,K1ABC FN42 33,-28,0,10.140200,0.07118243600052665,0,official WSJT-X 3.0.2; binary SHA256 9e3c2fc14f63c4b4c4e9fcc33b386cd22daf8fe76ce724c5e37f07875e9a3dd9,"0000 -28  0.1  10.140200  0  K1ABC FN42 33 
<DecodeFinished>",
-28.0,1.0,9,2026092509,1,K1ABC FN42 33,-28,0,10.140200,0.07274141000016243,0,official WSJT-X 3.0.2; binary SHA256 9e3c2fc14f63c4b4c4e9fcc33b386cd22daf8fe76ce724c5e37f07875e9a3dd9,"0000 -28  0.0  10.140200  0  K1ABC FN42 33 
<DecodeFinished>",
-28.0,1.0,12,2026092512,1,K1ABC FN42 33,-28,0,10.140200,0.06542479100062337,0,official WSJT-X 3.0.2; binary SHA256 9e3c2fc14f63c4b4c4e9fcc33b386cd22daf8fe76ce724c5e37f07875e9a3dd9,"0000 -28  0.0  10.140200  0  K1ABC FN42 33 
<DecodeFinished>",
-28.0,1.0,11,2026092511,1,K1ABC FN42 33,-28,0,10.140200,0.07314990099985152,0,official WSJT-X 3.0.2; binary SHA256 9e3c2fc14f63c4b4c4e9fcc33b386cd22daf8fe76ce724c5e37f07875e9a3dd9,"0000 -28  0.1  10.140200  0  K1ABC FN42 33 
<DecodeFinished>",
-28.0,1.0,15,2026092515,1,K1ABC FN42 33,-28,0,10.140200,0.06925037899964082,0,official WSJT-X 3.0.2; binary SHA256 9e3c2fc14f63c4b4c4e9fcc33b386cd22daf8fe76ce724c5e37f07875e9a3dd9,"0000 -28  0.0  10.140200  0  K1ABC FN42 33 
<DecodeFinished>",
-28.0,1.0,14,2026092514,1,K1ABC FN42 33,-28,0,10.140200,0.07019694300106494,0,official WSJT-X 3.0.2; binary SHA256 9e3c2fc14f63c4b4c4e9fcc33b386cd22daf8fe76ce724c5e37f07875e9a3dd9,"0000 -28  0.0  10.140200  0  K1ABC FN42 33 
<DecodeFinished>",
-28.0,1.0,16,2026092516,1,K1ABC FN42 33,-28,0,10.140200,0.08097577300031844,0,official WSJT-X 3.0.2; binary SHA256 9e3c2fc14f63c4b4c4e9fcc33b386cd22daf8fe76ce724c5e37f07875e9a3dd9,"0000 -28 -0.0  10.140200  0  K1ABC FN42 33 
<DecodeFinished>",
-28.0,1.0,17,2026092517,1,K1ABC FN42 33,-29,0,10.140200,0.05319194299954688,0,official WSJT-X 3.0.2; binary SHA256 9e3c2fc14f63c4b4c4e9fcc33b386cd22daf8fe76ce724c5e37f07875e9a3dd9,"0000 -29 -0.0  10.140200  0  K1ABC FN42 33 
<DecodeFinished>",
-28.0,1.0,18,2026092518,1,K1ABC FN42 33,-28,0,10.140200,0.05686639899977308,0,official WSJT-X 3.0.2; binary SHA256 9e3c2fc14f63c4b4c4e9fcc33b386cd22daf8fe76ce724c5e37f07875e9a3dd9,"0000 -28 -0.1  10.140200  0  K1ABC FN42 33 
<DecodeFinished>",
-28.0,1.0,19,2026092519,1,K1ABC FN42 33,-28,0,10.140200,0.05569728900081827,0,official WSJT-X 3.0.2; binary SHA256 9e3c2fc14f63c4b4c4e9fcc33b386cd22daf8fe76ce724c5e37f07875e9a3dd9,"0000 -28  0.1  10.140200  0  K1ABC FN42 33 
<DecodeFinished>",
-28.0,1.0,13,2026092513,1,K1ABC FN42 33,-28,0,10.140200,0.1870232559995202,0,official WSJT-X 3.0.2; binary SHA256 9e3c2fc14f63c4b4c4e9fcc33b386cd22daf8fe76ce724c5e37f07875e9a3dd9,"0000 -28  0.0  10.140200  0  K1ABC FN42 33 
<DecodeFinished>",
-28.0,1.0,20,2026092520,1,K1ABC FN42 33,-27,0,10.140200,0.06308343700038677,0,official WSJT-X 3.0.2; binary SHA256 9e3c2fc14f63c4b4c4e9fcc33b386cd22daf8fe76ce724c5e37f07875e9a3dd9,"0000 -27 -0.0  10.140200  0  K1ABC FN42 33 
<DecodeFinished>",
-28.0,1.0,21,2026092521,1,K1ABC FN42 33,-29,0,10.140200,0.06169065100039006,0,official WSJT-X 3.0.2; binary SHA256 9e3c2fc14f63c4b4c4e9fcc33b386cd22daf8fe76ce724c5e37f07875e9a3dd9,"0000 -29 -0.1  10.140200  0  K1ABC FN42 33 
<DecodeFinished>",
-28.0,1.0,22,2026092522,1,K1ABC FN42 33,-28,0,10.140200,0.06362991999958467,0,official WSJT-X 3.0.2; binary SHA256 9e3c2fc14f63c4b4c4e9fcc33b386cd22daf8fe76ce724c5e37f07875e9a3dd9,"0000 -28  0.0  10.140200  0  K1ABC FN42 33 
<DecodeFinished>",
-28.0,1.0,25,2026092525,1,K1ABC FN42 33,-29,0,10.140200,0.07284550499934994,0,official WSJT-X 3.0.2; binary SHA256 9e3c2fc14f63c4b4c4e9fcc33b386cd22daf8fe76ce724c5e37f07875e9a3dd9,"0000 -29 -0.0  10.140200  0  K1ABC FN42 33 
<DecodeFinished>",
-28.0,1.0,24,2026092524,1,K1ABC FN42 33,-28,0,10.140200,0.07580018599946925,0,official WSJT-X 3.0.2; binary SHA256 9e3c2fc14f63c4b4c4e9fcc33b386cd22daf8fe76ce724c5e37f07875e9a3dd9,"0000 -28  0.1  10.140200  0  K1ABC FN42 33 
<DecodeFinished>",
-28.0,1.0,23,2026092523,1,K1ABC FN42 33,-28,0,10.140200,0.07654920399909315,0,official WSJT-X 3.0.2; binary SHA256 9e3c2fc14f63c4b4c4e9fcc33b386cd22daf8fe76ce724c5e37f07875e9a3dd9,"0000 -28 -0.1  10.140200  0  K1ABC FN42 33 
<DecodeFinished>",
-28.0,1.0,26,2026092526,1,K1ABC FN42 33,-27,0,10.140200,0.06350416100030998,0,official WSJT-X 3.0.2; binary SHA256 9e3c2fc14f63c4b4c4e9fcc33b386cd22daf8fe76ce724c5e37f07875e9a3dd9,"0000 -27 -0.0  10.140200  0  K1ABC FN42 33 
<DecodeFinished>",
-28.0,1.0,30,2026092530,1,K1ABC FN42 33,-28,0,10.140200,0.06517270500080485,0,official WSJT-X 3.0.2; binary SHA256 9e3c2fc14f63c4b4c4e9fcc33b386cd22daf8fe76ce724c5e37f07875e9a3dd9,"0000 -28  0.0  10.140200  0  K1ABC FN42 33 
<DecodeFinished>",
-28.0,1.0,29,2026092529,1,K1ABC FN42 33,-28,0,10.140200,0.06962366999869118,0,official WSJT-X 3.0.2; binary SHA256 9e3c2fc14f63c4b4c4e9fcc33b386cd22daf8fe76ce724c5e37f07875e9a3dd9,"0000 -28 -0.0  10.140200  0  K1ABC FN42 33 
<DecodeFinished>",
-28.0,1.0,28,2026092528,1,K1ABC FN42 33,-28,0,10.140200,0.0719100360001903,0,official WSJT-X 3.0.2; binary SHA256 9e3c2fc14f63c4b4c4e9fcc33b386cd22daf8fe76ce724c5e37f07875e9a3dd9,"0000 -28  0.0  10.140200  0  K1ABC FN42 33 
<DecodeFinished>",
-28.0,1.0,27,2026092527,1,K1ABC FN42 33,-28,0,10.140200,0.073723601999518,0,official WSJT-X 3.0.2; binary SHA256 9e3c2fc14f63c4b4c4e9fcc33b386cd22daf8fe76ce724c5e37f07875e9a3dd9,"0000 -28  0.0  10.140200  0  K1ABC FN42 33 
<DecodeFinished>",
-28.0,1.0,34,2026092534,1,K1ABC FN42 33,-28,0,10.140200,0.06551483499970345,0,official WSJT-X 3.0.2; binary SHA256 9e3c2fc14f63c4b4c4e9fcc33b386cd22daf8fe76ce724c5e37f07875e9a3dd9,"0000 -28 -0.0  10.140200  0  K1ABC FN42 33 
<DecodeFinished>",
-28.0,1.0,32,2026092532,1,K1ABC FN42 33,-28,0,10.140200,0.06951289000062388,0,official WSJT-X 3.0.2; binary SHA256 9e3c2fc14f63c4b4c4e9fcc33b386cd22daf8fe76ce724c5e37f07875e9a3dd9,"0000 -28  0.0  10.140200  0  K1ABC FN42 33 
<DecodeFinished>",
-28.0,1.0,31,2026092531,1,K1ABC FN42 33,-28,0,10.140200,0.0706888880013139,0,official WSJT-X 3.0.2; binary SHA256 9e3c2fc14f63c4b4c4e9fcc33b386cd22daf8fe76ce724c5e37f07875e9a3dd9,"0000 -28 -0.0  10.140200  0  K1ABC FN42 33 
<DecodeFinished>",
-28.0,1.0,33,2026092533,1,K1ABC FN42 33,-28,0,10.140200,0.07349117099875002,0,official WSJT-X 3.0.2; binary SHA256 9e3c2fc14f63c4b4c4e9fcc33b386cd22daf8fe76ce724c5e37f07875e9a3dd9,"0000 -28  0.0  10.140200  0  K1ABC FN42 33 
<DecodeFinished>",
-28.0,1.0,35,2026092535,1,K1ABC FN42 33,-28,0,10.140200,0.06231764600124734,0,official WSJT-X 3.0.2; binary SHA256 9e3c2fc14f63c4b4c4e9fcc33b386cd22daf8fe76ce724c5e37f07875e9a3dd9,"0000 -28 -0.0  10.140200  0  K1ABC FN42 33 
<DecodeFinished>",
-28.0,1.0,38,2026092538,1,K1ABC FN42 33,-28,0,10.140200,0.0566389599989634,0,official WSJT-X 3.0.2; binary SHA256 9e3c2fc14f63c4b4c4e9fcc33b386cd22daf8fe76ce724c5e37f07875e9a3dd9,"0000 -28  0.0  10.140200  0  K1ABC FN42 33 
<DecodeFinished>",
-28.0,1.0,37,2026092537,1,K1ABC FN42 33,-28,0,10.140200,0.06273760100157233,0,official WSJT-X 3.0.2; binary SHA256 9e3c2fc14f63c4b4c4e9fcc33b386cd22daf8fe76ce724c5e37f07875e9a3dd9,"0000 -28  0.0  10.140200  0  K1ABC FN42 33 
<DecodeFinished>",
-28.0,1.0,36,2026092536,1,K1ABC FN42 33,-28,0,10.140200,0.06493625800067093,0,official WSJT-X 3.0.2; binary SHA256 9e3c2fc14f63c4b4c4e9fcc33b386cd22daf8fe76ce724c5e37f07875e9a3dd9,"0000 -28  0.0  10.140200  0  K1ABC FN42 33 
<DecodeFinished>",
-28.0,1.0,41,2026092541,1,K1ABC FN42 33,-28,0,10.140200,0.06366015899948252,0,official WSJT-X 3.0.2; binary SHA256 9e3c2fc14f63c4b4c4e9fcc33b386cd22daf8fe76ce724c5e37f07875e9a3dd9,"0000 -28  0.1  10.140200  0  K1ABC FN42 33 
<DecodeFinished>",
-28.0,1.0,40,2026092540,1,K1ABC FN42 33,-28,0,10.140200,0.06376984599955904,0,official WSJT-X 3.0.2; binary SHA256 9e3c2fc14f63c4b4c4e9fcc33b386cd22daf8fe76ce724c5e37f07875e9a3dd9,"0000 -28 -0.1  10.140200  0  K1ABC FN42 33 
<DecodeFinished>",
-28.0,1.0,39,2026092539,1,K1ABC FN42 33,-28,0,10.140200,0.0656479909994232,0,official WSJT-X 3.0.2; binary SHA256 9e3c2fc14f63c4b4c4e9fcc33b386cd22daf8fe76ce724c5e37f07875e9a3dd9,"0000 -28 -0.0  10.140200  0  K1ABC FN42 33 
<DecodeFinished>",
-28.0,1.0,42,2026092542,1,K1ABC FN42 33,-28,0,10.140200,0.06442853400039894,0,official WSJT-X 3.0.2; binary SHA256 9e3c2fc14f63c4b4c4e9fcc33b386cd22daf8fe76ce724c5e37f07875e9a3dd9,"0000 -28 -0.0  10.140200  0  K1ABC FN42 33 
<DecodeFinished>",
-28.0,1.0,45,2026092545,1,K1ABC FN42 33,-28,0,10.140200,0.05861378600093303,0,official WSJT-X 3.0.2; binary SHA256 9e3c2fc14f63c4b4c4e9fcc33b386cd22daf8fe76ce724c5e37f07875e9a3dd9,"0000 -28  0.0  10.140200  0  K1ABC FN42 33 
<DecodeFinished>",
-28.0,1.0,43,2026092543,1,K1ABC FN42 33,-27,0,10.140200,0.06129249100013112,0,official WSJT-X 3.0.2; binary SHA256 9e3c2fc14f63c4b4c4e9fcc33b386cd22daf8fe76ce724c5e37f07875e9a3dd9,"0000 -27 -0.1  10.140200  0  K1ABC FN42 33 
<DecodeFinished>",
-28.0,1.0,44,2026092544,1,K1ABC FN42 33,-28,1,10.140200,0.06168929599880357,0,official WSJT-X 3.0.2; binary SHA256 9e3c2fc14f63c4b4c4e9fcc33b386cd22daf8fe76ce724c5e37f07875e9a3dd9,"0000 -28 -0.0  10.140200  1  K1ABC FN42 33 
<DecodeFinished>",
-28.0,1.0,46,2026092546,1,K1ABC FN42 33,-28,0,10.140200,0.06813010199948621,0,official WSJT-X 3.0.2; binary SHA256 9e3c2fc14f63c4b4c4e9fcc33b386cd22daf8fe76ce724c5e37f07875e9a3dd9,"0000 -28  0.0  10.140200  0  K1ABC FN42 33 
<DecodeFinished>",
-28.0,1.0,49,2026092549,1,K1ABC FN42 33,-28,0,10.140200,0.06771556400053669,0,official WSJT-X 3.0.2; binary SHA256 9e3c2fc14f63c4b4c4e9fcc33b386cd22daf8fe76ce724c5e37f07875e9a3dd9,"0000 -28 -0.0  10.140200  0  K1ABC FN42 33 
<DecodeFinished>",
-28.0,1.0,50,2026092550,1,K1ABC FN42 33,-28,0,10.140200,0.06188947400005418,0,official WSJT-X 3.0.2; binary SHA256 9e3c2fc14f63c4b4c4e9fcc33b386cd22daf8fe76ce724c5e37f07875e9a3dd9,"0000 -28 -0.1  10.140200  0  K1ABC FN42 33 
<DecodeFinished>",
-28.0,1.0,47,2026092547,1,K1ABC FN42 33,-28,0,10.140200,0.07389671600139991,0,official WSJT-X 3.0.2; binary SHA256 9e3c2fc14f63c4b4c4e9fcc33b386cd22daf8fe76ce724c5e37f07875e9a3dd9,"0000 -28  0.1  10.140200  0  K1ABC FN42 33 
<DecodeFinished>",
-28.0,1.0,48,2026092548,1,K1ABC FN42 33,-28,0,10.140200,0.07522176699967531,0,official WSJT-X 3.0.2; binary SHA256 9e3c2fc14f63c4b4c4e9fcc33b386cd22daf8fe76ce724c5e37f07875e9a3dd9,"0000 -28 -0.1  10.140200  0  K1ABC FN42 33 
<DecodeFinished>",
-28.0,1.0,53,2026092553,1,K1ABC FN42 33,-28,0,10.140200,0.07035507100044924,0,official WSJT-X 3.0.2; binary SHA256 9e3c2fc14f63c4b4c4e9fcc33b386cd22daf8fe76ce724c5e37f07875e9a3dd9,"0000 -28 -0.0  10.140200  0  K1ABC FN42 33 
<DecodeFinished>",
-28.0,1.0,54,2026092554,1,K1ABC FN42 33,-28,0,10.140200,0.06758512099986547,0,official WSJT-X 3.0.2; binary SHA256 9e3c2fc14f63c4b4c4e9fcc33b386cd22daf8fe76ce724c5e37f07875e9a3dd9,"0000 -28 -0.1  10.140200  0  K1ABC FN42 33 
<DecodeFinished>",
-28.0,1.0,52,2026092552,1,K1ABC FN42 33,-28,0,10.140200,0.07620470500114607,0,official WSJT-X 3.0.2; binary SHA256 9e3c2fc14f63c4b4c4e9fcc33b386cd22daf8fe76ce724c5e37f07875e9a3dd9,"0000 -28 -0.1  10.140200  0  K1ABC FN42 33 
<DecodeFinished>",
-28.0,1.0,51,2026092551,1,K1ABC FN42 33,-28,0,10.140200,0.08090050199825782,0,official WSJT-X 3.0.2; binary SHA256 9e3c2fc14f63c4b4c4e9fcc33b386cd22daf8fe76ce724c5e37f07875e9a3dd9,"0000 -28 -0.0  10.140200  0  K1ABC FN42 33 
<DecodeFinished>",
-28.0,1.0,57,2026092557,1,K1ABC FN42 33,-28,0,10.140200,0.06382337500144786,0,official WSJT-X 3.0.2; binary SHA256 9e3c2fc14f63c4b4c4e9fcc33b386cd22daf8fe76ce724c5e37f07875e9a3dd9,"0000 -28 -0.0  10.140200  0  K1ABC FN42 33 
<DecodeFinished>",
-28.0,1.0,58,2026092558,1,K1ABC FN42 33,-28,0,10.140200,0.06356550499913283,0,official WSJT-X 3.0.2; binary SHA256 9e3c2fc14f63c4b4c4e9fcc33b386cd22daf8fe76ce724c5e37f07875e9a3dd9,"0000 -28  0.0  10.140200  0  K1ABC FN42 33 
<DecodeFinished>",
-28.0,1.0,55,2026092555,1,K1ABC FN42 33,-28,0,10.140200,0.07028980299946852,0,official WSJT-X 3.0.2; binary SHA256 9e3c2fc14f63c4b4c4e9fcc33b386cd22daf8fe76ce724c5e37f07875e9a3dd9,"0000 -28  0.0  10.140200  0  K1ABC FN42 33 
<DecodeFinished>",
-28.0,1.0,56,2026092556,1,K1ABC FN42 33,-28,1,10.140200,0.07377435299895296,0,official WSJT-X 3.0.2; binary SHA256 9e3c2fc14f63c4b4c4e9fcc33b386cd22daf8fe76ce724c5e37f07875e9a3dd9,"0000 -28 -0.1  10.140200  1  K1ABC FN42 33 
<DecodeFinished>",
-28.0,1.0,60,2026092560,1,K1ABC FN42 33,-28,0,10.140200,0.06647354800043104,0,official WSJT-X 3.0.2; binary SHA256 9e3c2fc14f63c4b4c4e9fcc33b386cd22daf8fe76ce724c5e37f07875e9a3dd9,"0000 -28  0.1  10.140200  0  K1ABC FN42 33 
<DecodeFinished>",
-28.0,1.0,61,2026092561,1,K1ABC FN42 33,-28,1,10.140200,0.0662489149999601,0,official WSJT-X 3.0.2; binary SHA256 9e3c2fc14f63c4b4c4e9fcc33b386cd22daf8fe76ce724c5e37f07875e9a3dd9,"0000 -28  0.0  10.140200  1  K1ABC FN42 33 
<DecodeFinished>",
-28.0,1.0,62,2026092562,1,K1ABC FN42 33,-29,0,10.140200,0.06291202899956261,0,official WSJT-X 3.0.2; binary SHA256 9e3c2fc14f63c4b4c4e9fcc33b386cd22daf8fe76ce724c5e37f07875e9a3dd9,"0000 -29  0.1  10.140200  0  K1ABC FN42 33 
<DecodeFinished>",
-28.0,1.0,59,2026092559,1,K1ABC FN42 33,-27,0,10.140200,0.07074970400026359,0,official WSJT-X 3.0.2; binary SHA256 9e3c2fc14f63c4b4c4e9fcc33b386cd22daf8fe76ce724c5e37f07875e9a3dd9,"0000 -27 -0.1  10.140200  0  K1ABC FN42 33 
<DecodeFinished>",
-28.0,1.0,63,2026092563,1,K1ABC FN42 33,-28,0,10.140200,0.06617943300079787,0,official WSJT-X 3.0.2; binary SHA256 9e3c2fc14f63c4b4c4e9fcc33b386cd22daf8fe76ce724c5e37f07875e9a3dd9,"0000 -28 -0.0  10.140200  0  K1ABC FN42 33 
<DecodeFinished>",
-28.0,1.0,65,2026092565,1,K1ABC FN42 33,-28,0,10.140200,0.06572995699934836,0,official WSJT-X 3.0.2; binary SHA256 9e3c2fc14f63c4b4c4e9fcc33b386cd22daf8fe76ce724c5e37f07875e9a3dd9,"0000 -28 -0.0  10.140200  0  K1ABC FN42 33 
<DecodeFinished>",
-28.0,1.0,66,2026092566,1,K1ABC FN42 33,-27,0,10.140200,0.06385830699946382,0,official WSJT-X 3.0.2; binary SHA256 9e3c2fc14f63c4b4c4e9fcc33b386cd22daf8fe76ce724c5e37f07875e9a3dd9,"0000 -27 -0.0  10.140200  0  K1ABC FN42 33 
<DecodeFinished>",
-28.0,1.0,64,2026092564,1,K1ABC FN42 33,-29,0,10.140200,0.07715069400001084,0,official WSJT-X 3.0.2; binary SHA256 9e3c2fc14f63c4b4c4e9fcc33b386cd22daf8fe76ce724c5e37f07875e9a3dd9,"0000 -29  0.1  10.140200  0  K1ABC FN42 33 
<DecodeFinished>",
-28.0,1.0,68,2026092568,1,K1ABC FN42 33,-28,0,10.140200,0.06709104999936244,0,official WSJT-X 3.0.2; binary SHA256 9e3c2fc14f63c4b4c4e9fcc33b386cd22daf8fe76ce724c5e37f07875e9a3dd9,"0000 -28  0.0  10.140200  0  K1ABC FN42 33 
<DecodeFinished>",
-28.0,1.0,67,2026092567,1,K1ABC FN42 33,-28,0,10.140200,0.06711626300057105,0,official WSJT-X 3.0.2; binary SHA256 9e3c2fc14f63c4b4c4e9fcc33b386cd22daf8fe76ce724c5e37f07875e9a3dd9,"0000 -28 -0.0  10.140200  0  K1ABC FN42 33 
<DecodeFinished>",
-28.0,1.0,69,2026092569,1,K1ABC FN42 33,-28,0,10.140200,0.06746424300035869,0,official WSJT-X 3.0.2; binary SHA256 9e3c2fc14f63c4b4c4e9fcc33b386cd22daf8fe76ce724c5e37f07875e9a3dd9,"0000 -28  0.1  10.140200  0  K1ABC FN42 33 
<DecodeFinished>",
-28.0,1.0,70,2026092570,1,K1ABC FN42 33,-28,0,10.140200,0.06807172699882358,0,official WSJT-X 3.0.2; binary SHA256 9e3c2fc14f63c4b4c4e9fcc33b386cd22daf8fe76ce724c5e37f07875e9a3dd9,"0000 -28 -0.0  10.140200  0  K1ABC FN42 33 
<DecodeFinished>",
-28.0,1.0,72,2026092572,1,K1ABC FN42 33,-28,0,10.140200,0.06747648499913339,0,official WSJT-X 3.0.2; binary SHA256 9e3c2fc14f63c4b4c4e9fcc33b386cd22daf8fe76ce724c5e37f07875e9a3dd9,"0000 -28  0.0  10.140200  0  K1ABC FN42 33 
<DecodeFinished>",
-28.0,1.0,71,2026092571,1,K1ABC FN42 33,-28,0,10.140200,0.0688588239991077,0,official WSJT-X 3.0.2; binary SHA256 9e3c2fc14f63c4b4c4e9fcc33b386cd22daf8fe76ce724c5e37f07875e9a3dd9,"0000 -28 -0.1  10.140200  0  K1ABC FN42 33 
<DecodeFinished>",
-28.0,1.0,74,2026092574,1,K1ABC FN42 33,-28,0,10.140200,0.056959706998895854,0,official WSJT-X 3.0.2; binary SHA256 9e3c2fc14f63c4b4c4e9fcc33b386cd22daf8fe76ce724c5e37f07875e9a3dd9,"0000 -28  0.0  10.140200  0  K1ABC FN42 33 
<DecodeFinished>",
-28.0,1.0,73,2026092573,1,K1ABC FN42 33,-27,0,10.140200,0.0783304609994957,0,official WSJT-X 3.0.2; binary SHA256 9e3c2fc14f63c4b4c4e9fcc33b386cd22daf8fe76ce724c5e37f07875e9a3dd9,"0000 -27 -0.1  10.140200  0  K1ABC FN42 33 
<DecodeFinished>",
-28.0,1.0,78,2026092578,1,K1ABC FN42 33,-28,0,10.140200,0.056914160999440355,0,official WSJT-X 3.0.2; binary SHA256 9e3c2fc14f63c4b4c4e9fcc33b386cd22daf8fe76ce724c5e37f07875e9a3dd9,"0000 -28 -0.1  10.140200  0  K1ABC FN42 33 
<DecodeFinished>",
-28.0,1.0,77,2026092577,1,K1ABC FN42 33,-28,0,10.140200,0.06762550199891848,0,official WSJT-X 3.0.2; binary SHA256 9e3c2fc14f63c4b4c4e9fcc33b386cd22daf8fe76ce724c5e37f07875e9a3dd9,"0000 -28 -0.1  10.140200  0  K1ABC FN42 33 
<DecodeFinished>",
-28.0,1.0,76,2026092576,1,K1ABC FN42 33,-28,0,10.140200,0.06872163700063538,0,official WSJT-X 3.0.2; binary SHA256 9e3c2fc14f63c4b4c4e9fcc33b386cd22daf8fe76ce724c5e37f07875e9a3dd9,"0000 -28  0.0  10.140200  0  K1ABC FN42 33 
<DecodeFinished>",
-28.0,1.0,75,2026092575,1,K1ABC FN42 33,-28,0,10.140200,0.08203302400033863,0,official WSJT-X 3.0.2; binary SHA256 9e3c2fc14f63c4b4c4e9fcc33b386cd22daf8fe76ce724c5e37f07875e9a3dd9,"0000 -28 -0.1  10.140200  0  K1ABC FN42 33 
<DecodeFinished>",
-28.0,1.0,80,2026092580,1,K1ABC FN42 33,-28,0,10.140200,0.06874547400002484,0,official WSJT-X 3.0.2; binary SHA256 9e3c2fc14f63c4b4c4e9fcc33b386cd22daf8fe76ce724c5e37f07875e9a3dd9,"0000 -28 -0.1  10.140200  0  K1ABC FN42 33 
<DecodeFinished>",
-28.0,1.0,79,2026092579,1,K1ABC FN42 33,-29,0,10.140200,0.06951057699916419,0,official WSJT-X 3.0.2; binary SHA256 9e3c2fc14f63c4b4c4e9fcc33b386cd22daf8fe76ce724c5e37f07875e9a3dd9,"0000 -29  0.0  10.140200  0  K1ABC FN42 33 
<DecodeFinished>",
-28.0,1.0,81,2026092581,1,K1ABC FN42 33,-28,0,10.140200,0.0695725699988543,0,official WSJT-X 3.0.2; binary SHA256 9e3c2fc14f63c4b4c4e9fcc33b386cd22daf8fe76ce724c5e37f07875e9a3dd9,"0000 -28  0.0  10.140200  0  K1ABC FN42 33 
<DecodeFinished>",
-28.0,1.0,82,2026092582,1,K1ABC FN42 33,-28,0,10.140200,0.059566476000327384,0,official WSJT-X 3.0.2; binary SHA256 9e3c2fc14f63c4b4c4e9fcc33b386cd22daf8fe76ce724c5e37f07875e9a3dd9,"0000 -28  0.1  10.140200  0  K1ABC FN42 33 
<DecodeFinished>",
-28.0,1.0,84,2026092584,1,K1ABC FN42 33,-28,0,10.140200,0.0685667130001093,0,official WSJT-X 3.0.2; binary SHA256 9e3c2fc14f63c4b4c4e9fcc33b386cd22daf8fe76ce724c5e37f07875e9a3dd9,"0000 -28 -0.1  10.140200  0  K1ABC FN42 33 
<DecodeFinished>",
-28.0,1.0,86,2026092586,1,K1ABC FN42 33,-28,0,10.140200,0.06625898399943253,0,official WSJT-X 3.0.2; binary SHA256 9e3c2fc14f63c4b4c4e9fcc33b386cd22daf8fe76ce724c5e37f07875e9a3dd9,"0000 -28  0.0  10.140200  0  K1ABC FN42 33 
<DecodeFinished>",
-28.0,1.0,83,2026092583,1,K1ABC FN42 33,-28,0,10.140200,0.07238375000088126,0,official WSJT-X 3.0.2; binary SHA256 9e3c2fc14f63c4b4c4e9fcc33b386cd22daf8fe76ce724c5e37f07875e9a3dd9,"0000 -28 -0.0  10.140200  0  K1ABC FN42 33 
<DecodeFinished>",
-28.0,1.0,85,2026092585,1,K1ABC FN42 33,-28,0,10.140200,0.07207852500141598,0,official WSJT-X 3.0.2; binary SHA256 9e3c2fc14f63c4b4c4e9fcc33b386cd22daf8fe76ce724c5e37f07875e9a3dd9,"0000 -28 -0.0  10.140200  0  K1ABC FN42 33 
<DecodeFinished>",
-28.0,1.0,87,2026092587,1,K1ABC FN42 33,-28,0,10.140200,0.06522742500055756,0,official WSJT-X 3.0.2; binary SHA256 9e3c2fc14f63c4b4c4e9fcc33b386cd22daf8fe76ce724c5e37f07875e9a3dd9,"0000 -28 -0.0  10.140200  0  K1ABC FN42 33 
<DecodeFinished>",
-28.0,1.0,90,2026092590,1,K1ABC FN42 33,-28,0,10.140200,0.061200715999802924,0,official WSJT-X 3.0.2; binary SHA256 9e3c2fc14f63c4b4c4e9fcc33b386cd22daf8fe76ce724c5e37f07875e9a3dd9,"0000 -28 -0.1  10.140200  0  K1ABC FN42 33 
<DecodeFinished>",
-28.0,1.0,89,2026092589,1,K1ABC FN42 33,-28,0,10.140200,0.0634495189988229,0,official WSJT-X 3.0.2; binary SHA256 9e3c2fc14f63c4b4c4e9fcc33b386cd22daf8fe76ce724c5e37f07875e9a3dd9,"0000 -28 -0.1  10.140200  0  K1ABC FN42 33 
<DecodeFinished>",
-28.0,1.0,88,2026092588,1,K1ABC FN42 33,-28,0,10.140200,0.06692616100008308,0,official WSJT-X 3.0.2; binary SHA256 9e3c2fc14f63c4b4c4e9fcc33b386cd22daf8fe76ce724c5e37f07875e9a3dd9,"0000 -28 -0.0  10.140200  0  K1ABC FN42 33 
<DecodeFinished>",
-28.0,1.0,93,2026092593,1,K1ABC FN42 33,-28,0,10.140200,0.06576313799996569,0,official WSJT-X 3.0.2; binary SHA256 9e3c2fc14f63c4b4c4e9fcc33b386cd22daf8fe76ce724c5e37f07875e9a3dd9,"0000 -28 -0.0  10.140200  0  K1ABC FN42 33 
<DecodeFinished>",
-28.0,1.0,92,2026092592,1,K1ABC FN42 33,-28,0,10.140200,0.06643210200127214,0,official WSJT-X 3.0.2; binary SHA256 9e3c2fc14f63c4b4c4e9fcc33b386cd22daf8fe76ce724c5e37f07875e9a3dd9,"0000 -28  0.0  10.140200  0  K1ABC FN42 33 
<DecodeFinished>",
-28.0,1.0,94,2026092594,1,K1ABC FN42 33,-28,1,10.140200,0.06548470199959411,0,official WSJT-X 3.0.2; binary SHA256 9e3c2fc14f63c4b4c4e9fcc33b386cd22daf8fe76ce724c5e37f07875e9a3dd9,"0000 -28 -0.1  10.140200  1  K1ABC FN42 33 
<DecodeFinished>",
-28.0,1.0,91,2026092591,1,K1ABC FN42 33,-28,0,10.140200,0.08289453799989133,0,official WSJT-X 3.0.2; binary SHA256 9e3c2fc14f63c4b4c4e9fcc33b386cd22daf8fe76ce724c5e37f07875e9a3dd9,"0000 -28 -0.1  10.140200  0  K1ABC FN42 33 
<DecodeFinished>",
-28.0,1.0,96,2026092596,1,K1ABC FN42 33,-28,0,10.140200,0.06683897900074953,0,official WSJT-X 3.0.2; binary SHA256 9e3c2fc14f63c4b4c4e9fcc33b386cd22daf8fe76ce724c5e37f07875e9a3dd9,"0000 -28 -0.1  10.140200  0  K1ABC FN42 33 
<DecodeFinished>",
-28.0,1.0,95,2026092595,1,K1ABC FN42 33,-28,0,10.140200,0.06687819400031003,0,official WSJT-X 3.0.2; binary SHA256 9e3c2fc14f63c4b4c4e9fcc33b386cd22daf8fe76ce724c5e37f07875e9a3dd9,"0000 -28  0.0  10.140200  0  K1ABC FN42 33 
<DecodeFinished>",
-28.0,1.0,98,2026092598,1,K1ABC FN42 33,-29,0,10.140200,0.05159020499922917,0,official WSJT-X 3.0.2; binary SHA256 9e3c2fc14f63c4b4c4e9fcc33b386cd22daf8fe76ce724c5e37f07875e9a3dd9,"0000 -29 -0.1  10.140200  0  K1ABC FN42 33 
<DecodeFinished>",
-28.0,1.0,97,2026092597,1,K1ABC FN42 33,-29,0,10.140200,0.06858105799983605,0,official WSJT-X 3.0.2; binary SHA256 9e3c2fc14f63c4b4c4e9fcc33b386cd22daf8fe76ce724c5e37f07875e9a3dd9,"0000 -29  0.0  10.140200  0  K1ABC FN42 33 
<DecodeFinished>",
-28.0,1.0,99,2026092599,1,K1ABC FN42 33,-28,0,10.140200,0.07742627500010713,0,official WSJT-X 3.0.2; binary SHA256 9e3c2fc14f63c4b4c4e9fcc33b386cd22daf8fe76ce724c5e37f07875e9a3dd9,"0000 -28 -0.0  10.140200  0  K1ABC FN42 33 
<DecodeFinished>",
-28.0,-1.0,2,2026092502,1,K1ABC FN42 33,-28,0,10.140200,0.07492504500078212,0,official WSJT-X 3.0.2; binary SHA256 9e3c2fc14f63c4b4c4e9fcc33b386cd22daf8fe76ce724c5e37f07875e9a3dd9,"0000 -28  0.1  10.140200  0  K1ABC FN42 33 
<DecodeFinished>",
-28.0,-1.0,1,2026092501,1,K1ABC FN42 33,-28,0,10.140200,0.07800179900004878,0,official WSJT-X 3.0.2; binary SHA256 9e3c2fc14f63c4b4c4e9fcc33b386cd22daf8fe76ce724c5e37f07875e9a3dd9,"0000 -28 -0.0  10.140200  0  K1ABC FN42 33 
<DecodeFinished>",
-28.0,-1.0,0,2026092500,1,K1ABC FN42 33,-29,0,10.140200,0.08805740600109857,0,official WSJT-X 3.0.2; binary SHA256 9e3c2fc14f63c4b4c4e9fcc33b386cd22daf8fe76ce724c5e37f07875e9a3dd9,"0000 -29 -0.0  10.140200  0  K1ABC FN42 33 
<DecodeFinished>",
-28.0,-1.0,6,2026092506,1,K1ABC FN42 33,-28,0,10.140200,0.06121344899838732,0,official WSJT-X 3.0.2; binary SHA256 9e3c2fc14f63c4b4c4e9fcc33b386cd22daf8fe76ce724c5e37f07875e9a3dd9,"0000 -28  0.0  10.140200  0  K1ABC FN42 33 
<DecodeFinished>",
-28.0,-1.0,4,2026092504,1,K1ABC FN42 33,-28,0,10.140200,0.07179367100070522,0,official WSJT-X 3.0.2; binary SHA256 9e3c2fc14f63c4b4c4e9fcc33b386cd22daf8fe76ce724c5e37f07875e9a3dd9,"0000 -28 -0.1  10.140200  0  K1ABC FN42 33 
<DecodeFinished>",
-28.0,-1.0,3,2026092503,1,K1ABC FN42 33,-28,0,10.140200,0.07205576799970004,0,official WSJT-X 3.0.2; binary SHA256 9e3c2fc14f63c4b4c4e9fcc33b386cd22daf8fe76ce724c5e37f07875e9a3dd9,"0000 -28 -0.1  10.140200  0  K1ABC FN42 33 
<DecodeFinished>",
-28.0,-1.0,5,2026092505,1,K1ABC FN42 33,-27,0,10.140200,0.0730374100003246,0,official WSJT-X 3.0.2; binary SHA256 9e3c2fc14f63c4b4c4e9fcc33b386cd22daf8fe76ce724c5e37f07875e9a3dd9,"0000 -27  0.0  10.140200  0  K1ABC FN42 33 
<DecodeFinished>",
-28.0,-1.0,9,2026092509,1,K1ABC FN42 33,-28,0,10.140200,0.06938103900029091,0,official WSJT-X 3.0.2; binary SHA256 9e3c2fc14f63c4b4c4e9fcc33b386cd22daf8fe76ce724c5e37f07875e9a3dd9,"0000 -28 -0.0  10.140200  0  K1ABC FN42 33 
<DecodeFinished>",
-28.0,-1.0,7,2026092507,1,K1ABC FN42 33,-28,0,10.140200,0.06966727299914055,0,official WSJT-X 3.0.2; binary SHA256 9e3c2fc14f63c4b4c4e9fcc33b386cd22daf8fe76ce724c5e37f07875e9a3dd9,"0000 -28 -0.0  10.140200  0  K1ABC FN42 33 
<DecodeFinished>",
-28.0,-1.0,10,2026092510,1,K1ABC FN42 33,-28,0,10.140200,0.06808993500089855,0,official WSJT-X 3.0.2; binary SHA256 9e3c2fc14f63c4b4c4e9fcc33b386cd22daf8fe76ce724c5e37f07875e9a3dd9,"0000 -28  0.1  10.140200  0  K1ABC FN42 33 
<DecodeFinished>",
-28.0,-1.0,8,2026092508,1,K1ABC FN42 33,-28,0,10.140200,0.07472541599963733,0,official WSJT-X 3.0.2; binary SHA256 9e3c2fc14f63c4b4c4e9fcc33b386cd22daf8fe76ce724c5e37f07875e9a3dd9,"0000 -28 -0.0  10.140200  0  K1ABC FN42 33 
<DecodeFinished>",
-28.0,-1.0,12,2026092512,1,K1ABC FN42 33,-28,0,10.140200,0.06845528899975761,0,official WSJT-X 3.0.2; binary SHA256 9e3c2fc14f63c4b4c4e9fcc33b386cd22daf8fe76ce724c5e37f07875e9a3dd9,"0000 -28  0.1  10.140200  0  K1ABC FN42 33 
<DecodeFinished>",
-28.0,-1.0,11,2026092511,1,K1ABC FN42 33,-28,0,10.140200,0.069107155999518,0,official WSJT-X 3.0.2; binary SHA256 9e3c2fc14f63c4b4c4e9fcc33b386cd22daf8fe76ce724c5e37f07875e9a3dd9,"0000 -28  0.1  10.140200  0  K1ABC FN42 33 
<DecodeFinished>",
-28.0,-1.0,14,2026092514,1,K1ABC FN42 33,-28,0,10.140200,0.0641315590000886,0,official WSJT-X 3.0.2; binary SHA256 9e3c2fc14f63c4b4c4e9fcc33b386cd22daf8fe76ce724c5e37f07875e9a3dd9,"0000 -28 -0.1  10.140200  0  K1ABC FN42 33 
<DecodeFinished>",
-28.0,-1.0,13,2026092513,1,K1ABC FN42 33,-28,0,10.140200,0.07618603399896529,0,official WSJT-X 3.0.2; binary SHA256 9e3c2fc14f63c4b4c4e9fcc33b386cd22daf8fe76ce724c5e37f07875e9a3dd9,"0000 -28  0.0  10.140200  0  K1ABC FN42 33 
<DecodeFinished>",
-28.0,-1.0,18,2026092518,1,K1ABC FN42 33,-28,0,10.140200,0.06019840899898554,0,official WSJT-X 3.0.2; binary SHA256 9e3c2fc14f63c4b4c4e9fcc33b386cd22daf8fe76ce724c5e37f07875e9a3dd9,"0000 -28 -0.1  10.140200  0  K1ABC FN42 33 
<DecodeFinished>",
-28.0,-1.0,15,2026092515,1,K1ABC FN42 33,-28,0,10.140200,0.06935763699948438,0,official WSJT-X 3.0.2; binary SHA256 9e3c2fc14f63c4b4c4e9fcc33b386cd22daf8fe76ce724c5e37f07875e9a3dd9,"0000 -28  0.0  10.140200  0  K1ABC FN42 33 
<DecodeFinished>",
-28.0,-1.0,17,2026092517,1,K1ABC FN42 33,-28,0,10.140200,0.07049193499915418,0,official WSJT-X 3.0.2; binary SHA256 9e3c2fc14f63c4b4c4e9fcc33b386cd22daf8fe76ce724c5e37f07875e9a3dd9,"0000 -28 -0.0  10.140200  0  K1ABC FN42 33 
<DecodeFinished>",
-28.0,-1.0,16,2026092516,1,K1ABC FN42 33,-28,0,10.140200,0.07994325999970897,0,official WSJT-X 3.0.2; binary SHA256 9e3c2fc14f63c4b4c4e9fcc33b386cd22daf8fe76ce724c5e37f07875e9a3dd9,"0000 -28  0.0  10.140200  0  K1ABC FN42 33 
<DecodeFinished>",
-28.0,-1.0,20,2026092520,1,K1ABC FN42 33,-27,0,10.140200,0.06767458200010878,0,official WSJT-X 3.0.2; binary SHA256 9e3c2fc14f63c4b4c4e9fcc33b386cd22daf8fe76ce724c5e37f07875e9a3dd9,"0000 -27 -0.0  10.140200  0  K1ABC FN42 33 
<DecodeFinished>",
-28.0,-1.0,22,2026092522,1,K1ABC FN42 33,-28,0,10.140200,0.056540945999586256,0,official WSJT-X 3.0.2; binary SHA256 9e3c2fc14f63c4b4c4e9fcc33b386cd22daf8fe76ce724c5e37f07875e9a3dd9,"0000 -28  0.1  10.140200  0  K1ABC FN42 33 
<DecodeFinished>",
-28.0,-1.0,21,2026092521,1,K1ABC FN42 33,-28,0,10.140200,0.06587285499881546,0,official WSJT-X 3.0.2; binary SHA256 9e3c2fc14f63c4b4c4e9fcc33b386cd22daf8fe76ce724c5e37f07875e9a3dd9,"0000 -28  0.1  10.140200  0  K1ABC FN42 33 
<DecodeFinished>",
-28.0,-1.0,19,2026092519,1,K1ABC FN42 33,-29,0,10.140200,0.07001421800123353,0,official WSJT-X 3.0.2; binary SHA256 9e3c2fc14f63c4b4c4e9fcc33b386cd22daf8fe76ce724c5e37f07875e9a3dd9,"0000 -29  0.1  10.140200  0  K1ABC FN42 33 
<DecodeFinished>",
-28.0,-1.0,23,2026092523,1,K1ABC FN42 33,-28,0,10.140200,0.06738424300056067,0,official WSJT-X 3.0.2; binary SHA256 9e3c2fc14f63c4b4c4e9fcc33b386cd22daf8fe76ce724c5e37f07875e9a3dd9,"0000 -28 -0.1  10.140200  0  K1ABC FN42 33 
<DecodeFinished>",
-28.0,-1.0,24,2026092524,1,K1ABC FN42 33,-27,0,10.140200,0.06777535900073417,0,official WSJT-X 3.0.2; binary SHA256 9e3c2fc14f63c4b4c4e9fcc33b386cd22daf8fe76ce724c5e37f07875e9a3dd9,"0000 -27  0.0  10.140200  0  K1ABC FN42 33 
<DecodeFinished>",
-28.0,-1.0,25,2026092525,1,K1ABC FN42 33,-28,-1,10.140200,0.06798806299957505,0,official WSJT-X 3.0.2; binary SHA256 9e3c2fc14f63c4b4c4e9fcc33b386cd22daf8fe76ce724c5e37f07875e9a3dd9,"0000 -28 -0.1  10.140200 -1  K1ABC FN42 33 
<DecodeFinished>",
-28.0,-1.0,26,2026092526,1,K1ABC FN42 33,-27,0,10.140200,0.06834570700084441,0,official WSJT-X 3.0.2; binary SHA256 9e3c2fc14f63c4b4c4e9fcc33b386cd22daf8fe76ce724c5e37f07875e9a3dd9,"0000 -27 -0.1  10.140200  0  K1ABC FN42 33 
<DecodeFinished>",
-28.0,-1.0,28,2026092528,1,K1ABC FN42 33,-28,0,10.140200,0.06559734799884609,0,official WSJT-X 3.0.2; binary SHA256 9e3c2fc14f63c4b4c4e9fcc33b386cd22daf8fe76ce724c5e37f07875e9a3dd9,"0000 -28  0.0  10.140200  0  K1ABC FN42 33 
<DecodeFinished>",
-28.0,-1.0,27,2026092527,1,K1ABC FN42 33,-28,0,10.140200,0.0681530380006734,0,official WSJT-X 3.0.2; binary SHA256 9e3c2fc14f63c4b4c4e9fcc33b386cd22daf8fe76ce724c5e37f07875e9a3dd9,"0000 -28  0.1  10.140200  0  K1ABC FN42 33 
<DecodeFinished>",
-28.0,-1.0,30,2026092530,1,K1ABC FN42 33,-28,0,10.140200,0.06588343499970506,0,official WSJT-X 3.0.2; binary SHA256 9e3c2fc14f63c4b4c4e9fcc33b386cd22daf8fe76ce724c5e37f07875e9a3dd9,"0000 -28  0.0  10.140200  0  K1ABC FN42 33 
<DecodeFinished>",
-28.0,-1.0,29,2026092529,1,K1ABC FN42 33,-28,0,10.140200,0.06983363800100051,0,official WSJT-X 3.0.2; binary SHA256 9e3c2fc14f63c4b4c4e9fcc33b386cd22daf8fe76ce724c5e37f07875e9a3dd9,"0000 -28 -0.0  10.140200  0  K1ABC FN42 33 
<DecodeFinished>",
-28.0,-1.0,34,2026092534,1,K1ABC FN42 33,-28,0,10.140200,0.07053731300038635,0,official WSJT-X 3.0.2; binary SHA256 9e3c2fc14f63c4b4c4e9fcc33b386cd22daf8fe76ce724c5e37f07875e9a3dd9,"0000 -28 -0.0  10.140200  0  K1ABC FN42 33 
<DecodeFinished>",
-28.0,-1.0,32,2026092532,1,K1ABC FN42 33,-28,0,10.140200,0.07286855199890852,0,official WSJT-X 3.0.2; binary SHA256 9e3c2fc14f63c4b4c4e9fcc33b386cd22daf8fe76ce724c5e37f07875e9a3dd9,"0000 -28 -0.1  10.140200  0  K1ABC FN42 33 
<DecodeFinished>",
-28.0,-1.0,31,2026092531,1,K1ABC FN42 33,-28,0,10.140200,0.07589588299924799,0,official WSJT-X 3.0.2; binary SHA256 9e3c2fc14f63c4b4c4e9fcc33b386cd22daf8fe76ce724c5e37f07875e9a3dd9,"0000 -28 -0.1  10.140200  0  K1ABC FN42 33 
<DecodeFinished>",
-28.0,-1.0,33,2026092533,1,K1ABC FN42 33,-28,0,10.140200,0.08210621899888793,0,official WSJT-X 3.0.2; binary SHA256 9e3c2fc14f63c4b4c4e9fcc33b386cd22daf8fe76ce724c5e37f07875e9a3dd9,"0000 -28 -0.0  10.140200  0  K1ABC FN42 33 
<DecodeFinished>",
-28.0,-1.0,35,2026092535,1,K1ABC FN42 33,-27,0,10.140200,0.06684057299935375,0,official WSJT-X 3.0.2; binary SHA256 9e3c2fc14f63c4b4c4e9fcc33b386cd22daf8fe76ce724c5e37f07875e9a3dd9,"0000 -27 -0.0  10.140200  0  K1ABC FN42 33 
<DecodeFinished>",
-28.0,-1.0,36,2026092536,1,K1ABC FN42 33,-28,0,10.140200,0.06662520400095673,0,official WSJT-X 3.0.2; binary SHA256 9e3c2fc14f63c4b4c4e9fcc33b386cd22daf8fe76ce724c5e37f07875e9a3dd9,"0000 -28  0.0  10.140200  0  K1ABC FN42 33 
<DecodeFinished>",
-28.0,-1.0,38,2026092538,1,K1ABC FN42 33,-28,0,10.140200,0.057490737999614794,0,official WSJT-X 3.0.2; binary SHA256 9e3c2fc14f63c4b4c4e9fcc33b386cd22daf8fe76ce724c5e37f07875e9a3dd9,"0000 -28  0.0  10.140200  0  K1ABC FN42 33 
<DecodeFinished>",
-28.0,-1.0,37,2026092537,1,K1ABC FN42 33,-28,0,10.140200,0.06874457000049006,0,official WSJT-X 3.0.2; binary SHA256 9e3c2fc14f63c4b4c4e9fcc33b386cd22daf8fe76ce724c5e37f07875e9a3dd9,"0000 -28  0.0  10.140200  0  K1ABC FN42 33 
<DecodeFinished>",
-28.0,-1.0,40,2026092540,1,K1ABC FN42 33,-28,0,10.140200,0.1193504530001519,0,official WSJT-X 3.0.2; binary SHA256 9e3c2fc14f63c4b4c4e9fcc33b386cd22daf8fe76ce724c5e37f07875e9a3dd9,"0000 -28 -0.1  10.140200  0  K1ABC FN42 33 
<DecodeFinished>",
-28.0,-1.0,39,2026092539,1,K1ABC FN42 33,-28,0,10.140200,0.11938936899969121,0,official WSJT-X 3.0.2; binary SHA256 9e3c2fc14f63c4b4c4e9fcc33b386cd22daf8fe76ce724c5e37f07875e9a3dd9,"0000 -28 -0.0  10.140200  0  K1ABC FN42 33 
<DecodeFinished>",
-28.0,-1.0,42,2026092542,1,K1ABC FN42 33,-28,0,10.140200,0.11751828200067393,0,official WSJT-X 3.0.2; binary SHA256 9e3c2fc14f63c4b4c4e9fcc33b386cd22daf8fe76ce724c5e37f07875e9a3dd9,"0000 -28 -0.1  10.140200  0  K1ABC FN42 33 
<DecodeFinished>",
-28.0,-1.0,41,2026092541,1,K1ABC FN42 33,-28,0,10.140200,0.12146717999894463,0,official WSJT-X 3.0.2; binary SHA256 9e3c2fc14f63c4b4c4e9fcc33b386cd22daf8fe76ce724c5e37f07875e9a3dd9,"0000 -28  0.0  10.140200  0  K1ABC FN42 33 
<DecodeFinished>",
-28.0,-1.0,45,2026092545,1,K1ABC FN42 33,-28,0,10.140200,0.06527598899992881,0,official WSJT-X 3.0.2; binary SHA256 9e3c2fc14f63c4b4c4e9fcc33b386cd22daf8fe76ce724c5e37f07875e9a3dd9,"0000 -28 -0.1  10.140200  0  K1ABC FN42 33 
<DecodeFinished>",
-28.0,-1.0,44,2026092544,1,K1ABC FN42 33,-27,0,10.140200,0.06606474799991702,0,official WSJT-X 3.0.2; binary SHA256 9e3c2fc14f63c4b4c4e9fcc33b386cd22daf8fe76ce724c5e37f07875e9a3dd9,"0000 -27 -0.0  10.140200  0  K1ABC FN42 33 
<DecodeFinished>",
-28.0,-1.0,43,2026092543,1,K1ABC FN42 33,-27,-1,10.140200,0.06620912900143594,0,official WSJT-X 3.0.2; binary SHA256 9e3c2fc14f63c4b4c4e9fcc33b386cd22daf8fe76ce724c5e37f07875e9a3dd9,"0000 -27  0.1  10.140200 -1  K1ABC FN42 33 
<DecodeFinished>",
-28.0,-1.0,46,2026092546,1,K1ABC FN42 33,-28,0,10.140200,0.07239670999842929,0,official WSJT-X 3.0.2; binary SHA256 9e3c2fc14f63c4b4c4e9fcc33b386cd22daf8fe76ce724c5e37f07875e9a3dd9,"0000 -28  0.0  10.140200  0  K1ABC FN42 33 
<DecodeFinished>",
-28.0,-1.0,49,2026092549,1,K1ABC FN42 33,-28,0,10.140200,0.068108878998828,0,official WSJT-X 3.0.2; binary SHA256 9e3c2fc14f63c4b4c4e9fcc33b386cd22daf8fe76ce724c5e37f07875e9a3dd9,"0000 -28 -0.0  10.140200  0  K1ABC FN42 33 
<DecodeFinished>",
-28.0,-1.0,50,2026092550,1,K1ABC FN42 33,-28,0,10.140200,0.05979200499859871,0,official WSJT-X 3.0.2; binary SHA256 9e3c2fc14f63c4b4c4e9fcc33b386cd22daf8fe76ce724c5e37f07875e9a3dd9,"0000 -28 -0.0  10.140200  0  K1ABC FN42 33 
<DecodeFinished>",
-28.0,-1.0,48,2026092548,1,K1ABC FN42 33,-28,0,10.140200,0.06864507899990713,0,official WSJT-X 3.0.2; binary SHA256 9e3c2fc14f63c4b4c4e9fcc33b386cd22daf8fe76ce724c5e37f07875e9a3dd9,"0000 -28 -0.1  10.140200  0  K1ABC FN42 33 
<DecodeFinished>",
-28.0,-1.0,47,2026092547,1,K1ABC FN42 33,-28,0,10.140200,0.07038590999945882,0,official WSJT-X 3.0.2; binary SHA256 9e3c2fc14f63c4b4c4e9fcc33b386cd22daf8fe76ce724c5e37f07875e9a3dd9,"0000 -28  0.1  10.140200  0  K1ABC FN42 33 
<DecodeFinished>",
-28.0,-1.0,51,2026092551,1,K1ABC FN42 33,-28,0,10.140200,0.06932431799941696,0,official WSJT-X 3.0.2; binary SHA256 9e3c2fc14f63c4b4c4e9fcc33b386cd22daf8fe76ce724c5e37f07875e9a3dd9,"0000 -28 -0.0  10.140200  0  K1ABC FN42 33 
<DecodeFinished>",
-28.0,-1.0,52,2026092552,1,K1ABC FN42 33,-28,0,10.140200,0.06962747200122976,0,official WSJT-X 3.0.2; binary SHA256 9e3c2fc14f63c4b4c4e9fcc33b386cd22daf8fe76ce724c5e37f07875e9a3dd9,"0000 -28 -0.1  10.140200  0  K1ABC FN42 33 
<DecodeFinished>",
-28.0,-1.0,54,2026092554,1,K1ABC FN42 33,-28,0,10.140200,0.06761419100075727,0,official WSJT-X 3.0.2; binary SHA256 9e3c2fc14f63c4b4c4e9fcc33b386cd22daf8fe76ce724c5e37f07875e9a3dd9,"0000 -28 -0.1  10.140200  0  K1ABC FN42 33 
<DecodeFinished>",
-28.0,-1.0,53,2026092553,1,K1ABC FN42 33,-27,-1,10.140200,0.07285238900112745,0,official WSJT-X 3.0.2; binary SHA256 9e3c2fc14f63c4b4c4e9fcc33b386cd22daf8fe76ce724c5e37f07875e9a3dd9,"0000 -27 -0.1  10.140200 -1  K1ABC FN42 33 
<DecodeFinished>",
-28.0,-1.0,57,2026092557,1,K1ABC FN42 33,-28,0,10.140200,0.06699078600104258,0,official WSJT-X 3.0.2; binary SHA256 9e3c2fc14f63c4b4c4e9fcc33b386cd22daf8fe76ce724c5e37f07875e9a3dd9,"0000 -28 -0.0  10.140200  0  K1ABC FN42 33 
<DecodeFinished>",
-28.0,-1.0,56,2026092556,1,K1ABC FN42 33,-28,0,10.140200,0.06775960899904021,0,official WSJT-X 3.0.2; binary SHA256 9e3c2fc14f63c4b4c4e9fcc33b386cd22daf8fe76ce724c5e37f07875e9a3dd9,"0000 -28 -0.1  10.140200  0  K1ABC FN42 33 
<DecodeFinished>",
-28.0,-1.0,58,2026092558,1,K1ABC FN42 33,-28,0,10.140200,0.0652794729994639,0,official WSJT-X 3.0.2; binary SHA256 9e3c2fc14f63c4b4c4e9fcc33b386cd22daf8fe76ce724c5e37f07875e9a3dd9,"0000 -28  0.1  10.140200  0  K1ABC FN42 33 
<DecodeFinished>",
-28.0,-1.0,55,2026092555,1,K1ABC FN42 33,-28,0,10.140200,0.07743603600101778,0,official WSJT-X 3.0.2; binary SHA256 9e3c2fc14f63c4b4c4e9fcc33b386cd22daf8fe76ce724c5e37f07875e9a3dd9,"0000 -28  0.0  10.140200  0  K1ABC FN42 33 
<DecodeFinished>",
-28.0,-1.0,61,2026092561,1,K1ABC FN42 33,-27,0,10.140200,0.06618432699906407,0,official WSJT-X 3.0.2; binary SHA256 9e3c2fc14f63c4b4c4e9fcc33b386cd22daf8fe76ce724c5e37f07875e9a3dd9,"0000 -27  0.0  10.140200  0  K1ABC FN42 33 
<DecodeFinished>",
-28.0,-1.0,62,2026092562,1,K1ABC FN42 33,-28,0,10.140200,0.05899287899956107,0,official WSJT-X 3.0.2; binary SHA256 9e3c2fc14f63c4b4c4e9fcc33b386cd22daf8fe76ce724c5e37f07875e9a3dd9,"0000 -28  0.1  10.140200  0  K1ABC FN42 33 
<DecodeFinished>",
-28.0,-1.0,60,2026092560,1,K1ABC FN42 33,-28,0,10.140200,0.06851950700001908,0,official WSJT-X 3.0.2; binary SHA256 9e3c2fc14f63c4b4c4e9fcc33b386cd22daf8fe76ce724c5e37f07875e9a3dd9,"0000 -28 -0.1  10.140200  0  K1ABC FN42 33 
<DecodeFinished>",
-28.0,-1.0,59,2026092559,1,K1ABC FN42 33,-27,0,10.140200,0.07054248500026006,0,official WSJT-X 3.0.2; binary SHA256 9e3c2fc14f63c4b4c4e9fcc33b386cd22daf8fe76ce724c5e37f07875e9a3dd9,"0000 -27 -0.1  10.140200  0  K1ABC FN42 33 
<DecodeFinished>",
-28.0,-1.0,66,2026092566,1,K1ABC FN42 33,-28,0,10.140200,0.06149588599873823,0,official WSJT-X 3.0.2; binary SHA256 9e3c2fc14f63c4b4c4e9fcc33b386cd22daf8fe76ce724c5e37f07875e9a3dd9,"0000 -28 -0.0  10.140200  0  K1ABC FN42 33 
<DecodeFinished>",
-28.0,-1.0,63,2026092563,1,K1ABC FN42 33,-28,0,10.140200,0.06435413699909986,0,official WSJT-X 3.0.2; binary SHA256 9e3c2fc14f63c4b4c4e9fcc33b386cd22daf8fe76ce724c5e37f07875e9a3dd9,"0000 -28 -0.0  10.140200  0  K1ABC FN42 33 
<DecodeFinished>",
-28.0,-1.0,65,2026092565,1,K1ABC FN42 33,-28,0,10.140200,0.06384881199846859,0,official WSJT-X 3.0.2; binary SHA256 9e3c2fc14f63c4b4c4e9fcc33b386cd22daf8fe76ce724c5e37f07875e9a3dd9,"0000 -28 -0.0  10.140200  0  K1ABC FN42 33 
<DecodeFinished>",
-28.0,-1.0,64,2026092564,1,K1ABC FN42 33,-28,0,10.140200,0.07324203700045473,0,official WSJT-X 3.0.2; binary SHA256 9e3c2fc14f63c4b4c4e9fcc33b386cd22daf8fe76ce724c5e37f07875e9a3dd9,"0000 -28  0.1  10.140200  0  K1ABC FN42 33 
<DecodeFinished>",
-28.0,-1.0,68,2026092568,1,K1ABC FN42 33,-28,0,10.140200,0.0681696080009715,0,official WSJT-X 3.0.2; binary SHA256 9e3c2fc14f63c4b4c4e9fcc33b386cd22daf8fe76ce724c5e37f07875e9a3dd9,"0000 -28  0.0  10.140200  0  K1ABC FN42 33 
<DecodeFinished>",
-28.0,-1.0,69,2026092569,1,K1ABC FN42 33,-28,0,10.140200,0.06743431799986865,0,official WSJT-X 3.0.2; binary SHA256 9e3c2fc14f63c4b4c4e9fcc33b386cd22daf8fe76ce724c5e37f07875e9a3dd9,"0000 -28  0.1  10.140200  0  K1ABC FN42 33 
<DecodeFinished>",
-28.0,-1.0,67,2026092567,1,K1ABC FN42 33,-28,0,10.140200,0.07012387000031595,0,official WSJT-X 3.0.2; binary SHA256 9e3c2fc14f63c4b4c4e9fcc33b386cd22daf8fe76ce724c5e37f07875e9a3dd9,"0000 -28 -0.0  10.140200  0  K1ABC FN42 33 
<DecodeFinished>",
-28.0,-1.0,70,2026092570,1,K1ABC FN42 33,-28,0,10.140200,0.07258870199984813,0,official WSJT-X 3.0.2; binary SHA256 9e3c2fc14f63c4b4c4e9fcc33b386cd22daf8fe76ce724c5e37f07875e9a3dd9,"0000 -28 -0.0  10.140200  0  K1ABC FN42 33 
<DecodeFinished>",
-28.0,-1.0,74,2026092574,1,K1ABC FN42 33,-28,0,10.140200,0.056184868999480386,0,official WSJT-X 3.0.2; binary SHA256 9e3c2fc14f63c4b4c4e9fcc33b386cd22daf8fe76ce724c5e37f07875e9a3dd9,"0000 -28  0.0  10.140200  0  K1ABC FN42 33 
<DecodeFinished>",
-28.0,-1.0,72,2026092572,1,K1ABC FN42 33,-28,0,10.140200,0.07423944400034088,0,official WSJT-X 3.0.2; binary SHA256 9e3c2fc14f63c4b4c4e9fcc33b386cd22daf8fe76ce724c5e37f07875e9a3dd9,"0000 -28  0.0  10.140200  0  K1ABC FN42 33 
<DecodeFinished>",
-28.0,-1.0,71,2026092571,1,K1ABC FN42 33,-28,0,10.140200,0.07428241399975377,0,official WSJT-X 3.0.2; binary SHA256 9e3c2fc14f63c4b4c4e9fcc33b386cd22daf8fe76ce724c5e37f07875e9a3dd9,"0000 -28  0.1  10.140200  0  K1ABC FN42 33 
<DecodeFinished>",
-28.0,-1.0,73,2026092573,1,K1ABC FN42 33,-28,0,10.140200,0.08107827300045756,0,official WSJT-X 3.0.2; binary SHA256 9e3c2fc14f63c4b4c4e9fcc33b386cd22daf8fe76ce724c5e37f07875e9a3dd9,"0000 -28 -0.1  10.140200  0  K1ABC FN42 33 
<DecodeFinished>",
-28.0,-1.0,76,2026092576,1,K1ABC FN42 33,-27,0,10.140200,0.0688856160013529,0,official WSJT-X 3.0.2; binary SHA256 9e3c2fc14f63c4b4c4e9fcc33b386cd22daf8fe76ce724c5e37f07875e9a3dd9,"0000 -27  0.0  10.140200  0  K1ABC FN42 33 
<DecodeFinished>",
-28.0,-1.0,78,2026092578,1,K1ABC FN42 33,-27,0,10.140200,0.06051678299991181,0,official WSJT-X 3.0.2; binary SHA256 9e3c2fc14f63c4b4c4e9fcc33b386cd22daf8fe76ce724c5e37f07875e9a3dd9,"0000 -27  0.0  10.140200  0  K1ABC FN42 33 
<DecodeFinished>",
-28.0,-1.0,77,2026092577,1,K1ABC FN42 33,-28,0,10.140200,0.07383419799953117,0,official WSJT-X 3.0.2; binary SHA256 9e3c2fc14f63c4b4c4e9fcc33b386cd22daf8fe76ce724c5e37f07875e9a3dd9,"0000 -28 -0.1  10.140200  0  K1ABC FN42 33 
<DecodeFinished>",
-28.0,-1.0,75,2026092575,1,K1ABC FN42 33,-28,0,10.140200,0.08736200900057156,0,official WSJT-X 3.0.2; binary SHA256 9e3c2fc14f63c4b4c4e9fcc33b386cd22daf8fe76ce724c5e37f07875e9a3dd9,"0000 -28 -0.1  10.140200  0  K1ABC FN42 33 
<DecodeFinished>",
-28.0,-1.0,81,2026092581,1,K1ABC FN42 33,-28,0,10.140200,0.06636081600117905,0,official WSJT-X 3.0.2; binary SHA256 9e3c2fc14f63c4b4c4e9fcc33b386cd22daf8fe76ce724c5e37f07875e9a3dd9,"0000 -28  0.0  10.140200  0  K1ABC FN42 33 
<DecodeFinished>",
-28.0,-1.0,82,2026092582,1,K1ABC FN42 33,-27,0,10.140200,0.05745042699891201,0,official WSJT-X 3.0.2; binary SHA256 9e3c2fc14f63c4b4c4e9fcc33b386cd22daf8fe76ce724c5e37f07875e9a3dd9,"0000 -27  0.1  10.140200  0  K1ABC FN42 33 
<DecodeFinished>",
-28.0,-1.0,79,2026092579,1,K1ABC FN42 33,-29,-1,10.140200,0.07271176299946092,0,official WSJT-X 3.0.2; binary SHA256 9e3c2fc14f63c4b4c4e9fcc33b386cd22daf8fe76ce724c5e37f07875e9a3dd9,"0000 -29  0.0  10.140200 -1  K1ABC FN42 33 
<DecodeFinished>",
-28.0,-1.0,80,2026092580,1,K1ABC FN42 33,-28,0,10.140200,0.07406046899996,0,official WSJT-X 3.0.2; binary SHA256 9e3c2fc14f63c4b4c4e9fcc33b386cd22daf8fe76ce724c5e37f07875e9a3dd9,"0000 -28  0.0  10.140200  0  K1ABC FN42 33 
<DecodeFinished>",
-28.0,-1.0,83,2026092583,1,K1ABC FN42 33,-28,0,10.140200,0.0656597490014974,0,official WSJT-X 3.0.2; binary SHA256 9e3c2fc14f63c4b4c4e9fcc33b386cd22daf8fe76ce724c5e37f07875e9a3dd9,"0000 -28 -0.0  10.140200  0  K1ABC FN42 33 
<DecodeFinished>",
-28.0,-1.0,86,2026092586,1,K1ABC FN42 33,-28,0,10.140200,0.063080183999773,0,official WSJT-X 3.0.2; binary SHA256 9e3c2fc14f63c4b4c4e9fcc33b386cd22daf8fe76ce724c5e37f07875e9a3dd9,"0000 -28  0.0  10.140200  0  K1ABC FN42 33 
<DecodeFinished>",
-28.0,-1.0,84,2026092584,1,K1ABC FN42 33,-28,0,10.140200,0.06545253100011905,0,official WSJT-X 3.0.2; binary SHA256 9e3c2fc14f63c4b4c4e9fcc33b386cd22daf8fe76ce724c5e37f07875e9a3dd9,"0000 -28 -0.0  10.140200  0  K1ABC FN42 33 
<DecodeFinished>",
-28.0,-1.0,85,2026092585,1,K1ABC FN42 33,-28,0,10.140200,0.06672893999893859,0,official WSJT-X 3.0.2; binary SHA256 9e3c2fc14f63c4b4c4e9fcc33b386cd22daf8fe76ce724c5e37f07875e9a3dd9,"0000 -28  0.1  10.140200  0  K1ABC FN42 33 
<DecodeFinished>",
-28.0,-1.0,88,2026092588,1,K1ABC FN42 33,-28,0,10.140200,0.06438102199899731,0,official WSJT-X 3.0.2; binary SHA256 9e3c2fc14f63c4b4c4e9fcc33b386cd22daf8fe76ce724c5e37f07875e9a3dd9,"0000 -28 -0.0  10.140200  0  K1ABC FN42 33 
<DecodeFinished>",
-28.0,-1.0,87,2026092587,1,K1ABC FN42 33,-27,0,10.140200,0.06559815000036906,0,official WSJT-X 3.0.2; binary SHA256 9e3c2fc14f63c4b4c4e9fcc33b386cd22daf8fe76ce724c5e37f07875e9a3dd9,"0000 -27  0.0  10.140200  0  K1ABC FN42 33 
<DecodeFinished>",
-28.0,-1.0,89,2026092589,1,K1ABC FN42 33,-27,0,10.140200,0.06838177900135634,0,official WSJT-X 3.0.2; binary SHA256 9e3c2fc14f63c4b4c4e9fcc33b386cd22daf8fe76ce724c5e37f07875e9a3dd9,"0000 -27 -0.1  10.140200  0  K1ABC FN42 33 
<DecodeFinished>",
-28.0,-1.0,90,2026092590,1,K1ABC FN42 33,-28,0,10.140200,0.06829817499965429,0,official WSJT-X 3.0.2; binary SHA256 9e3c2fc14f63c4b4c4e9fcc33b386cd22daf8fe76ce724c5e37f07875e9a3dd9,"0000 -28 -0.1  10.140200  0  K1ABC FN42 33 
<DecodeFinished>",
-28.0,-1.0,93,2026092593,1,K1ABC FN42 33,-28,0,10.140200,0.058815718000914785,0,official WSJT-X 3.0.2; binary SHA256 9e3c2fc14f63c4b4c4e9fcc33b386cd22daf8fe76ce724c5e37f07875e9a3dd9,"0000 -28 -0.0  10.140200  0  K1ABC FN42 33 
<DecodeFinished>",
-28.0,-1.0,91,2026092591,1,K1ABC FN42 33,-27,0,10.140200,0.06355557100141596,0,official WSJT-X 3.0.2; binary SHA256 9e3c2fc14f63c4b4c4e9fcc33b386cd22daf8fe76ce724c5e37f07875e9a3dd9,"0000 -27  0.1  10.140200  0  K1ABC FN42 33 
<DecodeFinished>",
-28.0,-1.0,94,2026092594,1,K1ABC FN42 33,-28,0,10.140200,0.057407173999308725,0,official WSJT-X 3.0.2; binary SHA256 9e3c2fc14f63c4b4c4e9fcc33b386cd22daf8fe76ce724c5e37f07875e9a3dd9,"0000 -28  0.0  10.140200  0  K1ABC FN42 33 
<DecodeFinished>",
-28.0,-1.0,92,2026092592,1,K1ABC FN42 33,-28,0,10.140200,0.06515457500063349,0,official WSJT-X 3.0.2; binary SHA256 9e3c2fc14f63c4b4c4e9fcc33b386cd22daf8fe76ce724c5e37f07875e9a3dd9,"0000 -28 -0.0  10.140200  0  K1ABC FN42 33 
<DecodeFinished>",
-28.0,-1.0,98,2026092598,1,K1ABC FN42 33,-28,0,10.140200,0.05780448600125965,0,official WSJT-X 3.0.2; binary SHA256 9e3c2fc14f63c4b4c4e9fcc33b386cd22daf8fe76ce724c5e37f07875e9a3dd9,"0000 -28 -0.1  10.140200  0  K1ABC FN42 33 
<DecodeFinished>",
-28.0,-1.0,97,2026092597,1,K1ABC FN42 33,-29,0,10.140200,0.06069841200041992,0,official WSJT-X 3.0.2; binary SHA256 9e3c2fc14f63c4b4c4e9fcc33b386cd22daf8fe76ce724c5e37f07875e9a3dd9,"0000 -29 -0.0  10.140200  0  K1ABC FN42 33 
<DecodeFinished>",
-28.0,-1.0,96,2026092596,1,K1ABC FN42 33,-28,0,10.140200,0.06255465599861054,0,official WSJT-X 3.0.2; binary SHA256 9e3c2fc14f63c4b4c4e9fcc33b386cd22daf8fe76ce724c5e37f07875e9a3dd9,"0000 -28 -0.1  10.140200  0  K1ABC FN42 33 
<DecodeFinished>",
-28.0,-1.0,95,2026092595,1,K1ABC FN42 33,-28,0,10.140200,0.06453699299891014,0,official WSJT-X 3.0.2; binary SHA256 9e3c2fc14f63c4b4c4e9fcc33b386cd22daf8fe76ce724c5e37f07875e9a3dd9,"0000 -28  0.0  10.140200  0  K1ABC FN42 33 
<DecodeFinished>",
-28.0,-1.0,99,2026092599,1,K1ABC FN42 33,-28,0,10.140200,0.07703595600105473,0,official WSJT-X 3.0.2; binary SHA256 9e3c2fc14f63c4b4c4e9fcc33b386cd22daf8fe76ce724c5e37f07875e9a3dd9,"0000 -28 -0.0  10.140200  0  K1ABC FN42 33 
<DecodeFinished>",
-28.0,1.5,2,2026092502,1,K1ABC FN42 33,-28,1,10.140200,0.07285217899880081,0,official WSJT-X 3.0.2; binary SHA256 9e3c2fc14f63c4b4c4e9fcc33b386cd22daf8fe76ce724c5e37f07875e9a3dd9,"0000 -28 -0.1  10.140200  1  K1ABC FN42 33 
<DecodeFinished>",
-28.0,1.5,1,2026092501,1,K1ABC FN42 33,-28,1,10.140200,0.07631414599927666,0,official WSJT-X 3.0.2; binary SHA256 9e3c2fc14f63c4b4c4e9fcc33b386cd22daf8fe76ce724c5e37f07875e9a3dd9,"0000 -28  0.1  10.140200  1  K1ABC FN42 33 
<DecodeFinished>",
-28.0,1.5,0,2026092500,1,K1ABC FN42 33,-29,1,10.140200,0.08525034800004505,0,official WSJT-X 3.0.2; binary SHA256 9e3c2fc14f63c4b4c4e9fcc33b386cd22daf8fe76ce724c5e37f07875e9a3dd9,"0000 -29 -0.1  10.140200  1  K1ABC FN42 33 
<DecodeFinished>",
-28.0,1.5,5,2026092505,1,K1ABC FN42 33,-28,1,10.140200,0.06737945399981982,0,official WSJT-X 3.0.2; binary SHA256 9e3c2fc14f63c4b4c4e9fcc33b386cd22daf8fe76ce724c5e37f07875e9a3dd9,"0000 -28  0.1  10.140200  1  K1ABC FN42 33 
<DecodeFinished>",
-28.0,1.5,4,2026092504,1,K1ABC FN42 33,-28,0,10.140200,0.07007665199853363,0,official WSJT-X 3.0.2; binary SHA256 9e3c2fc14f63c4b4c4e9fcc33b386cd22daf8fe76ce724c5e37f07875e9a3dd9,"0000 -28  0.1  10.140200  0  K1ABC FN42 33 
<DecodeFinished>",
-28.0,1.5,3,2026092503,1,K1ABC FN42 33,-29,1,10.140200,0.07010338399959437,0,official WSJT-X 3.0.2; binary SHA256 9e3c2fc14f63c4b4c4e9fcc33b386cd22daf8fe76ce724c5e37f07875e9a3dd9,"0000 -29 -0.1  10.140200  1  K1ABC FN42 33 
<DecodeFinished>",
-28.0,1.5,6,2026092506,1,K1ABC FN42 33,-28,1,10.140200,0.06369556299978285,0,official WSJT-X 3.0.2; binary SHA256 9e3c2fc14f63c4b4c4e9fcc33b386cd22daf8fe76ce724c5e37f07875e9a3dd9,"0000 -28  0.0  10.140200  1  K1ABC FN42 33 
<DecodeFinished>",
-28.0,1.5,10,2026092510,1,K1ABC FN42 33,-28,0,10.140200,0.06543584700011706,0,official WSJT-X 3.0.2; binary SHA256 9e3c2fc14f63c4b4c4e9fcc33b386cd22daf8fe76ce724c5e37f07875e9a3dd9,"0000 -28  0.0  10.140200  0  K1ABC FN42 33 
<DecodeFinished>",
-28.0,1.5,7,2026092507,1,K1ABC FN42 33,-28,1,10.140200,0.06868013900020742,0,official WSJT-X 3.0.2; binary SHA256 9e3c2fc14f63c4b4c4e9fcc33b386cd22daf8fe76ce724c5e37f07875e9a3dd9,"0000 -28 -0.0  10.140200  1  K1ABC FN42 33 
<DecodeFinished>",
-28.0,1.5,8,2026092508,1,K1ABC FN42 33,-28,1,10.140200,0.07392006299960485,0,official WSJT-X 3.0.2; binary SHA256 9e3c2fc14f63c4b4c4e9fcc33b386cd22daf8fe76ce724c5e37f07875e9a3dd9,"0000 -28 -0.1  10.140200  1  K1ABC FN42 33 
<DecodeFinished>",
-28.0,1.5,12,2026092512,1,K1ABC FN42 33,-28,1,10.140200,0.05577785700006643,0,official WSJT-X 3.0.2; binary SHA256 9e3c2fc14f63c4b4c4e9fcc33b386cd22daf8fe76ce724c5e37f07875e9a3dd9,"0000 -28 -0.0  10.140200  1  K1ABC FN42 33 
<DecodeFinished>",
-28.0,1.5,11,2026092511,1,K1ABC FN42 33,-28,2,10.140200,0.067819634999978,0,official WSJT-X 3.0.2; binary SHA256 9e3c2fc14f63c4b4c4e9fcc33b386cd22daf8fe76ce724c5e37f07875e9a3dd9,"0000 -28 -0.0  10.140200  2  K1ABC FN42 33 
<DecodeFinished>",
-28.0,1.5,13,2026092513,1,K1ABC FN42 33,-28,1,10.140200,0.061656928999582306,0,official WSJT-X 3.0.2; binary SHA256 9e3c2fc14f63c4b4c4e9fcc33b386cd22daf8fe76ce724c5e37f07875e9a3dd9,"0000 -28 -0.1  10.140200  1  K1ABC FN42 33 
<DecodeFinished>",
-28.0,1.5,9,2026092509,1,K1ABC FN42 33,-28,0,10.140200,0.1690175370003999,0,official WSJT-X 3.0.2; binary SHA256 9e3c2fc14f63c4b4c4e9fcc33b386cd22daf8fe76ce724c5e37f07875e9a3dd9,"0000 -28 -0.1  10.140200  0  K1ABC FN42 33 
<DecodeFinished>",
-28.0,1.5,14,2026092514,1,K1ABC FN42 33,-28,1,10.140200,0.053648084998712875,0,official WSJT-X 3.0.2; binary SHA256 9e3c2fc14f63c4b4c4e9fcc33b386cd22daf8fe76ce724c5e37f07875e9a3dd9,"0000 -28  0.0  10.140200  1  K1ABC FN42 33 
<DecodeFinished>",
-28.0,1.5,15,2026092515,1,K1ABC FN42 33,-28,0,10.140200,0.05129298199972254,0,official WSJT-X 3.0.2; binary SHA256 9e3c2fc14f63c4b4c4e9fcc33b386cd22daf8fe76ce724c5e37f07875e9a3dd9,"0000 -28  0.0  10.140200  0  K1ABC FN42 33 
<DecodeFinished>",
-28.0,1.5,16,2026092516,1,K1ABC FN42 33,-28,1,10.140200,0.06656885099982901,0,official WSJT-X 3.0.2; binary SHA256 9e3c2fc14f63c4b4c4e9fcc33b386cd22daf8fe76ce724c5e37f07875e9a3dd9,"0000 -28 -0.0  10.140200  1  K1ABC FN42 33 
<DecodeFinished>",
-28.0,1.5,17,2026092517,1,K1ABC FN42 33,-29,1,10.140200,0.07817662099841982,0,official WSJT-X 3.0.2; binary SHA256 9e3c2fc14f63c4b4c4e9fcc33b386cd22daf8fe76ce724c5e37f07875e9a3dd9,"0000 -29  0.1  10.140200  1  K1ABC FN42 33 
<DecodeFinished>",
-28.0,1.5,18,2026092518,1,K1ABC FN42 33,-29,1,10.140200,0.06927301900032035,0,official WSJT-X 3.0.2; binary SHA256 9e3c2fc14f63c4b4c4e9fcc33b386cd22daf8fe76ce724c5e37f07875e9a3dd9,"0000 -29  0.1  10.140200  1  K1ABC FN42 33 
<DecodeFinished>",
-28.0,1.5,20,2026092520,1,K1ABC FN42 33,-27,1,10.140200,0.048698700999011635,0,official WSJT-X 3.0.2; binary SHA256 9e3c2fc14f63c4b4c4e9fcc33b386cd22daf8fe76ce724c5e37f07875e9a3dd9,"0000 -27  0.0  10.140200  1  K1ABC FN42 33 
<DecodeFinished>",
-28.0,1.5,21,2026092521,1,K1ABC FN42 33,-28,1,10.140200,0.050681957000051625,0,official WSJT-X 3.0.2; binary SHA256 9e3c2fc14f63c4b4c4e9fcc33b386cd22daf8fe76ce724c5e37f07875e9a3dd9,"0000 -28  0.0  10.140200  1  K1ABC FN42 33 
<DecodeFinished>",
-28.0,1.5,22,2026092522,1,K1ABC FN42 33,-28,1,10.140200,0.054926105000049574,0,official WSJT-X 3.0.2; binary SHA256 9e3c2fc14f63c4b4c4e9fcc33b386cd22daf8fe76ce724c5e37f07875e9a3dd9,"0000 -28  0.0  10.140200  1  K1ABC FN42 33 
<DecodeFinished>",
-28.0,1.5,19,2026092519,1,K1ABC FN42 33,-28,0,10.140200,0.15837659800126858,0,official WSJT-X 3.0.2; binary SHA256 9e3c2fc14f63c4b4c4e9fcc33b386cd22daf8fe76ce724c5e37f07875e9a3dd9,"0000 -28  0.1  10.140200  0  K1ABC FN42 33 
<DecodeFinished>",
-28.0,1.5,24,2026092524,1,K1ABC FN42 33,-28,1,10.140200,0.05103205900013563,0,official WSJT-X 3.0.2; binary SHA256 9e3c2fc14f63c4b4c4e9fcc33b386cd22daf8fe76ce724c5e37f07875e9a3dd9,"0000 -28  0.1  10.140200  1  K1ABC FN42 33 
<DecodeFinished>",
-28.0,1.5,25,2026092525,1,K1ABC FN42 33,-28,2,10.140200,0.05136017200129572,0,official WSJT-X 3.0.2; binary SHA256 9e3c2fc14f63c4b4c4e9fcc33b386cd22daf8fe76ce724c5e37f07875e9a3dd9,"0000 -28  0.1  10.140200  2  K1ABC FN42 33 
<DecodeFinished>",
-28.0,1.5,26,2026092526,1,K1ABC FN42 33,-27,1,10.140200,0.05322857999999542,0,official WSJT-X 3.0.2; binary SHA256 9e3c2fc14f63c4b4c4e9fcc33b386cd22daf8fe76ce724c5e37f07875e9a3dd9,"0000 -27 -0.0  10.140200  1  K1ABC FN42 33 
<DecodeFinished>",
-28.0,1.5,27,2026092527,1,K1ABC FN42 33,-28,1,10.140200,0.05061174100046628,0,official WSJT-X 3.0.2; binary SHA256 9e3c2fc14f63c4b4c4e9fcc33b386cd22daf8fe76ce724c5e37f07875e9a3dd9,"0000 -28  0.0  10.140200  1  K1ABC FN42 33 
<DecodeFinished>",
-28.0,1.5,23,2026092523,1,K1ABC FN42 33,-27,0,10.140200,0.15257481299886422,0,official WSJT-X 3.0.2; binary SHA256 9e3c2fc14f63c4b4c4e9fcc33b386cd22daf8fe76ce724c5e37f07875e9a3dd9,"0000 -27  0.0  10.140200  0  K1ABC FN42 33 
<DecodeFinished>",
-28.0,1.5,28,2026092528,1,K1ABC FN42 33,-29,1,10.140200,0.054981409999527386,0,official WSJT-X 3.0.2; binary SHA256 9e3c2fc14f63c4b4c4e9fcc33b386cd22daf8fe76ce724c5e37f07875e9a3dd9,"0000 -29  0.0  10.140200  1  K1ABC FN42 33 
<DecodeFinished>",
-28.0,1.5,31,2026092531,1,K1ABC FN42 33,-28,0,10.140200,0.06611991099998704,0,official WSJT-X 3.0.2; binary SHA256 9e3c2fc14f63c4b4c4e9fcc33b386cd22daf8fe76ce724c5e37f07875e9a3dd9,"0000 -28 -0.1  10.140200  0  K1ABC FN42 33 
<DecodeFinished>",
-28.0,1.5,30,2026092530,1,K1ABC FN42 33,-28,1,10.140200,0.0703398819987342,0,official WSJT-X 3.0.2; binary SHA256 9e3c2fc14f63c4b4c4e9fcc33b386cd22daf8fe76ce724c5e37f07875e9a3dd9,"0000 -28  0.0  10.140200  1  K1ABC FN42 33 
<DecodeFinished>",
-28.0,1.5,32,2026092532,1,K1ABC FN42 33,-29,1,10.140200,0.06207209199965291,0,official WSJT-X 3.0.2; binary SHA256 9e3c2fc14f63c4b4c4e9fcc33b386cd22daf8fe76ce724c5e37f07875e9a3dd9,"0000 -29  0.0  10.140200  1  K1ABC FN42 33 
<DecodeFinished>",
-28.0,1.5,29,2026092529,1,K1ABC FN42 33,-28,1,10.140200,0.07335409900042578,0,official WSJT-X 3.0.2; binary SHA256 9e3c2fc14f63c4b4c4e9fcc33b386cd22daf8fe76ce724c5e37f07875e9a3dd9,"0000 -28  0.0  10.140200  1  K1ABC FN42 33 
<DecodeFinished>",
-28.0,1.5,36,2026092536,1,K1ABC FN42 33,-28,1,10.140200,0.06563315899984445,0,official WSJT-X 3.0.2; binary SHA256 9e3c2fc14f63c4b4c4e9fcc33b386cd22daf8fe76ce724c5e37f07875e9a3dd9,"0000 -28  0.0  10.140200  1  K1ABC FN42 33 
<DecodeFinished>",
-28.0,1.5,33,2026092533,1,K1ABC FN42 33,-29,1,10.140200,0.0740570870002557,0,official WSJT-X 3.0.2; binary SHA256 9e3c2fc14f63c4b4c4e9fcc33b386cd22daf8fe76ce724c5e37f07875e9a3dd9,"0000 -29  0.1  10.140200  1  K1ABC FN42 33 
<DecodeFinished>",
-28.0,1.5,34,2026092534,1,K1ABC FN42 33,-28,1,10.140200,0.07615681599963864,0,official WSJT-X 3.0.2; binary SHA256 9e3c2fc14f63c4b4c4e9fcc33b386cd22daf8fe76ce724c5e37f07875e9a3dd9,"0000 -28  0.1  10.140200  1  K1ABC FN42 33 
<DecodeFinished>",
-28.0,1.5,38,2026092538,1,K1ABC FN42 33,-29,1,10.140200,0.046692542999153375,0,official WSJT-X 3.0.2; binary SHA256 9e3c2fc14f63c4b4c4e9fcc33b386cd22daf8fe76ce724c5e37f07875e9a3dd9,"0000 -29 -0.0  10.140200  1  K1ABC FN42 33 
<DecodeFinished>",
-28.0,1.5,37,2026092537,1,K1ABC FN42 33,-29,1,10.140200,0.05472974899930705,0,official WSJT-X 3.0.2; binary SHA256 9e3c2fc14f63c4b4c4e9fcc33b386cd22daf8fe76ce724c5e37f07875e9a3dd9,"0000 -29 -0.0  10.140200  1  K1ABC FN42 33 
<DecodeFinished>",
-28.0,1.5,39,2026092539,1,K1ABC FN42 33,-28,1,10.140200,0.04742100300063612,0,official WSJT-X 3.0.2; binary SHA256 9e3c2fc14f63c4b4c4e9fcc33b386cd22daf8fe76ce724c5e37f07875e9a3dd9,"0000 -28  0.0  10.140200  1  K1ABC FN42 33 
<DecodeFinished>",
-28.0,1.5,40,2026092540,1,K1ABC FN42 33,-28,1,10.140200,0.0543359210005292,0,official WSJT-X 3.0.2; binary SHA256 9e3c2fc14f63c4b4c4e9fcc33b386cd22daf8fe76ce724c5e37f07875e9a3dd9,"0000 -28 -0.1  10.140200  1  K1ABC FN42 33 
<DecodeFinished>",
-28.0,1.5,41,2026092541,1,K1ABC FN42 33,-28,1,10.140200,0.05282002499916416,0,official WSJT-X 3.0.2; binary SHA256 9e3c2fc14f63c4b4c4e9fcc33b386cd22daf8fe76ce724c5e37f07875e9a3dd9,"0000 -28 -0.1  10.140200  1  K1ABC FN42 33 
<DecodeFinished>",
-28.0,1.5,42,2026092542,1,K1ABC FN42 33,-28,1,10.140200,0.0519345919983607,0,official WSJT-X 3.0.2; binary SHA256 9e3c2fc14f63c4b4c4e9fcc33b386cd22daf8fe76ce724c5e37f07875e9a3dd9,"0000 -28  0.0  10.140200  1  K1ABC FN42 33 
<DecodeFinished>",
-28.0,1.5,35,2026092535,1,K1ABC FN42 33,-28,0,10.140200,0.19475272199997562,0,official WSJT-X 3.0.2; binary SHA256 9e3c2fc14f63c4b4c4e9fcc33b386cd22daf8fe76ce724c5e37f07875e9a3dd9,"0000 -28 -0.0  10.140200  0  K1ABC FN42 33 
<DecodeFinished>",
-28.0,1.5,43,2026092543,1,K1ABC FN42 33,-28,0,10.140200,0.06456001699916669,0,official WSJT-X 3.0.2; binary SHA256 9e3c2fc14f63c4b4c4e9fcc33b386cd22daf8fe76ce724c5e37f07875e9a3dd9,"0000 -28 -0.1  10.140200  0  K1ABC FN42 33 
<DecodeFinished>",
-28.0,1.5,45,2026092545,1,K1ABC FN42 33,-29,1,10.140200,0.06467252699985693,0,official WSJT-X 3.0.2; binary SHA256 9e3c2fc14f63c4b4c4e9fcc33b386cd22daf8fe76ce724c5e37f07875e9a3dd9,"0000 -29  0.0  10.140200  1  K1ABC FN42 33 
<DecodeFinished>",
-28.0,1.5,46,2026092546,1,K1ABC FN42 33,-28,1,10.140200,0.05422057599935215,0,official WSJT-X 3.0.2; binary SHA256 9e3c2fc14f63c4b4c4e9fcc33b386cd22daf8fe76ce724c5e37f07875e9a3dd9,"0000 -28  0.0  10.140200  1  K1ABC FN42 33 
<DecodeFinished>",
-28.0,1.5,47,2026092547,1,K1ABC FN42 33,-28,1,10.140200,0.05104964999918593,0,official WSJT-X 3.0.2; binary SHA256 9e3c2fc14f63c4b4c4e9fcc33b386cd22daf8fe76ce724c5e37f07875e9a3dd9,"0000 -28  0.1  10.140200  1  K1ABC FN42 33 
<DecodeFinished>",
-28.0,1.5,48,2026092548,1,K1ABC FN42 33,-28,1,10.140200,0.05120985000030487,0,official WSJT-X 3.0.2; binary SHA256 9e3c2fc14f63c4b4c4e9fcc33b386cd22daf8fe76ce724c5e37f07875e9a3dd9,"0000 -28  0.1  10.140200  1  K1ABC FN42 33 
<DecodeFinished>",
-28.0,1.5,49,2026092549,1,K1ABC FN42 33,-28,0,10.140200,0.09011921699857339,0,official WSJT-X 3.0.2; binary SHA256 9e3c2fc14f63c4b4c4e9fcc33b386cd22daf8fe76ce724c5e37f07875e9a3dd9,"0000 -28 -0.0  10.140200  0  K1ABC FN42 33 
<DecodeFinished>",
-28.0,1.5,44,2026092544,1,K1ABC FN42 33,-28,0,10.140200,0.16787696100072935,0,official WSJT-X 3.0.2; binary SHA256 9e3c2fc14f63c4b4c4e9fcc33b386cd22daf8fe76ce724c5e37f07875e9a3dd9,"0000 -28  0.1  10.140200  0  K1ABC FN42 33 
<DecodeFinished>",
-28.0,1.5,51,2026092551,1,K1ABC FN42 33,-28,1,10.140200,0.05456793000121252,0,official WSJT-X 3.0.2; binary SHA256 9e3c2fc14f63c4b4c4e9fcc33b386cd22daf8fe76ce724c5e37f07875e9a3dd9,"0000 -28  0.0  10.140200  1  K1ABC FN42 33 
<DecodeFinished>",
-28.0,1.5,50,2026092550,1,K1ABC FN42 33,-28,1,10.140200,0.0575113289996807,0,official WSJT-X 3.0.2; binary SHA256 9e3c2fc14f63c4b4c4e9fcc33b386cd22daf8fe76ce724c5e37f07875e9a3dd9,"0000 -28 -0.1  10.140200  1  K1ABC FN42 33 
<DecodeFinished>",
-28.0,1.5,53,2026092553,1,K1ABC FN42 33,-28,1,10.140200,0.06470504999924742,0,official WSJT-X 3.0.2; binary SHA256 9e3c2fc14f63c4b4c4e9fcc33b386cd22daf8fe76ce724c5e37f07875e9a3dd9,"0000 -28 -0.0  10.140200  1  K1ABC FN42 33 
<DecodeFinished>",
-28.0,1.5,54,2026092554,1,K1ABC FN42 33,-28,2,10.140200,0.06180928800131369,0,official WSJT-X 3.0.2; binary SHA256 9e3c2fc14f63c4b4c4e9fcc33b386cd22daf8fe76ce724c5e37f07875e9a3dd9,"0000 -28  0.0  10.140200  2  K1ABC FN42 33 
<DecodeFinished>",
-28.0,1.5,55,2026092555,1,K1ABC FN42 33,-28,1,10.140200,0.06621787800031598,0,official WSJT-X 3.0.2; binary SHA256 9e3c2fc14f63c4b4c4e9fcc33b386cd22daf8fe76ce724c5e37f07875e9a3dd9,"0000 -28  0.1  10.140200  1  K1ABC FN42 33 
<DecodeFinished>",
-28.0,1.5,56,2026092556,1,K1ABC FN42 33,-28,1,10.140200,0.05627918400023191,0,official WSJT-X 3.0.2; binary SHA256 9e3c2fc14f63c4b4c4e9fcc33b386cd22daf8fe76ce724c5e37f07875e9a3dd9,"0000 -28 -0.0  10.140200  1  K1ABC FN42 33 
<DecodeFinished>",
-28.0,1.5,57,2026092557,1,K1ABC FN42 33,-28,1,10.140200,0.05647657400004391,0,official WSJT-X 3.0.2; binary SHA256 9e3c2fc14f63c4b4c4e9fcc33b386cd22daf8fe76ce724c5e37f07875e9a3dd9,"0000 -28 -0.0  10.140200  1  K1ABC FN42 33 
<DecodeFinished>",
-28.0,1.5,58,2026092558,1,K1ABC FN42 33,-29,0,10.140200,0.05274207699949329,0,official WSJT-X 3.0.2; binary SHA256 9e3c2fc14f63c4b4c4e9fcc33b386cd22daf8fe76ce724c5e37f07875e9a3dd9,"0000 -29  0.0  10.140200  0  K1ABC FN42 33 
<DecodeFinished>",
-28.0,1.5,52,2026092552,1,K1ABC FN42 33,-28,0,10.140200,0.1739421680013038,0,official WSJT-X 3.0.2; binary SHA256 9e3c2fc14f63c4b4c4e9fcc33b386cd22daf8fe76ce724c5e37f07875e9a3dd9,"0000 -28 -0.1  10.140200  0  K1ABC FN42 33 
<DecodeFinished>",
-28.0,1.5,59,2026092559,1,K1ABC FN42 33,-28,1,10.140200,0.0555269460001,0,official WSJT-X 3.0.2; binary SHA256 9e3c2fc14f63c4b4c4e9fcc33b386cd22daf8fe76ce724c5e37f07875e9a3dd9,"0000 -28  0.0  10.140200  1  K1ABC FN42 33 
<DecodeFinished>",
-28.0,1.5,63,2026092563,1,K1ABC FN42 33,-29,1,10.140200,0.05191164099960588,0,official WSJT-X 3.0.2; binary SHA256 9e3c2fc14f63c4b4c4e9fcc33b386cd22daf8fe76ce724c5e37f07875e9a3dd9,"0000 -29 -0.1  10.140200  1  K1ABC FN42 33 
<DecodeFinished>",
-28.0,1.5,60,2026092560,1,K1ABC FN42 33,-28,0,10.140200,0.1541260060002969,0,official WSJT-X 3.0.2; binary SHA256 9e3c2fc14f63c4b4c4e9fcc33b386cd22daf8fe76ce724c5e37f07875e9a3dd9,"0000 -28 -0.1  10.140200  0  K1ABC FN42 33 
<DecodeFinished>",
-28.0,1.5,64,2026092564,1,K1ABC FN42 33,-29,1,10.140200,0.06879244800074957,0,official WSJT-X 3.0.2; binary SHA256 9e3c2fc14f63c4b4c4e9fcc33b386cd22daf8fe76ce724c5e37f07875e9a3dd9,"0000 -29 -0.0  10.140200  1  K1ABC FN42 33 
<DecodeFinished>",
-28.0,1.5,62,2026092562,1,K1ABC FN42 33,-29,0,10.140200,0.1524024450009165,0,official WSJT-X 3.0.2; binary SHA256 9e3c2fc14f63c4b4c4e9fcc33b386cd22daf8fe76ce724c5e37f07875e9a3dd9,"0000 -29 -0.0  10.140200  0  K1ABC FN42 33 
<DecodeFinished>",
-28.0,1.5,66,2026092566,1,K1ABC FN42 33,-28,1,10.140200,0.058080555998458294,0,official WSJT-X 3.0.2; binary SHA256 9e3c2fc14f63c4b4c4e9fcc33b386cd22daf8fe76ce724c5e37f07875e9a3dd9,"0000 -28 -0.1  10.140200  1  K1ABC FN42 33 
<DecodeFinished>",
-28.0,1.5,68,2026092568,1,K1ABC FN42 33,-28,0,10.140200,0.05158842600030766,0,official WSJT-X 3.0.2; binary SHA256 9e3c2fc14f63c4b4c4e9fcc33b386cd22daf8fe76ce724c5e37f07875e9a3dd9,"0000 -28  0.1  10.140200  0  K1ABC FN42 33 
<DecodeFinished>",
-28.0,1.5,69,2026092569,1,K1ABC FN42 33,-28,0,10.140200,0.050878969001132646,0,official WSJT-X 3.0.2; binary SHA256 9e3c2fc14f63c4b4c4e9fcc33b386cd22daf8fe76ce724c5e37f07875e9a3dd9,"0000 -28  0.1  10.140200  0  K1ABC FN42 33 
<DecodeFinished>",
-28.0,1.5,67,2026092567,1,K1ABC FN42 33,-28,0,10.140200,0.16040585600057966,0,official WSJT-X 3.0.2; binary SHA256 9e3c2fc14f63c4b4c4e9fcc33b386cd22daf8fe76ce724c5e37f07875e9a3dd9,"0000 -28 -0.1  10.140200  0  K1ABC FN42 33 
<DecodeFinished>",
-28.0,1.5,71,2026092571,1,K1ABC FN42 33,-29,1,10.140200,0.05396103600105562,0,official WSJT-X 3.0.2; binary SHA256 9e3c2fc14f63c4b4c4e9fcc33b386cd22daf8fe76ce724c5e37f07875e9a3dd9,"0000 -29 -0.1  10.140200  1  K1ABC FN42 33 
<DecodeFinished>",
-28.0,1.5,72,2026092572,1,K1ABC FN42 33,-28,1,10.140200,0.055112071000621654,0,official WSJT-X 3.0.2; binary SHA256 9e3c2fc14f63c4b4c4e9fcc33b386cd22daf8fe76ce724c5e37f07875e9a3dd9,"0000 -28 -0.0  10.140200  1  K1ABC FN42 33 
<DecodeFinished>",
-28.0,1.5,70,2026092570,1,K1ABC FN42 33,-28,0,10.140200,0.1590023150001798,0,official WSJT-X 3.0.2; binary SHA256 9e3c2fc14f63c4b4c4e9fcc33b386cd22daf8fe76ce724c5e37f07875e9a3dd9,"0000 -28 -0.0  10.140200  0  K1ABC FN42 33 
<DecodeFinished>",
-28.0,1.5,73,2026092573,1,K1ABC FN42 33,-28,1,10.140200,0.06079201900138287,0,official WSJT-X 3.0.2; binary SHA256 9e3c2fc14f63c4b4c4e9fcc33b386cd22daf8fe76ce724c5e37f07875e9a3dd9,"0000 -28  0.1  10.140200  1  K1ABC FN42 33 
<DecodeFinished>",
-28.0,1.5,61,2026092561,0,,,,,0.5542715600004158,0,official WSJT-X 3.0.2; binary SHA256 9e3c2fc14f63c4b4c4e9fcc33b386cd22daf8fe76ce724c5e37f07875e9a3dd9,<DecodeFinished>,
-28.0,1.5,74,2026092574,1,K1ABC FN42 33,-28,1,10.140200,0.060278197001025546,0,official WSJT-X 3.0.2; binary SHA256 9e3c2fc14f63c4b4c4e9fcc33b386cd22daf8fe76ce724c5e37f07875e9a3dd9,"0000 -28  0.0  10.140200  1  K1ABC FN42 33 
<DecodeFinished>",
-28.0,1.5,75,2026092575,1,K1ABC FN42 33,-28,1,10.140200,0.06627480200040736,0,official WSJT-X 3.0.2; binary SHA256 9e3c2fc14f63c4b4c4e9fcc33b386cd22daf8fe76ce724c5e37f07875e9a3dd9,"0000 -28  0.0  10.140200  1  K1ABC FN42 33 
<DecodeFinished>",
-28.0,1.5,77,2026092577,1,K1ABC FN42 33,-28,1,10.140200,0.04704857799879392,0,official WSJT-X 3.0.2; binary SHA256 9e3c2fc14f63c4b4c4e9fcc33b386cd22daf8fe76ce724c5e37f07875e9a3dd9,"0000 -28 -0.0  10.140200  1  K1ABC FN42 33 
<DecodeFinished>",
-28.0,1.5,76,2026092576,1,K1ABC FN42 33,-28,1,10.140200,0.047812370999963605,0,official WSJT-X 3.0.2; binary SHA256 9e3c2fc14f63c4b4c4e9fcc33b386cd22daf8fe76ce724c5e37f07875e9a3dd9,"0000 -28  0.0  10.140200  1  K1ABC FN42 33 
<DecodeFinished>",
-28.0,1.5,78,2026092578,1,K1ABC FN42 33,-28,1,10.140200,0.04936220599847729,0,official WSJT-X 3.0.2; binary SHA256 9e3c2fc14f63c4b4c4e9fcc33b386cd22daf8fe76ce724c5e37f07875e9a3dd9,"0000 -28 -0.1  10.140200  1  K1ABC FN42 33 
<DecodeFinished>",
-28.0,1.5,80,2026092580,1,K1ABC FN42 33,-28,1,10.140200,0.05544186599945533,0,official WSJT-X 3.0.2; binary SHA256 9e3c2fc14f63c4b4c4e9fcc33b386cd22daf8fe76ce724c5e37f07875e9a3dd9,"0000 -28  0.0  10.140200  1  K1ABC FN42 33 
<DecodeFinished>",
-28.0,1.5,79,2026092579,1,K1ABC FN42 33,-29,2,10.140200,0.05659242900037498,0,official WSJT-X 3.0.2; binary SHA256 9e3c2fc14f63c4b4c4e9fcc33b386cd22daf8fe76ce724c5e37f07875e9a3dd9,"0000 -29 -0.0  10.140200  2  K1ABC FN42 33 
<DecodeFinished>",
-28.0,1.5,81,2026092581,1,K1ABC FN42 33,-28,1,10.140200,0.05412207400149782,0,official WSJT-X 3.0.2; binary SHA256 9e3c2fc14f63c4b4c4e9fcc33b386cd22daf8fe76ce724c5e37f07875e9a3dd9,"0000 -28  0.0  10.140200  1  K1ABC FN42 33 
<DecodeFinished>",
-28.0,1.5,65,2026092565,0,,,,,0.5558636909991037,0,official WSJT-X 3.0.2; binary SHA256 9e3c2fc14f63c4b4c4e9fcc33b386cd22daf8fe76ce724c5e37f07875e9a3dd9,<DecodeFinished>,
-28.0,1.5,83,2026092583,1,K1ABC FN42 33,-28,1,10.140200,0.05506687700108159,0,official WSJT-X 3.0.2; binary SHA256 9e3c2fc14f63c4b4c4e9fcc33b386cd22daf8fe76ce724c5e37f07875e9a3dd9,"0000 -28 -0.0  10.140200  1  K1ABC FN42 33 
<DecodeFinished>",
-28.0,1.5,84,2026092584,1,K1ABC FN42 33,-29,0,10.140200,0.05081959800008917,0,official WSJT-X 3.0.2; binary SHA256 9e3c2fc14f63c4b4c4e9fcc33b386cd22daf8fe76ce724c5e37f07875e9a3dd9,"0000 -29 -0.1  10.140200  0  K1ABC FN42 33 
<DecodeFinished>",
-28.0,1.5,85,2026092585,1,K1ABC FN42 33,-28,1,10.140200,0.04928069299967319,0,official WSJT-X 3.0.2; binary SHA256 9e3c2fc14f63c4b4c4e9fcc33b386cd22daf8fe76ce724c5e37f07875e9a3dd9,"0000 -28 -0.0  10.140200  1  K1ABC FN42 33 
<DecodeFinished>",
-28.0,1.5,86,2026092586,1,K1ABC FN42 33,-28,1,10.140200,0.05498238499967556,0,official WSJT-X 3.0.2; binary SHA256 9e3c2fc14f63c4b4c4e9fcc33b386cd22daf8fe76ce724c5e37f07875e9a3dd9,"0000 -28 -0.1  10.140200  1  K1ABC FN42 33 
<DecodeFinished>",
-28.0,1.5,87,2026092587,1,K1ABC FN42 33,-28,2,10.140200,0.053832048000913346,0,official WSJT-X 3.0.2; binary SHA256 9e3c2fc14f63c4b4c4e9fcc33b386cd22daf8fe76ce724c5e37f07875e9a3dd9,"0000 -28  0.1  10.140200  2  K1ABC FN42 33 
<DecodeFinished>",
-28.0,1.5,88,2026092588,1,K1ABC FN42 33,-28,1,10.140200,0.05313269699945522,0,official WSJT-X 3.0.2; binary SHA256 9e3c2fc14f63c4b4c4e9fcc33b386cd22daf8fe76ce724c5e37f07875e9a3dd9,"0000 -28 -0.0  10.140200  1  K1ABC FN42 33 
<DecodeFinished>",
-28.0,1.5,82,2026092582,1,K1ABC FN42 33,-27,0,10.140200,0.15249157900143473,0,official WSJT-X 3.0.2; binary SHA256 9e3c2fc14f63c4b4c4e9fcc33b386cd22daf8fe76ce724c5e37f07875e9a3dd9,"0000 -27  0.1  10.140200  0  K1ABC FN42 33 
<DecodeFinished>",
-28.0,1.5,89,2026092589,1,K1ABC FN42 33,-28,1,10.140200,0.048484083999937866,0,official WSJT-X 3.0.2; binary SHA256 9e3c2fc14f63c4b4c4e9fcc33b386cd22daf8fe76ce724c5e37f07875e9a3dd9,"0000 -28  0.0  10.140200  1  K1ABC FN42 33 
<DecodeFinished>",
-28.0,1.5,92,2026092592,1,K1ABC FN42 33,-28,1,10.140200,0.06727993000095012,0,official WSJT-X 3.0.2; binary SHA256 9e3c2fc14f63c4b4c4e9fcc33b386cd22daf8fe76ce724c5e37f07875e9a3dd9,"0000 -28 -0.0  10.140200  1  K1ABC FN42 33 
<DecodeFinished>",
-28.0,1.5,93,2026092593,1,K1ABC FN42 33,-28,1,10.140200,0.06134114199994656,0,official WSJT-X 3.0.2; binary SHA256 9e3c2fc14f63c4b4c4e9fcc33b386cd22daf8fe76ce724c5e37f07875e9a3dd9,"0000 -28 -0.0  10.140200  1  K1ABC FN42 33 
<DecodeFinished>",
-28.0,1.5,91,2026092591,1,K1ABC FN42 33,-28,1,10.140200,0.06917810100094357,0,official WSJT-X 3.0.2; binary SHA256 9e3c2fc14f63c4b4c4e9fcc33b386cd22daf8fe76ce724c5e37f07875e9a3dd9,"0000 -28 -0.0  10.140200  1  K1ABC FN42 33 
<DecodeFinished>",
-28.0,1.5,95,2026092595,1,K1ABC FN42 33,-29,1,10.140200,0.052595357001337106,0,official WSJT-X 3.0.2; binary SHA256 9e3c2fc14f63c4b4c4e9fcc33b386cd22daf8fe76ce724c5e37f07875e9a3dd9,"0000 -29  0.0  10.140200  1  K1ABC FN42 33 
<DecodeFinished>",
-28.0,1.5,94,2026092594,1,K1ABC FN42 33,-28,1,10.140200,0.05642376099967805,0,official WSJT-X 3.0.2; binary SHA256 9e3c2fc14f63c4b4c4e9fcc33b386cd22daf8fe76ce724c5e37f07875e9a3dd9,"0000 -28 -0.1  10.140200  1  K1ABC FN42 33 
<DecodeFinished>",
-28.0,1.5,96,2026092596,1,K1ABC FN42 33,-28,1,10.140200,0.06039583500023582,0,official WSJT-X 3.0.2; binary SHA256 9e3c2fc14f63c4b4c4e9fcc33b386cd22daf8fe76ce724c5e37f07875e9a3dd9,"0000 -28 -0.1  10.140200  1  K1ABC FN42 33 
<DecodeFinished>",
-28.0,1.5,97,2026092597,1,K1ABC FN42 33,-29,1,10.140200,0.04845070199917245,0,official WSJT-X 3.0.2; binary SHA256 9e3c2fc14f63c4b4c4e9fcc33b386cd22daf8fe76ce724c5e37f07875e9a3dd9,"0000 -29  0.0  10.140200  1  K1ABC FN42 33 
<DecodeFinished>",
-28.0,1.5,99,2026092599,1,K1ABC FN42 33,-27,1,10.140200,0.05933656100023654,0,official WSJT-X 3.0.2; binary SHA256 9e3c2fc14f63c4b4c4e9fcc33b386cd22daf8fe76ce724c5e37f07875e9a3dd9,"0000 -27 -0.0  10.140200  1  K1ABC FN42 33 
<DecodeFinished>",
-28.0,-1.5,0,2026092500,1,K1ABC FN42 33,-28,-1,10.140200,0.0697084419989551,0,official WSJT-X 3.0.2; binary SHA256 9e3c2fc14f63c4b4c4e9fcc33b386cd22daf8fe76ce724c5e37f07875e9a3dd9,"0000 -28 -0.1  10.140200 -1  K1ABC FN42 33 
<DecodeFinished>",
-28.0,-1.5,1,2026092501,1,K1ABC FN42 33,-28,0,10.140200,0.07085109600120632,0,official WSJT-X 3.0.2; binary SHA256 9e3c2fc14f63c4b4c4e9fcc33b386cd22daf8fe76ce724c5e37f07875e9a3dd9,"0000 -28 -0.0  10.140200  0  K1ABC FN42 33 
<DecodeFinished>",
-28.0,-1.5,2,2026092502,1,K1ABC FN42 33,-28,-1,10.140200,0.05631451299996115,0,official WSJT-X 3.0.2; binary SHA256 9e3c2fc14f63c4b4c4e9fcc33b386cd22daf8fe76ce724c5e37f07875e9a3dd9,"0000 -28 -0.0  10.140200 -1  K1ABC FN42 33 
<DecodeFinished>",
-28.0,-1.5,3,2026092503,1,K1ABC FN42 33,-28,-1,10.140200,0.058280650000597234,0,official WSJT-X 3.0.2; binary SHA256 9e3c2fc14f63c4b4c4e9fcc33b386cd22daf8fe76ce724c5e37f07875e9a3dd9,"0000 -28 -0.1  10.140200 -1  K1ABC FN42 33 
<DecodeFinished>",
-28.0,1.5,98,2026092598,1,K1ABC FN42 33,-29,0,10.140200,0.22160086199983198,0,official WSJT-X 3.0.2; binary SHA256 9e3c2fc14f63c4b4c4e9fcc33b386cd22daf8fe76ce724c5e37f07875e9a3dd9,"0000 -29 -0.1  10.140200  0  K1ABC FN42 33 
<DecodeFinished>",
-28.0,-1.5,4,2026092504,1,K1ABC FN42 33,-28,-1,10.140200,0.053824403001272,0,official WSJT-X 3.0.2; binary SHA256 9e3c2fc14f63c4b4c4e9fcc33b386cd22daf8fe76ce724c5e37f07875e9a3dd9,"0000 -28  0.0  10.140200 -1  K1ABC FN42 33 
<DecodeFinished>",
-28.0,-1.5,5,2026092505,1,K1ABC FN42 33,-28,-1,10.140200,0.052434745000937255,0,official WSJT-X 3.0.2; binary SHA256 9e3c2fc14f63c4b4c4e9fcc33b386cd22daf8fe76ce724c5e37f07875e9a3dd9,"0000 -28  0.0  10.140200 -1  K1ABC FN42 33 
<DecodeFinished>",
-28.0,-1.5,7,2026092507,1,K1ABC FN42 33,-28,0,10.140200,0.05144682999889483,0,official WSJT-X 3.0.2; binary SHA256 9e3c2fc14f63c4b4c4e9fcc33b386cd22daf8fe76ce724c5e37f07875e9a3dd9,"0000 -28 -0.1  10.140200  0  K1ABC FN42 33 
<DecodeFinished>",
-28.0,-1.5,6,2026092506,1,K1ABC FN42 33,-27,-1,10.140200,0.057635847999335965,0,official WSJT-X 3.0.2; binary SHA256 9e3c2fc14f63c4b4c4e9fcc33b386cd22daf8fe76ce724c5e37f07875e9a3dd9,"0000 -27 -0.1  10.140200 -1  K1ABC FN42 33 
<DecodeFinished>",
-28.0,-1.5,8,2026092508,1,K1ABC FN42 33,-28,-1,10.140200,0.05872836799971992,0,official WSJT-X 3.0.2; binary SHA256 9e3c2fc14f63c4b4c4e9fcc33b386cd22daf8fe76ce724c5e37f07875e9a3dd9,"0000 -28 -0.0  10.140200 -1  K1ABC FN42 33 
<DecodeFinished>",
-28.0,-1.5,9,2026092509,1,K1ABC FN42 33,-27,-1,10.140200,0.050340853000307106,0,official WSJT-X 3.0.2; binary SHA256 9e3c2fc14f63c4b4c4e9fcc33b386cd22daf8fe76ce724c5e37f07875e9a3dd9,"0000 -27 -0.0  10.140200 -1  K1ABC FN42 33 
<DecodeFinished>",
-28.0,-1.5,10,2026092510,1,K1ABC FN42 33,-28,-1,10.140200,0.05210748799981957,0,official WSJT-X 3.0.2; binary SHA256 9e3c2fc14f63c4b4c4e9fcc33b386cd22daf8fe76ce724c5e37f07875e9a3dd9,"0000 -28  0.1  10.140200 -1  K1ABC FN42 33 
<DecodeFinished>",
-28.0,-1.5,11,2026092511,1,K1ABC FN42 33,-28,-1,10.140200,0.05434705000152462,0,official WSJT-X 3.0.2; binary SHA256 9e3c2fc14f63c4b4c4e9fcc33b386cd22daf8fe76ce724c5e37f07875e9a3dd9,"0000 -28 -0.1  10.140200 -1  K1ABC FN42 33 
<DecodeFinished>",
-28.0,-1.5,12,2026092512,1,K1ABC FN42 33,-28,0,10.140200,0.05266714099889214,0,official WSJT-X 3.0.2; binary SHA256 9e3c2fc14f63c4b4c4e9fcc33b386cd22daf8fe76ce724c5e37f07875e9a3dd9,"0000 -28  0.1  10.140200  0  K1ABC FN42 33 
<DecodeFinished>",
-28.0,-1.5,13,2026092513,1,K1ABC FN42 33,-28,-1,10.140200,0.05636623699865595,0,official WSJT-X 3.0.2; binary SHA256 9e3c2fc14f63c4b4c4e9fcc33b386cd22daf8fe76ce724c5e37f07875e9a3dd9,"0000 -28  0.0  10.140200 -1  K1ABC FN42 33 
<DecodeFinished>",
-28.0,-1.5,14,2026092514,1,K1ABC FN42 33,-28,-1,10.140200,0.054355143000066164,0,official WSJT-X 3.0.2; binary SHA256 9e3c2fc14f63c4b4c4e9fcc33b386cd22daf8fe76ce724c5e37f07875e9a3dd9,"0000 -28  0.0  10.140200 -1  K1ABC FN42 33 
<DecodeFinished>",
-28.0,-1.5,15,2026092515,1,K1ABC FN42 33,-28,-1,10.140200,0.049398836001273594,0,official WSJT-X 3.0.2; binary SHA256 9e3c2fc14f63c4b4c4e9fcc33b386cd22daf8fe76ce724c5e37f07875e9a3dd9,"0000 -28  0.0  10.140200 -1  K1ABC FN42 33 
<DecodeFinished>",
-28.0,1.5,90,2026092590,0,,,,,0.5794800469993788,0,official WSJT-X 3.0.2; binary SHA256 9e3c2fc14f63c4b4c4e9fcc33b386cd22daf8fe76ce724c5e37f07875e9a3dd9,<DecodeFinished>,
-28.0,-1.5,16,2026092516,1,K1ABC FN42 33,-28,-1,10.140200,0.06861157499952242,0,official WSJT-X 3.0.2; binary SHA256 9e3c2fc14f63c4b4c4e9fcc33b386cd22daf8fe76ce724c5e37f07875e9a3dd9,"0000 -28  0.0  10.140200 -1  K1ABC FN42 33 
<DecodeFinished>",
-28.0,-1.5,17,2026092517,1,K1ABC FN42 33,-28,-1,10.140200,0.052669668999442365,0,official WSJT-X 3.0.2; binary SHA256 9e3c2fc14f63c4b4c4e9fcc33b386cd22daf8fe76ce724c5e37f07875e9a3dd9,"0000 -28 -0.0  10.140200 -1  K1ABC FN42 33 
<DecodeFinished>",
-28.0,-1.5,18,2026092518,1,K1ABC FN42 33,-28,-1,10.140200,0.047624873001041124,0,official WSJT-X 3.0.2; binary SHA256 9e3c2fc14f63c4b4c4e9fcc33b386cd22daf8fe76ce724c5e37f07875e9a3dd9,"0000 -28 -0.1  10.140200 -1  K1ABC FN42 33 
<DecodeFinished>",
-28.0,-1.5,21,2026092521,1,K1ABC FN42 33,-29,-1,10.140200,0.05762108000089938,0,official WSJT-X 3.0.2; binary SHA256 9e3c2fc14f63c4b4c4e9fcc33b386cd22daf8fe76ce724c5e37f07875e9a3dd9,"0000 -29  0.1  10.140200 -1  K1ABC FN42 33 
<DecodeFinished>",
-28.0,-1.5,20,2026092520,1,K1ABC FN42 33,-28,-1,10.140200,0.07065288400008285,0,official WSJT-X 3.0.2; binary SHA256 9e3c2fc14f63c4b4c4e9fcc33b386cd22daf8fe76ce724c5e37f07875e9a3dd9,"0000 -28 -0.0  10.140200 -1  K1ABC FN42 33 
<DecodeFinished>",
-28.0,-1.5,22,2026092522,1,K1ABC FN42 33,-28,-1,10.140200,0.050064437000401085,0,official WSJT-X 3.0.2; binary SHA256 9e3c2fc14f63c4b4c4e9fcc33b386cd22daf8fe76ce724c5e37f07875e9a3dd9,"0000 -28  0.0  10.140200 -1  K1ABC FN42 33 
<DecodeFinished>",
-28.0,-1.5,19,2026092519,1,K1ABC FN42 33,-29,-1,10.140200,0.09459812100067211,0,official WSJT-X 3.0.2; binary SHA256 9e3c2fc14f63c4b4c4e9fcc33b386cd22daf8fe76ce724c5e37f07875e9a3dd9,"0000 -29 -0.1  10.140200 -1  K1ABC FN42 33 
<DecodeFinished>",
-28.0,-1.5,23,2026092523,1,K1ABC FN42 33,-28,-1,10.140200,0.06800106400078221,0,official WSJT-X 3.0.2; binary SHA256 9e3c2fc14f63c4b4c4e9fcc33b386cd22daf8fe76ce724c5e37f07875e9a3dd9,"0000 -28 -0.1  10.140200 -1  K1ABC FN42 33 
<DecodeFinished>",
-28.0,-1.5,26,2026092526,1,K1ABC FN42 33,-28,-1,10.140200,0.05041551100111974,0,official WSJT-X 3.0.2; binary SHA256 9e3c2fc14f63c4b4c4e9fcc33b386cd22daf8fe76ce724c5e37f07875e9a3dd9,"0000 -28  0.1  10.140200 -1  K1ABC FN42 33 
<DecodeFinished>",
-28.0,-1.5,24,2026092524,1,K1ABC FN42 33,-28,-1,10.140200,0.06687601100020402,0,official WSJT-X 3.0.2; binary SHA256 9e3c2fc14f63c4b4c4e9fcc33b386cd22daf8fe76ce724c5e37f07875e9a3dd9,"0000 -28  0.0  10.140200 -1  K1ABC FN42 33 
<DecodeFinished>",
-28.0,-1.5,28,2026092528,1,K1ABC FN42 33,-28,0,10.140200,0.051941966001322726,0,official WSJT-X 3.0.2; binary SHA256 9e3c2fc14f63c4b4c4e9fcc33b386cd22daf8fe76ce724c5e37f07875e9a3dd9,"0000 -28  0.0  10.140200  0  K1ABC FN42 33 
<DecodeFinished>",
-28.0,-1.5,29,2026092529,1,K1ABC FN42 33,-27,0,10.140200,0.05463772599978256,0,official WSJT-X 3.0.2; binary SHA256 9e3c2fc14f63c4b4c4e9fcc33b386cd22daf8fe76ce724c5e37f07875e9a3dd9,"0000 -27 -0.0  10.140200  0  K1ABC FN42 33 
<DecodeFinished>",
-28.0,-1.5,25,2026092525,1,K1ABC FN42 33,-28,0,10.140200,0.16581625300023006,0,official WSJT-X 3.0.2; binary SHA256 9e3c2fc14f63c4b4c4e9fcc33b386cd22daf8fe76ce724c5e37f07875e9a3dd9,"0000 -28 -0.1  10.140200  0  K1ABC FN42 33 
<DecodeFinished>",
-28.0,-1.5,30,2026092530,1,K1ABC FN42 33,-28,-1,10.140200,0.05279402700034552,0,official WSJT-X 3.0.2; binary SHA256 9e3c2fc14f63c4b4c4e9fcc33b386cd22daf8fe76ce724c5e37f07875e9a3dd9,"0000 -28  0.1  10.140200 -1  K1ABC FN42 33 
<DecodeFinished>",
-28.0,-1.5,31,2026092531,1,K1ABC FN42 33,-28,0,10.140200,0.055554632999701425,0,official WSJT-X 3.0.2; binary SHA256 9e3c2fc14f63c4b4c4e9fcc33b386cd22daf8fe76ce724c5e37f07875e9a3dd9,"0000 -28 -0.1  10.140200  0  K1ABC FN42 33 
<DecodeFinished>",
-28.0,-1.5,32,2026092532,1,K1ABC FN42 33,-28,-1,10.140200,0.050292490999709116,0,official WSJT-X 3.0.2; binary SHA256 9e3c2fc14f63c4b4c4e9fcc33b386cd22daf8fe76ce724c5e37f07875e9a3dd9,"0000 -28  0.0  10.140200 -1  K1ABC FN42 33 
<DecodeFinished>",
-28.0,-1.5,34,2026092534,1,K1ABC FN42 33,-28,-1,10.140200,0.05272963700008404,0,official WSJT-X 3.0.2; binary SHA256 9e3c2fc14f63c4b4c4e9fcc33b386cd22daf8fe76ce724c5e37f07875e9a3dd9,"0000 -28 -0.0  10.140200 -1  K1ABC FN42 33 
<DecodeFinished>",
-28.0,-1.5,33,2026092533,1,K1ABC FN42 33,-28,-1,10.140200,0.06857377199958137,0,official WSJT-X 3.0.2; binary SHA256 9e3c2fc14f63c4b4c4e9fcc33b386cd22daf8fe76ce724c5e37f07875e9a3dd9,"0000 -28  0.0  10.140200 -1  K1ABC FN42 33 
<DecodeFinished>",
-28.0,-1.5,27,2026092527,1,K1ABC FN42 33,-28,0,10.140200,0.19818351399953826,0,official WSJT-X 3.0.2; binary SHA256 9e3c2fc14f63c4b4c4e9fcc33b386cd22daf8fe76ce724c5e37f07875e9a3dd9,"0000 -28  0.1  10.140200  0  K1ABC FN42 33 
<DecodeFinished>",
-28.0,-1.5,36,2026092536,1,K1ABC FN42 33,-28,-1,10.140200,0.05697973899987119,0,official WSJT-X 3.0.2; binary SHA256 9e3c2fc14f63c4b4c4e9fcc33b386cd22daf8fe76ce724c5e37f07875e9a3dd9,"0000 -28  0.1  10.140200 -1  K1ABC FN42 33 
<DecodeFinished>",
-28.0,-1.5,37,2026092537,1,K1ABC FN42 33,-28,-1,10.140200,0.047862158999123494,0,official WSJT-X 3.0.2; binary SHA256 9e3c2fc14f63c4b4c4e9fcc33b386cd22daf8fe76ce724c5e37f07875e9a3dd9,"0000 -28 -0.1  10.140200 -1  K1ABC FN42 33 
<DecodeFinished>",
-28.0,-1.5,38,2026092538,1,K1ABC FN42 33,-28,0,10.140200,0.050602662999153836,0,official WSJT-X 3.0.2; binary SHA256 9e3c2fc14f63c4b4c4e9fcc33b386cd22daf8fe76ce724c5e37f07875e9a3dd9,"0000 -28  0.0  10.140200  0  K1ABC FN42 33 
<DecodeFinished>",
-28.0,-1.5,39,2026092539,1,K1ABC FN42 33,-28,-1,10.140200,0.05541986500065832,0,official WSJT-X 3.0.2; binary SHA256 9e3c2fc14f63c4b4c4e9fcc33b386cd22daf8fe76ce724c5e37f07875e9a3dd9,"0000 -28 -0.1  10.140200 -1  K1ABC FN42 33 
<DecodeFinished>",
-28.0,-1.5,41,2026092541,1,K1ABC FN42 33,-28,0,10.140200,0.059268480999890016,0,official WSJT-X 3.0.2; binary SHA256 9e3c2fc14f63c4b4c4e9fcc33b386cd22daf8fe76ce724c5e37f07875e9a3dd9,"0000 -28  0.0  10.140200  0  K1ABC FN42 33 
<DecodeFinished>",
-28.0,-1.5,42,2026092542,1,K1ABC FN42 33,-29,-1,10.140200,0.05634890900000755,0,official WSJT-X 3.0.2; binary SHA256 9e3c2fc14f63c4b4c4e9fcc33b386cd22daf8fe76ce724c5e37f07875e9a3dd9,"0000 -29  0.0  10.140200 -1  K1ABC FN42 33 
<DecodeFinished>",
-28.0,-1.5,43,2026092543,1,K1ABC FN42 33,-28,-1,10.140200,0.05497478600045724,0,official WSJT-X 3.0.2; binary SHA256 9e3c2fc14f63c4b4c4e9fcc33b386cd22daf8fe76ce724c5e37f07875e9a3dd9,"0000 -28 -0.1  10.140200 -1  K1ABC FN42 33 
<DecodeFinished>",
-28.0,-1.5,40,2026092540,1,K1ABC FN42 33,-27,0,10.140200,0.16083155000160332,0,official WSJT-X 3.0.2; binary SHA256 9e3c2fc14f63c4b4c4e9fcc33b386cd22daf8fe76ce724c5e37f07875e9a3dd9,"0000 -27 -0.0  10.140200  0  K1ABC FN42 33 
<DecodeFinished>",
-28.0,-1.5,45,2026092545,1,K1ABC FN42 33,-29,-1,10.140200,0.05772188099945197,0,official WSJT-X 3.0.2; binary SHA256 9e3c2fc14f63c4b4c4e9fcc33b386cd22daf8fe76ce724c5e37f07875e9a3dd9,"0000 -29 -0.1  10.140200 -1  K1ABC FN42 33 
<DecodeFinished>",
-28.0,-1.5,47,2026092547,1,K1ABC FN42 33,-28,-1,10.140200,0.05530680599986226,0,official WSJT-X 3.0.2; binary SHA256 9e3c2fc14f63c4b4c4e9fcc33b386cd22daf8fe76ce724c5e37f07875e9a3dd9,"0000 -28  0.1  10.140200 -1  K1ABC FN42 33 
<DecodeFinished>",
-28.0,-1.5,44,2026092544,1,K1ABC FN42 33,-28,0,10.140200,0.18442360500012,0,official WSJT-X 3.0.2; binary SHA256 9e3c2fc14f63c4b4c4e9fcc33b386cd22daf8fe76ce724c5e37f07875e9a3dd9,"0000 -28  0.1  10.140200  0  K1ABC FN42 33 
<DecodeFinished>",
-28.0,-1.5,48,2026092548,1,K1ABC FN42 33,-28,-1,10.140200,0.06368835799912631,0,official WSJT-X 3.0.2; binary SHA256 9e3c2fc14f63c4b4c4e9fcc33b386cd22daf8fe76ce724c5e37f07875e9a3dd9,"0000 -28 -0.1  10.140200 -1  K1ABC FN42 33 
<DecodeFinished>",
-28.0,-1.5,46,2026092546,0,,,,,0.15832542699899932,0,official WSJT-X 3.0.2; binary SHA256 9e3c2fc14f63c4b4c4e9fcc33b386cd22daf8fe76ce724c5e37f07875e9a3dd9,<DecodeFinished>,
-28.0,-1.5,49,2026092549,1,K1ABC FN42 33,-27,-1,10.140200,0.061831004999476136,0,official WSJT-X 3.0.2; binary SHA256 9e3c2fc14f63c4b4c4e9fcc33b386cd22daf8fe76ce724c5e37f07875e9a3dd9,"0000 -27 -0.1  10.140200 -1  K1ABC FN42 33 
<DecodeFinished>",
-28.0,-1.5,51,2026092551,1,K1ABC FN42 33,-27,-1,10.140200,0.05338820099859731,0,official WSJT-X 3.0.2; binary SHA256 9e3c2fc14f63c4b4c4e9fcc33b386cd22daf8fe76ce724c5e37f07875e9a3dd9,"0000 -27 -0.1  10.140200 -1  K1ABC FN42 33 
<DecodeFinished>",
-28.0,-1.5,50,2026092550,1,K1ABC FN42 33,-28,-1,10.140200,0.06054183599917451,0,official WSJT-X 3.0.2; binary SHA256 9e3c2fc14f63c4b4c4e9fcc33b386cd22daf8fe76ce724c5e37f07875e9a3dd9,"0000 -28  0.1  10.140200 -1  K1ABC FN42 33 
<DecodeFinished>",
-28.0,-1.5,52,2026092552,1,K1ABC FN42 33,-28,-1,10.140200,0.05578078200051095,0,official WSJT-X 3.0.2; binary SHA256 9e3c2fc14f63c4b4c4e9fcc33b386cd22daf8fe76ce724c5e37f07875e9a3dd9,"0000 -28  0.1  10.140200 -1  K1ABC FN42 33 
<DecodeFinished>",
-28.0,-1.5,53,2026092553,1,K1ABC FN42 33,-27,-1,10.140200,0.05262937400038936,0,official WSJT-X 3.0.2; binary SHA256 9e3c2fc14f63c4b4c4e9fcc33b386cd22daf8fe76ce724c5e37f07875e9a3dd9,"0000 -27 -0.0  10.140200 -1  K1ABC FN42 33 
<DecodeFinished>",
-28.0,-1.5,54,2026092554,1,K1ABC FN42 33,-28,-1,10.140200,0.046357055000044056,0,official WSJT-X 3.0.2; binary SHA256 9e3c2fc14f63c4b4c4e9fcc33b386cd22daf8fe76ce724c5e37f07875e9a3dd9,"0000 -28 -0.1  10.140200 -1  K1ABC FN42 33 
<DecodeFinished>",
-28.0,-1.5,55,2026092555,1,K1ABC FN42 33,-28,-1,10.140200,0.05654239000068628,0,official WSJT-X 3.0.2; binary SHA256 9e3c2fc14f63c4b4c4e9fcc33b386cd22daf8fe76ce724c5e37f07875e9a3dd9,"0000 -28  0.0  10.140200 -1  K1ABC FN42 33 
<DecodeFinished>",
-28.0,-1.5,56,2026092556,1,K1ABC FN42 33,-28,0,10.140200,0.049892622000697884,0,official WSJT-X 3.0.2; binary SHA256 9e3c2fc14f63c4b4c4e9fcc33b386cd22daf8fe76ce724c5e37f07875e9a3dd9,"0000 -28 -0.1  10.140200  0  K1ABC FN42 33 
<DecodeFinished>",
-28.0,-1.5,35,2026092535,0,,,,,0.5507260170015797,0,official WSJT-X 3.0.2; binary SHA256 9e3c2fc14f63c4b4c4e9fcc33b386cd22daf8fe76ce724c5e37f07875e9a3dd9,<DecodeFinished>,
-28.0,-1.5,58,2026092558,1,K1ABC FN42 33,-28,-1,10.140200,0.048799875999975484,0,official WSJT-X 3.0.2; binary SHA256 9e3c2fc14f63c4b4c4e9fcc33b386cd22daf8fe76ce724c5e37f07875e9a3dd9,"0000 -28  0.1  10.140200 -1  K1ABC FN42 33 
<DecodeFinished>",
-28.0,-1.5,59,2026092559,1,K1ABC FN42 33,-28,-1,10.140200,0.05196477900062746,0,official WSJT-X 3.0.2; binary SHA256 9e3c2fc14f63c4b4c4e9fcc33b386cd22daf8fe76ce724c5e37f07875e9a3dd9,"0000 -28  0.1  10.140200 -1  K1ABC FN42 33 
<DecodeFinished>",
-28.0,-1.5,60,2026092560,1,K1ABC FN42 33,-28,-2,10.140200,0.05983649600057106,0,official WSJT-X 3.0.2; binary SHA256 9e3c2fc14f63c4b4c4e9fcc33b386cd22daf8fe76ce724c5e37f07875e9a3dd9,"0000 -28 -0.0  10.140200 -2  K1ABC FN42 33 
<DecodeFinished>",
-28.0,-1.5,62,2026092562,1,K1ABC FN42 33,-28,-1,10.140200,0.05054033399937907,0,official WSJT-X 3.0.2; binary SHA256 9e3c2fc14f63c4b4c4e9fcc33b386cd22daf8fe76ce724c5e37f07875e9a3dd9,"0000 -28  0.1  10.140200 -1  K1ABC FN42 33 
<DecodeFinished>",
-28.0,-1.5,57,2026092557,1,K1ABC FN42 33,-28,0,10.140200,0.1573446190013783,0,official WSJT-X 3.0.2; binary SHA256 9e3c2fc14f63c4b4c4e9fcc33b386cd22daf8fe76ce724c5e37f07875e9a3dd9,"0000 -28 -0.0  10.140200  0  K1ABC FN42 33 
<DecodeFinished>",
-28.0,-1.5,61,2026092561,1,K1ABC FN42 33,-28,0,10.140200,0.06602337399999669,0,official WSJT-X 3.0.2; binary SHA256 9e3c2fc14f63c4b4c4e9fcc33b386cd22daf8fe76ce724c5e37f07875e9a3dd9,"0000 -28  0.0  10.140200  0  K1ABC FN42 33 
<DecodeFinished>",
-28.0,-1.5,63,2026092563,1,K1ABC FN42 33,-28,-1,10.140200,0.05974737799988361,0,official WSJT-X 3.0.2; binary SHA256 9e3c2fc14f63c4b4c4e9fcc33b386cd22daf8fe76ce724c5e37f07875e9a3dd9,"0000 -28  0.1  10.140200 -1  K1ABC FN42 33 
<DecodeFinished>",
-28.0,-1.5,65,2026092565,1,K1ABC FN42 33,-28,0,10.140200,0.06039904499994009,0,official WSJT-X 3.0.2; binary SHA256 9e3c2fc14f63c4b4c4e9fcc33b386cd22daf8fe76ce724c5e37f07875e9a3dd9,"0000 -28 -0.0  10.140200  0  K1ABC FN42 33 
<DecodeFinished>",
-28.0,-1.5,66,2026092566,1,K1ABC FN42 33,-28,0,10.140200,0.05849488500098232,0,official WSJT-X 3.0.2; binary SHA256 9e3c2fc14f63c4b4c4e9fcc33b386cd22daf8fe76ce724c5e37f07875e9a3dd9,"0000 -28 -0.0  10.140200  0  K1ABC FN42 33 
<DecodeFinished>",
-28.0,-1.5,67,2026092567,1,K1ABC FN42 33,-29,-1,10.140200,0.0494979279992549,0,official WSJT-X 3.0.2; binary SHA256 9e3c2fc14f63c4b4c4e9fcc33b386cd22daf8fe76ce724c5e37f07875e9a3dd9,"0000 -29 -0.0  10.140200 -1  K1ABC FN42 33 
<DecodeFinished>",
-28.0,-1.5,64,2026092564,1,K1ABC FN42 33,-29,-1,10.140200,0.08101053200152819,0,official WSJT-X 3.0.2; binary SHA256 9e3c2fc14f63c4b4c4e9fcc33b386cd22daf8fe76ce724c5e37f07875e9a3dd9,"0000 -29 -0.1  10.140200 -1  K1ABC FN42 33 
<DecodeFinished>",
-28.0,-1.5,68,2026092568,1,K1ABC FN42 33,-28,0,10.140200,0.07207943299908948,0,official WSJT-X 3.0.2; binary SHA256 9e3c2fc14f63c4b4c4e9fcc33b386cd22daf8fe76ce724c5e37f07875e9a3dd9,"0000 -28  0.0  10.140200  0  K1ABC FN42 33 
<DecodeFinished>",
-28.0,-1.5,71,2026092571,1,K1ABC FN42 33,-29,-1,10.140200,0.057671012998980586,0,official WSJT-X 3.0.2; binary SHA256 9e3c2fc14f63c4b4c4e9fcc33b386cd22daf8fe76ce724c5e37f07875e9a3dd9,"0000 -29  0.1  10.140200 -1  K1ABC FN42 33 
<DecodeFinished>",
-28.0,-1.5,69,2026092569,1,K1ABC FN42 33,-28,-1,10.140200,0.07696557700000994,0,official WSJT-X 3.0.2; binary SHA256 9e3c2fc14f63c4b4c4e9fcc33b386cd22daf8fe76ce724c5e37f07875e9a3dd9,"0000 -28  0.1  10.140200 -1  K1ABC FN42 33 
<DecodeFinished>",
-28.0,-1.5,70,2026092570,1,K1ABC FN42 33,-28,-1,10.140200,0.07840697299980093,0,official WSJT-X 3.0.2; binary SHA256 9e3c2fc14f63c4b4c4e9fcc33b386cd22daf8fe76ce724c5e37f07875e9a3dd9,"0000 -28  0.0  10.140200 -1  K1ABC FN42 33 
<DecodeFinished>",
-28.0,-1.5,72,2026092572,1,K1ABC FN42 33,-28,-1,10.140200,0.06814226599999529,0,official WSJT-X 3.0.2; binary SHA256 9e3c2fc14f63c4b4c4e9fcc33b386cd22daf8fe76ce724c5e37f07875e9a3dd9,"0000 -28 -0.0  10.140200 -1  K1ABC FN42 33 
<DecodeFinished>",
-28.0,-1.5,74,2026092574,1,K1ABC FN42 33,-28,0,10.140200,0.06282305799868482,0,official WSJT-X 3.0.2; binary SHA256 9e3c2fc14f63c4b4c4e9fcc33b386cd22daf8fe76ce724c5e37f07875e9a3dd9,"0000 -28  0.0  10.140200  0  K1ABC FN42 33 
<DecodeFinished>",
-28.0,-1.5,73,2026092573,1,K1ABC FN42 33,-28,0,10.140200,0.07616725200023211,0,official WSJT-X 3.0.2; binary SHA256 9e3c2fc14f63c4b4c4e9fcc33b386cd22daf8fe76ce724c5e37f07875e9a3dd9,"0000 -28 -0.1  10.140200  0  K1ABC FN42 33 
<DecodeFinished>",
-28.0,-1.5,75,2026092575,1,K1ABC FN42 33,-28,-1,10.140200,0.0703164429996832,0,official WSJT-X 3.0.2; binary SHA256 9e3c2fc14f63c4b4c4e9fcc33b386cd22daf8fe76ce724c5e37f07875e9a3dd9,"0000 -28 -0.0  10.140200 -1  K1ABC FN42 33 
<DecodeFinished>",
-28.0,-1.5,76,2026092576,1,K1ABC FN42 33,-28,-1,10.140200,0.07257389499864075,0,official WSJT-X 3.0.2; binary SHA256 9e3c2fc14f63c4b4c4e9fcc33b386cd22daf8fe76ce724c5e37f07875e9a3dd9,"0000 -28  0.0  10.140200 -1  K1ABC FN42 33 
<DecodeFinished>",
-28.0,-1.5,78,2026092578,1,K1ABC FN42 33,-27,-1,10.140200,0.06265517000065302,0,official WSJT-X 3.0.2; binary SHA256 9e3c2fc14f63c4b4c4e9fcc33b386cd22daf8fe76ce724c5e37f07875e9a3dd9,"0000 -27  0.0  10.140200 -1  K1ABC FN42 33 
<DecodeFinished>",
-28.0,-1.5,79,2026092579,1,K1ABC FN42 33,-28,-1,10.140200,0.06090750499970454,0,official WSJT-X 3.0.2; binary SHA256 9e3c2fc14f63c4b4c4e9fcc33b386cd22daf8fe76ce724c5e37f07875e9a3dd9,"0000 -28  0.0  10.140200 -1  K1ABC FN42 33 
<DecodeFinished>",
-28.0,-1.5,77,2026092577,1,K1ABC FN42 33,-28,-1,10.140200,0.07547260399951483,0,official WSJT-X 3.0.2; binary SHA256 9e3c2fc14f63c4b4c4e9fcc33b386cd22daf8fe76ce724c5e37f07875e9a3dd9,"0000 -28 -0.1  10.140200 -1  K1ABC FN42 33 
<DecodeFinished>",
-28.0,-1.5,82,2026092582,1,K1ABC FN42 33,-28,-1,10.140200,0.06516670099881594,0,official WSJT-X 3.0.2; binary SHA256 9e3c2fc14f63c4b4c4e9fcc33b386cd22daf8fe76ce724c5e37f07875e9a3dd9,"0000 -28 -0.1  10.140200 -1  K1ABC FN42 33 
<DecodeFinished>",
-28.0,-1.5,83,2026092583,1,K1ABC FN42 33,-29,-1,10.140200,0.06961750099981145,0,official WSJT-X 3.0.2; binary SHA256 9e3c2fc14f63c4b4c4e9fcc33b386cd22daf8fe76ce724c5e37f07875e9a3dd9,"0000 -29  0.1  10.140200 -1  K1ABC FN42 33 
<DecodeFinished>",
-28.0,-1.5,80,2026092580,1,K1ABC FN42 33,-28,-1,10.140200,0.07289672899969446,0,official WSJT-X 3.0.2; binary SHA256 9e3c2fc14f63c4b4c4e9fcc33b386cd22daf8fe76ce724c5e37f07875e9a3dd9,"0000 -28  0.0  10.140200 -1  K1ABC FN42 33 
<DecodeFinished>",
-28.0,-1.5,85,2026092585,1,K1ABC FN42 33,-28,-1,10.140200,0.052742674999535666,0,official WSJT-X 3.0.2; binary SHA256 9e3c2fc14f63c4b4c4e9fcc33b386cd22daf8fe76ce724c5e37f07875e9a3dd9,"0000 -28  0.0  10.140200 -1  K1ABC FN42 33 
<DecodeFinished>",
-28.0,-1.5,84,2026092584,1,K1ABC FN42 33,-28,-1,10.140200,0.05891988300027151,0,official WSJT-X 3.0.2; binary SHA256 9e3c2fc14f63c4b4c4e9fcc33b386cd22daf8fe76ce724c5e37f07875e9a3dd9,"0000 -28 -0.1  10.140200 -1  K1ABC FN42 33 
<DecodeFinished>",
-28.0,-1.5,86,2026092586,1,K1ABC FN42 33,-28,0,10.140200,0.053327153000282124,0,official WSJT-X 3.0.2; binary SHA256 9e3c2fc14f63c4b4c4e9fcc33b386cd22daf8fe76ce724c5e37f07875e9a3dd9,"0000 -28  0.0  10.140200  0  K1ABC FN42 33 
<DecodeFinished>",
-28.0,-1.5,89,2026092589,1,K1ABC FN42 33,-28,-1,10.140200,0.04873546599992551,0,official WSJT-X 3.0.2; binary SHA256 9e3c2fc14f63c4b4c4e9fcc33b386cd22daf8fe76ce724c5e37f07875e9a3dd9,"0000 -28 -0.0  10.140200 -1  K1ABC FN42 33 
<DecodeFinished>",
-28.0,-1.5,88,2026092588,1,K1ABC FN42 33,-28,-1,10.140200,0.05097784600002342,0,official WSJT-X 3.0.2; binary SHA256 9e3c2fc14f63c4b4c4e9fcc33b386cd22daf8fe76ce724c5e37f07875e9a3dd9,"0000 -28 -0.0  10.140200 -1  K1ABC FN42 33 
<DecodeFinished>",
-28.0,-1.5,81,2026092581,1,K1ABC FN42 33,-28,0,10.140200,0.19073632400068163,0,official WSJT-X 3.0.2; binary SHA256 9e3c2fc14f63c4b4c4e9fcc33b386cd22daf8fe76ce724c5e37f07875e9a3dd9,"0000 -28  0.0  10.140200  0  K1ABC FN42 33 
<DecodeFinished>",
-28.0,-1.5,90,2026092590,1,K1ABC FN42 33,-28,-1,10.140200,0.049462442000731244,0,official WSJT-X 3.0.2; binary SHA256 9e3c2fc14f63c4b4c4e9fcc33b386cd22daf8fe76ce724c5e37f07875e9a3dd9,"0000 -28 -0.0  10.140200 -1  K1ABC FN42 33 
<DecodeFinished>",
-28.0,-1.5,91,2026092591,1,K1ABC FN42 33,-27,-1,10.140200,0.050399714999002754,0,official WSJT-X 3.0.2; binary SHA256 9e3c2fc14f63c4b4c4e9fcc33b386cd22daf8fe76ce724c5e37f07875e9a3dd9,"0000 -27  0.1  10.140200 -1  K1ABC FN42 33 
<DecodeFinished>",
-28.0,-1.5,92,2026092592,1,K1ABC FN42 33,-28,-1,10.140200,0.05204355500063684,0,official WSJT-X 3.0.2; binary SHA256 9e3c2fc14f63c4b4c4e9fcc33b386cd22daf8fe76ce724c5e37f07875e9a3dd9,"0000 -28  0.1  10.140200 -1  K1ABC FN42 33 
<DecodeFinished>",
-28.0,-1.5,87,2026092587,1,K1ABC FN42 33,-28,0,10.140200,0.14696577199902094,0,official WSJT-X 3.0.2; binary SHA256 9e3c2fc14f63c4b4c4e9fcc33b386cd22daf8fe76ce724c5e37f07875e9a3dd9,"0000 -28  0.0  10.140200  0  K1ABC FN42 33 
<DecodeFinished>",
-28.0,-1.5,94,2026092594,1,K1ABC FN42 33,-28,-1,10.140200,0.05131301199980953,0,official WSJT-X 3.0.2; binary SHA256 9e3c2fc14f63c4b4c4e9fcc33b386cd22daf8fe76ce724c5e37f07875e9a3dd9,"0000 -28  0.0  10.140200 -1  K1ABC FN42 33 
<DecodeFinished>",
-28.0,-1.5,93,2026092593,1,K1ABC FN42 33,-28,-1,10.140200,0.05507975900036399,0,official WSJT-X 3.0.2; binary SHA256 9e3c2fc14f63c4b4c4e9fcc33b386cd22daf8fe76ce724c5e37f07875e9a3dd9,"0000 -28  0.1  10.140200 -1  K1ABC FN42 33 
<DecodeFinished>",
-28.0,-1.5,95,2026092595,1,K1ABC FN42 33,-27,-1,10.140200,0.06913574000100198,0,official WSJT-X 3.0.2; binary SHA256 9e3c2fc14f63c4b4c4e9fcc33b386cd22daf8fe76ce724c5e37f07875e9a3dd9,"0000 -27  0.1  10.140200 -1  K1ABC FN42 33 
<DecodeFinished>",
-28.0,-1.5,96,2026092596,1,K1ABC FN42 33,-28,-1,10.140200,0.07843117100128438,0,official WSJT-X 3.0.2; binary SHA256 9e3c2fc14f63c4b4c4e9fcc33b386cd22daf8fe76ce724c5e37f07875e9a3dd9,"0000 -28 -0.0  10.140200 -1  K1ABC FN42 33 
<DecodeFinished>",
-28.0,-1.5,97,2026092597,1,K1ABC FN42 33,-28,-1,10.140200,0.07405821300017124,0,official WSJT-X 3.0.2; binary SHA256 9e3c2fc14f63c4b4c4e9fcc33b386cd22daf8fe76ce724c5e37f07875e9a3dd9,"0000 -28 -0.0  10.140200 -1  K1ABC FN42 33 
<DecodeFinished>",
-28.0,-1.5,99,2026092599,1,K1ABC FN42 33,-28,-1,10.140200,0.06067458399957104,0,official WSJT-X 3.0.2; binary SHA256 9e3c2fc14f63c4b4c4e9fcc33b386cd22daf8fe76ce724c5e37f07875e9a3dd9,"0000 -28 -0.1  10.140200 -1  K1ABC FN42 33 
<DecodeFinished>",
-28.0,-1.5,98,2026092598,1,K1ABC FN42 33,-29,-1,10.140200,0.12651102600102604,0,official WSJT-X 3.0.2; binary SHA256 9e3c2fc14f63c4b4c4e9fcc33b386cd22daf8fe76ce724c5e37f07875e9a3dd9,"0000 -29 -0.2  10.140200 -1  K1ABC FN42 33 
<DecodeFinished>",
-28.0,2.0,1,2026092501,1,K1ABC FN42 33,-28,2,10.140200,0.0924731029990653,0,official WSJT-X 3.0.2; binary SHA256 9e3c2fc14f63c4b4c4e9fcc33b386cd22daf8fe76ce724c5e37f07875e9a3dd9,"0000 -28  0.1  10.140200  2  K1ABC FN42 33 
<DecodeFinished>",
-28.0,2.0,0,2026092500,1,K1ABC FN42 33,-29,2,10.140200,0.09994539499894017,0,official WSJT-X 3.0.2; binary SHA256 9e3c2fc14f63c4b4c4e9fcc33b386cd22daf8fe76ce724c5e37f07875e9a3dd9,"0000 -29 -0.0  10.140200  2  K1ABC FN42 33 
<DecodeFinished>",
-28.0,2.0,2,2026092502,1,K1ABC FN42 33,-28,2,10.140200,0.08024120099980792,0,official WSJT-X 3.0.2; binary SHA256 9e3c2fc14f63c4b4c4e9fcc33b386cd22daf8fe76ce724c5e37f07875e9a3dd9,"0000 -28  0.1  10.140200  2  K1ABC FN42 33 
<DecodeFinished>",
-28.0,2.0,3,2026092503,1,K1ABC FN42 33,-28,1,10.140200,0.09624683000038203,0,official WSJT-X 3.0.2; binary SHA256 9e3c2fc14f63c4b4c4e9fcc33b386cd22daf8fe76ce724c5e37f07875e9a3dd9,"0000 -28 -0.1  10.140200  1  K1ABC FN42 33 
<DecodeFinished>",
-28.0,2.0,4,2026092504,1,K1ABC FN42 33,-28,2,10.140200,0.06227173300067079,0,official WSJT-X 3.0.2; binary SHA256 9e3c2fc14f63c4b4c4e9fcc33b386cd22daf8fe76ce724c5e37f07875e9a3dd9,"0000 -28 -0.0  10.140200  2  K1ABC FN42 33 
<DecodeFinished>",
-28.0,2.0,6,2026092506,1,K1ABC FN42 33,-29,2,10.140200,0.05454218399972888,0,official WSJT-X 3.0.2; binary SHA256 9e3c2fc14f63c4b4c4e9fcc33b386cd22daf8fe76ce724c5e37f07875e9a3dd9,"0000 -29  0.0  10.140200  2  K1ABC FN42 33 
<DecodeFinished>",
-28.0,2.0,5,2026092505,1,K1ABC FN42 33,-28,2,10.140200,0.05879316699974879,0,official WSJT-X 3.0.2; binary SHA256 9e3c2fc14f63c4b4c4e9fcc33b386cd22daf8fe76ce724c5e37f07875e9a3dd9,"0000 -28  0.1  10.140200  2  K1ABC FN42 33 
<DecodeFinished>",
-28.0,2.0,10,2026092510,1,K1ABC FN42 33,-29,2,10.140200,0.07729848799863248,0,official WSJT-X 3.0.2; binary SHA256 9e3c2fc14f63c4b4c4e9fcc33b386cd22daf8fe76ce724c5e37f07875e9a3dd9,"0000 -29 -0.1  10.140200  2  K1ABC FN42 33 
<DecodeFinished>",
-28.0,2.0,9,2026092509,1,K1ABC FN42 33,-28,2,10.140200,0.0801584870005172,0,official WSJT-X 3.0.2; binary SHA256 9e3c2fc14f63c4b4c4e9fcc33b386cd22daf8fe76ce724c5e37f07875e9a3dd9,"0000 -28 -0.0  10.140200  2  K1ABC FN42 33 
<DecodeFinished>",
-28.0,2.0,7,2026092507,1,K1ABC FN42 33,-28,2,10.140200,0.08640834800098673,0,official WSJT-X 3.0.2; binary SHA256 9e3c2fc14f63c4b4c4e9fcc33b386cd22daf8fe76ce724c5e37f07875e9a3dd9,"0000 -28 -0.1  10.140200  2  K1ABC FN42 33 
<DecodeFinished>",
-28.0,2.0,11,2026092511,1,K1ABC FN42 33,-29,2,10.140200,0.05968357100027788,0,official WSJT-X 3.0.2; binary SHA256 9e3c2fc14f63c4b4c4e9fcc33b386cd22daf8fe76ce724c5e37f07875e9a3dd9,"0000 -29  0.1  10.140200  2  K1ABC FN42 33 
<DecodeFinished>",
-28.0,2.0,12,2026092512,1,K1ABC FN42 33,-28,2,10.140200,0.06403454799874453,0,official WSJT-X 3.0.2; binary SHA256 9e3c2fc14f63c4b4c4e9fcc33b386cd22daf8fe76ce724c5e37f07875e9a3dd9,"0000 -28 -0.1  10.140200  2  K1ABC FN42 33 
<DecodeFinished>",
-28.0,2.0,13,2026092513,1,K1ABC FN42 33,-28,2,10.140200,0.06425017800029309,0,official WSJT-X 3.0.2; binary SHA256 9e3c2fc14f63c4b4c4e9fcc33b386cd22daf8fe76ce724c5e37f07875e9a3dd9,"0000 -28  0.1  10.140200  2  K1ABC FN42 33 
<DecodeFinished>",
-28.0,2.0,8,2026092508,0,,,,,0.1784638429999177,0,official WSJT-X 3.0.2; binary SHA256 9e3c2fc14f63c4b4c4e9fcc33b386cd22daf8fe76ce724c5e37f07875e9a3dd9,<DecodeFinished>,
-28.0,2.0,14,2026092514,1,K1ABC FN42 33,-28,2,10.140200,0.05048019899913925,0,official WSJT-X 3.0.2; binary SHA256 9e3c2fc14f63c4b4c4e9fcc33b386cd22daf8fe76ce724c5e37f07875e9a3dd9,"0000 -28  0.0  10.140200  2  K1ABC FN42 33 
<DecodeFinished>",
-28.0,2.0,15,2026092515,1,K1ABC FN42 33,-28,1,10.140200,0.05285802700018394,0,official WSJT-X 3.0.2; binary SHA256 9e3c2fc14f63c4b4c4e9fcc33b386cd22daf8fe76ce724c5e37f07875e9a3dd9,"0000 -28 -0.1  10.140200  1  K1ABC FN42 33 
<DecodeFinished>",
-28.0,2.0,18,2026092518,1,K1ABC FN42 33,-28,2,10.140200,0.05031529599909845,0,official WSJT-X 3.0.2; binary SHA256 9e3c2fc14f63c4b4c4e9fcc33b386cd22daf8fe76ce724c5e37f07875e9a3dd9,"0000 -28  0.0  10.140200  2  K1ABC FN42 33 
<DecodeFinished>",
-28.0,2.0,19,2026092519,1,K1ABC FN42 33,-28,2,10.140200,0.057610683999882895,0,official WSJT-X 3.0.2; binary SHA256 9e3c2fc14f63c4b4c4e9fcc33b386cd22daf8fe76ce724c5e37f07875e9a3dd9,"0000 -28 -0.0  10.140200  2  K1ABC FN42 33 
<DecodeFinished>",
-28.0,2.0,20,2026092520,1,K1ABC FN42 33,-27,2,10.140200,0.05165126300016709,0,official WSJT-X 3.0.2; binary SHA256 9e3c2fc14f63c4b4c4e9fcc33b386cd22daf8fe76ce724c5e37f07875e9a3dd9,"0000 -27  0.0  10.140200  2  K1ABC FN42 33 
<DecodeFinished>",
-28.0,2.0,21,2026092521,1,K1ABC FN42 33,-29,2,10.140200,0.057557292999263154,0,official WSJT-X 3.0.2; binary SHA256 9e3c2fc14f63c4b4c4e9fcc33b386cd22daf8fe76ce724c5e37f07875e9a3dd9,"0000 -29 -0.1  10.140200  2  K1ABC FN42 33 
<DecodeFinished>",
-28.0,2.0,22,2026092522,1,K1ABC FN42 33,-28,2,10.140200,0.05948566200095229,0,official WSJT-X 3.0.2; binary SHA256 9e3c2fc14f63c4b4c4e9fcc33b386cd22daf8fe76ce724c5e37f07875e9a3dd9,"0000 -28  0.0  10.140200  2  K1ABC FN42 33 
<DecodeFinished>",
-28.0,2.0,17,2026092517,1,K1ABC FN42 33,-29,0,10.140200,0.1741367659997195,0,official WSJT-X 3.0.2; binary SHA256 9e3c2fc14f63c4b4c4e9fcc33b386cd22daf8fe76ce724c5e37f07875e9a3dd9,"0000 -29  0.0  10.140200  0  K1ABC FN42 33 
<DecodeFinished>",
-28.0,2.0,23,2026092523,1,K1ABC FN42 33,-28,2,10.140200,0.05391931499980274,0,official WSJT-X 3.0.2; binary SHA256 9e3c2fc14f63c4b4c4e9fcc33b386cd22daf8fe76ce724c5e37f07875e9a3dd9,"0000 -28  0.0  10.140200  2  K1ABC FN42 33 
<DecodeFinished>",
-28.0,2.0,24,2026092524,1,K1ABC FN42 33,-28,1,10.140200,0.051182098999561276,0,official WSJT-X 3.0.2; binary SHA256 9e3c2fc14f63c4b4c4e9fcc33b386cd22daf8fe76ce724c5e37f07875e9a3dd9,"0000 -28  0.0  10.140200  1  K1ABC FN42 33 
<DecodeFinished>",
-28.0,2.0,25,2026092525,1,K1ABC FN42 33,-29,2,10.140200,0.05692498899952625,0,official WSJT-X 3.0.2; binary SHA256 9e3c2fc14f63c4b4c4e9fcc33b386cd22daf8fe76ce724c5e37f07875e9a3dd9,"0000 -29 -0.1  10.140200  2  K1ABC FN42 33 
<DecodeFinished>",
-28.0,2.0,26,2026092526,1,K1ABC FN42 33,-28,2,10.140200,0.051223087999460404,0,official WSJT-X 3.0.2; binary SHA256 9e3c2fc14f63c4b4c4e9fcc33b386cd22daf8fe76ce724c5e37f07875e9a3dd9,"0000 -28 -0.1  10.140200  2  K1ABC FN42 33 
<DecodeFinished>",
-28.0,2.0,27,2026092527,1,K1ABC FN42 33,-28,2,10.140200,0.055224102001375286,0,official WSJT-X 3.0.2; binary SHA256 9e3c2fc14f63c4b4c4e9fcc33b386cd22daf8fe76ce724c5e37f07875e9a3dd9,"0000 -28  0.0  10.140200  2  K1ABC FN42 33 
<DecodeFinished>",
-28.0,2.0,28,2026092528,1,K1ABC FN42 33,-28,1,10.140200,0.05017630800102779,0,official WSJT-X 3.0.2; binary SHA256 9e3c2fc14f63c4b4c4e9fcc33b386cd22daf8fe76ce724c5e37f07875e9a3dd9,"0000 -28 -0.0  10.140200  1  K1ABC FN42 33 
<DecodeFinished>",
-28.0,2.0,29,2026092529,1,K1ABC FN42 33,-28,2,10.140200,0.04655118200025754,0,official WSJT-X 3.0.2; binary SHA256 9e3c2fc14f63c4b4c4e9fcc33b386cd22daf8fe76ce724c5e37f07875e9a3dd9,"0000 -28  0.0  10.140200  2  K1ABC FN42 33 
<DecodeFinished>",
-28.0,2.0,30,2026092530,1,K1ABC FN42 33,-28,2,10.140200,0.04949810600010096,0,official WSJT-X 3.0.2; binary SHA256 9e3c2fc14f63c4b4c4e9fcc33b386cd22daf8fe76ce724c5e37f07875e9a3dd9,"0000 -28  0.0  10.140200  2  K1ABC FN42 33 
<DecodeFinished>",
-28.0,2.0,31,2026092531,1,K1ABC FN42 33,-28,2,10.140200,0.0579456460000074,0,official WSJT-X 3.0.2; binary SHA256 9e3c2fc14f63c4b4c4e9fcc33b386cd22daf8fe76ce724c5e37f07875e9a3dd9,"0000 -28  0.0  10.140200  2  K1ABC FN42 33 
<DecodeFinished>",
-28.0,2.0,34,2026092534,1,K1ABC FN42 33,-28,1,10.140200,0.04874672699952498,0,official WSJT-X 3.0.2; binary SHA256 9e3c2fc14f63c4b4c4e9fcc33b386cd22daf8fe76ce724c5e37f07875e9a3dd9,"0000 -28 -0.1  10.140200  1  K1ABC FN42 33 
<DecodeFinished>",
-28.0,2.0,33,2026092533,1,K1ABC FN42 33,-29,2,10.140200,0.06435924600009457,0,official WSJT-X 3.0.2; binary SHA256 9e3c2fc14f63c4b4c4e9fcc33b386cd22daf8fe76ce724c5e37f07875e9a3dd9,"0000 -29  0.1  10.140200  2  K1ABC FN42 33 
<DecodeFinished>",
-28.0,2.0,32,2026092532,1,K1ABC FN42 33,-28,0,10.140200,0.1530382520013518,0,official WSJT-X 3.0.2; binary SHA256 9e3c2fc14f63c4b4c4e9fcc33b386cd22daf8fe76ce724c5e37f07875e9a3dd9,"0000 -28  0.0  10.140200  0  K1ABC FN42 33 
<DecodeFinished>",
-28.0,2.0,35,2026092535,1,K1ABC FN42 33,-28,2,10.140200,0.051491010999598075,0,official WSJT-X 3.0.2; binary SHA256 9e3c2fc14f63c4b4c4e9fcc33b386cd22daf8fe76ce724c5e37f07875e9a3dd9,"0000 -28  0.1  10.140200  2  K1ABC FN42 33 
<DecodeFinished>",
-28.0,2.0,36,2026092536,1,K1ABC FN42 33,-28,2,10.140200,0.05353430700051831,0,official WSJT-X 3.0.2; binary SHA256 9e3c2fc14f63c4b4c4e9fcc33b386cd22daf8fe76ce724c5e37f07875e9a3dd9,"0000 -28 -0.1  10.140200  2  K1ABC FN42 33 
<DecodeFinished>",
-28.0,2.0,37,2026092537,1,K1ABC FN42 33,-29,2,10.140200,0.05302878799921018,0,official WSJT-X 3.0.2; binary SHA256 9e3c2fc14f63c4b4c4e9fcc33b386cd22daf8fe76ce724c5e37f07875e9a3dd9,"0000 -29 -0.0  10.140200  2  K1ABC FN42 33 
<DecodeFinished>",
-28.0,2.0,38,2026092538,1,K1ABC FN42 33,-29,2,10.140200,0.052703182998811826,0,official WSJT-X 3.0.2; binary SHA256 9e3c2fc14f63c4b4c4e9fcc33b386cd22daf8fe76ce724c5e37f07875e9a3dd9,"0000 -29 -0.0  10.140200  2  K1ABC FN42 33 
<DecodeFinished>",
-28.0,2.0,16,2026092516,0,,,,,0.5267740080016665,0,official WSJT-X 3.0.2; binary SHA256 9e3c2fc14f63c4b4c4e9fcc33b386cd22daf8fe76ce724c5e37f07875e9a3dd9,<DecodeFinished>,
-28.0,2.0,39,2026092539,1,K1ABC FN42 33,-28,2,10.140200,0.05157794200022181,0,official WSJT-X 3.0.2; binary SHA256 9e3c2fc14f63c4b4c4e9fcc33b386cd22daf8fe76ce724c5e37f07875e9a3dd9,"0000 -28  0.0  10.140200  2  K1ABC FN42 33 
<DecodeFinished>",
-28.0,2.0,41,2026092541,1,K1ABC FN42 33,-28,2,10.140200,0.06660141100110195,0,official WSJT-X 3.0.2; binary SHA256 9e3c2fc14f63c4b4c4e9fcc33b386cd22daf8fe76ce724c5e37f07875e9a3dd9,"0000 -28 -0.1  10.140200  2  K1ABC FN42 33 
<DecodeFinished>",
-28.0,2.0,43,2026092543,1,K1ABC FN42 33,-28,2,10.140200,0.059377800000220304,0,official WSJT-X 3.0.2; binary SHA256 9e3c2fc14f63c4b4c4e9fcc33b386cd22daf8fe76ce724c5e37f07875e9a3dd9,"0000 -28 -0.1  10.140200  2  K1ABC FN42 33 
<DecodeFinished>",
-28.0,2.0,40,2026092540,1,K1ABC FN42 33,-28,2,10.140200,0.06683469899871852,0,official WSJT-X 3.0.2; binary SHA256 9e3c2fc14f63c4b4c4e9fcc33b386cd22daf8fe76ce724c5e37f07875e9a3dd9,"0000 -28 -0.1  10.140200  2  K1ABC FN42 33 
<DecodeFinished>",
-28.0,2.0,42,2026092542,1,K1ABC FN42 33,-28,2,10.140200,0.06819045500014909,0,official WSJT-X 3.0.2; binary SHA256 9e3c2fc14f63c4b4c4e9fcc33b386cd22daf8fe76ce724c5e37f07875e9a3dd9,"0000 -28 -0.0  10.140200  2  K1ABC FN42 33 
<DecodeFinished>",
-28.0,2.0,45,2026092545,1,K1ABC FN42 33,-29,2,10.140200,0.07143467700007022,0,official WSJT-X 3.0.2; binary SHA256 9e3c2fc14f63c4b4c4e9fcc33b386cd22daf8fe76ce724c5e37f07875e9a3dd9,"0000 -29 -0.1  10.140200  2  K1ABC FN42 33 
<DecodeFinished>",
-28.0,2.0,44,2026092544,1,K1ABC FN42 33,-28,2,10.140200,0.07147791399984271,0,official WSJT-X 3.0.2; binary SHA256 9e3c2fc14f63c4b4c4e9fcc33b386cd22daf8fe76ce724c5e37f07875e9a3dd9,"0000 -28 -0.0  10.140200  2  K1ABC FN42 33 
<DecodeFinished>",
-28.0,2.0,47,2026092547,1,K1ABC FN42 33,-28,2,10.140200,0.07101107400012552,0,official WSJT-X 3.0.2; binary SHA256 9e3c2fc14f63c4b4c4e9fcc33b386cd22daf8fe76ce724c5e37f07875e9a3dd9,"0000 -28  0.1  10.140200  2  K1ABC FN42 33 
<DecodeFinished>",
-28.0,2.0,46,2026092546,1,K1ABC FN42 33,-27,2,10.140200,0.0794984320000367,0,official WSJT-X 3.0.2; binary SHA256 9e3c2fc14f63c4b4c4e9fcc33b386cd22daf8fe76ce724c5e37f07875e9a3dd9,"0000 -27  0.0  10.140200  2  K1ABC FN42 33 
<DecodeFinished>",
-28.0,2.0,50,2026092550,1,K1ABC FN42 33,-28,2,10.140200,0.06623429299907002,0,official WSJT-X 3.0.2; binary SHA256 9e3c2fc14f63c4b4c4e9fcc33b386cd22daf8fe76ce724c5e37f07875e9a3dd9,"0000 -28 -0.1  10.140200  2  K1ABC FN42 33 
<DecodeFinished>",
-28.0,2.0,49,2026092549,1,K1ABC FN42 33,-28,2,10.140200,0.06766241500008618,0,official WSJT-X 3.0.2; binary SHA256 9e3c2fc14f63c4b4c4e9fcc33b386cd22daf8fe76ce724c5e37f07875e9a3dd9,"0000 -28  0.0  10.140200  2  K1ABC FN42 33 
<DecodeFinished>",
-28.0,2.0,51,2026092551,1,K1ABC FN42 33,-28,2,10.140200,0.06006624399924476,0,official WSJT-X 3.0.2; binary SHA256 9e3c2fc14f63c4b4c4e9fcc33b386cd22daf8fe76ce724c5e37f07875e9a3dd9,"0000 -28  0.0  10.140200  2  K1ABC FN42 33 
<DecodeFinished>",
-28.0,2.0,48,2026092548,1,K1ABC FN42 33,-28,2,10.140200,0.06989684700056387,0,official WSJT-X 3.0.2; binary SHA256 9e3c2fc14f63c4b4c4e9fcc33b386cd22daf8fe76ce724c5e37f07875e9a3dd9,"0000 -28  0.1  10.140200  2  K1ABC FN42 33 
<DecodeFinished>",
-28.0,2.0,52,2026092552,1,K1ABC FN42 33,-29,2,10.140200,0.07006600500062632,0,official WSJT-X 3.0.2; binary SHA256 9e3c2fc14f63c4b4c4e9fcc33b386cd22daf8fe76ce724c5e37f07875e9a3dd9,"0000 -29  0.0  10.140200  2  K1ABC FN42 33 
<DecodeFinished>",
-28.0,2.0,54,2026092554,1,K1ABC FN42 33,-29,2,10.140200,0.07024943100077508,0,official WSJT-X 3.0.2; binary SHA256 9e3c2fc14f63c4b4c4e9fcc33b386cd22daf8fe76ce724c5e37f07875e9a3dd9,"0000 -29  0.1  10.140200  2  K1ABC FN42 33 
<DecodeFinished>",
-28.0,2.0,53,2026092553,1,K1ABC FN42 33,-28,2,10.140200,0.07183445299961022,0,official WSJT-X 3.0.2; binary SHA256 9e3c2fc14f63c4b4c4e9fcc33b386cd22daf8fe76ce724c5e37f07875e9a3dd9,"0000 -28  0.1  10.140200  2  K1ABC FN42 33 
<DecodeFinished>",
-28.0,2.0,55,2026092555,1,K1ABC FN42 33,-28,2,10.140200,0.0711552609991486,0,official WSJT-X 3.0.2; binary SHA256 9e3c2fc14f63c4b4c4e9fcc33b386cd22daf8fe76ce724c5e37f07875e9a3dd9,"0000 -28  0.0  10.140200  2  K1ABC FN42 33 
<DecodeFinished>",
-28.0,2.0,56,2026092556,1,K1ABC FN42 33,-27,1,10.140200,0.06994261900035781,0,official WSJT-X 3.0.2; binary SHA256 9e3c2fc14f63c4b4c4e9fcc33b386cd22daf8fe76ce724c5e37f07875e9a3dd9,"0000 -27 -0.0  10.140200  1  K1ABC FN42 33 
<DecodeFinished>",
-28.0,2.0,58,2026092558,1,K1ABC FN42 33,-29,1,10.140200,0.06922946300073818,0,official WSJT-X 3.0.2; binary SHA256 9e3c2fc14f63c4b4c4e9fcc33b386cd22daf8fe76ce724c5e37f07875e9a3dd9,"0000 -29 -0.1  10.140200  1  K1ABC FN42 33 
<DecodeFinished>",
-28.0,2.0,57,2026092557,1,K1ABC FN42 33,-28,2,10.140200,0.07150545500007865,0,official WSJT-X 3.0.2; binary SHA256 9e3c2fc14f63c4b4c4e9fcc33b386cd22daf8fe76ce724c5e37f07875e9a3dd9,"0000 -28 -0.0  10.140200  2  K1ABC FN42 33 
<DecodeFinished>",
-28.0,2.0,62,2026092562,1,K1ABC FN42 33,-29,2,10.140200,0.047153072999208234,0,official WSJT-X 3.0.2; binary SHA256 9e3c2fc14f63c4b4c4e9fcc33b386cd22daf8fe76ce724c5e37f07875e9a3dd9,"0000 -29 -0.0  10.140200  2  K1ABC FN42 33 
<DecodeFinished>",
-28.0,2.0,60,2026092560,1,K1ABC FN42 33,-28,2,10.140200,0.04983837600047991,0,official WSJT-X 3.0.2; binary SHA256 9e3c2fc14f63c4b4c4e9fcc33b386cd22daf8fe76ce724c5e37f07875e9a3dd9,"0000 -28 -0.0  10.140200  2  K1ABC FN42 33 
<DecodeFinished>",
-28.0,2.0,61,2026092561,1,K1ABC FN42 33,-29,2,10.140200,0.050208744998599286,0,official WSJT-X 3.0.2; binary SHA256 9e3c2fc14f63c4b4c4e9fcc33b386cd22daf8fe76ce724c5e37f07875e9a3dd9,"0000 -29 -0.1  10.140200  2  K1ABC FN42 33 
<DecodeFinished>",
-28.0,2.0,59,2026092559,0,,,,,0.1616415019998385,0,official WSJT-X 3.0.2; binary SHA256 9e3c2fc14f63c4b4c4e9fcc33b386cd22daf8fe76ce724c5e37f07875e9a3dd9,<DecodeFinished>,
-28.0,2.0,65,2026092565,1,K1ABC FN42 33,-28,2,10.140200,0.04948811400026898,0,official WSJT-X 3.0.2; binary SHA256 9e3c2fc14f63c4b4c4e9fcc33b386cd22daf8fe76ce724c5e37f07875e9a3dd9,"0000 -28  0.0  10.140200  2  K1ABC FN42 33 
<DecodeFinished>",
-28.0,2.0,67,2026092567,1,K1ABC FN42 33,-29,1,10.140200,0.05271293300029356,0,official WSJT-X 3.0.2; binary SHA256 9e3c2fc14f63c4b4c4e9fcc33b386cd22daf8fe76ce724c5e37f07875e9a3dd9,"0000 -29 -0.0  10.140200  1  K1ABC FN42 33 
<DecodeFinished>",
-28.0,2.0,66,2026092566,1,K1ABC FN42 33,-28,2,10.140200,0.05905832600001304,0,official WSJT-X 3.0.2; binary SHA256 9e3c2fc14f63c4b4c4e9fcc33b386cd22daf8fe76ce724c5e37f07875e9a3dd9,"0000 -28 -0.1  10.140200  2  K1ABC FN42 33 
<DecodeFinished>",
-28.0,2.0,68,2026092568,1,K1ABC FN42 33,-29,2,10.140200,0.05442496000068786,0,official WSJT-X 3.0.2; binary SHA256 9e3c2fc14f63c4b4c4e9fcc33b386cd22daf8fe76ce724c5e37f07875e9a3dd9,"0000 -29  0.0  10.140200  2  K1ABC FN42 33 
<DecodeFinished>",
-28.0,2.0,69,2026092569,1,K1ABC FN42 33,-28,1,10.140200,0.056168413000705186,0,official WSJT-X 3.0.2; binary SHA256 9e3c2fc14f63c4b4c4e9fcc33b386cd22daf8fe76ce724c5e37f07875e9a3dd9,"0000 -28  0.1  10.140200  1  K1ABC FN42 33 
<DecodeFinished>",
-28.0,2.0,64,2026092564,0,,,,,0.16635851499995624,0,official WSJT-X 3.0.2; binary SHA256 9e3c2fc14f63c4b4c4e9fcc33b386cd22daf8fe76ce724c5e37f07875e9a3dd9,<DecodeFinished>,
-28.0,2.0,63,2026092563,1,K1ABC FN42 33,-29,0,10.140200,0.17225392000000284,0,official WSJT-X 3.0.2; binary SHA256 9e3c2fc14f63c4b4c4e9fcc33b386cd22daf8fe76ce724c5e37f07875e9a3dd9,"0000 -29 -0.0  10.140200  0  K1ABC FN42 33 
<DecodeFinished>",
-28.0,2.0,72,2026092572,1,K1ABC FN42 33,-28,2,10.140200,0.05733046000023023,0,official WSJT-X 3.0.2; binary SHA256 9e3c2fc14f63c4b4c4e9fcc33b386cd22daf8fe76ce724c5e37f07875e9a3dd9,"0000 -28 -0.0  10.140200  2  K1ABC FN42 33 
<DecodeFinished>",
-28.0,2.0,73,2026092573,1,K1ABC FN42 33,-28,2,10.140200,0.06303615399883711,0,official WSJT-X 3.0.2; binary SHA256 9e3c2fc14f63c4b4c4e9fcc33b386cd22daf8fe76ce724c5e37f07875e9a3dd9,"0000 -28  0.1  10.140200  2  K1ABC FN42 33 
<DecodeFinished>",
-28.0,2.0,74,2026092574,1,K1ABC FN42 33,-29,2,10.140200,0.049168550000104005,0,official WSJT-X 3.0.2; binary SHA256 9e3c2fc14f63c4b4c4e9fcc33b386cd22daf8fe76ce724c5e37f07875e9a3dd9,"0000 -29 -0.1  10.140200  2  K1ABC FN42 33 
<DecodeFinished>",
-28.0,2.0,75,2026092575,1,K1ABC FN42 33,-28,2,10.140200,0.06626346000120975,0,official WSJT-X 3.0.2; binary SHA256 9e3c2fc14f63c4b4c4e9fcc33b386cd22daf8fe76ce724c5e37f07875e9a3dd9,"0000 -28  0.1  10.140200  2  K1ABC FN42 33 
<DecodeFinished>",
-28.0,2.0,70,2026092570,0,,,,,0.17169336900042254,0,official WSJT-X 3.0.2; binary SHA256 9e3c2fc14f63c4b4c4e9fcc33b386cd22daf8fe76ce724c5e37f07875e9a3dd9,<DecodeFinished>,
-28.0,2.0,76,2026092576,1,K1ABC FN42 33,-28,2,10.140200,0.06823454200093693,0,official WSJT-X 3.0.2; binary SHA256 9e3c2fc14f63c4b4c4e9fcc33b386cd22daf8fe76ce724c5e37f07875e9a3dd9,"0000 -28  0.1  10.140200  2  K1ABC FN42 33 
<DecodeFinished>",
-28.0,2.0,77,2026092577,1,K1ABC FN42 33,-28,1,10.140200,0.057217919998947764,0,official WSJT-X 3.0.2; binary SHA256 9e3c2fc14f63c4b4c4e9fcc33b386cd22daf8fe76ce724c5e37f07875e9a3dd9,"0000 -28  0.0  10.140200  1  K1ABC FN42 33 
<DecodeFinished>",
-28.0,2.0,78,2026092578,1,K1ABC FN42 33,-28,2,10.140200,0.05146659300044121,0,official WSJT-X 3.0.2; binary SHA256 9e3c2fc14f63c4b4c4e9fcc33b386cd22daf8fe76ce724c5e37f07875e9a3dd9,"0000 -28 -0.1  10.140200  2  K1ABC FN42 33 
<DecodeFinished>",
-28.0,2.0,79,2026092579,1,K1ABC FN42 33,-29,2,10.140200,0.0569204429993988,0,official WSJT-X 3.0.2; binary SHA256 9e3c2fc14f63c4b4c4e9fcc33b386cd22daf8fe76ce724c5e37f07875e9a3dd9,"0000 -29 -0.0  10.140200  2  K1ABC FN42 33 
<DecodeFinished>",
-28.0,2.0,80,2026092580,1,K1ABC FN42 33,-28,2,10.140200,0.06148301099892706,0,official WSJT-X 3.0.2; binary SHA256 9e3c2fc14f63c4b4c4e9fcc33b386cd22daf8fe76ce724c5e37f07875e9a3dd9,"0000 -28  0.0  10.140200  2  K1ABC FN42 33 
<DecodeFinished>",
-28.0,2.0,81,2026092581,1,K1ABC FN42 33,-28,2,10.140200,0.05920677600079216,0,official WSJT-X 3.0.2; binary SHA256 9e3c2fc14f63c4b4c4e9fcc33b386cd22daf8fe76ce724c5e37f07875e9a3dd9,"0000 -28  0.0  10.140200  2  K1ABC FN42 33 
<DecodeFinished>",
-28.0,2.0,82,2026092582,1,K1ABC FN42 33,-28,2,10.140200,0.05989717199918232,0,official WSJT-X 3.0.2; binary SHA256 9e3c2fc14f63c4b4c4e9fcc33b386cd22daf8fe76ce724c5e37f07875e9a3dd9,"0000 -28  0.1  10.140200  2  K1ABC FN42 33 
<DecodeFinished>",
-28.0,2.0,83,2026092583,1,K1ABC FN42 33,-28,2,10.140200,0.05420842300009099,0,official WSJT-X 3.0.2; binary SHA256 9e3c2fc14f63c4b4c4e9fcc33b386cd22daf8fe76ce724c5e37f07875e9a3dd9,"0000 -28 -0.1  10.140200  2  K1ABC FN42 33 
<DecodeFinished>",
-28.0,2.0,84,2026092584,1,K1ABC FN42 33,-29,1,10.140200,0.048472650998519384,0,official WSJT-X 3.0.2; binary SHA256 9e3c2fc14f63c4b4c4e9fcc33b386cd22daf8fe76ce724c5e37f07875e9a3dd9,"0000 -29 -0.1  10.140200  1  K1ABC FN42 33 
<DecodeFinished>",
-28.0,2.0,85,2026092585,1,K1ABC FN42 33,-28,2,10.140200,0.05293828200046846,0,official WSJT-X 3.0.2; binary SHA256 9e3c2fc14f63c4b4c4e9fcc33b386cd22daf8fe76ce724c5e37f07875e9a3dd9,"0000 -28 -0.1  10.140200  2  K1ABC FN42 33 
<DecodeFinished>",
-28.0,2.0,88,2026092588,1,K1ABC FN42 33,-28,1,10.140200,0.05287401300120109,0,official WSJT-X 3.0.2; binary SHA256 9e3c2fc14f63c4b4c4e9fcc33b386cd22daf8fe76ce724c5e37f07875e9a3dd9,"0000 -28 -0.0  10.140200  1  K1ABC FN42 33 
<DecodeFinished>",
-28.0,2.0,89,2026092589,1,K1ABC FN42 33,-28,2,10.140200,0.06599651000033191,0,official WSJT-X 3.0.2; binary SHA256 9e3c2fc14f63c4b4c4e9fcc33b386cd22daf8fe76ce724c5e37f07875e9a3dd9,"0000 -28 -0.1  10.140200  2  K1ABC FN42 33 
<DecodeFinished>",
-28.0,2.0,87,2026092587,0,,,,,0.14947448200109648,0,official WSJT-X 3.0.2; binary SHA256 9e3c2fc14f63c4b4c4e9fcc33b386cd22daf8fe76ce724c5e37f07875e9a3dd9,<DecodeFinished>,
-28.0,2.0,90,2026092590,1,K1ABC FN42 33,-28,2,10.140200,0.05736928199985414,0,official WSJT-X 3.0.2; binary SHA256 9e3c2fc14f63c4b4c4e9fcc33b386cd22daf8fe76ce724c5e37f07875e9a3dd9,"0000 -28 -0.0  10.140200  2  K1ABC FN42 33 
<DecodeFinished>",
-28.0,2.0,91,2026092591,1,K1ABC FN42 33,-27,2,10.140200,0.050676890001341235,0,official WSJT-X 3.0.2; binary SHA256 9e3c2fc14f63c4b4c4e9fcc33b386cd22daf8fe76ce724c5e37f07875e9a3dd9,"0000 -27 -0.0  10.140200  2  K1ABC FN42 33 
<DecodeFinished>",
-28.0,2.0,71,2026092571,0,,,,,0.5557199260001653,0,official WSJT-X 3.0.2; binary SHA256 9e3c2fc14f63c4b4c4e9fcc33b386cd22daf8fe76ce724c5e37f07875e9a3dd9,<DecodeFinished>,
-28.0,2.0,93,2026092593,1,K1ABC FN42 33,-28,2,10.140200,0.049371111001164536,0,official WSJT-X 3.0.2; binary SHA256 9e3c2fc14f63c4b4c4e9fcc33b386cd22daf8fe76ce724c5e37f07875e9a3dd9,"0000 -28  0.0  10.140200  2  K1ABC FN42 33 
<DecodeFinished>",
-28.0,2.0,92,2026092592,1,K1ABC FN42 33,-28,2,10.140200,0.051860965000742,0,official WSJT-X 3.0.2; binary SHA256 9e3c2fc14f63c4b4c4e9fcc33b386cd22daf8fe76ce724c5e37f07875e9a3dd9,"0000 -28 -0.0  10.140200  2  K1ABC FN42 33 
<DecodeFinished>",
-28.0,2.0,94,2026092594,1,K1ABC FN42 33,-29,2,10.140200,0.05863663800118957,0,official WSJT-X 3.0.2; binary SHA256 9e3c2fc14f63c4b4c4e9fcc33b386cd22daf8fe76ce724c5e37f07875e9a3dd9,"0000 -29  0.2  10.140200  2  K1ABC FN42 33 
<DecodeFinished>",
-28.0,2.0,95,2026092595,1,K1ABC FN42 33,-28,2,10.140200,0.05255011199915316,0,official WSJT-X 3.0.2; binary SHA256 9e3c2fc14f63c4b4c4e9fcc33b386cd22daf8fe76ce724c5e37f07875e9a3dd9,"0000 -28  0.0  10.140200  2  K1ABC FN42 33 
<DecodeFinished>",
-28.0,2.0,96,2026092596,1,K1ABC FN42 33,-29,2,10.140200,0.05407734799882746,0,official WSJT-X 3.0.2; binary SHA256 9e3c2fc14f63c4b4c4e9fcc33b386cd22daf8fe76ce724c5e37f07875e9a3dd9,"0000 -29 -0.1  10.140200  2  K1ABC FN42 33 
<DecodeFinished>",
-28.0,2.0,99,2026092599,1,K1ABC FN42 33,-28,2,10.140200,0.04730361499969149,0,official WSJT-X 3.0.2; binary SHA256 9e3c2fc14f63c4b4c4e9fcc33b386cd22daf8fe76ce724c5e37f07875e9a3dd9,"0000 -28 -0.0  10.140200  2  K1ABC FN42 33 
<DecodeFinished>",
-28.0,2.0,98,2026092598,1,K1ABC FN42 33,-29,2,10.140200,0.08647159899919643,0,official WSJT-X 3.0.2; binary SHA256 9e3c2fc14f63c4b4c4e9fcc33b386cd22daf8fe76ce724c5e37f07875e9a3dd9,"0000 -29 -0.2  10.140200  2  K1ABC FN42 33 
<DecodeFinished>",
-28.0,-2.0,0,2026092500,1,K1ABC FN42 33,-28,-2,10.140200,0.06726821000120253,0,official WSJT-X 3.0.2; binary SHA256 9e3c2fc14f63c4b4c4e9fcc33b386cd22daf8fe76ce724c5e37f07875e9a3dd9,"0000 -28 -0.1  10.140200 -2  K1ABC FN42 33 
<DecodeFinished>",
-28.0,2.0,97,2026092597,0,,,,,0.14911150599982648,0,official WSJT-X 3.0.2; binary SHA256 9e3c2fc14f63c4b4c4e9fcc33b386cd22daf8fe76ce724c5e37f07875e9a3dd9,<DecodeFinished>,
-28.0,-2.0,1,2026092501,1,K1ABC FN42 33,-28,-2,10.140200,0.0624577020007564,0,official WSJT-X 3.0.2; binary SHA256 9e3c2fc14f63c4b4c4e9fcc33b386cd22daf8fe76ce724c5e37f07875e9a3dd9,"0000 -28  0.0  10.140200 -2  K1ABC FN42 33 
<DecodeFinished>",
-28.0,-2.0,2,2026092502,1,K1ABC FN42 33,-28,-2,10.140200,0.0516950490000454,0,official WSJT-X 3.0.2; binary SHA256 9e3c2fc14f63c4b4c4e9fcc33b386cd22daf8fe76ce724c5e37f07875e9a3dd9,"0000 -28 -0.0  10.140200 -2  K1ABC FN42 33 
<DecodeFinished>",
-28.0,-2.0,3,2026092503,1,K1ABC FN42 33,-28,-2,10.140200,0.0648160420005297,0,official WSJT-X 3.0.2; binary SHA256 9e3c2fc14f63c4b4c4e9fcc33b386cd22daf8fe76ce724c5e37f07875e9a3dd9,"0000 -28 -0.1  10.140200 -2  K1ABC FN42 33 
<DecodeFinished>",
-28.0,-2.0,4,2026092504,1,K1ABC FN42 33,-29,-2,10.140200,0.05177225800071028,0,official WSJT-X 3.0.2; binary SHA256 9e3c2fc14f63c4b4c4e9fcc33b386cd22daf8fe76ce724c5e37f07875e9a3dd9,"0000 -29  0.1  10.140200 -2  K1ABC FN42 33 
<DecodeFinished>",
-28.0,-2.0,5,2026092505,1,K1ABC FN42 33,-28,-2,10.140200,0.051345428999411524,0,official WSJT-X 3.0.2; binary SHA256 9e3c2fc14f63c4b4c4e9fcc33b386cd22daf8fe76ce724c5e37f07875e9a3dd9,"0000 -28  0.0  10.140200 -2  K1ABC FN42 33 
<DecodeFinished>",
-28.0,2.0,86,2026092586,0,,,,,0.5461983000004693,0,official WSJT-X 3.0.2; binary SHA256 9e3c2fc14f63c4b4c4e9fcc33b386cd22daf8fe76ce724c5e37f07875e9a3dd9,<DecodeFinished>,
-28.0,-2.0,7,2026092507,1,K1ABC FN42 33,-28,-2,10.140200,0.06413324899949657,0,official WSJT-X 3.0.2; binary SHA256 9e3c2fc14f63c4b4c4e9fcc33b386cd22daf8fe76ce724c5e37f07875e9a3dd9,"0000 -28 -0.1  10.140200 -2  K1ABC FN42 33 
<DecodeFinished>",
-28.0,-2.0,6,2026092506,1,K1ABC FN42 33,-28,-1,10.140200,0.0721283160000894,0,official WSJT-X 3.0.2; binary SHA256 9e3c2fc14f63c4b4c4e9fcc33b386cd22daf8fe76ce724c5e37f07875e9a3dd9,"0000 -28  0.1  10.140200 -1  K1ABC FN42 33 
<DecodeFinished>",
-28.0,-2.0,8,2026092508,1,K1ABC FN42 33,-28,-2,10.140200,0.06530599500001699,0,official WSJT-X 3.0.2; binary SHA256 9e3c2fc14f63c4b4c4e9fcc33b386cd22daf8fe76ce724c5e37f07875e9a3dd9,"0000 -28 -0.0  10.140200 -2  K1ABC FN42 33 
<DecodeFinished>",
-28.0,-2.0,9,2026092509,1,K1ABC FN42 33,-28,-1,10.140200,0.07156165299966233,0,official WSJT-X 3.0.2; binary SHA256 9e3c2fc14f63c4b4c4e9fcc33b386cd22daf8fe76ce724c5e37f07875e9a3dd9,"0000 -28 -0.0  10.140200 -1  K1ABC FN42 33 
<DecodeFinished>",
-28.0,-2.0,10,2026092510,1,K1ABC FN42 33,-28,-2,10.140200,0.0718973349994485,0,official WSJT-X 3.0.2; binary SHA256 9e3c2fc14f63c4b4c4e9fcc33b386cd22daf8fe76ce724c5e37f07875e9a3dd9,"0000 -28  0.1  10.140200 -2  K1ABC FN42 33 
<DecodeFinished>",
-28.0,-2.0,11,2026092511,1,K1ABC FN42 33,-27,-2,10.140200,0.07384995699976571,0,official WSJT-X 3.0.2; binary SHA256 9e3c2fc14f63c4b4c4e9fcc33b386cd22daf8fe76ce724c5e37f07875e9a3dd9,"0000 -27 -0.1  10.140200 -2  K1ABC FN42 33 
<DecodeFinished>",
-28.0,-2.0,12,2026092512,1,K1ABC FN42 33,-28,-2,10.140200,0.05661548899843183,0,official WSJT-X 3.0.2; binary SHA256 9e3c2fc14f63c4b4c4e9fcc33b386cd22daf8fe76ce724c5e37f07875e9a3dd9,"0000 -28 -0.1  10.140200 -2  K1ABC FN42 33 
<DecodeFinished>",
-28.0,-2.0,13,2026092513,1,K1ABC FN42 33,-28,-2,10.140200,0.06103629899916996,0,official WSJT-X 3.0.2; binary SHA256 9e3c2fc14f63c4b4c4e9fcc33b386cd22daf8fe76ce724c5e37f07875e9a3dd9,"0000 -28 -0.0  10.140200 -2  K1ABC FN42 33 
<DecodeFinished>",
-28.0,-2.0,15,2026092515,1,K1ABC FN42 33,-28,-2,10.140200,0.06685056199967221,0,official WSJT-X 3.0.2; binary SHA256 9e3c2fc14f63c4b4c4e9fcc33b386cd22daf8fe76ce724c5e37f07875e9a3dd9,"0000 -28  0.1  10.140200 -2  K1ABC FN42 33 
<DecodeFinished>",
-28.0,-2.0,14,2026092514,1,K1ABC FN42 33,-28,-1,10.140200,0.0712063360006141,0,official WSJT-X 3.0.2; binary SHA256 9e3c2fc14f63c4b4c4e9fcc33b386cd22daf8fe76ce724c5e37f07875e9a3dd9,"0000 -28  0.0  10.140200 -1  K1ABC FN42 33 
<DecodeFinished>",
-28.0,-2.0,17,2026092517,1,K1ABC FN42 33,-28,-2,10.140200,0.05405072699977609,0,official WSJT-X 3.0.2; binary SHA256 9e3c2fc14f63c4b4c4e9fcc33b386cd22daf8fe76ce724c5e37f07875e9a3dd9,"0000 -28 -0.1  10.140200 -2  K1ABC FN42 33 
<DecodeFinished>",
-28.0,-2.0,16,2026092516,1,K1ABC FN42 33,-28,-1,10.140200,0.07785213200077123,0,official WSJT-X 3.0.2; binary SHA256 9e3c2fc14f63c4b4c4e9fcc33b386cd22daf8fe76ce724c5e37f07875e9a3dd9,"0000 -28  0.0  10.140200 -1  K1ABC FN42 33 
<DecodeFinished>",
-28.0,-2.0,21,2026092521,1,K1ABC FN42 33,-28,-2,10.140200,0.05436920600004669,0,official WSJT-X 3.0.2; binary SHA256 9e3c2fc14f63c4b4c4e9fcc33b386cd22daf8fe76ce724c5e37f07875e9a3dd9,"0000 -28 -0.1  10.140200 -2  K1ABC FN42 33 
<DecodeFinished>",
-28.0,-2.0,19,2026092519,1,K1ABC FN42 33,-28,-2,10.140200,0.06672816299942497,0,official WSJT-X 3.0.2; binary SHA256 9e3c2fc14f63c4b4c4e9fcc33b386cd22daf8fe76ce724c5e37f07875e9a3dd9,"0000 -28 -0.0  10.140200 -2  K1ABC FN42 33 
<DecodeFinished>",
-28.0,-2.0,18,2026092518,1,K1ABC FN42 33,-28,-2,10.140200,0.06795753799997328,0,official WSJT-X 3.0.2; binary SHA256 9e3c2fc14f63c4b4c4e9fcc33b386cd22daf8fe76ce724c5e37f07875e9a3dd9,"0000 -28 -0.0  10.140200 -2  K1ABC FN42 33 
<DecodeFinished>",
-28.0,-2.0,22,2026092522,1,K1ABC FN42 33,-28,-2,10.140200,0.050154479999036994,0,official WSJT-X 3.0.2; binary SHA256 9e3c2fc14f63c4b4c4e9fcc33b386cd22daf8fe76ce724c5e37f07875e9a3dd9,"0000 -28  0.0  10.140200 -2  K1ABC FN42 33 
<DecodeFinished>",
-28.0,-2.0,23,2026092523,1,K1ABC FN42 33,-28,-1,10.140200,0.05078472400055034,0,official WSJT-X 3.0.2; binary SHA256 9e3c2fc14f63c4b4c4e9fcc33b386cd22daf8fe76ce724c5e37f07875e9a3dd9,"0000 -28 -0.1  10.140200 -1  K1ABC FN42 33 
<DecodeFinished>",
-28.0,-2.0,24,2026092524,1,K1ABC FN42 33,-28,-2,10.140200,0.05836913100029051,0,official WSJT-X 3.0.2; binary SHA256 9e3c2fc14f63c4b4c4e9fcc33b386cd22daf8fe76ce724c5e37f07875e9a3dd9,"0000 -28 -0.1  10.140200 -2  K1ABC FN42 33 
<DecodeFinished>",
-28.0,-2.0,20,2026092520,0,,,,,0.15806037900074443,0,official WSJT-X 3.0.2; binary SHA256 9e3c2fc14f63c4b4c4e9fcc33b386cd22daf8fe76ce724c5e37f07875e9a3dd9,<DecodeFinished>,
-28.0,-2.0,25,2026092525,1,K1ABC FN42 33,-28,-2,10.140200,0.0568494830004056,0,official WSJT-X 3.0.2; binary SHA256 9e3c2fc14f63c4b4c4e9fcc33b386cd22daf8fe76ce724c5e37f07875e9a3dd9,"0000 -28 -0.1  10.140200 -2  K1ABC FN42 33 
<DecodeFinished>",
-28.0,-2.0,26,2026092526,1,K1ABC FN42 33,-28,-2,10.140200,0.058409092998772394,0,official WSJT-X 3.0.2; binary SHA256 9e3c2fc14f63c4b4c4e9fcc33b386cd22daf8fe76ce724c5e37f07875e9a3dd9,"0000 -28  0.1  10.140200 -2  K1ABC FN42 33 
<DecodeFinished>",
-28.0,-2.0,27,2026092527,1,K1ABC FN42 33,-28,-2,10.140200,0.052801327999986825,0,official WSJT-X 3.0.2; binary SHA256 9e3c2fc14f63c4b4c4e9fcc33b386cd22daf8fe76ce724c5e37f07875e9a3dd9,"0000 -28  0.1  10.140200 -2  K1ABC FN42 33 
<DecodeFinished>",
-28.0,-2.0,28,2026092528,1,K1ABC FN42 33,-28,-1,10.140200,0.0762492289995862,0,official WSJT-X 3.0.2; binary SHA256 9e3c2fc14f63c4b4c4e9fcc33b386cd22daf8fe76ce724c5e37f07875e9a3dd9,"0000 -28  0.0  10.140200 -1  K1ABC FN42 33 
<DecodeFinished>",
-28.0,-2.0,29,2026092529,1,K1ABC FN42 33,-28,-2,10.140200,0.06766129700008605,0,official WSJT-X 3.0.2; binary SHA256 9e3c2fc14f63c4b4c4e9fcc33b386cd22daf8fe76ce724c5e37f07875e9a3dd9,"0000 -28 -0.1  10.140200 -2  K1ABC FN42 33 
<DecodeFinished>",
-28.0,-2.0,31,2026092531,1,K1ABC FN42 33,-28,-2,10.140200,0.0621606860004249,0,official WSJT-X 3.0.2; binary SHA256 9e3c2fc14f63c4b4c4e9fcc33b386cd22daf8fe76ce724c5e37f07875e9a3dd9,"0000 -28 -0.0  10.140200 -2  K1ABC FN42 33 
<DecodeFinished>",
-28.0,-2.0,32,2026092532,1,K1ABC FN42 33,-28,-1,10.140200,0.05089374899944232,0,official WSJT-X 3.0.2; binary SHA256 9e3c2fc14f63c4b4c4e9fcc33b386cd22daf8fe76ce724c5e37f07875e9a3dd9,"0000 -28  0.0  10.140200 -1  K1ABC FN42 33 
<DecodeFinished>",
-28.0,-2.0,34,2026092534,1,K1ABC FN42 33,-28,-2,10.140200,0.050647189000301296,0,official WSJT-X 3.0.2; binary SHA256 9e3c2fc14f63c4b4c4e9fcc33b386cd22daf8fe76ce724c5e37f07875e9a3dd9,"0000 -28 -0.1  10.140200 -2  K1ABC FN42 33 
<DecodeFinished>",
-28.0,-2.0,33,2026092533,1,K1ABC FN42 33,-28,-2,10.140200,0.05225995000000694,0,official WSJT-X 3.0.2; binary SHA256 9e3c2fc14f63c4b4c4e9fcc33b386cd22daf8fe76ce724c5e37f07875e9a3dd9,"0000 -28  0.0  10.140200 -2  K1ABC FN42 33 
<DecodeFinished>",
-28.0,-2.0,30,2026092530,0,,,,,0.161805349000133,0,official WSJT-X 3.0.2; binary SHA256 9e3c2fc14f63c4b4c4e9fcc33b386cd22daf8fe76ce724c5e37f07875e9a3dd9,<DecodeFinished>,
-28.0,-2.0,35,2026092535,1,K1ABC FN42 33,-28,-2,10.140200,0.04626145600013842,0,official WSJT-X 3.0.2; binary SHA256 9e3c2fc14f63c4b4c4e9fcc33b386cd22daf8fe76ce724c5e37f07875e9a3dd9,"0000 -28 -0.0  10.140200 -2  K1ABC FN42 33 
<DecodeFinished>",
-28.0,-2.0,36,2026092536,1,K1ABC FN42 33,-27,-2,10.140200,0.0490607160008949,0,official WSJT-X 3.0.2; binary SHA256 9e3c2fc14f63c4b4c4e9fcc33b386cd22daf8fe76ce724c5e37f07875e9a3dd9,"0000 -27  0.0  10.140200 -2  K1ABC FN42 33 
<DecodeFinished>",
-28.0,-2.0,38,2026092538,1,K1ABC FN42 33,-29,-2,10.140200,0.052545610999004566,0,official WSJT-X 3.0.2; binary SHA256 9e3c2fc14f63c4b4c4e9fcc33b386cd22daf8fe76ce724c5e37f07875e9a3dd9,"0000 -29  0.0  10.140200 -2  K1ABC FN42 33 
<DecodeFinished>",
-28.0,-2.0,40,2026092540,1,K1ABC FN42 33,-28,-2,10.140200,0.0488443920003192,0,official WSJT-X 3.0.2; binary SHA256 9e3c2fc14f63c4b4c4e9fcc33b386cd22daf8fe76ce724c5e37f07875e9a3dd9,"0000 -28 -0.1  10.140200 -2  K1ABC FN42 33 
<DecodeFinished>",
-28.0,-2.0,39,2026092539,1,K1ABC FN42 33,-28,-2,10.140200,0.05410551599925384,0,official WSJT-X 3.0.2; binary SHA256 9e3c2fc14f63c4b4c4e9fcc33b386cd22daf8fe76ce724c5e37f07875e9a3dd9,"0000 -28 -0.1  10.140200 -2  K1ABC FN42 33 
<DecodeFinished>",
-28.0,-2.0,37,2026092537,0,,,,,0.14015432900123415,0,official WSJT-X 3.0.2; binary SHA256 9e3c2fc14f63c4b4c4e9fcc33b386cd22daf8fe76ce724c5e37f07875e9a3dd9,<DecodeFinished>,
-28.0,-2.0,43,2026092543,1,K1ABC FN42 33,-28,-1,10.140200,0.04573333400003321,0,official WSJT-X 3.0.2; binary SHA256 9e3c2fc14f63c4b4c4e9fcc33b386cd22daf8fe76ce724c5e37f07875e9a3dd9,"0000 -28  0.1  10.140200 -1  K1ABC FN42 33 
<DecodeFinished>",
-28.0,-2.0,42,2026092542,1,K1ABC FN42 33,-28,-2,10.140200,0.047467577998759225,0,official WSJT-X 3.0.2; binary SHA256 9e3c2fc14f63c4b4c4e9fcc33b386cd22daf8fe76ce724c5e37f07875e9a3dd9,"0000 -28  0.0  10.140200 -2  K1ABC FN42 33 
<DecodeFinished>",
-28.0,-2.0,41,2026092541,1,K1ABC FN42 33,-28,-2,10.140200,0.05095458199866698,0,official WSJT-X 3.0.2; binary SHA256 9e3c2fc14f63c4b4c4e9fcc33b386cd22daf8fe76ce724c5e37f07875e9a3dd9,"0000 -28 -0.0  10.140200 -2  K1ABC FN42 33 
<DecodeFinished>",
-28.0,-2.0,45,2026092545,1,K1ABC FN42 33,-28,-1,10.140200,0.06567224999889731,0,official WSJT-X 3.0.2; binary SHA256 9e3c2fc14f63c4b4c4e9fcc33b386cd22daf8fe76ce724c5e37f07875e9a3dd9,"0000 -28 -0.1  10.140200 -1  K1ABC FN42 33 
<DecodeFinished>",
-28.0,-2.0,44,2026092544,1,K1ABC FN42 33,-28,-2,10.140200,0.06963313499909418,0,official WSJT-X 3.0.2; binary SHA256 9e3c2fc14f63c4b4c4e9fcc33b386cd22daf8fe76ce724c5e37f07875e9a3dd9,"0000 -28  0.1  10.140200 -2  K1ABC FN42 33 
<DecodeFinished>",
-28.0,-2.0,47,2026092547,1,K1ABC FN42 33,-28,-1,10.140200,0.062234899000031874,0,official WSJT-X 3.0.2; binary SHA256 9e3c2fc14f63c4b4c4e9fcc33b386cd22daf8fe76ce724c5e37f07875e9a3dd9,"0000 -28  0.1  10.140200 -1  K1ABC FN42 33 
<DecodeFinished>",
-28.0,-2.0,46,2026092546,1,K1ABC FN42 33,-28,-2,10.140200,0.07348788199851697,0,official WSJT-X 3.0.2; binary SHA256 9e3c2fc14f63c4b4c4e9fcc33b386cd22daf8fe76ce724c5e37f07875e9a3dd9,"0000 -28  0.0  10.140200 -2  K1ABC FN42 33 
<DecodeFinished>",
-28.0,-2.0,49,2026092549,1,K1ABC FN42 33,-28,-2,10.140200,0.06200120500034245,0,official WSJT-X 3.0.2; binary SHA256 9e3c2fc14f63c4b4c4e9fcc33b386cd22daf8fe76ce724c5e37f07875e9a3dd9,"0000 -28 -0.1  10.140200 -2  K1ABC FN42 33 
<DecodeFinished>",
-28.0,-2.0,50,2026092550,1,K1ABC FN42 33,-28,-1,10.140200,0.06312759399952483,0,official WSJT-X 3.0.2; binary SHA256 9e3c2fc14f63c4b4c4e9fcc33b386cd22daf8fe76ce724c5e37f07875e9a3dd9,"0000 -28 -0.0  10.140200 -1  K1ABC FN42 33 
<DecodeFinished>",
-28.0,-2.0,48,2026092548,1,K1ABC FN42 33,-28,-2,10.140200,0.06379069800095749,0,official WSJT-X 3.0.2; binary SHA256 9e3c2fc14f63c4b4c4e9fcc33b386cd22daf8fe76ce724c5e37f07875e9a3dd9,"0000 -28 -0.1  10.140200 -2  K1ABC FN42 33 
<DecodeFinished>",
-28.0,-2.0,53,2026092553,1,K1ABC FN42 33,-28,-2,10.140200,0.047189406999677885,0,official WSJT-X 3.0.2; binary SHA256 9e3c2fc14f63c4b4c4e9fcc33b386cd22daf8fe76ce724c5e37f07875e9a3dd9,"0000 -28 -0.0  10.140200 -2  K1ABC FN42 33 
<DecodeFinished>",
-28.0,-2.0,54,2026092554,1,K1ABC FN42 33,-28,-2,10.140200,0.04825259799872583,0,official WSJT-X 3.0.2; binary SHA256 9e3c2fc14f63c4b4c4e9fcc33b386cd22daf8fe76ce724c5e37f07875e9a3dd9,"0000 -28 -0.1  10.140200 -2  K1ABC FN42 33 
<DecodeFinished>",
-28.0,-2.0,52,2026092552,1,K1ABC FN42 33,-29,-1,10.140200,0.051384043001235113,0,official WSJT-X 3.0.2; binary SHA256 9e3c2fc14f63c4b4c4e9fcc33b386cd22daf8fe76ce724c5e37f07875e9a3dd9,"0000 -29 -0.0  10.140200 -1  K1ABC FN42 33 
<DecodeFinished>",
-28.0,-2.0,57,2026092557,1,K1ABC FN42 33,-28,-1,10.140200,0.04961346200070693,0,official WSJT-X 3.0.2; binary SHA256 9e3c2fc14f63c4b4c4e9fcc33b386cd22daf8fe76ce724c5e37f07875e9a3dd9,"0000 -28 -0.0  10.140200 -1  K1ABC FN42 33 
<DecodeFinished>",
-28.0,-2.0,55,2026092555,1,K1ABC FN42 33,-28,-2,10.140200,0.05360483600088628,0,official WSJT-X 3.0.2; binary SHA256 9e3c2fc14f63c4b4c4e9fcc33b386cd22daf8fe76ce724c5e37f07875e9a3dd9,"0000 -28 -0.0  10.140200 -2  K1ABC FN42 33 
<DecodeFinished>",
-28.0,-2.0,56,2026092556,1,K1ABC FN42 33,-28,-2,10.140200,0.053953251999701024,0,official WSJT-X 3.0.2; binary SHA256 9e3c2fc14f63c4b4c4e9fcc33b386cd22daf8fe76ce724c5e37f07875e9a3dd9,"0000 -28  0.1  10.140200 -2  K1ABC FN42 33 
<DecodeFinished>",
-28.0,-2.0,58,2026092558,1,K1ABC FN42 33,-28,-2,10.140200,0.04828554899904702,0,official WSJT-X 3.0.2; binary SHA256 9e3c2fc14f63c4b4c4e9fcc33b386cd22daf8fe76ce724c5e37f07875e9a3dd9,"0000 -28 -0.0  10.140200 -2  K1ABC FN42 33 
<DecodeFinished>",
-28.0,-2.0,59,2026092559,1,K1ABC FN42 33,-28,-1,10.140200,0.04978604999996605,0,official WSJT-X 3.0.2; binary SHA256 9e3c2fc14f63c4b4c4e9fcc33b386cd22daf8fe76ce724c5e37f07875e9a3dd9,"0000 -28  0.1  10.140200 -1  K1ABC FN42 33 
<DecodeFinished>",
-28.0,-2.0,60,2026092560,1,K1ABC FN42 33,-28,-2,10.140200,0.05006361699997797,0,official WSJT-X 3.0.2; binary SHA256 9e3c2fc14f63c4b4c4e9fcc33b386cd22daf8fe76ce724c5e37f07875e9a3dd9,"0000 -28 -0.1  10.140200 -2  K1ABC FN42 33 
<DecodeFinished>",
-28.0,-2.0,62,2026092562,1,K1ABC FN42 33,-28,-2,10.140200,0.05014441599996644,0,official WSJT-X 3.0.2; binary SHA256 9e3c2fc14f63c4b4c4e9fcc33b386cd22daf8fe76ce724c5e37f07875e9a3dd9,"0000 -28  0.1  10.140200 -2  K1ABC FN42 33 
<DecodeFinished>",
-28.0,-2.0,61,2026092561,1,K1ABC FN42 33,-28,-2,10.140200,0.05408006600009685,0,official WSJT-X 3.0.2; binary SHA256 9e3c2fc14f63c4b4c4e9fcc33b386cd22daf8fe76ce724c5e37f07875e9a3dd9,"0000 -28  0.1  10.140200 -2  K1ABC FN42 33 
<DecodeFinished>",
-28.0,-2.0,65,2026092565,1,K1ABC FN42 33,-27,-2,10.140200,0.04770880400064925,0,official WSJT-X 3.0.2; binary SHA256 9e3c2fc14f63c4b4c4e9fcc33b386cd22daf8fe76ce724c5e37f07875e9a3dd9,"0000 -27 -0.0  10.140200 -2  K1ABC FN42 33 
<DecodeFinished>",
-28.0,-2.0,64,2026092564,1,K1ABC FN42 33,-29,-2,10.140200,0.05949045799934538,0,official WSJT-X 3.0.2; binary SHA256 9e3c2fc14f63c4b4c4e9fcc33b386cd22daf8fe76ce724c5e37f07875e9a3dd9,"0000 -29 -0.1  10.140200 -2  K1ABC FN42 33 
<DecodeFinished>",
-28.0,-2.0,67,2026092567,1,K1ABC FN42 33,-29,-2,10.140200,0.045833734000552795,0,official WSJT-X 3.0.2; binary SHA256 9e3c2fc14f63c4b4c4e9fcc33b386cd22daf8fe76ce724c5e37f07875e9a3dd9,"0000 -29  0.1  10.140200 -2  K1ABC FN42 33 
<DecodeFinished>",
-28.0,-2.0,68,2026092568,1,K1ABC FN42 33,-28,-1,10.140200,0.05535046800105192,0,official WSJT-X 3.0.2; binary SHA256 9e3c2fc14f63c4b4c4e9fcc33b386cd22daf8fe76ce724c5e37f07875e9a3dd9,"0000 -28 -0.1  10.140200 -1  K1ABC FN42 33 
<DecodeFinished>",
-28.0,-2.0,69,2026092569,1,K1ABC FN42 33,-28,-1,10.140200,0.0522519829992234,0,official WSJT-X 3.0.2; binary SHA256 9e3c2fc14f63c4b4c4e9fcc33b386cd22daf8fe76ce724c5e37f07875e9a3dd9,"0000 -28  0.1  10.140200 -1  K1ABC FN42 33 
<DecodeFinished>",
-28.0,-2.0,70,2026092570,1,K1ABC FN42 33,-28,-2,10.140200,0.06663549499899091,0,official WSJT-X 3.0.2; binary SHA256 9e3c2fc14f63c4b4c4e9fcc33b386cd22daf8fe76ce724c5e37f07875e9a3dd9,"0000 -28  0.0  10.140200 -2  K1ABC FN42 33 
<DecodeFinished>",
-28.0,-2.0,51,2026092551,0,,,,,0.549479897999845,0,official WSJT-X 3.0.2; binary SHA256 9e3c2fc14f63c4b4c4e9fcc33b386cd22daf8fe76ce724c5e37f07875e9a3dd9,<DecodeFinished>,
-28.0,-2.0,71,2026092571,1,K1ABC FN42 33,-28,-2,10.140200,0.05743637699924875,0,official WSJT-X 3.0.2; binary SHA256 9e3c2fc14f63c4b4c4e9fcc33b386cd22daf8fe76ce724c5e37f07875e9a3dd9,"0000 -28  0.1  10.140200 -2  K1ABC FN42 33 
<DecodeFinished>",
-28.0,-2.0,72,2026092572,1,K1ABC FN42 33,-28,-2,10.140200,0.0461224669998046,0,official WSJT-X 3.0.2; binary SHA256 9e3c2fc14f63c4b4c4e9fcc33b386cd22daf8fe76ce724c5e37f07875e9a3dd9,"0000 -28 -0.0  10.140200 -2  K1ABC FN42 33 
<DecodeFinished>",
-28.0,-2.0,74,2026092574,1,K1ABC FN42 33,-28,-2,10.140200,0.050372060999507084,0,official WSJT-X 3.0.2; binary SHA256 9e3c2fc14f63c4b4c4e9fcc33b386cd22daf8fe76ce724c5e37f07875e9a3dd9,"0000 -28  0.1  10.140200 -2  K1ABC FN42 33 
<DecodeFinished>",
-28.0,-2.0,75,2026092575,1,K1ABC FN42 33,-28,-2,10.140200,0.06298103200060723,0,official WSJT-X 3.0.2; binary SHA256 9e3c2fc14f63c4b4c4e9fcc33b386cd22daf8fe76ce724c5e37f07875e9a3dd9,"0000 -28 -0.0  10.140200 -2  K1ABC FN42 33 
<DecodeFinished>",
-28.0,-2.0,63,2026092563,0,,,,,0.5343005739996443,0,official WSJT-X 3.0.2; binary SHA256 9e3c2fc14f63c4b4c4e9fcc33b386cd22daf8fe76ce724c5e37f07875e9a3dd9,<DecodeFinished>,
-28.0,-2.0,76,2026092576,1,K1ABC FN42 33,-28,-2,10.140200,0.05169619899970712,0,official WSJT-X 3.0.2; binary SHA256 9e3c2fc14f63c4b4c4e9fcc33b386cd22daf8fe76ce724c5e37f07875e9a3dd9,"0000 -28  0.1  10.140200 -2  K1ABC FN42 33 
<DecodeFinished>",
-28.0,-2.0,77,2026092577,1,K1ABC FN42 33,-29,-1,10.140200,0.05024382200099353,0,official WSJT-X 3.0.2; binary SHA256 9e3c2fc14f63c4b4c4e9fcc33b386cd22daf8fe76ce724c5e37f07875e9a3dd9,"0000 -29 -0.1  10.140200 -1  K1ABC FN42 33 
<DecodeFinished>",
-28.0,-2.0,78,2026092578,1,K1ABC FN42 33,-27,-2,10.140200,0.04770960299902072,0,official WSJT-X 3.0.2; binary SHA256 9e3c2fc14f63c4b4c4e9fcc33b386cd22daf8fe76ce724c5e37f07875e9a3dd9,"0000 -27  0.0  10.140200 -2  K1ABC FN42 33 
<DecodeFinished>",
-28.0,-2.0,66,2026092566,0,,,,,0.5312658439997904,0,official WSJT-X 3.0.2; binary SHA256 9e3c2fc14f63c4b4c4e9fcc33b386cd22daf8fe76ce724c5e37f07875e9a3dd9,<DecodeFinished>,
-28.0,-2.0,79,2026092579,1,K1ABC FN42 33,-29,-2,10.140200,0.05061787599879608,0,official WSJT-X 3.0.2; binary SHA256 9e3c2fc14f63c4b4c4e9fcc33b386cd22daf8fe76ce724c5e37f07875e9a3dd9,"0000 -29  0.0  10.140200 -2  K1ABC FN42 33 
<DecodeFinished>",
-28.0,-2.0,80,2026092580,1,K1ABC FN42 33,-28,-2,10.140200,0.04272254300121858,0,official WSJT-X 3.0.2; binary SHA256 9e3c2fc14f63c4b4c4e9fcc33b386cd22daf8fe76ce724c5e37f07875e9a3dd9,"0000 -28 -0.1  10.140200 -2  K1ABC FN42 33 
<DecodeFinished>",
-28.0,-2.0,81,2026092581,1,K1ABC FN42 33,-29,-2,10.140200,0.050693404000412556,0,official WSJT-X 3.0.2; binary SHA256 9e3c2fc14f63c4b4c4e9fcc33b386cd22daf8fe76ce724c5e37f07875e9a3dd9,"0000 -29  0.0  10.140200 -2  K1ABC FN42 33 
<DecodeFinished>",
-28.0,-2.0,82,2026092582,1,K1ABC FN42 33,-28,-2,10.140200,0.04720653000003949,0,official WSJT-X 3.0.2; binary SHA256 9e3c2fc14f63c4b4c4e9fcc33b386cd22daf8fe76ce724c5e37f07875e9a3dd9,"0000 -28 -0.0  10.140200 -2  K1ABC FN42 33 
<DecodeFinished>",
-28.0,-2.0,83,2026092583,1,K1ABC FN42 33,-28,-2,10.140200,0.05023300399989239,0,official WSJT-X 3.0.2; binary SHA256 9e3c2fc14f63c4b4c4e9fcc33b386cd22daf8fe76ce724c5e37f07875e9a3dd9,"0000 -28  0.1  10.140200 -2  K1ABC FN42 33 
<DecodeFinished>",
-28.0,-2.0,84,2026092584,1,K1ABC FN42 33,-28,-2,10.140200,0.050886721999631845,0,official WSJT-X 3.0.2; binary SHA256 9e3c2fc14f63c4b4c4e9fcc33b386cd22daf8fe76ce724c5e37f07875e9a3dd9,"0000 -28 -0.0  10.140200 -2  K1ABC FN42 33 
<DecodeFinished>",
-28.0,-2.0,85,2026092585,1,K1ABC FN42 33,-28,-1,10.140200,0.048234744999717805,0,official WSJT-X 3.0.2; binary SHA256 9e3c2fc14f63c4b4c4e9fcc33b386cd22daf8fe76ce724c5e37f07875e9a3dd9,"0000 -28 -0.1  10.140200 -1  K1ABC FN42 33 
<DecodeFinished>",
-28.0,-2.0,86,2026092586,1,K1ABC FN42 33,-28,-2,10.140200,0.052795694000451476,0,official WSJT-X 3.0.2; binary SHA256 9e3c2fc14f63c4b4c4e9fcc33b386cd22daf8fe76ce724c5e37f07875e9a3dd9,"0000 -28  0.0  10.140200 -2  K1ABC FN42 33 
<DecodeFinished>",
-28.0,-2.0,87,2026092587,1,K1ABC FN42 33,-28,-1,10.140200,0.052758887000891264,0,official WSJT-X 3.0.2; binary SHA256 9e3c2fc14f63c4b4c4e9fcc33b386cd22daf8fe76ce724c5e37f07875e9a3dd9,"0000 -28  0.1  10.140200 -1  K1ABC FN42 33 
<DecodeFinished>",
-28.0,-2.0,88,2026092588,1,K1ABC FN42 33,-28,-2,10.140200,0.05261671900007059,0,official WSJT-X 3.0.2; binary SHA256 9e3c2fc14f63c4b4c4e9fcc33b386cd22daf8fe76ce724c5e37f07875e9a3dd9,"0000 -28 -0.0  10.140200 -2  K1ABC FN42 33 
<DecodeFinished>",
-28.0,-2.0,89,2026092589,1,K1ABC FN42 33,-28,-1,10.140200,0.05150758600029803,0,official WSJT-X 3.0.2; binary SHA256 9e3c2fc14f63c4b4c4e9fcc33b386cd22daf8fe76ce724c5e37f07875e9a3dd9,"0000 -28 -0.1  10.140200 -1  K1ABC FN42 33 
<DecodeFinished>",
-28.0,-2.0,90,2026092590,1,K1ABC FN42 33,-28,-2,10.140200,0.046914155000195024,0,official WSJT-X 3.0.2; binary SHA256 9e3c2fc14f63c4b4c4e9fcc33b386cd22daf8fe76ce724c5e37f07875e9a3dd9,"0000 -28 -0.0  10.140200 -2  K1ABC FN42 33 
<DecodeFinished>",
-28.0,-2.0,91,2026092591,1,K1ABC FN42 33,-27,-1,10.140200,0.053400226001031115,0,official WSJT-X 3.0.2; binary SHA256 9e3c2fc14f63c4b4c4e9fcc33b386cd22daf8fe76ce724c5e37f07875e9a3dd9,"0000 -27  0.1  10.140200 -1  K1ABC FN42 33 
<DecodeFinished>",
-28.0,-2.0,93,2026092593,1,K1ABC FN42 33,-28,-2,10.140200,0.04630960100075754,0,official WSJT-X 3.0.2; binary SHA256 9e3c2fc14f63c4b4c4e9fcc33b386cd22daf8fe76ce724c5e37f07875e9a3dd9,"0000 -28 -0.1  10.140200 -2  K1ABC FN42 33 
<DecodeFinished>",
-28.0,-2.0,94,2026092594,1,K1ABC FN42 33,-28,-2,10.140200,0.0438337239993416,0,official WSJT-X 3.0.2; binary SHA256 9e3c2fc14f63c4b4c4e9fcc33b386cd22daf8fe76ce724c5e37f07875e9a3dd9,"0000 -28  0.0  10.140200 -2  K1ABC FN42 33 
<DecodeFinished>",
-28.0,-2.0,73,2026092573,0,,,,,0.5264837359991361,0,official WSJT-X 3.0.2; binary SHA256 9e3c2fc14f63c4b4c4e9fcc33b386cd22daf8fe76ce724c5e37f07875e9a3dd9,<DecodeFinished>,
-28.0,-2.0,95,2026092595,1,K1ABC FN42 33,-28,-2,10.140200,0.04884137400040345,0,official WSJT-X 3.0.2; binary SHA256 9e3c2fc14f63c4b4c4e9fcc33b386cd22daf8fe76ce724c5e37f07875e9a3dd9,"0000 -28 -0.0  10.140200 -2  K1ABC FN42 33 
<DecodeFinished>",
-28.0,-2.0,96,2026092596,1,K1ABC FN42 33,-28,-2,10.140200,0.049105097001302056,0,official WSJT-X 3.0.2; binary SHA256 9e3c2fc14f63c4b4c4e9fcc33b386cd22daf8fe76ce724c5e37f07875e9a3dd9,"0000 -28  0.1  10.140200 -2  K1ABC FN42 33 
<DecodeFinished>",
-28.0,-2.0,97,2026092597,1,K1ABC FN42 33,-28,-2,10.140200,0.04953969800044433,0,official WSJT-X 3.0.2; binary SHA256 9e3c2fc14f63c4b4c4e9fcc33b386cd22daf8fe76ce724c5e37f07875e9a3dd9,"0000 -28 -0.0  10.140200 -2  K1ABC FN42 33 
<DecodeFinished>",
-28.0,-2.0,99,2026092599,1,K1ABC FN42 33,-27,-2,10.140200,0.057819522999125184,0,official WSJT-X 3.0.2; binary SHA256 9e3c2fc14f63c4b4c4e9fcc33b386cd22daf8fe76ce724c5e37f07875e9a3dd9,"0000 -27 -0.1  10.140200 -2  K1ABC FN42 33 
<DecodeFinished>",
-29.0,0.0,0,2026102500,1,K1ABC FN42 33,-29,0,10.140200,0.0512447159999283,0,official WSJT-X 3.0.2; binary SHA256 9e3c2fc14f63c4b4c4e9fcc33b386cd22daf8fe76ce724c5e37f07875e9a3dd9,"0000 -29 -0.1  10.140200  0  K1ABC FN42 33 
<DecodeFinished>",
-29.0,0.0,1,2026102501,1,K1ABC FN42 33,-29,0,10.140200,0.051809519000016735,0,official WSJT-X 3.0.2; binary SHA256 9e3c2fc14f63c4b4c4e9fcc33b386cd22daf8fe76ce724c5e37f07875e9a3dd9,"0000 -29  0.0  10.140200  0  K1ABC FN42 33 
<DecodeFinished>",
-28.0,-2.0,98,2026092598,0,,,,,0.14225146200078598,0,official WSJT-X 3.0.2; binary SHA256 9e3c2fc14f63c4b4c4e9fcc33b386cd22daf8fe76ce724c5e37f07875e9a3dd9,<DecodeFinished>,
-29.0,0.0,2,2026102502,1,K1ABC FN42 33,-29,0,10.140200,0.06680626100023801,0,official WSJT-X 3.0.2; binary SHA256 9e3c2fc14f63c4b4c4e9fcc33b386cd22daf8fe76ce724c5e37f07875e9a3dd9,"0000 -29  0.1  10.140200  0  K1ABC FN42 33 
<DecodeFinished>",
-29.0,0.0,3,2026102503,1,K1ABC FN42 33,-29,0,10.140200,0.05271064800035674,0,official WSJT-X 3.0.2; binary SHA256 9e3c2fc14f63c4b4c4e9fcc33b386cd22daf8fe76ce724c5e37f07875e9a3dd9,"0000 -29  0.0  10.140200  0  K1ABC FN42 33 
<DecodeFinished>",
-29.0,0.0,4,2026102504,1,K1ABC FN42 33,-29,0,10.140200,0.04623131299922534,0,official WSJT-X 3.0.2; binary SHA256 9e3c2fc14f63c4b4c4e9fcc33b386cd22daf8fe76ce724c5e37f07875e9a3dd9,"0000 -29  0.1  10.140200  0  K1ABC FN42 33 
<DecodeFinished>",
-29.0,0.0,5,2026102505,1,K1ABC FN42 33,-29,0,10.140200,0.04950155100050324,0,official WSJT-X 3.0.2; binary SHA256 9e3c2fc14f63c4b4c4e9fcc33b386cd22daf8fe76ce724c5e37f07875e9a3dd9,"0000 -29  0.1  10.140200  0  K1ABC FN42 33 
<DecodeFinished>",
-29.0,0.0,6,2026102506,1,K1ABC FN42 33,-29,0,10.140200,0.05603421300111222,0,official WSJT-X 3.0.2; binary SHA256 9e3c2fc14f63c4b4c4e9fcc33b386cd22daf8fe76ce724c5e37f07875e9a3dd9,"0000 -29  0.1  10.140200  0  K1ABC FN42 33 
<DecodeFinished>",
-29.0,0.0,7,2026102507,1,K1ABC FN42 33,-30,0,10.140200,0.051179746000343584,0,official WSJT-X 3.0.2; binary SHA256 9e3c2fc14f63c4b4c4e9fcc33b386cd22daf8fe76ce724c5e37f07875e9a3dd9,"0000 -30 -0.0  10.140200  0  K1ABC FN42 33 
<DecodeFinished>",
-29.0,0.0,8,2026102508,1,K1ABC FN42 33,-30,0,10.140200,0.0532502910009498,0,official WSJT-X 3.0.2; binary SHA256 9e3c2fc14f63c4b4c4e9fcc33b386cd22daf8fe76ce724c5e37f07875e9a3dd9,"0000 -30 -0.0  10.140200  0  K1ABC FN42 33 
<DecodeFinished>",
-29.0,0.0,9,2026102509,1,K1ABC FN42 33,-28,0,10.140200,0.0630815940003231,0,official WSJT-X 3.0.2; binary SHA256 9e3c2fc14f63c4b4c4e9fcc33b386cd22daf8fe76ce724c5e37f07875e9a3dd9,"0000 -28 -0.0  10.140200  0  K1ABC FN42 33 
<DecodeFinished>",
-29.0,0.0,10,2026102510,1,K1ABC FN42 33,-29,0,10.140200,0.05064559600032226,0,official WSJT-X 3.0.2; binary SHA256 9e3c2fc14f63c4b4c4e9fcc33b386cd22daf8fe76ce724c5e37f07875e9a3dd9,"0000 -29 -0.0  10.140200  0  K1ABC FN42 33 
<DecodeFinished>",
-29.0,0.0,11,2026102511,1,K1ABC FN42 33,-29,0,10.140200,0.05052917200009688,0,official WSJT-X 3.0.2; binary SHA256 9e3c2fc14f63c4b4c4e9fcc33b386cd22daf8fe76ce724c5e37f07875e9a3dd9,"0000 -29 -0.0  10.140200  0  K1ABC FN42 33 
<DecodeFinished>",
-29.0,0.0,13,2026102513,1,K1ABC FN42 33,-28,0,10.140200,0.04753039599927433,0,official WSJT-X 3.0.2; binary SHA256 9e3c2fc14f63c4b4c4e9fcc33b386cd22daf8fe76ce724c5e37f07875e9a3dd9,"0000 -28  0.0  10.140200  0  K1ABC FN42 33 
<DecodeFinished>",
-29.0,0.0,12,2026102512,1,K1ABC FN42 33,-30,0,10.140200,0.06020378900029755,0,official WSJT-X 3.0.2; binary SHA256 9e3c2fc14f63c4b4c4e9fcc33b386cd22daf8fe76ce724c5e37f07875e9a3dd9,"0000 -30  0.1  10.140200  0  K1ABC FN42 33 
<DecodeFinished>",
-29.0,0.0,14,2026102514,1,K1ABC FN42 33,-29,0,10.140200,0.04815699900063919,0,official WSJT-X 3.0.2; binary SHA256 9e3c2fc14f63c4b4c4e9fcc33b386cd22daf8fe76ce724c5e37f07875e9a3dd9,"0000 -29  0.1  10.140200  0  K1ABC FN42 33 
<DecodeFinished>",
-29.0,0.0,15,2026102515,1,K1ABC FN42 33,-28,0,10.140200,0.047917201000018395,0,official WSJT-X 3.0.2; binary SHA256 9e3c2fc14f63c4b4c4e9fcc33b386cd22daf8fe76ce724c5e37f07875e9a3dd9,"0000 -28 -0.1  10.140200  0  K1ABC FN42 33 
<DecodeFinished>",
-29.0,0.0,16,2026102516,1,K1ABC FN42 33,-29,0,10.140200,0.04413116700015962,0,official WSJT-X 3.0.2; binary SHA256 9e3c2fc14f63c4b4c4e9fcc33b386cd22daf8fe76ce724c5e37f07875e9a3dd9,"0000 -29  0.0  10.140200  0  K1ABC FN42 33 
<DecodeFinished>",
-29.0,0.0,17,2026102517,1,K1ABC FN42 33,-29,0,10.140200,0.04996257699895068,0,official WSJT-X 3.0.2; binary SHA256 9e3c2fc14f63c4b4c4e9fcc33b386cd22daf8fe76ce724c5e37f07875e9a3dd9,"0000 -29  0.1  10.140200  0  K1ABC FN42 33 
<DecodeFinished>",
-28.0,-2.0,92,2026092592,0,,,,,0.5372124730001815,0,official WSJT-X 3.0.2; binary SHA256 9e3c2fc14f63c4b4c4e9fcc33b386cd22daf8fe76ce724c5e37f07875e9a3dd9,<DecodeFinished>,
-29.0,0.0,19,2026102519,1,K1ABC FN42 33,-28,0,10.140200,0.06039590500040504,0,official WSJT-X 3.0.2; binary SHA256 9e3c2fc14f63c4b4c4e9fcc33b386cd22daf8fe76ce724c5e37f07875e9a3dd9,"0000 -28 -0.0  10.140200  0  K1ABC FN42 33 
<DecodeFinished>",
-29.0,0.0,18,2026102518,1,K1ABC FN42 33,-29,0,10.140200,0.07324036399950273,0,official WSJT-X 3.0.2; binary SHA256 9e3c2fc14f63c4b4c4e9fcc33b386cd22daf8fe76ce724c5e37f07875e9a3dd9,"0000 -29  0.1  10.140200  0  K1ABC FN42 33 
<DecodeFinished>",
-29.0,0.0,21,2026102521,1,K1ABC FN42 33,-28,0,10.140200,0.05940028900113248,0,official WSJT-X 3.0.2; binary SHA256 9e3c2fc14f63c4b4c4e9fcc33b386cd22daf8fe76ce724c5e37f07875e9a3dd9,"0000 -28 -0.1  10.140200  0  K1ABC FN42 33 
<DecodeFinished>",
-29.0,0.0,22,2026102522,1,K1ABC FN42 33,-29,0,10.140200,0.05296196000017517,0,official WSJT-X 3.0.2; binary SHA256 9e3c2fc14f63c4b4c4e9fcc33b386cd22daf8fe76ce724c5e37f07875e9a3dd9,"0000 -29 -0.0  10.140200  0  K1ABC FN42 33 
<DecodeFinished>",
-29.0,0.0,23,2026102523,1,K1ABC FN42 33,-29,0,10.140200,0.04852969099920301,0,official WSJT-X 3.0.2; binary SHA256 9e3c2fc14f63c4b4c4e9fcc33b386cd22daf8fe76ce724c5e37f07875e9a3dd9,"0000 -29  0.0  10.140200  0  K1ABC FN42 33 
<DecodeFinished>",
-29.0,0.0,24,2026102524,1,K1ABC FN42 33,-28,0,10.140200,0.04994439399888506,0,official WSJT-X 3.0.2; binary SHA256 9e3c2fc14f63c4b4c4e9fcc33b386cd22daf8fe76ce724c5e37f07875e9a3dd9,"0000 -28 -0.1  10.140200  0  K1ABC FN42 33 
<DecodeFinished>",
-29.0,0.0,26,2026102526,1,K1ABC FN42 33,-29,0,10.140200,0.04643613699954585,0,official WSJT-X 3.0.2; binary SHA256 9e3c2fc14f63c4b4c4e9fcc33b386cd22daf8fe76ce724c5e37f07875e9a3dd9,"0000 -29  0.0  10.140200  0  K1ABC FN42 33 
<DecodeFinished>",
-29.0,0.0,27,2026102527,1,K1ABC FN42 33,-29,0,10.140200,0.06649535599899536,0,official WSJT-X 3.0.2; binary SHA256 9e3c2fc14f63c4b4c4e9fcc33b386cd22daf8fe76ce724c5e37f07875e9a3dd9,"0000 -29 -0.1  10.140200  0  K1ABC FN42 33 
<DecodeFinished>",
-29.0,0.0,28,2026102528,1,K1ABC FN42 33,-29,0,10.140200,0.04371119099960197,0,official WSJT-X 3.0.2; binary SHA256 9e3c2fc14f63c4b4c4e9fcc33b386cd22daf8fe76ce724c5e37f07875e9a3dd9,"0000 -29  0.1  10.140200  0  K1ABC FN42 33 
<DecodeFinished>",
-29.0,0.0,25,2026102525,1,K1ABC FN42 33,-29,0,10.140200,0.09841962500104273,0,official WSJT-X 3.0.2; binary SHA256 9e3c2fc14f63c4b4c4e9fcc33b386cd22daf8fe76ce724c5e37f07875e9a3dd9,"0000 -29 -0.1  10.140200  0  K1ABC FN42 33 
<DecodeFinished>",
-29.0,0.0,29,2026102529,1,K1ABC FN42 33,-29,0,10.140200,0.056432566001603846,0,official WSJT-X 3.0.2; binary SHA256 9e3c2fc14f63c4b4c4e9fcc33b386cd22daf8fe76ce724c5e37f07875e9a3dd9,"0000 -29  0.0  10.140200  0  K1ABC FN42 33 
<DecodeFinished>",
-29.0,0.0,30,2026102530,1,K1ABC FN42 33,-29,0,10.140200,0.047028571001646924,0,official WSJT-X 3.0.2; binary SHA256 9e3c2fc14f63c4b4c4e9fcc33b386cd22daf8fe76ce724c5e37f07875e9a3dd9,"0000 -29  0.1  10.140200  0  K1ABC FN42 33 
<DecodeFinished>",
-29.0,0.0,31,2026102531,1,K1ABC FN42 33,-29,0,10.140200,0.04838981600005354,0,official WSJT-X 3.0.2; binary SHA256 9e3c2fc14f63c4b4c4e9fcc33b386cd22daf8fe76ce724c5e37f07875e9a3dd9,"0000 -29 -0.0  10.140200  0  K1ABC FN42 33 
<DecodeFinished>",
-29.0,0.0,20,2026102520,1,K1ABC FN42 33,-29,0,10.140200,0.2801791760011838,0,official WSJT-X 3.0.2; binary SHA256 9e3c2fc14f63c4b4c4e9fcc33b386cd22daf8fe76ce724c5e37f07875e9a3dd9,"0000 -29 -0.1  10.140200  0  K1ABC FN42 33 
<DecodeFinished>",
-29.0,0.0,32,2026102532,1,K1ABC FN42 33,-29,0,10.140200,0.0714932470000349,0,official WSJT-X 3.0.2; binary SHA256 9e3c2fc14f63c4b4c4e9fcc33b386cd22daf8fe76ce724c5e37f07875e9a3dd9,"0000 -29 -0.0  10.140200  0  K1ABC FN42 33 
<DecodeFinished>",
-29.0,0.0,33,2026102533,1,K1ABC FN42 33,-28,0,10.140200,0.07462738399954105,0,official WSJT-X 3.0.2; binary SHA256 9e3c2fc14f63c4b4c4e9fcc33b386cd22daf8fe76ce724c5e37f07875e9a3dd9,"0000 -28 -0.0  10.140200  0  K1ABC FN42 33 
<DecodeFinished>",
-29.0,0.0,34,2026102534,1,K1ABC FN42 33,-29,0,10.140200,0.07104275100027735,0,official WSJT-X 3.0.2; binary SHA256 9e3c2fc14f63c4b4c4e9fcc33b386cd22daf8fe76ce724c5e37f07875e9a3dd9,"0000 -29  0.0  10.140200  0  K1ABC FN42 33 
<DecodeFinished>",
-29.0,0.0,35,2026102535,1,K1ABC FN42 33,-29,0,10.140200,0.04956854900046892,0,official WSJT-X 3.0.2; binary SHA256 9e3c2fc14f63c4b4c4e9fcc33b386cd22daf8fe76ce724c5e37f07875e9a3dd9,"0000 -29 -0.1  10.140200  0  K1ABC FN42 33 
<DecodeFinished>",
-29.0,0.0,39,2026102539,1,K1ABC FN42 33,-29,0,10.140200,0.05249455499870237,0,official WSJT-X 3.0.2; binary SHA256 9e3c2fc14f63c4b4c4e9fcc33b386cd22daf8fe76ce724c5e37f07875e9a3dd9,"0000 -29  0.1  10.140200  0  K1ABC FN42 33 
<DecodeFinished>",
-29.0,0.0,37,2026102537,1,K1ABC FN42 33,-29,0,10.140200,0.07167729399952805,0,official WSJT-X 3.0.2; binary SHA256 9e3c2fc14f63c4b4c4e9fcc33b386cd22daf8fe76ce724c5e37f07875e9a3dd9,"0000 -29  0.0  10.140200  0  K1ABC FN42 33 
<DecodeFinished>",
-29.0,0.0,36,2026102536,1,K1ABC FN42 33,-29,0,10.140200,0.12524767000104475,0,official WSJT-X 3.0.2; binary SHA256 9e3c2fc14f63c4b4c4e9fcc33b386cd22daf8fe76ce724c5e37f07875e9a3dd9,"0000 -29 -0.0  10.140200  0  K1ABC FN42 33 
<DecodeFinished>",
-29.0,0.0,41,2026102541,1,K1ABC FN42 33,-29,0,10.140200,0.0478847409995069,0,official WSJT-X 3.0.2; binary SHA256 9e3c2fc14f63c4b4c4e9fcc33b386cd22daf8fe76ce724c5e37f07875e9a3dd9,"0000 -29 -0.0  10.140200  0  K1ABC FN42 33 
<DecodeFinished>",
-29.0,0.0,40,2026102540,1,K1ABC FN42 33,-29,0,10.140200,0.06045909699969343,0,official WSJT-X 3.0.2; binary SHA256 9e3c2fc14f63c4b4c4e9fcc33b386cd22daf8fe76ce724c5e37f07875e9a3dd9,"0000 -29 -0.1  10.140200  0  K1ABC FN42 33 
<DecodeFinished>",
-29.0,0.0,43,2026102543,1,K1ABC FN42 33,-29,0,10.140200,0.04193423800097662,0,official WSJT-X 3.0.2; binary SHA256 9e3c2fc14f63c4b4c4e9fcc33b386cd22daf8fe76ce724c5e37f07875e9a3dd9,"0000 -29  0.1  10.140200  0  K1ABC FN42 33 
<DecodeFinished>",
-29.0,0.0,42,2026102542,1,K1ABC FN42 33,-29,0,10.140200,0.045655850999537506,0,official WSJT-X 3.0.2; binary SHA256 9e3c2fc14f63c4b4c4e9fcc33b386cd22daf8fe76ce724c5e37f07875e9a3dd9,"0000 -29 -0.1  10.140200  0  K1ABC FN42 33 
<DecodeFinished>",
-29.0,0.0,44,2026102544,1,K1ABC FN42 33,-28,0,10.140200,0.04751620999923034,0,official WSJT-X 3.0.2; binary SHA256 9e3c2fc14f63c4b4c4e9fcc33b386cd22daf8fe76ce724c5e37f07875e9a3dd9,"0000 -28 -0.1  10.140200  0  K1ABC FN42 33 
<DecodeFinished>",
-29.0,0.0,45,2026102545,1,K1ABC FN42 33,-29,0,10.140200,0.048797175999425235,0,official WSJT-X 3.0.2; binary SHA256 9e3c2fc14f63c4b4c4e9fcc33b386cd22daf8fe76ce724c5e37f07875e9a3dd9,"0000 -29 -0.1  10.140200  0  K1ABC FN42 33 
<DecodeFinished>",
-29.0,0.0,46,2026102546,1,K1ABC FN42 33,-29,0,10.140200,0.05558417899919732,0,official WSJT-X 3.0.2; binary SHA256 9e3c2fc14f63c4b4c4e9fcc33b386cd22daf8fe76ce724c5e37f07875e9a3dd9,"0000 -29  0.1  10.140200  0  K1ABC FN42 33 
<DecodeFinished>",
-29.0,0.0,48,2026102548,1,K1ABC FN42 33,-30,0,10.140200,0.044691897001030156,0,official WSJT-X 3.0.2; binary SHA256 9e3c2fc14f63c4b4c4e9fcc33b386cd22daf8fe76ce724c5e37f07875e9a3dd9,"0000 -30  0.0  10.140200  0  K1ABC FN42 33 
<DecodeFinished>",
-29.0,0.0,49,2026102549,1,K1ABC FN42 33,-29,0,10.140200,0.04586292400017555,0,official WSJT-X 3.0.2; binary SHA256 9e3c2fc14f63c4b4c4e9fcc33b386cd22daf8fe76ce724c5e37f07875e9a3dd9,"0000 -29  0.0  10.140200  0  K1ABC FN42 33 
<DecodeFinished>",
-29.0,0.0,38,2026102538,1,K1ABC FN42 33,-30,0,10.140200,0.26316178100023535,0,official WSJT-X 3.0.2; binary SHA256 9e3c2fc14f63c4b4c4e9fcc33b386cd22daf8fe76ce724c5e37f07875e9a3dd9,"0000 -30  0.1  10.140200  0  K1ABC FN42 33 
<DecodeFinished>",
-29.0,0.0,50,2026102550,1,K1ABC FN42 33,-29,0,10.140200,0.04999941000096442,0,official WSJT-X 3.0.2; binary SHA256 9e3c2fc14f63c4b4c4e9fcc33b386cd22daf8fe76ce724c5e37f07875e9a3dd9,"0000 -29 -0.1  10.140200  0  K1ABC FN42 33 
<DecodeFinished>",
-29.0,0.0,51,2026102551,1,K1ABC FN42 33,-30,0,10.140200,0.04344115200001397,0,official WSJT-X 3.0.2; binary SHA256 9e3c2fc14f63c4b4c4e9fcc33b386cd22daf8fe76ce724c5e37f07875e9a3dd9,"0000 -30  0.0  10.140200  0  K1ABC FN42 33 
<DecodeFinished>",
-29.0,0.0,52,2026102552,1,K1ABC FN42 33,-29,0,10.140200,0.04567970299831359,0,official WSJT-X 3.0.2; binary SHA256 9e3c2fc14f63c4b4c4e9fcc33b386cd22daf8fe76ce724c5e37f07875e9a3dd9,"0000 -29 -0.0  10.140200  0  K1ABC FN42 33 
<DecodeFinished>",
-29.0,0.0,53,2026102553,1,K1ABC FN42 33,-28,0,10.140200,0.0530409420007345,0,official WSJT-X 3.0.2; binary SHA256 9e3c2fc14f63c4b4c4e9fcc33b386cd22daf8fe76ce724c5e37f07875e9a3dd9,"0000 -28 -0.0  10.140200  0  K1ABC FN42 33 
<DecodeFinished>",
-29.0,0.0,55,2026102555,1,K1ABC FN42 33,-29,0,10.140200,0.051889266000216594,0,official WSJT-X 3.0.2; binary SHA256 9e3c2fc14f63c4b4c4e9fcc33b386cd22daf8fe76ce724c5e37f07875e9a3dd9,"0000 -29 -0.1  10.140200  0  K1ABC FN42 33 
<DecodeFinished>",
-29.0,0.0,54,2026102554,1,K1ABC FN42 33,-30,0,10.140200,0.06402765299935709,0,official WSJT-X 3.0.2; binary SHA256 9e3c2fc14f63c4b4c4e9fcc33b386cd22daf8fe76ce724c5e37f07875e9a3dd9,"0000 -30  0.1  10.140200  0  K1ABC FN42 33 
<DecodeFinished>",
-29.0,0.0,56,2026102556,1,K1ABC FN42 33,-28,0,10.140200,0.049722411000402644,0,official WSJT-X 3.0.2; binary SHA256 9e3c2fc14f63c4b4c4e9fcc33b386cd22daf8fe76ce724c5e37f07875e9a3dd9,"0000 -28  0.0  10.140200  0  K1ABC FN42 33 
<DecodeFinished>",
-29.0,0.0,57,2026102557,1,K1ABC FN42 33,-29,0,10.140200,0.04847486800099432,0,official WSJT-X 3.0.2; binary SHA256 9e3c2fc14f63c4b4c4e9fcc33b386cd22daf8fe76ce724c5e37f07875e9a3dd9,"0000 -29 -0.1  10.140200  0  K1ABC FN42 33 
<DecodeFinished>",
-29.0,0.0,58,2026102558,1,K1ABC FN42 33,-29,0,10.140200,0.049349230001098476,0,official WSJT-X 3.0.2; binary SHA256 9e3c2fc14f63c4b4c4e9fcc33b386cd22daf8fe76ce724c5e37f07875e9a3dd9,"0000 -29 -0.1  10.140200  0  K1ABC FN42 33 
<DecodeFinished>",
-29.0,0.0,47,2026102547,1,K1ABC FN42 33,-29,0,10.140200,0.2582025350002368,0,official WSJT-X 3.0.2; binary SHA256 9e3c2fc14f63c4b4c4e9fcc33b386cd22daf8fe76ce724c5e37f07875e9a3dd9,"0000 -29 -0.1  10.140200  0  K1ABC FN42 33 
<DecodeFinished>",
-29.0,0.0,61,2026102561,1,K1ABC FN42 33,-29,0,10.140200,0.058091597000384354,0,official WSJT-X 3.0.2; binary SHA256 9e3c2fc14f63c4b4c4e9fcc33b386cd22daf8fe76ce724c5e37f07875e9a3dd9,"0000 -29  0.0  10.140200  0  K1ABC FN42 33 
<DecodeFinished>",
-29.0,0.0,62,2026102562,1,K1ABC FN42 33,-28,0,10.140200,0.052194604999385774,0,official WSJT-X 3.0.2; binary SHA256 9e3c2fc14f63c4b4c4e9fcc33b386cd22daf8fe76ce724c5e37f07875e9a3dd9,"0000 -28  0.0  10.140200  0  K1ABC FN42 33 
<DecodeFinished>",
-29.0,0.0,59,2026102559,1,K1ABC FN42 33,-29,0,10.140200,0.07970132299851684,0,official WSJT-X 3.0.2; binary SHA256 9e3c2fc14f63c4b4c4e9fcc33b386cd22daf8fe76ce724c5e37f07875e9a3dd9,"0000 -29  0.1  10.140200  0  K1ABC FN42 33 
<DecodeFinished>",
-29.0,0.0,60,2026102560,1,K1ABC FN42 33,-30,0,10.140200,0.07872101700013445,0,official WSJT-X 3.0.2; binary SHA256 9e3c2fc14f63c4b4c4e9fcc33b386cd22daf8fe76ce724c5e37f07875e9a3dd9,"0000 -30 -0.1  10.140200  0  K1ABC FN42 33 
<DecodeFinished>",
-29.0,0.0,65,2026102565,1,K1ABC FN42 33,-30,0,10.140200,0.05717692299913324,0,official WSJT-X 3.0.2; binary SHA256 9e3c2fc14f63c4b4c4e9fcc33b386cd22daf8fe76ce724c5e37f07875e9a3dd9,"0000 -30  0.0  10.140200  0  K1ABC FN42 33 
<DecodeFinished>",
-29.0,0.0,63,2026102563,1,K1ABC FN42 33,-29,0,10.140200,0.06829484700028843,0,official WSJT-X 3.0.2; binary SHA256 9e3c2fc14f63c4b4c4e9fcc33b386cd22daf8fe76ce724c5e37f07875e9a3dd9,"0000 -29  0.0  10.140200  0  K1ABC FN42 33 
<DecodeFinished>",
-29.0,0.0,66,2026102566,1,K1ABC FN42 33,-29,0,10.140200,0.05882580499928736,0,official WSJT-X 3.0.2; binary SHA256 9e3c2fc14f63c4b4c4e9fcc33b386cd22daf8fe76ce724c5e37f07875e9a3dd9,"0000 -29 -0.1  10.140200  0  K1ABC FN42 33 
<DecodeFinished>",
-29.0,0.0,64,2026102564,1,K1ABC FN42 33,-29,0,10.140200,0.06330252699990524,0,official WSJT-X 3.0.2; binary SHA256 9e3c2fc14f63c4b4c4e9fcc33b386cd22daf8fe76ce724c5e37f07875e9a3dd9,"0000 -29 -0.1  10.140200  0  K1ABC FN42 33 
<DecodeFinished>",
-29.0,0.0,68,2026102568,1,K1ABC FN42 33,-28,0,10.140200,0.061251703000380076,0,official WSJT-X 3.0.2; binary SHA256 9e3c2fc14f63c4b4c4e9fcc33b386cd22daf8fe76ce724c5e37f07875e9a3dd9,"0000 -28  0.0  10.140200  0  K1ABC FN42 33 
<DecodeFinished>",
-29.0,0.0,67,2026102567,1,K1ABC FN42 33,-28,0,10.140200,0.06455902800007607,0,official WSJT-X 3.0.2; binary SHA256 9e3c2fc14f63c4b4c4e9fcc33b386cd22daf8fe76ce724c5e37f07875e9a3dd9,"0000 -28 -0.1  10.140200  0  K1ABC FN42 33 
<DecodeFinished>",
-29.0,0.0,69,2026102569,1,K1ABC FN42 33,-29,0,10.140200,0.08031652600038797,0,official WSJT-X 3.0.2; binary SHA256 9e3c2fc14f63c4b4c4e9fcc33b386cd22daf8fe76ce724c5e37f07875e9a3dd9,"0000 -29 -0.1  10.140200  0  K1ABC FN42 33 
<DecodeFinished>",
-29.0,0.0,72,2026102572,1,K1ABC FN42 33,-29,0,10.140200,0.051450154000121984,0,official WSJT-X 3.0.2; binary SHA256 9e3c2fc14f63c4b4c4e9fcc33b386cd22daf8fe76ce724c5e37f07875e9a3dd9,"0000 -29 -0.0  10.140200  0  K1ABC FN42 33 
<DecodeFinished>",
-29.0,0.0,71,2026102571,1,K1ABC FN42 33,-29,0,10.140200,0.055492993000370916,0,official WSJT-X 3.0.2; binary SHA256 9e3c2fc14f63c4b4c4e9fcc33b386cd22daf8fe76ce724c5e37f07875e9a3dd9,"0000 -29  0.0  10.140200  0  K1ABC FN42 33 
<DecodeFinished>",
-29.0,0.0,73,2026102573,1,K1ABC FN42 33,-29,0,10.140200,0.04544935500052816,0,official WSJT-X 3.0.2; binary SHA256 9e3c2fc14f63c4b4c4e9fcc33b386cd22daf8fe76ce724c5e37f07875e9a3dd9,"0000 -29  0.0  10.140200  0  K1ABC FN42 33 
<DecodeFinished>",
-29.0,0.0,75,2026102575,1,K1ABC FN42 33,-28,0,10.140200,0.04573305099984282,0,official WSJT-X 3.0.2; binary SHA256 9e3c2fc14f63c4b4c4e9fcc33b386cd22daf8fe76ce724c5e37f07875e9a3dd9,"0000 -28  0.0  10.140200  0  K1ABC FN42 33 
<DecodeFinished>",
-29.0,0.0,74,2026102574,1,K1ABC FN42 33,-29,0,10.140200,0.05158364299859386,0,official WSJT-X 3.0.2; binary SHA256 9e3c2fc14f63c4b4c4e9fcc33b386cd22daf8fe76ce724c5e37f07875e9a3dd9,"0000 -29  0.0  10.140200  0  K1ABC FN42 33 
<DecodeFinished>",
-29.0,0.0,76,2026102576,1,K1ABC FN42 33,-29,0,10.140200,0.04631978699944739,0,official WSJT-X 3.0.2; binary SHA256 9e3c2fc14f63c4b4c4e9fcc33b386cd22daf8fe76ce724c5e37f07875e9a3dd9,"0000 -29 -0.0  10.140200  0  K1ABC FN42 33 
<DecodeFinished>",
-29.0,0.0,78,2026102578,1,K1ABC FN42 33,-29,0,10.140200,0.04433291099849157,0,official WSJT-X 3.0.2; binary SHA256 9e3c2fc14f63c4b4c4e9fcc33b386cd22daf8fe76ce724c5e37f07875e9a3dd9,"0000 -29 -0.0  10.140200  0  K1ABC FN42 33 
<DecodeFinished>",
-29.0,0.0,77,2026102577,1,K1ABC FN42 33,-29,0,10.140200,0.056269659000463434,0,official WSJT-X 3.0.2; binary SHA256 9e3c2fc14f63c4b4c4e9fcc33b386cd22daf8fe76ce724c5e37f07875e9a3dd9,"0000 -29  0.0  10.140200  0  K1ABC FN42 33 
<DecodeFinished>",
-29.0,0.0,79,2026102579,1,K1ABC FN42 33,-29,0,10.140200,0.05003175000092597,0,official WSJT-X 3.0.2; binary SHA256 9e3c2fc14f63c4b4c4e9fcc33b386cd22daf8fe76ce724c5e37f07875e9a3dd9,"0000 -29 -0.1  10.140200  0  K1ABC FN42 33 
<DecodeFinished>",
-29.0,0.0,70,2026102570,1,K1ABC FN42 33,-30,0,10.140200,0.26218738599891367,0,official WSJT-X 3.0.2; binary SHA256 9e3c2fc14f63c4b4c4e9fcc33b386cd22daf8fe76ce724c5e37f07875e9a3dd9,"0000 -30 -0.1  10.140200  0  K1ABC FN42 33 
<DecodeFinished>",
-29.0,0.0,82,2026102582,1,K1ABC FN42 33,-29,0,10.140200,0.04788386499967601,0,official WSJT-X 3.0.2; binary SHA256 9e3c2fc14f63c4b4c4e9fcc33b386cd22daf8fe76ce724c5e37f07875e9a3dd9,"0000 -29 -0.0  10.140200  0  K1ABC FN42 33 
<DecodeFinished>",
-29.0,0.0,80,2026102580,1,K1ABC FN42 33,-28,0,10.140200,0.0627700429995457,0,official WSJT-X 3.0.2; binary SHA256 9e3c2fc14f63c4b4c4e9fcc33b386cd22daf8fe76ce724c5e37f07875e9a3dd9,"0000 -28  0.0  10.140200  0  K1ABC FN42 33 
<DecodeFinished>",
-29.0,0.0,81,2026102581,1,K1ABC FN42 33,-28,0,10.140200,0.06788858899926709,0,official WSJT-X 3.0.2; binary SHA256 9e3c2fc14f63c4b4c4e9fcc33b386cd22daf8fe76ce724c5e37f07875e9a3dd9,"0000 -28 -0.0  10.140200  0  K1ABC FN42 33 
<DecodeFinished>",
-29.0,0.0,84,2026102584,1,K1ABC FN42 33,-29,0,10.140200,0.0635580439993646,0,official WSJT-X 3.0.2; binary SHA256 9e3c2fc14f63c4b4c4e9fcc33b386cd22daf8fe76ce724c5e37f07875e9a3dd9,"0000 -29 -0.1  10.140200  0  K1ABC FN42 33 
<DecodeFinished>",
-29.0,0.0,83,2026102583,1,K1ABC FN42 33,-29,0,10.140200,0.07125966899911873,0,official WSJT-X 3.0.2; binary SHA256 9e3c2fc14f63c4b4c4e9fcc33b386cd22daf8fe76ce724c5e37f07875e9a3dd9,"0000 -29 -0.1  10.140200  0  K1ABC FN42 33 
<DecodeFinished>",
-29.0,0.0,86,2026102586,1,K1ABC FN42 33,-29,0,10.140200,0.0510071999997308,0,official WSJT-X 3.0.2; binary SHA256 9e3c2fc14f63c4b4c4e9fcc33b386cd22daf8fe76ce724c5e37f07875e9a3dd9,"0000 -29 -0.0  10.140200  0  K1ABC FN42 33 
<DecodeFinished>",
-29.0,0.0,85,2026102585,1,K1ABC FN42 33,-29,0,10.140200,0.07418823999978486,0,official WSJT-X 3.0.2; binary SHA256 9e3c2fc14f63c4b4c4e9fcc33b386cd22daf8fe76ce724c5e37f07875e9a3dd9,"0000 -29  0.0  10.140200  0  K1ABC FN42 33 
<DecodeFinished>",
-29.0,0.0,89,2026102589,1,K1ABC FN42 33,-29,0,10.140200,0.05905714899927261,0,official WSJT-X 3.0.2; binary SHA256 9e3c2fc14f63c4b4c4e9fcc33b386cd22daf8fe76ce724c5e37f07875e9a3dd9,"0000 -29  0.0  10.140200  0  K1ABC FN42 33 
<DecodeFinished>",
-29.0,0.0,87,2026102587,1,K1ABC FN42 33,-29,0,10.140200,0.06352212499950838,0,official WSJT-X 3.0.2; binary SHA256 9e3c2fc14f63c4b4c4e9fcc33b386cd22daf8fe76ce724c5e37f07875e9a3dd9,"0000 -29  0.0  10.140200  0  K1ABC FN42 33 
<DecodeFinished>",
-29.0,0.0,90,2026102590,1,K1ABC FN42 33,-29,0,10.140200,0.053284127001461457,0,official WSJT-X 3.0.2; binary SHA256 9e3c2fc14f63c4b4c4e9fcc33b386cd22daf8fe76ce724c5e37f07875e9a3dd9,"0000 -29  0.1  10.140200  0  K1ABC FN42 33 
<DecodeFinished>",
-29.0,0.0,88,2026102588,1,K1ABC FN42 33,-29,0,10.140200,0.06743327799995313,0,official WSJT-X 3.0.2; binary SHA256 9e3c2fc14f63c4b4c4e9fcc33b386cd22daf8fe76ce724c5e37f07875e9a3dd9,"0000 -29  0.0  10.140200  0  K1ABC FN42 33 
<DecodeFinished>",
-29.0,0.0,92,2026102592,1,K1ABC FN42 33,-29,0,10.140200,0.06294315299965092,0,official WSJT-X 3.0.2; binary SHA256 9e3c2fc14f63c4b4c4e9fcc33b386cd22daf8fe76ce724c5e37f07875e9a3dd9,"0000 -29  0.1  10.140200  0  K1ABC FN42 33 
<DecodeFinished>",
-29.0,0.0,93,2026102593,1,K1ABC FN42 33,-29,0,10.140200,0.06129625299945474,0,official WSJT-X 3.0.2; binary SHA256 9e3c2fc14f63c4b4c4e9fcc33b386cd22daf8fe76ce724c5e37f07875e9a3dd9,"0000 -29 -0.1  10.140200  0  K1ABC FN42 33 
<DecodeFinished>",
-29.0,0.0,91,2026102591,1,K1ABC FN42 33,-29,0,10.140200,0.06880090400045447,0,official WSJT-X 3.0.2; binary SHA256 9e3c2fc14f63c4b4c4e9fcc33b386cd22daf8fe76ce724c5e37f07875e9a3dd9,"0000 -29  0.0  10.140200  0  K1ABC FN42 33 
<DecodeFinished>",
-29.0,0.0,94,2026102594,1,K1ABC FN42 33,-29,0,10.140200,0.07313671100018837,0,official WSJT-X 3.0.2; binary SHA256 9e3c2fc14f63c4b4c4e9fcc33b386cd22daf8fe76ce724c5e37f07875e9a3dd9,"0000 -29  0.0  10.140200  0  K1ABC FN42 33 
<DecodeFinished>",
-29.0,0.0,96,2026102596,1,K1ABC FN42 33,-29,0,10.140200,0.06495732699841028,0,official WSJT-X 3.0.2; binary SHA256 9e3c2fc14f63c4b4c4e9fcc33b386cd22daf8fe76ce724c5e37f07875e9a3dd9,"0000 -29  0.1  10.140200  0  K1ABC FN42 33 
<DecodeFinished>",
-29.0,0.0,97,2026102597,1,K1ABC FN42 33,-30,0,10.140200,0.05966180799987342,0,official WSJT-X 3.0.2; binary SHA256 9e3c2fc14f63c4b4c4e9fcc33b386cd22daf8fe76ce724c5e37f07875e9a3dd9,"0000 -30  0.0  10.140200  0  K1ABC FN42 33 
<DecodeFinished>",
-29.0,0.0,98,2026102598,1,K1ABC FN42 33,-29,0,10.140200,0.05287670399957278,0,official WSJT-X 3.0.2; binary SHA256 9e3c2fc14f63c4b4c4e9fcc33b386cd22daf8fe76ce724c5e37f07875e9a3dd9,"0000 -29  0.0  10.140200  0  K1ABC FN42 33 
<DecodeFinished>",
-29.0,0.5,0,2026102500,1,K1ABC FN42 33,-28,0,10.140200,0.04954320400065626,0,official WSJT-X 3.0.2; binary SHA256 9e3c2fc14f63c4b4c4e9fcc33b386cd22daf8fe76ce724c5e37f07875e9a3dd9,"0000 -28 -0.1  10.140200  0  K1ABC FN42 33 
<DecodeFinished>",
-29.0,0.5,1,2026102501,1,K1ABC FN42 33,-30,0,10.140200,0.049942525000005844,0,official WSJT-X 3.0.2; binary SHA256 9e3c2fc14f63c4b4c4e9fcc33b386cd22daf8fe76ce724c5e37f07875e9a3dd9,"0000 -30  0.0  10.140200  0  K1ABC FN42 33 
<DecodeFinished>",
-29.0,0.0,95,2026102595,1,K1ABC FN42 33,-28,0,10.140200,0.1253708860003826,0,official WSJT-X 3.0.2; binary SHA256 9e3c2fc14f63c4b4c4e9fcc33b386cd22daf8fe76ce724c5e37f07875e9a3dd9,"0000 -28 -0.1  10.140200  0  K1ABC FN42 33 
<DecodeFinished>",
-29.0,0.0,99,2026102599,1,K1ABC FN42 33,-29,0,10.140200,0.06730171100025473,0,official WSJT-X 3.0.2; binary SHA256 9e3c2fc14f63c4b4c4e9fcc33b386cd22daf8fe76ce724c5e37f07875e9a3dd9,"0000 -29 -0.1  10.140200  0  K1ABC FN42 33 
<DecodeFinished>",
-29.0,0.5,4,2026102504,1,K1ABC FN42 33,-28,0,10.140200,0.05833917900054075,0,official WSJT-X 3.0.2; binary SHA256 9e3c2fc14f63c4b4c4e9fcc33b386cd22daf8fe76ce724c5e37f07875e9a3dd9,"0000 -28  0.1  10.140200  0  K1ABC FN42 33 
<DecodeFinished>",
-29.0,0.5,3,2026102503,1,K1ABC FN42 33,-28,0,10.140200,0.06843535999905725,0,official WSJT-X 3.0.2; binary SHA256 9e3c2fc14f63c4b4c4e9fcc33b386cd22daf8fe76ce724c5e37f07875e9a3dd9,"0000 -28  0.0  10.140200  0  K1ABC FN42 33 
<DecodeFinished>",
-29.0,0.5,2,2026102502,1,K1ABC FN42 33,-29,0,10.140200,0.08347897000021476,0,official WSJT-X 3.0.2; binary SHA256 9e3c2fc14f63c4b4c4e9fcc33b386cd22daf8fe76ce724c5e37f07875e9a3dd9,"0000 -29 -0.0  10.140200  0  K1ABC FN42 33 
<DecodeFinished>",
-29.0,0.5,5,2026102505,1,K1ABC FN42 33,-29,0,10.140200,0.08144413999980316,0,official WSJT-X 3.0.2; binary SHA256 9e3c2fc14f63c4b4c4e9fcc33b386cd22daf8fe76ce724c5e37f07875e9a3dd9,"0000 -29  0.1  10.140200  0  K1ABC FN42 33 
<DecodeFinished>",
-29.0,0.5,8,2026102508,1,K1ABC FN42 33,-29,0,10.140200,0.05640339000092354,0,official WSJT-X 3.0.2; binary SHA256 9e3c2fc14f63c4b4c4e9fcc33b386cd22daf8fe76ce724c5e37f07875e9a3dd9,"0000 -29 -0.0  10.140200  0  K1ABC FN42 33 
<DecodeFinished>",
-29.0,0.5,7,2026102507,1,K1ABC FN42 33,-30,0,10.140200,0.07254350400035037,0,official WSJT-X 3.0.2; binary SHA256 9e3c2fc14f63c4b4c4e9fcc33b386cd22daf8fe76ce724c5e37f07875e9a3dd9,"0000 -30 -0.0  10.140200  0  K1ABC FN42 33 
<DecodeFinished>",
-29.0,0.5,6,2026102506,1,K1ABC FN42 33,-29,0,10.140200,0.08192695800062211,0,official WSJT-X 3.0.2; binary SHA256 9e3c2fc14f63c4b4c4e9fcc33b386cd22daf8fe76ce724c5e37f07875e9a3dd9,"0000 -29  0.1  10.140200  0  K1ABC FN42 33 
<DecodeFinished>",
-29.0,0.5,9,2026102509,1,K1ABC FN42 33,-28,0,10.140200,0.059732842000812525,0,official WSJT-X 3.0.2; binary SHA256 9e3c2fc14f63c4b4c4e9fcc33b386cd22daf8fe76ce724c5e37f07875e9a3dd9,"0000 -28 -0.0  10.140200  0  K1ABC FN42 33 
<DecodeFinished>",
-29.0,0.5,11,2026102511,1,K1ABC FN42 33,-29,0,10.140200,0.06283997200080194,0,official WSJT-X 3.0.2; binary SHA256 9e3c2fc14f63c4b4c4e9fcc33b386cd22daf8fe76ce724c5e37f07875e9a3dd9,"0000 -29 -0.0  10.140200  0  K1ABC FN42 33 
<DecodeFinished>",
-29.0,0.5,10,2026102510,1,K1ABC FN42 33,-29,0,10.140200,0.07138400899930275,0,official WSJT-X 3.0.2; binary SHA256 9e3c2fc14f63c4b4c4e9fcc33b386cd22daf8fe76ce724c5e37f07875e9a3dd9,"0000 -29 -0.0  10.140200  0  K1ABC FN42 33 
<DecodeFinished>",
-29.0,0.5,12,2026102512,1,K1ABC FN42 33,-30,0,10.140200,0.06476739999925485,0,official WSJT-X 3.0.2; binary SHA256 9e3c2fc14f63c4b4c4e9fcc33b386cd22daf8fe76ce724c5e37f07875e9a3dd9,"0000 -30  0.1  10.140200  0  K1ABC FN42 33 
<DecodeFinished>",
-29.0,0.5,13,2026102513,1,K1ABC FN42 33,-29,0,10.140200,0.07772575799936021,0,official WSJT-X 3.0.2; binary SHA256 9e3c2fc14f63c4b4c4e9fcc33b386cd22daf8fe76ce724c5e37f07875e9a3dd9,"0000 -29  0.0  10.140200  0  K1ABC FN42 33 
<DecodeFinished>",
-29.0,0.5,14,2026102514,1,K1ABC FN42 33,-29,0,10.140200,0.06799631699868769,0,official WSJT-X 3.0.2; binary SHA256 9e3c2fc14f63c4b4c4e9fcc33b386cd22daf8fe76ce724c5e37f07875e9a3dd9,"0000 -29  0.1  10.140200  0  K1ABC FN42 33 
<DecodeFinished>",
-29.0,0.5,16,2026102516,1,K1ABC FN42 33,-29,0,10.140200,0.05919648400049482,0,official WSJT-X 3.0.2; binary SHA256 9e3c2fc14f63c4b4c4e9fcc33b386cd22daf8fe76ce724c5e37f07875e9a3dd9,"0000 -29  0.1  10.140200  0  K1ABC FN42 33 
<DecodeFinished>",
-29.0,0.5,17,2026102517,1,K1ABC FN42 33,-29,0,10.140200,0.04281520599943178,0,official WSJT-X 3.0.2; binary SHA256 9e3c2fc14f63c4b4c4e9fcc33b386cd22daf8fe76ce724c5e37f07875e9a3dd9,"0000 -29  0.1  10.140200  0  K1ABC FN42 33 
<DecodeFinished>",
-29.0,0.5,15,2026102515,1,K1ABC FN42 33,-29,0,10.140200,0.08235209099984786,0,official WSJT-X 3.0.2; binary SHA256 9e3c2fc14f63c4b4c4e9fcc33b386cd22daf8fe76ce724c5e37f07875e9a3dd9,"0000 -29 -0.0  10.140200  0  K1ABC FN42 33 
<DecodeFinished>",
-29.0,0.5,19,2026102519,1,K1ABC FN42 33,-28,0,10.140200,0.05964565000067523,0,official WSJT-X 3.0.2; binary SHA256 9e3c2fc14f63c4b4c4e9fcc33b386cd22daf8fe76ce724c5e37f07875e9a3dd9,"0000 -28 -0.1  10.140200  0  K1ABC FN42 33 
<DecodeFinished>",
-29.0,0.5,20,2026102520,1,K1ABC FN42 33,-29,0,10.140200,0.055237118000150076,0,official WSJT-X 3.0.2; binary SHA256 9e3c2fc14f63c4b4c4e9fcc33b386cd22daf8fe76ce724c5e37f07875e9a3dd9,"0000 -29  0.1  10.140200  0  K1ABC FN42 33 
<DecodeFinished>",
-29.0,0.5,23,2026102523,1,K1ABC FN42 33,-29,0,10.140200,0.04625972800022282,0,official WSJT-X 3.0.2; binary SHA256 9e3c2fc14f63c4b4c4e9fcc33b386cd22daf8fe76ce724c5e37f07875e9a3dd9,"0000 -29  0.0  10.140200  0  K1ABC FN42 33 
<DecodeFinished>",
-29.0,0.5,22,2026102522,1,K1ABC FN42 33,-28,0,10.140200,0.04668569000023126,0,official WSJT-X 3.0.2; binary SHA256 9e3c2fc14f63c4b4c4e9fcc33b386cd22daf8fe76ce724c5e37f07875e9a3dd9,"0000 -28  0.0  10.140200  0  K1ABC FN42 33 
<DecodeFinished>",
-29.0,0.5,18,2026102518,1,K1ABC FN42 33,-30,0,10.140200,0.12713210900074046,0,official WSJT-X 3.0.2; binary SHA256 9e3c2fc14f63c4b4c4e9fcc33b386cd22daf8fe76ce724c5e37f07875e9a3dd9,"0000 -30  0.1  10.140200  0  K1ABC FN42 33 
<DecodeFinished>",
-29.0,0.5,25,2026102525,1,K1ABC FN42 33,-28,0,10.140200,0.04615726299925882,0,official WSJT-X 3.0.2; binary SHA256 9e3c2fc14f63c4b4c4e9fcc33b386cd22daf8fe76ce724c5e37f07875e9a3dd9,"0000 -28 -0.1  10.140200  0  K1ABC FN42 33 
<DecodeFinished>",
-29.0,0.5,24,2026102524,1,K1ABC FN42 33,-28,0,10.140200,0.0514756970005692,0,official WSJT-X 3.0.2; binary SHA256 9e3c2fc14f63c4b4c4e9fcc33b386cd22daf8fe76ce724c5e37f07875e9a3dd9,"0000 -28 -0.1  10.140200  0  K1ABC FN42 33 
<DecodeFinished>",
-29.0,0.5,26,2026102526,1,K1ABC FN42 33,-30,0,10.140200,0.050994081000681035,0,official WSJT-X 3.0.2; binary SHA256 9e3c2fc14f63c4b4c4e9fcc33b386cd22daf8fe76ce724c5e37f07875e9a3dd9,"0000 -30 -0.1  10.140200  0  K1ABC FN42 33 
<DecodeFinished>",
-29.0,0.5,27,2026102527,1,K1ABC FN42 33,-29,0,10.140200,0.05139115999918431,0,official WSJT-X 3.0.2; binary SHA256 9e3c2fc14f63c4b4c4e9fcc33b386cd22daf8fe76ce724c5e37f07875e9a3dd9,"0000 -29 -0.1  10.140200  0  K1ABC FN42 33 
<DecodeFinished>",
-29.0,0.5,28,2026102528,1,K1ABC FN42 33,-29,0,10.140200,0.051969754000310786,0,official WSJT-X 3.0.2; binary SHA256 9e3c2fc14f63c4b4c4e9fcc33b386cd22daf8fe76ce724c5e37f07875e9a3dd9,"0000 -29 -0.1  10.140200  0  K1ABC FN42 33 
<DecodeFinished>",
-29.0,0.5,29,2026102529,1,K1ABC FN42 33,-29,0,10.140200,0.04784329199901549,0,official WSJT-X 3.0.2; binary SHA256 9e3c2fc14f63c4b4c4e9fcc33b386cd22daf8fe76ce724c5e37f07875e9a3dd9,"0000 -29  0.1  10.140200  0  K1ABC FN42 33 
<DecodeFinished>",
-29.0,0.5,30,2026102530,1,K1ABC FN42 33,-29,0,10.140200,0.0498114269994403,0,official WSJT-X 3.0.2; binary SHA256 9e3c2fc14f63c4b4c4e9fcc33b386cd22daf8fe76ce724c5e37f07875e9a3dd9,"0000 -29  0.1  10.140200  0  K1ABC FN42 33 
<DecodeFinished>",
-29.0,0.5,31,2026102531,1,K1ABC FN42 33,-29,0,10.140200,0.04618671800017182,0,official WSJT-X 3.0.2; binary SHA256 9e3c2fc14f63c4b4c4e9fcc33b386cd22daf8fe76ce724c5e37f07875e9a3dd9,"0000 -29  0.1  10.140200  0  K1ABC FN42 33 
<DecodeFinished>",
-29.0,0.5,32,2026102532,1,K1ABC FN42 33,-29,0,10.140200,0.07534644400038815,0,official WSJT-X 3.0.2; binary SHA256 9e3c2fc14f63c4b4c4e9fcc33b386cd22daf8fe76ce724c5e37f07875e9a3dd9,"0000 -29 -0.0  10.140200  0  K1ABC FN42 33 
<DecodeFinished>",
-29.0,0.5,21,2026102521,1,K1ABC FN42 33,-29,0,10.140200,0.28432755100038776,0,official WSJT-X 3.0.2; binary SHA256 9e3c2fc14f63c4b4c4e9fcc33b386cd22daf8fe76ce724c5e37f07875e9a3dd9,"0000 -29 -0.1  10.140200  0  K1ABC FN42 33 
<DecodeFinished>",
-29.0,0.5,33,2026102533,1,K1ABC FN42 33,-28,0,10.140200,0.053385864001029404,0,official WSJT-X 3.0.2; binary SHA256 9e3c2fc14f63c4b4c4e9fcc33b386cd22daf8fe76ce724c5e37f07875e9a3dd9,"0000 -28 -0.0  10.140200  0  K1ABC FN42 33 
<DecodeFinished>",
-29.0,0.5,34,2026102534,1,K1ABC FN42 33,-29,0,10.140200,0.05392473800020525,0,official WSJT-X 3.0.2; binary SHA256 9e3c2fc14f63c4b4c4e9fcc33b386cd22daf8fe76ce724c5e37f07875e9a3dd9,"0000 -29  0.0  10.140200  0  K1ABC FN42 33 
<DecodeFinished>",
-29.0,0.5,35,2026102535,1,K1ABC FN42 33,-29,0,10.140200,0.06340087699936703,0,official WSJT-X 3.0.2; binary SHA256 9e3c2fc14f63c4b4c4e9fcc33b386cd22daf8fe76ce724c5e37f07875e9a3dd9,"0000 -29  0.0  10.140200  0  K1ABC FN42 33 
<DecodeFinished>",
-29.0,0.5,38,2026102538,1,K1ABC FN42 33,-29,0,10.140200,0.05415380799968261,0,official WSJT-X 3.0.2; binary SHA256 9e3c2fc14f63c4b4c4e9fcc33b386cd22daf8fe76ce724c5e37f07875e9a3dd9,"0000 -29  0.0  10.140200  0  K1ABC FN42 33 
<DecodeFinished>",
-29.0,0.5,39,2026102539,1,K1ABC FN42 33,-29,0,10.140200,0.04770155599908321,0,official WSJT-X 3.0.2; binary SHA256 9e3c2fc14f63c4b4c4e9fcc33b386cd22daf8fe76ce724c5e37f07875e9a3dd9,"0000 -29  0.0  10.140200  0  K1ABC FN42 33 
<DecodeFinished>",
-29.0,0.5,36,2026102536,1,K1ABC FN42 33,-29,0,10.140200,0.11301529499905882,0,official WSJT-X 3.0.2; binary SHA256 9e3c2fc14f63c4b4c4e9fcc33b386cd22daf8fe76ce724c5e37f07875e9a3dd9,"0000 -29 -0.1  10.140200  0  K1ABC FN42 33 
<DecodeFinished>",
-29.0,0.5,40,2026102540,1,K1ABC FN42 33,-29,0,10.140200,0.06028234499899554,0,official WSJT-X 3.0.2; binary SHA256 9e3c2fc14f63c4b4c4e9fcc33b386cd22daf8fe76ce724c5e37f07875e9a3dd9,"0000 -29 -0.1  10.140200  0  K1ABC FN42 33 
<DecodeFinished>",
-29.0,0.5,41,2026102541,1,K1ABC FN42 33,-29,0,10.140200,0.05077237700061232,0,official WSJT-X 3.0.2; binary SHA256 9e3c2fc14f63c4b4c4e9fcc33b386cd22daf8fe76ce724c5e37f07875e9a3dd9,"0000 -29  0.0  10.140200  0  K1ABC FN42 33 
<DecodeFinished>",
-29.0,0.5,43,2026102543,1,K1ABC FN42 33,-29,0,10.140200,0.048436609000418684,0,official WSJT-X 3.0.2; binary SHA256 9e3c2fc14f63c4b4c4e9fcc33b386cd22daf8fe76ce724c5e37f07875e9a3dd9,"0000 -29  0.1  10.140200  0  K1ABC FN42 33 
<DecodeFinished>",
-29.0,0.5,42,2026102542,1,K1ABC FN42 33,-29,0,10.140200,0.06367570300062653,0,official WSJT-X 3.0.2; binary SHA256 9e3c2fc14f63c4b4c4e9fcc33b386cd22daf8fe76ce724c5e37f07875e9a3dd9,"0000 -29 -0.1  10.140200  0  K1ABC FN42 33 
<DecodeFinished>",
-29.0,0.5,44,2026102544,1,K1ABC FN42 33,-29,0,10.140200,0.049861789999340544,0,official WSJT-X 3.0.2; binary SHA256 9e3c2fc14f63c4b4c4e9fcc33b386cd22daf8fe76ce724c5e37f07875e9a3dd9,"0000 -29 -0.1  10.140200  0  K1ABC FN42 33 
<DecodeFinished>",
-29.0,0.5,45,2026102545,1,K1ABC FN42 33,-29,0,10.140200,0.04842571500012127,0,official WSJT-X 3.0.2; binary SHA256 9e3c2fc14f63c4b4c4e9fcc33b386cd22daf8fe76ce724c5e37f07875e9a3dd9,"0000 -29  0.1  10.140200  0  K1ABC FN42 33 
<DecodeFinished>",
-29.0,0.5,46,2026102546,1,K1ABC FN42 33,-29,0,10.140200,0.05706567000015639,0,official WSJT-X 3.0.2; binary SHA256 9e3c2fc14f63c4b4c4e9fcc33b386cd22daf8fe76ce724c5e37f07875e9a3dd9,"0000 -29  0.1  10.140200  0  K1ABC FN42 33 
<DecodeFinished>",
-29.0,0.5,48,2026102548,1,K1ABC FN42 33,-30,0,10.140200,0.04669154399925901,0,official WSJT-X 3.0.2; binary SHA256 9e3c2fc14f63c4b4c4e9fcc33b386cd22daf8fe76ce724c5e37f07875e9a3dd9,"0000 -30  0.0  10.140200  0  K1ABC FN42 33 
<DecodeFinished>",
-29.0,0.5,49,2026102549,1,K1ABC FN42 33,-29,0,10.140200,0.044971559998884914,0,official WSJT-X 3.0.2; binary SHA256 9e3c2fc14f63c4b4c4e9fcc33b386cd22daf8fe76ce724c5e37f07875e9a3dd9,"0000 -29  0.0  10.140200  0  K1ABC FN42 33 
<DecodeFinished>",
-29.0,0.5,47,2026102547,1,K1ABC FN42 33,-29,0,10.140200,0.07275735199982591,0,official WSJT-X 3.0.2; binary SHA256 9e3c2fc14f63c4b4c4e9fcc33b386cd22daf8fe76ce724c5e37f07875e9a3dd9,"0000 -29 -0.1  10.140200  0  K1ABC FN42 33 
<DecodeFinished>",
-29.0,0.5,50,2026102550,1,K1ABC FN42 33,-28,0,10.140200,0.04995942300047318,0,official WSJT-X 3.0.2; binary SHA256 9e3c2fc14f63c4b4c4e9fcc33b386cd22daf8fe76ce724c5e37f07875e9a3dd9,"0000 -28  0.0  10.140200  0  K1ABC FN42 33 
<DecodeFinished>",
-29.0,0.5,37,2026102537,1,K1ABC FN42 33,-29,0,10.140200,0.31697869500021625,0,official WSJT-X 3.0.2; binary SHA256 9e3c2fc14f63c4b4c4e9fcc33b386cd22daf8fe76ce724c5e37f07875e9a3dd9,"0000 -29  0.1  10.140200  0  K1ABC FN42 33 
<DecodeFinished>",
-29.0,0.5,51,2026102551,1,K1ABC FN42 33,-29,0,10.140200,0.05140697100068792,0,official WSJT-X 3.0.2; binary SHA256 9e3c2fc14f63c4b4c4e9fcc33b386cd22daf8fe76ce724c5e37f07875e9a3dd9,"0000 -29  0.0  10.140200  0  K1ABC FN42 33 
<DecodeFinished>",
-29.0,0.5,52,2026102552,1,K1ABC FN42 33,-29,0,10.140200,0.05160465700100758,0,official WSJT-X 3.0.2; binary SHA256 9e3c2fc14f63c4b4c4e9fcc33b386cd22daf8fe76ce724c5e37f07875e9a3dd9,"0000 -29  0.1  10.140200  0  K1ABC FN42 33 
<DecodeFinished>",
-29.0,0.5,56,2026102556,1,K1ABC FN42 33,-28,0,10.140200,0.051054108998869197,0,official WSJT-X 3.0.2; binary SHA256 9e3c2fc14f63c4b4c4e9fcc33b386cd22daf8fe76ce724c5e37f07875e9a3dd9,"0000 -28 -0.1  10.140200  0  K1ABC FN42 33 
<DecodeFinished>",
-29.0,0.5,53,2026102553,1,K1ABC FN42 33,-28,0,10.140200,0.08049233099882258,0,official WSJT-X 3.0.2; binary SHA256 9e3c2fc14f63c4b4c4e9fcc33b386cd22daf8fe76ce724c5e37f07875e9a3dd9,"0000 -28 -0.1  10.140200  0  K1ABC FN42 33 
<DecodeFinished>",
-29.0,0.5,54,2026102554,1,K1ABC FN42 33,-29,0,10.140200,0.07968981699923461,0,official WSJT-X 3.0.2; binary SHA256 9e3c2fc14f63c4b4c4e9fcc33b386cd22daf8fe76ce724c5e37f07875e9a3dd9,"0000 -29  0.1  10.140200  0  K1ABC FN42 33 
<DecodeFinished>",
-29.0,0.5,57,2026102557,1,K1ABC FN42 33,-29,0,10.140200,0.05190165999920282,0,official WSJT-X 3.0.2; binary SHA256 9e3c2fc14f63c4b4c4e9fcc33b386cd22daf8fe76ce724c5e37f07875e9a3dd9,"0000 -29 -0.1  10.140200  0  K1ABC FN42 33 
<DecodeFinished>",
-29.0,0.5,58,2026102558,1,K1ABC FN42 33,-29,0,10.140200,0.047763144999407814,0,official WSJT-X 3.0.2; binary SHA256 9e3c2fc14f63c4b4c4e9fcc33b386cd22daf8fe76ce724c5e37f07875e9a3dd9,"0000 -29 -0.1  10.140200  0  K1ABC FN42 33 
<DecodeFinished>",
-29.0,0.5,59,2026102559,1,K1ABC FN42 33,-29,0,10.140200,0.06160729400107812,0,official WSJT-X 3.0.2; binary SHA256 9e3c2fc14f63c4b4c4e9fcc33b386cd22daf8fe76ce724c5e37f07875e9a3dd9,"0000 -29  0.1  10.140200  0  K1ABC FN42 33 
<DecodeFinished>",
-29.0,0.5,61,2026102561,1,K1ABC FN42 33,-29,0,10.140200,0.04488325499914936,0,official WSJT-X 3.0.2; binary SHA256 9e3c2fc14f63c4b4c4e9fcc33b386cd22daf8fe76ce724c5e37f07875e9a3dd9,"0000 -29  0.0  10.140200  0  K1ABC FN42 33 
<DecodeFinished>",
-29.0,0.5,62,2026102562,1,K1ABC FN42 33,-28,0,10.140200,0.04936054500103637,0,official WSJT-X 3.0.2; binary SHA256 9e3c2fc14f63c4b4c4e9fcc33b386cd22daf8fe76ce724c5e37f07875e9a3dd9,"0000 -28  0.0  10.140200  0  K1ABC FN42 33 
<DecodeFinished>",
-29.0,0.5,60,2026102560,1,K1ABC FN42 33,-30,0,10.140200,0.0783908169996721,0,official WSJT-X 3.0.2; binary SHA256 9e3c2fc14f63c4b4c4e9fcc33b386cd22daf8fe76ce724c5e37f07875e9a3dd9,"0000 -30 -0.1  10.140200  0  K1ABC FN42 33 
<DecodeFinished>",
-29.0,0.5,63,2026102563,1,K1ABC FN42 33,-28,0,10.140200,0.05608536499858019,0,official WSJT-X 3.0.2; binary SHA256 9e3c2fc14f63c4b4c4e9fcc33b386cd22daf8fe76ce724c5e37f07875e9a3dd9,"0000 -28  0.0  10.140200  0  K1ABC FN42 33 
<DecodeFinished>",
-29.0,0.5,65,2026102565,1,K1ABC FN42 33,-29,0,10.140200,0.04619709300095565,0,official WSJT-X 3.0.2; binary SHA256 9e3c2fc14f63c4b4c4e9fcc33b386cd22daf8fe76ce724c5e37f07875e9a3dd9,"0000 -29 -0.1  10.140200  0  K1ABC FN42 33 
<DecodeFinished>",
-29.0,0.5,64,2026102564,1,K1ABC FN42 33,-29,0,10.140200,0.055236621001313324,0,official WSJT-X 3.0.2; binary SHA256 9e3c2fc14f63c4b4c4e9fcc33b386cd22daf8fe76ce724c5e37f07875e9a3dd9,"0000 -29 -0.1  10.140200  0  K1ABC FN42 33 
<DecodeFinished>",
-29.0,0.5,55,2026102555,1,K1ABC FN42 33,-29,0,10.140200,0.25515380700016976,0,official WSJT-X 3.0.2; binary SHA256 9e3c2fc14f63c4b4c4e9fcc33b386cd22daf8fe76ce724c5e37f07875e9a3dd9,"0000 -29  0.0  10.140200  0  K1ABC FN42 33 
<DecodeFinished>",
-29.0,0.5,66,2026102566,1,K1ABC FN42 33,-29,0,10.140200,0.048275062999891816,0,official WSJT-X 3.0.2; binary SHA256 9e3c2fc14f63c4b4c4e9fcc33b386cd22daf8fe76ce724c5e37f07875e9a3dd9,"0000 -29 -0.0  10.140200  0  K1ABC FN42 33 
<DecodeFinished>",
-29.0,0.5,67,2026102567,1,K1ABC FN42 33,-29,0,10.140200,0.06078452899964759,0,official WSJT-X 3.0.2; binary SHA256 9e3c2fc14f63c4b4c4e9fcc33b386cd22daf8fe76ce724c5e37f07875e9a3dd9,"0000 -29 -0.1  10.140200  0  K1ABC FN42 33 
<DecodeFinished>",
-29.0,0.5,68,2026102568,1,K1ABC FN42 33,-28,0,10.140200,0.05657965799946396,0,official WSJT-X 3.0.2; binary SHA256 9e3c2fc14f63c4b4c4e9fcc33b386cd22daf8fe76ce724c5e37f07875e9a3dd9,"0000 -28 -0.1  10.140200  0  K1ABC FN42 33 
<DecodeFinished>",
-29.0,0.5,70,2026102570,1,K1ABC FN42 33,-30,0,10.140200,0.04592120300003444,0,official WSJT-X 3.0.2; binary SHA256 9e3c2fc14f63c4b4c4e9fcc33b386cd22daf8fe76ce724c5e37f07875e9a3dd9,"0000 -30 -0.1  10.140200  0  K1ABC FN42 33 
<DecodeFinished>",
-29.0,0.5,71,2026102571,1,K1ABC FN42 33,-29,0,10.140200,0.046150370999384904,0,official WSJT-X 3.0.2; binary SHA256 9e3c2fc14f63c4b4c4e9fcc33b386cd22daf8fe76ce724c5e37f07875e9a3dd9,"0000 -29 -0.0  10.140200  0  K1ABC FN42 33 
<DecodeFinished>",
-29.0,0.5,72,2026102572,1,K1ABC FN42 33,-29,0,10.140200,0.04731140799958666,0,official WSJT-X 3.0.2; binary SHA256 9e3c2fc14f63c4b4c4e9fcc33b386cd22daf8fe76ce724c5e37f07875e9a3dd9,"0000 -29 -0.0  10.140200  0  K1ABC FN42 33 
<DecodeFinished>",
-29.0,0.5,73,2026102573,1,K1ABC FN42 33,-29,0,10.140200,0.05012150000038673,0,official WSJT-X 3.0.2; binary SHA256 9e3c2fc14f63c4b4c4e9fcc33b386cd22daf8fe76ce724c5e37f07875e9a3dd9,"0000 -29  0.0  10.140200  0  K1ABC FN42 33 
<DecodeFinished>",
-29.0,0.5,74,2026102574,1,K1ABC FN42 33,-28,0,10.140200,0.04954878699936671,0,official WSJT-X 3.0.2; binary SHA256 9e3c2fc14f63c4b4c4e9fcc33b386cd22daf8fe76ce724c5e37f07875e9a3dd9,"0000 -28  0.0  10.140200  0  K1ABC FN42 33 
<DecodeFinished>",
-29.0,0.5,75,2026102575,1,K1ABC FN42 33,-29,0,10.140200,0.0506873070007714,0,official WSJT-X 3.0.2; binary SHA256 9e3c2fc14f63c4b4c4e9fcc33b386cd22daf8fe76ce724c5e37f07875e9a3dd9,"0000 -29  0.1  10.140200  0  K1ABC FN42 33 
<DecodeFinished>",
-29.0,0.5,78,2026102578,1,K1ABC FN42 33,-29,0,10.140200,0.05100172300080885,0,official WSJT-X 3.0.2; binary SHA256 9e3c2fc14f63c4b4c4e9fcc33b386cd22daf8fe76ce724c5e37f07875e9a3dd9,"0000 -29 -0.0  10.140200  0  K1ABC FN42 33 
<DecodeFinished>",
-29.0,0.5,77,2026102577,1,K1ABC FN42 33,-29,0,10.140200,0.05965058199944906,0,official WSJT-X 3.0.2; binary SHA256 9e3c2fc14f63c4b4c4e9fcc33b386cd22daf8fe76ce724c5e37f07875e9a3dd9,"0000 -29 -0.1  10.140200  0  K1ABC FN42 33 
<DecodeFinished>",
-29.0,0.5,79,2026102579,1,K1ABC FN42 33,-28,0,10.140200,0.04328858299959393,0,official WSJT-X 3.0.2; binary SHA256 9e3c2fc14f63c4b4c4e9fcc33b386cd22daf8fe76ce724c5e37f07875e9a3dd9,"0000 -28 -0.1  10.140200  0  K1ABC FN42 33 
<DecodeFinished>",
-29.0,0.5,80,2026102580,1,K1ABC FN42 33,-28,0,10.140200,0.052086988998780726,0,official WSJT-X 3.0.2; binary SHA256 9e3c2fc14f63c4b4c4e9fcc33b386cd22daf8fe76ce724c5e37f07875e9a3dd9,"0000 -28  0.0  10.140200  0  K1ABC FN42 33 
<DecodeFinished>",
-29.0,0.5,69,2026102569,1,K1ABC FN42 33,-29,0,10.140200,0.24843909700030054,0,official WSJT-X 3.0.2; binary SHA256 9e3c2fc14f63c4b4c4e9fcc33b386cd22daf8fe76ce724c5e37f07875e9a3dd9,"0000 -29  0.0  10.140200  0  K1ABC FN42 33 
<DecodeFinished>",
-29.0,0.5,76,2026102576,1,K1ABC FN42 33,-29,0,10.140200,0.15968003899979522,0,official WSJT-X 3.0.2; binary SHA256 9e3c2fc14f63c4b4c4e9fcc33b386cd22daf8fe76ce724c5e37f07875e9a3dd9,"0000 -29  0.0  10.140200  0  K1ABC FN42 33 
<DecodeFinished>",
-29.0,0.5,82,2026102582,1,K1ABC FN42 33,-30,0,10.140200,0.06283695100137265,0,official WSJT-X 3.0.2; binary SHA256 9e3c2fc14f63c4b4c4e9fcc33b386cd22daf8fe76ce724c5e37f07875e9a3dd9,"0000 -30 -0.0  10.140200  0  K1ABC FN42 33 
<DecodeFinished>",
-29.0,0.5,81,2026102581,1,K1ABC FN42 33,-28,0,10.140200,0.08233381600075518,0,official WSJT-X 3.0.2; binary SHA256 9e3c2fc14f63c4b4c4e9fcc33b386cd22daf8fe76ce724c5e37f07875e9a3dd9,"0000 -28 -0.0  10.140200  0  K1ABC FN42 33 
<DecodeFinished>",
-29.0,0.5,84,2026102584,1,K1ABC FN42 33,-28,0,10.140200,0.04946147500049847,0,official WSJT-X 3.0.2; binary SHA256 9e3c2fc14f63c4b4c4e9fcc33b386cd22daf8fe76ce724c5e37f07875e9a3dd9,"0000 -28 -0.1  10.140200  0  K1ABC FN42 33 
<DecodeFinished>",
-29.0,0.5,83,2026102583,1,K1ABC FN42 33,-29,0,10.140200,0.11215899299895682,0,official WSJT-X 3.0.2; binary SHA256 9e3c2fc14f63c4b4c4e9fcc33b386cd22daf8fe76ce724c5e37f07875e9a3dd9,"0000 -29  0.1  10.140200  0  K1ABC FN42 33 
<DecodeFinished>",
-29.0,0.5,86,2026102586,1,K1ABC FN42 33,-28,0,10.140200,0.050034210000376333,0,official WSJT-X 3.0.2; binary SHA256 9e3c2fc14f63c4b4c4e9fcc33b386cd22daf8fe76ce724c5e37f07875e9a3dd9,"0000 -28 -0.0  10.140200  0  K1ABC FN42 33 
<DecodeFinished>",
-29.0,0.5,87,2026102587,1,K1ABC FN42 33,-30,0,10.140200,0.05106312799944135,0,official WSJT-X 3.0.2; binary SHA256 9e3c2fc14f63c4b4c4e9fcc33b386cd22daf8fe76ce724c5e37f07875e9a3dd9,"0000 -30  0.0  10.140200  0  K1ABC FN42 33 
<DecodeFinished>",
-29.0,0.5,85,2026102585,1,K1ABC FN42 33,-29,0,10.140200,0.061312392999752774,0,official WSJT-X 3.0.2; binary SHA256 9e3c2fc14f63c4b4c4e9fcc33b386cd22daf8fe76ce724c5e37f07875e9a3dd9,"0000 -29 -0.1  10.140200  0  K1ABC FN42 33 
<DecodeFinished>",
-29.0,0.5,88,2026102588,1,K1ABC FN42 33,-29,0,10.140200,0.06550652499936405,0,official WSJT-X 3.0.2; binary SHA256 9e3c2fc14f63c4b4c4e9fcc33b386cd22daf8fe76ce724c5e37f07875e9a3dd9,"0000 -29  0.0  10.140200  0  K1ABC FN42 33 
<DecodeFinished>",
-29.0,0.5,90,2026102590,1,K1ABC FN42 33,-30,0,10.140200,0.06068872399919201,0,official WSJT-X 3.0.2; binary SHA256 9e3c2fc14f63c4b4c4e9fcc33b386cd22daf8fe76ce724c5e37f07875e9a3dd9,"0000 -30  0.0  10.140200  0  K1ABC FN42 33 
<DecodeFinished>",
-29.0,0.5,89,2026102589,1,K1ABC FN42 33,-29,0,10.140200,0.06188825400022324,0,official WSJT-X 3.0.2; binary SHA256 9e3c2fc14f63c4b4c4e9fcc33b386cd22daf8fe76ce724c5e37f07875e9a3dd9,"0000 -29 -0.0  10.140200  0  K1ABC FN42 33 
<DecodeFinished>",
-29.0,0.5,91,2026102591,1,K1ABC FN42 33,-29,0,10.140200,0.05715327100006107,0,official WSJT-X 3.0.2; binary SHA256 9e3c2fc14f63c4b4c4e9fcc33b386cd22daf8fe76ce724c5e37f07875e9a3dd9,"0000 -29 -0.1  10.140200  0  K1ABC FN42 33 
<DecodeFinished>",
-29.0,0.5,92,2026102592,1,K1ABC FN42 33,-29,0,10.140200,0.06440916499923333,0,official WSJT-X 3.0.2; binary SHA256 9e3c2fc14f63c4b4c4e9fcc33b386cd22daf8fe76ce724c5e37f07875e9a3dd9,"0000 -29 -0.0  10.140200  0  K1ABC FN42 33 
<DecodeFinished>",
-29.0,0.5,94,2026102594,1,K1ABC FN42 33,-29,0,10.140200,0.06466127099884034,0,official WSJT-X 3.0.2; binary SHA256 9e3c2fc14f63c4b4c4e9fcc33b386cd22daf8fe76ce724c5e37f07875e9a3dd9,"0000 -29  0.0  10.140200  0  K1ABC FN42 33 
<DecodeFinished>",
-29.0,0.5,93,2026102593,1,K1ABC FN42 33,-29,0,10.140200,0.08583181100038928,0,official WSJT-X 3.0.2; binary SHA256 9e3c2fc14f63c4b4c4e9fcc33b386cd22daf8fe76ce724c5e37f07875e9a3dd9,"0000 -29 -0.1  10.140200  0  K1ABC FN42 33 
<DecodeFinished>",
-29.0,0.5,95,2026102595,1,K1ABC FN42 33,-28,0,10.140200,0.08551326400083781,0,official WSJT-X 3.0.2; binary SHA256 9e3c2fc14f63c4b4c4e9fcc33b386cd22daf8fe76ce724c5e37f07875e9a3dd9,"0000 -28 -0.1  10.140200  0  K1ABC FN42 33 
<DecodeFinished>",
-29.0,0.5,96,2026102596,1,K1ABC FN42 33,-29,0,10.140200,0.0643445839996275,0,official WSJT-X 3.0.2; binary SHA256 9e3c2fc14f63c4b4c4e9fcc33b386cd22daf8fe76ce724c5e37f07875e9a3dd9,"0000 -29  0.1  10.140200  0  K1ABC FN42 33 
<DecodeFinished>",
-29.0,0.5,97,2026102597,1,K1ABC FN42 33,-30,0,10.140200,0.0632956989993545,0,official WSJT-X 3.0.2; binary SHA256 9e3c2fc14f63c4b4c4e9fcc33b386cd22daf8fe76ce724c5e37f07875e9a3dd9,"0000 -30  0.1  10.140200  0  K1ABC FN42 33 
<DecodeFinished>",
-29.0,0.5,98,2026102598,1,K1ABC FN42 33,-29,0,10.140200,0.04383751699970162,0,official WSJT-X 3.0.2; binary SHA256 9e3c2fc14f63c4b4c4e9fcc33b386cd22daf8fe76ce724c5e37f07875e9a3dd9,"0000 -29  0.0  10.140200  0  K1ABC FN42 33 
<DecodeFinished>",
-29.0,0.5,99,2026102599,1,K1ABC FN42 33,-28,0,10.140200,0.04951633699965896,0,official WSJT-X 3.0.2; binary SHA256 9e3c2fc14f63c4b4c4e9fcc33b386cd22daf8fe76ce724c5e37f07875e9a3dd9,"0000 -28 -0.1  10.140200  0  K1ABC FN42 33 
<DecodeFinished>",
-29.0,-0.5,0,2026102500,1,K1ABC FN42 33,-29,0,10.140200,0.06646921900028246,0,official WSJT-X 3.0.2; binary SHA256 9e3c2fc14f63c4b4c4e9fcc33b386cd22daf8fe76ce724c5e37f07875e9a3dd9,"0000 -29 -0.1  10.140200  0  K1ABC FN42 33 
<DecodeFinished>",
-29.0,-0.5,1,2026102501,1,K1ABC FN42 33,-30,0,10.140200,0.06643093900129315,0,official WSJT-X 3.0.2; binary SHA256 9e3c2fc14f63c4b4c4e9fcc33b386cd22daf8fe76ce724c5e37f07875e9a3dd9,"0000 -30  0.0  10.140200  0  K1ABC FN42 33 
<DecodeFinished>",
-29.0,-0.5,2,2026102502,1,K1ABC FN42 33,-29,0,10.140200,0.08372810600121738,0,official WSJT-X 3.0.2; binary SHA256 9e3c2fc14f63c4b4c4e9fcc33b386cd22daf8fe76ce724c5e37f07875e9a3dd9,"0000 -29  0.1  10.140200  0  K1ABC FN42 33 
<DecodeFinished>",
-29.0,-0.5,4,2026102504,1,K1ABC FN42 33,-29,0,10.140200,0.04647528900022735,0,official WSJT-X 3.0.2; binary SHA256 9e3c2fc14f63c4b4c4e9fcc33b386cd22daf8fe76ce724c5e37f07875e9a3dd9,"0000 -29  0.0  10.140200  0  K1ABC FN42 33 
<DecodeFinished>",
-29.0,-0.5,5,2026102505,1,K1ABC FN42 33,-28,0,10.140200,0.05340821599929768,0,official WSJT-X 3.0.2; binary SHA256 9e3c2fc14f63c4b4c4e9fcc33b386cd22daf8fe76ce724c5e37f07875e9a3dd9,"0000 -28  0.1  10.140200  0  K1ABC FN42 33 
<DecodeFinished>",
-29.0,-0.5,6,2026102506,1,K1ABC FN42 33,-29,0,10.140200,0.05782658800126228,0,official WSJT-X 3.0.2; binary SHA256 9e3c2fc14f63c4b4c4e9fcc33b386cd22daf8fe76ce724c5e37f07875e9a3dd9,"0000 -29 -0.0  10.140200  0  K1ABC FN42 33 
<DecodeFinished>",
-29.0,-0.5,7,2026102507,1,K1ABC FN42 33,-29,0,10.140200,0.04757160799999838,0,official WSJT-X 3.0.2; binary SHA256 9e3c2fc14f63c4b4c4e9fcc33b386cd22daf8fe76ce724c5e37f07875e9a3dd9,"0000 -29 -0.0  10.140200  0  K1ABC FN42 33 
<DecodeFinished>",
-29.0,-0.5,8,2026102508,1,K1ABC FN42 33,-30,0,10.140200,0.05129502400086494,0,official WSJT-X 3.0.2; binary SHA256 9e3c2fc14f63c4b4c4e9fcc33b386cd22daf8fe76ce724c5e37f07875e9a3dd9,"0000 -30 -0.0  10.140200  0  K1ABC FN42 33 
<DecodeFinished>",
-29.0,-0.5,10,2026102510,1,K1ABC FN42 33,-28,0,10.140200,0.04424811199896794,0,official WSJT-X 3.0.2; binary SHA256 9e3c2fc14f63c4b4c4e9fcc33b386cd22daf8fe76ce724c5e37f07875e9a3dd9,"0000 -28 -0.0  10.140200  0  K1ABC FN42 33 
<DecodeFinished>",
-29.0,-0.5,11,2026102511,1,K1ABC FN42 33,-30,0,10.140200,0.0513726660010434,0,official WSJT-X 3.0.2; binary SHA256 9e3c2fc14f63c4b4c4e9fcc33b386cd22daf8fe76ce724c5e37f07875e9a3dd9,"0000 -30 -0.0  10.140200  0  K1ABC FN42 33 
<DecodeFinished>",
-29.0,-0.5,12,2026102512,1,K1ABC FN42 33,-30,0,10.140200,0.05258749600034207,0,official WSJT-X 3.0.2; binary SHA256 9e3c2fc14f63c4b4c4e9fcc33b386cd22daf8fe76ce724c5e37f07875e9a3dd9,"0000 -30  0.1  10.140200  0  K1ABC FN42 33 
<DecodeFinished>",
-29.0,-0.5,3,2026102503,1,K1ABC FN42 33,-29,0,10.140200,0.25316197100073623,0,official WSJT-X 3.0.2; binary SHA256 9e3c2fc14f63c4b4c4e9fcc33b386cd22daf8fe76ce724c5e37f07875e9a3dd9,"0000 -29  0.0  10.140200  0  K1ABC FN42 33 
<DecodeFinished>",
-29.0,-0.5,13,2026102513,1,K1ABC FN42 33,-29,0,10.140200,0.04888344299979508,0,official WSJT-X 3.0.2; binary SHA256 9e3c2fc14f63c4b4c4e9fcc33b386cd22daf8fe76ce724c5e37f07875e9a3dd9,"0000 -29  0.0  10.140200  0  K1ABC FN42 33 
<DecodeFinished>",
-29.0,-0.5,14,2026102514,1,K1ABC FN42 33,-28,0,10.140200,0.05423270999926899,0,official WSJT-X 3.0.2; binary SHA256 9e3c2fc14f63c4b4c4e9fcc33b386cd22daf8fe76ce724c5e37f07875e9a3dd9,"0000 -28  0.1  10.140200  0  K1ABC FN42 33 
<DecodeFinished>",
-29.0,-0.5,15,2026102515,1,K1ABC FN42 33,-29,0,10.140200,0.05258948899972893,0,official WSJT-X 3.0.2; binary SHA256 9e3c2fc14f63c4b4c4e9fcc33b386cd22daf8fe76ce724c5e37f07875e9a3dd9,"0000 -29 -0.1  10.140200  0  K1ABC FN42 33 
<DecodeFinished>",
-29.0,-0.5,16,2026102516,1,K1ABC FN42 33,-29,0,10.140200,0.047740171999976155,0,official WSJT-X 3.0.2; binary SHA256 9e3c2fc14f63c4b4c4e9fcc33b386cd22daf8fe76ce724c5e37f07875e9a3dd9,"0000 -29  0.0  10.140200  0  K1ABC FN42 33 
<DecodeFinished>",
-29.0,-0.5,17,2026102517,1,K1ABC FN42 33,-29,0,10.140200,0.04688171000088914,0,official WSJT-X 3.0.2; binary SHA256 9e3c2fc14f63c4b4c4e9fcc33b386cd22daf8fe76ce724c5e37f07875e9a3dd9,"0000 -29  0.1  10.140200  0  K1ABC FN42 33 
<DecodeFinished>",
-29.0,-0.5,18,2026102518,1,K1ABC FN42 33,-29,0,10.140200,0.05321530199944391,0,official WSJT-X 3.0.2; binary SHA256 9e3c2fc14f63c4b4c4e9fcc33b386cd22daf8fe76ce724c5e37f07875e9a3dd9,"0000 -29  0.1  10.140200  0  K1ABC FN42 33 
<DecodeFinished>",
-29.0,-0.5,19,2026102519,1,K1ABC FN42 33,-28,0,10.140200,0.047507007999229245,0,official WSJT-X 3.0.2; binary SHA256 9e3c2fc14f63c4b4c4e9fcc33b386cd22daf8fe76ce724c5e37f07875e9a3dd9,"0000 -28 -0.0  10.140200  0  K1ABC FN42 33 
<DecodeFinished>",
-29.0,-0.5,20,2026102520,1,K1ABC FN42 33,-29,0,10.140200,0.047387529999468825,0,official WSJT-X 3.0.2; binary SHA256 9e3c2fc14f63c4b4c4e9fcc33b386cd22daf8fe76ce724c5e37f07875e9a3dd9,"0000 -29 -0.1  10.140200  0  K1ABC FN42 33 
<DecodeFinished>",
-29.0,-0.5,9,2026102509,1,K1ABC FN42 33,-28,0,10.140200,0.27031819299918425,0,official WSJT-X 3.0.2; binary SHA256 9e3c2fc14f63c4b4c4e9fcc33b386cd22daf8fe76ce724c5e37f07875e9a3dd9,"0000 -28 -0.1  10.140200  0  K1ABC FN42 33 
<DecodeFinished>",
-29.0,-0.5,21,2026102521,1,K1ABC FN42 33,-28,0,10.140200,0.06081330499910109,0,official WSJT-X 3.0.2; binary SHA256 9e3c2fc14f63c4b4c4e9fcc33b386cd22daf8fe76ce724c5e37f07875e9a3dd9,"0000 -28 -0.1  10.140200  0  K1ABC FN42 33 
<DecodeFinished>",
-29.0,-0.5,22,2026102522,1,K1ABC FN42 33,-29,0,10.140200,0.06417028800024127,0,official WSJT-X 3.0.2; binary SHA256 9e3c2fc14f63c4b4c4e9fcc33b386cd22daf8fe76ce724c5e37f07875e9a3dd9,"0000 -29 -0.0  10.140200  0  K1ABC FN42 33 
<DecodeFinished>",
-29.0,-0.5,23,2026102523,1,K1ABC FN42 33,-29,0,10.140200,0.06575808399975358,0,official WSJT-X 3.0.2; binary SHA256 9e3c2fc14f63c4b4c4e9fcc33b386cd22daf8fe76ce724c5e37f07875e9a3dd9,"0000 -29  0.1  10.140200  0  K1ABC FN42 33 
<DecodeFinished>",
-29.0,-0.5,26,2026102526,1,K1ABC FN42 33,-29,0,10.140200,0.04738144800103328,0,official WSJT-X 3.0.2; binary SHA256 9e3c2fc14f63c4b4c4e9fcc33b386cd22daf8fe76ce724c5e37f07875e9a3dd9,"0000 -29  0.1  10.140200  0  K1ABC FN42 33 
<DecodeFinished>",
-29.0,-0.5,24,2026102524,1,K1ABC FN42 33,-29,0,10.140200,0.07362982700033172,0,official WSJT-X 3.0.2; binary SHA256 9e3c2fc14f63c4b4c4e9fcc33b386cd22daf8fe76ce724c5e37f07875e9a3dd9,"0000 -29 -0.1  10.140200  0  K1ABC FN42 33 
<DecodeFinished>",
-29.0,-0.5,27,2026102527,1,K1ABC FN42 33,-28,0,10.140200,0.05210606299988285,0,official WSJT-X 3.0.2; binary SHA256 9e3c2fc14f63c4b4c4e9fcc33b386cd22daf8fe76ce724c5e37f07875e9a3dd9,"0000 -28 -0.1  10.140200  0  K1ABC FN42 33 
<DecodeFinished>",
-29.0,-0.5,28,2026102528,1,K1ABC FN42 33,-29,0,10.140200,0.049474047000330756,0,official WSJT-X 3.0.2; binary SHA256 9e3c2fc14f63c4b4c4e9fcc33b386cd22daf8fe76ce724c5e37f07875e9a3dd9,"0000 -29  0.1  10.140200  0  K1ABC FN42 33 
<DecodeFinished>",
-29.0,-0.5,29,2026102529,1,K1ABC FN42 33,-28,0,10.140200,0.05105615799948282,0,official WSJT-X 3.0.2; binary SHA256 9e3c2fc14f63c4b4c4e9fcc33b386cd22daf8fe76ce724c5e37f07875e9a3dd9,"0000 -28  0.1  10.140200  0  K1ABC FN42 33 
<DecodeFinished>",
-29.0,-0.5,25,2026102525,1,K1ABC FN42 33,-29,0,10.140200,0.11755497600097442,0,official WSJT-X 3.0.2; binary SHA256 9e3c2fc14f63c4b4c4e9fcc33b386cd22daf8fe76ce724c5e37f07875e9a3dd9,"0000 -29 -0.1  10.140200  0  K1ABC FN42 33 
<DecodeFinished>",
-29.0,-0.5,32,2026102532,1,K1ABC FN42 33,-28,0,10.140200,0.05202813800133299,0,official WSJT-X 3.0.2; binary SHA256 9e3c2fc14f63c4b4c4e9fcc33b386cd22daf8fe76ce724c5e37f07875e9a3dd9,"0000 -28 -0.0  10.140200  0  K1ABC FN42 33 
<DecodeFinished>",
-29.0,-0.5,31,2026102531,1,K1ABC FN42 33,-29,0,10.140200,0.06144059000143898,0,official WSJT-X 3.0.2; binary SHA256 9e3c2fc14f63c4b4c4e9fcc33b386cd22daf8fe76ce724c5e37f07875e9a3dd9,"0000 -29 -0.0  10.140200  0  K1ABC FN42 33 
<DecodeFinished>",
-29.0,-0.5,33,2026102533,1,K1ABC FN42 33,-28,0,10.140200,0.050271224999960396,0,official WSJT-X 3.0.2; binary SHA256 9e3c2fc14f63c4b4c4e9fcc33b386cd22daf8fe76ce724c5e37f07875e9a3dd9,"0000 -28 -0.0  10.140200  0  K1ABC FN42 33 
<DecodeFinished>",
-29.0,-0.5,30,2026102530,1,K1ABC FN42 33,-29,0,10.140200,0.0735047879988997,0,official WSJT-X 3.0.2; binary SHA256 9e3c2fc14f63c4b4c4e9fcc33b386cd22daf8fe76ce724c5e37f07875e9a3dd9,"0000 -29  0.1  10.140200  0  K1ABC FN42 33 
<DecodeFinished>",
-29.0,-0.5,34,2026102534,1,K1ABC FN42 33,-29,0,10.140200,0.06266556999980821,0,official WSJT-X 3.0.2; binary SHA256 9e3c2fc14f63c4b4c4e9fcc33b386cd22daf8fe76ce724c5e37f07875e9a3dd9,"0000 -29  0.0  10.140200  0  K1ABC FN42 33 
<DecodeFinished>",
-29.0,-0.5,36,2026102536,1,K1ABC FN42 33,-28,0,10.140200,0.05722433499977342,0,official WSJT-X 3.0.2; binary SHA256 9e3c2fc14f63c4b4c4e9fcc33b386cd22daf8fe76ce724c5e37f07875e9a3dd9,"0000 -28 -0.0  10.140200  0  K1ABC FN42 33 
<DecodeFinished>",
-29.0,-0.5,39,2026102539,1,K1ABC FN42 33,-29,0,10.140200,0.04691321400059678,0,official WSJT-X 3.0.2; binary SHA256 9e3c2fc14f63c4b4c4e9fcc33b386cd22daf8fe76ce724c5e37f07875e9a3dd9,"0000 -29  0.0  10.140200  0  K1ABC FN42 33 
<DecodeFinished>",
-29.0,-0.5,35,2026102535,1,K1ABC FN42 33,-30,0,10.140200,0.11391169300077308,0,official WSJT-X 3.0.2; binary SHA256 9e3c2fc14f63c4b4c4e9fcc33b386cd22daf8fe76ce724c5e37f07875e9a3dd9,"0000 -30 -0.1  10.140200  0  K1ABC FN42 33 
<DecodeFinished>",
-29.0,-0.5,40,2026102540,1,K1ABC FN42 33,-29,0,10.140200,0.0642357600008836,0,official WSJT-X 3.0.2; binary SHA256 9e3c2fc14f63c4b4c4e9fcc33b386cd22daf8fe76ce724c5e37f07875e9a3dd9,"0000 -29 -0.1  10.140200  0  K1ABC FN42 33 
<DecodeFinished>",
-29.0,-0.5,41,2026102541,1,K1ABC FN42 33,-29,0,10.140200,0.07684599300046102,0,official WSJT-X 3.0.2; binary SHA256 9e3c2fc14f63c4b4c4e9fcc33b386cd22daf8fe76ce724c5e37f07875e9a3dd9,"0000 -29 -0.0  10.140200  0  K1ABC FN42 33 
<DecodeFinished>",
-29.0,-0.5,42,2026102542,1,K1ABC FN42 33,-29,0,10.140200,0.05197608399976161,0,official WSJT-X 3.0.2; binary SHA256 9e3c2fc14f63c4b4c4e9fcc33b386cd22daf8fe76ce724c5e37f07875e9a3dd9,"0000 -29 -0.1  10.140200  0  K1ABC FN42 33 
<DecodeFinished>",
-29.0,-0.5,43,2026102543,1,K1ABC FN42 33,-29,0,10.140200,0.05142907300069055,0,official WSJT-X 3.0.2; binary SHA256 9e3c2fc14f63c4b4c4e9fcc33b386cd22daf8fe76ce724c5e37f07875e9a3dd9,"0000 -29  0.1  10.140200  0  K1ABC FN42 33 
<DecodeFinished>",
-29.0,-0.5,45,2026102545,1,K1ABC FN42 33,-29,0,10.140200,0.046775381999395904,0,official WSJT-X 3.0.2; binary SHA256 9e3c2fc14f63c4b4c4e9fcc33b386cd22daf8fe76ce724c5e37f07875e9a3dd9,"0000 -29  0.1  10.140200  0  K1ABC FN42 33 
<DecodeFinished>",
-29.0,-0.5,44,2026102544,1,K1ABC FN42 33,-29,0,10.140200,0.07059734699942055,0,official WSJT-X 3.0.2; binary SHA256 9e3c2fc14f63c4b4c4e9fcc33b386cd22daf8fe76ce724c5e37f07875e9a3dd9,"0000 -29 -0.1  10.140200  0  K1ABC FN42 33 
<DecodeFinished>",
-29.0,-0.5,38,2026102538,1,K1ABC FN42 33,-29,0,10.140200,0.2547014229985507,0,official WSJT-X 3.0.2; binary SHA256 9e3c2fc14f63c4b4c4e9fcc33b386cd22daf8fe76ce724c5e37f07875e9a3dd9,"0000 -29  0.0  10.140200  0  K1ABC FN42 33 
<DecodeFinished>",
-29.0,-0.5,46,2026102546,1,K1ABC FN42 33,-29,0,10.140200,0.06957173000046168,0,official WSJT-X 3.0.2; binary SHA256 9e3c2fc14f63c4b4c4e9fcc33b386cd22daf8fe76ce724c5e37f07875e9a3dd9,"0000 -29  0.1  10.140200  0  K1ABC FN42 33 
<DecodeFinished>",
-29.0,-0.5,48,2026102548,1,K1ABC FN42 33,-29,0,10.140200,0.046526359001290984,0,official WSJT-X 3.0.2; binary SHA256 9e3c2fc14f63c4b4c4e9fcc33b386cd22daf8fe76ce724c5e37f07875e9a3dd9,"0000 -29  0.0  10.140200  0  K1ABC FN42 33 
<DecodeFinished>",
-29.0,-0.5,49,2026102549,1,K1ABC FN42 33,-28,0,10.140200,0.053149775998463156,0,official WSJT-X 3.0.2; binary SHA256 9e3c2fc14f63c4b4c4e9fcc33b386cd22daf8fe76ce724c5e37f07875e9a3dd9,"0000 -28  0.0  10.140200  0  K1ABC FN42 33 
<DecodeFinished>",
-29.0,-0.5,50,2026102550,1,K1ABC FN42 33,-29,0,10.140200,0.0525675240005512,0,official WSJT-X 3.0.2; binary SHA256 9e3c2fc14f63c4b4c4e9fcc33b386cd22daf8fe76ce724c5e37f07875e9a3dd9,"0000 -29 -0.1  10.140200  0  K1ABC FN42 33 
<DecodeFinished>",
-29.0,-0.5,51,2026102551,1,K1ABC FN42 33,-29,0,10.140200,0.04365174700069474,0,official WSJT-X 3.0.2; binary SHA256 9e3c2fc14f63c4b4c4e9fcc33b386cd22daf8fe76ce724c5e37f07875e9a3dd9,"0000 -29  0.0  10.140200  0  K1ABC FN42 33 
<DecodeFinished>",
-29.0,-0.5,52,2026102552,1,K1ABC FN42 33,-29,0,10.140200,0.047124344999247114,0,official WSJT-X 3.0.2; binary SHA256 9e3c2fc14f63c4b4c4e9fcc33b386cd22daf8fe76ce724c5e37f07875e9a3dd9,"0000 -29 -0.0  10.140200  0  K1ABC FN42 33 
<DecodeFinished>",
-29.0,-0.5,53,2026102553,1,K1ABC FN42 33,-28,0,10.140200,0.05876160300067568,0,official WSJT-X 3.0.2; binary SHA256 9e3c2fc14f63c4b4c4e9fcc33b386cd22daf8fe76ce724c5e37f07875e9a3dd9,"0000 -28 -0.0  10.140200  0  K1ABC FN42 33 
<DecodeFinished>",
-29.0,-0.5,54,2026102554,1,K1ABC FN42 33,-29,0,10.140200,0.06694974200036086,0,official WSJT-X 3.0.2; binary SHA256 9e3c2fc14f63c4b4c4e9fcc33b386cd22daf8fe76ce724c5e37f07875e9a3dd9,"0000 -29  0.1  10.140200  0  K1ABC FN42 33 
<DecodeFinished>",
-29.0,-0.5,55,2026102555,1,K1ABC FN42 33,-29,0,10.140200,0.0474945400001161,0,official WSJT-X 3.0.2; binary SHA256 9e3c2fc14f63c4b4c4e9fcc33b386cd22daf8fe76ce724c5e37f07875e9a3dd9,"0000 -29 -0.1  10.140200  0  K1ABC FN42 33 
<DecodeFinished>",
-29.0,-0.5,37,2026102537,0,,,,,0.5619914230010181,0,official WSJT-X 3.0.2; binary SHA256 9e3c2fc14f63c4b4c4e9fcc33b386cd22daf8fe76ce724c5e37f07875e9a3dd9,<DecodeFinished>,
-29.0,-0.5,56,2026102556,1,K1ABC FN42 33,-29,0,10.140200,0.0533482870014268,0,official WSJT-X 3.0.2; binary SHA256 9e3c2fc14f63c4b4c4e9fcc33b386cd22daf8fe76ce724c5e37f07875e9a3dd9,"0000 -29  0.0  10.140200  0  K1ABC FN42 33 
<DecodeFinished>",
-29.0,-0.5,58,2026102558,1,K1ABC FN42 33,-29,0,10.140200,0.044123806999778026,0,official WSJT-X 3.0.2; binary SHA256 9e3c2fc14f63c4b4c4e9fcc33b386cd22daf8fe76ce724c5e37f07875e9a3dd9,"0000 -29  0.0  10.140200  0  K1ABC FN42 33 
<DecodeFinished>",
-29.0,-0.5,57,2026102557,1,K1ABC FN42 33,-29,0,10.140200,0.05226756100091734,0,official WSJT-X 3.0.2; binary SHA256 9e3c2fc14f63c4b4c4e9fcc33b386cd22daf8fe76ce724c5e37f07875e9a3dd9,"0000 -29  0.1  10.140200  0  K1ABC FN42 33 
<DecodeFinished>",
-29.0,-0.5,59,2026102559,1,K1ABC FN42 33,-29,0,10.140200,0.05806498099991586,0,official WSJT-X 3.0.2; binary SHA256 9e3c2fc14f63c4b4c4e9fcc33b386cd22daf8fe76ce724c5e37f07875e9a3dd9,"0000 -29  0.1  10.140200  0  K1ABC FN42 33 
<DecodeFinished>",
-29.0,-0.5,61,2026102561,1,K1ABC FN42 33,-29,0,10.140200,0.04874270599975716,0,official WSJT-X 3.0.2; binary SHA256 9e3c2fc14f63c4b4c4e9fcc33b386cd22daf8fe76ce724c5e37f07875e9a3dd9,"0000 -29 -0.1  10.140200  0  K1ABC FN42 33 
<DecodeFinished>",
-29.0,-0.5,60,2026102560,1,K1ABC FN42 33,-30,0,10.140200,0.07001769700036675,0,official WSJT-X 3.0.2; binary SHA256 9e3c2fc14f63c4b4c4e9fcc33b386cd22daf8fe76ce724c5e37f07875e9a3dd9,"0000 -30 -0.1  10.140200  0  K1ABC FN42 33 
<DecodeFinished>",
-29.0,-0.5,62,2026102562,1,K1ABC FN42 33,-28,0,10.140200,0.051195234000260825,0,official WSJT-X 3.0.2; binary SHA256 9e3c2fc14f63c4b4c4e9fcc33b386cd22daf8fe76ce724c5e37f07875e9a3dd9,"0000 -28 -0.0  10.140200  0  K1ABC FN42 33 
<DecodeFinished>",
-29.0,-0.5,63,2026102563,1,K1ABC FN42 33,-29,0,10.140200,0.05662110100092832,0,official WSJT-X 3.0.2; binary SHA256 9e3c2fc14f63c4b4c4e9fcc33b386cd22daf8fe76ce724c5e37f07875e9a3dd9,"0000 -29  0.1  10.140200  0  K1ABC FN42 33 
<DecodeFinished>",
-29.0,-0.5,65,2026102565,1,K1ABC FN42 33,-29,0,10.140200,0.04543019899938372,0,official WSJT-X 3.0.2; binary SHA256 9e3c2fc14f63c4b4c4e9fcc33b386cd22daf8fe76ce724c5e37f07875e9a3dd9,"0000 -29  0.0  10.140200  0  K1ABC FN42 33 
<DecodeFinished>",
-29.0,-0.5,64,2026102564,1,K1ABC FN42 33,-29,0,10.140200,0.0573359400004847,0,official WSJT-X 3.0.2; binary SHA256 9e3c2fc14f63c4b4c4e9fcc33b386cd22daf8fe76ce724c5e37f07875e9a3dd9,"0000 -29 -0.1  10.140200  0  K1ABC FN42 33 
<DecodeFinished>",
-29.0,-0.5,66,2026102566,1,K1ABC FN42 33,-29,0,10.140200,0.05031725699882372,0,official WSJT-X 3.0.2; binary SHA256 9e3c2fc14f63c4b4c4e9fcc33b386cd22daf8fe76ce724c5e37f07875e9a3dd9,"0000 -29 -0.0  10.140200  0  K1ABC FN42 33 
<DecodeFinished>",
-29.0,-0.5,68,2026102568,1,K1ABC FN42 33,-29,0,10.140200,0.06066738500157953,0,official WSJT-X 3.0.2; binary SHA256 9e3c2fc14f63c4b4c4e9fcc33b386cd22daf8fe76ce724c5e37f07875e9a3dd9,"0000 -29  0.1  10.140200  0  K1ABC FN42 33 
<DecodeFinished>",
-29.0,-0.5,67,2026102567,1,K1ABC FN42 33,-28,0,10.140200,0.06307510700025887,0,official WSJT-X 3.0.2; binary SHA256 9e3c2fc14f63c4b4c4e9fcc33b386cd22daf8fe76ce724c5e37f07875e9a3dd9,"0000 -28 -0.1  10.140200  0  K1ABC FN42 33 
<DecodeFinished>",
-29.0,-0.5,69,2026102569,1,K1ABC FN42 33,-29,0,10.140200,0.053581951000523986,0,official WSJT-X 3.0.2; binary SHA256 9e3c2fc14f63c4b4c4e9fcc33b386cd22daf8fe76ce724c5e37f07875e9a3dd9,"0000 -29 -0.1  10.140200  0  K1ABC FN42 33 
<DecodeFinished>",
-29.0,-0.5,71,2026102571,1,K1ABC FN42 33,-29,0,10.140200,0.04907156999979634,0,official WSJT-X 3.0.2; binary SHA256 9e3c2fc14f63c4b4c4e9fcc33b386cd22daf8fe76ce724c5e37f07875e9a3dd9,"0000 -29  0.0  10.140200  0  K1ABC FN42 33 
<DecodeFinished>",
-29.0,-0.5,70,2026102570,1,K1ABC FN42 33,-29,0,10.140200,0.051014216000112356,0,official WSJT-X 3.0.2; binary SHA256 9e3c2fc14f63c4b4c4e9fcc33b386cd22daf8fe76ce724c5e37f07875e9a3dd9,"0000 -29 -0.1  10.140200  0  K1ABC FN42 33 
<DecodeFinished>",
-29.0,-0.5,72,2026102572,1,K1ABC FN42 33,-29,0,10.140200,0.04511179800101672,0,official WSJT-X 3.0.2; binary SHA256 9e3c2fc14f63c4b4c4e9fcc33b386cd22daf8fe76ce724c5e37f07875e9a3dd9,"0000 -29 -0.0  10.140200  0  K1ABC FN42 33 
<DecodeFinished>",
-29.0,-0.5,73,2026102573,1,K1ABC FN42 33,-29,0,10.140200,0.051506256000720896,0,official WSJT-X 3.0.2; binary SHA256 9e3c2fc14f63c4b4c4e9fcc33b386cd22daf8fe76ce724c5e37f07875e9a3dd9,"0000 -29  0.0  10.140200  0  K1ABC FN42 33 
<DecodeFinished>",
-29.0,-0.5,74,2026102574,1,K1ABC FN42 33,-29,0,10.140200,0.053498482000577496,0,official WSJT-X 3.0.2; binary SHA256 9e3c2fc14f63c4b4c4e9fcc33b386cd22daf8fe76ce724c5e37f07875e9a3dd9,"0000 -29  0.0  10.140200  0  K1ABC FN42 33 
<DecodeFinished>",
-29.0,-0.5,75,2026102575,1,K1ABC FN42 33,-28,0,10.140200,0.04516698199950042,0,official WSJT-X 3.0.2; binary SHA256 9e3c2fc14f63c4b4c4e9fcc33b386cd22daf8fe76ce724c5e37f07875e9a3dd9,"0000 -28  0.0  10.140200  0  K1ABC FN42 33 
<DecodeFinished>",
-29.0,-0.5,76,2026102576,1,K1ABC FN42 33,-29,0,10.140200,0.04531207100080792,0,official WSJT-X 3.0.2; binary SHA256 9e3c2fc14f63c4b4c4e9fcc33b386cd22daf8fe76ce724c5e37f07875e9a3dd9,"0000 -29 -0.0  10.140200  0  K1ABC FN42 33 
<DecodeFinished>",
-29.0,-0.5,77,2026102577,1,K1ABC FN42 33,-29,0,10.140200,0.05563317499945697,0,official WSJT-X 3.0.2; binary SHA256 9e3c2fc14f63c4b4c4e9fcc33b386cd22daf8fe76ce724c5e37f07875e9a3dd9,"0000 -29 -0.1  10.140200  0  K1ABC FN42 33 
<DecodeFinished>",
-29.0,-0.5,78,2026102578,1,K1ABC FN42 33,-29,0,10.140200,0.05198611699961475,0,official WSJT-X 3.0.2; binary SHA256 9e3c2fc14f63c4b4c4e9fcc33b386cd22daf8fe76ce724c5e37f07875e9a3dd9,"0000 -29 -0.0  10.140200  0  K1ABC FN42 33 
<DecodeFinished>",
-29.0,-0.5,47,2026102547,1,K1ABC FN42 33,-29,0,10.140200,0.6803862460001255,0,official WSJT-X 3.0.2; binary SHA256 9e3c2fc14f63c4b4c4e9fcc33b386cd22daf8fe76ce724c5e37f07875e9a3dd9,"0000 -29 -0.1  10.140200  0  K1ABC FN42 33 
<DecodeFinished>",
-29.0,-0.5,82,2026102582,1,K1ABC FN42 33,-29,0,10.140200,0.051060488000075566,0,official WSJT-X 3.0.2; binary SHA256 9e3c2fc14f63c4b4c4e9fcc33b386cd22daf8fe76ce724c5e37f07875e9a3dd9,"0000 -29 -0.0  10.140200  0  K1ABC FN42 33 
<DecodeFinished>",
-29.0,-0.5,81,2026102581,1,K1ABC FN42 33,-29,0,10.140200,0.06212926000080188,0,official WSJT-X 3.0.2; binary SHA256 9e3c2fc14f63c4b4c4e9fcc33b386cd22daf8fe76ce724c5e37f07875e9a3dd9,"0000 -29 -0.0  10.140200  0  K1ABC FN42 33 
<DecodeFinished>",
-29.0,-0.5,79,2026102579,1,K1ABC FN42 33,-28,0,10.140200,0.08146481500079972,0,official WSJT-X 3.0.2; binary SHA256 9e3c2fc14f63c4b4c4e9fcc33b386cd22daf8fe76ce724c5e37f07875e9a3dd9,"0000 -28 -0.1  10.140200  0  K1ABC FN42 33 
<DecodeFinished>",
-29.0,-0.5,80,2026102580,1,K1ABC FN42 33,-28,0,10.140200,0.08735270000033779,0,official WSJT-X 3.0.2; binary SHA256 9e3c2fc14f63c4b4c4e9fcc33b386cd22daf8fe76ce724c5e37f07875e9a3dd9,"0000 -28 -0.0  10.140200  0  K1ABC FN42 33 
<DecodeFinished>",
-29.0,-0.5,84,2026102584,1,K1ABC FN42 33,-29,0,10.140200,0.06147956300083024,0,official WSJT-X 3.0.2; binary SHA256 9e3c2fc14f63c4b4c4e9fcc33b386cd22daf8fe76ce724c5e37f07875e9a3dd9,"0000 -29 -0.1  10.140200  0  K1ABC FN42 33 
<DecodeFinished>",
-29.0,-0.5,83,2026102583,1,K1ABC FN42 33,-29,0,10.140200,0.06507550199967227,0,official WSJT-X 3.0.2; binary SHA256 9e3c2fc14f63c4b4c4e9fcc33b386cd22daf8fe76ce724c5e37f07875e9a3dd9,"0000 -29 -0.1  10.140200  0  K1ABC FN42 33 
<DecodeFinished>",
-29.0,-0.5,86,2026102586,1,K1ABC FN42 33,-29,0,10.140200,0.0479939340002602,0,official WSJT-X 3.0.2; binary SHA256 9e3c2fc14f63c4b4c4e9fcc33b386cd22daf8fe76ce724c5e37f07875e9a3dd9,"0000 -29 -0.0  10.140200  0  K1ABC FN42 33 
<DecodeFinished>",
-29.0,-0.5,85,2026102585,1,K1ABC FN42 33,-29,0,10.140200,0.07331733099999838,0,official WSJT-X 3.0.2; binary SHA256 9e3c2fc14f63c4b4c4e9fcc33b386cd22daf8fe76ce724c5e37f07875e9a3dd9,"0000 -29 -0.0  10.140200  0  K1ABC FN42 33 
<DecodeFinished>",
-29.0,-0.5,90,2026102590,1,K1ABC FN42 33,-30,0,10.140200,0.0532161580013053,0,official WSJT-X 3.0.2; binary SHA256 9e3c2fc14f63c4b4c4e9fcc33b386cd22daf8fe76ce724c5e37f07875e9a3dd9,"0000 -30 -0.1  10.140200  0  K1ABC FN42 33 
<DecodeFinished>",
-29.0,-0.5,88,2026102588,1,K1ABC FN42 33,-29,0,10.140200,0.07039186700058053,0,official WSJT-X 3.0.2; binary SHA256 9e3c2fc14f63c4b4c4e9fcc33b386cd22daf8fe76ce724c5e37f07875e9a3dd9,"0000 -29  0.0  10.140200  0  K1ABC FN42 33 
<DecodeFinished>",
-29.0,-0.5,87,2026102587,1,K1ABC FN42 33,-29,0,10.140200,0.07177333799882035,0,official WSJT-X 3.0.2; binary SHA256 9e3c2fc14f63c4b4c4e9fcc33b386cd22daf8fe76ce724c5e37f07875e9a3dd9,"0000 -29 -0.0  10.140200  0  K1ABC FN42 33 
<DecodeFinished>",
-29.0,-0.5,89,2026102589,1,K1ABC FN42 33,-28,0,10.140200,0.0666748829989956,0,official WSJT-X 3.0.2; binary SHA256 9e3c2fc14f63c4b4c4e9fcc33b386cd22daf8fe76ce724c5e37f07875e9a3dd9,"0000 -28  0.0  10.140200  0  K1ABC FN42 33 
<DecodeFinished>",
-29.0,-0.5,93,2026102593,1,K1ABC FN42 33,-29,0,10.140200,0.05715117200088571,0,official WSJT-X 3.0.2; binary SHA256 9e3c2fc14f63c4b4c4e9fcc33b386cd22daf8fe76ce724c5e37f07875e9a3dd9,"0000 -29 -0.1  10.140200  0  K1ABC FN42 33 
<DecodeFinished>",
-29.0,-0.5,94,2026102594,1,K1ABC FN42 33,-29,0,10.140200,0.05717272100082482,0,official WSJT-X 3.0.2; binary SHA256 9e3c2fc14f63c4b4c4e9fcc33b386cd22daf8fe76ce724c5e37f07875e9a3dd9,"0000 -29 -0.0  10.140200  0  K1ABC FN42 33 
<DecodeFinished>",
-29.0,-0.5,92,2026102592,1,K1ABC FN42 33,-29,0,10.140200,0.07364413399955083,0,official WSJT-X 3.0.2; binary SHA256 9e3c2fc14f63c4b4c4e9fcc33b386cd22daf8fe76ce724c5e37f07875e9a3dd9,"0000 -29 -0.1  10.140200  0  K1ABC FN42 33 
<DecodeFinished>",
-29.0,-0.5,91,2026102591,1,K1ABC FN42 33,-29,0,10.140200,0.09011229699899559,0,official WSJT-X 3.0.2; binary SHA256 9e3c2fc14f63c4b4c4e9fcc33b386cd22daf8fe76ce724c5e37f07875e9a3dd9,"0000 -29 -0.1  10.140200  0  K1ABC FN42 33 
<DecodeFinished>",
-29.0,-0.5,96,2026102596,1,K1ABC FN42 33,-29,0,10.140200,0.06462898400059203,0,official WSJT-X 3.0.2; binary SHA256 9e3c2fc14f63c4b4c4e9fcc33b386cd22daf8fe76ce724c5e37f07875e9a3dd9,"0000 -29  0.1  10.140200  0  K1ABC FN42 33 
<DecodeFinished>",
-29.0,-0.5,97,2026102597,1,K1ABC FN42 33,-29,0,10.140200,0.059650889999829815,0,official WSJT-X 3.0.2; binary SHA256 9e3c2fc14f63c4b4c4e9fcc33b386cd22daf8fe76ce724c5e37f07875e9a3dd9,"0000 -29 -0.0  10.140200  0  K1ABC FN42 33 
<DecodeFinished>",
-29.0,-0.5,98,2026102598,1,K1ABC FN42 33,-28,0,10.140200,0.051280138999572955,0,official WSJT-X 3.0.2; binary SHA256 9e3c2fc14f63c4b4c4e9fcc33b386cd22daf8fe76ce724c5e37f07875e9a3dd9,"0000 -28  0.0  10.140200  0  K1ABC FN42 33 
<DecodeFinished>",
-29.0,-0.5,95,2026102595,1,K1ABC FN42 33,-28,0,10.140200,0.08457021199865267,0,official WSJT-X 3.0.2; binary SHA256 9e3c2fc14f63c4b4c4e9fcc33b386cd22daf8fe76ce724c5e37f07875e9a3dd9,"0000 -28 -0.1  10.140200  0  K1ABC FN42 33 
<DecodeFinished>",
-29.0,1.0,1,2026102501,1,K1ABC FN42 33,-30,0,10.140200,0.05302225699961127,0,official WSJT-X 3.0.2; binary SHA256 9e3c2fc14f63c4b4c4e9fcc33b386cd22daf8fe76ce724c5e37f07875e9a3dd9,"0000 -30  0.0  10.140200  0  K1ABC FN42 33 
<DecodeFinished>",
-29.0,1.0,2,2026102502,1,K1ABC FN42 33,-29,1,10.140200,0.05855801399957272,0,official WSJT-X 3.0.2; binary SHA256 9e3c2fc14f63c4b4c4e9fcc33b386cd22daf8fe76ce724c5e37f07875e9a3dd9,"0000 -29 -0.1  10.140200  1  K1ABC FN42 33 
<DecodeFinished>",
-29.0,-0.5,99,2026102599,1,K1ABC FN42 33,-29,0,10.140200,0.07982041200011736,0,official WSJT-X 3.0.2; binary SHA256 9e3c2fc14f63c4b4c4e9fcc33b386cd22daf8fe76ce724c5e37f07875e9a3dd9,"0000 -29 -0.1  10.140200  0  K1ABC FN42 33 
<DecodeFinished>",
-29.0,1.0,0,2026102500,1,K1ABC FN42 33,-29,0,10.140200,0.07264426700021431,0,official WSJT-X 3.0.2; binary SHA256 9e3c2fc14f63c4b4c4e9fcc33b386cd22daf8fe76ce724c5e37f07875e9a3dd9,"0000 -29 -0.1  10.140200  0  K1ABC FN42 33 
<DecodeFinished>",
-29.0,1.0,4,2026102504,1,K1ABC FN42 33,-29,0,10.140200,0.057598311999754515,0,official WSJT-X 3.0.2; binary SHA256 9e3c2fc14f63c4b4c4e9fcc33b386cd22daf8fe76ce724c5e37f07875e9a3dd9,"0000 -29  0.1  10.140200  0  K1ABC FN42 33 
<DecodeFinished>",
-29.0,1.0,5,2026102505,1,K1ABC FN42 33,-29,0,10.140200,0.056812633001754875,0,official WSJT-X 3.0.2; binary SHA256 9e3c2fc14f63c4b4c4e9fcc33b386cd22daf8fe76ce724c5e37f07875e9a3dd9,"0000 -29  0.1  10.140200  0  K1ABC FN42 33 
<DecodeFinished>",
-29.0,1.0,6,2026102506,1,K1ABC FN42 33,-29,0,10.140200,0.08120172900089528,0,official WSJT-X 3.0.2; binary SHA256 9e3c2fc14f63c4b4c4e9fcc33b386cd22daf8fe76ce724c5e37f07875e9a3dd9,"0000 -29 -0.0  10.140200  0  K1ABC FN42 33 
<DecodeFinished>",
-29.0,1.0,3,2026102503,1,K1ABC FN42 33,-29,1,10.140200,0.11404824199962604,0,official WSJT-X 3.0.2; binary SHA256 9e3c2fc14f63c4b4c4e9fcc33b386cd22daf8fe76ce724c5e37f07875e9a3dd9,"0000 -29  0.0  10.140200  1  K1ABC FN42 33 
<DecodeFinished>",
-29.0,1.0,8,2026102508,1,K1ABC FN42 33,-29,0,10.140200,0.04792406100023072,0,official WSJT-X 3.0.2; binary SHA256 9e3c2fc14f63c4b4c4e9fcc33b386cd22daf8fe76ce724c5e37f07875e9a3dd9,"0000 -29 -0.0  10.140200  0  K1ABC FN42 33 
<DecodeFinished>",
-29.0,1.0,7,2026102507,1,K1ABC FN42 33,-30,0,10.140200,0.06836643200040271,0,official WSJT-X 3.0.2; binary SHA256 9e3c2fc14f63c4b4c4e9fcc33b386cd22daf8fe76ce724c5e37f07875e9a3dd9,"0000 -30 -0.1  10.140200  0  K1ABC FN42 33 
<DecodeFinished>",
-29.0,1.0,9,2026102509,1,K1ABC FN42 33,-29,0,10.140200,0.05174380199969164,0,official WSJT-X 3.0.2; binary SHA256 9e3c2fc14f63c4b4c4e9fcc33b386cd22daf8fe76ce724c5e37f07875e9a3dd9,"0000 -29 -0.1  10.140200  0  K1ABC FN42 33 
<DecodeFinished>",
-29.0,1.0,10,2026102510,1,K1ABC FN42 33,-29,0,10.140200,0.04150583199952962,0,official WSJT-X 3.0.2; binary SHA256 9e3c2fc14f63c4b4c4e9fcc33b386cd22daf8fe76ce724c5e37f07875e9a3dd9,"0000 -29 -0.0  10.140200  0  K1ABC FN42 33 
<DecodeFinished>",
-29.0,1.0,11,2026102511,1,K1ABC FN42 33,-30,0,10.140200,0.049497897998662665,0,official WSJT-X 3.0.2; binary SHA256 9e3c2fc14f63c4b4c4e9fcc33b386cd22daf8fe76ce724c5e37f07875e9a3dd9,"0000 -30 -0.0  10.140200  0  K1ABC FN42 33 
<DecodeFinished>",
-29.0,1.0,14,2026102514,1,K1ABC FN42 33,-29,0,10.140200,0.056117798001650954,0,official WSJT-X 3.0.2; binary SHA256 9e3c2fc14f63c4b4c4e9fcc33b386cd22daf8fe76ce724c5e37f07875e9a3dd9,"0000 -29  0.1  10.140200  0  K1ABC FN42 33 
<DecodeFinished>",
-29.0,1.0,12,2026102512,1,K1ABC FN42 33,-29,0,10.140200,0.07399945600081992,0,official WSJT-X 3.0.2; binary SHA256 9e3c2fc14f63c4b4c4e9fcc33b386cd22daf8fe76ce724c5e37f07875e9a3dd9,"0000 -29  0.1  10.140200  0  K1ABC FN42 33 
<DecodeFinished>",
-29.0,1.0,15,2026102515,1,K1ABC FN42 33,-29,0,10.140200,0.042964391999703366,0,official WSJT-X 3.0.2; binary SHA256 9e3c2fc14f63c4b4c4e9fcc33b386cd22daf8fe76ce724c5e37f07875e9a3dd9,"0000 -29 -0.1  10.140200  0  K1ABC FN42 33 
<DecodeFinished>",
-29.0,1.0,13,2026102513,1,K1ABC FN42 33,-29,0,10.140200,0.06870161900042149,0,official WSJT-X 3.0.2; binary SHA256 9e3c2fc14f63c4b4c4e9fcc33b386cd22daf8fe76ce724c5e37f07875e9a3dd9,"0000 -29  0.0  10.140200  0  K1ABC FN42 33 
<DecodeFinished>",
-29.0,1.0,19,2026102519,1,K1ABC FN42 33,-28,0,10.140200,0.05038140599936014,0,official WSJT-X 3.0.2; binary SHA256 9e3c2fc14f63c4b4c4e9fcc33b386cd22daf8fe76ce724c5e37f07875e9a3dd9,"0000 -28 -0.0  10.140200  0  K1ABC FN42 33 
<DecodeFinished>",
-29.0,1.0,16,2026102516,1,K1ABC FN42 33,-29,0,10.140200,0.05838767900058883,0,official WSJT-X 3.0.2; binary SHA256 9e3c2fc14f63c4b4c4e9fcc33b386cd22daf8fe76ce724c5e37f07875e9a3dd9,"0000 -29  0.1  10.140200  0  K1ABC FN42 33 
<DecodeFinished>",
-29.0,1.0,17,2026102517,1,K1ABC FN42 33,-29,0,10.140200,0.06039159399915661,0,official WSJT-X 3.0.2; binary SHA256 9e3c2fc14f63c4b4c4e9fcc33b386cd22daf8fe76ce724c5e37f07875e9a3dd9,"0000 -29  0.1  10.140200  0  K1ABC FN42 33 
<DecodeFinished>",
-29.0,1.0,18,2026102518,1,K1ABC FN42 33,-29,0,10.140200,0.07055013200078974,0,official WSJT-X 3.0.2; binary SHA256 9e3c2fc14f63c4b4c4e9fcc33b386cd22daf8fe76ce724c5e37f07875e9a3dd9,"0000 -29  0.1  10.140200  0  K1ABC FN42 33 
<DecodeFinished>",
-29.0,1.0,22,2026102522,1,K1ABC FN42 33,-29,0,10.140200,0.059897580000324524,0,official WSJT-X 3.0.2; binary SHA256 9e3c2fc14f63c4b4c4e9fcc33b386cd22daf8fe76ce724c5e37f07875e9a3dd9,"0000 -29  0.0  10.140200  0  K1ABC FN42 33 
<DecodeFinished>",
-29.0,1.0,23,2026102523,1,K1ABC FN42 33,-30,0,10.140200,0.04974917999970785,0,official WSJT-X 3.0.2; binary SHA256 9e3c2fc14f63c4b4c4e9fcc33b386cd22daf8fe76ce724c5e37f07875e9a3dd9,"0000 -30  0.0  10.140200  0  K1ABC FN42 33 
<DecodeFinished>",
-29.0,1.0,20,2026102520,1,K1ABC FN42 33,-29,1,10.140200,0.06971579499986547,0,official WSJT-X 3.0.2; binary SHA256 9e3c2fc14f63c4b4c4e9fcc33b386cd22daf8fe76ce724c5e37f07875e9a3dd9,"0000 -29  0.1  10.140200  1  K1ABC FN42 33 
<DecodeFinished>",
-29.0,1.0,21,2026102521,1,K1ABC FN42 33,-29,0,10.140200,0.07334964999972726,0,official WSJT-X 3.0.2; binary SHA256 9e3c2fc14f63c4b4c4e9fcc33b386cd22daf8fe76ce724c5e37f07875e9a3dd9,"0000 -29 -0.1  10.140200  0  K1ABC FN42 33 
<DecodeFinished>",
-29.0,1.0,26,2026102526,1,K1ABC FN42 33,-29,0,10.140200,0.05486895100148104,0,official WSJT-X 3.0.2; binary SHA256 9e3c2fc14f63c4b4c4e9fcc33b386cd22daf8fe76ce724c5e37f07875e9a3dd9,"0000 -29  0.1  10.140200  0  K1ABC FN42 33 
<DecodeFinished>",
-29.0,1.0,24,2026102524,1,K1ABC FN42 33,-29,0,10.140200,0.06187757400039118,0,official WSJT-X 3.0.2; binary SHA256 9e3c2fc14f63c4b4c4e9fcc33b386cd22daf8fe76ce724c5e37f07875e9a3dd9,"0000 -29 -0.1  10.140200  0  K1ABC FN42 33 
<DecodeFinished>",
-29.0,1.0,27,2026102527,1,K1ABC FN42 33,-28,1,10.140200,0.051985533998959,0,official WSJT-X 3.0.2; binary SHA256 9e3c2fc14f63c4b4c4e9fcc33b386cd22daf8fe76ce724c5e37f07875e9a3dd9,"0000 -28 -0.1  10.140200  1  K1ABC FN42 33 
<DecodeFinished>",
-29.0,1.0,25,2026102525,1,K1ABC FN42 33,-29,0,10.140200,0.06724289200064959,0,official WSJT-X 3.0.2; binary SHA256 9e3c2fc14f63c4b4c4e9fcc33b386cd22daf8fe76ce724c5e37f07875e9a3dd9,"0000 -29 -0.1  10.140200  0  K1ABC FN42 33 
<DecodeFinished>",
-29.0,1.0,31,2026102531,1,K1ABC FN42 33,-29,0,10.140200,0.058219378001012956,0,official WSJT-X 3.0.2; binary SHA256 9e3c2fc14f63c4b4c4e9fcc33b386cd22daf8fe76ce724c5e37f07875e9a3dd9,"0000 -29  0.1  10.140200  0  K1ABC FN42 33 
<DecodeFinished>",
-29.0,1.0,28,2026102528,1,K1ABC FN42 33,-29,1,10.140200,0.06478325999887602,0,official WSJT-X 3.0.2; binary SHA256 9e3c2fc14f63c4b4c4e9fcc33b386cd22daf8fe76ce724c5e37f07875e9a3dd9,"0000 -29 -0.1  10.140200  1  K1ABC FN42 33 
<DecodeFinished>",
-29.0,1.0,29,2026102529,1,K1ABC FN42 33,-29,0,10.140200,0.08996065799874486,0,official WSJT-X 3.0.2; binary SHA256 9e3c2fc14f63c4b4c4e9fcc33b386cd22daf8fe76ce724c5e37f07875e9a3dd9,"0000 -29  0.1  10.140200  0  K1ABC FN42 33 
<DecodeFinished>",
-29.0,1.0,33,2026102533,1,K1ABC FN42 33,-29,0,10.140200,0.04224376999991364,0,official WSJT-X 3.0.2; binary SHA256 9e3c2fc14f63c4b4c4e9fcc33b386cd22daf8fe76ce724c5e37f07875e9a3dd9,"0000 -29 -0.0  10.140200  0  K1ABC FN42 33 
<DecodeFinished>",
-29.0,1.0,34,2026102534,1,K1ABC FN42 33,-29,0,10.140200,0.047490304001257755,0,official WSJT-X 3.0.2; binary SHA256 9e3c2fc14f63c4b4c4e9fcc33b386cd22daf8fe76ce724c5e37f07875e9a3dd9,"0000 -29  0.0  10.140200  0  K1ABC FN42 33 
<DecodeFinished>",
-29.0,1.0,35,2026102535,1,K1ABC FN42 33,-29,0,10.140200,0.0414793580002879,0,official WSJT-X 3.0.2; binary SHA256 9e3c2fc14f63c4b4c4e9fcc33b386cd22daf8fe76ce724c5e37f07875e9a3dd9,"0000 -29  0.1  10.140200  0  K1ABC FN42 33 
<DecodeFinished>",
-29.0,1.0,36,2026102536,1,K1ABC FN42 33,-29,0,10.140200,0.09160922200135246,0,official WSJT-X 3.0.2; binary SHA256 9e3c2fc14f63c4b4c4e9fcc33b386cd22daf8fe76ce724c5e37f07875e9a3dd9,"0000 -29 -0.1  10.140200  0  K1ABC FN42 33 
<DecodeFinished>",
-29.0,1.0,38,2026102538,1,K1ABC FN42 33,-29,0,10.140200,0.11196006000136549,0,official WSJT-X 3.0.2; binary SHA256 9e3c2fc14f63c4b4c4e9fcc33b386cd22daf8fe76ce724c5e37f07875e9a3dd9,"0000 -29  0.0  10.140200  0  K1ABC FN42 33 
<DecodeFinished>",
-29.0,1.0,39,2026102539,1,K1ABC FN42 33,-29,0,10.140200,0.044864401999802794,0,official WSJT-X 3.0.2; binary SHA256 9e3c2fc14f63c4b4c4e9fcc33b386cd22daf8fe76ce724c5e37f07875e9a3dd9,"0000 -29 -0.1  10.140200  0  K1ABC FN42 33 
<DecodeFinished>",
-29.0,1.0,40,2026102540,1,K1ABC FN42 33,-28,0,10.140200,0.05523725500097498,0,official WSJT-X 3.0.2; binary SHA256 9e3c2fc14f63c4b4c4e9fcc33b386cd22daf8fe76ce724c5e37f07875e9a3dd9,"0000 -28 -0.1  10.140200  0  K1ABC FN42 33 
<DecodeFinished>",
-29.0,1.0,41,2026102541,1,K1ABC FN42 33,-29,0,10.140200,0.04444089100070414,0,official WSJT-X 3.0.2; binary SHA256 9e3c2fc14f63c4b4c4e9fcc33b386cd22daf8fe76ce724c5e37f07875e9a3dd9,"0000 -29  0.0  10.140200  0  K1ABC FN42 33 
<DecodeFinished>",
-29.0,1.0,42,2026102542,1,K1ABC FN42 33,-29,0,10.140200,0.046494582000377704,0,official WSJT-X 3.0.2; binary SHA256 9e3c2fc14f63c4b4c4e9fcc33b386cd22daf8fe76ce724c5e37f07875e9a3dd9,"0000 -29 -0.0  10.140200  0  K1ABC FN42 33 
<DecodeFinished>",
-29.0,1.0,30,2026102530,0,,,,,0.5341826219992072,0,official WSJT-X 3.0.2; binary SHA256 9e3c2fc14f63c4b4c4e9fcc33b386cd22daf8fe76ce724c5e37f07875e9a3dd9,<DecodeFinished>,
-29.0,1.0,43,2026102543,1,K1ABC FN42 33,-29,0,10.140200,0.0408063310005673,0,official WSJT-X 3.0.2; binary SHA256 9e3c2fc14f63c4b4c4e9fcc33b386cd22daf8fe76ce724c5e37f07875e9a3dd9,"0000 -29  0.1  10.140200  0  K1ABC FN42 33 
<DecodeFinished>",
-29.0,1.0,44,2026102544,1,K1ABC FN42 33,-29,0,10.140200,0.04248029199879966,0,official WSJT-X 3.0.2; binary SHA256 9e3c2fc14f63c4b4c4e9fcc33b386cd22daf8fe76ce724c5e37f07875e9a3dd9,"0000 -29 -0.1  10.140200  0  K1ABC FN42 33 
<DecodeFinished>",
-29.0,1.0,32,2026102532,0,,,,,0.5221748300009494,0,official WSJT-X 3.0.2; binary SHA256 9e3c2fc14f63c4b4c4e9fcc33b386cd22daf8fe76ce724c5e37f07875e9a3dd9,<DecodeFinished>,
-29.0,1.0,45,2026102545,1,K1ABC FN42 33,-30,0,10.140200,0.05214325099950656,0,official WSJT-X 3.0.2; binary SHA256 9e3c2fc14f63c4b4c4e9fcc33b386cd22daf8fe76ce724c5e37f07875e9a3dd9,"0000 -30  0.1  10.140200  0  K1ABC FN42 33 
<DecodeFinished>",
-29.0,1.0,46,2026102546,1,K1ABC FN42 33,-29,0,10.140200,0.05486064700016868,0,official WSJT-X 3.0.2; binary SHA256 9e3c2fc14f63c4b4c4e9fcc33b386cd22daf8fe76ce724c5e37f07875e9a3dd9,"0000 -29  0.1  10.140200  0  K1ABC FN42 33 
<DecodeFinished>",
-29.0,1.0,47,2026102547,1,K1ABC FN42 33,-29,0,10.140200,0.0808628509985283,0,official WSJT-X 3.0.2; binary SHA256 9e3c2fc14f63c4b4c4e9fcc33b386cd22daf8fe76ce724c5e37f07875e9a3dd9,"0000 -29 -0.1  10.140200  0  K1ABC FN42 33 
<DecodeFinished>",
-29.0,1.0,48,2026102548,1,K1ABC FN42 33,-30,0,10.140200,0.047999677999541746,0,official WSJT-X 3.0.2; binary SHA256 9e3c2fc14f63c4b4c4e9fcc33b386cd22daf8fe76ce724c5e37f07875e9a3dd9,"0000 -30  0.0  10.140200  0  K1ABC FN42 33 
<DecodeFinished>",
-29.0,1.0,37,2026102537,0,,,,,0.533581363999474,0,official WSJT-X 3.0.2; binary SHA256 9e3c2fc14f63c4b4c4e9fcc33b386cd22daf8fe76ce724c5e37f07875e9a3dd9,<DecodeFinished>,
-29.0,1.0,49,2026102549,1,K1ABC FN42 33,-29,0,10.140200,0.05174478000117233,0,official WSJT-X 3.0.2; binary SHA256 9e3c2fc14f63c4b4c4e9fcc33b386cd22daf8fe76ce724c5e37f07875e9a3dd9,"0000 -29  0.0  10.140200  0  K1ABC FN42 33 
<DecodeFinished>",
-29.0,1.0,52,2026102552,1,K1ABC FN42 33,-29,0,10.140200,0.069876301999102,0,official WSJT-X 3.0.2; binary SHA256 9e3c2fc14f63c4b4c4e9fcc33b386cd22daf8fe76ce724c5e37f07875e9a3dd9,"0000 -29 -0.0  10.140200  0  K1ABC FN42 33 
<DecodeFinished>",
-29.0,1.0,51,2026102551,1,K1ABC FN42 33,-29,1,10.140200,0.1310947000001761,0,official WSJT-X 3.0.2; binary SHA256 9e3c2fc14f63c4b4c4e9fcc33b386cd22daf8fe76ce724c5e37f07875e9a3dd9,"0000 -29  0.1  10.140200  1  K1ABC FN42 33 
<DecodeFinished>",
-29.0,1.0,54,2026102554,1,K1ABC FN42 33,-30,0,10.140200,0.06310040000062145,0,official WSJT-X 3.0.2; binary SHA256 9e3c2fc14f63c4b4c4e9fcc33b386cd22daf8fe76ce724c5e37f07875e9a3dd9,"0000 -30  0.1  10.140200  0  K1ABC FN42 33 
<DecodeFinished>",
-29.0,1.0,55,2026102555,1,K1ABC FN42 33,-29,0,10.140200,0.048109073999512475,0,official WSJT-X 3.0.2; binary SHA256 9e3c2fc14f63c4b4c4e9fcc33b386cd22daf8fe76ce724c5e37f07875e9a3dd9,"0000 -29 -0.1  10.140200  0  K1ABC FN42 33 
<DecodeFinished>",
-29.0,1.0,56,2026102556,1,K1ABC FN42 33,-29,0,10.140200,0.04487566600073478,0,official WSJT-X 3.0.2; binary SHA256 9e3c2fc14f63c4b4c4e9fcc33b386cd22daf8fe76ce724c5e37f07875e9a3dd9,"0000 -29  0.0  10.140200  0  K1ABC FN42 33 
<DecodeFinished>",
-29.0,1.0,57,2026102557,1,K1ABC FN42 33,-29,0,10.140200,0.04341825799929211,0,official WSJT-X 3.0.2; binary SHA256 9e3c2fc14f63c4b4c4e9fcc33b386cd22daf8fe76ce724c5e37f07875e9a3dd9,"0000 -29 -0.1  10.140200  0  K1ABC FN42 33 
<DecodeFinished>",
-29.0,1.0,58,2026102558,1,K1ABC FN42 33,-29,0,10.140200,0.048764565000965376,0,official WSJT-X 3.0.2; binary SHA256 9e3c2fc14f63c4b4c4e9fcc33b386cd22daf8fe76ce724c5e37f07875e9a3dd9,"0000 -29 -0.1  10.140200  0  K1ABC FN42 33 
<DecodeFinished>",
-29.0,1.0,59,2026102559,1,K1ABC FN42 33,-29,0,10.140200,0.055244637000214425,0,official WSJT-X 3.0.2; binary SHA256 9e3c2fc14f63c4b4c4e9fcc33b386cd22daf8fe76ce724c5e37f07875e9a3dd9,"0000 -29  0.1  10.140200  0  K1ABC FN42 33 
<DecodeFinished>",
-29.0,1.0,60,2026102560,1,K1ABC FN42 33,-29,0,10.140200,0.06871979199968337,0,official WSJT-X 3.0.2; binary SHA256 9e3c2fc14f63c4b4c4e9fcc33b386cd22daf8fe76ce724c5e37f07875e9a3dd9,"0000 -29 -0.1  10.140200  0  K1ABC FN42 33 
<DecodeFinished>",
-29.0,1.0,61,2026102561,1,K1ABC FN42 33,-29,0,10.140200,0.04791689800003951,0,official WSJT-X 3.0.2; binary SHA256 9e3c2fc14f63c4b4c4e9fcc33b386cd22daf8fe76ce724c5e37f07875e9a3dd9,"0000 -29  0.0  10.140200  0  K1ABC FN42 33 
<DecodeFinished>",
-29.0,1.0,62,2026102562,1,K1ABC FN42 33,-28,0,10.140200,0.05284136699992814,0,official WSJT-X 3.0.2; binary SHA256 9e3c2fc14f63c4b4c4e9fcc33b386cd22daf8fe76ce724c5e37f07875e9a3dd9,"0000 -28  0.1  10.140200  0  K1ABC FN42 33 
<DecodeFinished>",
-29.0,1.0,63,2026102563,1,K1ABC FN42 33,-28,0,10.140200,0.05193876499834005,0,official WSJT-X 3.0.2; binary SHA256 9e3c2fc14f63c4b4c4e9fcc33b386cd22daf8fe76ce724c5e37f07875e9a3dd9,"0000 -28  0.0  10.140200  0  K1ABC FN42 33 
<DecodeFinished>",
-29.0,1.0,65,2026102565,1,K1ABC FN42 33,-29,0,10.140200,0.0433614130015485,0,official WSJT-X 3.0.2; binary SHA256 9e3c2fc14f63c4b4c4e9fcc33b386cd22daf8fe76ce724c5e37f07875e9a3dd9,"0000 -29 -0.1  10.140200  0  K1ABC FN42 33 
<DecodeFinished>",
-29.0,1.0,64,2026102564,1,K1ABC FN42 33,-30,0,10.140200,0.11664264600040042,0,official WSJT-X 3.0.2; binary SHA256 9e3c2fc14f63c4b4c4e9fcc33b386cd22daf8fe76ce724c5e37f07875e9a3dd9,"0000 -30 -0.1  10.140200  0  K1ABC FN42 33 
<DecodeFinished>",
-29.0,1.0,66,2026102566,1,K1ABC FN42 33,-29,0,10.140200,0.057205953999073245,0,official WSJT-X 3.0.2; binary SHA256 9e3c2fc14f63c4b4c4e9fcc33b386cd22daf8fe76ce724c5e37f07875e9a3dd9,"0000 -29  0.0  10.140200  0  K1ABC FN42 33 
<DecodeFinished>",
-29.0,1.0,67,2026102567,1,K1ABC FN42 33,-29,0,10.140200,0.045951656000397634,0,official WSJT-X 3.0.2; binary SHA256 9e3c2fc14f63c4b4c4e9fcc33b386cd22daf8fe76ce724c5e37f07875e9a3dd9,"0000 -29 -0.1  10.140200  0  K1ABC FN42 33 
<DecodeFinished>",
-29.0,1.0,68,2026102568,1,K1ABC FN42 33,-29,0,10.140200,0.04361217500081693,0,official WSJT-X 3.0.2; binary SHA256 9e3c2fc14f63c4b4c4e9fcc33b386cd22daf8fe76ce724c5e37f07875e9a3dd9,"0000 -29  0.0  10.140200  0  K1ABC FN42 33 
<DecodeFinished>",
-29.0,1.0,53,2026102553,0,,,,,0.5271273890011798,0,official WSJT-X 3.0.2; binary SHA256 9e3c2fc14f63c4b4c4e9fcc33b386cd22daf8fe76ce724c5e37f07875e9a3dd9,<DecodeFinished>,
-29.0,1.0,50,2026102550,0,,,,,0.558727674999318,0,official WSJT-X 3.0.2; binary SHA256 9e3c2fc14f63c4b4c4e9fcc33b386cd22daf8fe76ce724c5e37f07875e9a3dd9,<DecodeFinished>,
-29.0,1.0,70,2026102570,1,K1ABC FN42 33,-29,0,10.140200,0.05771099500088894,0,official WSJT-X 3.0.2; binary SHA256 9e3c2fc14f63c4b4c4e9fcc33b386cd22daf8fe76ce724c5e37f07875e9a3dd9,"0000 -29 -0.1  10.140200  0  K1ABC FN42 33 
<DecodeFinished>",
-29.0,1.0,71,2026102571,1,K1ABC FN42 33,-29,0,10.140200,0.051494384999386966,0,official WSJT-X 3.0.2; binary SHA256 9e3c2fc14f63c4b4c4e9fcc33b386cd22daf8fe76ce724c5e37f07875e9a3dd9,"0000 -29  0.0  10.140200  0  K1ABC FN42 33 
<DecodeFinished>",
-29.0,1.0,72,2026102572,1,K1ABC FN42 33,-30,0,10.140200,0.04339717400034715,0,official WSJT-X 3.0.2; binary SHA256 9e3c2fc14f63c4b4c4e9fcc33b386cd22daf8fe76ce724c5e37f07875e9a3dd9,"0000 -30 -0.0  10.140200  0  K1ABC FN42 33 
<DecodeFinished>",
-29.0,1.0,73,2026102573,1,K1ABC FN42 33,-28,0,10.140200,0.048704232000091,0,official WSJT-X 3.0.2; binary SHA256 9e3c2fc14f63c4b4c4e9fcc33b386cd22daf8fe76ce724c5e37f07875e9a3dd9,"0000 -28  0.0  10.140200  0  K1ABC FN42 33 
<DecodeFinished>",
-29.0,1.0,74,2026102574,1,K1ABC FN42 33,-28,1,10.140200,0.04512709199843812,0,official WSJT-X 3.0.2; binary SHA256 9e3c2fc14f63c4b4c4e9fcc33b386cd22daf8fe76ce724c5e37f07875e9a3dd9,"0000 -28  0.0  10.140200  1  K1ABC FN42 33 
<DecodeFinished>",
-29.0,1.0,75,2026102575,1,K1ABC FN42 33,-28,0,10.140200,0.051348349999898346,0,official WSJT-X 3.0.2; binary SHA256 9e3c2fc14f63c4b4c4e9fcc33b386cd22daf8fe76ce724c5e37f07875e9a3dd9,"0000 -28 -0.1  10.140200  0  K1ABC FN42 33 
<DecodeFinished>",
-29.0,1.0,69,2026102569,1,K1ABC FN42 33,-29,0,10.140200,0.1330803040000319,0,official WSJT-X 3.0.2; binary SHA256 9e3c2fc14f63c4b4c4e9fcc33b386cd22daf8fe76ce724c5e37f07875e9a3dd9,"0000 -29 -0.1  10.140200  0  K1ABC FN42 33 
<DecodeFinished>",
-29.0,1.0,78,2026102578,1,K1ABC FN42 33,-29,0,10.140200,0.04776724499970442,0,official WSJT-X 3.0.2; binary SHA256 9e3c2fc14f63c4b4c4e9fcc33b386cd22daf8fe76ce724c5e37f07875e9a3dd9,"0000 -29 -0.0  10.140200  0  K1ABC FN42 33 
<DecodeFinished>",
-29.0,1.0,76,2026102576,1,K1ABC FN42 33,-29,0,10.140200,0.062384614000620786,0,official WSJT-X 3.0.2; binary SHA256 9e3c2fc14f63c4b4c4e9fcc33b386cd22daf8fe76ce724c5e37f07875e9a3dd9,"0000 -29 -0.0  10.140200  0  K1ABC FN42 33 
<DecodeFinished>",
-29.0,1.0,79,2026102579,1,K1ABC FN42 33,-28,0,10.140200,0.04638783299924398,0,official WSJT-X 3.0.2; binary SHA256 9e3c2fc14f63c4b4c4e9fcc33b386cd22daf8fe76ce724c5e37f07875e9a3dd9,"0000 -28 -0.1  10.140200  0  K1ABC FN42 33 
<DecodeFinished>",
-29.0,1.0,77,2026102577,1,K1ABC FN42 33,-29,0,10.140200,0.07030406999911065,0,official WSJT-X 3.0.2; binary SHA256 9e3c2fc14f63c4b4c4e9fcc33b386cd22daf8fe76ce724c5e37f07875e9a3dd9,"0000 -29 -0.1  10.140200  0  K1ABC FN42 33 
<DecodeFinished>",
-29.0,1.0,82,2026102582,1,K1ABC FN42 33,-30,0,10.140200,0.059967728000628995,0,official WSJT-X 3.0.2; binary SHA256 9e3c2fc14f63c4b4c4e9fcc33b386cd22daf8fe76ce724c5e37f07875e9a3dd9,"0000 -30 -0.0  10.140200  0  K1ABC FN42 33 
<DecodeFinished>",
-29.0,1.0,83,2026102583,1,K1ABC FN42 33,-29,0,10.140200,0.056656166998436674,0,official WSJT-X 3.0.2; binary SHA256 9e3c2fc14f63c4b4c4e9fcc33b386cd22daf8fe76ce724c5e37f07875e9a3dd9,"0000 -29 -0.1  10.140200  0  K1ABC FN42 33 
<DecodeFinished>",
-29.0,1.0,81,2026102581,1,K1ABC FN42 33,-28,0,10.140200,0.07245951399818296,0,official WSJT-X 3.0.2; binary SHA256 9e3c2fc14f63c4b4c4e9fcc33b386cd22daf8fe76ce724c5e37f07875e9a3dd9,"0000 -28 -0.0  10.140200  0  K1ABC FN42 33 
<DecodeFinished>",
-29.0,1.0,80,2026102580,1,K1ABC FN42 33,-28,0,10.140200,0.07401530500101217,0,official WSJT-X 3.0.2; binary SHA256 9e3c2fc14f63c4b4c4e9fcc33b386cd22daf8fe76ce724c5e37f07875e9a3dd9,"0000 -28 -0.0  10.140200  0  K1ABC FN42 33 
<DecodeFinished>",
-29.0,1.0,86,2026102586,1,K1ABC FN42 33,-29,0,10.140200,0.061051848000715836,0,official WSJT-X 3.0.2; binary SHA256 9e3c2fc14f63c4b4c4e9fcc33b386cd22daf8fe76ce724c5e37f07875e9a3dd9,"0000 -29 -0.0  10.140200  0  K1ABC FN42 33 
<DecodeFinished>",
-29.0,1.0,84,2026102584,1,K1ABC FN42 33,-29,0,10.140200,0.06891076400097518,0,official WSJT-X 3.0.2; binary SHA256 9e3c2fc14f63c4b4c4e9fcc33b386cd22daf8fe76ce724c5e37f07875e9a3dd9,"0000 -29 -0.1  10.140200  0  K1ABC FN42 33 
<DecodeFinished>",
-29.0,1.0,87,2026102587,1,K1ABC FN42 33,-30,1,10.140200,0.08554165500027011,0,official WSJT-X 3.0.2; binary SHA256 9e3c2fc14f63c4b4c4e9fcc33b386cd22daf8fe76ce724c5e37f07875e9a3dd9,"0000 -30  0.0  10.140200  1  K1ABC FN42 33 
<DecodeFinished>",
-29.0,1.0,88,2026102588,1,K1ABC FN42 33,-30,0,10.140200,0.06272560100114788,0,official WSJT-X 3.0.2; binary SHA256 9e3c2fc14f63c4b4c4e9fcc33b386cd22daf8fe76ce724c5e37f07875e9a3dd9,"0000 -30 -0.0  10.140200  0  K1ABC FN42 33 
<DecodeFinished>",
-29.0,1.0,85,2026102585,1,K1ABC FN42 33,-30,0,10.140200,0.15027396499863244,0,official WSJT-X 3.0.2; binary SHA256 9e3c2fc14f63c4b4c4e9fcc33b386cd22daf8fe76ce724c5e37f07875e9a3dd9,"0000 -30 -0.1  10.140200  0  K1ABC FN42 33 
<DecodeFinished>",
-29.0,1.0,91,2026102591,1,K1ABC FN42 33,-29,0,10.140200,0.06522387200129742,0,official WSJT-X 3.0.2; binary SHA256 9e3c2fc14f63c4b4c4e9fcc33b386cd22daf8fe76ce724c5e37f07875e9a3dd9,"0000 -29 -0.1  10.140200  0  K1ABC FN42 33 
<DecodeFinished>",
-29.0,1.0,92,2026102592,1,K1ABC FN42 33,-29,0,10.140200,0.07205726699976367,0,official WSJT-X 3.0.2; binary SHA256 9e3c2fc14f63c4b4c4e9fcc33b386cd22daf8fe76ce724c5e37f07875e9a3dd9,"0000 -29  0.1  10.140200  0  K1ABC FN42 33 
<DecodeFinished>",
-29.0,1.0,93,2026102593,1,K1ABC FN42 33,-30,0,10.140200,0.0889068149990635,0,official WSJT-X 3.0.2; binary SHA256 9e3c2fc14f63c4b4c4e9fcc33b386cd22daf8fe76ce724c5e37f07875e9a3dd9,"0000 -30 -0.1  10.140200  0  K1ABC FN42 33 
<DecodeFinished>",
-29.0,1.0,94,2026102594,1,K1ABC FN42 33,-29,0,10.140200,0.07298939900101686,0,official WSJT-X 3.0.2; binary SHA256 9e3c2fc14f63c4b4c4e9fcc33b386cd22daf8fe76ce724c5e37f07875e9a3dd9,"0000 -29  0.0  10.140200  0  K1ABC FN42 33 
<DecodeFinished>",
-29.0,1.0,96,2026102596,1,K1ABC FN42 33,-29,0,10.140200,0.06602073299836775,0,official WSJT-X 3.0.2; binary SHA256 9e3c2fc14f63c4b4c4e9fcc33b386cd22daf8fe76ce724c5e37f07875e9a3dd9,"0000 -29  0.1  10.140200  0  K1ABC FN42 33 
<DecodeFinished>",
-29.0,1.0,95,2026102595,1,K1ABC FN42 33,-28,0,10.140200,0.09068240600026911,0,official WSJT-X 3.0.2; binary SHA256 9e3c2fc14f63c4b4c4e9fcc33b386cd22daf8fe76ce724c5e37f07875e9a3dd9,"0000 -28 -0.1  10.140200  0  K1ABC FN42 33 
<DecodeFinished>",
-29.0,1.0,90,2026102590,1,K1ABC FN42 33,-30,0,10.140200,0.2826289059994451,0,official WSJT-X 3.0.2; binary SHA256 9e3c2fc14f63c4b4c4e9fcc33b386cd22daf8fe76ce724c5e37f07875e9a3dd9,"0000 -30 -0.1  10.140200  0  K1ABC FN42 33 
<DecodeFinished>",
-29.0,1.0,97,2026102597,1,K1ABC FN42 33,-30,0,10.140200,0.05725612700007332,0,official WSJT-X 3.0.2; binary SHA256 9e3c2fc14f63c4b4c4e9fcc33b386cd22daf8fe76ce724c5e37f07875e9a3dd9,"0000 -30  0.0  10.140200  0  K1ABC FN42 33 
<DecodeFinished>",
-29.0,1.0,98,2026102598,1,K1ABC FN42 33,-29,0,10.140200,0.05180390499845089,0,official WSJT-X 3.0.2; binary SHA256 9e3c2fc14f63c4b4c4e9fcc33b386cd22daf8fe76ce724c5e37f07875e9a3dd9,"0000 -29  0.0  10.140200  0  K1ABC FN42 33 
<DecodeFinished>",
-29.0,1.0,99,2026102599,1,K1ABC FN42 33,-29,1,10.140200,0.05476266599907831,0,official WSJT-X 3.0.2; binary SHA256 9e3c2fc14f63c4b4c4e9fcc33b386cd22daf8fe76ce724c5e37f07875e9a3dd9,"0000 -29  0.0  10.140200  1  K1ABC FN42 33 
<DecodeFinished>",
-29.0,-1.0,0,2026102500,1,K1ABC FN42 33,-29,0,10.140200,0.057614901999841095,0,official WSJT-X 3.0.2; binary SHA256 9e3c2fc14f63c4b4c4e9fcc33b386cd22daf8fe76ce724c5e37f07875e9a3dd9,"0000 -29 -0.0  10.140200  0  K1ABC FN42 33 
<DecodeFinished>",
-29.0,-1.0,1,2026102501,1,K1ABC FN42 33,-29,0,10.140200,0.05058244399879186,0,official WSJT-X 3.0.2; binary SHA256 9e3c2fc14f63c4b4c4e9fcc33b386cd22daf8fe76ce724c5e37f07875e9a3dd9,"0000 -29  0.0  10.140200  0  K1ABC FN42 33 
<DecodeFinished>",
-29.0,-1.0,2,2026102502,1,K1ABC FN42 33,-29,0,10.140200,0.10380189899842662,0,official WSJT-X 3.0.2; binary SHA256 9e3c2fc14f63c4b4c4e9fcc33b386cd22daf8fe76ce724c5e37f07875e9a3dd9,"0000 -29 -0.1  10.140200  0  K1ABC FN42 33 
<DecodeFinished>",
-29.0,-1.0,3,2026102503,1,K1ABC FN42 33,-29,0,10.140200,0.07582947599985346,0,official WSJT-X 3.0.2; binary SHA256 9e3c2fc14f63c4b4c4e9fcc33b386cd22daf8fe76ce724c5e37f07875e9a3dd9,"0000 -29  0.1  10.140200  0  K1ABC FN42 33 
<DecodeFinished>",
-29.0,-1.0,4,2026102504,1,K1ABC FN42 33,-28,0,10.140200,0.07752227200035122,0,official WSJT-X 3.0.2; binary SHA256 9e3c2fc14f63c4b4c4e9fcc33b386cd22daf8fe76ce724c5e37f07875e9a3dd9,"0000 -28  0.1  10.140200  0  K1ABC FN42 33 
<DecodeFinished>",
-29.0,-1.0,5,2026102505,1,K1ABC FN42 33,-29,0,10.140200,0.06168963399977656,0,official WSJT-X 3.0.2; binary SHA256 9e3c2fc14f63c4b4c4e9fcc33b386cd22daf8fe76ce724c5e37f07875e9a3dd9,"0000 -29  0.1  10.140200  0  K1ABC FN42 33 
<DecodeFinished>",
-29.0,-1.0,6,2026102506,1,K1ABC FN42 33,-29,0,10.140200,0.06041369800004759,0,official WSJT-X 3.0.2; binary SHA256 9e3c2fc14f63c4b4c4e9fcc33b386cd22daf8fe76ce724c5e37f07875e9a3dd9,"0000 -29 -0.0  10.140200  0  K1ABC FN42 33 
<DecodeFinished>",
-29.0,-1.0,7,2026102507,1,K1ABC FN42 33,-30,0,10.140200,0.07282210699850111,0,official WSJT-X 3.0.2; binary SHA256 9e3c2fc14f63c4b4c4e9fcc33b386cd22daf8fe76ce724c5e37f07875e9a3dd9,"0000 -30 -0.0  10.140200  0  K1ABC FN42 33 
<DecodeFinished>",
-29.0,1.0,89,2026102589,0,,,,,0.5920344269998168,0,official WSJT-X 3.0.2; binary SHA256 9e3c2fc14f63c4b4c4e9fcc33b386cd22daf8fe76ce724c5e37f07875e9a3dd9,<DecodeFinished>,
-29.0,-1.0,8,2026102508,1,K1ABC FN42 33,-30,0,10.140200,0.07497976500053483,0,official WSJT-X 3.0.2; binary SHA256 9e3c2fc14f63c4b4c4e9fcc33b386cd22daf8fe76ce724c5e37f07875e9a3dd9,"0000 -30 -0.1  10.140200  0  K1ABC FN42 33 
<DecodeFinished>",
-29.0,-1.0,9,2026102509,1,K1ABC FN42 33,-28,0,10.140200,0.06057488199985528,0,official WSJT-X 3.0.2; binary SHA256 9e3c2fc14f63c4b4c4e9fcc33b386cd22daf8fe76ce724c5e37f07875e9a3dd9,"0000 -28 -0.1  10.140200  0  K1ABC FN42 33 
<DecodeFinished>",
-29.0,-1.0,10,2026102510,1,K1ABC FN42 33,-29,0,10.140200,0.054624250000415486,0,official WSJT-X 3.0.2; binary SHA256 9e3c2fc14f63c4b4c4e9fcc33b386cd22daf8fe76ce724c5e37f07875e9a3dd9,"0000 -29 -0.0  10.140200  0  K1ABC FN42 33 
<DecodeFinished>",
-29.0,-1.0,11,2026102511,1,K1ABC FN42 33,-29,0,10.140200,0.07198524399973394,0,official WSJT-X 3.0.2; binary SHA256 9e3c2fc14f63c4b4c4e9fcc33b386cd22daf8fe76ce724c5e37f07875e9a3dd9,"0000 -29 -0.0  10.140200  0  K1ABC FN42 33 
<DecodeFinished>",
-29.0,-1.0,13,2026102513,1,K1ABC FN42 33,-29,0,10.140200,0.05694466199929593,0,official WSJT-X 3.0.2; binary SHA256 9e3c2fc14f63c4b4c4e9fcc33b386cd22daf8fe76ce724c5e37f07875e9a3dd9,"0000 -29  0.0  10.140200  0  K1ABC FN42 33 
<DecodeFinished>",
-29.0,-1.0,14,2026102514,1,K1ABC FN42 33,-29,0,10.140200,0.05464243099959276,0,official WSJT-X 3.0.2; binary SHA256 9e3c2fc14f63c4b4c4e9fcc33b386cd22daf8fe76ce724c5e37f07875e9a3dd9,"0000 -29  0.1  10.140200  0  K1ABC FN42 33 
<DecodeFinished>",
-29.0,-1.0,12,2026102512,1,K1ABC FN42 33,-30,0,10.140200,0.07011717699970177,0,official WSJT-X 3.0.2; binary SHA256 9e3c2fc14f63c4b4c4e9fcc33b386cd22daf8fe76ce724c5e37f07875e9a3dd9,"0000 -30  0.1  10.140200  0  K1ABC FN42 33 
<DecodeFinished>",
-29.0,-1.0,16,2026102516,1,K1ABC FN42 33,-28,0,10.140200,0.06603027599885536,0,official WSJT-X 3.0.2; binary SHA256 9e3c2fc14f63c4b4c4e9fcc33b386cd22daf8fe76ce724c5e37f07875e9a3dd9,"0000 -28  0.0  10.140200  0  K1ABC FN42 33 
<DecodeFinished>",
-29.0,-1.0,17,2026102517,1,K1ABC FN42 33,-29,0,10.140200,0.05999354799860157,0,official WSJT-X 3.0.2; binary SHA256 9e3c2fc14f63c4b4c4e9fcc33b386cd22daf8fe76ce724c5e37f07875e9a3dd9,"0000 -29  0.0  10.140200  0  K1ABC FN42 33 
<DecodeFinished>",
-29.0,-1.0,18,2026102518,1,K1ABC FN42 33,-29,0,10.140200,0.057345080998857156,0,official WSJT-X 3.0.2; binary SHA256 9e3c2fc14f63c4b4c4e9fcc33b386cd22daf8fe76ce724c5e37f07875e9a3dd9,"0000 -29  0.1  10.140200  0  K1ABC FN42 33 
<DecodeFinished>",
-29.0,-1.0,15,2026102515,1,K1ABC FN42 33,-29,-1,10.140200,0.08414719800020976,0,official WSJT-X 3.0.2; binary SHA256 9e3c2fc14f63c4b4c4e9fcc33b386cd22daf8fe76ce724c5e37f07875e9a3dd9,"0000 -29 -0.1  10.140200 -1  K1ABC FN42 33 
<DecodeFinished>",
-29.0,-1.0,19,2026102519,1,K1ABC FN42 33,-28,0,10.140200,0.060122155999124516,0,official WSJT-X 3.0.2; binary SHA256 9e3c2fc14f63c4b4c4e9fcc33b386cd22daf8fe76ce724c5e37f07875e9a3dd9,"0000 -28 -0.0  10.140200  0  K1ABC FN42 33 
<DecodeFinished>",
-29.0,-1.0,22,2026102522,1,K1ABC FN42 33,-28,0,10.140200,0.04600700000082725,0,official WSJT-X 3.0.2; binary SHA256 9e3c2fc14f63c4b4c4e9fcc33b386cd22daf8fe76ce724c5e37f07875e9a3dd9,"0000 -28 -0.0  10.140200  0  K1ABC FN42 33 
<DecodeFinished>",
-29.0,-1.0,21,2026102521,1,K1ABC FN42 33,-29,0,10.140200,0.06934778200047731,0,official WSJT-X 3.0.2; binary SHA256 9e3c2fc14f63c4b4c4e9fcc33b386cd22daf8fe76ce724c5e37f07875e9a3dd9,"0000 -29 -0.1  10.140200  0  K1ABC FN42 33 
<DecodeFinished>",
-29.0,-1.0,20,2026102520,1,K1ABC FN42 33,-29,0,10.140200,0.07333334400027525,0,official WSJT-X 3.0.2; binary SHA256 9e3c2fc14f63c4b4c4e9fcc33b386cd22daf8fe76ce724c5e37f07875e9a3dd9,"0000 -29 -0.1  10.140200  0  K1ABC FN42 33 
<DecodeFinished>",
-29.0,-1.0,26,2026102526,1,K1ABC FN42 33,-29,0,10.140200,0.05010296699947503,0,official WSJT-X 3.0.2; binary SHA256 9e3c2fc14f63c4b4c4e9fcc33b386cd22daf8fe76ce724c5e37f07875e9a3dd9,"0000 -29 -0.1  10.140200  0  K1ABC FN42 33 
<DecodeFinished>",
-29.0,-1.0,23,2026102523,1,K1ABC FN42 33,-30,0,10.140200,0.06434795899986057,0,official WSJT-X 3.0.2; binary SHA256 9e3c2fc14f63c4b4c4e9fcc33b386cd22daf8fe76ce724c5e37f07875e9a3dd9,"0000 -30  0.1  10.140200  0  K1ABC FN42 33 
<DecodeFinished>",
-29.0,-1.0,28,2026102528,1,K1ABC FN42 33,-29,0,10.140200,0.05316402899916284,0,official WSJT-X 3.0.2; binary SHA256 9e3c2fc14f63c4b4c4e9fcc33b386cd22daf8fe76ce724c5e37f07875e9a3dd9,"0000 -29  0.1  10.140200  0  K1ABC FN42 33 
<DecodeFinished>",
-29.0,-1.0,27,2026102527,1,K1ABC FN42 33,-28,-1,10.140200,0.09239579000131926,0,official WSJT-X 3.0.2; binary SHA256 9e3c2fc14f63c4b4c4e9fcc33b386cd22daf8fe76ce724c5e37f07875e9a3dd9,"0000 -28 -0.1  10.140200 -1  K1ABC FN42 33 
<DecodeFinished>",
-29.0,-1.0,24,2026102524,1,K1ABC FN42 33,-29,0,10.140200,0.15446650800004136,0,official WSJT-X 3.0.2; binary SHA256 9e3c2fc14f63c4b4c4e9fcc33b386cd22daf8fe76ce724c5e37f07875e9a3dd9,"0000 -29 -0.1  10.140200  0  K1ABC FN42 33 
<DecodeFinished>",
-29.0,-1.0,30,2026102530,1,K1ABC FN42 33,-29,0,10.140200,0.05004652400020859,0,official WSJT-X 3.0.2; binary SHA256 9e3c2fc14f63c4b4c4e9fcc33b386cd22daf8fe76ce724c5e37f07875e9a3dd9,"0000 -29  0.1  10.140200  0  K1ABC FN42 33 
<DecodeFinished>",
-29.0,-1.0,31,2026102531,1,K1ABC FN42 33,-29,0,10.140200,0.04856940299941925,0,official WSJT-X 3.0.2; binary SHA256 9e3c2fc14f63c4b4c4e9fcc33b386cd22daf8fe76ce724c5e37f07875e9a3dd9,"0000 -29 -0.1  10.140200  0  K1ABC FN42 33 
<DecodeFinished>",
-29.0,-1.0,29,2026102529,1,K1ABC FN42 33,-29,0,10.140200,0.09170409800026391,0,official WSJT-X 3.0.2; binary SHA256 9e3c2fc14f63c4b4c4e9fcc33b386cd22daf8fe76ce724c5e37f07875e9a3dd9,"0000 -29  0.1  10.140200  0  K1ABC FN42 33 
<DecodeFinished>",
-29.0,-1.0,34,2026102534,1,K1ABC FN42 33,-29,0,10.140200,0.047179458999380586,0,official WSJT-X 3.0.2; binary SHA256 9e3c2fc14f63c4b4c4e9fcc33b386cd22daf8fe76ce724c5e37f07875e9a3dd9,"0000 -29  0.0  10.140200  0  K1ABC FN42 33 
<DecodeFinished>",
-29.0,-1.0,33,2026102533,1,K1ABC FN42 33,-29,0,10.140200,0.04988249699999869,0,official WSJT-X 3.0.2; binary SHA256 9e3c2fc14f63c4b4c4e9fcc33b386cd22daf8fe76ce724c5e37f07875e9a3dd9,"0000 -29 -0.0  10.140200  0  K1ABC FN42 33 
<DecodeFinished>",
-29.0,-1.0,35,2026102535,1,K1ABC FN42 33,-29,0,10.140200,0.05119110899977386,0,official WSJT-X 3.0.2; binary SHA256 9e3c2fc14f63c4b4c4e9fcc33b386cd22daf8fe76ce724c5e37f07875e9a3dd9,"0000 -29 -0.1  10.140200  0  K1ABC FN42 33 
<DecodeFinished>",
-29.0,-1.0,37,2026102537,1,K1ABC FN42 33,-28,0,10.140200,0.05757708099918091,0,official WSJT-X 3.0.2; binary SHA256 9e3c2fc14f63c4b4c4e9fcc33b386cd22daf8fe76ce724c5e37f07875e9a3dd9,"0000 -28  0.1  10.140200  0  K1ABC FN42 33 
<DecodeFinished>",
-29.0,-1.0,25,2026102525,0,,,,,0.5427368489999935,0,official WSJT-X 3.0.2; binary SHA256 9e3c2fc14f63c4b4c4e9fcc33b386cd22daf8fe76ce724c5e37f07875e9a3dd9,<DecodeFinished>,
-29.0,-1.0,39,2026102539,1,K1ABC FN42 33,-28,0,10.140200,0.0463046859986207,0,official WSJT-X 3.0.2; binary SHA256 9e3c2fc14f63c4b4c4e9fcc33b386cd22daf8fe76ce724c5e37f07875e9a3dd9,"0000 -28  0.0  10.140200  0  K1ABC FN42 33 
<DecodeFinished>",
-29.0,-1.0,40,2026102540,1,K1ABC FN42 33,-28,0,10.140200,0.0622511809997377,0,official WSJT-X 3.0.2; binary SHA256 9e3c2fc14f63c4b4c4e9fcc33b386cd22daf8fe76ce724c5e37f07875e9a3dd9,"0000 -28 -0.1  10.140200  0  K1ABC FN42 33 
<DecodeFinished>",
-29.0,-1.0,41,2026102541,1,K1ABC FN42 33,-29,0,10.140200,0.04536290900068707,0,official WSJT-X 3.0.2; binary SHA256 9e3c2fc14f63c4b4c4e9fcc33b386cd22daf8fe76ce724c5e37f07875e9a3dd9,"0000 -29 -0.0  10.140200  0  K1ABC FN42 33 
<DecodeFinished>",
-29.0,-1.0,32,2026102532,0,,,,,0.5360725229984382,0,official WSJT-X 3.0.2; binary SHA256 9e3c2fc14f63c4b4c4e9fcc33b386cd22daf8fe76ce724c5e37f07875e9a3dd9,<DecodeFinished>,
-29.0,-1.0,42,2026102542,1,K1ABC FN42 33,-28,0,10.140200,0.04494815600082802,0,official WSJT-X 3.0.2; binary SHA256 9e3c2fc14f63c4b4c4e9fcc33b386cd22daf8fe76ce724c5e37f07875e9a3dd9,"0000 -28 -0.1  10.140200  0  K1ABC FN42 33 
<DecodeFinished>",
-29.0,-1.0,36,2026102536,0,,,,,0.5304868999992323,0,official WSJT-X 3.0.2; binary SHA256 9e3c2fc14f63c4b4c4e9fcc33b386cd22daf8fe76ce724c5e37f07875e9a3dd9,<DecodeFinished>,
-29.0,-1.0,43,2026102543,1,K1ABC FN42 33,-28,-1,10.140200,0.052716012000018964,0,official WSJT-X 3.0.2; binary SHA256 9e3c2fc14f63c4b4c4e9fcc33b386cd22daf8fe76ce724c5e37f07875e9a3dd9,"0000 -28  0.0  10.140200 -1  K1ABC FN42 33 
<DecodeFinished>",
-29.0,-1.0,44,2026102544,1,K1ABC FN42 33,-29,0,10.140200,0.0682210289996874,0,official WSJT-X 3.0.2; binary SHA256 9e3c2fc14f63c4b4c4e9fcc33b386cd22daf8fe76ce724c5e37f07875e9a3dd9,"0000 -29 -0.1  10.140200  0  K1ABC FN42 33 
<DecodeFinished>",
-29.0,-1.0,45,2026102545,1,K1ABC FN42 33,-30,0,10.140200,0.058543057999486336,0,official WSJT-X 3.0.2; binary SHA256 9e3c2fc14f63c4b4c4e9fcc33b386cd22daf8fe76ce724c5e37f07875e9a3dd9,"0000 -30 -0.1  10.140200  0  K1ABC FN42 33 
<DecodeFinished>",
-29.0,-1.0,46,2026102546,1,K1ABC FN42 33,-29,0,10.140200,0.051415777999864076,0,official WSJT-X 3.0.2; binary SHA256 9e3c2fc14f63c4b4c4e9fcc33b386cd22daf8fe76ce724c5e37f07875e9a3dd9,"0000 -29 -0.1  10.140200  0  K1ABC FN42 33 
<DecodeFinished>",
-29.0,-1.0,49,2026102549,1,K1ABC FN42 33,-29,0,10.140200,0.04852504699920246,0,official WSJT-X 3.0.2; binary SHA256 9e3c2fc14f63c4b4c4e9fcc33b386cd22daf8fe76ce724c5e37f07875e9a3dd9,"0000 -29  0.0  10.140200  0  K1ABC FN42 33 
<DecodeFinished>",
-29.0,-1.0,48,2026102548,1,K1ABC FN42 33,-29,0,10.140200,0.04923940499975288,0,official WSJT-X 3.0.2; binary SHA256 9e3c2fc14f63c4b4c4e9fcc33b386cd22daf8fe76ce724c5e37f07875e9a3dd9,"0000 -29  0.0  10.140200  0  K1ABC FN42 33 
<DecodeFinished>",
-29.0,-1.0,38,2026102538,0,,,,,0.5358035330009443,0,official WSJT-X 3.0.2; binary SHA256 9e3c2fc14f63c4b4c4e9fcc33b386cd22daf8fe76ce724c5e37f07875e9a3dd9,<DecodeFinished>,
-29.0,-1.0,51,2026102551,1,K1ABC FN42 33,-29,0,10.140200,0.04570891500043217,0,official WSJT-X 3.0.2; binary SHA256 9e3c2fc14f63c4b4c4e9fcc33b386cd22daf8fe76ce724c5e37f07875e9a3dd9,"0000 -29 -0.0  10.140200  0  K1ABC FN42 33 
<DecodeFinished>",
-29.0,-1.0,50,2026102550,1,K1ABC FN42 33,-29,0,10.140200,0.04835691299922473,0,official WSJT-X 3.0.2; binary SHA256 9e3c2fc14f63c4b4c4e9fcc33b386cd22daf8fe76ce724c5e37f07875e9a3dd9,"0000 -29 -0.1  10.140200  0  K1ABC FN42 33 
<DecodeFinished>",
-29.0,-1.0,52,2026102552,1,K1ABC FN42 33,-29,-1,10.140200,0.04885584200019366,0,official WSJT-X 3.0.2; binary SHA256 9e3c2fc14f63c4b4c4e9fcc33b386cd22daf8fe76ce724c5e37f07875e9a3dd9,"0000 -29 -0.0  10.140200 -1  K1ABC FN42 33 
<DecodeFinished>",
-29.0,-1.0,53,2026102553,1,K1ABC FN42 33,-28,0,10.140200,0.05463424800109351,0,official WSJT-X 3.0.2; binary SHA256 9e3c2fc14f63c4b4c4e9fcc33b386cd22daf8fe76ce724c5e37f07875e9a3dd9,"0000 -28 -0.0  10.140200  0  K1ABC FN42 33 
<DecodeFinished>",
-29.0,-1.0,55,2026102555,1,K1ABC FN42 33,-29,0,10.140200,0.04830624999885913,0,official WSJT-X 3.0.2; binary SHA256 9e3c2fc14f63c4b4c4e9fcc33b386cd22daf8fe76ce724c5e37f07875e9a3dd9,"0000 -29 -0.1  10.140200  0  K1ABC FN42 33 
<DecodeFinished>",
-29.0,-1.0,54,2026102554,1,K1ABC FN42 33,-29,0,10.140200,0.0600299849993462,0,official WSJT-X 3.0.2; binary SHA256 9e3c2fc14f63c4b4c4e9fcc33b386cd22daf8fe76ce724c5e37f07875e9a3dd9,"0000 -29  0.1  10.140200  0  K1ABC FN42 33 
<DecodeFinished>",
-29.0,-1.0,56,2026102556,1,K1ABC FN42 33,-29,0,10.140200,0.04599120800048695,0,official WSJT-X 3.0.2; binary SHA256 9e3c2fc14f63c4b4c4e9fcc33b386cd22daf8fe76ce724c5e37f07875e9a3dd9,"0000 -29  0.0  10.140200  0  K1ABC FN42 33 
<DecodeFinished>",
-29.0,-1.0,57,2026102557,1,K1ABC FN42 33,-29,0,10.140200,0.09961719599959906,0,official WSJT-X 3.0.2; binary SHA256 9e3c2fc14f63c4b4c4e9fcc33b386cd22daf8fe76ce724c5e37f07875e9a3dd9,"0000 -29  0.1  10.140200  0  K1ABC FN42 33 
<DecodeFinished>",
-29.0,-1.0,58,2026102558,1,K1ABC FN42 33,-29,0,10.140200,0.1055139540003438,0,official WSJT-X 3.0.2; binary SHA256 9e3c2fc14f63c4b4c4e9fcc33b386cd22daf8fe76ce724c5e37f07875e9a3dd9,"0000 -29 -0.1  10.140200  0  K1ABC FN42 33 
<DecodeFinished>",
-29.0,-1.0,59,2026102559,1,K1ABC FN42 33,-29,0,10.140200,0.0880329809988325,0,official WSJT-X 3.0.2; binary SHA256 9e3c2fc14f63c4b4c4e9fcc33b386cd22daf8fe76ce724c5e37f07875e9a3dd9,"0000 -29  0.1  10.140200  0  K1ABC FN42 33 
<DecodeFinished>",
-29.0,-1.0,60,2026102560,1,K1ABC FN42 33,-29,0,10.140200,0.05179446200054372,0,official WSJT-X 3.0.2; binary SHA256 9e3c2fc14f63c4b4c4e9fcc33b386cd22daf8fe76ce724c5e37f07875e9a3dd9,"0000 -29  0.0  10.140200  0  K1ABC FN42 33 
<DecodeFinished>",
-29.0,-1.0,61,2026102561,1,K1ABC FN42 33,-29,0,10.140200,0.04490344199984975,0,official WSJT-X 3.0.2; binary SHA256 9e3c2fc14f63c4b4c4e9fcc33b386cd22daf8fe76ce724c5e37f07875e9a3dd9,"0000 -29 -0.1  10.140200  0  K1ABC FN42 33 
<DecodeFinished>",
-29.0,-1.0,62,2026102562,1,K1ABC FN42 33,-29,0,10.140200,0.04704203199980839,0,official WSJT-X 3.0.2; binary SHA256 9e3c2fc14f63c4b4c4e9fcc33b386cd22daf8fe76ce724c5e37f07875e9a3dd9,"0000 -29 -0.0  10.140200  0  K1ABC FN42 33 
<DecodeFinished>",
-29.0,-1.0,64,2026102564,1,K1ABC FN42 33,-29,0,10.140200,0.05565278600079182,0,official WSJT-X 3.0.2; binary SHA256 9e3c2fc14f63c4b4c4e9fcc33b386cd22daf8fe76ce724c5e37f07875e9a3dd9,"0000 -29 -0.1  10.140200  0  K1ABC FN42 33 
<DecodeFinished>",
-29.0,-1.0,65,2026102565,1,K1ABC FN42 33,-29,0,10.140200,0.0428932619997795,0,official WSJT-X 3.0.2; binary SHA256 9e3c2fc14f63c4b4c4e9fcc33b386cd22daf8fe76ce724c5e37f07875e9a3dd9,"0000 -29  0.0  10.140200  0  K1ABC FN42 33 
<DecodeFinished>",
-29.0,-1.0,66,2026102566,1,K1ABC FN42 33,-29,0,10.140200,0.05141551199994865,0,official WSJT-X 3.0.2; binary SHA256 9e3c2fc14f63c4b4c4e9fcc33b386cd22daf8fe76ce724c5e37f07875e9a3dd9,"0000 -29 -0.0  10.140200  0  K1ABC FN42 33 
<DecodeFinished>",
-29.0,-1.0,68,2026102568,1,K1ABC FN42 33,-29,0,10.140200,0.07207990800088737,0,official WSJT-X 3.0.2; binary SHA256 9e3c2fc14f63c4b4c4e9fcc33b386cd22daf8fe76ce724c5e37f07875e9a3dd9,"0000 -29  0.1  10.140200  0  K1ABC FN42 33 
<DecodeFinished>",
-29.0,-1.0,47,2026102547,0,,,,,0.5320938830009254,0,official WSJT-X 3.0.2; binary SHA256 9e3c2fc14f63c4b4c4e9fcc33b386cd22daf8fe76ce724c5e37f07875e9a3dd9,<DecodeFinished>,
-29.0,-1.0,70,2026102570,1,K1ABC FN42 33,-29,0,10.140200,0.04997464799998852,0,official WSJT-X 3.0.2; binary SHA256 9e3c2fc14f63c4b4c4e9fcc33b386cd22daf8fe76ce724c5e37f07875e9a3dd9,"0000 -29 -0.1  10.140200  0  K1ABC FN42 33 
<DecodeFinished>",
-29.0,-1.0,71,2026102571,1,K1ABC FN42 33,-29,-1,10.140200,0.04645543200058455,0,official WSJT-X 3.0.2; binary SHA256 9e3c2fc14f63c4b4c4e9fcc33b386cd22daf8fe76ce724c5e37f07875e9a3dd9,"0000 -29  0.0  10.140200 -1  K1ABC FN42 33 
<DecodeFinished>",
-29.0,-1.0,72,2026102572,1,K1ABC FN42 33,-29,0,10.140200,0.05475151300015568,0,official WSJT-X 3.0.2; binary SHA256 9e3c2fc14f63c4b4c4e9fcc33b386cd22daf8fe76ce724c5e37f07875e9a3dd9,"0000 -29 -0.0  10.140200  0  K1ABC FN42 33 
<DecodeFinished>",
-29.0,-1.0,63,2026102563,0,,,,,0.5278143260002253,0,official WSJT-X 3.0.2; binary SHA256 9e3c2fc14f63c4b4c4e9fcc33b386cd22daf8fe76ce724c5e37f07875e9a3dd9,<DecodeFinished>,
-29.0,-1.0,67,2026102567,0,,,,,0.5290478250008164,0,official WSJT-X 3.0.2; binary SHA256 9e3c2fc14f63c4b4c4e9fcc33b386cd22daf8fe76ce724c5e37f07875e9a3dd9,<DecodeFinished>,
-29.0,-1.0,74,2026102574,1,K1ABC FN42 33,-28,0,10.140200,0.09384316299838247,0,official WSJT-X 3.0.2; binary SHA256 9e3c2fc14f63c4b4c4e9fcc33b386cd22daf8fe76ce724c5e37f07875e9a3dd9,"0000 -28  0.0  10.140200  0  K1ABC FN42 33 
<DecodeFinished>",
-29.0,-1.0,75,2026102575,1,K1ABC FN42 33,-29,0,10.140200,0.04638197600070271,0,official WSJT-X 3.0.2; binary SHA256 9e3c2fc14f63c4b4c4e9fcc33b386cd22daf8fe76ce724c5e37f07875e9a3dd9,"0000 -29  0.1  10.140200  0  K1ABC FN42 33 
<DecodeFinished>",
-29.0,-1.0,76,2026102576,1,K1ABC FN42 33,-29,0,10.140200,0.05189848800000618,0,official WSJT-X 3.0.2; binary SHA256 9e3c2fc14f63c4b4c4e9fcc33b386cd22daf8fe76ce724c5e37f07875e9a3dd9,"0000 -29  0.0  10.140200  0  K1ABC FN42 33 
<DecodeFinished>",
-29.0,-1.0,77,2026102577,1,K1ABC FN42 33,-29,-1,10.140200,0.05742399900009332,0,official WSJT-X 3.0.2; binary SHA256 9e3c2fc14f63c4b4c4e9fcc33b386cd22daf8fe76ce724c5e37f07875e9a3dd9,"0000 -29 -0.1  10.140200 -1  K1ABC FN42 33 
<DecodeFinished>",
-29.0,-1.0,78,2026102578,1,K1ABC FN42 33,-28,0,10.140200,0.04939099900002475,0,official WSJT-X 3.0.2; binary SHA256 9e3c2fc14f63c4b4c4e9fcc33b386cd22daf8fe76ce724c5e37f07875e9a3dd9,"0000 -28 -0.0  10.140200  0  K1ABC FN42 33 
<DecodeFinished>",
-29.0,-1.0,69,2026102569,0,,,,,0.5414928680002049,0,official WSJT-X 3.0.2; binary SHA256 9e3c2fc14f63c4b4c4e9fcc33b386cd22daf8fe76ce724c5e37f07875e9a3dd9,<DecodeFinished>,
-29.0,-1.0,79,2026102579,1,K1ABC FN42 33,-28,0,10.140200,0.045049628999549896,0,official WSJT-X 3.0.2; binary SHA256 9e3c2fc14f63c4b4c4e9fcc33b386cd22daf8fe76ce724c5e37f07875e9a3dd9,"0000 -28 -0.1  10.140200  0  K1ABC FN42 33 
<DecodeFinished>",
-29.0,-1.0,81,2026102581,1,K1ABC FN42 33,-28,0,10.140200,0.052241811999920174,0,official WSJT-X 3.0.2; binary SHA256 9e3c2fc14f63c4b4c4e9fcc33b386cd22daf8fe76ce724c5e37f07875e9a3dd9,"0000 -28 -0.0  10.140200  0  K1ABC FN42 33 
<DecodeFinished>",
-29.0,-1.0,80,2026102580,1,K1ABC FN42 33,-28,0,10.140200,0.05415931399875262,0,official WSJT-X 3.0.2; binary SHA256 9e3c2fc14f63c4b4c4e9fcc33b386cd22daf8fe76ce724c5e37f07875e9a3dd9,"0000 -28 -0.0  10.140200  0  K1ABC FN42 33 
<DecodeFinished>",
-29.0,-1.0,82,2026102582,1,K1ABC FN42 33,-30,0,10.140200,0.04917618499894161,0,official WSJT-X 3.0.2; binary SHA256 9e3c2fc14f63c4b4c4e9fcc33b386cd22daf8fe76ce724c5e37f07875e9a3dd9,"0000 -30 -0.0  10.140200  0  K1ABC FN42 33 
<DecodeFinished>",
-29.0,-1.0,84,2026102584,1,K1ABC FN42 33,-28,0,10.140200,0.04261458200016932,0,official WSJT-X 3.0.2; binary SHA256 9e3c2fc14f63c4b4c4e9fcc33b386cd22daf8fe76ce724c5e37f07875e9a3dd9,"0000 -28  0.1  10.140200  0  K1ABC FN42 33 
<DecodeFinished>",
-29.0,-1.0,83,2026102583,1,K1ABC FN42 33,-29,0,10.140200,0.08613368799888121,0,official WSJT-X 3.0.2; binary SHA256 9e3c2fc14f63c4b4c4e9fcc33b386cd22daf8fe76ce724c5e37f07875e9a3dd9,"0000 -29  0.1  10.140200  0  K1ABC FN42 33 
<DecodeFinished>",
-29.0,-1.0,86,2026102586,1,K1ABC FN42 33,-29,0,10.140200,0.046913711999877705,0,official WSJT-X 3.0.2; binary SHA256 9e3c2fc14f63c4b4c4e9fcc33b386cd22daf8fe76ce724c5e37f07875e9a3dd9,"0000 -29 -0.0  10.140200  0  K1ABC FN42 33 
<DecodeFinished>",
-29.0,-1.0,85,2026102585,1,K1ABC FN42 33,-28,0,10.140200,0.07403303099999903,0,official WSJT-X 3.0.2; binary SHA256 9e3c2fc14f63c4b4c4e9fcc33b386cd22daf8fe76ce724c5e37f07875e9a3dd9,"0000 -28  0.0  10.140200  0  K1ABC FN42 33 
<DecodeFinished>",
-29.0,-1.0,73,2026102573,0,,,,,0.5202397390003171,0,official WSJT-X 3.0.2; binary SHA256 9e3c2fc14f63c4b4c4e9fcc33b386cd22daf8fe76ce724c5e37f07875e9a3dd9,<DecodeFinished>,
-29.0,-1.0,88,2026102588,1,K1ABC FN42 33,-29,0,10.140200,0.05900654500146629,0,official WSJT-X 3.0.2; binary SHA256 9e3c2fc14f63c4b4c4e9fcc33b386cd22daf8fe76ce724c5e37f07875e9a3dd9,"0000 -29 -0.0  10.140200  0  K1ABC FN42 33 
<DecodeFinished>",
-29.0,-1.0,87,2026102587,1,K1ABC FN42 33,-29,-1,10.140200,0.06646620100036671,0,official WSJT-X 3.0.2; binary SHA256 9e3c2fc14f63c4b4c4e9fcc33b386cd22daf8fe76ce724c5e37f07875e9a3dd9,"0000 -29 -0.1  10.140200 -1  K1ABC FN42 33 
<DecodeFinished>",
-29.0,-1.0,90,2026102590,1,K1ABC FN42 33,-30,0,10.140200,0.057716950999747496,0,official WSJT-X 3.0.2; binary SHA256 9e3c2fc14f63c4b4c4e9fcc33b386cd22daf8fe76ce724c5e37f07875e9a3dd9,"0000 -30 -0.1  10.140200  0  K1ABC FN42 33 
<DecodeFinished>",
-29.0,-1.0,89,2026102589,1,K1ABC FN42 33,-29,-1,10.140200,0.066059643000699,0,official WSJT-X 3.0.2; binary SHA256 9e3c2fc14f63c4b4c4e9fcc33b386cd22daf8fe76ce724c5e37f07875e9a3dd9,"0000 -29  0.1  10.140200 -1  K1ABC FN42 33 
<DecodeFinished>",
-29.0,-1.0,91,2026102591,1,K1ABC FN42 33,-29,0,10.140200,0.060632855998846935,0,official WSJT-X 3.0.2; binary SHA256 9e3c2fc14f63c4b4c4e9fcc33b386cd22daf8fe76ce724c5e37f07875e9a3dd9,"0000 -29 -0.1  10.140200  0  K1ABC FN42 33 
<DecodeFinished>",
-29.0,-1.0,93,2026102593,1,K1ABC FN42 33,-29,0,10.140200,0.05699736399947142,0,official WSJT-X 3.0.2; binary SHA256 9e3c2fc14f63c4b4c4e9fcc33b386cd22daf8fe76ce724c5e37f07875e9a3dd9,"0000 -29 -0.1  10.140200  0  K1ABC FN42 33 
<DecodeFinished>",
-29.0,-1.0,94,2026102594,1,K1ABC FN42 33,-29,0,10.140200,0.05040728999847488,0,official WSJT-X 3.0.2; binary SHA256 9e3c2fc14f63c4b4c4e9fcc33b386cd22daf8fe76ce724c5e37f07875e9a3dd9,"0000 -29 -0.0  10.140200  0  K1ABC FN42 33 
<DecodeFinished>",
-29.0,-1.0,97,2026102597,1,K1ABC FN42 33,-29,0,10.140200,0.04541215400058718,0,official WSJT-X 3.0.2; binary SHA256 9e3c2fc14f63c4b4c4e9fcc33b386cd22daf8fe76ce724c5e37f07875e9a3dd9,"0000 -29 -0.0  10.140200  0  K1ABC FN42 33 
<DecodeFinished>",
-29.0,-1.0,96,2026102596,1,K1ABC FN42 33,-29,0,10.140200,0.05408136499863758,0,official WSJT-X 3.0.2; binary SHA256 9e3c2fc14f63c4b4c4e9fcc33b386cd22daf8fe76ce724c5e37f07875e9a3dd9,"0000 -29  0.1  10.140200  0  K1ABC FN42 33 
<DecodeFinished>",
-29.0,-1.0,98,2026102598,1,K1ABC FN42 33,-28,-1,10.140200,0.046656419999635546,0,official WSJT-X 3.0.2; binary SHA256 9e3c2fc14f63c4b4c4e9fcc33b386cd22daf8fe76ce724c5e37f07875e9a3dd9,"0000 -28  0.0  10.140200 -1  K1ABC FN42 33 
<DecodeFinished>",
-29.0,-1.0,99,2026102599,1,K1ABC FN42 33,-28,-1,10.140200,0.05075555499934126,0,official WSJT-X 3.0.2; binary SHA256 9e3c2fc14f63c4b4c4e9fcc33b386cd22daf8fe76ce724c5e37f07875e9a3dd9,"0000 -28 -0.1  10.140200 -1  K1ABC FN42 33 
<DecodeFinished>",
-29.0,1.5,1,2026102501,1,K1ABC FN42 33,-29,1,10.140200,0.04946919300164154,0,official WSJT-X 3.0.2; binary SHA256 9e3c2fc14f63c4b4c4e9fcc33b386cd22daf8fe76ce724c5e37f07875e9a3dd9,"0000 -29  0.0  10.140200  1  K1ABC FN42 33 
<DecodeFinished>",
-29.0,1.5,2,2026102502,1,K1ABC FN42 33,-29,1,10.140200,0.06612278700049501,0,official WSJT-X 3.0.2; binary SHA256 9e3c2fc14f63c4b4c4e9fcc33b386cd22daf8fe76ce724c5e37f07875e9a3dd9,"0000 -29  0.1  10.140200  1  K1ABC FN42 33 
<DecodeFinished>",
-29.0,1.5,3,2026102503,1,K1ABC FN42 33,-29,2,10.140200,0.06423650900069333,0,official WSJT-X 3.0.2; binary SHA256 9e3c2fc14f63c4b4c4e9fcc33b386cd22daf8fe76ce724c5e37f07875e9a3dd9,"0000 -29 -0.1  10.140200  2  K1ABC FN42 33 
<DecodeFinished>",
-29.0,1.5,4,2026102504,1,K1ABC FN42 33,-29,1,10.140200,0.05180885200024932,0,official WSJT-X 3.0.2; binary SHA256 9e3c2fc14f63c4b4c4e9fcc33b386cd22daf8fe76ce724c5e37f07875e9a3dd9,"0000 -29  0.1  10.140200  1  K1ABC FN42 33 
<DecodeFinished>",
-29.0,-1.0,92,2026102592,0,,,,,0.5483167510010389,0,official WSJT-X 3.0.2; binary SHA256 9e3c2fc14f63c4b4c4e9fcc33b386cd22daf8fe76ce724c5e37f07875e9a3dd9,<DecodeFinished>,
-29.0,-1.0,95,2026102595,0,,,,,0.5382783229997585,0,official WSJT-X 3.0.2; binary SHA256 9e3c2fc14f63c4b4c4e9fcc33b386cd22daf8fe76ce724c5e37f07875e9a3dd9,<DecodeFinished>,
-29.0,1.5,6,2026102506,1,K1ABC FN42 33,-29,0,10.140200,0.06818905500040273,0,official WSJT-X 3.0.2; binary SHA256 9e3c2fc14f63c4b4c4e9fcc33b386cd22daf8fe76ce724c5e37f07875e9a3dd9,"0000 -29  0.1  10.140200  0  K1ABC FN42 33 
<DecodeFinished>",
-29.0,1.5,5,2026102505,1,K1ABC FN42 33,-29,0,10.140200,0.22214676499970665,0,official WSJT-X 3.0.2; binary SHA256 9e3c2fc14f63c4b4c4e9fcc33b386cd22daf8fe76ce724c5e37f07875e9a3dd9,"0000 -29  0.1  10.140200  0  K1ABC FN42 33 
<DecodeFinished>",
-29.0,1.5,7,2026102507,1,K1ABC FN42 33,-30,1,10.140200,0.05363518199919781,0,official WSJT-X 3.0.2; binary SHA256 9e3c2fc14f63c4b4c4e9fcc33b386cd22daf8fe76ce724c5e37f07875e9a3dd9,"0000 -30 -0.1  10.140200  1  K1ABC FN42 33 
<DecodeFinished>",
-29.0,1.5,8,2026102508,1,K1ABC FN42 33,-30,1,10.140200,0.04698803100109217,0,official WSJT-X 3.0.2; binary SHA256 9e3c2fc14f63c4b4c4e9fcc33b386cd22daf8fe76ce724c5e37f07875e9a3dd9,"0000 -30 -0.0  10.140200  1  K1ABC FN42 33 
<DecodeFinished>",
-29.0,1.5,0,2026102500,0,,,,,0.5521349850005208,0,official WSJT-X 3.0.2; binary SHA256 9e3c2fc14f63c4b4c4e9fcc33b386cd22daf8fe76ce724c5e37f07875e9a3dd9,<DecodeFinished>,
-29.0,1.5,10,2026102510,1,K1ABC FN42 33,-29,1,10.140200,0.057407776001127786,0,official WSJT-X 3.0.2; binary SHA256 9e3c2fc14f63c4b4c4e9fcc33b386cd22daf8fe76ce724c5e37f07875e9a3dd9,"0000 -29 -0.1  10.140200  1  K1ABC FN42 33 
<DecodeFinished>",
-29.0,1.5,11,2026102511,1,K1ABC FN42 33,-30,1,10.140200,0.04748795500017877,0,official WSJT-X 3.0.2; binary SHA256 9e3c2fc14f63c4b4c4e9fcc33b386cd22daf8fe76ce724c5e37f07875e9a3dd9,"0000 -30 -0.0  10.140200  1  K1ABC FN42 33 
<DecodeFinished>",
-29.0,1.5,9,2026102509,1,K1ABC FN42 33,-29,1,10.140200,0.10640188899924397,0,official WSJT-X 3.0.2; binary SHA256 9e3c2fc14f63c4b4c4e9fcc33b386cd22daf8fe76ce724c5e37f07875e9a3dd9,"0000 -29 -0.1  10.140200  1  K1ABC FN42 33 
<DecodeFinished>",
-29.0,1.5,12,2026102512,1,K1ABC FN42 33,-30,1,10.140200,0.07035042099960265,0,official WSJT-X 3.0.2; binary SHA256 9e3c2fc14f63c4b4c4e9fcc33b386cd22daf8fe76ce724c5e37f07875e9a3dd9,"0000 -30  0.1  10.140200  1  K1ABC FN42 33 
<DecodeFinished>",
-29.0,1.5,16,2026102516,1,K1ABC FN42 33,-30,0,10.140200,0.06806046299971058,0,official WSJT-X 3.0.2; binary SHA256 9e3c2fc14f63c4b4c4e9fcc33b386cd22daf8fe76ce724c5e37f07875e9a3dd9,"0000 -30  0.1  10.140200  0  K1ABC FN42 33 
<DecodeFinished>",
-29.0,1.5,15,2026102515,1,K1ABC FN42 33,-29,0,10.140200,0.13903914100046677,0,official WSJT-X 3.0.2; binary SHA256 9e3c2fc14f63c4b4c4e9fcc33b386cd22daf8fe76ce724c5e37f07875e9a3dd9,"0000 -29 -0.1  10.140200  0  K1ABC FN42 33 
<DecodeFinished>",
-29.0,1.5,17,2026102517,1,K1ABC FN42 33,-29,1,10.140200,0.046623760001239134,0,official WSJT-X 3.0.2; binary SHA256 9e3c2fc14f63c4b4c4e9fcc33b386cd22daf8fe76ce724c5e37f07875e9a3dd9,"0000 -29 -0.1  10.140200  1  K1ABC FN42 33 
<DecodeFinished>",
-29.0,1.5,18,2026102518,1,K1ABC FN42 33,-29,1,10.140200,0.048842394000530476,0,official WSJT-X 3.0.2; binary SHA256 9e3c2fc14f63c4b4c4e9fcc33b386cd22daf8fe76ce724c5e37f07875e9a3dd9,"0000 -29 -0.1  10.140200  1  K1ABC FN42 33 
<DecodeFinished>",
-29.0,1.5,14,2026102514,1,K1ABC FN42 33,-29,0,10.140200,0.20518275100039318,0,official WSJT-X 3.0.2; binary SHA256 9e3c2fc14f63c4b4c4e9fcc33b386cd22daf8fe76ce724c5e37f07875e9a3dd9,"0000 -29  0.1  10.140200  0  K1ABC FN42 33 
<DecodeFinished>",
-29.0,1.5,19,2026102519,1,K1ABC FN42 33,-29,1,10.140200,0.05205188500076474,0,official WSJT-X 3.0.2; binary SHA256 9e3c2fc14f63c4b4c4e9fcc33b386cd22daf8fe76ce724c5e37f07875e9a3dd9,"0000 -29 -0.0  10.140200  1  K1ABC FN42 33 
<DecodeFinished>",
-29.0,1.5,20,2026102520,1,K1ABC FN42 33,-29,1,10.140200,0.05504905800080451,0,official WSJT-X 3.0.2; binary SHA256 9e3c2fc14f63c4b4c4e9fcc33b386cd22daf8fe76ce724c5e37f07875e9a3dd9,"0000 -29  0.1  10.140200  1  K1ABC FN42 33 
<DecodeFinished>",
-29.0,1.5,21,2026102521,1,K1ABC FN42 33,-29,1,10.140200,0.0638924719987699,0,official WSJT-X 3.0.2; binary SHA256 9e3c2fc14f63c4b4c4e9fcc33b386cd22daf8fe76ce724c5e37f07875e9a3dd9,"0000 -29  0.1  10.140200  1  K1ABC FN42 33 
<DecodeFinished>",
-29.0,1.5,22,2026102522,1,K1ABC FN42 33,-29,1,10.140200,0.05356062100145209,0,official WSJT-X 3.0.2; binary SHA256 9e3c2fc14f63c4b4c4e9fcc33b386cd22daf8fe76ce724c5e37f07875e9a3dd9,"0000 -29  0.0  10.140200  1  K1ABC FN42 33 
<DecodeFinished>",
-29.0,1.5,23,2026102523,1,K1ABC FN42 33,-30,1,10.140200,0.058520918999420246,0,official WSJT-X 3.0.2; binary SHA256 9e3c2fc14f63c4b4c4e9fcc33b386cd22daf8fe76ce724c5e37f07875e9a3dd9,"0000 -30  0.0  10.140200  1  K1ABC FN42 33 
<DecodeFinished>",
-29.0,1.5,24,2026102524,1,K1ABC FN42 33,-29,1,10.140200,0.06077923100019689,0,official WSJT-X 3.0.2; binary SHA256 9e3c2fc14f63c4b4c4e9fcc33b386cd22daf8fe76ce724c5e37f07875e9a3dd9,"0000 -29 -0.1  10.140200  1  K1ABC FN42 33 
<DecodeFinished>",
-29.0,1.5,25,2026102525,1,K1ABC FN42 33,-28,1,10.140200,0.06162882500029809,0,official WSJT-X 3.0.2; binary SHA256 9e3c2fc14f63c4b4c4e9fcc33b386cd22daf8fe76ce724c5e37f07875e9a3dd9,"0000 -28 -0.0  10.140200  1  K1ABC FN42 33 
<DecodeFinished>",
-29.0,1.5,26,2026102526,1,K1ABC FN42 33,-29,1,10.140200,0.05977649300075427,0,official WSJT-X 3.0.2; binary SHA256 9e3c2fc14f63c4b4c4e9fcc33b386cd22daf8fe76ce724c5e37f07875e9a3dd9,"0000 -29 -0.1  10.140200  1  K1ABC FN42 33 
<DecodeFinished>",
-29.0,1.5,27,2026102527,1,K1ABC FN42 33,-29,1,10.140200,0.049887578999914695,0,official WSJT-X 3.0.2; binary SHA256 9e3c2fc14f63c4b4c4e9fcc33b386cd22daf8fe76ce724c5e37f07875e9a3dd9,"0000 -29 -0.1  10.140200  1  K1ABC FN42 33 
<DecodeFinished>",
-29.0,1.5,28,2026102528,1,K1ABC FN42 33,-29,1,10.140200,0.05270091800048249,0,official WSJT-X 3.0.2; binary SHA256 9e3c2fc14f63c4b4c4e9fcc33b386cd22daf8fe76ce724c5e37f07875e9a3dd9,"0000 -29 -0.1  10.140200  1  K1ABC FN42 33 
<DecodeFinished>",
-29.0,1.5,29,2026102529,1,K1ABC FN42 33,-29,1,10.140200,0.05821994799953245,0,official WSJT-X 3.0.2; binary SHA256 9e3c2fc14f63c4b4c4e9fcc33b386cd22daf8fe76ce724c5e37f07875e9a3dd9,"0000 -29 -0.1  10.140200  1  K1ABC FN42 33 
<DecodeFinished>",
-29.0,1.5,32,2026102532,1,K1ABC FN42 33,-29,1,10.140200,0.07505448899973999,0,official WSJT-X 3.0.2; binary SHA256 9e3c2fc14f63c4b4c4e9fcc33b386cd22daf8fe76ce724c5e37f07875e9a3dd9,"0000 -29 -0.0  10.140200  1  K1ABC FN42 33 
<DecodeFinished>",
-29.0,1.5,13,2026102513,0,,,,,0.5348194369998964,0,official WSJT-X 3.0.2; binary SHA256 9e3c2fc14f63c4b4c4e9fcc33b386cd22daf8fe76ce724c5e37f07875e9a3dd9,<DecodeFinished>,
-29.0,1.5,31,2026102531,1,K1ABC FN42 33,-29,0,10.140200,0.15066002800085698,0,official WSJT-X 3.0.2; binary SHA256 9e3c2fc14f63c4b4c4e9fcc33b386cd22daf8fe76ce724c5e37f07875e9a3dd9,"0000 -29  0.0  10.140200  0  K1ABC FN42 33 
<DecodeFinished>",
-29.0,1.5,33,2026102533,1,K1ABC FN42 33,-29,1,10.140200,0.057960993000961025,0,official WSJT-X 3.0.2; binary SHA256 9e3c2fc14f63c4b4c4e9fcc33b386cd22daf8fe76ce724c5e37f07875e9a3dd9,"0000 -29  0.1  10.140200  1  K1ABC FN42 33 
<DecodeFinished>",
-29.0,1.5,34,2026102534,1,K1ABC FN42 33,-29,1,10.140200,0.054141565999088925,0,official WSJT-X 3.0.2; binary SHA256 9e3c2fc14f63c4b4c4e9fcc33b386cd22daf8fe76ce724c5e37f07875e9a3dd9,"0000 -29  0.0  10.140200  1  K1ABC FN42 33 
<DecodeFinished>",
-29.0,1.5,35,2026102535,1,K1ABC FN42 33,-29,1,10.140200,0.0713837160001276,0,official WSJT-X 3.0.2; binary SHA256 9e3c2fc14f63c4b4c4e9fcc33b386cd22daf8fe76ce724c5e37f07875e9a3dd9,"0000 -29  0.1  10.140200  1  K1ABC FN42 33 
<DecodeFinished>",
-29.0,1.5,30,2026102530,0,,,,,0.5556140449989471,0,official WSJT-X 3.0.2; binary SHA256 9e3c2fc14f63c4b4c4e9fcc33b386cd22daf8fe76ce724c5e37f07875e9a3dd9,<DecodeFinished>,
-29.0,1.5,39,2026102539,1,K1ABC FN42 33,-29,1,10.140200,0.053274306999810506,0,official WSJT-X 3.0.2; binary SHA256 9e3c2fc14f63c4b4c4e9fcc33b386cd22daf8fe76ce724c5e37f07875e9a3dd9,"0000 -29  0.0  10.140200  1  K1ABC FN42 33 
<DecodeFinished>",
-29.0,1.5,40,2026102540,1,K1ABC FN42 33,-29,0,10.140200,0.06125206899923796,0,official WSJT-X 3.0.2; binary SHA256 9e3c2fc14f63c4b4c4e9fcc33b386cd22daf8fe76ce724c5e37f07875e9a3dd9,"0000 -29  0.1  10.140200  0  K1ABC FN42 33 
<DecodeFinished>",
-29.0,1.5,41,2026102541,1,K1ABC FN42 33,-29,1,10.140200,0.05231315099990752,0,official WSJT-X 3.0.2; binary SHA256 9e3c2fc14f63c4b4c4e9fcc33b386cd22daf8fe76ce724c5e37f07875e9a3dd9,"0000 -29 -0.1  10.140200  1  K1ABC FN42 33 
<DecodeFinished>",
-29.0,1.5,36,2026102536,0,,,,,0.5827339509996818,0,official WSJT-X 3.0.2; binary SHA256 9e3c2fc14f63c4b4c4e9fcc33b386cd22daf8fe76ce724c5e37f07875e9a3dd9,<DecodeFinished>,
-29.0,1.5,42,2026102542,1,K1ABC FN42 33,-29,1,10.140200,0.05953961999875901,0,official WSJT-X 3.0.2; binary SHA256 9e3c2fc14f63c4b4c4e9fcc33b386cd22daf8fe76ce724c5e37f07875e9a3dd9,"0000 -29 -0.0  10.140200  1  K1ABC FN42 33 
<DecodeFinished>",
-29.0,1.5,37,2026102537,0,,,,,0.5816289979993599,0,official WSJT-X 3.0.2; binary SHA256 9e3c2fc14f63c4b4c4e9fcc33b386cd22daf8fe76ce724c5e37f07875e9a3dd9,<DecodeFinished>,
-29.0,1.5,38,2026102538,0,,,,,0.5714446199999657,0,official WSJT-X 3.0.2; binary SHA256 9e3c2fc14f63c4b4c4e9fcc33b386cd22daf8fe76ce724c5e37f07875e9a3dd9,<DecodeFinished>,
-29.0,1.5,43,2026102543,1,K1ABC FN42 33,-29,1,10.140200,0.07914394500039634,0,official WSJT-X 3.0.2; binary SHA256 9e3c2fc14f63c4b4c4e9fcc33b386cd22daf8fe76ce724c5e37f07875e9a3dd9,"0000 -29 -0.0  10.140200  1  K1ABC FN42 33 
<DecodeFinished>",
-29.0,1.5,44,2026102544,1,K1ABC FN42 33,-29,1,10.140200,0.07639174399992044,0,official WSJT-X 3.0.2; binary SHA256 9e3c2fc14f63c4b4c4e9fcc33b386cd22daf8fe76ce724c5e37f07875e9a3dd9,"0000 -29 -0.1  10.140200  1  K1ABC FN42 33 
<DecodeFinished>",
-29.0,1.5,47,2026102547,1,K1ABC FN42 33,-29,1,10.140200,0.050435357001333614,0,official WSJT-X 3.0.2; binary SHA256 9e3c2fc14f63c4b4c4e9fcc33b386cd22daf8fe76ce724c5e37f07875e9a3dd9,"0000 -29 -0.1  10.140200  1  K1ABC FN42 33 
<DecodeFinished>",
-29.0,1.5,46,2026102546,1,K1ABC FN42 33,-29,2,10.140200,0.09513514599893824,0,official WSJT-X 3.0.2; binary SHA256 9e3c2fc14f63c4b4c4e9fcc33b386cd22daf8fe76ce724c5e37f07875e9a3dd9,"0000 -29 -0.1  10.140200  2  K1ABC FN42 33 
<DecodeFinished>",
-29.0,1.5,48,2026102548,1,K1ABC FN42 33,-29,1,10.140200,0.050721630001135054,0,official WSJT-X 3.0.2; binary SHA256 9e3c2fc14f63c4b4c4e9fcc33b386cd22daf8fe76ce724c5e37f07875e9a3dd9,"0000 -29 -0.1  10.140200  1  K1ABC FN42 33 
<DecodeFinished>",
-29.0,1.5,51,2026102551,1,K1ABC FN42 33,-29,2,10.140200,0.04569439599981706,0,official WSJT-X 3.0.2; binary SHA256 9e3c2fc14f63c4b4c4e9fcc33b386cd22daf8fe76ce724c5e37f07875e9a3dd9,"0000 -29 -0.1  10.140200  2  K1ABC FN42 33 
<DecodeFinished>",
-29.0,1.5,49,2026102549,1,K1ABC FN42 33,-29,1,10.140200,0.05832126600034826,0,official WSJT-X 3.0.2; binary SHA256 9e3c2fc14f63c4b4c4e9fcc33b386cd22daf8fe76ce724c5e37f07875e9a3dd9,"0000 -29 -0.1  10.140200  1  K1ABC FN42 33 
<DecodeFinished>",
-29.0,1.5,53,2026102553,1,K1ABC FN42 33,-28,1,10.140200,0.05996990300081961,0,official WSJT-X 3.0.2; binary SHA256 9e3c2fc14f63c4b4c4e9fcc33b386cd22daf8fe76ce724c5e37f07875e9a3dd9,"0000 -28 -0.1  10.140200  1  K1ABC FN42 33 
<DecodeFinished>",
-29.0,1.5,52,2026102552,1,K1ABC FN42 33,-29,1,10.140200,0.06490297399977862,0,official WSJT-X 3.0.2; binary SHA256 9e3c2fc14f63c4b4c4e9fcc33b386cd22daf8fe76ce724c5e37f07875e9a3dd9,"0000 -29  0.1  10.140200  1  K1ABC FN42 33 
<DecodeFinished>",
-29.0,1.5,55,2026102555,1,K1ABC FN42 33,-29,1,10.140200,0.05481838099876768,0,official WSJT-X 3.0.2; binary SHA256 9e3c2fc14f63c4b4c4e9fcc33b386cd22daf8fe76ce724c5e37f07875e9a3dd9,"0000 -29 -0.1  10.140200  1  K1ABC FN42 33 
<DecodeFinished>",
-29.0,1.5,54,2026102554,1,K1ABC FN42 33,-30,0,10.140200,0.0811507629987318,0,official WSJT-X 3.0.2; binary SHA256 9e3c2fc14f63c4b4c4e9fcc33b386cd22daf8fe76ce724c5e37f07875e9a3dd9,"0000 -30  0.0  10.140200  0  K1ABC FN42 33 
<DecodeFinished>",
-29.0,1.5,56,2026102556,1,K1ABC FN42 33,-29,1,10.140200,0.05533156399906147,0,official WSJT-X 3.0.2; binary SHA256 9e3c2fc14f63c4b4c4e9fcc33b386cd22daf8fe76ce724c5e37f07875e9a3dd9,"0000 -29  0.0  10.140200  1  K1ABC FN42 33 
<DecodeFinished>",
-29.0,1.5,57,2026102557,1,K1ABC FN42 33,-29,2,10.140200,0.058405275000041,0,official WSJT-X 3.0.2; binary SHA256 9e3c2fc14f63c4b4c4e9fcc33b386cd22daf8fe76ce724c5e37f07875e9a3dd9,"0000 -29  0.0  10.140200  2  K1ABC FN42 33 
<DecodeFinished>",
-29.0,1.5,58,2026102558,1,K1ABC FN42 33,-29,1,10.140200,0.04847274500025378,0,official WSJT-X 3.0.2; binary SHA256 9e3c2fc14f63c4b4c4e9fcc33b386cd22daf8fe76ce724c5e37f07875e9a3dd9,"0000 -29 -0.0  10.140200  1  K1ABC FN42 33 
<DecodeFinished>",
-29.0,1.5,60,2026102560,1,K1ABC FN42 33,-30,1,10.140200,0.05305532900092658,0,official WSJT-X 3.0.2; binary SHA256 9e3c2fc14f63c4b4c4e9fcc33b386cd22daf8fe76ce724c5e37f07875e9a3dd9,"0000 -30 -0.1  10.140200  1  K1ABC FN42 33 
<DecodeFinished>",
-29.0,1.5,59,2026102559,1,K1ABC FN42 33,-30,0,10.140200,0.1147465789999842,0,official WSJT-X 3.0.2; binary SHA256 9e3c2fc14f63c4b4c4e9fcc33b386cd22daf8fe76ce724c5e37f07875e9a3dd9,"0000 -30  0.1  10.140200  0  K1ABC FN42 33 
<DecodeFinished>",
-29.0,1.5,61,2026102561,1,K1ABC FN42 33,-29,1,10.140200,0.0450034309997136,0,official WSJT-X 3.0.2; binary SHA256 9e3c2fc14f63c4b4c4e9fcc33b386cd22daf8fe76ce724c5e37f07875e9a3dd9,"0000 -29  0.0  10.140200  1  K1ABC FN42 33 
<DecodeFinished>",
-29.0,1.5,62,2026102562,1,K1ABC FN42 33,-28,1,10.140200,0.052693339001052664,0,official WSJT-X 3.0.2; binary SHA256 9e3c2fc14f63c4b4c4e9fcc33b386cd22daf8fe76ce724c5e37f07875e9a3dd9,"0000 -28  0.1  10.140200  1  K1ABC FN42 33 
<DecodeFinished>",
-29.0,1.5,45,2026102545,0,,,,,0.5551299840008141,0,official WSJT-X 3.0.2; binary SHA256 9e3c2fc14f63c4b4c4e9fcc33b386cd22daf8fe76ce724c5e37f07875e9a3dd9,<DecodeFinished>,
-29.0,1.5,50,2026102550,0,,,,,0.5514672650006105,0,official WSJT-X 3.0.2; binary SHA256 9e3c2fc14f63c4b4c4e9fcc33b386cd22daf8fe76ce724c5e37f07875e9a3dd9,<DecodeFinished>,
-29.0,1.5,66,2026102566,1,K1ABC FN42 33,-30,1,10.140200,0.0589231119993201,0,official WSJT-X 3.0.2; binary SHA256 9e3c2fc14f63c4b4c4e9fcc33b386cd22daf8fe76ce724c5e37f07875e9a3dd9,"0000 -30  0.0  10.140200  1  K1ABC FN42 33 
<DecodeFinished>",
-29.0,1.5,67,2026102567,1,K1ABC FN42 33,-29,1,10.140200,0.045911764000265975,0,official WSJT-X 3.0.2; binary SHA256 9e3c2fc14f63c4b4c4e9fcc33b386cd22daf8fe76ce724c5e37f07875e9a3dd9,"0000 -29  0.1  10.140200  1  K1ABC FN42 33 
<DecodeFinished>",
-29.0,1.5,68,2026102568,1,K1ABC FN42 33,-29,1,10.140200,0.04395959400062566,0,official WSJT-X 3.0.2; binary SHA256 9e3c2fc14f63c4b4c4e9fcc33b386cd22daf8fe76ce724c5e37f07875e9a3dd9,"0000 -29  0.1  10.140200  1  K1ABC FN42 33 
<DecodeFinished>",
-29.0,1.5,64,2026102564,0,,,,,0.4367659229992569,0,official WSJT-X 3.0.2; binary SHA256 9e3c2fc14f63c4b4c4e9fcc33b386cd22daf8fe76ce724c5e37f07875e9a3dd9,<DecodeFinished>,
-29.0,1.5,63,2026102563,0,,,,,0.5213890480008558,0,official WSJT-X 3.0.2; binary SHA256 9e3c2fc14f63c4b4c4e9fcc33b386cd22daf8fe76ce724c5e37f07875e9a3dd9,<DecodeFinished>,
-29.0,1.5,70,2026102570,1,K1ABC FN42 33,-29,1,10.140200,0.056711771998379845,0,official WSJT-X 3.0.2; binary SHA256 9e3c2fc14f63c4b4c4e9fcc33b386cd22daf8fe76ce724c5e37f07875e9a3dd9,"0000 -29 -0.1  10.140200  1  K1ABC FN42 33 
<DecodeFinished>",
-29.0,1.5,71,2026102571,1,K1ABC FN42 33,-29,1,10.140200,0.05288571600067371,0,official WSJT-X 3.0.2; binary SHA256 9e3c2fc14f63c4b4c4e9fcc33b386cd22daf8fe76ce724c5e37f07875e9a3dd9,"0000 -29 -0.0  10.140200  1  K1ABC FN42 33 
<DecodeFinished>",
-29.0,1.5,65,2026102565,0,,,,,0.5221747620016686,0,official WSJT-X 3.0.2; binary SHA256 9e3c2fc14f63c4b4c4e9fcc33b386cd22daf8fe76ce724c5e37f07875e9a3dd9,<DecodeFinished>,
-29.0,1.5,72,2026102572,1,K1ABC FN42 33,-30,1,10.140200,0.045822955000403454,0,official WSJT-X 3.0.2; binary SHA256 9e3c2fc14f63c4b4c4e9fcc33b386cd22daf8fe76ce724c5e37f07875e9a3dd9,"0000 -30  0.0  10.140200  1  K1ABC FN42 33 
<DecodeFinished>",
-29.0,1.5,73,2026102573,1,K1ABC FN42 33,-30,1,10.140200,0.054589047000263236,0,official WSJT-X 3.0.2; binary SHA256 9e3c2fc14f63c4b4c4e9fcc33b386cd22daf8fe76ce724c5e37f07875e9a3dd9,"0000 -30  0.0  10.140200  1  K1ABC FN42 33 
<DecodeFinished>",
-29.0,1.5,74,2026102574,1,K1ABC FN42 33,-29,1,10.140200,0.09547243199995137,0,official WSJT-X 3.0.2; binary SHA256 9e3c2fc14f63c4b4c4e9fcc33b386cd22daf8fe76ce724c5e37f07875e9a3dd9,"0000 -29 -0.1  10.140200  1  K1ABC FN42 33 
<DecodeFinished>",
-29.0,1.5,76,2026102576,1,K1ABC FN42 33,-29,1,10.140200,0.05048760099998617,0,official WSJT-X 3.0.2; binary SHA256 9e3c2fc14f63c4b4c4e9fcc33b386cd22daf8fe76ce724c5e37f07875e9a3dd9,"0000 -29  0.0  10.140200  1  K1ABC FN42 33 
<DecodeFinished>",
-29.0,1.5,78,2026102578,1,K1ABC FN42 33,-29,1,10.140200,0.04393813400020008,0,official WSJT-X 3.0.2; binary SHA256 9e3c2fc14f63c4b4c4e9fcc33b386cd22daf8fe76ce724c5e37f07875e9a3dd9,"0000 -29 -0.1  10.140200  1  K1ABC FN42 33 
<DecodeFinished>",
-29.0,1.5,77,2026102577,1,K1ABC FN42 33,-29,1,10.140200,0.04903966200072318,0,official WSJT-X 3.0.2; binary SHA256 9e3c2fc14f63c4b4c4e9fcc33b386cd22daf8fe76ce724c5e37f07875e9a3dd9,"0000 -29 -0.1  10.140200  1  K1ABC FN42 33 
<DecodeFinished>",
-29.0,1.5,69,2026102569,0,,,,,0.520848398000453,0,official WSJT-X 3.0.2; binary SHA256 9e3c2fc14f63c4b4c4e9fcc33b386cd22daf8fe76ce724c5e37f07875e9a3dd9,<DecodeFinished>,
-29.0,1.5,79,2026102579,1,K1ABC FN42 33,-29,0,10.140200,0.14543426900127088,0,official WSJT-X 3.0.2; binary SHA256 9e3c2fc14f63c4b4c4e9fcc33b386cd22daf8fe76ce724c5e37f07875e9a3dd9,"0000 -29 -0.0  10.140200  0  K1ABC FN42 33 
<DecodeFinished>",
-29.0,1.5,82,2026102582,1,K1ABC FN42 33,-30,1,10.140200,0.053987953999239835,0,official WSJT-X 3.0.2; binary SHA256 9e3c2fc14f63c4b4c4e9fcc33b386cd22daf8fe76ce724c5e37f07875e9a3dd9,"0000 -30 -0.0  10.140200  1  K1ABC FN42 33 
<DecodeFinished>",
-29.0,1.5,81,2026102581,1,K1ABC FN42 33,-29,1,10.140200,0.08479177600020193,0,official WSJT-X 3.0.2; binary SHA256 9e3c2fc14f63c4b4c4e9fcc33b386cd22daf8fe76ce724c5e37f07875e9a3dd9,"0000 -29  0.1  10.140200  1  K1ABC FN42 33 
<DecodeFinished>",
-29.0,1.5,84,2026102584,1,K1ABC FN42 33,-29,0,10.140200,0.05514753500028746,0,official WSJT-X 3.0.2; binary SHA256 9e3c2fc14f63c4b4c4e9fcc33b386cd22daf8fe76ce724c5e37f07875e9a3dd9,"0000 -29 -0.1  10.140200  0  K1ABC FN42 33 
<DecodeFinished>",
-29.0,1.5,75,2026102575,0,,,,,0.5025474240010226,0,official WSJT-X 3.0.2; binary SHA256 9e3c2fc14f63c4b4c4e9fcc33b386cd22daf8fe76ce724c5e37f07875e9a3dd9,<DecodeFinished>,
-29.0,1.5,86,2026102586,1,K1ABC FN42 33,-29,2,10.140200,0.04580491599881498,0,official WSJT-X 3.0.2; binary SHA256 9e3c2fc14f63c4b4c4e9fcc33b386cd22daf8fe76ce724c5e37f07875e9a3dd9,"0000 -29  0.0  10.140200  2  K1ABC FN42 33 
<DecodeFinished>",
-29.0,1.5,87,2026102587,1,K1ABC FN42 33,-30,1,10.140200,0.08397052000145777,0,official WSJT-X 3.0.2; binary SHA256 9e3c2fc14f63c4b4c4e9fcc33b386cd22daf8fe76ce724c5e37f07875e9a3dd9,"0000 -30 -0.0  10.140200  1  K1ABC FN42 33 
<DecodeFinished>",
-29.0,1.5,80,2026102580,0,,,,,0.5291391850005311,0,official WSJT-X 3.0.2; binary SHA256 9e3c2fc14f63c4b4c4e9fcc33b386cd22daf8fe76ce724c5e37f07875e9a3dd9,<DecodeFinished>,
-29.0,1.5,88,2026102588,1,K1ABC FN42 33,-29,1,10.140200,0.04865450599936594,0,official WSJT-X 3.0.2; binary SHA256 9e3c2fc14f63c4b4c4e9fcc33b386cd22daf8fe76ce724c5e37f07875e9a3dd9,"0000 -29 -0.0  10.140200  1  K1ABC FN42 33 
<DecodeFinished>",
-29.0,1.5,90,2026102590,1,K1ABC FN42 33,-30,1,10.140200,0.05073007899954973,0,official WSJT-X 3.0.2; binary SHA256 9e3c2fc14f63c4b4c4e9fcc33b386cd22daf8fe76ce724c5e37f07875e9a3dd9,"0000 -30  0.1  10.140200  1  K1ABC FN42 33 
<DecodeFinished>",
-29.0,1.5,89,2026102589,1,K1ABC FN42 33,-29,0,10.140200,0.06156099600048037,0,official WSJT-X 3.0.2; binary SHA256 9e3c2fc14f63c4b4c4e9fcc33b386cd22daf8fe76ce724c5e37f07875e9a3dd9,"0000 -29 -0.0  10.140200  0  K1ABC FN42 33 
<DecodeFinished>",
-29.0,1.5,83,2026102583,0,,,,,0.4151409220012283,0,official WSJT-X 3.0.2; binary SHA256 9e3c2fc14f63c4b4c4e9fcc33b386cd22daf8fe76ce724c5e37f07875e9a3dd9,<DecodeFinished>,
-29.0,1.5,91,2026102591,1,K1ABC FN42 33,-29,1,10.140200,0.047064693999345764,0,official WSJT-X 3.0.2; binary SHA256 9e3c2fc14f63c4b4c4e9fcc33b386cd22daf8fe76ce724c5e37f07875e9a3dd9,"0000 -29  0.0  10.140200  1  K1ABC FN42 33 
<DecodeFinished>",
-29.0,1.5,92,2026102592,1,K1ABC FN42 33,-30,1,10.140200,0.04873974800102587,0,official WSJT-X 3.0.2; binary SHA256 9e3c2fc14f63c4b4c4e9fcc33b386cd22daf8fe76ce724c5e37f07875e9a3dd9,"0000 -30  0.1  10.140200  1  K1ABC FN42 33 
<DecodeFinished>",
-29.0,1.5,93,2026102593,1,K1ABC FN42 33,-30,1,10.140200,0.04716727099912532,0,official WSJT-X 3.0.2; binary SHA256 9e3c2fc14f63c4b4c4e9fcc33b386cd22daf8fe76ce724c5e37f07875e9a3dd9,"0000 -30 -0.1  10.140200  1  K1ABC FN42 33 
<DecodeFinished>",
-29.0,1.5,85,2026102585,0,,,,,0.42216989300140995,0,official WSJT-X 3.0.2; binary SHA256 9e3c2fc14f63c4b4c4e9fcc33b386cd22daf8fe76ce724c5e37f07875e9a3dd9,<DecodeFinished>,
-29.0,1.5,95,2026102595,1,K1ABC FN42 33,-28,1,10.140200,0.04966460099967662,0,official WSJT-X 3.0.2; binary SHA256 9e3c2fc14f63c4b4c4e9fcc33b386cd22daf8fe76ce724c5e37f07875e9a3dd9,"0000 -28  0.1  10.140200  1  K1ABC FN42 33 
<DecodeFinished>",
-29.0,1.5,94,2026102594,1,K1ABC FN42 33,-29,0,10.140200,0.05227324499901442,0,official WSJT-X 3.0.2; binary SHA256 9e3c2fc14f63c4b4c4e9fcc33b386cd22daf8fe76ce724c5e37f07875e9a3dd9,"0000 -29  0.0  10.140200  0  K1ABC FN42 33 
<DecodeFinished>",
-29.0,1.5,96,2026102596,1,K1ABC FN42 33,-29,1,10.140200,0.06878479300030449,0,official WSJT-X 3.0.2; binary SHA256 9e3c2fc14f63c4b4c4e9fcc33b386cd22daf8fe76ce724c5e37f07875e9a3dd9,"0000 -29 -0.0  10.140200  1  K1ABC FN42 33 
<DecodeFinished>",
-29.0,1.5,97,2026102597,1,K1ABC FN42 33,-30,1,10.140200,0.05344859999968321,0,official WSJT-X 3.0.2; binary SHA256 9e3c2fc14f63c4b4c4e9fcc33b386cd22daf8fe76ce724c5e37f07875e9a3dd9,"0000 -30 -0.1  10.140200  1  K1ABC FN42 33 
<DecodeFinished>",
-29.0,1.5,98,2026102598,1,K1ABC FN42 33,-29,1,10.140200,0.05252704300073674,0,official WSJT-X 3.0.2; binary SHA256 9e3c2fc14f63c4b4c4e9fcc33b386cd22daf8fe76ce724c5e37f07875e9a3dd9,"0000 -29  0.0  10.140200  1  K1ABC FN42 33 
<DecodeFinished>",
-29.0,-1.5,0,2026102500,1,K1ABC FN42 33,-29,0,10.140200,0.04961864699907892,0,official WSJT-X 3.0.2; binary SHA256 9e3c2fc14f63c4b4c4e9fcc33b386cd22daf8fe76ce724c5e37f07875e9a3dd9,"0000 -29  0.1  10.140200  0  K1ABC FN42 33 
<DecodeFinished>",
-29.0,-1.5,1,2026102501,1,K1ABC FN42 33,-29,-1,10.140200,0.058926751000399236,0,official WSJT-X 3.0.2; binary SHA256 9e3c2fc14f63c4b4c4e9fcc33b386cd22daf8fe76ce724c5e37f07875e9a3dd9,"0000 -29  0.0  10.140200 -1  K1ABC FN42 33 
<DecodeFinished>",
-29.0,-1.5,2,2026102502,1,K1ABC FN42 33,-29,-1,10.140200,0.06840465599998424,0,official WSJT-X 3.0.2; binary SHA256 9e3c2fc14f63c4b4c4e9fcc33b386cd22daf8fe76ce724c5e37f07875e9a3dd9,"0000 -29  0.1  10.140200 -1  K1ABC FN42 33 
<DecodeFinished>",
-29.0,-1.5,3,2026102503,1,K1ABC FN42 33,-29,-1,10.140200,0.0537224999989121,0,official WSJT-X 3.0.2; binary SHA256 9e3c2fc14f63c4b4c4e9fcc33b386cd22daf8fe76ce724c5e37f07875e9a3dd9,"0000 -29  0.1  10.140200 -1  K1ABC FN42 33 
<DecodeFinished>",
-29.0,-1.5,5,2026102505,1,K1ABC FN42 33,-29,0,10.140200,0.051555627000198,0,official WSJT-X 3.0.2; binary SHA256 9e3c2fc14f63c4b4c4e9fcc33b386cd22daf8fe76ce724c5e37f07875e9a3dd9,"0000 -29  0.1  10.140200  0  K1ABC FN42 33 
<DecodeFinished>",
-29.0,-1.5,4,2026102504,1,K1ABC FN42 33,-29,-1,10.140200,0.08140572299998894,0,official WSJT-X 3.0.2; binary SHA256 9e3c2fc14f63c4b4c4e9fcc33b386cd22daf8fe76ce724c5e37f07875e9a3dd9,"0000 -29 -0.1  10.140200 -1  K1ABC FN42 33 
<DecodeFinished>",
-29.0,-1.5,6,2026102506,1,K1ABC FN42 33,-29,-1,10.140200,0.05886246000045503,0,official WSJT-X 3.0.2; binary SHA256 9e3c2fc14f63c4b4c4e9fcc33b386cd22daf8fe76ce724c5e37f07875e9a3dd9,"0000 -29  0.1  10.140200 -1  K1ABC FN42 33 
<DecodeFinished>",
-29.0,-1.5,7,2026102507,1,K1ABC FN42 33,-29,-1,10.140200,0.043974297999739065,0,official WSJT-X 3.0.2; binary SHA256 9e3c2fc14f63c4b4c4e9fcc33b386cd22daf8fe76ce724c5e37f07875e9a3dd9,"0000 -29 -0.0  10.140200 -1  K1ABC FN42 33 
<DecodeFinished>",
-29.0,-1.5,8,2026102508,1,K1ABC FN42 33,-29,-2,10.140200,0.04468833099963376,0,official WSJT-X 3.0.2; binary SHA256 9e3c2fc14f63c4b4c4e9fcc33b386cd22daf8fe76ce724c5e37f07875e9a3dd9,"0000 -29  0.0  10.140200 -2  K1ABC FN42 33 
<DecodeFinished>",
-29.0,-1.5,10,2026102510,1,K1ABC FN42 33,-29,-1,10.140200,0.05537033300061012,0,official WSJT-X 3.0.2; binary SHA256 9e3c2fc14f63c4b4c4e9fcc33b386cd22daf8fe76ce724c5e37f07875e9a3dd9,"0000 -29 -0.0  10.140200 -1  K1ABC FN42 33 
<DecodeFinished>",
-29.0,-1.5,12,2026102512,1,K1ABC FN42 33,-30,0,10.140200,0.06866879300105211,0,official WSJT-X 3.0.2; binary SHA256 9e3c2fc14f63c4b4c4e9fcc33b386cd22daf8fe76ce724c5e37f07875e9a3dd9,"0000 -30  0.1  10.140200  0  K1ABC FN42 33 
<DecodeFinished>",
-29.0,-1.5,13,2026102513,1,K1ABC FN42 33,-29,-1,10.140200,0.046116997000353877,0,official WSJT-X 3.0.2; binary SHA256 9e3c2fc14f63c4b4c4e9fcc33b386cd22daf8fe76ce724c5e37f07875e9a3dd9,"0000 -29  0.0  10.140200 -1  K1ABC FN42 33 
<DecodeFinished>",
-29.0,-1.5,14,2026102514,1,K1ABC FN42 33,-28,-1,10.140200,0.051029182999627665,0,official WSJT-X 3.0.2; binary SHA256 9e3c2fc14f63c4b4c4e9fcc33b386cd22daf8fe76ce724c5e37f07875e9a3dd9,"0000 -28  0.1  10.140200 -1  K1ABC FN42 33 
<DecodeFinished>",
-29.0,-1.5,15,2026102515,1,K1ABC FN42 33,-29,-2,10.140200,0.0479235550010344,0,official WSJT-X 3.0.2; binary SHA256 9e3c2fc14f63c4b4c4e9fcc33b386cd22daf8fe76ce724c5e37f07875e9a3dd9,"0000 -29 -0.1  10.140200 -2  K1ABC FN42 33 
<DecodeFinished>",
-29.0,1.5,99,2026102599,1,K1ABC FN42 33,-29,0,10.140200,0.5023806289991626,0,official WSJT-X 3.0.2; binary SHA256 9e3c2fc14f63c4b4c4e9fcc33b386cd22daf8fe76ce724c5e37f07875e9a3dd9,"0000 -29 -0.1  10.140200  0  K1ABC FN42 33 
<DecodeFinished>",
-29.0,-1.5,16,2026102516,1,K1ABC FN42 33,-29,-1,10.140200,0.04588941600013641,0,official WSJT-X 3.0.2; binary SHA256 9e3c2fc14f63c4b4c4e9fcc33b386cd22daf8fe76ce724c5e37f07875e9a3dd9,"0000 -29 -0.1  10.140200 -1  K1ABC FN42 33 
<DecodeFinished>",
-29.0,-1.5,17,2026102517,1,K1ABC FN42 33,-29,-1,10.140200,0.057093660998361884,0,official WSJT-X 3.0.2; binary SHA256 9e3c2fc14f63c4b4c4e9fcc33b386cd22daf8fe76ce724c5e37f07875e9a3dd9,"0000 -29  0.0  10.140200 -1  K1ABC FN42 33 
<DecodeFinished>",
-29.0,-1.5,18,2026102518,1,K1ABC FN42 33,-28,-2,10.140200,0.052667059000668814,0,official WSJT-X 3.0.2; binary SHA256 9e3c2fc14f63c4b4c4e9fcc33b386cd22daf8fe76ce724c5e37f07875e9a3dd9,"0000 -28  0.1  10.140200 -2  K1ABC FN42 33 
<DecodeFinished>",
-29.0,-1.5,19,2026102519,1,K1ABC FN42 33,-28,-1,10.140200,0.05157486999996763,0,official WSJT-X 3.0.2; binary SHA256 9e3c2fc14f63c4b4c4e9fcc33b386cd22daf8fe76ce724c5e37f07875e9a3dd9,"0000 -28 -0.0  10.140200 -1  K1ABC FN42 33 
<DecodeFinished>",
-29.0,-1.5,9,2026102509,0,,,,,0.5301640260004206,0,official WSJT-X 3.0.2; binary SHA256 9e3c2fc14f63c4b4c4e9fcc33b386cd22daf8fe76ce724c5e37f07875e9a3dd9,<DecodeFinished>,
-29.0,-1.5,11,2026102511,0,,,,,0.508189535999918,0,official WSJT-X 3.0.2; binary SHA256 9e3c2fc14f63c4b4c4e9fcc33b386cd22daf8fe76ce724c5e37f07875e9a3dd9,<DecodeFinished>,
-29.0,-1.5,22,2026102522,1,K1ABC FN42 33,-29,-1,10.140200,0.05193862399937643,0,official WSJT-X 3.0.2; binary SHA256 9e3c2fc14f63c4b4c4e9fcc33b386cd22daf8fe76ce724c5e37f07875e9a3dd9,"0000 -29 -0.0  10.140200 -1  K1ABC FN42 33 
<DecodeFinished>",
-29.0,-1.5,24,2026102524,1,K1ABC FN42 33,-29,-1,10.140200,0.06446864899953653,0,official WSJT-X 3.0.2; binary SHA256 9e3c2fc14f63c4b4c4e9fcc33b386cd22daf8fe76ce724c5e37f07875e9a3dd9,"0000 -29 -0.1  10.140200 -1  K1ABC FN42 33 
<DecodeFinished>",
-29.0,-1.5,23,2026102523,1,K1ABC FN42 33,-29,0,10.140200,0.13654272299936565,0,official WSJT-X 3.0.2; binary SHA256 9e3c2fc14f63c4b4c4e9fcc33b386cd22daf8fe76ce724c5e37f07875e9a3dd9,"0000 -29  0.1  10.140200  0  K1ABC FN42 33 
<DecodeFinished>",
-29.0,-1.5,25,2026102525,1,K1ABC FN42 33,-28,-1,10.140200,0.07150458400064963,0,official WSJT-X 3.0.2; binary SHA256 9e3c2fc14f63c4b4c4e9fcc33b386cd22daf8fe76ce724c5e37f07875e9a3dd9,"0000 -28 -0.1  10.140200 -1  K1ABC FN42 33 
<DecodeFinished>",
-29.0,-1.5,26,2026102526,1,K1ABC FN42 33,-30,-1,10.140200,0.0504584900008922,0,official WSJT-X 3.0.2; binary SHA256 9e3c2fc14f63c4b4c4e9fcc33b386cd22daf8fe76ce724c5e37f07875e9a3dd9,"0000 -30  0.1  10.140200 -1  K1ABC FN42 33 
<DecodeFinished>",
-29.0,-1.5,28,2026102528,1,K1ABC FN42 33,-29,-2,10.140200,0.04551877900121326,0,official WSJT-X 3.0.2; binary SHA256 9e3c2fc14f63c4b4c4e9fcc33b386cd22daf8fe76ce724c5e37f07875e9a3dd9,"0000 -29  0.1  10.140200 -2  K1ABC FN42 33 
<DecodeFinished>",
-29.0,-1.5,29,2026102529,1,K1ABC FN42 33,-28,-1,10.140200,0.049664898000628455,0,official WSJT-X 3.0.2; binary SHA256 9e3c2fc14f63c4b4c4e9fcc33b386cd22daf8fe76ce724c5e37f07875e9a3dd9,"0000 -28 -0.1  10.140200 -1  K1ABC FN42 33 
<DecodeFinished>",
-29.0,-1.5,27,2026102527,1,K1ABC FN42 33,-29,-1,10.140200,0.12362635899989982,0,official WSJT-X 3.0.2; binary SHA256 9e3c2fc14f63c4b4c4e9fcc33b386cd22daf8fe76ce724c5e37f07875e9a3dd9,"0000 -29 -0.1  10.140200 -1  K1ABC FN42 33 
<DecodeFinished>",
-29.0,-1.5,21,2026102521,0,,,,,0.4438409550002689,0,official WSJT-X 3.0.2; binary SHA256 9e3c2fc14f63c4b4c4e9fcc33b386cd22daf8fe76ce724c5e37f07875e9a3dd9,<DecodeFinished>,
-29.0,-1.5,30,2026102530,1,K1ABC FN42 33,-30,-1,10.140200,0.05514925500028767,0,official WSJT-X 3.0.2; binary SHA256 9e3c2fc14f63c4b4c4e9fcc33b386cd22daf8fe76ce724c5e37f07875e9a3dd9,"0000 -30  0.1  10.140200 -1  K1ABC FN42 33 
<DecodeFinished>",
-29.0,-1.5,31,2026102531,1,K1ABC FN42 33,-29,-1,10.140200,0.04847127100038051,0,official WSJT-X 3.0.2; binary SHA256 9e3c2fc14f63c4b4c4e9fcc33b386cd22daf8fe76ce724c5e37f07875e9a3dd9,"0000 -29 -0.0  10.140200 -1  K1ABC FN42 33 
<DecodeFinished>",
-29.0,-1.5,20,2026102520,0,,,,,0.5264403629989829,0,official WSJT-X 3.0.2; binary SHA256 9e3c2fc14f63c4b4c4e9fcc33b386cd22daf8fe76ce724c5e37f07875e9a3dd9,<DecodeFinished>,
-29.0,-1.5,33,2026102533,0,,,,,0.04074639200007368,0,official WSJT-X 3.0.2; binary SHA256 9e3c2fc14f63c4b4c4e9fcc33b386cd22daf8fe76ce724c5e37f07875e9a3dd9,<DecodeFinished>,
-29.0,-1.5,34,2026102534,1,K1ABC FN42 33,-29,-1,10.140200,0.049618239998380886,0,official WSJT-X 3.0.2; binary SHA256 9e3c2fc14f63c4b4c4e9fcc33b386cd22daf8fe76ce724c5e37f07875e9a3dd9,"0000 -29 -0.1  10.140200 -1  K1ABC FN42 33 
<DecodeFinished>",
-29.0,-1.5,32,2026102532,0,,,,,0.5094295750004676,0,official WSJT-X 3.0.2; binary SHA256 9e3c2fc14f63c4b4c4e9fcc33b386cd22daf8fe76ce724c5e37f07875e9a3dd9,<DecodeFinished>,
-29.0,-1.5,38,2026102538,1,K1ABC FN42 33,-29,-1,10.140200,0.05256559700137586,0,official WSJT-X 3.0.2; binary SHA256 9e3c2fc14f63c4b4c4e9fcc33b386cd22daf8fe76ce724c5e37f07875e9a3dd9,"0000 -29  0.0  10.140200 -1  K1ABC FN42 33 
<DecodeFinished>",
-29.0,-1.5,35,2026102535,0,,,,,0.5223560129998077,0,official WSJT-X 3.0.2; binary SHA256 9e3c2fc14f63c4b4c4e9fcc33b386cd22daf8fe76ce724c5e37f07875e9a3dd9,<DecodeFinished>,
-29.0,-1.5,36,2026102536,0,,,,,0.5163366300002963,0,official WSJT-X 3.0.2; binary SHA256 9e3c2fc14f63c4b4c4e9fcc33b386cd22daf8fe76ce724c5e37f07875e9a3dd9,<DecodeFinished>,
-29.0,-1.5,37,2026102537,0,,,,,0.5109667270007776,0,official WSJT-X 3.0.2; binary SHA256 9e3c2fc14f63c4b4c4e9fcc33b386cd22daf8fe76ce724c5e37f07875e9a3dd9,<DecodeFinished>,
-29.0,-1.5,41,2026102541,1,K1ABC FN42 33,-28,-1,10.140200,0.04706582799917669,0,official WSJT-X 3.0.2; binary SHA256 9e3c2fc14f63c4b4c4e9fcc33b386cd22daf8fe76ce724c5e37f07875e9a3dd9,"0000 -28 -0.1  10.140200 -1  K1ABC FN42 33 
<DecodeFinished>",
-29.0,-1.5,40,2026102540,1,K1ABC FN42 33,-29,-1,10.140200,0.05922714500047732,0,official WSJT-X 3.0.2; binary SHA256 9e3c2fc14f63c4b4c4e9fcc33b386cd22daf8fe76ce724c5e37f07875e9a3dd9,"0000 -29  0.1  10.140200 -1  K1ABC FN42 33 
<DecodeFinished>",
-29.0,-1.5,39,2026102539,1,K1ABC FN42 33,-29,-1,10.140200,0.07812215900048614,0,official WSJT-X 3.0.2; binary SHA256 9e3c2fc14f63c4b4c4e9fcc33b386cd22daf8fe76ce724c5e37f07875e9a3dd9,"0000 -29  0.1  10.140200 -1  K1ABC FN42 33 
<DecodeFinished>",
-29.0,-1.5,42,2026102542,1,K1ABC FN42 33,-29,-1,10.140200,0.060426740999901085,0,official WSJT-X 3.0.2; binary SHA256 9e3c2fc14f63c4b4c4e9fcc33b386cd22daf8fe76ce724c5e37f07875e9a3dd9,"0000 -29  0.1  10.140200 -1  K1ABC FN42 33 
<DecodeFinished>",
-29.0,-1.5,43,2026102543,1,K1ABC FN42 33,-28,-1,10.140200,0.07477271799871232,0,official WSJT-X 3.0.2; binary SHA256 9e3c2fc14f63c4b4c4e9fcc33b386cd22daf8fe76ce724c5e37f07875e9a3dd9,"0000 -28 -0.0  10.140200 -1  K1ABC FN42 33 
<DecodeFinished>",
-29.0,-1.5,45,2026102545,1,K1ABC FN42 33,-29,-2,10.140200,0.06317260600008012,0,official WSJT-X 3.0.2; binary SHA256 9e3c2fc14f63c4b4c4e9fcc33b386cd22daf8fe76ce724c5e37f07875e9a3dd9,"0000 -29  0.0  10.140200 -2  K1ABC FN42 33 
<DecodeFinished>",
-29.0,-1.5,46,2026102546,1,K1ABC FN42 33,-30,-1,10.140200,0.049923974000193994,0,official WSJT-X 3.0.2; binary SHA256 9e3c2fc14f63c4b4c4e9fcc33b386cd22daf8fe76ce724c5e37f07875e9a3dd9,"0000 -30 -0.0  10.140200 -1  K1ABC FN42 33 
<DecodeFinished>",
-29.0,-1.5,44,2026102544,1,K1ABC FN42 33,-29,-1,10.140200,0.11363134200109926,0,official WSJT-X 3.0.2; binary SHA256 9e3c2fc14f63c4b4c4e9fcc33b386cd22daf8fe76ce724c5e37f07875e9a3dd9,"0000 -29 -0.1  10.140200 -1  K1ABC FN42 33 
<DecodeFinished>",
-29.0,-1.5,48,2026102548,1,K1ABC FN42 33,-29,-1,10.140200,0.04875402800098527,0,official WSJT-X 3.0.2; binary SHA256 9e3c2fc14f63c4b4c4e9fcc33b386cd22daf8fe76ce724c5e37f07875e9a3dd9,"0000 -29  0.0  10.140200 -1  K1ABC FN42 33 
<DecodeFinished>",
-29.0,-1.5,47,2026102547,1,K1ABC FN42 33,-29,-1,10.140200,0.05194235300041328,0,official WSJT-X 3.0.2; binary SHA256 9e3c2fc14f63c4b4c4e9fcc33b386cd22daf8fe76ce724c5e37f07875e9a3dd9,"0000 -29 -0.1  10.140200 -1  K1ABC FN42 33 
<DecodeFinished>",
-29.0,-1.5,49,2026102549,1,K1ABC FN42 33,-29,-1,10.140200,0.05378468000162684,0,official WSJT-X 3.0.2; binary SHA256 9e3c2fc14f63c4b4c4e9fcc33b386cd22daf8fe76ce724c5e37f07875e9a3dd9,"0000 -29  0.1  10.140200 -1  K1ABC FN42 33 
<DecodeFinished>",
-29.0,-1.5,50,2026102550,1,K1ABC FN42 33,-29,-1,10.140200,0.06263557099919126,0,official WSJT-X 3.0.2; binary SHA256 9e3c2fc14f63c4b4c4e9fcc33b386cd22daf8fe76ce724c5e37f07875e9a3dd9,"0000 -29  0.0  10.140200 -1  K1ABC FN42 33 
<DecodeFinished>",
-29.0,-1.5,52,2026102552,1,K1ABC FN42 33,-29,-1,10.140200,0.06006343700028083,0,official WSJT-X 3.0.2; binary SHA256 9e3c2fc14f63c4b4c4e9fcc33b386cd22daf8fe76ce724c5e37f07875e9a3dd9,"0000 -29 -0.0  10.140200 -1  K1ABC FN42 33 
<DecodeFinished>",
-29.0,-1.5,51,2026102551,1,K1ABC FN42 33,-30,-1,10.140200,0.061980402999324724,0,official WSJT-X 3.0.2; binary SHA256 9e3c2fc14f63c4b4c4e9fcc33b386cd22daf8fe76ce724c5e37f07875e9a3dd9,"0000 -30 -0.0  10.140200 -1  K1ABC FN42 33 
<DecodeFinished>",
-29.0,-1.5,53,2026102553,1,K1ABC FN42 33,-28,0,10.140200,0.06497835600021062,0,official WSJT-X 3.0.2; binary SHA256 9e3c2fc14f63c4b4c4e9fcc33b386cd22daf8fe76ce724c5e37f07875e9a3dd9,"0000 -28 -0.0  10.140200  0  K1ABC FN42 33 
<DecodeFinished>",
-29.0,-1.5,57,2026102557,1,K1ABC FN42 33,-29,-1,10.140200,0.05578154000068025,0,official WSJT-X 3.0.2; binary SHA256 9e3c2fc14f63c4b4c4e9fcc33b386cd22daf8fe76ce724c5e37f07875e9a3dd9,"0000 -29  0.1  10.140200 -1  K1ABC FN42 33 
<DecodeFinished>",
-29.0,-1.5,55,2026102555,1,K1ABC FN42 33,-29,-1,10.140200,0.06687547100045776,0,official WSJT-X 3.0.2; binary SHA256 9e3c2fc14f63c4b4c4e9fcc33b386cd22daf8fe76ce724c5e37f07875e9a3dd9,"0000 -29 -0.1  10.140200 -1  K1ABC FN42 33 
<DecodeFinished>",
-29.0,-1.5,54,2026102554,1,K1ABC FN42 33,-29,-1,10.140200,0.08144530999925337,0,official WSJT-X 3.0.2; binary SHA256 9e3c2fc14f63c4b4c4e9fcc33b386cd22daf8fe76ce724c5e37f07875e9a3dd9,"0000 -29  0.1  10.140200 -1  K1ABC FN42 33 
<DecodeFinished>",
-29.0,-1.5,56,2026102556,1,K1ABC FN42 33,-29,0,10.140200,0.10167343099965365,0,official WSJT-X 3.0.2; binary SHA256 9e3c2fc14f63c4b4c4e9fcc33b386cd22daf8fe76ce724c5e37f07875e9a3dd9,"0000 -29  0.0  10.140200  0  K1ABC FN42 33 
<DecodeFinished>",
-29.0,-1.5,58,2026102558,1,K1ABC FN42 33,-29,-2,10.140200,0.0657838469996932,0,official WSJT-X 3.0.2; binary SHA256 9e3c2fc14f63c4b4c4e9fcc33b386cd22daf8fe76ce724c5e37f07875e9a3dd9,"0000 -29  0.0  10.140200 -2  K1ABC FN42 33 
<DecodeFinished>",
-29.0,-1.5,60,2026102560,1,K1ABC FN42 33,-29,-2,10.140200,0.05282028300098318,0,official WSJT-X 3.0.2; binary SHA256 9e3c2fc14f63c4b4c4e9fcc33b386cd22daf8fe76ce724c5e37f07875e9a3dd9,"0000 -29 -0.1  10.140200 -2  K1ABC FN42 33 
<DecodeFinished>",
-29.0,-1.5,59,2026102559,1,K1ABC FN42 33,-29,0,10.140200,0.07465367499935383,0,official WSJT-X 3.0.2; binary SHA256 9e3c2fc14f63c4b4c4e9fcc33b386cd22daf8fe76ce724c5e37f07875e9a3dd9,"0000 -29  0.0  10.140200  0  K1ABC FN42 33 
<DecodeFinished>",
-29.0,-1.5,61,2026102561,1,K1ABC FN42 33,-29,-1,10.140200,0.047679804998551845,0,official WSJT-X 3.0.2; binary SHA256 9e3c2fc14f63c4b4c4e9fcc33b386cd22daf8fe76ce724c5e37f07875e9a3dd9,"0000 -29 -0.1  10.140200 -1  K1ABC FN42 33 
<DecodeFinished>",
-29.0,-1.5,65,2026102565,1,K1ABC FN42 33,-29,-2,10.140200,0.051478306000717566,0,official WSJT-X 3.0.2; binary SHA256 9e3c2fc14f63c4b4c4e9fcc33b386cd22daf8fe76ce724c5e37f07875e9a3dd9,"0000 -29  0.0  10.140200 -2  K1ABC FN42 33 
<DecodeFinished>",
-29.0,-1.5,63,2026102563,1,K1ABC FN42 33,-29,-1,10.140200,0.06677981299981184,0,official WSJT-X 3.0.2; binary SHA256 9e3c2fc14f63c4b4c4e9fcc33b386cd22daf8fe76ce724c5e37f07875e9a3dd9,"0000 -29  0.1  10.140200 -1  K1ABC FN42 33 
<DecodeFinished>",
-29.0,-1.5,62,2026102562,1,K1ABC FN42 33,-28,-1,10.140200,0.06869368799925724,0,official WSJT-X 3.0.2; binary SHA256 9e3c2fc14f63c4b4c4e9fcc33b386cd22daf8fe76ce724c5e37f07875e9a3dd9,"0000 -28 -0.0  10.140200 -1  K1ABC FN42 33 
<DecodeFinished>",
-29.0,-1.5,64,2026102564,1,K1ABC FN42 33,-29,-1,10.140200,0.0651902350000455,0,official WSJT-X 3.0.2; binary SHA256 9e3c2fc14f63c4b4c4e9fcc33b386cd22daf8fe76ce724c5e37f07875e9a3dd9,"0000 -29  0.1  10.140200 -1  K1ABC FN42 33 
<DecodeFinished>",
-29.0,-1.5,67,2026102567,1,K1ABC FN42 33,-28,-1,10.140200,0.0664327949998551,0,official WSJT-X 3.0.2; binary SHA256 9e3c2fc14f63c4b4c4e9fcc33b386cd22daf8fe76ce724c5e37f07875e9a3dd9,"0000 -28 -0.1  10.140200 -1  K1ABC FN42 33 
<DecodeFinished>",
-29.0,-1.5,69,2026102569,1,K1ABC FN42 33,-29,-1,10.140200,0.06941513499987195,0,official WSJT-X 3.0.2; binary SHA256 9e3c2fc14f63c4b4c4e9fcc33b386cd22daf8fe76ce724c5e37f07875e9a3dd9,"0000 -29  0.0  10.140200 -1  K1ABC FN42 33 
<DecodeFinished>",
-29.0,-1.5,70,2026102570,1,K1ABC FN42 33,-30,-1,10.140200,0.05508567299875722,0,official WSJT-X 3.0.2; binary SHA256 9e3c2fc14f63c4b4c4e9fcc33b386cd22daf8fe76ce724c5e37f07875e9a3dd9,"0000 -30 -0.1  10.140200 -1  K1ABC FN42 33 
<DecodeFinished>",
-29.0,-1.5,71,2026102571,1,K1ABC FN42 33,-29,-1,10.140200,0.047795108001082554,0,official WSJT-X 3.0.2; binary SHA256 9e3c2fc14f63c4b4c4e9fcc33b386cd22daf8fe76ce724c5e37f07875e9a3dd9,"0000 -29  0.0  10.140200 -1  K1ABC FN42 33 
<DecodeFinished>",
-29.0,-1.5,73,2026102573,1,K1ABC FN42 33,-28,-1,10.140200,0.04427909599871782,0,official WSJT-X 3.0.2; binary SHA256 9e3c2fc14f63c4b4c4e9fcc33b386cd22daf8fe76ce724c5e37f07875e9a3dd9,"0000 -28  0.0  10.140200 -1  K1ABC FN42 33 
<DecodeFinished>",
-29.0,-1.5,72,2026102572,1,K1ABC FN42 33,-29,-1,10.140200,0.0494407370006229,0,official WSJT-X 3.0.2; binary SHA256 9e3c2fc14f63c4b4c4e9fcc33b386cd22daf8fe76ce724c5e37f07875e9a3dd9,"0000 -29 -0.0  10.140200 -1  K1ABC FN42 33 
<DecodeFinished>",
-29.0,-1.5,75,2026102575,1,K1ABC FN42 33,-28,-1,10.140200,0.05104474900144851,0,official WSJT-X 3.0.2; binary SHA256 9e3c2fc14f63c4b4c4e9fcc33b386cd22daf8fe76ce724c5e37f07875e9a3dd9,"0000 -28  0.0  10.140200 -1  K1ABC FN42 33 
<DecodeFinished>",
-29.0,-1.5,76,2026102576,1,K1ABC FN42 33,-29,-1,10.140200,0.07341111399910005,0,official WSJT-X 3.0.2; binary SHA256 9e3c2fc14f63c4b4c4e9fcc33b386cd22daf8fe76ce724c5e37f07875e9a3dd9,"0000 -29  0.1  10.140200 -1  K1ABC FN42 33 
<DecodeFinished>",
-29.0,-1.5,77,2026102577,1,K1ABC FN42 33,-29,-1,10.140200,0.05994805699992867,0,official WSJT-X 3.0.2; binary SHA256 9e3c2fc14f63c4b4c4e9fcc33b386cd22daf8fe76ce724c5e37f07875e9a3dd9,"0000 -29 -0.1  10.140200 -1  K1ABC FN42 33 
<DecodeFinished>",
-29.0,-1.5,78,2026102578,1,K1ABC FN42 33,-28,-1,10.140200,0.0474493870005972,0,official WSJT-X 3.0.2; binary SHA256 9e3c2fc14f63c4b4c4e9fcc33b386cd22daf8fe76ce724c5e37f07875e9a3dd9,"0000 -28 -0.0  10.140200 -1  K1ABC FN42 33 
<DecodeFinished>",
-29.0,-1.5,79,2026102579,1,K1ABC FN42 33,-29,-1,10.140200,0.04511247499976889,0,official WSJT-X 3.0.2; binary SHA256 9e3c2fc14f63c4b4c4e9fcc33b386cd22daf8fe76ce724c5e37f07875e9a3dd9,"0000 -29  0.1  10.140200 -1  K1ABC FN42 33 
<DecodeFinished>",
-29.0,-1.5,66,2026102566,0,,,,,0.5288026529997296,0,official WSJT-X 3.0.2; binary SHA256 9e3c2fc14f63c4b4c4e9fcc33b386cd22daf8fe76ce724c5e37f07875e9a3dd9,<DecodeFinished>,
-29.0,-1.5,68,2026102568,0,,,,,0.5451356769990525,0,official WSJT-X 3.0.2; binary SHA256 9e3c2fc14f63c4b4c4e9fcc33b386cd22daf8fe76ce724c5e37f07875e9a3dd9,<DecodeFinished>,
-29.0,-1.5,82,2026102582,1,K1ABC FN42 33,-29,-1,10.140200,0.0493773729995155,0,official WSJT-X 3.0.2; binary SHA256 9e3c2fc14f63c4b4c4e9fcc33b386cd22daf8fe76ce724c5e37f07875e9a3dd9,"0000 -29  0.1  10.140200 -1  K1ABC FN42 33 
<DecodeFinished>",
-29.0,-1.5,83,2026102583,1,K1ABC FN42 33,-29,-1,10.140200,0.050268128001334844,0,official WSJT-X 3.0.2; binary SHA256 9e3c2fc14f63c4b4c4e9fcc33b386cd22daf8fe76ce724c5e37f07875e9a3dd9,"0000 -29 -0.1  10.140200 -1  K1ABC FN42 33 
<DecodeFinished>",
-29.0,-1.5,74,2026102574,0,,,,,0.5302983420006058,0,official WSJT-X 3.0.2; binary SHA256 9e3c2fc14f63c4b4c4e9fcc33b386cd22daf8fe76ce724c5e37f07875e9a3dd9,<DecodeFinished>,
-29.0,-1.5,84,2026102584,1,K1ABC FN42 33,-29,0,10.140200,0.05687567899985879,0,official WSJT-X 3.0.2; binary SHA256 9e3c2fc14f63c4b4c4e9fcc33b386cd22daf8fe76ce724c5e37f07875e9a3dd9,"0000 -29 -0.1  10.140200  0  K1ABC FN42 33 
<DecodeFinished>",
-29.0,-1.5,86,2026102586,1,K1ABC FN42 33,-29,-1,10.140200,0.04888824400040903,0,official WSJT-X 3.0.2; binary SHA256 9e3c2fc14f63c4b4c4e9fcc33b386cd22daf8fe76ce724c5e37f07875e9a3dd9,"0000 -29 -0.1  10.140200 -1  K1ABC FN42 33 
<DecodeFinished>",
-29.0,-1.5,87,2026102587,1,K1ABC FN42 33,-29,-1,10.140200,0.04893698199884966,0,official WSJT-X 3.0.2; binary SHA256 9e3c2fc14f63c4b4c4e9fcc33b386cd22daf8fe76ce724c5e37f07875e9a3dd9,"0000 -29  0.1  10.140200 -1  K1ABC FN42 33 
<DecodeFinished>",
-29.0,-1.5,88,2026102588,1,K1ABC FN42 33,-29,0,10.140200,0.04427616199973272,0,official WSJT-X 3.0.2; binary SHA256 9e3c2fc14f63c4b4c4e9fcc33b386cd22daf8fe76ce724c5e37f07875e9a3dd9,"0000 -29 -0.0  10.140200  0  K1ABC FN42 33 
<DecodeFinished>",
-29.0,-1.5,89,2026102589,1,K1ABC FN42 33,-29,-1,10.140200,0.05459921200053941,0,official WSJT-X 3.0.2; binary SHA256 9e3c2fc14f63c4b4c4e9fcc33b386cd22daf8fe76ce724c5e37f07875e9a3dd9,"0000 -29  0.1  10.140200 -1  K1ABC FN42 33 
<DecodeFinished>",
-29.0,-1.5,90,2026102590,1,K1ABC FN42 33,-29,-1,10.140200,0.06292714099981822,0,official WSJT-X 3.0.2; binary SHA256 9e3c2fc14f63c4b4c4e9fcc33b386cd22daf8fe76ce724c5e37f07875e9a3dd9,"0000 -29 -0.1  10.140200 -1  K1ABC FN42 33 
<DecodeFinished>",
-29.0,-1.5,80,2026102580,0,,,,,0.5858035530000052,0,official WSJT-X 3.0.2; binary SHA256 9e3c2fc14f63c4b4c4e9fcc33b386cd22daf8fe76ce724c5e37f07875e9a3dd9,<DecodeFinished>,
-29.0,-1.5,81,2026102581,0,,,,,0.5281930319997628,0,official WSJT-X 3.0.2; binary SHA256 9e3c2fc14f63c4b4c4e9fcc33b386cd22daf8fe76ce724c5e37f07875e9a3dd9,<DecodeFinished>,
-29.0,-1.5,92,2026102592,1,K1ABC FN42 33,-30,-1,10.140200,0.06218387899934896,0,official WSJT-X 3.0.2; binary SHA256 9e3c2fc14f63c4b4c4e9fcc33b386cd22daf8fe76ce724c5e37f07875e9a3dd9,"0000 -30 -0.1  10.140200 -1  K1ABC FN42 33 
<DecodeFinished>",
-29.0,-1.5,93,2026102593,1,K1ABC FN42 33,-29,-1,10.140200,0.051588077998530935,0,official WSJT-X 3.0.2; binary SHA256 9e3c2fc14f63c4b4c4e9fcc33b386cd22daf8fe76ce724c5e37f07875e9a3dd9,"0000 -29 -0.1  10.140200 -1  K1ABC FN42 33 
<DecodeFinished>",
-29.0,-1.5,91,2026102591,1,K1ABC FN42 33,-29,-1,10.140200,0.179196310999032,0,official WSJT-X 3.0.2; binary SHA256 9e3c2fc14f63c4b4c4e9fcc33b386cd22daf8fe76ce724c5e37f07875e9a3dd9,"0000 -29 -0.1  10.140200 -1  K1ABC FN42 33 
<DecodeFinished>",
-29.0,-1.5,85,2026102585,0,,,,,0.5255885389997275,0,official WSJT-X 3.0.2; binary SHA256 9e3c2fc14f63c4b4c4e9fcc33b386cd22daf8fe76ce724c5e37f07875e9a3dd9,<DecodeFinished>,
-29.0,-1.5,95,2026102595,0,,,,,0.14595226299934438,0,official WSJT-X 3.0.2; binary SHA256 9e3c2fc14f63c4b4c4e9fcc33b386cd22daf8fe76ce724c5e37f07875e9a3dd9,<DecodeFinished>,
-29.0,-1.5,97,2026102597,1,K1ABC FN42 33,-30,0,10.140200,0.045235579998916364,0,official WSJT-X 3.0.2; binary SHA256 9e3c2fc14f63c4b4c4e9fcc33b386cd22daf8fe76ce724c5e37f07875e9a3dd9,"0000 -30  0.1  10.140200  0  K1ABC FN42 33 
<DecodeFinished>",
-29.0,-1.5,96,2026102596,1,K1ABC FN42 33,-29,0,10.140200,0.1404827820006176,0,official WSJT-X 3.0.2; binary SHA256 9e3c2fc14f63c4b4c4e9fcc33b386cd22daf8fe76ce724c5e37f07875e9a3dd9,"0000 -29  0.1  10.140200  0  K1ABC FN42 33 
<DecodeFinished>",
-29.0,-1.5,98,2026102598,1,K1ABC FN42 33,-28,-1,10.140200,0.053449061000719666,0,official WSJT-X 3.0.2; binary SHA256 9e3c2fc14f63c4b4c4e9fcc33b386cd22daf8fe76ce724c5e37f07875e9a3dd9,"0000 -28  0.0  10.140200 -1  K1ABC FN42 33 
<DecodeFinished>",
-29.0,-1.5,99,2026102599,1,K1ABC FN42 33,-29,-1,10.140200,0.0488082289994054,0,official WSJT-X 3.0.2; binary SHA256 9e3c2fc14f63c4b4c4e9fcc33b386cd22daf8fe76ce724c5e37f07875e9a3dd9,"0000 -29 -0.1  10.140200 -1  K1ABC FN42 33 
<DecodeFinished>",
-29.0,2.0,0,2026102500,0,,,,,0.04341590500007442,0,official WSJT-X 3.0.2; binary SHA256 9e3c2fc14f63c4b4c4e9fcc33b386cd22daf8fe76ce724c5e37f07875e9a3dd9,<DecodeFinished>,
-29.0,2.0,2,2026102502,1,K1ABC FN42 33,-28,2,10.140200,0.05764238200026739,0,official WSJT-X 3.0.2; binary SHA256 9e3c2fc14f63c4b4c4e9fcc33b386cd22daf8fe76ce724c5e37f07875e9a3dd9,"0000 -28  0.1  10.140200  2  K1ABC FN42 33 
<DecodeFinished>",
-29.0,2.0,4,2026102504,1,K1ABC FN42 33,-29,2,10.140200,0.04628768300062802,0,official WSJT-X 3.0.2; binary SHA256 9e3c2fc14f63c4b4c4e9fcc33b386cd22daf8fe76ce724c5e37f07875e9a3dd9,"0000 -29  0.1  10.140200  2  K1ABC FN42 33 
<DecodeFinished>",
-29.0,2.0,1,2026102501,0,,,,,0.13586301000032108,0,official WSJT-X 3.0.2; binary SHA256 9e3c2fc14f63c4b4c4e9fcc33b386cd22daf8fe76ce724c5e37f07875e9a3dd9,<DecodeFinished>,
-29.0,2.0,3,2026102503,0,,,,,0.13580362200082163,0,official WSJT-X 3.0.2; binary SHA256 9e3c2fc14f63c4b4c4e9fcc33b386cd22daf8fe76ce724c5e37f07875e9a3dd9,<DecodeFinished>,
-29.0,2.0,5,2026102505,1,K1ABC FN42 33,-29,1,10.140200,0.06775452299916651,0,official WSJT-X 3.0.2; binary SHA256 9e3c2fc14f63c4b4c4e9fcc33b386cd22daf8fe76ce724c5e37f07875e9a3dd9,"0000 -29  0.1  10.140200  1  K1ABC FN42 33 
<DecodeFinished>",
-29.0,2.0,6,2026102506,1,K1ABC FN42 33,-29,1,10.140200,0.058093020001251716,0,official WSJT-X 3.0.2; binary SHA256 9e3c2fc14f63c4b4c4e9fcc33b386cd22daf8fe76ce724c5e37f07875e9a3dd9,"0000 -29 -0.0  10.140200  1  K1ABC FN42 33 
<DecodeFinished>",
-29.0,2.0,7,2026102507,1,K1ABC FN42 33,-30,2,10.140200,0.04643333199965127,0,official WSJT-X 3.0.2; binary SHA256 9e3c2fc14f63c4b4c4e9fcc33b386cd22daf8fe76ce724c5e37f07875e9a3dd9,"0000 -30 -0.1  10.140200  2  K1ABC FN42 33 
<DecodeFinished>",
-29.0,2.0,8,2026102508,1,K1ABC FN42 33,-29,2,10.140200,0.06416722799986019,0,official WSJT-X 3.0.2; binary SHA256 9e3c2fc14f63c4b4c4e9fcc33b386cd22daf8fe76ce724c5e37f07875e9a3dd9,"0000 -29  0.0  10.140200  2  K1ABC FN42 33 
<DecodeFinished>",
-29.0,2.0,10,2026102510,1,K1ABC FN42 33,-29,2,10.140200,0.046844361000694335,0,official WSJT-X 3.0.2; binary SHA256 9e3c2fc14f63c4b4c4e9fcc33b386cd22daf8fe76ce724c5e37f07875e9a3dd9,"0000 -29 -0.1  10.140200  2  K1ABC FN42 33 
<DecodeFinished>",
-29.0,2.0,9,2026102509,1,K1ABC FN42 33,-28,2,10.140200,0.05830696999873908,0,official WSJT-X 3.0.2; binary SHA256 9e3c2fc14f63c4b4c4e9fcc33b386cd22daf8fe76ce724c5e37f07875e9a3dd9,"0000 -28 -0.1  10.140200  2  K1ABC FN42 33 
<DecodeFinished>",
-29.0,2.0,11,2026102511,1,K1ABC FN42 33,-30,2,10.140200,0.04690885700074432,0,official WSJT-X 3.0.2; binary SHA256 9e3c2fc14f63c4b4c4e9fcc33b386cd22daf8fe76ce724c5e37f07875e9a3dd9,"0000 -30 -0.0  10.140200  2  K1ABC FN42 33 
<DecodeFinished>",
-29.0,2.0,12,2026102512,1,K1ABC FN42 33,-30,1,10.140200,0.048831419000634924,0,official WSJT-X 3.0.2; binary SHA256 9e3c2fc14f63c4b4c4e9fcc33b386cd22daf8fe76ce724c5e37f07875e9a3dd9,"0000 -30  0.1  10.140200  1  K1ABC FN42 33 
<DecodeFinished>",
-29.0,-1.5,94,2026102594,0,,,,,0.5112171170003421,0,official WSJT-X 3.0.2; binary SHA256 9e3c2fc14f63c4b4c4e9fcc33b386cd22daf8fe76ce724c5e37f07875e9a3dd9,<DecodeFinished>,
-29.0,2.0,13,2026102513,1,K1ABC FN42 33,-29,1,10.140200,0.05646149999847694,0,official WSJT-X 3.0.2; binary SHA256 9e3c2fc14f63c4b4c4e9fcc33b386cd22daf8fe76ce724c5e37f07875e9a3dd9,"0000 -29  0.1  10.140200  1  K1ABC FN42 33 
<DecodeFinished>",
-29.0,2.0,14,2026102514,1,K1ABC FN42 33,-29,2,10.140200,0.06450263199985784,0,official WSJT-X 3.0.2; binary SHA256 9e3c2fc14f63c4b4c4e9fcc33b386cd22daf8fe76ce724c5e37f07875e9a3dd9,"0000 -29 -0.1  10.140200  2  K1ABC FN42 33 
<DecodeFinished>",
-29.0,2.0,15,2026102515,1,K1ABC FN42 33,-29,1,10.140200,0.10580085999936273,0,official WSJT-X 3.0.2; binary SHA256 9e3c2fc14f63c4b4c4e9fcc33b386cd22daf8fe76ce724c5e37f07875e9a3dd9,"0000 -29 -0.0  10.140200  1  K1ABC FN42 33 
<DecodeFinished>",
-29.0,2.0,17,2026102517,1,K1ABC FN42 33,-29,2,10.140200,0.0930674529990938,0,official WSJT-X 3.0.2; binary SHA256 9e3c2fc14f63c4b4c4e9fcc33b386cd22daf8fe76ce724c5e37f07875e9a3dd9,"0000 -29 -0.0  10.140200  2  K1ABC FN42 33 
<DecodeFinished>",
-29.0,2.0,16,2026102516,1,K1ABC FN42 33,-29,2,10.140200,0.10336512900175876,0,official WSJT-X 3.0.2; binary SHA256 9e3c2fc14f63c4b4c4e9fcc33b386cd22daf8fe76ce724c5e37f07875e9a3dd9,"0000 -29  0.1  10.140200  2  K1ABC FN42 33 
<DecodeFinished>",
-29.0,2.0,18,2026102518,1,K1ABC FN42 33,-29,2,10.140200,0.09392707599909045,0,official WSJT-X 3.0.2; binary SHA256 9e3c2fc14f63c4b4c4e9fcc33b386cd22daf8fe76ce724c5e37f07875e9a3dd9,"0000 -29 -0.1  10.140200  2  K1ABC FN42 33 
<DecodeFinished>",
-29.0,2.0,19,2026102519,1,K1ABC FN42 33,-29,2,10.140200,0.061911720998978126,0,official WSJT-X 3.0.2; binary SHA256 9e3c2fc14f63c4b4c4e9fcc33b386cd22daf8fe76ce724c5e37f07875e9a3dd9,"0000 -29  0.1  10.140200  2  K1ABC FN42 33 
<DecodeFinished>",
-29.0,2.0,20,2026102520,1,K1ABC FN42 33,-29,2,10.140200,0.06870212000103493,0,official WSJT-X 3.0.2; binary SHA256 9e3c2fc14f63c4b4c4e9fcc33b386cd22daf8fe76ce724c5e37f07875e9a3dd9,"0000 -29  0.1  10.140200  2  K1ABC FN42 33 
<DecodeFinished>",
-29.0,2.0,22,2026102522,1,K1ABC FN42 33,-29,2,10.140200,0.05725828299910063,0,official WSJT-X 3.0.2; binary SHA256 9e3c2fc14f63c4b4c4e9fcc33b386cd22daf8fe76ce724c5e37f07875e9a3dd9,"0000 -29  0.1  10.140200  2  K1ABC FN42 33 
<DecodeFinished>",
-29.0,2.0,23,2026102523,1,K1ABC FN42 33,-30,2,10.140200,0.04678595500081428,0,official WSJT-X 3.0.2; binary SHA256 9e3c2fc14f63c4b4c4e9fcc33b386cd22daf8fe76ce724c5e37f07875e9a3dd9,"0000 -30  0.0  10.140200  2  K1ABC FN42 33 
<DecodeFinished>",
-29.0,2.0,24,2026102524,1,K1ABC FN42 33,-28,2,10.140200,0.04648346199974185,0,official WSJT-X 3.0.2; binary SHA256 9e3c2fc14f63c4b4c4e9fcc33b386cd22daf8fe76ce724c5e37f07875e9a3dd9,"0000 -28 -0.1  10.140200  2  K1ABC FN42 33 
<DecodeFinished>",
-29.0,2.0,21,2026102521,1,K1ABC FN42 33,-29,2,10.140200,0.1376278249990719,0,official WSJT-X 3.0.2; binary SHA256 9e3c2fc14f63c4b4c4e9fcc33b386cd22daf8fe76ce724c5e37f07875e9a3dd9,"0000 -29  0.1  10.140200  2  K1ABC FN42 33 
<DecodeFinished>",
-29.0,2.0,26,2026102526,1,K1ABC FN42 33,-29,1,10.140200,0.045467731999451644,0,official WSJT-X 3.0.2; binary SHA256 9e3c2fc14f63c4b4c4e9fcc33b386cd22daf8fe76ce724c5e37f07875e9a3dd9,"0000 -29  0.0  10.140200  1  K1ABC FN42 33 
<DecodeFinished>",
-29.0,2.0,28,2026102528,1,K1ABC FN42 33,-29,2,10.140200,0.045551482999144355,0,official WSJT-X 3.0.2; binary SHA256 9e3c2fc14f63c4b4c4e9fcc33b386cd22daf8fe76ce724c5e37f07875e9a3dd9,"0000 -29 -0.1  10.140200  2  K1ABC FN42 33 
<DecodeFinished>",
-29.0,2.0,29,2026102529,1,K1ABC FN42 33,-29,2,10.140200,0.05883383999935177,0,official WSJT-X 3.0.2; binary SHA256 9e3c2fc14f63c4b4c4e9fcc33b386cd22daf8fe76ce724c5e37f07875e9a3dd9,"0000 -29  0.1  10.140200  2  K1ABC FN42 33 
<DecodeFinished>",
-29.0,2.0,30,2026102530,1,K1ABC FN42 33,-30,2,10.140200,0.05303791599908436,0,official WSJT-X 3.0.2; binary SHA256 9e3c2fc14f63c4b4c4e9fcc33b386cd22daf8fe76ce724c5e37f07875e9a3dd9,"0000 -30 -0.1  10.140200  2  K1ABC FN42 33 
<DecodeFinished>",
-29.0,2.0,27,2026102527,0,,,,,0.1435715829993569,0,official WSJT-X 3.0.2; binary SHA256 9e3c2fc14f63c4b4c4e9fcc33b386cd22daf8fe76ce724c5e37f07875e9a3dd9,<DecodeFinished>,
-29.0,2.0,31,2026102531,0,,,,,0.047056593000888824,0,official WSJT-X 3.0.2; binary SHA256 9e3c2fc14f63c4b4c4e9fcc33b386cd22daf8fe76ce724c5e37f07875e9a3dd9,<DecodeFinished>,
-29.0,2.0,33,2026102533,1,K1ABC FN42 33,-29,2,10.140200,0.04813653099881776,0,official WSJT-X 3.0.2; binary SHA256 9e3c2fc14f63c4b4c4e9fcc33b386cd22daf8fe76ce724c5e37f07875e9a3dd9,"0000 -29  0.1  10.140200  2  K1ABC FN42 33 
<DecodeFinished>",
-29.0,2.0,34,2026102534,1,K1ABC FN42 33,-30,1,10.140200,0.04960315099924628,0,official WSJT-X 3.0.2; binary SHA256 9e3c2fc14f63c4b4c4e9fcc33b386cd22daf8fe76ce724c5e37f07875e9a3dd9,"0000 -30  0.0  10.140200  1  K1ABC FN42 33 
<DecodeFinished>",
-29.0,2.0,36,2026102536,1,K1ABC FN42 33,-29,2,10.140200,0.0470162209985574,0,official WSJT-X 3.0.2; binary SHA256 9e3c2fc14f63c4b4c4e9fcc33b386cd22daf8fe76ce724c5e37f07875e9a3dd9,"0000 -29 -0.1  10.140200  2  K1ABC FN42 33 
<DecodeFinished>",
-29.0,2.0,32,2026102532,0,,,,,0.13869042999976955,0,official WSJT-X 3.0.2; binary SHA256 9e3c2fc14f63c4b4c4e9fcc33b386cd22daf8fe76ce724c5e37f07875e9a3dd9,<DecodeFinished>,
-29.0,2.0,37,2026102537,1,K1ABC FN42 33,-29,2,10.140200,0.05152184700091311,0,official WSJT-X 3.0.2; binary SHA256 9e3c2fc14f63c4b4c4e9fcc33b386cd22daf8fe76ce724c5e37f07875e9a3dd9,"0000 -29  0.1  10.140200  2  K1ABC FN42 33 
<DecodeFinished>",
-29.0,2.0,35,2026102535,1,K1ABC FN42 33,-29,2,10.140200,0.11329036999995878,0,official WSJT-X 3.0.2; binary SHA256 9e3c2fc14f63c4b4c4e9fcc33b386cd22daf8fe76ce724c5e37f07875e9a3dd9,"0000 -29  0.1  10.140200  2  K1ABC FN42 33 
<DecodeFinished>",
-29.0,2.0,40,2026102540,1,K1ABC FN42 33,-29,2,10.140200,0.05943759500041779,0,official WSJT-X 3.0.2; binary SHA256 9e3c2fc14f63c4b4c4e9fcc33b386cd22daf8fe76ce724c5e37f07875e9a3dd9,"0000 -29 -0.0  10.140200  2  K1ABC FN42 33 
<DecodeFinished>",
-29.0,2.0,41,2026102541,1,K1ABC FN42 33,-29,2,10.140200,0.04765348799992353,0,official WSJT-X 3.0.2; binary SHA256 9e3c2fc14f63c4b4c4e9fcc33b386cd22daf8fe76ce724c5e37f07875e9a3dd9,"0000 -29  0.0  10.140200  2  K1ABC FN42 33 
<DecodeFinished>",
-29.0,2.0,42,2026102542,1,K1ABC FN42 33,-29,2,10.140200,0.09694808600033866,0,official WSJT-X 3.0.2; binary SHA256 9e3c2fc14f63c4b4c4e9fcc33b386cd22daf8fe76ce724c5e37f07875e9a3dd9,"0000 -29 -0.0  10.140200  2  K1ABC FN42 33 
<DecodeFinished>",
-29.0,2.0,25,2026102525,0,,,,,0.5246217450003314,0,official WSJT-X 3.0.2; binary SHA256 9e3c2fc14f63c4b4c4e9fcc33b386cd22daf8fe76ce724c5e37f07875e9a3dd9,<DecodeFinished>,
-29.0,2.0,43,2026102543,1,K1ABC FN42 33,-28,2,10.140200,0.050380186999973375,0,official WSJT-X 3.0.2; binary SHA256 9e3c2fc14f63c4b4c4e9fcc33b386cd22daf8fe76ce724c5e37f07875e9a3dd9,"0000 -28 -0.0  10.140200  2  K1ABC FN42 33 
<DecodeFinished>",
-29.0,2.0,44,2026102544,1,K1ABC FN42 33,-29,2,10.140200,0.05758557099943573,0,official WSJT-X 3.0.2; binary SHA256 9e3c2fc14f63c4b4c4e9fcc33b386cd22daf8fe76ce724c5e37f07875e9a3dd9,"0000 -29  0.1  10.140200  2  K1ABC FN42 33 
<DecodeFinished>",
-29.0,2.0,45,2026102545,1,K1ABC FN42 33,-29,2,10.140200,0.04889908000041032,0,official WSJT-X 3.0.2; binary SHA256 9e3c2fc14f63c4b4c4e9fcc33b386cd22daf8fe76ce724c5e37f07875e9a3dd9,"0000 -29  0.1  10.140200  2  K1ABC FN42 33 
<DecodeFinished>",
-29.0,2.0,46,2026102546,1,K1ABC FN42 33,-30,2,10.140200,0.06461855700035812,0,official WSJT-X 3.0.2; binary SHA256 9e3c2fc14f63c4b4c4e9fcc33b386cd22daf8fe76ce724c5e37f07875e9a3dd9,"0000 -30  0.1  10.140200  2  K1ABC FN42 33 
<DecodeFinished>",
-29.0,2.0,47,2026102547,1,K1ABC FN42 33,-29,2,10.140200,0.048616285999742104,0,official WSJT-X 3.0.2; binary SHA256 9e3c2fc14f63c4b4c4e9fcc33b386cd22daf8fe76ce724c5e37f07875e9a3dd9,"0000 -29  0.1  10.140200  2  K1ABC FN42 33 
<DecodeFinished>",
-29.0,2.0,48,2026102548,1,K1ABC FN42 33,-29,2,10.140200,0.05039479500010202,0,official WSJT-X 3.0.2; binary SHA256 9e3c2fc14f63c4b4c4e9fcc33b386cd22daf8fe76ce724c5e37f07875e9a3dd9,"0000 -29 -0.1  10.140200  2  K1ABC FN42 33 
<DecodeFinished>",
-29.0,2.0,49,2026102549,1,K1ABC FN42 33,-29,2,10.140200,0.056452991999321966,0,official WSJT-X 3.0.2; binary SHA256 9e3c2fc14f63c4b4c4e9fcc33b386cd22daf8fe76ce724c5e37f07875e9a3dd9,"0000 -29 -0.0  10.140200  2  K1ABC FN42 33 
<DecodeFinished>",
-29.0,2.0,51,2026102551,1,K1ABC FN42 33,-30,1,10.140200,0.04543393200037826,0,official WSJT-X 3.0.2; binary SHA256 9e3c2fc14f63c4b4c4e9fcc33b386cd22daf8fe76ce724c5e37f07875e9a3dd9,"0000 -30  0.1  10.140200  1  K1ABC FN42 33 
<DecodeFinished>",
-29.0,2.0,38,2026102538,0,,,,,0.5184492049993423,0,official WSJT-X 3.0.2; binary SHA256 9e3c2fc14f63c4b4c4e9fcc33b386cd22daf8fe76ce724c5e37f07875e9a3dd9,<DecodeFinished>,
-29.0,2.0,39,2026102539,0,,,,,0.5358242359998258,0,official WSJT-X 3.0.2; binary SHA256 9e3c2fc14f63c4b4c4e9fcc33b386cd22daf8fe76ce724c5e37f07875e9a3dd9,<DecodeFinished>,
-29.0,2.0,53,2026102553,1,K1ABC FN42 33,-28,2,10.140200,0.08737776599991776,0,official WSJT-X 3.0.2; binary SHA256 9e3c2fc14f63c4b4c4e9fcc33b386cd22daf8fe76ce724c5e37f07875e9a3dd9,"0000 -28 -0.1  10.140200  2  K1ABC FN42 33 
<DecodeFinished>",
-29.0,2.0,54,2026102554,1,K1ABC FN42 33,-30,2,10.140200,0.06954120499904093,0,official WSJT-X 3.0.2; binary SHA256 9e3c2fc14f63c4b4c4e9fcc33b386cd22daf8fe76ce724c5e37f07875e9a3dd9,"0000 -30 -0.1  10.140200  2  K1ABC FN42 33 
<DecodeFinished>",
-29.0,2.0,52,2026102552,0,,,,,0.1415906559996074,0,official WSJT-X 3.0.2; binary SHA256 9e3c2fc14f63c4b4c4e9fcc33b386cd22daf8fe76ce724c5e37f07875e9a3dd9,<DecodeFinished>,
-29.0,2.0,55,2026102555,1,K1ABC FN42 33,-29,1,10.140200,0.0600911220008129,0,official WSJT-X 3.0.2; binary SHA256 9e3c2fc14f63c4b4c4e9fcc33b386cd22daf8fe76ce724c5e37f07875e9a3dd9,"0000 -29  0.1  10.140200  1  K1ABC FN42 33 
<DecodeFinished>",
-29.0,2.0,56,2026102556,1,K1ABC FN42 33,-29,2,10.140200,0.05177879499933624,0,official WSJT-X 3.0.2; binary SHA256 9e3c2fc14f63c4b4c4e9fcc33b386cd22daf8fe76ce724c5e37f07875e9a3dd9,"0000 -29  0.0  10.140200  2  K1ABC FN42 33 
<DecodeFinished>",
-29.0,2.0,57,2026102557,1,K1ABC FN42 33,-29,2,10.140200,0.04959677899933013,0,official WSJT-X 3.0.2; binary SHA256 9e3c2fc14f63c4b4c4e9fcc33b386cd22daf8fe76ce724c5e37f07875e9a3dd9,"0000 -29  0.0  10.140200  2  K1ABC FN42 33 
<DecodeFinished>",
-29.0,2.0,58,2026102558,1,K1ABC FN42 33,-29,2,10.140200,0.05277230699903157,0,official WSJT-X 3.0.2; binary SHA256 9e3c2fc14f63c4b4c4e9fcc33b386cd22daf8fe76ce724c5e37f07875e9a3dd9,"0000 -29  0.1  10.140200  2  K1ABC FN42 33 
<DecodeFinished>",
-29.0,2.0,60,2026102560,1,K1ABC FN42 33,-30,2,10.140200,0.04909480300011637,0,official WSJT-X 3.0.2; binary SHA256 9e3c2fc14f63c4b4c4e9fcc33b386cd22daf8fe76ce724c5e37f07875e9a3dd9,"0000 -30 -0.0  10.140200  2  K1ABC FN42 33 
<DecodeFinished>",
-29.0,2.0,59,2026102559,1,K1ABC FN42 33,-30,2,10.140200,0.0625586709993513,0,official WSJT-X 3.0.2; binary SHA256 9e3c2fc14f63c4b4c4e9fcc33b386cd22daf8fe76ce724c5e37f07875e9a3dd9,"0000 -30 -0.1  10.140200  2  K1ABC FN42 33 
<DecodeFinished>",
-29.0,2.0,62,2026102562,1,K1ABC FN42 33,-28,2,10.140200,0.04658692399971187,0,official WSJT-X 3.0.2; binary SHA256 9e3c2fc14f63c4b4c4e9fcc33b386cd22daf8fe76ce724c5e37f07875e9a3dd9,"0000 -28  0.1  10.140200  2  K1ABC FN42 33 
<DecodeFinished>",
-29.0,2.0,61,2026102561,1,K1ABC FN42 33,-30,2,10.140200,0.07711792400004924,0,official WSJT-X 3.0.2; binary SHA256 9e3c2fc14f63c4b4c4e9fcc33b386cd22daf8fe76ce724c5e37f07875e9a3dd9,"0000 -30 -0.1  10.140200  2  K1ABC FN42 33 
<DecodeFinished>",
-29.0,2.0,63,2026102563,1,K1ABC FN42 33,-29,2,10.140200,0.045862724000471644,0,official WSJT-X 3.0.2; binary SHA256 9e3c2fc14f63c4b4c4e9fcc33b386cd22daf8fe76ce724c5e37f07875e9a3dd9,"0000 -29  0.0  10.140200  2  K1ABC FN42 33 
<DecodeFinished>",
-29.0,2.0,64,2026102564,1,K1ABC FN42 33,-29,2,10.140200,0.0531162499992206,0,official WSJT-X 3.0.2; binary SHA256 9e3c2fc14f63c4b4c4e9fcc33b386cd22daf8fe76ce724c5e37f07875e9a3dd9,"0000 -29 -0.1  10.140200  2  K1ABC FN42 33 
<DecodeFinished>",
-29.0,2.0,66,2026102566,1,K1ABC FN42 33,-29,2,10.140200,0.0465276979994087,0,official WSJT-X 3.0.2; binary SHA256 9e3c2fc14f63c4b4c4e9fcc33b386cd22daf8fe76ce724c5e37f07875e9a3dd9,"0000 -29  0.0  10.140200  2  K1ABC FN42 33 
<DecodeFinished>",
-29.0,2.0,65,2026102565,1,K1ABC FN42 33,-30,2,10.140200,0.05442979799954628,0,official WSJT-X 3.0.2; binary SHA256 9e3c2fc14f63c4b4c4e9fcc33b386cd22daf8fe76ce724c5e37f07875e9a3dd9,"0000 -30  0.0  10.140200  2  K1ABC FN42 33 
<DecodeFinished>",
-29.0,2.0,67,2026102567,1,K1ABC FN42 33,-28,2,10.140200,0.0491446799987898,0,official WSJT-X 3.0.2; binary SHA256 9e3c2fc14f63c4b4c4e9fcc33b386cd22daf8fe76ce724c5e37f07875e9a3dd9,"0000 -28 -0.1  10.140200  2  K1ABC FN42 33 
<DecodeFinished>",
-29.0,2.0,68,2026102568,1,K1ABC FN42 33,-29,2,10.140200,0.04876250500092283,0,official WSJT-X 3.0.2; binary SHA256 9e3c2fc14f63c4b4c4e9fcc33b386cd22daf8fe76ce724c5e37f07875e9a3dd9,"0000 -29  0.0  10.140200  2  K1ABC FN42 33 
<DecodeFinished>",
-29.0,2.0,70,2026102570,1,K1ABC FN42 33,-30,2,10.140200,0.0509730750000017,0,official WSJT-X 3.0.2; binary SHA256 9e3c2fc14f63c4b4c4e9fcc33b386cd22daf8fe76ce724c5e37f07875e9a3dd9,"0000 -30 -0.0  10.140200  2  K1ABC FN42 33 
<DecodeFinished>",
-29.0,2.0,71,2026102571,1,K1ABC FN42 33,-30,2,10.140200,0.0474961740001163,0,official WSJT-X 3.0.2; binary SHA256 9e3c2fc14f63c4b4c4e9fcc33b386cd22daf8fe76ce724c5e37f07875e9a3dd9,"0000 -30 -0.0  10.140200  2  K1ABC FN42 33 
<DecodeFinished>",
-29.0,2.0,50,2026102550,0,,,,,0.5375153579989274,0,official WSJT-X 3.0.2; binary SHA256 9e3c2fc14f63c4b4c4e9fcc33b386cd22daf8fe76ce724c5e37f07875e9a3dd9,<DecodeFinished>,
-29.0,2.0,72,2026102572,0,,,,,0.045288135999726364,0,official WSJT-X 3.0.2; binary SHA256 9e3c2fc14f63c4b4c4e9fcc33b386cd22daf8fe76ce724c5e37f07875e9a3dd9,<DecodeFinished>,
-29.0,2.0,73,2026102573,1,K1ABC FN42 33,-29,2,10.140200,0.050037568998959614,0,official WSJT-X 3.0.2; binary SHA256 9e3c2fc14f63c4b4c4e9fcc33b386cd22daf8fe76ce724c5e37f07875e9a3dd9,"0000 -29  0.0  10.140200  2  K1ABC FN42 33 
<DecodeFinished>",
-29.0,2.0,75,2026102575,1,K1ABC FN42 33,-29,2,10.140200,0.04615953800021089,0,official WSJT-X 3.0.2; binary SHA256 9e3c2fc14f63c4b4c4e9fcc33b386cd22daf8fe76ce724c5e37f07875e9a3dd9,"0000 -29 -0.0  10.140200  2  K1ABC FN42 33 
<DecodeFinished>",
-29.0,2.0,76,2026102576,1,K1ABC FN42 33,-29,2,10.140200,0.048135979999642586,0,official WSJT-X 3.0.2; binary SHA256 9e3c2fc14f63c4b4c4e9fcc33b386cd22daf8fe76ce724c5e37f07875e9a3dd9,"0000 -29  0.1  10.140200  2  K1ABC FN42 33 
<DecodeFinished>",
-29.0,2.0,77,2026102577,1,K1ABC FN42 33,-29,2,10.140200,0.05214287899980263,0,official WSJT-X 3.0.2; binary SHA256 9e3c2fc14f63c4b4c4e9fcc33b386cd22daf8fe76ce724c5e37f07875e9a3dd9,"0000 -29 -0.1  10.140200  2  K1ABC FN42 33 
<DecodeFinished>",
-29.0,2.0,78,2026102578,1,K1ABC FN42 33,-29,2,10.140200,0.050527036999483244,0,official WSJT-X 3.0.2; binary SHA256 9e3c2fc14f63c4b4c4e9fcc33b386cd22daf8fe76ce724c5e37f07875e9a3dd9,"0000 -29 -0.1  10.140200  2  K1ABC FN42 33 
<DecodeFinished>",
-29.0,2.0,74,2026102574,0,,,,,0.14151774200036016,0,official WSJT-X 3.0.2; binary SHA256 9e3c2fc14f63c4b4c4e9fcc33b386cd22daf8fe76ce724c5e37f07875e9a3dd9,<DecodeFinished>,
-29.0,2.0,79,2026102579,1,K1ABC FN42 33,-28,2,10.140200,0.054125720000229194,0,official WSJT-X 3.0.2; binary SHA256 9e3c2fc14f63c4b4c4e9fcc33b386cd22daf8fe76ce724c5e37f07875e9a3dd9,"0000 -28  0.1  10.140200  2  K1ABC FN42 33 
<DecodeFinished>",
-29.0,2.0,81,2026102581,1,K1ABC FN42 33,-29,1,10.140200,0.07776108399957593,0,official WSJT-X 3.0.2; binary SHA256 9e3c2fc14f63c4b4c4e9fcc33b386cd22daf8fe76ce724c5e37f07875e9a3dd9,"0000 -29  0.1  10.140200  1  K1ABC FN42 33 
<DecodeFinished>",
-29.0,2.0,82,2026102582,1,K1ABC FN42 33,-30,2,10.140200,0.050412856000548345,0,official WSJT-X 3.0.2; binary SHA256 9e3c2fc14f63c4b4c4e9fcc33b386cd22daf8fe76ce724c5e37f07875e9a3dd9,"0000 -30 -0.0  10.140200  2  K1ABC FN42 33 
<DecodeFinished>",
-29.0,2.0,80,2026102580,0,,,,,0.13735040000028675,0,official WSJT-X 3.0.2; binary SHA256 9e3c2fc14f63c4b4c4e9fcc33b386cd22daf8fe76ce724c5e37f07875e9a3dd9,<DecodeFinished>,
-29.0,2.0,84,2026102584,1,K1ABC FN42 33,-29,2,10.140200,0.04542156699972111,0,official WSJT-X 3.0.2; binary SHA256 9e3c2fc14f63c4b4c4e9fcc33b386cd22daf8fe76ce724c5e37f07875e9a3dd9,"0000 -29 -0.1  10.140200  2  K1ABC FN42 33 
<DecodeFinished>",
-29.0,2.0,83,2026102583,1,K1ABC FN42 33,-29,2,10.140200,0.05883107399859,0,official WSJT-X 3.0.2; binary SHA256 9e3c2fc14f63c4b4c4e9fcc33b386cd22daf8fe76ce724c5e37f07875e9a3dd9,"0000 -29 -0.1  10.140200  2  K1ABC FN42 33 
<DecodeFinished>",
-29.0,2.0,86,2026102586,1,K1ABC FN42 33,-29,2,10.140200,0.04436426800020854,0,official WSJT-X 3.0.2; binary SHA256 9e3c2fc14f63c4b4c4e9fcc33b386cd22daf8fe76ce724c5e37f07875e9a3dd9,"0000 -29  0.1  10.140200  2  K1ABC FN42 33 
<DecodeFinished>",
-29.0,2.0,85,2026102585,1,K1ABC FN42 33,-30,2,10.140200,0.06498635199932323,0,official WSJT-X 3.0.2; binary SHA256 9e3c2fc14f63c4b4c4e9fcc33b386cd22daf8fe76ce724c5e37f07875e9a3dd9,"0000 -30 -0.0  10.140200  2  K1ABC FN42 33 
<DecodeFinished>",
-29.0,2.0,87,2026102587,1,K1ABC FN42 33,-30,2,10.140200,0.054072057999292156,0,official WSJT-X 3.0.2; binary SHA256 9e3c2fc14f63c4b4c4e9fcc33b386cd22daf8fe76ce724c5e37f07875e9a3dd9,"0000 -30 -0.0  10.140200  2  K1ABC FN42 33 
<DecodeFinished>",
-29.0,2.0,88,2026102588,1,K1ABC FN42 33,-29,2,10.140200,0.05158136200043373,0,official WSJT-X 3.0.2; binary SHA256 9e3c2fc14f63c4b4c4e9fcc33b386cd22daf8fe76ce724c5e37f07875e9a3dd9,"0000 -29 -0.1  10.140200  2  K1ABC FN42 33 
<DecodeFinished>",
-29.0,2.0,89,2026102589,1,K1ABC FN42 33,-29,2,10.140200,0.0461424259992782,0,official WSJT-X 3.0.2; binary SHA256 9e3c2fc14f63c4b4c4e9fcc33b386cd22daf8fe76ce724c5e37f07875e9a3dd9,"0000 -29  0.0  10.140200  2  K1ABC FN42 33 
<DecodeFinished>",
-29.0,2.0,69,2026102569,0,,,,,0.529307754999536,0,official WSJT-X 3.0.2; binary SHA256 9e3c2fc14f63c4b4c4e9fcc33b386cd22daf8fe76ce724c5e37f07875e9a3dd9,<DecodeFinished>,
-29.0,2.0,91,2026102591,1,K1ABC FN42 33,-29,2,10.140200,0.04739205199985008,0,official WSJT-X 3.0.2; binary SHA256 9e3c2fc14f63c4b4c4e9fcc33b386cd22daf8fe76ce724c5e37f07875e9a3dd9,"0000 -29  0.0  10.140200  2  K1ABC FN42 33 
<DecodeFinished>",
-29.0,2.0,92,2026102592,0,,,,,0.042668938000133494,0,official WSJT-X 3.0.2; binary SHA256 9e3c2fc14f63c4b4c4e9fcc33b386cd22daf8fe76ce724c5e37f07875e9a3dd9,<DecodeFinished>,
-29.0,2.0,93,2026102593,1,K1ABC FN42 33,-29,1,10.140200,0.04413030800060369,0,official WSJT-X 3.0.2; binary SHA256 9e3c2fc14f63c4b4c4e9fcc33b386cd22daf8fe76ce724c5e37f07875e9a3dd9,"0000 -29 -0.1  10.140200  1  K1ABC FN42 33 
<DecodeFinished>",
-29.0,2.0,94,2026102594,1,K1ABC FN42 33,-29,2,10.140200,0.0443883640000422,0,official WSJT-X 3.0.2; binary SHA256 9e3c2fc14f63c4b4c4e9fcc33b386cd22daf8fe76ce724c5e37f07875e9a3dd9,"0000 -29 -0.0  10.140200  2  K1ABC FN42 33 
<DecodeFinished>",
-29.0,2.0,95,2026102595,1,K1ABC FN42 33,-28,2,10.140200,0.043418942999778665,0,official WSJT-X 3.0.2; binary SHA256 9e3c2fc14f63c4b4c4e9fcc33b386cd22daf8fe76ce724c5e37f07875e9a3dd9,"0000 -28  0.0  10.140200  2  K1ABC FN42 33 
<DecodeFinished>",
-29.0,2.0,90,2026102590,0,,,,,0.1406267200000002,0,official WSJT-X 3.0.2; binary SHA256 9e3c2fc14f63c4b4c4e9fcc33b386cd22daf8fe76ce724c5e37f07875e9a3dd9,<DecodeFinished>,
-29.0,2.0,97,2026102597,1,K1ABC FN42 33,-30,2,10.140200,0.06275597599960747,0,official WSJT-X 3.0.2; binary SHA256 9e3c2fc14f63c4b4c4e9fcc33b386cd22daf8fe76ce724c5e37f07875e9a3dd9,"0000 -30  0.1  10.140200  2  K1ABC FN42 33 
<DecodeFinished>",
-29.0,2.0,98,2026102598,1,K1ABC FN42 33,-29,2,10.140200,0.06018789799963997,0,official WSJT-X 3.0.2; binary SHA256 9e3c2fc14f63c4b4c4e9fcc33b386cd22daf8fe76ce724c5e37f07875e9a3dd9,"0000 -29  0.0  10.140200  2  K1ABC FN42 33 
<DecodeFinished>",
-29.0,2.0,96,2026102596,1,K1ABC FN42 33,-30,2,10.140200,0.0677641099991888,0,official WSJT-X 3.0.2; binary SHA256 9e3c2fc14f63c4b4c4e9fcc33b386cd22daf8fe76ce724c5e37f07875e9a3dd9,"0000 -30 -0.1  10.140200  2  K1ABC FN42 33 
<DecodeFinished>",
-29.0,-2.0,0,2026102500,1,K1ABC FN42 33,-29,-2,10.140200,0.047905506999086356,0,official WSJT-X 3.0.2; binary SHA256 9e3c2fc14f63c4b4c4e9fcc33b386cd22daf8fe76ce724c5e37f07875e9a3dd9,"0000 -29  0.0  10.140200 -2  K1ABC FN42 33 
<DecodeFinished>",
-29.0,-2.0,1,2026102501,1,K1ABC FN42 33,-29,-2,10.140200,0.04782830899966939,0,official WSJT-X 3.0.2; binary SHA256 9e3c2fc14f63c4b4c4e9fcc33b386cd22daf8fe76ce724c5e37f07875e9a3dd9,"0000 -29  0.0  10.140200 -2  K1ABC FN42 33 
<DecodeFinished>",
-29.0,-2.0,2,2026102502,1,K1ABC FN42 33,-29,-2,10.140200,0.06116207599916379,0,official WSJT-X 3.0.2; binary SHA256 9e3c2fc14f63c4b4c4e9fcc33b386cd22daf8fe76ce724c5e37f07875e9a3dd9,"0000 -29  0.1  10.140200 -2  K1ABC FN42 33 
<DecodeFinished>",
-29.0,2.0,99,2026102599,0,,,,,0.13825960299982398,0,official WSJT-X 3.0.2; binary SHA256 9e3c2fc14f63c4b4c4e9fcc33b386cd22daf8fe76ce724c5e37f07875e9a3dd9,<DecodeFinished>,
-29.0,-2.0,3,2026102503,1,K1ABC FN42 33,-29,-2,10.140200,0.04938810200110311,0,official WSJT-X 3.0.2; binary SHA256 9e3c2fc14f63c4b4c4e9fcc33b386cd22daf8fe76ce724c5e37f07875e9a3dd9,"0000 -29  0.1  10.140200 -2  K1ABC FN42 33 
<DecodeFinished>",
-29.0,-2.0,4,2026102504,1,K1ABC FN42 33,-29,-2,10.140200,0.05407351499889046,0,official WSJT-X 3.0.2; binary SHA256 9e3c2fc14f63c4b4c4e9fcc33b386cd22daf8fe76ce724c5e37f07875e9a3dd9,"0000 -29  0.1  10.140200 -2  K1ABC FN42 33 
<DecodeFinished>",
-29.0,-2.0,5,2026102505,1,K1ABC FN42 33,-29,-2,10.140200,0.05376776699995389,0,official WSJT-X 3.0.2; binary SHA256 9e3c2fc14f63c4b4c4e9fcc33b386cd22daf8fe76ce724c5e37f07875e9a3dd9,"0000 -29 -0.0  10.140200 -2  K1ABC FN42 33 
<DecodeFinished>",
-29.0,-2.0,7,2026102507,1,K1ABC FN42 33,-29,-2,10.140200,0.06470149699998728,0,official WSJT-X 3.0.2; binary SHA256 9e3c2fc14f63c4b4c4e9fcc33b386cd22daf8fe76ce724c5e37f07875e9a3dd9,"0000 -29  0.0  10.140200 -2  K1ABC FN42 33 
<DecodeFinished>",
-29.0,-2.0,8,2026102508,1,K1ABC FN42 33,-29,-2,10.140200,0.05996330799825955,0,official WSJT-X 3.0.2; binary SHA256 9e3c2fc14f63c4b4c4e9fcc33b386cd22daf8fe76ce724c5e37f07875e9a3dd9,"0000 -29  0.0  10.140200 -2  K1ABC FN42 33 
<DecodeFinished>",
-29.0,-2.0,6,2026102506,1,K1ABC FN42 33,-29,-2,10.140200,0.08477153100102441,0,official WSJT-X 3.0.2; binary SHA256 9e3c2fc14f63c4b4c4e9fcc33b386cd22daf8fe76ce724c5e37f07875e9a3dd9,"0000 -29 -0.1  10.140200 -2  K1ABC FN42 33 
<DecodeFinished>",
-29.0,-2.0,9,2026102509,1,K1ABC FN42 33,-28,-1,10.140200,0.069277675000194,0,official WSJT-X 3.0.2; binary SHA256 9e3c2fc14f63c4b4c4e9fcc33b386cd22daf8fe76ce724c5e37f07875e9a3dd9,"0000 -28  0.1  10.140200 -1  K1ABC FN42 33 
<DecodeFinished>",
-29.0,-2.0,11,2026102511,1,K1ABC FN42 33,-29,-2,10.140200,0.06440334699982486,0,official WSJT-X 3.0.2; binary SHA256 9e3c2fc14f63c4b4c4e9fcc33b386cd22daf8fe76ce724c5e37f07875e9a3dd9,"0000 -29  0.1  10.140200 -2  K1ABC FN42 33 
<DecodeFinished>",
-29.0,-2.0,10,2026102510,1,K1ABC FN42 33,-29,-2,10.140200,0.06664828099928854,0,official WSJT-X 3.0.2; binary SHA256 9e3c2fc14f63c4b4c4e9fcc33b386cd22daf8fe76ce724c5e37f07875e9a3dd9,"0000 -29 -0.1  10.140200 -2  K1ABC FN42 33 
<DecodeFinished>",
-29.0,-2.0,13,2026102513,1,K1ABC FN42 33,-29,-1,10.140200,0.04611335800109373,0,official WSJT-X 3.0.2; binary SHA256 9e3c2fc14f63c4b4c4e9fcc33b386cd22daf8fe76ce724c5e37f07875e9a3dd9,"0000 -29  0.0  10.140200 -1  K1ABC FN42 33 
<DecodeFinished>",
-29.0,-2.0,15,2026102515,1,K1ABC FN42 33,-28,-2,10.140200,0.048080541999297566,0,official WSJT-X 3.0.2; binary SHA256 9e3c2fc14f63c4b4c4e9fcc33b386cd22daf8fe76ce724c5e37f07875e9a3dd9,"0000 -28 -0.1  10.140200 -2  K1ABC FN42 33 
<DecodeFinished>",
-29.0,-2.0,14,2026102514,1,K1ABC FN42 33,-29,-2,10.140200,0.05028852400027972,0,official WSJT-X 3.0.2; binary SHA256 9e3c2fc14f63c4b4c4e9fcc33b386cd22daf8fe76ce724c5e37f07875e9a3dd9,"0000 -29  0.1  10.140200 -2  K1ABC FN42 33 
<DecodeFinished>",
-29.0,-2.0,16,2026102516,1,K1ABC FN42 33,-29,-2,10.140200,0.056191940000644536,0,official WSJT-X 3.0.2; binary SHA256 9e3c2fc14f63c4b4c4e9fcc33b386cd22daf8fe76ce724c5e37f07875e9a3dd9,"0000 -29  0.1  10.140200 -2  K1ABC FN42 33 
<DecodeFinished>",
-29.0,-2.0,12,2026102512,0,,,,,0.147201538000445,0,official WSJT-X 3.0.2; binary SHA256 9e3c2fc14f63c4b4c4e9fcc33b386cd22daf8fe76ce724c5e37f07875e9a3dd9,<DecodeFinished>,
-29.0,-2.0,17,2026102517,1,K1ABC FN42 33,-29,-2,10.140200,0.048418283000501106,0,official WSJT-X 3.0.2; binary SHA256 9e3c2fc14f63c4b4c4e9fcc33b386cd22daf8fe76ce724c5e37f07875e9a3dd9,"0000 -29  0.0  10.140200 -2  K1ABC FN42 33 
<DecodeFinished>",
-29.0,-2.0,18,2026102518,1,K1ABC FN42 33,-28,-2,10.140200,0.052846406999378814,0,official WSJT-X 3.0.2; binary SHA256 9e3c2fc14f63c4b4c4e9fcc33b386cd22daf8fe76ce724c5e37f07875e9a3dd9,"0000 -28  0.1  10.140200 -2  K1ABC FN42 33 
<DecodeFinished>",
-29.0,-2.0,19,2026102519,1,K1ABC FN42 33,-28,-2,10.140200,0.04976787899977353,0,official WSJT-X 3.0.2; binary SHA256 9e3c2fc14f63c4b4c4e9fcc33b386cd22daf8fe76ce724c5e37f07875e9a3dd9,"0000 -28  0.1  10.140200 -2  K1ABC FN42 33 
<DecodeFinished>",
-29.0,-2.0,20,2026102520,1,K1ABC FN42 33,-28,-2,10.140200,0.08250451700041594,0,official WSJT-X 3.0.2; binary SHA256 9e3c2fc14f63c4b4c4e9fcc33b386cd22daf8fe76ce724c5e37f07875e9a3dd9,"0000 -28 -0.1  10.140200 -2  K1ABC FN42 33 
<DecodeFinished>",
-29.0,-2.0,24,2026102524,0,,,,,0.04499799000041094,0,official WSJT-X 3.0.2; binary SHA256 9e3c2fc14f63c4b4c4e9fcc33b386cd22daf8fe76ce724c5e37f07875e9a3dd9,<DecodeFinished>,
-29.0,-2.0,23,2026102523,0,,,,,0.13470057000085944,0,official WSJT-X 3.0.2; binary SHA256 9e3c2fc14f63c4b4c4e9fcc33b386cd22daf8fe76ce724c5e37f07875e9a3dd9,<DecodeFinished>,
-29.0,-2.0,22,2026102522,0,,,,,0.15159204900010081,0,official WSJT-X 3.0.2; binary SHA256 9e3c2fc14f63c4b4c4e9fcc33b386cd22daf8fe76ce724c5e37f07875e9a3dd9,<DecodeFinished>,
-29.0,-2.0,21,2026102521,0,,,,,0.16363839100085897,0,official WSJT-X 3.0.2; binary SHA256 9e3c2fc14f63c4b4c4e9fcc33b386cd22daf8fe76ce724c5e37f07875e9a3dd9,<DecodeFinished>,
-29.0,-2.0,26,2026102526,1,K1ABC FN42 33,-29,-2,10.140200,0.05194610500075214,0,official WSJT-X 3.0.2; binary SHA256 9e3c2fc14f63c4b4c4e9fcc33b386cd22daf8fe76ce724c5e37f07875e9a3dd9,"0000 -29  0.1  10.140200 -2  K1ABC FN42 33 
<DecodeFinished>",
-29.0,-2.0,27,2026102527,1,K1ABC FN42 33,-28,-2,10.140200,0.049403421999159036,0,official WSJT-X 3.0.2; binary SHA256 9e3c2fc14f63c4b4c4e9fcc33b386cd22daf8fe76ce724c5e37f07875e9a3dd9,"0000 -28  0.0  10.140200 -2  K1ABC FN42 33 
<DecodeFinished>",
-29.0,-2.0,28,2026102528,1,K1ABC FN42 33,-29,-2,10.140200,0.045589944998937426,0,official WSJT-X 3.0.2; binary SHA256 9e3c2fc14f63c4b4c4e9fcc33b386cd22daf8fe76ce724c5e37f07875e9a3dd9,"0000 -29  0.0  10.140200 -2  K1ABC FN42 33 
<DecodeFinished>",
-29.0,-2.0,31,2026102531,1,K1ABC FN42 33,-29,-2,10.140200,0.04731383499893127,0,official WSJT-X 3.0.2; binary SHA256 9e3c2fc14f63c4b4c4e9fcc33b386cd22daf8fe76ce724c5e37f07875e9a3dd9,"0000 -29  0.1  10.140200 -2  K1ABC FN42 33 
<DecodeFinished>",
-29.0,-2.0,25,2026102525,0,,,,,0.15042499000082898,0,official WSJT-X 3.0.2; binary SHA256 9e3c2fc14f63c4b4c4e9fcc33b386cd22daf8fe76ce724c5e37f07875e9a3dd9,<DecodeFinished>,
-29.0,-2.0,30,2026102530,1,K1ABC FN42 33,-29,-1,10.140200,0.07911799599969527,0,official WSJT-X 3.0.2; binary SHA256 9e3c2fc14f63c4b4c4e9fcc33b386cd22daf8fe76ce724c5e37f07875e9a3dd9,"0000 -29  0.0  10.140200 -1  K1ABC FN42 33 
<DecodeFinished>",
-29.0,-2.0,32,2026102532,1,K1ABC FN42 33,-28,-1,10.140200,0.046972011999969254,0,official WSJT-X 3.0.2; binary SHA256 9e3c2fc14f63c4b4c4e9fcc33b386cd22daf8fe76ce724c5e37f07875e9a3dd9,"0000 -28 -0.0  10.140200 -1  K1ABC FN42 33 
<DecodeFinished>",
-29.0,-2.0,34,2026102534,1,K1ABC FN42 33,-29,-2,10.140200,0.04714007499933359,0,official WSJT-X 3.0.2; binary SHA256 9e3c2fc14f63c4b4c4e9fcc33b386cd22daf8fe76ce724c5e37f07875e9a3dd9,"0000 -29 -0.1  10.140200 -2  K1ABC FN42 33 
<DecodeFinished>",
-29.0,-2.0,29,2026102529,0,,,,,0.14618664599947806,0,official WSJT-X 3.0.2; binary SHA256 9e3c2fc14f63c4b4c4e9fcc33b386cd22daf8fe76ce724c5e37f07875e9a3dd9,<DecodeFinished>,
-29.0,-2.0,35,2026102535,1,K1ABC FN42 33,-29,-2,10.140200,0.05185697799970512,0,official WSJT-X 3.0.2; binary SHA256 9e3c2fc14f63c4b4c4e9fcc33b386cd22daf8fe76ce724c5e37f07875e9a3dd9,"0000 -29  0.0  10.140200 -2  K1ABC FN42 33 
<DecodeFinished>",
-29.0,-2.0,38,2026102538,0,,,,,0.04122864100099832,0,official WSJT-X 3.0.2; binary SHA256 9e3c2fc14f63c4b4c4e9fcc33b386cd22daf8fe76ce724c5e37f07875e9a3dd9,<DecodeFinished>,
-29.0,-2.0,37,2026102537,1,K1ABC FN42 33,-28,-2,10.140200,0.054603341999609256,0,official WSJT-X 3.0.2; binary SHA256 9e3c2fc14f63c4b4c4e9fcc33b386cd22daf8fe76ce724c5e37f07875e9a3dd9,"0000 -28 -0.0  10.140200 -2  K1ABC FN42 33 
<DecodeFinished>",
-29.0,-2.0,33,2026102533,0,,,,,0.14084869499856723,0,official WSJT-X 3.0.2; binary SHA256 9e3c2fc14f63c4b4c4e9fcc33b386cd22daf8fe76ce724c5e37f07875e9a3dd9,<DecodeFinished>,
-29.0,-2.0,39,2026102539,1,K1ABC FN42 33,-29,-2,10.140200,0.05175115899874072,0,official WSJT-X 3.0.2; binary SHA256 9e3c2fc14f63c4b4c4e9fcc33b386cd22daf8fe76ce724c5e37f07875e9a3dd9,"0000 -29  0.1  10.140200 -2  K1ABC FN42 33 
<DecodeFinished>",
-29.0,-2.0,36,2026102536,0,,,,,0.1416603910001868,0,official WSJT-X 3.0.2; binary SHA256 9e3c2fc14f63c4b4c4e9fcc33b386cd22daf8fe76ce724c5e37f07875e9a3dd9,<DecodeFinished>,
-29.0,-2.0,42,2026102542,1,K1ABC FN42 33,-29,-2,10.140200,0.04699982300007832,0,official WSJT-X 3.0.2; binary SHA256 9e3c2fc14f63c4b4c4e9fcc33b386cd22daf8fe76ce724c5e37f07875e9a3dd9,"0000 -29  0.0  10.140200 -2  K1ABC FN42 33 
<DecodeFinished>",
-29.0,-2.0,43,2026102543,1,K1ABC FN42 33,-29,-2,10.140200,0.044429461000618176,0,official WSJT-X 3.0.2; binary SHA256 9e3c2fc14f63c4b4c4e9fcc33b386cd22daf8fe76ce724c5e37f07875e9a3dd9,"0000 -29  0.0  10.140200 -2  K1ABC FN42 33 
<DecodeFinished>",
-29.0,-2.0,44,2026102544,0,,,,,0.042443309001100715,0,official WSJT-X 3.0.2; binary SHA256 9e3c2fc14f63c4b4c4e9fcc33b386cd22daf8fe76ce724c5e37f07875e9a3dd9,<DecodeFinished>,
-29.0,-2.0,41,2026102541,0,,,,,0.13982649600075092,0,official WSJT-X 3.0.2; binary SHA256 9e3c2fc14f63c4b4c4e9fcc33b386cd22daf8fe76ce724c5e37f07875e9a3dd9,<DecodeFinished>,
-29.0,-2.0,45,2026102545,1,K1ABC FN42 33,-30,-2,10.140200,0.0540305319991603,0,official WSJT-X 3.0.2; binary SHA256 9e3c2fc14f63c4b4c4e9fcc33b386cd22daf8fe76ce724c5e37f07875e9a3dd9,"0000 -30 -0.1  10.140200 -2  K1ABC FN42 33 
<DecodeFinished>",
-29.0,-2.0,46,2026102546,1,K1ABC FN42 33,-30,-2,10.140200,0.047729436999361496,0,official WSJT-X 3.0.2; binary SHA256 9e3c2fc14f63c4b4c4e9fcc33b386cd22daf8fe76ce724c5e37f07875e9a3dd9,"0000 -30 -0.1  10.140200 -2  K1ABC FN42 33 
<DecodeFinished>",
-29.0,-2.0,48,2026102548,1,K1ABC FN42 33,-30,-2,10.140200,0.04590612500032876,0,official WSJT-X 3.0.2; binary SHA256 9e3c2fc14f63c4b4c4e9fcc33b386cd22daf8fe76ce724c5e37f07875e9a3dd9,"0000 -30  0.1  10.140200 -2  K1ABC FN42 33 
<DecodeFinished>",
-29.0,-2.0,49,2026102549,1,K1ABC FN42 33,-29,-2,10.140200,0.0891058899997006,0,official WSJT-X 3.0.2; binary SHA256 9e3c2fc14f63c4b4c4e9fcc33b386cd22daf8fe76ce724c5e37f07875e9a3dd9,"0000 -29  0.1  10.140200 -2  K1ABC FN42 33 
<DecodeFinished>",
-29.0,-2.0,47,2026102547,0,,,,,0.13998758500019903,0,official WSJT-X 3.0.2; binary SHA256 9e3c2fc14f63c4b4c4e9fcc33b386cd22daf8fe76ce724c5e37f07875e9a3dd9,<DecodeFinished>,
-29.0,-2.0,50,2026102550,1,K1ABC FN42 33,-30,-1,10.140200,0.10126141499858932,0,official WSJT-X 3.0.2; binary SHA256 9e3c2fc14f63c4b4c4e9fcc33b386cd22daf8fe76ce724c5e37f07875e9a3dd9,"0000 -30 -0.1  10.140200 -1  K1ABC FN42 33 
<DecodeFinished>",
-29.0,-2.0,52,2026102552,1,K1ABC FN42 33,-29,-2,10.140200,0.05431715599843301,0,official WSJT-X 3.0.2; binary SHA256 9e3c2fc14f63c4b4c4e9fcc33b386cd22daf8fe76ce724c5e37f07875e9a3dd9,"0000 -29 -0.0  10.140200 -2  K1ABC FN42 33 
<DecodeFinished>",
-29.0,-2.0,51,2026102551,1,K1ABC FN42 33,-30,-2,10.140200,0.08943654599897854,0,official WSJT-X 3.0.2; binary SHA256 9e3c2fc14f63c4b4c4e9fcc33b386cd22daf8fe76ce724c5e37f07875e9a3dd9,"0000 -30  0.1  10.140200 -2  K1ABC FN42 33 
<DecodeFinished>",
-29.0,-2.0,53,2026102553,1,K1ABC FN42 33,-28,-2,10.140200,0.061144057999626966,0,official WSJT-X 3.0.2; binary SHA256 9e3c2fc14f63c4b4c4e9fcc33b386cd22daf8fe76ce724c5e37f07875e9a3dd9,"0000 -28  0.1  10.140200 -2  K1ABC FN42 33 
<DecodeFinished>",
-29.0,-2.0,54,2026102554,1,K1ABC FN42 33,-29,-2,10.140200,0.06407108600069478,0,official WSJT-X 3.0.2; binary SHA256 9e3c2fc14f63c4b4c4e9fcc33b386cd22daf8fe76ce724c5e37f07875e9a3dd9,"0000 -29 -0.1  10.140200 -2  K1ABC FN42 33 
<DecodeFinished>",
-29.0,-2.0,55,2026102555,1,K1ABC FN42 33,-29,-1,10.140200,0.047890067000480485,0,official WSJT-X 3.0.2; binary SHA256 9e3c2fc14f63c4b4c4e9fcc33b386cd22daf8fe76ce724c5e37f07875e9a3dd9,"0000 -29 -0.1  10.140200 -1  K1ABC FN42 33 
<DecodeFinished>",
-29.0,-2.0,56,2026102556,1,K1ABC FN42 33,-29,-2,10.140200,0.04863764599940623,0,official WSJT-X 3.0.2; binary SHA256 9e3c2fc14f63c4b4c4e9fcc33b386cd22daf8fe76ce724c5e37f07875e9a3dd9,"0000 -29  0.0  10.140200 -2  K1ABC FN42 33 
<DecodeFinished>",
-29.0,-2.0,57,2026102557,1,K1ABC FN42 33,-29,-2,10.140200,0.04884202299945173,0,official WSJT-X 3.0.2; binary SHA256 9e3c2fc14f63c4b4c4e9fcc33b386cd22daf8fe76ce724c5e37f07875e9a3dd9,"0000 -29 -0.0  10.140200 -2  K1ABC FN42 33 
<DecodeFinished>",
-29.0,-2.0,58,2026102558,1,K1ABC FN42 33,-29,-2,10.140200,0.04715505499916617,0,official WSJT-X 3.0.2; binary SHA256 9e3c2fc14f63c4b4c4e9fcc33b386cd22daf8fe76ce724c5e37f07875e9a3dd9,"0000 -29 -0.1  10.140200 -2  K1ABC FN42 33 
<DecodeFinished>",
-29.0,-2.0,59,2026102559,1,K1ABC FN42 33,-29,-1,10.140200,0.06556240000099933,0,official WSJT-X 3.0.2; binary SHA256 9e3c2fc14f63c4b4c4e9fcc33b386cd22daf8fe76ce724c5e37f07875e9a3dd9,"0000 -29 -0.0  10.140200 -1  K1ABC FN42 33 
<DecodeFinished>",
-29.0,-2.0,61,2026102561,1,K1ABC FN42 33,-30,-2,10.140200,0.04573934600011853,0,official WSJT-X 3.0.2; binary SHA256 9e3c2fc14f63c4b4c4e9fcc33b386cd22daf8fe76ce724c5e37f07875e9a3dd9,"0000 -30 -0.1  10.140200 -2  K1ABC FN42 33 
<DecodeFinished>",
-29.0,-2.0,60,2026102560,1,K1ABC FN42 33,-30,-2,10.140200,0.04692948500087368,0,official WSJT-X 3.0.2; binary SHA256 9e3c2fc14f63c4b4c4e9fcc33b386cd22daf8fe76ce724c5e37f07875e9a3dd9,"0000 -30  0.0  10.140200 -2  K1ABC FN42 33 
<DecodeFinished>",
-29.0,-2.0,40,2026102540,0,,,,,0.5093273170004977,0,official WSJT-X 3.0.2; binary SHA256 9e3c2fc14f63c4b4c4e9fcc33b386cd22daf8fe76ce724c5e37f07875e9a3dd9,<DecodeFinished>,
-29.0,-2.0,62,2026102562,1,K1ABC FN42 33,-28,-2,10.140200,0.07103640599962091,0,official WSJT-X 3.0.2; binary SHA256 9e3c2fc14f63c4b4c4e9fcc33b386cd22daf8fe76ce724c5e37f07875e9a3dd9,"0000 -28 -0.0  10.140200 -2  K1ABC FN42 33 
<DecodeFinished>",
-29.0,-2.0,65,2026102565,1,K1ABC FN42 33,-29,-2,10.140200,0.055196637998960796,0,official WSJT-X 3.0.2; binary SHA256 9e3c2fc14f63c4b4c4e9fcc33b386cd22daf8fe76ce724c5e37f07875e9a3dd9,"0000 -29  0.1  10.140200 -2  K1ABC FN42 33 
<DecodeFinished>",
-29.0,-2.0,64,2026102564,1,K1ABC FN42 33,-29,-2,10.140200,0.06151936399874103,0,official WSJT-X 3.0.2; binary SHA256 9e3c2fc14f63c4b4c4e9fcc33b386cd22daf8fe76ce724c5e37f07875e9a3dd9,"0000 -29 -0.1  10.140200 -2  K1ABC FN42 33 
<DecodeFinished>",
-29.0,-2.0,67,2026102567,1,K1ABC FN42 33,-29,-2,10.140200,0.04829803000029642,0,official WSJT-X 3.0.2; binary SHA256 9e3c2fc14f63c4b4c4e9fcc33b386cd22daf8fe76ce724c5e37f07875e9a3dd9,"0000 -29 -0.0  10.140200 -2  K1ABC FN42 33 
<DecodeFinished>",
-29.0,-2.0,66,2026102566,1,K1ABC FN42 33,-29,-2,10.140200,0.051982167999085505,0,official WSJT-X 3.0.2; binary SHA256 9e3c2fc14f63c4b4c4e9fcc33b386cd22daf8fe76ce724c5e37f07875e9a3dd9,"0000 -29  0.1  10.140200 -2  K1ABC FN42 33 
<DecodeFinished>",
-29.0,-2.0,63,2026102563,0,,,,,0.1513623609989736,0,official WSJT-X 3.0.2; binary SHA256 9e3c2fc14f63c4b4c4e9fcc33b386cd22daf8fe76ce724c5e37f07875e9a3dd9,<DecodeFinished>,
-29.0,-2.0,69,2026102569,1,K1ABC FN42 33,-29,-1,10.140200,0.05320527799995034,0,official WSJT-X 3.0.2; binary SHA256 9e3c2fc14f63c4b4c4e9fcc33b386cd22daf8fe76ce724c5e37f07875e9a3dd9,"0000 -29  0.0  10.140200 -1  K1ABC FN42 33 
<DecodeFinished>",
-29.0,-2.0,68,2026102568,0,,,,,0.14567969699965033,0,official WSJT-X 3.0.2; binary SHA256 9e3c2fc14f63c4b4c4e9fcc33b386cd22daf8fe76ce724c5e37f07875e9a3dd9,<DecodeFinished>,
-29.0,-2.0,71,2026102571,1,K1ABC FN42 33,-29,-2,10.140200,0.06420819499908248,0,official WSJT-X 3.0.2; binary SHA256 9e3c2fc14f63c4b4c4e9fcc33b386cd22daf8fe76ce724c5e37f07875e9a3dd9,"0000 -29  0.0  10.140200 -2  K1ABC FN42 33 
<DecodeFinished>",
-29.0,-2.0,70,2026102570,0,,,,,0.14059253800041915,0,official WSJT-X 3.0.2; binary SHA256 9e3c2fc14f63c4b4c4e9fcc33b386cd22daf8fe76ce724c5e37f07875e9a3dd9,<DecodeFinished>,
-29.0,-2.0,74,2026102574,1,K1ABC FN42 33,-28,-2,10.140200,0.04854966099992453,0,official WSJT-X 3.0.2; binary SHA256 9e3c2fc14f63c4b4c4e9fcc33b386cd22daf8fe76ce724c5e37f07875e9a3dd9,"0000 -28  0.1  10.140200 -2  K1ABC FN42 33 
<DecodeFinished>",
-29.0,-2.0,73,2026102573,1,K1ABC FN42 33,-29,-2,10.140200,0.05909585699919262,0,official WSJT-X 3.0.2; binary SHA256 9e3c2fc14f63c4b4c4e9fcc33b386cd22daf8fe76ce724c5e37f07875e9a3dd9,"0000 -29  0.0  10.140200 -2  K1ABC FN42 33 
<DecodeFinished>",
-29.0,-2.0,75,2026102575,1,K1ABC FN42 33,-28,-2,10.140200,0.0468774900000426,0,official WSJT-X 3.0.2; binary SHA256 9e3c2fc14f63c4b4c4e9fcc33b386cd22daf8fe76ce724c5e37f07875e9a3dd9,"0000 -28  0.0  10.140200 -2  K1ABC FN42 33 
<DecodeFinished>",
-29.0,-2.0,72,2026102572,0,,,,,0.14283973000055994,0,official WSJT-X 3.0.2; binary SHA256 9e3c2fc14f63c4b4c4e9fcc33b386cd22daf8fe76ce724c5e37f07875e9a3dd9,<DecodeFinished>,
-29.0,-2.0,76,2026102576,1,K1ABC FN42 33,-29,-2,10.140200,0.06908174399904965,0,official WSJT-X 3.0.2; binary SHA256 9e3c2fc14f63c4b4c4e9fcc33b386cd22daf8fe76ce724c5e37f07875e9a3dd9,"0000 -29  0.1  10.140200 -2  K1ABC FN42 33 
<DecodeFinished>",
-29.0,-2.0,77,2026102577,1,K1ABC FN42 33,-29,-1,10.140200,0.07198702200003027,0,official WSJT-X 3.0.2; binary SHA256 9e3c2fc14f63c4b4c4e9fcc33b386cd22daf8fe76ce724c5e37f07875e9a3dd9,"0000 -29 -0.0  10.140200 -1  K1ABC FN42 33 
<DecodeFinished>",
-29.0,-2.0,78,2026102578,1,K1ABC FN42 33,-28,-2,10.140200,0.06729154999993625,0,official WSJT-X 3.0.2; binary SHA256 9e3c2fc14f63c4b4c4e9fcc33b386cd22daf8fe76ce724c5e37f07875e9a3dd9,"0000 -28  0.0  10.140200 -2  K1ABC FN42 33 
<DecodeFinished>",
-29.0,-2.0,79,2026102579,1,K1ABC FN42 33,-28,-2,10.140200,0.062518356999135,0,official WSJT-X 3.0.2; binary SHA256 9e3c2fc14f63c4b4c4e9fcc33b386cd22daf8fe76ce724c5e37f07875e9a3dd9,"0000 -28  0.1  10.140200 -2  K1ABC FN42 33 
<DecodeFinished>",
-29.0,-2.0,81,2026102581,1,K1ABC FN42 33,-28,-2,10.140200,0.05089838399908331,0,official WSJT-X 3.0.2; binary SHA256 9e3c2fc14f63c4b4c4e9fcc33b386cd22daf8fe76ce724c5e37f07875e9a3dd9,"0000 -28  0.1  10.140200 -2  K1ABC FN42 33 
<DecodeFinished>",
-29.0,-2.0,82,2026102582,1,K1ABC FN42 33,-30,-2,10.140200,0.045030286000837805,0,official WSJT-X 3.0.2; binary SHA256 9e3c2fc14f63c4b4c4e9fcc33b386cd22daf8fe76ce724c5e37f07875e9a3dd9,"0000 -30  0.1  10.140200 -2  K1ABC FN42 33 
<DecodeFinished>",
-29.0,-2.0,83,2026102583,1,K1ABC FN42 33,-29,-2,10.140200,0.047299510000812006,0,official WSJT-X 3.0.2; binary SHA256 9e3c2fc14f63c4b4c4e9fcc33b386cd22daf8fe76ce724c5e37f07875e9a3dd9,"0000 -29 -0.1  10.140200 -2  K1ABC FN42 33 
<DecodeFinished>",
-29.0,-2.0,84,2026102584,1,K1ABC FN42 33,-30,-1,10.140200,0.05786884300141537,0,official WSJT-X 3.0.2; binary SHA256 9e3c2fc14f63c4b4c4e9fcc33b386cd22daf8fe76ce724c5e37f07875e9a3dd9,"0000 -30  0.0  10.140200 -1  K1ABC FN42 33 
<DecodeFinished>",
-29.0,-2.0,86,2026102586,1,K1ABC FN42 33,-29,-2,10.140200,0.04872787900058029,0,official WSJT-X 3.0.2; binary SHA256 9e3c2fc14f63c4b4c4e9fcc33b386cd22daf8fe76ce724c5e37f07875e9a3dd9,"0000 -29  0.0  10.140200 -2  K1ABC FN42 33 
<DecodeFinished>",
-29.0,-2.0,80,2026102580,0,,,,,0.13966663199971663,0,official WSJT-X 3.0.2; binary SHA256 9e3c2fc14f63c4b4c4e9fcc33b386cd22daf8fe76ce724c5e37f07875e9a3dd9,<DecodeFinished>,
-29.0,-2.0,88,2026102588,1,K1ABC FN42 33,-29,-2,10.140200,0.04994868399990082,0,official WSJT-X 3.0.2; binary SHA256 9e3c2fc14f63c4b4c4e9fcc33b386cd22daf8fe76ce724c5e37f07875e9a3dd9,"0000 -29 -0.0  10.140200 -2  K1ABC FN42 33 
<DecodeFinished>",
-29.0,-2.0,87,2026102587,1,K1ABC FN42 33,-29,-2,10.140200,0.06748089999928197,0,official WSJT-X 3.0.2; binary SHA256 9e3c2fc14f63c4b4c4e9fcc33b386cd22daf8fe76ce724c5e37f07875e9a3dd9,"0000 -29 -0.1  10.140200 -2  K1ABC FN42 33 
<DecodeFinished>",
-29.0,-2.0,89,2026102589,1,K1ABC FN42 33,-29,-2,10.140200,0.04846482100037974,0,official WSJT-X 3.0.2; binary SHA256 9e3c2fc14f63c4b4c4e9fcc33b386cd22daf8fe76ce724c5e37f07875e9a3dd9,"0000 -29  0.1  10.140200 -2  K1ABC FN42 33 
<DecodeFinished>",
-29.0,-2.0,90,2026102590,1,K1ABC FN42 33,-30,-2,10.140200,0.04482135000034759,0,official WSJT-X 3.0.2; binary SHA256 9e3c2fc14f63c4b4c4e9fcc33b386cd22daf8fe76ce724c5e37f07875e9a3dd9,"0000 -30 -0.1  10.140200 -2  K1ABC FN42 33 
<DecodeFinished>",
-29.0,-2.0,85,2026102585,0,,,,,0.14702742000008584,0,official WSJT-X 3.0.2; binary SHA256 9e3c2fc14f63c4b4c4e9fcc33b386cd22daf8fe76ce724c5e37f07875e9a3dd9,<DecodeFinished>,
-29.0,-2.0,91,2026102591,1,K1ABC FN42 33,-29,-2,10.140200,0.04522017099952791,0,official WSJT-X 3.0.2; binary SHA256 9e3c2fc14f63c4b4c4e9fcc33b386cd22daf8fe76ce724c5e37f07875e9a3dd9,"0000 -29 -0.0  10.140200 -2  K1ABC FN42 33 
<DecodeFinished>",
-29.0,-2.0,92,2026102592,1,K1ABC FN42 33,-29,-2,10.140200,0.053620970000338275,0,official WSJT-X 3.0.2; binary SHA256 9e3c2fc14f63c4b4c4e9fcc33b386cd22daf8fe76ce724c5e37f07875e9a3dd9,"0000 -29 -0.1  10.140200 -2  K1ABC FN42 33 
<DecodeFinished>",
-29.0,-2.0,93,2026102593,1,K1ABC FN42 33,-30,-2,10.140200,0.0664455159985664,0,official WSJT-X 3.0.2; binary SHA256 9e3c2fc14f63c4b4c4e9fcc33b386cd22daf8fe76ce724c5e37f07875e9a3dd9,"0000 -30 -0.1  10.140200 -2  K1ABC FN42 33 
<DecodeFinished>",
-29.0,-2.0,96,2026102596,1,K1ABC FN42 33,-29,-2,10.140200,0.055844788999820594,0,official WSJT-X 3.0.2; binary SHA256 9e3c2fc14f63c4b4c4e9fcc33b386cd22daf8fe76ce724c5e37f07875e9a3dd9,"0000 -29  0.0  10.140200 -2  K1ABC FN42 33 
<DecodeFinished>",
-29.0,-2.0,95,2026102595,1,K1ABC FN42 33,-28,-2,10.140200,0.06954740799847059,0,official WSJT-X 3.0.2; binary SHA256 9e3c2fc14f63c4b4c4e9fcc33b386cd22daf8fe76ce724c5e37f07875e9a3dd9,"0000 -28 -0.0  10.140200 -2  K1ABC FN42 33 
<DecodeFinished>",
-29.0,-2.0,94,2026102594,1,K1ABC FN42 33,-29,-2,10.140200,0.08646978300021146,0,official WSJT-X 3.0.2; binary SHA256 9e3c2fc14f63c4b4c4e9fcc33b386cd22daf8fe76ce724c5e37f07875e9a3dd9,"0000 -29  0.1  10.140200 -2  K1ABC FN42 33 
<DecodeFinished>",
-29.0,-2.0,98,2026102598,1,K1ABC FN42 33,-29,-2,10.140200,0.060516560000905883,0,official WSJT-X 3.0.2; binary SHA256 9e3c2fc14f63c4b4c4e9fcc33b386cd22daf8fe76ce724c5e37f07875e9a3dd9,"0000 -29  0.0  10.140200 -2  K1ABC FN42 33 
<DecodeFinished>",
-29.0,-2.0,99,2026102599,1,K1ABC FN42 33,-29,-2,10.140200,0.0650636009995651,0,official WSJT-X 3.0.2; binary SHA256 9e3c2fc14f63c4b4c4e9fcc33b386cd22daf8fe76ce724c5e37f07875e9a3dd9,"0000 -29 -0.1  10.140200 -2  K1ABC FN42 33 
<DecodeFinished>",
-29.0,-2.0,97,2026102597,1,K1ABC FN42 33,-30,-2,10.140200,0.09657344100014598,0,official WSJT-X 3.0.2; binary SHA256 9e3c2fc14f63c4b4c4e9fcc33b386cd22daf8fe76ce724c5e37f07875e9a3dd9,"0000 -30  0.1  10.140200 -2  K1ABC FN42 33 
<DecodeFinished>",
-30.0,0.0,2,2026112502,1,K1ABC FN42 33,-30,0,10.140200,0.042408850000356324,0,official WSJT-X 3.0.2; binary SHA256 9e3c2fc14f63c4b4c4e9fcc33b386cd22daf8fe76ce724c5e37f07875e9a3dd9,"0000 -30 -0.0  10.140200  0  K1ABC FN42 33 
<DecodeFinished>",
-30.0,0.0,1,2026112501,1,K1ABC FN42 33,-29,0,10.140200,0.05767122399993241,0,official WSJT-X 3.0.2; binary SHA256 9e3c2fc14f63c4b4c4e9fcc33b386cd22daf8fe76ce724c5e37f07875e9a3dd9,"0000 -29 -0.1  10.140200  0  K1ABC FN42 33 
<DecodeFinished>",
-30.0,0.0,3,2026112503,1,K1ABC FN42 33,-30,0,10.140200,0.0971149510005489,0,official WSJT-X 3.0.2; binary SHA256 9e3c2fc14f63c4b4c4e9fcc33b386cd22daf8fe76ce724c5e37f07875e9a3dd9,"0000 -30  0.1  10.140200  0  K1ABC FN42 33 
<DecodeFinished>",
-30.0,0.0,4,2026112504,1,K1ABC FN42 33,-30,0,10.140200,0.17797158000030322,0,official WSJT-X 3.0.2; binary SHA256 9e3c2fc14f63c4b4c4e9fcc33b386cd22daf8fe76ce724c5e37f07875e9a3dd9,"0000 -30  0.1  10.140200  0  K1ABC FN42 33 
<DecodeFinished>",
-30.0,0.0,6,2026112506,1,K1ABC FN42 33,-31,0,10.140200,0.10305300400068518,0,official WSJT-X 3.0.2; binary SHA256 9e3c2fc14f63c4b4c4e9fcc33b386cd22daf8fe76ce724c5e37f07875e9a3dd9,"0000 -31  0.1  10.140200  0  K1ABC FN42 33 
<DecodeFinished>",
-30.0,0.0,8,2026112508,1,K1ABC FN42 33,-29,0,10.140200,0.08406954299971403,0,official WSJT-X 3.0.2; binary SHA256 9e3c2fc14f63c4b4c4e9fcc33b386cd22daf8fe76ce724c5e37f07875e9a3dd9,"0000 -29 -0.0  10.140200  0  K1ABC FN42 33 
<DecodeFinished>",
-30.0,0.0,5,2026112505,1,K1ABC FN42 33,-30,0,10.140200,0.34147680299975036,0,official WSJT-X 3.0.2; binary SHA256 9e3c2fc14f63c4b4c4e9fcc33b386cd22daf8fe76ce724c5e37f07875e9a3dd9,"0000 -30  0.1  10.140200  0  K1ABC FN42 33 
<DecodeFinished>",
-30.0,0.0,9,2026112509,1,K1ABC FN42 33,-31,0,10.140200,0.08489090799957921,0,official WSJT-X 3.0.2; binary SHA256 9e3c2fc14f63c4b4c4e9fcc33b386cd22daf8fe76ce724c5e37f07875e9a3dd9,"0000 -31  0.1  10.140200  0  K1ABC FN42 33 
<DecodeFinished>",
-30.0,0.0,0,2026112500,0,,,,,0.5230651589990885,0,official WSJT-X 3.0.2; binary SHA256 9e3c2fc14f63c4b4c4e9fcc33b386cd22daf8fe76ce724c5e37f07875e9a3dd9,<DecodeFinished>,
-30.0,0.0,12,2026112512,1,K1ABC FN42 33,-31,0,10.140200,0.043544776000999263,0,official WSJT-X 3.0.2; binary SHA256 9e3c2fc14f63c4b4c4e9fcc33b386cd22daf8fe76ce724c5e37f07875e9a3dd9,"0000 -31 -0.0  10.140200  0  K1ABC FN42 33 
<DecodeFinished>",
-30.0,0.0,7,2026112507,1,K1ABC FN42 33,-30,0,10.140200,0.3281329450001067,0,official WSJT-X 3.0.2; binary SHA256 9e3c2fc14f63c4b4c4e9fcc33b386cd22daf8fe76ce724c5e37f07875e9a3dd9,"0000 -30  0.0  10.140200  0  K1ABC FN42 33 
<DecodeFinished>",
-30.0,0.0,14,2026112514,1,K1ABC FN42 33,-30,0,10.140200,0.05262387599941576,0,official WSJT-X 3.0.2; binary SHA256 9e3c2fc14f63c4b4c4e9fcc33b386cd22daf8fe76ce724c5e37f07875e9a3dd9,"0000 -30 -0.0  10.140200  0  K1ABC FN42 33 
<DecodeFinished>",
-30.0,0.0,10,2026112510,1,K1ABC FN42 33,-30,0,10.140200,0.24956978400041407,0,official WSJT-X 3.0.2; binary SHA256 9e3c2fc14f63c4b4c4e9fcc33b386cd22daf8fe76ce724c5e37f07875e9a3dd9,"0000 -30 -0.1  10.140200  0  K1ABC FN42 33 
<DecodeFinished>",
-30.0,0.0,13,2026112513,1,K1ABC FN42 33,-29,0,10.140200,0.15355011300016486,0,official WSJT-X 3.0.2; binary SHA256 9e3c2fc14f63c4b4c4e9fcc33b386cd22daf8fe76ce724c5e37f07875e9a3dd9,"0000 -29 -0.1  10.140200  0  K1ABC FN42 33 
<DecodeFinished>",
-30.0,0.0,11,2026112511,1,K1ABC FN42 33,-29,0,10.140200,0.2943875119999575,0,official WSJT-X 3.0.2; binary SHA256 9e3c2fc14f63c4b4c4e9fcc33b386cd22daf8fe76ce724c5e37f07875e9a3dd9,"0000 -29 -0.1  10.140200  0  K1ABC FN42 33 
<DecodeFinished>",
-30.0,0.0,17,2026112517,1,K1ABC FN42 33,-30,0,10.140200,0.05036396099967533,0,official WSJT-X 3.0.2; binary SHA256 9e3c2fc14f63c4b4c4e9fcc33b386cd22daf8fe76ce724c5e37f07875e9a3dd9,"0000 -30 -0.0  10.140200  0  K1ABC FN42 33 
<DecodeFinished>",
-30.0,0.0,15,2026112515,1,K1ABC FN42 33,-30,0,10.140200,0.23190949600029853,0,official WSJT-X 3.0.2; binary SHA256 9e3c2fc14f63c4b4c4e9fcc33b386cd22daf8fe76ce724c5e37f07875e9a3dd9,"0000 -30  0.1  10.140200  0  K1ABC FN42 33 
<DecodeFinished>",
-30.0,0.0,16,2026112516,1,K1ABC FN42 33,-29,0,10.140200,0.2403519529998448,0,official WSJT-X 3.0.2; binary SHA256 9e3c2fc14f63c4b4c4e9fcc33b386cd22daf8fe76ce724c5e37f07875e9a3dd9,"0000 -29 -0.0  10.140200  0  K1ABC FN42 33 
<DecodeFinished>",
-30.0,0.0,19,2026112519,1,K1ABC FN42 33,-29,0,10.140200,0.2287431849999848,0,official WSJT-X 3.0.2; binary SHA256 9e3c2fc14f63c4b4c4e9fcc33b386cd22daf8fe76ce724c5e37f07875e9a3dd9,"0000 -29 -0.0  10.140200  0  K1ABC FN42 33 
<DecodeFinished>",
-30.0,0.0,18,2026112518,1,K1ABC FN42 33,-30,0,10.140200,0.2592998740001349,0,official WSJT-X 3.0.2; binary SHA256 9e3c2fc14f63c4b4c4e9fcc33b386cd22daf8fe76ce724c5e37f07875e9a3dd9,"0000 -30 -0.1  10.140200  0  K1ABC FN42 33 
<DecodeFinished>",
-30.0,0.0,20,2026112520,1,K1ABC FN42 33,-30,0,10.140200,0.2331232929991529,0,official WSJT-X 3.0.2; binary SHA256 9e3c2fc14f63c4b4c4e9fcc33b386cd22daf8fe76ce724c5e37f07875e9a3dd9,"0000 -30  0.1  10.140200  0  K1ABC FN42 33 
<DecodeFinished>",
-30.0,0.0,22,2026112522,1,K1ABC FN42 33,-29,0,10.140200,0.23467065499971795,0,official WSJT-X 3.0.2; binary SHA256 9e3c2fc14f63c4b4c4e9fcc33b386cd22daf8fe76ce724c5e37f07875e9a3dd9,"0000 -29 -0.0  10.140200  0  K1ABC FN42 33 
<DecodeFinished>",
-30.0,0.0,23,2026112523,1,K1ABC FN42 33,-30,0,10.140200,0.23464395399969362,0,official WSJT-X 3.0.2; binary SHA256 9e3c2fc14f63c4b4c4e9fcc33b386cd22daf8fe76ce724c5e37f07875e9a3dd9,"0000 -30  0.0  10.140200  0  K1ABC FN42 33 
<DecodeFinished>",
-30.0,0.0,21,2026112521,1,K1ABC FN42 33,-30,0,10.140200,0.3451925549998123,0,official WSJT-X 3.0.2; binary SHA256 9e3c2fc14f63c4b4c4e9fcc33b386cd22daf8fe76ce724c5e37f07875e9a3dd9,"0000 -30  0.1  10.140200  0  K1ABC FN42 33 
<DecodeFinished>",
-30.0,0.0,24,2026112524,1,K1ABC FN42 33,-31,0,10.140200,0.22901830500086362,0,official WSJT-X 3.0.2; binary SHA256 9e3c2fc14f63c4b4c4e9fcc33b386cd22daf8fe76ce724c5e37f07875e9a3dd9,"0000 -31  0.0  10.140200  0  K1ABC FN42 33 
<DecodeFinished>",
-30.0,0.0,25,2026112525,1,K1ABC FN42 33,-29,0,10.140200,0.14577296700008446,0,official WSJT-X 3.0.2; binary SHA256 9e3c2fc14f63c4b4c4e9fcc33b386cd22daf8fe76ce724c5e37f07875e9a3dd9,"0000 -29 -0.0  10.140200  0  K1ABC FN42 33 
<DecodeFinished>",
-30.0,0.0,26,2026112526,1,K1ABC FN42 33,-29,0,10.140200,0.1501716930015391,0,official WSJT-X 3.0.2; binary SHA256 9e3c2fc14f63c4b4c4e9fcc33b386cd22daf8fe76ce724c5e37f07875e9a3dd9,"0000 -29 -0.1  10.140200  0  K1ABC FN42 33 
<DecodeFinished>",
-30.0,0.0,28,2026112528,1,K1ABC FN42 33,-29,0,10.140200,0.14872150200062606,0,official WSJT-X 3.0.2; binary SHA256 9e3c2fc14f63c4b4c4e9fcc33b386cd22daf8fe76ce724c5e37f07875e9a3dd9,"0000 -29 -0.1  10.140200  0  K1ABC FN42 33 
<DecodeFinished>",
-30.0,0.0,27,2026112527,1,K1ABC FN42 33,-29,0,10.140200,0.2367657369995868,0,official WSJT-X 3.0.2; binary SHA256 9e3c2fc14f63c4b4c4e9fcc33b386cd22daf8fe76ce724c5e37f07875e9a3dd9,"0000 -29 -0.1  10.140200  0  K1ABC FN42 33 
<DecodeFinished>",
-30.0,0.0,31,2026112531,1,K1ABC FN42 33,-30,0,10.140200,0.06410719999985304,0,official WSJT-X 3.0.2; binary SHA256 9e3c2fc14f63c4b4c4e9fcc33b386cd22daf8fe76ce724c5e37f07875e9a3dd9,"0000 -30  0.0  10.140200  0  K1ABC FN42 33 
<DecodeFinished>",
-30.0,0.0,29,2026112529,1,K1ABC FN42 33,-29,0,10.140200,0.22922988100071962,0,official WSJT-X 3.0.2; binary SHA256 9e3c2fc14f63c4b4c4e9fcc33b386cd22daf8fe76ce724c5e37f07875e9a3dd9,"0000 -29 -0.0  10.140200  0  K1ABC FN42 33 
<DecodeFinished>",
-30.0,0.0,30,2026112530,1,K1ABC FN42 33,-31,0,10.140200,0.27240852100112534,0,official WSJT-X 3.0.2; binary SHA256 9e3c2fc14f63c4b4c4e9fcc33b386cd22daf8fe76ce724c5e37f07875e9a3dd9,"0000 -31  0.1  10.140200  0  K1ABC FN42 33 
<DecodeFinished>",
-30.0,0.0,34,2026112534,1,K1ABC FN42 33,-29,0,10.140200,0.06815300100060995,0,official WSJT-X 3.0.2; binary SHA256 9e3c2fc14f63c4b4c4e9fcc33b386cd22daf8fe76ce724c5e37f07875e9a3dd9,"0000 -29  0.0  10.140200  0  K1ABC FN42 33 
<DecodeFinished>",
-30.0,0.0,36,2026112536,1,K1ABC FN42 33,-30,0,10.140200,0.06502533299862989,0,official WSJT-X 3.0.2; binary SHA256 9e3c2fc14f63c4b4c4e9fcc33b386cd22daf8fe76ce724c5e37f07875e9a3dd9,"0000 -30  0.1  10.140200  0  K1ABC FN42 33 
<DecodeFinished>",
-30.0,0.0,32,2026112532,1,K1ABC FN42 33,-31,0,10.140200,0.2413489890004712,0,official WSJT-X 3.0.2; binary SHA256 9e3c2fc14f63c4b4c4e9fcc33b386cd22daf8fe76ce724c5e37f07875e9a3dd9,"0000 -31  0.0  10.140200  0  K1ABC FN42 33 
<DecodeFinished>",
-30.0,0.0,37,2026112537,1,K1ABC FN42 33,-30,0,10.140200,0.04442446599932737,0,official WSJT-X 3.0.2; binary SHA256 9e3c2fc14f63c4b4c4e9fcc33b386cd22daf8fe76ce724c5e37f07875e9a3dd9,"0000 -30 -0.0  10.140200  0  K1ABC FN42 33 
<DecodeFinished>",
-30.0,0.0,33,2026112533,1,K1ABC FN42 33,-30,0,10.140200,0.2663824819992442,0,official WSJT-X 3.0.2; binary SHA256 9e3c2fc14f63c4b4c4e9fcc33b386cd22daf8fe76ce724c5e37f07875e9a3dd9,"0000 -30  0.1  10.140200  0  K1ABC FN42 33 
<DecodeFinished>",
-30.0,0.0,39,2026112539,1,K1ABC FN42 33,-30,0,10.140200,0.048287430001437315,0,official WSJT-X 3.0.2; binary SHA256 9e3c2fc14f63c4b4c4e9fcc33b386cd22daf8fe76ce724c5e37f07875e9a3dd9,"0000 -30  0.0  10.140200  0  K1ABC FN42 33 
<DecodeFinished>",
-30.0,0.0,40,2026112540,1,K1ABC FN42 33,-30,0,10.140200,0.05162766000103147,0,official WSJT-X 3.0.2; binary SHA256 9e3c2fc14f63c4b4c4e9fcc33b386cd22daf8fe76ce724c5e37f07875e9a3dd9,"0000 -30  0.0  10.140200  0  K1ABC FN42 33 
<DecodeFinished>",
-30.0,0.0,35,2026112535,1,K1ABC FN42 33,-30,0,10.140200,0.2594979779987625,0,official WSJT-X 3.0.2; binary SHA256 9e3c2fc14f63c4b4c4e9fcc33b386cd22daf8fe76ce724c5e37f07875e9a3dd9,"0000 -30 -0.1  10.140200  0  K1ABC FN42 33 
<DecodeFinished>",
-30.0,0.0,38,2026112538,1,K1ABC FN42 33,-30,0,10.140200,0.23877432699919154,0,official WSJT-X 3.0.2; binary SHA256 9e3c2fc14f63c4b4c4e9fcc33b386cd22daf8fe76ce724c5e37f07875e9a3dd9,"0000 -30 -0.0  10.140200  0  K1ABC FN42 33 
<DecodeFinished>",
-30.0,0.0,44,2026112544,1,K1ABC FN42 33,-30,0,10.140200,0.08039218500016432,0,official WSJT-X 3.0.2; binary SHA256 9e3c2fc14f63c4b4c4e9fcc33b386cd22daf8fe76ce724c5e37f07875e9a3dd9,"0000 -30  0.1  10.140200  0  K1ABC FN42 33 
<DecodeFinished>",
-30.0,0.0,41,2026112541,1,K1ABC FN42 33,-30,0,10.140200,0.24469880099968577,0,official WSJT-X 3.0.2; binary SHA256 9e3c2fc14f63c4b4c4e9fcc33b386cd22daf8fe76ce724c5e37f07875e9a3dd9,"0000 -30  0.1  10.140200  0  K1ABC FN42 33 
<DecodeFinished>",
-30.0,0.0,46,2026112546,1,K1ABC FN42 33,-29,0,10.140200,0.06647055400026147,0,official WSJT-X 3.0.2; binary SHA256 9e3c2fc14f63c4b4c4e9fcc33b386cd22daf8fe76ce724c5e37f07875e9a3dd9,"0000 -29  0.0  10.140200  0  K1ABC FN42 33 
<DecodeFinished>",
-30.0,0.0,43,2026112543,1,K1ABC FN42 33,-30,0,10.140200,0.2515865590012254,0,official WSJT-X 3.0.2; binary SHA256 9e3c2fc14f63c4b4c4e9fcc33b386cd22daf8fe76ce724c5e37f07875e9a3dd9,"0000 -30  0.1  10.140200  0  K1ABC FN42 33 
<DecodeFinished>",
-30.0,0.0,42,2026112542,1,K1ABC FN42 33,-29,0,10.140200,0.34688857100081805,0,official WSJT-X 3.0.2; binary SHA256 9e3c2fc14f63c4b4c4e9fcc33b386cd22daf8fe76ce724c5e37f07875e9a3dd9,"0000 -29  0.1  10.140200  0  K1ABC FN42 33 
<DecodeFinished>",
-30.0,0.0,48,2026112548,1,K1ABC FN42 33,-30,0,10.140200,0.12664020200099912,0,official WSJT-X 3.0.2; binary SHA256 9e3c2fc14f63c4b4c4e9fcc33b386cd22daf8fe76ce724c5e37f07875e9a3dd9,"0000 -30  0.1  10.140200  0  K1ABC FN42 33 
<DecodeFinished>",
-30.0,0.0,45,2026112545,1,K1ABC FN42 33,-30,0,10.140200,0.24280456400083494,0,official WSJT-X 3.0.2; binary SHA256 9e3c2fc14f63c4b4c4e9fcc33b386cd22daf8fe76ce724c5e37f07875e9a3dd9,"0000 -30  0.1  10.140200  0  K1ABC FN42 33 
<DecodeFinished>",
-30.0,0.0,47,2026112547,1,K1ABC FN42 33,-30,0,10.140200,0.2699890999992931,0,official WSJT-X 3.0.2; binary SHA256 9e3c2fc14f63c4b4c4e9fcc33b386cd22daf8fe76ce724c5e37f07875e9a3dd9,"0000 -30  0.1  10.140200  0  K1ABC FN42 33 
<DecodeFinished>",
-30.0,0.0,49,2026112549,1,K1ABC FN42 33,-30,0,10.140200,0.2315433910007414,0,official WSJT-X 3.0.2; binary SHA256 9e3c2fc14f63c4b4c4e9fcc33b386cd22daf8fe76ce724c5e37f07875e9a3dd9,"0000 -30 -0.0  10.140200  0  K1ABC FN42 33 
<DecodeFinished>",
-30.0,0.0,50,2026112550,1,K1ABC FN42 33,-31,0,10.140200,0.23085906400046952,0,official WSJT-X 3.0.2; binary SHA256 9e3c2fc14f63c4b4c4e9fcc33b386cd22daf8fe76ce724c5e37f07875e9a3dd9,"0000 -31  0.0  10.140200  0  K1ABC FN42 33 
<DecodeFinished>",
-30.0,0.0,53,2026112553,1,K1ABC FN42 33,-30,0,10.140200,0.08458896599950094,0,official WSJT-X 3.0.2; binary SHA256 9e3c2fc14f63c4b4c4e9fcc33b386cd22daf8fe76ce724c5e37f07875e9a3dd9,"0000 -30 -0.1  10.140200  0  K1ABC FN42 33 
<DecodeFinished>",
-30.0,0.0,51,2026112551,1,K1ABC FN42 33,-30,0,10.140200,0.2331238279984973,0,official WSJT-X 3.0.2; binary SHA256 9e3c2fc14f63c4b4c4e9fcc33b386cd22daf8fe76ce724c5e37f07875e9a3dd9,"0000 -30  0.0  10.140200  0  K1ABC FN42 33 
<DecodeFinished>",
-30.0,0.0,56,2026112556,1,K1ABC FN42 33,-30,0,10.140200,0.06158036200031347,0,official WSJT-X 3.0.2; binary SHA256 9e3c2fc14f63c4b4c4e9fcc33b386cd22daf8fe76ce724c5e37f07875e9a3dd9,"0000 -30  0.0  10.140200  0  K1ABC FN42 33 
<DecodeFinished>",
-30.0,0.0,52,2026112552,1,K1ABC FN42 33,-30,0,10.140200,0.25233644200125127,0,official WSJT-X 3.0.2; binary SHA256 9e3c2fc14f63c4b4c4e9fcc33b386cd22daf8fe76ce724c5e37f07875e9a3dd9,"0000 -30  0.1  10.140200  0  K1ABC FN42 33 
<DecodeFinished>",
-30.0,0.0,58,2026112558,1,K1ABC FN42 33,-30,0,10.140200,0.04600364300131332,0,official WSJT-X 3.0.2; binary SHA256 9e3c2fc14f63c4b4c4e9fcc33b386cd22daf8fe76ce724c5e37f07875e9a3dd9,"0000 -30  0.0  10.140200  0  K1ABC FN42 33 
<DecodeFinished>",
-30.0,0.0,59,2026112559,1,K1ABC FN42 33,-30,0,10.140200,0.07089409499894828,0,official WSJT-X 3.0.2; binary SHA256 9e3c2fc14f63c4b4c4e9fcc33b386cd22daf8fe76ce724c5e37f07875e9a3dd9,"0000 -30 -0.1  10.140200  0  K1ABC FN42 33 
<DecodeFinished>",
-30.0,0.0,54,2026112554,1,K1ABC FN42 33,-30,0,10.140200,0.27476772100089875,0,official WSJT-X 3.0.2; binary SHA256 9e3c2fc14f63c4b4c4e9fcc33b386cd22daf8fe76ce724c5e37f07875e9a3dd9,"0000 -30  0.1  10.140200  0  K1ABC FN42 33 
<DecodeFinished>",
-30.0,0.0,55,2026112555,1,K1ABC FN42 33,-30,0,10.140200,0.26355507699918235,0,official WSJT-X 3.0.2; binary SHA256 9e3c2fc14f63c4b4c4e9fcc33b386cd22daf8fe76ce724c5e37f07875e9a3dd9,"0000 -30 -0.1  10.140200  0  K1ABC FN42 33 
<DecodeFinished>",
-30.0,0.0,61,2026112561,1,K1ABC FN42 33,-30,0,10.140200,0.04635111300012795,0,official WSJT-X 3.0.2; binary SHA256 9e3c2fc14f63c4b4c4e9fcc33b386cd22daf8fe76ce724c5e37f07875e9a3dd9,"0000 -30  0.0  10.140200  0  K1ABC FN42 33 
<DecodeFinished>",
-30.0,0.0,57,2026112557,1,K1ABC FN42 33,-30,0,10.140200,0.24213023300035275,0,official WSJT-X 3.0.2; binary SHA256 9e3c2fc14f63c4b4c4e9fcc33b386cd22daf8fe76ce724c5e37f07875e9a3dd9,"0000 -30  0.0  10.140200  0  K1ABC FN42 33 
<DecodeFinished>",
-30.0,0.0,64,2026112564,1,K1ABC FN42 33,-30,0,10.140200,0.09997498899974744,0,official WSJT-X 3.0.2; binary SHA256 9e3c2fc14f63c4b4c4e9fcc33b386cd22daf8fe76ce724c5e37f07875e9a3dd9,"0000 -30 -0.1  10.140200  0  K1ABC FN42 33 
<DecodeFinished>",
-30.0,0.0,60,2026112560,1,K1ABC FN42 33,-31,0,10.140200,0.25543023299906054,0,official WSJT-X 3.0.2; binary SHA256 9e3c2fc14f63c4b4c4e9fcc33b386cd22daf8fe76ce724c5e37f07875e9a3dd9,"0000 -31  0.1  10.140200  0  K1ABC FN42 33 
<DecodeFinished>",
-30.0,0.0,62,2026112562,1,K1ABC FN42 33,-30,0,10.140200,0.2709666629998537,0,official WSJT-X 3.0.2; binary SHA256 9e3c2fc14f63c4b4c4e9fcc33b386cd22daf8fe76ce724c5e37f07875e9a3dd9,"0000 -30 -0.1  10.140200  0  K1ABC FN42 33 
<DecodeFinished>",
-30.0,0.0,63,2026112563,1,K1ABC FN42 33,-30,0,10.140200,0.23834664700007124,0,official WSJT-X 3.0.2; binary SHA256 9e3c2fc14f63c4b4c4e9fcc33b386cd22daf8fe76ce724c5e37f07875e9a3dd9,"0000 -30 -0.0  10.140200  0  K1ABC FN42 33 
<DecodeFinished>",
-30.0,0.0,66,2026112566,1,K1ABC FN42 33,-30,0,10.140200,0.04757988399978785,0,official WSJT-X 3.0.2; binary SHA256 9e3c2fc14f63c4b4c4e9fcc33b386cd22daf8fe76ce724c5e37f07875e9a3dd9,"0000 -30  0.0  10.140200  0  K1ABC FN42 33 
<DecodeFinished>",
-30.0,0.0,65,2026112565,1,K1ABC FN42 33,-31,0,10.140200,0.2427019120004843,0,official WSJT-X 3.0.2; binary SHA256 9e3c2fc14f63c4b4c4e9fcc33b386cd22daf8fe76ce724c5e37f07875e9a3dd9,"0000 -31  0.0  10.140200  0  K1ABC FN42 33 
<DecodeFinished>",
-30.0,0.0,70,2026112570,1,K1ABC FN42 33,-30,0,10.140200,0.05443863300024532,0,official WSJT-X 3.0.2; binary SHA256 9e3c2fc14f63c4b4c4e9fcc33b386cd22daf8fe76ce724c5e37f07875e9a3dd9,"0000 -30  0.0  10.140200  0  K1ABC FN42 33 
<DecodeFinished>",
-30.0,0.0,68,2026112568,1,K1ABC FN42 33,-30,0,10.140200,0.22993545200006338,0,official WSJT-X 3.0.2; binary SHA256 9e3c2fc14f63c4b4c4e9fcc33b386cd22daf8fe76ce724c5e37f07875e9a3dd9,"0000 -30  0.0  10.140200  0  K1ABC FN42 33 
<DecodeFinished>",
-30.0,0.0,67,2026112567,1,K1ABC FN42 33,-30,0,10.140200,0.2441004869997414,0,official WSJT-X 3.0.2; binary SHA256 9e3c2fc14f63c4b4c4e9fcc33b386cd22daf8fe76ce724c5e37f07875e9a3dd9,"0000 -30  0.1  10.140200  0  K1ABC FN42 33 
<DecodeFinished>",
-30.0,0.0,69,2026112569,1,K1ABC FN42 33,-30,0,10.140200,0.3526323779988161,0,official WSJT-X 3.0.2; binary SHA256 9e3c2fc14f63c4b4c4e9fcc33b386cd22daf8fe76ce724c5e37f07875e9a3dd9,"0000 -30  0.1  10.140200  0  K1ABC FN42 33 
<DecodeFinished>",
-30.0,0.0,74,2026112574,1,K1ABC FN42 33,-30,0,10.140200,0.04619169400029932,0,official WSJT-X 3.0.2; binary SHA256 9e3c2fc14f63c4b4c4e9fcc33b386cd22daf8fe76ce724c5e37f07875e9a3dd9,"0000 -30 -0.0  10.140200  0  K1ABC FN42 33 
<DecodeFinished>",
-30.0,0.0,71,2026112571,1,K1ABC FN42 33,-30,0,10.140200,0.23765578100028506,0,official WSJT-X 3.0.2; binary SHA256 9e3c2fc14f63c4b4c4e9fcc33b386cd22daf8fe76ce724c5e37f07875e9a3dd9,"0000 -30  0.0  10.140200  0  K1ABC FN42 33 
<DecodeFinished>",
-30.0,0.0,75,2026112575,1,K1ABC FN42 33,-29,0,10.140200,0.054998256999169826,0,official WSJT-X 3.0.2; binary SHA256 9e3c2fc14f63c4b4c4e9fcc33b386cd22daf8fe76ce724c5e37f07875e9a3dd9,"0000 -29 -0.0  10.140200  0  K1ABC FN42 33 
<DecodeFinished>",
-30.0,0.0,72,2026112572,1,K1ABC FN42 33,-30,0,10.140200,0.23464160399998946,0,official WSJT-X 3.0.2; binary SHA256 9e3c2fc14f63c4b4c4e9fcc33b386cd22daf8fe76ce724c5e37f07875e9a3dd9,"0000 -30  0.0  10.140200  0  K1ABC FN42 33 
<DecodeFinished>",
-30.0,0.0,73,2026112573,1,K1ABC FN42 33,-30,0,10.140200,0.23790283400012413,0,official WSJT-X 3.0.2; binary SHA256 9e3c2fc14f63c4b4c4e9fcc33b386cd22daf8fe76ce724c5e37f07875e9a3dd9,"0000 -30 -0.1  10.140200  0  K1ABC FN42 33 
<DecodeFinished>",
-30.0,0.0,78,2026112578,1,K1ABC FN42 33,-30,0,10.140200,0.18616426200060232,0,official WSJT-X 3.0.2; binary SHA256 9e3c2fc14f63c4b4c4e9fcc33b386cd22daf8fe76ce724c5e37f07875e9a3dd9,"0000 -30  0.0  10.140200  0  K1ABC FN42 33 
<DecodeFinished>",
-30.0,0.0,76,2026112576,1,K1ABC FN42 33,-30,0,10.140200,0.2661310420007794,0,official WSJT-X 3.0.2; binary SHA256 9e3c2fc14f63c4b4c4e9fcc33b386cd22daf8fe76ce724c5e37f07875e9a3dd9,"0000 -30 -0.1  10.140200  0  K1ABC FN42 33 
<DecodeFinished>",
-30.0,0.0,79,2026112579,1,K1ABC FN42 33,-30,0,10.140200,0.23012014599953545,0,official WSJT-X 3.0.2; binary SHA256 9e3c2fc14f63c4b4c4e9fcc33b386cd22daf8fe76ce724c5e37f07875e9a3dd9,"0000 -30 -0.0  10.140200  0  K1ABC FN42 33 
<DecodeFinished>",
-30.0,0.0,77,2026112577,1,K1ABC FN42 33,-30,0,10.140200,0.24451848399985465,0,official WSJT-X 3.0.2; binary SHA256 9e3c2fc14f63c4b4c4e9fcc33b386cd22daf8fe76ce724c5e37f07875e9a3dd9,"0000 -30 -0.0  10.140200  0  K1ABC FN42 33 
<DecodeFinished>",
-30.0,0.0,82,2026112582,1,K1ABC FN42 33,-30,0,10.140200,0.044236367000848986,0,official WSJT-X 3.0.2; binary SHA256 9e3c2fc14f63c4b4c4e9fcc33b386cd22daf8fe76ce724c5e37f07875e9a3dd9,"0000 -30 -0.0  10.140200  0  K1ABC FN42 33 
<DecodeFinished>",
-30.0,0.0,84,2026112584,1,K1ABC FN42 33,-30,0,10.140200,0.0501929679994646,0,official WSJT-X 3.0.2; binary SHA256 9e3c2fc14f63c4b4c4e9fcc33b386cd22daf8fe76ce724c5e37f07875e9a3dd9,"0000 -30  0.0  10.140200  0  K1ABC FN42 33 
<DecodeFinished>",
-30.0,0.0,85,2026112585,1,K1ABC FN42 33,-29,0,10.140200,0.0557366919983906,0,official WSJT-X 3.0.2; binary SHA256 9e3c2fc14f63c4b4c4e9fcc33b386cd22daf8fe76ce724c5e37f07875e9a3dd9,"0000 -29  0.1  10.140200  0  K1ABC FN42 33 
<DecodeFinished>",
-30.0,0.0,80,2026112580,1,K1ABC FN42 33,-31,0,10.140200,0.2332457020002039,0,official WSJT-X 3.0.2; binary SHA256 9e3c2fc14f63c4b4c4e9fcc33b386cd22daf8fe76ce724c5e37f07875e9a3dd9,"0000 -31  0.0  10.140200  0  K1ABC FN42 33 
<DecodeFinished>",
-30.0,0.0,83,2026112583,1,K1ABC FN42 33,-30,0,10.140200,0.24147102700044343,0,official WSJT-X 3.0.2; binary SHA256 9e3c2fc14f63c4b4c4e9fcc33b386cd22daf8fe76ce724c5e37f07875e9a3dd9,"0000 -30 -0.0  10.140200  0  K1ABC FN42 33 
<DecodeFinished>",
-30.0,0.0,88,2026112588,1,K1ABC FN42 33,-29,0,10.140200,0.05224635400008992,0,official WSJT-X 3.0.2; binary SHA256 9e3c2fc14f63c4b4c4e9fcc33b386cd22daf8fe76ce724c5e37f07875e9a3dd9,"0000 -29  0.0  10.140200  0  K1ABC FN42 33 
<DecodeFinished>",
-30.0,0.0,81,2026112581,1,K1ABC FN42 33,-30,0,10.140200,0.3431122729998606,0,official WSJT-X 3.0.2; binary SHA256 9e3c2fc14f63c4b4c4e9fcc33b386cd22daf8fe76ce724c5e37f07875e9a3dd9,"0000 -30 -0.1  10.140200  0  K1ABC FN42 33 
<DecodeFinished>",
-30.0,0.0,86,2026112586,1,K1ABC FN42 33,-31,0,10.140200,0.24401343600038672,0,official WSJT-X 3.0.2; binary SHA256 9e3c2fc14f63c4b4c4e9fcc33b386cd22daf8fe76ce724c5e37f07875e9a3dd9,"0000 -31  0.0  10.140200  0  K1ABC FN42 33 
<DecodeFinished>",
-30.0,0.0,90,2026112590,1,K1ABC FN42 33,-30,0,10.140200,0.07932845399955113,0,official WSJT-X 3.0.2; binary SHA256 9e3c2fc14f63c4b4c4e9fcc33b386cd22daf8fe76ce724c5e37f07875e9a3dd9,"0000 -30 -0.0  10.140200  0  K1ABC FN42 33 
<DecodeFinished>",
-30.0,0.0,87,2026112587,1,K1ABC FN42 33,-29,0,10.140200,0.21752750799896603,0,official WSJT-X 3.0.2; binary SHA256 9e3c2fc14f63c4b4c4e9fcc33b386cd22daf8fe76ce724c5e37f07875e9a3dd9,"0000 -29 -0.1  10.140200  0  K1ABC FN42 33 
<DecodeFinished>",
-30.0,0.0,91,2026112591,1,K1ABC FN42 33,-30,0,10.140200,0.043996700000207056,0,official WSJT-X 3.0.2; binary SHA256 9e3c2fc14f63c4b4c4e9fcc33b386cd22daf8fe76ce724c5e37f07875e9a3dd9,"0000 -30 -0.1  10.140200  0  K1ABC FN42 33 
<DecodeFinished>",
-30.0,0.0,92,2026112592,1,K1ABC FN42 33,-30,0,10.140200,0.044866297001135536,0,official WSJT-X 3.0.2; binary SHA256 9e3c2fc14f63c4b4c4e9fcc33b386cd22daf8fe76ce724c5e37f07875e9a3dd9,"0000 -30  0.0  10.140200  0  K1ABC FN42 33 
<DecodeFinished>",
-30.0,0.0,94,2026112594,1,K1ABC FN42 33,-30,0,10.140200,0.047195089000524604,0,official WSJT-X 3.0.2; binary SHA256 9e3c2fc14f63c4b4c4e9fcc33b386cd22daf8fe76ce724c5e37f07875e9a3dd9,"0000 -30  0.0  10.140200  0  K1ABC FN42 33 
<DecodeFinished>",
-30.0,0.0,95,2026112595,1,K1ABC FN42 33,-30,0,10.140200,0.0709228029991209,0,official WSJT-X 3.0.2; binary SHA256 9e3c2fc14f63c4b4c4e9fcc33b386cd22daf8fe76ce724c5e37f07875e9a3dd9,"0000 -30 -0.1  10.140200  0  K1ABC FN42 33 
<DecodeFinished>",
-30.0,0.0,89,2026112589,1,K1ABC FN42 33,-30,0,10.140200,0.23363696500018705,0,official WSJT-X 3.0.2; binary SHA256 9e3c2fc14f63c4b4c4e9fcc33b386cd22daf8fe76ce724c5e37f07875e9a3dd9,"0000 -30  0.0  10.140200  0  K1ABC FN42 33 
<DecodeFinished>",
-30.0,0.0,97,2026112597,1,K1ABC FN42 33,-30,0,10.140200,0.049864520000483026,0,official WSJT-X 3.0.2; binary SHA256 9e3c2fc14f63c4b4c4e9fcc33b386cd22daf8fe76ce724c5e37f07875e9a3dd9,"0000 -30 -0.1  10.140200  0  K1ABC FN42 33 
<DecodeFinished>",
-30.0,0.0,93,2026112593,1,K1ABC FN42 33,-30,0,10.140200,0.25372033700114116,0,official WSJT-X 3.0.2; binary SHA256 9e3c2fc14f63c4b4c4e9fcc33b386cd22daf8fe76ce724c5e37f07875e9a3dd9,"0000 -30  0.1  10.140200  0  K1ABC FN42 33 
<DecodeFinished>",
-30.0,0.0,96,2026112596,1,K1ABC FN42 33,-30,0,10.140200,0.25148483399971155,0,official WSJT-X 3.0.2; binary SHA256 9e3c2fc14f63c4b4c4e9fcc33b386cd22daf8fe76ce724c5e37f07875e9a3dd9,"0000 -30 -0.1  10.140200  0  K1ABC FN42 33 
<DecodeFinished>",
-30.0,0.0,98,2026112598,1,K1ABC FN42 33,-30,0,10.140200,0.24093592099961825,0,official WSJT-X 3.0.2; binary SHA256 9e3c2fc14f63c4b4c4e9fcc33b386cd22daf8fe76ce724c5e37f07875e9a3dd9,"0000 -30  0.0  10.140200  0  K1ABC FN42 33 
<DecodeFinished>",
-30.0,0.5,1,2026112501,1,K1ABC FN42 33,-29,0,10.140200,0.043380189999879804,0,official WSJT-X 3.0.2; binary SHA256 9e3c2fc14f63c4b4c4e9fcc33b386cd22daf8fe76ce724c5e37f07875e9a3dd9,"0000 -29  0.1  10.140200  0  K1ABC FN42 33 
<DecodeFinished>",
-30.0,0.5,2,2026112502,1,K1ABC FN42 33,-30,0,10.140200,0.06814125199889531,0,official WSJT-X 3.0.2; binary SHA256 9e3c2fc14f63c4b4c4e9fcc33b386cd22daf8fe76ce724c5e37f07875e9a3dd9,"0000 -30 -0.1  10.140200  0  K1ABC FN42 33 
<DecodeFinished>",
-30.0,0.5,3,2026112503,1,K1ABC FN42 33,-30,0,10.140200,0.28473941099946387,0,official WSJT-X 3.0.2; binary SHA256 9e3c2fc14f63c4b4c4e9fcc33b386cd22daf8fe76ce724c5e37f07875e9a3dd9,"0000 -30  0.1  10.140200  0  K1ABC FN42 33 
<DecodeFinished>",
-30.0,0.0,99,2026112599,0,,,,,0.5176183589992434,0,official WSJT-X 3.0.2; binary SHA256 9e3c2fc14f63c4b4c4e9fcc33b386cd22daf8fe76ce724c5e37f07875e9a3dd9,<DecodeFinished>,
-30.0,0.5,4,2026112504,1,K1ABC FN42 33,-30,0,10.140200,0.2792166700000962,0,official WSJT-X 3.0.2; binary SHA256 9e3c2fc14f63c4b4c4e9fcc33b386cd22daf8fe76ce724c5e37f07875e9a3dd9,"0000 -30  0.1  10.140200  0  K1ABC FN42 33 
<DecodeFinished>",
-30.0,0.5,0,2026112500,0,,,,,0.524121507000018,0,official WSJT-X 3.0.2; binary SHA256 9e3c2fc14f63c4b4c4e9fcc33b386cd22daf8fe76ce724c5e37f07875e9a3dd9,<DecodeFinished>,
-30.0,0.5,5,2026112505,1,K1ABC FN42 33,-29,0,10.140200,0.1966153020002821,0,official WSJT-X 3.0.2; binary SHA256 9e3c2fc14f63c4b4c4e9fcc33b386cd22daf8fe76ce724c5e37f07875e9a3dd9,"0000 -29 -0.1  10.140200  0  K1ABC FN42 33 
<DecodeFinished>",
-30.0,0.5,6,2026112506,1,K1ABC FN42 33,-30,0,10.140200,0.2705443380000361,0,official WSJT-X 3.0.2; binary SHA256 9e3c2fc14f63c4b4c4e9fcc33b386cd22daf8fe76ce724c5e37f07875e9a3dd9,"0000 -30  0.1  10.140200  0  K1ABC FN42 33 
<DecodeFinished>",
-30.0,0.5,9,2026112509,1,K1ABC FN42 33,-32,0,10.140200,0.08757613499983563,0,official WSJT-X 3.0.2; binary SHA256 9e3c2fc14f63c4b4c4e9fcc33b386cd22daf8fe76ce724c5e37f07875e9a3dd9,"0000 -32  0.1  10.140200  0  K1ABC FN42 33 
<DecodeFinished>",
-30.0,0.5,10,2026112510,1,K1ABC FN42 33,-30,0,10.140200,0.04933095799970033,0,official WSJT-X 3.0.2; binary SHA256 9e3c2fc14f63c4b4c4e9fcc33b386cd22daf8fe76ce724c5e37f07875e9a3dd9,"0000 -30  0.0  10.140200  0  K1ABC FN42 33 
<DecodeFinished>",
-30.0,0.5,12,2026112512,1,K1ABC FN42 33,-30,0,10.140200,0.04912610100109305,0,official WSJT-X 3.0.2; binary SHA256 9e3c2fc14f63c4b4c4e9fcc33b386cd22daf8fe76ce724c5e37f07875e9a3dd9,"0000 -30 -0.0  10.140200  0  K1ABC FN42 33 
<DecodeFinished>",
-30.0,0.5,11,2026112511,1,K1ABC FN42 33,-30,0,10.140200,0.12626846700004535,0,official WSJT-X 3.0.2; binary SHA256 9e3c2fc14f63c4b4c4e9fcc33b386cd22daf8fe76ce724c5e37f07875e9a3dd9,"0000 -30 -0.1  10.140200  0  K1ABC FN42 33 
<DecodeFinished>",
-30.0,0.5,7,2026112507,0,,,,,0.5172804279991396,0,official WSJT-X 3.0.2; binary SHA256 9e3c2fc14f63c4b4c4e9fcc33b386cd22daf8fe76ce724c5e37f07875e9a3dd9,<DecodeFinished>,
-30.0,0.5,8,2026112508,0,,,,,0.5030835239995213,0,official WSJT-X 3.0.2; binary SHA256 9e3c2fc14f63c4b4c4e9fcc33b386cd22daf8fe76ce724c5e37f07875e9a3dd9,<DecodeFinished>,
-30.0,0.5,13,2026112513,1,K1ABC FN42 33,-30,0,10.140200,0.23401338599978772,0,official WSJT-X 3.0.2; binary SHA256 9e3c2fc14f63c4b4c4e9fcc33b386cd22daf8fe76ce724c5e37f07875e9a3dd9,"0000 -30  0.0  10.140200  0  K1ABC FN42 33 
<DecodeFinished>",
-30.0,0.5,14,2026112514,1,K1ABC FN42 33,-30,0,10.140200,0.23963505000028817,0,official WSJT-X 3.0.2; binary SHA256 9e3c2fc14f63c4b4c4e9fcc33b386cd22daf8fe76ce724c5e37f07875e9a3dd9,"0000 -30 -0.0  10.140200  0  K1ABC FN42 33 
<DecodeFinished>",
-30.0,0.5,17,2026112517,1,K1ABC FN42 33,-30,0,10.140200,0.04714291199888976,0,official WSJT-X 3.0.2; binary SHA256 9e3c2fc14f63c4b4c4e9fcc33b386cd22daf8fe76ce724c5e37f07875e9a3dd9,"0000 -30 -0.0  10.140200  0  K1ABC FN42 33 
<DecodeFinished>",
-30.0,0.5,16,2026112516,1,K1ABC FN42 33,-30,0,10.140200,0.07718808100071328,0,official WSJT-X 3.0.2; binary SHA256 9e3c2fc14f63c4b4c4e9fcc33b386cd22daf8fe76ce724c5e37f07875e9a3dd9,"0000 -30  0.0  10.140200  0  K1ABC FN42 33 
<DecodeFinished>",
-30.0,0.5,15,2026112515,1,K1ABC FN42 33,-30,0,10.140200,0.23212727799909771,0,official WSJT-X 3.0.2; binary SHA256 9e3c2fc14f63c4b4c4e9fcc33b386cd22daf8fe76ce724c5e37f07875e9a3dd9,"0000 -30  0.0  10.140200  0  K1ABC FN42 33 
<DecodeFinished>",
-30.0,0.5,19,2026112519,1,K1ABC FN42 33,-29,0,10.140200,0.2559608240007947,0,official WSJT-X 3.0.2; binary SHA256 9e3c2fc14f63c4b4c4e9fcc33b386cd22daf8fe76ce724c5e37f07875e9a3dd9,"0000 -29 -0.1  10.140200  0  K1ABC FN42 33 
<DecodeFinished>",
-30.0,0.5,18,2026112518,1,K1ABC FN42 33,-30,0,10.140200,0.28514220800025214,0,official WSJT-X 3.0.2; binary SHA256 9e3c2fc14f63c4b4c4e9fcc33b386cd22daf8fe76ce724c5e37f07875e9a3dd9,"0000 -30 -0.1  10.140200  0  K1ABC FN42 33 
<DecodeFinished>",
-30.0,0.5,23,2026112523,1,K1ABC FN42 33,-30,0,10.140200,0.05240992799917876,0,official WSJT-X 3.0.2; binary SHA256 9e3c2fc14f63c4b4c4e9fcc33b386cd22daf8fe76ce724c5e37f07875e9a3dd9,"0000 -30 -0.1  10.140200  0  K1ABC FN42 33 
<DecodeFinished>",
-30.0,0.5,22,2026112522,1,K1ABC FN42 33,-29,0,10.140200,0.07303861200125539,0,official WSJT-X 3.0.2; binary SHA256 9e3c2fc14f63c4b4c4e9fcc33b386cd22daf8fe76ce724c5e37f07875e9a3dd9,"0000 -29 -0.0  10.140200  0  K1ABC FN42 33 
<DecodeFinished>",
-30.0,0.5,21,2026112521,1,K1ABC FN42 33,-29,0,10.140200,0.26429304299927026,0,official WSJT-X 3.0.2; binary SHA256 9e3c2fc14f63c4b4c4e9fcc33b386cd22daf8fe76ce724c5e37f07875e9a3dd9,"0000 -29  0.1  10.140200  0  K1ABC FN42 33 
<DecodeFinished>",
-30.0,0.5,24,2026112524,1,K1ABC FN42 33,-31,0,10.140200,0.11136878300021635,0,official WSJT-X 3.0.2; binary SHA256 9e3c2fc14f63c4b4c4e9fcc33b386cd22daf8fe76ce724c5e37f07875e9a3dd9,"0000 -31  0.1  10.140200  0  K1ABC FN42 33 
<DecodeFinished>",
-30.0,0.5,26,2026112526,1,K1ABC FN42 33,-30,0,10.140200,0.10350976399968204,0,official WSJT-X 3.0.2; binary SHA256 9e3c2fc14f63c4b4c4e9fcc33b386cd22daf8fe76ce724c5e37f07875e9a3dd9,"0000 -30  0.1  10.140200  0  K1ABC FN42 33 
<DecodeFinished>",
-30.0,0.5,20,2026112520,0,,,,,0.5417181339998933,0,official WSJT-X 3.0.2; binary SHA256 9e3c2fc14f63c4b4c4e9fcc33b386cd22daf8fe76ce724c5e37f07875e9a3dd9,<DecodeFinished>,
-30.0,0.5,28,2026112528,1,K1ABC FN42 33,-30,0,10.140200,0.07531836799898883,0,official WSJT-X 3.0.2; binary SHA256 9e3c2fc14f63c4b4c4e9fcc33b386cd22daf8fe76ce724c5e37f07875e9a3dd9,"0000 -30 -0.1  10.140200  0  K1ABC FN42 33 
<DecodeFinished>",
-30.0,0.5,30,2026112530,1,K1ABC FN42 33,-30,0,10.140200,0.06483262400070089,0,official WSJT-X 3.0.2; binary SHA256 9e3c2fc14f63c4b4c4e9fcc33b386cd22daf8fe76ce724c5e37f07875e9a3dd9,"0000 -30  0.1  10.140200  0  K1ABC FN42 33 
<DecodeFinished>",
-30.0,0.5,25,2026112525,0,,,,,0.5204073919994698,0,official WSJT-X 3.0.2; binary SHA256 9e3c2fc14f63c4b4c4e9fcc33b386cd22daf8fe76ce724c5e37f07875e9a3dd9,<DecodeFinished>,
-30.0,0.5,32,2026112532,1,K1ABC FN42 33,-30,0,10.140200,0.05879756700051075,0,official WSJT-X 3.0.2; binary SHA256 9e3c2fc14f63c4b4c4e9fcc33b386cd22daf8fe76ce724c5e37f07875e9a3dd9,"0000 -30  0.0  10.140200  0  K1ABC FN42 33 
<DecodeFinished>",
-30.0,0.5,31,2026112531,1,K1ABC FN42 33,-30,0,10.140200,0.27391445500143163,0,official WSJT-X 3.0.2; binary SHA256 9e3c2fc14f63c4b4c4e9fcc33b386cd22daf8fe76ce724c5e37f07875e9a3dd9,"0000 -30 -0.1  10.140200  0  K1ABC FN42 33 
<DecodeFinished>",
-30.0,0.5,27,2026112527,0,,,,,0.5318876299988915,0,official WSJT-X 3.0.2; binary SHA256 9e3c2fc14f63c4b4c4e9fcc33b386cd22daf8fe76ce724c5e37f07875e9a3dd9,<DecodeFinished>,
-30.0,0.5,35,2026112535,1,K1ABC FN42 33,-30,0,10.140200,0.09217784300017229,0,official WSJT-X 3.0.2; binary SHA256 9e3c2fc14f63c4b4c4e9fcc33b386cd22daf8fe76ce724c5e37f07875e9a3dd9,"0000 -30 -0.1  10.140200  0  K1ABC FN42 33 
<DecodeFinished>",
-30.0,0.5,29,2026112529,0,,,,,0.5408717310001521,0,official WSJT-X 3.0.2; binary SHA256 9e3c2fc14f63c4b4c4e9fcc33b386cd22daf8fe76ce724c5e37f07875e9a3dd9,<DecodeFinished>,
-30.0,0.5,36,2026112536,1,K1ABC FN42 33,-30,0,10.140200,0.06567674599864404,0,official WSJT-X 3.0.2; binary SHA256 9e3c2fc14f63c4b4c4e9fcc33b386cd22daf8fe76ce724c5e37f07875e9a3dd9,"0000 -30  0.1  10.140200  0  K1ABC FN42 33 
<DecodeFinished>",
-30.0,0.5,37,2026112537,1,K1ABC FN42 33,-30,0,10.140200,0.04880145899915078,0,official WSJT-X 3.0.2; binary SHA256 9e3c2fc14f63c4b4c4e9fcc33b386cd22daf8fe76ce724c5e37f07875e9a3dd9,"0000 -30 -0.0  10.140200  0  K1ABC FN42 33 
<DecodeFinished>",
-30.0,0.5,34,2026112534,1,K1ABC FN42 33,-29,0,10.140200,0.27085852500022156,0,official WSJT-X 3.0.2; binary SHA256 9e3c2fc14f63c4b4c4e9fcc33b386cd22daf8fe76ce724c5e37f07875e9a3dd9,"0000 -29  0.1  10.140200  0  K1ABC FN42 33 
<DecodeFinished>",
-30.0,0.5,39,2026112539,1,K1ABC FN42 33,-30,0,10.140200,0.05811034500038659,0,official WSJT-X 3.0.2; binary SHA256 9e3c2fc14f63c4b4c4e9fcc33b386cd22daf8fe76ce724c5e37f07875e9a3dd9,"0000 -30  0.1  10.140200  0  K1ABC FN42 33 
<DecodeFinished>",
-30.0,0.5,38,2026112538,1,K1ABC FN42 33,-29,0,10.140200,0.25118667100105085,0,official WSJT-X 3.0.2; binary SHA256 9e3c2fc14f63c4b4c4e9fcc33b386cd22daf8fe76ce724c5e37f07875e9a3dd9,"0000 -29 -0.0  10.140200  0  K1ABC FN42 33 
<DecodeFinished>",
-30.0,0.5,40,2026112540,1,K1ABC FN42 33,-31,0,10.140200,0.24164195200137328,0,official WSJT-X 3.0.2; binary SHA256 9e3c2fc14f63c4b4c4e9fcc33b386cd22daf8fe76ce724c5e37f07875e9a3dd9,"0000 -31  0.0  10.140200  0  K1ABC FN42 33 
<DecodeFinished>",
-30.0,0.5,33,2026112533,0,,,,,0.5384202400000504,0,official WSJT-X 3.0.2; binary SHA256 9e3c2fc14f63c4b4c4e9fcc33b386cd22daf8fe76ce724c5e37f07875e9a3dd9,<DecodeFinished>,
-30.0,0.5,44,2026112544,1,K1ABC FN42 33,-30,0,10.140200,0.27366064800116874,0,official WSJT-X 3.0.2; binary SHA256 9e3c2fc14f63c4b4c4e9fcc33b386cd22daf8fe76ce724c5e37f07875e9a3dd9,"0000 -30  0.1  10.140200  0  K1ABC FN42 33 
<DecodeFinished>",
-30.0,0.5,41,2026112541,0,,,,,0.5435691170005157,0,official WSJT-X 3.0.2; binary SHA256 9e3c2fc14f63c4b4c4e9fcc33b386cd22daf8fe76ce724c5e37f07875e9a3dd9,<DecodeFinished>,
-30.0,0.5,46,2026112546,1,K1ABC FN42 33,-30,0,10.140200,0.05389658599960967,0,official WSJT-X 3.0.2; binary SHA256 9e3c2fc14f63c4b4c4e9fcc33b386cd22daf8fe76ce724c5e37f07875e9a3dd9,"0000 -30 -0.1  10.140200  0  K1ABC FN42 33 
<DecodeFinished>",
-30.0,0.5,42,2026112542,0,,,,,0.5188623310004914,0,official WSJT-X 3.0.2; binary SHA256 9e3c2fc14f63c4b4c4e9fcc33b386cd22daf8fe76ce724c5e37f07875e9a3dd9,<DecodeFinished>,
-30.0,0.5,45,2026112545,1,K1ABC FN42 33,-30,0,10.140200,0.24031689500043285,0,official WSJT-X 3.0.2; binary SHA256 9e3c2fc14f63c4b4c4e9fcc33b386cd22daf8fe76ce724c5e37f07875e9a3dd9,"0000 -30  0.1  10.140200  0  K1ABC FN42 33 
<DecodeFinished>",
-30.0,0.5,43,2026112543,0,,,,,0.5343904389992531,0,official WSJT-X 3.0.2; binary SHA256 9e3c2fc14f63c4b4c4e9fcc33b386cd22daf8fe76ce724c5e37f07875e9a3dd9,<DecodeFinished>,
-30.0,0.5,49,2026112549,1,K1ABC FN42 33,-29,0,10.140200,0.04555863799942017,0,official WSJT-X 3.0.2; binary SHA256 9e3c2fc14f63c4b4c4e9fcc33b386cd22daf8fe76ce724c5e37f07875e9a3dd9,"0000 -29 -0.0  10.140200  0  K1ABC FN42 33 
<DecodeFinished>",
-30.0,0.5,50,2026112550,1,K1ABC FN42 33,-30,0,10.140200,0.05689381499905721,0,official WSJT-X 3.0.2; binary SHA256 9e3c2fc14f63c4b4c4e9fcc33b386cd22daf8fe76ce724c5e37f07875e9a3dd9,"0000 -30  0.0  10.140200  0  K1ABC FN42 33 
<DecodeFinished>",
-30.0,0.5,51,2026112551,1,K1ABC FN42 33,-30,0,10.140200,0.05669346300055622,0,official WSJT-X 3.0.2; binary SHA256 9e3c2fc14f63c4b4c4e9fcc33b386cd22daf8fe76ce724c5e37f07875e9a3dd9,"0000 -30  0.0  10.140200  0  K1ABC FN42 33 
<DecodeFinished>",
-30.0,0.5,48,2026112548,1,K1ABC FN42 33,-29,0,10.140200,0.24197930299851578,0,official WSJT-X 3.0.2; binary SHA256 9e3c2fc14f63c4b4c4e9fcc33b386cd22daf8fe76ce724c5e37f07875e9a3dd9,"0000 -29  0.1  10.140200  0  K1ABC FN42 33 
<DecodeFinished>",
-30.0,0.5,47,2026112547,0,,,,,0.40861929499988037,0,official WSJT-X 3.0.2; binary SHA256 9e3c2fc14f63c4b4c4e9fcc33b386cd22daf8fe76ce724c5e37f07875e9a3dd9,<DecodeFinished>,
-30.0,0.5,52,2026112552,1,K1ABC FN42 33,-29,0,10.140200,0.24201059299957706,0,official WSJT-X 3.0.2; binary SHA256 9e3c2fc14f63c4b4c4e9fcc33b386cd22daf8fe76ce724c5e37f07875e9a3dd9,"0000 -29 -0.0  10.140200  0  K1ABC FN42 33 
<DecodeFinished>",
-30.0,0.5,55,2026112555,1,K1ABC FN42 33,-30,0,10.140200,0.23829753300015,0,official WSJT-X 3.0.2; binary SHA256 9e3c2fc14f63c4b4c4e9fcc33b386cd22daf8fe76ce724c5e37f07875e9a3dd9,"0000 -30 -0.1  10.140200  0  K1ABC FN42 33 
<DecodeFinished>",
-30.0,0.5,53,2026112553,0,,,,,0.4311092699990695,0,official WSJT-X 3.0.2; binary SHA256 9e3c2fc14f63c4b4c4e9fcc33b386cd22daf8fe76ce724c5e37f07875e9a3dd9,<DecodeFinished>,
-30.0,0.5,56,2026112556,1,K1ABC FN42 33,-30,0,10.140200,0.24855529600063164,0,official WSJT-X 3.0.2; binary SHA256 9e3c2fc14f63c4b4c4e9fcc33b386cd22daf8fe76ce724c5e37f07875e9a3dd9,"0000 -30  0.0  10.140200  0  K1ABC FN42 33 
<DecodeFinished>",
-30.0,0.5,59,2026112559,1,K1ABC FN42 33,-30,0,10.140200,0.047588483001163695,0,official WSJT-X 3.0.2; binary SHA256 9e3c2fc14f63c4b4c4e9fcc33b386cd22daf8fe76ce724c5e37f07875e9a3dd9,"0000 -30 -0.0  10.140200  0  K1ABC FN42 33 
<DecodeFinished>",
-30.0,0.5,54,2026112554,0,,,,,0.5268373799990513,0,official WSJT-X 3.0.2; binary SHA256 9e3c2fc14f63c4b4c4e9fcc33b386cd22daf8fe76ce724c5e37f07875e9a3dd9,<DecodeFinished>,
-30.0,0.5,57,2026112557,1,K1ABC FN42 33,-30,0,10.140200,0.2363592180008709,0,official WSJT-X 3.0.2; binary SHA256 9e3c2fc14f63c4b4c4e9fcc33b386cd22daf8fe76ce724c5e37f07875e9a3dd9,"0000 -30  0.0  10.140200  0  K1ABC FN42 33 
<DecodeFinished>",
-30.0,0.5,61,2026112561,1,K1ABC FN42 33,-29,0,10.140200,0.05304901500130654,0,official WSJT-X 3.0.2; binary SHA256 9e3c2fc14f63c4b4c4e9fcc33b386cd22daf8fe76ce724c5e37f07875e9a3dd9,"0000 -29 -0.0  10.140200  0  K1ABC FN42 33 
<DecodeFinished>",
-30.0,0.5,58,2026112558,1,K1ABC FN42 33,-31,0,10.140200,0.23919582799862837,0,official WSJT-X 3.0.2; binary SHA256 9e3c2fc14f63c4b4c4e9fcc33b386cd22daf8fe76ce724c5e37f07875e9a3dd9,"0000 -31  0.0  10.140200  0  K1ABC FN42 33 
<DecodeFinished>",
-30.0,0.5,60,2026112560,1,K1ABC FN42 33,-31,0,10.140200,0.24688206599967089,0,official WSJT-X 3.0.2; binary SHA256 9e3c2fc14f63c4b4c4e9fcc33b386cd22daf8fe76ce724c5e37f07875e9a3dd9,"0000 -31  0.1  10.140200  0  K1ABC FN42 33 
<DecodeFinished>",
-30.0,0.5,65,2026112565,1,K1ABC FN42 33,-30,0,10.140200,0.0940727010001865,0,official WSJT-X 3.0.2; binary SHA256 9e3c2fc14f63c4b4c4e9fcc33b386cd22daf8fe76ce724c5e37f07875e9a3dd9,"0000 -30 -0.1  10.140200  0  K1ABC FN42 33 
<DecodeFinished>",
-30.0,0.5,62,2026112562,1,K1ABC FN42 33,-31,0,10.140200,0.273668028999964,0,official WSJT-X 3.0.2; binary SHA256 9e3c2fc14f63c4b4c4e9fcc33b386cd22daf8fe76ce724c5e37f07875e9a3dd9,"0000 -31 -0.1  10.140200  0  K1ABC FN42 33 
<DecodeFinished>",
-30.0,0.5,66,2026112566,1,K1ABC FN42 33,-30,0,10.140200,0.06938508599887427,0,official WSJT-X 3.0.2; binary SHA256 9e3c2fc14f63c4b4c4e9fcc33b386cd22daf8fe76ce724c5e37f07875e9a3dd9,"0000 -30  0.0  10.140200  0  K1ABC FN42 33 
<DecodeFinished>",
-30.0,0.5,64,2026112564,0,,,,,0.4301364339989959,0,official WSJT-X 3.0.2; binary SHA256 9e3c2fc14f63c4b4c4e9fcc33b386cd22daf8fe76ce724c5e37f07875e9a3dd9,<DecodeFinished>,
-30.0,0.5,68,2026112568,1,K1ABC FN42 33,-30,0,10.140200,0.2597859449997486,0,official WSJT-X 3.0.2; binary SHA256 9e3c2fc14f63c4b4c4e9fcc33b386cd22daf8fe76ce724c5e37f07875e9a3dd9,"0000 -30 -0.1  10.140200  0  K1ABC FN42 33 
<DecodeFinished>",
-30.0,0.5,63,2026112563,0,,,,,0.5292598359992553,0,official WSJT-X 3.0.2; binary SHA256 9e3c2fc14f63c4b4c4e9fcc33b386cd22daf8fe76ce724c5e37f07875e9a3dd9,<DecodeFinished>,
-30.0,0.5,70,2026112570,1,K1ABC FN42 33,-29,0,10.140200,0.23392760599926987,0,official WSJT-X 3.0.2; binary SHA256 9e3c2fc14f63c4b4c4e9fcc33b386cd22daf8fe76ce724c5e37f07875e9a3dd9,"0000 -29 -0.0  10.140200  0  K1ABC FN42 33 
<DecodeFinished>",
-30.0,0.5,71,2026112571,1,K1ABC FN42 33,-30,0,10.140200,0.2420514049990743,0,official WSJT-X 3.0.2; binary SHA256 9e3c2fc14f63c4b4c4e9fcc33b386cd22daf8fe76ce724c5e37f07875e9a3dd9,"0000 -30 -0.0  10.140200  0  K1ABC FN42 33 
<DecodeFinished>",
-30.0,0.5,67,2026112567,0,,,,,0.5272569060016394,0,official WSJT-X 3.0.2; binary SHA256 9e3c2fc14f63c4b4c4e9fcc33b386cd22daf8fe76ce724c5e37f07875e9a3dd9,<DecodeFinished>,
-30.0,0.5,72,2026112572,1,K1ABC FN42 33,-30,0,10.140200,0.06153132099825598,0,official WSJT-X 3.0.2; binary SHA256 9e3c2fc14f63c4b4c4e9fcc33b386cd22daf8fe76ce724c5e37f07875e9a3dd9,"0000 -30  0.0  10.140200  0  K1ABC FN42 33 
<DecodeFinished>",
-30.0,0.5,69,2026112569,0,,,,,0.5055906109992065,0,official WSJT-X 3.0.2; binary SHA256 9e3c2fc14f63c4b4c4e9fcc33b386cd22daf8fe76ce724c5e37f07875e9a3dd9,<DecodeFinished>,
-30.0,0.5,76,2026112576,1,K1ABC FN42 33,-30,0,10.140200,0.05017362500075251,0,official WSJT-X 3.0.2; binary SHA256 9e3c2fc14f63c4b4c4e9fcc33b386cd22daf8fe76ce724c5e37f07875e9a3dd9,"0000 -30 -0.1  10.140200  0  K1ABC FN42 33 
<DecodeFinished>",
-30.0,0.5,73,2026112573,1,K1ABC FN42 33,-30,0,10.140200,0.2433952080009476,0,official WSJT-X 3.0.2; binary SHA256 9e3c2fc14f63c4b4c4e9fcc33b386cd22daf8fe76ce724c5e37f07875e9a3dd9,"0000 -30 -0.1  10.140200  0  K1ABC FN42 33 
<DecodeFinished>",
-30.0,0.5,77,2026112577,1,K1ABC FN42 33,-29,0,10.140200,0.04481687199950102,0,official WSJT-X 3.0.2; binary SHA256 9e3c2fc14f63c4b4c4e9fcc33b386cd22daf8fe76ce724c5e37f07875e9a3dd9,"0000 -29 -0.0  10.140200  0  K1ABC FN42 33 
<DecodeFinished>",
-30.0,0.5,78,2026112578,1,K1ABC FN42 33,-30,0,10.140200,0.26336689600066165,0,official WSJT-X 3.0.2; binary SHA256 9e3c2fc14f63c4b4c4e9fcc33b386cd22daf8fe76ce724c5e37f07875e9a3dd9,"0000 -30  0.1  10.140200  0  K1ABC FN42 33 
<DecodeFinished>",
-30.0,0.5,74,2026112574,0,,,,,0.5263496999996278,0,official WSJT-X 3.0.2; binary SHA256 9e3c2fc14f63c4b4c4e9fcc33b386cd22daf8fe76ce724c5e37f07875e9a3dd9,<DecodeFinished>,
-30.0,0.5,75,2026112575,0,,,,,0.5234401039997465,0,official WSJT-X 3.0.2; binary SHA256 9e3c2fc14f63c4b4c4e9fcc33b386cd22daf8fe76ce724c5e37f07875e9a3dd9,<DecodeFinished>,
-30.0,0.5,82,2026112582,1,K1ABC FN42 33,-30,0,10.140200,0.041289605000201846,0,official WSJT-X 3.0.2; binary SHA256 9e3c2fc14f63c4b4c4e9fcc33b386cd22daf8fe76ce724c5e37f07875e9a3dd9,"0000 -30 -0.0  10.140200  0  K1ABC FN42 33 
<DecodeFinished>",
-30.0,0.5,80,2026112580,1,K1ABC FN42 33,-31,0,10.140200,0.10749832200053788,0,official WSJT-X 3.0.2; binary SHA256 9e3c2fc14f63c4b4c4e9fcc33b386cd22daf8fe76ce724c5e37f07875e9a3dd9,"0000 -31  0.0  10.140200  0  K1ABC FN42 33 
<DecodeFinished>",
-30.0,0.5,83,2026112583,1,K1ABC FN42 33,-30,0,10.140200,0.04779602300004626,0,official WSJT-X 3.0.2; binary SHA256 9e3c2fc14f63c4b4c4e9fcc33b386cd22daf8fe76ce724c5e37f07875e9a3dd9,"0000 -30 -0.0  10.140200  0  K1ABC FN42 33 
<DecodeFinished>",
-30.0,0.5,85,2026112585,1,K1ABC FN42 33,-30,0,10.140200,0.04448836499977915,0,official WSJT-X 3.0.2; binary SHA256 9e3c2fc14f63c4b4c4e9fcc33b386cd22daf8fe76ce724c5e37f07875e9a3dd9,"0000 -30  0.0  10.140200  0  K1ABC FN42 33 
<DecodeFinished>",
-30.0,0.5,79,2026112579,0,,,,,0.5069579930004693,0,official WSJT-X 3.0.2; binary SHA256 9e3c2fc14f63c4b4c4e9fcc33b386cd22daf8fe76ce724c5e37f07875e9a3dd9,<DecodeFinished>,
-30.0,0.5,87,2026112587,1,K1ABC FN42 33,-29,0,10.140200,0.262791584000297,0,official WSJT-X 3.0.2; binary SHA256 9e3c2fc14f63c4b4c4e9fcc33b386cd22daf8fe76ce724c5e37f07875e9a3dd9,"0000 -29 -0.1  10.140200  0  K1ABC FN42 33 
<DecodeFinished>",
-30.0,0.5,81,2026112581,0,,,,,0.5257011390003754,0,official WSJT-X 3.0.2; binary SHA256 9e3c2fc14f63c4b4c4e9fcc33b386cd22daf8fe76ce724c5e37f07875e9a3dd9,<DecodeFinished>,
-30.0,0.5,84,2026112584,0,,,,,0.5343065189990739,0,official WSJT-X 3.0.2; binary SHA256 9e3c2fc14f63c4b4c4e9fcc33b386cd22daf8fe76ce724c5e37f07875e9a3dd9,<DecodeFinished>,
-30.0,0.5,86,2026112586,0,,,,,0.5188126709999779,0,official WSJT-X 3.0.2; binary SHA256 9e3c2fc14f63c4b4c4e9fcc33b386cd22daf8fe76ce724c5e37f07875e9a3dd9,<DecodeFinished>,
-30.0,0.5,90,2026112590,1,K1ABC FN42 33,-30,0,10.140200,0.10191747499993653,0,official WSJT-X 3.0.2; binary SHA256 9e3c2fc14f63c4b4c4e9fcc33b386cd22daf8fe76ce724c5e37f07875e9a3dd9,"0000 -30 -0.1  10.140200  0  K1ABC FN42 33 
<DecodeFinished>",
-30.0,0.5,92,2026112592,1,K1ABC FN42 33,-29,0,10.140200,0.04630363599972043,0,official WSJT-X 3.0.2; binary SHA256 9e3c2fc14f63c4b4c4e9fcc33b386cd22daf8fe76ce724c5e37f07875e9a3dd9,"0000 -29  0.0  10.140200  0  K1ABC FN42 33 
<DecodeFinished>",
-30.0,0.5,93,2026112593,1,K1ABC FN42 33,-30,0,10.140200,0.06893936899905384,0,official WSJT-X 3.0.2; binary SHA256 9e3c2fc14f63c4b4c4e9fcc33b386cd22daf8fe76ce724c5e37f07875e9a3dd9,"0000 -30  0.0  10.140200  0  K1ABC FN42 33 
<DecodeFinished>",
-30.0,0.5,89,2026112589,1,K1ABC FN42 33,-30,0,10.140200,0.3476851119994535,0,official WSJT-X 3.0.2; binary SHA256 9e3c2fc14f63c4b4c4e9fcc33b386cd22daf8fe76ce724c5e37f07875e9a3dd9,"0000 -30  0.1  10.140200  0  K1ABC FN42 33 
<DecodeFinished>",
-30.0,0.5,94,2026112594,1,K1ABC FN42 33,-30,0,10.140200,0.051167159999749856,0,official WSJT-X 3.0.2; binary SHA256 9e3c2fc14f63c4b4c4e9fcc33b386cd22daf8fe76ce724c5e37f07875e9a3dd9,"0000 -30  0.0  10.140200  0  K1ABC FN42 33 
<DecodeFinished>",
-30.0,0.5,91,2026112591,1,K1ABC FN42 33,-30,0,10.140200,0.26030662700031826,0,official WSJT-X 3.0.2; binary SHA256 9e3c2fc14f63c4b4c4e9fcc33b386cd22daf8fe76ce724c5e37f07875e9a3dd9,"0000 -30 -0.1  10.140200  0  K1ABC FN42 33 
<DecodeFinished>",
-30.0,0.5,95,2026112595,1,K1ABC FN42 33,-30,0,10.140200,0.0894364299983863,0,official WSJT-X 3.0.2; binary SHA256 9e3c2fc14f63c4b4c4e9fcc33b386cd22daf8fe76ce724c5e37f07875e9a3dd9,"0000 -30 -0.1  10.140200  0  K1ABC FN42 33 
<DecodeFinished>",
-30.0,0.5,97,2026112597,1,K1ABC FN42 33,-30,0,10.140200,0.05987371300034283,0,official WSJT-X 3.0.2; binary SHA256 9e3c2fc14f63c4b4c4e9fcc33b386cd22daf8fe76ce724c5e37f07875e9a3dd9,"0000 -30 -0.1  10.140200  0  K1ABC FN42 33 
<DecodeFinished>",
-30.0,0.5,88,2026112588,0,,,,,0.5021408430002339,0,official WSJT-X 3.0.2; binary SHA256 9e3c2fc14f63c4b4c4e9fcc33b386cd22daf8fe76ce724c5e37f07875e9a3dd9,<DecodeFinished>,
-30.0,0.5,96,2026112596,0,,,,,0.5182087169996521,0,official WSJT-X 3.0.2; binary SHA256 9e3c2fc14f63c4b4c4e9fcc33b386cd22daf8fe76ce724c5e37f07875e9a3dd9,<DecodeFinished>,
-30.0,0.5,98,2026112598,0,,,,,0.5153242270007468,0,official WSJT-X 3.0.2; binary SHA256 9e3c2fc14f63c4b4c4e9fcc33b386cd22daf8fe76ce724c5e37f07875e9a3dd9,<DecodeFinished>,
-30.0,0.5,99,2026112599,0,,,,,0.5271120090001205,0,official WSJT-X 3.0.2; binary SHA256 9e3c2fc14f63c4b4c4e9fcc33b386cd22daf8fe76ce724c5e37f07875e9a3dd9,<DecodeFinished>,
-30.0,-0.5,0,2026112500,0,,,,,0.5373402160003025,0,official WSJT-X 3.0.2; binary SHA256 9e3c2fc14f63c4b4c4e9fcc33b386cd22daf8fe76ce724c5e37f07875e9a3dd9,<DecodeFinished>,
-30.0,-0.5,2,2026112502,0,,,,,0.13759719699919515,0,official WSJT-X 3.0.2; binary SHA256 9e3c2fc14f63c4b4c4e9fcc33b386cd22daf8fe76ce724c5e37f07875e9a3dd9,<DecodeFinished>,
-30.0,-0.5,4,2026112504,1,K1ABC FN42 33,-29,0,10.140200,0.07562020300065342,0,official WSJT-X 3.0.2; binary SHA256 9e3c2fc14f63c4b4c4e9fcc33b386cd22daf8fe76ce724c5e37f07875e9a3dd9,"0000 -29  0.1  10.140200  0  K1ABC FN42 33 
<DecodeFinished>",
-30.0,-0.5,1,2026112501,1,K1ABC FN42 33,-30,0,10.140200,0.2849205750007968,0,official WSJT-X 3.0.2; binary SHA256 9e3c2fc14f63c4b4c4e9fcc33b386cd22daf8fe76ce724c5e37f07875e9a3dd9,"0000 -30  0.1  10.140200  0  K1ABC FN42 33 
<DecodeFinished>",
-30.0,-0.5,6,2026112506,1,K1ABC FN42 33,-31,0,10.140200,0.2615457569991122,0,official WSJT-X 3.0.2; binary SHA256 9e3c2fc14f63c4b4c4e9fcc33b386cd22daf8fe76ce724c5e37f07875e9a3dd9,"0000 -31  0.1  10.140200  0  K1ABC FN42 33 
<DecodeFinished>",
-30.0,-0.5,7,2026112507,1,K1ABC FN42 33,-29,0,10.140200,0.2476469930006715,0,official WSJT-X 3.0.2; binary SHA256 9e3c2fc14f63c4b4c4e9fcc33b386cd22daf8fe76ce724c5e37f07875e9a3dd9,"0000 -29  0.0  10.140200  0  K1ABC FN42 33 
<DecodeFinished>",
-30.0,-0.5,9,2026112509,1,K1ABC FN42 33,-30,0,10.140200,0.07193853099852277,0,official WSJT-X 3.0.2; binary SHA256 9e3c2fc14f63c4b4c4e9fcc33b386cd22daf8fe76ce724c5e37f07875e9a3dd9,"0000 -30  0.1  10.140200  0  K1ABC FN42 33 
<DecodeFinished>",
-30.0,-0.5,3,2026112503,0,,,,,0.5154574139996839,0,official WSJT-X 3.0.2; binary SHA256 9e3c2fc14f63c4b4c4e9fcc33b386cd22daf8fe76ce724c5e37f07875e9a3dd9,<DecodeFinished>,
-30.0,-0.5,8,2026112508,1,K1ABC FN42 33,-30,0,10.140200,0.2369085880000057,0,official WSJT-X 3.0.2; binary SHA256 9e3c2fc14f63c4b4c4e9fcc33b386cd22daf8fe76ce724c5e37f07875e9a3dd9,"0000 -30 -0.0  10.140200  0  K1ABC FN42 33 
<DecodeFinished>",
-30.0,-0.5,5,2026112505,0,,,,,0.5176175610013161,0,official WSJT-X 3.0.2; binary SHA256 9e3c2fc14f63c4b4c4e9fcc33b386cd22daf8fe76ce724c5e37f07875e9a3dd9,<DecodeFinished>,
-30.0,-0.5,12,2026112512,1,K1ABC FN42 33,-30,0,10.140200,0.045046750999972573,0,official WSJT-X 3.0.2; binary SHA256 9e3c2fc14f63c4b4c4e9fcc33b386cd22daf8fe76ce724c5e37f07875e9a3dd9,"0000 -30 -0.0  10.140200  0  K1ABC FN42 33 
<DecodeFinished>",
-30.0,-0.5,13,2026112513,1,K1ABC FN42 33,-30,0,10.140200,0.09436047400049574,0,official WSJT-X 3.0.2; binary SHA256 9e3c2fc14f63c4b4c4e9fcc33b386cd22daf8fe76ce724c5e37f07875e9a3dd9,"0000 -30 -0.1  10.140200  0  K1ABC FN42 33 
<DecodeFinished>",
-30.0,-0.5,14,2026112514,1,K1ABC FN42 33,-30,0,10.140200,0.08101011699909577,0,official WSJT-X 3.0.2; binary SHA256 9e3c2fc14f63c4b4c4e9fcc33b386cd22daf8fe76ce724c5e37f07875e9a3dd9,"0000 -30 -0.0  10.140200  0  K1ABC FN42 33 
<DecodeFinished>",
-30.0,-0.5,10,2026112510,0,,,,,0.5098963479995291,0,official WSJT-X 3.0.2; binary SHA256 9e3c2fc14f63c4b4c4e9fcc33b386cd22daf8fe76ce724c5e37f07875e9a3dd9,<DecodeFinished>,
-30.0,-0.5,11,2026112511,0,,,,,0.5240846530014096,0,official WSJT-X 3.0.2; binary SHA256 9e3c2fc14f63c4b4c4e9fcc33b386cd22daf8fe76ce724c5e37f07875e9a3dd9,<DecodeFinished>,
-30.0,-0.5,15,2026112515,1,K1ABC FN42 33,-30,0,10.140200,0.371075479000865,0,official WSJT-X 3.0.2; binary SHA256 9e3c2fc14f63c4b4c4e9fcc33b386cd22daf8fe76ce724c5e37f07875e9a3dd9,"0000 -30  0.1  10.140200  0  K1ABC FN42 33 
<DecodeFinished>",
-30.0,-0.5,17,2026112517,1,K1ABC FN42 33,-30,0,10.140200,0.0841802569993888,0,official WSJT-X 3.0.2; binary SHA256 9e3c2fc14f63c4b4c4e9fcc33b386cd22daf8fe76ce724c5e37f07875e9a3dd9,"0000 -30 -0.0  10.140200  0  K1ABC FN42 33 
<DecodeFinished>",
-30.0,-0.5,18,2026112518,1,K1ABC FN42 33,-30,0,10.140200,0.08732250499997463,0,official WSJT-X 3.0.2; binary SHA256 9e3c2fc14f63c4b4c4e9fcc33b386cd22daf8fe76ce724c5e37f07875e9a3dd9,"0000 -30 -0.1  10.140200  0  K1ABC FN42 33 
<DecodeFinished>",
-30.0,-0.5,20,2026112520,1,K1ABC FN42 33,-29,0,10.140200,0.06945249700038403,0,official WSJT-X 3.0.2; binary SHA256 9e3c2fc14f63c4b4c4e9fcc33b386cd22daf8fe76ce724c5e37f07875e9a3dd9,"0000 -29  0.1  10.140200  0  K1ABC FN42 33 
<DecodeFinished>",
-30.0,-0.5,16,2026112516,0,,,,,0.5172442759994738,0,official WSJT-X 3.0.2; binary SHA256 9e3c2fc14f63c4b4c4e9fcc33b386cd22daf8fe76ce724c5e37f07875e9a3dd9,<DecodeFinished>,
-30.0,-0.5,19,2026112519,1,K1ABC FN42 33,-28,0,10.140200,0.1716479699989577,0,official WSJT-X 3.0.2; binary SHA256 9e3c2fc14f63c4b4c4e9fcc33b386cd22daf8fe76ce724c5e37f07875e9a3dd9,"0000 -28 -0.1  10.140200  0  K1ABC FN42 33 
<DecodeFinished>",
-30.0,-0.5,24,2026112524,1,K1ABC FN42 33,-31,0,10.140200,0.04725558199970692,0,official WSJT-X 3.0.2; binary SHA256 9e3c2fc14f63c4b4c4e9fcc33b386cd22daf8fe76ce724c5e37f07875e9a3dd9,"0000 -31  0.1  10.140200  0  K1ABC FN42 33 
<DecodeFinished>",
-30.0,-0.5,21,2026112521,1,K1ABC FN42 33,-30,0,10.140200,0.26145428599920706,0,official WSJT-X 3.0.2; binary SHA256 9e3c2fc14f63c4b4c4e9fcc33b386cd22daf8fe76ce724c5e37f07875e9a3dd9,"0000 -30  0.1  10.140200  0  K1ABC FN42 33 
<DecodeFinished>",
-30.0,-0.5,22,2026112522,1,K1ABC FN42 33,-29,0,10.140200,0.24788706800063665,0,official WSJT-X 3.0.2; binary SHA256 9e3c2fc14f63c4b4c4e9fcc33b386cd22daf8fe76ce724c5e37f07875e9a3dd9,"0000 -29 -0.0  10.140200  0  K1ABC FN42 33 
<DecodeFinished>",
-30.0,-0.5,23,2026112523,1,K1ABC FN42 33,-31,0,10.140200,0.21167854600025748,0,official WSJT-X 3.0.2; binary SHA256 9e3c2fc14f63c4b4c4e9fcc33b386cd22daf8fe76ce724c5e37f07875e9a3dd9,"0000 -31 -0.1  10.140200  0  K1ABC FN42 33 
<DecodeFinished>",
-30.0,-0.5,26,2026112526,1,K1ABC FN42 33,-30,0,10.140200,0.09248902100080159,0,official WSJT-X 3.0.2; binary SHA256 9e3c2fc14f63c4b4c4e9fcc33b386cd22daf8fe76ce724c5e37f07875e9a3dd9,"0000 -30  0.1  10.140200  0  K1ABC FN42 33 
<DecodeFinished>",
-30.0,-0.5,28,2026112528,1,K1ABC FN42 33,-30,0,10.140200,0.2688487510004052,0,official WSJT-X 3.0.2; binary SHA256 9e3c2fc14f63c4b4c4e9fcc33b386cd22daf8fe76ce724c5e37f07875e9a3dd9,"0000 -30 -0.1  10.140200  0  K1ABC FN42 33 
<DecodeFinished>",
-30.0,-0.5,30,2026112530,1,K1ABC FN42 33,-30,0,10.140200,0.0922009439982503,0,official WSJT-X 3.0.2; binary SHA256 9e3c2fc14f63c4b4c4e9fcc33b386cd22daf8fe76ce724c5e37f07875e9a3dd9,"0000 -30  0.1  10.140200  0  K1ABC FN42 33 
<DecodeFinished>",
-30.0,-0.5,25,2026112525,0,,,,,0.5380540679998376,0,official WSJT-X 3.0.2; binary SHA256 9e3c2fc14f63c4b4c4e9fcc33b386cd22daf8fe76ce724c5e37f07875e9a3dd9,<DecodeFinished>,
-30.0,-0.5,31,2026112531,1,K1ABC FN42 33,-30,0,10.140200,0.05158316499910143,0,official WSJT-X 3.0.2; binary SHA256 9e3c2fc14f63c4b4c4e9fcc33b386cd22daf8fe76ce724c5e37f07875e9a3dd9,"0000 -30  0.0  10.140200  0  K1ABC FN42 33 
<DecodeFinished>",
-30.0,-0.5,27,2026112527,0,,,,,0.5208040470006381,0,official WSJT-X 3.0.2; binary SHA256 9e3c2fc14f63c4b4c4e9fcc33b386cd22daf8fe76ce724c5e37f07875e9a3dd9,<DecodeFinished>,
-30.0,-0.5,29,2026112529,0,,,,,0.5273492550004448,0,official WSJT-X 3.0.2; binary SHA256 9e3c2fc14f63c4b4c4e9fcc33b386cd22daf8fe76ce724c5e37f07875e9a3dd9,<DecodeFinished>,
-30.0,-0.5,32,2026112532,1,K1ABC FN42 33,-30,0,10.140200,0.2494707070000004,0,official WSJT-X 3.0.2; binary SHA256 9e3c2fc14f63c4b4c4e9fcc33b386cd22daf8fe76ce724c5e37f07875e9a3dd9,"0000 -30  0.0  10.140200  0  K1ABC FN42 33 
<DecodeFinished>",
-30.0,-0.5,35,2026112535,1,K1ABC FN42 33,-30,0,10.140200,0.12412817400036147,0,official WSJT-X 3.0.2; binary SHA256 9e3c2fc14f63c4b4c4e9fcc33b386cd22daf8fe76ce724c5e37f07875e9a3dd9,"0000 -30 -0.1  10.140200  0  K1ABC FN42 33 
<DecodeFinished>",
-30.0,-0.5,37,2026112537,1,K1ABC FN42 33,-30,0,10.140200,0.046723417999601224,0,official WSJT-X 3.0.2; binary SHA256 9e3c2fc14f63c4b4c4e9fcc33b386cd22daf8fe76ce724c5e37f07875e9a3dd9,"0000 -30 -0.1  10.140200  0  K1ABC FN42 33 
<DecodeFinished>",
-30.0,-0.5,34,2026112534,1,K1ABC FN42 33,-29,0,10.140200,0.39414162499997474,0,official WSJT-X 3.0.2; binary SHA256 9e3c2fc14f63c4b4c4e9fcc33b386cd22daf8fe76ce724c5e37f07875e9a3dd9,"0000 -29  0.1  10.140200  0  K1ABC FN42 33 
<DecodeFinished>",
-30.0,-0.5,39,2026112539,1,K1ABC FN42 33,-30,0,10.140200,0.05168928999955824,0,official WSJT-X 3.0.2; binary SHA256 9e3c2fc14f63c4b4c4e9fcc33b386cd22daf8fe76ce724c5e37f07875e9a3dd9,"0000 -30  0.1  10.140200  0  K1ABC FN42 33 
<DecodeFinished>",
-30.0,-0.5,33,2026112533,0,,,,,0.5394132040000841,0,official WSJT-X 3.0.2; binary SHA256 9e3c2fc14f63c4b4c4e9fcc33b386cd22daf8fe76ce724c5e37f07875e9a3dd9,<DecodeFinished>,
-30.0,-0.5,40,2026112540,1,K1ABC FN42 33,-30,0,10.140200,0.0546581549988332,0,official WSJT-X 3.0.2; binary SHA256 9e3c2fc14f63c4b4c4e9fcc33b386cd22daf8fe76ce724c5e37f07875e9a3dd9,"0000 -30  0.0  10.140200  0  K1ABC FN42 33 
<DecodeFinished>",
-30.0,-0.5,42,2026112542,1,K1ABC FN42 33,-29,0,10.140200,0.09045390100072837,0,official WSJT-X 3.0.2; binary SHA256 9e3c2fc14f63c4b4c4e9fcc33b386cd22daf8fe76ce724c5e37f07875e9a3dd9,"0000 -29  0.1  10.140200  0  K1ABC FN42 33 
<DecodeFinished>",
-30.0,-0.5,36,2026112536,0,,,,,0.5385645059996023,0,official WSJT-X 3.0.2; binary SHA256 9e3c2fc14f63c4b4c4e9fcc33b386cd22daf8fe76ce724c5e37f07875e9a3dd9,<DecodeFinished>,
-30.0,-0.5,44,2026112544,1,K1ABC FN42 33,-29,0,10.140200,0.04601986499983468,0,official WSJT-X 3.0.2; binary SHA256 9e3c2fc14f63c4b4c4e9fcc33b386cd22daf8fe76ce724c5e37f07875e9a3dd9,"0000 -29 -0.1  10.140200  0  K1ABC FN42 33 
<DecodeFinished>",
-30.0,-0.5,41,2026112541,1,K1ABC FN42 33,-30,0,10.140200,0.27319145899855357,0,official WSJT-X 3.0.2; binary SHA256 9e3c2fc14f63c4b4c4e9fcc33b386cd22daf8fe76ce724c5e37f07875e9a3dd9,"0000 -30  0.1  10.140200  0  K1ABC FN42 33 
<DecodeFinished>",
-30.0,-0.5,38,2026112538,0,,,,,0.5141881560011825,0,official WSJT-X 3.0.2; binary SHA256 9e3c2fc14f63c4b4c4e9fcc33b386cd22daf8fe76ce724c5e37f07875e9a3dd9,<DecodeFinished>,
-30.0,-0.5,46,2026112546,1,K1ABC FN42 33,-30,0,10.140200,0.04374204799933068,0,official WSJT-X 3.0.2; binary SHA256 9e3c2fc14f63c4b4c4e9fcc33b386cd22daf8fe76ce724c5e37f07875e9a3dd9,"0000 -30 -0.1  10.140200  0  K1ABC FN42 33 
<DecodeFinished>",
-30.0,-0.5,43,2026112543,1,K1ABC FN42 33,-30,0,10.140200,0.22861393700077315,0,official WSJT-X 3.0.2; binary SHA256 9e3c2fc14f63c4b4c4e9fcc33b386cd22daf8fe76ce724c5e37f07875e9a3dd9,"0000 -30  0.0  10.140200  0  K1ABC FN42 33 
<DecodeFinished>",
-30.0,-0.5,47,2026112547,1,K1ABC FN42 33,-29,0,10.140200,0.04803268200157618,0,official WSJT-X 3.0.2; binary SHA256 9e3c2fc14f63c4b4c4e9fcc33b386cd22daf8fe76ce724c5e37f07875e9a3dd9,"0000 -29  0.0  10.140200  0  K1ABC FN42 33 
<DecodeFinished>",
-30.0,-0.5,48,2026112548,1,K1ABC FN42 33,-29,0,10.140200,0.04578340399893932,0,official WSJT-X 3.0.2; binary SHA256 9e3c2fc14f63c4b4c4e9fcc33b386cd22daf8fe76ce724c5e37f07875e9a3dd9,"0000 -29  0.1  10.140200  0  K1ABC FN42 33 
<DecodeFinished>",
-30.0,-0.5,51,2026112551,1,K1ABC FN42 33,-30,0,10.140200,0.052727472999322345,0,official WSJT-X 3.0.2; binary SHA256 9e3c2fc14f63c4b4c4e9fcc33b386cd22daf8fe76ce724c5e37f07875e9a3dd9,"0000 -30  0.0  10.140200  0  K1ABC FN42 33 
<DecodeFinished>",
-30.0,-0.5,45,2026112545,1,K1ABC FN42 33,-30,0,10.140200,0.2538804579999123,0,official WSJT-X 3.0.2; binary SHA256 9e3c2fc14f63c4b4c4e9fcc33b386cd22daf8fe76ce724c5e37f07875e9a3dd9,"0000 -30  0.1  10.140200  0  K1ABC FN42 33 
<DecodeFinished>",
-30.0,-0.5,52,2026112552,1,K1ABC FN42 33,-29,0,10.140200,0.10653735799860442,0,official WSJT-X 3.0.2; binary SHA256 9e3c2fc14f63c4b4c4e9fcc33b386cd22daf8fe76ce724c5e37f07875e9a3dd9,"0000 -29 -0.0  10.140200  0  K1ABC FN42 33 
<DecodeFinished>",
-30.0,-0.5,49,2026112549,1,K1ABC FN42 33,-30,0,10.140200,0.22799212000063562,0,official WSJT-X 3.0.2; binary SHA256 9e3c2fc14f63c4b4c4e9fcc33b386cd22daf8fe76ce724c5e37f07875e9a3dd9,"0000 -30 -0.0  10.140200  0  K1ABC FN42 33 
<DecodeFinished>",
-30.0,-0.5,53,2026112553,1,K1ABC FN42 33,-30,0,10.140200,0.20475917199837568,0,official WSJT-X 3.0.2; binary SHA256 9e3c2fc14f63c4b4c4e9fcc33b386cd22daf8fe76ce724c5e37f07875e9a3dd9,"0000 -30 -0.1  10.140200  0  K1ABC FN42 33 
<DecodeFinished>",
-30.0,-0.5,55,2026112555,1,K1ABC FN42 33,-30,0,10.140200,0.21118626199859136,0,official WSJT-X 3.0.2; binary SHA256 9e3c2fc14f63c4b4c4e9fcc33b386cd22daf8fe76ce724c5e37f07875e9a3dd9,"0000 -30 -0.1  10.140200  0  K1ABC FN42 33 
<DecodeFinished>",
-30.0,-0.5,54,2026112554,1,K1ABC FN42 33,-30,0,10.140200,0.2504593419998855,0,official WSJT-X 3.0.2; binary SHA256 9e3c2fc14f63c4b4c4e9fcc33b386cd22daf8fe76ce724c5e37f07875e9a3dd9,"0000 -30 -0.0  10.140200  0  K1ABC FN42 33 
<DecodeFinished>",
-30.0,-0.5,56,2026112556,1,K1ABC FN42 33,-30,0,10.140200,0.05627658400044311,0,official WSJT-X 3.0.2; binary SHA256 9e3c2fc14f63c4b4c4e9fcc33b386cd22daf8fe76ce724c5e37f07875e9a3dd9,"0000 -30  0.0  10.140200  0  K1ABC FN42 33 
<DecodeFinished>",
-30.0,-0.5,58,2026112558,1,K1ABC FN42 33,-30,0,10.140200,0.058556980000503245,0,official WSJT-X 3.0.2; binary SHA256 9e3c2fc14f63c4b4c4e9fcc33b386cd22daf8fe76ce724c5e37f07875e9a3dd9,"0000 -30  0.0  10.140200  0  K1ABC FN42 33 
<DecodeFinished>",
-30.0,-0.5,57,2026112557,1,K1ABC FN42 33,-30,0,10.140200,0.0673138239999389,0,official WSJT-X 3.0.2; binary SHA256 9e3c2fc14f63c4b4c4e9fcc33b386cd22daf8fe76ce724c5e37f07875e9a3dd9,"0000 -30  0.0  10.140200  0  K1ABC FN42 33 
<DecodeFinished>",
-30.0,-0.5,50,2026112550,0,,,,,0.5221641510015615,0,official WSJT-X 3.0.2; binary SHA256 9e3c2fc14f63c4b4c4e9fcc33b386cd22daf8fe76ce724c5e37f07875e9a3dd9,<DecodeFinished>,
-30.0,-0.5,62,2026112562,1,K1ABC FN42 33,-31,0,10.140200,0.06267051099894161,0,official WSJT-X 3.0.2; binary SHA256 9e3c2fc14f63c4b4c4e9fcc33b386cd22daf8fe76ce724c5e37f07875e9a3dd9,"0000 -31 -0.1  10.140200  0  K1ABC FN42 33 
<DecodeFinished>",
-30.0,-0.5,63,2026112563,1,K1ABC FN42 33,-29,0,10.140200,0.0553476219993172,0,official WSJT-X 3.0.2; binary SHA256 9e3c2fc14f63c4b4c4e9fcc33b386cd22daf8fe76ce724c5e37f07875e9a3dd9,"0000 -29 -0.0  10.140200  0  K1ABC FN42 33 
<DecodeFinished>",
-30.0,-0.5,61,2026112561,1,K1ABC FN42 33,-30,0,10.140200,0.1808570610010065,0,official WSJT-X 3.0.2; binary SHA256 9e3c2fc14f63c4b4c4e9fcc33b386cd22daf8fe76ce724c5e37f07875e9a3dd9,"0000 -30 -0.0  10.140200  0  K1ABC FN42 33 
<DecodeFinished>",
-30.0,-0.5,59,2026112559,1,K1ABC FN42 33,-30,0,10.140200,0.26661933200011845,0,official WSJT-X 3.0.2; binary SHA256 9e3c2fc14f63c4b4c4e9fcc33b386cd22daf8fe76ce724c5e37f07875e9a3dd9,"0000 -30 -0.1  10.140200  0  K1ABC FN42 33 
<DecodeFinished>",
-30.0,-0.5,60,2026112560,1,K1ABC FN42 33,-31,0,10.140200,0.23998345399922982,0,official WSJT-X 3.0.2; binary SHA256 9e3c2fc14f63c4b4c4e9fcc33b386cd22daf8fe76ce724c5e37f07875e9a3dd9,"0000 -31  0.1  10.140200  0  K1ABC FN42 33 
<DecodeFinished>",
-30.0,-0.5,65,2026112565,1,K1ABC FN42 33,-30,0,10.140200,0.06520265499966627,0,official WSJT-X 3.0.2; binary SHA256 9e3c2fc14f63c4b4c4e9fcc33b386cd22daf8fe76ce724c5e37f07875e9a3dd9,"0000 -30  0.0  10.140200  0  K1ABC FN42 33 
<DecodeFinished>",
-30.0,-0.5,68,2026112568,1,K1ABC FN42 33,-29,0,10.140200,0.05160062999857473,0,official WSJT-X 3.0.2; binary SHA256 9e3c2fc14f63c4b4c4e9fcc33b386cd22daf8fe76ce724c5e37f07875e9a3dd9,"0000 -29  0.0  10.140200  0  K1ABC FN42 33 
<DecodeFinished>",
-30.0,-0.5,69,2026112569,1,K1ABC FN42 33,-30,0,10.140200,0.08327006100080325,0,official WSJT-X 3.0.2; binary SHA256 9e3c2fc14f63c4b4c4e9fcc33b386cd22daf8fe76ce724c5e37f07875e9a3dd9,"0000 -30  0.1  10.140200  0  K1ABC FN42 33 
<DecodeFinished>",
-30.0,-0.5,64,2026112564,1,K1ABC FN42 33,-30,0,10.140200,0.27392113899986725,0,official WSJT-X 3.0.2; binary SHA256 9e3c2fc14f63c4b4c4e9fcc33b386cd22daf8fe76ce724c5e37f07875e9a3dd9,"0000 -30 -0.1  10.140200  0  K1ABC FN42 33 
<DecodeFinished>",
-30.0,-0.5,70,2026112570,1,K1ABC FN42 33,-29,-1,10.140200,0.04799191399979463,0,official WSJT-X 3.0.2; binary SHA256 9e3c2fc14f63c4b4c4e9fcc33b386cd22daf8fe76ce724c5e37f07875e9a3dd9,"0000 -29 -0.0  10.140200 -1  K1ABC FN42 33 
<DecodeFinished>",
-30.0,-0.5,66,2026112566,1,K1ABC FN42 33,-30,0,10.140200,0.2621002870000666,0,official WSJT-X 3.0.2; binary SHA256 9e3c2fc14f63c4b4c4e9fcc33b386cd22daf8fe76ce724c5e37f07875e9a3dd9,"0000 -30  0.0  10.140200  0  K1ABC FN42 33 
<DecodeFinished>",
-30.0,-0.5,72,2026112572,1,K1ABC FN42 33,-29,0,10.140200,0.0463816230003431,0,official WSJT-X 3.0.2; binary SHA256 9e3c2fc14f63c4b4c4e9fcc33b386cd22daf8fe76ce724c5e37f07875e9a3dd9,"0000 -29  0.0  10.140200  0  K1ABC FN42 33 
<DecodeFinished>",
-30.0,-0.5,67,2026112567,1,K1ABC FN42 33,-30,0,10.140200,0.254919308999888,0,official WSJT-X 3.0.2; binary SHA256 9e3c2fc14f63c4b4c4e9fcc33b386cd22daf8fe76ce724c5e37f07875e9a3dd9,"0000 -30  0.1  10.140200  0  K1ABC FN42 33 
<DecodeFinished>",
-30.0,-0.5,71,2026112571,1,K1ABC FN42 33,-30,0,10.140200,0.09972023799855378,0,official WSJT-X 3.0.2; binary SHA256 9e3c2fc14f63c4b4c4e9fcc33b386cd22daf8fe76ce724c5e37f07875e9a3dd9,"0000 -30  0.0  10.140200  0  K1ABC FN42 33 
<DecodeFinished>",
-30.0,-0.5,73,2026112573,1,K1ABC FN42 33,-29,0,10.140200,0.07957106399953773,0,official WSJT-X 3.0.2; binary SHA256 9e3c2fc14f63c4b4c4e9fcc33b386cd22daf8fe76ce724c5e37f07875e9a3dd9,"0000 -29 -0.1  10.140200  0  K1ABC FN42 33 
<DecodeFinished>",
-30.0,-0.5,74,2026112574,1,K1ABC FN42 33,-30,0,10.140200,0.07822973099973751,0,official WSJT-X 3.0.2; binary SHA256 9e3c2fc14f63c4b4c4e9fcc33b386cd22daf8fe76ce724c5e37f07875e9a3dd9,"0000 -30 -0.0  10.140200  0  K1ABC FN42 33 
<DecodeFinished>",
-30.0,-0.5,77,2026112577,1,K1ABC FN42 33,-30,0,10.140200,0.08247772799950326,0,official WSJT-X 3.0.2; binary SHA256 9e3c2fc14f63c4b4c4e9fcc33b386cd22daf8fe76ce724c5e37f07875e9a3dd9,"0000 -30 -0.0  10.140200  0  K1ABC FN42 33 
<DecodeFinished>",
-30.0,-0.5,75,2026112575,1,K1ABC FN42 33,-30,0,10.140200,0.32983393799986516,0,official WSJT-X 3.0.2; binary SHA256 9e3c2fc14f63c4b4c4e9fcc33b386cd22daf8fe76ce724c5e37f07875e9a3dd9,"0000 -30 -0.0  10.140200  0  K1ABC FN42 33 
<DecodeFinished>",
-30.0,-0.5,78,2026112578,1,K1ABC FN42 33,-30,0,10.140200,0.30427751599927433,0,official WSJT-X 3.0.2; binary SHA256 9e3c2fc14f63c4b4c4e9fcc33b386cd22daf8fe76ce724c5e37f07875e9a3dd9,"0000 -30  0.1  10.140200  0  K1ABC FN42 33 
<DecodeFinished>",
-30.0,-0.5,80,2026112580,1,K1ABC FN42 33,-30,0,10.140200,0.05610933099887916,0,official WSJT-X 3.0.2; binary SHA256 9e3c2fc14f63c4b4c4e9fcc33b386cd22daf8fe76ce724c5e37f07875e9a3dd9,"0000 -30  0.0  10.140200  0  K1ABC FN42 33 
<DecodeFinished>",
-30.0,-0.5,82,2026112582,1,K1ABC FN42 33,-30,0,10.140200,0.04655961900061811,0,official WSJT-X 3.0.2; binary SHA256 9e3c2fc14f63c4b4c4e9fcc33b386cd22daf8fe76ce724c5e37f07875e9a3dd9,"0000 -30  0.0  10.140200  0  K1ABC FN42 33 
<DecodeFinished>",
-30.0,-0.5,83,2026112583,1,K1ABC FN42 33,-30,0,10.140200,0.04852249599935021,0,official WSJT-X 3.0.2; binary SHA256 9e3c2fc14f63c4b4c4e9fcc33b386cd22daf8fe76ce724c5e37f07875e9a3dd9,"0000 -30  0.0  10.140200  0  K1ABC FN42 33 
<DecodeFinished>",
-30.0,-0.5,76,2026112576,0,,,,,0.5318862259991874,0,official WSJT-X 3.0.2; binary SHA256 9e3c2fc14f63c4b4c4e9fcc33b386cd22daf8fe76ce724c5e37f07875e9a3dd9,<DecodeFinished>,
-30.0,-0.5,85,2026112585,1,K1ABC FN42 33,-29,0,10.140200,0.04567729399968812,0,official WSJT-X 3.0.2; binary SHA256 9e3c2fc14f63c4b4c4e9fcc33b386cd22daf8fe76ce724c5e37f07875e9a3dd9,"0000 -29  0.0  10.140200  0  K1ABC FN42 33 
<DecodeFinished>",
-30.0,-0.5,79,2026112579,0,,,,,0.5065133320003952,0,official WSJT-X 3.0.2; binary SHA256 9e3c2fc14f63c4b4c4e9fcc33b386cd22daf8fe76ce724c5e37f07875e9a3dd9,<DecodeFinished>,
-30.0,-0.5,84,2026112584,1,K1ABC FN42 33,-30,0,10.140200,0.28990676299872575,0,official WSJT-X 3.0.2; binary SHA256 9e3c2fc14f63c4b4c4e9fcc33b386cd22daf8fe76ce724c5e37f07875e9a3dd9,"0000 -30  0.1  10.140200  0  K1ABC FN42 33 
<DecodeFinished>",
-30.0,-0.5,81,2026112581,0,,,,,0.5185099110003648,0,official WSJT-X 3.0.2; binary SHA256 9e3c2fc14f63c4b4c4e9fcc33b386cd22daf8fe76ce724c5e37f07875e9a3dd9,<DecodeFinished>,
-30.0,-0.5,88,2026112588,1,K1ABC FN42 33,-29,0,10.140200,0.23223531999974512,0,official WSJT-X 3.0.2; binary SHA256 9e3c2fc14f63c4b4c4e9fcc33b386cd22daf8fe76ce724c5e37f07875e9a3dd9,"0000 -29  0.0  10.140200  0  K1ABC FN42 33 
<DecodeFinished>",
-30.0,-0.5,90,2026112590,1,K1ABC FN42 33,-29,0,10.140200,0.06517094700029702,0,official WSJT-X 3.0.2; binary SHA256 9e3c2fc14f63c4b4c4e9fcc33b386cd22daf8fe76ce724c5e37f07875e9a3dd9,"0000 -29 -0.0  10.140200  0  K1ABC FN42 33 
<DecodeFinished>",
-30.0,-0.5,86,2026112586,0,,,,,0.5258093869997538,0,official WSJT-X 3.0.2; binary SHA256 9e3c2fc14f63c4b4c4e9fcc33b386cd22daf8fe76ce724c5e37f07875e9a3dd9,<DecodeFinished>,
-30.0,-0.5,87,2026112587,0,,,,,0.5193998200011265,0,official WSJT-X 3.0.2; binary SHA256 9e3c2fc14f63c4b4c4e9fcc33b386cd22daf8fe76ce724c5e37f07875e9a3dd9,<DecodeFinished>,
-30.0,-0.5,93,2026112593,1,K1ABC FN42 33,-29,0,10.140200,0.06139003000134835,0,official WSJT-X 3.0.2; binary SHA256 9e3c2fc14f63c4b4c4e9fcc33b386cd22daf8fe76ce724c5e37f07875e9a3dd9,"0000 -29  0.1  10.140200  0  K1ABC FN42 33 
<DecodeFinished>",
-30.0,-0.5,94,2026112594,1,K1ABC FN42 33,-30,-1,10.140200,0.13317681099943002,0,official WSJT-X 3.0.2; binary SHA256 9e3c2fc14f63c4b4c4e9fcc33b386cd22daf8fe76ce724c5e37f07875e9a3dd9,"0000 -30 -0.1  10.140200 -1  K1ABC FN42 33 
<DecodeFinished>",
-30.0,-0.5,89,2026112589,0,,,,,0.5201218229994993,0,official WSJT-X 3.0.2; binary SHA256 9e3c2fc14f63c4b4c4e9fcc33b386cd22daf8fe76ce724c5e37f07875e9a3dd9,<DecodeFinished>,
-30.0,-0.5,96,2026112596,1,K1ABC FN42 33,-29,0,10.140200,0.08107440400090127,0,official WSJT-X 3.0.2; binary SHA256 9e3c2fc14f63c4b4c4e9fcc33b386cd22daf8fe76ce724c5e37f07875e9a3dd9,"0000 -29  0.1  10.140200  0  K1ABC FN42 33 
<DecodeFinished>",
-30.0,-0.5,97,2026112597,1,K1ABC FN42 33,-30,0,10.140200,0.04481945400038967,0,official WSJT-X 3.0.2; binary SHA256 9e3c2fc14f63c4b4c4e9fcc33b386cd22daf8fe76ce724c5e37f07875e9a3dd9,"0000 -30 -0.1  10.140200  0  K1ABC FN42 33 
<DecodeFinished>",
-30.0,-0.5,91,2026112591,0,,,,,0.5051463919990056,0,official WSJT-X 3.0.2; binary SHA256 9e3c2fc14f63c4b4c4e9fcc33b386cd22daf8fe76ce724c5e37f07875e9a3dd9,<DecodeFinished>,
-30.0,-0.5,92,2026112592,0,,,,,0.5317328549990634,0,official WSJT-X 3.0.2; binary SHA256 9e3c2fc14f63c4b4c4e9fcc33b386cd22daf8fe76ce724c5e37f07875e9a3dd9,<DecodeFinished>,
-30.0,-0.5,95,2026112595,1,K1ABC FN42 33,-30,0,10.140200,0.3078193779983849,0,official WSJT-X 3.0.2; binary SHA256 9e3c2fc14f63c4b4c4e9fcc33b386cd22daf8fe76ce724c5e37f07875e9a3dd9,"0000 -30 -0.1  10.140200  0  K1ABC FN42 33 
<DecodeFinished>",
-30.0,-0.5,98,2026112598,0,,,,,0.5171434000003501,0,official WSJT-X 3.0.2; binary SHA256 9e3c2fc14f63c4b4c4e9fcc33b386cd22daf8fe76ce724c5e37f07875e9a3dd9,<DecodeFinished>,
-30.0,-0.5,99,2026112599,0,,,,,0.5268728959999862,0,official WSJT-X 3.0.2; binary SHA256 9e3c2fc14f63c4b4c4e9fcc33b386cd22daf8fe76ce724c5e37f07875e9a3dd9,<DecodeFinished>,
-30.0,1.0,2,2026112502,1,K1ABC FN42 33,-30,0,10.140200,0.05308745699949213,0,official WSJT-X 3.0.2; binary SHA256 9e3c2fc14f63c4b4c4e9fcc33b386cd22daf8fe76ce724c5e37f07875e9a3dd9,"0000 -30 -0.1  10.140200  0  K1ABC FN42 33 
<DecodeFinished>",
-30.0,1.0,0,2026112500,0,,,,,0.5209304639993206,0,official WSJT-X 3.0.2; binary SHA256 9e3c2fc14f63c4b4c4e9fcc33b386cd22daf8fe76ce724c5e37f07875e9a3dd9,<DecodeFinished>,
-30.0,1.0,1,2026112501,0,,,,,0.5135021860005509,0,official WSJT-X 3.0.2; binary SHA256 9e3c2fc14f63c4b4c4e9fcc33b386cd22daf8fe76ce724c5e37f07875e9a3dd9,<DecodeFinished>,
-30.0,1.0,3,2026112503,0,,,,,0.5137950839998666,0,official WSJT-X 3.0.2; binary SHA256 9e3c2fc14f63c4b4c4e9fcc33b386cd22daf8fe76ce724c5e37f07875e9a3dd9,<DecodeFinished>,
-30.0,1.0,6,2026112506,0,,,,,0.5141530559994862,0,official WSJT-X 3.0.2; binary SHA256 9e3c2fc14f63c4b4c4e9fcc33b386cd22daf8fe76ce724c5e37f07875e9a3dd9,<DecodeFinished>,
-30.0,1.0,4,2026112504,0,,,,,0.6023742990000756,0,official WSJT-X 3.0.2; binary SHA256 9e3c2fc14f63c4b4c4e9fcc33b386cd22daf8fe76ce724c5e37f07875e9a3dd9,<DecodeFinished>,
-30.0,1.0,5,2026112505,0,,,,,0.5272952010000154,0,official WSJT-X 3.0.2; binary SHA256 9e3c2fc14f63c4b4c4e9fcc33b386cd22daf8fe76ce724c5e37f07875e9a3dd9,<DecodeFinished>,
-30.0,1.0,9,2026112509,1,K1ABC FN42 33,-31,0,10.140200,0.07346269600020605,0,official WSJT-X 3.0.2; binary SHA256 9e3c2fc14f63c4b4c4e9fcc33b386cd22daf8fe76ce724c5e37f07875e9a3dd9,"0000 -31  0.1  10.140200  0  K1ABC FN42 33 
<DecodeFinished>",
-30.0,1.0,10,2026112510,1,K1ABC FN42 33,-30,1,10.140200,0.07630889000029129,0,official WSJT-X 3.0.2; binary SHA256 9e3c2fc14f63c4b4c4e9fcc33b386cd22daf8fe76ce724c5e37f07875e9a3dd9,"0000 -30  0.0  10.140200  1  K1ABC FN42 33 
<DecodeFinished>",
-30.0,1.0,12,2026112512,1,K1ABC FN42 33,-30,0,10.140200,0.04584744500061788,0,official WSJT-X 3.0.2; binary SHA256 9e3c2fc14f63c4b4c4e9fcc33b386cd22daf8fe76ce724c5e37f07875e9a3dd9,"0000 -30 -0.0  10.140200  0  K1ABC FN42 33 
<DecodeFinished>",
-30.0,1.0,11,2026112511,1,K1ABC FN42 33,-29,0,10.140200,0.055251411999051925,0,official WSJT-X 3.0.2; binary SHA256 9e3c2fc14f63c4b4c4e9fcc33b386cd22daf8fe76ce724c5e37f07875e9a3dd9,"0000 -29 -0.1  10.140200  0  K1ABC FN42 33 
<DecodeFinished>",
-30.0,1.0,14,2026112514,1,K1ABC FN42 33,-30,0,10.140200,0.06783293499938736,0,official WSJT-X 3.0.2; binary SHA256 9e3c2fc14f63c4b4c4e9fcc33b386cd22daf8fe76ce724c5e37f07875e9a3dd9,"0000 -30 -0.1  10.140200  0  K1ABC FN42 33 
<DecodeFinished>",
-30.0,1.0,7,2026112507,0,,,,,0.5037408200005302,0,official WSJT-X 3.0.2; binary SHA256 9e3c2fc14f63c4b4c4e9fcc33b386cd22daf8fe76ce724c5e37f07875e9a3dd9,<DecodeFinished>,
-30.0,1.0,16,2026112516,1,K1ABC FN42 33,-29,1,10.140200,0.06320661899917468,0,official WSJT-X 3.0.2; binary SHA256 9e3c2fc14f63c4b4c4e9fcc33b386cd22daf8fe76ce724c5e37f07875e9a3dd9,"0000 -29  0.0  10.140200  1  K1ABC FN42 33 
<DecodeFinished>",
-30.0,1.0,8,2026112508,0,,,,,0.5243097290003789,0,official WSJT-X 3.0.2; binary SHA256 9e3c2fc14f63c4b4c4e9fcc33b386cd22daf8fe76ce724c5e37f07875e9a3dd9,<DecodeFinished>,
-30.0,1.0,17,2026112517,1,K1ABC FN42 33,-30,0,10.140200,0.13750868600072863,0,official WSJT-X 3.0.2; binary SHA256 9e3c2fc14f63c4b4c4e9fcc33b386cd22daf8fe76ce724c5e37f07875e9a3dd9,"0000 -30 -0.0  10.140200  0  K1ABC FN42 33 
<DecodeFinished>",
-30.0,1.0,13,2026112513,0,,,,,0.510717338998802,0,official WSJT-X 3.0.2; binary SHA256 9e3c2fc14f63c4b4c4e9fcc33b386cd22daf8fe76ce724c5e37f07875e9a3dd9,<DecodeFinished>,
-30.0,1.0,15,2026112515,0,,,,,0.5061907950002933,0,official WSJT-X 3.0.2; binary SHA256 9e3c2fc14f63c4b4c4e9fcc33b386cd22daf8fe76ce724c5e37f07875e9a3dd9,<DecodeFinished>,
-30.0,1.0,21,2026112521,1,K1ABC FN42 33,-30,0,10.140200,0.14845878800042556,0,official WSJT-X 3.0.2; binary SHA256 9e3c2fc14f63c4b4c4e9fcc33b386cd22daf8fe76ce724c5e37f07875e9a3dd9,"0000 -30  0.1  10.140200  0  K1ABC FN42 33 
<DecodeFinished>",
-30.0,1.0,18,2026112518,0,,,,,0.5236633069998788,0,official WSJT-X 3.0.2; binary SHA256 9e3c2fc14f63c4b4c4e9fcc33b386cd22daf8fe76ce724c5e37f07875e9a3dd9,<DecodeFinished>,
-30.0,1.0,23,2026112523,1,K1ABC FN42 33,-30,0,10.140200,0.07242430900078034,0,official WSJT-X 3.0.2; binary SHA256 9e3c2fc14f63c4b4c4e9fcc33b386cd22daf8fe76ce724c5e37f07875e9a3dd9,"0000 -30 -0.1  10.140200  0  K1ABC FN42 33 
<DecodeFinished>",
-30.0,1.0,19,2026112519,0,,,,,0.514842659000351,0,official WSJT-X 3.0.2; binary SHA256 9e3c2fc14f63c4b4c4e9fcc33b386cd22daf8fe76ce724c5e37f07875e9a3dd9,<DecodeFinished>,
-30.0,1.0,20,2026112520,0,,,,,0.515909792000457,0,official WSJT-X 3.0.2; binary SHA256 9e3c2fc14f63c4b4c4e9fcc33b386cd22daf8fe76ce724c5e37f07875e9a3dd9,<DecodeFinished>,
-30.0,1.0,24,2026112524,1,K1ABC FN42 33,-31,0,10.140200,0.04883414299911237,0,official WSJT-X 3.0.2; binary SHA256 9e3c2fc14f63c4b4c4e9fcc33b386cd22daf8fe76ce724c5e37f07875e9a3dd9,"0000 -31  0.1  10.140200  0  K1ABC FN42 33 
<DecodeFinished>",
-30.0,1.0,22,2026112522,0,,,,,0.5131979979996686,0,official WSJT-X 3.0.2; binary SHA256 9e3c2fc14f63c4b4c4e9fcc33b386cd22daf8fe76ce724c5e37f07875e9a3dd9,<DecodeFinished>,
-30.0,1.0,25,2026112525,0,,,,,0.5171606180010713,0,official WSJT-X 3.0.2; binary SHA256 9e3c2fc14f63c4b4c4e9fcc33b386cd22daf8fe76ce724c5e37f07875e9a3dd9,<DecodeFinished>,
-30.0,1.0,26,2026112526,0,,,,,0.5145847559997492,0,official WSJT-X 3.0.2; binary SHA256 9e3c2fc14f63c4b4c4e9fcc33b386cd22daf8fe76ce724c5e37f07875e9a3dd9,<DecodeFinished>,
-30.0,1.0,27,2026112527,0,,,,,0.5225507279992598,0,official WSJT-X 3.0.2; binary SHA256 9e3c2fc14f63c4b4c4e9fcc33b386cd22daf8fe76ce724c5e37f07875e9a3dd9,<DecodeFinished>,
-30.0,1.0,31,2026112531,0,,,,,0.040700039000512334,0,official WSJT-X 3.0.2; binary SHA256 9e3c2fc14f63c4b4c4e9fcc33b386cd22daf8fe76ce724c5e37f07875e9a3dd9,<DecodeFinished>,
-30.0,1.0,28,2026112528,0,,,,,0.5211241290016915,0,official WSJT-X 3.0.2; binary SHA256 9e3c2fc14f63c4b4c4e9fcc33b386cd22daf8fe76ce724c5e37f07875e9a3dd9,<DecodeFinished>,
-30.0,1.0,33,2026112533,1,K1ABC FN42 33,-29,0,10.140200,0.04661522999958834,0,official WSJT-X 3.0.2; binary SHA256 9e3c2fc14f63c4b4c4e9fcc33b386cd22daf8fe76ce724c5e37f07875e9a3dd9,"0000 -29  0.0  10.140200  0  K1ABC FN42 33 
<DecodeFinished>",
-30.0,1.0,34,2026112534,1,K1ABC FN42 33,-29,0,10.140200,0.09041024799989827,0,official WSJT-X 3.0.2; binary SHA256 9e3c2fc14f63c4b4c4e9fcc33b386cd22daf8fe76ce724c5e37f07875e9a3dd9,"0000 -29  0.0  10.140200  0  K1ABC FN42 33 
<DecodeFinished>",
-30.0,1.0,35,2026112535,1,K1ABC FN42 33,-30,0,10.140200,0.04628976699859777,0,official WSJT-X 3.0.2; binary SHA256 9e3c2fc14f63c4b4c4e9fcc33b386cd22daf8fe76ce724c5e37f07875e9a3dd9,"0000 -30 -0.1  10.140200  0  K1ABC FN42 33 
<DecodeFinished>",
-30.0,1.0,29,2026112529,0,,,,,0.5256109620004281,0,official WSJT-X 3.0.2; binary SHA256 9e3c2fc14f63c4b4c4e9fcc33b386cd22daf8fe76ce724c5e37f07875e9a3dd9,<DecodeFinished>,
-30.0,1.0,36,2026112536,1,K1ABC FN42 33,-30,0,10.140200,0.1071345910004311,0,official WSJT-X 3.0.2; binary SHA256 9e3c2fc14f63c4b4c4e9fcc33b386cd22daf8fe76ce724c5e37f07875e9a3dd9,"0000 -30  0.1  10.140200  0  K1ABC FN42 33 
<DecodeFinished>",
-30.0,1.0,30,2026112530,0,,,,,0.508952832000432,0,official WSJT-X 3.0.2; binary SHA256 9e3c2fc14f63c4b4c4e9fcc33b386cd22daf8fe76ce724c5e37f07875e9a3dd9,<DecodeFinished>,
-30.0,1.0,37,2026112537,1,K1ABC FN42 33,-30,0,10.140200,0.05335159399874101,0,official WSJT-X 3.0.2; binary SHA256 9e3c2fc14f63c4b4c4e9fcc33b386cd22daf8fe76ce724c5e37f07875e9a3dd9,"0000 -30 -0.0  10.140200  0  K1ABC FN42 33 
<DecodeFinished>",
-30.0,1.0,32,2026112532,0,,,,,0.5136876919987117,0,official WSJT-X 3.0.2; binary SHA256 9e3c2fc14f63c4b4c4e9fcc33b386cd22daf8fe76ce724c5e37f07875e9a3dd9,<DecodeFinished>,
-30.0,1.0,38,2026112538,1,K1ABC FN42 33,-29,0,10.140200,0.18756098300036683,0,official WSJT-X 3.0.2; binary SHA256 9e3c2fc14f63c4b4c4e9fcc33b386cd22daf8fe76ce724c5e37f07875e9a3dd9,"0000 -29  0.0  10.140200  0  K1ABC FN42 33 
<DecodeFinished>",
-30.0,1.0,42,2026112542,1,K1ABC FN42 33,-29,0,10.140200,0.09837923400118598,0,official WSJT-X 3.0.2; binary SHA256 9e3c2fc14f63c4b4c4e9fcc33b386cd22daf8fe76ce724c5e37f07875e9a3dd9,"0000 -29  0.0  10.140200  0  K1ABC FN42 33 
<DecodeFinished>",
-30.0,1.0,43,2026112543,1,K1ABC FN42 33,-30,0,10.140200,0.044981808998272754,0,official WSJT-X 3.0.2; binary SHA256 9e3c2fc14f63c4b4c4e9fcc33b386cd22daf8fe76ce724c5e37f07875e9a3dd9,"0000 -30  0.0  10.140200  0  K1ABC FN42 33 
<DecodeFinished>",
-30.0,1.0,44,2026112544,1,K1ABC FN42 33,-30,0,10.140200,0.05868848299905949,0,official WSJT-X 3.0.2; binary SHA256 9e3c2fc14f63c4b4c4e9fcc33b386cd22daf8fe76ce724c5e37f07875e9a3dd9,"0000 -30 -0.1  10.140200  0  K1ABC FN42 33 
<DecodeFinished>",
-30.0,1.0,39,2026112539,0,,,,,0.5215113510002993,0,official WSJT-X 3.0.2; binary SHA256 9e3c2fc14f63c4b4c4e9fcc33b386cd22daf8fe76ce724c5e37f07875e9a3dd9,<DecodeFinished>,
-30.0,1.0,40,2026112540,0,,,,,0.515406371001518,0,official WSJT-X 3.0.2; binary SHA256 9e3c2fc14f63c4b4c4e9fcc33b386cd22daf8fe76ce724c5e37f07875e9a3dd9,<DecodeFinished>,
-30.0,1.0,41,2026112541,0,,,,,0.5202830639991589,0,official WSJT-X 3.0.2; binary SHA256 9e3c2fc14f63c4b4c4e9fcc33b386cd22daf8fe76ce724c5e37f07875e9a3dd9,<DecodeFinished>,
-30.0,1.0,47,2026112547,0,,,,,0.043076926998764975,0,official WSJT-X 3.0.2; binary SHA256 9e3c2fc14f63c4b4c4e9fcc33b386cd22daf8fe76ce724c5e37f07875e9a3dd9,<DecodeFinished>,
-30.0,1.0,46,2026112546,1,K1ABC FN42 33,-30,1,10.140200,0.09382858900062274,0,official WSJT-X 3.0.2; binary SHA256 9e3c2fc14f63c4b4c4e9fcc33b386cd22daf8fe76ce724c5e37f07875e9a3dd9,"0000 -30 -0.0  10.140200  1  K1ABC FN42 33 
<DecodeFinished>",
-30.0,1.0,49,2026112549,0,,,,,0.14082005499949446,0,official WSJT-X 3.0.2; binary SHA256 9e3c2fc14f63c4b4c4e9fcc33b386cd22daf8fe76ce724c5e37f07875e9a3dd9,<DecodeFinished>,
-30.0,1.0,51,2026112551,1,K1ABC FN42 33,-30,0,10.140200,0.05754801399962162,0,official WSJT-X 3.0.2; binary SHA256 9e3c2fc14f63c4b4c4e9fcc33b386cd22daf8fe76ce724c5e37f07875e9a3dd9,"0000 -30  0.0  10.140200  0  K1ABC FN42 33 
<DecodeFinished>",
-30.0,1.0,45,2026112545,0,,,,,0.5050910870013468,0,official WSJT-X 3.0.2; binary SHA256 9e3c2fc14f63c4b4c4e9fcc33b386cd22daf8fe76ce724c5e37f07875e9a3dd9,<DecodeFinished>,
-30.0,1.0,53,2026112553,1,K1ABC FN42 33,-30,0,10.140200,0.07949810199897911,0,official WSJT-X 3.0.2; binary SHA256 9e3c2fc14f63c4b4c4e9fcc33b386cd22daf8fe76ce724c5e37f07875e9a3dd9,"0000 -30 -0.1  10.140200  0  K1ABC FN42 33 
<DecodeFinished>",
-30.0,1.0,48,2026112548,0,,,,,0.5346700840000267,0,official WSJT-X 3.0.2; binary SHA256 9e3c2fc14f63c4b4c4e9fcc33b386cd22daf8fe76ce724c5e37f07875e9a3dd9,<DecodeFinished>,
-30.0,1.0,50,2026112550,0,,,,,0.5247937120002462,0,official WSJT-X 3.0.2; binary SHA256 9e3c2fc14f63c4b4c4e9fcc33b386cd22daf8fe76ce724c5e37f07875e9a3dd9,<DecodeFinished>,
-30.0,1.0,56,2026112556,0,,,,,0.04891323000083503,0,official WSJT-X 3.0.2; binary SHA256 9e3c2fc14f63c4b4c4e9fcc33b386cd22daf8fe76ce724c5e37f07875e9a3dd9,<DecodeFinished>,
-30.0,1.0,57,2026112557,1,K1ABC FN42 33,-30,0,10.140200,0.04631831799997599,0,official WSJT-X 3.0.2; binary SHA256 9e3c2fc14f63c4b4c4e9fcc33b386cd22daf8fe76ce724c5e37f07875e9a3dd9,"0000 -30  0.0  10.140200  0  K1ABC FN42 33 
<DecodeFinished>",
-30.0,1.0,52,2026112552,0,,,,,0.5295606529998622,0,official WSJT-X 3.0.2; binary SHA256 9e3c2fc14f63c4b4c4e9fcc33b386cd22daf8fe76ce724c5e37f07875e9a3dd9,<DecodeFinished>,
-30.0,1.0,58,2026112558,0,K1ADP LO48 10,,,,0.10092081600123493,0,official WSJT-X 3.0.2; binary SHA256 9e3c2fc14f63c4b4c4e9fcc33b386cd22daf8fe76ce724c5e37f07875e9a3dd9,"0000 -31  0.1  10.140200  0  K1ADP LO48 10 
<DecodeFinished>",
-30.0,1.0,54,2026112554,0,,,,,0.5207154759991681,0,official WSJT-X 3.0.2; binary SHA256 9e3c2fc14f63c4b4c4e9fcc33b386cd22daf8fe76ce724c5e37f07875e9a3dd9,<DecodeFinished>,
-30.0,1.0,61,2026112561,1,K1ABC FN42 33,-30,0,10.140200,0.06758363799963263,0,official WSJT-X 3.0.2; binary SHA256 9e3c2fc14f63c4b4c4e9fcc33b386cd22daf8fe76ce724c5e37f07875e9a3dd9,"0000 -30 -0.0  10.140200  0  K1ABC FN42 33 
<DecodeFinished>",
-30.0,1.0,55,2026112555,0,,,,,0.502857719999156,0,official WSJT-X 3.0.2; binary SHA256 9e3c2fc14f63c4b4c4e9fcc33b386cd22daf8fe76ce724c5e37f07875e9a3dd9,<DecodeFinished>,
-30.0,1.0,60,2026112560,0,,,,,0.5166049109993764,0,official WSJT-X 3.0.2; binary SHA256 9e3c2fc14f63c4b4c4e9fcc33b386cd22daf8fe76ce724c5e37f07875e9a3dd9,<DecodeFinished>,
-30.0,1.0,59,2026112559,0,,,,,0.5166422099991905,0,official WSJT-X 3.0.2; binary SHA256 9e3c2fc14f63c4b4c4e9fcc33b386cd22daf8fe76ce724c5e37f07875e9a3dd9,<DecodeFinished>,
-30.0,1.0,65,2026112565,1,K1ABC FN42 33,-31,0,10.140200,0.06801953600006527,0,official WSJT-X 3.0.2; binary SHA256 9e3c2fc14f63c4b4c4e9fcc33b386cd22daf8fe76ce724c5e37f07875e9a3dd9,"0000 -31  0.0  10.140200  0  K1ABC FN42 33 
<DecodeFinished>",
-30.0,1.0,62,2026112562,0,,,,,0.5242937900002289,0,official WSJT-X 3.0.2; binary SHA256 9e3c2fc14f63c4b4c4e9fcc33b386cd22daf8fe76ce724c5e37f07875e9a3dd9,<DecodeFinished>,
-30.0,1.0,63,2026112563,0,,,,,0.5310603130001255,0,official WSJT-X 3.0.2; binary SHA256 9e3c2fc14f63c4b4c4e9fcc33b386cd22daf8fe76ce724c5e37f07875e9a3dd9,<DecodeFinished>,
-30.0,1.0,67,2026112567,1,K1ABC FN42 33,-29,0,10.140200,0.24896979999903124,0,official WSJT-X 3.0.2; binary SHA256 9e3c2fc14f63c4b4c4e9fcc33b386cd22daf8fe76ce724c5e37f07875e9a3dd9,"0000 -29  0.1  10.140200  0  K1ABC FN42 33 
<DecodeFinished>",
-30.0,1.0,64,2026112564,0,,,,,0.5153078980001737,0,official WSJT-X 3.0.2; binary SHA256 9e3c2fc14f63c4b4c4e9fcc33b386cd22daf8fe76ce724c5e37f07875e9a3dd9,<DecodeFinished>,
-30.0,1.0,69,2026112569,1,K1ABC FN42 33,-30,0,10.140200,0.059660617998815724,0,official WSJT-X 3.0.2; binary SHA256 9e3c2fc14f63c4b4c4e9fcc33b386cd22daf8fe76ce724c5e37f07875e9a3dd9,"0000 -30  0.1  10.140200  0  K1ABC FN42 33 
<DecodeFinished>",
-30.0,1.0,66,2026112566,0,,,,,0.5106674510006997,0,official WSJT-X 3.0.2; binary SHA256 9e3c2fc14f63c4b4c4e9fcc33b386cd22daf8fe76ce724c5e37f07875e9a3dd9,<DecodeFinished>,
-30.0,1.0,70,2026112570,1,K1ABC FN42 33,-30,0,10.140200,0.06913793000057922,0,official WSJT-X 3.0.2; binary SHA256 9e3c2fc14f63c4b4c4e9fcc33b386cd22daf8fe76ce724c5e37f07875e9a3dd9,"0000 -30 -0.0  10.140200  0  K1ABC FN42 33 
<DecodeFinished>",
-30.0,1.0,68,2026112568,0,,,,,0.5078744139991613,0,official WSJT-X 3.0.2; binary SHA256 9e3c2fc14f63c4b4c4e9fcc33b386cd22daf8fe76ce724c5e37f07875e9a3dd9,<DecodeFinished>,
-30.0,1.0,71,2026112571,0,,,,,0.4034033419993648,0,official WSJT-X 3.0.2; binary SHA256 9e3c2fc14f63c4b4c4e9fcc33b386cd22daf8fe76ce724c5e37f07875e9a3dd9,<DecodeFinished>,
-30.0,1.0,73,2026112573,0,,,,,0.503916145000403,0,official WSJT-X 3.0.2; binary SHA256 9e3c2fc14f63c4b4c4e9fcc33b386cd22daf8fe76ce724c5e37f07875e9a3dd9,<DecodeFinished>,
-30.0,1.0,72,2026112572,0,,,,,0.514287506999608,0,official WSJT-X 3.0.2; binary SHA256 9e3c2fc14f63c4b4c4e9fcc33b386cd22daf8fe76ce724c5e37f07875e9a3dd9,<DecodeFinished>,
-30.0,1.0,76,2026112576,1,K1ABC FN42 33,-30,0,10.140200,0.10579964699900302,0,official WSJT-X 3.0.2; binary SHA256 9e3c2fc14f63c4b4c4e9fcc33b386cd22daf8fe76ce724c5e37f07875e9a3dd9,"0000 -30  0.1  10.140200  0  K1ABC FN42 33 
<DecodeFinished>",
-30.0,1.0,74,2026112574,0,,,,,0.5060039899999538,0,official WSJT-X 3.0.2; binary SHA256 9e3c2fc14f63c4b4c4e9fcc33b386cd22daf8fe76ce724c5e37f07875e9a3dd9,<DecodeFinished>,
-30.0,1.0,75,2026112575,0,,,,,0.5243616750012734,0,official WSJT-X 3.0.2; binary SHA256 9e3c2fc14f63c4b4c4e9fcc33b386cd22daf8fe76ce724c5e37f07875e9a3dd9,<DecodeFinished>,
-30.0,1.0,80,2026112580,1,K1ABC FN42 33,-30,0,10.140200,0.048152631001357804,0,official WSJT-X 3.0.2; binary SHA256 9e3c2fc14f63c4b4c4e9fcc33b386cd22daf8fe76ce724c5e37f07875e9a3dd9,"0000 -30  0.0  10.140200  0  K1ABC FN42 33 
<DecodeFinished>",
-30.0,1.0,81,2026112581,1,K1ABC FN42 33,-29,0,10.140200,0.061281018000954646,0,official WSJT-X 3.0.2; binary SHA256 9e3c2fc14f63c4b4c4e9fcc33b386cd22daf8fe76ce724c5e37f07875e9a3dd9,"0000 -29  0.0  10.140200  0  K1ABC FN42 33 
<DecodeFinished>",
-30.0,1.0,77,2026112577,0,,,,,0.5014658939999208,0,official WSJT-X 3.0.2; binary SHA256 9e3c2fc14f63c4b4c4e9fcc33b386cd22daf8fe76ce724c5e37f07875e9a3dd9,<DecodeFinished>,
-30.0,1.0,82,2026112582,1,K1ABC FN42 33,-30,0,10.140200,0.04561253499923623,0,official WSJT-X 3.0.2; binary SHA256 9e3c2fc14f63c4b4c4e9fcc33b386cd22daf8fe76ce724c5e37f07875e9a3dd9,"0000 -30 -0.0  10.140200  0  K1ABC FN42 33 
<DecodeFinished>",
-30.0,1.0,83,2026112583,1,K1ABC FN42 33,-30,0,10.140200,0.06789011800174194,0,official WSJT-X 3.0.2; binary SHA256 9e3c2fc14f63c4b4c4e9fcc33b386cd22daf8fe76ce724c5e37f07875e9a3dd9,"0000 -30 -0.0  10.140200  0  K1ABC FN42 33 
<DecodeFinished>",
-30.0,1.0,78,2026112578,0,,,,,0.5130893429995922,0,official WSJT-X 3.0.2; binary SHA256 9e3c2fc14f63c4b4c4e9fcc33b386cd22daf8fe76ce724c5e37f07875e9a3dd9,<DecodeFinished>,
-30.0,1.0,79,2026112579,0,,,,,0.5264995529996668,0,official WSJT-X 3.0.2; binary SHA256 9e3c2fc14f63c4b4c4e9fcc33b386cd22daf8fe76ce724c5e37f07875e9a3dd9,<DecodeFinished>,
-30.0,1.0,84,2026112584,0,,,,,0.5342107460000989,0,official WSJT-X 3.0.2; binary SHA256 9e3c2fc14f63c4b4c4e9fcc33b386cd22daf8fe76ce724c5e37f07875e9a3dd9,<DecodeFinished>,
-30.0,1.0,85,2026112585,0,,,,,0.5268036880006548,0,official WSJT-X 3.0.2; binary SHA256 9e3c2fc14f63c4b4c4e9fcc33b386cd22daf8fe76ce724c5e37f07875e9a3dd9,<DecodeFinished>,
-30.0,1.0,88,2026112588,1,K1ABC FN42 33,-29,0,10.140200,0.054668351000145776,0,official WSJT-X 3.0.2; binary SHA256 9e3c2fc14f63c4b4c4e9fcc33b386cd22daf8fe76ce724c5e37f07875e9a3dd9,"0000 -29  0.0  10.140200  0  K1ABC FN42 33 
<DecodeFinished>",
-30.0,1.0,86,2026112586,0,,,,,0.5135577870005363,0,official WSJT-X 3.0.2; binary SHA256 9e3c2fc14f63c4b4c4e9fcc33b386cd22daf8fe76ce724c5e37f07875e9a3dd9,<DecodeFinished>,
-30.0,1.0,87,2026112587,0,,,,,0.528521444000944,0,official WSJT-X 3.0.2; binary SHA256 9e3c2fc14f63c4b4c4e9fcc33b386cd22daf8fe76ce724c5e37f07875e9a3dd9,<DecodeFinished>,
-30.0,1.0,89,2026112589,0,,,,,0.5010132339994016,0,official WSJT-X 3.0.2; binary SHA256 9e3c2fc14f63c4b4c4e9fcc33b386cd22daf8fe76ce724c5e37f07875e9a3dd9,<DecodeFinished>,
-30.0,1.0,90,2026112590,0,,,,,0.5094344579993049,0,official WSJT-X 3.0.2; binary SHA256 9e3c2fc14f63c4b4c4e9fcc33b386cd22daf8fe76ce724c5e37f07875e9a3dd9,<DecodeFinished>,
-30.0,1.0,91,2026112591,0,,,,,0.5284501149999414,0,official WSJT-X 3.0.2; binary SHA256 9e3c2fc14f63c4b4c4e9fcc33b386cd22daf8fe76ce724c5e37f07875e9a3dd9,<DecodeFinished>,
-30.0,1.0,94,2026112594,1,K1ABC FN42 33,-30,1,10.140200,0.05014634199869761,0,official WSJT-X 3.0.2; binary SHA256 9e3c2fc14f63c4b4c4e9fcc33b386cd22daf8fe76ce724c5e37f07875e9a3dd9,"0000 -30 -0.1  10.140200  1  K1ABC FN42 33 
<DecodeFinished>",
-30.0,1.0,95,2026112595,1,K1ABC FN42 33,-30,0,10.140200,0.08576250199985225,0,official WSJT-X 3.0.2; binary SHA256 9e3c2fc14f63c4b4c4e9fcc33b386cd22daf8fe76ce724c5e37f07875e9a3dd9,"0000 -30 -0.1  10.140200  0  K1ABC FN42 33 
<DecodeFinished>",
-30.0,1.0,92,2026112592,0,,,,,0.5187547200002882,0,official WSJT-X 3.0.2; binary SHA256 9e3c2fc14f63c4b4c4e9fcc33b386cd22daf8fe76ce724c5e37f07875e9a3dd9,<DecodeFinished>,
-30.0,1.0,93,2026112593,0,,,,,0.5233991679997416,0,official WSJT-X 3.0.2; binary SHA256 9e3c2fc14f63c4b4c4e9fcc33b386cd22daf8fe76ce724c5e37f07875e9a3dd9,<DecodeFinished>,
-30.0,1.0,96,2026112596,0,,,,,0.5237126660013018,0,official WSJT-X 3.0.2; binary SHA256 9e3c2fc14f63c4b4c4e9fcc33b386cd22daf8fe76ce724c5e37f07875e9a3dd9,<DecodeFinished>,
-30.0,1.0,97,2026112597,0,,,,,0.5236936349992902,0,official WSJT-X 3.0.2; binary SHA256 9e3c2fc14f63c4b4c4e9fcc33b386cd22daf8fe76ce724c5e37f07875e9a3dd9,<DecodeFinished>,
-30.0,1.0,98,2026112598,0,,,,,0.5116149400000722,0,official WSJT-X 3.0.2; binary SHA256 9e3c2fc14f63c4b4c4e9fcc33b386cd22daf8fe76ce724c5e37f07875e9a3dd9,<DecodeFinished>,
-30.0,-1.0,2,2026112502,1,K1ABC FN42 33,-30,0,10.140200,0.18996784800037858,0,official WSJT-X 3.0.2; binary SHA256 9e3c2fc14f63c4b4c4e9fcc33b386cd22daf8fe76ce724c5e37f07875e9a3dd9,"0000 -30  0.0  10.140200  0  K1ABC FN42 33 
<DecodeFinished>",
-30.0,-1.0,3,2026112503,1,K1ABC FN42 33,-30,0,10.140200,0.07192256300004374,0,official WSJT-X 3.0.2; binary SHA256 9e3c2fc14f63c4b4c4e9fcc33b386cd22daf8fe76ce724c5e37f07875e9a3dd9,"0000 -30  0.1  10.140200  0  K1ABC FN42 33 
<DecodeFinished>",
-30.0,-1.0,4,2026112504,1,K1ABC FN42 33,-30,0,10.140200,0.06464183800017054,0,official WSJT-X 3.0.2; binary SHA256 9e3c2fc14f63c4b4c4e9fcc33b386cd22daf8fe76ce724c5e37f07875e9a3dd9,"0000 -30  0.1  10.140200  0  K1ABC FN42 33 
<DecodeFinished>",
-30.0,1.0,99,2026112599,0,,,,,0.5101567980000254,0,official WSJT-X 3.0.2; binary SHA256 9e3c2fc14f63c4b4c4e9fcc33b386cd22daf8fe76ce724c5e37f07875e9a3dd9,<DecodeFinished>,
-30.0,-1.0,0,2026112500,0,,,,,0.5072408879987051,0,official WSJT-X 3.0.2; binary SHA256 9e3c2fc14f63c4b4c4e9fcc33b386cd22daf8fe76ce724c5e37f07875e9a3dd9,<DecodeFinished>,
-30.0,-1.0,1,2026112501,0,,,,,0.49916051699983655,0,official WSJT-X 3.0.2; binary SHA256 9e3c2fc14f63c4b4c4e9fcc33b386cd22daf8fe76ce724c5e37f07875e9a3dd9,<DecodeFinished>,
-30.0,-1.0,6,2026112506,0,,,,,0.5038748540009692,0,official WSJT-X 3.0.2; binary SHA256 9e3c2fc14f63c4b4c4e9fcc33b386cd22daf8fe76ce724c5e37f07875e9a3dd9,<DecodeFinished>,
-30.0,-1.0,5,2026112505,0,,,,,0.5349368440001854,0,official WSJT-X 3.0.2; binary SHA256 9e3c2fc14f63c4b4c4e9fcc33b386cd22daf8fe76ce724c5e37f07875e9a3dd9,<DecodeFinished>,
-30.0,-1.0,9,2026112509,1,K1ABC FN42 33,-30,0,10.140200,0.055696363999231835,0,official WSJT-X 3.0.2; binary SHA256 9e3c2fc14f63c4b4c4e9fcc33b386cd22daf8fe76ce724c5e37f07875e9a3dd9,"0000 -30  0.1  10.140200  0  K1ABC FN42 33 
<DecodeFinished>",
-30.0,-1.0,7,2026112507,0,,,,,0.5279709179994825,0,official WSJT-X 3.0.2; binary SHA256 9e3c2fc14f63c4b4c4e9fcc33b386cd22daf8fe76ce724c5e37f07875e9a3dd9,<DecodeFinished>,
-30.0,-1.0,11,2026112511,1,K1ABC FN42 33,-29,-1,10.140200,0.05134394800006703,0,official WSJT-X 3.0.2; binary SHA256 9e3c2fc14f63c4b4c4e9fcc33b386cd22daf8fe76ce724c5e37f07875e9a3dd9,"0000 -29  0.0  10.140200 -1  K1ABC FN42 33 
<DecodeFinished>",
-30.0,-1.0,12,2026112512,1,K1ABC FN42 33,-30,0,10.140200,0.04699612299918954,0,official WSJT-X 3.0.2; binary SHA256 9e3c2fc14f63c4b4c4e9fcc33b386cd22daf8fe76ce724c5e37f07875e9a3dd9,"0000 -30 -0.0  10.140200  0  K1ABC FN42 33 
<DecodeFinished>",
-30.0,-1.0,8,2026112508,0,,,,,0.5256704430012178,0,official WSJT-X 3.0.2; binary SHA256 9e3c2fc14f63c4b4c4e9fcc33b386cd22daf8fe76ce724c5e37f07875e9a3dd9,<DecodeFinished>,
-30.0,-1.0,14,2026112514,1,K1ABC FN42 33,-30,0,10.140200,0.12285796600008325,0,official WSJT-X 3.0.2; binary SHA256 9e3c2fc14f63c4b4c4e9fcc33b386cd22daf8fe76ce724c5e37f07875e9a3dd9,"0000 -30 -0.1  10.140200  0  K1ABC FN42 33 
<DecodeFinished>",
-30.0,-1.0,10,2026112510,0,,,,,0.5107317570000305,0,official WSJT-X 3.0.2; binary SHA256 9e3c2fc14f63c4b4c4e9fcc33b386cd22daf8fe76ce724c5e37f07875e9a3dd9,<DecodeFinished>,
-30.0,-1.0,17,2026112517,1,K1ABC FN42 33,-30,0,10.140200,0.04968815500069468,0,official WSJT-X 3.0.2; binary SHA256 9e3c2fc14f63c4b4c4e9fcc33b386cd22daf8fe76ce724c5e37f07875e9a3dd9,"0000 -30 -0.0  10.140200  0  K1ABC FN42 33 
<DecodeFinished>",
-30.0,-1.0,13,2026112513,0,,,,,0.5118318119984906,0,official WSJT-X 3.0.2; binary SHA256 9e3c2fc14f63c4b4c4e9fcc33b386cd22daf8fe76ce724c5e37f07875e9a3dd9,<DecodeFinished>,
-30.0,-1.0,15,2026112515,0,,,,,0.5152814089997264,0,official WSJT-X 3.0.2; binary SHA256 9e3c2fc14f63c4b4c4e9fcc33b386cd22daf8fe76ce724c5e37f07875e9a3dd9,<DecodeFinished>,
-30.0,-1.0,16,2026112516,0,,,,,0.5158573019998585,0,official WSJT-X 3.0.2; binary SHA256 9e3c2fc14f63c4b4c4e9fcc33b386cd22daf8fe76ce724c5e37f07875e9a3dd9,<DecodeFinished>,
-30.0,-1.0,21,2026112521,0,,,,,0.15354072599984647,0,official WSJT-X 3.0.2; binary SHA256 9e3c2fc14f63c4b4c4e9fcc33b386cd22daf8fe76ce724c5e37f07875e9a3dd9,<DecodeFinished>,
-30.0,-1.0,18,2026112518,0,,,,,0.5121489729990572,0,official WSJT-X 3.0.2; binary SHA256 9e3c2fc14f63c4b4c4e9fcc33b386cd22daf8fe76ce724c5e37f07875e9a3dd9,<DecodeFinished>,
-30.0,-1.0,19,2026112519,0,,,,,0.5238650160008547,0,official WSJT-X 3.0.2; binary SHA256 9e3c2fc14f63c4b4c4e9fcc33b386cd22daf8fe76ce724c5e37f07875e9a3dd9,<DecodeFinished>,
-30.0,-1.0,24,2026112524,1,K1ABC FN42 33,-31,0,10.140200,0.049531448999914574,0,official WSJT-X 3.0.2; binary SHA256 9e3c2fc14f63c4b4c4e9fcc33b386cd22daf8fe76ce724c5e37f07875e9a3dd9,"0000 -31  0.0  10.140200  0  K1ABC FN42 33 
<DecodeFinished>",
-30.0,-1.0,20,2026112520,0,,,,,0.5252415949998976,0,official WSJT-X 3.0.2; binary SHA256 9e3c2fc14f63c4b4c4e9fcc33b386cd22daf8fe76ce724c5e37f07875e9a3dd9,<DecodeFinished>,
-30.0,-1.0,26,2026112526,1,K1ABC FN42 33,-29,0,10.140200,0.04725692300053197,0,official WSJT-X 3.0.2; binary SHA256 9e3c2fc14f63c4b4c4e9fcc33b386cd22daf8fe76ce724c5e37f07875e9a3dd9,"0000 -29  0.0  10.140200  0  K1ABC FN42 33 
<DecodeFinished>",
-30.0,-1.0,22,2026112522,0,,,,,0.5101958769992052,0,official WSJT-X 3.0.2; binary SHA256 9e3c2fc14f63c4b4c4e9fcc33b386cd22daf8fe76ce724c5e37f07875e9a3dd9,<DecodeFinished>,
-30.0,-1.0,23,2026112523,0,,,,,0.5173880940001254,0,official WSJT-X 3.0.2; binary SHA256 9e3c2fc14f63c4b4c4e9fcc33b386cd22daf8fe76ce724c5e37f07875e9a3dd9,<DecodeFinished>,
-30.0,-1.0,25,2026112525,0,,,,,0.527260128999842,0,official WSJT-X 3.0.2; binary SHA256 9e3c2fc14f63c4b4c4e9fcc33b386cd22daf8fe76ce724c5e37f07875e9a3dd9,<DecodeFinished>,
-30.0,-1.0,27,2026112527,0,,,,,0.5193553169992811,0,official WSJT-X 3.0.2; binary SHA256 9e3c2fc14f63c4b4c4e9fcc33b386cd22daf8fe76ce724c5e37f07875e9a3dd9,<DecodeFinished>,
-30.0,-1.0,30,2026112530,1,K1ABC FN42 33,-30,0,10.140200,0.046550353999919025,0,official WSJT-X 3.0.2; binary SHA256 9e3c2fc14f63c4b4c4e9fcc33b386cd22daf8fe76ce724c5e37f07875e9a3dd9,"0000 -30  0.1  10.140200  0  K1ABC FN42 33 
<DecodeFinished>",
-30.0,-1.0,28,2026112528,0,,,,,0.5172325450002973,0,official WSJT-X 3.0.2; binary SHA256 9e3c2fc14f63c4b4c4e9fcc33b386cd22daf8fe76ce724c5e37f07875e9a3dd9,<DecodeFinished>,
-30.0,-1.0,29,2026112529,0,,,,,0.5182336359994224,0,official WSJT-X 3.0.2; binary SHA256 9e3c2fc14f63c4b4c4e9fcc33b386cd22daf8fe76ce724c5e37f07875e9a3dd9,<DecodeFinished>,
-30.0,-1.0,34,2026112534,1,K1ABC FN42 33,-29,0,10.140200,0.10108503100127564,0,official WSJT-X 3.0.2; binary SHA256 9e3c2fc14f63c4b4c4e9fcc33b386cd22daf8fe76ce724c5e37f07875e9a3dd9,"0000 -29  0.1  10.140200  0  K1ABC FN42 33 
<DecodeFinished>",
-30.0,-1.0,32,2026112532,0,,,,,0.5043404629996076,0,official WSJT-X 3.0.2; binary SHA256 9e3c2fc14f63c4b4c4e9fcc33b386cd22daf8fe76ce724c5e37f07875e9a3dd9,<DecodeFinished>,
-30.0,-1.0,31,2026112531,0,,,,,0.5232579309995344,0,official WSJT-X 3.0.2; binary SHA256 9e3c2fc14f63c4b4c4e9fcc33b386cd22daf8fe76ce724c5e37f07875e9a3dd9,<DecodeFinished>,
-30.0,-1.0,37,2026112537,1,K1ABC FN42 33,-31,0,10.140200,0.05964590199982922,0,official WSJT-X 3.0.2; binary SHA256 9e3c2fc14f63c4b4c4e9fcc33b386cd22daf8fe76ce724c5e37f07875e9a3dd9,"0000 -31 -0.0  10.140200  0  K1ABC FN42 33 
<DecodeFinished>",
-30.0,-1.0,38,2026112538,0,,,,,0.04912115400111361,0,official WSJT-X 3.0.2; binary SHA256 9e3c2fc14f63c4b4c4e9fcc33b386cd22daf8fe76ce724c5e37f07875e9a3dd9,<DecodeFinished>,
-30.0,-1.0,39,2026112539,1,K1ABC FN42 33,-30,0,10.140200,0.046260936000180664,0,official WSJT-X 3.0.2; binary SHA256 9e3c2fc14f63c4b4c4e9fcc33b386cd22daf8fe76ce724c5e37f07875e9a3dd9,"0000 -30  0.1  10.140200  0  K1ABC FN42 33 
<DecodeFinished>",
-30.0,-1.0,40,2026112540,1,K1ABC FN42 33,-31,0,10.140200,0.05472837899833394,0,official WSJT-X 3.0.2; binary SHA256 9e3c2fc14f63c4b4c4e9fcc33b386cd22daf8fe76ce724c5e37f07875e9a3dd9,"0000 -31  0.0  10.140200  0  K1ABC FN42 33 
<DecodeFinished>",
-30.0,-1.0,33,2026112533,0,,,,,0.5298090950000187,0,official WSJT-X 3.0.2; binary SHA256 9e3c2fc14f63c4b4c4e9fcc33b386cd22daf8fe76ce724c5e37f07875e9a3dd9,<DecodeFinished>,
-30.0,-1.0,35,2026112535,0,,,,,0.5169893599995703,0,official WSJT-X 3.0.2; binary SHA256 9e3c2fc14f63c4b4c4e9fcc33b386cd22daf8fe76ce724c5e37f07875e9a3dd9,<DecodeFinished>,
-30.0,-1.0,36,2026112536,0,,,,,0.5404429050013277,0,official WSJT-X 3.0.2; binary SHA256 9e3c2fc14f63c4b4c4e9fcc33b386cd22daf8fe76ce724c5e37f07875e9a3dd9,<DecodeFinished>,
-30.0,-1.0,42,2026112542,0,,,,,0.5115814439996029,0,official WSJT-X 3.0.2; binary SHA256 9e3c2fc14f63c4b4c4e9fcc33b386cd22daf8fe76ce724c5e37f07875e9a3dd9,<DecodeFinished>,
-30.0,-1.0,41,2026112541,0,,,,,0.5302370299996255,0,official WSJT-X 3.0.2; binary SHA256 9e3c2fc14f63c4b4c4e9fcc33b386cd22daf8fe76ce724c5e37f07875e9a3dd9,<DecodeFinished>,
-30.0,-1.0,46,2026112546,1,K1ABC FN42 33,-30,0,10.140200,0.04488219799895887,0,official WSJT-X 3.0.2; binary SHA256 9e3c2fc14f63c4b4c4e9fcc33b386cd22daf8fe76ce724c5e37f07875e9a3dd9,"0000 -30 -0.0  10.140200  0  K1ABC FN42 33 
<DecodeFinished>",
-30.0,-1.0,43,2026112543,0,,,,,0.52825959799884,0,official WSJT-X 3.0.2; binary SHA256 9e3c2fc14f63c4b4c4e9fcc33b386cd22daf8fe76ce724c5e37f07875e9a3dd9,<DecodeFinished>,
-30.0,-1.0,44,2026112544,0,,,,,0.5215334540007461,0,official WSJT-X 3.0.2; binary SHA256 9e3c2fc14f63c4b4c4e9fcc33b386cd22daf8fe76ce724c5e37f07875e9a3dd9,<DecodeFinished>,
-30.0,-1.0,49,2026112549,0,,,,,0.042527005998636014,0,official WSJT-X 3.0.2; binary SHA256 9e3c2fc14f63c4b4c4e9fcc33b386cd22daf8fe76ce724c5e37f07875e9a3dd9,<DecodeFinished>,
-30.0,-1.0,50,2026112550,1,K1ABC FN42 33,-30,0,10.140200,0.04704589299944928,0,official WSJT-X 3.0.2; binary SHA256 9e3c2fc14f63c4b4c4e9fcc33b386cd22daf8fe76ce724c5e37f07875e9a3dd9,"0000 -30  0.0  10.140200  0  K1ABC FN42 33 
<DecodeFinished>",
-30.0,-1.0,45,2026112545,0,,,,,0.5364776540009188,0,official WSJT-X 3.0.2; binary SHA256 9e3c2fc14f63c4b4c4e9fcc33b386cd22daf8fe76ce724c5e37f07875e9a3dd9,<DecodeFinished>,
-30.0,-1.0,47,2026112547,0,,,,,0.5241285230003996,0,official WSJT-X 3.0.2; binary SHA256 9e3c2fc14f63c4b4c4e9fcc33b386cd22daf8fe76ce724c5e37f07875e9a3dd9,<DecodeFinished>,
-30.0,-1.0,53,2026112553,1,K1ABC FN42 33,-30,0,10.140200,0.11254508900128712,0,official WSJT-X 3.0.2; binary SHA256 9e3c2fc14f63c4b4c4e9fcc33b386cd22daf8fe76ce724c5e37f07875e9a3dd9,"0000 -30 -0.2  10.140200  0  K1ABC FN42 33 
<DecodeFinished>",
-30.0,-1.0,48,2026112548,0,,,,,0.5140460869988601,0,official WSJT-X 3.0.2; binary SHA256 9e3c2fc14f63c4b4c4e9fcc33b386cd22daf8fe76ce724c5e37f07875e9a3dd9,<DecodeFinished>,
-30.0,-1.0,55,2026112555,1,K1ABC FN42 33,-29,0,10.140200,0.05244230900098046,0,official WSJT-X 3.0.2; binary SHA256 9e3c2fc14f63c4b4c4e9fcc33b386cd22daf8fe76ce724c5e37f07875e9a3dd9,"0000 -29 -0.1  10.140200  0  K1ABC FN42 33 
<DecodeFinished>",
-30.0,-1.0,56,2026112556,0,,,,,0.05337959299868089,0,official WSJT-X 3.0.2; binary SHA256 9e3c2fc14f63c4b4c4e9fcc33b386cd22daf8fe76ce724c5e37f07875e9a3dd9,<DecodeFinished>,
-30.0,-1.0,51,2026112551,0,,,,,0.5308475150013692,0,official WSJT-X 3.0.2; binary SHA256 9e3c2fc14f63c4b4c4e9fcc33b386cd22daf8fe76ce724c5e37f07875e9a3dd9,<DecodeFinished>,
-30.0,-1.0,52,2026112552,0,,,,,0.5299997500005702,0,official WSJT-X 3.0.2; binary SHA256 9e3c2fc14f63c4b4c4e9fcc33b386cd22daf8fe76ce724c5e37f07875e9a3dd9,<DecodeFinished>,
-30.0,-1.0,54,2026112554,0,,,,,0.5505348749993573,0,official WSJT-X 3.0.2; binary SHA256 9e3c2fc14f63c4b4c4e9fcc33b386cd22daf8fe76ce724c5e37f07875e9a3dd9,<DecodeFinished>,
-30.0,-1.0,57,2026112557,0,,,,,0.5268158779999794,0,official WSJT-X 3.0.2; binary SHA256 9e3c2fc14f63c4b4c4e9fcc33b386cd22daf8fe76ce724c5e37f07875e9a3dd9,<DecodeFinished>,
-30.0,-1.0,58,2026112558,0,,,,,0.5273690489993896,0,official WSJT-X 3.0.2; binary SHA256 9e3c2fc14f63c4b4c4e9fcc33b386cd22daf8fe76ce724c5e37f07875e9a3dd9,<DecodeFinished>,
-30.0,-1.0,61,2026112561,0,,,,,0.051583903999926406,0,official WSJT-X 3.0.2; binary SHA256 9e3c2fc14f63c4b4c4e9fcc33b386cd22daf8fe76ce724c5e37f07875e9a3dd9,<DecodeFinished>,
-30.0,-1.0,59,2026112559,0,,,,,0.44151354399946285,0,official WSJT-X 3.0.2; binary SHA256 9e3c2fc14f63c4b4c4e9fcc33b386cd22daf8fe76ce724c5e37f07875e9a3dd9,<DecodeFinished>,
-30.0,-1.0,63,2026112563,1,K1ABC FN42 33,-29,0,10.140200,0.06366592400081572,0,official WSJT-X 3.0.2; binary SHA256 9e3c2fc14f63c4b4c4e9fcc33b386cd22daf8fe76ce724c5e37f07875e9a3dd9,"0000 -29 -0.0  10.140200  0  K1ABC FN42 33 
<DecodeFinished>",
-30.0,-1.0,62,2026112562,1,K1ABC FN42 33,-30,0,10.140200,0.07866486700004316,0,official WSJT-X 3.0.2; binary SHA256 9e3c2fc14f63c4b4c4e9fcc33b386cd22daf8fe76ce724c5e37f07875e9a3dd9,"0000 -30 -0.1  10.140200  0  K1ABC FN42 33 
<DecodeFinished>",
-30.0,-1.0,65,2026112565,1,K1ABC FN42 33,-30,0,10.140200,0.11775218200091331,0,official WSJT-X 3.0.2; binary SHA256 9e3c2fc14f63c4b4c4e9fcc33b386cd22daf8fe76ce724c5e37f07875e9a3dd9,"0000 -30 -0.1  10.140200  0  K1ABC FN42 33 
<DecodeFinished>",
-30.0,-1.0,60,2026112560,0,,,,,0.543435377001515,0,official WSJT-X 3.0.2; binary SHA256 9e3c2fc14f63c4b4c4e9fcc33b386cd22daf8fe76ce724c5e37f07875e9a3dd9,<DecodeFinished>,
-30.0,-1.0,64,2026112564,0,,,,,0.5286280689997511,0,official WSJT-X 3.0.2; binary SHA256 9e3c2fc14f63c4b4c4e9fcc33b386cd22daf8fe76ce724c5e37f07875e9a3dd9,<DecodeFinished>,
-30.0,-1.0,66,2026112566,0,,,,,0.5148904779998702,0,official WSJT-X 3.0.2; binary SHA256 9e3c2fc14f63c4b4c4e9fcc33b386cd22daf8fe76ce724c5e37f07875e9a3dd9,<DecodeFinished>,
-30.0,-1.0,70,2026112570,1,K1ABC FN42 33,-29,-1,10.140200,0.04792897399966023,0,official WSJT-X 3.0.2; binary SHA256 9e3c2fc14f63c4b4c4e9fcc33b386cd22daf8fe76ce724c5e37f07875e9a3dd9,"0000 -29 -0.1  10.140200 -1  K1ABC FN42 33 
<DecodeFinished>",
-30.0,-1.0,67,2026112567,0,,,,,0.5194004450004286,0,official WSJT-X 3.0.2; binary SHA256 9e3c2fc14f63c4b4c4e9fcc33b386cd22daf8fe76ce724c5e37f07875e9a3dd9,<DecodeFinished>,
-30.0,-1.0,71,2026112571,1,K1ABC FN42 33,-30,0,10.140200,0.07226542999887897,0,official WSJT-X 3.0.2; binary SHA256 9e3c2fc14f63c4b4c4e9fcc33b386cd22daf8fe76ce724c5e37f07875e9a3dd9,"0000 -30  0.0  10.140200  0  K1ABC FN42 33 
<DecodeFinished>",
-30.0,-1.0,68,2026112568,0,,,,,0.5108088790002512,0,official WSJT-X 3.0.2; binary SHA256 9e3c2fc14f63c4b4c4e9fcc33b386cd22daf8fe76ce724c5e37f07875e9a3dd9,<DecodeFinished>,
-30.0,-1.0,69,2026112569,0,,,,,0.5127252090005641,0,official WSJT-X 3.0.2; binary SHA256 9e3c2fc14f63c4b4c4e9fcc33b386cd22daf8fe76ce724c5e37f07875e9a3dd9,<DecodeFinished>,
-30.0,-1.0,72,2026112572,0,,,,,0.5199382139999216,0,official WSJT-X 3.0.2; binary SHA256 9e3c2fc14f63c4b4c4e9fcc33b386cd22daf8fe76ce724c5e37f07875e9a3dd9,<DecodeFinished>,
-30.0,-1.0,73,2026112573,0,,,,,0.5279067190003843,0,official WSJT-X 3.0.2; binary SHA256 9e3c2fc14f63c4b4c4e9fcc33b386cd22daf8fe76ce724c5e37f07875e9a3dd9,<DecodeFinished>,
-30.0,-1.0,74,2026112574,0,,,,,0.5219355859990173,0,official WSJT-X 3.0.2; binary SHA256 9e3c2fc14f63c4b4c4e9fcc33b386cd22daf8fe76ce724c5e37f07875e9a3dd9,<DecodeFinished>,
-30.0,-1.0,75,2026112575,0,,,,,0.5180829490000178,0,official WSJT-X 3.0.2; binary SHA256 9e3c2fc14f63c4b4c4e9fcc33b386cd22daf8fe76ce724c5e37f07875e9a3dd9,<DecodeFinished>,
-30.0,-1.0,76,2026112576,0,,,,,0.5265574289987853,0,official WSJT-X 3.0.2; binary SHA256 9e3c2fc14f63c4b4c4e9fcc33b386cd22daf8fe76ce724c5e37f07875e9a3dd9,<DecodeFinished>,
-30.0,-1.0,77,2026112577,0,,,,,0.5410346959997696,0,official WSJT-X 3.0.2; binary SHA256 9e3c2fc14f63c4b4c4e9fcc33b386cd22daf8fe76ce724c5e37f07875e9a3dd9,<DecodeFinished>,
-30.0,-1.0,78,2026112578,0,,,,,0.5329353119996085,0,official WSJT-X 3.0.2; binary SHA256 9e3c2fc14f63c4b4c4e9fcc33b386cd22daf8fe76ce724c5e37f07875e9a3dd9,<DecodeFinished>,
-30.0,-1.0,82,2026112582,1,K1ABC FN42 33,-30,0,10.140200,0.047397573998750886,0,official WSJT-X 3.0.2; binary SHA256 9e3c2fc14f63c4b4c4e9fcc33b386cd22daf8fe76ce724c5e37f07875e9a3dd9,"0000 -30 -0.0  10.140200  0  K1ABC FN42 33 
<DecodeFinished>",
-30.0,-1.0,83,2026112583,1,K1ABC FN42 33,-30,-1,10.140200,0.052376663999893935,0,official WSJT-X 3.0.2; binary SHA256 9e3c2fc14f63c4b4c4e9fcc33b386cd22daf8fe76ce724c5e37f07875e9a3dd9,"0000 -30 -0.1  10.140200 -1  K1ABC FN42 33 
<DecodeFinished>",
-30.0,-1.0,79,2026112579,0,,,,,0.544641649001278,0,official WSJT-X 3.0.2; binary SHA256 9e3c2fc14f63c4b4c4e9fcc33b386cd22daf8fe76ce724c5e37f07875e9a3dd9,<DecodeFinished>,
-30.0,-1.0,80,2026112580,0,,,,,0.5307293839996419,0,official WSJT-X 3.0.2; binary SHA256 9e3c2fc14f63c4b4c4e9fcc33b386cd22daf8fe76ce724c5e37f07875e9a3dd9,<DecodeFinished>,
-30.0,-1.0,81,2026112581,0,,,,,0.5108145519989193,0,official WSJT-X 3.0.2; binary SHA256 9e3c2fc14f63c4b4c4e9fcc33b386cd22daf8fe76ce724c5e37f07875e9a3dd9,<DecodeFinished>,
-30.0,-1.0,86,2026112586,1,K1ABC FN42 33,-30,-1,10.140200,0.06623776499873202,0,official WSJT-X 3.0.2; binary SHA256 9e3c2fc14f63c4b4c4e9fcc33b386cd22daf8fe76ce724c5e37f07875e9a3dd9,"0000 -30  0.0  10.140200 -1  K1ABC FN42 33 
<DecodeFinished>",
-30.0,-1.0,84,2026112584,0,,,,,0.45086710899886384,0,official WSJT-X 3.0.2; binary SHA256 9e3c2fc14f63c4b4c4e9fcc33b386cd22daf8fe76ce724c5e37f07875e9a3dd9,<DecodeFinished>,
-30.0,-1.0,85,2026112585,0,,,,,0.5096997469991038,0,official WSJT-X 3.0.2; binary SHA256 9e3c2fc14f63c4b4c4e9fcc33b386cd22daf8fe76ce724c5e37f07875e9a3dd9,<DecodeFinished>,
-30.0,-1.0,90,2026112590,1,K1ABC FN42 33,-29,0,10.140200,0.04899676700006239,0,official WSJT-X 3.0.2; binary SHA256 9e3c2fc14f63c4b4c4e9fcc33b386cd22daf8fe76ce724c5e37f07875e9a3dd9,"0000 -29  0.0  10.140200  0  K1ABC FN42 33 
<DecodeFinished>",
-30.0,-1.0,87,2026112587,0,,,,,0.5041428399999859,0,official WSJT-X 3.0.2; binary SHA256 9e3c2fc14f63c4b4c4e9fcc33b386cd22daf8fe76ce724c5e37f07875e9a3dd9,<DecodeFinished>,
-30.0,-1.0,92,2026112592,0,,,,,0.04084378299921809,0,official WSJT-X 3.0.2; binary SHA256 9e3c2fc14f63c4b4c4e9fcc33b386cd22daf8fe76ce724c5e37f07875e9a3dd9,<DecodeFinished>,
-30.0,-1.0,88,2026112588,0,,,,,0.5076343539985828,0,official WSJT-X 3.0.2; binary SHA256 9e3c2fc14f63c4b4c4e9fcc33b386cd22daf8fe76ce724c5e37f07875e9a3dd9,<DecodeFinished>,
-30.0,-1.0,94,2026112594,1,K1ABC FN42 33,-30,-1,10.140200,0.06559016100072768,0,official WSJT-X 3.0.2; binary SHA256 9e3c2fc14f63c4b4c4e9fcc33b386cd22daf8fe76ce724c5e37f07875e9a3dd9,"0000 -30 -0.1  10.140200 -1  K1ABC FN42 33 
<DecodeFinished>",
-30.0,-1.0,89,2026112589,0,,,,,0.5312864549996448,0,official WSJT-X 3.0.2; binary SHA256 9e3c2fc14f63c4b4c4e9fcc33b386cd22daf8fe76ce724c5e37f07875e9a3dd9,<DecodeFinished>,
-30.0,-1.0,95,2026112595,1,K1ABC FN42 33,-29,0,10.140200,0.06565334599872585,0,official WSJT-X 3.0.2; binary SHA256 9e3c2fc14f63c4b4c4e9fcc33b386cd22daf8fe76ce724c5e37f07875e9a3dd9,"0000 -29 -0.1  10.140200  0  K1ABC FN42 33 
<DecodeFinished>",
-30.0,-1.0,91,2026112591,0,,,,,0.42852405200028443,0,official WSJT-X 3.0.2; binary SHA256 9e3c2fc14f63c4b4c4e9fcc33b386cd22daf8fe76ce724c5e37f07875e9a3dd9,<DecodeFinished>,
-30.0,-1.0,98,2026112598,1,K1ABC FN42 33,-29,0,10.140200,0.08209395100129768,0,official WSJT-X 3.0.2; binary SHA256 9e3c2fc14f63c4b4c4e9fcc33b386cd22daf8fe76ce724c5e37f07875e9a3dd9,"0000 -29 -0.0  10.140200  0  K1ABC FN42 33 
<DecodeFinished>",
-30.0,-1.0,93,2026112593,0,,,,,0.5241806450012518,0,official WSJT-X 3.0.2; binary SHA256 9e3c2fc14f63c4b4c4e9fcc33b386cd22daf8fe76ce724c5e37f07875e9a3dd9,<DecodeFinished>,
-30.0,-1.0,96,2026112596,0,,,,,0.5227467690001504,0,official WSJT-X 3.0.2; binary SHA256 9e3c2fc14f63c4b4c4e9fcc33b386cd22daf8fe76ce724c5e37f07875e9a3dd9,<DecodeFinished>,
-30.0,1.5,0,2026112500,0,,,,,0.15348877900032676,0,official WSJT-X 3.0.2; binary SHA256 9e3c2fc14f63c4b4c4e9fcc33b386cd22daf8fe76ce724c5e37f07875e9a3dd9,<DecodeFinished>,
-30.0,-1.0,97,2026112597,0,,,,,0.5374105740011146,0,official WSJT-X 3.0.2; binary SHA256 9e3c2fc14f63c4b4c4e9fcc33b386cd22daf8fe76ce724c5e37f07875e9a3dd9,<DecodeFinished>,
-30.0,1.5,1,2026112501,1,K1ABC FN42 33,-30,1,10.140200,0.05857376399944769,0,official WSJT-X 3.0.2; binary SHA256 9e3c2fc14f63c4b4c4e9fcc33b386cd22daf8fe76ce724c5e37f07875e9a3dd9,"0000 -30 -0.0  10.140200  1  K1ABC FN42 33 
<DecodeFinished>",
-30.0,1.5,2,2026112502,1,K1ABC FN42 33,-29,1,10.140200,0.04442516000017349,0,official WSJT-X 3.0.2; binary SHA256 9e3c2fc14f63c4b4c4e9fcc33b386cd22daf8fe76ce724c5e37f07875e9a3dd9,"0000 -29  0.0  10.140200  1  K1ABC FN42 33 
<DecodeFinished>",
-30.0,1.5,3,2026112503,1,K1ABC FN42 33,-29,2,10.140200,0.04984017799870344,0,official WSJT-X 3.0.2; binary SHA256 9e3c2fc14f63c4b4c4e9fcc33b386cd22daf8fe76ce724c5e37f07875e9a3dd9,"0000 -29 -0.1  10.140200  2  K1ABC FN42 33 
<DecodeFinished>",
-30.0,1.5,4,2026112504,1,K1ABC FN42 33,-29,1,10.140200,0.04984544100079802,0,official WSJT-X 3.0.2; binary SHA256 9e3c2fc14f63c4b4c4e9fcc33b386cd22daf8fe76ce724c5e37f07875e9a3dd9,"0000 -29 -0.0  10.140200  1  K1ABC FN42 33 
<DecodeFinished>",
-30.0,-1.0,99,2026112599,0,,,,,0.5203587490013888,0,official WSJT-X 3.0.2; binary SHA256 9e3c2fc14f63c4b4c4e9fcc33b386cd22daf8fe76ce724c5e37f07875e9a3dd9,<DecodeFinished>,
-30.0,1.5,5,2026112505,0,,,,,0.5239010069999495,0,official WSJT-X 3.0.2; binary SHA256 9e3c2fc14f63c4b4c4e9fcc33b386cd22daf8fe76ce724c5e37f07875e9a3dd9,<DecodeFinished>,
-30.0,1.5,6,2026112506,0,,,,,0.5208177059994341,0,official WSJT-X 3.0.2; binary SHA256 9e3c2fc14f63c4b4c4e9fcc33b386cd22daf8fe76ce724c5e37f07875e9a3dd9,<DecodeFinished>,
-30.0,1.5,7,2026112507,0,,,,,0.5199866429993563,0,official WSJT-X 3.0.2; binary SHA256 9e3c2fc14f63c4b4c4e9fcc33b386cd22daf8fe76ce724c5e37f07875e9a3dd9,<DecodeFinished>,
-30.0,1.5,9,2026112509,1,K1ABC FN42 33,-30,1,10.140200,0.05253306499980681,0,official WSJT-X 3.0.2; binary SHA256 9e3c2fc14f63c4b4c4e9fcc33b386cd22daf8fe76ce724c5e37f07875e9a3dd9,"0000 -30  0.1  10.140200  1  K1ABC FN42 33 
<DecodeFinished>",
-30.0,1.5,10,2026112510,1,K1ABC FN42 33,-30,1,10.140200,0.06215037000038137,0,official WSJT-X 3.0.2; binary SHA256 9e3c2fc14f63c4b4c4e9fcc33b386cd22daf8fe76ce724c5e37f07875e9a3dd9,"0000 -30 -0.0  10.140200  1  K1ABC FN42 33 
<DecodeFinished>",
-30.0,1.5,12,2026112512,1,K1ABC FN42 33,-30,0,10.140200,0.10712657099975331,0,official WSJT-X 3.0.2; binary SHA256 9e3c2fc14f63c4b4c4e9fcc33b386cd22daf8fe76ce724c5e37f07875e9a3dd9,"0000 -30 -0.1  10.140200  0  K1ABC FN42 33 
<DecodeFinished>",
-30.0,1.5,8,2026112508,0,,,,,0.5113564430012048,0,official WSJT-X 3.0.2; binary SHA256 9e3c2fc14f63c4b4c4e9fcc33b386cd22daf8fe76ce724c5e37f07875e9a3dd9,<DecodeFinished>,
-30.0,1.5,11,2026112511,1,K1ABC FN42 33,-29,1,10.140200,0.1259064820005733,0,official WSJT-X 3.0.2; binary SHA256 9e3c2fc14f63c4b4c4e9fcc33b386cd22daf8fe76ce724c5e37f07875e9a3dd9,"0000 -29 -0.1  10.140200  1  K1ABC FN42 33 
<DecodeFinished>",
-30.0,1.5,13,2026112513,1,K1ABC FN42 33,-30,1,10.140200,0.11423765299878141,0,official WSJT-X 3.0.2; binary SHA256 9e3c2fc14f63c4b4c4e9fcc33b386cd22daf8fe76ce724c5e37f07875e9a3dd9,"0000 -30 -0.1  10.140200  1  K1ABC FN42 33 
<DecodeFinished>",
-30.0,1.5,14,2026112514,1,K1ABC FN42 33,-30,1,10.140200,0.07056384300085483,0,official WSJT-X 3.0.2; binary SHA256 9e3c2fc14f63c4b4c4e9fcc33b386cd22daf8fe76ce724c5e37f07875e9a3dd9,"0000 -30  0.0  10.140200  1  K1ABC FN42 33 
<DecodeFinished>",
-30.0,1.5,15,2026112515,0,,,,,0.15836163599851716,0,official WSJT-X 3.0.2; binary SHA256 9e3c2fc14f63c4b4c4e9fcc33b386cd22daf8fe76ce724c5e37f07875e9a3dd9,<DecodeFinished>,
-30.0,1.5,17,2026112517,0,,,,,0.1409553630001028,0,official WSJT-X 3.0.2; binary SHA256 9e3c2fc14f63c4b4c4e9fcc33b386cd22daf8fe76ce724c5e37f07875e9a3dd9,<DecodeFinished>,
-30.0,1.5,19,2026112519,1,K1ABC FN42 33,-29,1,10.140200,0.06580430000030901,0,official WSJT-X 3.0.2; binary SHA256 9e3c2fc14f63c4b4c4e9fcc33b386cd22daf8fe76ce724c5e37f07875e9a3dd9,"0000 -29 -0.1  10.140200  1  K1ABC FN42 33 
<DecodeFinished>",
-30.0,1.5,16,2026112516,0,,,,,0.5457405170000129,0,official WSJT-X 3.0.2; binary SHA256 9e3c2fc14f63c4b4c4e9fcc33b386cd22daf8fe76ce724c5e37f07875e9a3dd9,<DecodeFinished>,
-30.0,1.5,18,2026112518,0,,,,,0.523174898000434,0,official WSJT-X 3.0.2; binary SHA256 9e3c2fc14f63c4b4c4e9fcc33b386cd22daf8fe76ce724c5e37f07875e9a3dd9,<DecodeFinished>,
-30.0,1.5,20,2026112520,0,,,,,0.5172757480013388,0,official WSJT-X 3.0.2; binary SHA256 9e3c2fc14f63c4b4c4e9fcc33b386cd22daf8fe76ce724c5e37f07875e9a3dd9,<DecodeFinished>,
-30.0,1.5,22,2026112522,0,,,,,0.14521515300111787,0,official WSJT-X 3.0.2; binary SHA256 9e3c2fc14f63c4b4c4e9fcc33b386cd22daf8fe76ce724c5e37f07875e9a3dd9,<DecodeFinished>,
-30.0,1.5,23,2026112523,0,,,,,0.1460629239991249,0,official WSJT-X 3.0.2; binary SHA256 9e3c2fc14f63c4b4c4e9fcc33b386cd22daf8fe76ce724c5e37f07875e9a3dd9,<DecodeFinished>,
-30.0,1.5,25,2026112525,1,K1ABC FN42 33,-30,1,10.140200,0.052801246998569695,0,official WSJT-X 3.0.2; binary SHA256 9e3c2fc14f63c4b4c4e9fcc33b386cd22daf8fe76ce724c5e37f07875e9a3dd9,"0000 -30  0.0  10.140200  1  K1ABC FN42 33 
<DecodeFinished>",
-30.0,1.5,21,2026112521,0,,,,,0.5240993650004384,0,official WSJT-X 3.0.2; binary SHA256 9e3c2fc14f63c4b4c4e9fcc33b386cd22daf8fe76ce724c5e37f07875e9a3dd9,<DecodeFinished>,
-30.0,1.5,26,2026112526,0,,,,,0.41697261499939486,0,official WSJT-X 3.0.2; binary SHA256 9e3c2fc14f63c4b4c4e9fcc33b386cd22daf8fe76ce724c5e37f07875e9a3dd9,<DecodeFinished>,
-30.0,1.5,28,2026112528,0,,,,,0.4346982549996028,0,official WSJT-X 3.0.2; binary SHA256 9e3c2fc14f63c4b4c4e9fcc33b386cd22daf8fe76ce724c5e37f07875e9a3dd9,<DecodeFinished>,
-30.0,1.5,24,2026112524,0,,,,,0.5255817349989229,0,official WSJT-X 3.0.2; binary SHA256 9e3c2fc14f63c4b4c4e9fcc33b386cd22daf8fe76ce724c5e37f07875e9a3dd9,<DecodeFinished>,
-30.0,1.5,31,2026112531,1,K1ABC FN42 33,-29,1,10.140200,0.05024823299936543,0,official WSJT-X 3.0.2; binary SHA256 9e3c2fc14f63c4b4c4e9fcc33b386cd22daf8fe76ce724c5e37f07875e9a3dd9,"0000 -29 -0.1  10.140200  1  K1ABC FN42 33 
<DecodeFinished>",
-30.0,1.5,27,2026112527,0,,,,,0.5225741520007432,0,official WSJT-X 3.0.2; binary SHA256 9e3c2fc14f63c4b4c4e9fcc33b386cd22daf8fe76ce724c5e37f07875e9a3dd9,<DecodeFinished>,
-30.0,1.5,29,2026112529,0,,,,,0.5191617020009289,0,official WSJT-X 3.0.2; binary SHA256 9e3c2fc14f63c4b4c4e9fcc33b386cd22daf8fe76ce724c5e37f07875e9a3dd9,<DecodeFinished>,
-30.0,1.5,30,2026112530,0,,,,,0.5235795179996785,0,official WSJT-X 3.0.2; binary SHA256 9e3c2fc14f63c4b4c4e9fcc33b386cd22daf8fe76ce724c5e37f07875e9a3dd9,<DecodeFinished>,
-30.0,1.5,35,2026112535,1,K1ABC FN42 33,-30,1,10.140200,0.0758057290004217,0,official WSJT-X 3.0.2; binary SHA256 9e3c2fc14f63c4b4c4e9fcc33b386cd22daf8fe76ce724c5e37f07875e9a3dd9,"0000 -30 -0.1  10.140200  1  K1ABC FN42 33 
<DecodeFinished>",
-30.0,1.5,33,2026112533,0,,,,,0.516679786000168,0,official WSJT-X 3.0.2; binary SHA256 9e3c2fc14f63c4b4c4e9fcc33b386cd22daf8fe76ce724c5e37f07875e9a3dd9,<DecodeFinished>,
-30.0,1.5,32,2026112532,0,,,,,0.5244947219998721,0,official WSJT-X 3.0.2; binary SHA256 9e3c2fc14f63c4b4c4e9fcc33b386cd22daf8fe76ce724c5e37f07875e9a3dd9,<DecodeFinished>,
-30.0,1.5,38,2026112538,0,,,,,0.1452170920001663,0,official WSJT-X 3.0.2; binary SHA256 9e3c2fc14f63c4b4c4e9fcc33b386cd22daf8fe76ce724c5e37f07875e9a3dd9,<DecodeFinished>,
-30.0,1.5,37,2026112537,0,,,,,0.1458009129983111,0,official WSJT-X 3.0.2; binary SHA256 9e3c2fc14f63c4b4c4e9fcc33b386cd22daf8fe76ce724c5e37f07875e9a3dd9,<DecodeFinished>,
-30.0,1.5,40,2026112540,1,K1ABC FN42 33,-31,1,10.140200,0.07388780099972792,0,official WSJT-X 3.0.2; binary SHA256 9e3c2fc14f63c4b4c4e9fcc33b386cd22daf8fe76ce724c5e37f07875e9a3dd9,"0000 -31  0.1  10.140200  1  K1ABC FN42 33 
<DecodeFinished>",
-30.0,1.5,34,2026112534,0,,,,,0.5247899590012821,0,official WSJT-X 3.0.2; binary SHA256 9e3c2fc14f63c4b4c4e9fcc33b386cd22daf8fe76ce724c5e37f07875e9a3dd9,<DecodeFinished>,
-30.0,1.5,36,2026112536,0,,,,,0.5286606089994166,0,official WSJT-X 3.0.2; binary SHA256 9e3c2fc14f63c4b4c4e9fcc33b386cd22daf8fe76ce724c5e37f07875e9a3dd9,<DecodeFinished>,
-30.0,1.5,39,2026112539,0,,,,,0.5165759500014246,0,official WSJT-X 3.0.2; binary SHA256 9e3c2fc14f63c4b4c4e9fcc33b386cd22daf8fe76ce724c5e37f07875e9a3dd9,<DecodeFinished>,
-30.0,1.5,44,2026112544,1,K1ABC FN42 33,-30,1,10.140200,0.06230929699995613,0,official WSJT-X 3.0.2; binary SHA256 9e3c2fc14f63c4b4c4e9fcc33b386cd22daf8fe76ce724c5e37f07875e9a3dd9,"0000 -30  0.1  10.140200  1  K1ABC FN42 33 
<DecodeFinished>",
-30.0,1.5,41,2026112541,0,,,,,0.5356861140007823,0,official WSJT-X 3.0.2; binary SHA256 9e3c2fc14f63c4b4c4e9fcc33b386cd22daf8fe76ce724c5e37f07875e9a3dd9,<DecodeFinished>,
-30.0,1.5,42,2026112542,0,,,,,0.5438138209992758,0,official WSJT-X 3.0.2; binary SHA256 9e3c2fc14f63c4b4c4e9fcc33b386cd22daf8fe76ce724c5e37f07875e9a3dd9,<DecodeFinished>,
-30.0,1.5,47,2026112547,0,,,,,0.05124605899982271,0,official WSJT-X 3.0.2; binary SHA256 9e3c2fc14f63c4b4c4e9fcc33b386cd22daf8fe76ce724c5e37f07875e9a3dd9,<DecodeFinished>,
-30.0,1.5,43,2026112543,0,,,,,0.546585188998506,0,official WSJT-X 3.0.2; binary SHA256 9e3c2fc14f63c4b4c4e9fcc33b386cd22daf8fe76ce724c5e37f07875e9a3dd9,<DecodeFinished>,
-30.0,1.5,48,2026112548,1,K1ABC FN42 33,-30,1,10.140200,0.08613434299877554,0,official WSJT-X 3.0.2; binary SHA256 9e3c2fc14f63c4b4c4e9fcc33b386cd22daf8fe76ce724c5e37f07875e9a3dd9,"0000 -30 -0.0  10.140200  1  K1ABC FN42 33 
<DecodeFinished>",
-30.0,1.5,49,2026112549,1,K1ABC FN42 33,-30,1,10.140200,0.06309881600100198,0,official WSJT-X 3.0.2; binary SHA256 9e3c2fc14f63c4b4c4e9fcc33b386cd22daf8fe76ce724c5e37f07875e9a3dd9,"0000 -30  0.0  10.140200  1  K1ABC FN42 33 
<DecodeFinished>",
-30.0,1.5,50,2026112550,1,K1ABC FN42 33,-30,1,10.140200,0.10664806699969631,0,official WSJT-X 3.0.2; binary SHA256 9e3c2fc14f63c4b4c4e9fcc33b386cd22daf8fe76ce724c5e37f07875e9a3dd9,"0000 -30  0.0  10.140200  1  K1ABC FN42 33 
<DecodeFinished>",
-30.0,1.5,45,2026112545,0,,,,,0.5470380510014365,0,official WSJT-X 3.0.2; binary SHA256 9e3c2fc14f63c4b4c4e9fcc33b386cd22daf8fe76ce724c5e37f07875e9a3dd9,<DecodeFinished>,
-30.0,1.5,51,2026112551,0,,,,,0.15076183199926163,0,official WSJT-X 3.0.2; binary SHA256 9e3c2fc14f63c4b4c4e9fcc33b386cd22daf8fe76ce724c5e37f07875e9a3dd9,<DecodeFinished>,
-30.0,1.5,46,2026112546,0,,,,,0.5607746109999425,0,official WSJT-X 3.0.2; binary SHA256 9e3c2fc14f63c4b4c4e9fcc33b386cd22daf8fe76ce724c5e37f07875e9a3dd9,<DecodeFinished>,
-30.0,1.5,54,2026112554,0,,,,,0.05359891399893968,0,official WSJT-X 3.0.2; binary SHA256 9e3c2fc14f63c4b4c4e9fcc33b386cd22daf8fe76ce724c5e37f07875e9a3dd9,<DecodeFinished>,
-30.0,1.5,53,2026112553,1,K1ABC FN42 33,-30,1,10.140200,0.08418696700027795,0,official WSJT-X 3.0.2; binary SHA256 9e3c2fc14f63c4b4c4e9fcc33b386cd22daf8fe76ce724c5e37f07875e9a3dd9,"0000 -30 -0.1  10.140200  1  K1ABC FN42 33 
<DecodeFinished>",
-30.0,1.5,56,2026112556,0,,,,,0.05607149500065134,0,official WSJT-X 3.0.2; binary SHA256 9e3c2fc14f63c4b4c4e9fcc33b386cd22daf8fe76ce724c5e37f07875e9a3dd9,<DecodeFinished>,
-30.0,1.5,57,2026112557,1,K1ABC FN42 33,-31,1,10.140200,0.0761192089994438,0,official WSJT-X 3.0.2; binary SHA256 9e3c2fc14f63c4b4c4e9fcc33b386cd22daf8fe76ce724c5e37f07875e9a3dd9,"0000 -31  0.0  10.140200  1  K1ABC FN42 33 
<DecodeFinished>",
-30.0,1.5,55,2026112555,0,,,,,0.14633329499883985,0,official WSJT-X 3.0.2; binary SHA256 9e3c2fc14f63c4b4c4e9fcc33b386cd22daf8fe76ce724c5e37f07875e9a3dd9,<DecodeFinished>,
-30.0,1.5,60,2026112560,1,K1ABC FN42 33,-30,0,10.140200,0.06893239999953948,0,official WSJT-X 3.0.2; binary SHA256 9e3c2fc14f63c4b4c4e9fcc33b386cd22daf8fe76ce724c5e37f07875e9a3dd9,"0000 -30  0.1  10.140200  0  K1ABC FN42 33 
<DecodeFinished>",
-30.0,1.5,59,2026112559,0,,,,,0.14472018900050898,0,official WSJT-X 3.0.2; binary SHA256 9e3c2fc14f63c4b4c4e9fcc33b386cd22daf8fe76ce724c5e37f07875e9a3dd9,<DecodeFinished>,
-30.0,1.5,61,2026112561,0,,,,,0.1478991589992802,0,official WSJT-X 3.0.2; binary SHA256 9e3c2fc14f63c4b4c4e9fcc33b386cd22daf8fe76ce724c5e37f07875e9a3dd9,<DecodeFinished>,
-30.0,1.5,63,2026112563,1,K1ABC FN42 33,-29,1,10.140200,0.08385887999975239,0,official WSJT-X 3.0.2; binary SHA256 9e3c2fc14f63c4b4c4e9fcc33b386cd22daf8fe76ce724c5e37f07875e9a3dd9,"0000 -29 -0.0  10.140200  1  K1ABC FN42 33 
<DecodeFinished>",
-30.0,1.5,52,2026112552,0,,,,,0.5664288650004892,0,official WSJT-X 3.0.2; binary SHA256 9e3c2fc14f63c4b4c4e9fcc33b386cd22daf8fe76ce724c5e37f07875e9a3dd9,<DecodeFinished>,
-30.0,1.5,64,2026112564,0,,,,,0.04249315599918191,0,official WSJT-X 3.0.2; binary SHA256 9e3c2fc14f63c4b4c4e9fcc33b386cd22daf8fe76ce724c5e37f07875e9a3dd9,<DecodeFinished>,
-30.0,1.5,66,2026112566,0,,,,,0.042125755000597565,0,official WSJT-X 3.0.2; binary SHA256 9e3c2fc14f63c4b4c4e9fcc33b386cd22daf8fe76ce724c5e37f07875e9a3dd9,<DecodeFinished>,
-30.0,1.5,58,2026112558,0,,,,,0.5265371320001577,0,official WSJT-X 3.0.2; binary SHA256 9e3c2fc14f63c4b4c4e9fcc33b386cd22daf8fe76ce724c5e37f07875e9a3dd9,<DecodeFinished>,
-30.0,1.5,62,2026112562,0,,,,,0.5523660409999138,0,official WSJT-X 3.0.2; binary SHA256 9e3c2fc14f63c4b4c4e9fcc33b386cd22daf8fe76ce724c5e37f07875e9a3dd9,<DecodeFinished>,
-30.0,1.5,65,2026112565,0,,,,,0.5386471649999294,0,official WSJT-X 3.0.2; binary SHA256 9e3c2fc14f63c4b4c4e9fcc33b386cd22daf8fe76ce724c5e37f07875e9a3dd9,<DecodeFinished>,
-30.0,1.5,70,2026112570,1,K1ABC FN42 33,-29,1,10.140200,0.053102239000509144,0,official WSJT-X 3.0.2; binary SHA256 9e3c2fc14f63c4b4c4e9fcc33b386cd22daf8fe76ce724c5e37f07875e9a3dd9,"0000 -29 -0.1  10.140200  1  K1ABC FN42 33 
<DecodeFinished>",
-30.0,1.5,68,2026112568,0,,,,,0.45461647499905666,0,official WSJT-X 3.0.2; binary SHA256 9e3c2fc14f63c4b4c4e9fcc33b386cd22daf8fe76ce724c5e37f07875e9a3dd9,<DecodeFinished>,
-30.0,1.5,67,2026112567,0,,,,,0.5441624989998672,0,official WSJT-X 3.0.2; binary SHA256 9e3c2fc14f63c4b4c4e9fcc33b386cd22daf8fe76ce724c5e37f07875e9a3dd9,<DecodeFinished>,
-30.0,1.5,72,2026112572,0,,,,,0.049718350999683025,0,official WSJT-X 3.0.2; binary SHA256 9e3c2fc14f63c4b4c4e9fcc33b386cd22daf8fe76ce724c5e37f07875e9a3dd9,<DecodeFinished>,
-30.0,1.5,74,2026112574,1,K1ABC FN42 33,-30,0,10.140200,0.07087688200044795,0,official WSJT-X 3.0.2; binary SHA256 9e3c2fc14f63c4b4c4e9fcc33b386cd22daf8fe76ce724c5e37f07875e9a3dd9,"0000 -30  0.1  10.140200  0  K1ABC FN42 33 
<DecodeFinished>",
-30.0,1.5,73,2026112573,1,K1ABC FN42 33,-30,1,10.140200,0.13127284499933012,0,official WSJT-X 3.0.2; binary SHA256 9e3c2fc14f63c4b4c4e9fcc33b386cd22daf8fe76ce724c5e37f07875e9a3dd9,"0000 -30 -0.1  10.140200  1  K1ABC FN42 33 
<DecodeFinished>",
-30.0,1.5,69,2026112569,0,,,,,0.5289297010003793,0,official WSJT-X 3.0.2; binary SHA256 9e3c2fc14f63c4b4c4e9fcc33b386cd22daf8fe76ce724c5e37f07875e9a3dd9,<DecodeFinished>,
-30.0,1.5,71,2026112571,0,,,,,0.43933431500045117,0,official WSJT-X 3.0.2; binary SHA256 9e3c2fc14f63c4b4c4e9fcc33b386cd22daf8fe76ce724c5e37f07875e9a3dd9,<DecodeFinished>,
-30.0,1.5,75,2026112575,0,,,,,0.5249862069995288,0,official WSJT-X 3.0.2; binary SHA256 9e3c2fc14f63c4b4c4e9fcc33b386cd22daf8fe76ce724c5e37f07875e9a3dd9,<DecodeFinished>,
-30.0,1.5,76,2026112576,0,,,,,0.5307886299997335,0,official WSJT-X 3.0.2; binary SHA256 9e3c2fc14f63c4b4c4e9fcc33b386cd22daf8fe76ce724c5e37f07875e9a3dd9,<DecodeFinished>,
-30.0,1.5,79,2026112579,0,,,,,0.1490839349989983,0,official WSJT-X 3.0.2; binary SHA256 9e3c2fc14f63c4b4c4e9fcc33b386cd22daf8fe76ce724c5e37f07875e9a3dd9,<DecodeFinished>,
-30.0,1.5,77,2026112577,0,,,,,0.5262585410000611,0,official WSJT-X 3.0.2; binary SHA256 9e3c2fc14f63c4b4c4e9fcc33b386cd22daf8fe76ce724c5e37f07875e9a3dd9,<DecodeFinished>,
-30.0,1.5,82,2026112582,1,K1ABC FN42 33,-30,1,10.140200,0.059596754999802215,0,official WSJT-X 3.0.2; binary SHA256 9e3c2fc14f63c4b4c4e9fcc33b386cd22daf8fe76ce724c5e37f07875e9a3dd9,"0000 -30 -0.0  10.140200  1  K1ABC FN42 33 
<DecodeFinished>",
-30.0,1.5,83,2026112583,1,K1ABC FN42 33,-30,0,10.140200,0.08407994100161886,0,official WSJT-X 3.0.2; binary SHA256 9e3c2fc14f63c4b4c4e9fcc33b386cd22daf8fe76ce724c5e37f07875e9a3dd9,"0000 -30 -0.0  10.140200  0  K1ABC FN42 33 
<DecodeFinished>",
-30.0,1.5,78,2026112578,0,,,,,0.5416381260001799,0,official WSJT-X 3.0.2; binary SHA256 9e3c2fc14f63c4b4c4e9fcc33b386cd22daf8fe76ce724c5e37f07875e9a3dd9,<DecodeFinished>,
-30.0,1.5,85,2026112585,1,K1ABC FN42 33,-30,1,10.140200,0.06184403699990071,0,official WSJT-X 3.0.2; binary SHA256 9e3c2fc14f63c4b4c4e9fcc33b386cd22daf8fe76ce724c5e37f07875e9a3dd9,"0000 -30 -0.1  10.140200  1  K1ABC FN42 33 
<DecodeFinished>",
-30.0,1.5,84,2026112584,0,,,,,0.1398317759994825,0,official WSJT-X 3.0.2; binary SHA256 9e3c2fc14f63c4b4c4e9fcc33b386cd22daf8fe76ce724c5e37f07875e9a3dd9,<DecodeFinished>,
-30.0,1.5,86,2026112586,1,K1ABC FN42 33,-30,1,10.140200,0.0800398609990225,0,official WSJT-X 3.0.2; binary SHA256 9e3c2fc14f63c4b4c4e9fcc33b386cd22daf8fe76ce724c5e37f07875e9a3dd9,"0000 -30  0.1  10.140200  1  K1ABC FN42 33 
<DecodeFinished>",
-30.0,1.5,80,2026112580,0,,,,,0.5349017459993775,0,official WSJT-X 3.0.2; binary SHA256 9e3c2fc14f63c4b4c4e9fcc33b386cd22daf8fe76ce724c5e37f07875e9a3dd9,<DecodeFinished>,
-30.0,1.5,89,2026112589,1,K1ABC FN42 33,-30,2,10.140200,0.06064040299861517,0,official WSJT-X 3.0.2; binary SHA256 9e3c2fc14f63c4b4c4e9fcc33b386cd22daf8fe76ce724c5e37f07875e9a3dd9,"0000 -30  0.0  10.140200  2  K1ABC FN42 33 
<DecodeFinished>",
-30.0,1.5,81,2026112581,0,,,,,0.5365802670003177,0,official WSJT-X 3.0.2; binary SHA256 9e3c2fc14f63c4b4c4e9fcc33b386cd22daf8fe76ce724c5e37f07875e9a3dd9,<DecodeFinished>,
-30.0,1.5,90,2026112590,1,K1ABC FN42 33,-30,2,10.140200,0.07978737200028263,0,official WSJT-X 3.0.2; binary SHA256 9e3c2fc14f63c4b4c4e9fcc33b386cd22daf8fe76ce724c5e37f07875e9a3dd9,"0000 -30  0.1  10.140200  2  K1ABC FN42 33 
<DecodeFinished>",
-30.0,1.5,91,2026112591,0,,,,,0.14170327600004384,0,official WSJT-X 3.0.2; binary SHA256 9e3c2fc14f63c4b4c4e9fcc33b386cd22daf8fe76ce724c5e37f07875e9a3dd9,<DecodeFinished>,
-30.0,1.5,92,2026112592,0,,,,,0.14390908300083538,0,official WSJT-X 3.0.2; binary SHA256 9e3c2fc14f63c4b4c4e9fcc33b386cd22daf8fe76ce724c5e37f07875e9a3dd9,<DecodeFinished>,
-30.0,1.5,87,2026112587,0,,,,,0.5129983500009985,0,official WSJT-X 3.0.2; binary SHA256 9e3c2fc14f63c4b4c4e9fcc33b386cd22daf8fe76ce724c5e37f07875e9a3dd9,<DecodeFinished>,
-30.0,1.5,93,2026112593,0,,,,,0.14780735100066522,0,official WSJT-X 3.0.2; binary SHA256 9e3c2fc14f63c4b4c4e9fcc33b386cd22daf8fe76ce724c5e37f07875e9a3dd9,<DecodeFinished>,
-30.0,1.5,88,2026112588,0,,,,,0.5317274720000569,0,official WSJT-X 3.0.2; binary SHA256 9e3c2fc14f63c4b4c4e9fcc33b386cd22daf8fe76ce724c5e37f07875e9a3dd9,<DecodeFinished>,
-30.0,1.5,94,2026112594,0,,,,,0.14661642200007918,0,official WSJT-X 3.0.2; binary SHA256 9e3c2fc14f63c4b4c4e9fcc33b386cd22daf8fe76ce724c5e37f07875e9a3dd9,<DecodeFinished>,
-30.0,1.5,95,2026112595,0,,,,,0.5283682030003547,0,official WSJT-X 3.0.2; binary SHA256 9e3c2fc14f63c4b4c4e9fcc33b386cd22daf8fe76ce724c5e37f07875e9a3dd9,<DecodeFinished>,
-30.0,1.5,96,2026112596,0,,,,,0.540417043999696,0,official WSJT-X 3.0.2; binary SHA256 9e3c2fc14f63c4b4c4e9fcc33b386cd22daf8fe76ce724c5e37f07875e9a3dd9,<DecodeFinished>,
-30.0,1.5,97,2026112597,0,,,,,0.5342227450000792,0,official WSJT-X 3.0.2; binary SHA256 9e3c2fc14f63c4b4c4e9fcc33b386cd22daf8fe76ce724c5e37f07875e9a3dd9,<DecodeFinished>,
-30.0,1.5,98,2026112598,0,,,,,0.5339840259985067,0,official WSJT-X 3.0.2; binary SHA256 9e3c2fc14f63c4b4c4e9fcc33b386cd22daf8fe76ce724c5e37f07875e9a3dd9,<DecodeFinished>,
-30.0,-1.5,2,2026112502,1,K1ABC FN42 33,-30,-1,10.140200,0.04747855799905665,0,official WSJT-X 3.0.2; binary SHA256 9e3c2fc14f63c4b4c4e9fcc33b386cd22daf8fe76ce724c5e37f07875e9a3dd9,"0000 -30 -0.0  10.140200 -1  K1ABC FN42 33 
<DecodeFinished>",
-30.0,1.5,99,2026112599,0,,,,,0.14693548000104784,0,official WSJT-X 3.0.2; binary SHA256 9e3c2fc14f63c4b4c4e9fcc33b386cd22daf8fe76ce724c5e37f07875e9a3dd9,<DecodeFinished>,
-30.0,-1.5,3,2026112503,1,K1ABC FN42 33,-30,-1,10.140200,0.05994763400121883,0,official WSJT-X 3.0.2; binary SHA256 9e3c2fc14f63c4b4c4e9fcc33b386cd22daf8fe76ce724c5e37f07875e9a3dd9,"0000 -30  0.1  10.140200 -1  K1ABC FN42 33 
<DecodeFinished>",
-30.0,-1.5,4,2026112504,1,K1ABC FN42 33,-30,-2,10.140200,0.04883533899919712,0,official WSJT-X 3.0.2; binary SHA256 9e3c2fc14f63c4b4c4e9fcc33b386cd22daf8fe76ce724c5e37f07875e9a3dd9,"0000 -30  0.1  10.140200 -2  K1ABC FN42 33 
<DecodeFinished>",
-30.0,-1.5,0,2026112500,0,,,,,0.5282406339993031,0,official WSJT-X 3.0.2; binary SHA256 9e3c2fc14f63c4b4c4e9fcc33b386cd22daf8fe76ce724c5e37f07875e9a3dd9,<DecodeFinished>,
-30.0,-1.5,1,2026112501,0,,,,,0.5269149670002662,0,official WSJT-X 3.0.2; binary SHA256 9e3c2fc14f63c4b4c4e9fcc33b386cd22daf8fe76ce724c5e37f07875e9a3dd9,<DecodeFinished>,
-30.0,-1.5,8,2026112508,1,K1ABC FN42 33,-29,-1,10.140200,0.04801381899960688,0,official WSJT-X 3.0.2; binary SHA256 9e3c2fc14f63c4b4c4e9fcc33b386cd22daf8fe76ce724c5e37f07875e9a3dd9,"0000 -29  0.1  10.140200 -1  K1ABC FN42 33 
<DecodeFinished>",
-30.0,-1.5,5,2026112505,0,,,,,0.512025801001073,0,official WSJT-X 3.0.2; binary SHA256 9e3c2fc14f63c4b4c4e9fcc33b386cd22daf8fe76ce724c5e37f07875e9a3dd9,<DecodeFinished>,
-30.0,-1.5,10,2026112510,0,,,,,0.04293970800063107,0,official WSJT-X 3.0.2; binary SHA256 9e3c2fc14f63c4b4c4e9fcc33b386cd22daf8fe76ce724c5e37f07875e9a3dd9,<DecodeFinished>,
-30.0,-1.5,6,2026112506,0,,,,,0.5295798199986166,0,official WSJT-X 3.0.2; binary SHA256 9e3c2fc14f63c4b4c4e9fcc33b386cd22daf8fe76ce724c5e37f07875e9a3dd9,<DecodeFinished>,
-30.0,-1.5,9,2026112509,1,K1ABC FN42 33,-31,-1,10.140200,0.1161018660004629,0,official WSJT-X 3.0.2; binary SHA256 9e3c2fc14f63c4b4c4e9fcc33b386cd22daf8fe76ce724c5e37f07875e9a3dd9,"0000 -31  0.1  10.140200 -1  K1ABC FN42 33 
<DecodeFinished>",
-30.0,-1.5,12,2026112512,1,K1ABC FN42 33,-30,-1,10.140200,0.061232154999743216,0,official WSJT-X 3.0.2; binary SHA256 9e3c2fc14f63c4b4c4e9fcc33b386cd22daf8fe76ce724c5e37f07875e9a3dd9,"0000 -30 -0.1  10.140200 -1  K1ABC FN42 33 
<DecodeFinished>",
-30.0,-1.5,14,2026112514,1,K1ABC FN42 33,-30,-1,10.140200,0.056578476998765836,0,official WSJT-X 3.0.2; binary SHA256 9e3c2fc14f63c4b4c4e9fcc33b386cd22daf8fe76ce724c5e37f07875e9a3dd9,"0000 -30  0.0  10.140200 -1  K1ABC FN42 33 
<DecodeFinished>",
-30.0,-1.5,11,2026112511,0,,,,,0.14593614200020966,0,official WSJT-X 3.0.2; binary SHA256 9e3c2fc14f63c4b4c4e9fcc33b386cd22daf8fe76ce724c5e37f07875e9a3dd9,<DecodeFinished>,
-30.0,-1.5,15,2026112515,1,K1ABC FN42 33,-29,-1,10.140200,0.052655750998383155,0,official WSJT-X 3.0.2; binary SHA256 9e3c2fc14f63c4b4c4e9fcc33b386cd22daf8fe76ce724c5e37f07875e9a3dd9,"0000 -29 -0.0  10.140200 -1  K1ABC FN42 33 
<DecodeFinished>",
-30.0,-1.5,17,2026112517,1,K1ABC FN42 33,-30,-2,10.140200,0.048617341000863235,0,official WSJT-X 3.0.2; binary SHA256 9e3c2fc14f63c4b4c4e9fcc33b386cd22daf8fe76ce724c5e37f07875e9a3dd9,"0000 -30  0.0  10.140200 -2  K1ABC FN42 33 
<DecodeFinished>",
-30.0,-1.5,7,2026112507,0,,,,,0.5102364510003099,0,official WSJT-X 3.0.2; binary SHA256 9e3c2fc14f63c4b4c4e9fcc33b386cd22daf8fe76ce724c5e37f07875e9a3dd9,<DecodeFinished>,
-30.0,-1.5,19,2026112519,0,,,,,0.13854624700070417,0,official WSJT-X 3.0.2; binary SHA256 9e3c2fc14f63c4b4c4e9fcc33b386cd22daf8fe76ce724c5e37f07875e9a3dd9,<DecodeFinished>,
-30.0,-1.5,13,2026112513,0,,,,,0.5274213329994382,0,official WSJT-X 3.0.2; binary SHA256 9e3c2fc14f63c4b4c4e9fcc33b386cd22daf8fe76ce724c5e37f07875e9a3dd9,<DecodeFinished>,
-30.0,-1.5,16,2026112516,0,,,,,0.5071012299995346,0,official WSJT-X 3.0.2; binary SHA256 9e3c2fc14f63c4b4c4e9fcc33b386cd22daf8fe76ce724c5e37f07875e9a3dd9,<DecodeFinished>,
-30.0,-1.5,21,2026112521,0,,,,,0.1363143319995288,0,official WSJT-X 3.0.2; binary SHA256 9e3c2fc14f63c4b4c4e9fcc33b386cd22daf8fe76ce724c5e37f07875e9a3dd9,<DecodeFinished>,
-30.0,-1.5,18,2026112518,0,,,,,0.5158190590009326,0,official WSJT-X 3.0.2; binary SHA256 9e3c2fc14f63c4b4c4e9fcc33b386cd22daf8fe76ce724c5e37f07875e9a3dd9,<DecodeFinished>,
-30.0,-1.5,22,2026112522,0,,,,,0.147792796999056,0,official WSJT-X 3.0.2; binary SHA256 9e3c2fc14f63c4b4c4e9fcc33b386cd22daf8fe76ce724c5e37f07875e9a3dd9,<DecodeFinished>,
-30.0,-1.5,23,2026112523,0,,,,,0.14381100200080255,0,official WSJT-X 3.0.2; binary SHA256 9e3c2fc14f63c4b4c4e9fcc33b386cd22daf8fe76ce724c5e37f07875e9a3dd9,<DecodeFinished>,
-30.0,-1.5,26,2026112526,0,,,,,0.14864252599909378,0,official WSJT-X 3.0.2; binary SHA256 9e3c2fc14f63c4b4c4e9fcc33b386cd22daf8fe76ce724c5e37f07875e9a3dd9,<DecodeFinished>,
-30.0,-1.5,20,2026112520,0,,,,,0.5050020779999613,0,official WSJT-X 3.0.2; binary SHA256 9e3c2fc14f63c4b4c4e9fcc33b386cd22daf8fe76ce724c5e37f07875e9a3dd9,<DecodeFinished>,
-30.0,-1.5,27,2026112527,1,K1ABC FN42 33,-30,-1,10.140200,0.0804836779989273,0,official WSJT-X 3.0.2; binary SHA256 9e3c2fc14f63c4b4c4e9fcc33b386cd22daf8fe76ce724c5e37f07875e9a3dd9,"0000 -30  0.1  10.140200 -1  K1ABC FN42 33 
<DecodeFinished>",
-30.0,-1.5,24,2026112524,0,,,,,0.5313450020003074,0,official WSJT-X 3.0.2; binary SHA256 9e3c2fc14f63c4b4c4e9fcc33b386cd22daf8fe76ce724c5e37f07875e9a3dd9,<DecodeFinished>,
-30.0,-1.5,25,2026112525,0,,,,,0.5220700680001755,0,official WSJT-X 3.0.2; binary SHA256 9e3c2fc14f63c4b4c4e9fcc33b386cd22daf8fe76ce724c5e37f07875e9a3dd9,<DecodeFinished>,
-30.0,-1.5,28,2026112528,0,,,,,0.42626144899986684,0,official WSJT-X 3.0.2; binary SHA256 9e3c2fc14f63c4b4c4e9fcc33b386cd22daf8fe76ce724c5e37f07875e9a3dd9,<DecodeFinished>,
-30.0,-1.5,29,2026112529,0,,,,,0.5250881529991602,0,official WSJT-X 3.0.2; binary SHA256 9e3c2fc14f63c4b4c4e9fcc33b386cd22daf8fe76ce724c5e37f07875e9a3dd9,<DecodeFinished>,
-30.0,-1.5,31,2026112531,0,,,,,0.4478130439983943,0,official WSJT-X 3.0.2; binary SHA256 9e3c2fc14f63c4b4c4e9fcc33b386cd22daf8fe76ce724c5e37f07875e9a3dd9,<DecodeFinished>,
-30.0,-1.5,30,2026112530,0,,,,,0.5211063520000607,0,official WSJT-X 3.0.2; binary SHA256 9e3c2fc14f63c4b4c4e9fcc33b386cd22daf8fe76ce724c5e37f07875e9a3dd9,<DecodeFinished>,
-30.0,-1.5,34,2026112534,1,K1ABC FN42 33,-29,-1,10.140200,0.07024275300136651,0,official WSJT-X 3.0.2; binary SHA256 9e3c2fc14f63c4b4c4e9fcc33b386cd22daf8fe76ce724c5e37f07875e9a3dd9,"0000 -29  0.1  10.140200 -1  K1ABC FN42 33 
<DecodeFinished>",
-30.0,-1.5,35,2026112535,1,K1ABC FN42 33,-30,-1,10.140200,0.05217851300039911,0,official WSJT-X 3.0.2; binary SHA256 9e3c2fc14f63c4b4c4e9fcc33b386cd22daf8fe76ce724c5e37f07875e9a3dd9,"0000 -30 -0.1  10.140200 -1  K1ABC FN42 33 
<DecodeFinished>",
-30.0,-1.5,37,2026112537,1,K1ABC FN42 33,-30,-1,10.140200,0.049936221999814734,0,official WSJT-X 3.0.2; binary SHA256 9e3c2fc14f63c4b4c4e9fcc33b386cd22daf8fe76ce724c5e37f07875e9a3dd9,"0000 -30 -0.1  10.140200 -1  K1ABC FN42 33 
<DecodeFinished>",
-30.0,-1.5,32,2026112532,0,,,,,0.5248425870013307,0,official WSJT-X 3.0.2; binary SHA256 9e3c2fc14f63c4b4c4e9fcc33b386cd22daf8fe76ce724c5e37f07875e9a3dd9,<DecodeFinished>,
-30.0,-1.5,38,2026112538,0,,,,,0.14287890600098763,0,official WSJT-X 3.0.2; binary SHA256 9e3c2fc14f63c4b4c4e9fcc33b386cd22daf8fe76ce724c5e37f07875e9a3dd9,<DecodeFinished>,
-30.0,-1.5,33,2026112533,0,,,,,0.5034586720012157,0,official WSJT-X 3.0.2; binary SHA256 9e3c2fc14f63c4b4c4e9fcc33b386cd22daf8fe76ce724c5e37f07875e9a3dd9,<DecodeFinished>,
-30.0,-1.5,36,2026112536,0,,,,,0.5143468610003765,0,official WSJT-X 3.0.2; binary SHA256 9e3c2fc14f63c4b4c4e9fcc33b386cd22daf8fe76ce724c5e37f07875e9a3dd9,<DecodeFinished>,
-30.0,-1.5,39,2026112539,0,,,,,0.530593367999245,0,official WSJT-X 3.0.2; binary SHA256 9e3c2fc14f63c4b4c4e9fcc33b386cd22daf8fe76ce724c5e37f07875e9a3dd9,<DecodeFinished>,
-30.0,-1.5,40,2026112540,0,,,,,0.5280710700008058,0,official WSJT-X 3.0.2; binary SHA256 9e3c2fc14f63c4b4c4e9fcc33b386cd22daf8fe76ce724c5e37f07875e9a3dd9,<DecodeFinished>,
-30.0,-1.5,41,2026112541,0,,,,,0.5410018149996176,0,official WSJT-X 3.0.2; binary SHA256 9e3c2fc14f63c4b4c4e9fcc33b386cd22daf8fe76ce724c5e37f07875e9a3dd9,<DecodeFinished>,
-30.0,-1.5,42,2026112542,0,,,,,0.51945498600071,0,official WSJT-X 3.0.2; binary SHA256 9e3c2fc14f63c4b4c4e9fcc33b386cd22daf8fe76ce724c5e37f07875e9a3dd9,<DecodeFinished>,
-30.0,-1.5,46,2026112546,1,K1ABC FN42 33,-30,-1,10.140200,0.06204199899912055,0,official WSJT-X 3.0.2; binary SHA256 9e3c2fc14f63c4b4c4e9fcc33b386cd22daf8fe76ce724c5e37f07875e9a3dd9,"0000 -30 -0.1  10.140200 -1  K1ABC FN42 33 
<DecodeFinished>",
-30.0,-1.5,43,2026112543,0,,,,,0.5268740949995845,0,official WSJT-X 3.0.2; binary SHA256 9e3c2fc14f63c4b4c4e9fcc33b386cd22daf8fe76ce724c5e37f07875e9a3dd9,<DecodeFinished>,
-30.0,-1.5,47,2026112547,1,K1ABC FN42 33,-30,-1,10.140200,0.07926083200072753,0,official WSJT-X 3.0.2; binary SHA256 9e3c2fc14f63c4b4c4e9fcc33b386cd22daf8fe76ce724c5e37f07875e9a3dd9,"0000 -30  0.1  10.140200 -1  K1ABC FN42 33 
<DecodeFinished>",
-30.0,-1.5,48,2026112548,1,K1ABC FN42 33,-29,-1,10.140200,0.04390675799913879,0,official WSJT-X 3.0.2; binary SHA256 9e3c2fc14f63c4b4c4e9fcc33b386cd22daf8fe76ce724c5e37f07875e9a3dd9,"0000 -29  0.1  10.140200 -1  K1ABC FN42 33 
<DecodeFinished>",
-30.0,-1.5,49,2026112549,1,K1ABC FN42 33,-29,-1,10.140200,0.07573129599950335,0,official WSJT-X 3.0.2; binary SHA256 9e3c2fc14f63c4b4c4e9fcc33b386cd22daf8fe76ce724c5e37f07875e9a3dd9,"0000 -29  0.1  10.140200 -1  K1ABC FN42 33 
<DecodeFinished>",
-30.0,-1.5,44,2026112544,0,,,,,0.5252139770000213,0,official WSJT-X 3.0.2; binary SHA256 9e3c2fc14f63c4b4c4e9fcc33b386cd22daf8fe76ce724c5e37f07875e9a3dd9,<DecodeFinished>,
-30.0,-1.5,51,2026112551,0,,,,,0.04701751900029194,0,official WSJT-X 3.0.2; binary SHA256 9e3c2fc14f63c4b4c4e9fcc33b386cd22daf8fe76ce724c5e37f07875e9a3dd9,<DecodeFinished>,
-30.0,-1.5,45,2026112545,0,,,,,0.5207337080009893,0,official WSJT-X 3.0.2; binary SHA256 9e3c2fc14f63c4b4c4e9fcc33b386cd22daf8fe76ce724c5e37f07875e9a3dd9,<DecodeFinished>,
-30.0,-1.5,53,2026112553,0,,,,,0.04388231299890322,0,official WSJT-X 3.0.2; binary SHA256 9e3c2fc14f63c4b4c4e9fcc33b386cd22daf8fe76ce724c5e37f07875e9a3dd9,<DecodeFinished>,
-30.0,-1.5,50,2026112550,0,,,,,0.14370497799973236,0,official WSJT-X 3.0.2; binary SHA256 9e3c2fc14f63c4b4c4e9fcc33b386cd22daf8fe76ce724c5e37f07875e9a3dd9,<DecodeFinished>,
-30.0,-1.5,55,2026112555,1,K1ABC FN42 33,-30,-1,10.140200,0.0446829649990832,0,official WSJT-X 3.0.2; binary SHA256 9e3c2fc14f63c4b4c4e9fcc33b386cd22daf8fe76ce724c5e37f07875e9a3dd9,"0000 -30 -0.0  10.140200 -1  K1ABC FN42 33 
<DecodeFinished>",
-30.0,-1.5,56,2026112556,0,,,,,0.04850898699987738,0,official WSJT-X 3.0.2; binary SHA256 9e3c2fc14f63c4b4c4e9fcc33b386cd22daf8fe76ce724c5e37f07875e9a3dd9,<DecodeFinished>,
-30.0,-1.5,57,2026112557,1,K1ABC FN42 33,-30,-2,10.140200,0.056697335001445026,0,official WSJT-X 3.0.2; binary SHA256 9e3c2fc14f63c4b4c4e9fcc33b386cd22daf8fe76ce724c5e37f07875e9a3dd9,"0000 -30 -0.1  10.140200 -2  K1ABC FN42 33 
<DecodeFinished>",
-30.0,-1.5,59,2026112559,0,,,,,0.043109409998578485,0,official WSJT-X 3.0.2; binary SHA256 9e3c2fc14f63c4b4c4e9fcc33b386cd22daf8fe76ce724c5e37f07875e9a3dd9,<DecodeFinished>,
-30.0,-1.5,58,2026112558,1,K1ABC FN42 33,-30,-1,10.140200,0.07997717799844395,0,official WSJT-X 3.0.2; binary SHA256 9e3c2fc14f63c4b4c4e9fcc33b386cd22daf8fe76ce724c5e37f07875e9a3dd9,"0000 -30  0.0  10.140200 -1  K1ABC FN42 33 
<DecodeFinished>",
-30.0,-1.5,61,2026112561,0,,,,,0.13288820600064355,0,official WSJT-X 3.0.2; binary SHA256 9e3c2fc14f63c4b4c4e9fcc33b386cd22daf8fe76ce724c5e37f07875e9a3dd9,<DecodeFinished>,
-30.0,-1.5,60,2026112560,0,,,,,0.13383665600122185,0,official WSJT-X 3.0.2; binary SHA256 9e3c2fc14f63c4b4c4e9fcc33b386cd22daf8fe76ce724c5e37f07875e9a3dd9,<DecodeFinished>,
-30.0,-1.5,63,2026112563,0,,,,,0.14024144600080035,0,official WSJT-X 3.0.2; binary SHA256 9e3c2fc14f63c4b4c4e9fcc33b386cd22daf8fe76ce724c5e37f07875e9a3dd9,<DecodeFinished>,
-30.0,-1.5,52,2026112552,0,,,,,0.5124874499997532,0,official WSJT-X 3.0.2; binary SHA256 9e3c2fc14f63c4b4c4e9fcc33b386cd22daf8fe76ce724c5e37f07875e9a3dd9,<DecodeFinished>,
-30.0,-1.5,54,2026112554,0,,,,,0.5109540829998878,0,official WSJT-X 3.0.2; binary SHA256 9e3c2fc14f63c4b4c4e9fcc33b386cd22daf8fe76ce724c5e37f07875e9a3dd9,<DecodeFinished>,
-30.0,-1.5,66,2026112566,1,K1ABC FN42 33,-30,-1,10.140200,0.05848131800121337,0,official WSJT-X 3.0.2; binary SHA256 9e3c2fc14f63c4b4c4e9fcc33b386cd22daf8fe76ce724c5e37f07875e9a3dd9,"0000 -30 -0.0  10.140200 -1  K1ABC FN42 33 
<DecodeFinished>",
-30.0,-1.5,64,2026112564,0,,,,,0.14667615500002285,0,official WSJT-X 3.0.2; binary SHA256 9e3c2fc14f63c4b4c4e9fcc33b386cd22daf8fe76ce724c5e37f07875e9a3dd9,<DecodeFinished>,
-30.0,-1.5,68,2026112568,0,,,,,0.04313573000035831,0,official WSJT-X 3.0.2; binary SHA256 9e3c2fc14f63c4b4c4e9fcc33b386cd22daf8fe76ce724c5e37f07875e9a3dd9,<DecodeFinished>,
-30.0,-1.5,69,2026112569,0,,,,,0.13552633700055594,0,official WSJT-X 3.0.2; binary SHA256 9e3c2fc14f63c4b4c4e9fcc33b386cd22daf8fe76ce724c5e37f07875e9a3dd9,<DecodeFinished>,
-30.0,-1.5,62,2026112562,0,,,,,0.5119972979991871,0,official WSJT-X 3.0.2; binary SHA256 9e3c2fc14f63c4b4c4e9fcc33b386cd22daf8fe76ce724c5e37f07875e9a3dd9,<DecodeFinished>,
-30.0,-1.5,71,2026112571,1,K1ABC FN42 33,-30,-1,10.140200,0.06218174200148496,0,official WSJT-X 3.0.2; binary SHA256 9e3c2fc14f63c4b4c4e9fcc33b386cd22daf8fe76ce724c5e37f07875e9a3dd9,"0000 -30  0.0  10.140200 -1  K1ABC FN42 33 
<DecodeFinished>",
-30.0,-1.5,70,2026112570,0,,,,,0.14636946300015552,0,official WSJT-X 3.0.2; binary SHA256 9e3c2fc14f63c4b4c4e9fcc33b386cd22daf8fe76ce724c5e37f07875e9a3dd9,<DecodeFinished>,
-30.0,-1.5,73,2026112573,0,,,,,0.04270920899944031,0,official WSJT-X 3.0.2; binary SHA256 9e3c2fc14f63c4b4c4e9fcc33b386cd22daf8fe76ce724c5e37f07875e9a3dd9,<DecodeFinished>,
-30.0,-1.5,65,2026112565,0,,,,,0.5188954529985494,0,official WSJT-X 3.0.2; binary SHA256 9e3c2fc14f63c4b4c4e9fcc33b386cd22daf8fe76ce724c5e37f07875e9a3dd9,<DecodeFinished>,
-30.0,-1.5,72,2026112572,0,,,,,0.15374757000063255,0,official WSJT-X 3.0.2; binary SHA256 9e3c2fc14f63c4b4c4e9fcc33b386cd22daf8fe76ce724c5e37f07875e9a3dd9,<DecodeFinished>,
-30.0,-1.5,67,2026112567,0,,,,,0.5157380540003942,0,official WSJT-X 3.0.2; binary SHA256 9e3c2fc14f63c4b4c4e9fcc33b386cd22daf8fe76ce724c5e37f07875e9a3dd9,<DecodeFinished>,
-30.0,-1.5,74,2026112574,0,,,,,0.5097795399997267,0,official WSJT-X 3.0.2; binary SHA256 9e3c2fc14f63c4b4c4e9fcc33b386cd22daf8fe76ce724c5e37f07875e9a3dd9,<DecodeFinished>,
-30.0,-1.5,75,2026112575,0,,,,,0.5000325820001308,0,official WSJT-X 3.0.2; binary SHA256 9e3c2fc14f63c4b4c4e9fcc33b386cd22daf8fe76ce724c5e37f07875e9a3dd9,<DecodeFinished>,
-30.0,-1.5,76,2026112576,0,,,,,0.5191623620012251,0,official WSJT-X 3.0.2; binary SHA256 9e3c2fc14f63c4b4c4e9fcc33b386cd22daf8fe76ce724c5e37f07875e9a3dd9,<DecodeFinished>,
-30.0,-1.5,77,2026112577,0,,,,,0.5068474159998004,0,official WSJT-X 3.0.2; binary SHA256 9e3c2fc14f63c4b4c4e9fcc33b386cd22daf8fe76ce724c5e37f07875e9a3dd9,<DecodeFinished>,
-30.0,-1.5,79,2026112579,0,,,,,0.50928489800026,0,official WSJT-X 3.0.2; binary SHA256 9e3c2fc14f63c4b4c4e9fcc33b386cd22daf8fe76ce724c5e37f07875e9a3dd9,<DecodeFinished>,
-30.0,-1.5,78,2026112578,0,,,,,0.522307726998406,0,official WSJT-X 3.0.2; binary SHA256 9e3c2fc14f63c4b4c4e9fcc33b386cd22daf8fe76ce724c5e37f07875e9a3dd9,<DecodeFinished>,
-30.0,-1.5,83,2026112583,1,K1ABC FN42 33,-30,-1,10.140200,0.06805545800125401,0,official WSJT-X 3.0.2; binary SHA256 9e3c2fc14f63c4b4c4e9fcc33b386cd22daf8fe76ce724c5e37f07875e9a3dd9,"0000 -30 -0.1  10.140200 -1  K1ABC FN42 33 
<DecodeFinished>",
-30.0,-1.5,82,2026112582,1,K1ABC FN42 33,-30,-1,10.140200,0.07929268800035061,0,official WSJT-X 3.0.2; binary SHA256 9e3c2fc14f63c4b4c4e9fcc33b386cd22daf8fe76ce724c5e37f07875e9a3dd9,"0000 -30  0.0  10.140200 -1  K1ABC FN42 33 
<DecodeFinished>",
-30.0,-1.5,81,2026112581,0,,,,,0.49651368200102297,0,official WSJT-X 3.0.2; binary SHA256 9e3c2fc14f63c4b4c4e9fcc33b386cd22daf8fe76ce724c5e37f07875e9a3dd9,<DecodeFinished>,
-30.0,-1.5,80,2026112580,0,,,,,0.5311432960006641,0,official WSJT-X 3.0.2; binary SHA256 9e3c2fc14f63c4b4c4e9fcc33b386cd22daf8fe76ce724c5e37f07875e9a3dd9,<DecodeFinished>,
-30.0,-1.5,84,2026112584,1,K1ABC FN42 33,-30,-1,10.140200,0.09382849800022086,0,official WSJT-X 3.0.2; binary SHA256 9e3c2fc14f63c4b4c4e9fcc33b386cd22daf8fe76ce724c5e37f07875e9a3dd9,"0000 -30 -0.1  10.140200 -1  K1ABC FN42 33 
<DecodeFinished>",
-30.0,-1.5,85,2026112585,0,,,,,0.5239576759995543,0,official WSJT-X 3.0.2; binary SHA256 9e3c2fc14f63c4b4c4e9fcc33b386cd22daf8fe76ce724c5e37f07875e9a3dd9,<DecodeFinished>,
-30.0,-1.5,87,2026112587,0,,,,,0.5212316349989123,0,official WSJT-X 3.0.2; binary SHA256 9e3c2fc14f63c4b4c4e9fcc33b386cd22daf8fe76ce724c5e37f07875e9a3dd9,<DecodeFinished>,
-30.0,-1.5,86,2026112586,0,,,,,0.528988780999498,0,official WSJT-X 3.0.2; binary SHA256 9e3c2fc14f63c4b4c4e9fcc33b386cd22daf8fe76ce724c5e37f07875e9a3dd9,<DecodeFinished>,
-30.0,-1.5,88,2026112588,0,,,,,0.5180305590001808,0,official WSJT-X 3.0.2; binary SHA256 9e3c2fc14f63c4b4c4e9fcc33b386cd22daf8fe76ce724c5e37f07875e9a3dd9,<DecodeFinished>,
-30.0,-1.5,91,2026112591,0,,,,,0.14489097200021206,0,official WSJT-X 3.0.2; binary SHA256 9e3c2fc14f63c4b4c4e9fcc33b386cd22daf8fe76ce724c5e37f07875e9a3dd9,<DecodeFinished>,
-30.0,-1.5,92,2026112592,0,,,,,0.14058995900086302,0,official WSJT-X 3.0.2; binary SHA256 9e3c2fc14f63c4b4c4e9fcc33b386cd22daf8fe76ce724c5e37f07875e9a3dd9,<DecodeFinished>,
-30.0,-1.5,94,2026112594,0,,,,,0.04714086200146994,0,official WSJT-X 3.0.2; binary SHA256 9e3c2fc14f63c4b4c4e9fcc33b386cd22daf8fe76ce724c5e37f07875e9a3dd9,<DecodeFinished>,
-30.0,-1.5,93,2026112593,0,,,,,0.14421404499989876,0,official WSJT-X 3.0.2; binary SHA256 9e3c2fc14f63c4b4c4e9fcc33b386cd22daf8fe76ce724c5e37f07875e9a3dd9,<DecodeFinished>,
-30.0,-1.5,95,2026112595,1,K1ABC FN42 33,-30,-1,10.140200,0.0639903659994161,0,official WSJT-X 3.0.2; binary SHA256 9e3c2fc14f63c4b4c4e9fcc33b386cd22daf8fe76ce724c5e37f07875e9a3dd9,"0000 -30  0.1  10.140200 -1  K1ABC FN42 33 
<DecodeFinished>",
-30.0,-1.5,97,2026112597,0,,,,,0.147001500999977,0,official WSJT-X 3.0.2; binary SHA256 9e3c2fc14f63c4b4c4e9fcc33b386cd22daf8fe76ce724c5e37f07875e9a3dd9,<DecodeFinished>,
-30.0,-1.5,89,2026112589,0,,,,,0.5169471589997556,0,official WSJT-X 3.0.2; binary SHA256 9e3c2fc14f63c4b4c4e9fcc33b386cd22daf8fe76ce724c5e37f07875e9a3dd9,<DecodeFinished>,
-30.0,-1.5,90,2026112590,0,,,,,0.5131696769985865,0,official WSJT-X 3.0.2; binary SHA256 9e3c2fc14f63c4b4c4e9fcc33b386cd22daf8fe76ce724c5e37f07875e9a3dd9,<DecodeFinished>,
-30.0,-1.5,99,2026112599,0,,,,,0.13450147799994738,0,official WSJT-X 3.0.2; binary SHA256 9e3c2fc14f63c4b4c4e9fcc33b386cd22daf8fe76ce724c5e37f07875e9a3dd9,<DecodeFinished>,
-30.0,2.0,0,2026112500,0,,,,,0.13519774999986112,0,official WSJT-X 3.0.2; binary SHA256 9e3c2fc14f63c4b4c4e9fcc33b386cd22daf8fe76ce724c5e37f07875e9a3dd9,<DecodeFinished>,
-30.0,2.0,2,2026112502,1,K1ABC FN42 33,-30,2,10.140200,0.04785237700161815,0,official WSJT-X 3.0.2; binary SHA256 9e3c2fc14f63c4b4c4e9fcc33b386cd22daf8fe76ce724c5e37f07875e9a3dd9,"0000 -30  0.0  10.140200  2  K1ABC FN42 33 
<DecodeFinished>",
-30.0,2.0,1,2026112501,1,K1ABC FN42 33,-30,2,10.140200,0.0730652550009836,0,official WSJT-X 3.0.2; binary SHA256 9e3c2fc14f63c4b4c4e9fcc33b386cd22daf8fe76ce724c5e37f07875e9a3dd9,"0000 -30 -0.1  10.140200  2  K1ABC FN42 33 
<DecodeFinished>",
-30.0,-1.5,96,2026112596,0,,,,,0.5121870820003096,0,official WSJT-X 3.0.2; binary SHA256 9e3c2fc14f63c4b4c4e9fcc33b386cd22daf8fe76ce724c5e37f07875e9a3dd9,<DecodeFinished>,
-30.0,2.0,3,2026112503,0,,,,,0.14132631299980858,0,official WSJT-X 3.0.2; binary SHA256 9e3c2fc14f63c4b4c4e9fcc33b386cd22daf8fe76ce724c5e37f07875e9a3dd9,<DecodeFinished>,
-30.0,2.0,4,2026112504,0,,,,,0.14196014200024365,0,official WSJT-X 3.0.2; binary SHA256 9e3c2fc14f63c4b4c4e9fcc33b386cd22daf8fe76ce724c5e37f07875e9a3dd9,<DecodeFinished>,
-30.0,2.0,6,2026112506,1,K1ABC FN42 33,-31,1,10.140200,0.05694436399971892,0,official WSJT-X 3.0.2; binary SHA256 9e3c2fc14f63c4b4c4e9fcc33b386cd22daf8fe76ce724c5e37f07875e9a3dd9,"0000 -31  0.0  10.140200  1  K1ABC FN42 33 
<DecodeFinished>",
-30.0,2.0,7,2026112507,1,K1ABC FN42 33,-29,2,10.140200,0.05237857399879431,0,official WSJT-X 3.0.2; binary SHA256 9e3c2fc14f63c4b4c4e9fcc33b386cd22daf8fe76ce724c5e37f07875e9a3dd9,"0000 -29  0.1  10.140200  2  K1ABC FN42 33 
<DecodeFinished>",
-30.0,2.0,5,2026112505,0,,,,,0.14138925499901234,0,official WSJT-X 3.0.2; binary SHA256 9e3c2fc14f63c4b4c4e9fcc33b386cd22daf8fe76ce724c5e37f07875e9a3dd9,<DecodeFinished>,
-30.0,-1.5,98,2026112598,0,,,,,0.5011749139994208,0,official WSJT-X 3.0.2; binary SHA256 9e3c2fc14f63c4b4c4e9fcc33b386cd22daf8fe76ce724c5e37f07875e9a3dd9,<DecodeFinished>,
-30.0,2.0,10,2026112510,1,K1ABC FN42 33,-30,2,10.140200,0.07067470899892214,0,official WSJT-X 3.0.2; binary SHA256 9e3c2fc14f63c4b4c4e9fcc33b386cd22daf8fe76ce724c5e37f07875e9a3dd9,"0000 -30  0.1  10.140200  2  K1ABC FN42 33 
<DecodeFinished>",
-30.0,2.0,8,2026112508,0,,,,,0.14157368899941503,0,official WSJT-X 3.0.2; binary SHA256 9e3c2fc14f63c4b4c4e9fcc33b386cd22daf8fe76ce724c5e37f07875e9a3dd9,<DecodeFinished>,
-30.0,2.0,9,2026112509,0,,,,,0.1347048570005427,0,official WSJT-X 3.0.2; binary SHA256 9e3c2fc14f63c4b4c4e9fcc33b386cd22daf8fe76ce724c5e37f07875e9a3dd9,<DecodeFinished>,
-30.0,2.0,12,2026112512,1,K1ABC FN42 33,-30,2,10.140200,0.05586827200022526,0,official WSJT-X 3.0.2; binary SHA256 9e3c2fc14f63c4b4c4e9fcc33b386cd22daf8fe76ce724c5e37f07875e9a3dd9,"0000 -30  0.1  10.140200  2  K1ABC FN42 33 
<DecodeFinished>",
-30.0,2.0,11,2026112511,0,,,,,0.1369288999994751,0,official WSJT-X 3.0.2; binary SHA256 9e3c2fc14f63c4b4c4e9fcc33b386cd22daf8fe76ce724c5e37f07875e9a3dd9,<DecodeFinished>,
-30.0,2.0,13,2026112513,0,,,,,0.13765245099966705,0,official WSJT-X 3.0.2; binary SHA256 9e3c2fc14f63c4b4c4e9fcc33b386cd22daf8fe76ce724c5e37f07875e9a3dd9,<DecodeFinished>,
-30.0,2.0,14,2026112514,0,,,,,0.1402640310006973,0,official WSJT-X 3.0.2; binary SHA256 9e3c2fc14f63c4b4c4e9fcc33b386cd22daf8fe76ce724c5e37f07875e9a3dd9,<DecodeFinished>,
-30.0,2.0,15,2026112515,0,,,,,0.13647966200005612,0,official WSJT-X 3.0.2; binary SHA256 9e3c2fc14f63c4b4c4e9fcc33b386cd22daf8fe76ce724c5e37f07875e9a3dd9,<DecodeFinished>,
-30.0,2.0,16,2026112516,0,,,,,0.13617850499940687,0,official WSJT-X 3.0.2; binary SHA256 9e3c2fc14f63c4b4c4e9fcc33b386cd22daf8fe76ce724c5e37f07875e9a3dd9,<DecodeFinished>,
-30.0,2.0,17,2026112517,0,,,,,0.14142456599984143,0,official WSJT-X 3.0.2; binary SHA256 9e3c2fc14f63c4b4c4e9fcc33b386cd22daf8fe76ce724c5e37f07875e9a3dd9,<DecodeFinished>,
-30.0,2.0,18,2026112518,0,,,,,0.14203163700040022,0,official WSJT-X 3.0.2; binary SHA256 9e3c2fc14f63c4b4c4e9fcc33b386cd22daf8fe76ce724c5e37f07875e9a3dd9,<DecodeFinished>,
-30.0,2.0,19,2026112519,0,,,,,0.1374198859994067,0,official WSJT-X 3.0.2; binary SHA256 9e3c2fc14f63c4b4c4e9fcc33b386cd22daf8fe76ce724c5e37f07875e9a3dd9,<DecodeFinished>,
-30.0,2.0,20,2026112520,0,,,,,0.14043426900025224,0,official WSJT-X 3.0.2; binary SHA256 9e3c2fc14f63c4b4c4e9fcc33b386cd22daf8fe76ce724c5e37f07875e9a3dd9,<DecodeFinished>,
-30.0,2.0,24,2026112524,1,K1ABC FN42 33,-30,1,10.140200,0.07036751899977389,0,official WSJT-X 3.0.2; binary SHA256 9e3c2fc14f63c4b4c4e9fcc33b386cd22daf8fe76ce724c5e37f07875e9a3dd9,"0000 -30  0.1  10.140200  1  K1ABC FN42 33 
<DecodeFinished>",
-30.0,2.0,22,2026112522,0,,,,,0.14256643099906796,0,official WSJT-X 3.0.2; binary SHA256 9e3c2fc14f63c4b4c4e9fcc33b386cd22daf8fe76ce724c5e37f07875e9a3dd9,<DecodeFinished>,
-30.0,2.0,21,2026112521,0,,,,,0.15029243499884615,0,official WSJT-X 3.0.2; binary SHA256 9e3c2fc14f63c4b4c4e9fcc33b386cd22daf8fe76ce724c5e37f07875e9a3dd9,<DecodeFinished>,
-30.0,2.0,23,2026112523,0,,,,,0.14878854600101477,0,official WSJT-X 3.0.2; binary SHA256 9e3c2fc14f63c4b4c4e9fcc33b386cd22daf8fe76ce724c5e37f07875e9a3dd9,<DecodeFinished>,
-30.0,2.0,25,2026112525,1,K1ABC FN42 33,-29,2,10.140200,0.05082029400000465,0,official WSJT-X 3.0.2; binary SHA256 9e3c2fc14f63c4b4c4e9fcc33b386cd22daf8fe76ce724c5e37f07875e9a3dd9,"0000 -29 -0.0  10.140200  2  K1ABC FN42 33 
<DecodeFinished>",
-30.0,2.0,27,2026112527,0,,,,,0.13940952400116657,0,official WSJT-X 3.0.2; binary SHA256 9e3c2fc14f63c4b4c4e9fcc33b386cd22daf8fe76ce724c5e37f07875e9a3dd9,<DecodeFinished>,
-30.0,2.0,26,2026112526,0,,,,,0.14212930600115214,0,official WSJT-X 3.0.2; binary SHA256 9e3c2fc14f63c4b4c4e9fcc33b386cd22daf8fe76ce724c5e37f07875e9a3dd9,<DecodeFinished>,
-30.0,2.0,28,2026112528,0,,,,,0.14904978699996718,0,official WSJT-X 3.0.2; binary SHA256 9e3c2fc14f63c4b4c4e9fcc33b386cd22daf8fe76ce724c5e37f07875e9a3dd9,<DecodeFinished>,
-30.0,2.0,29,2026112529,0,,,,,0.14604495700041298,0,official WSJT-X 3.0.2; binary SHA256 9e3c2fc14f63c4b4c4e9fcc33b386cd22daf8fe76ce724c5e37f07875e9a3dd9,<DecodeFinished>,
-30.0,2.0,33,2026112533,1,K1ABC FN42 33,-30,1,10.140200,0.07303487600074732,0,official WSJT-X 3.0.2; binary SHA256 9e3c2fc14f63c4b4c4e9fcc33b386cd22daf8fe76ce724c5e37f07875e9a3dd9,"0000 -30 -0.1  10.140200  1  K1ABC FN42 33 
<DecodeFinished>",
-30.0,2.0,31,2026112531,0,,,,,0.14078332100143598,0,official WSJT-X 3.0.2; binary SHA256 9e3c2fc14f63c4b4c4e9fcc33b386cd22daf8fe76ce724c5e37f07875e9a3dd9,<DecodeFinished>,
-30.0,2.0,30,2026112530,0,,,,,0.1440420790004282,0,official WSJT-X 3.0.2; binary SHA256 9e3c2fc14f63c4b4c4e9fcc33b386cd22daf8fe76ce724c5e37f07875e9a3dd9,<DecodeFinished>,
-30.0,2.0,34,2026112534,0,,,,,0.05316560899882461,0,official WSJT-X 3.0.2; binary SHA256 9e3c2fc14f63c4b4c4e9fcc33b386cd22daf8fe76ce724c5e37f07875e9a3dd9,<DecodeFinished>,
-30.0,2.0,36,2026112536,1,K1ABC FN42 33,-30,2,10.140200,0.04558455999904254,0,official WSJT-X 3.0.2; binary SHA256 9e3c2fc14f63c4b4c4e9fcc33b386cd22daf8fe76ce724c5e37f07875e9a3dd9,"0000 -30  0.1  10.140200  2  K1ABC FN42 33 
<DecodeFinished>",
-30.0,2.0,35,2026112535,1,K1ABC FN42 33,-30,1,10.140200,0.055801839000196196,0,official WSJT-X 3.0.2; binary SHA256 9e3c2fc14f63c4b4c4e9fcc33b386cd22daf8fe76ce724c5e37f07875e9a3dd9,"0000 -30  0.1  10.140200  1  K1ABC FN42 33 
<DecodeFinished>",
-30.0,2.0,37,2026112537,0,,,,,0.13392196399945533,0,official WSJT-X 3.0.2; binary SHA256 9e3c2fc14f63c4b4c4e9fcc33b386cd22daf8fe76ce724c5e37f07875e9a3dd9,<DecodeFinished>,
-30.0,2.0,38,2026112538,0,,,,,0.13668241099912848,0,official WSJT-X 3.0.2; binary SHA256 9e3c2fc14f63c4b4c4e9fcc33b386cd22daf8fe76ce724c5e37f07875e9a3dd9,<DecodeFinished>,
-30.0,2.0,40,2026112540,0,,,,,0.13511960100004217,0,official WSJT-X 3.0.2; binary SHA256 9e3c2fc14f63c4b4c4e9fcc33b386cd22daf8fe76ce724c5e37f07875e9a3dd9,<DecodeFinished>,
-30.0,2.0,41,2026112541,0,,,,,0.14145591400119883,0,official WSJT-X 3.0.2; binary SHA256 9e3c2fc14f63c4b4c4e9fcc33b386cd22daf8fe76ce724c5e37f07875e9a3dd9,<DecodeFinished>,
-30.0,2.0,43,2026112543,1,K1ABC FN42 33,-30,2,10.140200,0.047944665000613895,0,official WSJT-X 3.0.2; binary SHA256 9e3c2fc14f63c4b4c4e9fcc33b386cd22daf8fe76ce724c5e37f07875e9a3dd9,"0000 -30 -0.1  10.140200  2  K1ABC FN42 33 
<DecodeFinished>",
-30.0,2.0,32,2026112532,0,,,,,0.5136866159991769,0,official WSJT-X 3.0.2; binary SHA256 9e3c2fc14f63c4b4c4e9fcc33b386cd22daf8fe76ce724c5e37f07875e9a3dd9,<DecodeFinished>,
-30.0,2.0,45,2026112545,0,,,,,0.14614971300034085,0,official WSJT-X 3.0.2; binary SHA256 9e3c2fc14f63c4b4c4e9fcc33b386cd22daf8fe76ce724c5e37f07875e9a3dd9,<DecodeFinished>,
-30.0,2.0,39,2026112539,0,,,,,0.5115624259997276,0,official WSJT-X 3.0.2; binary SHA256 9e3c2fc14f63c4b4c4e9fcc33b386cd22daf8fe76ce724c5e37f07875e9a3dd9,<DecodeFinished>,
-30.0,2.0,47,2026112547,0,,,,,0.050922734999403474,0,official WSJT-X 3.0.2; binary SHA256 9e3c2fc14f63c4b4c4e9fcc33b386cd22daf8fe76ce724c5e37f07875e9a3dd9,<DecodeFinished>,
-30.0,2.0,48,2026112548,1,K1ABC FN42 33,-30,2,10.140200,0.048777732999951695,0,official WSJT-X 3.0.2; binary SHA256 9e3c2fc14f63c4b4c4e9fcc33b386cd22daf8fe76ce724c5e37f07875e9a3dd9,"0000 -30  0.1  10.140200  2  K1ABC FN42 33 
<DecodeFinished>",
-30.0,2.0,46,2026112546,0,,,,,0.14757375000044703,0,official WSJT-X 3.0.2; binary SHA256 9e3c2fc14f63c4b4c4e9fcc33b386cd22daf8fe76ce724c5e37f07875e9a3dd9,<DecodeFinished>,
-30.0,2.0,42,2026112542,0,,,,,0.4150003070008097,0,official WSJT-X 3.0.2; binary SHA256 9e3c2fc14f63c4b4c4e9fcc33b386cd22daf8fe76ce724c5e37f07875e9a3dd9,<DecodeFinished>,
-30.0,2.0,51,2026112551,1,K1ABC FN42 33,-30,2,10.140200,0.05552421799984586,0,official WSJT-X 3.0.2; binary SHA256 9e3c2fc14f63c4b4c4e9fcc33b386cd22daf8fe76ce724c5e37f07875e9a3dd9,"0000 -30  0.0  10.140200  2  K1ABC FN42 33 
<DecodeFinished>",
-30.0,2.0,44,2026112544,0,,,,,0.43462622900005954,0,official WSJT-X 3.0.2; binary SHA256 9e3c2fc14f63c4b4c4e9fcc33b386cd22daf8fe76ce724c5e37f07875e9a3dd9,<DecodeFinished>,
-30.0,2.0,49,2026112549,0,,,,,0.1510151250004128,0,official WSJT-X 3.0.2; binary SHA256 9e3c2fc14f63c4b4c4e9fcc33b386cd22daf8fe76ce724c5e37f07875e9a3dd9,<DecodeFinished>,
-30.0,2.0,53,2026112553,0,,,,,0.04549345700070262,0,official WSJT-X 3.0.2; binary SHA256 9e3c2fc14f63c4b4c4e9fcc33b386cd22daf8fe76ce724c5e37f07875e9a3dd9,<DecodeFinished>,
-30.0,2.0,50,2026112550,0,,,,,0.15863470200019947,0,official WSJT-X 3.0.2; binary SHA256 9e3c2fc14f63c4b4c4e9fcc33b386cd22daf8fe76ce724c5e37f07875e9a3dd9,<DecodeFinished>,
-30.0,2.0,54,2026112554,1,K1ABC FN42 33,-30,2,10.140200,0.09480598100162752,0,official WSJT-X 3.0.2; binary SHA256 9e3c2fc14f63c4b4c4e9fcc33b386cd22daf8fe76ce724c5e37f07875e9a3dd9,"0000 -30 -0.1  10.140200  2  K1ABC FN42 33 
<DecodeFinished>",
-30.0,2.0,52,2026112552,0,,,,,0.14926611700138892,0,official WSJT-X 3.0.2; binary SHA256 9e3c2fc14f63c4b4c4e9fcc33b386cd22daf8fe76ce724c5e37f07875e9a3dd9,<DecodeFinished>,
-30.0,2.0,58,2026112558,1,K1ABC FN42 33,-30,1,10.140200,0.07984290700005658,0,official WSJT-X 3.0.2; binary SHA256 9e3c2fc14f63c4b4c4e9fcc33b386cd22daf8fe76ce724c5e37f07875e9a3dd9,"0000 -30  0.1  10.140200  1  K1ABC FN42 33 
<DecodeFinished>",
-30.0,2.0,55,2026112555,0,,,,,0.14724690900038695,0,official WSJT-X 3.0.2; binary SHA256 9e3c2fc14f63c4b4c4e9fcc33b386cd22daf8fe76ce724c5e37f07875e9a3dd9,<DecodeFinished>,
-30.0,2.0,56,2026112556,0,,,,,0.1633504429992172,0,official WSJT-X 3.0.2; binary SHA256 9e3c2fc14f63c4b4c4e9fcc33b386cd22daf8fe76ce724c5e37f07875e9a3dd9,<DecodeFinished>,
-30.0,2.0,60,2026112560,0,,,,,0.0428897940000752,0,official WSJT-X 3.0.2; binary SHA256 9e3c2fc14f63c4b4c4e9fcc33b386cd22daf8fe76ce724c5e37f07875e9a3dd9,<DecodeFinished>,
-30.0,2.0,59,2026112559,1,K1ABC FN42 33,-30,2,10.140200,0.05401426200114656,0,official WSJT-X 3.0.2; binary SHA256 9e3c2fc14f63c4b4c4e9fcc33b386cd22daf8fe76ce724c5e37f07875e9a3dd9,"0000 -30 -0.0  10.140200  2  K1ABC FN42 33 
<DecodeFinished>",
-30.0,2.0,57,2026112557,0,,,,,0.1500851769997098,0,official WSJT-X 3.0.2; binary SHA256 9e3c2fc14f63c4b4c4e9fcc33b386cd22daf8fe76ce724c5e37f07875e9a3dd9,<DecodeFinished>,
-30.0,2.0,63,2026112563,0,,,,,0.047105794999879436,0,official WSJT-X 3.0.2; binary SHA256 9e3c2fc14f63c4b4c4e9fcc33b386cd22daf8fe76ce724c5e37f07875e9a3dd9,<DecodeFinished>,
-30.0,2.0,62,2026112562,1,K1ABC FN42 33,-31,1,10.140200,0.057564651000575395,0,official WSJT-X 3.0.2; binary SHA256 9e3c2fc14f63c4b4c4e9fcc33b386cd22daf8fe76ce724c5e37f07875e9a3dd9,"0000 -31 -0.1  10.140200  1  K1ABC FN42 33 
<DecodeFinished>",
-30.0,2.0,64,2026112564,0,,,,,0.050542588000098476,0,official WSJT-X 3.0.2; binary SHA256 9e3c2fc14f63c4b4c4e9fcc33b386cd22daf8fe76ce724c5e37f07875e9a3dd9,<DecodeFinished>,
-30.0,2.0,66,2026112566,1,K1ABC FN42 33,-30,2,10.140200,0.04951822499970149,0,official WSJT-X 3.0.2; binary SHA256 9e3c2fc14f63c4b4c4e9fcc33b386cd22daf8fe76ce724c5e37f07875e9a3dd9,"0000 -30  0.0  10.140200  2  K1ABC FN42 33 
<DecodeFinished>",
-30.0,2.0,61,2026112561,0,,,,,0.1665878600015276,0,official WSJT-X 3.0.2; binary SHA256 9e3c2fc14f63c4b4c4e9fcc33b386cd22daf8fe76ce724c5e37f07875e9a3dd9,<DecodeFinished>,
-30.0,2.0,65,2026112565,0,,,,,0.14568585399865697,0,official WSJT-X 3.0.2; binary SHA256 9e3c2fc14f63c4b4c4e9fcc33b386cd22daf8fe76ce724c5e37f07875e9a3dd9,<DecodeFinished>,
-30.0,2.0,67,2026112567,0,,,,,0.13745620800000324,0,official WSJT-X 3.0.2; binary SHA256 9e3c2fc14f63c4b4c4e9fcc33b386cd22daf8fe76ce724c5e37f07875e9a3dd9,<DecodeFinished>,
-30.0,2.0,69,2026112569,1,K1ABC FN42 33,-30,2,10.140200,0.08132887200008554,0,official WSJT-X 3.0.2; binary SHA256 9e3c2fc14f63c4b4c4e9fcc33b386cd22daf8fe76ce724c5e37f07875e9a3dd9,"0000 -30  0.1  10.140200  2  K1ABC FN42 33 
<DecodeFinished>",
-30.0,2.0,68,2026112568,0,,,,,0.13935517100071593,0,official WSJT-X 3.0.2; binary SHA256 9e3c2fc14f63c4b4c4e9fcc33b386cd22daf8fe76ce724c5e37f07875e9a3dd9,<DecodeFinished>,
-30.0,2.0,72,2026112572,0,,,,,0.046199133999834885,0,official WSJT-X 3.0.2; binary SHA256 9e3c2fc14f63c4b4c4e9fcc33b386cd22daf8fe76ce724c5e37f07875e9a3dd9,<DecodeFinished>,
-30.0,2.0,70,2026112570,0,,,,,0.14218411399997422,0,official WSJT-X 3.0.2; binary SHA256 9e3c2fc14f63c4b4c4e9fcc33b386cd22daf8fe76ce724c5e37f07875e9a3dd9,<DecodeFinished>,
-30.0,2.0,71,2026112571,0,,,,,0.1413145570004417,0,official WSJT-X 3.0.2; binary SHA256 9e3c2fc14f63c4b4c4e9fcc33b386cd22daf8fe76ce724c5e37f07875e9a3dd9,<DecodeFinished>,
-30.0,2.0,73,2026112573,0,,,,,0.1412351809995016,0,official WSJT-X 3.0.2; binary SHA256 9e3c2fc14f63c4b4c4e9fcc33b386cd22daf8fe76ce724c5e37f07875e9a3dd9,<DecodeFinished>,
-30.0,2.0,74,2026112574,0,,,,,0.14773400199919706,0,official WSJT-X 3.0.2; binary SHA256 9e3c2fc14f63c4b4c4e9fcc33b386cd22daf8fe76ce724c5e37f07875e9a3dd9,<DecodeFinished>,
-30.0,2.0,76,2026112576,0,,,,,0.14357063100032974,0,official WSJT-X 3.0.2; binary SHA256 9e3c2fc14f63c4b4c4e9fcc33b386cd22daf8fe76ce724c5e37f07875e9a3dd9,<DecodeFinished>,
-30.0,2.0,77,2026112577,0,,,,,0.1540928119993623,0,official WSJT-X 3.0.2; binary SHA256 9e3c2fc14f63c4b4c4e9fcc33b386cd22daf8fe76ce724c5e37f07875e9a3dd9,<DecodeFinished>,
-30.0,2.0,78,2026112578,0,,,,,0.14544734399896697,0,official WSJT-X 3.0.2; binary SHA256 9e3c2fc14f63c4b4c4e9fcc33b386cd22daf8fe76ce724c5e37f07875e9a3dd9,<DecodeFinished>,
-30.0,2.0,80,2026112580,1,K1ABC FN42 33,-31,1,10.140200,0.055057173000022885,0,official WSJT-X 3.0.2; binary SHA256 9e3c2fc14f63c4b4c4e9fcc33b386cd22daf8fe76ce724c5e37f07875e9a3dd9,"0000 -31 -0.1  10.140200  1  K1ABC FN42 33 
<DecodeFinished>",
-30.0,2.0,79,2026112579,0,,,,,0.14246884400017734,0,official WSJT-X 3.0.2; binary SHA256 9e3c2fc14f63c4b4c4e9fcc33b386cd22daf8fe76ce724c5e37f07875e9a3dd9,<DecodeFinished>,
-30.0,2.0,83,2026112583,0,,,,,0.044227986998521374,0,official WSJT-X 3.0.2; binary SHA256 9e3c2fc14f63c4b4c4e9fcc33b386cd22daf8fe76ce724c5e37f07875e9a3dd9,<DecodeFinished>,
-30.0,2.0,81,2026112581,0,,,,,0.14455652000106056,0,official WSJT-X 3.0.2; binary SHA256 9e3c2fc14f63c4b4c4e9fcc33b386cd22daf8fe76ce724c5e37f07875e9a3dd9,<DecodeFinished>,
-30.0,2.0,82,2026112582,0,,,,,0.1398405260006257,0,official WSJT-X 3.0.2; binary SHA256 9e3c2fc14f63c4b4c4e9fcc33b386cd22daf8fe76ce724c5e37f07875e9a3dd9,<DecodeFinished>,
-30.0,2.0,85,2026112585,1,K1ABC FN42 33,-31,2,10.140200,0.07254405799903907,0,official WSJT-X 3.0.2; binary SHA256 9e3c2fc14f63c4b4c4e9fcc33b386cd22daf8fe76ce724c5e37f07875e9a3dd9,"0000 -31 -0.1  10.140200  2  K1ABC FN42 33 
<DecodeFinished>",
-30.0,2.0,84,2026112584,0,,,,,0.14765819899912458,0,official WSJT-X 3.0.2; binary SHA256 9e3c2fc14f63c4b4c4e9fcc33b386cd22daf8fe76ce724c5e37f07875e9a3dd9,<DecodeFinished>,
-30.0,2.0,75,2026112575,0,,,,,0.5322956319996592,0,official WSJT-X 3.0.2; binary SHA256 9e3c2fc14f63c4b4c4e9fcc33b386cd22daf8fe76ce724c5e37f07875e9a3dd9,<DecodeFinished>,
-30.0,2.0,86,2026112586,0,,,,,0.1577247580007679,0,official WSJT-X 3.0.2; binary SHA256 9e3c2fc14f63c4b4c4e9fcc33b386cd22daf8fe76ce724c5e37f07875e9a3dd9,<DecodeFinished>,
-30.0,2.0,87,2026112587,0,,,,,0.1392354740000883,0,official WSJT-X 3.0.2; binary SHA256 9e3c2fc14f63c4b4c4e9fcc33b386cd22daf8fe76ce724c5e37f07875e9a3dd9,<DecodeFinished>,
-30.0,2.0,88,2026112588,1,K1ABC FN42 33,-30,2,10.140200,0.11046800300027826,0,official WSJT-X 3.0.2; binary SHA256 9e3c2fc14f63c4b4c4e9fcc33b386cd22daf8fe76ce724c5e37f07875e9a3dd9,"0000 -30 -0.1  10.140200  2  K1ABC FN42 33 
<DecodeFinished>",
-30.0,2.0,92,2026112592,0,,,,,0.039249374998689746,0,official WSJT-X 3.0.2; binary SHA256 9e3c2fc14f63c4b4c4e9fcc33b386cd22daf8fe76ce724c5e37f07875e9a3dd9,<DecodeFinished>,
-30.0,2.0,90,2026112590,1,K1ABC FN42 33,-30,2,10.140200,0.0812967279998702,0,official WSJT-X 3.0.2; binary SHA256 9e3c2fc14f63c4b4c4e9fcc33b386cd22daf8fe76ce724c5e37f07875e9a3dd9,"0000 -30  0.0  10.140200  2  K1ABC FN42 33 
<DecodeFinished>",
-30.0,2.0,91,2026112591,1,K1ABC FN42 33,-30,2,10.140200,0.08249157499994908,0,official WSJT-X 3.0.2; binary SHA256 9e3c2fc14f63c4b4c4e9fcc33b386cd22daf8fe76ce724c5e37f07875e9a3dd9,"0000 -30  0.1  10.140200  2  K1ABC FN42 33 
<DecodeFinished>",
-30.0,2.0,89,2026112589,0,,,,,0.15129736899871205,0,official WSJT-X 3.0.2; binary SHA256 9e3c2fc14f63c4b4c4e9fcc33b386cd22daf8fe76ce724c5e37f07875e9a3dd9,<DecodeFinished>,
-30.0,2.0,93,2026112593,0,,,,,0.05053425600090122,0,official WSJT-X 3.0.2; binary SHA256 9e3c2fc14f63c4b4c4e9fcc33b386cd22daf8fe76ce724c5e37f07875e9a3dd9,<DecodeFinished>,
-30.0,2.0,95,2026112595,0,,,,,0.04394011399926967,0,official WSJT-X 3.0.2; binary SHA256 9e3c2fc14f63c4b4c4e9fcc33b386cd22daf8fe76ce724c5e37f07875e9a3dd9,<DecodeFinished>,
-30.0,2.0,94,2026112594,0,,,,,0.15114754800015362,0,official WSJT-X 3.0.2; binary SHA256 9e3c2fc14f63c4b4c4e9fcc33b386cd22daf8fe76ce724c5e37f07875e9a3dd9,<DecodeFinished>,
-30.0,2.0,96,2026112596,0,,,,,0.13917566999953124,0,official WSJT-X 3.0.2; binary SHA256 9e3c2fc14f63c4b4c4e9fcc33b386cd22daf8fe76ce724c5e37f07875e9a3dd9,<DecodeFinished>,
-30.0,2.0,99,2026112599,0,,,,,0.04232794000017748,0,official WSJT-X 3.0.2; binary SHA256 9e3c2fc14f63c4b4c4e9fcc33b386cd22daf8fe76ce724c5e37f07875e9a3dd9,<DecodeFinished>,
-30.0,2.0,97,2026112597,0,,,,,0.14562116399974911,0,official WSJT-X 3.0.2; binary SHA256 9e3c2fc14f63c4b4c4e9fcc33b386cd22daf8fe76ce724c5e37f07875e9a3dd9,<DecodeFinished>,
-30.0,2.0,98,2026112598,0,,,,,0.1412137490005989,0,official WSJT-X 3.0.2; binary SHA256 9e3c2fc14f63c4b4c4e9fcc33b386cd22daf8fe76ce724c5e37f07875e9a3dd9,<DecodeFinished>,
-30.0,-2.0,1,2026112501,0,,,,,0.05981843799963826,0,official WSJT-X 3.0.2; binary SHA256 9e3c2fc14f63c4b4c4e9fcc33b386cd22daf8fe76ce724c5e37f07875e9a3dd9,<DecodeFinished>,
-30.0,-2.0,3,2026112503,1,K1ABC FN42 33,-30,-2,10.140200,0.06635589500001515,0,official WSJT-X 3.0.2; binary SHA256 9e3c2fc14f63c4b4c4e9fcc33b386cd22daf8fe76ce724c5e37f07875e9a3dd9,"0000 -30  0.1  10.140200 -2  K1ABC FN42 33 
<DecodeFinished>",
-30.0,-2.0,4,2026112504,1,K1ABC FN42 33,-30,-2,10.140200,0.05735575600010634,0,official WSJT-X 3.0.2; binary SHA256 9e3c2fc14f63c4b4c4e9fcc33b386cd22daf8fe76ce724c5e37f07875e9a3dd9,"0000 -30  0.1  10.140200 -2  K1ABC FN42 33 
<DecodeFinished>",
-30.0,-2.0,0,2026112500,1,K1ABC FN42 33,-30,-2,10.140200,0.12436590799916303,0,official WSJT-X 3.0.2; binary SHA256 9e3c2fc14f63c4b4c4e9fcc33b386cd22daf8fe76ce724c5e37f07875e9a3dd9,"0000 -30 -0.1  10.140200 -2  K1ABC FN42 33 
<DecodeFinished>",
-30.0,-2.0,2,2026112502,1,K1ABC FN42 33,-31,-2,10.140200,0.12136336100047629,0,official WSJT-X 3.0.2; binary SHA256 9e3c2fc14f63c4b4c4e9fcc33b386cd22daf8fe76ce724c5e37f07875e9a3dd9,"0000 -31 -0.1  10.140200 -2  K1ABC FN42 33 
<DecodeFinished>",
-30.0,-2.0,7,2026112507,0,,,,,0.14206112399915583,0,official WSJT-X 3.0.2; binary SHA256 9e3c2fc14f63c4b4c4e9fcc33b386cd22daf8fe76ce724c5e37f07875e9a3dd9,<DecodeFinished>,
-30.0,-2.0,5,2026112505,0,,,,,0.17913610200048424,0,official WSJT-X 3.0.2; binary SHA256 9e3c2fc14f63c4b4c4e9fcc33b386cd22daf8fe76ce724c5e37f07875e9a3dd9,<DecodeFinished>,
-30.0,-2.0,8,2026112508,0,,,,,0.15198763000080362,0,official WSJT-X 3.0.2; binary SHA256 9e3c2fc14f63c4b4c4e9fcc33b386cd22daf8fe76ce724c5e37f07875e9a3dd9,<DecodeFinished>,
-30.0,-2.0,10,2026112510,0,,,,,0.04952069200044207,0,official WSJT-X 3.0.2; binary SHA256 9e3c2fc14f63c4b4c4e9fcc33b386cd22daf8fe76ce724c5e37f07875e9a3dd9,<DecodeFinished>,
-30.0,-2.0,12,2026112512,1,K1ABC FN42 33,-30,-2,10.140200,0.048504141999728745,0,official WSJT-X 3.0.2; binary SHA256 9e3c2fc14f63c4b4c4e9fcc33b386cd22daf8fe76ce724c5e37f07875e9a3dd9,"0000 -30 -0.0  10.140200 -2  K1ABC FN42 33 
<DecodeFinished>",
-30.0,-2.0,9,2026112509,0,,,,,0.14939149700148846,0,official WSJT-X 3.0.2; binary SHA256 9e3c2fc14f63c4b4c4e9fcc33b386cd22daf8fe76ce724c5e37f07875e9a3dd9,<DecodeFinished>,
-30.0,-2.0,11,2026112511,0,,,,,0.14852665200123738,0,official WSJT-X 3.0.2; binary SHA256 9e3c2fc14f63c4b4c4e9fcc33b386cd22daf8fe76ce724c5e37f07875e9a3dd9,<DecodeFinished>,
-30.0,-2.0,15,2026112515,0,,,,,0.04393769600028463,0,official WSJT-X 3.0.2; binary SHA256 9e3c2fc14f63c4b4c4e9fcc33b386cd22daf8fe76ce724c5e37f07875e9a3dd9,<DecodeFinished>,
-30.0,-2.0,16,2026112516,0,,,,,0.04124458499973116,0,official WSJT-X 3.0.2; binary SHA256 9e3c2fc14f63c4b4c4e9fcc33b386cd22daf8fe76ce724c5e37f07875e9a3dd9,<DecodeFinished>,
-30.0,-2.0,13,2026112513,0,,,,,0.1404957690010633,0,official WSJT-X 3.0.2; binary SHA256 9e3c2fc14f63c4b4c4e9fcc33b386cd22daf8fe76ce724c5e37f07875e9a3dd9,<DecodeFinished>,
-30.0,-2.0,14,2026112514,0,,,,,0.14144137999937811,0,official WSJT-X 3.0.2; binary SHA256 9e3c2fc14f63c4b4c4e9fcc33b386cd22daf8fe76ce724c5e37f07875e9a3dd9,<DecodeFinished>,
-30.0,-2.0,17,2026112517,1,K1ABC FN42 33,-30,-2,10.140200,0.11954765699920245,0,official WSJT-X 3.0.2; binary SHA256 9e3c2fc14f63c4b4c4e9fcc33b386cd22daf8fe76ce724c5e37f07875e9a3dd9,"0000 -30  0.1  10.140200 -2  K1ABC FN42 33 
<DecodeFinished>",
-30.0,-2.0,18,2026112518,0,,,,,0.1355411050008115,0,official WSJT-X 3.0.2; binary SHA256 9e3c2fc14f63c4b4c4e9fcc33b386cd22daf8fe76ce724c5e37f07875e9a3dd9,<DecodeFinished>,
-30.0,-2.0,6,2026112506,0,,,,,0.5383983430001535,0,official WSJT-X 3.0.2; binary SHA256 9e3c2fc14f63c4b4c4e9fcc33b386cd22daf8fe76ce724c5e37f07875e9a3dd9,<DecodeFinished>,
-30.0,-2.0,19,2026112519,0,,,,,0.1429617599987978,0,official WSJT-X 3.0.2; binary SHA256 9e3c2fc14f63c4b4c4e9fcc33b386cd22daf8fe76ce724c5e37f07875e9a3dd9,<DecodeFinished>,
-30.0,-2.0,20,2026112520,1,K1ABC FN42 33,-30,-2,10.140200,0.09499292799955583,0,official WSJT-X 3.0.2; binary SHA256 9e3c2fc14f63c4b4c4e9fcc33b386cd22daf8fe76ce724c5e37f07875e9a3dd9,"0000 -30 -0.1  10.140200 -2  K1ABC FN42 33 
<DecodeFinished>",
-30.0,-2.0,22,2026112522,1,K1ABC FN42 33,-29,-2,10.140200,0.07600591899972642,0,official WSJT-X 3.0.2; binary SHA256 9e3c2fc14f63c4b4c4e9fcc33b386cd22daf8fe76ce724c5e37f07875e9a3dd9,"0000 -29  0.1  10.140200 -2  K1ABC FN42 33 
<DecodeFinished>",
-30.0,-2.0,21,2026112521,0,,,,,0.14029413600110274,0,official WSJT-X 3.0.2; binary SHA256 9e3c2fc14f63c4b4c4e9fcc33b386cd22daf8fe76ce724c5e37f07875e9a3dd9,<DecodeFinished>,
-30.0,-2.0,23,2026112523,0,,,,,0.14079317200048536,0,official WSJT-X 3.0.2; binary SHA256 9e3c2fc14f63c4b4c4e9fcc33b386cd22daf8fe76ce724c5e37f07875e9a3dd9,<DecodeFinished>,
-30.0,-2.0,26,2026112526,1,K1ABC FN42 33,-30,-2,10.140200,0.06523392000053718,0,official WSJT-X 3.0.2; binary SHA256 9e3c2fc14f63c4b4c4e9fcc33b386cd22daf8fe76ce724c5e37f07875e9a3dd9,"0000 -30  0.1  10.140200 -2  K1ABC FN42 33 
<DecodeFinished>",
-30.0,-2.0,24,2026112524,1,K1ABC FN42 33,-31,-2,10.140200,0.1389054989995202,0,official WSJT-X 3.0.2; binary SHA256 9e3c2fc14f63c4b4c4e9fcc33b386cd22daf8fe76ce724c5e37f07875e9a3dd9,"0000 -31 -0.1  10.140200 -2  K1ABC FN42 33 
<DecodeFinished>",
-30.0,-2.0,25,2026112525,0,,,,,0.1678251140001521,0,official WSJT-X 3.0.2; binary SHA256 9e3c2fc14f63c4b4c4e9fcc33b386cd22daf8fe76ce724c5e37f07875e9a3dd9,<DecodeFinished>,
-30.0,-2.0,28,2026112528,1,K1ABC FN42 33,-30,-2,10.140200,0.0647701390007569,0,official WSJT-X 3.0.2; binary SHA256 9e3c2fc14f63c4b4c4e9fcc33b386cd22daf8fe76ce724c5e37f07875e9a3dd9,"0000 -30 -0.1  10.140200 -2  K1ABC FN42 33 
<DecodeFinished>",
-30.0,-2.0,29,2026112529,1,K1ABC FN42 33,-29,-1,10.140200,0.0706529290000617,0,official WSJT-X 3.0.2; binary SHA256 9e3c2fc14f63c4b4c4e9fcc33b386cd22daf8fe76ce724c5e37f07875e9a3dd9,"0000 -29 -0.0  10.140200 -1  K1ABC FN42 33 
<DecodeFinished>",
-30.0,-2.0,31,2026112531,0,,,,,0.04793485799928021,0,official WSJT-X 3.0.2; binary SHA256 9e3c2fc14f63c4b4c4e9fcc33b386cd22daf8fe76ce724c5e37f07875e9a3dd9,<DecodeFinished>,
-30.0,-2.0,27,2026112527,0,,,,,0.15196657800152025,0,official WSJT-X 3.0.2; binary SHA256 9e3c2fc14f63c4b4c4e9fcc33b386cd22daf8fe76ce724c5e37f07875e9a3dd9,<DecodeFinished>,
-30.0,-2.0,30,2026112530,0,,,,,0.1428976679999323,0,official WSJT-X 3.0.2; binary SHA256 9e3c2fc14f63c4b4c4e9fcc33b386cd22daf8fe76ce724c5e37f07875e9a3dd9,<DecodeFinished>,
-30.0,-2.0,34,2026112534,1,K1ABC FN42 33,-30,-2,10.140200,0.07257750499957183,0,official WSJT-X 3.0.2; binary SHA256 9e3c2fc14f63c4b4c4e9fcc33b386cd22daf8fe76ce724c5e37f07875e9a3dd9,"0000 -30 -0.1  10.140200 -2  K1ABC FN42 33 
<DecodeFinished>",
-30.0,-2.0,35,2026112535,1,K1ABC FN42 33,-30,-2,10.140200,0.04934937000143691,0,official WSJT-X 3.0.2; binary SHA256 9e3c2fc14f63c4b4c4e9fcc33b386cd22daf8fe76ce724c5e37f07875e9a3dd9,"0000 -30 -0.1  10.140200 -2  K1ABC FN42 33 
<DecodeFinished>",
-30.0,-2.0,36,2026112536,1,K1ABC FN42 33,-30,-2,10.140200,0.04777658500097459,0,official WSJT-X 3.0.2; binary SHA256 9e3c2fc14f63c4b4c4e9fcc33b386cd22daf8fe76ce724c5e37f07875e9a3dd9,"0000 -30 -0.1  10.140200 -2  K1ABC FN42 33 
<DecodeFinished>",
-30.0,-2.0,37,2026112537,0,,,,,0.041218956001102924,0,official WSJT-X 3.0.2; binary SHA256 9e3c2fc14f63c4b4c4e9fcc33b386cd22daf8fe76ce724c5e37f07875e9a3dd9,<DecodeFinished>,
-30.0,-2.0,39,2026112539,1,K1ABC FN42 33,-30,-1,10.140200,0.06283273199915129,0,official WSJT-X 3.0.2; binary SHA256 9e3c2fc14f63c4b4c4e9fcc33b386cd22daf8fe76ce724c5e37f07875e9a3dd9,"0000 -30  0.1  10.140200 -1  K1ABC FN42 33 
<DecodeFinished>",
-30.0,-2.0,40,2026112540,1,K1ABC FN42 33,-30,-2,10.140200,0.04649019999851589,0,official WSJT-X 3.0.2; binary SHA256 9e3c2fc14f63c4b4c4e9fcc33b386cd22daf8fe76ce724c5e37f07875e9a3dd9,"0000 -30  0.0  10.140200 -2  K1ABC FN42 33 
<DecodeFinished>",
-30.0,-2.0,38,2026112538,0,,,,,0.1369154369986063,0,official WSJT-X 3.0.2; binary SHA256 9e3c2fc14f63c4b4c4e9fcc33b386cd22daf8fe76ce724c5e37f07875e9a3dd9,<DecodeFinished>,
-30.0,-2.0,42,2026112542,0,,,,,0.03944140299972787,0,official WSJT-X 3.0.2; binary SHA256 9e3c2fc14f63c4b4c4e9fcc33b386cd22daf8fe76ce724c5e37f07875e9a3dd9,<DecodeFinished>,
-30.0,-2.0,41,2026112541,0,,,,,0.14532622900151182,0,official WSJT-X 3.0.2; binary SHA256 9e3c2fc14f63c4b4c4e9fcc33b386cd22daf8fe76ce724c5e37f07875e9a3dd9,<DecodeFinished>,
-30.0,-2.0,43,2026112543,1,K1ABC FN42 33,-30,-1,10.140200,0.12321151200012537,0,official WSJT-X 3.0.2; binary SHA256 9e3c2fc14f63c4b4c4e9fcc33b386cd22daf8fe76ce724c5e37f07875e9a3dd9,"0000 -30 -0.1  10.140200 -1  K1ABC FN42 33 
<DecodeFinished>",
-30.0,-2.0,32,2026112532,0,,,,,0.5108125009992364,0,official WSJT-X 3.0.2; binary SHA256 9e3c2fc14f63c4b4c4e9fcc33b386cd22daf8fe76ce724c5e37f07875e9a3dd9,<DecodeFinished>,
-30.0,-2.0,44,2026112544,1,K1ABC FN42 33,-30,-1,10.140200,0.0939279180001904,0,official WSJT-X 3.0.2; binary SHA256 9e3c2fc14f63c4b4c4e9fcc33b386cd22daf8fe76ce724c5e37f07875e9a3dd9,"0000 -30  0.1  10.140200 -1  K1ABC FN42 33 
<DecodeFinished>",
-30.0,-2.0,33,2026112533,0,,,,,0.5187824109998473,0,official WSJT-X 3.0.2; binary SHA256 9e3c2fc14f63c4b4c4e9fcc33b386cd22daf8fe76ce724c5e37f07875e9a3dd9,<DecodeFinished>,
-30.0,-2.0,46,2026112546,1,K1ABC FN42 33,-30,-2,10.140200,0.046964302000560565,0,official WSJT-X 3.0.2; binary SHA256 9e3c2fc14f63c4b4c4e9fcc33b386cd22daf8fe76ce724c5e37f07875e9a3dd9,"0000 -30  0.0  10.140200 -2  K1ABC FN42 33 
<DecodeFinished>",
-30.0,-2.0,47,2026112547,0,,,,,0.0470465240014164,0,official WSJT-X 3.0.2; binary SHA256 9e3c2fc14f63c4b4c4e9fcc33b386cd22daf8fe76ce724c5e37f07875e9a3dd9,<DecodeFinished>,
-30.0,-2.0,45,2026112545,0,,,,,0.14012594199994055,0,official WSJT-X 3.0.2; binary SHA256 9e3c2fc14f63c4b4c4e9fcc33b386cd22daf8fe76ce724c5e37f07875e9a3dd9,<DecodeFinished>,
-30.0,-2.0,48,2026112548,0,,,,,0.14302161799969326,0,official WSJT-X 3.0.2; binary SHA256 9e3c2fc14f63c4b4c4e9fcc33b386cd22daf8fe76ce724c5e37f07875e9a3dd9,<DecodeFinished>,
-30.0,-2.0,49,2026112549,0,,,,,0.1365622360008274,0,official WSJT-X 3.0.2; binary SHA256 9e3c2fc14f63c4b4c4e9fcc33b386cd22daf8fe76ce724c5e37f07875e9a3dd9,<DecodeFinished>,
-30.0,-2.0,50,2026112550,0,,,,,0.13948924800024542,0,official WSJT-X 3.0.2; binary SHA256 9e3c2fc14f63c4b4c4e9fcc33b386cd22daf8fe76ce724c5e37f07875e9a3dd9,<DecodeFinished>,
-30.0,-2.0,51,2026112551,0,,,,,0.12949467999897024,0,official WSJT-X 3.0.2; binary SHA256 9e3c2fc14f63c4b4c4e9fcc33b386cd22daf8fe76ce724c5e37f07875e9a3dd9,<DecodeFinished>,
-30.0,-2.0,54,2026112554,1,K1ABC FN42 33,-30,-2,10.140200,0.05115546399974846,0,official WSJT-X 3.0.2; binary SHA256 9e3c2fc14f63c4b4c4e9fcc33b386cd22daf8fe76ce724c5e37f07875e9a3dd9,"0000 -30  0.0  10.140200 -2  K1ABC FN42 33 
<DecodeFinished>",
-30.0,-2.0,55,2026112555,1,K1ABC FN42 33,-30,-2,10.140200,0.07284375400013232,0,official WSJT-X 3.0.2; binary SHA256 9e3c2fc14f63c4b4c4e9fcc33b386cd22daf8fe76ce724c5e37f07875e9a3dd9,"0000 -30 -0.1  10.140200 -2  K1ABC FN42 33 
<DecodeFinished>",
-30.0,-2.0,52,2026112552,0,,,,,0.13927203099956387,0,official WSJT-X 3.0.2; binary SHA256 9e3c2fc14f63c4b4c4e9fcc33b386cd22daf8fe76ce724c5e37f07875e9a3dd9,<DecodeFinished>,
-30.0,-2.0,53,2026112553,0,,,,,0.1412295890004316,0,official WSJT-X 3.0.2; binary SHA256 9e3c2fc14f63c4b4c4e9fcc33b386cd22daf8fe76ce724c5e37f07875e9a3dd9,<DecodeFinished>,
-30.0,-2.0,59,2026112559,1,K1ABC FN42 33,-30,-2,10.140200,0.04632269100147823,0,official WSJT-X 3.0.2; binary SHA256 9e3c2fc14f63c4b4c4e9fcc33b386cd22daf8fe76ce724c5e37f07875e9a3dd9,"0000 -30 -0.0  10.140200 -2  K1ABC FN42 33 
<DecodeFinished>",
-30.0,-2.0,56,2026112556,0,,,,,0.15670345699982136,0,official WSJT-X 3.0.2; binary SHA256 9e3c2fc14f63c4b4c4e9fcc33b386cd22daf8fe76ce724c5e37f07875e9a3dd9,<DecodeFinished>,
-30.0,-2.0,57,2026112557,0,,,,,0.13979488799850515,0,official WSJT-X 3.0.2; binary SHA256 9e3c2fc14f63c4b4c4e9fcc33b386cd22daf8fe76ce724c5e37f07875e9a3dd9,<DecodeFinished>,
-30.0,-2.0,58,2026112558,0,,,,,0.1436124470001232,0,official WSJT-X 3.0.2; binary SHA256 9e3c2fc14f63c4b4c4e9fcc33b386cd22daf8fe76ce724c5e37f07875e9a3dd9,<DecodeFinished>,
-30.0,-2.0,60,2026112560,1,K1ABC FN42 33,-29,-2,10.140200,0.113403556000776,0,official WSJT-X 3.0.2; binary SHA256 9e3c2fc14f63c4b4c4e9fcc33b386cd22daf8fe76ce724c5e37f07875e9a3dd9,"0000 -29 -0.1  10.140200 -2  K1ABC FN42 33 
<DecodeFinished>",
-30.0,-2.0,61,2026112561,0,,,,,0.14114343899927917,0,official WSJT-X 3.0.2; binary SHA256 9e3c2fc14f63c4b4c4e9fcc33b386cd22daf8fe76ce724c5e37f07875e9a3dd9,<DecodeFinished>,
-30.0,-2.0,62,2026112562,0,,,,,0.13631030000033206,0,official WSJT-X 3.0.2; binary SHA256 9e3c2fc14f63c4b4c4e9fcc33b386cd22daf8fe76ce724c5e37f07875e9a3dd9,<DecodeFinished>,
-30.0,-2.0,63,2026112563,0,,,,,0.13225837900063198,0,official WSJT-X 3.0.2; binary SHA256 9e3c2fc14f63c4b4c4e9fcc33b386cd22daf8fe76ce724c5e37f07875e9a3dd9,<DecodeFinished>,
-30.0,-2.0,64,2026112564,0,,,,,0.13589632200091728,0,official WSJT-X 3.0.2; binary SHA256 9e3c2fc14f63c4b4c4e9fcc33b386cd22daf8fe76ce724c5e37f07875e9a3dd9,<DecodeFinished>,
-30.0,-2.0,65,2026112565,1,K1ABC FN42 33,-31,-2,10.140200,0.06310817499979748,0,official WSJT-X 3.0.2; binary SHA256 9e3c2fc14f63c4b4c4e9fcc33b386cd22daf8fe76ce724c5e37f07875e9a3dd9,"0000 -31 -0.0  10.140200 -2  K1ABC FN42 33 
<DecodeFinished>",
-30.0,-2.0,68,2026112568,1,K1ABC FN42 33,-30,-2,10.140200,0.08419566500015208,0,official WSJT-X 3.0.2; binary SHA256 9e3c2fc14f63c4b4c4e9fcc33b386cd22daf8fe76ce724c5e37f07875e9a3dd9,"0000 -30  0.1  10.140200 -2  K1ABC FN42 33 
<DecodeFinished>",
-30.0,-2.0,66,2026112566,0,,,,,0.14312288600012835,0,official WSJT-X 3.0.2; binary SHA256 9e3c2fc14f63c4b4c4e9fcc33b386cd22daf8fe76ce724c5e37f07875e9a3dd9,<DecodeFinished>,
-30.0,-2.0,67,2026112567,0,,,,,0.14416738399995666,0,official WSJT-X 3.0.2; binary SHA256 9e3c2fc14f63c4b4c4e9fcc33b386cd22daf8fe76ce724c5e37f07875e9a3dd9,<DecodeFinished>,
-30.0,-2.0,70,2026112570,1,K1ABC FN42 33,-29,-2,10.140200,0.05485257200052729,0,official WSJT-X 3.0.2; binary SHA256 9e3c2fc14f63c4b4c4e9fcc33b386cd22daf8fe76ce724c5e37f07875e9a3dd9,"0000 -29  0.1  10.140200 -2  K1ABC FN42 33 
<DecodeFinished>",
-30.0,-2.0,69,2026112569,0,,,,,0.14260590599951684,0,official WSJT-X 3.0.2; binary SHA256 9e3c2fc14f63c4b4c4e9fcc33b386cd22daf8fe76ce724c5e37f07875e9a3dd9,<DecodeFinished>,
-30.0,-2.0,71,2026112571,1,K1ABC FN42 33,-30,-2,10.140200,0.06363203399996564,0,official WSJT-X 3.0.2; binary SHA256 9e3c2fc14f63c4b4c4e9fcc33b386cd22daf8fe76ce724c5e37f07875e9a3dd9,"0000 -30  0.0  10.140200 -2  K1ABC FN42 33 
<DecodeFinished>",
-30.0,-2.0,72,2026112572,0,,,,,0.14231285099958768,0,official WSJT-X 3.0.2; binary SHA256 9e3c2fc14f63c4b4c4e9fcc33b386cd22daf8fe76ce724c5e37f07875e9a3dd9,<DecodeFinished>,
-30.0,-2.0,73,2026112573,1,K1ABC FN42 33,-30,-2,10.140200,0.12664782800129615,0,official WSJT-X 3.0.2; binary SHA256 9e3c2fc14f63c4b4c4e9fcc33b386cd22daf8fe76ce724c5e37f07875e9a3dd9,"0000 -30 -0.1  10.140200 -2  K1ABC FN42 33 
<DecodeFinished>",
-30.0,-2.0,74,2026112574,0,,,,,0.13867796100021224,0,official WSJT-X 3.0.2; binary SHA256 9e3c2fc14f63c4b4c4e9fcc33b386cd22daf8fe76ce724c5e37f07875e9a3dd9,<DecodeFinished>,
-30.0,-2.0,76,2026112576,0,,,,,0.1563121979997959,0,official WSJT-X 3.0.2; binary SHA256 9e3c2fc14f63c4b4c4e9fcc33b386cd22daf8fe76ce724c5e37f07875e9a3dd9,<DecodeFinished>,
-30.0,-2.0,77,2026112577,0,,,,,0.15406411299954925,0,official WSJT-X 3.0.2; binary SHA256 9e3c2fc14f63c4b4c4e9fcc33b386cd22daf8fe76ce724c5e37f07875e9a3dd9,<DecodeFinished>,
-30.0,-2.0,79,2026112579,0,,,,,0.043883014001039555,0,official WSJT-X 3.0.2; binary SHA256 9e3c2fc14f63c4b4c4e9fcc33b386cd22daf8fe76ce724c5e37f07875e9a3dd9,<DecodeFinished>,
-30.0,-2.0,80,2026112580,0,,,,,0.1424035370000638,0,official WSJT-X 3.0.2; binary SHA256 9e3c2fc14f63c4b4c4e9fcc33b386cd22daf8fe76ce724c5e37f07875e9a3dd9,<DecodeFinished>,
-30.0,-2.0,81,2026112581,0,,,,,0.1459039950004808,0,official WSJT-X 3.0.2; binary SHA256 9e3c2fc14f63c4b4c4e9fcc33b386cd22daf8fe76ce724c5e37f07875e9a3dd9,<DecodeFinished>,
-30.0,-2.0,75,2026112575,0,,,,,0.5285571570002503,0,official WSJT-X 3.0.2; binary SHA256 9e3c2fc14f63c4b4c4e9fcc33b386cd22daf8fe76ce724c5e37f07875e9a3dd9,<DecodeFinished>,
-30.0,-2.0,82,2026112582,0,,,,,0.13642195100146637,0,official WSJT-X 3.0.2; binary SHA256 9e3c2fc14f63c4b4c4e9fcc33b386cd22daf8fe76ce724c5e37f07875e9a3dd9,<DecodeFinished>,
-30.0,-2.0,83,2026112583,0,,,,,0.1468833109993284,0,official WSJT-X 3.0.2; binary SHA256 9e3c2fc14f63c4b4c4e9fcc33b386cd22daf8fe76ce724c5e37f07875e9a3dd9,<DecodeFinished>,
-30.0,-2.0,78,2026112578,0,,,,,0.5193834670008073,0,official WSJT-X 3.0.2; binary SHA256 9e3c2fc14f63c4b4c4e9fcc33b386cd22daf8fe76ce724c5e37f07875e9a3dd9,<DecodeFinished>,
-30.0,-2.0,85,2026112585,0,,,,,0.13521652999952494,0,official WSJT-X 3.0.2; binary SHA256 9e3c2fc14f63c4b4c4e9fcc33b386cd22daf8fe76ce724c5e37f07875e9a3dd9,<DecodeFinished>,
-30.0,-2.0,84,2026112584,0,,,,,0.1399776340003882,0,official WSJT-X 3.0.2; binary SHA256 9e3c2fc14f63c4b4c4e9fcc33b386cd22daf8fe76ce724c5e37f07875e9a3dd9,<DecodeFinished>,
-30.0,-2.0,88,2026112588,0,,,,,0.04588817299918446,0,official WSJT-X 3.0.2; binary SHA256 9e3c2fc14f63c4b4c4e9fcc33b386cd22daf8fe76ce724c5e37f07875e9a3dd9,<DecodeFinished>,
-30.0,-2.0,86,2026112586,0,,,,,0.14074809700105106,0,official WSJT-X 3.0.2; binary SHA256 9e3c2fc14f63c4b4c4e9fcc33b386cd22daf8fe76ce724c5e37f07875e9a3dd9,<DecodeFinished>,
-30.0,-2.0,89,2026112589,1,K1ABC FN42 33,-30,-2,10.140200,0.06533376799961843,0,official WSJT-X 3.0.2; binary SHA256 9e3c2fc14f63c4b4c4e9fcc33b386cd22daf8fe76ce724c5e37f07875e9a3dd9,"0000 -30  0.1  10.140200 -2  K1ABC FN42 33 
<DecodeFinished>",
-30.0,-2.0,87,2026112587,0,,,,,0.13704495099955238,0,official WSJT-X 3.0.2; binary SHA256 9e3c2fc14f63c4b4c4e9fcc33b386cd22daf8fe76ce724c5e37f07875e9a3dd9,<DecodeFinished>,
-30.0,-2.0,92,2026112592,1,K1ABC FN42 33,-30,-2,10.140200,0.058940740000252845,0,official WSJT-X 3.0.2; binary SHA256 9e3c2fc14f63c4b4c4e9fcc33b386cd22daf8fe76ce724c5e37f07875e9a3dd9,"0000 -30  0.0  10.140200 -2  K1ABC FN42 33 
<DecodeFinished>",
-30.0,-2.0,90,2026112590,0,,,,,0.1422512339995592,0,official WSJT-X 3.0.2; binary SHA256 9e3c2fc14f63c4b4c4e9fcc33b386cd22daf8fe76ce724c5e37f07875e9a3dd9,<DecodeFinished>,
-30.0,-2.0,94,2026112594,1,K1ABC FN42 33,-30,-2,10.140200,0.06514763599989237,0,official WSJT-X 3.0.2; binary SHA256 9e3c2fc14f63c4b4c4e9fcc33b386cd22daf8fe76ce724c5e37f07875e9a3dd9,"0000 -30  0.0  10.140200 -2  K1ABC FN42 33 
<DecodeFinished>",
-30.0,-2.0,91,2026112591,0,,,,,0.13970032699944568,0,official WSJT-X 3.0.2; binary SHA256 9e3c2fc14f63c4b4c4e9fcc33b386cd22daf8fe76ce724c5e37f07875e9a3dd9,<DecodeFinished>,
-30.0,-2.0,95,2026112595,0,,,,,0.04336406599941256,0,official WSJT-X 3.0.2; binary SHA256 9e3c2fc14f63c4b4c4e9fcc33b386cd22daf8fe76ce724c5e37f07875e9a3dd9,<DecodeFinished>,
-30.0,-2.0,93,2026112593,0,,,,,0.1432366720000573,0,official WSJT-X 3.0.2; binary SHA256 9e3c2fc14f63c4b4c4e9fcc33b386cd22daf8fe76ce724c5e37f07875e9a3dd9,<DecodeFinished>,
-30.0,-2.0,98,2026112598,1,K1ABC FN42 33,-30,-1,10.140200,0.06740345400066872,0,official WSJT-X 3.0.2; binary SHA256 9e3c2fc14f63c4b4c4e9fcc33b386cd22daf8fe76ce724c5e37f07875e9a3dd9,"0000 -30 -0.0  10.140200 -1  K1ABC FN42 33 
<DecodeFinished>",
-30.0,-2.0,96,2026112596,0,,,,,0.1418046870003309,0,official WSJT-X 3.0.2; binary SHA256 9e3c2fc14f63c4b4c4e9fcc33b386cd22daf8fe76ce724c5e37f07875e9a3dd9,<DecodeFinished>,
-30.0,-2.0,97,2026112597,0,,,,,0.13578760699965642,0,official WSJT-X 3.0.2; binary SHA256 9e3c2fc14f63c4b4c4e9fcc33b386cd22daf8fe76ce724c5e37f07875e9a3dd9,<DecodeFinished>,
-31.0,0.0,1,2026122501,1,K1ABC FN42 33,-31,0,10.140200,0.06646340699990105,0,official WSJT-X 3.0.2; binary SHA256 9e3c2fc14f63c4b4c4e9fcc33b386cd22daf8fe76ce724c5e37f07875e9a3dd9,"0000 -31 -0.0  10.140200  0  K1ABC FN42 33 
<DecodeFinished>",
-30.0,-2.0,99,2026112599,0,,,,,0.14017342400074995,0,official WSJT-X 3.0.2; binary SHA256 9e3c2fc14f63c4b4c4e9fcc33b386cd22daf8fe76ce724c5e37f07875e9a3dd9,<DecodeFinished>,
-31.0,0.0,2,2026122502,1,K1ABC FN42 33,-30,0,10.140200,0.1110659370006033,0,official WSJT-X 3.0.2; binary SHA256 9e3c2fc14f63c4b4c4e9fcc33b386cd22daf8fe76ce724c5e37f07875e9a3dd9,"0000 -30  0.0  10.140200  0  K1ABC FN42 33 
<DecodeFinished>",
-31.0,0.0,0,2026122500,0,,,,,0.5076515410000866,0,official WSJT-X 3.0.2; binary SHA256 9e3c2fc14f63c4b4c4e9fcc33b386cd22daf8fe76ce724c5e37f07875e9a3dd9,<DecodeFinished>,
-31.0,0.0,3,2026122503,0,,,,,0.4194386550007039,0,official WSJT-X 3.0.2; binary SHA256 9e3c2fc14f63c4b4c4e9fcc33b386cd22daf8fe76ce724c5e37f07875e9a3dd9,<DecodeFinished>,
-31.0,0.0,4,2026122504,0,,,,,0.520283986999857,0,official WSJT-X 3.0.2; binary SHA256 9e3c2fc14f63c4b4c4e9fcc33b386cd22daf8fe76ce724c5e37f07875e9a3dd9,<DecodeFinished>,
-31.0,0.0,5,2026122505,0,,,,,0.502292209001098,0,official WSJT-X 3.0.2; binary SHA256 9e3c2fc14f63c4b4c4e9fcc33b386cd22daf8fe76ce724c5e37f07875e9a3dd9,<DecodeFinished>,
-31.0,0.0,7,2026122507,1,K1ABC FN42 33,-31,0,10.140200,0.22852579900063574,0,official WSJT-X 3.0.2; binary SHA256 9e3c2fc14f63c4b4c4e9fcc33b386cd22daf8fe76ce724c5e37f07875e9a3dd9,"0000 -31 -0.0  10.140200  0  K1ABC FN42 33 
<DecodeFinished>",
-31.0,0.0,6,2026122506,1,K1ABC FN42 33,-31,0,10.140200,0.2876168519997009,0,official WSJT-X 3.0.2; binary SHA256 9e3c2fc14f63c4b4c4e9fcc33b386cd22daf8fe76ce724c5e37f07875e9a3dd9,"0000 -31  0.1  10.140200  0  K1ABC FN42 33 
<DecodeFinished>",
-31.0,0.0,8,2026122508,1,K1ABC FN42 33,-30,0,10.140200,0.24422302300081355,0,official WSJT-X 3.0.2; binary SHA256 9e3c2fc14f63c4b4c4e9fcc33b386cd22daf8fe76ce724c5e37f07875e9a3dd9,"0000 -30 -0.1  10.140200  0  K1ABC FN42 33 
<DecodeFinished>",
-31.0,0.0,10,2026122510,1,K1ABC FN42 33,-30,0,10.140200,0.14204768200033868,0,official WSJT-X 3.0.2; binary SHA256 9e3c2fc14f63c4b4c4e9fcc33b386cd22daf8fe76ce724c5e37f07875e9a3dd9,"0000 -30  0.0  10.140200  0  K1ABC FN42 33 
<DecodeFinished>",
-31.0,0.0,9,2026122509,1,K1ABC FN42 33,-32,0,10.140200,0.34078923699962616,0,official WSJT-X 3.0.2; binary SHA256 9e3c2fc14f63c4b4c4e9fcc33b386cd22daf8fe76ce724c5e37f07875e9a3dd9,"0000 -32  0.1  10.140200  0  K1ABC FN42 33 
<DecodeFinished>",
-31.0,0.0,11,2026122511,1,K1ABC FN42 33,-31,0,10.140200,0.24787783799911267,0,official WSJT-X 3.0.2; binary SHA256 9e3c2fc14f63c4b4c4e9fcc33b386cd22daf8fe76ce724c5e37f07875e9a3dd9,"0000 -31 -0.0  10.140200  0  K1ABC FN42 33 
<DecodeFinished>",
-31.0,0.0,12,2026122512,1,K1ABC FN42 33,-31,0,10.140200,0.3277670749994286,0,official WSJT-X 3.0.2; binary SHA256 9e3c2fc14f63c4b4c4e9fcc33b386cd22daf8fe76ce724c5e37f07875e9a3dd9,"0000 -31  0.0  10.140200  0  K1ABC FN42 33 
<DecodeFinished>",
-31.0,0.0,13,2026122513,1,K1ABC FN42 33,-31,0,10.140200,0.35665952099952847,0,official WSJT-X 3.0.2; binary SHA256 9e3c2fc14f63c4b4c4e9fcc33b386cd22daf8fe76ce724c5e37f07875e9a3dd9,"0000 -31 -0.1  10.140200  0  K1ABC FN42 33 
<DecodeFinished>",
-31.0,0.0,15,2026122515,1,K1ABC FN42 33,-31,0,10.140200,0.33126064099997166,0,official WSJT-X 3.0.2; binary SHA256 9e3c2fc14f63c4b4c4e9fcc33b386cd22daf8fe76ce724c5e37f07875e9a3dd9,"0000 -31  0.0  10.140200  0  K1ABC FN42 33 
<DecodeFinished>",
-31.0,0.0,17,2026122517,1,K1ABC FN42 33,-31,0,10.140200,0.13992388299993763,0,official WSJT-X 3.0.2; binary SHA256 9e3c2fc14f63c4b4c4e9fcc33b386cd22daf8fe76ce724c5e37f07875e9a3dd9,"0000 -31  0.0  10.140200  0  K1ABC FN42 33 
<DecodeFinished>",
-31.0,0.0,14,2026122514,0,,,,,0.5085376069982885,0,official WSJT-X 3.0.2; binary SHA256 9e3c2fc14f63c4b4c4e9fcc33b386cd22daf8fe76ce724c5e37f07875e9a3dd9,<DecodeFinished>,
-31.0,0.0,18,2026122518,1,K1ABC FN42 33,-32,0,10.140200,0.16989128699970024,0,official WSJT-X 3.0.2; binary SHA256 9e3c2fc14f63c4b4c4e9fcc33b386cd22daf8fe76ce724c5e37f07875e9a3dd9,"0000 -32  0.1  10.140200  0  K1ABC FN42 33 
<DecodeFinished>",
-31.0,0.0,19,2026122519,1,K1ABC FN42 33,-30,0,10.140200,0.24157357100011723,0,official WSJT-X 3.0.2; binary SHA256 9e3c2fc14f63c4b4c4e9fcc33b386cd22daf8fe76ce724c5e37f07875e9a3dd9,"0000 -30 -0.1  10.140200  0  K1ABC FN42 33 
<DecodeFinished>",
-31.0,0.0,16,2026122516,0,,,,,0.5143817680000211,0,official WSJT-X 3.0.2; binary SHA256 9e3c2fc14f63c4b4c4e9fcc33b386cd22daf8fe76ce724c5e37f07875e9a3dd9,<DecodeFinished>,
-31.0,0.0,21,2026122521,1,K1ABC FN42 33,-30,0,10.140200,0.2503665460008051,0,official WSJT-X 3.0.2; binary SHA256 9e3c2fc14f63c4b4c4e9fcc33b386cd22daf8fe76ce724c5e37f07875e9a3dd9,"0000 -30 -0.1  10.140200  0  K1ABC FN42 33 
<DecodeFinished>",
-31.0,0.0,20,2026122520,1,K1ABC FN42 33,-30,0,10.140200,0.3048751860005723,0,official WSJT-X 3.0.2; binary SHA256 9e3c2fc14f63c4b4c4e9fcc33b386cd22daf8fe76ce724c5e37f07875e9a3dd9,"0000 -30 -0.1  10.140200  0  K1ABC FN42 33 
<DecodeFinished>",
-31.0,0.0,22,2026122522,0,,,,,0.4131163660003949,0,official WSJT-X 3.0.2; binary SHA256 9e3c2fc14f63c4b4c4e9fcc33b386cd22daf8fe76ce724c5e37f07875e9a3dd9,<DecodeFinished>,
-31.0,0.0,23,2026122523,0,,,,,0.5019726620012079,0,official WSJT-X 3.0.2; binary SHA256 9e3c2fc14f63c4b4c4e9fcc33b386cd22daf8fe76ce724c5e37f07875e9a3dd9,<DecodeFinished>,
-31.0,0.0,25,2026122525,1,K1ABC FN42 33,-31,0,10.140200,0.6291477699996904,0,official WSJT-X 3.0.2; binary SHA256 9e3c2fc14f63c4b4c4e9fcc33b386cd22daf8fe76ce724c5e37f07875e9a3dd9,"0000 -31 -0.1  10.140200  0  K1ABC FN42 33 
<DecodeFinished>",
-31.0,0.0,26,2026122526,0,,,,,0.5150978669989854,0,official WSJT-X 3.0.2; binary SHA256 9e3c2fc14f63c4b4c4e9fcc33b386cd22daf8fe76ce724c5e37f07875e9a3dd9,<DecodeFinished>,
-31.0,0.0,24,2026122524,1,K1ABC FN42 33,-32,0,10.140200,0.7650100920000114,0,official WSJT-X 3.0.2; binary SHA256 9e3c2fc14f63c4b4c4e9fcc33b386cd22daf8fe76ce724c5e37f07875e9a3dd9,"0000 -32  0.1  10.140200  0  K1ABC FN42 33 
<DecodeFinished>",
-31.0,0.0,28,2026122528,1,K1ABC FN42 33,-30,0,10.140200,0.3492754569997487,0,official WSJT-X 3.0.2; binary SHA256 9e3c2fc14f63c4b4c4e9fcc33b386cd22daf8fe76ce724c5e37f07875e9a3dd9,"0000 -30 -0.1  10.140200  0  K1ABC FN42 33 
<DecodeFinished>",
-31.0,0.0,30,2026122530,1,K1ABC FN42 33,-31,0,10.140200,0.22698722300083318,0,official WSJT-X 3.0.2; binary SHA256 9e3c2fc14f63c4b4c4e9fcc33b386cd22daf8fe76ce724c5e37f07875e9a3dd9,"0000 -31  0.0  10.140200  0  K1ABC FN42 33 
<DecodeFinished>",
-31.0,0.0,29,2026122529,1,K1ABC FN42 33,-31,0,10.140200,0.3331315729992639,0,official WSJT-X 3.0.2; binary SHA256 9e3c2fc14f63c4b4c4e9fcc33b386cd22daf8fe76ce724c5e37f07875e9a3dd9,"0000 -31  0.0  10.140200  0  K1ABC FN42 33 
<DecodeFinished>",
-31.0,0.0,27,2026122527,1,K1ABC FN42 33,-31,0,10.140200,0.790498923000996,0,official WSJT-X 3.0.2; binary SHA256 9e3c2fc14f63c4b4c4e9fcc33b386cd22daf8fe76ce724c5e37f07875e9a3dd9,"0000 -31  0.0  10.140200  0  K1ABC FN42 33 
<DecodeFinished>",
-31.0,0.0,31,2026122531,1,K1ABC FN42 33,-31,0,10.140200,0.22226097299972025,0,official WSJT-X 3.0.2; binary SHA256 9e3c2fc14f63c4b4c4e9fcc33b386cd22daf8fe76ce724c5e37f07875e9a3dd9,"0000 -31  0.0  10.140200  0  K1ABC FN42 33 
<DecodeFinished>",
-31.0,0.0,32,2026122532,1,K1ABC FN42 33,-31,0,10.140200,0.24124495099931664,0,official WSJT-X 3.0.2; binary SHA256 9e3c2fc14f63c4b4c4e9fcc33b386cd22daf8fe76ce724c5e37f07875e9a3dd9,"0000 -31  0.0  10.140200  0  K1ABC FN42 33 
<DecodeFinished>",
-31.0,0.0,34,2026122534,0,,,,,0.04346818899830396,0,official WSJT-X 3.0.2; binary SHA256 9e3c2fc14f63c4b4c4e9fcc33b386cd22daf8fe76ce724c5e37f07875e9a3dd9,<DecodeFinished>,
-31.0,0.0,35,2026122535,1,K1ABC FN42 33,-31,0,10.140200,0.2302771140002733,0,official WSJT-X 3.0.2; binary SHA256 9e3c2fc14f63c4b4c4e9fcc33b386cd22daf8fe76ce724c5e37f07875e9a3dd9,"0000 -31 -0.0  10.140200  0  K1ABC FN42 33 
<DecodeFinished>",
-31.0,0.0,33,2026122533,1,K1ABC FN42 33,-30,0,10.140200,0.3490414299994882,0,official WSJT-X 3.0.2; binary SHA256 9e3c2fc14f63c4b4c4e9fcc33b386cd22daf8fe76ce724c5e37f07875e9a3dd9,"0000 -30  0.1  10.140200  0  K1ABC FN42 33 
<DecodeFinished>",
-31.0,0.0,36,2026122536,1,K1ABC FN42 33,-31,0,10.140200,0.28440670000054524,0,official WSJT-X 3.0.2; binary SHA256 9e3c2fc14f63c4b4c4e9fcc33b386cd22daf8fe76ce724c5e37f07875e9a3dd9,"0000 -31  0.1  10.140200  0  K1ABC FN42 33 
<DecodeFinished>",
-31.0,0.0,38,2026122538,1,K1ABC FN42 33,-31,0,10.140200,0.2630580090008152,0,official WSJT-X 3.0.2; binary SHA256 9e3c2fc14f63c4b4c4e9fcc33b386cd22daf8fe76ce724c5e37f07875e9a3dd9,"0000 -31  0.1  10.140200  0  K1ABC FN42 33 
<DecodeFinished>",
-31.0,0.0,39,2026122539,1,K1ABC FN42 33,-30,0,10.140200,0.319498361001024,0,official WSJT-X 3.0.2; binary SHA256 9e3c2fc14f63c4b4c4e9fcc33b386cd22daf8fe76ce724c5e37f07875e9a3dd9,"0000 -30  0.0  10.140200  0  K1ABC FN42 33 
<DecodeFinished>",
-31.0,0.0,37,2026122537,0,,,,,0.5146756329995696,0,official WSJT-X 3.0.2; binary SHA256 9e3c2fc14f63c4b4c4e9fcc33b386cd22daf8fe76ce724c5e37f07875e9a3dd9,<DecodeFinished>,
-31.0,0.0,40,2026122540,1,K1ABC FN42 33,-31,0,10.140200,0.2553342579994933,0,official WSJT-X 3.0.2; binary SHA256 9e3c2fc14f63c4b4c4e9fcc33b386cd22daf8fe76ce724c5e37f07875e9a3dd9,"0000 -31 -0.1  10.140200  0  K1ABC FN42 33 
<DecodeFinished>",
-31.0,0.0,44,2026122544,1,K1ABC FN42 33,-31,0,10.140200,0.045342925001023104,0,official WSJT-X 3.0.2; binary SHA256 9e3c2fc14f63c4b4c4e9fcc33b386cd22daf8fe76ce724c5e37f07875e9a3dd9,"0000 -31 -0.1  10.140200  0  K1ABC FN42 33 
<DecodeFinished>",
-31.0,0.0,42,2026122542,1,K1ABC FN42 33,-31,0,10.140200,0.1550615900014236,0,official WSJT-X 3.0.2; binary SHA256 9e3c2fc14f63c4b4c4e9fcc33b386cd22daf8fe76ce724c5e37f07875e9a3dd9,"0000 -31 -0.1  10.140200  0  K1ABC FN42 33 
<DecodeFinished>",
-31.0,0.0,41,2026122541,1,K1ABC FN42 33,-30,0,10.140200,0.2443075350001891,0,official WSJT-X 3.0.2; binary SHA256 9e3c2fc14f63c4b4c4e9fcc33b386cd22daf8fe76ce724c5e37f07875e9a3dd9,"0000 -30 -0.1  10.140200  0  K1ABC FN42 33 
<DecodeFinished>",
-31.0,0.0,43,2026122543,1,K1ABC FN42 33,-30,0,10.140200,0.37632565300009446,0,official WSJT-X 3.0.2; binary SHA256 9e3c2fc14f63c4b4c4e9fcc33b386cd22daf8fe76ce724c5e37f07875e9a3dd9,"0000 -30  0.1  10.140200  0  K1ABC FN42 33 
<DecodeFinished>",
-31.0,0.0,47,2026122547,1,K1ABC FN42 33,-30,0,10.140200,0.24526626199985913,0,official WSJT-X 3.0.2; binary SHA256 9e3c2fc14f63c4b4c4e9fcc33b386cd22daf8fe76ce724c5e37f07875e9a3dd9,"0000 -30  0.1  10.140200  0  K1ABC FN42 33 
<DecodeFinished>",
-31.0,0.0,45,2026122545,0,,,,,0.4209867240006133,0,official WSJT-X 3.0.2; binary SHA256 9e3c2fc14f63c4b4c4e9fcc33b386cd22daf8fe76ce724c5e37f07875e9a3dd9,<DecodeFinished>,
-31.0,0.0,46,2026122546,1,K1ABC FN42 33,-31,0,10.140200,0.3305857770010334,0,official WSJT-X 3.0.2; binary SHA256 9e3c2fc14f63c4b4c4e9fcc33b386cd22daf8fe76ce724c5e37f07875e9a3dd9,"0000 -31  0.1  10.140200  0  K1ABC FN42 33 
<DecodeFinished>",
-31.0,0.0,48,2026122548,1,K1ABC FN42 33,-31,0,10.140200,0.29358842100009497,0,official WSJT-X 3.0.2; binary SHA256 9e3c2fc14f63c4b4c4e9fcc33b386cd22daf8fe76ce724c5e37f07875e9a3dd9,"0000 -31 -0.0  10.140200  0  K1ABC FN42 33 
<DecodeFinished>",
-31.0,0.0,50,2026122550,1,K1ABC FN42 33,-31,0,10.140200,0.23636780599917984,0,official WSJT-X 3.0.2; binary SHA256 9e3c2fc14f63c4b4c4e9fcc33b386cd22daf8fe76ce724c5e37f07875e9a3dd9,"0000 -31  0.0  10.140200  0  K1ABC FN42 33 
<DecodeFinished>",
-31.0,0.0,51,2026122551,1,K1ABC FN42 33,-30,0,10.140200,0.2583188370008429,0,official WSJT-X 3.0.2; binary SHA256 9e3c2fc14f63c4b4c4e9fcc33b386cd22daf8fe76ce724c5e37f07875e9a3dd9,"0000 -30 -0.1  10.140200  0  K1ABC FN42 33 
<DecodeFinished>",
-31.0,0.0,52,2026122552,1,K1ABC FN42 33,-30,0,10.140200,0.15306813300048816,0,official WSJT-X 3.0.2; binary SHA256 9e3c2fc14f63c4b4c4e9fcc33b386cd22daf8fe76ce724c5e37f07875e9a3dd9,"0000 -30 -0.0  10.140200  0  K1ABC FN42 33 
<DecodeFinished>",
-31.0,0.0,49,2026122549,0,,,,,0.5185955140004808,0,official WSJT-X 3.0.2; binary SHA256 9e3c2fc14f63c4b4c4e9fcc33b386cd22daf8fe76ce724c5e37f07875e9a3dd9,<DecodeFinished>,
-31.0,0.0,53,2026122553,1,K1ABC FN42 33,-31,0,10.140200,0.2707439929999964,0,official WSJT-X 3.0.2; binary SHA256 9e3c2fc14f63c4b4c4e9fcc33b386cd22daf8fe76ce724c5e37f07875e9a3dd9,"0000 -31 -0.1  10.140200  0  K1ABC FN42 33 
<DecodeFinished>",
-31.0,0.0,56,2026122556,1,K1ABC FN42 33,-30,0,10.140200,0.05170267300127307,0,official WSJT-X 3.0.2; binary SHA256 9e3c2fc14f63c4b4c4e9fcc33b386cd22daf8fe76ce724c5e37f07875e9a3dd9,"0000 -30 -0.1  10.140200  0  K1ABC FN42 33 
<DecodeFinished>",
-31.0,0.0,55,2026122555,1,K1ABC FN42 33,-31,0,10.140200,0.24692700199921092,0,official WSJT-X 3.0.2; binary SHA256 9e3c2fc14f63c4b4c4e9fcc33b386cd22daf8fe76ce724c5e37f07875e9a3dd9,"0000 -31 -0.1  10.140200  0  K1ABC FN42 33 
<DecodeFinished>",
-31.0,0.0,54,2026122554,0,,,,,0.5160808110013022,0,official WSJT-X 3.0.2; binary SHA256 9e3c2fc14f63c4b4c4e9fcc33b386cd22daf8fe76ce724c5e37f07875e9a3dd9,<DecodeFinished>,
-31.0,0.0,57,2026122557,1,K1ABC FN42 33,-31,0,10.140200,0.3332344059999741,0,official WSJT-X 3.0.2; binary SHA256 9e3c2fc14f63c4b4c4e9fcc33b386cd22daf8fe76ce724c5e37f07875e9a3dd9,"0000 -31  0.0  10.140200  0  K1ABC FN42 33 
<DecodeFinished>",
-31.0,0.0,59,2026122559,1,K1ABC FN42 33,-31,0,10.140200,0.24423157400087803,0,official WSJT-X 3.0.2; binary SHA256 9e3c2fc14f63c4b4c4e9fcc33b386cd22daf8fe76ce724c5e37f07875e9a3dd9,"0000 -31 -0.0  10.140200  0  K1ABC FN42 33 
<DecodeFinished>",
-31.0,0.0,62,2026122562,0,,,,,0.045065865999276866,0,official WSJT-X 3.0.2; binary SHA256 9e3c2fc14f63c4b4c4e9fcc33b386cd22daf8fe76ce724c5e37f07875e9a3dd9,<DecodeFinished>,
-31.0,0.0,58,2026122558,0,,,,,0.5043658889990184,0,official WSJT-X 3.0.2; binary SHA256 9e3c2fc14f63c4b4c4e9fcc33b386cd22daf8fe76ce724c5e37f07875e9a3dd9,<DecodeFinished>,
-31.0,0.0,60,2026122560,1,K1ABC FN42 33,-31,0,10.140200,0.25447130400061724,0,official WSJT-X 3.0.2; binary SHA256 9e3c2fc14f63c4b4c4e9fcc33b386cd22daf8fe76ce724c5e37f07875e9a3dd9,"0000 -31  0.1  10.140200  0  K1ABC FN42 33 
<DecodeFinished>",
-31.0,0.0,61,2026122561,1,K1ABC FN42 33,-31,0,10.140200,0.2625496960008604,0,official WSJT-X 3.0.2; binary SHA256 9e3c2fc14f63c4b4c4e9fcc33b386cd22daf8fe76ce724c5e37f07875e9a3dd9,"0000 -31 -0.1  10.140200  0  K1ABC FN42 33 
<DecodeFinished>",
-31.0,0.0,64,2026122564,1,K1ABC FN42 33,-31,0,10.140200,0.14237149899963697,0,official WSJT-X 3.0.2; binary SHA256 9e3c2fc14f63c4b4c4e9fcc33b386cd22daf8fe76ce724c5e37f07875e9a3dd9,"0000 -31  0.0  10.140200  0  K1ABC FN42 33 
<DecodeFinished>",
-31.0,0.0,63,2026122563,0,,,,,0.41703854899969883,0,official WSJT-X 3.0.2; binary SHA256 9e3c2fc14f63c4b4c4e9fcc33b386cd22daf8fe76ce724c5e37f07875e9a3dd9,<DecodeFinished>,
-31.0,0.0,65,2026122565,1,K1ABC FN42 33,-30,0,10.140200,0.32720914800120227,0,official WSJT-X 3.0.2; binary SHA256 9e3c2fc14f63c4b4c4e9fcc33b386cd22daf8fe76ce724c5e37f07875e9a3dd9,"0000 -30 -0.0  10.140200  0  K1ABC FN42 33 
<DecodeFinished>",
-31.0,0.0,66,2026122566,1,K1ABC FN42 33,-31,0,10.140200,0.32294939100029296,0,official WSJT-X 3.0.2; binary SHA256 9e3c2fc14f63c4b4c4e9fcc33b386cd22daf8fe76ce724c5e37f07875e9a3dd9,"0000 -31  0.0  10.140200  0  K1ABC FN42 33 
<DecodeFinished>",
-31.0,0.0,67,2026122567,1,K1ABC FN42 33,-31,0,10.140200,0.32491455399940605,0,official WSJT-X 3.0.2; binary SHA256 9e3c2fc14f63c4b4c4e9fcc33b386cd22daf8fe76ce724c5e37f07875e9a3dd9,"0000 -31 -0.0  10.140200  0  K1ABC FN42 33 
<DecodeFinished>",
-31.0,0.0,68,2026122568,1,K1ABC FN42 33,-30,0,10.140200,0.250449787999969,0,official WSJT-X 3.0.2; binary SHA256 9e3c2fc14f63c4b4c4e9fcc33b386cd22daf8fe76ce724c5e37f07875e9a3dd9,"0000 -30  0.1  10.140200  0  K1ABC FN42 33 
<DecodeFinished>",
-31.0,0.0,72,2026122572,1,K1ABC FN42 33,-30,0,10.140200,0.06115509200026281,0,official WSJT-X 3.0.2; binary SHA256 9e3c2fc14f63c4b4c4e9fcc33b386cd22daf8fe76ce724c5e37f07875e9a3dd9,"0000 -30  0.1  10.140200  0  K1ABC FN42 33 
<DecodeFinished>",
-31.0,0.0,70,2026122570,1,K1ABC FN42 33,-29,0,10.140200,0.2429686759987817,0,official WSJT-X 3.0.2; binary SHA256 9e3c2fc14f63c4b4c4e9fcc33b386cd22daf8fe76ce724c5e37f07875e9a3dd9,"0000 -29  0.0  10.140200  0  K1ABC FN42 33 
<DecodeFinished>",
-31.0,0.0,71,2026122571,1,K1ABC FN42 33,-31,0,10.140200,0.3604717479993269,0,official WSJT-X 3.0.2; binary SHA256 9e3c2fc14f63c4b4c4e9fcc33b386cd22daf8fe76ce724c5e37f07875e9a3dd9,"0000 -31 -0.1  10.140200  0  K1ABC FN42 33 
<DecodeFinished>",
-31.0,0.0,69,2026122569,0,,,,,0.5136849770005938,0,official WSJT-X 3.0.2; binary SHA256 9e3c2fc14f63c4b4c4e9fcc33b386cd22daf8fe76ce724c5e37f07875e9a3dd9,<DecodeFinished>,
-31.0,0.0,73,2026122573,1,K1ABC FN42 33,-31,0,10.140200,0.2666447319988947,0,official WSJT-X 3.0.2; binary SHA256 9e3c2fc14f63c4b4c4e9fcc33b386cd22daf8fe76ce724c5e37f07875e9a3dd9,"0000 -31 -0.1  10.140200  0  K1ABC FN42 33 
<DecodeFinished>",
-31.0,0.0,74,2026122574,1,K1ABC FN42 33,-30,0,10.140200,0.27317286399920704,0,official WSJT-X 3.0.2; binary SHA256 9e3c2fc14f63c4b4c4e9fcc33b386cd22daf8fe76ce724c5e37f07875e9a3dd9,"0000 -30  0.1  10.140200  0  K1ABC FN42 33 
<DecodeFinished>",
-31.0,0.0,75,2026122575,1,K1ABC FN42 33,-30,0,10.140200,0.25534676400093304,0,official WSJT-X 3.0.2; binary SHA256 9e3c2fc14f63c4b4c4e9fcc33b386cd22daf8fe76ce724c5e37f07875e9a3dd9,"0000 -30 -0.1  10.140200  0  K1ABC FN42 33 
<DecodeFinished>",
-31.0,0.0,76,2026122576,1,K1ABC FN42 33,-30,0,10.140200,0.2615964480010007,0,official WSJT-X 3.0.2; binary SHA256 9e3c2fc14f63c4b4c4e9fcc33b386cd22daf8fe76ce724c5e37f07875e9a3dd9,"0000 -30  0.1  10.140200  0  K1ABC FN42 33 
<DecodeFinished>",
-31.0,0.0,77,2026122577,1,K1ABC FN42 33,-30,0,10.140200,0.26475791200027743,0,official WSJT-X 3.0.2; binary SHA256 9e3c2fc14f63c4b4c4e9fcc33b386cd22daf8fe76ce724c5e37f07875e9a3dd9,"0000 -30  0.1  10.140200  0  K1ABC FN42 33 
<DecodeFinished>",
-31.0,0.0,78,2026122578,1,K1ABC FN42 33,-31,0,10.140200,0.3416840379995847,0,official WSJT-X 3.0.2; binary SHA256 9e3c2fc14f63c4b4c4e9fcc33b386cd22daf8fe76ce724c5e37f07875e9a3dd9,"0000 -31 -0.1  10.140200  0  K1ABC FN42 33 
<DecodeFinished>",
-31.0,0.0,79,2026122579,1,K1ABC FN42 33,-31,0,10.140200,0.23529242699987662,0,official WSJT-X 3.0.2; binary SHA256 9e3c2fc14f63c4b4c4e9fcc33b386cd22daf8fe76ce724c5e37f07875e9a3dd9,"0000 -31 -0.0  10.140200  0  K1ABC FN42 33 
<DecodeFinished>",
-31.0,0.0,81,2026122581,1,K1ABC FN42 33,-30,0,10.140200,0.26986249199944723,0,official WSJT-X 3.0.2; binary SHA256 9e3c2fc14f63c4b4c4e9fcc33b386cd22daf8fe76ce724c5e37f07875e9a3dd9,"0000 -30  0.1  10.140200  0  K1ABC FN42 33 
<DecodeFinished>",
-31.0,0.0,80,2026122580,1,K1ABC FN42 33,-31,0,10.140200,0.28188610700090067,0,official WSJT-X 3.0.2; binary SHA256 9e3c2fc14f63c4b4c4e9fcc33b386cd22daf8fe76ce724c5e37f07875e9a3dd9,"0000 -31  0.1  10.140200  0  K1ABC FN42 33 
<DecodeFinished>",
-31.0,0.0,82,2026122582,1,K1ABC FN42 33,-31,0,10.140200,0.25383685599990713,0,official WSJT-X 3.0.2; binary SHA256 9e3c2fc14f63c4b4c4e9fcc33b386cd22daf8fe76ce724c5e37f07875e9a3dd9,"0000 -31 -0.1  10.140200  0  K1ABC FN42 33 
<DecodeFinished>",
-31.0,0.0,83,2026122583,1,K1ABC FN42 33,-31,0,10.140200,0.2630552490008995,0,official WSJT-X 3.0.2; binary SHA256 9e3c2fc14f63c4b4c4e9fcc33b386cd22daf8fe76ce724c5e37f07875e9a3dd9,"0000 -31 -0.1  10.140200  0  K1ABC FN42 33 
<DecodeFinished>",
-31.0,0.0,84,2026122584,1,K1ABC FN42 33,-31,0,10.140200,0.23246364199985692,0,official WSJT-X 3.0.2; binary SHA256 9e3c2fc14f63c4b4c4e9fcc33b386cd22daf8fe76ce724c5e37f07875e9a3dd9,"0000 -31 -0.0  10.140200  0  K1ABC FN42 33 
<DecodeFinished>",
-31.0,0.0,85,2026122585,1,K1ABC FN42 33,-31,0,10.140200,0.23956019599972933,0,official WSJT-X 3.0.2; binary SHA256 9e3c2fc14f63c4b4c4e9fcc33b386cd22daf8fe76ce724c5e37f07875e9a3dd9,"0000 -31  0.0  10.140200  0  K1ABC FN42 33 
<DecodeFinished>",
-31.0,0.0,88,2026122588,1,K1ABC FN42 33,-32,0,10.140200,0.0612984969993704,0,official WSJT-X 3.0.2; binary SHA256 9e3c2fc14f63c4b4c4e9fcc33b386cd22daf8fe76ce724c5e37f07875e9a3dd9,"0000 -32  0.0  10.140200  0  K1ABC FN42 33 
<DecodeFinished>",
-31.0,0.0,90,2026122590,1,K1ABC FN42 33,-31,0,10.140200,0.26949798699934036,0,official WSJT-X 3.0.2; binary SHA256 9e3c2fc14f63c4b4c4e9fcc33b386cd22daf8fe76ce724c5e37f07875e9a3dd9,"0000 -31 -0.1  10.140200  0  K1ABC FN42 33 
<DecodeFinished>",
-31.0,0.0,89,2026122589,1,K1ABC FN42 33,-32,0,10.140200,0.3299373329991795,0,official WSJT-X 3.0.2; binary SHA256 9e3c2fc14f63c4b4c4e9fcc33b386cd22daf8fe76ce724c5e37f07875e9a3dd9,"0000 -32  0.0  10.140200  0  K1ABC FN42 33 
<DecodeFinished>",
-31.0,0.0,86,2026122586,0,,,,,0.5014664860009361,0,official WSJT-X 3.0.2; binary SHA256 9e3c2fc14f63c4b4c4e9fcc33b386cd22daf8fe76ce724c5e37f07875e9a3dd9,<DecodeFinished>,
-31.0,0.0,91,2026122591,1,K1ABC FN42 33,-30,0,10.140200,0.111623785998745,0,official WSJT-X 3.0.2; binary SHA256 9e3c2fc14f63c4b4c4e9fcc33b386cd22daf8fe76ce724c5e37f07875e9a3dd9,"0000 -30 -0.0  10.140200  0  K1ABC FN42 33 
<DecodeFinished>",
-31.0,0.0,87,2026122587,0,,,,,0.5153974210006709,0,official WSJT-X 3.0.2; binary SHA256 9e3c2fc14f63c4b4c4e9fcc33b386cd22daf8fe76ce724c5e37f07875e9a3dd9,<DecodeFinished>,
-31.0,0.0,92,2026122592,1,K1ABC FN42 33,-30,0,10.140200,0.2603316499989887,0,official WSJT-X 3.0.2; binary SHA256 9e3c2fc14f63c4b4c4e9fcc33b386cd22daf8fe76ce724c5e37f07875e9a3dd9,"0000 -30  0.1  10.140200  0  K1ABC FN42 33 
<DecodeFinished>",
-31.0,0.0,93,2026122593,1,K1ABC FN42 33,-31,0,10.140200,0.23961445599888975,0,official WSJT-X 3.0.2; binary SHA256 9e3c2fc14f63c4b4c4e9fcc33b386cd22daf8fe76ce724c5e37f07875e9a3dd9,"0000 -31  0.1  10.140200  0  K1ABC FN42 33 
<DecodeFinished>",
-31.0,0.0,94,2026122594,1,K1ABC FN42 33,-31,0,10.140200,0.3404226340007881,0,official WSJT-X 3.0.2; binary SHA256 9e3c2fc14f63c4b4c4e9fcc33b386cd22daf8fe76ce724c5e37f07875e9a3dd9,"0000 -31 -0.0  10.140200  0  K1ABC FN42 33 
<DecodeFinished>",
-31.0,0.0,96,2026122596,1,K1ABC FN42 33,-31,0,10.140200,0.18335769000077562,0,official WSJT-X 3.0.2; binary SHA256 9e3c2fc14f63c4b4c4e9fcc33b386cd22daf8fe76ce724c5e37f07875e9a3dd9,"0000 -31  0.1  10.140200  0  K1ABC FN42 33 
<DecodeFinished>",
-31.0,0.0,95,2026122595,1,K1ABC FN42 33,-30,0,10.140200,0.3566035429994372,0,official WSJT-X 3.0.2; binary SHA256 9e3c2fc14f63c4b4c4e9fcc33b386cd22daf8fe76ce724c5e37f07875e9a3dd9,"0000 -30 -0.1  10.140200  0  K1ABC FN42 33 
<DecodeFinished>",
-31.0,0.0,97,2026122597,1,K1ABC FN42 33,-31,0,10.140200,0.24246923799910292,0,official WSJT-X 3.0.2; binary SHA256 9e3c2fc14f63c4b4c4e9fcc33b386cd22daf8fe76ce724c5e37f07875e9a3dd9,"0000 -31 -0.1  10.140200  0  K1ABC FN42 33 
<DecodeFinished>",
-31.0,0.5,0,2026122500,1,K1ABC FN42 33,-31,0,10.140200,0.1612223569991329,0,official WSJT-X 3.0.2; binary SHA256 9e3c2fc14f63c4b4c4e9fcc33b386cd22daf8fe76ce724c5e37f07875e9a3dd9,"0000 -31  0.1  10.140200  0  K1ABC FN42 33 
<DecodeFinished>",
-31.0,0.0,98,2026122598,1,K1ABC FN42 33,-31,0,10.140200,0.3851749479999853,0,official WSJT-X 3.0.2; binary SHA256 9e3c2fc14f63c4b4c4e9fcc33b386cd22daf8fe76ce724c5e37f07875e9a3dd9,"0000 -31 -0.1  10.140200  0  K1ABC FN42 33 
<DecodeFinished>",
-31.0,0.0,99,2026122599,0,,,,,0.5410360839996429,0,official WSJT-X 3.0.2; binary SHA256 9e3c2fc14f63c4b4c4e9fcc33b386cd22daf8fe76ce724c5e37f07875e9a3dd9,<DecodeFinished>,
-31.0,0.5,1,2026122501,0,,,,,0.5579925599995477,0,official WSJT-X 3.0.2; binary SHA256 9e3c2fc14f63c4b4c4e9fcc33b386cd22daf8fe76ce724c5e37f07875e9a3dd9,<DecodeFinished>,
-31.0,0.5,2,2026122502,0,,,,,0.5708107110003766,0,official WSJT-X 3.0.2; binary SHA256 9e3c2fc14f63c4b4c4e9fcc33b386cd22daf8fe76ce724c5e37f07875e9a3dd9,<DecodeFinished>,
-31.0,0.5,3,2026122503,0,,,,,0.6066472980000981,0,official WSJT-X 3.0.2; binary SHA256 9e3c2fc14f63c4b4c4e9fcc33b386cd22daf8fe76ce724c5e37f07875e9a3dd9,<DecodeFinished>,
-31.0,0.5,4,2026122504,0,,,,,0.54853407399969,0,official WSJT-X 3.0.2; binary SHA256 9e3c2fc14f63c4b4c4e9fcc33b386cd22daf8fe76ce724c5e37f07875e9a3dd9,<DecodeFinished>,
-31.0,0.5,5,2026122505,0,,,,,0.5504440019994945,0,official WSJT-X 3.0.2; binary SHA256 9e3c2fc14f63c4b4c4e9fcc33b386cd22daf8fe76ce724c5e37f07875e9a3dd9,<DecodeFinished>,
-31.0,0.5,6,2026122506,0,,,,,0.5416312920006021,0,official WSJT-X 3.0.2; binary SHA256 9e3c2fc14f63c4b4c4e9fcc33b386cd22daf8fe76ce724c5e37f07875e9a3dd9,<DecodeFinished>,
-31.0,0.5,8,2026122508,1,K1ABC FN42 33,-31,0,10.140200,0.27041668399942864,0,official WSJT-X 3.0.2; binary SHA256 9e3c2fc14f63c4b4c4e9fcc33b386cd22daf8fe76ce724c5e37f07875e9a3dd9,"0000 -31  0.1  10.140200  0  K1ABC FN42 33 
<DecodeFinished>",
-31.0,0.5,10,2026122510,0,,,,,0.04904246000114654,0,official WSJT-X 3.0.2; binary SHA256 9e3c2fc14f63c4b4c4e9fcc33b386cd22daf8fe76ce724c5e37f07875e9a3dd9,<DecodeFinished>,
-31.0,0.5,9,2026122509,1,K1ABC FN42 33,-31,0,10.140200,0.2729245800001081,0,official WSJT-X 3.0.2; binary SHA256 9e3c2fc14f63c4b4c4e9fcc33b386cd22daf8fe76ce724c5e37f07875e9a3dd9,"0000 -31  0.1  10.140200  0  K1ABC FN42 33 
<DecodeFinished>",
-31.0,0.5,7,2026122507,0,,,,,0.5391137120004714,0,official WSJT-X 3.0.2; binary SHA256 9e3c2fc14f63c4b4c4e9fcc33b386cd22daf8fe76ce724c5e37f07875e9a3dd9,<DecodeFinished>,
-31.0,0.5,14,2026122514,0,,,,,0.1446194159998413,0,official WSJT-X 3.0.2; binary SHA256 9e3c2fc14f63c4b4c4e9fcc33b386cd22daf8fe76ce724c5e37f07875e9a3dd9,<DecodeFinished>,
-31.0,0.5,11,2026122511,1,K1ABC FN42 33,-31,0,10.140200,0.4736092160001135,0,official WSJT-X 3.0.2; binary SHA256 9e3c2fc14f63c4b4c4e9fcc33b386cd22daf8fe76ce724c5e37f07875e9a3dd9,"0000 -31 -0.0  10.140200  0  K1ABC FN42 33 
<DecodeFinished>",
-31.0,0.5,13,2026122513,0,,,,,0.45373223299975507,0,official WSJT-X 3.0.2; binary SHA256 9e3c2fc14f63c4b4c4e9fcc33b386cd22daf8fe76ce724c5e37f07875e9a3dd9,<DecodeFinished>,
-31.0,0.5,12,2026122512,0,,,,,0.5737182529992424,0,official WSJT-X 3.0.2; binary SHA256 9e3c2fc14f63c4b4c4e9fcc33b386cd22daf8fe76ce724c5e37f07875e9a3dd9,<DecodeFinished>,
-31.0,0.5,17,2026122517,1,K1ABC FN42 33,-31,0,10.140200,0.2593055950001144,0,official WSJT-X 3.0.2; binary SHA256 9e3c2fc14f63c4b4c4e9fcc33b386cd22daf8fe76ce724c5e37f07875e9a3dd9,"0000 -31  0.0  10.140200  0  K1ABC FN42 33 
<DecodeFinished>",
-31.0,0.5,15,2026122515,0,,,,,0.5270033209999383,0,official WSJT-X 3.0.2; binary SHA256 9e3c2fc14f63c4b4c4e9fcc33b386cd22daf8fe76ce724c5e37f07875e9a3dd9,<DecodeFinished>,
-31.0,0.5,18,2026122518,1,K1ABC FN42 33,-31,0,10.140200,0.36605922000126156,0,official WSJT-X 3.0.2; binary SHA256 9e3c2fc14f63c4b4c4e9fcc33b386cd22daf8fe76ce724c5e37f07875e9a3dd9,"0000 -31  0.1  10.140200  0  K1ABC FN42 33 
<DecodeFinished>",
-31.0,0.5,16,2026122516,0,,,,,0.5275841309994576,0,official WSJT-X 3.0.2; binary SHA256 9e3c2fc14f63c4b4c4e9fcc33b386cd22daf8fe76ce724c5e37f07875e9a3dd9,<DecodeFinished>,
-31.0,0.5,21,2026122521,1,K1ABC FN42 33,-31,0,10.140200,0.1451240879996476,0,official WSJT-X 3.0.2; binary SHA256 9e3c2fc14f63c4b4c4e9fcc33b386cd22daf8fe76ce724c5e37f07875e9a3dd9,"0000 -31  0.0  10.140200  0  K1ABC FN42 33 
<DecodeFinished>",
-31.0,0.5,19,2026122519,0,,,,,0.5572854620004364,0,official WSJT-X 3.0.2; binary SHA256 9e3c2fc14f63c4b4c4e9fcc33b386cd22daf8fe76ce724c5e37f07875e9a3dd9,<DecodeFinished>,
-31.0,0.5,20,2026122520,0,,,,,0.5527740500001528,0,official WSJT-X 3.0.2; binary SHA256 9e3c2fc14f63c4b4c4e9fcc33b386cd22daf8fe76ce724c5e37f07875e9a3dd9,<DecodeFinished>,
-31.0,0.5,22,2026122522,0,,,,,0.5730345319989283,0,official WSJT-X 3.0.2; binary SHA256 9e3c2fc14f63c4b4c4e9fcc33b386cd22daf8fe76ce724c5e37f07875e9a3dd9,<DecodeFinished>,
-31.0,0.5,23,2026122523,0,,,,,0.5560873609992996,0,official WSJT-X 3.0.2; binary SHA256 9e3c2fc14f63c4b4c4e9fcc33b386cd22daf8fe76ce724c5e37f07875e9a3dd9,<DecodeFinished>,
-31.0,0.5,25,2026122525,0,,,,,0.5452634960001888,0,official WSJT-X 3.0.2; binary SHA256 9e3c2fc14f63c4b4c4e9fcc33b386cd22daf8fe76ce724c5e37f07875e9a3dd9,<DecodeFinished>,
-31.0,0.5,26,2026122526,0,,,,,0.5501120759981859,0,official WSJT-X 3.0.2; binary SHA256 9e3c2fc14f63c4b4c4e9fcc33b386cd22daf8fe76ce724c5e37f07875e9a3dd9,<DecodeFinished>,
-31.0,0.5,24,2026122524,1,K1ABC FN42 33,-32,0,10.140200,0.7819503319988144,0,official WSJT-X 3.0.2; binary SHA256 9e3c2fc14f63c4b4c4e9fcc33b386cd22daf8fe76ce724c5e37f07875e9a3dd9,"0000 -32  0.1  10.140200  0  K1ABC FN42 33 
<DecodeFinished>",
-31.0,0.5,28,2026122528,1,K1ABC FN42 33,-30,0,10.140200,0.27990297799988184,0,official WSJT-X 3.0.2; binary SHA256 9e3c2fc14f63c4b4c4e9fcc33b386cd22daf8fe76ce724c5e37f07875e9a3dd9,"0000 -30 -0.1  10.140200  0  K1ABC FN42 33 
<DecodeFinished>",
-31.0,0.5,29,2026122529,0,,,,,0.5561215790003189,0,official WSJT-X 3.0.2; binary SHA256 9e3c2fc14f63c4b4c4e9fcc33b386cd22daf8fe76ce724c5e37f07875e9a3dd9,<DecodeFinished>,
-31.0,0.5,30,2026122530,0,,,,,0.5421975789995486,0,official WSJT-X 3.0.2; binary SHA256 9e3c2fc14f63c4b4c4e9fcc33b386cd22daf8fe76ce724c5e37f07875e9a3dd9,<DecodeFinished>,
-31.0,0.5,27,2026122527,0,,,,,1.0534314749984333,0,official WSJT-X 3.0.2; binary SHA256 9e3c2fc14f63c4b4c4e9fcc33b386cd22daf8fe76ce724c5e37f07875e9a3dd9,<DecodeFinished>,
-31.0,0.5,32,2026122532,1,K1ABC FN42 33,-31,0,10.140200,0.04884077399947273,0,official WSJT-X 3.0.2; binary SHA256 9e3c2fc14f63c4b4c4e9fcc33b386cd22daf8fe76ce724c5e37f07875e9a3dd9,"0000 -31  0.0  10.140200  0  K1ABC FN42 33 
<DecodeFinished>",
-31.0,0.5,31,2026122531,0,,,,,0.5370979809995333,0,official WSJT-X 3.0.2; binary SHA256 9e3c2fc14f63c4b4c4e9fcc33b386cd22daf8fe76ce724c5e37f07875e9a3dd9,<DecodeFinished>,
-31.0,0.5,34,2026122534,1,K1ABC FN42 33,-30,0,10.140200,0.2152210179992835,0,official WSJT-X 3.0.2; binary SHA256 9e3c2fc14f63c4b4c4e9fcc33b386cd22daf8fe76ce724c5e37f07875e9a3dd9,"0000 -30  0.1  10.140200  0  K1ABC FN42 33 
<DecodeFinished>",
-31.0,0.5,33,2026122533,0,,,,,0.5415487480004231,0,official WSJT-X 3.0.2; binary SHA256 9e3c2fc14f63c4b4c4e9fcc33b386cd22daf8fe76ce724c5e37f07875e9a3dd9,<DecodeFinished>,
-31.0,0.5,35,2026122535,0,,,,,0.5488783959990542,0,official WSJT-X 3.0.2; binary SHA256 9e3c2fc14f63c4b4c4e9fcc33b386cd22daf8fe76ce724c5e37f07875e9a3dd9,<DecodeFinished>,
-31.0,0.5,36,2026122536,0,,,,,0.5344536550001067,0,official WSJT-X 3.0.2; binary SHA256 9e3c2fc14f63c4b4c4e9fcc33b386cd22daf8fe76ce724c5e37f07875e9a3dd9,<DecodeFinished>,
-31.0,0.5,37,2026122537,0,,,,,0.5485370339993096,0,official WSJT-X 3.0.2; binary SHA256 9e3c2fc14f63c4b4c4e9fcc33b386cd22daf8fe76ce724c5e37f07875e9a3dd9,<DecodeFinished>,
-31.0,0.5,38,2026122538,0,,,,,0.5527047160012444,0,official WSJT-X 3.0.2; binary SHA256 9e3c2fc14f63c4b4c4e9fcc33b386cd22daf8fe76ce724c5e37f07875e9a3dd9,<DecodeFinished>,
-31.0,0.5,39,2026122539,0,,,,,0.5480359949997364,0,official WSJT-X 3.0.2; binary SHA256 9e3c2fc14f63c4b4c4e9fcc33b386cd22daf8fe76ce724c5e37f07875e9a3dd9,<DecodeFinished>,
-31.0,0.5,40,2026122540,0,,,,,0.5631269699988479,0,official WSJT-X 3.0.2; binary SHA256 9e3c2fc14f63c4b4c4e9fcc33b386cd22daf8fe76ce724c5e37f07875e9a3dd9,<DecodeFinished>,
-31.0,0.5,41,2026122541,0,,,,,0.449740407999343,0,official WSJT-X 3.0.2; binary SHA256 9e3c2fc14f63c4b4c4e9fcc33b386cd22daf8fe76ce724c5e37f07875e9a3dd9,<DecodeFinished>,
-31.0,0.5,42,2026122542,0,,,,,0.4367000909987837,0,official WSJT-X 3.0.2; binary SHA256 9e3c2fc14f63c4b4c4e9fcc33b386cd22daf8fe76ce724c5e37f07875e9a3dd9,<DecodeFinished>,
-31.0,0.5,43,2026122543,0,,,,,0.5490963939992071,0,official WSJT-X 3.0.2; binary SHA256 9e3c2fc14f63c4b4c4e9fcc33b386cd22daf8fe76ce724c5e37f07875e9a3dd9,<DecodeFinished>,
-31.0,0.5,44,2026122544,0,,,,,0.5434446050003316,0,official WSJT-X 3.0.2; binary SHA256 9e3c2fc14f63c4b4c4e9fcc33b386cd22daf8fe76ce724c5e37f07875e9a3dd9,<DecodeFinished>,
-31.0,0.5,45,2026122545,0,,,,,0.52499783300118,0,official WSJT-X 3.0.2; binary SHA256 9e3c2fc14f63c4b4c4e9fcc33b386cd22daf8fe76ce724c5e37f07875e9a3dd9,<DecodeFinished>,
-31.0,0.5,46,2026122546,1,K1ABC FN42 33,-31,0,10.140200,0.24856576499951188,0,official WSJT-X 3.0.2; binary SHA256 9e3c2fc14f63c4b4c4e9fcc33b386cd22daf8fe76ce724c5e37f07875e9a3dd9,"0000 -31  0.0  10.140200  0  K1ABC FN42 33 
<DecodeFinished>",
-31.0,0.5,47,2026122547,1,K1ABC FN42 33,-31,0,10.140200,0.2706505800015293,0,official WSJT-X 3.0.2; binary SHA256 9e3c2fc14f63c4b4c4e9fcc33b386cd22daf8fe76ce724c5e37f07875e9a3dd9,"0000 -31  0.1  10.140200  0  K1ABC FN42 33 
<DecodeFinished>",
-31.0,0.5,48,2026122548,0,,,,,0.5328142269991076,0,official WSJT-X 3.0.2; binary SHA256 9e3c2fc14f63c4b4c4e9fcc33b386cd22daf8fe76ce724c5e37f07875e9a3dd9,<DecodeFinished>,
-31.0,0.5,52,2026122552,0,,,,,0.04404148899993743,0,official WSJT-X 3.0.2; binary SHA256 9e3c2fc14f63c4b4c4e9fcc33b386cd22daf8fe76ce724c5e37f07875e9a3dd9,<DecodeFinished>,
-31.0,0.5,49,2026122549,0,,,,,0.546807536000415,0,official WSJT-X 3.0.2; binary SHA256 9e3c2fc14f63c4b4c4e9fcc33b386cd22daf8fe76ce724c5e37f07875e9a3dd9,<DecodeFinished>,
-31.0,0.5,50,2026122550,0,,,,,0.5315881759997865,0,official WSJT-X 3.0.2; binary SHA256 9e3c2fc14f63c4b4c4e9fcc33b386cd22daf8fe76ce724c5e37f07875e9a3dd9,<DecodeFinished>,
-31.0,0.5,51,2026122551,0,,,,,0.5183044499990501,0,official WSJT-X 3.0.2; binary SHA256 9e3c2fc14f63c4b4c4e9fcc33b386cd22daf8fe76ce724c5e37f07875e9a3dd9,<DecodeFinished>,
-31.0,0.5,53,2026122553,0,,,,,0.5308837360007601,0,official WSJT-X 3.0.2; binary SHA256 9e3c2fc14f63c4b4c4e9fcc33b386cd22daf8fe76ce724c5e37f07875e9a3dd9,<DecodeFinished>,
-31.0,0.5,54,2026122554,0,,,,,0.5296918650001317,0,official WSJT-X 3.0.2; binary SHA256 9e3c2fc14f63c4b4c4e9fcc33b386cd22daf8fe76ce724c5e37f07875e9a3dd9,<DecodeFinished>,
-31.0,0.5,55,2026122555,0,,,,,0.5448515259995474,0,official WSJT-X 3.0.2; binary SHA256 9e3c2fc14f63c4b4c4e9fcc33b386cd22daf8fe76ce724c5e37f07875e9a3dd9,<DecodeFinished>,
-31.0,0.5,56,2026122556,0,,,,,0.5517840089996753,0,official WSJT-X 3.0.2; binary SHA256 9e3c2fc14f63c4b4c4e9fcc33b386cd22daf8fe76ce724c5e37f07875e9a3dd9,<DecodeFinished>,
-31.0,0.5,58,2026122558,0,,,,,0.4446191890001501,0,official WSJT-X 3.0.2; binary SHA256 9e3c2fc14f63c4b4c4e9fcc33b386cd22daf8fe76ce724c5e37f07875e9a3dd9,<DecodeFinished>,
-31.0,0.5,60,2026122560,1,K1ABC FN42 33,-32,0,10.140200,0.2861213180003688,0,official WSJT-X 3.0.2; binary SHA256 9e3c2fc14f63c4b4c4e9fcc33b386cd22daf8fe76ce724c5e37f07875e9a3dd9,"0000 -32  0.1  10.140200  0  K1ABC FN42 33 
<DecodeFinished>",
-31.0,0.5,57,2026122557,0,,,,,0.5546854370004439,0,official WSJT-X 3.0.2; binary SHA256 9e3c2fc14f63c4b4c4e9fcc33b386cd22daf8fe76ce724c5e37f07875e9a3dd9,<DecodeFinished>,
-31.0,0.5,59,2026122559,0,,,,,0.5596463110014156,0,official WSJT-X 3.0.2; binary SHA256 9e3c2fc14f63c4b4c4e9fcc33b386cd22daf8fe76ce724c5e37f07875e9a3dd9,<DecodeFinished>,
-31.0,0.5,61,2026122561,0,,,,,0.521163217999856,0,official WSJT-X 3.0.2; binary SHA256 9e3c2fc14f63c4b4c4e9fcc33b386cd22daf8fe76ce724c5e37f07875e9a3dd9,<DecodeFinished>,
-31.0,0.5,64,2026122564,0,,,,,0.4297427769997739,0,official WSJT-X 3.0.2; binary SHA256 9e3c2fc14f63c4b4c4e9fcc33b386cd22daf8fe76ce724c5e37f07875e9a3dd9,<DecodeFinished>,
-31.0,0.5,62,2026122562,0,,,,,0.5498711310010549,0,official WSJT-X 3.0.2; binary SHA256 9e3c2fc14f63c4b4c4e9fcc33b386cd22daf8fe76ce724c5e37f07875e9a3dd9,<DecodeFinished>,
-31.0,0.5,63,2026122563,0,,,,,0.5359605559988267,0,official WSJT-X 3.0.2; binary SHA256 9e3c2fc14f63c4b4c4e9fcc33b386cd22daf8fe76ce724c5e37f07875e9a3dd9,<DecodeFinished>,
-31.0,0.5,68,2026122568,1,K1ABC FN42 33,-31,0,10.140200,0.26620232300047064,0,official WSJT-X 3.0.2; binary SHA256 9e3c2fc14f63c4b4c4e9fcc33b386cd22daf8fe76ce724c5e37f07875e9a3dd9,"0000 -31  0.1  10.140200  0  K1ABC FN42 33 
<DecodeFinished>",
-31.0,0.5,65,2026122565,0,,,,,0.5594953839990922,0,official WSJT-X 3.0.2; binary SHA256 9e3c2fc14f63c4b4c4e9fcc33b386cd22daf8fe76ce724c5e37f07875e9a3dd9,<DecodeFinished>,
-31.0,0.5,66,2026122566,0,,,,,0.5523055129997374,0,official WSJT-X 3.0.2; binary SHA256 9e3c2fc14f63c4b4c4e9fcc33b386cd22daf8fe76ce724c5e37f07875e9a3dd9,<DecodeFinished>,
-31.0,0.5,67,2026122567,0,,,,,0.5525398050012882,0,official WSJT-X 3.0.2; binary SHA256 9e3c2fc14f63c4b4c4e9fcc33b386cd22daf8fe76ce724c5e37f07875e9a3dd9,<DecodeFinished>,
-31.0,0.5,69,2026122569,0,,,,,0.5612364930002514,0,official WSJT-X 3.0.2; binary SHA256 9e3c2fc14f63c4b4c4e9fcc33b386cd22daf8fe76ce724c5e37f07875e9a3dd9,<DecodeFinished>,
-31.0,0.5,70,2026122570,0,,,,,0.4445359909987019,0,official WSJT-X 3.0.2; binary SHA256 9e3c2fc14f63c4b4c4e9fcc33b386cd22daf8fe76ce724c5e37f07875e9a3dd9,<DecodeFinished>,
-31.0,0.5,71,2026122571,0,,,,,0.5579846529999486,0,official WSJT-X 3.0.2; binary SHA256 9e3c2fc14f63c4b4c4e9fcc33b386cd22daf8fe76ce724c5e37f07875e9a3dd9,<DecodeFinished>,
-31.0,0.5,72,2026122572,0,,,,,0.5564153569994232,0,official WSJT-X 3.0.2; binary SHA256 9e3c2fc14f63c4b4c4e9fcc33b386cd22daf8fe76ce724c5e37f07875e9a3dd9,<DecodeFinished>,
-31.0,0.5,75,2026122575,1,K1ABC FN42 33,-30,0,10.140200,0.257271338999999,0,official WSJT-X 3.0.2; binary SHA256 9e3c2fc14f63c4b4c4e9fcc33b386cd22daf8fe76ce724c5e37f07875e9a3dd9,"0000 -30  0.0  10.140200  0  K1ABC FN42 33 
<DecodeFinished>",
-31.0,0.5,73,2026122573,0,,,,,0.5477445989999978,0,official WSJT-X 3.0.2; binary SHA256 9e3c2fc14f63c4b4c4e9fcc33b386cd22daf8fe76ce724c5e37f07875e9a3dd9,<DecodeFinished>,
-31.0,0.5,77,2026122577,1,K1ABC FN42 33,-30,0,10.140200,0.05448303099910845,0,official WSJT-X 3.0.2; binary SHA256 9e3c2fc14f63c4b4c4e9fcc33b386cd22daf8fe76ce724c5e37f07875e9a3dd9,"0000 -30  0.1  10.140200  0  K1ABC FN42 33 
<DecodeFinished>",
-31.0,0.5,74,2026122574,0,,,,,0.5361457700000756,0,official WSJT-X 3.0.2; binary SHA256 9e3c2fc14f63c4b4c4e9fcc33b386cd22daf8fe76ce724c5e37f07875e9a3dd9,<DecodeFinished>,
-31.0,0.5,79,2026122579,1,K1ABC FN42 33,-30,0,10.140200,0.07971953299966117,0,official WSJT-X 3.0.2; binary SHA256 9e3c2fc14f63c4b4c4e9fcc33b386cd22daf8fe76ce724c5e37f07875e9a3dd9,"0000 -30 -0.0  10.140200  0  K1ABC FN42 33 
<DecodeFinished>",
-31.0,0.5,76,2026122576,0,,,,,0.5565010459995392,0,official WSJT-X 3.0.2; binary SHA256 9e3c2fc14f63c4b4c4e9fcc33b386cd22daf8fe76ce724c5e37f07875e9a3dd9,<DecodeFinished>,
-31.0,0.5,78,2026122578,0,,,,,0.5459119769984682,0,official WSJT-X 3.0.2; binary SHA256 9e3c2fc14f63c4b4c4e9fcc33b386cd22daf8fe76ce724c5e37f07875e9a3dd9,<DecodeFinished>,
-31.0,0.5,80,2026122580,0,,,,,0.5453984460000356,0,official WSJT-X 3.0.2; binary SHA256 9e3c2fc14f63c4b4c4e9fcc33b386cd22daf8fe76ce724c5e37f07875e9a3dd9,<DecodeFinished>,
-31.0,0.5,81,2026122581,0,,,,,0.5490705840002192,0,official WSJT-X 3.0.2; binary SHA256 9e3c2fc14f63c4b4c4e9fcc33b386cd22daf8fe76ce724c5e37f07875e9a3dd9,<DecodeFinished>,
-31.0,0.5,82,2026122582,0,,,,,0.5384983990006731,0,official WSJT-X 3.0.2; binary SHA256 9e3c2fc14f63c4b4c4e9fcc33b386cd22daf8fe76ce724c5e37f07875e9a3dd9,<DecodeFinished>,
-31.0,0.5,85,2026122585,1,K1ABC FN42 33,-31,0,10.140200,0.24919561999922735,0,official WSJT-X 3.0.2; binary SHA256 9e3c2fc14f63c4b4c4e9fcc33b386cd22daf8fe76ce724c5e37f07875e9a3dd9,"0000 -31  0.0  10.140200  0  K1ABC FN42 33 
<DecodeFinished>",
-31.0,0.5,83,2026122583,0,,,,,0.5323876729999029,0,official WSJT-X 3.0.2; binary SHA256 9e3c2fc14f63c4b4c4e9fcc33b386cd22daf8fe76ce724c5e37f07875e9a3dd9,<DecodeFinished>,
-31.0,0.5,87,2026122587,1,K1ABC FN42 33,-30,0,10.140200,0.26508888299940736,0,official WSJT-X 3.0.2; binary SHA256 9e3c2fc14f63c4b4c4e9fcc33b386cd22daf8fe76ce724c5e37f07875e9a3dd9,"0000 -30  0.1  10.140200  0  K1ABC FN42 33 
<DecodeFinished>",
-31.0,0.5,84,2026122584,0,,,,,0.5419870329988044,0,official WSJT-X 3.0.2; binary SHA256 9e3c2fc14f63c4b4c4e9fcc33b386cd22daf8fe76ce724c5e37f07875e9a3dd9,<DecodeFinished>,
-31.0,0.5,86,2026122586,0,,,,,0.42978229300024395,0,official WSJT-X 3.0.2; binary SHA256 9e3c2fc14f63c4b4c4e9fcc33b386cd22daf8fe76ce724c5e37f07875e9a3dd9,<DecodeFinished>,
-31.0,0.5,88,2026122588,0,,,,,0.5270523870003672,0,official WSJT-X 3.0.2; binary SHA256 9e3c2fc14f63c4b4c4e9fcc33b386cd22daf8fe76ce724c5e37f07875e9a3dd9,<DecodeFinished>,
-31.0,0.5,89,2026122589,0,,,,,0.5314320190009312,0,official WSJT-X 3.0.2; binary SHA256 9e3c2fc14f63c4b4c4e9fcc33b386cd22daf8fe76ce724c5e37f07875e9a3dd9,<DecodeFinished>,
-31.0,0.5,90,2026122590,0,,,,,0.5344676040003833,0,official WSJT-X 3.0.2; binary SHA256 9e3c2fc14f63c4b4c4e9fcc33b386cd22daf8fe76ce724c5e37f07875e9a3dd9,<DecodeFinished>,
-31.0,0.5,93,2026122593,0,,,,,0.04613748500014481,0,official WSJT-X 3.0.2; binary SHA256 9e3c2fc14f63c4b4c4e9fcc33b386cd22daf8fe76ce724c5e37f07875e9a3dd9,<DecodeFinished>,
-31.0,0.5,91,2026122591,0,,,,,0.5316730520007695,0,official WSJT-X 3.0.2; binary SHA256 9e3c2fc14f63c4b4c4e9fcc33b386cd22daf8fe76ce724c5e37f07875e9a3dd9,<DecodeFinished>,
-31.0,0.5,92,2026122592,0,,,,,0.525809078999373,0,official WSJT-X 3.0.2; binary SHA256 9e3c2fc14f63c4b4c4e9fcc33b386cd22daf8fe76ce724c5e37f07875e9a3dd9,<DecodeFinished>,
-31.0,0.5,96,2026122596,0,,,,,0.42109119099950476,0,official WSJT-X 3.0.2; binary SHA256 9e3c2fc14f63c4b4c4e9fcc33b386cd22daf8fe76ce724c5e37f07875e9a3dd9,<DecodeFinished>,
-31.0,0.5,94,2026122594,0,,,,,0.5264285929988546,0,official WSJT-X 3.0.2; binary SHA256 9e3c2fc14f63c4b4c4e9fcc33b386cd22daf8fe76ce724c5e37f07875e9a3dd9,<DecodeFinished>,
-31.0,0.5,95,2026122595,0,,,,,0.5167679240003054,0,official WSJT-X 3.0.2; binary SHA256 9e3c2fc14f63c4b4c4e9fcc33b386cd22daf8fe76ce724c5e37f07875e9a3dd9,<DecodeFinished>,
-31.0,0.5,97,2026122597,0,,,,,0.5219800619997841,0,official WSJT-X 3.0.2; binary SHA256 9e3c2fc14f63c4b4c4e9fcc33b386cd22daf8fe76ce724c5e37f07875e9a3dd9,<DecodeFinished>,
-31.0,-0.5,0,2026122500,0,,,,,0.43723173699982,0,official WSJT-X 3.0.2; binary SHA256 9e3c2fc14f63c4b4c4e9fcc33b386cd22daf8fe76ce724c5e37f07875e9a3dd9,<DecodeFinished>,
-31.0,0.5,98,2026122598,0,,,,,0.5219047669997963,0,official WSJT-X 3.0.2; binary SHA256 9e3c2fc14f63c4b4c4e9fcc33b386cd22daf8fe76ce724c5e37f07875e9a3dd9,<DecodeFinished>,
-31.0,-0.5,3,2026122503,0,,,,,0.041902000999471056,0,official WSJT-X 3.0.2; binary SHA256 9e3c2fc14f63c4b4c4e9fcc33b386cd22daf8fe76ce724c5e37f07875e9a3dd9,<DecodeFinished>,
-31.0,0.5,99,2026122599,0,,,,,0.5317092289988068,0,official WSJT-X 3.0.2; binary SHA256 9e3c2fc14f63c4b4c4e9fcc33b386cd22daf8fe76ce724c5e37f07875e9a3dd9,<DecodeFinished>,
-31.0,-0.5,1,2026122501,0,,,,,0.5312548059991968,0,official WSJT-X 3.0.2; binary SHA256 9e3c2fc14f63c4b4c4e9fcc33b386cd22daf8fe76ce724c5e37f07875e9a3dd9,<DecodeFinished>,
-31.0,-0.5,2,2026122502,0,,,,,0.5418865449992154,0,official WSJT-X 3.0.2; binary SHA256 9e3c2fc14f63c4b4c4e9fcc33b386cd22daf8fe76ce724c5e37f07875e9a3dd9,<DecodeFinished>,
-31.0,-0.5,5,2026122505,0,,,,,0.5281396710015542,0,official WSJT-X 3.0.2; binary SHA256 9e3c2fc14f63c4b4c4e9fcc33b386cd22daf8fe76ce724c5e37f07875e9a3dd9,<DecodeFinished>,
-31.0,-0.5,4,2026122504,0,,,,,0.5421545079989301,0,official WSJT-X 3.0.2; binary SHA256 9e3c2fc14f63c4b4c4e9fcc33b386cd22daf8fe76ce724c5e37f07875e9a3dd9,<DecodeFinished>,
-31.0,-0.5,6,2026122506,1,K1ABC FN42 33,-30,0,10.140200,0.3715138890001981,0,official WSJT-X 3.0.2; binary SHA256 9e3c2fc14f63c4b4c4e9fcc33b386cd22daf8fe76ce724c5e37f07875e9a3dd9,"0000 -30  0.1  10.140200  0  K1ABC FN42 33 
<DecodeFinished>",
-31.0,-0.5,10,2026122510,0,,,,,0.04089508699871658,0,official WSJT-X 3.0.2; binary SHA256 9e3c2fc14f63c4b4c4e9fcc33b386cd22daf8fe76ce724c5e37f07875e9a3dd9,<DecodeFinished>,
-31.0,-0.5,7,2026122507,0,,,,,0.4374510210000153,0,official WSJT-X 3.0.2; binary SHA256 9e3c2fc14f63c4b4c4e9fcc33b386cd22daf8fe76ce724c5e37f07875e9a3dd9,<DecodeFinished>,
-31.0,-0.5,8,2026122508,0,,,,,0.5347301839992724,0,official WSJT-X 3.0.2; binary SHA256 9e3c2fc14f63c4b4c4e9fcc33b386cd22daf8fe76ce724c5e37f07875e9a3dd9,<DecodeFinished>,
-31.0,-0.5,9,2026122509,0,,,,,0.5352656079994631,0,official WSJT-X 3.0.2; binary SHA256 9e3c2fc14f63c4b4c4e9fcc33b386cd22daf8fe76ce724c5e37f07875e9a3dd9,<DecodeFinished>,
-31.0,-0.5,11,2026122511,1,K1ABC FN42 33,-30,0,10.140200,0.2763950959997601,0,official WSJT-X 3.0.2; binary SHA256 9e3c2fc14f63c4b4c4e9fcc33b386cd22daf8fe76ce724c5e37f07875e9a3dd9,"0000 -30 -0.0  10.140200  0  K1ABC FN42 33 
<DecodeFinished>",
-31.0,-0.5,12,2026122512,0,,,,,0.5477816610000446,0,official WSJT-X 3.0.2; binary SHA256 9e3c2fc14f63c4b4c4e9fcc33b386cd22daf8fe76ce724c5e37f07875e9a3dd9,<DecodeFinished>,
-31.0,-0.5,13,2026122513,0,,,,,0.43708505399990827,0,official WSJT-X 3.0.2; binary SHA256 9e3c2fc14f63c4b4c4e9fcc33b386cd22daf8fe76ce724c5e37f07875e9a3dd9,<DecodeFinished>,
-31.0,-0.5,14,2026122514,0,,,,,0.5271605889993225,0,official WSJT-X 3.0.2; binary SHA256 9e3c2fc14f63c4b4c4e9fcc33b386cd22daf8fe76ce724c5e37f07875e9a3dd9,<DecodeFinished>,
-31.0,-0.5,15,2026122515,0,,,,,0.5213097260002542,0,official WSJT-X 3.0.2; binary SHA256 9e3c2fc14f63c4b4c4e9fcc33b386cd22daf8fe76ce724c5e37f07875e9a3dd9,<DecodeFinished>,
-31.0,-0.5,17,2026122517,1,K1ABC FN42 33,-30,0,10.140200,0.2424334879997332,0,official WSJT-X 3.0.2; binary SHA256 9e3c2fc14f63c4b4c4e9fcc33b386cd22daf8fe76ce724c5e37f07875e9a3dd9,"0000 -30  0.0  10.140200  0  K1ABC FN42 33 
<DecodeFinished>",
-31.0,-0.5,16,2026122516,0,,,,,0.5216170200001216,0,official WSJT-X 3.0.2; binary SHA256 9e3c2fc14f63c4b4c4e9fcc33b386cd22daf8fe76ce724c5e37f07875e9a3dd9,<DecodeFinished>,
-31.0,-0.5,18,2026122518,0,,,,,0.4327828759996919,0,official WSJT-X 3.0.2; binary SHA256 9e3c2fc14f63c4b4c4e9fcc33b386cd22daf8fe76ce724c5e37f07875e9a3dd9,<DecodeFinished>,
-31.0,-0.5,19,2026122519,0,,,,,0.5149130810004863,0,official WSJT-X 3.0.2; binary SHA256 9e3c2fc14f63c4b4c4e9fcc33b386cd22daf8fe76ce724c5e37f07875e9a3dd9,<DecodeFinished>,
-31.0,-0.5,21,2026122521,1,K1ABC FN42 33,-31,0,10.140200,0.23814349799977208,0,official WSJT-X 3.0.2; binary SHA256 9e3c2fc14f63c4b4c4e9fcc33b386cd22daf8fe76ce724c5e37f07875e9a3dd9,"0000 -31  0.0  10.140200  0  K1ABC FN42 33 
<DecodeFinished>",
-31.0,-0.5,20,2026122520,0,,,,,0.5146230910013401,0,official WSJT-X 3.0.2; binary SHA256 9e3c2fc14f63c4b4c4e9fcc33b386cd22daf8fe76ce724c5e37f07875e9a3dd9,<DecodeFinished>,
-31.0,-0.5,22,2026122522,0,,,,,0.5285860899984982,0,official WSJT-X 3.0.2; binary SHA256 9e3c2fc14f63c4b4c4e9fcc33b386cd22daf8fe76ce724c5e37f07875e9a3dd9,<DecodeFinished>,
-31.0,-0.5,23,2026122523,0,,,,,0.5296102359989163,0,official WSJT-X 3.0.2; binary SHA256 9e3c2fc14f63c4b4c4e9fcc33b386cd22daf8fe76ce724c5e37f07875e9a3dd9,<DecodeFinished>,
-31.0,-0.5,26,2026122526,0,,,,,0.5311218759998155,0,official WSJT-X 3.0.2; binary SHA256 9e3c2fc14f63c4b4c4e9fcc33b386cd22daf8fe76ce724c5e37f07875e9a3dd9,<DecodeFinished>,
-31.0,-0.5,24,2026122524,0,,,,,0.9085967200007872,0,official WSJT-X 3.0.2; binary SHA256 9e3c2fc14f63c4b4c4e9fcc33b386cd22daf8fe76ce724c5e37f07875e9a3dd9,<DecodeFinished>,
-31.0,-0.5,25,2026122525,0,,,,,1.0070457410001836,0,official WSJT-X 3.0.2; binary SHA256 9e3c2fc14f63c4b4c4e9fcc33b386cd22daf8fe76ce724c5e37f07875e9a3dd9,<DecodeFinished>,
-31.0,-0.5,27,2026122527,1,K1ABC FN42 33,-31,0,10.140200,0.7378446500006248,0,official WSJT-X 3.0.2; binary SHA256 9e3c2fc14f63c4b4c4e9fcc33b386cd22daf8fe76ce724c5e37f07875e9a3dd9,"0000 -31  0.0  10.140200  0  K1ABC FN42 33 
<DecodeFinished>",
-31.0,-0.5,30,2026122530,1,K1ABC FN42 33,-31,0,10.140200,0.24506939299863006,0,official WSJT-X 3.0.2; binary SHA256 9e3c2fc14f63c4b4c4e9fcc33b386cd22daf8fe76ce724c5e37f07875e9a3dd9,"0000 -31  0.0  10.140200  0  K1ABC FN42 33 
<DecodeFinished>",
-31.0,-0.5,28,2026122528,0,,,,,0.5595314540005347,0,official WSJT-X 3.0.2; binary SHA256 9e3c2fc14f63c4b4c4e9fcc33b386cd22daf8fe76ce724c5e37f07875e9a3dd9,<DecodeFinished>,
-31.0,-0.5,29,2026122529,0,,,,,0.5341539029996056,0,official WSJT-X 3.0.2; binary SHA256 9e3c2fc14f63c4b4c4e9fcc33b386cd22daf8fe76ce724c5e37f07875e9a3dd9,<DecodeFinished>,
-31.0,-0.5,34,2026122534,0,,,,,0.04485686199950578,0,official WSJT-X 3.0.2; binary SHA256 9e3c2fc14f63c4b4c4e9fcc33b386cd22daf8fe76ce724c5e37f07875e9a3dd9,<DecodeFinished>,
-31.0,-0.5,31,2026122531,0,,,,,0.5242241510004533,0,official WSJT-X 3.0.2; binary SHA256 9e3c2fc14f63c4b4c4e9fcc33b386cd22daf8fe76ce724c5e37f07875e9a3dd9,<DecodeFinished>,
-31.0,-0.5,32,2026122532,0,,,,,0.5168720589990698,0,official WSJT-X 3.0.2; binary SHA256 9e3c2fc14f63c4b4c4e9fcc33b386cd22daf8fe76ce724c5e37f07875e9a3dd9,<DecodeFinished>,
-31.0,-0.5,35,2026122535,0,,,,,0.4427995909991296,0,official WSJT-X 3.0.2; binary SHA256 9e3c2fc14f63c4b4c4e9fcc33b386cd22daf8fe76ce724c5e37f07875e9a3dd9,<DecodeFinished>,
-31.0,-0.5,33,2026122533,0,,,,,0.5098060760010412,0,official WSJT-X 3.0.2; binary SHA256 9e3c2fc14f63c4b4c4e9fcc33b386cd22daf8fe76ce724c5e37f07875e9a3dd9,<DecodeFinished>,
-31.0,-0.5,36,2026122536,0,,,,,0.5141327259989339,0,official WSJT-X 3.0.2; binary SHA256 9e3c2fc14f63c4b4c4e9fcc33b386cd22daf8fe76ce724c5e37f07875e9a3dd9,<DecodeFinished>,
-31.0,-0.5,37,2026122537,0,,,,,0.503138908999972,0,official WSJT-X 3.0.2; binary SHA256 9e3c2fc14f63c4b4c4e9fcc33b386cd22daf8fe76ce724c5e37f07875e9a3dd9,<DecodeFinished>,
-31.0,-0.5,41,2026122541,1,K1ABC FN42 33,-30,0,10.140200,0.07190302600065479,0,official WSJT-X 3.0.2; binary SHA256 9e3c2fc14f63c4b4c4e9fcc33b386cd22daf8fe76ce724c5e37f07875e9a3dd9,"0000 -30 -0.1  10.140200  0  K1ABC FN42 33 
<DecodeFinished>",
-31.0,-0.5,38,2026122538,0,,,,,0.5141704990001017,0,official WSJT-X 3.0.2; binary SHA256 9e3c2fc14f63c4b4c4e9fcc33b386cd22daf8fe76ce724c5e37f07875e9a3dd9,<DecodeFinished>,
-31.0,-0.5,39,2026122539,0,,,,,0.5424848990005557,0,official WSJT-X 3.0.2; binary SHA256 9e3c2fc14f63c4b4c4e9fcc33b386cd22daf8fe76ce724c5e37f07875e9a3dd9,<DecodeFinished>,
-31.0,-0.5,40,2026122540,0,,,,,0.507134297000448,0,official WSJT-X 3.0.2; binary SHA256 9e3c2fc14f63c4b4c4e9fcc33b386cd22daf8fe76ce724c5e37f07875e9a3dd9,<DecodeFinished>,
-31.0,-0.5,42,2026122542,0,,,,,0.4178545029990346,0,official WSJT-X 3.0.2; binary SHA256 9e3c2fc14f63c4b4c4e9fcc33b386cd22daf8fe76ce724c5e37f07875e9a3dd9,<DecodeFinished>,
-31.0,-0.5,45,2026122545,0,,,,,0.0444123959987337,0,official WSJT-X 3.0.2; binary SHA256 9e3c2fc14f63c4b4c4e9fcc33b386cd22daf8fe76ce724c5e37f07875e9a3dd9,<DecodeFinished>,
-31.0,-0.5,44,2026122544,0,,,,,0.40871726800105534,0,official WSJT-X 3.0.2; binary SHA256 9e3c2fc14f63c4b4c4e9fcc33b386cd22daf8fe76ce724c5e37f07875e9a3dd9,<DecodeFinished>,
-31.0,-0.5,43,2026122543,0,,,,,0.5086791869998706,0,official WSJT-X 3.0.2; binary SHA256 9e3c2fc14f63c4b4c4e9fcc33b386cd22daf8fe76ce724c5e37f07875e9a3dd9,<DecodeFinished>,
-31.0,-0.5,46,2026122546,1,K1ABC FN42 33,-31,0,10.140200,0.2496291970001039,0,official WSJT-X 3.0.2; binary SHA256 9e3c2fc14f63c4b4c4e9fcc33b386cd22daf8fe76ce724c5e37f07875e9a3dd9,"0000 -31  0.1  10.140200  0  K1ABC FN42 33 
<DecodeFinished>",
-31.0,-0.5,47,2026122547,1,K1ABC FN42 33,-30,0,10.140200,0.2718294189999142,0,official WSJT-X 3.0.2; binary SHA256 9e3c2fc14f63c4b4c4e9fcc33b386cd22daf8fe76ce724c5e37f07875e9a3dd9,"0000 -30 -0.1  10.140200  0  K1ABC FN42 33 
<DecodeFinished>",
-31.0,-0.5,50,2026122550,1,K1ABC FN42 33,-32,0,10.140200,0.23517564000030688,0,official WSJT-X 3.0.2; binary SHA256 9e3c2fc14f63c4b4c4e9fcc33b386cd22daf8fe76ce724c5e37f07875e9a3dd9,"0000 -32  0.0  10.140200  0  K1ABC FN42 33 
<DecodeFinished>",
-31.0,-0.5,48,2026122548,0,,,,,0.5127536370000598,0,official WSJT-X 3.0.2; binary SHA256 9e3c2fc14f63c4b4c4e9fcc33b386cd22daf8fe76ce724c5e37f07875e9a3dd9,<DecodeFinished>,
-31.0,-0.5,52,2026122552,0,,,,,0.14090862100056256,0,official WSJT-X 3.0.2; binary SHA256 9e3c2fc14f63c4b4c4e9fcc33b386cd22daf8fe76ce724c5e37f07875e9a3dd9,<DecodeFinished>,
-31.0,-0.5,49,2026122549,0,,,,,0.5318025169999601,0,official WSJT-X 3.0.2; binary SHA256 9e3c2fc14f63c4b4c4e9fcc33b386cd22daf8fe76ce724c5e37f07875e9a3dd9,<DecodeFinished>,
-31.0,-0.5,55,2026122555,1,K1ABC FN42 33,-31,0,10.140200,0.045826797000700026,0,official WSJT-X 3.0.2; binary SHA256 9e3c2fc14f63c4b4c4e9fcc33b386cd22daf8fe76ce724c5e37f07875e9a3dd9,"0000 -31 -0.0  10.140200  0  K1ABC FN42 33 
<DecodeFinished>",
-31.0,-0.5,51,2026122551,0,,,,,0.515520306000326,0,official WSJT-X 3.0.2; binary SHA256 9e3c2fc14f63c4b4c4e9fcc33b386cd22daf8fe76ce724c5e37f07875e9a3dd9,<DecodeFinished>,
-31.0,-0.5,56,2026122556,1,K1ABC FN42 33,-30,0,10.140200,0.0842378050001571,0,official WSJT-X 3.0.2; binary SHA256 9e3c2fc14f63c4b4c4e9fcc33b386cd22daf8fe76ce724c5e37f07875e9a3dd9,"0000 -30 -0.0  10.140200  0  K1ABC FN42 33 
<DecodeFinished>",
-31.0,-0.5,53,2026122553,0,,,,,0.5161555929989845,0,official WSJT-X 3.0.2; binary SHA256 9e3c2fc14f63c4b4c4e9fcc33b386cd22daf8fe76ce724c5e37f07875e9a3dd9,<DecodeFinished>,
-31.0,-0.5,54,2026122554,0,,,,,0.5131375289984135,0,official WSJT-X 3.0.2; binary SHA256 9e3c2fc14f63c4b4c4e9fcc33b386cd22daf8fe76ce724c5e37f07875e9a3dd9,<DecodeFinished>,
-31.0,-0.5,59,2026122559,1,K1ABC FN42 33,-31,0,10.140200,0.08242106399848126,0,official WSJT-X 3.0.2; binary SHA256 9e3c2fc14f63c4b4c4e9fcc33b386cd22daf8fe76ce724c5e37f07875e9a3dd9,"0000 -31 -0.0  10.140200  0  K1ABC FN42 33 
<DecodeFinished>",
-31.0,-0.5,58,2026122558,0,,,,,0.41179004199875635,0,official WSJT-X 3.0.2; binary SHA256 9e3c2fc14f63c4b4c4e9fcc33b386cd22daf8fe76ce724c5e37f07875e9a3dd9,<DecodeFinished>,
-31.0,-0.5,57,2026122557,0,,,,,0.4373863290002191,0,official WSJT-X 3.0.2; binary SHA256 9e3c2fc14f63c4b4c4e9fcc33b386cd22daf8fe76ce724c5e37f07875e9a3dd9,<DecodeFinished>,
-31.0,-0.5,61,2026122561,1,K1ABC FN42 33,-31,0,10.140200,0.2708922120000352,0,official WSJT-X 3.0.2; binary SHA256 9e3c2fc14f63c4b4c4e9fcc33b386cd22daf8fe76ce724c5e37f07875e9a3dd9,"0000 -31 -0.1  10.140200  0  K1ABC FN42 33 
<DecodeFinished>",
-31.0,-0.5,63,2026122563,1,K1ABC FN42 33,-30,0,10.140200,0.27261033799914003,0,official WSJT-X 3.0.2; binary SHA256 9e3c2fc14f63c4b4c4e9fcc33b386cd22daf8fe76ce724c5e37f07875e9a3dd9,"0000 -30  0.1  10.140200  0  K1ABC FN42 33 
<DecodeFinished>",
-31.0,-0.5,60,2026122560,0,,,,,0.5037607450012729,0,official WSJT-X 3.0.2; binary SHA256 9e3c2fc14f63c4b4c4e9fcc33b386cd22daf8fe76ce724c5e37f07875e9a3dd9,<DecodeFinished>,
-31.0,-0.5,62,2026122562,0,,,,,0.43015173300045717,0,official WSJT-X 3.0.2; binary SHA256 9e3c2fc14f63c4b4c4e9fcc33b386cd22daf8fe76ce724c5e37f07875e9a3dd9,<DecodeFinished>,
-31.0,-0.5,64,2026122564,1,K1ABC FN42 33,-31,0,10.140200,0.2343931529994734,0,official WSJT-X 3.0.2; binary SHA256 9e3c2fc14f63c4b4c4e9fcc33b386cd22daf8fe76ce724c5e37f07875e9a3dd9,"0000 -31  0.0  10.140200  0  K1ABC FN42 33 
<DecodeFinished>",
-31.0,-0.5,67,2026122567,1,K1ABC FN42 33,-30,0,10.140200,0.3307124950006255,0,official WSJT-X 3.0.2; binary SHA256 9e3c2fc14f63c4b4c4e9fcc33b386cd22daf8fe76ce724c5e37f07875e9a3dd9,"0000 -30 -0.1  10.140200  0  K1ABC FN42 33 
<DecodeFinished>",
-31.0,-0.5,65,2026122565,0,,,,,0.5189153439987422,0,official WSJT-X 3.0.2; binary SHA256 9e3c2fc14f63c4b4c4e9fcc33b386cd22daf8fe76ce724c5e37f07875e9a3dd9,<DecodeFinished>,
-31.0,-0.5,66,2026122566,0,,,,,0.5023873430000094,0,official WSJT-X 3.0.2; binary SHA256 9e3c2fc14f63c4b4c4e9fcc33b386cd22daf8fe76ce724c5e37f07875e9a3dd9,<DecodeFinished>,
-31.0,-0.5,68,2026122568,0,,,,,0.5100682340016647,0,official WSJT-X 3.0.2; binary SHA256 9e3c2fc14f63c4b4c4e9fcc33b386cd22daf8fe76ce724c5e37f07875e9a3dd9,<DecodeFinished>,
-31.0,-0.5,69,2026122569,0,,,,,0.5209485089999362,0,official WSJT-X 3.0.2; binary SHA256 9e3c2fc14f63c4b4c4e9fcc33b386cd22daf8fe76ce724c5e37f07875e9a3dd9,<DecodeFinished>,
-31.0,-0.5,70,2026122570,0,,,,,0.5001119600001402,0,official WSJT-X 3.0.2; binary SHA256 9e3c2fc14f63c4b4c4e9fcc33b386cd22daf8fe76ce724c5e37f07875e9a3dd9,<DecodeFinished>,
-31.0,-0.5,71,2026122571,0,,,,,0.5408557350001502,0,official WSJT-X 3.0.2; binary SHA256 9e3c2fc14f63c4b4c4e9fcc33b386cd22daf8fe76ce724c5e37f07875e9a3dd9,<DecodeFinished>,
-31.0,-0.5,72,2026122572,0,,,,,0.513126634999935,0,official WSJT-X 3.0.2; binary SHA256 9e3c2fc14f63c4b4c4e9fcc33b386cd22daf8fe76ce724c5e37f07875e9a3dd9,<DecodeFinished>,
-31.0,-0.5,73,2026122573,1,K1ABC FN42 33,-30,0,10.140200,0.26951805699900433,0,official WSJT-X 3.0.2; binary SHA256 9e3c2fc14f63c4b4c4e9fcc33b386cd22daf8fe76ce724c5e37f07875e9a3dd9,"0000 -30  0.1  10.140200  0  K1ABC FN42 33 
<DecodeFinished>",
-31.0,-0.5,74,2026122574,1,K1ABC FN42 33,-29,0,10.140200,0.2783341220001603,0,official WSJT-X 3.0.2; binary SHA256 9e3c2fc14f63c4b4c4e9fcc33b386cd22daf8fe76ce724c5e37f07875e9a3dd9,"0000 -29 -0.1  10.140200  0  K1ABC FN42 33 
<DecodeFinished>",
-31.0,-0.5,75,2026122575,0,,,,,0.4096191680000629,0,official WSJT-X 3.0.2; binary SHA256 9e3c2fc14f63c4b4c4e9fcc33b386cd22daf8fe76ce724c5e37f07875e9a3dd9,<DecodeFinished>,
-31.0,-0.5,79,2026122579,0,,,,,0.04428438799914147,0,official WSJT-X 3.0.2; binary SHA256 9e3c2fc14f63c4b4c4e9fcc33b386cd22daf8fe76ce724c5e37f07875e9a3dd9,<DecodeFinished>,
-31.0,-0.5,76,2026122576,0,,,,,0.518816252999386,0,official WSJT-X 3.0.2; binary SHA256 9e3c2fc14f63c4b4c4e9fcc33b386cd22daf8fe76ce724c5e37f07875e9a3dd9,<DecodeFinished>,
-31.0,-0.5,80,2026122580,1,K1ABC FN42 33,-31,0,10.140200,0.124662033000277,0,official WSJT-X 3.0.2; binary SHA256 9e3c2fc14f63c4b4c4e9fcc33b386cd22daf8fe76ce724c5e37f07875e9a3dd9,"0000 -31  0.1  10.140200  0  K1ABC FN42 33 
<DecodeFinished>",
-31.0,-0.5,77,2026122577,0,,,,,0.5105094030004693,0,official WSJT-X 3.0.2; binary SHA256 9e3c2fc14f63c4b4c4e9fcc33b386cd22daf8fe76ce724c5e37f07875e9a3dd9,<DecodeFinished>,
-31.0,-0.5,82,2026122582,1,K1ABC FN42 33,-30,0,10.140200,0.05757760800042888,0,official WSJT-X 3.0.2; binary SHA256 9e3c2fc14f63c4b4c4e9fcc33b386cd22daf8fe76ce724c5e37f07875e9a3dd9,"0000 -30 -0.0  10.140200  0  K1ABC FN42 33 
<DecodeFinished>",
-31.0,-0.5,81,2026122581,1,K1ABC FN42 33,-30,0,10.140200,0.2585266790010792,0,official WSJT-X 3.0.2; binary SHA256 9e3c2fc14f63c4b4c4e9fcc33b386cd22daf8fe76ce724c5e37f07875e9a3dd9,"0000 -30  0.1  10.140200  0  K1ABC FN42 33 
<DecodeFinished>",
-31.0,-0.5,83,2026122583,1,K1ABC FN42 33,-31,0,10.140200,0.3742184449984052,0,official WSJT-X 3.0.2; binary SHA256 9e3c2fc14f63c4b4c4e9fcc33b386cd22daf8fe76ce724c5e37f07875e9a3dd9,"0000 -31  0.1  10.140200  0  K1ABC FN42 33 
<DecodeFinished>",
-31.0,-0.5,78,2026122578,0,,,,,0.8809341809992475,0,official WSJT-X 3.0.2; binary SHA256 9e3c2fc14f63c4b4c4e9fcc33b386cd22daf8fe76ce724c5e37f07875e9a3dd9,<DecodeFinished>,
-31.0,-0.5,85,2026122585,1,K1ABC FN42 33,-31,0,10.140200,0.2596755230006238,0,official WSJT-X 3.0.2; binary SHA256 9e3c2fc14f63c4b4c4e9fcc33b386cd22daf8fe76ce724c5e37f07875e9a3dd9,"0000 -31 -0.1  10.140200  0  K1ABC FN42 33 
<DecodeFinished>",
-31.0,-0.5,84,2026122584,0,,,,,0.5285299639999721,0,official WSJT-X 3.0.2; binary SHA256 9e3c2fc14f63c4b4c4e9fcc33b386cd22daf8fe76ce724c5e37f07875e9a3dd9,<DecodeFinished>,
-31.0,-0.5,87,2026122587,1,K1ABC FN42 33,-31,0,10.140200,0.26072666400068556,0,official WSJT-X 3.0.2; binary SHA256 9e3c2fc14f63c4b4c4e9fcc33b386cd22daf8fe76ce724c5e37f07875e9a3dd9,"0000 -31  0.1  10.140200  0  K1ABC FN42 33 
<DecodeFinished>",
-31.0,-0.5,90,2026122590,1,K1ABC FN42 33,-31,0,10.140200,0.07681467899965355,0,official WSJT-X 3.0.2; binary SHA256 9e3c2fc14f63c4b4c4e9fcc33b386cd22daf8fe76ce724c5e37f07875e9a3dd9,"0000 -31 -0.1  10.140200  0  K1ABC FN42 33 
<DecodeFinished>",
-31.0,-0.5,86,2026122586,0,,,,,0.42837715499990736,0,official WSJT-X 3.0.2; binary SHA256 9e3c2fc14f63c4b4c4e9fcc33b386cd22daf8fe76ce724c5e37f07875e9a3dd9,<DecodeFinished>,
-31.0,-0.5,88,2026122588,0,,,,,0.5171686079993378,0,official WSJT-X 3.0.2; binary SHA256 9e3c2fc14f63c4b4c4e9fcc33b386cd22daf8fe76ce724c5e37f07875e9a3dd9,<DecodeFinished>,
-31.0,-0.5,91,2026122591,1,K1ABC FN42 33,-30,0,10.140200,0.33252755099965725,0,official WSJT-X 3.0.2; binary SHA256 9e3c2fc14f63c4b4c4e9fcc33b386cd22daf8fe76ce724c5e37f07875e9a3dd9,"0000 -30 -0.0  10.140200  0  K1ABC FN42 33 
<DecodeFinished>",
-31.0,-0.5,89,2026122589,0,,,,,0.5079822150000837,0,official WSJT-X 3.0.2; binary SHA256 9e3c2fc14f63c4b4c4e9fcc33b386cd22daf8fe76ce724c5e37f07875e9a3dd9,<DecodeFinished>,
-31.0,-0.5,92,2026122592,0,,,,,0.5421097050002572,0,official WSJT-X 3.0.2; binary SHA256 9e3c2fc14f63c4b4c4e9fcc33b386cd22daf8fe76ce724c5e37f07875e9a3dd9,<DecodeFinished>,
-31.0,-0.5,93,2026122593,0,,,,,0.523251803999301,0,official WSJT-X 3.0.2; binary SHA256 9e3c2fc14f63c4b4c4e9fcc33b386cd22daf8fe76ce724c5e37f07875e9a3dd9,<DecodeFinished>,
-31.0,-0.5,95,2026122595,0,,,,,0.5302838359984889,0,official WSJT-X 3.0.2; binary SHA256 9e3c2fc14f63c4b4c4e9fcc33b386cd22daf8fe76ce724c5e37f07875e9a3dd9,<DecodeFinished>,
-31.0,-0.5,94,2026122594,0,,,,,0.5433262380011001,0,official WSJT-X 3.0.2; binary SHA256 9e3c2fc14f63c4b4c4e9fcc33b386cd22daf8fe76ce724c5e37f07875e9a3dd9,<DecodeFinished>,
-31.0,-0.5,96,2026122596,0,,,,,0.4156126760008192,0,official WSJT-X 3.0.2; binary SHA256 9e3c2fc14f63c4b4c4e9fcc33b386cd22daf8fe76ce724c5e37f07875e9a3dd9,<DecodeFinished>,
-31.0,-0.5,97,2026122597,1,K1ABC FN42 33,-31,0,10.140200,0.29050898000059533,0,official WSJT-X 3.0.2; binary SHA256 9e3c2fc14f63c4b4c4e9fcc33b386cd22daf8fe76ce724c5e37f07875e9a3dd9,"0000 -31 -0.1  10.140200  0  K1ABC FN42 33 
<DecodeFinished>",
-31.0,1.0,0,2026122500,0,,,,,0.05476899899986165,0,official WSJT-X 3.0.2; binary SHA256 9e3c2fc14f63c4b4c4e9fcc33b386cd22daf8fe76ce724c5e37f07875e9a3dd9,<DecodeFinished>,
-31.0,1.0,1,2026122501,0,,,,,0.04029407099915261,0,official WSJT-X 3.0.2; binary SHA256 9e3c2fc14f63c4b4c4e9fcc33b386cd22daf8fe76ce724c5e37f07875e9a3dd9,<DecodeFinished>,
-31.0,1.0,2,2026122502,0,,,,,0.044831051000073785,0,official WSJT-X 3.0.2; binary SHA256 9e3c2fc14f63c4b4c4e9fcc33b386cd22daf8fe76ce724c5e37f07875e9a3dd9,<DecodeFinished>,
-31.0,-0.5,98,2026122598,0,,,,,0.5028268139994907,0,official WSJT-X 3.0.2; binary SHA256 9e3c2fc14f63c4b4c4e9fcc33b386cd22daf8fe76ce724c5e37f07875e9a3dd9,<DecodeFinished>,
-31.0,-0.5,99,2026122599,0,,,,,0.5140557239992631,0,official WSJT-X 3.0.2; binary SHA256 9e3c2fc14f63c4b4c4e9fcc33b386cd22daf8fe76ce724c5e37f07875e9a3dd9,<DecodeFinished>,
-31.0,1.0,3,2026122503,0,,,,,0.402998491001199,0,official WSJT-X 3.0.2; binary SHA256 9e3c2fc14f63c4b4c4e9fcc33b386cd22daf8fe76ce724c5e37f07875e9a3dd9,<DecodeFinished>,
-31.0,1.0,4,2026122504,0,,,,,0.41761526099980983,0,official WSJT-X 3.0.2; binary SHA256 9e3c2fc14f63c4b4c4e9fcc33b386cd22daf8fe76ce724c5e37f07875e9a3dd9,<DecodeFinished>,
-31.0,1.0,7,2026122507,0,,,,,0.14291735400001926,0,official WSJT-X 3.0.2; binary SHA256 9e3c2fc14f63c4b4c4e9fcc33b386cd22daf8fe76ce724c5e37f07875e9a3dd9,<DecodeFinished>,
-31.0,1.0,5,2026122505,0,,,,,0.5261551610001334,0,official WSJT-X 3.0.2; binary SHA256 9e3c2fc14f63c4b4c4e9fcc33b386cd22daf8fe76ce724c5e37f07875e9a3dd9,<DecodeFinished>,
-31.0,1.0,6,2026122506,0,,,,,0.5175072929996531,0,official WSJT-X 3.0.2; binary SHA256 9e3c2fc14f63c4b4c4e9fcc33b386cd22daf8fe76ce724c5e37f07875e9a3dd9,<DecodeFinished>,
-31.0,1.0,10,2026122510,0,,,,,0.04884672300067905,0,official WSJT-X 3.0.2; binary SHA256 9e3c2fc14f63c4b4c4e9fcc33b386cd22daf8fe76ce724c5e37f07875e9a3dd9,<DecodeFinished>,
-31.0,1.0,11,2026122511,0,,,,,0.043204578001677874,0,official WSJT-X 3.0.2; binary SHA256 9e3c2fc14f63c4b4c4e9fcc33b386cd22daf8fe76ce724c5e37f07875e9a3dd9,<DecodeFinished>,
-31.0,1.0,8,2026122508,0,,,,,0.5289631549985643,0,official WSJT-X 3.0.2; binary SHA256 9e3c2fc14f63c4b4c4e9fcc33b386cd22daf8fe76ce724c5e37f07875e9a3dd9,<DecodeFinished>,
-31.0,1.0,9,2026122509,0,,,,,0.4984426680002798,0,official WSJT-X 3.0.2; binary SHA256 9e3c2fc14f63c4b4c4e9fcc33b386cd22daf8fe76ce724c5e37f07875e9a3dd9,<DecodeFinished>,
-31.0,1.0,14,2026122514,0,,,,,0.13636256199970376,0,official WSJT-X 3.0.2; binary SHA256 9e3c2fc14f63c4b4c4e9fcc33b386cd22daf8fe76ce724c5e37f07875e9a3dd9,<DecodeFinished>,
-31.0,1.0,12,2026122512,0,,,,,0.512674674999289,0,official WSJT-X 3.0.2; binary SHA256 9e3c2fc14f63c4b4c4e9fcc33b386cd22daf8fe76ce724c5e37f07875e9a3dd9,<DecodeFinished>,
-31.0,1.0,13,2026122513,0,,,,,0.5069598770005541,0,official WSJT-X 3.0.2; binary SHA256 9e3c2fc14f63c4b4c4e9fcc33b386cd22daf8fe76ce724c5e37f07875e9a3dd9,<DecodeFinished>,
-31.0,1.0,17,2026122517,0,,,,,0.14506289699966146,0,official WSJT-X 3.0.2; binary SHA256 9e3c2fc14f63c4b4c4e9fcc33b386cd22daf8fe76ce724c5e37f07875e9a3dd9,<DecodeFinished>,
-31.0,1.0,19,2026122519,0,,,,,0.0392989559986745,0,official WSJT-X 3.0.2; binary SHA256 9e3c2fc14f63c4b4c4e9fcc33b386cd22daf8fe76ce724c5e37f07875e9a3dd9,<DecodeFinished>,
-31.0,1.0,16,2026122516,0,,,,,0.4309597310002573,0,official WSJT-X 3.0.2; binary SHA256 9e3c2fc14f63c4b4c4e9fcc33b386cd22daf8fe76ce724c5e37f07875e9a3dd9,<DecodeFinished>,
-31.0,1.0,21,2026122521,0,,,,,0.040137136000339524,0,official WSJT-X 3.0.2; binary SHA256 9e3c2fc14f63c4b4c4e9fcc33b386cd22daf8fe76ce724c5e37f07875e9a3dd9,<DecodeFinished>,
-31.0,1.0,15,2026122515,0,,,,,0.5274220470000728,0,official WSJT-X 3.0.2; binary SHA256 9e3c2fc14f63c4b4c4e9fcc33b386cd22daf8fe76ce724c5e37f07875e9a3dd9,<DecodeFinished>,
-31.0,1.0,18,2026122518,0,,,,,0.41299802499997895,0,official WSJT-X 3.0.2; binary SHA256 9e3c2fc14f63c4b4c4e9fcc33b386cd22daf8fe76ce724c5e37f07875e9a3dd9,<DecodeFinished>,
-31.0,1.0,20,2026122520,0,,,,,0.5153887839987874,0,official WSJT-X 3.0.2; binary SHA256 9e3c2fc14f63c4b4c4e9fcc33b386cd22daf8fe76ce724c5e37f07875e9a3dd9,<DecodeFinished>,
-31.0,1.0,22,2026122522,0,,,,,0.515922127999147,0,official WSJT-X 3.0.2; binary SHA256 9e3c2fc14f63c4b4c4e9fcc33b386cd22daf8fe76ce724c5e37f07875e9a3dd9,<DecodeFinished>,
-31.0,1.0,23,2026122523,0,,,,,0.511680809999234,0,official WSJT-X 3.0.2; binary SHA256 9e3c2fc14f63c4b4c4e9fcc33b386cd22daf8fe76ce724c5e37f07875e9a3dd9,<DecodeFinished>,
-31.0,1.0,24,2026122524,0,,,,,0.5281848619997618,0,official WSJT-X 3.0.2; binary SHA256 9e3c2fc14f63c4b4c4e9fcc33b386cd22daf8fe76ce724c5e37f07875e9a3dd9,<DecodeFinished>,
-31.0,1.0,25,2026122525,0,,,,,0.5146329360013624,0,official WSJT-X 3.0.2; binary SHA256 9e3c2fc14f63c4b4c4e9fcc33b386cd22daf8fe76ce724c5e37f07875e9a3dd9,<DecodeFinished>,
-31.0,1.0,26,2026122526,0,,,,,0.5073294449994137,0,official WSJT-X 3.0.2; binary SHA256 9e3c2fc14f63c4b4c4e9fcc33b386cd22daf8fe76ce724c5e37f07875e9a3dd9,<DecodeFinished>,
-31.0,1.0,28,2026122528,0,,,,,0.5265023130014015,0,official WSJT-X 3.0.2; binary SHA256 9e3c2fc14f63c4b4c4e9fcc33b386cd22daf8fe76ce724c5e37f07875e9a3dd9,<DecodeFinished>,
-31.0,1.0,29,2026122529,0,,,,,0.5078355059995374,0,official WSJT-X 3.0.2; binary SHA256 9e3c2fc14f63c4b4c4e9fcc33b386cd22daf8fe76ce724c5e37f07875e9a3dd9,<DecodeFinished>,
-31.0,1.0,27,2026122527,0,,,,,0.9883580999994592,0,official WSJT-X 3.0.2; binary SHA256 9e3c2fc14f63c4b4c4e9fcc33b386cd22daf8fe76ce724c5e37f07875e9a3dd9,<DecodeFinished>,
-31.0,1.0,30,2026122530,0,,,,,0.5116889609998907,0,official WSJT-X 3.0.2; binary SHA256 9e3c2fc14f63c4b4c4e9fcc33b386cd22daf8fe76ce724c5e37f07875e9a3dd9,<DecodeFinished>,
-31.0,1.0,34,2026122534,0,,,,,0.04032613799972751,0,official WSJT-X 3.0.2; binary SHA256 9e3c2fc14f63c4b4c4e9fcc33b386cd22daf8fe76ce724c5e37f07875e9a3dd9,<DecodeFinished>,
-31.0,1.0,31,2026122531,0,,,,,0.5211185219995969,0,official WSJT-X 3.0.2; binary SHA256 9e3c2fc14f63c4b4c4e9fcc33b386cd22daf8fe76ce724c5e37f07875e9a3dd9,<DecodeFinished>,
-31.0,1.0,32,2026122532,0,,,,,0.5276442160011356,0,official WSJT-X 3.0.2; binary SHA256 9e3c2fc14f63c4b4c4e9fcc33b386cd22daf8fe76ce724c5e37f07875e9a3dd9,<DecodeFinished>,
-31.0,1.0,33,2026122533,0,,,,,0.5259271550003177,0,official WSJT-X 3.0.2; binary SHA256 9e3c2fc14f63c4b4c4e9fcc33b386cd22daf8fe76ce724c5e37f07875e9a3dd9,<DecodeFinished>,
-31.0,1.0,35,2026122535,0,,,,,0.5294367089991283,0,official WSJT-X 3.0.2; binary SHA256 9e3c2fc14f63c4b4c4e9fcc33b386cd22daf8fe76ce724c5e37f07875e9a3dd9,<DecodeFinished>,
-31.0,1.0,36,2026122536,0,,,,,0.5114265410011285,0,official WSJT-X 3.0.2; binary SHA256 9e3c2fc14f63c4b4c4e9fcc33b386cd22daf8fe76ce724c5e37f07875e9a3dd9,<DecodeFinished>,
-31.0,1.0,37,2026122537,0,,,,,0.5233785279997392,0,official WSJT-X 3.0.2; binary SHA256 9e3c2fc14f63c4b4c4e9fcc33b386cd22daf8fe76ce724c5e37f07875e9a3dd9,<DecodeFinished>,
-31.0,1.0,38,2026122538,0,,,,,0.520926473000145,0,official WSJT-X 3.0.2; binary SHA256 9e3c2fc14f63c4b4c4e9fcc33b386cd22daf8fe76ce724c5e37f07875e9a3dd9,<DecodeFinished>,
-31.0,1.0,41,2026122541,0,,,,,0.040585490000012214,0,official WSJT-X 3.0.2; binary SHA256 9e3c2fc14f63c4b4c4e9fcc33b386cd22daf8fe76ce724c5e37f07875e9a3dd9,<DecodeFinished>,
-31.0,1.0,42,2026122542,0,,,,,0.04457742600061465,0,official WSJT-X 3.0.2; binary SHA256 9e3c2fc14f63c4b4c4e9fcc33b386cd22daf8fe76ce724c5e37f07875e9a3dd9,<DecodeFinished>,
-31.0,1.0,39,2026122539,0,,,,,0.5212169070000527,0,official WSJT-X 3.0.2; binary SHA256 9e3c2fc14f63c4b4c4e9fcc33b386cd22daf8fe76ce724c5e37f07875e9a3dd9,<DecodeFinished>,
-31.0,1.0,40,2026122540,0,,,,,0.5241151180016459,0,official WSJT-X 3.0.2; binary SHA256 9e3c2fc14f63c4b4c4e9fcc33b386cd22daf8fe76ce724c5e37f07875e9a3dd9,<DecodeFinished>,
-31.0,1.0,44,2026122544,0,,,,,0.42888519699954486,0,official WSJT-X 3.0.2; binary SHA256 9e3c2fc14f63c4b4c4e9fcc33b386cd22daf8fe76ce724c5e37f07875e9a3dd9,<DecodeFinished>,
-31.0,1.0,43,2026122543,0,,,,,0.5445661980011209,0,official WSJT-X 3.0.2; binary SHA256 9e3c2fc14f63c4b4c4e9fcc33b386cd22daf8fe76ce724c5e37f07875e9a3dd9,<DecodeFinished>,
-31.0,1.0,45,2026122545,0,,,,,0.5347053020013846,0,official WSJT-X 3.0.2; binary SHA256 9e3c2fc14f63c4b4c4e9fcc33b386cd22daf8fe76ce724c5e37f07875e9a3dd9,<DecodeFinished>,
-31.0,1.0,46,2026122546,0,,,,,0.5301509259988961,0,official WSJT-X 3.0.2; binary SHA256 9e3c2fc14f63c4b4c4e9fcc33b386cd22daf8fe76ce724c5e37f07875e9a3dd9,<DecodeFinished>,
-31.0,1.0,47,2026122547,0,,,,,0.5227288059995772,0,official WSJT-X 3.0.2; binary SHA256 9e3c2fc14f63c4b4c4e9fcc33b386cd22daf8fe76ce724c5e37f07875e9a3dd9,<DecodeFinished>,
-31.0,1.0,48,2026122548,0,,,,,0.5063235289999284,0,official WSJT-X 3.0.2; binary SHA256 9e3c2fc14f63c4b4c4e9fcc33b386cd22daf8fe76ce724c5e37f07875e9a3dd9,<DecodeFinished>,
-31.0,1.0,49,2026122549,0,,,,,0.5131600019994949,0,official WSJT-X 3.0.2; binary SHA256 9e3c2fc14f63c4b4c4e9fcc33b386cd22daf8fe76ce724c5e37f07875e9a3dd9,<DecodeFinished>,
-31.0,1.0,52,2026122552,0,,,,,0.05025332200057164,0,official WSJT-X 3.0.2; binary SHA256 9e3c2fc14f63c4b4c4e9fcc33b386cd22daf8fe76ce724c5e37f07875e9a3dd9,<DecodeFinished>,
-31.0,1.0,50,2026122550,0,,,,,0.4159826279992558,0,official WSJT-X 3.0.2; binary SHA256 9e3c2fc14f63c4b4c4e9fcc33b386cd22daf8fe76ce724c5e37f07875e9a3dd9,<DecodeFinished>,
-31.0,1.0,51,2026122551,0,,,,,0.5111651659990457,0,official WSJT-X 3.0.2; binary SHA256 9e3c2fc14f63c4b4c4e9fcc33b386cd22daf8fe76ce724c5e37f07875e9a3dd9,<DecodeFinished>,
-31.0,1.0,54,2026122554,0,,,,,0.5195968330008327,0,official WSJT-X 3.0.2; binary SHA256 9e3c2fc14f63c4b4c4e9fcc33b386cd22daf8fe76ce724c5e37f07875e9a3dd9,<DecodeFinished>,
-31.0,1.0,55,2026122555,0,,,,,0.5185142919999635,0,official WSJT-X 3.0.2; binary SHA256 9e3c2fc14f63c4b4c4e9fcc33b386cd22daf8fe76ce724c5e37f07875e9a3dd9,<DecodeFinished>,
-31.0,1.0,53,2026122553,0,,,,,0.5933048120004969,0,official WSJT-X 3.0.2; binary SHA256 9e3c2fc14f63c4b4c4e9fcc33b386cd22daf8fe76ce724c5e37f07875e9a3dd9,<DecodeFinished>,
-31.0,1.0,59,2026122559,1,K1ABC FN42 33,-31,0,10.140200,0.07402994199946988,0,official WSJT-X 3.0.2; binary SHA256 9e3c2fc14f63c4b4c4e9fcc33b386cd22daf8fe76ce724c5e37f07875e9a3dd9,"0000 -31 -0.0  10.140200  0  K1ABC FN42 33 
<DecodeFinished>",
-31.0,1.0,56,2026122556,0,,,,,0.5190313220009557,0,official WSJT-X 3.0.2; binary SHA256 9e3c2fc14f63c4b4c4e9fcc33b386cd22daf8fe76ce724c5e37f07875e9a3dd9,<DecodeFinished>,
-31.0,1.0,57,2026122557,0,,,,,0.5278259690003324,0,official WSJT-X 3.0.2; binary SHA256 9e3c2fc14f63c4b4c4e9fcc33b386cd22daf8fe76ce724c5e37f07875e9a3dd9,<DecodeFinished>,
-31.0,1.0,58,2026122558,0,,,,,0.5115217700003996,0,official WSJT-X 3.0.2; binary SHA256 9e3c2fc14f63c4b4c4e9fcc33b386cd22daf8fe76ce724c5e37f07875e9a3dd9,<DecodeFinished>,
-31.0,1.0,62,2026122562,0,,,,,0.04423575300097582,0,official WSJT-X 3.0.2; binary SHA256 9e3c2fc14f63c4b4c4e9fcc33b386cd22daf8fe76ce724c5e37f07875e9a3dd9,<DecodeFinished>,
-31.0,1.0,64,2026122564,0,,,,,0.041445558999839704,0,official WSJT-X 3.0.2; binary SHA256 9e3c2fc14f63c4b4c4e9fcc33b386cd22daf8fe76ce724c5e37f07875e9a3dd9,<DecodeFinished>,
-31.0,1.0,60,2026122560,0,,,,,0.510027786000137,0,official WSJT-X 3.0.2; binary SHA256 9e3c2fc14f63c4b4c4e9fcc33b386cd22daf8fe76ce724c5e37f07875e9a3dd9,<DecodeFinished>,
-31.0,1.0,61,2026122561,0,,,,,0.5316041339992807,0,official WSJT-X 3.0.2; binary SHA256 9e3c2fc14f63c4b4c4e9fcc33b386cd22daf8fe76ce724c5e37f07875e9a3dd9,<DecodeFinished>,
-31.0,1.0,63,2026122563,0,,,,,0.4209303229999932,0,official WSJT-X 3.0.2; binary SHA256 9e3c2fc14f63c4b4c4e9fcc33b386cd22daf8fe76ce724c5e37f07875e9a3dd9,<DecodeFinished>,
-31.0,1.0,68,2026122568,0,,,,,0.04112224999880709,0,official WSJT-X 3.0.2; binary SHA256 9e3c2fc14f63c4b4c4e9fcc33b386cd22daf8fe76ce724c5e37f07875e9a3dd9,<DecodeFinished>,
-31.0,1.0,65,2026122565,0,,,,,0.5181411529993056,0,official WSJT-X 3.0.2; binary SHA256 9e3c2fc14f63c4b4c4e9fcc33b386cd22daf8fe76ce724c5e37f07875e9a3dd9,<DecodeFinished>,
-31.0,1.0,66,2026122566,0,,,,,0.5261755779993109,0,official WSJT-X 3.0.2; binary SHA256 9e3c2fc14f63c4b4c4e9fcc33b386cd22daf8fe76ce724c5e37f07875e9a3dd9,<DecodeFinished>,
-31.0,1.0,70,2026122570,0,,,,,0.04699507400073344,0,official WSJT-X 3.0.2; binary SHA256 9e3c2fc14f63c4b4c4e9fcc33b386cd22daf8fe76ce724c5e37f07875e9a3dd9,<DecodeFinished>,
-31.0,1.0,67,2026122567,0,,,,,0.5220090049988357,0,official WSJT-X 3.0.2; binary SHA256 9e3c2fc14f63c4b4c4e9fcc33b386cd22daf8fe76ce724c5e37f07875e9a3dd9,<DecodeFinished>,
-31.0,1.0,69,2026122569,0,,,,,0.5126778279991413,0,official WSJT-X 3.0.2; binary SHA256 9e3c2fc14f63c4b4c4e9fcc33b386cd22daf8fe76ce724c5e37f07875e9a3dd9,<DecodeFinished>,
-31.0,1.0,71,2026122571,0,,,,,0.5192705219997151,0,official WSJT-X 3.0.2; binary SHA256 9e3c2fc14f63c4b4c4e9fcc33b386cd22daf8fe76ce724c5e37f07875e9a3dd9,<DecodeFinished>,
-31.0,1.0,72,2026122572,0,,,,,0.5163685829993483,0,official WSJT-X 3.0.2; binary SHA256 9e3c2fc14f63c4b4c4e9fcc33b386cd22daf8fe76ce724c5e37f07875e9a3dd9,<DecodeFinished>,
-31.0,1.0,76,2026122576,0,,,,,0.04656138199970883,0,official WSJT-X 3.0.2; binary SHA256 9e3c2fc14f63c4b4c4e9fcc33b386cd22daf8fe76ce724c5e37f07875e9a3dd9,<DecodeFinished>,
-31.0,1.0,77,2026122577,1,K1ABC FN42 33,-30,1,10.140200,0.05769910500021069,0,official WSJT-X 3.0.2; binary SHA256 9e3c2fc14f63c4b4c4e9fcc33b386cd22daf8fe76ce724c5e37f07875e9a3dd9,"0000 -30  0.0  10.140200  1  K1ABC FN42 33 
<DecodeFinished>",
-31.0,1.0,73,2026122573,0,,,,,0.5267708259998471,0,official WSJT-X 3.0.2; binary SHA256 9e3c2fc14f63c4b4c4e9fcc33b386cd22daf8fe76ce724c5e37f07875e9a3dd9,<DecodeFinished>,
-31.0,1.0,79,2026122579,0,,,,,0.04536232700047549,0,official WSJT-X 3.0.2; binary SHA256 9e3c2fc14f63c4b4c4e9fcc33b386cd22daf8fe76ce724c5e37f07875e9a3dd9,<DecodeFinished>,
-31.0,1.0,74,2026122574,0,,,,,0.5271800120008265,0,official WSJT-X 3.0.2; binary SHA256 9e3c2fc14f63c4b4c4e9fcc33b386cd22daf8fe76ce724c5e37f07875e9a3dd9,<DecodeFinished>,
-31.0,1.0,75,2026122575,0,,,,,0.528240215000551,0,official WSJT-X 3.0.2; binary SHA256 9e3c2fc14f63c4b4c4e9fcc33b386cd22daf8fe76ce724c5e37f07875e9a3dd9,<DecodeFinished>,
-31.0,1.0,78,2026122578,0,,,,,0.5219737319985143,0,official WSJT-X 3.0.2; binary SHA256 9e3c2fc14f63c4b4c4e9fcc33b386cd22daf8fe76ce724c5e37f07875e9a3dd9,<DecodeFinished>,
-31.0,1.0,80,2026122580,0,,,,,0.5151151210011449,0,official WSJT-X 3.0.2; binary SHA256 9e3c2fc14f63c4b4c4e9fcc33b386cd22daf8fe76ce724c5e37f07875e9a3dd9,<DecodeFinished>,
-31.0,1.0,81,2026122581,0,,,,,0.521427253001093,0,official WSJT-X 3.0.2; binary SHA256 9e3c2fc14f63c4b4c4e9fcc33b386cd22daf8fe76ce724c5e37f07875e9a3dd9,<DecodeFinished>,
-31.0,1.0,85,2026122585,0,,,,,0.04254047800168337,0,official WSJT-X 3.0.2; binary SHA256 9e3c2fc14f63c4b4c4e9fcc33b386cd22daf8fe76ce724c5e37f07875e9a3dd9,<DecodeFinished>,
-31.0,1.0,82,2026122582,0,,,,,0.42059403200073575,0,official WSJT-X 3.0.2; binary SHA256 9e3c2fc14f63c4b4c4e9fcc33b386cd22daf8fe76ce724c5e37f07875e9a3dd9,<DecodeFinished>,
-31.0,1.0,83,2026122583,0,,,,,0.5205344389996753,0,official WSJT-X 3.0.2; binary SHA256 9e3c2fc14f63c4b4c4e9fcc33b386cd22daf8fe76ce724c5e37f07875e9a3dd9,<DecodeFinished>,
-31.0,1.0,84,2026122584,0,,,,,0.5095315919988934,0,official WSJT-X 3.0.2; binary SHA256 9e3c2fc14f63c4b4c4e9fcc33b386cd22daf8fe76ce724c5e37f07875e9a3dd9,<DecodeFinished>,
-31.0,1.0,86,2026122586,0,,,,,0.5035717260016099,0,official WSJT-X 3.0.2; binary SHA256 9e3c2fc14f63c4b4c4e9fcc33b386cd22daf8fe76ce724c5e37f07875e9a3dd9,<DecodeFinished>,
-31.0,1.0,87,2026122587,0,,,,,0.5052563199988072,0,official WSJT-X 3.0.2; binary SHA256 9e3c2fc14f63c4b4c4e9fcc33b386cd22daf8fe76ce724c5e37f07875e9a3dd9,<DecodeFinished>,
-31.0,1.0,88,2026122588,0,,,,,0.5250930740003241,0,official WSJT-X 3.0.2; binary SHA256 9e3c2fc14f63c4b4c4e9fcc33b386cd22daf8fe76ce724c5e37f07875e9a3dd9,<DecodeFinished>,
-31.0,1.0,89,2026122589,0,,,,,0.49270769199938513,0,official WSJT-X 3.0.2; binary SHA256 9e3c2fc14f63c4b4c4e9fcc33b386cd22daf8fe76ce724c5e37f07875e9a3dd9,<DecodeFinished>,
-31.0,1.0,90,2026122590,0,,,,,0.42598529899987625,0,official WSJT-X 3.0.2; binary SHA256 9e3c2fc14f63c4b4c4e9fcc33b386cd22daf8fe76ce724c5e37f07875e9a3dd9,<DecodeFinished>,
-31.0,1.0,93,2026122593,0,,,,,0.044309156999588595,0,official WSJT-X 3.0.2; binary SHA256 9e3c2fc14f63c4b4c4e9fcc33b386cd22daf8fe76ce724c5e37f07875e9a3dd9,<DecodeFinished>,
-31.0,1.0,95,2026122595,0,,,,,0.04759019300036016,0,official WSJT-X 3.0.2; binary SHA256 9e3c2fc14f63c4b4c4e9fcc33b386cd22daf8fe76ce724c5e37f07875e9a3dd9,<DecodeFinished>,
-31.0,1.0,91,2026122591,0,,,,,0.5043957390007563,0,official WSJT-X 3.0.2; binary SHA256 9e3c2fc14f63c4b4c4e9fcc33b386cd22daf8fe76ce724c5e37f07875e9a3dd9,<DecodeFinished>,
-31.0,1.0,96,2026122596,0,,,,,0.0451152749992616,0,official WSJT-X 3.0.2; binary SHA256 9e3c2fc14f63c4b4c4e9fcc33b386cd22daf8fe76ce724c5e37f07875e9a3dd9,<DecodeFinished>,
-31.0,1.0,92,2026122592,0,,,,,0.5306123820009816,0,official WSJT-X 3.0.2; binary SHA256 9e3c2fc14f63c4b4c4e9fcc33b386cd22daf8fe76ce724c5e37f07875e9a3dd9,<DecodeFinished>,
-31.0,1.0,98,2026122598,0,,,,,0.4280342660003953,0,official WSJT-X 3.0.2; binary SHA256 9e3c2fc14f63c4b4c4e9fcc33b386cd22daf8fe76ce724c5e37f07875e9a3dd9,<DecodeFinished>,
-31.0,1.0,97,2026122597,0,,,,,0.4365840339996794,0,official WSJT-X 3.0.2; binary SHA256 9e3c2fc14f63c4b4c4e9fcc33b386cd22daf8fe76ce724c5e37f07875e9a3dd9,<DecodeFinished>,
-31.0,1.0,94,2026122594,0,,,,,0.5378724900001544,0,official WSJT-X 3.0.2; binary SHA256 9e3c2fc14f63c4b4c4e9fcc33b386cd22daf8fe76ce724c5e37f07875e9a3dd9,<DecodeFinished>,
-31.0,1.0,99,2026122599,0,,,,,0.518271041000844,0,official WSJT-X 3.0.2; binary SHA256 9e3c2fc14f63c4b4c4e9fcc33b386cd22daf8fe76ce724c5e37f07875e9a3dd9,<DecodeFinished>,
-31.0,-1.0,0,2026122500,0,,,,,0.4377928960002464,0,official WSJT-X 3.0.2; binary SHA256 9e3c2fc14f63c4b4c4e9fcc33b386cd22daf8fe76ce724c5e37f07875e9a3dd9,<DecodeFinished>,
-31.0,-1.0,1,2026122501,0,,,,,0.5185969789999945,0,official WSJT-X 3.0.2; binary SHA256 9e3c2fc14f63c4b4c4e9fcc33b386cd22daf8fe76ce724c5e37f07875e9a3dd9,<DecodeFinished>,
-31.0,-1.0,2,2026122502,0,,,,,0.5073701949986571,0,official WSJT-X 3.0.2; binary SHA256 9e3c2fc14f63c4b4c4e9fcc33b386cd22daf8fe76ce724c5e37f07875e9a3dd9,<DecodeFinished>,
-31.0,-1.0,3,2026122503,0,,,,,0.5119436419990961,0,official WSJT-X 3.0.2; binary SHA256 9e3c2fc14f63c4b4c4e9fcc33b386cd22daf8fe76ce724c5e37f07875e9a3dd9,<DecodeFinished>,
-31.0,-1.0,6,2026122506,0,,,,,0.4179744180000853,0,official WSJT-X 3.0.2; binary SHA256 9e3c2fc14f63c4b4c4e9fcc33b386cd22daf8fe76ce724c5e37f07875e9a3dd9,<DecodeFinished>,
-31.0,-1.0,4,2026122504,0,,,,,0.5339577510003437,0,official WSJT-X 3.0.2; binary SHA256 9e3c2fc14f63c4b4c4e9fcc33b386cd22daf8fe76ce724c5e37f07875e9a3dd9,<DecodeFinished>,
-31.0,-1.0,5,2026122505,0,,,,,0.5316877109999041,0,official WSJT-X 3.0.2; binary SHA256 9e3c2fc14f63c4b4c4e9fcc33b386cd22daf8fe76ce724c5e37f07875e9a3dd9,<DecodeFinished>,
-31.0,-1.0,10,2026122510,0,,,,,0.044209556001078454,0,official WSJT-X 3.0.2; binary SHA256 9e3c2fc14f63c4b4c4e9fcc33b386cd22daf8fe76ce724c5e37f07875e9a3dd9,<DecodeFinished>,
-31.0,-1.0,11,2026122511,0,,,,,0.13856593099990278,0,official WSJT-X 3.0.2; binary SHA256 9e3c2fc14f63c4b4c4e9fcc33b386cd22daf8fe76ce724c5e37f07875e9a3dd9,<DecodeFinished>,
-31.0,-1.0,7,2026122507,0,,,,,0.41907319700112566,0,official WSJT-X 3.0.2; binary SHA256 9e3c2fc14f63c4b4c4e9fcc33b386cd22daf8fe76ce724c5e37f07875e9a3dd9,<DecodeFinished>,
-31.0,-1.0,8,2026122508,0,,,,,0.5199854510010482,0,official WSJT-X 3.0.2; binary SHA256 9e3c2fc14f63c4b4c4e9fcc33b386cd22daf8fe76ce724c5e37f07875e9a3dd9,<DecodeFinished>,
-31.0,-1.0,9,2026122509,0,,,,,0.5547803780009417,0,official WSJT-X 3.0.2; binary SHA256 9e3c2fc14f63c4b4c4e9fcc33b386cd22daf8fe76ce724c5e37f07875e9a3dd9,<DecodeFinished>,
-31.0,-1.0,15,2026122515,0,,,,,0.044895793000250706,0,official WSJT-X 3.0.2; binary SHA256 9e3c2fc14f63c4b4c4e9fcc33b386cd22daf8fe76ce724c5e37f07875e9a3dd9,<DecodeFinished>,
-31.0,-1.0,13,2026122513,0,,,,,0.4188556580011209,0,official WSJT-X 3.0.2; binary SHA256 9e3c2fc14f63c4b4c4e9fcc33b386cd22daf8fe76ce724c5e37f07875e9a3dd9,<DecodeFinished>,
-31.0,-1.0,17,2026122517,0,,,,,0.05622549699910451,0,official WSJT-X 3.0.2; binary SHA256 9e3c2fc14f63c4b4c4e9fcc33b386cd22daf8fe76ce724c5e37f07875e9a3dd9,<DecodeFinished>,
-31.0,-1.0,12,2026122512,0,,,,,0.5370096859987825,0,official WSJT-X 3.0.2; binary SHA256 9e3c2fc14f63c4b4c4e9fcc33b386cd22daf8fe76ce724c5e37f07875e9a3dd9,<DecodeFinished>,
-31.0,-1.0,14,2026122514,0,,,,,0.5320450250001159,0,official WSJT-X 3.0.2; binary SHA256 9e3c2fc14f63c4b4c4e9fcc33b386cd22daf8fe76ce724c5e37f07875e9a3dd9,<DecodeFinished>,
-31.0,-1.0,16,2026122516,0,,,,,0.4237990980000177,0,official WSJT-X 3.0.2; binary SHA256 9e3c2fc14f63c4b4c4e9fcc33b386cd22daf8fe76ce724c5e37f07875e9a3dd9,<DecodeFinished>,
-31.0,-1.0,21,2026122521,0,,,,,0.050283905999094713,0,official WSJT-X 3.0.2; binary SHA256 9e3c2fc14f63c4b4c4e9fcc33b386cd22daf8fe76ce724c5e37f07875e9a3dd9,<DecodeFinished>,
-31.0,-1.0,18,2026122518,0,,,,,0.5223377199999959,0,official WSJT-X 3.0.2; binary SHA256 9e3c2fc14f63c4b4c4e9fcc33b386cd22daf8fe76ce724c5e37f07875e9a3dd9,<DecodeFinished>,
-31.0,-1.0,19,2026122519,0,,,,,0.5199755980011105,0,official WSJT-X 3.0.2; binary SHA256 9e3c2fc14f63c4b4c4e9fcc33b386cd22daf8fe76ce724c5e37f07875e9a3dd9,<DecodeFinished>,
-31.0,-1.0,23,2026122523,1,K1ABC FN42 33,-30,0,10.140200,0.1139267540002038,0,official WSJT-X 3.0.2; binary SHA256 9e3c2fc14f63c4b4c4e9fcc33b386cd22daf8fe76ce724c5e37f07875e9a3dd9,"0000 -30  0.0  10.140200  0  K1ABC FN42 33 
<DecodeFinished>",
-31.0,-1.0,20,2026122520,0,,,,,0.5131867139989481,0,official WSJT-X 3.0.2; binary SHA256 9e3c2fc14f63c4b4c4e9fcc33b386cd22daf8fe76ce724c5e37f07875e9a3dd9,<DecodeFinished>,
-31.0,-1.0,22,2026122522,0,,,,,0.5238760150004964,0,official WSJT-X 3.0.2; binary SHA256 9e3c2fc14f63c4b4c4e9fcc33b386cd22daf8fe76ce724c5e37f07875e9a3dd9,<DecodeFinished>,
-31.0,-1.0,25,2026122525,0,,,,,0.520803462000913,0,official WSJT-X 3.0.2; binary SHA256 9e3c2fc14f63c4b4c4e9fcc33b386cd22daf8fe76ce724c5e37f07875e9a3dd9,<DecodeFinished>,
-31.0,-1.0,26,2026122526,0,,,,,0.5244756299998699,0,official WSJT-X 3.0.2; binary SHA256 9e3c2fc14f63c4b4c4e9fcc33b386cd22daf8fe76ce724c5e37f07875e9a3dd9,<DecodeFinished>,
-31.0,-1.0,24,2026122524,0,,,,,0.9155583179999667,0,official WSJT-X 3.0.2; binary SHA256 9e3c2fc14f63c4b4c4e9fcc33b386cd22daf8fe76ce724c5e37f07875e9a3dd9,<DecodeFinished>,
-31.0,-1.0,28,2026122528,0,,,,,0.5267419929987227,0,official WSJT-X 3.0.2; binary SHA256 9e3c2fc14f63c4b4c4e9fcc33b386cd22daf8fe76ce724c5e37f07875e9a3dd9,<DecodeFinished>,
-31.0,-1.0,27,2026122527,0,,,,,0.9789605229998415,0,official WSJT-X 3.0.2; binary SHA256 9e3c2fc14f63c4b4c4e9fcc33b386cd22daf8fe76ce724c5e37f07875e9a3dd9,<DecodeFinished>,
-31.0,-1.0,29,2026122529,0,,,,,0.5260209110001597,0,official WSJT-X 3.0.2; binary SHA256 9e3c2fc14f63c4b4c4e9fcc33b386cd22daf8fe76ce724c5e37f07875e9a3dd9,<DecodeFinished>,
-31.0,-1.0,32,2026122532,1,K1ABC FN42 33,-30,0,10.140200,0.06954789500014158,0,official WSJT-X 3.0.2; binary SHA256 9e3c2fc14f63c4b4c4e9fcc33b386cd22daf8fe76ce724c5e37f07875e9a3dd9,"0000 -30  0.0  10.140200  0  K1ABC FN42 33 
<DecodeFinished>",
-31.0,-1.0,34,2026122534,0,,,,,0.04918013300084567,0,official WSJT-X 3.0.2; binary SHA256 9e3c2fc14f63c4b4c4e9fcc33b386cd22daf8fe76ce724c5e37f07875e9a3dd9,<DecodeFinished>,
-31.0,-1.0,30,2026122530,0,,,,,0.5118692409996584,0,official WSJT-X 3.0.2; binary SHA256 9e3c2fc14f63c4b4c4e9fcc33b386cd22daf8fe76ce724c5e37f07875e9a3dd9,<DecodeFinished>,
-31.0,-1.0,31,2026122531,0,,,,,0.5305083869989176,0,official WSJT-X 3.0.2; binary SHA256 9e3c2fc14f63c4b4c4e9fcc33b386cd22daf8fe76ce724c5e37f07875e9a3dd9,<DecodeFinished>,
-31.0,-1.0,33,2026122533,0,,,,,0.5251140319996921,0,official WSJT-X 3.0.2; binary SHA256 9e3c2fc14f63c4b4c4e9fcc33b386cd22daf8fe76ce724c5e37f07875e9a3dd9,<DecodeFinished>,
-31.0,-1.0,36,2026122536,0,,,,,0.4245113750002929,0,official WSJT-X 3.0.2; binary SHA256 9e3c2fc14f63c4b4c4e9fcc33b386cd22daf8fe76ce724c5e37f07875e9a3dd9,<DecodeFinished>,
-31.0,-1.0,35,2026122535,0,,,,,0.5291206740002963,0,official WSJT-X 3.0.2; binary SHA256 9e3c2fc14f63c4b4c4e9fcc33b386cd22daf8fe76ce724c5e37f07875e9a3dd9,<DecodeFinished>,
-31.0,-1.0,37,2026122537,0,,,,,0.5253249640009017,0,official WSJT-X 3.0.2; binary SHA256 9e3c2fc14f63c4b4c4e9fcc33b386cd22daf8fe76ce724c5e37f07875e9a3dd9,<DecodeFinished>,
-31.0,-1.0,41,2026122541,0,,,,,0.04988807699919562,0,official WSJT-X 3.0.2; binary SHA256 9e3c2fc14f63c4b4c4e9fcc33b386cd22daf8fe76ce724c5e37f07875e9a3dd9,<DecodeFinished>,
-31.0,-1.0,38,2026122538,0,,,,,0.49622984699999506,0,official WSJT-X 3.0.2; binary SHA256 9e3c2fc14f63c4b4c4e9fcc33b386cd22daf8fe76ce724c5e37f07875e9a3dd9,<DecodeFinished>,
-31.0,-1.0,39,2026122539,0,,,,,0.5125386460003938,0,official WSJT-X 3.0.2; binary SHA256 9e3c2fc14f63c4b4c4e9fcc33b386cd22daf8fe76ce724c5e37f07875e9a3dd9,<DecodeFinished>,
-31.0,-1.0,42,2026122542,0,,,,,0.13973911900029634,0,official WSJT-X 3.0.2; binary SHA256 9e3c2fc14f63c4b4c4e9fcc33b386cd22daf8fe76ce724c5e37f07875e9a3dd9,<DecodeFinished>,
-31.0,-1.0,44,2026122544,0,,,,,0.04360764099874359,0,official WSJT-X 3.0.2; binary SHA256 9e3c2fc14f63c4b4c4e9fcc33b386cd22daf8fe76ce724c5e37f07875e9a3dd9,<DecodeFinished>,
-31.0,-1.0,45,2026122545,0,,,,,0.04573131399956765,0,official WSJT-X 3.0.2; binary SHA256 9e3c2fc14f63c4b4c4e9fcc33b386cd22daf8fe76ce724c5e37f07875e9a3dd9,<DecodeFinished>,
-31.0,-1.0,40,2026122540,0,,,,,0.5196824020003987,0,official WSJT-X 3.0.2; binary SHA256 9e3c2fc14f63c4b4c4e9fcc33b386cd22daf8fe76ce724c5e37f07875e9a3dd9,<DecodeFinished>,
-31.0,-1.0,43,2026122543,0,,,,,0.5186004839997622,0,official WSJT-X 3.0.2; binary SHA256 9e3c2fc14f63c4b4c4e9fcc33b386cd22daf8fe76ce724c5e37f07875e9a3dd9,<DecodeFinished>,
-31.0,-1.0,46,2026122546,0,,,,,0.5123672149984486,0,official WSJT-X 3.0.2; binary SHA256 9e3c2fc14f63c4b4c4e9fcc33b386cd22daf8fe76ce724c5e37f07875e9a3dd9,<DecodeFinished>,
-31.0,-1.0,48,2026122548,0,,,,,0.5109702610006934,0,official WSJT-X 3.0.2; binary SHA256 9e3c2fc14f63c4b4c4e9fcc33b386cd22daf8fe76ce724c5e37f07875e9a3dd9,<DecodeFinished>,
-31.0,-1.0,47,2026122547,0,,,,,0.5206970079998428,0,official WSJT-X 3.0.2; binary SHA256 9e3c2fc14f63c4b4c4e9fcc33b386cd22daf8fe76ce724c5e37f07875e9a3dd9,<DecodeFinished>,
-31.0,-1.0,52,2026122552,0,,,,,0.14497552499960875,0,official WSJT-X 3.0.2; binary SHA256 9e3c2fc14f63c4b4c4e9fcc33b386cd22daf8fe76ce724c5e37f07875e9a3dd9,<DecodeFinished>,
-31.0,-1.0,49,2026122549,0,,,,,0.5227593680010614,0,official WSJT-X 3.0.2; binary SHA256 9e3c2fc14f63c4b4c4e9fcc33b386cd22daf8fe76ce724c5e37f07875e9a3dd9,<DecodeFinished>,
-31.0,-1.0,51,2026122551,0,,,,,0.41602551699907053,0,official WSJT-X 3.0.2; binary SHA256 9e3c2fc14f63c4b4c4e9fcc33b386cd22daf8fe76ce724c5e37f07875e9a3dd9,<DecodeFinished>,
-31.0,-1.0,50,2026122550,0,,,,,0.5087861219999468,0,official WSJT-X 3.0.2; binary SHA256 9e3c2fc14f63c4b4c4e9fcc33b386cd22daf8fe76ce724c5e37f07875e9a3dd9,<DecodeFinished>,
-31.0,-1.0,55,2026122555,0,,,,,0.14431176600010076,0,official WSJT-X 3.0.2; binary SHA256 9e3c2fc14f63c4b4c4e9fcc33b386cd22daf8fe76ce724c5e37f07875e9a3dd9,<DecodeFinished>,
-31.0,-1.0,57,2026122557,1,K1ABC FN42 33,-31,-1,10.140200,0.06513647100109665,0,official WSJT-X 3.0.2; binary SHA256 9e3c2fc14f63c4b4c4e9fcc33b386cd22daf8fe76ce724c5e37f07875e9a3dd9,"0000 -31  0.0  10.140200 -1  K1ABC FN42 33 
<DecodeFinished>",
-31.0,-1.0,58,2026122558,0,,,,,0.04373216800013324,0,official WSJT-X 3.0.2; binary SHA256 9e3c2fc14f63c4b4c4e9fcc33b386cd22daf8fe76ce724c5e37f07875e9a3dd9,<DecodeFinished>,
-31.0,-1.0,53,2026122553,0,,,,,0.5206368340004701,0,official WSJT-X 3.0.2; binary SHA256 9e3c2fc14f63c4b4c4e9fcc33b386cd22daf8fe76ce724c5e37f07875e9a3dd9,<DecodeFinished>,
-31.0,-1.0,54,2026122554,0,,,,,0.5185078059985244,0,official WSJT-X 3.0.2; binary SHA256 9e3c2fc14f63c4b4c4e9fcc33b386cd22daf8fe76ce724c5e37f07875e9a3dd9,<DecodeFinished>,
-31.0,-1.0,56,2026122556,0,,,,,0.44489237500056333,0,official WSJT-X 3.0.2; binary SHA256 9e3c2fc14f63c4b4c4e9fcc33b386cd22daf8fe76ce724c5e37f07875e9a3dd9,<DecodeFinished>,
-31.0,-1.0,60,2026122560,0,,,,,0.544681600000331,0,official WSJT-X 3.0.2; binary SHA256 9e3c2fc14f63c4b4c4e9fcc33b386cd22daf8fe76ce724c5e37f07875e9a3dd9,<DecodeFinished>,
-31.0,-1.0,59,2026122559,0,,,,,0.5504939780003042,0,official WSJT-X 3.0.2; binary SHA256 9e3c2fc14f63c4b4c4e9fcc33b386cd22daf8fe76ce724c5e37f07875e9a3dd9,<DecodeFinished>,
-31.0,-1.0,64,2026122564,0,,,,,0.14272195900048246,0,official WSJT-X 3.0.2; binary SHA256 9e3c2fc14f63c4b4c4e9fcc33b386cd22daf8fe76ce724c5e37f07875e9a3dd9,<DecodeFinished>,
-31.0,-1.0,62,2026122562,0,,,,,0.43134478499996476,0,official WSJT-X 3.0.2; binary SHA256 9e3c2fc14f63c4b4c4e9fcc33b386cd22daf8fe76ce724c5e37f07875e9a3dd9,<DecodeFinished>,
-31.0,-1.0,61,2026122561,0,,,,,0.5488666069995816,0,official WSJT-X 3.0.2; binary SHA256 9e3c2fc14f63c4b4c4e9fcc33b386cd22daf8fe76ce724c5e37f07875e9a3dd9,<DecodeFinished>,
-31.0,-1.0,63,2026122563,0,,,,,0.52699853500053,0,official WSJT-X 3.0.2; binary SHA256 9e3c2fc14f63c4b4c4e9fcc33b386cd22daf8fe76ce724c5e37f07875e9a3dd9,<DecodeFinished>,
-31.0,-1.0,68,2026122568,0,,,,,0.04531584500000463,0,official WSJT-X 3.0.2; binary SHA256 9e3c2fc14f63c4b4c4e9fcc33b386cd22daf8fe76ce724c5e37f07875e9a3dd9,<DecodeFinished>,
-31.0,-1.0,65,2026122565,0,,,,,0.5113801360002981,0,official WSJT-X 3.0.2; binary SHA256 9e3c2fc14f63c4b4c4e9fcc33b386cd22daf8fe76ce724c5e37f07875e9a3dd9,<DecodeFinished>,
-31.0,-1.0,66,2026122566,0,,,,,0.5171006250002392,0,official WSJT-X 3.0.2; binary SHA256 9e3c2fc14f63c4b4c4e9fcc33b386cd22daf8fe76ce724c5e37f07875e9a3dd9,<DecodeFinished>,
-31.0,-1.0,70,2026122570,0,,,,,0.04775498399976641,0,official WSJT-X 3.0.2; binary SHA256 9e3c2fc14f63c4b4c4e9fcc33b386cd22daf8fe76ce724c5e37f07875e9a3dd9,<DecodeFinished>,
-31.0,-1.0,72,2026122572,1,K1ABC FN42 33,-30,0,10.140200,0.060424741001043,0,official WSJT-X 3.0.2; binary SHA256 9e3c2fc14f63c4b4c4e9fcc33b386cd22daf8fe76ce724c5e37f07875e9a3dd9,"0000 -30  0.0  10.140200  0  K1ABC FN42 33 
<DecodeFinished>",
-31.0,-1.0,67,2026122567,0,,,,,0.5288831540001411,0,official WSJT-X 3.0.2; binary SHA256 9e3c2fc14f63c4b4c4e9fcc33b386cd22daf8fe76ce724c5e37f07875e9a3dd9,<DecodeFinished>,
-31.0,-1.0,69,2026122569,0,,,,,0.5311633469991648,0,official WSJT-X 3.0.2; binary SHA256 9e3c2fc14f63c4b4c4e9fcc33b386cd22daf8fe76ce724c5e37f07875e9a3dd9,<DecodeFinished>,
-31.0,-1.0,75,2026122575,1,K1ABC FN42 33,-30,0,10.140200,0.05228481300036947,0,official WSJT-X 3.0.2; binary SHA256 9e3c2fc14f63c4b4c4e9fcc33b386cd22daf8fe76ce724c5e37f07875e9a3dd9,"0000 -30 -0.0  10.140200  0  K1ABC FN42 33 
<DecodeFinished>",
-31.0,-1.0,71,2026122571,0,,,,,0.5476097969985858,0,official WSJT-X 3.0.2; binary SHA256 9e3c2fc14f63c4b4c4e9fcc33b386cd22daf8fe76ce724c5e37f07875e9a3dd9,<DecodeFinished>,
-31.0,-1.0,74,2026122574,0,,,,,0.5260633710004186,0,official WSJT-X 3.0.2; binary SHA256 9e3c2fc14f63c4b4c4e9fcc33b386cd22daf8fe76ce724c5e37f07875e9a3dd9,<DecodeFinished>,
-31.0,-1.0,73,2026122573,0,,,,,0.536547129999235,0,official WSJT-X 3.0.2; binary SHA256 9e3c2fc14f63c4b4c4e9fcc33b386cd22daf8fe76ce724c5e37f07875e9a3dd9,<DecodeFinished>,
-31.0,-1.0,79,2026122579,0,,,,,0.13807313100005558,0,official WSJT-X 3.0.2; binary SHA256 9e3c2fc14f63c4b4c4e9fcc33b386cd22daf8fe76ce724c5e37f07875e9a3dd9,<DecodeFinished>,
-31.0,-1.0,76,2026122576,0,,,,,0.4414460429998144,0,official WSJT-X 3.0.2; binary SHA256 9e3c2fc14f63c4b4c4e9fcc33b386cd22daf8fe76ce724c5e37f07875e9a3dd9,<DecodeFinished>,
-31.0,-1.0,77,2026122577,0,,,,,0.5405346429997735,0,official WSJT-X 3.0.2; binary SHA256 9e3c2fc14f63c4b4c4e9fcc33b386cd22daf8fe76ce724c5e37f07875e9a3dd9,<DecodeFinished>,
-31.0,-1.0,78,2026122578,0,,,,,0.5130012680001528,0,official WSJT-X 3.0.2; binary SHA256 9e3c2fc14f63c4b4c4e9fcc33b386cd22daf8fe76ce724c5e37f07875e9a3dd9,<DecodeFinished>,
-31.0,-1.0,80,2026122580,0,,,,,0.5127408989992546,0,official WSJT-X 3.0.2; binary SHA256 9e3c2fc14f63c4b4c4e9fcc33b386cd22daf8fe76ce724c5e37f07875e9a3dd9,<DecodeFinished>,
-31.0,-1.0,81,2026122581,0,,,,,0.6271058619986434,0,official WSJT-X 3.0.2; binary SHA256 9e3c2fc14f63c4b4c4e9fcc33b386cd22daf8fe76ce724c5e37f07875e9a3dd9,<DecodeFinished>,
-31.0,-1.0,82,2026122582,0,,,,,0.5175348169996141,0,official WSJT-X 3.0.2; binary SHA256 9e3c2fc14f63c4b4c4e9fcc33b386cd22daf8fe76ce724c5e37f07875e9a3dd9,<DecodeFinished>,
-31.0,-1.0,83,2026122583,0,,,,,0.522696691999954,0,official WSJT-X 3.0.2; binary SHA256 9e3c2fc14f63c4b4c4e9fcc33b386cd22daf8fe76ce724c5e37f07875e9a3dd9,<DecodeFinished>,
-31.0,-1.0,84,2026122584,0,,,,,0.4222095619988977,0,official WSJT-X 3.0.2; binary SHA256 9e3c2fc14f63c4b4c4e9fcc33b386cd22daf8fe76ce724c5e37f07875e9a3dd9,<DecodeFinished>,
-31.0,-1.0,85,2026122585,0,,,,,0.5183125809999183,0,official WSJT-X 3.0.2; binary SHA256 9e3c2fc14f63c4b4c4e9fcc33b386cd22daf8fe76ce724c5e37f07875e9a3dd9,<DecodeFinished>,
-31.0,-1.0,86,2026122586,0,,,,,0.5028423489984561,0,official WSJT-X 3.0.2; binary SHA256 9e3c2fc14f63c4b4c4e9fcc33b386cd22daf8fe76ce724c5e37f07875e9a3dd9,<DecodeFinished>,
-31.0,-1.0,87,2026122587,0,,,,,0.49861115499879816,0,official WSJT-X 3.0.2; binary SHA256 9e3c2fc14f63c4b4c4e9fcc33b386cd22daf8fe76ce724c5e37f07875e9a3dd9,<DecodeFinished>,
-31.0,-1.0,88,2026122588,0,,,,,0.5347090960003698,0,official WSJT-X 3.0.2; binary SHA256 9e3c2fc14f63c4b4c4e9fcc33b386cd22daf8fe76ce724c5e37f07875e9a3dd9,<DecodeFinished>,
-31.0,-1.0,89,2026122589,0,,,,,0.5235009480002191,0,official WSJT-X 3.0.2; binary SHA256 9e3c2fc14f63c4b4c4e9fcc33b386cd22daf8fe76ce724c5e37f07875e9a3dd9,<DecodeFinished>,
-31.0,-1.0,90,2026122590,0,,,,,0.5175647150008444,0,official WSJT-X 3.0.2; binary SHA256 9e3c2fc14f63c4b4c4e9fcc33b386cd22daf8fe76ce724c5e37f07875e9a3dd9,<DecodeFinished>,
-31.0,-1.0,93,2026122593,0,,,,,0.04692472100032319,0,official WSJT-X 3.0.2; binary SHA256 9e3c2fc14f63c4b4c4e9fcc33b386cd22daf8fe76ce724c5e37f07875e9a3dd9,<DecodeFinished>,
-31.0,-1.0,91,2026122591,0,,,,,0.5233378259999881,0,official WSJT-X 3.0.2; binary SHA256 9e3c2fc14f63c4b4c4e9fcc33b386cd22daf8fe76ce724c5e37f07875e9a3dd9,<DecodeFinished>,
-31.0,-1.0,94,2026122594,1,K1ABC FN42 33,-30,0,10.140200,0.09376746999987517,0,official WSJT-X 3.0.2; binary SHA256 9e3c2fc14f63c4b4c4e9fcc33b386cd22daf8fe76ce724c5e37f07875e9a3dd9,"0000 -30 -0.0  10.140200  0  K1ABC FN42 33 
<DecodeFinished>",
-31.0,-1.0,92,2026122592,0,,,,,0.5241460550005286,0,official WSJT-X 3.0.2; binary SHA256 9e3c2fc14f63c4b4c4e9fcc33b386cd22daf8fe76ce724c5e37f07875e9a3dd9,<DecodeFinished>,
-31.0,-1.0,96,2026122596,0,,,,,0.43142379199889547,0,official WSJT-X 3.0.2; binary SHA256 9e3c2fc14f63c4b4c4e9fcc33b386cd22daf8fe76ce724c5e37f07875e9a3dd9,<DecodeFinished>,
-31.0,-1.0,95,2026122595,0,,,,,0.4717403840004408,0,official WSJT-X 3.0.2; binary SHA256 9e3c2fc14f63c4b4c4e9fcc33b386cd22daf8fe76ce724c5e37f07875e9a3dd9,<DecodeFinished>,
-31.0,-1.0,97,2026122597,0,,,,,0.43055356399963784,0,official WSJT-X 3.0.2; binary SHA256 9e3c2fc14f63c4b4c4e9fcc33b386cd22daf8fe76ce724c5e37f07875e9a3dd9,<DecodeFinished>,
-31.0,1.5,1,2026122501,0,,,,,0.04106895299992175,0,official WSJT-X 3.0.2; binary SHA256 9e3c2fc14f63c4b4c4e9fcc33b386cd22daf8fe76ce724c5e37f07875e9a3dd9,<DecodeFinished>,
-31.0,1.5,2,2026122502,0,,,,,0.04700302300079784,0,official WSJT-X 3.0.2; binary SHA256 9e3c2fc14f63c4b4c4e9fcc33b386cd22daf8fe76ce724c5e37f07875e9a3dd9,<DecodeFinished>,
-31.0,1.5,0,2026122500,0,,,,,0.13878941199982364,0,official WSJT-X 3.0.2; binary SHA256 9e3c2fc14f63c4b4c4e9fcc33b386cd22daf8fe76ce724c5e37f07875e9a3dd9,<DecodeFinished>,
-31.0,1.5,3,2026122503,0,,,,,0.04214835799939465,0,official WSJT-X 3.0.2; binary SHA256 9e3c2fc14f63c4b4c4e9fcc33b386cd22daf8fe76ce724c5e37f07875e9a3dd9,<DecodeFinished>,
-31.0,-1.0,98,2026122598,0,,,,,0.5159675239992794,0,official WSJT-X 3.0.2; binary SHA256 9e3c2fc14f63c4b4c4e9fcc33b386cd22daf8fe76ce724c5e37f07875e9a3dd9,<DecodeFinished>,
-31.0,1.5,6,2026122506,0,,,,,0.14422695399844088,0,official WSJT-X 3.0.2; binary SHA256 9e3c2fc14f63c4b4c4e9fcc33b386cd22daf8fe76ce724c5e37f07875e9a3dd9,<DecodeFinished>,
-31.0,1.5,7,2026122507,0,,,,,0.0453499279992684,0,official WSJT-X 3.0.2; binary SHA256 9e3c2fc14f63c4b4c4e9fcc33b386cd22daf8fe76ce724c5e37f07875e9a3dd9,<DecodeFinished>,
-31.0,1.5,8,2026122508,0,,,,,0.13669763199868612,0,official WSJT-X 3.0.2; binary SHA256 9e3c2fc14f63c4b4c4e9fcc33b386cd22daf8fe76ce724c5e37f07875e9a3dd9,<DecodeFinished>,
-31.0,-1.0,99,2026122599,0,,,,,0.5093879490013933,0,official WSJT-X 3.0.2; binary SHA256 9e3c2fc14f63c4b4c4e9fcc33b386cd22daf8fe76ce724c5e37f07875e9a3dd9,<DecodeFinished>,
-31.0,1.5,10,2026122510,0,,,,,0.051879245998861734,0,official WSJT-X 3.0.2; binary SHA256 9e3c2fc14f63c4b4c4e9fcc33b386cd22daf8fe76ce724c5e37f07875e9a3dd9,<DecodeFinished>,
-31.0,1.5,11,2026122511,0,,,,,0.04698936800014053,0,official WSJT-X 3.0.2; binary SHA256 9e3c2fc14f63c4b4c4e9fcc33b386cd22daf8fe76ce724c5e37f07875e9a3dd9,<DecodeFinished>,
-31.0,1.5,4,2026122504,0,,,,,0.49859476999881736,0,official WSJT-X 3.0.2; binary SHA256 9e3c2fc14f63c4b4c4e9fcc33b386cd22daf8fe76ce724c5e37f07875e9a3dd9,<DecodeFinished>,
-31.0,1.5,5,2026122505,0,,,,,0.5025181899982272,0,official WSJT-X 3.0.2; binary SHA256 9e3c2fc14f63c4b4c4e9fcc33b386cd22daf8fe76ce724c5e37f07875e9a3dd9,<DecodeFinished>,
-31.0,1.5,12,2026122512,0,,,,,0.14436382699932437,0,official WSJT-X 3.0.2; binary SHA256 9e3c2fc14f63c4b4c4e9fcc33b386cd22daf8fe76ce724c5e37f07875e9a3dd9,<DecodeFinished>,
-31.0,1.5,13,2026122513,0,,,,,0.13668332599991118,0,official WSJT-X 3.0.2; binary SHA256 9e3c2fc14f63c4b4c4e9fcc33b386cd22daf8fe76ce724c5e37f07875e9a3dd9,<DecodeFinished>,
-31.0,1.5,14,2026122514,0,,,,,0.14215016899834154,0,official WSJT-X 3.0.2; binary SHA256 9e3c2fc14f63c4b4c4e9fcc33b386cd22daf8fe76ce724c5e37f07875e9a3dd9,<DecodeFinished>,
-31.0,1.5,16,2026122516,0,,,,,0.044919567999386345,0,official WSJT-X 3.0.2; binary SHA256 9e3c2fc14f63c4b4c4e9fcc33b386cd22daf8fe76ce724c5e37f07875e9a3dd9,<DecodeFinished>,
-31.0,1.5,17,2026122517,0,,,,,0.0477429190013936,0,official WSJT-X 3.0.2; binary SHA256 9e3c2fc14f63c4b4c4e9fcc33b386cd22daf8fe76ce724c5e37f07875e9a3dd9,<DecodeFinished>,
-31.0,1.5,15,2026122515,0,,,,,0.14022366400058672,0,official WSJT-X 3.0.2; binary SHA256 9e3c2fc14f63c4b4c4e9fcc33b386cd22daf8fe76ce724c5e37f07875e9a3dd9,<DecodeFinished>,
-31.0,1.5,19,2026122519,0,,,,,0.04250851100005093,0,official WSJT-X 3.0.2; binary SHA256 9e3c2fc14f63c4b4c4e9fcc33b386cd22daf8fe76ce724c5e37f07875e9a3dd9,<DecodeFinished>,
-31.0,1.5,21,2026122521,0,,,,,0.043821052999192034,0,official WSJT-X 3.0.2; binary SHA256 9e3c2fc14f63c4b4c4e9fcc33b386cd22daf8fe76ce724c5e37f07875e9a3dd9,<DecodeFinished>,
-31.0,1.5,18,2026122518,0,,,,,0.15487581499837688,0,official WSJT-X 3.0.2; binary SHA256 9e3c2fc14f63c4b4c4e9fcc33b386cd22daf8fe76ce724c5e37f07875e9a3dd9,<DecodeFinished>,
-31.0,1.5,9,2026122509,0,,,,,0.5234255470004427,0,official WSJT-X 3.0.2; binary SHA256 9e3c2fc14f63c4b4c4e9fcc33b386cd22daf8fe76ce724c5e37f07875e9a3dd9,<DecodeFinished>,
-31.0,1.5,23,2026122523,0,,,,,0.053231121999488096,0,official WSJT-X 3.0.2; binary SHA256 9e3c2fc14f63c4b4c4e9fcc33b386cd22daf8fe76ce724c5e37f07875e9a3dd9,<DecodeFinished>,
-31.0,1.5,25,2026122525,0,,,,,0.14156967700000678,0,official WSJT-X 3.0.2; binary SHA256 9e3c2fc14f63c4b4c4e9fcc33b386cd22daf8fe76ce724c5e37f07875e9a3dd9,<DecodeFinished>,
-31.0,1.5,20,2026122520,0,,,,,0.532572161000644,0,official WSJT-X 3.0.2; binary SHA256 9e3c2fc14f63c4b4c4e9fcc33b386cd22daf8fe76ce724c5e37f07875e9a3dd9,<DecodeFinished>,
-31.0,1.5,22,2026122522,0,,,,,0.5318854859997373,0,official WSJT-X 3.0.2; binary SHA256 9e3c2fc14f63c4b4c4e9fcc33b386cd22daf8fe76ce724c5e37f07875e9a3dd9,<DecodeFinished>,
-31.0,1.5,26,2026122526,0,,,,,0.5302262360000896,0,official WSJT-X 3.0.2; binary SHA256 9e3c2fc14f63c4b4c4e9fcc33b386cd22daf8fe76ce724c5e37f07875e9a3dd9,<DecodeFinished>,
-31.0,1.5,29,2026122529,0,,,,,0.15028243999950064,0,official WSJT-X 3.0.2; binary SHA256 9e3c2fc14f63c4b4c4e9fcc33b386cd22daf8fe76ce724c5e37f07875e9a3dd9,<DecodeFinished>,
-31.0,1.5,27,2026122527,0,,,,,0.5191135940003733,0,official WSJT-X 3.0.2; binary SHA256 9e3c2fc14f63c4b4c4e9fcc33b386cd22daf8fe76ce724c5e37f07875e9a3dd9,<DecodeFinished>,
-31.0,1.5,28,2026122528,0,,,,,0.5405067229985434,0,official WSJT-X 3.0.2; binary SHA256 9e3c2fc14f63c4b4c4e9fcc33b386cd22daf8fe76ce724c5e37f07875e9a3dd9,<DecodeFinished>,
-31.0,1.5,24,2026122524,0,,,,,1.0558076040015294,0,official WSJT-X 3.0.2; binary SHA256 9e3c2fc14f63c4b4c4e9fcc33b386cd22daf8fe76ce724c5e37f07875e9a3dd9,<DecodeFinished>,
-31.0,1.5,31,2026122531,0,,,,,0.14368234499852406,0,official WSJT-X 3.0.2; binary SHA256 9e3c2fc14f63c4b4c4e9fcc33b386cd22daf8fe76ce724c5e37f07875e9a3dd9,<DecodeFinished>,
-31.0,1.5,34,2026122534,0,,,,,0.038825526999062276,0,official WSJT-X 3.0.2; binary SHA256 9e3c2fc14f63c4b4c4e9fcc33b386cd22daf8fe76ce724c5e37f07875e9a3dd9,<DecodeFinished>,
-31.0,1.5,35,2026122535,0,,,,,0.046768329999395064,0,official WSJT-X 3.0.2; binary SHA256 9e3c2fc14f63c4b4c4e9fcc33b386cd22daf8fe76ce724c5e37f07875e9a3dd9,<DecodeFinished>,
-31.0,1.5,36,2026122536,0,,,,,0.15214301200103364,0,official WSJT-X 3.0.2; binary SHA256 9e3c2fc14f63c4b4c4e9fcc33b386cd22daf8fe76ce724c5e37f07875e9a3dd9,<DecodeFinished>,
-31.0,1.5,30,2026122530,0,,,,,0.5303730420000647,0,official WSJT-X 3.0.2; binary SHA256 9e3c2fc14f63c4b4c4e9fcc33b386cd22daf8fe76ce724c5e37f07875e9a3dd9,<DecodeFinished>,
-31.0,1.5,38,2026122538,0,,,,,0.14757135100080632,0,official WSJT-X 3.0.2; binary SHA256 9e3c2fc14f63c4b4c4e9fcc33b386cd22daf8fe76ce724c5e37f07875e9a3dd9,<DecodeFinished>,
-31.0,1.5,32,2026122532,0,,,,,0.5314361239998107,0,official WSJT-X 3.0.2; binary SHA256 9e3c2fc14f63c4b4c4e9fcc33b386cd22daf8fe76ce724c5e37f07875e9a3dd9,<DecodeFinished>,
-31.0,1.5,33,2026122533,0,,,,,0.5330188220013952,0,official WSJT-X 3.0.2; binary SHA256 9e3c2fc14f63c4b4c4e9fcc33b386cd22daf8fe76ce724c5e37f07875e9a3dd9,<DecodeFinished>,
-31.0,1.5,41,2026122541,0,,,,,0.04538396200041461,0,official WSJT-X 3.0.2; binary SHA256 9e3c2fc14f63c4b4c4e9fcc33b386cd22daf8fe76ce724c5e37f07875e9a3dd9,<DecodeFinished>,
-31.0,1.5,42,2026122542,0,,,,,0.04272496600060549,0,official WSJT-X 3.0.2; binary SHA256 9e3c2fc14f63c4b4c4e9fcc33b386cd22daf8fe76ce724c5e37f07875e9a3dd9,<DecodeFinished>,
-31.0,1.5,37,2026122537,0,,,,,0.5209471510006551,0,official WSJT-X 3.0.2; binary SHA256 9e3c2fc14f63c4b4c4e9fcc33b386cd22daf8fe76ce724c5e37f07875e9a3dd9,<DecodeFinished>,
-31.0,1.5,44,2026122544,0,,,,,0.15411935200063454,0,official WSJT-X 3.0.2; binary SHA256 9e3c2fc14f63c4b4c4e9fcc33b386cd22daf8fe76ce724c5e37f07875e9a3dd9,<DecodeFinished>,
-31.0,1.5,39,2026122539,0,,,,,0.5119463369992445,0,official WSJT-X 3.0.2; binary SHA256 9e3c2fc14f63c4b4c4e9fcc33b386cd22daf8fe76ce724c5e37f07875e9a3dd9,<DecodeFinished>,
-31.0,1.5,45,2026122545,0,,,,,0.049591758999667945,0,official WSJT-X 3.0.2; binary SHA256 9e3c2fc14f63c4b4c4e9fcc33b386cd22daf8fe76ce724c5e37f07875e9a3dd9,<DecodeFinished>,
-31.0,1.5,40,2026122540,0,,,,,0.5159645660005481,0,official WSJT-X 3.0.2; binary SHA256 9e3c2fc14f63c4b4c4e9fcc33b386cd22daf8fe76ce724c5e37f07875e9a3dd9,<DecodeFinished>,
-31.0,1.5,46,2026122546,0,,,,,0.1489515430002939,0,official WSJT-X 3.0.2; binary SHA256 9e3c2fc14f63c4b4c4e9fcc33b386cd22daf8fe76ce724c5e37f07875e9a3dd9,<DecodeFinished>,
-31.0,1.5,48,2026122548,0,,,,,0.14647787700050685,0,official WSJT-X 3.0.2; binary SHA256 9e3c2fc14f63c4b4c4e9fcc33b386cd22daf8fe76ce724c5e37f07875e9a3dd9,<DecodeFinished>,
-31.0,1.5,43,2026122543,0,,,,,0.5381903670004249,0,official WSJT-X 3.0.2; binary SHA256 9e3c2fc14f63c4b4c4e9fcc33b386cd22daf8fe76ce724c5e37f07875e9a3dd9,<DecodeFinished>,
-31.0,1.5,50,2026122550,0,,,,,0.04273726000064926,0,official WSJT-X 3.0.2; binary SHA256 9e3c2fc14f63c4b4c4e9fcc33b386cd22daf8fe76ce724c5e37f07875e9a3dd9,<DecodeFinished>,
-31.0,1.5,51,2026122551,0,,,,,0.04383402299936279,0,official WSJT-X 3.0.2; binary SHA256 9e3c2fc14f63c4b4c4e9fcc33b386cd22daf8fe76ce724c5e37f07875e9a3dd9,<DecodeFinished>,
-31.0,1.5,52,2026122552,0,,,,,0.046547820000341744,0,official WSJT-X 3.0.2; binary SHA256 9e3c2fc14f63c4b4c4e9fcc33b386cd22daf8fe76ce724c5e37f07875e9a3dd9,<DecodeFinished>,
-31.0,1.5,47,2026122547,0,,,,,0.5255125450003106,0,official WSJT-X 3.0.2; binary SHA256 9e3c2fc14f63c4b4c4e9fcc33b386cd22daf8fe76ce724c5e37f07875e9a3dd9,<DecodeFinished>,
-31.0,1.5,49,2026122549,0,,,,,0.5307243090010161,0,official WSJT-X 3.0.2; binary SHA256 9e3c2fc14f63c4b4c4e9fcc33b386cd22daf8fe76ce724c5e37f07875e9a3dd9,<DecodeFinished>,
-31.0,1.5,53,2026122553,0,,,,,0.5268536950006819,0,official WSJT-X 3.0.2; binary SHA256 9e3c2fc14f63c4b4c4e9fcc33b386cd22daf8fe76ce724c5e37f07875e9a3dd9,<DecodeFinished>,
-31.0,1.5,54,2026122554,0,,,,,0.5303843069996219,0,official WSJT-X 3.0.2; binary SHA256 9e3c2fc14f63c4b4c4e9fcc33b386cd22daf8fe76ce724c5e37f07875e9a3dd9,<DecodeFinished>,
-31.0,1.5,56,2026122556,0,,,,,0.1390403180012072,0,official WSJT-X 3.0.2; binary SHA256 9e3c2fc14f63c4b4c4e9fcc33b386cd22daf8fe76ce724c5e37f07875e9a3dd9,<DecodeFinished>,
-31.0,1.5,58,2026122558,0,,,,,0.1453519860006054,0,official WSJT-X 3.0.2; binary SHA256 9e3c2fc14f63c4b4c4e9fcc33b386cd22daf8fe76ce724c5e37f07875e9a3dd9,<DecodeFinished>,
-31.0,1.5,59,2026122559,0,,,,,0.14238015199953225,0,official WSJT-X 3.0.2; binary SHA256 9e3c2fc14f63c4b4c4e9fcc33b386cd22daf8fe76ce724c5e37f07875e9a3dd9,<DecodeFinished>,
-31.0,1.5,55,2026122555,0,,,,,0.5376714440008072,0,official WSJT-X 3.0.2; binary SHA256 9e3c2fc14f63c4b4c4e9fcc33b386cd22daf8fe76ce724c5e37f07875e9a3dd9,<DecodeFinished>,
-31.0,1.5,61,2026122561,0,,,,,0.14221900800112053,0,official WSJT-X 3.0.2; binary SHA256 9e3c2fc14f63c4b4c4e9fcc33b386cd22daf8fe76ce724c5e37f07875e9a3dd9,<DecodeFinished>,
-31.0,1.5,62,2026122562,0,,,,,0.04537392299971543,0,official WSJT-X 3.0.2; binary SHA256 9e3c2fc14f63c4b4c4e9fcc33b386cd22daf8fe76ce724c5e37f07875e9a3dd9,<DecodeFinished>,
-31.0,1.5,64,2026122564,0,,,,,0.04020412700083398,0,official WSJT-X 3.0.2; binary SHA256 9e3c2fc14f63c4b4c4e9fcc33b386cd22daf8fe76ce724c5e37f07875e9a3dd9,<DecodeFinished>,
-31.0,1.5,63,2026122563,0,,,,,0.14038089200039394,0,official WSJT-X 3.0.2; binary SHA256 9e3c2fc14f63c4b4c4e9fcc33b386cd22daf8fe76ce724c5e37f07875e9a3dd9,<DecodeFinished>,
-31.0,1.5,57,2026122557,0,,,,,0.5471460339995247,0,official WSJT-X 3.0.2; binary SHA256 9e3c2fc14f63c4b4c4e9fcc33b386cd22daf8fe76ce724c5e37f07875e9a3dd9,<DecodeFinished>,
-31.0,1.5,67,2026122567,0,,,,,0.04275694399984786,0,official WSJT-X 3.0.2; binary SHA256 9e3c2fc14f63c4b4c4e9fcc33b386cd22daf8fe76ce724c5e37f07875e9a3dd9,<DecodeFinished>,
-31.0,1.5,66,2026122566,0,,,,,0.1593157479983347,0,official WSJT-X 3.0.2; binary SHA256 9e3c2fc14f63c4b4c4e9fcc33b386cd22daf8fe76ce724c5e37f07875e9a3dd9,<DecodeFinished>,
-31.0,1.5,60,2026122560,0,,,,,0.5171106299985695,0,official WSJT-X 3.0.2; binary SHA256 9e3c2fc14f63c4b4c4e9fcc33b386cd22daf8fe76ce724c5e37f07875e9a3dd9,<DecodeFinished>,
-31.0,1.5,69,2026122569,0,,,,,0.04971878200012725,0,official WSJT-X 3.0.2; binary SHA256 9e3c2fc14f63c4b4c4e9fcc33b386cd22daf8fe76ce724c5e37f07875e9a3dd9,<DecodeFinished>,
-31.0,1.5,68,2026122568,0,,,,,0.14278558400110342,0,official WSJT-X 3.0.2; binary SHA256 9e3c2fc14f63c4b4c4e9fcc33b386cd22daf8fe76ce724c5e37f07875e9a3dd9,<DecodeFinished>,
-31.0,1.5,70,2026122570,0,,,,,0.04553100399971299,0,official WSJT-X 3.0.2; binary SHA256 9e3c2fc14f63c4b4c4e9fcc33b386cd22daf8fe76ce724c5e37f07875e9a3dd9,<DecodeFinished>,
-31.0,1.5,73,2026122573,0,,,,,0.04335375700065924,0,official WSJT-X 3.0.2; binary SHA256 9e3c2fc14f63c4b4c4e9fcc33b386cd22daf8fe76ce724c5e37f07875e9a3dd9,<DecodeFinished>,
-31.0,1.5,71,2026122571,0,,,,,0.1478975089994492,0,official WSJT-X 3.0.2; binary SHA256 9e3c2fc14f63c4b4c4e9fcc33b386cd22daf8fe76ce724c5e37f07875e9a3dd9,<DecodeFinished>,
-31.0,1.5,72,2026122572,0,,,,,0.15185560099962458,0,official WSJT-X 3.0.2; binary SHA256 9e3c2fc14f63c4b4c4e9fcc33b386cd22daf8fe76ce724c5e37f07875e9a3dd9,<DecodeFinished>,
-31.0,1.5,74,2026122574,0,,,,,0.14224742899932608,0,official WSJT-X 3.0.2; binary SHA256 9e3c2fc14f63c4b4c4e9fcc33b386cd22daf8fe76ce724c5e37f07875e9a3dd9,<DecodeFinished>,
-31.0,1.5,65,2026122565,0,,,,,0.5256817669996963,0,official WSJT-X 3.0.2; binary SHA256 9e3c2fc14f63c4b4c4e9fcc33b386cd22daf8fe76ce724c5e37f07875e9a3dd9,<DecodeFinished>,
-31.0,1.5,76,2026122576,0,,,,,0.04261544499968295,0,official WSJT-X 3.0.2; binary SHA256 9e3c2fc14f63c4b4c4e9fcc33b386cd22daf8fe76ce724c5e37f07875e9a3dd9,<DecodeFinished>,
-31.0,1.5,78,2026122578,0,,,,,0.048325013000066974,0,official WSJT-X 3.0.2; binary SHA256 9e3c2fc14f63c4b4c4e9fcc33b386cd22daf8fe76ce724c5e37f07875e9a3dd9,<DecodeFinished>,
-31.0,1.5,79,2026122579,0,,,,,0.046142717999828164,0,official WSJT-X 3.0.2; binary SHA256 9e3c2fc14f63c4b4c4e9fcc33b386cd22daf8fe76ce724c5e37f07875e9a3dd9,<DecodeFinished>,
-31.0,1.5,75,2026122575,0,,,,,0.14274671900057,0,official WSJT-X 3.0.2; binary SHA256 9e3c2fc14f63c4b4c4e9fcc33b386cd22daf8fe76ce724c5e37f07875e9a3dd9,<DecodeFinished>,
-31.0,1.5,82,2026122582,0,,,,,0.05280699499962793,0,official WSJT-X 3.0.2; binary SHA256 9e3c2fc14f63c4b4c4e9fcc33b386cd22daf8fe76ce724c5e37f07875e9a3dd9,<DecodeFinished>,
-31.0,1.5,80,2026122580,1,K1ABC FN42 33,-31,1,10.140200,0.08843401199919754,0,official WSJT-X 3.0.2; binary SHA256 9e3c2fc14f63c4b4c4e9fcc33b386cd22daf8fe76ce724c5e37f07875e9a3dd9,"0000 -31 -0.1  10.140200  1  K1ABC FN42 33 
<DecodeFinished>",
-31.0,1.5,77,2026122577,0,,,,,0.14049425900157075,0,official WSJT-X 3.0.2; binary SHA256 9e3c2fc14f63c4b4c4e9fcc33b386cd22daf8fe76ce724c5e37f07875e9a3dd9,<DecodeFinished>,
-31.0,1.5,83,2026122583,0,,,,,0.14702856399890152,0,official WSJT-X 3.0.2; binary SHA256 9e3c2fc14f63c4b4c4e9fcc33b386cd22daf8fe76ce724c5e37f07875e9a3dd9,<DecodeFinished>,
-31.0,1.5,84,2026122584,0,,,,,0.14288600600048085,0,official WSJT-X 3.0.2; binary SHA256 9e3c2fc14f63c4b4c4e9fcc33b386cd22daf8fe76ce724c5e37f07875e9a3dd9,<DecodeFinished>,
-31.0,1.5,85,2026122585,0,,,,,0.14971728899945447,0,official WSJT-X 3.0.2; binary SHA256 9e3c2fc14f63c4b4c4e9fcc33b386cd22daf8fe76ce724c5e37f07875e9a3dd9,<DecodeFinished>,
-31.0,1.5,86,2026122586,0,,,,,0.14971295099894633,0,official WSJT-X 3.0.2; binary SHA256 9e3c2fc14f63c4b4c4e9fcc33b386cd22daf8fe76ce724c5e37f07875e9a3dd9,<DecodeFinished>,
-31.0,1.5,81,2026122581,0,,,,,0.5188349270010804,0,official WSJT-X 3.0.2; binary SHA256 9e3c2fc14f63c4b4c4e9fcc33b386cd22daf8fe76ce724c5e37f07875e9a3dd9,<DecodeFinished>,
-31.0,1.5,87,2026122587,0,,,,,0.5352183300001343,0,official WSJT-X 3.0.2; binary SHA256 9e3c2fc14f63c4b4c4e9fcc33b386cd22daf8fe76ce724c5e37f07875e9a3dd9,<DecodeFinished>,
-31.0,1.5,88,2026122588,0,,,,,0.5291738739997527,0,official WSJT-X 3.0.2; binary SHA256 9e3c2fc14f63c4b4c4e9fcc33b386cd22daf8fe76ce724c5e37f07875e9a3dd9,<DecodeFinished>,
-31.0,1.5,91,2026122591,0,,,,,0.04926717799935432,0,official WSJT-X 3.0.2; binary SHA256 9e3c2fc14f63c4b4c4e9fcc33b386cd22daf8fe76ce724c5e37f07875e9a3dd9,<DecodeFinished>,
-31.0,1.5,93,2026122593,0,,,,,0.044113629999628756,0,official WSJT-X 3.0.2; binary SHA256 9e3c2fc14f63c4b4c4e9fcc33b386cd22daf8fe76ce724c5e37f07875e9a3dd9,<DecodeFinished>,
-31.0,1.5,89,2026122589,0,,,,,0.5540228900008515,0,official WSJT-X 3.0.2; binary SHA256 9e3c2fc14f63c4b4c4e9fcc33b386cd22daf8fe76ce724c5e37f07875e9a3dd9,<DecodeFinished>,
-31.0,1.5,95,2026122595,0,,,,,0.043351571999664884,0,official WSJT-X 3.0.2; binary SHA256 9e3c2fc14f63c4b4c4e9fcc33b386cd22daf8fe76ce724c5e37f07875e9a3dd9,<DecodeFinished>,
-31.0,1.5,96,2026122596,0,,,,,0.0442638979984622,0,official WSJT-X 3.0.2; binary SHA256 9e3c2fc14f63c4b4c4e9fcc33b386cd22daf8fe76ce724c5e37f07875e9a3dd9,<DecodeFinished>,
-31.0,1.5,90,2026122590,0,,,,,0.5327914080007758,0,official WSJT-X 3.0.2; binary SHA256 9e3c2fc14f63c4b4c4e9fcc33b386cd22daf8fe76ce724c5e37f07875e9a3dd9,<DecodeFinished>,
-31.0,1.5,98,2026122598,0,,,,,0.04361002199948416,0,official WSJT-X 3.0.2; binary SHA256 9e3c2fc14f63c4b4c4e9fcc33b386cd22daf8fe76ce724c5e37f07875e9a3dd9,<DecodeFinished>,
-31.0,1.5,97,2026122597,0,,,,,0.15001794699855964,0,official WSJT-X 3.0.2; binary SHA256 9e3c2fc14f63c4b4c4e9fcc33b386cd22daf8fe76ce724c5e37f07875e9a3dd9,<DecodeFinished>,
-31.0,-1.5,0,2026122500,0,,,,,0.04375277999861282,0,official WSJT-X 3.0.2; binary SHA256 9e3c2fc14f63c4b4c4e9fcc33b386cd22daf8fe76ce724c5e37f07875e9a3dd9,<DecodeFinished>,
-31.0,1.5,92,2026122592,0,,,,,0.5324962730010157,0,official WSJT-X 3.0.2; binary SHA256 9e3c2fc14f63c4b4c4e9fcc33b386cd22daf8fe76ce724c5e37f07875e9a3dd9,<DecodeFinished>,
-31.0,-1.5,1,2026122501,0,,,,,0.14632524300031946,0,official WSJT-X 3.0.2; binary SHA256 9e3c2fc14f63c4b4c4e9fcc33b386cd22daf8fe76ce724c5e37f07875e9a3dd9,<DecodeFinished>,
-31.0,1.5,94,2026122594,0,,,,,0.5378966129992477,0,official WSJT-X 3.0.2; binary SHA256 9e3c2fc14f63c4b4c4e9fcc33b386cd22daf8fe76ce724c5e37f07875e9a3dd9,<DecodeFinished>,
-31.0,-1.5,2,2026122502,0,,,,,0.14940694700089807,0,official WSJT-X 3.0.2; binary SHA256 9e3c2fc14f63c4b4c4e9fcc33b386cd22daf8fe76ce724c5e37f07875e9a3dd9,<DecodeFinished>,
-31.0,-1.5,3,2026122503,0,,,,,0.14703175000067858,0,official WSJT-X 3.0.2; binary SHA256 9e3c2fc14f63c4b4c4e9fcc33b386cd22daf8fe76ce724c5e37f07875e9a3dd9,<DecodeFinished>,
-31.0,1.5,99,2026122599,0,,,,,0.532119812000019,0,official WSJT-X 3.0.2; binary SHA256 9e3c2fc14f63c4b4c4e9fcc33b386cd22daf8fe76ce724c5e37f07875e9a3dd9,<DecodeFinished>,
-31.0,-1.5,6,2026122506,0,,,,,0.1377931789993454,0,official WSJT-X 3.0.2; binary SHA256 9e3c2fc14f63c4b4c4e9fcc33b386cd22daf8fe76ce724c5e37f07875e9a3dd9,<DecodeFinished>,
-31.0,-1.5,7,2026122507,0,,,,,0.0485379349993309,0,official WSJT-X 3.0.2; binary SHA256 9e3c2fc14f63c4b4c4e9fcc33b386cd22daf8fe76ce724c5e37f07875e9a3dd9,<DecodeFinished>,
-31.0,-1.5,8,2026122508,0,,,,,0.14142581300075108,0,official WSJT-X 3.0.2; binary SHA256 9e3c2fc14f63c4b4c4e9fcc33b386cd22daf8fe76ce724c5e37f07875e9a3dd9,<DecodeFinished>,
-31.0,-1.5,10,2026122510,0,,,,,0.048345410999900196,0,official WSJT-X 3.0.2; binary SHA256 9e3c2fc14f63c4b4c4e9fcc33b386cd22daf8fe76ce724c5e37f07875e9a3dd9,<DecodeFinished>,
-31.0,-1.5,4,2026122504,0,,,,,0.5287516270000197,0,official WSJT-X 3.0.2; binary SHA256 9e3c2fc14f63c4b4c4e9fcc33b386cd22daf8fe76ce724c5e37f07875e9a3dd9,<DecodeFinished>,
-31.0,-1.5,11,2026122511,0,,,,,0.1420066049995512,0,official WSJT-X 3.0.2; binary SHA256 9e3c2fc14f63c4b4c4e9fcc33b386cd22daf8fe76ce724c5e37f07875e9a3dd9,<DecodeFinished>,
-31.0,-1.5,5,2026122505,0,,,,,0.5280777829993895,0,official WSJT-X 3.0.2; binary SHA256 9e3c2fc14f63c4b4c4e9fcc33b386cd22daf8fe76ce724c5e37f07875e9a3dd9,<DecodeFinished>,
-31.0,-1.5,13,2026122513,0,,,,,0.05009745200004545,0,official WSJT-X 3.0.2; binary SHA256 9e3c2fc14f63c4b4c4e9fcc33b386cd22daf8fe76ce724c5e37f07875e9a3dd9,<DecodeFinished>,
-31.0,-1.5,14,2026122514,0,,,,,0.044801684000049136,0,official WSJT-X 3.0.2; binary SHA256 9e3c2fc14f63c4b4c4e9fcc33b386cd22daf8fe76ce724c5e37f07875e9a3dd9,<DecodeFinished>,
-31.0,-1.5,15,2026122515,0,,,,,0.15018083100039803,0,official WSJT-X 3.0.2; binary SHA256 9e3c2fc14f63c4b4c4e9fcc33b386cd22daf8fe76ce724c5e37f07875e9a3dd9,<DecodeFinished>,
-31.0,-1.5,16,2026122516,0,,,,,0.14342509299967787,0,official WSJT-X 3.0.2; binary SHA256 9e3c2fc14f63c4b4c4e9fcc33b386cd22daf8fe76ce724c5e37f07875e9a3dd9,<DecodeFinished>,
-31.0,-1.5,9,2026122509,0,,,,,0.5306002480010648,0,official WSJT-X 3.0.2; binary SHA256 9e3c2fc14f63c4b4c4e9fcc33b386cd22daf8fe76ce724c5e37f07875e9a3dd9,<DecodeFinished>,
-31.0,-1.5,18,2026122518,0,,,,,0.14754373799951281,0,official WSJT-X 3.0.2; binary SHA256 9e3c2fc14f63c4b4c4e9fcc33b386cd22daf8fe76ce724c5e37f07875e9a3dd9,<DecodeFinished>,
-31.0,-1.5,17,2026122517,0,,,,,0.15460688500024844,0,official WSJT-X 3.0.2; binary SHA256 9e3c2fc14f63c4b4c4e9fcc33b386cd22daf8fe76ce724c5e37f07875e9a3dd9,<DecodeFinished>,
-31.0,-1.5,19,2026122519,0,,,,,0.14270025800033181,0,official WSJT-X 3.0.2; binary SHA256 9e3c2fc14f63c4b4c4e9fcc33b386cd22daf8fe76ce724c5e37f07875e9a3dd9,<DecodeFinished>,
-31.0,-1.5,22,2026122522,0,,,,,0.04242608599997766,0,official WSJT-X 3.0.2; binary SHA256 9e3c2fc14f63c4b4c4e9fcc33b386cd22daf8fe76ce724c5e37f07875e9a3dd9,<DecodeFinished>,
-31.0,-1.5,23,2026122523,0,,,,,0.04650968600071792,0,official WSJT-X 3.0.2; binary SHA256 9e3c2fc14f63c4b4c4e9fcc33b386cd22daf8fe76ce724c5e37f07875e9a3dd9,<DecodeFinished>,
-31.0,-1.5,20,2026122520,0,,,,,0.14351688500028104,0,official WSJT-X 3.0.2; binary SHA256 9e3c2fc14f63c4b4c4e9fcc33b386cd22daf8fe76ce724c5e37f07875e9a3dd9,<DecodeFinished>,
-31.0,-1.5,12,2026122512,0,,,,,0.5366757079991658,0,official WSJT-X 3.0.2; binary SHA256 9e3c2fc14f63c4b4c4e9fcc33b386cd22daf8fe76ce724c5e37f07875e9a3dd9,<DecodeFinished>,
-31.0,-1.5,21,2026122521,0,,,,,0.15269617400008428,0,official WSJT-X 3.0.2; binary SHA256 9e3c2fc14f63c4b4c4e9fcc33b386cd22daf8fe76ce724c5e37f07875e9a3dd9,<DecodeFinished>,
-31.0,-1.5,25,2026122525,0,,,,,0.052084077999097644,0,official WSJT-X 3.0.2; binary SHA256 9e3c2fc14f63c4b4c4e9fcc33b386cd22daf8fe76ce724c5e37f07875e9a3dd9,<DecodeFinished>,
-31.0,-1.5,26,2026122526,0,,,,,0.04954301299949293,0,official WSJT-X 3.0.2; binary SHA256 9e3c2fc14f63c4b4c4e9fcc33b386cd22daf8fe76ce724c5e37f07875e9a3dd9,<DecodeFinished>,
-31.0,-1.5,29,2026122529,1,K1ABC FN42 33,-30,-1,10.140200,0.05412712099860073,0,official WSJT-X 3.0.2; binary SHA256 9e3c2fc14f63c4b4c4e9fcc33b386cd22daf8fe76ce724c5e37f07875e9a3dd9,"0000 -30  0.1  10.140200 -1  K1ABC FN42 33 
<DecodeFinished>",
-31.0,-1.5,28,2026122528,0,,,,,0.1431376820000878,0,official WSJT-X 3.0.2; binary SHA256 9e3c2fc14f63c4b4c4e9fcc33b386cd22daf8fe76ce724c5e37f07875e9a3dd9,<DecodeFinished>,
-31.0,-1.5,24,2026122524,0,,,,,0.5472934039989923,0,official WSJT-X 3.0.2; binary SHA256 9e3c2fc14f63c4b4c4e9fcc33b386cd22daf8fe76ce724c5e37f07875e9a3dd9,<DecodeFinished>,
-31.0,-1.5,27,2026122527,0,,,,,0.539236233000338,0,official WSJT-X 3.0.2; binary SHA256 9e3c2fc14f63c4b4c4e9fcc33b386cd22daf8fe76ce724c5e37f07875e9a3dd9,<DecodeFinished>,
-31.0,-1.5,32,2026122532,0,,,,,0.048098195000420674,0,official WSJT-X 3.0.2; binary SHA256 9e3c2fc14f63c4b4c4e9fcc33b386cd22daf8fe76ce724c5e37f07875e9a3dd9,<DecodeFinished>,
-31.0,-1.5,30,2026122530,0,,,,,0.5290129009990778,0,official WSJT-X 3.0.2; binary SHA256 9e3c2fc14f63c4b4c4e9fcc33b386cd22daf8fe76ce724c5e37f07875e9a3dd9,<DecodeFinished>,
-31.0,-1.5,34,2026122534,0,,,,,0.14375500000096508,0,official WSJT-X 3.0.2; binary SHA256 9e3c2fc14f63c4b4c4e9fcc33b386cd22daf8fe76ce724c5e37f07875e9a3dd9,<DecodeFinished>,
-31.0,-1.5,31,2026122531,0,,,,,0.5274949989998277,0,official WSJT-X 3.0.2; binary SHA256 9e3c2fc14f63c4b4c4e9fcc33b386cd22daf8fe76ce724c5e37f07875e9a3dd9,<DecodeFinished>,
-31.0,-1.5,37,2026122537,0,,,,,0.047889068999211304,0,official WSJT-X 3.0.2; binary SHA256 9e3c2fc14f63c4b4c4e9fcc33b386cd22daf8fe76ce724c5e37f07875e9a3dd9,<DecodeFinished>,
-31.0,-1.5,35,2026122535,0,,,,,0.15778274100011913,0,official WSJT-X 3.0.2; binary SHA256 9e3c2fc14f63c4b4c4e9fcc33b386cd22daf8fe76ce724c5e37f07875e9a3dd9,<DecodeFinished>,
-31.0,-1.5,38,2026122538,0,,,,,0.04258351499993296,0,official WSJT-X 3.0.2; binary SHA256 9e3c2fc14f63c4b4c4e9fcc33b386cd22daf8fe76ce724c5e37f07875e9a3dd9,<DecodeFinished>,
-31.0,-1.5,40,2026122540,0,,,,,0.04602839399922232,0,official WSJT-X 3.0.2; binary SHA256 9e3c2fc14f63c4b4c4e9fcc33b386cd22daf8fe76ce724c5e37f07875e9a3dd9,<DecodeFinished>,
-31.0,-1.5,36,2026122536,0,,,,,0.14228461400125525,0,official WSJT-X 3.0.2; binary SHA256 9e3c2fc14f63c4b4c4e9fcc33b386cd22daf8fe76ce724c5e37f07875e9a3dd9,<DecodeFinished>,
-31.0,-1.5,41,2026122541,0,,,,,0.04240836300050432,0,official WSJT-X 3.0.2; binary SHA256 9e3c2fc14f63c4b4c4e9fcc33b386cd22daf8fe76ce724c5e37f07875e9a3dd9,<DecodeFinished>,
-31.0,-1.5,42,2026122542,0,,,,,0.13804663700102537,0,official WSJT-X 3.0.2; binary SHA256 9e3c2fc14f63c4b4c4e9fcc33b386cd22daf8fe76ce724c5e37f07875e9a3dd9,<DecodeFinished>,
-31.0,-1.5,43,2026122543,0,,,,,0.14258822500050883,0,official WSJT-X 3.0.2; binary SHA256 9e3c2fc14f63c4b4c4e9fcc33b386cd22daf8fe76ce724c5e37f07875e9a3dd9,<DecodeFinished>,
-31.0,-1.5,44,2026122544,0,,,,,0.04969658700065338,0,official WSJT-X 3.0.2; binary SHA256 9e3c2fc14f63c4b4c4e9fcc33b386cd22daf8fe76ce724c5e37f07875e9a3dd9,<DecodeFinished>,
-31.0,-1.5,33,2026122533,0,,,,,0.528567216000738,0,official WSJT-X 3.0.2; binary SHA256 9e3c2fc14f63c4b4c4e9fcc33b386cd22daf8fe76ce724c5e37f07875e9a3dd9,<DecodeFinished>,
-31.0,-1.5,45,2026122545,0,,,,,0.04497662100038724,0,official WSJT-X 3.0.2; binary SHA256 9e3c2fc14f63c4b4c4e9fcc33b386cd22daf8fe76ce724c5e37f07875e9a3dd9,<DecodeFinished>,
-31.0,-1.5,48,2026122548,0,,,,,0.043939295999734895,0,official WSJT-X 3.0.2; binary SHA256 9e3c2fc14f63c4b4c4e9fcc33b386cd22daf8fe76ce724c5e37f07875e9a3dd9,<DecodeFinished>,
-31.0,-1.5,46,2026122546,0,,,,,0.14715178500046022,0,official WSJT-X 3.0.2; binary SHA256 9e3c2fc14f63c4b4c4e9fcc33b386cd22daf8fe76ce724c5e37f07875e9a3dd9,<DecodeFinished>,
-31.0,-1.5,49,2026122549,0,,,,,0.15413887900103873,0,official WSJT-X 3.0.2; binary SHA256 9e3c2fc14f63c4b4c4e9fcc33b386cd22daf8fe76ce724c5e37f07875e9a3dd9,<DecodeFinished>,
-31.0,-1.5,39,2026122539,0,,,,,0.5321792750000895,0,official WSJT-X 3.0.2; binary SHA256 9e3c2fc14f63c4b4c4e9fcc33b386cd22daf8fe76ce724c5e37f07875e9a3dd9,<DecodeFinished>,
-31.0,-1.5,51,2026122551,0,,,,,0.04304758500074968,0,official WSJT-X 3.0.2; binary SHA256 9e3c2fc14f63c4b4c4e9fcc33b386cd22daf8fe76ce724c5e37f07875e9a3dd9,<DecodeFinished>,
-31.0,-1.5,50,2026122550,0,,,,,0.1595968069996161,0,official WSJT-X 3.0.2; binary SHA256 9e3c2fc14f63c4b4c4e9fcc33b386cd22daf8fe76ce724c5e37f07875e9a3dd9,<DecodeFinished>,
-31.0,-1.5,52,2026122552,0,,,,,0.04948352900100872,0,official WSJT-X 3.0.2; binary SHA256 9e3c2fc14f63c4b4c4e9fcc33b386cd22daf8fe76ce724c5e37f07875e9a3dd9,<DecodeFinished>,
-31.0,-1.5,55,2026122555,0,,,,,0.048313470999346464,0,official WSJT-X 3.0.2; binary SHA256 9e3c2fc14f63c4b4c4e9fcc33b386cd22daf8fe76ce724c5e37f07875e9a3dd9,<DecodeFinished>,
-31.0,-1.5,53,2026122553,0,,,,,0.1455140260004555,0,official WSJT-X 3.0.2; binary SHA256 9e3c2fc14f63c4b4c4e9fcc33b386cd22daf8fe76ce724c5e37f07875e9a3dd9,<DecodeFinished>,
-31.0,-1.5,57,2026122557,1,K1ABC FN42 33,-31,-1,10.140200,0.07987781300107599,0,official WSJT-X 3.0.2; binary SHA256 9e3c2fc14f63c4b4c4e9fcc33b386cd22daf8fe76ce724c5e37f07875e9a3dd9,"0000 -31  0.1  10.140200 -1  K1ABC FN42 33 
<DecodeFinished>",
-31.0,-1.5,58,2026122558,0,,,,,0.043925167999987025,0,official WSJT-X 3.0.2; binary SHA256 9e3c2fc14f63c4b4c4e9fcc33b386cd22daf8fe76ce724c5e37f07875e9a3dd9,<DecodeFinished>,
-31.0,-1.5,47,2026122547,0,,,,,0.5416895620001014,0,official WSJT-X 3.0.2; binary SHA256 9e3c2fc14f63c4b4c4e9fcc33b386cd22daf8fe76ce724c5e37f07875e9a3dd9,<DecodeFinished>,
-31.0,-1.5,59,2026122559,0,,,,,0.1417882230016403,0,official WSJT-X 3.0.2; binary SHA256 9e3c2fc14f63c4b4c4e9fcc33b386cd22daf8fe76ce724c5e37f07875e9a3dd9,<DecodeFinished>,
-31.0,-1.5,60,2026122560,0,,,,,0.1363302059999114,0,official WSJT-X 3.0.2; binary SHA256 9e3c2fc14f63c4b4c4e9fcc33b386cd22daf8fe76ce724c5e37f07875e9a3dd9,<DecodeFinished>,
-31.0,-1.5,61,2026122561,0,,,,,0.041587767998862546,0,official WSJT-X 3.0.2; binary SHA256 9e3c2fc14f63c4b4c4e9fcc33b386cd22daf8fe76ce724c5e37f07875e9a3dd9,<DecodeFinished>,
-31.0,-1.5,62,2026122562,0,,,,,0.04747580700131948,0,official WSJT-X 3.0.2; binary SHA256 9e3c2fc14f63c4b4c4e9fcc33b386cd22daf8fe76ce724c5e37f07875e9a3dd9,<DecodeFinished>,
-31.0,-1.5,64,2026122564,0,,,,,0.051689734998944914,0,official WSJT-X 3.0.2; binary SHA256 9e3c2fc14f63c4b4c4e9fcc33b386cd22daf8fe76ce724c5e37f07875e9a3dd9,<DecodeFinished>,
-31.0,-1.5,54,2026122554,0,,,,,0.539731420998578,0,official WSJT-X 3.0.2; binary SHA256 9e3c2fc14f63c4b4c4e9fcc33b386cd22daf8fe76ce724c5e37f07875e9a3dd9,<DecodeFinished>,
-31.0,-1.5,66,2026122566,0,,,,,0.04673279800044838,0,official WSJT-X 3.0.2; binary SHA256 9e3c2fc14f63c4b4c4e9fcc33b386cd22daf8fe76ce724c5e37f07875e9a3dd9,<DecodeFinished>,
-31.0,-1.5,56,2026122556,0,,,,,0.5342123430000356,0,official WSJT-X 3.0.2; binary SHA256 9e3c2fc14f63c4b4c4e9fcc33b386cd22daf8fe76ce724c5e37f07875e9a3dd9,<DecodeFinished>,
-31.0,-1.5,68,2026122568,0,,,,,0.04297151199898508,0,official WSJT-X 3.0.2; binary SHA256 9e3c2fc14f63c4b4c4e9fcc33b386cd22daf8fe76ce724c5e37f07875e9a3dd9,<DecodeFinished>,
-31.0,-1.5,67,2026122567,0,,,,,0.1495116930000222,0,official WSJT-X 3.0.2; binary SHA256 9e3c2fc14f63c4b4c4e9fcc33b386cd22daf8fe76ce724c5e37f07875e9a3dd9,<DecodeFinished>,
-31.0,-1.5,70,2026122570,0,,,,,0.05027176499970665,0,official WSJT-X 3.0.2; binary SHA256 9e3c2fc14f63c4b4c4e9fcc33b386cd22daf8fe76ce724c5e37f07875e9a3dd9,<DecodeFinished>,
-31.0,-1.5,63,2026122563,0,,,,,0.5159691830012889,0,official WSJT-X 3.0.2; binary SHA256 9e3c2fc14f63c4b4c4e9fcc33b386cd22daf8fe76ce724c5e37f07875e9a3dd9,<DecodeFinished>,
-31.0,-1.5,72,2026122572,0,,,,,0.05682121400059259,0,official WSJT-X 3.0.2; binary SHA256 9e3c2fc14f63c4b4c4e9fcc33b386cd22daf8fe76ce724c5e37f07875e9a3dd9,<DecodeFinished>,
-31.0,-1.5,65,2026122565,0,,,,,0.5344563819999166,0,official WSJT-X 3.0.2; binary SHA256 9e3c2fc14f63c4b4c4e9fcc33b386cd22daf8fe76ce724c5e37f07875e9a3dd9,<DecodeFinished>,
-31.0,-1.5,73,2026122573,0,,,,,0.1416808489993855,0,official WSJT-X 3.0.2; binary SHA256 9e3c2fc14f63c4b4c4e9fcc33b386cd22daf8fe76ce724c5e37f07875e9a3dd9,<DecodeFinished>,
-31.0,-1.5,69,2026122569,0,,,,,0.5258640100000775,0,official WSJT-X 3.0.2; binary SHA256 9e3c2fc14f63c4b4c4e9fcc33b386cd22daf8fe76ce724c5e37f07875e9a3dd9,<DecodeFinished>,
-31.0,-1.5,75,2026122575,0,,,,,0.04857236099996953,0,official WSJT-X 3.0.2; binary SHA256 9e3c2fc14f63c4b4c4e9fcc33b386cd22daf8fe76ce724c5e37f07875e9a3dd9,<DecodeFinished>,
-31.0,-1.5,76,2026122576,0,,,,,0.047156160000668024,0,official WSJT-X 3.0.2; binary SHA256 9e3c2fc14f63c4b4c4e9fcc33b386cd22daf8fe76ce724c5e37f07875e9a3dd9,<DecodeFinished>,
-31.0,-1.5,71,2026122571,0,,,,,0.526295209001546,0,official WSJT-X 3.0.2; binary SHA256 9e3c2fc14f63c4b4c4e9fcc33b386cd22daf8fe76ce724c5e37f07875e9a3dd9,<DecodeFinished>,
-31.0,-1.5,77,2026122577,0,,,,,0.14026805399953446,0,official WSJT-X 3.0.2; binary SHA256 9e3c2fc14f63c4b4c4e9fcc33b386cd22daf8fe76ce724c5e37f07875e9a3dd9,<DecodeFinished>,
-31.0,-1.5,79,2026122579,0,,,,,0.045291604999874835,0,official WSJT-X 3.0.2; binary SHA256 9e3c2fc14f63c4b4c4e9fcc33b386cd22daf8fe76ce724c5e37f07875e9a3dd9,<DecodeFinished>,
-31.0,-1.5,80,2026122580,1,K1ABC FN42 33,-31,-1,10.140200,0.05949506599972665,0,official WSJT-X 3.0.2; binary SHA256 9e3c2fc14f63c4b4c4e9fcc33b386cd22daf8fe76ce724c5e37f07875e9a3dd9,"0000 -31  0.1  10.140200 -1  K1ABC FN42 33 
<DecodeFinished>",
-31.0,-1.5,74,2026122574,0,,,,,0.4240387709996867,0,official WSJT-X 3.0.2; binary SHA256 9e3c2fc14f63c4b4c4e9fcc33b386cd22daf8fe76ce724c5e37f07875e9a3dd9,<DecodeFinished>,
-31.0,-1.5,81,2026122581,0,,,,,0.14092347500081814,0,official WSJT-X 3.0.2; binary SHA256 9e3c2fc14f63c4b4c4e9fcc33b386cd22daf8fe76ce724c5e37f07875e9a3dd9,<DecodeFinished>,
-31.0,-1.5,82,2026122582,0,,,,,0.14214877700032957,0,official WSJT-X 3.0.2; binary SHA256 9e3c2fc14f63c4b4c4e9fcc33b386cd22daf8fe76ce724c5e37f07875e9a3dd9,<DecodeFinished>,
-31.0,-1.5,85,2026122585,0,,,,,0.10201332300130161,0,official WSJT-X 3.0.2; binary SHA256 9e3c2fc14f63c4b4c4e9fcc33b386cd22daf8fe76ce724c5e37f07875e9a3dd9,<DecodeFinished>,
-31.0,-1.5,84,2026122584,0,,,,,0.1478378600004362,0,official WSJT-X 3.0.2; binary SHA256 9e3c2fc14f63c4b4c4e9fcc33b386cd22daf8fe76ce724c5e37f07875e9a3dd9,<DecodeFinished>,
-31.0,-1.5,78,2026122578,0,,,,,0.546094298000753,0,official WSJT-X 3.0.2; binary SHA256 9e3c2fc14f63c4b4c4e9fcc33b386cd22daf8fe76ce724c5e37f07875e9a3dd9,<DecodeFinished>,
-31.0,-1.5,86,2026122586,0,,,,,0.1416535179996572,0,official WSJT-X 3.0.2; binary SHA256 9e3c2fc14f63c4b4c4e9fcc33b386cd22daf8fe76ce724c5e37f07875e9a3dd9,<DecodeFinished>,
-31.0,-1.5,83,2026122583,0,,,,,0.513271268000608,0,official WSJT-X 3.0.2; binary SHA256 9e3c2fc14f63c4b4c4e9fcc33b386cd22daf8fe76ce724c5e37f07875e9a3dd9,<DecodeFinished>,
-31.0,-1.5,90,2026122590,0,,,,,0.048303872001270065,0,official WSJT-X 3.0.2; binary SHA256 9e3c2fc14f63c4b4c4e9fcc33b386cd22daf8fe76ce724c5e37f07875e9a3dd9,<DecodeFinished>,
-31.0,-1.5,87,2026122587,0,,,,,0.4268498310011637,0,official WSJT-X 3.0.2; binary SHA256 9e3c2fc14f63c4b4c4e9fcc33b386cd22daf8fe76ce724c5e37f07875e9a3dd9,<DecodeFinished>,
-31.0,-1.5,88,2026122588,0,,,,,0.532873969999855,0,official WSJT-X 3.0.2; binary SHA256 9e3c2fc14f63c4b4c4e9fcc33b386cd22daf8fe76ce724c5e37f07875e9a3dd9,<DecodeFinished>,
-31.0,-1.5,89,2026122589,0,,,,,0.5285053910010902,0,official WSJT-X 3.0.2; binary SHA256 9e3c2fc14f63c4b4c4e9fcc33b386cd22daf8fe76ce724c5e37f07875e9a3dd9,<DecodeFinished>,
-31.0,-1.5,93,2026122593,0,,,,,0.05352940800003125,0,official WSJT-X 3.0.2; binary SHA256 9e3c2fc14f63c4b4c4e9fcc33b386cd22daf8fe76ce724c5e37f07875e9a3dd9,<DecodeFinished>,
-31.0,-1.5,95,2026122595,0,,,,,0.04601616199943237,0,official WSJT-X 3.0.2; binary SHA256 9e3c2fc14f63c4b4c4e9fcc33b386cd22daf8fe76ce724c5e37f07875e9a3dd9,<DecodeFinished>,
-31.0,-1.5,96,2026122596,1,K1ABC FN42 33,-30,-1,10.140200,0.057091959000899806,0,official WSJT-X 3.0.2; binary SHA256 9e3c2fc14f63c4b4c4e9fcc33b386cd22daf8fe76ce724c5e37f07875e9a3dd9,"0000 -30  0.0  10.140200 -1  K1ABC FN42 33 
<DecodeFinished>",
-31.0,-1.5,97,2026122597,1,K1ABC FN42 33,-31,-1,10.140200,0.07316815700141888,0,official WSJT-X 3.0.2; binary SHA256 9e3c2fc14f63c4b4c4e9fcc33b386cd22daf8fe76ce724c5e37f07875e9a3dd9,"0000 -31 -0.1  10.140200 -1  K1ABC FN42 33 
<DecodeFinished>",
-31.0,-1.5,91,2026122591,0,,,,,0.5370128849990579,0,official WSJT-X 3.0.2; binary SHA256 9e3c2fc14f63c4b4c4e9fcc33b386cd22daf8fe76ce724c5e37f07875e9a3dd9,<DecodeFinished>,
-31.0,-1.5,92,2026122592,0,,,,,0.5400489579988061,0,official WSJT-X 3.0.2; binary SHA256 9e3c2fc14f63c4b4c4e9fcc33b386cd22daf8fe76ce724c5e37f07875e9a3dd9,<DecodeFinished>,
-31.0,2.0,0,2026122500,0,,,,,0.04832188900036272,0,official WSJT-X 3.0.2; binary SHA256 9e3c2fc14f63c4b4c4e9fcc33b386cd22daf8fe76ce724c5e37f07875e9a3dd9,<DecodeFinished>,
-31.0,2.0,1,2026122501,0,,,,,0.04957803100114688,0,official WSJT-X 3.0.2; binary SHA256 9e3c2fc14f63c4b4c4e9fcc33b386cd22daf8fe76ce724c5e37f07875e9a3dd9,<DecodeFinished>,
-31.0,2.0,2,2026122502,0,,,,,0.04313691099923744,0,official WSJT-X 3.0.2; binary SHA256 9e3c2fc14f63c4b4c4e9fcc33b386cd22daf8fe76ce724c5e37f07875e9a3dd9,<DecodeFinished>,
-31.0,-1.5,94,2026122594,0,,,,,0.5303301919993828,0,official WSJT-X 3.0.2; binary SHA256 9e3c2fc14f63c4b4c4e9fcc33b386cd22daf8fe76ce724c5e37f07875e9a3dd9,<DecodeFinished>,
-31.0,2.0,4,2026122504,0,,,,,0.04284534600083134,0,official WSJT-X 3.0.2; binary SHA256 9e3c2fc14f63c4b4c4e9fcc33b386cd22daf8fe76ce724c5e37f07875e9a3dd9,<DecodeFinished>,
-31.0,2.0,3,2026122503,0,,,,,0.14799116699941806,0,official WSJT-X 3.0.2; binary SHA256 9e3c2fc14f63c4b4c4e9fcc33b386cd22daf8fe76ce724c5e37f07875e9a3dd9,<DecodeFinished>,
-31.0,-1.5,98,2026122598,0,,,,,0.42266299500079185,0,official WSJT-X 3.0.2; binary SHA256 9e3c2fc14f63c4b4c4e9fcc33b386cd22daf8fe76ce724c5e37f07875e9a3dd9,<DecodeFinished>,
-31.0,2.0,7,2026122507,0,,,,,0.04790026900082012,0,official WSJT-X 3.0.2; binary SHA256 9e3c2fc14f63c4b4c4e9fcc33b386cd22daf8fe76ce724c5e37f07875e9a3dd9,<DecodeFinished>,
-31.0,2.0,5,2026122505,0,,,,,0.14377407399842923,0,official WSJT-X 3.0.2; binary SHA256 9e3c2fc14f63c4b4c4e9fcc33b386cd22daf8fe76ce724c5e37f07875e9a3dd9,<DecodeFinished>,
-31.0,2.0,6,2026122506,0,,,,,0.14891831299974,0,official WSJT-X 3.0.2; binary SHA256 9e3c2fc14f63c4b4c4e9fcc33b386cd22daf8fe76ce724c5e37f07875e9a3dd9,<DecodeFinished>,
-31.0,2.0,9,2026122509,0,,,,,0.04914568399908603,0,official WSJT-X 3.0.2; binary SHA256 9e3c2fc14f63c4b4c4e9fcc33b386cd22daf8fe76ce724c5e37f07875e9a3dd9,<DecodeFinished>,
-31.0,-1.5,99,2026122599,0,,,,,0.5403147209999588,0,official WSJT-X 3.0.2; binary SHA256 9e3c2fc14f63c4b4c4e9fcc33b386cd22daf8fe76ce724c5e37f07875e9a3dd9,<DecodeFinished>,
-31.0,2.0,8,2026122508,0,,,,,0.1465051859995583,0,official WSJT-X 3.0.2; binary SHA256 9e3c2fc14f63c4b4c4e9fcc33b386cd22daf8fe76ce724c5e37f07875e9a3dd9,<DecodeFinished>,
-31.0,2.0,11,2026122511,1,K1ABC FN42 33,-31,2,10.140200,0.09051986499980558,0,official WSJT-X 3.0.2; binary SHA256 9e3c2fc14f63c4b4c4e9fcc33b386cd22daf8fe76ce724c5e37f07875e9a3dd9,"0000 -31  0.0  10.140200  2  K1ABC FN42 33 
<DecodeFinished>",
-31.0,2.0,10,2026122510,0,,,,,0.14980026600096608,0,official WSJT-X 3.0.2; binary SHA256 9e3c2fc14f63c4b4c4e9fcc33b386cd22daf8fe76ce724c5e37f07875e9a3dd9,<DecodeFinished>,
-31.0,2.0,12,2026122512,0,,,,,0.1449628250011301,0,official WSJT-X 3.0.2; binary SHA256 9e3c2fc14f63c4b4c4e9fcc33b386cd22daf8fe76ce724c5e37f07875e9a3dd9,<DecodeFinished>,
-31.0,2.0,15,2026122515,0,,,,,0.047537278000163496,0,official WSJT-X 3.0.2; binary SHA256 9e3c2fc14f63c4b4c4e9fcc33b386cd22daf8fe76ce724c5e37f07875e9a3dd9,<DecodeFinished>,
-31.0,2.0,13,2026122513,0,,,,,0.14447550600016257,0,official WSJT-X 3.0.2; binary SHA256 9e3c2fc14f63c4b4c4e9fcc33b386cd22daf8fe76ce724c5e37f07875e9a3dd9,<DecodeFinished>,
-31.0,2.0,16,2026122516,0,,,,,0.04978990900053759,0,official WSJT-X 3.0.2; binary SHA256 9e3c2fc14f63c4b4c4e9fcc33b386cd22daf8fe76ce724c5e37f07875e9a3dd9,<DecodeFinished>,
-31.0,2.0,14,2026122514,0,,,,,0.15564771400022437,0,official WSJT-X 3.0.2; binary SHA256 9e3c2fc14f63c4b4c4e9fcc33b386cd22daf8fe76ce724c5e37f07875e9a3dd9,<DecodeFinished>,
-31.0,2.0,19,2026122519,0,,,,,0.04172578900033841,0,official WSJT-X 3.0.2; binary SHA256 9e3c2fc14f63c4b4c4e9fcc33b386cd22daf8fe76ce724c5e37f07875e9a3dd9,<DecodeFinished>,
-31.0,2.0,20,2026122520,0,,,,,0.04540017900035309,0,official WSJT-X 3.0.2; binary SHA256 9e3c2fc14f63c4b4c4e9fcc33b386cd22daf8fe76ce724c5e37f07875e9a3dd9,<DecodeFinished>,
-31.0,2.0,17,2026122517,0,,,,,0.16070152899919776,0,official WSJT-X 3.0.2; binary SHA256 9e3c2fc14f63c4b4c4e9fcc33b386cd22daf8fe76ce724c5e37f07875e9a3dd9,<DecodeFinished>,
-31.0,2.0,21,2026122521,0,,,,,0.07978368800104363,0,official WSJT-X 3.0.2; binary SHA256 9e3c2fc14f63c4b4c4e9fcc33b386cd22daf8fe76ce724c5e37f07875e9a3dd9,<DecodeFinished>,
-31.0,2.0,18,2026122518,0,,,,,0.15343032100099663,0,official WSJT-X 3.0.2; binary SHA256 9e3c2fc14f63c4b4c4e9fcc33b386cd22daf8fe76ce724c5e37f07875e9a3dd9,<DecodeFinished>,
-31.0,2.0,23,2026122523,0,,,,,0.04598487600014778,0,official WSJT-X 3.0.2; binary SHA256 9e3c2fc14f63c4b4c4e9fcc33b386cd22daf8fe76ce724c5e37f07875e9a3dd9,<DecodeFinished>,
-31.0,2.0,22,2026122522,0,,,,,0.1684784919998492,0,official WSJT-X 3.0.2; binary SHA256 9e3c2fc14f63c4b4c4e9fcc33b386cd22daf8fe76ce724c5e37f07875e9a3dd9,<DecodeFinished>,
-31.0,2.0,24,2026122524,0,,,,,0.15275607100011257,0,official WSJT-X 3.0.2; binary SHA256 9e3c2fc14f63c4b4c4e9fcc33b386cd22daf8fe76ce724c5e37f07875e9a3dd9,<DecodeFinished>,
-31.0,2.0,25,2026122525,0,,,,,0.1485601280000992,0,official WSJT-X 3.0.2; binary SHA256 9e3c2fc14f63c4b4c4e9fcc33b386cd22daf8fe76ce724c5e37f07875e9a3dd9,<DecodeFinished>,
-31.0,2.0,26,2026122526,0,,,,,0.1366314209990378,0,official WSJT-X 3.0.2; binary SHA256 9e3c2fc14f63c4b4c4e9fcc33b386cd22daf8fe76ce724c5e37f07875e9a3dd9,<DecodeFinished>,
-31.0,2.0,28,2026122528,0,,,,,0.04420127899902582,0,official WSJT-X 3.0.2; binary SHA256 9e3c2fc14f63c4b4c4e9fcc33b386cd22daf8fe76ce724c5e37f07875e9a3dd9,<DecodeFinished>,
-31.0,2.0,31,2026122531,0,,,,,0.052300322999144555,0,official WSJT-X 3.0.2; binary SHA256 9e3c2fc14f63c4b4c4e9fcc33b386cd22daf8fe76ce724c5e37f07875e9a3dd9,<DecodeFinished>,
-31.0,2.0,27,2026122527,0,,,,,0.14868778600066435,0,official WSJT-X 3.0.2; binary SHA256 9e3c2fc14f63c4b4c4e9fcc33b386cd22daf8fe76ce724c5e37f07875e9a3dd9,<DecodeFinished>,
-31.0,2.0,33,2026122533,0,,,,,0.04182722100085812,0,official WSJT-X 3.0.2; binary SHA256 9e3c2fc14f63c4b4c4e9fcc33b386cd22daf8fe76ce724c5e37f07875e9a3dd9,<DecodeFinished>,
-31.0,2.0,29,2026122529,0,,,,,0.15047211599994625,0,official WSJT-X 3.0.2; binary SHA256 9e3c2fc14f63c4b4c4e9fcc33b386cd22daf8fe76ce724c5e37f07875e9a3dd9,<DecodeFinished>,
-31.0,2.0,30,2026122530,0,,,,,0.1481122309996863,0,official WSJT-X 3.0.2; binary SHA256 9e3c2fc14f63c4b4c4e9fcc33b386cd22daf8fe76ce724c5e37f07875e9a3dd9,<DecodeFinished>,
-31.0,2.0,32,2026122532,0,,,,,0.14458915300019726,0,official WSJT-X 3.0.2; binary SHA256 9e3c2fc14f63c4b4c4e9fcc33b386cd22daf8fe76ce724c5e37f07875e9a3dd9,<DecodeFinished>,
-31.0,2.0,34,2026122534,0,,,,,0.14364201500029594,0,official WSJT-X 3.0.2; binary SHA256 9e3c2fc14f63c4b4c4e9fcc33b386cd22daf8fe76ce724c5e37f07875e9a3dd9,<DecodeFinished>,
-31.0,2.0,36,2026122536,0,,,,,0.14293922500110057,0,official WSJT-X 3.0.2; binary SHA256 9e3c2fc14f63c4b4c4e9fcc33b386cd22daf8fe76ce724c5e37f07875e9a3dd9,<DecodeFinished>,
-31.0,2.0,35,2026122535,0,,,,,0.1511696790003043,0,official WSJT-X 3.0.2; binary SHA256 9e3c2fc14f63c4b4c4e9fcc33b386cd22daf8fe76ce724c5e37f07875e9a3dd9,<DecodeFinished>,
-31.0,2.0,37,2026122537,0,,,,,0.14658285100085777,0,official WSJT-X 3.0.2; binary SHA256 9e3c2fc14f63c4b4c4e9fcc33b386cd22daf8fe76ce724c5e37f07875e9a3dd9,<DecodeFinished>,
-31.0,2.0,41,2026122541,0,,,,,0.048989954999342444,0,official WSJT-X 3.0.2; binary SHA256 9e3c2fc14f63c4b4c4e9fcc33b386cd22daf8fe76ce724c5e37f07875e9a3dd9,<DecodeFinished>,
-31.0,2.0,38,2026122538,0,,,,,0.15113921400006802,0,official WSJT-X 3.0.2; binary SHA256 9e3c2fc14f63c4b4c4e9fcc33b386cd22daf8fe76ce724c5e37f07875e9a3dd9,<DecodeFinished>,
-31.0,2.0,39,2026122539,0,,,,,0.1554465449989948,0,official WSJT-X 3.0.2; binary SHA256 9e3c2fc14f63c4b4c4e9fcc33b386cd22daf8fe76ce724c5e37f07875e9a3dd9,<DecodeFinished>,
-31.0,2.0,40,2026122540,0,,,,,0.1521549339995545,0,official WSJT-X 3.0.2; binary SHA256 9e3c2fc14f63c4b4c4e9fcc33b386cd22daf8fe76ce724c5e37f07875e9a3dd9,<DecodeFinished>,
-31.0,2.0,42,2026122542,0,,,,,0.04987671300114016,0,official WSJT-X 3.0.2; binary SHA256 9e3c2fc14f63c4b4c4e9fcc33b386cd22daf8fe76ce724c5e37f07875e9a3dd9,<DecodeFinished>,
-31.0,2.0,43,2026122543,0,,,,,0.07581873799972527,0,official WSJT-X 3.0.2; binary SHA256 9e3c2fc14f63c4b4c4e9fcc33b386cd22daf8fe76ce724c5e37f07875e9a3dd9,<DecodeFinished>,
-31.0,2.0,44,2026122544,0,,,,,0.054698205000022426,0,official WSJT-X 3.0.2; binary SHA256 9e3c2fc14f63c4b4c4e9fcc33b386cd22daf8fe76ce724c5e37f07875e9a3dd9,<DecodeFinished>,
-31.0,2.0,46,2026122546,0,,,,,0.04352992100029951,0,official WSJT-X 3.0.2; binary SHA256 9e3c2fc14f63c4b4c4e9fcc33b386cd22daf8fe76ce724c5e37f07875e9a3dd9,<DecodeFinished>,
-31.0,2.0,45,2026122545,0,,,,,0.05404662500041013,0,official WSJT-X 3.0.2; binary SHA256 9e3c2fc14f63c4b4c4e9fcc33b386cd22daf8fe76ce724c5e37f07875e9a3dd9,<DecodeFinished>,
-31.0,2.0,50,2026122550,0,,,,,0.056887018001361866,0,official WSJT-X 3.0.2; binary SHA256 9e3c2fc14f63c4b4c4e9fcc33b386cd22daf8fe76ce724c5e37f07875e9a3dd9,<DecodeFinished>,
-31.0,2.0,47,2026122547,0,,,,,0.06486305599901243,0,official WSJT-X 3.0.2; binary SHA256 9e3c2fc14f63c4b4c4e9fcc33b386cd22daf8fe76ce724c5e37f07875e9a3dd9,<DecodeFinished>,
-31.0,2.0,52,2026122552,0,,,,,0.05096834100004344,0,official WSJT-X 3.0.2; binary SHA256 9e3c2fc14f63c4b4c4e9fcc33b386cd22daf8fe76ce724c5e37f07875e9a3dd9,<DecodeFinished>,
-31.0,2.0,49,2026122549,0,,,,,0.16375044300002628,0,official WSJT-X 3.0.2; binary SHA256 9e3c2fc14f63c4b4c4e9fcc33b386cd22daf8fe76ce724c5e37f07875e9a3dd9,<DecodeFinished>,
-31.0,2.0,48,2026122548,0,,,,,0.1658286069996393,0,official WSJT-X 3.0.2; binary SHA256 9e3c2fc14f63c4b4c4e9fcc33b386cd22daf8fe76ce724c5e37f07875e9a3dd9,<DecodeFinished>,
-31.0,2.0,51,2026122551,0,,,,,0.14796107000074699,0,official WSJT-X 3.0.2; binary SHA256 9e3c2fc14f63c4b4c4e9fcc33b386cd22daf8fe76ce724c5e37f07875e9a3dd9,<DecodeFinished>,
-31.0,2.0,56,2026122556,0,,,,,0.04666811999959464,0,official WSJT-X 3.0.2; binary SHA256 9e3c2fc14f63c4b4c4e9fcc33b386cd22daf8fe76ce724c5e37f07875e9a3dd9,<DecodeFinished>,
-31.0,2.0,53,2026122553,0,,,,,0.14624492800066946,0,official WSJT-X 3.0.2; binary SHA256 9e3c2fc14f63c4b4c4e9fcc33b386cd22daf8fe76ce724c5e37f07875e9a3dd9,<DecodeFinished>,
-31.0,2.0,55,2026122555,0,,,,,0.1395460900002945,0,official WSJT-X 3.0.2; binary SHA256 9e3c2fc14f63c4b4c4e9fcc33b386cd22daf8fe76ce724c5e37f07875e9a3dd9,<DecodeFinished>,
-31.0,2.0,57,2026122557,0,,,,,0.15482251399953384,0,official WSJT-X 3.0.2; binary SHA256 9e3c2fc14f63c4b4c4e9fcc33b386cd22daf8fe76ce724c5e37f07875e9a3dd9,<DecodeFinished>,
-31.0,2.0,58,2026122558,0,,,,,0.15413094600080512,0,official WSJT-X 3.0.2; binary SHA256 9e3c2fc14f63c4b4c4e9fcc33b386cd22daf8fe76ce724c5e37f07875e9a3dd9,<DecodeFinished>,
-31.0,2.0,59,2026122559,0,,,,,0.14445862799948372,0,official WSJT-X 3.0.2; binary SHA256 9e3c2fc14f63c4b4c4e9fcc33b386cd22daf8fe76ce724c5e37f07875e9a3dd9,<DecodeFinished>,
-31.0,2.0,61,2026122561,0,,,,,0.05138548600007198,0,official WSJT-X 3.0.2; binary SHA256 9e3c2fc14f63c4b4c4e9fcc33b386cd22daf8fe76ce724c5e37f07875e9a3dd9,<DecodeFinished>,
-31.0,2.0,63,2026122563,0,,,,,0.042467246999876807,0,official WSJT-X 3.0.2; binary SHA256 9e3c2fc14f63c4b4c4e9fcc33b386cd22daf8fe76ce724c5e37f07875e9a3dd9,<DecodeFinished>,
-31.0,2.0,60,2026122560,0,,,,,0.15042313800040574,0,official WSJT-X 3.0.2; binary SHA256 9e3c2fc14f63c4b4c4e9fcc33b386cd22daf8fe76ce724c5e37f07875e9a3dd9,<DecodeFinished>,
-31.0,2.0,62,2026122562,0,,,,,0.14410067099925072,0,official WSJT-X 3.0.2; binary SHA256 9e3c2fc14f63c4b4c4e9fcc33b386cd22daf8fe76ce724c5e37f07875e9a3dd9,<DecodeFinished>,
-31.0,2.0,64,2026122564,0,,,,,0.14490617800038308,0,official WSJT-X 3.0.2; binary SHA256 9e3c2fc14f63c4b4c4e9fcc33b386cd22daf8fe76ce724c5e37f07875e9a3dd9,<DecodeFinished>,
-31.0,2.0,54,2026122554,0,,,,,0.528366148000714,0,official WSJT-X 3.0.2; binary SHA256 9e3c2fc14f63c4b4c4e9fcc33b386cd22daf8fe76ce724c5e37f07875e9a3dd9,<DecodeFinished>,
-31.0,2.0,67,2026122567,0,,,,,0.04678166499979852,0,official WSJT-X 3.0.2; binary SHA256 9e3c2fc14f63c4b4c4e9fcc33b386cd22daf8fe76ce724c5e37f07875e9a3dd9,<DecodeFinished>,
-31.0,2.0,65,2026122565,0,,,,,0.1516257310013316,0,official WSJT-X 3.0.2; binary SHA256 9e3c2fc14f63c4b4c4e9fcc33b386cd22daf8fe76ce724c5e37f07875e9a3dd9,<DecodeFinished>,
-31.0,2.0,66,2026122566,0,,,,,0.15118896200146992,0,official WSJT-X 3.0.2; binary SHA256 9e3c2fc14f63c4b4c4e9fcc33b386cd22daf8fe76ce724c5e37f07875e9a3dd9,<DecodeFinished>,
-31.0,2.0,69,2026122569,0,,,,,0.04815357700135792,0,official WSJT-X 3.0.2; binary SHA256 9e3c2fc14f63c4b4c4e9fcc33b386cd22daf8fe76ce724c5e37f07875e9a3dd9,<DecodeFinished>,
-31.0,2.0,71,2026122571,0,,,,,0.050778121998519055,0,official WSJT-X 3.0.2; binary SHA256 9e3c2fc14f63c4b4c4e9fcc33b386cd22daf8fe76ce724c5e37f07875e9a3dd9,<DecodeFinished>,
-31.0,2.0,72,2026122572,0,,,,,0.052325526001368416,0,official WSJT-X 3.0.2; binary SHA256 9e3c2fc14f63c4b4c4e9fcc33b386cd22daf8fe76ce724c5e37f07875e9a3dd9,<DecodeFinished>,
-31.0,2.0,68,2026122568,0,,,,,0.1395052959996974,0,official WSJT-X 3.0.2; binary SHA256 9e3c2fc14f63c4b4c4e9fcc33b386cd22daf8fe76ce724c5e37f07875e9a3dd9,<DecodeFinished>,
-31.0,2.0,73,2026122573,0,,,,,0.04508572499980801,0,official WSJT-X 3.0.2; binary SHA256 9e3c2fc14f63c4b4c4e9fcc33b386cd22daf8fe76ce724c5e37f07875e9a3dd9,<DecodeFinished>,
-31.0,2.0,70,2026122570,0,,,,,0.1408554350000486,0,official WSJT-X 3.0.2; binary SHA256 9e3c2fc14f63c4b4c4e9fcc33b386cd22daf8fe76ce724c5e37f07875e9a3dd9,<DecodeFinished>,
-31.0,2.0,75,2026122575,0,,,,,0.04957350000040606,0,official WSJT-X 3.0.2; binary SHA256 9e3c2fc14f63c4b4c4e9fcc33b386cd22daf8fe76ce724c5e37f07875e9a3dd9,<DecodeFinished>,
-31.0,2.0,77,2026122577,0,,,,,0.04201665700020385,0,official WSJT-X 3.0.2; binary SHA256 9e3c2fc14f63c4b4c4e9fcc33b386cd22daf8fe76ce724c5e37f07875e9a3dd9,<DecodeFinished>,
-31.0,2.0,78,2026122578,0,,,,,0.04275364100067236,0,official WSJT-X 3.0.2; binary SHA256 9e3c2fc14f63c4b4c4e9fcc33b386cd22daf8fe76ce724c5e37f07875e9a3dd9,<DecodeFinished>,
-31.0,2.0,79,2026122579,0,,,,,0.0485805860007531,0,official WSJT-X 3.0.2; binary SHA256 9e3c2fc14f63c4b4c4e9fcc33b386cd22daf8fe76ce724c5e37f07875e9a3dd9,<DecodeFinished>,
-31.0,2.0,74,2026122574,0,,,,,0.1441701120002108,0,official WSJT-X 3.0.2; binary SHA256 9e3c2fc14f63c4b4c4e9fcc33b386cd22daf8fe76ce724c5e37f07875e9a3dd9,<DecodeFinished>,
-31.0,2.0,76,2026122576,0,,,,,0.14168054500078142,0,official WSJT-X 3.0.2; binary SHA256 9e3c2fc14f63c4b4c4e9fcc33b386cd22daf8fe76ce724c5e37f07875e9a3dd9,<DecodeFinished>,
-31.0,2.0,81,2026122581,0,,,,,0.04364175400041859,0,official WSJT-X 3.0.2; binary SHA256 9e3c2fc14f63c4b4c4e9fcc33b386cd22daf8fe76ce724c5e37f07875e9a3dd9,<DecodeFinished>,
-31.0,2.0,80,2026122580,0,,,,,0.14658880500064697,0,official WSJT-X 3.0.2; binary SHA256 9e3c2fc14f63c4b4c4e9fcc33b386cd22daf8fe76ce724c5e37f07875e9a3dd9,<DecodeFinished>,
-31.0,2.0,82,2026122582,0,,,,,0.14536669699919003,0,official WSJT-X 3.0.2; binary SHA256 9e3c2fc14f63c4b4c4e9fcc33b386cd22daf8fe76ce724c5e37f07875e9a3dd9,<DecodeFinished>,
-31.0,2.0,83,2026122583,0,,,,,0.14397399900008168,0,official WSJT-X 3.0.2; binary SHA256 9e3c2fc14f63c4b4c4e9fcc33b386cd22daf8fe76ce724c5e37f07875e9a3dd9,<DecodeFinished>,
-31.0,2.0,84,2026122584,0,,,,,0.14158907099954376,0,official WSJT-X 3.0.2; binary SHA256 9e3c2fc14f63c4b4c4e9fcc33b386cd22daf8fe76ce724c5e37f07875e9a3dd9,<DecodeFinished>,
-31.0,2.0,85,2026122585,0,,,,,0.14983806400050526,0,official WSJT-X 3.0.2; binary SHA256 9e3c2fc14f63c4b4c4e9fcc33b386cd22daf8fe76ce724c5e37f07875e9a3dd9,<DecodeFinished>,
-31.0,2.0,86,2026122586,0,,,,,0.14249914399988484,0,official WSJT-X 3.0.2; binary SHA256 9e3c2fc14f63c4b4c4e9fcc33b386cd22daf8fe76ce724c5e37f07875e9a3dd9,<DecodeFinished>,
-31.0,2.0,87,2026122587,0,,,,,0.1452073210002709,0,official WSJT-X 3.0.2; binary SHA256 9e3c2fc14f63c4b4c4e9fcc33b386cd22daf8fe76ce724c5e37f07875e9a3dd9,<DecodeFinished>,
-31.0,2.0,91,2026122591,0,,,,,0.04326476999995066,0,official WSJT-X 3.0.2; binary SHA256 9e3c2fc14f63c4b4c4e9fcc33b386cd22daf8fe76ce724c5e37f07875e9a3dd9,<DecodeFinished>,
-31.0,2.0,89,2026122589,0,,,,,0.1409818299998733,0,official WSJT-X 3.0.2; binary SHA256 9e3c2fc14f63c4b4c4e9fcc33b386cd22daf8fe76ce724c5e37f07875e9a3dd9,<DecodeFinished>,
-31.0,2.0,90,2026122590,0,,,,,0.1534489539990318,0,official WSJT-X 3.0.2; binary SHA256 9e3c2fc14f63c4b4c4e9fcc33b386cd22daf8fe76ce724c5e37f07875e9a3dd9,<DecodeFinished>,
-31.0,2.0,93,2026122593,0,,,,,0.046651591001136694,0,official WSJT-X 3.0.2; binary SHA256 9e3c2fc14f63c4b4c4e9fcc33b386cd22daf8fe76ce724c5e37f07875e9a3dd9,<DecodeFinished>,
-31.0,2.0,94,2026122594,0,,,,,0.047927904000971466,0,official WSJT-X 3.0.2; binary SHA256 9e3c2fc14f63c4b4c4e9fcc33b386cd22daf8fe76ce724c5e37f07875e9a3dd9,<DecodeFinished>,
-31.0,2.0,95,2026122595,0,,,,,0.045548363001216785,0,official WSJT-X 3.0.2; binary SHA256 9e3c2fc14f63c4b4c4e9fcc33b386cd22daf8fe76ce724c5e37f07875e9a3dd9,<DecodeFinished>,
-31.0,2.0,92,2026122592,0,,,,,0.1487582999998267,0,official WSJT-X 3.0.2; binary SHA256 9e3c2fc14f63c4b4c4e9fcc33b386cd22daf8fe76ce724c5e37f07875e9a3dd9,<DecodeFinished>,
-31.0,2.0,98,2026122598,0,,,,,0.047440161999475094,0,official WSJT-X 3.0.2; binary SHA256 9e3c2fc14f63c4b4c4e9fcc33b386cd22daf8fe76ce724c5e37f07875e9a3dd9,<DecodeFinished>,
-31.0,2.0,96,2026122596,1,K1ABC FN42 33,-30,2,10.140200,0.09745753700008208,0,official WSJT-X 3.0.2; binary SHA256 9e3c2fc14f63c4b4c4e9fcc33b386cd22daf8fe76ce724c5e37f07875e9a3dd9,"0000 -30  0.1  10.140200  2  K1ABC FN42 33 
<DecodeFinished>",
-31.0,-2.0,0,2026122500,0,,,,,0.047318155999164446,0,official WSJT-X 3.0.2; binary SHA256 9e3c2fc14f63c4b4c4e9fcc33b386cd22daf8fe76ce724c5e37f07875e9a3dd9,<DecodeFinished>,
-31.0,2.0,97,2026122597,0,,,,,0.1442368030002399,0,official WSJT-X 3.0.2; binary SHA256 9e3c2fc14f63c4b4c4e9fcc33b386cd22daf8fe76ce724c5e37f07875e9a3dd9,<DecodeFinished>,
-31.0,2.0,88,2026122588,0,,,,,0.533007471000019,0,official WSJT-X 3.0.2; binary SHA256 9e3c2fc14f63c4b4c4e9fcc33b386cd22daf8fe76ce724c5e37f07875e9a3dd9,<DecodeFinished>,
-31.0,2.0,99,2026122599,0,,,,,0.15235948800000187,0,official WSJT-X 3.0.2; binary SHA256 9e3c2fc14f63c4b4c4e9fcc33b386cd22daf8fe76ce724c5e37f07875e9a3dd9,<DecodeFinished>,
-31.0,-2.0,3,2026122503,0,,,,,0.05160544299906178,0,official WSJT-X 3.0.2; binary SHA256 9e3c2fc14f63c4b4c4e9fcc33b386cd22daf8fe76ce724c5e37f07875e9a3dd9,<DecodeFinished>,
-31.0,-2.0,1,2026122501,0,,,,,0.14673988499998813,0,official WSJT-X 3.0.2; binary SHA256 9e3c2fc14f63c4b4c4e9fcc33b386cd22daf8fe76ce724c5e37f07875e9a3dd9,<DecodeFinished>,
-31.0,-2.0,2,2026122502,0,,,,,0.14180547900105012,0,official WSJT-X 3.0.2; binary SHA256 9e3c2fc14f63c4b4c4e9fcc33b386cd22daf8fe76ce724c5e37f07875e9a3dd9,<DecodeFinished>,
-31.0,-2.0,5,2026122505,0,,,,,0.04638252100085083,0,official WSJT-X 3.0.2; binary SHA256 9e3c2fc14f63c4b4c4e9fcc33b386cd22daf8fe76ce724c5e37f07875e9a3dd9,<DecodeFinished>,
-31.0,-2.0,7,2026122507,0,,,,,0.04347313799917174,0,official WSJT-X 3.0.2; binary SHA256 9e3c2fc14f63c4b4c4e9fcc33b386cd22daf8fe76ce724c5e37f07875e9a3dd9,<DecodeFinished>,
-31.0,-2.0,4,2026122504,0,,,,,0.1410898129997804,0,official WSJT-X 3.0.2; binary SHA256 9e3c2fc14f63c4b4c4e9fcc33b386cd22daf8fe76ce724c5e37f07875e9a3dd9,<DecodeFinished>,
-31.0,-2.0,10,2026122510,0,,,,,0.04933248400084267,0,official WSJT-X 3.0.2; binary SHA256 9e3c2fc14f63c4b4c4e9fcc33b386cd22daf8fe76ce724c5e37f07875e9a3dd9,<DecodeFinished>,
-31.0,-2.0,6,2026122506,0,,,,,0.14293017199997848,0,official WSJT-X 3.0.2; binary SHA256 9e3c2fc14f63c4b4c4e9fcc33b386cd22daf8fe76ce724c5e37f07875e9a3dd9,<DecodeFinished>,
-31.0,-2.0,8,2026122508,0,,,,,0.14507302299898583,0,official WSJT-X 3.0.2; binary SHA256 9e3c2fc14f63c4b4c4e9fcc33b386cd22daf8fe76ce724c5e37f07875e9a3dd9,<DecodeFinished>,
-31.0,-2.0,9,2026122509,0,,,,,0.14479271699929086,0,official WSJT-X 3.0.2; binary SHA256 9e3c2fc14f63c4b4c4e9fcc33b386cd22daf8fe76ce724c5e37f07875e9a3dd9,<DecodeFinished>,
-31.0,-2.0,13,2026122513,0,,,,,0.05205378899881907,0,official WSJT-X 3.0.2; binary SHA256 9e3c2fc14f63c4b4c4e9fcc33b386cd22daf8fe76ce724c5e37f07875e9a3dd9,<DecodeFinished>,
-31.0,-2.0,14,2026122514,0,,,,,0.05003132500132779,0,official WSJT-X 3.0.2; binary SHA256 9e3c2fc14f63c4b4c4e9fcc33b386cd22daf8fe76ce724c5e37f07875e9a3dd9,<DecodeFinished>,
-31.0,-2.0,11,2026122511,0,,,,,0.15045802399981767,0,official WSJT-X 3.0.2; binary SHA256 9e3c2fc14f63c4b4c4e9fcc33b386cd22daf8fe76ce724c5e37f07875e9a3dd9,<DecodeFinished>,
-31.0,-2.0,12,2026122512,0,,,,,0.14680702599980577,0,official WSJT-X 3.0.2; binary SHA256 9e3c2fc14f63c4b4c4e9fcc33b386cd22daf8fe76ce724c5e37f07875e9a3dd9,<DecodeFinished>,
-31.0,-2.0,18,2026122518,0,,,,,0.048181640999246156,0,official WSJT-X 3.0.2; binary SHA256 9e3c2fc14f63c4b4c4e9fcc33b386cd22daf8fe76ce724c5e37f07875e9a3dd9,<DecodeFinished>,
-31.0,-2.0,15,2026122515,0,,,,,0.14435150099961902,0,official WSJT-X 3.0.2; binary SHA256 9e3c2fc14f63c4b4c4e9fcc33b386cd22daf8fe76ce724c5e37f07875e9a3dd9,<DecodeFinished>,
-31.0,-2.0,16,2026122516,0,,,,,0.1360575830003654,0,official WSJT-X 3.0.2; binary SHA256 9e3c2fc14f63c4b4c4e9fcc33b386cd22daf8fe76ce724c5e37f07875e9a3dd9,<DecodeFinished>,
-31.0,-2.0,17,2026122517,0,,,,,0.15164989400000195,0,official WSJT-X 3.0.2; binary SHA256 9e3c2fc14f63c4b4c4e9fcc33b386cd22daf8fe76ce724c5e37f07875e9a3dd9,<DecodeFinished>,
-31.0,-2.0,22,2026122522,0,,,,,0.04552476800017757,0,official WSJT-X 3.0.2; binary SHA256 9e3c2fc14f63c4b4c4e9fcc33b386cd22daf8fe76ce724c5e37f07875e9a3dd9,<DecodeFinished>,
-31.0,-2.0,19,2026122519,0,,,,,0.14167967100001988,0,official WSJT-X 3.0.2; binary SHA256 9e3c2fc14f63c4b4c4e9fcc33b386cd22daf8fe76ce724c5e37f07875e9a3dd9,<DecodeFinished>,
-31.0,-2.0,20,2026122520,0,,,,,0.1510920670007181,0,official WSJT-X 3.0.2; binary SHA256 9e3c2fc14f63c4b4c4e9fcc33b386cd22daf8fe76ce724c5e37f07875e9a3dd9,<DecodeFinished>,
-31.0,-2.0,21,2026122521,0,,,,,0.15071990199976426,0,official WSJT-X 3.0.2; binary SHA256 9e3c2fc14f63c4b4c4e9fcc33b386cd22daf8fe76ce724c5e37f07875e9a3dd9,<DecodeFinished>,
-31.0,-2.0,23,2026122523,0,,,,,0.14626928899997438,0,official WSJT-X 3.0.2; binary SHA256 9e3c2fc14f63c4b4c4e9fcc33b386cd22daf8fe76ce724c5e37f07875e9a3dd9,<DecodeFinished>,
-31.0,-2.0,25,2026122525,0,,,,,0.14749271599976055,0,official WSJT-X 3.0.2; binary SHA256 9e3c2fc14f63c4b4c4e9fcc33b386cd22daf8fe76ce724c5e37f07875e9a3dd9,<DecodeFinished>,
-31.0,-2.0,26,2026122526,0,,,,,0.1424462639988633,0,official WSJT-X 3.0.2; binary SHA256 9e3c2fc14f63c4b4c4e9fcc33b386cd22daf8fe76ce724c5e37f07875e9a3dd9,<DecodeFinished>,
-31.0,-2.0,28,2026122528,0,,,,,0.04467746400041506,0,official WSJT-X 3.0.2; binary SHA256 9e3c2fc14f63c4b4c4e9fcc33b386cd22daf8fe76ce724c5e37f07875e9a3dd9,<DecodeFinished>,
-31.0,-2.0,24,2026122524,0,,,,,0.2568830700001854,0,official WSJT-X 3.0.2; binary SHA256 9e3c2fc14f63c4b4c4e9fcc33b386cd22daf8fe76ce724c5e37f07875e9a3dd9,<DecodeFinished>,
-31.0,-2.0,27,2026122527,0,,,,,0.13990131699938502,0,official WSJT-X 3.0.2; binary SHA256 9e3c2fc14f63c4b4c4e9fcc33b386cd22daf8fe76ce724c5e37f07875e9a3dd9,<DecodeFinished>,
-31.0,-2.0,30,2026122530,0,,,,,0.044620227001360036,0,official WSJT-X 3.0.2; binary SHA256 9e3c2fc14f63c4b4c4e9fcc33b386cd22daf8fe76ce724c5e37f07875e9a3dd9,<DecodeFinished>,
-31.0,-2.0,32,2026122532,0,,,,,0.04870712900083163,0,official WSJT-X 3.0.2; binary SHA256 9e3c2fc14f63c4b4c4e9fcc33b386cd22daf8fe76ce724c5e37f07875e9a3dd9,<DecodeFinished>,
-31.0,-2.0,29,2026122529,0,,,,,0.15307315000063682,0,official WSJT-X 3.0.2; binary SHA256 9e3c2fc14f63c4b4c4e9fcc33b386cd22daf8fe76ce724c5e37f07875e9a3dd9,<DecodeFinished>,
-31.0,-2.0,31,2026122531,0,,,,,0.15094612400025653,0,official WSJT-X 3.0.2; binary SHA256 9e3c2fc14f63c4b4c4e9fcc33b386cd22daf8fe76ce724c5e37f07875e9a3dd9,<DecodeFinished>,
-31.0,-2.0,33,2026122533,0,,,,,0.15224972999931197,0,official WSJT-X 3.0.2; binary SHA256 9e3c2fc14f63c4b4c4e9fcc33b386cd22daf8fe76ce724c5e37f07875e9a3dd9,<DecodeFinished>,
-31.0,-2.0,34,2026122534,0,,,,,0.1510049539992906,0,official WSJT-X 3.0.2; binary SHA256 9e3c2fc14f63c4b4c4e9fcc33b386cd22daf8fe76ce724c5e37f07875e9a3dd9,<DecodeFinished>,
-31.0,-2.0,37,2026122537,0,,,,,0.05772871999943163,0,official WSJT-X 3.0.2; binary SHA256 9e3c2fc14f63c4b4c4e9fcc33b386cd22daf8fe76ce724c5e37f07875e9a3dd9,<DecodeFinished>,
-31.0,-2.0,35,2026122535,0,,,,,0.15323648900084663,0,official WSJT-X 3.0.2; binary SHA256 9e3c2fc14f63c4b4c4e9fcc33b386cd22daf8fe76ce724c5e37f07875e9a3dd9,<DecodeFinished>,
-31.0,-2.0,38,2026122538,0,,,,,0.04846322000048531,0,official WSJT-X 3.0.2; binary SHA256 9e3c2fc14f63c4b4c4e9fcc33b386cd22daf8fe76ce724c5e37f07875e9a3dd9,<DecodeFinished>,
-31.0,-2.0,36,2026122536,0,,,,,0.1456616080013191,0,official WSJT-X 3.0.2; binary SHA256 9e3c2fc14f63c4b4c4e9fcc33b386cd22daf8fe76ce724c5e37f07875e9a3dd9,<DecodeFinished>,
-31.0,-2.0,40,2026122540,0,,,,,0.047917259000314516,0,official WSJT-X 3.0.2; binary SHA256 9e3c2fc14f63c4b4c4e9fcc33b386cd22daf8fe76ce724c5e37f07875e9a3dd9,<DecodeFinished>,
-31.0,-2.0,41,2026122541,0,,,,,0.044137104001492844,0,official WSJT-X 3.0.2; binary SHA256 9e3c2fc14f63c4b4c4e9fcc33b386cd22daf8fe76ce724c5e37f07875e9a3dd9,<DecodeFinished>,
-31.0,-2.0,42,2026122542,0,,,,,0.04414307600018219,0,official WSJT-X 3.0.2; binary SHA256 9e3c2fc14f63c4b4c4e9fcc33b386cd22daf8fe76ce724c5e37f07875e9a3dd9,<DecodeFinished>,
-31.0,-2.0,43,2026122543,0,,,,,0.04428225999981805,0,official WSJT-X 3.0.2; binary SHA256 9e3c2fc14f63c4b4c4e9fcc33b386cd22daf8fe76ce724c5e37f07875e9a3dd9,<DecodeFinished>,
-31.0,-2.0,45,2026122545,0,,,,,0.04384398100046383,0,official WSJT-X 3.0.2; binary SHA256 9e3c2fc14f63c4b4c4e9fcc33b386cd22daf8fe76ce724c5e37f07875e9a3dd9,<DecodeFinished>,
-31.0,-2.0,46,2026122546,0,,,,,0.0533312819989078,0,official WSJT-X 3.0.2; binary SHA256 9e3c2fc14f63c4b4c4e9fcc33b386cd22daf8fe76ce724c5e37f07875e9a3dd9,<DecodeFinished>,
-31.0,-2.0,48,2026122548,0,,,,,0.05207938599960471,0,official WSJT-X 3.0.2; binary SHA256 9e3c2fc14f63c4b4c4e9fcc33b386cd22daf8fe76ce724c5e37f07875e9a3dd9,<DecodeFinished>,
-31.0,-2.0,44,2026122544,0,,,,,0.14398203900054796,0,official WSJT-X 3.0.2; binary SHA256 9e3c2fc14f63c4b4c4e9fcc33b386cd22daf8fe76ce724c5e37f07875e9a3dd9,<DecodeFinished>,
-31.0,-2.0,50,2026122550,0,,,,,0.042948545999024645,0,official WSJT-X 3.0.2; binary SHA256 9e3c2fc14f63c4b4c4e9fcc33b386cd22daf8fe76ce724c5e37f07875e9a3dd9,<DecodeFinished>,
-31.0,-2.0,47,2026122547,0,,,,,0.1395032740001625,0,official WSJT-X 3.0.2; binary SHA256 9e3c2fc14f63c4b4c4e9fcc33b386cd22daf8fe76ce724c5e37f07875e9a3dd9,<DecodeFinished>,
-31.0,-2.0,52,2026122552,0,,,,,0.04451445000086096,0,official WSJT-X 3.0.2; binary SHA256 9e3c2fc14f63c4b4c4e9fcc33b386cd22daf8fe76ce724c5e37f07875e9a3dd9,<DecodeFinished>,
-31.0,-2.0,49,2026122549,0,,,,,0.14842065099946922,0,official WSJT-X 3.0.2; binary SHA256 9e3c2fc14f63c4b4c4e9fcc33b386cd22daf8fe76ce724c5e37f07875e9a3dd9,<DecodeFinished>,
-31.0,-2.0,51,2026122551,0,,,,,0.14931452599921613,0,official WSJT-X 3.0.2; binary SHA256 9e3c2fc14f63c4b4c4e9fcc33b386cd22daf8fe76ce724c5e37f07875e9a3dd9,<DecodeFinished>,
-31.0,-2.0,55,2026122555,0,,,,,0.047397660000569886,0,official WSJT-X 3.0.2; binary SHA256 9e3c2fc14f63c4b4c4e9fcc33b386cd22daf8fe76ce724c5e37f07875e9a3dd9,<DecodeFinished>,
-31.0,-2.0,53,2026122553,0,,,,,0.14681373100029305,0,official WSJT-X 3.0.2; binary SHA256 9e3c2fc14f63c4b4c4e9fcc33b386cd22daf8fe76ce724c5e37f07875e9a3dd9,<DecodeFinished>,
-31.0,-2.0,56,2026122556,0,,,,,0.04745432699928642,0,official WSJT-X 3.0.2; binary SHA256 9e3c2fc14f63c4b4c4e9fcc33b386cd22daf8fe76ce724c5e37f07875e9a3dd9,<DecodeFinished>,
-31.0,-2.0,39,2026122539,0,,,,,0.5439762679998239,0,official WSJT-X 3.0.2; binary SHA256 9e3c2fc14f63c4b4c4e9fcc33b386cd22daf8fe76ce724c5e37f07875e9a3dd9,<DecodeFinished>,
-31.0,-2.0,57,2026122557,1,K1ABC FN42 33,-31,-2,10.140200,0.07220538100045815,0,official WSJT-X 3.0.2; binary SHA256 9e3c2fc14f63c4b4c4e9fcc33b386cd22daf8fe76ce724c5e37f07875e9a3dd9,"0000 -31 -0.1  10.140200 -2  K1ABC FN42 33 
<DecodeFinished>",
-31.0,-2.0,58,2026122558,0,,,,,0.04604165400087368,0,official WSJT-X 3.0.2; binary SHA256 9e3c2fc14f63c4b4c4e9fcc33b386cd22daf8fe76ce724c5e37f07875e9a3dd9,<DecodeFinished>,
-31.0,-2.0,61,2026122561,0,,,,,0.04303663500104449,0,official WSJT-X 3.0.2; binary SHA256 9e3c2fc14f63c4b4c4e9fcc33b386cd22daf8fe76ce724c5e37f07875e9a3dd9,<DecodeFinished>,
-31.0,-2.0,62,2026122562,0,,,,,0.04151605300103256,0,official WSJT-X 3.0.2; binary SHA256 9e3c2fc14f63c4b4c4e9fcc33b386cd22daf8fe76ce724c5e37f07875e9a3dd9,<DecodeFinished>,
-31.0,-2.0,59,2026122559,0,,,,,0.14530262399966887,0,official WSJT-X 3.0.2; binary SHA256 9e3c2fc14f63c4b4c4e9fcc33b386cd22daf8fe76ce724c5e37f07875e9a3dd9,<DecodeFinished>,
-31.0,-2.0,60,2026122560,0,,,,,0.14140335400043114,0,official WSJT-X 3.0.2; binary SHA256 9e3c2fc14f63c4b4c4e9fcc33b386cd22daf8fe76ce724c5e37f07875e9a3dd9,<DecodeFinished>,
-31.0,-2.0,64,2026122564,0,,,,,0.04655377299968677,0,official WSJT-X 3.0.2; binary SHA256 9e3c2fc14f63c4b4c4e9fcc33b386cd22daf8fe76ce724c5e37f07875e9a3dd9,<DecodeFinished>,
-31.0,-2.0,54,2026122554,0,,,,,0.41396059799990326,0,official WSJT-X 3.0.2; binary SHA256 9e3c2fc14f63c4b4c4e9fcc33b386cd22daf8fe76ce724c5e37f07875e9a3dd9,<DecodeFinished>,
-31.0,-2.0,63,2026122563,0,,,,,0.1397843919985462,0,official WSJT-X 3.0.2; binary SHA256 9e3c2fc14f63c4b4c4e9fcc33b386cd22daf8fe76ce724c5e37f07875e9a3dd9,<DecodeFinished>,
-31.0,-2.0,66,2026122566,0,,,,,0.052075708999836934,0,official WSJT-X 3.0.2; binary SHA256 9e3c2fc14f63c4b4c4e9fcc33b386cd22daf8fe76ce724c5e37f07875e9a3dd9,<DecodeFinished>,
-31.0,-2.0,68,2026122568,0,,,,,0.044561319999047555,0,official WSJT-X 3.0.2; binary SHA256 9e3c2fc14f63c4b4c4e9fcc33b386cd22daf8fe76ce724c5e37f07875e9a3dd9,<DecodeFinished>,
-31.0,-2.0,70,2026122570,0,,,,,0.0491773749999993,0,official WSJT-X 3.0.2; binary SHA256 9e3c2fc14f63c4b4c4e9fcc33b386cd22daf8fe76ce724c5e37f07875e9a3dd9,<DecodeFinished>,
-31.0,-2.0,67,2026122567,0,,,,,0.14153179399909277,0,official WSJT-X 3.0.2; binary SHA256 9e3c2fc14f63c4b4c4e9fcc33b386cd22daf8fe76ce724c5e37f07875e9a3dd9,<DecodeFinished>,
-31.0,-2.0,69,2026122569,0,,,,,0.14455469300082768,0,official WSJT-X 3.0.2; binary SHA256 9e3c2fc14f63c4b4c4e9fcc33b386cd22daf8fe76ce724c5e37f07875e9a3dd9,<DecodeFinished>,
-31.0,-2.0,71,2026122571,0,,,,,0.15056839499993657,0,official WSJT-X 3.0.2; binary SHA256 9e3c2fc14f63c4b4c4e9fcc33b386cd22daf8fe76ce724c5e37f07875e9a3dd9,<DecodeFinished>,
-31.0,-2.0,72,2026122572,0,,,,,0.15118117199926928,0,official WSJT-X 3.0.2; binary SHA256 9e3c2fc14f63c4b4c4e9fcc33b386cd22daf8fe76ce724c5e37f07875e9a3dd9,<DecodeFinished>,
-31.0,-2.0,73,2026122573,0,,,,,0.1475760449993686,0,official WSJT-X 3.0.2; binary SHA256 9e3c2fc14f63c4b4c4e9fcc33b386cd22daf8fe76ce724c5e37f07875e9a3dd9,<DecodeFinished>,
-31.0,-2.0,75,2026122575,1,K1ABC FN42 33,-30,-2,10.140200,0.05235479600014514,0,official WSJT-X 3.0.2; binary SHA256 9e3c2fc14f63c4b4c4e9fcc33b386cd22daf8fe76ce724c5e37f07875e9a3dd9,"0000 -30 -0.1  10.140200 -2  K1ABC FN42 33 
<DecodeFinished>",
-31.0,-2.0,74,2026122574,0,,,,,0.14323868900100933,0,official WSJT-X 3.0.2; binary SHA256 9e3c2fc14f63c4b4c4e9fcc33b386cd22daf8fe76ce724c5e37f07875e9a3dd9,<DecodeFinished>,
-31.0,-2.0,76,2026122576,0,,,,,0.140436186999068,0,official WSJT-X 3.0.2; binary SHA256 9e3c2fc14f63c4b4c4e9fcc33b386cd22daf8fe76ce724c5e37f07875e9a3dd9,<DecodeFinished>,
-31.0,-2.0,65,2026122565,0,,,,,0.5447878550003225,0,official WSJT-X 3.0.2; binary SHA256 9e3c2fc14f63c4b4c4e9fcc33b386cd22daf8fe76ce724c5e37f07875e9a3dd9,<DecodeFinished>,
-31.0,-2.0,77,2026122577,0,,,,,0.14707672800068394,0,official WSJT-X 3.0.2; binary SHA256 9e3c2fc14f63c4b4c4e9fcc33b386cd22daf8fe76ce724c5e37f07875e9a3dd9,<DecodeFinished>,
-31.0,-2.0,78,2026122578,0,,,,,0.1417771480009833,0,official WSJT-X 3.0.2; binary SHA256 9e3c2fc14f63c4b4c4e9fcc33b386cd22daf8fe76ce724c5e37f07875e9a3dd9,<DecodeFinished>,
-31.0,-2.0,79,2026122579,0,,,,,0.14553094300026714,0,official WSJT-X 3.0.2; binary SHA256 9e3c2fc14f63c4b4c4e9fcc33b386cd22daf8fe76ce724c5e37f07875e9a3dd9,<DecodeFinished>,
-31.0,-2.0,80,2026122580,0,,,,,0.1518505029998778,0,official WSJT-X 3.0.2; binary SHA256 9e3c2fc14f63c4b4c4e9fcc33b386cd22daf8fe76ce724c5e37f07875e9a3dd9,<DecodeFinished>,
-31.0,-2.0,81,2026122581,0,,,,,0.15625397199983126,0,official WSJT-X 3.0.2; binary SHA256 9e3c2fc14f63c4b4c4e9fcc33b386cd22daf8fe76ce724c5e37f07875e9a3dd9,<DecodeFinished>,
-31.0,-2.0,82,2026122582,0,,,,,0.1529319849996682,0,official WSJT-X 3.0.2; binary SHA256 9e3c2fc14f63c4b4c4e9fcc33b386cd22daf8fe76ce724c5e37f07875e9a3dd9,<DecodeFinished>,
-31.0,-2.0,85,2026122585,0,,,,,0.043769218000306864,0,official WSJT-X 3.0.2; binary SHA256 9e3c2fc14f63c4b4c4e9fcc33b386cd22daf8fe76ce724c5e37f07875e9a3dd9,<DecodeFinished>,
-31.0,-2.0,83,2026122583,0,,,,,0.14770241500082193,0,official WSJT-X 3.0.2; binary SHA256 9e3c2fc14f63c4b4c4e9fcc33b386cd22daf8fe76ce724c5e37f07875e9a3dd9,<DecodeFinished>,
-31.0,-2.0,86,2026122586,0,,,,,0.0481511350008077,0,official WSJT-X 3.0.2; binary SHA256 9e3c2fc14f63c4b4c4e9fcc33b386cd22daf8fe76ce724c5e37f07875e9a3dd9,<DecodeFinished>,
-31.0,-2.0,84,2026122584,0,,,,,0.1367939589999878,0,official WSJT-X 3.0.2; binary SHA256 9e3c2fc14f63c4b4c4e9fcc33b386cd22daf8fe76ce724c5e37f07875e9a3dd9,<DecodeFinished>,
-31.0,-2.0,90,2026122590,0,,,,,0.0446642740007519,0,official WSJT-X 3.0.2; binary SHA256 9e3c2fc14f63c4b4c4e9fcc33b386cd22daf8fe76ce724c5e37f07875e9a3dd9,<DecodeFinished>,
-31.0,-2.0,87,2026122587,0,,,,,0.14570993600136717,0,official WSJT-X 3.0.2; binary SHA256 9e3c2fc14f63c4b4c4e9fcc33b386cd22daf8fe76ce724c5e37f07875e9a3dd9,<DecodeFinished>,
-31.0,-2.0,88,2026122588,0,,,,,0.14267957899937755,0,official WSJT-X 3.0.2; binary SHA256 9e3c2fc14f63c4b4c4e9fcc33b386cd22daf8fe76ce724c5e37f07875e9a3dd9,<DecodeFinished>,
-31.0,-2.0,89,2026122589,0,,,,,0.1438405180015252,0,official WSJT-X 3.0.2; binary SHA256 9e3c2fc14f63c4b4c4e9fcc33b386cd22daf8fe76ce724c5e37f07875e9a3dd9,<DecodeFinished>,
-31.0,-2.0,91,2026122591,0,,,,,0.146477557000253,0,official WSJT-X 3.0.2; binary SHA256 9e3c2fc14f63c4b4c4e9fcc33b386cd22daf8fe76ce724c5e37f07875e9a3dd9,<DecodeFinished>,
-31.0,-2.0,92,2026122592,0,,,,,0.14388630500070576,0,official WSJT-X 3.0.2; binary SHA256 9e3c2fc14f63c4b4c4e9fcc33b386cd22daf8fe76ce724c5e37f07875e9a3dd9,<DecodeFinished>,
-31.0,-2.0,93,2026122593,0,,,,,0.14653488600015407,0,official WSJT-X 3.0.2; binary SHA256 9e3c2fc14f63c4b4c4e9fcc33b386cd22daf8fe76ce724c5e37f07875e9a3dd9,<DecodeFinished>,
-31.0,-2.0,95,2026122595,0,,,,,0.14380225900094956,0,official WSJT-X 3.0.2; binary SHA256 9e3c2fc14f63c4b4c4e9fcc33b386cd22daf8fe76ce724c5e37f07875e9a3dd9,<DecodeFinished>,
-31.0,-2.0,97,2026122597,1,K1ABC FN42 33,-30,-1,10.140200,0.08741516800000682,0,official WSJT-X 3.0.2; binary SHA256 9e3c2fc14f63c4b4c4e9fcc33b386cd22daf8fe76ce724c5e37f07875e9a3dd9,"0000 -30  0.0  10.140200 -1  K1ABC FN42 33 
<DecodeFinished>",
-31.0,-2.0,98,2026122598,0,,,,,0.04159351799899014,0,official WSJT-X 3.0.2; binary SHA256 9e3c2fc14f63c4b4c4e9fcc33b386cd22daf8fe76ce724c5e37f07875e9a3dd9,<DecodeFinished>,
-31.0,-2.0,96,2026122596,0,,,,,0.14687493499877746,0,official WSJT-X 3.0.2; binary SHA256 9e3c2fc14f63c4b4c4e9fcc33b386cd22daf8fe76ce724c5e37f07875e9a3dd9,<DecodeFinished>,
-31.0,-2.0,99,2026122599,0,,,,,0.14572064200001478,0,official WSJT-X 3.0.2; binary SHA256 9e3c2fc14f63c4b4c4e9fcc33b386cd22daf8fe76ce724c5e37f07875e9a3dd9,<DecodeFinished>,
-31.0,-2.0,94,2026122594,0,,,,,0.5342004869999073,0,official WSJT-X 3.0.2; binary SHA256 9e3c2fc14f63c4b4c4e9fcc33b386cd22daf8fe76ce724c5e37f07875e9a3dd9,<DecodeFinished>,
-32.0,0.0,2,2026132502,1,K1ABC FN42 33,-31,0,10.140200,0.23639817899857007,0,official WSJT-X 3.0.2; binary SHA256 9e3c2fc14f63c4b4c4e9fcc33b386cd22daf8fe76ce724c5e37f07875e9a3dd9,"0000 -31  0.0  10.140200  0  K1ABC FN42 33 
<DecodeFinished>",
-32.0,0.0,4,2026132504,0,,,,,0.05793393800013291,0,official WSJT-X 3.0.2; binary SHA256 9e3c2fc14f63c4b4c4e9fcc33b386cd22daf8fe76ce724c5e37f07875e9a3dd9,<DecodeFinished>,
-32.0,0.0,5,2026132505,0,,,,,0.041960935999668436,0,official WSJT-X 3.0.2; binary SHA256 9e3c2fc14f63c4b4c4e9fcc33b386cd22daf8fe76ce724c5e37f07875e9a3dd9,<DecodeFinished>,
-32.0,0.0,1,2026132501,0,,,,,0.5240550590006023,0,official WSJT-X 3.0.2; binary SHA256 9e3c2fc14f63c4b4c4e9fcc33b386cd22daf8fe76ce724c5e37f07875e9a3dd9,<DecodeFinished>,
-32.0,0.0,0,2026132500,0,,,,,0.5300794670001778,0,official WSJT-X 3.0.2; binary SHA256 9e3c2fc14f63c4b4c4e9fcc33b386cd22daf8fe76ce724c5e37f07875e9a3dd9,<DecodeFinished>,
-32.0,0.0,3,2026132503,1,K1ABC FN42 33,-32,0,10.140200,0.24694909299978463,0,official WSJT-X 3.0.2; binary SHA256 9e3c2fc14f63c4b4c4e9fcc33b386cd22daf8fe76ce724c5e37f07875e9a3dd9,"0000 -32 -0.0  10.140200  0  K1ABC FN42 33 
<DecodeFinished>",
-32.0,0.0,6,2026132506,1,K1ABC FN42 33,-31,0,10.140200,0.23745540299933054,0,official WSJT-X 3.0.2; binary SHA256 9e3c2fc14f63c4b4c4e9fcc33b386cd22daf8fe76ce724c5e37f07875e9a3dd9,"0000 -31  0.0  10.140200  0  K1ABC FN42 33 
<DecodeFinished>",
-32.0,0.0,10,2026132510,0,,,,,0.05110065400003805,0,official WSJT-X 3.0.2; binary SHA256 9e3c2fc14f63c4b4c4e9fcc33b386cd22daf8fe76ce724c5e37f07875e9a3dd9,<DecodeFinished>,
-32.0,0.0,8,2026132508,1,K1ABC FN42 33,-33,0,10.140200,0.2481393760008359,0,official WSJT-X 3.0.2; binary SHA256 9e3c2fc14f63c4b4c4e9fcc33b386cd22daf8fe76ce724c5e37f07875e9a3dd9,"0000 -33 -0.0  10.140200  0  K1ABC FN42 33 
<DecodeFinished>",
-32.0,0.0,9,2026132509,0,,,,,0.5162657220007532,0,official WSJT-X 3.0.2; binary SHA256 9e3c2fc14f63c4b4c4e9fcc33b386cd22daf8fe76ce724c5e37f07875e9a3dd9,<DecodeFinished>,
-32.0,0.0,7,2026132507,0,,,,,0.5325529379988438,0,official WSJT-X 3.0.2; binary SHA256 9e3c2fc14f63c4b4c4e9fcc33b386cd22daf8fe76ce724c5e37f07875e9a3dd9,<DecodeFinished>,
-32.0,0.0,11,2026132511,0,,,,,0.520781340999747,0,official WSJT-X 3.0.2; binary SHA256 9e3c2fc14f63c4b4c4e9fcc33b386cd22daf8fe76ce724c5e37f07875e9a3dd9,<DecodeFinished>,
-32.0,0.0,14,2026132514,1,K1ABC FN42 33,-32,0,10.140200,0.23825539000063145,0,official WSJT-X 3.0.2; binary SHA256 9e3c2fc14f63c4b4c4e9fcc33b386cd22daf8fe76ce724c5e37f07875e9a3dd9,"0000 -32  0.0  10.140200  0  K1ABC FN42 33 
<DecodeFinished>",
-32.0,0.0,12,2026132512,0,,,,,0.5316874290001579,0,official WSJT-X 3.0.2; binary SHA256 9e3c2fc14f63c4b4c4e9fcc33b386cd22daf8fe76ce724c5e37f07875e9a3dd9,<DecodeFinished>,
-32.0,0.0,13,2026132513,0,,,,,0.43661897700076224,0,official WSJT-X 3.0.2; binary SHA256 9e3c2fc14f63c4b4c4e9fcc33b386cd22daf8fe76ce724c5e37f07875e9a3dd9,<DecodeFinished>,
-32.0,0.0,15,2026132515,1,K1ABC FN42 33,-32,0,10.140200,0.2587485230014863,0,official WSJT-X 3.0.2; binary SHA256 9e3c2fc14f63c4b4c4e9fcc33b386cd22daf8fe76ce724c5e37f07875e9a3dd9,"0000 -32  0.0  10.140200  0  K1ABC FN42 33 
<DecodeFinished>",
-32.0,0.0,16,2026132516,1,K1ABC FN42 33,-32,0,10.140200,0.2610275620008906,0,official WSJT-X 3.0.2; binary SHA256 9e3c2fc14f63c4b4c4e9fcc33b386cd22daf8fe76ce724c5e37f07875e9a3dd9,"0000 -32 -0.1  10.140200  0  K1ABC FN42 33 
<DecodeFinished>",
-32.0,0.0,17,2026132517,0,,,,,0.5231546819995856,0,official WSJT-X 3.0.2; binary SHA256 9e3c2fc14f63c4b4c4e9fcc33b386cd22daf8fe76ce724c5e37f07875e9a3dd9,<DecodeFinished>,
-32.0,0.0,19,2026132519,0,,,,,0.4291912869994121,0,official WSJT-X 3.0.2; binary SHA256 9e3c2fc14f63c4b4c4e9fcc33b386cd22daf8fe76ce724c5e37f07875e9a3dd9,<DecodeFinished>,
-32.0,0.0,18,2026132518,0,,,,,0.5305083870007365,0,official WSJT-X 3.0.2; binary SHA256 9e3c2fc14f63c4b4c4e9fcc33b386cd22daf8fe76ce724c5e37f07875e9a3dd9,<DecodeFinished>,
-32.0,0.0,23,2026132523,0,,,,,0.04132636099893716,0,official WSJT-X 3.0.2; binary SHA256 9e3c2fc14f63c4b4c4e9fcc33b386cd22daf8fe76ce724c5e37f07875e9a3dd9,<DecodeFinished>,
-32.0,0.0,20,2026132520,0,,,,,0.5101358990013978,0,official WSJT-X 3.0.2; binary SHA256 9e3c2fc14f63c4b4c4e9fcc33b386cd22daf8fe76ce724c5e37f07875e9a3dd9,<DecodeFinished>,
-32.0,0.0,22,2026132522,1,K1ABC FN42 33,-30,0,10.140200,0.14384089800114452,0,official WSJT-X 3.0.2; binary SHA256 9e3c2fc14f63c4b4c4e9fcc33b386cd22daf8fe76ce724c5e37f07875e9a3dd9,"0000 -30  0.0  10.140200  0  K1ABC FN42 33 
<DecodeFinished>",
-32.0,0.0,21,2026132521,0,,,,,0.43026054199981445,0,official WSJT-X 3.0.2; binary SHA256 9e3c2fc14f63c4b4c4e9fcc33b386cd22daf8fe76ce724c5e37f07875e9a3dd9,<DecodeFinished>,
-32.0,0.0,27,2026132527,0,,,,,0.04257722600050329,0,official WSJT-X 3.0.2; binary SHA256 9e3c2fc14f63c4b4c4e9fcc33b386cd22daf8fe76ce724c5e37f07875e9a3dd9,<DecodeFinished>,
-32.0,0.0,24,2026132524,1,K1ABC FN42 33,-31,0,10.140200,0.24833060600030876,0,official WSJT-X 3.0.2; binary SHA256 9e3c2fc14f63c4b4c4e9fcc33b386cd22daf8fe76ce724c5e37f07875e9a3dd9,"0000 -31  0.0  10.140200  0  K1ABC FN42 33 
<DecodeFinished>",
-32.0,0.0,25,2026132525,1,K1ABC FN42 33,-32,0,10.140200,0.24767783399875043,0,official WSJT-X 3.0.2; binary SHA256 9e3c2fc14f63c4b4c4e9fcc33b386cd22daf8fe76ce724c5e37f07875e9a3dd9,"0000 -32  0.0  10.140200  0  K1ABC FN42 33 
<DecodeFinished>",
-32.0,0.0,26,2026132526,0,,,,,0.5253359880007338,0,official WSJT-X 3.0.2; binary SHA256 9e3c2fc14f63c4b4c4e9fcc33b386cd22daf8fe76ce724c5e37f07875e9a3dd9,<DecodeFinished>,
-32.0,0.0,30,2026132530,0,,,,,0.5129539289991953,0,official WSJT-X 3.0.2; binary SHA256 9e3c2fc14f63c4b4c4e9fcc33b386cd22daf8fe76ce724c5e37f07875e9a3dd9,<DecodeFinished>,
-32.0,0.0,29,2026132529,0,,,,,0.5250241279991315,0,official WSJT-X 3.0.2; binary SHA256 9e3c2fc14f63c4b4c4e9fcc33b386cd22daf8fe76ce724c5e37f07875e9a3dd9,<DecodeFinished>,
-32.0,0.0,28,2026132528,0,,,,,0.5318616490003478,0,official WSJT-X 3.0.2; binary SHA256 9e3c2fc14f63c4b4c4e9fcc33b386cd22daf8fe76ce724c5e37f07875e9a3dd9,<DecodeFinished>,
-32.0,0.0,32,2026132532,0,,,,,0.04291430000012042,0,official WSJT-X 3.0.2; binary SHA256 9e3c2fc14f63c4b4c4e9fcc33b386cd22daf8fe76ce724c5e37f07875e9a3dd9,<DecodeFinished>,
-32.0,0.0,33,2026132533,0,,,,,0.04237842099973932,0,official WSJT-X 3.0.2; binary SHA256 9e3c2fc14f63c4b4c4e9fcc33b386cd22daf8fe76ce724c5e37f07875e9a3dd9,<DecodeFinished>,
-32.0,0.0,35,2026132535,0,,,,,0.045846801998777664,0,official WSJT-X 3.0.2; binary SHA256 9e3c2fc14f63c4b4c4e9fcc33b386cd22daf8fe76ce724c5e37f07875e9a3dd9,<DecodeFinished>,
-32.0,0.0,36,2026132536,1,K1ABC FN42 33,-31,0,10.140200,0.24159062200124026,0,official WSJT-X 3.0.2; binary SHA256 9e3c2fc14f63c4b4c4e9fcc33b386cd22daf8fe76ce724c5e37f07875e9a3dd9,"0000 -31  0.0  10.140200  0  K1ABC FN42 33 
<DecodeFinished>",
-32.0,0.0,31,2026132531,0,,,,,0.547992511999837,0,official WSJT-X 3.0.2; binary SHA256 9e3c2fc14f63c4b4c4e9fcc33b386cd22daf8fe76ce724c5e37f07875e9a3dd9,<DecodeFinished>,
-32.0,0.0,34,2026132534,0,,,,,0.43574789500053157,0,official WSJT-X 3.0.2; binary SHA256 9e3c2fc14f63c4b4c4e9fcc33b386cd22daf8fe76ce724c5e37f07875e9a3dd9,<DecodeFinished>,
-32.0,0.0,37,2026132537,1,K1ABC FN42 33,-33,0,10.140200,0.3657152319992747,0,official WSJT-X 3.0.2; binary SHA256 9e3c2fc14f63c4b4c4e9fcc33b386cd22daf8fe76ce724c5e37f07875e9a3dd9,"0000 -33  0.1  10.140200  0  K1ABC FN42 33 
<DecodeFinished>",
-32.0,0.0,38,2026132538,1,K1ABC FN42 33,-34,0,10.140200,0.26317203899998276,0,official WSJT-X 3.0.2; binary SHA256 9e3c2fc14f63c4b4c4e9fcc33b386cd22daf8fe76ce724c5e37f07875e9a3dd9,"0000 -34 -0.0  10.140200  0  K1ABC FN42 33 
<DecodeFinished>",
-32.0,0.0,42,2026132542,0,,,,,0.05415705599989451,0,official WSJT-X 3.0.2; binary SHA256 9e3c2fc14f63c4b4c4e9fcc33b386cd22daf8fe76ce724c5e37f07875e9a3dd9,<DecodeFinished>,
-32.0,0.0,41,2026132541,1,K1ABC FN42 33,-32,0,10.140200,0.17236582300029113,0,official WSJT-X 3.0.2; binary SHA256 9e3c2fc14f63c4b4c4e9fcc33b386cd22daf8fe76ce724c5e37f07875e9a3dd9,"0000 -32  0.1  10.140200  0  K1ABC FN42 33 
<DecodeFinished>",
-32.0,0.0,43,2026132543,1,K1ABC FN42 33,-32,0,10.140200,0.2753790129991103,0,official WSJT-X 3.0.2; binary SHA256 9e3c2fc14f63c4b4c4e9fcc33b386cd22daf8fe76ce724c5e37f07875e9a3dd9,"0000 -32  0.0  10.140200  0  K1ABC FN42 33 
<DecodeFinished>",
-32.0,0.0,39,2026132539,0,,,,,0.55161391799993,0,official WSJT-X 3.0.2; binary SHA256 9e3c2fc14f63c4b4c4e9fcc33b386cd22daf8fe76ce724c5e37f07875e9a3dd9,<DecodeFinished>,
-32.0,0.0,40,2026132540,0,,,,,0.46238760400046885,0,official WSJT-X 3.0.2; binary SHA256 9e3c2fc14f63c4b4c4e9fcc33b386cd22daf8fe76ce724c5e37f07875e9a3dd9,<DecodeFinished>,
-32.0,0.0,47,2026132547,0,,,,,0.043624104000627995,0,official WSJT-X 3.0.2; binary SHA256 9e3c2fc14f63c4b4c4e9fcc33b386cd22daf8fe76ce724c5e37f07875e9a3dd9,<DecodeFinished>,
-32.0,0.0,48,2026132548,0,,,,,0.05023868200078141,0,official WSJT-X 3.0.2; binary SHA256 9e3c2fc14f63c4b4c4e9fcc33b386cd22daf8fe76ce724c5e37f07875e9a3dd9,<DecodeFinished>,
-32.0,0.0,44,2026132544,0,,,,,0.5656537929990009,0,official WSJT-X 3.0.2; binary SHA256 9e3c2fc14f63c4b4c4e9fcc33b386cd22daf8fe76ce724c5e37f07875e9a3dd9,<DecodeFinished>,
-32.0,0.0,45,2026132545,1,K1ABC FN42 33,-31,0,10.140200,0.3459362300000066,0,official WSJT-X 3.0.2; binary SHA256 9e3c2fc14f63c4b4c4e9fcc33b386cd22daf8fe76ce724c5e37f07875e9a3dd9,"0000 -31 -0.0  10.140200  0  K1ABC FN42 33 
<DecodeFinished>",
-32.0,0.0,46,2026132546,1,K1ABC FN42 33,-32,0,10.140200,0.345217402000344,0,official WSJT-X 3.0.2; binary SHA256 9e3c2fc14f63c4b4c4e9fcc33b386cd22daf8fe76ce724c5e37f07875e9a3dd9,"0000 -32 -0.0  10.140200  0  K1ABC FN42 33 
<DecodeFinished>",
-32.0,0.0,49,2026132549,0,,,,,0.45183025899859786,0,official WSJT-X 3.0.2; binary SHA256 9e3c2fc14f63c4b4c4e9fcc33b386cd22daf8fe76ce724c5e37f07875e9a3dd9,<DecodeFinished>,
-32.0,0.0,50,2026132550,0,,,,,0.5307324770001287,0,official WSJT-X 3.0.2; binary SHA256 9e3c2fc14f63c4b4c4e9fcc33b386cd22daf8fe76ce724c5e37f07875e9a3dd9,<DecodeFinished>,
-32.0,0.0,51,2026132551,0,,,,,0.5176068050004687,0,official WSJT-X 3.0.2; binary SHA256 9e3c2fc14f63c4b4c4e9fcc33b386cd22daf8fe76ce724c5e37f07875e9a3dd9,<DecodeFinished>,
-32.0,0.0,54,2026132554,0,,,,,0.04310781899948779,0,official WSJT-X 3.0.2; binary SHA256 9e3c2fc14f63c4b4c4e9fcc33b386cd22daf8fe76ce724c5e37f07875e9a3dd9,<DecodeFinished>,
-32.0,0.0,52,2026132552,0,,,,,0.54743676399994,0,official WSJT-X 3.0.2; binary SHA256 9e3c2fc14f63c4b4c4e9fcc33b386cd22daf8fe76ce724c5e37f07875e9a3dd9,<DecodeFinished>,
-32.0,0.0,53,2026132553,0,,,,,0.4430741100004525,0,official WSJT-X 3.0.2; binary SHA256 9e3c2fc14f63c4b4c4e9fcc33b386cd22daf8fe76ce724c5e37f07875e9a3dd9,<DecodeFinished>,
-32.0,0.0,58,2026132558,0,,,,,0.041333642999234144,0,official WSJT-X 3.0.2; binary SHA256 9e3c2fc14f63c4b4c4e9fcc33b386cd22daf8fe76ce724c5e37f07875e9a3dd9,<DecodeFinished>,
-32.0,0.0,56,2026132556,1,K1ABC FN42 33,-31,0,10.140200,0.23960502500085568,0,official WSJT-X 3.0.2; binary SHA256 9e3c2fc14f63c4b4c4e9fcc33b386cd22daf8fe76ce724c5e37f07875e9a3dd9,"0000 -31  0.0  10.140200  0  K1ABC FN42 33 
<DecodeFinished>",
-32.0,0.0,57,2026132557,1,K1ABC FN42 33,-31,0,10.140200,0.25744561099963903,0,official WSJT-X 3.0.2; binary SHA256 9e3c2fc14f63c4b4c4e9fcc33b386cd22daf8fe76ce724c5e37f07875e9a3dd9,"0000 -31  0.0  10.140200  0  K1ABC FN42 33 
<DecodeFinished>",
-32.0,0.0,59,2026132559,1,K1ABC FN42 33,-32,0,10.140200,0.17124702599903685,0,official WSJT-X 3.0.2; binary SHA256 9e3c2fc14f63c4b4c4e9fcc33b386cd22daf8fe76ce724c5e37f07875e9a3dd9,"0000 -32 -0.1  10.140200  0  K1ABC FN42 33 
<DecodeFinished>",
-32.0,0.0,55,2026132555,0,,,,,0.5191396430000168,0,official WSJT-X 3.0.2; binary SHA256 9e3c2fc14f63c4b4c4e9fcc33b386cd22daf8fe76ce724c5e37f07875e9a3dd9,<DecodeFinished>,
-32.0,0.0,63,2026132563,0,,,,,0.05341603699889674,0,official WSJT-X 3.0.2; binary SHA256 9e3c2fc14f63c4b4c4e9fcc33b386cd22daf8fe76ce724c5e37f07875e9a3dd9,<DecodeFinished>,
-32.0,0.0,60,2026132560,0,,,,,0.427699310999742,0,official WSJT-X 3.0.2; binary SHA256 9e3c2fc14f63c4b4c4e9fcc33b386cd22daf8fe76ce724c5e37f07875e9a3dd9,<DecodeFinished>,
-32.0,0.0,64,2026132564,0,,,,,0.13879533699946478,0,official WSJT-X 3.0.2; binary SHA256 9e3c2fc14f63c4b4c4e9fcc33b386cd22daf8fe76ce724c5e37f07875e9a3dd9,<DecodeFinished>,
-32.0,0.0,61,2026132561,0,,,,,0.42767426800128305,0,official WSJT-X 3.0.2; binary SHA256 9e3c2fc14f63c4b4c4e9fcc33b386cd22daf8fe76ce724c5e37f07875e9a3dd9,<DecodeFinished>,
-32.0,0.0,62,2026132562,0,,,,,0.42543428700082586,0,official WSJT-X 3.0.2; binary SHA256 9e3c2fc14f63c4b4c4e9fcc33b386cd22daf8fe76ce724c5e37f07875e9a3dd9,<DecodeFinished>,
-32.0,0.0,65,2026132565,0,,,,,0.43819853300010436,0,official WSJT-X 3.0.2; binary SHA256 9e3c2fc14f63c4b4c4e9fcc33b386cd22daf8fe76ce724c5e37f07875e9a3dd9,<DecodeFinished>,
-32.0,0.0,68,2026132568,0,,,,,0.43719899699863163,0,official WSJT-X 3.0.2; binary SHA256 9e3c2fc14f63c4b4c4e9fcc33b386cd22daf8fe76ce724c5e37f07875e9a3dd9,<DecodeFinished>,
-32.0,0.0,66,2026132566,0,,,,,0.5408043460010958,0,official WSJT-X 3.0.2; binary SHA256 9e3c2fc14f63c4b4c4e9fcc33b386cd22daf8fe76ce724c5e37f07875e9a3dd9,<DecodeFinished>,
-32.0,0.0,67,2026132567,0,,,,,0.5532625740015646,0,official WSJT-X 3.0.2; binary SHA256 9e3c2fc14f63c4b4c4e9fcc33b386cd22daf8fe76ce724c5e37f07875e9a3dd9,<DecodeFinished>,
-32.0,0.0,70,2026132570,0,,,,,0.4441276520010433,0,official WSJT-X 3.0.2; binary SHA256 9e3c2fc14f63c4b4c4e9fcc33b386cd22daf8fe76ce724c5e37f07875e9a3dd9,<DecodeFinished>,
-32.0,0.0,71,2026132571,0,,,,,0.44384704299955047,0,official WSJT-X 3.0.2; binary SHA256 9e3c2fc14f63c4b4c4e9fcc33b386cd22daf8fe76ce724c5e37f07875e9a3dd9,<DecodeFinished>,
-32.0,0.0,73,2026132573,0,,,,,0.045855907001168816,0,official WSJT-X 3.0.2; binary SHA256 9e3c2fc14f63c4b4c4e9fcc33b386cd22daf8fe76ce724c5e37f07875e9a3dd9,<DecodeFinished>,
-32.0,0.0,72,2026132572,0,,,,,0.44141843000033987,0,official WSJT-X 3.0.2; binary SHA256 9e3c2fc14f63c4b4c4e9fcc33b386cd22daf8fe76ce724c5e37f07875e9a3dd9,<DecodeFinished>,
-32.0,0.0,75,2026132575,1,K1ABC FN42 33,-32,0,10.140200,0.235603295999681,0,official WSJT-X 3.0.2; binary SHA256 9e3c2fc14f63c4b4c4e9fcc33b386cd22daf8fe76ce724c5e37f07875e9a3dd9,"0000 -32  0.0  10.140200  0  K1ABC FN42 33 
<DecodeFinished>",
-32.0,0.0,69,2026132569,0,,,,,1.0378590970012738,0,official WSJT-X 3.0.2; binary SHA256 9e3c2fc14f63c4b4c4e9fcc33b386cd22daf8fe76ce724c5e37f07875e9a3dd9,<DecodeFinished>,
-32.0,0.0,74,2026132574,0,,,,,0.5246352190006291,0,official WSJT-X 3.0.2; binary SHA256 9e3c2fc14f63c4b4c4e9fcc33b386cd22daf8fe76ce724c5e37f07875e9a3dd9,<DecodeFinished>,
-32.0,0.0,79,2026132579,0,,,,,0.045341916000325,0,official WSJT-X 3.0.2; binary SHA256 9e3c2fc14f63c4b4c4e9fcc33b386cd22daf8fe76ce724c5e37f07875e9a3dd9,<DecodeFinished>,
-32.0,0.0,76,2026132576,0,,,,,0.543856815998879,0,official WSJT-X 3.0.2; binary SHA256 9e3c2fc14f63c4b4c4e9fcc33b386cd22daf8fe76ce724c5e37f07875e9a3dd9,<DecodeFinished>,
-32.0,0.0,77,2026132577,0,,,,,0.4138937709994934,0,official WSJT-X 3.0.2; binary SHA256 9e3c2fc14f63c4b4c4e9fcc33b386cd22daf8fe76ce724c5e37f07875e9a3dd9,<DecodeFinished>,
-32.0,0.0,78,2026132578,1,K1ABC FN42 33,-31,0,10.140200,0.34130379499947594,0,official WSJT-X 3.0.2; binary SHA256 9e3c2fc14f63c4b4c4e9fcc33b386cd22daf8fe76ce724c5e37f07875e9a3dd9,"0000 -31 -0.0  10.140200  0  K1ABC FN42 33 
<DecodeFinished>",
-32.0,0.0,80,2026132580,1,K1ABC FN42 33,-31,0,10.140200,0.23631840800044301,0,official WSJT-X 3.0.2; binary SHA256 9e3c2fc14f63c4b4c4e9fcc33b386cd22daf8fe76ce724c5e37f07875e9a3dd9,"0000 -31  0.0  10.140200  0  K1ABC FN42 33 
<DecodeFinished>",
-32.0,0.0,81,2026132581,0,,,,,0.43624233699847537,0,official WSJT-X 3.0.2; binary SHA256 9e3c2fc14f63c4b4c4e9fcc33b386cd22daf8fe76ce724c5e37f07875e9a3dd9,<DecodeFinished>,
-32.0,0.0,82,2026132582,1,K1ABC FN42 33,-32,0,10.140200,0.35597008500008087,0,official WSJT-X 3.0.2; binary SHA256 9e3c2fc14f63c4b4c4e9fcc33b386cd22daf8fe76ce724c5e37f07875e9a3dd9,"0000 -32 -0.0  10.140200  0  K1ABC FN42 33 
<DecodeFinished>",
-32.0,0.0,84,2026132584,1,K1ABC FN42 33,-31,0,10.140200,0.2436237189995154,0,official WSJT-X 3.0.2; binary SHA256 9e3c2fc14f63c4b4c4e9fcc33b386cd22daf8fe76ce724c5e37f07875e9a3dd9,"0000 -31  0.0  10.140200  0  K1ABC FN42 33 
<DecodeFinished>",
-32.0,0.0,83,2026132583,1,K1ABC FN42 33,-33,0,10.140200,0.37637512599940237,0,official WSJT-X 3.0.2; binary SHA256 9e3c2fc14f63c4b4c4e9fcc33b386cd22daf8fe76ce724c5e37f07875e9a3dd9,"0000 -33  0.1  10.140200  0  K1ABC FN42 33 
<DecodeFinished>",
-32.0,0.0,85,2026132585,1,K1ABC FN42 33,-32,0,10.140200,0.28077313600078924,0,official WSJT-X 3.0.2; binary SHA256 9e3c2fc14f63c4b4c4e9fcc33b386cd22daf8fe76ce724c5e37f07875e9a3dd9,"0000 -32  0.1  10.140200  0  K1ABC FN42 33 
<DecodeFinished>",
-32.0,0.0,89,2026132589,1,K1ABC FN42 33,-32,0,10.140200,0.14869966299920634,0,official WSJT-X 3.0.2; binary SHA256 9e3c2fc14f63c4b4c4e9fcc33b386cd22daf8fe76ce724c5e37f07875e9a3dd9,"0000 -32 -0.0  10.140200  0  K1ABC FN42 33 
<DecodeFinished>",
-32.0,0.0,86,2026132586,0,,,,,0.5410277629998745,0,official WSJT-X 3.0.2; binary SHA256 9e3c2fc14f63c4b4c4e9fcc33b386cd22daf8fe76ce724c5e37f07875e9a3dd9,<DecodeFinished>,
-32.0,0.0,87,2026132587,0,,,,,0.5304299060007907,0,official WSJT-X 3.0.2; binary SHA256 9e3c2fc14f63c4b4c4e9fcc33b386cd22daf8fe76ce724c5e37f07875e9a3dd9,<DecodeFinished>,
-32.0,0.0,90,2026132590,1,K1ABC FN42 33,-32,0,10.140200,0.23739657800069836,0,official WSJT-X 3.0.2; binary SHA256 9e3c2fc14f63c4b4c4e9fcc33b386cd22daf8fe76ce724c5e37f07875e9a3dd9,"0000 -32  0.0  10.140200  0  K1ABC FN42 33 
<DecodeFinished>",
-32.0,0.0,88,2026132588,0,,,,,0.535142740000083,0,official WSJT-X 3.0.2; binary SHA256 9e3c2fc14f63c4b4c4e9fcc33b386cd22daf8fe76ce724c5e37f07875e9a3dd9,<DecodeFinished>,
-32.0,0.0,94,2026132594,0,,,,,0.043506563000846654,0,official WSJT-X 3.0.2; binary SHA256 9e3c2fc14f63c4b4c4e9fcc33b386cd22daf8fe76ce724c5e37f07875e9a3dd9,<DecodeFinished>,
-32.0,0.0,95,2026132595,0,,,,,0.044065038000553614,0,official WSJT-X 3.0.2; binary SHA256 9e3c2fc14f63c4b4c4e9fcc33b386cd22daf8fe76ce724c5e37f07875e9a3dd9,<DecodeFinished>,
-32.0,0.0,91,2026132591,1,K1ABC FN42 33,-32,0,10.140200,0.2505175880014576,0,official WSJT-X 3.0.2; binary SHA256 9e3c2fc14f63c4b4c4e9fcc33b386cd22daf8fe76ce724c5e37f07875e9a3dd9,"0000 -32  0.0  10.140200  0  K1ABC FN42 33 
<DecodeFinished>",
-32.0,0.0,97,2026132597,0,,,,,0.05760350899981859,0,official WSJT-X 3.0.2; binary SHA256 9e3c2fc14f63c4b4c4e9fcc33b386cd22daf8fe76ce724c5e37f07875e9a3dd9,<DecodeFinished>,
-32.0,0.0,92,2026132592,0,,,,,0.43341106699881493,0,official WSJT-X 3.0.2; binary SHA256 9e3c2fc14f63c4b4c4e9fcc33b386cd22daf8fe76ce724c5e37f07875e9a3dd9,<DecodeFinished>,
-32.0,0.0,93,2026132593,1,K1ABC FN42 33,-32,0,10.140200,0.3759369859999424,0,official WSJT-X 3.0.2; binary SHA256 9e3c2fc14f63c4b4c4e9fcc33b386cd22daf8fe76ce724c5e37f07875e9a3dd9,"0000 -32  0.1  10.140200  0  K1ABC FN42 33 
<DecodeFinished>",
-32.0,0.0,96,2026132596,0,,,,,0.44860786299977917,0,official WSJT-X 3.0.2; binary SHA256 9e3c2fc14f63c4b4c4e9fcc33b386cd22daf8fe76ce724c5e37f07875e9a3dd9,<DecodeFinished>,
-32.0,0.0,98,2026132598,0,,,,,0.5360290740009077,0,official WSJT-X 3.0.2; binary SHA256 9e3c2fc14f63c4b4c4e9fcc33b386cd22daf8fe76ce724c5e37f07875e9a3dd9,<DecodeFinished>,
-32.0,0.0,99,2026132599,0,,,,,0.43254720000004454,0,official WSJT-X 3.0.2; binary SHA256 9e3c2fc14f63c4b4c4e9fcc33b386cd22daf8fe76ce724c5e37f07875e9a3dd9,<DecodeFinished>,
-32.0,0.5,2,2026132502,0,,,,,0.04389915200044925,0,official WSJT-X 3.0.2; binary SHA256 9e3c2fc14f63c4b4c4e9fcc33b386cd22daf8fe76ce724c5e37f07875e9a3dd9,<DecodeFinished>,
-32.0,0.5,4,2026132504,0,,,,,0.042423602999406285,0,official WSJT-X 3.0.2; binary SHA256 9e3c2fc14f63c4b4c4e9fcc33b386cd22daf8fe76ce724c5e37f07875e9a3dd9,<DecodeFinished>,
-32.0,0.5,5,2026132505,0,,,,,0.04229278599996178,0,official WSJT-X 3.0.2; binary SHA256 9e3c2fc14f63c4b4c4e9fcc33b386cd22daf8fe76ce724c5e37f07875e9a3dd9,<DecodeFinished>,
-32.0,0.5,0,2026132500,0,,,,,0.5252665589996468,0,official WSJT-X 3.0.2; binary SHA256 9e3c2fc14f63c4b4c4e9fcc33b386cd22daf8fe76ce724c5e37f07875e9a3dd9,<DecodeFinished>,
-32.0,0.5,1,2026132501,0,,,,,0.5205434810013685,0,official WSJT-X 3.0.2; binary SHA256 9e3c2fc14f63c4b4c4e9fcc33b386cd22daf8fe76ce724c5e37f07875e9a3dd9,<DecodeFinished>,
-32.0,0.5,6,2026132506,0,,,,,0.42278695200002403,0,official WSJT-X 3.0.2; binary SHA256 9e3c2fc14f63c4b4c4e9fcc33b386cd22daf8fe76ce724c5e37f07875e9a3dd9,<DecodeFinished>,
-32.0,0.5,3,2026132503,0,,,,,0.5309950420014502,0,official WSJT-X 3.0.2; binary SHA256 9e3c2fc14f63c4b4c4e9fcc33b386cd22daf8fe76ce724c5e37f07875e9a3dd9,<DecodeFinished>,
-32.0,0.5,7,2026132507,0,,,,,0.44062927400045737,0,official WSJT-X 3.0.2; binary SHA256 9e3c2fc14f63c4b4c4e9fcc33b386cd22daf8fe76ce724c5e37f07875e9a3dd9,<DecodeFinished>,
-32.0,0.5,8,2026132508,0,,,,,0.5459820859996398,0,official WSJT-X 3.0.2; binary SHA256 9e3c2fc14f63c4b4c4e9fcc33b386cd22daf8fe76ce724c5e37f07875e9a3dd9,<DecodeFinished>,
-32.0,0.5,9,2026132509,0,,,,,0.5135110699993675,0,official WSJT-X 3.0.2; binary SHA256 9e3c2fc14f63c4b4c4e9fcc33b386cd22daf8fe76ce724c5e37f07875e9a3dd9,<DecodeFinished>,
-32.0,0.5,10,2026132510,0,,,,,0.5412641380007699,0,official WSJT-X 3.0.2; binary SHA256 9e3c2fc14f63c4b4c4e9fcc33b386cd22daf8fe76ce724c5e37f07875e9a3dd9,<DecodeFinished>,
-32.0,0.5,11,2026132511,0,,,,,0.5100293510004121,0,official WSJT-X 3.0.2; binary SHA256 9e3c2fc14f63c4b4c4e9fcc33b386cd22daf8fe76ce724c5e37f07875e9a3dd9,<DecodeFinished>,
-32.0,0.5,15,2026132515,1,K1ABC FN42 33,-31,0,10.140200,0.15598208399933355,0,official WSJT-X 3.0.2; binary SHA256 9e3c2fc14f63c4b4c4e9fcc33b386cd22daf8fe76ce724c5e37f07875e9a3dd9,"0000 -31  0.0  10.140200  0  K1ABC FN42 33 
<DecodeFinished>",
-32.0,0.5,12,2026132512,0,,,,,0.5339783239996905,0,official WSJT-X 3.0.2; binary SHA256 9e3c2fc14f63c4b4c4e9fcc33b386cd22daf8fe76ce724c5e37f07875e9a3dd9,<DecodeFinished>,
-32.0,0.5,13,2026132513,0,,,,,0.5571095729992521,0,official WSJT-X 3.0.2; binary SHA256 9e3c2fc14f63c4b4c4e9fcc33b386cd22daf8fe76ce724c5e37f07875e9a3dd9,<DecodeFinished>,
-32.0,0.5,14,2026132514,0,,,,,0.5557893390014215,0,official WSJT-X 3.0.2; binary SHA256 9e3c2fc14f63c4b4c4e9fcc33b386cd22daf8fe76ce724c5e37f07875e9a3dd9,<DecodeFinished>,
-32.0,0.5,16,2026132516,0,,,,,0.45296420799968473,0,official WSJT-X 3.0.2; binary SHA256 9e3c2fc14f63c4b4c4e9fcc33b386cd22daf8fe76ce724c5e37f07875e9a3dd9,<DecodeFinished>,
-32.0,0.5,17,2026132517,0,,,,,0.5524245609994978,0,official WSJT-X 3.0.2; binary SHA256 9e3c2fc14f63c4b4c4e9fcc33b386cd22daf8fe76ce724c5e37f07875e9a3dd9,<DecodeFinished>,
-32.0,0.5,18,2026132518,0,,,,,0.43639576799978386,0,official WSJT-X 3.0.2; binary SHA256 9e3c2fc14f63c4b4c4e9fcc33b386cd22daf8fe76ce724c5e37f07875e9a3dd9,<DecodeFinished>,
-32.0,0.5,22,2026132522,0,,,,,0.054888048998691374,0,official WSJT-X 3.0.2; binary SHA256 9e3c2fc14f63c4b4c4e9fcc33b386cd22daf8fe76ce724c5e37f07875e9a3dd9,<DecodeFinished>,
-32.0,0.5,23,2026132523,0,,,,,0.05021981599929859,0,official WSJT-X 3.0.2; binary SHA256 9e3c2fc14f63c4b4c4e9fcc33b386cd22daf8fe76ce724c5e37f07875e9a3dd9,<DecodeFinished>,
-32.0,0.5,19,2026132519,0,,,,,0.5673694739998609,0,official WSJT-X 3.0.2; binary SHA256 9e3c2fc14f63c4b4c4e9fcc33b386cd22daf8fe76ce724c5e37f07875e9a3dd9,<DecodeFinished>,
-32.0,0.5,20,2026132520,0,,,,,0.5507938060000015,0,official WSJT-X 3.0.2; binary SHA256 9e3c2fc14f63c4b4c4e9fcc33b386cd22daf8fe76ce724c5e37f07875e9a3dd9,<DecodeFinished>,
-32.0,0.5,21,2026132521,0,,,,,0.46610899699953734,0,official WSJT-X 3.0.2; binary SHA256 9e3c2fc14f63c4b4c4e9fcc33b386cd22daf8fe76ce724c5e37f07875e9a3dd9,<DecodeFinished>,
-32.0,0.5,25,2026132525,1,K1ABC FN42 33,-31,0,10.140200,0.2610839080007281,0,official WSJT-X 3.0.2; binary SHA256 9e3c2fc14f63c4b4c4e9fcc33b386cd22daf8fe76ce724c5e37f07875e9a3dd9,"0000 -31  0.0  10.140200  0  K1ABC FN42 33 
<DecodeFinished>",
-32.0,0.5,27,2026132527,1,K1ABC FN42 33,-32,0,10.140200,0.15663590899930568,0,official WSJT-X 3.0.2; binary SHA256 9e3c2fc14f63c4b4c4e9fcc33b386cd22daf8fe76ce724c5e37f07875e9a3dd9,"0000 -32  0.0  10.140200  0  K1ABC FN42 33 
<DecodeFinished>",
-32.0,0.5,24,2026132524,0,,,,,0.56712812799924,0,official WSJT-X 3.0.2; binary SHA256 9e3c2fc14f63c4b4c4e9fcc33b386cd22daf8fe76ce724c5e37f07875e9a3dd9,<DecodeFinished>,
-32.0,0.5,26,2026132526,0,,,,,0.5852692360003857,0,official WSJT-X 3.0.2; binary SHA256 9e3c2fc14f63c4b4c4e9fcc33b386cd22daf8fe76ce724c5e37f07875e9a3dd9,<DecodeFinished>,
-32.0,0.5,28,2026132528,0,,,,,0.6013567689988122,0,official WSJT-X 3.0.2; binary SHA256 9e3c2fc14f63c4b4c4e9fcc33b386cd22daf8fe76ce724c5e37f07875e9a3dd9,<DecodeFinished>,
-32.0,0.5,29,2026132529,0,,,,,0.4933149170010438,0,official WSJT-X 3.0.2; binary SHA256 9e3c2fc14f63c4b4c4e9fcc33b386cd22daf8fe76ce724c5e37f07875e9a3dd9,<DecodeFinished>,
-32.0,0.5,32,2026132532,0,,,,,0.0627691709996725,0,official WSJT-X 3.0.2; binary SHA256 9e3c2fc14f63c4b4c4e9fcc33b386cd22daf8fe76ce724c5e37f07875e9a3dd9,<DecodeFinished>,
-32.0,0.5,33,2026132533,0,,,,,0.06419660199935606,0,official WSJT-X 3.0.2; binary SHA256 9e3c2fc14f63c4b4c4e9fcc33b386cd22daf8fe76ce724c5e37f07875e9a3dd9,<DecodeFinished>,
-32.0,0.5,34,2026132534,0,,,,,0.058181116999548976,0,official WSJT-X 3.0.2; binary SHA256 9e3c2fc14f63c4b4c4e9fcc33b386cd22daf8fe76ce724c5e37f07875e9a3dd9,<DecodeFinished>,
-32.0,0.5,35,2026132535,0,,,,,0.0469467729999451,0,official WSJT-X 3.0.2; binary SHA256 9e3c2fc14f63c4b4c4e9fcc33b386cd22daf8fe76ce724c5e37f07875e9a3dd9,<DecodeFinished>,
-32.0,0.5,30,2026132530,0,,,,,0.5861700500008737,0,official WSJT-X 3.0.2; binary SHA256 9e3c2fc14f63c4b4c4e9fcc33b386cd22daf8fe76ce724c5e37f07875e9a3dd9,<DecodeFinished>,
-32.0,0.5,31,2026132531,0,,,,,0.4903016789994581,0,official WSJT-X 3.0.2; binary SHA256 9e3c2fc14f63c4b4c4e9fcc33b386cd22daf8fe76ce724c5e37f07875e9a3dd9,<DecodeFinished>,
-32.0,0.5,36,2026132536,0,,,,,0.45263056099975074,0,official WSJT-X 3.0.2; binary SHA256 9e3c2fc14f63c4b4c4e9fcc33b386cd22daf8fe76ce724c5e37f07875e9a3dd9,<DecodeFinished>,
-32.0,0.5,38,2026132538,0,,,,,0.4367943640008889,0,official WSJT-X 3.0.2; binary SHA256 9e3c2fc14f63c4b4c4e9fcc33b386cd22daf8fe76ce724c5e37f07875e9a3dd9,<DecodeFinished>,
-32.0,0.5,37,2026132537,0,,,,,0.5415249710003991,0,official WSJT-X 3.0.2; binary SHA256 9e3c2fc14f63c4b4c4e9fcc33b386cd22daf8fe76ce724c5e37f07875e9a3dd9,<DecodeFinished>,
-32.0,0.5,41,2026132541,0,,,,,0.05055639400052314,0,official WSJT-X 3.0.2; binary SHA256 9e3c2fc14f63c4b4c4e9fcc33b386cd22daf8fe76ce724c5e37f07875e9a3dd9,<DecodeFinished>,
-32.0,0.5,42,2026132542,0,,,,,0.14981664700098918,0,official WSJT-X 3.0.2; binary SHA256 9e3c2fc14f63c4b4c4e9fcc33b386cd22daf8fe76ce724c5e37f07875e9a3dd9,<DecodeFinished>,
-32.0,0.5,40,2026132540,0,,,,,0.41409759700036375,0,official WSJT-X 3.0.2; binary SHA256 9e3c2fc14f63c4b4c4e9fcc33b386cd22daf8fe76ce724c5e37f07875e9a3dd9,<DecodeFinished>,
-32.0,0.5,39,2026132539,0,,,,,0.9347222360011074,0,official WSJT-X 3.0.2; binary SHA256 9e3c2fc14f63c4b4c4e9fcc33b386cd22daf8fe76ce724c5e37f07875e9a3dd9,<DecodeFinished>,
-32.0,0.5,43,2026132543,0,,,,,0.5039537840002595,0,official WSJT-X 3.0.2; binary SHA256 9e3c2fc14f63c4b4c4e9fcc33b386cd22daf8fe76ce724c5e37f07875e9a3dd9,<DecodeFinished>,
-32.0,0.5,47,2026132547,0,,,,,0.039923940999869956,0,official WSJT-X 3.0.2; binary SHA256 9e3c2fc14f63c4b4c4e9fcc33b386cd22daf8fe76ce724c5e37f07875e9a3dd9,<DecodeFinished>,
-32.0,0.5,48,2026132548,0,,,,,0.04191814000114391,0,official WSJT-X 3.0.2; binary SHA256 9e3c2fc14f63c4b4c4e9fcc33b386cd22daf8fe76ce724c5e37f07875e9a3dd9,<DecodeFinished>,
-32.0,0.5,44,2026132544,0,,,,,0.5213269369996851,0,official WSJT-X 3.0.2; binary SHA256 9e3c2fc14f63c4b4c4e9fcc33b386cd22daf8fe76ce724c5e37f07875e9a3dd9,<DecodeFinished>,
-32.0,0.5,45,2026132545,0,,,,,0.522657835001155,0,official WSJT-X 3.0.2; binary SHA256 9e3c2fc14f63c4b4c4e9fcc33b386cd22daf8fe76ce724c5e37f07875e9a3dd9,<DecodeFinished>,
-32.0,0.5,46,2026132546,0,,,,,0.5218929829989065,0,official WSJT-X 3.0.2; binary SHA256 9e3c2fc14f63c4b4c4e9fcc33b386cd22daf8fe76ce724c5e37f07875e9a3dd9,<DecodeFinished>,
-32.0,0.5,49,2026132549,0,,,,,0.42535738500009757,0,official WSJT-X 3.0.2; binary SHA256 9e3c2fc14f63c4b4c4e9fcc33b386cd22daf8fe76ce724c5e37f07875e9a3dd9,<DecodeFinished>,
-32.0,0.5,50,2026132550,0,,,,,0.5078605660000903,0,official WSJT-X 3.0.2; binary SHA256 9e3c2fc14f63c4b4c4e9fcc33b386cd22daf8fe76ce724c5e37f07875e9a3dd9,<DecodeFinished>,
-32.0,0.5,51,2026132551,0,,,,,0.517112100000304,0,official WSJT-X 3.0.2; binary SHA256 9e3c2fc14f63c4b4c4e9fcc33b386cd22daf8fe76ce724c5e37f07875e9a3dd9,<DecodeFinished>,
-32.0,0.5,52,2026132552,0,,,,,0.41494480800065503,0,official WSJT-X 3.0.2; binary SHA256 9e3c2fc14f63c4b4c4e9fcc33b386cd22daf8fe76ce724c5e37f07875e9a3dd9,<DecodeFinished>,
-32.0,0.5,56,2026132556,0,,,,,0.04822519899971667,0,official WSJT-X 3.0.2; binary SHA256 9e3c2fc14f63c4b4c4e9fcc33b386cd22daf8fe76ce724c5e37f07875e9a3dd9,<DecodeFinished>,
-32.0,0.5,53,2026132553,0,,,,,0.5136141700004373,0,official WSJT-X 3.0.2; binary SHA256 9e3c2fc14f63c4b4c4e9fcc33b386cd22daf8fe76ce724c5e37f07875e9a3dd9,<DecodeFinished>,
-32.0,0.5,58,2026132558,0,,,,,0.041695216999869444,0,official WSJT-X 3.0.2; binary SHA256 9e3c2fc14f63c4b4c4e9fcc33b386cd22daf8fe76ce724c5e37f07875e9a3dd9,<DecodeFinished>,
-32.0,0.5,54,2026132554,0,,,,,0.5145567070012476,0,official WSJT-X 3.0.2; binary SHA256 9e3c2fc14f63c4b4c4e9fcc33b386cd22daf8fe76ce724c5e37f07875e9a3dd9,<DecodeFinished>,
-32.0,0.5,57,2026132557,1,K1ABC FN42 33,-31,0,10.140200,0.2559081170002173,0,official WSJT-X 3.0.2; binary SHA256 9e3c2fc14f63c4b4c4e9fcc33b386cd22daf8fe76ce724c5e37f07875e9a3dd9,"0000 -31  0.0  10.140200  0  K1ABC FN42 33 
<DecodeFinished>",
-32.0,0.5,55,2026132555,0,,,,,0.4235375650005153,0,official WSJT-X 3.0.2; binary SHA256 9e3c2fc14f63c4b4c4e9fcc33b386cd22daf8fe76ce724c5e37f07875e9a3dd9,<DecodeFinished>,
-32.0,0.5,62,2026132562,0,,,,,0.04477606799991918,0,official WSJT-X 3.0.2; binary SHA256 9e3c2fc14f63c4b4c4e9fcc33b386cd22daf8fe76ce724c5e37f07875e9a3dd9,<DecodeFinished>,
-32.0,0.5,63,2026132563,0,,,,,0.048307370001566596,0,official WSJT-X 3.0.2; binary SHA256 9e3c2fc14f63c4b4c4e9fcc33b386cd22daf8fe76ce724c5e37f07875e9a3dd9,<DecodeFinished>,
-32.0,0.5,64,2026132564,0,,,,,0.04401598399999784,0,official WSJT-X 3.0.2; binary SHA256 9e3c2fc14f63c4b4c4e9fcc33b386cd22daf8fe76ce724c5e37f07875e9a3dd9,<DecodeFinished>,
-32.0,0.5,65,2026132565,0,,,,,0.048036549998869305,0,official WSJT-X 3.0.2; binary SHA256 9e3c2fc14f63c4b4c4e9fcc33b386cd22daf8fe76ce724c5e37f07875e9a3dd9,<DecodeFinished>,
-32.0,0.5,59,2026132559,0,,,,,0.4101723170006153,0,official WSJT-X 3.0.2; binary SHA256 9e3c2fc14f63c4b4c4e9fcc33b386cd22daf8fe76ce724c5e37f07875e9a3dd9,<DecodeFinished>,
-32.0,0.5,60,2026132560,0,,,,,0.5297140389993729,0,official WSJT-X 3.0.2; binary SHA256 9e3c2fc14f63c4b4c4e9fcc33b386cd22daf8fe76ce724c5e37f07875e9a3dd9,<DecodeFinished>,
-32.0,0.5,61,2026132561,0,,,,,0.5101995519999036,0,official WSJT-X 3.0.2; binary SHA256 9e3c2fc14f63c4b4c4e9fcc33b386cd22daf8fe76ce724c5e37f07875e9a3dd9,<DecodeFinished>,
-32.0,0.5,66,2026132566,0,,,,,0.42266242199912085,0,official WSJT-X 3.0.2; binary SHA256 9e3c2fc14f63c4b4c4e9fcc33b386cd22daf8fe76ce724c5e37f07875e9a3dd9,<DecodeFinished>,
-32.0,0.5,70,2026132570,0,,,,,0.04063594600120268,0,official WSJT-X 3.0.2; binary SHA256 9e3c2fc14f63c4b4c4e9fcc33b386cd22daf8fe76ce724c5e37f07875e9a3dd9,<DecodeFinished>,
-32.0,0.5,67,2026132567,0,,,,,0.5091341690003901,0,official WSJT-X 3.0.2; binary SHA256 9e3c2fc14f63c4b4c4e9fcc33b386cd22daf8fe76ce724c5e37f07875e9a3dd9,<DecodeFinished>,
-32.0,0.5,72,2026132572,0,,,,,0.04880650999984937,0,official WSJT-X 3.0.2; binary SHA256 9e3c2fc14f63c4b4c4e9fcc33b386cd22daf8fe76ce724c5e37f07875e9a3dd9,<DecodeFinished>,
-32.0,0.5,73,2026132573,0,,,,,0.04258410299917159,0,official WSJT-X 3.0.2; binary SHA256 9e3c2fc14f63c4b4c4e9fcc33b386cd22daf8fe76ce724c5e37f07875e9a3dd9,<DecodeFinished>,
-32.0,0.5,69,2026132569,1,K1ABC FN42 33,-31,0,10.140200,0.3567915620005806,0,official WSJT-X 3.0.2; binary SHA256 9e3c2fc14f63c4b4c4e9fcc33b386cd22daf8fe76ce724c5e37f07875e9a3dd9,"0000 -31 -0.1  10.140200  0  K1ABC FN42 33 
<DecodeFinished>",
-32.0,0.5,68,2026132568,0,,,,,0.5326917849997699,0,official WSJT-X 3.0.2; binary SHA256 9e3c2fc14f63c4b4c4e9fcc33b386cd22daf8fe76ce724c5e37f07875e9a3dd9,<DecodeFinished>,
-32.0,0.5,71,2026132571,0,,,,,0.41806667799937713,0,official WSJT-X 3.0.2; binary SHA256 9e3c2fc14f63c4b4c4e9fcc33b386cd22daf8fe76ce724c5e37f07875e9a3dd9,<DecodeFinished>,
-32.0,0.5,74,2026132574,0,,,,,0.5102732149989606,0,official WSJT-X 3.0.2; binary SHA256 9e3c2fc14f63c4b4c4e9fcc33b386cd22daf8fe76ce724c5e37f07875e9a3dd9,<DecodeFinished>,
-32.0,0.5,75,2026132575,0,,,,,0.530864913998812,0,official WSJT-X 3.0.2; binary SHA256 9e3c2fc14f63c4b4c4e9fcc33b386cd22daf8fe76ce724c5e37f07875e9a3dd9,<DecodeFinished>,
-32.0,0.5,76,2026132576,0,,,,,0.4382153379992815,0,official WSJT-X 3.0.2; binary SHA256 9e3c2fc14f63c4b4c4e9fcc33b386cd22daf8fe76ce724c5e37f07875e9a3dd9,<DecodeFinished>,
-32.0,0.5,79,2026132579,0,,,,,0.04888634999952046,0,official WSJT-X 3.0.2; binary SHA256 9e3c2fc14f63c4b4c4e9fcc33b386cd22daf8fe76ce724c5e37f07875e9a3dd9,<DecodeFinished>,
-32.0,0.5,77,2026132577,0,,,,,0.46831333999944036,0,official WSJT-X 3.0.2; binary SHA256 9e3c2fc14f63c4b4c4e9fcc33b386cd22daf8fe76ce724c5e37f07875e9a3dd9,<DecodeFinished>,
-32.0,0.5,78,2026132578,0,,,,,0.5011865560009028,0,official WSJT-X 3.0.2; binary SHA256 9e3c2fc14f63c4b4c4e9fcc33b386cd22daf8fe76ce724c5e37f07875e9a3dd9,<DecodeFinished>,
-32.0,0.5,80,2026132580,0,,,,,0.5087282060012512,0,official WSJT-X 3.0.2; binary SHA256 9e3c2fc14f63c4b4c4e9fcc33b386cd22daf8fe76ce724c5e37f07875e9a3dd9,<DecodeFinished>,
-32.0,0.5,81,2026132581,0,,,,,0.5818341720005265,0,official WSJT-X 3.0.2; binary SHA256 9e3c2fc14f63c4b4c4e9fcc33b386cd22daf8fe76ce724c5e37f07875e9a3dd9,<DecodeFinished>,
-32.0,0.5,82,2026132582,0,,,,,0.5162532909998845,0,official WSJT-X 3.0.2; binary SHA256 9e3c2fc14f63c4b4c4e9fcc33b386cd22daf8fe76ce724c5e37f07875e9a3dd9,<DecodeFinished>,
-32.0,0.5,86,2026132586,0,0Z3FRK EI36 23,,,,0.21632932200009236,0,official WSJT-X 3.0.2; binary SHA256 9e3c2fc14f63c4b4c4e9fcc33b386cd22daf8fe76ce724c5e37f07875e9a3dd9,"0000 -33  0.0  10.140203  0  0Z3FRK EI36 23 
<DecodeFinished>",
-32.0,0.5,83,2026132583,0,,,,,0.5205180670000118,0,official WSJT-X 3.0.2; binary SHA256 9e3c2fc14f63c4b4c4e9fcc33b386cd22daf8fe76ce724c5e37f07875e9a3dd9,<DecodeFinished>,
-32.0,0.5,85,2026132585,0,,,,,0.424861127999975,0,official WSJT-X 3.0.2; binary SHA256 9e3c2fc14f63c4b4c4e9fcc33b386cd22daf8fe76ce724c5e37f07875e9a3dd9,<DecodeFinished>,
-32.0,0.5,84,2026132584,0,,,,,0.522644702999969,0,official WSJT-X 3.0.2; binary SHA256 9e3c2fc14f63c4b4c4e9fcc33b386cd22daf8fe76ce724c5e37f07875e9a3dd9,<DecodeFinished>,
-32.0,0.5,90,2026132590,0,,,,,0.043866934000106994,0,official WSJT-X 3.0.2; binary SHA256 9e3c2fc14f63c4b4c4e9fcc33b386cd22daf8fe76ce724c5e37f07875e9a3dd9,<DecodeFinished>,
-32.0,0.5,91,2026132591,0,,,,,0.043786104000901105,0,official WSJT-X 3.0.2; binary SHA256 9e3c2fc14f63c4b4c4e9fcc33b386cd22daf8fe76ce724c5e37f07875e9a3dd9,<DecodeFinished>,
-32.0,0.5,89,2026132589,0,,,,,0.12404551600047853,0,official WSJT-X 3.0.2; binary SHA256 9e3c2fc14f63c4b4c4e9fcc33b386cd22daf8fe76ce724c5e37f07875e9a3dd9,<DecodeFinished>,
-32.0,0.5,87,2026132587,0,,,,,0.5159867759994086,0,official WSJT-X 3.0.2; binary SHA256 9e3c2fc14f63c4b4c4e9fcc33b386cd22daf8fe76ce724c5e37f07875e9a3dd9,<DecodeFinished>,
-32.0,0.5,94,2026132594,0,,,,,0.049331631998938974,0,official WSJT-X 3.0.2; binary SHA256 9e3c2fc14f63c4b4c4e9fcc33b386cd22daf8fe76ce724c5e37f07875e9a3dd9,<DecodeFinished>,
-32.0,0.5,95,2026132595,0,,,,,0.04212691599968821,0,official WSJT-X 3.0.2; binary SHA256 9e3c2fc14f63c4b4c4e9fcc33b386cd22daf8fe76ce724c5e37f07875e9a3dd9,<DecodeFinished>,
-32.0,0.5,88,2026132588,0,,,,,0.5123929090004822,0,official WSJT-X 3.0.2; binary SHA256 9e3c2fc14f63c4b4c4e9fcc33b386cd22daf8fe76ce724c5e37f07875e9a3dd9,<DecodeFinished>,
-32.0,0.5,97,2026132597,0,,,,,0.04886409000027925,0,official WSJT-X 3.0.2; binary SHA256 9e3c2fc14f63c4b4c4e9fcc33b386cd22daf8fe76ce724c5e37f07875e9a3dd9,<DecodeFinished>,
-32.0,0.5,92,2026132592,0,,,,,0.4017713309985993,0,official WSJT-X 3.0.2; binary SHA256 9e3c2fc14f63c4b4c4e9fcc33b386cd22daf8fe76ce724c5e37f07875e9a3dd9,<DecodeFinished>,
-32.0,0.5,93,2026132593,0,,,,,0.42325485100082005,0,official WSJT-X 3.0.2; binary SHA256 9e3c2fc14f63c4b4c4e9fcc33b386cd22daf8fe76ce724c5e37f07875e9a3dd9,<DecodeFinished>,
-32.0,0.5,99,2026132599,1,K1ABC FN42 33,-31,0,10.140200,0.33890126699952816,0,official WSJT-X 3.0.2; binary SHA256 9e3c2fc14f63c4b4c4e9fcc33b386cd22daf8fe76ce724c5e37f07875e9a3dd9,"0000 -31  0.0  10.140200  0  K1ABC FN42 33 
<DecodeFinished>",
-32.0,-0.5,1,2026132501,0,,,,,0.05838126100024965,0,official WSJT-X 3.0.2; binary SHA256 9e3c2fc14f63c4b4c4e9fcc33b386cd22daf8fe76ce724c5e37f07875e9a3dd9,<DecodeFinished>,
-32.0,-0.5,2,2026132502,0,,,,,0.04139060100169445,0,official WSJT-X 3.0.2; binary SHA256 9e3c2fc14f63c4b4c4e9fcc33b386cd22daf8fe76ce724c5e37f07875e9a3dd9,<DecodeFinished>,
-32.0,0.5,96,2026132596,0,,,,,0.5302995060010289,0,official WSJT-X 3.0.2; binary SHA256 9e3c2fc14f63c4b4c4e9fcc33b386cd22daf8fe76ce724c5e37f07875e9a3dd9,<DecodeFinished>,
-32.0,-0.5,0,2026132500,0,,,,,0.43788270900040516,0,official WSJT-X 3.0.2; binary SHA256 9e3c2fc14f63c4b4c4e9fcc33b386cd22daf8fe76ce724c5e37f07875e9a3dd9,<DecodeFinished>,
-32.0,-0.5,4,2026132504,0,,,,,0.03966546199990262,0,official WSJT-X 3.0.2; binary SHA256 9e3c2fc14f63c4b4c4e9fcc33b386cd22daf8fe76ce724c5e37f07875e9a3dd9,<DecodeFinished>,
-32.0,0.5,98,2026132598,0,,,,,0.524916017000578,0,official WSJT-X 3.0.2; binary SHA256 9e3c2fc14f63c4b4c4e9fcc33b386cd22daf8fe76ce724c5e37f07875e9a3dd9,<DecodeFinished>,
-32.0,-0.5,5,2026132505,0,,,,,0.04168611599925498,0,official WSJT-X 3.0.2; binary SHA256 9e3c2fc14f63c4b4c4e9fcc33b386cd22daf8fe76ce724c5e37f07875e9a3dd9,<DecodeFinished>,
-32.0,-0.5,6,2026132506,0,,,,,0.14540673600095033,0,official WSJT-X 3.0.2; binary SHA256 9e3c2fc14f63c4b4c4e9fcc33b386cd22daf8fe76ce724c5e37f07875e9a3dd9,<DecodeFinished>,
-32.0,-0.5,3,2026132503,0,,,,,0.4247459369998978,0,official WSJT-X 3.0.2; binary SHA256 9e3c2fc14f63c4b4c4e9fcc33b386cd22daf8fe76ce724c5e37f07875e9a3dd9,<DecodeFinished>,
-32.0,-0.5,7,2026132507,0,,,,,0.4198899149996578,0,official WSJT-X 3.0.2; binary SHA256 9e3c2fc14f63c4b4c4e9fcc33b386cd22daf8fe76ce724c5e37f07875e9a3dd9,<DecodeFinished>,
-32.0,-0.5,8,2026132508,0,,,,,0.43319424699984665,0,official WSJT-X 3.0.2; binary SHA256 9e3c2fc14f63c4b4c4e9fcc33b386cd22daf8fe76ce724c5e37f07875e9a3dd9,<DecodeFinished>,
-32.0,-0.5,9,2026132509,0,,,,,0.5173977550002746,0,official WSJT-X 3.0.2; binary SHA256 9e3c2fc14f63c4b4c4e9fcc33b386cd22daf8fe76ce724c5e37f07875e9a3dd9,<DecodeFinished>,
-32.0,-0.5,10,2026132510,0,,,,,0.39779420900049445,0,official WSJT-X 3.0.2; binary SHA256 9e3c2fc14f63c4b4c4e9fcc33b386cd22daf8fe76ce724c5e37f07875e9a3dd9,<DecodeFinished>,
-32.0,-0.5,11,2026132511,0,,,,,0.5127580719999969,0,official WSJT-X 3.0.2; binary SHA256 9e3c2fc14f63c4b4c4e9fcc33b386cd22daf8fe76ce724c5e37f07875e9a3dd9,<DecodeFinished>,
-32.0,-0.5,12,2026132512,0,,,,,0.5232588150010997,0,official WSJT-X 3.0.2; binary SHA256 9e3c2fc14f63c4b4c4e9fcc33b386cd22daf8fe76ce724c5e37f07875e9a3dd9,<DecodeFinished>,
-32.0,-0.5,13,2026132513,0,,,,,0.4114206739996007,0,official WSJT-X 3.0.2; binary SHA256 9e3c2fc14f63c4b4c4e9fcc33b386cd22daf8fe76ce724c5e37f07875e9a3dd9,<DecodeFinished>,
-32.0,-0.5,15,2026132515,1,K1ABC FN42 33,-32,0,10.140200,0.2985179999996035,0,official WSJT-X 3.0.2; binary SHA256 9e3c2fc14f63c4b4c4e9fcc33b386cd22daf8fe76ce724c5e37f07875e9a3dd9,"0000 -32  0.1  10.140200  0  K1ABC FN42 33 
<DecodeFinished>",
-32.0,-0.5,14,2026132514,0,,,,,0.5225631479988806,0,official WSJT-X 3.0.2; binary SHA256 9e3c2fc14f63c4b4c4e9fcc33b386cd22daf8fe76ce724c5e37f07875e9a3dd9,<DecodeFinished>,
-32.0,-0.5,16,2026132516,0,,,,,0.5390338619999966,0,official WSJT-X 3.0.2; binary SHA256 9e3c2fc14f63c4b4c4e9fcc33b386cd22daf8fe76ce724c5e37f07875e9a3dd9,<DecodeFinished>,
-32.0,-0.5,17,2026132517,0,,,,,0.5280987509995612,0,official WSJT-X 3.0.2; binary SHA256 9e3c2fc14f63c4b4c4e9fcc33b386cd22daf8fe76ce724c5e37f07875e9a3dd9,<DecodeFinished>,
-32.0,-0.5,18,2026132518,0,,,,,0.518104212000253,0,official WSJT-X 3.0.2; binary SHA256 9e3c2fc14f63c4b4c4e9fcc33b386cd22daf8fe76ce724c5e37f07875e9a3dd9,<DecodeFinished>,
-32.0,-0.5,22,2026132522,0,,,,,0.058362450001368416,0,official WSJT-X 3.0.2; binary SHA256 9e3c2fc14f63c4b4c4e9fcc33b386cd22daf8fe76ce724c5e37f07875e9a3dd9,<DecodeFinished>,
-32.0,-0.5,19,2026132519,0,,,,,0.6081304730014381,0,official WSJT-X 3.0.2; binary SHA256 9e3c2fc14f63c4b4c4e9fcc33b386cd22daf8fe76ce724c5e37f07875e9a3dd9,<DecodeFinished>,
-32.0,-0.5,21,2026132521,0,,,,,0.4077355739991617,0,official WSJT-X 3.0.2; binary SHA256 9e3c2fc14f63c4b4c4e9fcc33b386cd22daf8fe76ce724c5e37f07875e9a3dd9,<DecodeFinished>,
-32.0,-0.5,20,2026132520,0,,,,,0.5255288839998684,0,official WSJT-X 3.0.2; binary SHA256 9e3c2fc14f63c4b4c4e9fcc33b386cd22daf8fe76ce724c5e37f07875e9a3dd9,<DecodeFinished>,
-32.0,-0.5,24,2026132524,0,,,,,0.4312207340008172,0,official WSJT-X 3.0.2; binary SHA256 9e3c2fc14f63c4b4c4e9fcc33b386cd22daf8fe76ce724c5e37f07875e9a3dd9,<DecodeFinished>,
-32.0,-0.5,23,2026132523,0,,,,,0.5292044689995237,0,official WSJT-X 3.0.2; binary SHA256 9e3c2fc14f63c4b4c4e9fcc33b386cd22daf8fe76ce724c5e37f07875e9a3dd9,<DecodeFinished>,
-32.0,-0.5,27,2026132527,0,,,,,0.0461988349998137,0,official WSJT-X 3.0.2; binary SHA256 9e3c2fc14f63c4b4c4e9fcc33b386cd22daf8fe76ce724c5e37f07875e9a3dd9,<DecodeFinished>,
-32.0,-0.5,25,2026132525,0,,,,,0.4243826950005314,0,official WSJT-X 3.0.2; binary SHA256 9e3c2fc14f63c4b4c4e9fcc33b386cd22daf8fe76ce724c5e37f07875e9a3dd9,<DecodeFinished>,
-32.0,-0.5,26,2026132526,0,,,,,0.5191308110006503,0,official WSJT-X 3.0.2; binary SHA256 9e3c2fc14f63c4b4c4e9fcc33b386cd22daf8fe76ce724c5e37f07875e9a3dd9,<DecodeFinished>,
-32.0,-0.5,30,2026132530,0,,,,,0.4178441730000486,0,official WSJT-X 3.0.2; binary SHA256 9e3c2fc14f63c4b4c4e9fcc33b386cd22daf8fe76ce724c5e37f07875e9a3dd9,<DecodeFinished>,
-32.0,-0.5,28,2026132528,0,,,,,0.510114209000676,0,official WSJT-X 3.0.2; binary SHA256 9e3c2fc14f63c4b4c4e9fcc33b386cd22daf8fe76ce724c5e37f07875e9a3dd9,<DecodeFinished>,
-32.0,-0.5,29,2026132529,0,,,,,0.49872316700020747,0,official WSJT-X 3.0.2; binary SHA256 9e3c2fc14f63c4b4c4e9fcc33b386cd22daf8fe76ce724c5e37f07875e9a3dd9,<DecodeFinished>,
-32.0,-0.5,32,2026132532,0,,,,,0.04272758600018278,0,official WSJT-X 3.0.2; binary SHA256 9e3c2fc14f63c4b4c4e9fcc33b386cd22daf8fe76ce724c5e37f07875e9a3dd9,<DecodeFinished>,
-32.0,-0.5,33,2026132533,0,,,,,0.04092213500007347,0,official WSJT-X 3.0.2; binary SHA256 9e3c2fc14f63c4b4c4e9fcc33b386cd22daf8fe76ce724c5e37f07875e9a3dd9,<DecodeFinished>,
-32.0,-0.5,35,2026132535,0,,,,,0.05124793399954797,0,official WSJT-X 3.0.2; binary SHA256 9e3c2fc14f63c4b4c4e9fcc33b386cd22daf8fe76ce724c5e37f07875e9a3dd9,<DecodeFinished>,
-32.0,-0.5,31,2026132531,0,,,,,0.5217765999987023,0,official WSJT-X 3.0.2; binary SHA256 9e3c2fc14f63c4b4c4e9fcc33b386cd22daf8fe76ce724c5e37f07875e9a3dd9,<DecodeFinished>,
-32.0,-0.5,34,2026132534,0,,,,,0.4354758319987013,0,official WSJT-X 3.0.2; binary SHA256 9e3c2fc14f63c4b4c4e9fcc33b386cd22daf8fe76ce724c5e37f07875e9a3dd9,<DecodeFinished>,
-32.0,-0.5,36,2026132536,0,,,,,0.5402744189996156,0,official WSJT-X 3.0.2; binary SHA256 9e3c2fc14f63c4b4c4e9fcc33b386cd22daf8fe76ce724c5e37f07875e9a3dd9,<DecodeFinished>,
-32.0,-0.5,37,2026132537,0,,,,,0.5319504750004853,0,official WSJT-X 3.0.2; binary SHA256 9e3c2fc14f63c4b4c4e9fcc33b386cd22daf8fe76ce724c5e37f07875e9a3dd9,<DecodeFinished>,
-32.0,-0.5,41,2026132541,0,,,,,0.04434381000100984,0,official WSJT-X 3.0.2; binary SHA256 9e3c2fc14f63c4b4c4e9fcc33b386cd22daf8fe76ce724c5e37f07875e9a3dd9,<DecodeFinished>,
-32.0,-0.5,38,2026132538,0,,,,,0.5372250319996965,0,official WSJT-X 3.0.2; binary SHA256 9e3c2fc14f63c4b4c4e9fcc33b386cd22daf8fe76ce724c5e37f07875e9a3dd9,<DecodeFinished>,
-32.0,-0.5,39,2026132539,0,,,,,0.5407605670006888,0,official WSJT-X 3.0.2; binary SHA256 9e3c2fc14f63c4b4c4e9fcc33b386cd22daf8fe76ce724c5e37f07875e9a3dd9,<DecodeFinished>,
-32.0,-0.5,40,2026132540,0,,,,,0.4455155460000242,0,official WSJT-X 3.0.2; binary SHA256 9e3c2fc14f63c4b4c4e9fcc33b386cd22daf8fe76ce724c5e37f07875e9a3dd9,<DecodeFinished>,
-32.0,-0.5,42,2026132542,0,,,,,0.5484931089995371,0,official WSJT-X 3.0.2; binary SHA256 9e3c2fc14f63c4b4c4e9fcc33b386cd22daf8fe76ce724c5e37f07875e9a3dd9,<DecodeFinished>,
-32.0,-0.5,43,2026132543,0,,,,,0.5691186179992656,0,official WSJT-X 3.0.2; binary SHA256 9e3c2fc14f63c4b4c4e9fcc33b386cd22daf8fe76ce724c5e37f07875e9a3dd9,<DecodeFinished>,
-32.0,-0.5,47,2026132547,0,,,,,0.04630402300062997,0,official WSJT-X 3.0.2; binary SHA256 9e3c2fc14f63c4b4c4e9fcc33b386cd22daf8fe76ce724c5e37f07875e9a3dd9,<DecodeFinished>,
-32.0,-0.5,48,2026132548,0,,,,,0.04792556599932141,0,official WSJT-X 3.0.2; binary SHA256 9e3c2fc14f63c4b4c4e9fcc33b386cd22daf8fe76ce724c5e37f07875e9a3dd9,<DecodeFinished>,
-32.0,-0.5,44,2026132544,0,,,,,0.454840754999168,0,official WSJT-X 3.0.2; binary SHA256 9e3c2fc14f63c4b4c4e9fcc33b386cd22daf8fe76ce724c5e37f07875e9a3dd9,<DecodeFinished>,
-32.0,-0.5,49,2026132549,1,K1ABC FN42 33,-32,0,10.140200,0.1426498580003681,0,official WSJT-X 3.0.2; binary SHA256 9e3c2fc14f63c4b4c4e9fcc33b386cd22daf8fe76ce724c5e37f07875e9a3dd9,"0000 -32  0.0  10.140200  0  K1ABC FN42 33 
<DecodeFinished>",
-32.0,-0.5,45,2026132545,0,,,,,0.5730409400002827,0,official WSJT-X 3.0.2; binary SHA256 9e3c2fc14f63c4b4c4e9fcc33b386cd22daf8fe76ce724c5e37f07875e9a3dd9,<DecodeFinished>,
-32.0,-0.5,46,2026132546,0,,,,,0.5261386219990527,0,official WSJT-X 3.0.2; binary SHA256 9e3c2fc14f63c4b4c4e9fcc33b386cd22daf8fe76ce724c5e37f07875e9a3dd9,<DecodeFinished>,
-32.0,-0.5,52,2026132552,1,K1ABC FN42 33,-31,0,10.140200,0.2819592329997249,0,official WSJT-X 3.0.2; binary SHA256 9e3c2fc14f63c4b4c4e9fcc33b386cd22daf8fe76ce724c5e37f07875e9a3dd9,"0000 -31 -0.1  10.140200  0  K1ABC FN42 33 
<DecodeFinished>",
-32.0,-0.5,50,2026132550,0,,,,,0.5378473500004475,0,official WSJT-X 3.0.2; binary SHA256 9e3c2fc14f63c4b4c4e9fcc33b386cd22daf8fe76ce724c5e37f07875e9a3dd9,<DecodeFinished>,
-32.0,-0.5,55,2026132555,0,,,,,0.040071326000543195,0,official WSJT-X 3.0.2; binary SHA256 9e3c2fc14f63c4b4c4e9fcc33b386cd22daf8fe76ce724c5e37f07875e9a3dd9,<DecodeFinished>,
-32.0,-0.5,51,2026132551,0,,,,,0.5123043170005985,0,official WSJT-X 3.0.2; binary SHA256 9e3c2fc14f63c4b4c4e9fcc33b386cd22daf8fe76ce724c5e37f07875e9a3dd9,<DecodeFinished>,
-32.0,-0.5,53,2026132553,0,,,,,0.4277596560004895,0,official WSJT-X 3.0.2; binary SHA256 9e3c2fc14f63c4b4c4e9fcc33b386cd22daf8fe76ce724c5e37f07875e9a3dd9,<DecodeFinished>,
-32.0,-0.5,58,2026132558,0,,,,,0.04152280400012387,0,official WSJT-X 3.0.2; binary SHA256 9e3c2fc14f63c4b4c4e9fcc33b386cd22daf8fe76ce724c5e37f07875e9a3dd9,<DecodeFinished>,
-32.0,-0.5,59,2026132559,0,,,,,0.03930852400117146,0,official WSJT-X 3.0.2; binary SHA256 9e3c2fc14f63c4b4c4e9fcc33b386cd22daf8fe76ce724c5e37f07875e9a3dd9,<DecodeFinished>,
-32.0,-0.5,54,2026132554,0,,,,,0.4184123830000317,0,official WSJT-X 3.0.2; binary SHA256 9e3c2fc14f63c4b4c4e9fcc33b386cd22daf8fe76ce724c5e37f07875e9a3dd9,<DecodeFinished>,
-32.0,-0.5,57,2026132557,1,K1ABC FN42 33,-31,0,10.140200,0.2357164709992503,0,official WSJT-X 3.0.2; binary SHA256 9e3c2fc14f63c4b4c4e9fcc33b386cd22daf8fe76ce724c5e37f07875e9a3dd9,"0000 -31  0.0  10.140200  0  K1ABC FN42 33 
<DecodeFinished>",
-32.0,-0.5,56,2026132556,0,,,,,0.4046907550000469,0,official WSJT-X 3.0.2; binary SHA256 9e3c2fc14f63c4b4c4e9fcc33b386cd22daf8fe76ce724c5e37f07875e9a3dd9,<DecodeFinished>,
-32.0,-0.5,62,2026132562,0,,,,,0.13336294799955795,0,official WSJT-X 3.0.2; binary SHA256 9e3c2fc14f63c4b4c4e9fcc33b386cd22daf8fe76ce724c5e37f07875e9a3dd9,<DecodeFinished>,
-32.0,-0.5,63,2026132563,0,,,,,0.04400922999957402,0,official WSJT-X 3.0.2; binary SHA256 9e3c2fc14f63c4b4c4e9fcc33b386cd22daf8fe76ce724c5e37f07875e9a3dd9,<DecodeFinished>,
-32.0,-0.5,65,2026132565,0,,,,,0.04875629399975878,0,official WSJT-X 3.0.2; binary SHA256 9e3c2fc14f63c4b4c4e9fcc33b386cd22daf8fe76ce724c5e37f07875e9a3dd9,<DecodeFinished>,
-32.0,-0.5,60,2026132560,0,,,,,0.4219224499993288,0,official WSJT-X 3.0.2; binary SHA256 9e3c2fc14f63c4b4c4e9fcc33b386cd22daf8fe76ce724c5e37f07875e9a3dd9,<DecodeFinished>,
-32.0,-0.5,61,2026132561,0,,,,,0.42853146599918546,0,official WSJT-X 3.0.2; binary SHA256 9e3c2fc14f63c4b4c4e9fcc33b386cd22daf8fe76ce724c5e37f07875e9a3dd9,<DecodeFinished>,
-32.0,-0.5,66,2026132566,0,,,,,0.40502435700000206,0,official WSJT-X 3.0.2; binary SHA256 9e3c2fc14f63c4b4c4e9fcc33b386cd22daf8fe76ce724c5e37f07875e9a3dd9,<DecodeFinished>,
-32.0,-0.5,64,2026132564,0,,,,,0.5041987729982793,0,official WSJT-X 3.0.2; binary SHA256 9e3c2fc14f63c4b4c4e9fcc33b386cd22daf8fe76ce724c5e37f07875e9a3dd9,<DecodeFinished>,
-32.0,-0.5,68,2026132568,0,,,,,0.40628015600123035,0,official WSJT-X 3.0.2; binary SHA256 9e3c2fc14f63c4b4c4e9fcc33b386cd22daf8fe76ce724c5e37f07875e9a3dd9,<DecodeFinished>,
-32.0,-0.5,67,2026132567,0,,,,,0.5470605669997894,0,official WSJT-X 3.0.2; binary SHA256 9e3c2fc14f63c4b4c4e9fcc33b386cd22daf8fe76ce724c5e37f07875e9a3dd9,<DecodeFinished>,
-32.0,-0.5,69,2026132569,0,,,,,0.42670586699932755,0,official WSJT-X 3.0.2; binary SHA256 9e3c2fc14f63c4b4c4e9fcc33b386cd22daf8fe76ce724c5e37f07875e9a3dd9,<DecodeFinished>,
-32.0,-0.5,73,2026132573,0,,,,,0.04732543400132272,0,official WSJT-X 3.0.2; binary SHA256 9e3c2fc14f63c4b4c4e9fcc33b386cd22daf8fe76ce724c5e37f07875e9a3dd9,<DecodeFinished>,
-32.0,-0.5,70,2026132570,0,,,,,0.5074525939999148,0,official WSJT-X 3.0.2; binary SHA256 9e3c2fc14f63c4b4c4e9fcc33b386cd22daf8fe76ce724c5e37f07875e9a3dd9,<DecodeFinished>,
-32.0,-0.5,75,2026132575,0,,,,,0.04193013999974937,0,official WSJT-X 3.0.2; binary SHA256 9e3c2fc14f63c4b4c4e9fcc33b386cd22daf8fe76ce724c5e37f07875e9a3dd9,<DecodeFinished>,
-32.0,-0.5,72,2026132572,1,K1ABC FN42 33,-32,0,10.140200,0.4178875079996942,0,official WSJT-X 3.0.2; binary SHA256 9e3c2fc14f63c4b4c4e9fcc33b386cd22daf8fe76ce724c5e37f07875e9a3dd9,"0000 -32  0.2  10.140200  0  K1ABC FN42 33 
<DecodeFinished>",
-32.0,-0.5,71,2026132571,0,,,,,0.5236627930007671,0,official WSJT-X 3.0.2; binary SHA256 9e3c2fc14f63c4b4c4e9fcc33b386cd22daf8fe76ce724c5e37f07875e9a3dd9,<DecodeFinished>,
-32.0,-0.5,77,2026132577,0,,,,,0.04377769499842543,0,official WSJT-X 3.0.2; binary SHA256 9e3c2fc14f63c4b4c4e9fcc33b386cd22daf8fe76ce724c5e37f07875e9a3dd9,<DecodeFinished>,
-32.0,-0.5,79,2026132579,0,,,,,0.03757009500077402,0,official WSJT-X 3.0.2; binary SHA256 9e3c2fc14f63c4b4c4e9fcc33b386cd22daf8fe76ce724c5e37f07875e9a3dd9,<DecodeFinished>,
-32.0,-0.5,74,2026132574,0,,,,,0.5052823169990006,0,official WSJT-X 3.0.2; binary SHA256 9e3c2fc14f63c4b4c4e9fcc33b386cd22daf8fe76ce724c5e37f07875e9a3dd9,<DecodeFinished>,
-32.0,-0.5,76,2026132576,0,,,,,0.5215339150017826,0,official WSJT-X 3.0.2; binary SHA256 9e3c2fc14f63c4b4c4e9fcc33b386cd22daf8fe76ce724c5e37f07875e9a3dd9,<DecodeFinished>,
-32.0,-0.5,78,2026132578,0,,,,,0.5017462449995946,0,official WSJT-X 3.0.2; binary SHA256 9e3c2fc14f63c4b4c4e9fcc33b386cd22daf8fe76ce724c5e37f07875e9a3dd9,<DecodeFinished>,
-32.0,-0.5,80,2026132580,0,,,,,0.5062309690001712,0,official WSJT-X 3.0.2; binary SHA256 9e3c2fc14f63c4b4c4e9fcc33b386cd22daf8fe76ce724c5e37f07875e9a3dd9,<DecodeFinished>,
-32.0,-0.5,84,2026132584,0,,,,,0.04073985899958643,0,official WSJT-X 3.0.2; binary SHA256 9e3c2fc14f63c4b4c4e9fcc33b386cd22daf8fe76ce724c5e37f07875e9a3dd9,<DecodeFinished>,
-32.0,-0.5,81,2026132581,0,,,,,0.42602559000079054,0,official WSJT-X 3.0.2; binary SHA256 9e3c2fc14f63c4b4c4e9fcc33b386cd22daf8fe76ce724c5e37f07875e9a3dd9,<DecodeFinished>,
-32.0,-0.5,82,2026132582,0,,,,,0.43123468400153797,0,official WSJT-X 3.0.2; binary SHA256 9e3c2fc14f63c4b4c4e9fcc33b386cd22daf8fe76ce724c5e37f07875e9a3dd9,<DecodeFinished>,
-32.0,-0.5,83,2026132583,0,,,,,0.5173532370008616,0,official WSJT-X 3.0.2; binary SHA256 9e3c2fc14f63c4b4c4e9fcc33b386cd22daf8fe76ce724c5e37f07875e9a3dd9,<DecodeFinished>,
-32.0,-0.5,85,2026132585,0,,,,,0.42870590899838135,0,official WSJT-X 3.0.2; binary SHA256 9e3c2fc14f63c4b4c4e9fcc33b386cd22daf8fe76ce724c5e37f07875e9a3dd9,<DecodeFinished>,
-32.0,-0.5,86,2026132586,0,,,,,0.48747642299895233,0,official WSJT-X 3.0.2; binary SHA256 9e3c2fc14f63c4b4c4e9fcc33b386cd22daf8fe76ce724c5e37f07875e9a3dd9,<DecodeFinished>,
-32.0,-0.5,87,2026132587,0,,,,,0.5259688640016975,0,official WSJT-X 3.0.2; binary SHA256 9e3c2fc14f63c4b4c4e9fcc33b386cd22daf8fe76ce724c5e37f07875e9a3dd9,<DecodeFinished>,
-32.0,-0.5,91,2026132591,0,,,,,0.042321202001403435,0,official WSJT-X 3.0.2; binary SHA256 9e3c2fc14f63c4b4c4e9fcc33b386cd22daf8fe76ce724c5e37f07875e9a3dd9,<DecodeFinished>,
-32.0,-0.5,89,2026132589,0,,,,,0.42921824299992295,0,official WSJT-X 3.0.2; binary SHA256 9e3c2fc14f63c4b4c4e9fcc33b386cd22daf8fe76ce724c5e37f07875e9a3dd9,<DecodeFinished>,
-32.0,-0.5,88,2026132588,0,,,,,0.530469228999209,0,official WSJT-X 3.0.2; binary SHA256 9e3c2fc14f63c4b4c4e9fcc33b386cd22daf8fe76ce724c5e37f07875e9a3dd9,<DecodeFinished>,
-32.0,-0.5,90,2026132590,0,,,,,0.41849650899894186,0,official WSJT-X 3.0.2; binary SHA256 9e3c2fc14f63c4b4c4e9fcc33b386cd22daf8fe76ce724c5e37f07875e9a3dd9,<DecodeFinished>,
-32.0,-0.5,95,2026132595,0,,,,,0.03902995099997497,0,official WSJT-X 3.0.2; binary SHA256 9e3c2fc14f63c4b4c4e9fcc33b386cd22daf8fe76ce724c5e37f07875e9a3dd9,<DecodeFinished>,
-32.0,-0.5,92,2026132592,0,,,,,0.4160419609997916,0,official WSJT-X 3.0.2; binary SHA256 9e3c2fc14f63c4b4c4e9fcc33b386cd22daf8fe76ce724c5e37f07875e9a3dd9,<DecodeFinished>,
-32.0,-0.5,97,2026132597,0,,,,,0.048367033999966225,0,official WSJT-X 3.0.2; binary SHA256 9e3c2fc14f63c4b4c4e9fcc33b386cd22daf8fe76ce724c5e37f07875e9a3dd9,<DecodeFinished>,
-32.0,-0.5,94,2026132594,0,,,,,0.42681721999906586,0,official WSJT-X 3.0.2; binary SHA256 9e3c2fc14f63c4b4c4e9fcc33b386cd22daf8fe76ce724c5e37f07875e9a3dd9,<DecodeFinished>,
-32.0,-0.5,93,2026132593,0,,,,,0.5207653769994067,0,official WSJT-X 3.0.2; binary SHA256 9e3c2fc14f63c4b4c4e9fcc33b386cd22daf8fe76ce724c5e37f07875e9a3dd9,<DecodeFinished>,
-32.0,1.0,0,2026132500,0,,,,,0.04534349999994447,0,official WSJT-X 3.0.2; binary SHA256 9e3c2fc14f63c4b4c4e9fcc33b386cd22daf8fe76ce724c5e37f07875e9a3dd9,<DecodeFinished>,
-32.0,-0.5,96,2026132596,0,,,,,0.5304307859987603,0,official WSJT-X 3.0.2; binary SHA256 9e3c2fc14f63c4b4c4e9fcc33b386cd22daf8fe76ce724c5e37f07875e9a3dd9,<DecodeFinished>,
-32.0,1.0,2,2026132502,0,,,,,0.03984348499943735,0,official WSJT-X 3.0.2; binary SHA256 9e3c2fc14f63c4b4c4e9fcc33b386cd22daf8fe76ce724c5e37f07875e9a3dd9,<DecodeFinished>,
-32.0,1.0,3,2026132503,0,,,,,0.04580450299908989,0,official WSJT-X 3.0.2; binary SHA256 9e3c2fc14f63c4b4c4e9fcc33b386cd22daf8fe76ce724c5e37f07875e9a3dd9,<DecodeFinished>,
-32.0,-0.5,98,2026132598,0,,,,,0.41769457299960777,0,official WSJT-X 3.0.2; binary SHA256 9e3c2fc14f63c4b4c4e9fcc33b386cd22daf8fe76ce724c5e37f07875e9a3dd9,<DecodeFinished>,
-32.0,1.0,4,2026132504,0,,,,,0.040254047999042086,0,official WSJT-X 3.0.2; binary SHA256 9e3c2fc14f63c4b4c4e9fcc33b386cd22daf8fe76ce724c5e37f07875e9a3dd9,<DecodeFinished>,
-32.0,1.0,5,2026132505,0,,,,,0.04536034400007338,0,official WSJT-X 3.0.2; binary SHA256 9e3c2fc14f63c4b4c4e9fcc33b386cd22daf8fe76ce724c5e37f07875e9a3dd9,<DecodeFinished>,
-32.0,1.0,6,2026132506,0,,,,,0.040392943999904674,0,official WSJT-X 3.0.2; binary SHA256 9e3c2fc14f63c4b4c4e9fcc33b386cd22daf8fe76ce724c5e37f07875e9a3dd9,<DecodeFinished>,
-32.0,-0.5,99,2026132599,0,,,,,0.4321380199999112,0,official WSJT-X 3.0.2; binary SHA256 9e3c2fc14f63c4b4c4e9fcc33b386cd22daf8fe76ce724c5e37f07875e9a3dd9,<DecodeFinished>,
-32.0,1.0,1,2026132501,0,,,,,0.529932789000668,0,official WSJT-X 3.0.2; binary SHA256 9e3c2fc14f63c4b4c4e9fcc33b386cd22daf8fe76ce724c5e37f07875e9a3dd9,<DecodeFinished>,
-32.0,1.0,8,2026132508,0,,,,,0.5200959619996866,0,official WSJT-X 3.0.2; binary SHA256 9e3c2fc14f63c4b4c4e9fcc33b386cd22daf8fe76ce724c5e37f07875e9a3dd9,<DecodeFinished>,
-32.0,1.0,7,2026132507,0,,,,,0.5253258279990405,0,official WSJT-X 3.0.2; binary SHA256 9e3c2fc14f63c4b4c4e9fcc33b386cd22daf8fe76ce724c5e37f07875e9a3dd9,<DecodeFinished>,
-32.0,1.0,12,2026132512,0,,,,,0.049511850000271806,0,official WSJT-X 3.0.2; binary SHA256 9e3c2fc14f63c4b4c4e9fcc33b386cd22daf8fe76ce724c5e37f07875e9a3dd9,<DecodeFinished>,
-32.0,1.0,9,2026132509,0,,,,,0.6204212379998353,0,official WSJT-X 3.0.2; binary SHA256 9e3c2fc14f63c4b4c4e9fcc33b386cd22daf8fe76ce724c5e37f07875e9a3dd9,<DecodeFinished>,
-32.0,1.0,10,2026132510,0,,,,,0.626886234000267,0,official WSJT-X 3.0.2; binary SHA256 9e3c2fc14f63c4b4c4e9fcc33b386cd22daf8fe76ce724c5e37f07875e9a3dd9,<DecodeFinished>,
-32.0,1.0,15,2026132515,0,,,,,0.0421760200006247,0,official WSJT-X 3.0.2; binary SHA256 9e3c2fc14f63c4b4c4e9fcc33b386cd22daf8fe76ce724c5e37f07875e9a3dd9,<DecodeFinished>,
-32.0,1.0,11,2026132511,0,,,,,0.5059478399998625,0,official WSJT-X 3.0.2; binary SHA256 9e3c2fc14f63c4b4c4e9fcc33b386cd22daf8fe76ce724c5e37f07875e9a3dd9,<DecodeFinished>,
-32.0,1.0,13,2026132513,0,,,,,0.5088456569992559,0,official WSJT-X 3.0.2; binary SHA256 9e3c2fc14f63c4b4c4e9fcc33b386cd22daf8fe76ce724c5e37f07875e9a3dd9,<DecodeFinished>,
-32.0,1.0,14,2026132514,0,,,,,0.5041480449999654,0,official WSJT-X 3.0.2; binary SHA256 9e3c2fc14f63c4b4c4e9fcc33b386cd22daf8fe76ce724c5e37f07875e9a3dd9,<DecodeFinished>,
-32.0,1.0,16,2026132516,0,,,,,0.4257858649998525,0,official WSJT-X 3.0.2; binary SHA256 9e3c2fc14f63c4b4c4e9fcc33b386cd22daf8fe76ce724c5e37f07875e9a3dd9,<DecodeFinished>,
-32.0,1.0,17,2026132517,0,,,,,0.434934227998383,0,official WSJT-X 3.0.2; binary SHA256 9e3c2fc14f63c4b4c4e9fcc33b386cd22daf8fe76ce724c5e37f07875e9a3dd9,<DecodeFinished>,
-32.0,1.0,18,2026132518,0,,,,,0.43236722399888095,0,official WSJT-X 3.0.2; binary SHA256 9e3c2fc14f63c4b4c4e9fcc33b386cd22daf8fe76ce724c5e37f07875e9a3dd9,<DecodeFinished>,
-32.0,1.0,22,2026132522,0,,,,,0.051056063999567414,0,official WSJT-X 3.0.2; binary SHA256 9e3c2fc14f63c4b4c4e9fcc33b386cd22daf8fe76ce724c5e37f07875e9a3dd9,<DecodeFinished>,
-32.0,1.0,21,2026132521,0,,,,,0.14524726199852012,0,official WSJT-X 3.0.2; binary SHA256 9e3c2fc14f63c4b4c4e9fcc33b386cd22daf8fe76ce724c5e37f07875e9a3dd9,<DecodeFinished>,
-32.0,1.0,23,2026132523,0,,,,,0.04680723199999193,0,official WSJT-X 3.0.2; binary SHA256 9e3c2fc14f63c4b4c4e9fcc33b386cd22daf8fe76ce724c5e37f07875e9a3dd9,<DecodeFinished>,
-32.0,1.0,24,2026132524,0,,,,,0.04632594899885589,0,official WSJT-X 3.0.2; binary SHA256 9e3c2fc14f63c4b4c4e9fcc33b386cd22daf8fe76ce724c5e37f07875e9a3dd9,<DecodeFinished>,
-32.0,1.0,19,2026132519,0,,,,,0.4330546199998935,0,official WSJT-X 3.0.2; binary SHA256 9e3c2fc14f63c4b4c4e9fcc33b386cd22daf8fe76ce724c5e37f07875e9a3dd9,<DecodeFinished>,
-32.0,1.0,27,2026132527,0,,,,,0.04929461999927298,0,official WSJT-X 3.0.2; binary SHA256 9e3c2fc14f63c4b4c4e9fcc33b386cd22daf8fe76ce724c5e37f07875e9a3dd9,<DecodeFinished>,
-32.0,1.0,20,2026132520,0,,,,,0.5140628760000254,0,official WSJT-X 3.0.2; binary SHA256 9e3c2fc14f63c4b4c4e9fcc33b386cd22daf8fe76ce724c5e37f07875e9a3dd9,<DecodeFinished>,
-32.0,1.0,29,2026132529,0,,,,,0.06020224299936672,0,official WSJT-X 3.0.2; binary SHA256 9e3c2fc14f63c4b4c4e9fcc33b386cd22daf8fe76ce724c5e37f07875e9a3dd9,<DecodeFinished>,
-32.0,1.0,25,2026132525,0,,,,,0.6037354479994974,0,official WSJT-X 3.0.2; binary SHA256 9e3c2fc14f63c4b4c4e9fcc33b386cd22daf8fe76ce724c5e37f07875e9a3dd9,<DecodeFinished>,
-32.0,1.0,26,2026132526,0,,,,,0.5908520339999086,0,official WSJT-X 3.0.2; binary SHA256 9e3c2fc14f63c4b4c4e9fcc33b386cd22daf8fe76ce724c5e37f07875e9a3dd9,<DecodeFinished>,
-32.0,1.0,32,2026132532,0,,,,,0.05344623699966178,0,official WSJT-X 3.0.2; binary SHA256 9e3c2fc14f63c4b4c4e9fcc33b386cd22daf8fe76ce724c5e37f07875e9a3dd9,<DecodeFinished>,
-32.0,1.0,33,2026132533,0,,,,,0.04705504099911195,0,official WSJT-X 3.0.2; binary SHA256 9e3c2fc14f63c4b4c4e9fcc33b386cd22daf8fe76ce724c5e37f07875e9a3dd9,<DecodeFinished>,
-32.0,1.0,28,2026132528,0,,,,,0.6540649700000358,0,official WSJT-X 3.0.2; binary SHA256 9e3c2fc14f63c4b4c4e9fcc33b386cd22daf8fe76ce724c5e37f07875e9a3dd9,<DecodeFinished>,
-32.0,1.0,34,2026132534,0,,,,,0.04472381699997641,0,official WSJT-X 3.0.2; binary SHA256 9e3c2fc14f63c4b4c4e9fcc33b386cd22daf8fe76ce724c5e37f07875e9a3dd9,<DecodeFinished>,
-32.0,1.0,35,2026132535,0,,,,,0.04992598500029999,0,official WSJT-X 3.0.2; binary SHA256 9e3c2fc14f63c4b4c4e9fcc33b386cd22daf8fe76ce724c5e37f07875e9a3dd9,<DecodeFinished>,
-32.0,1.0,30,2026132530,0,,,,,0.555971515001147,0,official WSJT-X 3.0.2; binary SHA256 9e3c2fc14f63c4b4c4e9fcc33b386cd22daf8fe76ce724c5e37f07875e9a3dd9,<DecodeFinished>,
-32.0,1.0,38,2026132538,0,,,,,0.13597829699938302,0,official WSJT-X 3.0.2; binary SHA256 9e3c2fc14f63c4b4c4e9fcc33b386cd22daf8fe76ce724c5e37f07875e9a3dd9,<DecodeFinished>,
-32.0,1.0,31,2026132531,0,,,,,0.5231200389989681,0,official WSJT-X 3.0.2; binary SHA256 9e3c2fc14f63c4b4c4e9fcc33b386cd22daf8fe76ce724c5e37f07875e9a3dd9,<DecodeFinished>,
-32.0,1.0,36,2026132536,0,,,,,0.5359295529997326,0,official WSJT-X 3.0.2; binary SHA256 9e3c2fc14f63c4b4c4e9fcc33b386cd22daf8fe76ce724c5e37f07875e9a3dd9,<DecodeFinished>,
-32.0,1.0,37,2026132537,0,,,,,0.5243417129986483,0,official WSJT-X 3.0.2; binary SHA256 9e3c2fc14f63c4b4c4e9fcc33b386cd22daf8fe76ce724c5e37f07875e9a3dd9,<DecodeFinished>,
-32.0,1.0,41,2026132541,0,,,,,0.052112058001512196,0,official WSJT-X 3.0.2; binary SHA256 9e3c2fc14f63c4b4c4e9fcc33b386cd22daf8fe76ce724c5e37f07875e9a3dd9,<DecodeFinished>,
-32.0,1.0,39,2026132539,0,,,,,0.4324836409996351,0,official WSJT-X 3.0.2; binary SHA256 9e3c2fc14f63c4b4c4e9fcc33b386cd22daf8fe76ce724c5e37f07875e9a3dd9,<DecodeFinished>,
-32.0,1.0,40,2026132540,0,,,,,0.43754513100066106,0,official WSJT-X 3.0.2; binary SHA256 9e3c2fc14f63c4b4c4e9fcc33b386cd22daf8fe76ce724c5e37f07875e9a3dd9,<DecodeFinished>,
-32.0,1.0,45,2026132545,0,,,,,0.04983158899995033,0,official WSJT-X 3.0.2; binary SHA256 9e3c2fc14f63c4b4c4e9fcc33b386cd22daf8fe76ce724c5e37f07875e9a3dd9,<DecodeFinished>,
-32.0,1.0,42,2026132542,0,,,,,0.47340001500015205,0,official WSJT-X 3.0.2; binary SHA256 9e3c2fc14f63c4b4c4e9fcc33b386cd22daf8fe76ce724c5e37f07875e9a3dd9,<DecodeFinished>,
-32.0,1.0,47,2026132547,0,,,,,0.05457089900119172,0,official WSJT-X 3.0.2; binary SHA256 9e3c2fc14f63c4b4c4e9fcc33b386cd22daf8fe76ce724c5e37f07875e9a3dd9,<DecodeFinished>,
-32.0,1.0,48,2026132548,0,,,,,0.06370291599887423,0,official WSJT-X 3.0.2; binary SHA256 9e3c2fc14f63c4b4c4e9fcc33b386cd22daf8fe76ce724c5e37f07875e9a3dd9,<DecodeFinished>,
-32.0,1.0,44,2026132544,0,,,,,0.49626684299983026,0,official WSJT-X 3.0.2; binary SHA256 9e3c2fc14f63c4b4c4e9fcc33b386cd22daf8fe76ce724c5e37f07875e9a3dd9,<DecodeFinished>,
-32.0,1.0,43,2026132543,0,,,,,0.5715019950002898,0,official WSJT-X 3.0.2; binary SHA256 9e3c2fc14f63c4b4c4e9fcc33b386cd22daf8fe76ce724c5e37f07875e9a3dd9,<DecodeFinished>,
-32.0,1.0,46,2026132546,0,,,,,0.6092475200002809,0,official WSJT-X 3.0.2; binary SHA256 9e3c2fc14f63c4b4c4e9fcc33b386cd22daf8fe76ce724c5e37f07875e9a3dd9,<DecodeFinished>,
-32.0,1.0,52,2026132552,0,,,,,0.0422583340005076,0,official WSJT-X 3.0.2; binary SHA256 9e3c2fc14f63c4b4c4e9fcc33b386cd22daf8fe76ce724c5e37f07875e9a3dd9,<DecodeFinished>,
-32.0,1.0,49,2026132549,0,,,,,0.45106480100002955,0,official WSJT-X 3.0.2; binary SHA256 9e3c2fc14f63c4b4c4e9fcc33b386cd22daf8fe76ce724c5e37f07875e9a3dd9,<DecodeFinished>,
-32.0,1.0,53,2026132553,0,,,,,0.1442997190006281,0,official WSJT-X 3.0.2; binary SHA256 9e3c2fc14f63c4b4c4e9fcc33b386cd22daf8fe76ce724c5e37f07875e9a3dd9,<DecodeFinished>,
-32.0,1.0,50,2026132550,0,,,,,0.5398822290007956,0,official WSJT-X 3.0.2; binary SHA256 9e3c2fc14f63c4b4c4e9fcc33b386cd22daf8fe76ce724c5e37f07875e9a3dd9,<DecodeFinished>,
-32.0,1.0,51,2026132551,0,,,,,0.548795347000123,0,official WSJT-X 3.0.2; binary SHA256 9e3c2fc14f63c4b4c4e9fcc33b386cd22daf8fe76ce724c5e37f07875e9a3dd9,<DecodeFinished>,
-32.0,1.0,54,2026132554,0,,,,,0.135125741999218,0,official WSJT-X 3.0.2; binary SHA256 9e3c2fc14f63c4b4c4e9fcc33b386cd22daf8fe76ce724c5e37f07875e9a3dd9,<DecodeFinished>,
-32.0,1.0,56,2026132556,0,,,,,0.04256247299963434,0,official WSJT-X 3.0.2; binary SHA256 9e3c2fc14f63c4b4c4e9fcc33b386cd22daf8fe76ce724c5e37f07875e9a3dd9,<DecodeFinished>,
-32.0,1.0,58,2026132558,0,,,,,0.04058057700058271,0,official WSJT-X 3.0.2; binary SHA256 9e3c2fc14f63c4b4c4e9fcc33b386cd22daf8fe76ce724c5e37f07875e9a3dd9,<DecodeFinished>,
-32.0,1.0,59,2026132559,0,,,,,0.03791484499924991,0,official WSJT-X 3.0.2; binary SHA256 9e3c2fc14f63c4b4c4e9fcc33b386cd22daf8fe76ce724c5e37f07875e9a3dd9,<DecodeFinished>,
-32.0,1.0,55,2026132555,0,,,,,0.4165487430000212,0,official WSJT-X 3.0.2; binary SHA256 9e3c2fc14f63c4b4c4e9fcc33b386cd22daf8fe76ce724c5e37f07875e9a3dd9,<DecodeFinished>,
-32.0,1.0,62,2026132562,0,,,,,0.04695046699998784,0,official WSJT-X 3.0.2; binary SHA256 9e3c2fc14f63c4b4c4e9fcc33b386cd22daf8fe76ce724c5e37f07875e9a3dd9,<DecodeFinished>,
-32.0,1.0,63,2026132563,0,,,,,0.04580118999911065,0,official WSJT-X 3.0.2; binary SHA256 9e3c2fc14f63c4b4c4e9fcc33b386cd22daf8fe76ce724c5e37f07875e9a3dd9,<DecodeFinished>,
-32.0,1.0,64,2026132564,0,,,,,0.04115631099921302,0,official WSJT-X 3.0.2; binary SHA256 9e3c2fc14f63c4b4c4e9fcc33b386cd22daf8fe76ce724c5e37f07875e9a3dd9,<DecodeFinished>,
-32.0,1.0,61,2026132561,0,,,,,0.4077993360006076,0,official WSJT-X 3.0.2; binary SHA256 9e3c2fc14f63c4b4c4e9fcc33b386cd22daf8fe76ce724c5e37f07875e9a3dd9,<DecodeFinished>,
-32.0,1.0,57,2026132557,0,,,,,0.49822781800139637,0,official WSJT-X 3.0.2; binary SHA256 9e3c2fc14f63c4b4c4e9fcc33b386cd22daf8fe76ce724c5e37f07875e9a3dd9,<DecodeFinished>,
-32.0,1.0,60,2026132560,0,,,,,0.5379513309999311,0,official WSJT-X 3.0.2; binary SHA256 9e3c2fc14f63c4b4c4e9fcc33b386cd22daf8fe76ce724c5e37f07875e9a3dd9,<DecodeFinished>,
-32.0,1.0,65,2026132565,0,,,,,0.42589336300079594,0,official WSJT-X 3.0.2; binary SHA256 9e3c2fc14f63c4b4c4e9fcc33b386cd22daf8fe76ce724c5e37f07875e9a3dd9,<DecodeFinished>,
-32.0,1.0,66,2026132566,0,,,,,0.5073753649994615,0,official WSJT-X 3.0.2; binary SHA256 9e3c2fc14f63c4b4c4e9fcc33b386cd22daf8fe76ce724c5e37f07875e9a3dd9,<DecodeFinished>,
-32.0,1.0,67,2026132567,0,,,,,0.5128330959996674,0,official WSJT-X 3.0.2; binary SHA256 9e3c2fc14f63c4b4c4e9fcc33b386cd22daf8fe76ce724c5e37f07875e9a3dd9,<DecodeFinished>,
-32.0,1.0,71,2026132571,0,,,,,0.037561271999948076,0,official WSJT-X 3.0.2; binary SHA256 9e3c2fc14f63c4b4c4e9fcc33b386cd22daf8fe76ce724c5e37f07875e9a3dd9,<DecodeFinished>,
-32.0,1.0,72,2026132572,0,,,,,0.04106996100017568,0,official WSJT-X 3.0.2; binary SHA256 9e3c2fc14f63c4b4c4e9fcc33b386cd22daf8fe76ce724c5e37f07875e9a3dd9,<DecodeFinished>,
-32.0,1.0,68,2026132568,0,,,,,0.5003904839995812,0,official WSJT-X 3.0.2; binary SHA256 9e3c2fc14f63c4b4c4e9fcc33b386cd22daf8fe76ce724c5e37f07875e9a3dd9,<DecodeFinished>,
-32.0,1.0,73,2026132573,0,,,,,0.04204869200111716,0,official WSJT-X 3.0.2; binary SHA256 9e3c2fc14f63c4b4c4e9fcc33b386cd22daf8fe76ce724c5e37f07875e9a3dd9,<DecodeFinished>,
-32.0,1.0,70,2026132570,0,,,,,0.48797773999831406,0,official WSJT-X 3.0.2; binary SHA256 9e3c2fc14f63c4b4c4e9fcc33b386cd22daf8fe76ce724c5e37f07875e9a3dd9,<DecodeFinished>,
-32.0,1.0,74,2026132574,0,,,,,0.5089943580005638,0,official WSJT-X 3.0.2; binary SHA256 9e3c2fc14f63c4b4c4e9fcc33b386cd22daf8fe76ce724c5e37f07875e9a3dd9,<DecodeFinished>,
-32.0,1.0,77,2026132577,0,,,,,0.058840485999098746,0,official WSJT-X 3.0.2; binary SHA256 9e3c2fc14f63c4b4c4e9fcc33b386cd22daf8fe76ce724c5e37f07875e9a3dd9,<DecodeFinished>,
-32.0,1.0,75,2026132575,0,,,,,0.5482447680005862,0,official WSJT-X 3.0.2; binary SHA256 9e3c2fc14f63c4b4c4e9fcc33b386cd22daf8fe76ce724c5e37f07875e9a3dd9,<DecodeFinished>,
-32.0,1.0,79,2026132579,0,,,,,0.059377858000516426,0,official WSJT-X 3.0.2; binary SHA256 9e3c2fc14f63c4b4c4e9fcc33b386cd22daf8fe76ce724c5e37f07875e9a3dd9,<DecodeFinished>,
-32.0,1.0,69,2026132569,0,,,,,1.0399609750002128,0,official WSJT-X 3.0.2; binary SHA256 9e3c2fc14f63c4b4c4e9fcc33b386cd22daf8fe76ce724c5e37f07875e9a3dd9,<DecodeFinished>,
-32.0,1.0,76,2026132576,0,,,,,0.5080083559987543,0,official WSJT-X 3.0.2; binary SHA256 9e3c2fc14f63c4b4c4e9fcc33b386cd22daf8fe76ce724c5e37f07875e9a3dd9,<DecodeFinished>,
-32.0,1.0,82,2026132582,0,,,,,0.15754787500009115,0,official WSJT-X 3.0.2; binary SHA256 9e3c2fc14f63c4b4c4e9fcc33b386cd22daf8fe76ce724c5e37f07875e9a3dd9,<DecodeFinished>,
-32.0,1.0,78,2026132578,0,,,,,0.5924849639995955,0,official WSJT-X 3.0.2; binary SHA256 9e3c2fc14f63c4b4c4e9fcc33b386cd22daf8fe76ce724c5e37f07875e9a3dd9,<DecodeFinished>,
-32.0,1.0,84,2026132584,0,,,,,0.04953931199997896,0,official WSJT-X 3.0.2; binary SHA256 9e3c2fc14f63c4b4c4e9fcc33b386cd22daf8fe76ce724c5e37f07875e9a3dd9,<DecodeFinished>,
-32.0,1.0,80,2026132580,0,,,,,0.5848496900016471,0,official WSJT-X 3.0.2; binary SHA256 9e3c2fc14f63c4b4c4e9fcc33b386cd22daf8fe76ce724c5e37f07875e9a3dd9,<DecodeFinished>,
-32.0,1.0,81,2026132581,0,,,,,0.46716916400146147,0,official WSJT-X 3.0.2; binary SHA256 9e3c2fc14f63c4b4c4e9fcc33b386cd22daf8fe76ce724c5e37f07875e9a3dd9,<DecodeFinished>,
-32.0,1.0,83,2026132583,0,,,,,0.5694587119996868,0,official WSJT-X 3.0.2; binary SHA256 9e3c2fc14f63c4b4c4e9fcc33b386cd22daf8fe76ce724c5e37f07875e9a3dd9,<DecodeFinished>,
-32.0,1.0,85,2026132585,0,,,,,0.4825073669999256,0,official WSJT-X 3.0.2; binary SHA256 9e3c2fc14f63c4b4c4e9fcc33b386cd22daf8fe76ce724c5e37f07875e9a3dd9,<DecodeFinished>,
-32.0,1.0,86,2026132586,0,,,,,0.577759496998624,0,official WSJT-X 3.0.2; binary SHA256 9e3c2fc14f63c4b4c4e9fcc33b386cd22daf8fe76ce724c5e37f07875e9a3dd9,<DecodeFinished>,
-32.0,1.0,90,2026132590,0,,,,,0.05752795799890009,0,official WSJT-X 3.0.2; binary SHA256 9e3c2fc14f63c4b4c4e9fcc33b386cd22daf8fe76ce724c5e37f07875e9a3dd9,<DecodeFinished>,
-32.0,1.0,87,2026132587,0,,,,,0.583200475999547,0,official WSJT-X 3.0.2; binary SHA256 9e3c2fc14f63c4b4c4e9fcc33b386cd22daf8fe76ce724c5e37f07875e9a3dd9,<DecodeFinished>,
-32.0,1.0,91,2026132591,0,,,,,0.050282356000025175,0,official WSJT-X 3.0.2; binary SHA256 9e3c2fc14f63c4b4c4e9fcc33b386cd22daf8fe76ce724c5e37f07875e9a3dd9,<DecodeFinished>,
-32.0,1.0,92,2026132592,0,,,,,0.0492532950011082,0,official WSJT-X 3.0.2; binary SHA256 9e3c2fc14f63c4b4c4e9fcc33b386cd22daf8fe76ce724c5e37f07875e9a3dd9,<DecodeFinished>,
-32.0,1.0,93,2026132593,0,,,,,0.054331428000296,0,official WSJT-X 3.0.2; binary SHA256 9e3c2fc14f63c4b4c4e9fcc33b386cd22daf8fe76ce724c5e37f07875e9a3dd9,<DecodeFinished>,
-32.0,1.0,95,2026132595,0,,,,,0.05326578200038057,0,official WSJT-X 3.0.2; binary SHA256 9e3c2fc14f63c4b4c4e9fcc33b386cd22daf8fe76ce724c5e37f07875e9a3dd9,<DecodeFinished>,
-32.0,1.0,96,2026132596,0,,,,,0.05166833100156509,0,official WSJT-X 3.0.2; binary SHA256 9e3c2fc14f63c4b4c4e9fcc33b386cd22daf8fe76ce724c5e37f07875e9a3dd9,<DecodeFinished>,
-32.0,1.0,97,2026132597,0,,,,,0.05657209099990723,0,official WSJT-X 3.0.2; binary SHA256 9e3c2fc14f63c4b4c4e9fcc33b386cd22daf8fe76ce724c5e37f07875e9a3dd9,<DecodeFinished>,
-32.0,1.0,89,2026132589,0,,,,,0.4647374679989298,0,official WSJT-X 3.0.2; binary SHA256 9e3c2fc14f63c4b4c4e9fcc33b386cd22daf8fe76ce724c5e37f07875e9a3dd9,<DecodeFinished>,
-32.0,1.0,88,2026132588,0,,,,,0.5728299530001095,0,official WSJT-X 3.0.2; binary SHA256 9e3c2fc14f63c4b4c4e9fcc33b386cd22daf8fe76ce724c5e37f07875e9a3dd9,<DecodeFinished>,
-32.0,-1.0,0,2026132500,0,,,,,0.04754513700027019,0,official WSJT-X 3.0.2; binary SHA256 9e3c2fc14f63c4b4c4e9fcc33b386cd22daf8fe76ce724c5e37f07875e9a3dd9,<DecodeFinished>,
-32.0,1.0,98,2026132598,0,,,,,0.16514737600118679,0,official WSJT-X 3.0.2; binary SHA256 9e3c2fc14f63c4b4c4e9fcc33b386cd22daf8fe76ce724c5e37f07875e9a3dd9,<DecodeFinished>,
-32.0,1.0,99,2026132599,0,,,,,0.16533179100042616,0,official WSJT-X 3.0.2; binary SHA256 9e3c2fc14f63c4b4c4e9fcc33b386cd22daf8fe76ce724c5e37f07875e9a3dd9,<DecodeFinished>,
-32.0,-1.0,2,2026132502,0,,,,,0.05601079000007303,0,official WSJT-X 3.0.2; binary SHA256 9e3c2fc14f63c4b4c4e9fcc33b386cd22daf8fe76ce724c5e37f07875e9a3dd9,<DecodeFinished>,
-32.0,-1.0,3,2026132503,0,,,,,0.05740222500025993,0,official WSJT-X 3.0.2; binary SHA256 9e3c2fc14f63c4b4c4e9fcc33b386cd22daf8fe76ce724c5e37f07875e9a3dd9,<DecodeFinished>,
-32.0,-1.0,4,2026132504,0,,,,,0.057454567000604584,0,official WSJT-X 3.0.2; binary SHA256 9e3c2fc14f63c4b4c4e9fcc33b386cd22daf8fe76ce724c5e37f07875e9a3dd9,<DecodeFinished>,
-32.0,-1.0,5,2026132505,0,,,,,0.056416456998704234,0,official WSJT-X 3.0.2; binary SHA256 9e3c2fc14f63c4b4c4e9fcc33b386cd22daf8fe76ce724c5e37f07875e9a3dd9,<DecodeFinished>,
-32.0,-1.0,6,2026132506,0,,,,,0.05980508800166717,0,official WSJT-X 3.0.2; binary SHA256 9e3c2fc14f63c4b4c4e9fcc33b386cd22daf8fe76ce724c5e37f07875e9a3dd9,<DecodeFinished>,
-32.0,1.0,94,2026132594,0,,,,,0.57786197400128,0,official WSJT-X 3.0.2; binary SHA256 9e3c2fc14f63c4b4c4e9fcc33b386cd22daf8fe76ce724c5e37f07875e9a3dd9,<DecodeFinished>,
-32.0,-1.0,8,2026132508,0,,,,,0.054501384000104736,0,official WSJT-X 3.0.2; binary SHA256 9e3c2fc14f63c4b4c4e9fcc33b386cd22daf8fe76ce724c5e37f07875e9a3dd9,<DecodeFinished>,
-32.0,-1.0,10,2026132510,0,,,,,0.06313308300013887,0,official WSJT-X 3.0.2; binary SHA256 9e3c2fc14f63c4b4c4e9fcc33b386cd22daf8fe76ce724c5e37f07875e9a3dd9,<DecodeFinished>,
-32.0,-1.0,1,2026132501,0,,,,,0.4772848909997265,0,official WSJT-X 3.0.2; binary SHA256 9e3c2fc14f63c4b4c4e9fcc33b386cd22daf8fe76ce724c5e37f07875e9a3dd9,<DecodeFinished>,
-32.0,-1.0,12,2026132512,0,,,,,0.16622470200127282,0,official WSJT-X 3.0.2; binary SHA256 9e3c2fc14f63c4b4c4e9fcc33b386cd22daf8fe76ce724c5e37f07875e9a3dd9,<DecodeFinished>,
-32.0,-1.0,7,2026132507,0,,,,,0.47708028800116153,0,official WSJT-X 3.0.2; binary SHA256 9e3c2fc14f63c4b4c4e9fcc33b386cd22daf8fe76ce724c5e37f07875e9a3dd9,<DecodeFinished>,
-32.0,-1.0,9,2026132509,0,,,,,0.47857692599973234,0,official WSJT-X 3.0.2; binary SHA256 9e3c2fc14f63c4b4c4e9fcc33b386cd22daf8fe76ce724c5e37f07875e9a3dd9,<DecodeFinished>,
-32.0,-1.0,15,2026132515,0,,,,,0.15962271799980954,0,official WSJT-X 3.0.2; binary SHA256 9e3c2fc14f63c4b4c4e9fcc33b386cd22daf8fe76ce724c5e37f07875e9a3dd9,<DecodeFinished>,
-32.0,-1.0,11,2026132511,0,,,,,0.5801288349994138,0,official WSJT-X 3.0.2; binary SHA256 9e3c2fc14f63c4b4c4e9fcc33b386cd22daf8fe76ce724c5e37f07875e9a3dd9,<DecodeFinished>,
-32.0,-1.0,16,2026132516,0,,,,,0.04959053200036578,0,official WSJT-X 3.0.2; binary SHA256 9e3c2fc14f63c4b4c4e9fcc33b386cd22daf8fe76ce724c5e37f07875e9a3dd9,<DecodeFinished>,
-32.0,-1.0,13,2026132513,0,,,,,0.45903949700004887,0,official WSJT-X 3.0.2; binary SHA256 9e3c2fc14f63c4b4c4e9fcc33b386cd22daf8fe76ce724c5e37f07875e9a3dd9,<DecodeFinished>,
-32.0,-1.0,14,2026132514,0,,,,,0.568781615998887,0,official WSJT-X 3.0.2; binary SHA256 9e3c2fc14f63c4b4c4e9fcc33b386cd22daf8fe76ce724c5e37f07875e9a3dd9,<DecodeFinished>,
-32.0,-1.0,17,2026132517,0,,,,,0.47289131099933,0,official WSJT-X 3.0.2; binary SHA256 9e3c2fc14f63c4b4c4e9fcc33b386cd22daf8fe76ce724c5e37f07875e9a3dd9,<DecodeFinished>,
-32.0,-1.0,18,2026132518,0,,,,,0.5809819500009326,0,official WSJT-X 3.0.2; binary SHA256 9e3c2fc14f63c4b4c4e9fcc33b386cd22daf8fe76ce724c5e37f07875e9a3dd9,<DecodeFinished>,
-32.0,-1.0,19,2026132519,0,,,,,0.47080521499992756,0,official WSJT-X 3.0.2; binary SHA256 9e3c2fc14f63c4b4c4e9fcc33b386cd22daf8fe76ce724c5e37f07875e9a3dd9,<DecodeFinished>,
-32.0,-1.0,22,2026132522,0,,,,,0.06156425699919055,0,official WSJT-X 3.0.2; binary SHA256 9e3c2fc14f63c4b4c4e9fcc33b386cd22daf8fe76ce724c5e37f07875e9a3dd9,<DecodeFinished>,
-32.0,-1.0,23,2026132523,0,,,,,0.1626258529995539,0,official WSJT-X 3.0.2; binary SHA256 9e3c2fc14f63c4b4c4e9fcc33b386cd22daf8fe76ce724c5e37f07875e9a3dd9,<DecodeFinished>,
-32.0,-1.0,20,2026132520,0,,,,,0.5677737059995707,0,official WSJT-X 3.0.2; binary SHA256 9e3c2fc14f63c4b4c4e9fcc33b386cd22daf8fe76ce724c5e37f07875e9a3dd9,<DecodeFinished>,
-32.0,-1.0,21,2026132521,0,,,,,0.4666716259998793,0,official WSJT-X 3.0.2; binary SHA256 9e3c2fc14f63c4b4c4e9fcc33b386cd22daf8fe76ce724c5e37f07875e9a3dd9,<DecodeFinished>,
-32.0,-1.0,27,2026132527,0,,,,,0.05354041899954609,0,official WSJT-X 3.0.2; binary SHA256 9e3c2fc14f63c4b4c4e9fcc33b386cd22daf8fe76ce724c5e37f07875e9a3dd9,<DecodeFinished>,
-32.0,-1.0,24,2026132524,0,,,,,0.4763764749986876,0,official WSJT-X 3.0.2; binary SHA256 9e3c2fc14f63c4b4c4e9fcc33b386cd22daf8fe76ce724c5e37f07875e9a3dd9,<DecodeFinished>,
-32.0,-1.0,28,2026132528,0,,,,,0.3323292710010719,0,official WSJT-X 3.0.2; binary SHA256 9e3c2fc14f63c4b4c4e9fcc33b386cd22daf8fe76ce724c5e37f07875e9a3dd9,<DecodeFinished>,
-32.0,-1.0,25,2026132525,0,,,,,0.5753613759989094,0,official WSJT-X 3.0.2; binary SHA256 9e3c2fc14f63c4b4c4e9fcc33b386cd22daf8fe76ce724c5e37f07875e9a3dd9,<DecodeFinished>,
-32.0,-1.0,26,2026132526,0,,,,,0.5743307159991673,0,official WSJT-X 3.0.2; binary SHA256 9e3c2fc14f63c4b4c4e9fcc33b386cd22daf8fe76ce724c5e37f07875e9a3dd9,<DecodeFinished>,
-32.0,-1.0,32,2026132532,0,,,,,0.05708944100115332,0,official WSJT-X 3.0.2; binary SHA256 9e3c2fc14f63c4b4c4e9fcc33b386cd22daf8fe76ce724c5e37f07875e9a3dd9,<DecodeFinished>,
-32.0,-1.0,33,2026132533,0,,,,,0.05823532999966119,0,official WSJT-X 3.0.2; binary SHA256 9e3c2fc14f63c4b4c4e9fcc33b386cd22daf8fe76ce724c5e37f07875e9a3dd9,<DecodeFinished>,
-32.0,-1.0,29,2026132529,0,,,,,0.592591099000856,0,official WSJT-X 3.0.2; binary SHA256 9e3c2fc14f63c4b4c4e9fcc33b386cd22daf8fe76ce724c5e37f07875e9a3dd9,<DecodeFinished>,
-32.0,-1.0,35,2026132535,0,,,,,0.05488695300118707,0,official WSJT-X 3.0.2; binary SHA256 9e3c2fc14f63c4b4c4e9fcc33b386cd22daf8fe76ce724c5e37f07875e9a3dd9,<DecodeFinished>,
-32.0,-1.0,30,2026132530,0,,,,,0.5639746409997315,0,official WSJT-X 3.0.2; binary SHA256 9e3c2fc14f63c4b4c4e9fcc33b386cd22daf8fe76ce724c5e37f07875e9a3dd9,<DecodeFinished>,
-32.0,-1.0,31,2026132531,0,,,,,0.5730745700002444,0,official WSJT-X 3.0.2; binary SHA256 9e3c2fc14f63c4b4c4e9fcc33b386cd22daf8fe76ce724c5e37f07875e9a3dd9,<DecodeFinished>,
-32.0,-1.0,34,2026132534,0,,,,,0.46649095300017507,0,official WSJT-X 3.0.2; binary SHA256 9e3c2fc14f63c4b4c4e9fcc33b386cd22daf8fe76ce724c5e37f07875e9a3dd9,<DecodeFinished>,
-32.0,-1.0,36,2026132536,0,,,,,0.4711751459999505,0,official WSJT-X 3.0.2; binary SHA256 9e3c2fc14f63c4b4c4e9fcc33b386cd22daf8fe76ce724c5e37f07875e9a3dd9,<DecodeFinished>,
-32.0,-1.0,38,2026132538,0,,,,,0.4785048909998295,0,official WSJT-X 3.0.2; binary SHA256 9e3c2fc14f63c4b4c4e9fcc33b386cd22daf8fe76ce724c5e37f07875e9a3dd9,<DecodeFinished>,
-32.0,-1.0,40,2026132540,0,,,,,0.16211967300114338,0,official WSJT-X 3.0.2; binary SHA256 9e3c2fc14f63c4b4c4e9fcc33b386cd22daf8fe76ce724c5e37f07875e9a3dd9,<DecodeFinished>,
-32.0,-1.0,37,2026132537,0,,,,,0.5741122039999027,0,official WSJT-X 3.0.2; binary SHA256 9e3c2fc14f63c4b4c4e9fcc33b386cd22daf8fe76ce724c5e37f07875e9a3dd9,<DecodeFinished>,
-32.0,-1.0,41,2026132541,0,,,,,0.05352513499929046,0,official WSJT-X 3.0.2; binary SHA256 9e3c2fc14f63c4b4c4e9fcc33b386cd22daf8fe76ce724c5e37f07875e9a3dd9,<DecodeFinished>,
-32.0,-1.0,42,2026132542,0,,,,,0.05444311799874413,0,official WSJT-X 3.0.2; binary SHA256 9e3c2fc14f63c4b4c4e9fcc33b386cd22daf8fe76ce724c5e37f07875e9a3dd9,<DecodeFinished>,
-32.0,-1.0,39,2026132539,0,,,,,0.47479690600084723,0,official WSJT-X 3.0.2; binary SHA256 9e3c2fc14f63c4b4c4e9fcc33b386cd22daf8fe76ce724c5e37f07875e9a3dd9,<DecodeFinished>,
-32.0,-1.0,45,2026132545,0,,,,,0.05690353399950254,0,official WSJT-X 3.0.2; binary SHA256 9e3c2fc14f63c4b4c4e9fcc33b386cd22daf8fe76ce724c5e37f07875e9a3dd9,<DecodeFinished>,
-32.0,-1.0,47,2026132547,0,,,,,0.053551823999441694,0,official WSJT-X 3.0.2; binary SHA256 9e3c2fc14f63c4b4c4e9fcc33b386cd22daf8fe76ce724c5e37f07875e9a3dd9,<DecodeFinished>,
-32.0,-1.0,48,2026132548,0,,,,,0.048877687000640435,0,official WSJT-X 3.0.2; binary SHA256 9e3c2fc14f63c4b4c4e9fcc33b386cd22daf8fe76ce724c5e37f07875e9a3dd9,<DecodeFinished>,
-32.0,-1.0,49,2026132549,0,,,,,0.05477107399929082,0,official WSJT-X 3.0.2; binary SHA256 9e3c2fc14f63c4b4c4e9fcc33b386cd22daf8fe76ce724c5e37f07875e9a3dd9,<DecodeFinished>,
-32.0,-1.0,43,2026132543,0,,,,,0.3803794180003024,0,official WSJT-X 3.0.2; binary SHA256 9e3c2fc14f63c4b4c4e9fcc33b386cd22daf8fe76ce724c5e37f07875e9a3dd9,<DecodeFinished>,
-32.0,-1.0,44,2026132544,0,,,,,0.5817404500012344,0,official WSJT-X 3.0.2; binary SHA256 9e3c2fc14f63c4b4c4e9fcc33b386cd22daf8fe76ce724c5e37f07875e9a3dd9,<DecodeFinished>,
-32.0,-1.0,46,2026132546,0,,,,,0.5726555990004272,0,official WSJT-X 3.0.2; binary SHA256 9e3c2fc14f63c4b4c4e9fcc33b386cd22daf8fe76ce724c5e37f07875e9a3dd9,<DecodeFinished>,
-32.0,-1.0,53,2026132553,0,,,,,0.051580381999883684,0,official WSJT-X 3.0.2; binary SHA256 9e3c2fc14f63c4b4c4e9fcc33b386cd22daf8fe76ce724c5e37f07875e9a3dd9,<DecodeFinished>,
-32.0,-1.0,50,2026132550,0,,,,,0.5717532319995371,0,official WSJT-X 3.0.2; binary SHA256 9e3c2fc14f63c4b4c4e9fcc33b386cd22daf8fe76ce724c5e37f07875e9a3dd9,<DecodeFinished>,
-32.0,-1.0,51,2026132551,0,,,,,0.5803043020005134,0,official WSJT-X 3.0.2; binary SHA256 9e3c2fc14f63c4b4c4e9fcc33b386cd22daf8fe76ce724c5e37f07875e9a3dd9,<DecodeFinished>,
-32.0,-1.0,56,2026132556,0,,,,,0.05302448300062679,0,official WSJT-X 3.0.2; binary SHA256 9e3c2fc14f63c4b4c4e9fcc33b386cd22daf8fe76ce724c5e37f07875e9a3dd9,<DecodeFinished>,
-32.0,-1.0,54,2026132554,0,,,,,0.473708309000358,0,official WSJT-X 3.0.2; binary SHA256 9e3c2fc14f63c4b4c4e9fcc33b386cd22daf8fe76ce724c5e37f07875e9a3dd9,<DecodeFinished>,
-32.0,-1.0,52,2026132552,0,,,,,0.5708881880000263,0,official WSJT-X 3.0.2; binary SHA256 9e3c2fc14f63c4b4c4e9fcc33b386cd22daf8fe76ce724c5e37f07875e9a3dd9,<DecodeFinished>,
-32.0,-1.0,58,2026132558,0,,,,,0.05340139299914881,0,official WSJT-X 3.0.2; binary SHA256 9e3c2fc14f63c4b4c4e9fcc33b386cd22daf8fe76ce724c5e37f07875e9a3dd9,<DecodeFinished>,
-32.0,-1.0,60,2026132560,0,,,,,0.05442517899973609,0,official WSJT-X 3.0.2; binary SHA256 9e3c2fc14f63c4b4c4e9fcc33b386cd22daf8fe76ce724c5e37f07875e9a3dd9,<DecodeFinished>,
-32.0,-1.0,55,2026132555,0,,,,,0.46763686099984625,0,official WSJT-X 3.0.2; binary SHA256 9e3c2fc14f63c4b4c4e9fcc33b386cd22daf8fe76ce724c5e37f07875e9a3dd9,<DecodeFinished>,
-32.0,-1.0,59,2026132559,0,,,,,0.16199411900015548,0,official WSJT-X 3.0.2; binary SHA256 9e3c2fc14f63c4b4c4e9fcc33b386cd22daf8fe76ce724c5e37f07875e9a3dd9,<DecodeFinished>,
-32.0,-1.0,62,2026132562,0,,,,,0.06078597299892863,0,official WSJT-X 3.0.2; binary SHA256 9e3c2fc14f63c4b4c4e9fcc33b386cd22daf8fe76ce724c5e37f07875e9a3dd9,<DecodeFinished>,
-32.0,-1.0,63,2026132563,0,,,,,0.06249812099849805,0,official WSJT-X 3.0.2; binary SHA256 9e3c2fc14f63c4b4c4e9fcc33b386cd22daf8fe76ce724c5e37f07875e9a3dd9,<DecodeFinished>,
-32.0,-1.0,64,2026132564,0,,,,,0.05342225099957432,0,official WSJT-X 3.0.2; binary SHA256 9e3c2fc14f63c4b4c4e9fcc33b386cd22daf8fe76ce724c5e37f07875e9a3dd9,<DecodeFinished>,
-32.0,-1.0,57,2026132557,0,,,,,0.5716713309993793,0,official WSJT-X 3.0.2; binary SHA256 9e3c2fc14f63c4b4c4e9fcc33b386cd22daf8fe76ce724c5e37f07875e9a3dd9,<DecodeFinished>,
-32.0,-1.0,61,2026132561,0,,,,,0.568020553999304,0,official WSJT-X 3.0.2; binary SHA256 9e3c2fc14f63c4b4c4e9fcc33b386cd22daf8fe76ce724c5e37f07875e9a3dd9,<DecodeFinished>,
-32.0,-1.0,66,2026132566,0,,,,,0.46644321699932334,0,official WSJT-X 3.0.2; binary SHA256 9e3c2fc14f63c4b4c4e9fcc33b386cd22daf8fe76ce724c5e37f07875e9a3dd9,<DecodeFinished>,
-32.0,-1.0,68,2026132568,0,,,,,0.05767837700113887,0,official WSJT-X 3.0.2; binary SHA256 9e3c2fc14f63c4b4c4e9fcc33b386cd22daf8fe76ce724c5e37f07875e9a3dd9,<DecodeFinished>,
-32.0,-1.0,69,2026132569,0,,,,,0.05960506799965515,0,official WSJT-X 3.0.2; binary SHA256 9e3c2fc14f63c4b4c4e9fcc33b386cd22daf8fe76ce724c5e37f07875e9a3dd9,<DecodeFinished>,
-32.0,-1.0,65,2026132565,0,,,,,0.5906839000017499,0,official WSJT-X 3.0.2; binary SHA256 9e3c2fc14f63c4b4c4e9fcc33b386cd22daf8fe76ce724c5e37f07875e9a3dd9,<DecodeFinished>,
-32.0,-1.0,72,2026132572,0,,,,,0.05325196599915216,0,official WSJT-X 3.0.2; binary SHA256 9e3c2fc14f63c4b4c4e9fcc33b386cd22daf8fe76ce724c5e37f07875e9a3dd9,<DecodeFinished>,
-32.0,-1.0,70,2026132570,0,,,,,0.15794928899958904,0,official WSJT-X 3.0.2; binary SHA256 9e3c2fc14f63c4b4c4e9fcc33b386cd22daf8fe76ce724c5e37f07875e9a3dd9,<DecodeFinished>,
-32.0,-1.0,73,2026132573,0,,,,,0.05335295399891038,0,official WSJT-X 3.0.2; binary SHA256 9e3c2fc14f63c4b4c4e9fcc33b386cd22daf8fe76ce724c5e37f07875e9a3dd9,<DecodeFinished>,
-32.0,-1.0,67,2026132567,0,,,,,0.5892998460003582,0,official WSJT-X 3.0.2; binary SHA256 9e3c2fc14f63c4b4c4e9fcc33b386cd22daf8fe76ce724c5e37f07875e9a3dd9,<DecodeFinished>,
-32.0,-1.0,76,2026132576,0,,,,,0.045493540999814286,0,official WSJT-X 3.0.2; binary SHA256 9e3c2fc14f63c4b4c4e9fcc33b386cd22daf8fe76ce724c5e37f07875e9a3dd9,<DecodeFinished>,
-32.0,-1.0,77,2026132577,0,,,,,0.05322947000058775,0,official WSJT-X 3.0.2; binary SHA256 9e3c2fc14f63c4b4c4e9fcc33b386cd22daf8fe76ce724c5e37f07875e9a3dd9,<DecodeFinished>,
-32.0,-1.0,71,2026132571,0,,,,,0.5810731210003723,0,official WSJT-X 3.0.2; binary SHA256 9e3c2fc14f63c4b4c4e9fcc33b386cd22daf8fe76ce724c5e37f07875e9a3dd9,<DecodeFinished>,
-32.0,-1.0,75,2026132575,0,,,,,0.4610900869993202,0,official WSJT-X 3.0.2; binary SHA256 9e3c2fc14f63c4b4c4e9fcc33b386cd22daf8fe76ce724c5e37f07875e9a3dd9,<DecodeFinished>,
-32.0,-1.0,79,2026132579,0,,,,,0.05131803599942941,0,official WSJT-X 3.0.2; binary SHA256 9e3c2fc14f63c4b4c4e9fcc33b386cd22daf8fe76ce724c5e37f07875e9a3dd9,<DecodeFinished>,
-32.0,-1.0,74,2026132574,0,,,,,0.5660416039991105,0,official WSJT-X 3.0.2; binary SHA256 9e3c2fc14f63c4b4c4e9fcc33b386cd22daf8fe76ce724c5e37f07875e9a3dd9,<DecodeFinished>,
-32.0,-1.0,82,2026132582,0,,,,,0.05443100800039247,0,official WSJT-X 3.0.2; binary SHA256 9e3c2fc14f63c4b4c4e9fcc33b386cd22daf8fe76ce724c5e37f07875e9a3dd9,<DecodeFinished>,
-32.0,-1.0,78,2026132578,0,,,,,0.4567128690014215,0,official WSJT-X 3.0.2; binary SHA256 9e3c2fc14f63c4b4c4e9fcc33b386cd22daf8fe76ce724c5e37f07875e9a3dd9,<DecodeFinished>,
-32.0,-1.0,81,2026132581,0,,,,,0.4603047909986344,0,official WSJT-X 3.0.2; binary SHA256 9e3c2fc14f63c4b4c4e9fcc33b386cd22daf8fe76ce724c5e37f07875e9a3dd9,<DecodeFinished>,
-32.0,-1.0,85,2026132585,0,,,,,0.060833211999124615,0,official WSJT-X 3.0.2; binary SHA256 9e3c2fc14f63c4b4c4e9fcc33b386cd22daf8fe76ce724c5e37f07875e9a3dd9,<DecodeFinished>,
-32.0,-1.0,80,2026132580,0,,,,,0.5600289149988384,0,official WSJT-X 3.0.2; binary SHA256 9e3c2fc14f63c4b4c4e9fcc33b386cd22daf8fe76ce724c5e37f07875e9a3dd9,<DecodeFinished>,
-32.0,-1.0,84,2026132584,0,,,,,0.47155200599991076,0,official WSJT-X 3.0.2; binary SHA256 9e3c2fc14f63c4b4c4e9fcc33b386cd22daf8fe76ce724c5e37f07875e9a3dd9,<DecodeFinished>,
-32.0,-1.0,83,2026132583,0,,,,,0.566443629000787,0,official WSJT-X 3.0.2; binary SHA256 9e3c2fc14f63c4b4c4e9fcc33b386cd22daf8fe76ce724c5e37f07875e9a3dd9,<DecodeFinished>,
-32.0,-1.0,86,2026132586,0,,,,,0.4458391230000416,0,official WSJT-X 3.0.2; binary SHA256 9e3c2fc14f63c4b4c4e9fcc33b386cd22daf8fe76ce724c5e37f07875e9a3dd9,<DecodeFinished>,
-32.0,-1.0,87,2026132587,0,,,,,0.4565772209989518,0,official WSJT-X 3.0.2; binary SHA256 9e3c2fc14f63c4b4c4e9fcc33b386cd22daf8fe76ce724c5e37f07875e9a3dd9,<DecodeFinished>,
-32.0,-1.0,90,2026132590,0,,,,,0.059095605998663814,0,official WSJT-X 3.0.2; binary SHA256 9e3c2fc14f63c4b4c4e9fcc33b386cd22daf8fe76ce724c5e37f07875e9a3dd9,<DecodeFinished>,
-32.0,-1.0,89,2026132589,0,,,,,0.45661672099959105,0,official WSJT-X 3.0.2; binary SHA256 9e3c2fc14f63c4b4c4e9fcc33b386cd22daf8fe76ce724c5e37f07875e9a3dd9,<DecodeFinished>,
-32.0,-1.0,88,2026132588,0,,,,,0.560554133999176,0,official WSJT-X 3.0.2; binary SHA256 9e3c2fc14f63c4b4c4e9fcc33b386cd22daf8fe76ce724c5e37f07875e9a3dd9,<DecodeFinished>,
-32.0,-1.0,91,2026132591,0,,,,,0.475446683998598,0,official WSJT-X 3.0.2; binary SHA256 9e3c2fc14f63c4b4c4e9fcc33b386cd22daf8fe76ce724c5e37f07875e9a3dd9,<DecodeFinished>,
-32.0,-1.0,92,2026132592,0,,,,,0.4695272160006425,0,official WSJT-X 3.0.2; binary SHA256 9e3c2fc14f63c4b4c4e9fcc33b386cd22daf8fe76ce724c5e37f07875e9a3dd9,<DecodeFinished>,
-32.0,-1.0,96,2026132596,0,,,,,0.054091043000880745,0,official WSJT-X 3.0.2; binary SHA256 9e3c2fc14f63c4b4c4e9fcc33b386cd22daf8fe76ce724c5e37f07875e9a3dd9,<DecodeFinished>,
-32.0,-1.0,95,2026132595,0,,,,,0.06312413399973593,0,official WSJT-X 3.0.2; binary SHA256 9e3c2fc14f63c4b4c4e9fcc33b386cd22daf8fe76ce724c5e37f07875e9a3dd9,<DecodeFinished>,
-32.0,-1.0,97,2026132597,0,,,,,0.06509163100054138,0,official WSJT-X 3.0.2; binary SHA256 9e3c2fc14f63c4b4c4e9fcc33b386cd22daf8fe76ce724c5e37f07875e9a3dd9,<DecodeFinished>,
-32.0,-1.0,98,2026132598,0,,,,,0.06791717799933394,0,official WSJT-X 3.0.2; binary SHA256 9e3c2fc14f63c4b4c4e9fcc33b386cd22daf8fe76ce724c5e37f07875e9a3dd9,<DecodeFinished>,
-32.0,1.5,0,2026132500,0,,,,,0.054514510000444716,0,official WSJT-X 3.0.2; binary SHA256 9e3c2fc14f63c4b4c4e9fcc33b386cd22daf8fe76ce724c5e37f07875e9a3dd9,<DecodeFinished>,
-32.0,-1.0,99,2026132599,0,,,,,0.0630821040012961,0,official WSJT-X 3.0.2; binary SHA256 9e3c2fc14f63c4b4c4e9fcc33b386cd22daf8fe76ce724c5e37f07875e9a3dd9,<DecodeFinished>,
-32.0,-1.0,94,2026132594,0,,,,,0.4774650460003613,0,official WSJT-X 3.0.2; binary SHA256 9e3c2fc14f63c4b4c4e9fcc33b386cd22daf8fe76ce724c5e37f07875e9a3dd9,<DecodeFinished>,
-32.0,-1.0,93,2026132593,0,,,,,0.5851828659997409,0,official WSJT-X 3.0.2; binary SHA256 9e3c2fc14f63c4b4c4e9fcc33b386cd22daf8fe76ce724c5e37f07875e9a3dd9,<DecodeFinished>,
-32.0,1.5,3,2026132503,0,,,,,0.07001100100023905,0,official WSJT-X 3.0.2; binary SHA256 9e3c2fc14f63c4b4c4e9fcc33b386cd22daf8fe76ce724c5e37f07875e9a3dd9,<DecodeFinished>,
-32.0,1.5,1,2026132501,0,,,,,0.07732687800125859,0,official WSJT-X 3.0.2; binary SHA256 9e3c2fc14f63c4b4c4e9fcc33b386cd22daf8fe76ce724c5e37f07875e9a3dd9,<DecodeFinished>,
-32.0,1.5,2,2026132502,0,,,,,0.07643860799907998,0,official WSJT-X 3.0.2; binary SHA256 9e3c2fc14f63c4b4c4e9fcc33b386cd22daf8fe76ce724c5e37f07875e9a3dd9,<DecodeFinished>,
-32.0,1.5,4,2026132504,0,,,,,0.08754859100008616,0,official WSJT-X 3.0.2; binary SHA256 9e3c2fc14f63c4b4c4e9fcc33b386cd22daf8fe76ce724c5e37f07875e9a3dd9,<DecodeFinished>,
-32.0,1.5,5,2026132505,0,,,,,0.055787033001251984,0,official WSJT-X 3.0.2; binary SHA256 9e3c2fc14f63c4b4c4e9fcc33b386cd22daf8fe76ce724c5e37f07875e9a3dd9,<DecodeFinished>,
-32.0,1.5,6,2026132506,0,,,,,0.05992519400024321,0,official WSJT-X 3.0.2; binary SHA256 9e3c2fc14f63c4b4c4e9fcc33b386cd22daf8fe76ce724c5e37f07875e9a3dd9,<DecodeFinished>,
-32.0,1.5,7,2026132507,0,,,,,0.06584104699868476,0,official WSJT-X 3.0.2; binary SHA256 9e3c2fc14f63c4b4c4e9fcc33b386cd22daf8fe76ce724c5e37f07875e9a3dd9,<DecodeFinished>,
-32.0,1.5,10,2026132510,0,,,,,0.06982256399896869,0,official WSJT-X 3.0.2; binary SHA256 9e3c2fc14f63c4b4c4e9fcc33b386cd22daf8fe76ce724c5e37f07875e9a3dd9,<DecodeFinished>,
-32.0,1.5,9,2026132509,0,,,,,0.0740251539991732,0,official WSJT-X 3.0.2; binary SHA256 9e3c2fc14f63c4b4c4e9fcc33b386cd22daf8fe76ce724c5e37f07875e9a3dd9,<DecodeFinished>,
-32.0,1.5,12,2026132512,0,,,,,0.05344510299983085,0,official WSJT-X 3.0.2; binary SHA256 9e3c2fc14f63c4b4c4e9fcc33b386cd22daf8fe76ce724c5e37f07875e9a3dd9,<DecodeFinished>,
-32.0,1.5,11,2026132511,0,,,,,0.16258276700136776,0,official WSJT-X 3.0.2; binary SHA256 9e3c2fc14f63c4b4c4e9fcc33b386cd22daf8fe76ce724c5e37f07875e9a3dd9,<DecodeFinished>,
-32.0,1.5,8,2026132508,0,,,,,0.19265390299915452,0,official WSJT-X 3.0.2; binary SHA256 9e3c2fc14f63c4b4c4e9fcc33b386cd22daf8fe76ce724c5e37f07875e9a3dd9,<DecodeFinished>,
-32.0,1.5,15,2026132515,0,,,,,0.059169447000385844,0,official WSJT-X 3.0.2; binary SHA256 9e3c2fc14f63c4b4c4e9fcc33b386cd22daf8fe76ce724c5e37f07875e9a3dd9,<DecodeFinished>,
-32.0,1.5,16,2026132516,0,,,,,0.05650206199970853,0,official WSJT-X 3.0.2; binary SHA256 9e3c2fc14f63c4b4c4e9fcc33b386cd22daf8fe76ce724c5e37f07875e9a3dd9,<DecodeFinished>,
-32.0,1.5,18,2026132518,0,,,,,0.0568793860002188,0,official WSJT-X 3.0.2; binary SHA256 9e3c2fc14f63c4b4c4e9fcc33b386cd22daf8fe76ce724c5e37f07875e9a3dd9,<DecodeFinished>,
-32.0,1.5,19,2026132519,0,,,,,0.06429290600135573,0,official WSJT-X 3.0.2; binary SHA256 9e3c2fc14f63c4b4c4e9fcc33b386cd22daf8fe76ce724c5e37f07875e9a3dd9,<DecodeFinished>,
-32.0,1.5,13,2026132513,0,,,,,0.5946141730000818,0,official WSJT-X 3.0.2; binary SHA256 9e3c2fc14f63c4b4c4e9fcc33b386cd22daf8fe76ce724c5e37f07875e9a3dd9,<DecodeFinished>,
-32.0,1.5,17,2026132517,0,,,,,0.46482392600046296,0,official WSJT-X 3.0.2; binary SHA256 9e3c2fc14f63c4b4c4e9fcc33b386cd22daf8fe76ce724c5e37f07875e9a3dd9,<DecodeFinished>,
-32.0,1.5,14,2026132514,0,,,,,0.584487583999362,0,official WSJT-X 3.0.2; binary SHA256 9e3c2fc14f63c4b4c4e9fcc33b386cd22daf8fe76ce724c5e37f07875e9a3dd9,<DecodeFinished>,
-32.0,1.5,21,2026132521,0,,,,,0.05264326200085634,0,official WSJT-X 3.0.2; binary SHA256 9e3c2fc14f63c4b4c4e9fcc33b386cd22daf8fe76ce724c5e37f07875e9a3dd9,<DecodeFinished>,
-32.0,1.5,22,2026132522,0,,,,,0.06167452199952095,0,official WSJT-X 3.0.2; binary SHA256 9e3c2fc14f63c4b4c4e9fcc33b386cd22daf8fe76ce724c5e37f07875e9a3dd9,<DecodeFinished>,
-32.0,1.5,23,2026132523,0,,,,,0.059113798999533174,0,official WSJT-X 3.0.2; binary SHA256 9e3c2fc14f63c4b4c4e9fcc33b386cd22daf8fe76ce724c5e37f07875e9a3dd9,<DecodeFinished>,
-32.0,1.5,24,2026132524,0,,,,,0.0543547369998123,0,official WSJT-X 3.0.2; binary SHA256 9e3c2fc14f63c4b4c4e9fcc33b386cd22daf8fe76ce724c5e37f07875e9a3dd9,<DecodeFinished>,
-32.0,1.5,25,2026132525,0,,,,,0.062472747998981504,0,official WSJT-X 3.0.2; binary SHA256 9e3c2fc14f63c4b4c4e9fcc33b386cd22daf8fe76ce724c5e37f07875e9a3dd9,<DecodeFinished>,
-32.0,1.5,27,2026132527,0,,,,,0.05286663400147518,0,official WSJT-X 3.0.2; binary SHA256 9e3c2fc14f63c4b4c4e9fcc33b386cd22daf8fe76ce724c5e37f07875e9a3dd9,<DecodeFinished>,
-32.0,1.5,28,2026132528,0,,,,,0.055602694001208874,0,official WSJT-X 3.0.2; binary SHA256 9e3c2fc14f63c4b4c4e9fcc33b386cd22daf8fe76ce724c5e37f07875e9a3dd9,<DecodeFinished>,
-32.0,1.5,29,2026132529,0,,,,,0.05351125199922535,0,official WSJT-X 3.0.2; binary SHA256 9e3c2fc14f63c4b4c4e9fcc33b386cd22daf8fe76ce724c5e37f07875e9a3dd9,<DecodeFinished>,
-32.0,1.5,30,2026132530,0,,,,,0.05576082600055088,0,official WSJT-X 3.0.2; binary SHA256 9e3c2fc14f63c4b4c4e9fcc33b386cd22daf8fe76ce724c5e37f07875e9a3dd9,<DecodeFinished>,
-32.0,1.5,31,2026132531,0,,,,,0.05388255300022138,0,official WSJT-X 3.0.2; binary SHA256 9e3c2fc14f63c4b4c4e9fcc33b386cd22daf8fe76ce724c5e37f07875e9a3dd9,<DecodeFinished>,
-32.0,1.5,20,2026132520,0,,,,,0.5745934890001081,0,official WSJT-X 3.0.2; binary SHA256 9e3c2fc14f63c4b4c4e9fcc33b386cd22daf8fe76ce724c5e37f07875e9a3dd9,<DecodeFinished>,
-32.0,1.5,34,2026132534,0,,,,,0.049431964000177686,0,official WSJT-X 3.0.2; binary SHA256 9e3c2fc14f63c4b4c4e9fcc33b386cd22daf8fe76ce724c5e37f07875e9a3dd9,<DecodeFinished>,
-32.0,1.5,32,2026132532,0,,,,,0.052159603001200594,0,official WSJT-X 3.0.2; binary SHA256 9e3c2fc14f63c4b4c4e9fcc33b386cd22daf8fe76ce724c5e37f07875e9a3dd9,<DecodeFinished>,
-32.0,1.5,33,2026132533,0,,,,,0.053282962000594125,0,official WSJT-X 3.0.2; binary SHA256 9e3c2fc14f63c4b4c4e9fcc33b386cd22daf8fe76ce724c5e37f07875e9a3dd9,<DecodeFinished>,
-32.0,1.5,35,2026132535,0,,,,,0.05303961800018442,0,official WSJT-X 3.0.2; binary SHA256 9e3c2fc14f63c4b4c4e9fcc33b386cd22daf8fe76ce724c5e37f07875e9a3dd9,<DecodeFinished>,
-32.0,1.5,38,2026132538,0,,,,,0.053632367998943664,0,official WSJT-X 3.0.2; binary SHA256 9e3c2fc14f63c4b4c4e9fcc33b386cd22daf8fe76ce724c5e37f07875e9a3dd9,<DecodeFinished>,
-32.0,1.5,39,2026132539,0,,,,,0.0569557460003125,0,official WSJT-X 3.0.2; binary SHA256 9e3c2fc14f63c4b4c4e9fcc33b386cd22daf8fe76ce724c5e37f07875e9a3dd9,<DecodeFinished>,
-32.0,1.5,40,2026132540,0,,,,,0.05616787899998599,0,official WSJT-X 3.0.2; binary SHA256 9e3c2fc14f63c4b4c4e9fcc33b386cd22daf8fe76ce724c5e37f07875e9a3dd9,<DecodeFinished>,
-32.0,1.5,41,2026132541,0,,,,,0.0583122040006856,0,official WSJT-X 3.0.2; binary SHA256 9e3c2fc14f63c4b4c4e9fcc33b386cd22daf8fe76ce724c5e37f07875e9a3dd9,<DecodeFinished>,
-32.0,1.5,26,2026132526,0,,,,,0.5774407900007645,0,official WSJT-X 3.0.2; binary SHA256 9e3c2fc14f63c4b4c4e9fcc33b386cd22daf8fe76ce724c5e37f07875e9a3dd9,<DecodeFinished>,
-32.0,1.5,42,2026132542,0,,,,,0.16119680200063158,0,official WSJT-X 3.0.2; binary SHA256 9e3c2fc14f63c4b4c4e9fcc33b386cd22daf8fe76ce724c5e37f07875e9a3dd9,<DecodeFinished>,
-32.0,1.5,37,2026132537,0,,,,,0.4738875229995756,0,official WSJT-X 3.0.2; binary SHA256 9e3c2fc14f63c4b4c4e9fcc33b386cd22daf8fe76ce724c5e37f07875e9a3dd9,<DecodeFinished>,
-32.0,1.5,44,2026132544,0,,,,,0.05049933200098167,0,official WSJT-X 3.0.2; binary SHA256 9e3c2fc14f63c4b4c4e9fcc33b386cd22daf8fe76ce724c5e37f07875e9a3dd9,<DecodeFinished>,
-32.0,1.5,45,2026132545,0,,,,,0.05967469700044603,0,official WSJT-X 3.0.2; binary SHA256 9e3c2fc14f63c4b4c4e9fcc33b386cd22daf8fe76ce724c5e37f07875e9a3dd9,<DecodeFinished>,
-32.0,1.5,36,2026132536,0,,,,,0.5708279800001037,0,official WSJT-X 3.0.2; binary SHA256 9e3c2fc14f63c4b4c4e9fcc33b386cd22daf8fe76ce724c5e37f07875e9a3dd9,<DecodeFinished>,
-32.0,1.5,47,2026132547,0,,,,,0.05320003899942094,0,official WSJT-X 3.0.2; binary SHA256 9e3c2fc14f63c4b4c4e9fcc33b386cd22daf8fe76ce724c5e37f07875e9a3dd9,<DecodeFinished>,
-32.0,1.5,48,2026132548,0,,,,,0.053056044000186375,0,official WSJT-X 3.0.2; binary SHA256 9e3c2fc14f63c4b4c4e9fcc33b386cd22daf8fe76ce724c5e37f07875e9a3dd9,<DecodeFinished>,
-32.0,1.5,49,2026132549,0,,,,,0.05399025299993809,0,official WSJT-X 3.0.2; binary SHA256 9e3c2fc14f63c4b4c4e9fcc33b386cd22daf8fe76ce724c5e37f07875e9a3dd9,<DecodeFinished>,
-32.0,1.5,51,2026132551,0,,,,,0.15290133499911462,0,official WSJT-X 3.0.2; binary SHA256 9e3c2fc14f63c4b4c4e9fcc33b386cd22daf8fe76ce724c5e37f07875e9a3dd9,<DecodeFinished>,
-32.0,1.5,52,2026132552,0,,,,,0.04912779900041642,0,official WSJT-X 3.0.2; binary SHA256 9e3c2fc14f63c4b4c4e9fcc33b386cd22daf8fe76ce724c5e37f07875e9a3dd9,<DecodeFinished>,
-32.0,1.5,53,2026132553,0,,,,,0.05183329700048489,0,official WSJT-X 3.0.2; binary SHA256 9e3c2fc14f63c4b4c4e9fcc33b386cd22daf8fe76ce724c5e37f07875e9a3dd9,<DecodeFinished>,
-32.0,1.5,43,2026132543,0,,,,,0.5691303280000284,0,official WSJT-X 3.0.2; binary SHA256 9e3c2fc14f63c4b4c4e9fcc33b386cd22daf8fe76ce724c5e37f07875e9a3dd9,<DecodeFinished>,
-32.0,1.5,55,2026132555,0,,,,,0.05796210700100346,0,official WSJT-X 3.0.2; binary SHA256 9e3c2fc14f63c4b4c4e9fcc33b386cd22daf8fe76ce724c5e37f07875e9a3dd9,<DecodeFinished>,
-32.0,1.5,56,2026132556,0,,,,,0.05974528200022178,0,official WSJT-X 3.0.2; binary SHA256 9e3c2fc14f63c4b4c4e9fcc33b386cd22daf8fe76ce724c5e37f07875e9a3dd9,<DecodeFinished>,
-32.0,1.5,54,2026132554,0,,,,,0.15140489999976126,0,official WSJT-X 3.0.2; binary SHA256 9e3c2fc14f63c4b4c4e9fcc33b386cd22daf8fe76ce724c5e37f07875e9a3dd9,<DecodeFinished>,
-32.0,1.5,46,2026132546,0,,,,,0.5839747589998296,0,official WSJT-X 3.0.2; binary SHA256 9e3c2fc14f63c4b4c4e9fcc33b386cd22daf8fe76ce724c5e37f07875e9a3dd9,<DecodeFinished>,
-32.0,1.5,58,2026132558,0,,,,,0.05492384699937247,0,official WSJT-X 3.0.2; binary SHA256 9e3c2fc14f63c4b4c4e9fcc33b386cd22daf8fe76ce724c5e37f07875e9a3dd9,<DecodeFinished>,
-32.0,1.5,59,2026132559,0,,,,,0.0522560949993931,0,official WSJT-X 3.0.2; binary SHA256 9e3c2fc14f63c4b4c4e9fcc33b386cd22daf8fe76ce724c5e37f07875e9a3dd9,<DecodeFinished>,
-32.0,1.5,60,2026132560,0,,,,,0.051972086999739986,0,official WSJT-X 3.0.2; binary SHA256 9e3c2fc14f63c4b4c4e9fcc33b386cd22daf8fe76ce724c5e37f07875e9a3dd9,<DecodeFinished>,
-32.0,1.5,61,2026132561,0,,,,,0.05478232000132266,0,official WSJT-X 3.0.2; binary SHA256 9e3c2fc14f63c4b4c4e9fcc33b386cd22daf8fe76ce724c5e37f07875e9a3dd9,<DecodeFinished>,
-32.0,1.5,50,2026132550,0,,,,,0.5863370950009994,0,official WSJT-X 3.0.2; binary SHA256 9e3c2fc14f63c4b4c4e9fcc33b386cd22daf8fe76ce724c5e37f07875e9a3dd9,<DecodeFinished>,
-32.0,1.5,62,2026132562,0,,,,,0.054261087001577835,0,official WSJT-X 3.0.2; binary SHA256 9e3c2fc14f63c4b4c4e9fcc33b386cd22daf8fe76ce724c5e37f07875e9a3dd9,<DecodeFinished>,
-32.0,1.5,63,2026132563,0,,,,,0.06036715799928061,0,official WSJT-X 3.0.2; binary SHA256 9e3c2fc14f63c4b4c4e9fcc33b386cd22daf8fe76ce724c5e37f07875e9a3dd9,<DecodeFinished>,
-32.0,1.5,65,2026132565,0,,,,,0.0488265109997883,0,official WSJT-X 3.0.2; binary SHA256 9e3c2fc14f63c4b4c4e9fcc33b386cd22daf8fe76ce724c5e37f07875e9a3dd9,<DecodeFinished>,
-32.0,1.5,64,2026132564,0,,,,,0.052041073999134824,0,official WSJT-X 3.0.2; binary SHA256 9e3c2fc14f63c4b4c4e9fcc33b386cd22daf8fe76ce724c5e37f07875e9a3dd9,<DecodeFinished>,
-32.0,1.5,67,2026132567,0,,,,,0.054273992998787435,0,official WSJT-X 3.0.2; binary SHA256 9e3c2fc14f63c4b4c4e9fcc33b386cd22daf8fe76ce724c5e37f07875e9a3dd9,<DecodeFinished>,
-32.0,1.5,66,2026132566,0,,,,,0.1699988519994804,0,official WSJT-X 3.0.2; binary SHA256 9e3c2fc14f63c4b4c4e9fcc33b386cd22daf8fe76ce724c5e37f07875e9a3dd9,<DecodeFinished>,
-32.0,1.5,68,2026132568,0,,,,,0.15064780799912114,0,official WSJT-X 3.0.2; binary SHA256 9e3c2fc14f63c4b4c4e9fcc33b386cd22daf8fe76ce724c5e37f07875e9a3dd9,<DecodeFinished>,
-32.0,1.5,70,2026132570,0,,,,,0.05126185799963423,0,official WSJT-X 3.0.2; binary SHA256 9e3c2fc14f63c4b4c4e9fcc33b386cd22daf8fe76ce724c5e37f07875e9a3dd9,<DecodeFinished>,
-32.0,1.5,71,2026132571,0,,,,,0.05313708199901157,0,official WSJT-X 3.0.2; binary SHA256 9e3c2fc14f63c4b4c4e9fcc33b386cd22daf8fe76ce724c5e37f07875e9a3dd9,<DecodeFinished>,
-32.0,1.5,69,2026132569,0,,,,,0.17296140600046783,0,official WSJT-X 3.0.2; binary SHA256 9e3c2fc14f63c4b4c4e9fcc33b386cd22daf8fe76ce724c5e37f07875e9a3dd9,<DecodeFinished>,
-32.0,1.5,73,2026132573,0,,,,,0.05490873199960333,0,official WSJT-X 3.0.2; binary SHA256 9e3c2fc14f63c4b4c4e9fcc33b386cd22daf8fe76ce724c5e37f07875e9a3dd9,<DecodeFinished>,
-32.0,1.5,72,2026132572,0,,,,,0.05755904100078624,0,official WSJT-X 3.0.2; binary SHA256 9e3c2fc14f63c4b4c4e9fcc33b386cd22daf8fe76ce724c5e37f07875e9a3dd9,<DecodeFinished>,
-32.0,1.5,75,2026132575,0,,,,,0.051827149000018835,0,official WSJT-X 3.0.2; binary SHA256 9e3c2fc14f63c4b4c4e9fcc33b386cd22daf8fe76ce724c5e37f07875e9a3dd9,<DecodeFinished>,
-32.0,1.5,57,2026132557,0,,,,,0.5561719079996692,0,official WSJT-X 3.0.2; binary SHA256 9e3c2fc14f63c4b4c4e9fcc33b386cd22daf8fe76ce724c5e37f07875e9a3dd9,<DecodeFinished>,
-32.0,1.5,77,2026132577,0,,,,,0.05133375299919862,0,official WSJT-X 3.0.2; binary SHA256 9e3c2fc14f63c4b4c4e9fcc33b386cd22daf8fe76ce724c5e37f07875e9a3dd9,<DecodeFinished>,
-32.0,1.5,78,2026132578,0,,,,,0.05509469600110606,0,official WSJT-X 3.0.2; binary SHA256 9e3c2fc14f63c4b4c4e9fcc33b386cd22daf8fe76ce724c5e37f07875e9a3dd9,<DecodeFinished>,
-32.0,1.5,79,2026132579,0,,,,,0.055194128000948695,0,official WSJT-X 3.0.2; binary SHA256 9e3c2fc14f63c4b4c4e9fcc33b386cd22daf8fe76ce724c5e37f07875e9a3dd9,<DecodeFinished>,
-32.0,1.5,76,2026132576,0,,,,,0.16327650800121773,0,official WSJT-X 3.0.2; binary SHA256 9e3c2fc14f63c4b4c4e9fcc33b386cd22daf8fe76ce724c5e37f07875e9a3dd9,<DecodeFinished>,
-32.0,1.5,82,2026132582,0,,,,,0.04675240100004885,0,official WSJT-X 3.0.2; binary SHA256 9e3c2fc14f63c4b4c4e9fcc33b386cd22daf8fe76ce724c5e37f07875e9a3dd9,<DecodeFinished>,
-32.0,1.5,83,2026132583,0,,,,,0.061715472000287264,0,official WSJT-X 3.0.2; binary SHA256 9e3c2fc14f63c4b4c4e9fcc33b386cd22daf8fe76ce724c5e37f07875e9a3dd9,<DecodeFinished>,
-32.0,1.5,81,2026132581,0,,,,,0.1563563459985744,0,official WSJT-X 3.0.2; binary SHA256 9e3c2fc14f63c4b4c4e9fcc33b386cd22daf8fe76ce724c5e37f07875e9a3dd9,<DecodeFinished>,
-32.0,1.5,84,2026132584,0,,,,,0.052929957999367616,0,official WSJT-X 3.0.2; binary SHA256 9e3c2fc14f63c4b4c4e9fcc33b386cd22daf8fe76ce724c5e37f07875e9a3dd9,<DecodeFinished>,
-32.0,1.5,86,2026132586,0,,,,,0.04637860000002547,0,official WSJT-X 3.0.2; binary SHA256 9e3c2fc14f63c4b4c4e9fcc33b386cd22daf8fe76ce724c5e37f07875e9a3dd9,<DecodeFinished>,
-32.0,1.5,85,2026132585,0,,,,,0.06355736499972409,0,official WSJT-X 3.0.2; binary SHA256 9e3c2fc14f63c4b4c4e9fcc33b386cd22daf8fe76ce724c5e37f07875e9a3dd9,<DecodeFinished>,
-32.0,1.5,87,2026132587,0,,,,,0.05259485200076597,0,official WSJT-X 3.0.2; binary SHA256 9e3c2fc14f63c4b4c4e9fcc33b386cd22daf8fe76ce724c5e37f07875e9a3dd9,<DecodeFinished>,
-32.0,1.5,89,2026132589,0,,,,,0.047193271999276476,0,official WSJT-X 3.0.2; binary SHA256 9e3c2fc14f63c4b4c4e9fcc33b386cd22daf8fe76ce724c5e37f07875e9a3dd9,<DecodeFinished>,
-32.0,1.5,90,2026132590,0,,,,,0.052518582000629976,0,official WSJT-X 3.0.2; binary SHA256 9e3c2fc14f63c4b4c4e9fcc33b386cd22daf8fe76ce724c5e37f07875e9a3dd9,<DecodeFinished>,
-32.0,1.5,74,2026132574,0,,,,,0.5617316420011775,0,official WSJT-X 3.0.2; binary SHA256 9e3c2fc14f63c4b4c4e9fcc33b386cd22daf8fe76ce724c5e37f07875e9a3dd9,<DecodeFinished>,
-32.0,1.5,88,2026132588,0,,,,,0.15425763999883202,0,official WSJT-X 3.0.2; binary SHA256 9e3c2fc14f63c4b4c4e9fcc33b386cd22daf8fe76ce724c5e37f07875e9a3dd9,<DecodeFinished>,
-32.0,1.5,93,2026132593,0,,,,,0.04480001100091613,0,official WSJT-X 3.0.2; binary SHA256 9e3c2fc14f63c4b4c4e9fcc33b386cd22daf8fe76ce724c5e37f07875e9a3dd9,<DecodeFinished>,
-32.0,1.5,92,2026132592,0,,,,,0.1495821070002421,0,official WSJT-X 3.0.2; binary SHA256 9e3c2fc14f63c4b4c4e9fcc33b386cd22daf8fe76ce724c5e37f07875e9a3dd9,<DecodeFinished>,
-32.0,1.5,91,2026132591,0,,,,,0.15255887100101972,0,official WSJT-X 3.0.2; binary SHA256 9e3c2fc14f63c4b4c4e9fcc33b386cd22daf8fe76ce724c5e37f07875e9a3dd9,<DecodeFinished>,
-32.0,1.5,80,2026132580,0,,,,,0.5533455810000305,0,official WSJT-X 3.0.2; binary SHA256 9e3c2fc14f63c4b4c4e9fcc33b386cd22daf8fe76ce724c5e37f07875e9a3dd9,<DecodeFinished>,
-32.0,1.5,96,2026132596,0,,,,,0.05043251999995846,0,official WSJT-X 3.0.2; binary SHA256 9e3c2fc14f63c4b4c4e9fcc33b386cd22daf8fe76ce724c5e37f07875e9a3dd9,<DecodeFinished>,
-32.0,1.5,95,2026132595,0,,,,,0.0516196000007767,0,official WSJT-X 3.0.2; binary SHA256 9e3c2fc14f63c4b4c4e9fcc33b386cd22daf8fe76ce724c5e37f07875e9a3dd9,<DecodeFinished>,
-32.0,1.5,94,2026132594,0,,,,,0.15789742800006934,0,official WSJT-X 3.0.2; binary SHA256 9e3c2fc14f63c4b4c4e9fcc33b386cd22daf8fe76ce724c5e37f07875e9a3dd9,<DecodeFinished>,
-32.0,1.5,97,2026132597,0,,,,,0.058290752000175416,0,official WSJT-X 3.0.2; binary SHA256 9e3c2fc14f63c4b4c4e9fcc33b386cd22daf8fe76ce724c5e37f07875e9a3dd9,<DecodeFinished>,
-32.0,-1.5,1,2026132501,0,,,,,0.05398720599987428,0,official WSJT-X 3.0.2; binary SHA256 9e3c2fc14f63c4b4c4e9fcc33b386cd22daf8fe76ce724c5e37f07875e9a3dd9,<DecodeFinished>,
-32.0,-1.5,0,2026132500,0,,,,,0.06539480399987951,0,official WSJT-X 3.0.2; binary SHA256 9e3c2fc14f63c4b4c4e9fcc33b386cd22daf8fe76ce724c5e37f07875e9a3dd9,<DecodeFinished>,
-32.0,1.5,99,2026132599,0,,,,,0.07978232899949944,0,official WSJT-X 3.0.2; binary SHA256 9e3c2fc14f63c4b4c4e9fcc33b386cd22daf8fe76ce724c5e37f07875e9a3dd9,<DecodeFinished>,
-32.0,-1.5,3,2026132503,0,,,,,0.053240998000546824,0,official WSJT-X 3.0.2; binary SHA256 9e3c2fc14f63c4b4c4e9fcc33b386cd22daf8fe76ce724c5e37f07875e9a3dd9,<DecodeFinished>,
-32.0,-1.5,2,2026132502,0,,,,,0.05493886499971268,0,official WSJT-X 3.0.2; binary SHA256 9e3c2fc14f63c4b4c4e9fcc33b386cd22daf8fe76ce724c5e37f07875e9a3dd9,<DecodeFinished>,
-32.0,-1.5,4,2026132504,0,,,,,0.053391810000903206,0,official WSJT-X 3.0.2; binary SHA256 9e3c2fc14f63c4b4c4e9fcc33b386cd22daf8fe76ce724c5e37f07875e9a3dd9,<DecodeFinished>,
-32.0,-1.5,5,2026132505,0,,,,,0.04505894600151805,0,official WSJT-X 3.0.2; binary SHA256 9e3c2fc14f63c4b4c4e9fcc33b386cd22daf8fe76ce724c5e37f07875e9a3dd9,<DecodeFinished>,
-32.0,1.5,98,2026132598,0,,,,,0.18361306299993885,0,official WSJT-X 3.0.2; binary SHA256 9e3c2fc14f63c4b4c4e9fcc33b386cd22daf8fe76ce724c5e37f07875e9a3dd9,<DecodeFinished>,
-32.0,-1.5,9,2026132509,0,,,,,0.05008471200017084,0,official WSJT-X 3.0.2; binary SHA256 9e3c2fc14f63c4b4c4e9fcc33b386cd22daf8fe76ce724c5e37f07875e9a3dd9,<DecodeFinished>,
-32.0,-1.5,10,2026132510,0,,,,,0.052315142998850206,0,official WSJT-X 3.0.2; binary SHA256 9e3c2fc14f63c4b4c4e9fcc33b386cd22daf8fe76ce724c5e37f07875e9a3dd9,<DecodeFinished>,
-32.0,-1.5,6,2026132506,0,,,,,0.16223492600147438,0,official WSJT-X 3.0.2; binary SHA256 9e3c2fc14f63c4b4c4e9fcc33b386cd22daf8fe76ce724c5e37f07875e9a3dd9,<DecodeFinished>,
-32.0,-1.5,8,2026132508,0,,,,,0.15364283900089504,0,official WSJT-X 3.0.2; binary SHA256 9e3c2fc14f63c4b4c4e9fcc33b386cd22daf8fe76ce724c5e37f07875e9a3dd9,<DecodeFinished>,
-32.0,-1.5,12,2026132512,0,,,,,0.05374493599993002,0,official WSJT-X 3.0.2; binary SHA256 9e3c2fc14f63c4b4c4e9fcc33b386cd22daf8fe76ce724c5e37f07875e9a3dd9,<DecodeFinished>,
-32.0,-1.5,13,2026132513,0,,,,,0.15483193100044446,0,official WSJT-X 3.0.2; binary SHA256 9e3c2fc14f63c4b4c4e9fcc33b386cd22daf8fe76ce724c5e37f07875e9a3dd9,<DecodeFinished>,
-32.0,-1.5,7,2026132507,0,,,,,0.45129161899967585,0,official WSJT-X 3.0.2; binary SHA256 9e3c2fc14f63c4b4c4e9fcc33b386cd22daf8fe76ce724c5e37f07875e9a3dd9,<DecodeFinished>,
-32.0,-1.5,16,2026132516,0,,,,,0.04972730000008596,0,official WSJT-X 3.0.2; binary SHA256 9e3c2fc14f63c4b4c4e9fcc33b386cd22daf8fe76ce724c5e37f07875e9a3dd9,<DecodeFinished>,
-32.0,-1.5,15,2026132515,0,,,,,0.15965159999905154,0,official WSJT-X 3.0.2; binary SHA256 9e3c2fc14f63c4b4c4e9fcc33b386cd22daf8fe76ce724c5e37f07875e9a3dd9,<DecodeFinished>,
-32.0,-1.5,17,2026132517,0,,,,,0.061240474999067374,0,official WSJT-X 3.0.2; binary SHA256 9e3c2fc14f63c4b4c4e9fcc33b386cd22daf8fe76ce724c5e37f07875e9a3dd9,<DecodeFinished>,
-32.0,-1.5,18,2026132518,0,,,,,0.15490241699990293,0,official WSJT-X 3.0.2; binary SHA256 9e3c2fc14f63c4b4c4e9fcc33b386cd22daf8fe76ce724c5e37f07875e9a3dd9,<DecodeFinished>,
-32.0,-1.5,11,2026132511,0,,,,,0.5550180720001663,0,official WSJT-X 3.0.2; binary SHA256 9e3c2fc14f63c4b4c4e9fcc33b386cd22daf8fe76ce724c5e37f07875e9a3dd9,<DecodeFinished>,
-32.0,-1.5,19,2026132519,0,,,,,0.15413906200046767,0,official WSJT-X 3.0.2; binary SHA256 9e3c2fc14f63c4b4c4e9fcc33b386cd22daf8fe76ce724c5e37f07875e9a3dd9,<DecodeFinished>,
-32.0,-1.5,22,2026132522,0,,,,,0.05264890499893227,0,official WSJT-X 3.0.2; binary SHA256 9e3c2fc14f63c4b4c4e9fcc33b386cd22daf8fe76ce724c5e37f07875e9a3dd9,<DecodeFinished>,
-32.0,-1.5,14,2026132514,0,,,,,0.5706589990004431,0,official WSJT-X 3.0.2; binary SHA256 9e3c2fc14f63c4b4c4e9fcc33b386cd22daf8fe76ce724c5e37f07875e9a3dd9,<DecodeFinished>,
-32.0,-1.5,24,2026132524,0,,,,,0.049731544000678696,0,official WSJT-X 3.0.2; binary SHA256 9e3c2fc14f63c4b4c4e9fcc33b386cd22daf8fe76ce724c5e37f07875e9a3dd9,<DecodeFinished>,
-32.0,-1.5,23,2026132523,0,,,,,0.15800971099997696,0,official WSJT-X 3.0.2; binary SHA256 9e3c2fc14f63c4b4c4e9fcc33b386cd22daf8fe76ce724c5e37f07875e9a3dd9,<DecodeFinished>,
-32.0,-1.5,25,2026132525,0,,,,,0.15172021499893162,0,official WSJT-X 3.0.2; binary SHA256 9e3c2fc14f63c4b4c4e9fcc33b386cd22daf8fe76ce724c5e37f07875e9a3dd9,<DecodeFinished>,
-32.0,-1.5,27,2026132527,0,,,,,0.05269939199934015,0,official WSJT-X 3.0.2; binary SHA256 9e3c2fc14f63c4b4c4e9fcc33b386cd22daf8fe76ce724c5e37f07875e9a3dd9,<DecodeFinished>,
-32.0,-1.5,28,2026132528,0,,,,,0.04482685400034825,0,official WSJT-X 3.0.2; binary SHA256 9e3c2fc14f63c4b4c4e9fcc33b386cd22daf8fe76ce724c5e37f07875e9a3dd9,<DecodeFinished>,
-32.0,-1.5,29,2026132529,0,,,,,0.050258395000128075,0,official WSJT-X 3.0.2; binary SHA256 9e3c2fc14f63c4b4c4e9fcc33b386cd22daf8fe76ce724c5e37f07875e9a3dd9,<DecodeFinished>,
-32.0,-1.5,21,2026132521,0,,,,,0.4510033079986897,0,official WSJT-X 3.0.2; binary SHA256 9e3c2fc14f63c4b4c4e9fcc33b386cd22daf8fe76ce724c5e37f07875e9a3dd9,<DecodeFinished>,
-32.0,-1.5,30,2026132530,0,,,,,0.04999649500132364,0,official WSJT-X 3.0.2; binary SHA256 9e3c2fc14f63c4b4c4e9fcc33b386cd22daf8fe76ce724c5e37f07875e9a3dd9,<DecodeFinished>,
-32.0,-1.5,20,2026132520,0,,,,,0.5485048689988616,0,official WSJT-X 3.0.2; binary SHA256 9e3c2fc14f63c4b4c4e9fcc33b386cd22daf8fe76ce724c5e37f07875e9a3dd9,<DecodeFinished>,
-32.0,-1.5,32,2026132532,0,,,,,0.051944966000519344,0,official WSJT-X 3.0.2; binary SHA256 9e3c2fc14f63c4b4c4e9fcc33b386cd22daf8fe76ce724c5e37f07875e9a3dd9,<DecodeFinished>,
-32.0,-1.5,33,2026132533,0,,,,,0.05281797900170204,0,official WSJT-X 3.0.2; binary SHA256 9e3c2fc14f63c4b4c4e9fcc33b386cd22daf8fe76ce724c5e37f07875e9a3dd9,<DecodeFinished>,
-32.0,-1.5,31,2026132531,0,,,,,0.1488948079986585,0,official WSJT-X 3.0.2; binary SHA256 9e3c2fc14f63c4b4c4e9fcc33b386cd22daf8fe76ce724c5e37f07875e9a3dd9,<DecodeFinished>,
-32.0,-1.5,35,2026132535,0,,,,,0.04967163800029084,0,official WSJT-X 3.0.2; binary SHA256 9e3c2fc14f63c4b4c4e9fcc33b386cd22daf8fe76ce724c5e37f07875e9a3dd9,<DecodeFinished>,
-32.0,-1.5,26,2026132526,0,,,,,0.4584586370001489,0,official WSJT-X 3.0.2; binary SHA256 9e3c2fc14f63c4b4c4e9fcc33b386cd22daf8fe76ce724c5e37f07875e9a3dd9,<DecodeFinished>,
-32.0,-1.5,34,2026132534,0,,,,,0.15498475499953202,0,official WSJT-X 3.0.2; binary SHA256 9e3c2fc14f63c4b4c4e9fcc33b386cd22daf8fe76ce724c5e37f07875e9a3dd9,<DecodeFinished>,
-32.0,-1.5,37,2026132537,0,,,,,0.1524435210012598,0,official WSJT-X 3.0.2; binary SHA256 9e3c2fc14f63c4b4c4e9fcc33b386cd22daf8fe76ce724c5e37f07875e9a3dd9,<DecodeFinished>,
-32.0,-1.5,38,2026132538,0,,,,,0.15907189100107644,0,official WSJT-X 3.0.2; binary SHA256 9e3c2fc14f63c4b4c4e9fcc33b386cd22daf8fe76ce724c5e37f07875e9a3dd9,<DecodeFinished>,
-32.0,-1.5,41,2026132541,0,,,,,0.05998073199953069,0,official WSJT-X 3.0.2; binary SHA256 9e3c2fc14f63c4b4c4e9fcc33b386cd22daf8fe76ce724c5e37f07875e9a3dd9,<DecodeFinished>,
-32.0,-1.5,40,2026132540,0,,,,,0.16121201699934318,0,official WSJT-X 3.0.2; binary SHA256 9e3c2fc14f63c4b4c4e9fcc33b386cd22daf8fe76ce724c5e37f07875e9a3dd9,<DecodeFinished>,
-32.0,-1.5,42,2026132542,0,,,,,0.05018604500037327,0,official WSJT-X 3.0.2; binary SHA256 9e3c2fc14f63c4b4c4e9fcc33b386cd22daf8fe76ce724c5e37f07875e9a3dd9,<DecodeFinished>,
-32.0,-1.5,44,2026132544,0,,,,,0.05191709999962768,0,official WSJT-X 3.0.2; binary SHA256 9e3c2fc14f63c4b4c4e9fcc33b386cd22daf8fe76ce724c5e37f07875e9a3dd9,<DecodeFinished>,
-32.0,-1.5,43,2026132543,0,,,,,0.15867237299971748,0,official WSJT-X 3.0.2; binary SHA256 9e3c2fc14f63c4b4c4e9fcc33b386cd22daf8fe76ce724c5e37f07875e9a3dd9,<DecodeFinished>,
-32.0,-1.5,39,2026132539,0,,,,,0.4725715530003072,0,official WSJT-X 3.0.2; binary SHA256 9e3c2fc14f63c4b4c4e9fcc33b386cd22daf8fe76ce724c5e37f07875e9a3dd9,<DecodeFinished>,
-32.0,-1.5,45,2026132545,0,,,,,0.16373204500087013,0,official WSJT-X 3.0.2; binary SHA256 9e3c2fc14f63c4b4c4e9fcc33b386cd22daf8fe76ce724c5e37f07875e9a3dd9,<DecodeFinished>,
-32.0,-1.5,36,2026132536,0,,,,,0.5717887530008738,0,official WSJT-X 3.0.2; binary SHA256 9e3c2fc14f63c4b4c4e9fcc33b386cd22daf8fe76ce724c5e37f07875e9a3dd9,<DecodeFinished>,
-32.0,-1.5,47,2026132547,0,,,,,0.05234491900046123,0,official WSJT-X 3.0.2; binary SHA256 9e3c2fc14f63c4b4c4e9fcc33b386cd22daf8fe76ce724c5e37f07875e9a3dd9,<DecodeFinished>,
-32.0,-1.5,48,2026132548,0,,,,,0.04921271099919977,0,official WSJT-X 3.0.2; binary SHA256 9e3c2fc14f63c4b4c4e9fcc33b386cd22daf8fe76ce724c5e37f07875e9a3dd9,<DecodeFinished>,
-32.0,-1.5,49,2026132549,0,,,,,0.05307028000061109,0,official WSJT-X 3.0.2; binary SHA256 9e3c2fc14f63c4b4c4e9fcc33b386cd22daf8fe76ce724c5e37f07875e9a3dd9,<DecodeFinished>,
-32.0,-1.5,51,2026132551,0,,,,,0.0467182739994314,0,official WSJT-X 3.0.2; binary SHA256 9e3c2fc14f63c4b4c4e9fcc33b386cd22daf8fe76ce724c5e37f07875e9a3dd9,<DecodeFinished>,
-32.0,-1.5,52,2026132552,0,,,,,0.050659951999477926,0,official WSJT-X 3.0.2; binary SHA256 9e3c2fc14f63c4b4c4e9fcc33b386cd22daf8fe76ce724c5e37f07875e9a3dd9,<DecodeFinished>,
-32.0,-1.5,53,2026132553,0,,,,,0.052350636999108247,0,official WSJT-X 3.0.2; binary SHA256 9e3c2fc14f63c4b4c4e9fcc33b386cd22daf8fe76ce724c5e37f07875e9a3dd9,<DecodeFinished>,
-32.0,-1.5,54,2026132554,0,,,,,0.05083382600059849,0,official WSJT-X 3.0.2; binary SHA256 9e3c2fc14f63c4b4c4e9fcc33b386cd22daf8fe76ce724c5e37f07875e9a3dd9,<DecodeFinished>,
-32.0,-1.5,55,2026132555,0,,,,,0.049090476999481325,0,official WSJT-X 3.0.2; binary SHA256 9e3c2fc14f63c4b4c4e9fcc33b386cd22daf8fe76ce724c5e37f07875e9a3dd9,<DecodeFinished>,
-32.0,-1.5,56,2026132556,0,,,,,0.15939778499887325,0,official WSJT-X 3.0.2; binary SHA256 9e3c2fc14f63c4b4c4e9fcc33b386cd22daf8fe76ce724c5e37f07875e9a3dd9,<DecodeFinished>,
-32.0,-1.5,57,2026132557,0,,,,,0.16325465199952305,0,official WSJT-X 3.0.2; binary SHA256 9e3c2fc14f63c4b4c4e9fcc33b386cd22daf8fe76ce724c5e37f07875e9a3dd9,<DecodeFinished>,
-32.0,-1.5,58,2026132558,0,,,,,0.05037911599902145,0,official WSJT-X 3.0.2; binary SHA256 9e3c2fc14f63c4b4c4e9fcc33b386cd22daf8fe76ce724c5e37f07875e9a3dd9,<DecodeFinished>,
-32.0,-1.5,60,2026132560,0,,,,,0.057450164000329096,0,official WSJT-X 3.0.2; binary SHA256 9e3c2fc14f63c4b4c4e9fcc33b386cd22daf8fe76ce724c5e37f07875e9a3dd9,<DecodeFinished>,
-32.0,-1.5,46,2026132546,0,,,,,0.5637918140000693,0,official WSJT-X 3.0.2; binary SHA256 9e3c2fc14f63c4b4c4e9fcc33b386cd22daf8fe76ce724c5e37f07875e9a3dd9,<DecodeFinished>,
-32.0,-1.5,59,2026132559,0,,,,,0.15464401700046437,0,official WSJT-X 3.0.2; binary SHA256 9e3c2fc14f63c4b4c4e9fcc33b386cd22daf8fe76ce724c5e37f07875e9a3dd9,<DecodeFinished>,
-32.0,-1.5,63,2026132563,0,,,,,0.05840957400141633,0,official WSJT-X 3.0.2; binary SHA256 9e3c2fc14f63c4b4c4e9fcc33b386cd22daf8fe76ce724c5e37f07875e9a3dd9,<DecodeFinished>,
-32.0,-1.5,61,2026132561,0,,,,,0.15294931999960681,0,official WSJT-X 3.0.2; binary SHA256 9e3c2fc14f63c4b4c4e9fcc33b386cd22daf8fe76ce724c5e37f07875e9a3dd9,<DecodeFinished>,
-32.0,-1.5,50,2026132550,0,,,,,0.5654924000009487,0,official WSJT-X 3.0.2; binary SHA256 9e3c2fc14f63c4b4c4e9fcc33b386cd22daf8fe76ce724c5e37f07875e9a3dd9,<DecodeFinished>,
-32.0,-1.5,62,2026132562,0,,,,,0.165527781999117,0,official WSJT-X 3.0.2; binary SHA256 9e3c2fc14f63c4b4c4e9fcc33b386cd22daf8fe76ce724c5e37f07875e9a3dd9,<DecodeFinished>,
-32.0,-1.5,66,2026132566,0,,,,,0.0493453569997655,0,official WSJT-X 3.0.2; binary SHA256 9e3c2fc14f63c4b4c4e9fcc33b386cd22daf8fe76ce724c5e37f07875e9a3dd9,<DecodeFinished>,
-32.0,-1.5,68,2026132568,0,,,,,0.047023770999658154,0,official WSJT-X 3.0.2; binary SHA256 9e3c2fc14f63c4b4c4e9fcc33b386cd22daf8fe76ce724c5e37f07875e9a3dd9,<DecodeFinished>,
-32.0,-1.5,64,2026132564,0,,,,,0.15397219199985557,0,official WSJT-X 3.0.2; binary SHA256 9e3c2fc14f63c4b4c4e9fcc33b386cd22daf8fe76ce724c5e37f07875e9a3dd9,<DecodeFinished>,
-32.0,-1.5,65,2026132565,0,,,,,0.16126240300036443,0,official WSJT-X 3.0.2; binary SHA256 9e3c2fc14f63c4b4c4e9fcc33b386cd22daf8fe76ce724c5e37f07875e9a3dd9,<DecodeFinished>,
-32.0,-1.5,67,2026132567,0,,,,,0.14826174099835043,0,official WSJT-X 3.0.2; binary SHA256 9e3c2fc14f63c4b4c4e9fcc33b386cd22daf8fe76ce724c5e37f07875e9a3dd9,<DecodeFinished>,
-32.0,-1.5,71,2026132571,0,,,,,0.04833809999945515,0,official WSJT-X 3.0.2; binary SHA256 9e3c2fc14f63c4b4c4e9fcc33b386cd22daf8fe76ce724c5e37f07875e9a3dd9,<DecodeFinished>,
-32.0,-1.5,72,2026132572,0,,,,,0.04683560900048178,0,official WSJT-X 3.0.2; binary SHA256 9e3c2fc14f63c4b4c4e9fcc33b386cd22daf8fe76ce724c5e37f07875e9a3dd9,<DecodeFinished>,
-32.0,-1.5,73,2026132573,0,,,,,0.04712515000028361,0,official WSJT-X 3.0.2; binary SHA256 9e3c2fc14f63c4b4c4e9fcc33b386cd22daf8fe76ce724c5e37f07875e9a3dd9,<DecodeFinished>,
-32.0,-1.5,70,2026132570,0,,,,,0.14777435999894806,0,official WSJT-X 3.0.2; binary SHA256 9e3c2fc14f63c4b4c4e9fcc33b386cd22daf8fe76ce724c5e37f07875e9a3dd9,<DecodeFinished>,
-32.0,-1.5,75,2026132575,0,,,,,0.04692006799996307,0,official WSJT-X 3.0.2; binary SHA256 9e3c2fc14f63c4b4c4e9fcc33b386cd22daf8fe76ce724c5e37f07875e9a3dd9,<DecodeFinished>,
-32.0,-1.5,76,2026132576,0,,,,,0.05632720699941274,0,official WSJT-X 3.0.2; binary SHA256 9e3c2fc14f63c4b4c4e9fcc33b386cd22daf8fe76ce724c5e37f07875e9a3dd9,<DecodeFinished>,
-32.0,-1.5,77,2026132577,0,,,,,0.06017895399963891,0,official WSJT-X 3.0.2; binary SHA256 9e3c2fc14f63c4b4c4e9fcc33b386cd22daf8fe76ce724c5e37f07875e9a3dd9,<DecodeFinished>,
-32.0,-1.5,79,2026132579,0,,,,,0.05333647800034669,0,official WSJT-X 3.0.2; binary SHA256 9e3c2fc14f63c4b4c4e9fcc33b386cd22daf8fe76ce724c5e37f07875e9a3dd9,<DecodeFinished>,
-32.0,-1.5,78,2026132578,0,,,,,0.160632742999951,0,official WSJT-X 3.0.2; binary SHA256 9e3c2fc14f63c4b4c4e9fcc33b386cd22daf8fe76ce724c5e37f07875e9a3dd9,<DecodeFinished>,
-32.0,-1.5,81,2026132581,0,,,,,0.051188244000513805,0,official WSJT-X 3.0.2; binary SHA256 9e3c2fc14f63c4b4c4e9fcc33b386cd22daf8fe76ce724c5e37f07875e9a3dd9,<DecodeFinished>,
-32.0,-1.5,82,2026132582,0,,,,,0.05359807500099123,0,official WSJT-X 3.0.2; binary SHA256 9e3c2fc14f63c4b4c4e9fcc33b386cd22daf8fe76ce724c5e37f07875e9a3dd9,<DecodeFinished>,
-32.0,-1.5,83,2026132583,0,,,,,0.05327086500074074,0,official WSJT-X 3.0.2; binary SHA256 9e3c2fc14f63c4b4c4e9fcc33b386cd22daf8fe76ce724c5e37f07875e9a3dd9,<DecodeFinished>,
-32.0,-1.5,69,2026132569,0,,,,,0.5615819660015404,0,official WSJT-X 3.0.2; binary SHA256 9e3c2fc14f63c4b4c4e9fcc33b386cd22daf8fe76ce724c5e37f07875e9a3dd9,<DecodeFinished>,
-32.0,-1.5,84,2026132584,0,,,,,0.05229549700015923,0,official WSJT-X 3.0.2; binary SHA256 9e3c2fc14f63c4b4c4e9fcc33b386cd22daf8fe76ce724c5e37f07875e9a3dd9,<DecodeFinished>,
-32.0,-1.5,85,2026132585,0,,,,,0.05191400399962731,0,official WSJT-X 3.0.2; binary SHA256 9e3c2fc14f63c4b4c4e9fcc33b386cd22daf8fe76ce724c5e37f07875e9a3dd9,<DecodeFinished>,
-32.0,-1.5,87,2026132587,0,,,,,0.04601642499983427,0,official WSJT-X 3.0.2; binary SHA256 9e3c2fc14f63c4b4c4e9fcc33b386cd22daf8fe76ce724c5e37f07875e9a3dd9,<DecodeFinished>,
-32.0,-1.5,74,2026132574,0,,,,,0.5608379109999078,0,official WSJT-X 3.0.2; binary SHA256 9e3c2fc14f63c4b4c4e9fcc33b386cd22daf8fe76ce724c5e37f07875e9a3dd9,<DecodeFinished>,
-32.0,-1.5,89,2026132589,0,,,,,0.05934995600000548,0,official WSJT-X 3.0.2; binary SHA256 9e3c2fc14f63c4b4c4e9fcc33b386cd22daf8fe76ce724c5e37f07875e9a3dd9,<DecodeFinished>,
-32.0,-1.5,90,2026132590,0,,,,,0.054687941999873146,0,official WSJT-X 3.0.2; binary SHA256 9e3c2fc14f63c4b4c4e9fcc33b386cd22daf8fe76ce724c5e37f07875e9a3dd9,<DecodeFinished>,
-32.0,-1.5,88,2026132588,0,,,,,0.15634887499982142,0,official WSJT-X 3.0.2; binary SHA256 9e3c2fc14f63c4b4c4e9fcc33b386cd22daf8fe76ce724c5e37f07875e9a3dd9,<DecodeFinished>,
-32.0,-1.5,80,2026132580,0,,,,,0.5468982349993894,0,official WSJT-X 3.0.2; binary SHA256 9e3c2fc14f63c4b4c4e9fcc33b386cd22daf8fe76ce724c5e37f07875e9a3dd9,<DecodeFinished>,
-32.0,-1.5,92,2026132592,0,,,,,0.047864907999610296,0,official WSJT-X 3.0.2; binary SHA256 9e3c2fc14f63c4b4c4e9fcc33b386cd22daf8fe76ce724c5e37f07875e9a3dd9,<DecodeFinished>,
-32.0,-1.5,91,2026132591,0,,,,,0.06408875399938552,0,official WSJT-X 3.0.2; binary SHA256 9e3c2fc14f63c4b4c4e9fcc33b386cd22daf8fe76ce724c5e37f07875e9a3dd9,<DecodeFinished>,
-32.0,-1.5,94,2026132594,0,,,,,0.05406496100113145,0,official WSJT-X 3.0.2; binary SHA256 9e3c2fc14f63c4b4c4e9fcc33b386cd22daf8fe76ce724c5e37f07875e9a3dd9,<DecodeFinished>,
-32.0,-1.5,95,2026132595,0,,,,,0.04696335100015858,0,official WSJT-X 3.0.2; binary SHA256 9e3c2fc14f63c4b4c4e9fcc33b386cd22daf8fe76ce724c5e37f07875e9a3dd9,<DecodeFinished>,
-32.0,-1.5,97,2026132597,0,,,,,0.04527942099957727,0,official WSJT-X 3.0.2; binary SHA256 9e3c2fc14f63c4b4c4e9fcc33b386cd22daf8fe76ce724c5e37f07875e9a3dd9,<DecodeFinished>,
-32.0,-1.5,96,2026132596,0,,,,,0.05930124699989392,0,official WSJT-X 3.0.2; binary SHA256 9e3c2fc14f63c4b4c4e9fcc33b386cd22daf8fe76ce724c5e37f07875e9a3dd9,<DecodeFinished>,
-32.0,-1.5,93,2026132593,0,,,,,0.15047150400096143,0,official WSJT-X 3.0.2; binary SHA256 9e3c2fc14f63c4b4c4e9fcc33b386cd22daf8fe76ce724c5e37f07875e9a3dd9,<DecodeFinished>,
-32.0,-1.5,98,2026132598,0,,,,,0.05962340400037647,0,official WSJT-X 3.0.2; binary SHA256 9e3c2fc14f63c4b4c4e9fcc33b386cd22daf8fe76ce724c5e37f07875e9a3dd9,<DecodeFinished>,
-32.0,2.0,1,2026132501,0,,,,,0.05234708899843099,0,official WSJT-X 3.0.2; binary SHA256 9e3c2fc14f63c4b4c4e9fcc33b386cd22daf8fe76ce724c5e37f07875e9a3dd9,<DecodeFinished>,
-32.0,2.0,2,2026132502,0,,,,,0.049721781999323866,0,official WSJT-X 3.0.2; binary SHA256 9e3c2fc14f63c4b4c4e9fcc33b386cd22daf8fe76ce724c5e37f07875e9a3dd9,<DecodeFinished>,
-32.0,-1.5,99,2026132599,0,,,,,0.16389217699907022,0,official WSJT-X 3.0.2; binary SHA256 9e3c2fc14f63c4b4c4e9fcc33b386cd22daf8fe76ce724c5e37f07875e9a3dd9,<DecodeFinished>,
-32.0,2.0,0,2026132500,0,,,,,0.15152409900110797,0,official WSJT-X 3.0.2; binary SHA256 9e3c2fc14f63c4b4c4e9fcc33b386cd22daf8fe76ce724c5e37f07875e9a3dd9,<DecodeFinished>,
-32.0,-1.5,86,2026132586,0,,,,,0.5578057279999484,0,official WSJT-X 3.0.2; binary SHA256 9e3c2fc14f63c4b4c4e9fcc33b386cd22daf8fe76ce724c5e37f07875e9a3dd9,<DecodeFinished>,
-32.0,2.0,5,2026132505,0,,,,,0.052010914998390945,0,official WSJT-X 3.0.2; binary SHA256 9e3c2fc14f63c4b4c4e9fcc33b386cd22daf8fe76ce724c5e37f07875e9a3dd9,<DecodeFinished>,
-32.0,2.0,4,2026132504,0,,,,,0.05691445099910197,0,official WSJT-X 3.0.2; binary SHA256 9e3c2fc14f63c4b4c4e9fcc33b386cd22daf8fe76ce724c5e37f07875e9a3dd9,<DecodeFinished>,
-32.0,2.0,6,2026132506,0,,,,,0.04380667700024787,0,official WSJT-X 3.0.2; binary SHA256 9e3c2fc14f63c4b4c4e9fcc33b386cd22daf8fe76ce724c5e37f07875e9a3dd9,<DecodeFinished>,
-32.0,2.0,7,2026132507,0,,,,,0.05798794899965287,0,official WSJT-X 3.0.2; binary SHA256 9e3c2fc14f63c4b4c4e9fcc33b386cd22daf8fe76ce724c5e37f07875e9a3dd9,<DecodeFinished>,
-32.0,2.0,3,2026132503,0,,,,,0.17446464200111222,0,official WSJT-X 3.0.2; binary SHA256 9e3c2fc14f63c4b4c4e9fcc33b386cd22daf8fe76ce724c5e37f07875e9a3dd9,<DecodeFinished>,
-32.0,2.0,10,2026132510,0,,,,,0.06755124300070747,0,official WSJT-X 3.0.2; binary SHA256 9e3c2fc14f63c4b4c4e9fcc33b386cd22daf8fe76ce724c5e37f07875e9a3dd9,<DecodeFinished>,
-32.0,2.0,8,2026132508,0,,,,,0.15940781000062998,0,official WSJT-X 3.0.2; binary SHA256 9e3c2fc14f63c4b4c4e9fcc33b386cd22daf8fe76ce724c5e37f07875e9a3dd9,<DecodeFinished>,
-32.0,2.0,9,2026132509,0,,,,,0.16762869900048827,0,official WSJT-X 3.0.2; binary SHA256 9e3c2fc14f63c4b4c4e9fcc33b386cd22daf8fe76ce724c5e37f07875e9a3dd9,<DecodeFinished>,
-32.0,2.0,12,2026132512,0,,,,,0.04872960099964985,0,official WSJT-X 3.0.2; binary SHA256 9e3c2fc14f63c4b4c4e9fcc33b386cd22daf8fe76ce724c5e37f07875e9a3dd9,<DecodeFinished>,
-32.0,2.0,13,2026132513,0,,,,,0.05295141999886255,0,official WSJT-X 3.0.2; binary SHA256 9e3c2fc14f63c4b4c4e9fcc33b386cd22daf8fe76ce724c5e37f07875e9a3dd9,<DecodeFinished>,
-32.0,2.0,15,2026132515,0,,,,,0.047496903000137536,0,official WSJT-X 3.0.2; binary SHA256 9e3c2fc14f63c4b4c4e9fcc33b386cd22daf8fe76ce724c5e37f07875e9a3dd9,<DecodeFinished>,
-32.0,2.0,14,2026132514,0,,,,,0.060406540000258246,0,official WSJT-X 3.0.2; binary SHA256 9e3c2fc14f63c4b4c4e9fcc33b386cd22daf8fe76ce724c5e37f07875e9a3dd9,<DecodeFinished>,
-32.0,2.0,11,2026132511,0,,,,,0.14990574900002684,0,official WSJT-X 3.0.2; binary SHA256 9e3c2fc14f63c4b4c4e9fcc33b386cd22daf8fe76ce724c5e37f07875e9a3dd9,<DecodeFinished>,
-32.0,2.0,16,2026132516,0,,,,,0.06670517300153733,0,official WSJT-X 3.0.2; binary SHA256 9e3c2fc14f63c4b4c4e9fcc33b386cd22daf8fe76ce724c5e37f07875e9a3dd9,<DecodeFinished>,
-32.0,2.0,17,2026132517,0,,,,,0.05809856599989871,0,official WSJT-X 3.0.2; binary SHA256 9e3c2fc14f63c4b4c4e9fcc33b386cd22daf8fe76ce724c5e37f07875e9a3dd9,<DecodeFinished>,
-32.0,2.0,18,2026132518,0,,,,,0.0497765910004091,0,official WSJT-X 3.0.2; binary SHA256 9e3c2fc14f63c4b4c4e9fcc33b386cd22daf8fe76ce724c5e37f07875e9a3dd9,<DecodeFinished>,
-32.0,2.0,20,2026132520,0,,,,,0.0536432410008274,0,official WSJT-X 3.0.2; binary SHA256 9e3c2fc14f63c4b4c4e9fcc33b386cd22daf8fe76ce724c5e37f07875e9a3dd9,<DecodeFinished>,
-32.0,2.0,21,2026132521,0,,,,,0.05707949400130019,0,official WSJT-X 3.0.2; binary SHA256 9e3c2fc14f63c4b4c4e9fcc33b386cd22daf8fe76ce724c5e37f07875e9a3dd9,<DecodeFinished>,
-32.0,2.0,19,2026132519,0,,,,,0.08548719500140578,0,official WSJT-X 3.0.2; binary SHA256 9e3c2fc14f63c4b4c4e9fcc33b386cd22daf8fe76ce724c5e37f07875e9a3dd9,<DecodeFinished>,
-32.0,2.0,25,2026132525,0,,,,,0.04680596800062631,0,official WSJT-X 3.0.2; binary SHA256 9e3c2fc14f63c4b4c4e9fcc33b386cd22daf8fe76ce724c5e37f07875e9a3dd9,<DecodeFinished>,
-32.0,2.0,23,2026132523,0,,,,,0.0547133810014202,0,official WSJT-X 3.0.2; binary SHA256 9e3c2fc14f63c4b4c4e9fcc33b386cd22daf8fe76ce724c5e37f07875e9a3dd9,<DecodeFinished>,
-32.0,2.0,27,2026132527,0,,,,,0.05366618600055517,0,official WSJT-X 3.0.2; binary SHA256 9e3c2fc14f63c4b4c4e9fcc33b386cd22daf8fe76ce724c5e37f07875e9a3dd9,<DecodeFinished>,
-32.0,2.0,22,2026132522,0,,,,,0.16588083299939171,0,official WSJT-X 3.0.2; binary SHA256 9e3c2fc14f63c4b4c4e9fcc33b386cd22daf8fe76ce724c5e37f07875e9a3dd9,<DecodeFinished>,
-32.0,2.0,24,2026132524,0,,,,,0.1530858750011248,0,official WSJT-X 3.0.2; binary SHA256 9e3c2fc14f63c4b4c4e9fcc33b386cd22daf8fe76ce724c5e37f07875e9a3dd9,<DecodeFinished>,
-32.0,2.0,28,2026132528,0,,,,,0.05284207200020319,0,official WSJT-X 3.0.2; binary SHA256 9e3c2fc14f63c4b4c4e9fcc33b386cd22daf8fe76ce724c5e37f07875e9a3dd9,<DecodeFinished>,
-32.0,2.0,29,2026132529,0,,,,,0.056926957000541734,0,official WSJT-X 3.0.2; binary SHA256 9e3c2fc14f63c4b4c4e9fcc33b386cd22daf8fe76ce724c5e37f07875e9a3dd9,<DecodeFinished>,
-32.0,2.0,26,2026132526,0,,,,,0.15317983900058607,0,official WSJT-X 3.0.2; binary SHA256 9e3c2fc14f63c4b4c4e9fcc33b386cd22daf8fe76ce724c5e37f07875e9a3dd9,<DecodeFinished>,
-32.0,2.0,30,2026132530,0,,,,,0.050253752000571694,0,official WSJT-X 3.0.2; binary SHA256 9e3c2fc14f63c4b4c4e9fcc33b386cd22daf8fe76ce724c5e37f07875e9a3dd9,<DecodeFinished>,
-32.0,2.0,31,2026132531,0,,,,,0.05100308100008988,0,official WSJT-X 3.0.2; binary SHA256 9e3c2fc14f63c4b4c4e9fcc33b386cd22daf8fe76ce724c5e37f07875e9a3dd9,<DecodeFinished>,
-32.0,2.0,32,2026132532,0,,,,,0.048286080000252696,0,official WSJT-X 3.0.2; binary SHA256 9e3c2fc14f63c4b4c4e9fcc33b386cd22daf8fe76ce724c5e37f07875e9a3dd9,<DecodeFinished>,
-32.0,2.0,35,2026132535,0,,,,,0.06923105200075952,0,official WSJT-X 3.0.2; binary SHA256 9e3c2fc14f63c4b4c4e9fcc33b386cd22daf8fe76ce724c5e37f07875e9a3dd9,<DecodeFinished>,
-32.0,2.0,33,2026132533,0,,,,,0.07889880199945765,0,official WSJT-X 3.0.2; binary SHA256 9e3c2fc14f63c4b4c4e9fcc33b386cd22daf8fe76ce724c5e37f07875e9a3dd9,<DecodeFinished>,
-32.0,2.0,38,2026132538,0,,,,,0.05657388000145147,0,official WSJT-X 3.0.2; binary SHA256 9e3c2fc14f63c4b4c4e9fcc33b386cd22daf8fe76ce724c5e37f07875e9a3dd9,<DecodeFinished>,
-32.0,2.0,36,2026132536,0,,,,,0.16435310300039419,0,official WSJT-X 3.0.2; binary SHA256 9e3c2fc14f63c4b4c4e9fcc33b386cd22daf8fe76ce724c5e37f07875e9a3dd9,<DecodeFinished>,
-32.0,2.0,34,2026132534,0,,,,,0.18435381699964637,0,official WSJT-X 3.0.2; binary SHA256 9e3c2fc14f63c4b4c4e9fcc33b386cd22daf8fe76ce724c5e37f07875e9a3dd9,<DecodeFinished>,
-32.0,2.0,40,2026132540,0,,,,,0.04955209599938826,0,official WSJT-X 3.0.2; binary SHA256 9e3c2fc14f63c4b4c4e9fcc33b386cd22daf8fe76ce724c5e37f07875e9a3dd9,<DecodeFinished>,
-32.0,2.0,37,2026132537,0,,,,,0.15740948700113222,0,official WSJT-X 3.0.2; binary SHA256 9e3c2fc14f63c4b4c4e9fcc33b386cd22daf8fe76ce724c5e37f07875e9a3dd9,<DecodeFinished>,
-32.0,2.0,41,2026132541,0,,,,,0.04939237399958074,0,official WSJT-X 3.0.2; binary SHA256 9e3c2fc14f63c4b4c4e9fcc33b386cd22daf8fe76ce724c5e37f07875e9a3dd9,<DecodeFinished>,
-32.0,2.0,44,2026132544,0,,,,,0.049095554000814445,0,official WSJT-X 3.0.2; binary SHA256 9e3c2fc14f63c4b4c4e9fcc33b386cd22daf8fe76ce724c5e37f07875e9a3dd9,<DecodeFinished>,
-32.0,2.0,39,2026132539,0,,,,,0.16272328500053845,0,official WSJT-X 3.0.2; binary SHA256 9e3c2fc14f63c4b4c4e9fcc33b386cd22daf8fe76ce724c5e37f07875e9a3dd9,<DecodeFinished>,
-32.0,2.0,43,2026132543,0,,,,,0.14252404800026852,0,official WSJT-X 3.0.2; binary SHA256 9e3c2fc14f63c4b4c4e9fcc33b386cd22daf8fe76ce724c5e37f07875e9a3dd9,<DecodeFinished>,
-32.0,2.0,42,2026132542,0,,,,,0.15392415699898265,0,official WSJT-X 3.0.2; binary SHA256 9e3c2fc14f63c4b4c4e9fcc33b386cd22daf8fe76ce724c5e37f07875e9a3dd9,<DecodeFinished>,
-32.0,2.0,47,2026132547,0,,,,,0.04658998699960648,0,official WSJT-X 3.0.2; binary SHA256 9e3c2fc14f63c4b4c4e9fcc33b386cd22daf8fe76ce724c5e37f07875e9a3dd9,<DecodeFinished>,
-32.0,2.0,45,2026132545,0,,,,,0.14969242799998028,0,official WSJT-X 3.0.2; binary SHA256 9e3c2fc14f63c4b4c4e9fcc33b386cd22daf8fe76ce724c5e37f07875e9a3dd9,<DecodeFinished>,
-32.0,2.0,49,2026132549,0,,,,,0.057772164000198245,0,official WSJT-X 3.0.2; binary SHA256 9e3c2fc14f63c4b4c4e9fcc33b386cd22daf8fe76ce724c5e37f07875e9a3dd9,<DecodeFinished>,
-32.0,2.0,48,2026132548,0,,,,,0.14558419300010428,0,official WSJT-X 3.0.2; binary SHA256 9e3c2fc14f63c4b4c4e9fcc33b386cd22daf8fe76ce724c5e37f07875e9a3dd9,<DecodeFinished>,
-32.0,2.0,52,2026132552,0,,,,,0.053756875999170006,0,official WSJT-X 3.0.2; binary SHA256 9e3c2fc14f63c4b4c4e9fcc33b386cd22daf8fe76ce724c5e37f07875e9a3dd9,<DecodeFinished>,
-32.0,2.0,50,2026132550,0,,,,,0.1617353389992786,0,official WSJT-X 3.0.2; binary SHA256 9e3c2fc14f63c4b4c4e9fcc33b386cd22daf8fe76ce724c5e37f07875e9a3dd9,<DecodeFinished>,
-32.0,2.0,53,2026132553,0,,,,,0.050785094001184916,0,official WSJT-X 3.0.2; binary SHA256 9e3c2fc14f63c4b4c4e9fcc33b386cd22daf8fe76ce724c5e37f07875e9a3dd9,<DecodeFinished>,
-32.0,2.0,51,2026132551,0,,,,,0.1559045750000223,0,official WSJT-X 3.0.2; binary SHA256 9e3c2fc14f63c4b4c4e9fcc33b386cd22daf8fe76ce724c5e37f07875e9a3dd9,<DecodeFinished>,
-32.0,2.0,55,2026132555,0,,,,,0.053080435000083526,0,official WSJT-X 3.0.2; binary SHA256 9e3c2fc14f63c4b4c4e9fcc33b386cd22daf8fe76ce724c5e37f07875e9a3dd9,<DecodeFinished>,
-32.0,2.0,46,2026132546,0,,,,,0.44244563299980655,0,official WSJT-X 3.0.2; binary SHA256 9e3c2fc14f63c4b4c4e9fcc33b386cd22daf8fe76ce724c5e37f07875e9a3dd9,<DecodeFinished>,
-32.0,2.0,54,2026132554,0,,,,,0.15782164399934118,0,official WSJT-X 3.0.2; binary SHA256 9e3c2fc14f63c4b4c4e9fcc33b386cd22daf8fe76ce724c5e37f07875e9a3dd9,<DecodeFinished>,
-32.0,2.0,56,2026132556,0,,,,,0.15325278999989678,0,official WSJT-X 3.0.2; binary SHA256 9e3c2fc14f63c4b4c4e9fcc33b386cd22daf8fe76ce724c5e37f07875e9a3dd9,<DecodeFinished>,
-32.0,2.0,58,2026132558,0,,,,,0.054348530999050126,0,official WSJT-X 3.0.2; binary SHA256 9e3c2fc14f63c4b4c4e9fcc33b386cd22daf8fe76ce724c5e37f07875e9a3dd9,<DecodeFinished>,
-32.0,2.0,59,2026132559,0,,,,,0.05513552100092056,0,official WSJT-X 3.0.2; binary SHA256 9e3c2fc14f63c4b4c4e9fcc33b386cd22daf8fe76ce724c5e37f07875e9a3dd9,<DecodeFinished>,
-32.0,2.0,57,2026132557,0,,,,,0.15169246400000702,0,official WSJT-X 3.0.2; binary SHA256 9e3c2fc14f63c4b4c4e9fcc33b386cd22daf8fe76ce724c5e37f07875e9a3dd9,<DecodeFinished>,
-32.0,2.0,60,2026132560,0,,,,,0.05628900100055034,0,official WSJT-X 3.0.2; binary SHA256 9e3c2fc14f63c4b4c4e9fcc33b386cd22daf8fe76ce724c5e37f07875e9a3dd9,<DecodeFinished>,
-32.0,2.0,61,2026132561,0,,,,,0.05280593399947975,0,official WSJT-X 3.0.2; binary SHA256 9e3c2fc14f63c4b4c4e9fcc33b386cd22daf8fe76ce724c5e37f07875e9a3dd9,<DecodeFinished>,
-32.0,2.0,62,2026132562,0,,,,,0.08870866799952637,0,official WSJT-X 3.0.2; binary SHA256 9e3c2fc14f63c4b4c4e9fcc33b386cd22daf8fe76ce724c5e37f07875e9a3dd9,<DecodeFinished>,
-32.0,2.0,63,2026132563,0,,,,,0.06101604700052121,0,official WSJT-X 3.0.2; binary SHA256 9e3c2fc14f63c4b4c4e9fcc33b386cd22daf8fe76ce724c5e37f07875e9a3dd9,<DecodeFinished>,
-32.0,2.0,64,2026132564,0,,,,,0.0541268669985584,0,official WSJT-X 3.0.2; binary SHA256 9e3c2fc14f63c4b4c4e9fcc33b386cd22daf8fe76ce724c5e37f07875e9a3dd9,<DecodeFinished>,
-32.0,2.0,65,2026132565,0,,,,,0.0616747240001132,0,official WSJT-X 3.0.2; binary SHA256 9e3c2fc14f63c4b4c4e9fcc33b386cd22daf8fe76ce724c5e37f07875e9a3dd9,<DecodeFinished>,
-32.0,2.0,67,2026132567,0,,,,,0.0682125969997287,0,official WSJT-X 3.0.2; binary SHA256 9e3c2fc14f63c4b4c4e9fcc33b386cd22daf8fe76ce724c5e37f07875e9a3dd9,<DecodeFinished>,
-32.0,2.0,69,2026132569,0,,,,,0.06826640500003123,0,official WSJT-X 3.0.2; binary SHA256 9e3c2fc14f63c4b4c4e9fcc33b386cd22daf8fe76ce724c5e37f07875e9a3dd9,<DecodeFinished>,
-32.0,2.0,70,2026132570,0,,,,,0.04774531400107662,0,official WSJT-X 3.0.2; binary SHA256 9e3c2fc14f63c4b4c4e9fcc33b386cd22daf8fe76ce724c5e37f07875e9a3dd9,<DecodeFinished>,
-32.0,2.0,71,2026132571,0,,,,,0.051493634999133064,0,official WSJT-X 3.0.2; binary SHA256 9e3c2fc14f63c4b4c4e9fcc33b386cd22daf8fe76ce724c5e37f07875e9a3dd9,<DecodeFinished>,
-32.0,2.0,72,2026132572,0,,,,,0.045284982999874046,0,official WSJT-X 3.0.2; binary SHA256 9e3c2fc14f63c4b4c4e9fcc33b386cd22daf8fe76ce724c5e37f07875e9a3dd9,<DecodeFinished>,
-32.0,2.0,68,2026132568,0,,,,,0.17438349800067954,0,official WSJT-X 3.0.2; binary SHA256 9e3c2fc14f63c4b4c4e9fcc33b386cd22daf8fe76ce724c5e37f07875e9a3dd9,<DecodeFinished>,
-32.0,2.0,66,2026132566,0,,,,,0.1798569350012258,0,official WSJT-X 3.0.2; binary SHA256 9e3c2fc14f63c4b4c4e9fcc33b386cd22daf8fe76ce724c5e37f07875e9a3dd9,<DecodeFinished>,
-32.0,2.0,73,2026132573,0,,,,,0.05574566799987224,0,official WSJT-X 3.0.2; binary SHA256 9e3c2fc14f63c4b4c4e9fcc33b386cd22daf8fe76ce724c5e37f07875e9a3dd9,<DecodeFinished>,
-32.0,2.0,75,2026132575,0,,,,,0.06157238000014331,0,official WSJT-X 3.0.2; binary SHA256 9e3c2fc14f63c4b4c4e9fcc33b386cd22daf8fe76ce724c5e37f07875e9a3dd9,<DecodeFinished>,
-32.0,2.0,74,2026132574,0,,,,,0.0761381270003767,0,official WSJT-X 3.0.2; binary SHA256 9e3c2fc14f63c4b4c4e9fcc33b386cd22daf8fe76ce724c5e37f07875e9a3dd9,<DecodeFinished>,
-32.0,2.0,76,2026132576,0,,,,,0.06445783100025437,0,official WSJT-X 3.0.2; binary SHA256 9e3c2fc14f63c4b4c4e9fcc33b386cd22daf8fe76ce724c5e37f07875e9a3dd9,<DecodeFinished>,
-32.0,2.0,77,2026132577,0,,,,,0.05824284399932367,0,official WSJT-X 3.0.2; binary SHA256 9e3c2fc14f63c4b4c4e9fcc33b386cd22daf8fe76ce724c5e37f07875e9a3dd9,<DecodeFinished>,
-32.0,2.0,79,2026132579,0,,,,,0.069576045998474,0,official WSJT-X 3.0.2; binary SHA256 9e3c2fc14f63c4b4c4e9fcc33b386cd22daf8fe76ce724c5e37f07875e9a3dd9,<DecodeFinished>,
-32.0,2.0,81,2026132581,0,,,,,0.06476794700029131,0,official WSJT-X 3.0.2; binary SHA256 9e3c2fc14f63c4b4c4e9fcc33b386cd22daf8fe76ce724c5e37f07875e9a3dd9,<DecodeFinished>,
-32.0,2.0,82,2026132582,0,,,,,0.04849813399960112,0,official WSJT-X 3.0.2; binary SHA256 9e3c2fc14f63c4b4c4e9fcc33b386cd22daf8fe76ce724c5e37f07875e9a3dd9,<DecodeFinished>,
-32.0,2.0,83,2026132583,0,,,,,0.05290301700006239,0,official WSJT-X 3.0.2; binary SHA256 9e3c2fc14f63c4b4c4e9fcc33b386cd22daf8fe76ce724c5e37f07875e9a3dd9,<DecodeFinished>,
-32.0,2.0,84,2026132584,0,,,,,0.05331478999869432,0,official WSJT-X 3.0.2; binary SHA256 9e3c2fc14f63c4b4c4e9fcc33b386cd22daf8fe76ce724c5e37f07875e9a3dd9,<DecodeFinished>,
-32.0,2.0,78,2026132578,0,,,,,0.1805186080000567,0,official WSJT-X 3.0.2; binary SHA256 9e3c2fc14f63c4b4c4e9fcc33b386cd22daf8fe76ce724c5e37f07875e9a3dd9,<DecodeFinished>,
-32.0,2.0,85,2026132585,0,,,,,0.058293432999562356,0,official WSJT-X 3.0.2; binary SHA256 9e3c2fc14f63c4b4c4e9fcc33b386cd22daf8fe76ce724c5e37f07875e9a3dd9,<DecodeFinished>,
-32.0,2.0,87,2026132587,0,,,,,0.05644688600114023,0,official WSJT-X 3.0.2; binary SHA256 9e3c2fc14f63c4b4c4e9fcc33b386cd22daf8fe76ce724c5e37f07875e9a3dd9,<DecodeFinished>,
-32.0,2.0,89,2026132589,0,,,,,0.05319000499912363,0,official WSJT-X 3.0.2; binary SHA256 9e3c2fc14f63c4b4c4e9fcc33b386cd22daf8fe76ce724c5e37f07875e9a3dd9,<DecodeFinished>,
-32.0,2.0,90,2026132590,0,,,,,0.0394163880009728,0,official WSJT-X 3.0.2; binary SHA256 9e3c2fc14f63c4b4c4e9fcc33b386cd22daf8fe76ce724c5e37f07875e9a3dd9,<DecodeFinished>,
-32.0,2.0,86,2026132586,0,,,,,0.16249275500013027,0,official WSJT-X 3.0.2; binary SHA256 9e3c2fc14f63c4b4c4e9fcc33b386cd22daf8fe76ce724c5e37f07875e9a3dd9,<DecodeFinished>,
-32.0,2.0,88,2026132588,0,,,,,0.15882104400043318,0,official WSJT-X 3.0.2; binary SHA256 9e3c2fc14f63c4b4c4e9fcc33b386cd22daf8fe76ce724c5e37f07875e9a3dd9,<DecodeFinished>,
-32.0,2.0,91,2026132591,0,,,,,0.04722881199995754,0,official WSJT-X 3.0.2; binary SHA256 9e3c2fc14f63c4b4c4e9fcc33b386cd22daf8fe76ce724c5e37f07875e9a3dd9,<DecodeFinished>,
-32.0,2.0,92,2026132592,0,,,,,0.050154728998677456,0,official WSJT-X 3.0.2; binary SHA256 9e3c2fc14f63c4b4c4e9fcc33b386cd22daf8fe76ce724c5e37f07875e9a3dd9,<DecodeFinished>,
-32.0,2.0,93,2026132593,0,,,,,0.0525977140005125,0,official WSJT-X 3.0.2; binary SHA256 9e3c2fc14f63c4b4c4e9fcc33b386cd22daf8fe76ce724c5e37f07875e9a3dd9,<DecodeFinished>,
-32.0,2.0,94,2026132594,0,,,,,0.04943151800034684,0,official WSJT-X 3.0.2; binary SHA256 9e3c2fc14f63c4b4c4e9fcc33b386cd22daf8fe76ce724c5e37f07875e9a3dd9,<DecodeFinished>,
-32.0,2.0,95,2026132595,0,,,,,0.04502966699874378,0,official WSJT-X 3.0.2; binary SHA256 9e3c2fc14f63c4b4c4e9fcc33b386cd22daf8fe76ce724c5e37f07875e9a3dd9,<DecodeFinished>,
-32.0,2.0,96,2026132596,0,,,,,0.15589163299955544,0,official WSJT-X 3.0.2; binary SHA256 9e3c2fc14f63c4b4c4e9fcc33b386cd22daf8fe76ce724c5e37f07875e9a3dd9,<DecodeFinished>,
-32.0,2.0,80,2026132580,0,,,,,0.5728942929999903,0,official WSJT-X 3.0.2; binary SHA256 9e3c2fc14f63c4b4c4e9fcc33b386cd22daf8fe76ce724c5e37f07875e9a3dd9,<DecodeFinished>,
-32.0,2.0,98,2026132598,0,,,,,0.1580008920009277,0,official WSJT-X 3.0.2; binary SHA256 9e3c2fc14f63c4b4c4e9fcc33b386cd22daf8fe76ce724c5e37f07875e9a3dd9,<DecodeFinished>,
-32.0,2.0,97,2026132597,0,,,,,0.1699153160006972,0,official WSJT-X 3.0.2; binary SHA256 9e3c2fc14f63c4b4c4e9fcc33b386cd22daf8fe76ce724c5e37f07875e9a3dd9,<DecodeFinished>,
-32.0,2.0,99,2026132599,0,,,,,0.05501310900035605,0,official WSJT-X 3.0.2; binary SHA256 9e3c2fc14f63c4b4c4e9fcc33b386cd22daf8fe76ce724c5e37f07875e9a3dd9,<DecodeFinished>,
-32.0,-2.0,2,2026132502,0,,,,,0.050705460000244784,0,official WSJT-X 3.0.2; binary SHA256 9e3c2fc14f63c4b4c4e9fcc33b386cd22daf8fe76ce724c5e37f07875e9a3dd9,<DecodeFinished>,
-32.0,-2.0,0,2026132500,0,,,,,0.07393671099998755,0,official WSJT-X 3.0.2; binary SHA256 9e3c2fc14f63c4b4c4e9fcc33b386cd22daf8fe76ce724c5e37f07875e9a3dd9,<DecodeFinished>,
-32.0,-2.0,1,2026132501,0,,,,,0.06408563800141565,0,official WSJT-X 3.0.2; binary SHA256 9e3c2fc14f63c4b4c4e9fcc33b386cd22daf8fe76ce724c5e37f07875e9a3dd9,<DecodeFinished>,
-32.0,-2.0,3,2026132503,0,,,,,0.04923143700034416,0,official WSJT-X 3.0.2; binary SHA256 9e3c2fc14f63c4b4c4e9fcc33b386cd22daf8fe76ce724c5e37f07875e9a3dd9,<DecodeFinished>,
-32.0,-2.0,4,2026132504,0,,,,,0.07075051999891002,0,official WSJT-X 3.0.2; binary SHA256 9e3c2fc14f63c4b4c4e9fcc33b386cd22daf8fe76ce724c5e37f07875e9a3dd9,<DecodeFinished>,
-32.0,-2.0,5,2026132505,0,,,,,0.0675755760003085,0,official WSJT-X 3.0.2; binary SHA256 9e3c2fc14f63c4b4c4e9fcc33b386cd22daf8fe76ce724c5e37f07875e9a3dd9,<DecodeFinished>,
-32.0,-2.0,7,2026132507,0,,,,,0.06657285499932186,0,official WSJT-X 3.0.2; binary SHA256 9e3c2fc14f63c4b4c4e9fcc33b386cd22daf8fe76ce724c5e37f07875e9a3dd9,<DecodeFinished>,
-32.0,-2.0,10,2026132510,0,,,,,0.045721249998678104,0,official WSJT-X 3.0.2; binary SHA256 9e3c2fc14f63c4b4c4e9fcc33b386cd22daf8fe76ce724c5e37f07875e9a3dd9,<DecodeFinished>,
-32.0,-2.0,6,2026132506,0,,,,,0.17503807699904428,0,official WSJT-X 3.0.2; binary SHA256 9e3c2fc14f63c4b4c4e9fcc33b386cd22daf8fe76ce724c5e37f07875e9a3dd9,<DecodeFinished>,
-32.0,-2.0,9,2026132509,0,,,,,0.1531939020005666,0,official WSJT-X 3.0.2; binary SHA256 9e3c2fc14f63c4b4c4e9fcc33b386cd22daf8fe76ce724c5e37f07875e9a3dd9,<DecodeFinished>,
-32.0,-2.0,8,2026132508,0,,,,,0.15773237899884407,0,official WSJT-X 3.0.2; binary SHA256 9e3c2fc14f63c4b4c4e9fcc33b386cd22daf8fe76ce724c5e37f07875e9a3dd9,<DecodeFinished>,
-32.0,-2.0,12,2026132512,0,,,,,0.050835297000958235,0,official WSJT-X 3.0.2; binary SHA256 9e3c2fc14f63c4b4c4e9fcc33b386cd22daf8fe76ce724c5e37f07875e9a3dd9,<DecodeFinished>,
-32.0,-2.0,11,2026132511,0,,,,,0.15714569299962022,0,official WSJT-X 3.0.2; binary SHA256 9e3c2fc14f63c4b4c4e9fcc33b386cd22daf8fe76ce724c5e37f07875e9a3dd9,<DecodeFinished>,
-32.0,-2.0,16,2026132516,0,,,,,0.053368434999356396,0,official WSJT-X 3.0.2; binary SHA256 9e3c2fc14f63c4b4c4e9fcc33b386cd22daf8fe76ce724c5e37f07875e9a3dd9,<DecodeFinished>,
-32.0,-2.0,14,2026132514,0,,,,,0.14829222700063838,0,official WSJT-X 3.0.2; binary SHA256 9e3c2fc14f63c4b4c4e9fcc33b386cd22daf8fe76ce724c5e37f07875e9a3dd9,<DecodeFinished>,
-32.0,-2.0,13,2026132513,0,,,,,0.15777407299901824,0,official WSJT-X 3.0.2; binary SHA256 9e3c2fc14f63c4b4c4e9fcc33b386cd22daf8fe76ce724c5e37f07875e9a3dd9,<DecodeFinished>,
-32.0,-2.0,15,2026132515,0,,,,,0.15424828799950774,0,official WSJT-X 3.0.2; binary SHA256 9e3c2fc14f63c4b4c4e9fcc33b386cd22daf8fe76ce724c5e37f07875e9a3dd9,<DecodeFinished>,
-32.0,-2.0,19,2026132519,0,,,,,0.05630880200078536,0,official WSJT-X 3.0.2; binary SHA256 9e3c2fc14f63c4b4c4e9fcc33b386cd22daf8fe76ce724c5e37f07875e9a3dd9,<DecodeFinished>,
-32.0,-2.0,17,2026132517,0,,,,,0.15467364500000258,0,official WSJT-X 3.0.2; binary SHA256 9e3c2fc14f63c4b4c4e9fcc33b386cd22daf8fe76ce724c5e37f07875e9a3dd9,<DecodeFinished>,
-32.0,-2.0,21,2026132521,0,,,,,0.04991393499949481,0,official WSJT-X 3.0.2; binary SHA256 9e3c2fc14f63c4b4c4e9fcc33b386cd22daf8fe76ce724c5e37f07875e9a3dd9,<DecodeFinished>,
-32.0,-2.0,18,2026132518,0,,,,,0.1511346120005328,0,official WSJT-X 3.0.2; binary SHA256 9e3c2fc14f63c4b4c4e9fcc33b386cd22daf8fe76ce724c5e37f07875e9a3dd9,<DecodeFinished>,
-32.0,-2.0,23,2026132523,0,,,,,0.050958230000105686,0,official WSJT-X 3.0.2; binary SHA256 9e3c2fc14f63c4b4c4e9fcc33b386cd22daf8fe76ce724c5e37f07875e9a3dd9,<DecodeFinished>,
-32.0,-2.0,22,2026132522,0,,,,,0.05804247500054771,0,official WSJT-X 3.0.2; binary SHA256 9e3c2fc14f63c4b4c4e9fcc33b386cd22daf8fe76ce724c5e37f07875e9a3dd9,<DecodeFinished>,
-32.0,-2.0,24,2026132524,0,,,,,0.05162708100033342,0,official WSJT-X 3.0.2; binary SHA256 9e3c2fc14f63c4b4c4e9fcc33b386cd22daf8fe76ce724c5e37f07875e9a3dd9,<DecodeFinished>,
-32.0,-2.0,26,2026132526,0,,,,,0.05376816200077883,0,official WSJT-X 3.0.2; binary SHA256 9e3c2fc14f63c4b4c4e9fcc33b386cd22daf8fe76ce724c5e37f07875e9a3dd9,<DecodeFinished>,
-32.0,-2.0,27,2026132527,0,,,,,0.05261756899926695,0,official WSJT-X 3.0.2; binary SHA256 9e3c2fc14f63c4b4c4e9fcc33b386cd22daf8fe76ce724c5e37f07875e9a3dd9,<DecodeFinished>,
-32.0,-2.0,29,2026132529,0,,,,,0.04725746300027822,0,official WSJT-X 3.0.2; binary SHA256 9e3c2fc14f63c4b4c4e9fcc33b386cd22daf8fe76ce724c5e37f07875e9a3dd9,<DecodeFinished>,
-32.0,-2.0,25,2026132525,0,,,,,0.16081343499899958,0,official WSJT-X 3.0.2; binary SHA256 9e3c2fc14f63c4b4c4e9fcc33b386cd22daf8fe76ce724c5e37f07875e9a3dd9,<DecodeFinished>,
-32.0,-2.0,30,2026132530,0,,,,,0.04971557600038068,0,official WSJT-X 3.0.2; binary SHA256 9e3c2fc14f63c4b4c4e9fcc33b386cd22daf8fe76ce724c5e37f07875e9a3dd9,<DecodeFinished>,
-32.0,-2.0,28,2026132528,0,,,,,0.16058569899905706,0,official WSJT-X 3.0.2; binary SHA256 9e3c2fc14f63c4b4c4e9fcc33b386cd22daf8fe76ce724c5e37f07875e9a3dd9,<DecodeFinished>,
-32.0,-2.0,32,2026132532,0,,,,,0.0551189109992265,0,official WSJT-X 3.0.2; binary SHA256 9e3c2fc14f63c4b4c4e9fcc33b386cd22daf8fe76ce724c5e37f07875e9a3dd9,<DecodeFinished>,
-32.0,-2.0,33,2026132533,0,,,,,0.052592202000596444,0,official WSJT-X 3.0.2; binary SHA256 9e3c2fc14f63c4b4c4e9fcc33b386cd22daf8fe76ce724c5e37f07875e9a3dd9,<DecodeFinished>,
-32.0,-2.0,34,2026132534,0,,,,,0.05528537300051539,0,official WSJT-X 3.0.2; binary SHA256 9e3c2fc14f63c4b4c4e9fcc33b386cd22daf8fe76ce724c5e37f07875e9a3dd9,<DecodeFinished>,
-32.0,-2.0,31,2026132531,0,,,,,0.16040856200015696,0,official WSJT-X 3.0.2; binary SHA256 9e3c2fc14f63c4b4c4e9fcc33b386cd22daf8fe76ce724c5e37f07875e9a3dd9,<DecodeFinished>,
-32.0,-2.0,35,2026132535,0,,,,,0.05322692899972026,0,official WSJT-X 3.0.2; binary SHA256 9e3c2fc14f63c4b4c4e9fcc33b386cd22daf8fe76ce724c5e37f07875e9a3dd9,<DecodeFinished>,
-32.0,-2.0,38,2026132538,0,,,,,0.04625549000047613,0,official WSJT-X 3.0.2; binary SHA256 9e3c2fc14f63c4b4c4e9fcc33b386cd22daf8fe76ce724c5e37f07875e9a3dd9,<DecodeFinished>,
-32.0,-2.0,20,2026132520,0,,,,,0.5515874299999268,0,official WSJT-X 3.0.2; binary SHA256 9e3c2fc14f63c4b4c4e9fcc33b386cd22daf8fe76ce724c5e37f07875e9a3dd9,<DecodeFinished>,
-32.0,-2.0,39,2026132539,0,,,,,0.05304858300041815,0,official WSJT-X 3.0.2; binary SHA256 9e3c2fc14f63c4b4c4e9fcc33b386cd22daf8fe76ce724c5e37f07875e9a3dd9,<DecodeFinished>,
-32.0,-2.0,40,2026132540,0,,,,,0.05291630399915448,0,official WSJT-X 3.0.2; binary SHA256 9e3c2fc14f63c4b4c4e9fcc33b386cd22daf8fe76ce724c5e37f07875e9a3dd9,<DecodeFinished>,
-32.0,-2.0,36,2026132536,0,,,,,0.16100274400014314,0,official WSJT-X 3.0.2; binary SHA256 9e3c2fc14f63c4b4c4e9fcc33b386cd22daf8fe76ce724c5e37f07875e9a3dd9,<DecodeFinished>,
-32.0,-2.0,41,2026132541,0,,,,,0.047042201998920063,0,official WSJT-X 3.0.2; binary SHA256 9e3c2fc14f63c4b4c4e9fcc33b386cd22daf8fe76ce724c5e37f07875e9a3dd9,<DecodeFinished>,
-32.0,-2.0,37,2026132537,0,,,,,0.156269715000235,0,official WSJT-X 3.0.2; binary SHA256 9e3c2fc14f63c4b4c4e9fcc33b386cd22daf8fe76ce724c5e37f07875e9a3dd9,<DecodeFinished>,
-32.0,-2.0,42,2026132542,0,,,,,0.08049030300026061,0,official WSJT-X 3.0.2; binary SHA256 9e3c2fc14f63c4b4c4e9fcc33b386cd22daf8fe76ce724c5e37f07875e9a3dd9,<DecodeFinished>,
-32.0,-2.0,46,2026132546,0,,,,,0.0495619989997067,0,official WSJT-X 3.0.2; binary SHA256 9e3c2fc14f63c4b4c4e9fcc33b386cd22daf8fe76ce724c5e37f07875e9a3dd9,<DecodeFinished>,
-32.0,-2.0,47,2026132547,0,,,,,0.04332232699925953,0,official WSJT-X 3.0.2; binary SHA256 9e3c2fc14f63c4b4c4e9fcc33b386cd22daf8fe76ce724c5e37f07875e9a3dd9,<DecodeFinished>,
-32.0,-2.0,44,2026132544,0,,,,,0.16142612799922063,0,official WSJT-X 3.0.2; binary SHA256 9e3c2fc14f63c4b4c4e9fcc33b386cd22daf8fe76ce724c5e37f07875e9a3dd9,<DecodeFinished>,
-32.0,-2.0,43,2026132543,0,,,,,0.1731906479999452,0,official WSJT-X 3.0.2; binary SHA256 9e3c2fc14f63c4b4c4e9fcc33b386cd22daf8fe76ce724c5e37f07875e9a3dd9,<DecodeFinished>,
-32.0,-2.0,45,2026132545,0,,,,,0.16140167900084634,0,official WSJT-X 3.0.2; binary SHA256 9e3c2fc14f63c4b4c4e9fcc33b386cd22daf8fe76ce724c5e37f07875e9a3dd9,<DecodeFinished>,
-32.0,-2.0,49,2026132549,0,,,,,0.05950146100076381,0,official WSJT-X 3.0.2; binary SHA256 9e3c2fc14f63c4b4c4e9fcc33b386cd22daf8fe76ce724c5e37f07875e9a3dd9,<DecodeFinished>,
-32.0,-2.0,48,2026132548,0,,,,,0.07138232900069852,0,official WSJT-X 3.0.2; binary SHA256 9e3c2fc14f63c4b4c4e9fcc33b386cd22daf8fe76ce724c5e37f07875e9a3dd9,<DecodeFinished>,
-32.0,-2.0,51,2026132551,0,,,,,0.055517679000331555,0,official WSJT-X 3.0.2; binary SHA256 9e3c2fc14f63c4b4c4e9fcc33b386cd22daf8fe76ce724c5e37f07875e9a3dd9,<DecodeFinished>,
-32.0,-2.0,52,2026132552,0,,,,,0.048883707999266335,0,official WSJT-X 3.0.2; binary SHA256 9e3c2fc14f63c4b4c4e9fcc33b386cd22daf8fe76ce724c5e37f07875e9a3dd9,<DecodeFinished>,
-32.0,-2.0,53,2026132553,0,,,,,0.04909857199891121,0,official WSJT-X 3.0.2; binary SHA256 9e3c2fc14f63c4b4c4e9fcc33b386cd22daf8fe76ce724c5e37f07875e9a3dd9,<DecodeFinished>,
-32.0,-2.0,54,2026132554,0,,,,,0.052503660999718704,0,official WSJT-X 3.0.2; binary SHA256 9e3c2fc14f63c4b4c4e9fcc33b386cd22daf8fe76ce724c5e37f07875e9a3dd9,<DecodeFinished>,
-32.0,-2.0,55,2026132555,0,,,,,0.05178597899976012,0,official WSJT-X 3.0.2; binary SHA256 9e3c2fc14f63c4b4c4e9fcc33b386cd22daf8fe76ce724c5e37f07875e9a3dd9,<DecodeFinished>,
-32.0,-2.0,50,2026132550,0,,,,,0.16453435800031002,0,official WSJT-X 3.0.2; binary SHA256 9e3c2fc14f63c4b4c4e9fcc33b386cd22daf8fe76ce724c5e37f07875e9a3dd9,<DecodeFinished>,
-32.0,-2.0,57,2026132557,0,,,,,0.0540267810010846,0,official WSJT-X 3.0.2; binary SHA256 9e3c2fc14f63c4b4c4e9fcc33b386cd22daf8fe76ce724c5e37f07875e9a3dd9,<DecodeFinished>,
-32.0,-2.0,58,2026132558,0,,,,,0.045003223000094295,0,official WSJT-X 3.0.2; binary SHA256 9e3c2fc14f63c4b4c4e9fcc33b386cd22daf8fe76ce724c5e37f07875e9a3dd9,<DecodeFinished>,
-32.0,-2.0,60,2026132560,0,,,,,0.05313841899987892,0,official WSJT-X 3.0.2; binary SHA256 9e3c2fc14f63c4b4c4e9fcc33b386cd22daf8fe76ce724c5e37f07875e9a3dd9,<DecodeFinished>,
-32.0,-2.0,61,2026132561,0,,,,,0.054592815999058075,0,official WSJT-X 3.0.2; binary SHA256 9e3c2fc14f63c4b4c4e9fcc33b386cd22daf8fe76ce724c5e37f07875e9a3dd9,<DecodeFinished>,
-32.0,-2.0,56,2026132556,0,,,,,0.16314769099881232,0,official WSJT-X 3.0.2; binary SHA256 9e3c2fc14f63c4b4c4e9fcc33b386cd22daf8fe76ce724c5e37f07875e9a3dd9,<DecodeFinished>,
-32.0,-2.0,63,2026132563,0,,,,,0.052239602999179624,0,official WSJT-X 3.0.2; binary SHA256 9e3c2fc14f63c4b4c4e9fcc33b386cd22daf8fe76ce724c5e37f07875e9a3dd9,<DecodeFinished>,
-32.0,-2.0,59,2026132559,0,,,,,0.15871318799872824,0,official WSJT-X 3.0.2; binary SHA256 9e3c2fc14f63c4b4c4e9fcc33b386cd22daf8fe76ce724c5e37f07875e9a3dd9,<DecodeFinished>,
-32.0,-2.0,62,2026132562,0,,,,,0.1520948170000338,0,official WSJT-X 3.0.2; binary SHA256 9e3c2fc14f63c4b4c4e9fcc33b386cd22daf8fe76ce724c5e37f07875e9a3dd9,<DecodeFinished>,
-32.0,-2.0,67,2026132567,0,,,,,0.05174950500077102,0,official WSJT-X 3.0.2; binary SHA256 9e3c2fc14f63c4b4c4e9fcc33b386cd22daf8fe76ce724c5e37f07875e9a3dd9,<DecodeFinished>,
-32.0,-2.0,64,2026132564,0,,,,,0.1612623649998568,0,official WSJT-X 3.0.2; binary SHA256 9e3c2fc14f63c4b4c4e9fcc33b386cd22daf8fe76ce724c5e37f07875e9a3dd9,<DecodeFinished>,
-32.0,-2.0,65,2026132565,0,,,,,0.16177900699949532,0,official WSJT-X 3.0.2; binary SHA256 9e3c2fc14f63c4b4c4e9fcc33b386cd22daf8fe76ce724c5e37f07875e9a3dd9,<DecodeFinished>,
-32.0,-2.0,68,2026132568,0,,,,,0.05324460900010308,0,official WSJT-X 3.0.2; binary SHA256 9e3c2fc14f63c4b4c4e9fcc33b386cd22daf8fe76ce724c5e37f07875e9a3dd9,<DecodeFinished>,
-32.0,-2.0,66,2026132566,0,,,,,0.16259301900026912,0,official WSJT-X 3.0.2; binary SHA256 9e3c2fc14f63c4b4c4e9fcc33b386cd22daf8fe76ce724c5e37f07875e9a3dd9,<DecodeFinished>,
-32.0,-2.0,69,2026132569,0,,,,,0.056808065999575774,0,official WSJT-X 3.0.2; binary SHA256 9e3c2fc14f63c4b4c4e9fcc33b386cd22daf8fe76ce724c5e37f07875e9a3dd9,<DecodeFinished>,
-32.0,-2.0,72,2026132572,0,,,,,0.060980205998930614,0,official WSJT-X 3.0.2; binary SHA256 9e3c2fc14f63c4b4c4e9fcc33b386cd22daf8fe76ce724c5e37f07875e9a3dd9,<DecodeFinished>,
-32.0,-2.0,71,2026132571,0,,,,,0.16848361500160536,0,official WSJT-X 3.0.2; binary SHA256 9e3c2fc14f63c4b4c4e9fcc33b386cd22daf8fe76ce724c5e37f07875e9a3dd9,<DecodeFinished>,
-32.0,-2.0,70,2026132570,0,,,,,0.17216382100014016,0,official WSJT-X 3.0.2; binary SHA256 9e3c2fc14f63c4b4c4e9fcc33b386cd22daf8fe76ce724c5e37f07875e9a3dd9,<DecodeFinished>,
-32.0,-2.0,73,2026132573,0,,,,,0.1585081450011785,0,official WSJT-X 3.0.2; binary SHA256 9e3c2fc14f63c4b4c4e9fcc33b386cd22daf8fe76ce724c5e37f07875e9a3dd9,<DecodeFinished>,
-32.0,-2.0,75,2026132575,0,,,,,0.05142013600016071,0,official WSJT-X 3.0.2; binary SHA256 9e3c2fc14f63c4b4c4e9fcc33b386cd22daf8fe76ce724c5e37f07875e9a3dd9,<DecodeFinished>,
-32.0,-2.0,77,2026132577,0,,,,,0.05041865699968184,0,official WSJT-X 3.0.2; binary SHA256 9e3c2fc14f63c4b4c4e9fcc33b386cd22daf8fe76ce724c5e37f07875e9a3dd9,<DecodeFinished>,
-32.0,-2.0,74,2026132574,0,,,,,0.153223514000274,0,official WSJT-X 3.0.2; binary SHA256 9e3c2fc14f63c4b4c4e9fcc33b386cd22daf8fe76ce724c5e37f07875e9a3dd9,<DecodeFinished>,
-32.0,-2.0,76,2026132576,0,,,,,0.05977089100088051,0,official WSJT-X 3.0.2; binary SHA256 9e3c2fc14f63c4b4c4e9fcc33b386cd22daf8fe76ce724c5e37f07875e9a3dd9,<DecodeFinished>,
-32.0,-2.0,81,2026132581,0,,,,,0.06113342800017563,0,official WSJT-X 3.0.2; binary SHA256 9e3c2fc14f63c4b4c4e9fcc33b386cd22daf8fe76ce724c5e37f07875e9a3dd9,<DecodeFinished>,
-32.0,-2.0,80,2026132580,0,,,,,0.06795102099931682,0,official WSJT-X 3.0.2; binary SHA256 9e3c2fc14f63c4b4c4e9fcc33b386cd22daf8fe76ce724c5e37f07875e9a3dd9,<DecodeFinished>,
-32.0,-2.0,79,2026132579,0,,,,,0.07116286199925526,0,official WSJT-X 3.0.2; binary SHA256 9e3c2fc14f63c4b4c4e9fcc33b386cd22daf8fe76ce724c5e37f07875e9a3dd9,<DecodeFinished>,
-32.0,-2.0,84,2026132584,0,,,,,0.05256193199966219,0,official WSJT-X 3.0.2; binary SHA256 9e3c2fc14f63c4b4c4e9fcc33b386cd22daf8fe76ce724c5e37f07875e9a3dd9,<DecodeFinished>,
-32.0,-2.0,82,2026132582,0,,,,,0.055771282999558025,0,official WSJT-X 3.0.2; binary SHA256 9e3c2fc14f63c4b4c4e9fcc33b386cd22daf8fe76ce724c5e37f07875e9a3dd9,<DecodeFinished>,
-32.0,-2.0,83,2026132583,0,,,,,0.0546004810003069,0,official WSJT-X 3.0.2; binary SHA256 9e3c2fc14f63c4b4c4e9fcc33b386cd22daf8fe76ce724c5e37f07875e9a3dd9,<DecodeFinished>,
-32.0,-2.0,78,2026132578,0,,,,,0.175737058998493,0,official WSJT-X 3.0.2; binary SHA256 9e3c2fc14f63c4b4c4e9fcc33b386cd22daf8fe76ce724c5e37f07875e9a3dd9,<DecodeFinished>,
-32.0,-2.0,87,2026132587,0,,,,,0.050775265000993386,0,official WSJT-X 3.0.2; binary SHA256 9e3c2fc14f63c4b4c4e9fcc33b386cd22daf8fe76ce724c5e37f07875e9a3dd9,<DecodeFinished>,
-32.0,-2.0,89,2026132589,0,,,,,0.05769239899927925,0,official WSJT-X 3.0.2; binary SHA256 9e3c2fc14f63c4b4c4e9fcc33b386cd22daf8fe76ce724c5e37f07875e9a3dd9,<DecodeFinished>,
-32.0,-2.0,86,2026132586,1,K1ABC FN42 33,-32,-2,10.140200,0.13316060499892046,0,official WSJT-X 3.0.2; binary SHA256 9e3c2fc14f63c4b4c4e9fcc33b386cd22daf8fe76ce724c5e37f07875e9a3dd9,"0000 -32 -0.1  10.140200 -2  K1ABC FN42 33 
<DecodeFinished>",
-32.0,-2.0,85,2026132585,0,,,,,0.15843957799916097,0,official WSJT-X 3.0.2; binary SHA256 9e3c2fc14f63c4b4c4e9fcc33b386cd22daf8fe76ce724c5e37f07875e9a3dd9,<DecodeFinished>,
-32.0,-2.0,90,2026132590,0,,,,,0.05180314300014288,0,official WSJT-X 3.0.2; binary SHA256 9e3c2fc14f63c4b4c4e9fcc33b386cd22daf8fe76ce724c5e37f07875e9a3dd9,<DecodeFinished>,
-32.0,-2.0,88,2026132588,0,,,,,0.1475677859998541,0,official WSJT-X 3.0.2; binary SHA256 9e3c2fc14f63c4b4c4e9fcc33b386cd22daf8fe76ce724c5e37f07875e9a3dd9,<DecodeFinished>,
-32.0,-2.0,92,2026132592,0,,,,,0.05244730200138292,0,official WSJT-X 3.0.2; binary SHA256 9e3c2fc14f63c4b4c4e9fcc33b386cd22daf8fe76ce724c5e37f07875e9a3dd9,<DecodeFinished>,
-32.0,-2.0,94,2026132594,0,,,,,0.052394274998732726,0,official WSJT-X 3.0.2; binary SHA256 9e3c2fc14f63c4b4c4e9fcc33b386cd22daf8fe76ce724c5e37f07875e9a3dd9,<DecodeFinished>,
-32.0,-2.0,95,2026132595,0,,,,,0.055489342999862856,0,official WSJT-X 3.0.2; binary SHA256 9e3c2fc14f63c4b4c4e9fcc33b386cd22daf8fe76ce724c5e37f07875e9a3dd9,<DecodeFinished>,
-32.0,-2.0,91,2026132591,0,,,,,0.15442408099988825,0,official WSJT-X 3.0.2; binary SHA256 9e3c2fc14f63c4b4c4e9fcc33b386cd22daf8fe76ce724c5e37f07875e9a3dd9,<DecodeFinished>,
-32.0,-2.0,96,2026132596,0,,,,,0.048020161000749795,0,official WSJT-X 3.0.2; binary SHA256 9e3c2fc14f63c4b4c4e9fcc33b386cd22daf8fe76ce724c5e37f07875e9a3dd9,<DecodeFinished>,
-32.0,-2.0,93,2026132593,0,,,,,0.1487184060006257,0,official WSJT-X 3.0.2; binary SHA256 9e3c2fc14f63c4b4c4e9fcc33b386cd22daf8fe76ce724c5e37f07875e9a3dd9,<DecodeFinished>,
-32.0,-2.0,97,2026132597,0,,,,,0.06912442000066221,0,official WSJT-X 3.0.2; binary SHA256 9e3c2fc14f63c4b4c4e9fcc33b386cd22daf8fe76ce724c5e37f07875e9a3dd9,<DecodeFinished>,
-32.0,-2.0,98,2026132598,0,,,,,0.15336995399957232,0,official WSJT-X 3.0.2; binary SHA256 9e3c2fc14f63c4b4c4e9fcc33b386cd22daf8fe76ce724c5e37f07875e9a3dd9,<DecodeFinished>,
-32.0,-2.0,99,2026132599,0,,,,,0.16430052800023986,0,official WSJT-X 3.0.2; binary SHA256 9e3c2fc14f63c4b4c4e9fcc33b386cd22daf8fe76ce724c5e37f07875e9a3dd9,<DecodeFinished>,
