snr_db,linear_drift_hz,A_res_hz,trial_index,seed,decoded_success,decoded_message,reported_snr,reported_drift,reported_frequency,runtime_seconds,decoder_exit_status,wsprd_version,decoder_stdout,decoder_stderr
-29.5,0.5,0.0,3,2026092803,1,K1ABC FN42 33,-29,0,10.140200,0.2639492039998004,0,official WSJT-X 3.0.2; binary SHA256 9e3c2fc14f63c4b4c4e9fcc33b386cd22daf8fe76ce724c5e37f07875e9a3dd9,"0000 -29  0.1  10.140200  0  K1ABC FN42 33 
<DecodeFinished>",
-29.5,0.5,0.0,4,2026092804,1,K1ABC FN42 33,-29,0,10.140200,0.04707016000020303,0,official WSJT-X 3.0.2; binary SHA256 9e3c2fc14f63c4b4c4e9fcc33b386cd22daf8fe76ce724c5e37f07875e9a3dd9,"0000 -29 -0.1  10.140200  0  K1ABC FN42 33 
<DecodeFinished>",
-29.5,0.5,0.0,2,2026092802,1,K1ABC FN42 33,-30,0,10.140200,0.47174393599971154,0,official WSJT-X 3.0.2; binary SHA256 9e3c2fc14f63c4b4c4e9fcc33b386cd22daf8fe76ce724c5e37f07875e9a3dd9,"0000 -30  0.0  10.140200  0  K1ABC FN42 33 
<DecodeFinished>",
-29.5,0.5,0.0,1,2026092801,1,K1ABC FN42 33,-29,0,10.140200,0.48006421999980375,0,official WSJT-X 3.0.2; binary SHA256 9e3c2fc14f63c4b4c4e9fcc33b386cd22daf8fe76ce724c5e37f07875e9a3dd9,"0000 -29 -0.1  10.140200  0  K1ABC FN42 33 
<DecodeFinished>",
-29.5,0.5,0.0,0,2026092800,1,K1ABC FN42 33,-29,0,10.140200,0.4869387939997978,0,official WSJT-X 3.0.2; binary SHA256 9e3c2fc14f63c4b4c4e9fcc33b386cd22daf8fe76ce724c5e37f07875e9a3dd9,"0000 -29 -0.1  10.140200  0  K1ABC FN42 33 
<DecodeFinished>",
-29.5,0.5,0.0,8,2026092808,1,K1ABC FN42 33,-29,0,10.140200,0.04677495399982945,0,official WSJT-X 3.0.2; binary SHA256 9e3c2fc14f63c4b4c4e9fcc33b386cd22daf8fe76ce724c5e37f07875e9a3dd9,"0000 -29  0.0  10.140200  0  K1ABC FN42 33 
<DecodeFinished>",
-29.5,0.5,0.0,7,2026092807,1,K1ABC FN42 33,-30,0,10.140200,0.06237007499976244,0,official WSJT-X 3.0.2; binary SHA256 9e3c2fc14f63c4b4c4e9fcc33b386cd22daf8fe76ce724c5e37f07875e9a3dd9,"0000 -30  0.1  10.140200  0  K1ABC FN42 33 
<DecodeFinished>",
-29.5,0.5,0.0,5,2026092805,1,K1ABC FN42 33,-29,0,10.140200,0.24235782000005202,0,official WSJT-X 3.0.2; binary SHA256 9e3c2fc14f63c4b4c4e9fcc33b386cd22daf8fe76ce724c5e37f07875e9a3dd9,"0000 -29 -0.0  10.140200  0  K1ABC FN42 33 
<DecodeFinished>",
-29.5,0.5,0.0,10,2026092810,1,K1ABC FN42 33,-29,0,10.140200,0.05719471600014003,0,official WSJT-X 3.0.2; binary SHA256 9e3c2fc14f63c4b4c4e9fcc33b386cd22daf8fe76ce724c5e37f07875e9a3dd9,"0000 -29 -0.0  10.140200  0  K1ABC FN42 33 
<DecodeFinished>",
-29.5,0.5,0.0,11,2026092811,1,K1ABC FN42 33,-30,0,10.140200,0.09422683400043752,0,official WSJT-X 3.0.2; binary SHA256 9e3c2fc14f63c4b4c4e9fcc33b386cd22daf8fe76ce724c5e37f07875e9a3dd9,"0000 -30 -0.1  10.140200  0  K1ABC FN42 33 
<DecodeFinished>",
-29.5,0.5,0.0,9,2026092809,1,K1ABC FN42 33,-30,0,10.140200,0.13582187800011525,0,official WSJT-X 3.0.2; binary SHA256 9e3c2fc14f63c4b4c4e9fcc33b386cd22daf8fe76ce724c5e37f07875e9a3dd9,"0000 -30  0.1  10.140200  0  K1ABC FN42 33 
<DecodeFinished>",
-29.5,0.5,0.0,14,2026092814,1,K1ABC FN42 33,-29,0,10.140200,0.04887043200005792,0,official WSJT-X 3.0.2; binary SHA256 9e3c2fc14f63c4b4c4e9fcc33b386cd22daf8fe76ce724c5e37f07875e9a3dd9,"0000 -29 -0.1  10.140200  0  K1ABC FN42 33 
<DecodeFinished>",
-29.5,0.5,0.0,13,2026092813,1,K1ABC FN42 33,-30,0,10.140200,0.06867801799990048,0,official WSJT-X 3.0.2; binary SHA256 9e3c2fc14f63c4b4c4e9fcc33b386cd22daf8fe76ce724c5e37f07875e9a3dd9,"0000 -30  0.0  10.140200  0  K1ABC FN42 33 
<DecodeFinished>",
-29.5,0.5,0.0,6,2026092806,1,K1ABC FN42 33,-30,0,10.140200,0.25397162799981743,0,official WSJT-X 3.0.2; binary SHA256 9e3c2fc14f63c4b4c4e9fcc33b386cd22daf8fe76ce724c5e37f07875e9a3dd9,"0000 -30  0.0  10.140200  0  K1ABC FN42 33 
<DecodeFinished>",
-29.5,0.5,0.0,17,2026092817,1,K1ABC FN42 33,-30,0,10.140200,0.060646744999758084,0,official WSJT-X 3.0.2; binary SHA256 9e3c2fc14f63c4b4c4e9fcc33b386cd22daf8fe76ce724c5e37f07875e9a3dd9,"0000 -30  0.0  10.140200  0  K1ABC FN42 33 
<DecodeFinished>",
-29.5,0.5,0.0,15,2026092815,1,K1ABC FN42 33,-30,0,10.140200,0.07400464300008025,0,official WSJT-X 3.0.2; binary SHA256 9e3c2fc14f63c4b4c4e9fcc33b386cd22daf8fe76ce724c5e37f07875e9a3dd9,"0000 -30 -0.0  10.140200  0  K1ABC FN42 33 
<DecodeFinished>",
-29.5,0.5,0.0,18,2026092818,1,K1ABC FN42 33,-30,0,10.140200,0.058961779000128445,0,official WSJT-X 3.0.2; binary SHA256 9e3c2fc14f63c4b4c4e9fcc33b386cd22daf8fe76ce724c5e37f07875e9a3dd9,"0000 -30 -0.1  10.140200  0  K1ABC FN42 33 
<DecodeFinished>",
-29.5,0.5,0.0,19,2026092819,1,K1ABC FN42 33,-30,0,10.140200,0.058052726999903825,0,official WSJT-X 3.0.2; binary SHA256 9e3c2fc14f63c4b4c4e9fcc33b386cd22daf8fe76ce724c5e37f07875e9a3dd9,"0000 -30  0.0  10.140200  0  K1ABC FN42 33 
<DecodeFinished>",
-29.5,0.5,0.0,12,2026092812,1,K1ABC FN42 33,-29,0,10.140200,0.28210850999994364,0,official WSJT-X 3.0.2; binary SHA256 9e3c2fc14f63c4b4c4e9fcc33b386cd22daf8fe76ce724c5e37f07875e9a3dd9,"0000 -29  0.1  10.140200  0  K1ABC FN42 33 
<DecodeFinished>",
-29.5,0.5,0.0,21,2026092821,1,K1ABC FN42 33,-29,0,10.140200,0.052619206000144914,0,official WSJT-X 3.0.2; binary SHA256 9e3c2fc14f63c4b4c4e9fcc33b386cd22daf8fe76ce724c5e37f07875e9a3dd9,"0000 -29  0.1  10.140200  0  K1ABC FN42 33 
<DecodeFinished>",
-29.5,0.5,0.0,20,2026092820,1,K1ABC FN42 33,-29,0,10.140200,0.06212810499982879,0,official WSJT-X 3.0.2; binary SHA256 9e3c2fc14f63c4b4c4e9fcc33b386cd22daf8fe76ce724c5e37f07875e9a3dd9,"0000 -29 -0.0  10.140200  0  K1ABC FN42 33 
<DecodeFinished>",
-29.5,0.5,0.0,23,2026092823,1,K1ABC FN42 33,-28,0,10.140200,0.04893820699999196,0,official WSJT-X 3.0.2; binary SHA256 9e3c2fc14f63c4b4c4e9fcc33b386cd22daf8fe76ce724c5e37f07875e9a3dd9,"0000 -28  0.0  10.140200  0  K1ABC FN42 33 
<DecodeFinished>",
-29.5,0.5,0.0,24,2026092824,1,K1ABC FN42 33,-29,0,10.140200,0.05022631600013483,0,official WSJT-X 3.0.2; binary SHA256 9e3c2fc14f63c4b4c4e9fcc33b386cd22daf8fe76ce724c5e37f07875e9a3dd9,"0000 -29 -0.1  10.140200  0  K1ABC FN42 33 
<DecodeFinished>",
-29.5,0.5,0.0,16,2026092816,1,K1ABC FN42 33,-28,0,10.140200,0.24947354200003247,0,official WSJT-X 3.0.2; binary SHA256 9e3c2fc14f63c4b4c4e9fcc33b386cd22daf8fe76ce724c5e37f07875e9a3dd9,"0000 -28 -0.0  10.140200  0  K1ABC FN42 33 
<DecodeFinished>",
-29.5,0.5,0.0,22,2026092822,1,K1ABC FN42 33,-29,0,10.140200,0.09727149800028201,0,official WSJT-X 3.0.2; binary SHA256 9e3c2fc14f63c4b4c4e9fcc33b386cd22daf8fe76ce724c5e37f07875e9a3dd9,"0000 -29  0.1  10.140200  0  K1ABC FN42 33 
<DecodeFinished>",
-29.5,0.5,0.0,26,2026092826,1,K1ABC FN42 33,-29,0,10.140200,0.057922711000173877,0,official WSJT-X 3.0.2; binary SHA256 9e3c2fc14f63c4b4c4e9fcc33b386cd22daf8fe76ce724c5e37f07875e9a3dd9,"0000 -29  0.1  10.140200  0  K1ABC FN42 33 
<DecodeFinished>",
-29.5,0.5,0.0,27,2026092827,1,K1ABC FN42 33,-30,0,10.140200,0.24489413600031185,0,official WSJT-X 3.0.2; binary SHA256 9e3c2fc14f63c4b4c4e9fcc33b386cd22daf8fe76ce724c5e37f07875e9a3dd9,"0000 -30  0.0  10.140200  0  K1ABC FN42 33 
<DecodeFinished>",
-29.5,0.5,0.0,25,2026092825,1,K1ABC FN42 33,-29,0,10.140200,0.2810700150002958,0,official WSJT-X 3.0.2; binary SHA256 9e3c2fc14f63c4b4c4e9fcc33b386cd22daf8fe76ce724c5e37f07875e9a3dd9,"0000 -29 -0.1  10.140200  0  K1ABC FN42 33 
<DecodeFinished>",
-29.5,0.5,0.0,29,2026092829,1,K1ABC FN42 33,-30,0,10.140200,0.273162537999724,0,official WSJT-X 3.0.2; binary SHA256 9e3c2fc14f63c4b4c4e9fcc33b386cd22daf8fe76ce724c5e37f07875e9a3dd9,"0000 -30  0.0  10.140200  0  K1ABC FN42 33 
<DecodeFinished>",
-29.5,0.5,0.0,31,2026092831,1,K1ABC FN42 33,-30,0,10.140200,0.07812703499985219,0,official WSJT-X 3.0.2; binary SHA256 9e3c2fc14f63c4b4c4e9fcc33b386cd22daf8fe76ce724c5e37f07875e9a3dd9,"0000 -30 -0.1  10.140200  0  K1ABC FN42 33 
<DecodeFinished>",
-29.5,0.5,0.0,28,2026092828,1,K1ABC FN42 33,-30,0,10.140200,0.36088689000007435,0,official WSJT-X 3.0.2; binary SHA256 9e3c2fc14f63c4b4c4e9fcc33b386cd22daf8fe76ce724c5e37f07875e9a3dd9,"0000 -30 -0.0  10.140200  0  K1ABC FN42 33 
<DecodeFinished>",
-29.5,0.5,0.0,32,2026092832,1,K1ABC FN42 33,-29,0,10.140200,0.07008062400018389,0,official WSJT-X 3.0.2; binary SHA256 9e3c2fc14f63c4b4c4e9fcc33b386cd22daf8fe76ce724c5e37f07875e9a3dd9,"0000 -29  0.0  10.140200  0  K1ABC FN42 33 
<DecodeFinished>",
-29.5,0.5,0.0,30,2026092830,1,K1ABC FN42 33,-30,0,10.140200,0.2532328930001313,0,official WSJT-X 3.0.2; binary SHA256 9e3c2fc14f63c4b4c4e9fcc33b386cd22daf8fe76ce724c5e37f07875e9a3dd9,"0000 -30 -0.0  10.140200  0  K1ABC FN42 33 
<DecodeFinished>",
-29.5,0.5,0.0,34,2026092834,1,K1ABC FN42 33,-29,0,10.140200,0.24264562899998054,0,official WSJT-X 3.0.2; binary SHA256 9e3c2fc14f63c4b4c4e9fcc33b386cd22daf8fe76ce724c5e37f07875e9a3dd9,"0000 -29  0.0  10.140200  0  K1ABC FN42 33 
<DecodeFinished>",
-29.5,0.5,0.0,35,2026092835,1,K1ABC FN42 33,-30,0,10.140200,0.2579588960002184,0,official WSJT-X 3.0.2; binary SHA256 9e3c2fc14f63c4b4c4e9fcc33b386cd22daf8fe76ce724c5e37f07875e9a3dd9,"0000 -30  0.1  10.140200  0  K1ABC FN42 33 
<DecodeFinished>",
-29.5,0.5,0.0,37,2026092837,1,K1ABC FN42 33,-30,0,10.140200,0.0481583419996241,0,official WSJT-X 3.0.2; binary SHA256 9e3c2fc14f63c4b4c4e9fcc33b386cd22daf8fe76ce724c5e37f07875e9a3dd9,"0000 -30 -0.0  10.140200  0  K1ABC FN42 33 
<DecodeFinished>",
-29.5,0.5,0.0,38,2026092838,1,K1ABC FN42 33,-29,0,10.140200,0.04925269599971216,0,official WSJT-X 3.0.2; binary SHA256 9e3c2fc14f63c4b4c4e9fcc33b386cd22daf8fe76ce724c5e37f07875e9a3dd9,"0000 -29  0.0  10.140200  0  K1ABC FN42 33 
<DecodeFinished>",
-29.5,0.5,0.0,33,2026092833,1,K1ABC FN42 33,-30,0,10.140200,0.37053136500026085,0,official WSJT-X 3.0.2; binary SHA256 9e3c2fc14f63c4b4c4e9fcc33b386cd22daf8fe76ce724c5e37f07875e9a3dd9,"0000 -30  0.0  10.140200  0  K1ABC FN42 33 
<DecodeFinished>",
-29.5,0.5,0.0,40,2026092840,1,K1ABC FN42 33,-29,0,10.140200,0.051253950000045734,0,official WSJT-X 3.0.2; binary SHA256 9e3c2fc14f63c4b4c4e9fcc33b386cd22daf8fe76ce724c5e37f07875e9a3dd9,"0000 -29  0.1  10.140200  0  K1ABC FN42 33 
<DecodeFinished>",
-29.5,0.5,0.0,36,2026092836,1,K1ABC FN42 33,-30,0,10.140200,0.30466167700024016,0,official WSJT-X 3.0.2; binary SHA256 9e3c2fc14f63c4b4c4e9fcc33b386cd22daf8fe76ce724c5e37f07875e9a3dd9,"0000 -30 -0.1  10.140200  0  K1ABC FN42 33 
<DecodeFinished>",
-29.5,0.5,0.0,42,2026092842,1,K1ABC FN42 33,-29,0,10.140200,0.05817029299987553,0,official WSJT-X 3.0.2; binary SHA256 9e3c2fc14f63c4b4c4e9fcc33b386cd22daf8fe76ce724c5e37f07875e9a3dd9,"0000 -29 -0.0  10.140200  0  K1ABC FN42 33 
<DecodeFinished>",
-29.5,0.5,0.0,44,2026092844,1,K1ABC FN42 33,-29,0,10.140200,0.04618377299993881,0,official WSJT-X 3.0.2; binary SHA256 9e3c2fc14f63c4b4c4e9fcc33b386cd22daf8fe76ce724c5e37f07875e9a3dd9,"0000 -29  0.0  10.140200  0  K1ABC FN42 33 
<DecodeFinished>",
-29.5,0.5,0.0,45,2026092845,1,K1ABC FN42 33,-29,0,10.140200,0.058427966999715863,0,official WSJT-X 3.0.2; binary SHA256 9e3c2fc14f63c4b4c4e9fcc33b386cd22daf8fe76ce724c5e37f07875e9a3dd9,"0000 -29 -0.0  10.140200  0  K1ABC FN42 33 
<DecodeFinished>",
-29.5,0.5,0.0,46,2026092846,1,K1ABC FN42 33,-29,0,10.140200,0.05738132800024687,0,official WSJT-X 3.0.2; binary SHA256 9e3c2fc14f63c4b4c4e9fcc33b386cd22daf8fe76ce724c5e37f07875e9a3dd9,"0000 -29  0.0  10.140200  0  K1ABC FN42 33 
<DecodeFinished>",
-29.5,0.5,0.0,41,2026092841,1,K1ABC FN42 33,-30,0,10.140200,0.25866992400005984,0,official WSJT-X 3.0.2; binary SHA256 9e3c2fc14f63c4b4c4e9fcc33b386cd22daf8fe76ce724c5e37f07875e9a3dd9,"0000 -30  0.0  10.140200  0  K1ABC FN42 33 
<DecodeFinished>",
-29.5,0.5,0.0,47,2026092847,1,K1ABC FN42 33,-29,0,10.140200,0.07810184899972228,0,official WSJT-X 3.0.2; binary SHA256 9e3c2fc14f63c4b4c4e9fcc33b386cd22daf8fe76ce724c5e37f07875e9a3dd9,"0000 -29 -0.0  10.140200  0  K1ABC FN42 33 
<DecodeFinished>",
-29.5,0.5,0.0,43,2026092843,1,K1ABC FN42 33,-31,0,10.140200,0.32150402899969777,0,official WSJT-X 3.0.2; binary SHA256 9e3c2fc14f63c4b4c4e9fcc33b386cd22daf8fe76ce724c5e37f07875e9a3dd9,"0000 -31 -0.1  10.140200  0  K1ABC FN42 33 
<DecodeFinished>",
-29.5,0.5,0.0,48,2026092848,1,K1ABC FN42 33,-29,0,10.140200,0.15993533700020635,0,official WSJT-X 3.0.2; binary SHA256 9e3c2fc14f63c4b4c4e9fcc33b386cd22daf8fe76ce724c5e37f07875e9a3dd9,"0000 -29 -0.1  10.140200  0  K1ABC FN42 33 
<DecodeFinished>",
-29.5,0.5,0.0,51,2026092851,1,K1ABC FN42 33,-29,0,10.140200,0.051785711999855266,0,official WSJT-X 3.0.2; binary SHA256 9e3c2fc14f63c4b4c4e9fcc33b386cd22daf8fe76ce724c5e37f07875e9a3dd9,"0000 -29  0.0  10.140200  0  K1ABC FN42 33 
<DecodeFinished>",
-29.5,0.5,0.0,49,2026092849,1,K1ABC FN42 33,-30,0,10.140200,0.13488046900010886,0,official WSJT-X 3.0.2; binary SHA256 9e3c2fc14f63c4b4c4e9fcc33b386cd22daf8fe76ce724c5e37f07875e9a3dd9,"0000 -30 -0.1  10.140200  0  K1ABC FN42 33 
<DecodeFinished>",
-29.5,0.5,0.0,50,2026092850,1,K1ABC FN42 33,-29,0,10.140200,0.07656848700025876,0,official WSJT-X 3.0.2; binary SHA256 9e3c2fc14f63c4b4c4e9fcc33b386cd22daf8fe76ce724c5e37f07875e9a3dd9,"0000 -29 -0.1  10.140200  0  K1ABC FN42 33 
<DecodeFinished>",
-29.5,0.5,0.0,39,2026092839,0,,,,,0.5598438440001701,0,official WSJT-X 3.0.2; binary SHA256 9e3c2fc14f63c4b4c4e9fcc33b386cd22daf8fe76ce724c5e37f07875e9a3dd9,<DecodeFinished>,
-29.5,0.5,0.0,53,2026092853,1,K1ABC FN42 33,-30,0,10.140200,0.06125234699993598,0,official WSJT-X 3.0.2; binary SHA256 9e3c2fc14f63c4b4c4e9fcc33b386cd22daf8fe76ce724c5e37f07875e9a3dd9,"0000 -30  0.0  10.140200  0  K1ABC FN42 33 
<DecodeFinished>",
-29.5,0.5,0.0,55,2026092855,1,K1ABC FN42 33,-29,0,10.140200,0.06086490400002731,0,official WSJT-X 3.0.2; binary SHA256 9e3c2fc14f63c4b4c4e9fcc33b386cd22daf8fe76ce724c5e37f07875e9a3dd9,"0000 -29 -0.0  10.140200  0  K1ABC FN42 33 
<DecodeFinished>",
-29.5,0.5,0.0,54,2026092854,1,K1ABC FN42 33,-30,0,10.140200,0.10020087700013391,0,official WSJT-X 3.0.2; binary SHA256 9e3c2fc14f63c4b4c4e9fcc33b386cd22daf8fe76ce724c5e37f07875e9a3dd9,"0000 -30  0.1  10.140200  0  K1ABC FN42 33 
<DecodeFinished>",
-29.5,0.5,0.0,57,2026092857,1,K1ABC FN42 33,-30,0,10.140200,0.05328131099986422,0,official WSJT-X 3.0.2; binary SHA256 9e3c2fc14f63c4b4c4e9fcc33b386cd22daf8fe76ce724c5e37f07875e9a3dd9,"0000 -30 -0.0  10.140200  0  K1ABC FN42 33 
<DecodeFinished>",
-29.5,0.5,0.0,58,2026092858,1,K1ABC FN42 33,-30,0,10.140200,0.048053863999939495,0,official WSJT-X 3.0.2; binary SHA256 9e3c2fc14f63c4b4c4e9fcc33b386cd22daf8fe76ce724c5e37f07875e9a3dd9,"0000 -30  0.0  10.140200  0  K1ABC FN42 33 
<DecodeFinished>",
-29.5,0.5,0.0,56,2026092856,1,K1ABC FN42 33,-30,0,10.140200,0.11496898700033853,0,official WSJT-X 3.0.2; binary SHA256 9e3c2fc14f63c4b4c4e9fcc33b386cd22daf8fe76ce724c5e37f07875e9a3dd9,"0000 -30 -0.1  10.140200  0  K1ABC FN42 33 
<DecodeFinished>",
-29.5,0.5,0.0,60,2026092860,1,K1ABC FN42 33,-29,0,10.140200,0.052285073999883025,0,official WSJT-X 3.0.2; binary SHA256 9e3c2fc14f63c4b4c4e9fcc33b386cd22daf8fe76ce724c5e37f07875e9a3dd9,"0000 -29  0.0  10.140200  0  K1ABC FN42 33 
<DecodeFinished>",
-29.5,0.5,0.0,59,2026092859,1,K1ABC FN42 33,-30,0,10.140200,0.06578449099970385,0,official WSJT-X 3.0.2; binary SHA256 9e3c2fc14f63c4b4c4e9fcc33b386cd22daf8fe76ce724c5e37f07875e9a3dd9,"0000 -30 -0.1  10.140200  0  K1ABC FN42 33 
<DecodeFinished>",
-29.5,0.5,0.0,61,2026092861,1,K1ABC FN42 33,-30,0,10.140200,0.05025749400010682,0,official WSJT-X 3.0.2; binary SHA256 9e3c2fc14f63c4b4c4e9fcc33b386cd22daf8fe76ce724c5e37f07875e9a3dd9,"0000 -30  0.0  10.140200  0  K1ABC FN42 33 
<DecodeFinished>",
-29.5,0.5,0.0,64,2026092864,1,K1ABC FN42 33,-29,0,10.140200,0.05261962799977482,0,official WSJT-X 3.0.2; binary SHA256 9e3c2fc14f63c4b4c4e9fcc33b386cd22daf8fe76ce724c5e37f07875e9a3dd9,"0000 -29  0.1  10.140200  0  K1ABC FN42 33 
<DecodeFinished>",
-29.5,0.5,0.0,62,2026092862,1,K1ABC FN42 33,-29,0,10.140200,0.09541168999976435,0,official WSJT-X 3.0.2; binary SHA256 9e3c2fc14f63c4b4c4e9fcc33b386cd22daf8fe76ce724c5e37f07875e9a3dd9,"0000 -29  0.0  10.140200  0  K1ABC FN42 33 
<DecodeFinished>",
-29.5,0.5,0.0,65,2026092865,1,K1ABC FN42 33,-30,0,10.140200,0.062225495999882696,0,official WSJT-X 3.0.2; binary SHA256 9e3c2fc14f63c4b4c4e9fcc33b386cd22daf8fe76ce724c5e37f07875e9a3dd9,"0000 -30  0.0  10.140200  0  K1ABC FN42 33 
<DecodeFinished>",
-29.5,0.5,0.0,66,2026092866,1,K1ABC FN42 33,-29,0,10.140200,0.05559971699995003,0,official WSJT-X 3.0.2; binary SHA256 9e3c2fc14f63c4b4c4e9fcc33b386cd22daf8fe76ce724c5e37f07875e9a3dd9,"0000 -29 -0.1  10.140200  0  K1ABC FN42 33 
<DecodeFinished>",
-29.5,0.5,0.0,67,2026092867,1,K1ABC FN42 33,-29,0,10.140200,0.10364857500007929,0,official WSJT-X 3.0.2; binary SHA256 9e3c2fc14f63c4b4c4e9fcc33b386cd22daf8fe76ce724c5e37f07875e9a3dd9,"0000 -29  0.1  10.140200  0  K1ABC FN42 33 
<DecodeFinished>",
-29.5,0.5,0.0,63,2026092863,1,K1ABC FN42 33,-30,0,10.140200,0.25297116999990976,0,official WSJT-X 3.0.2; binary SHA256 9e3c2fc14f63c4b4c4e9fcc33b386cd22daf8fe76ce724c5e37f07875e9a3dd9,"0000 -30  0.0  10.140200  0  K1ABC FN42 33 
<DecodeFinished>",
-29.5,0.5,0.0,69,2026092869,1,K1ABC FN42 33,-29,0,10.140200,0.07015000799992777,0,official WSJT-X 3.0.2; binary SHA256 9e3c2fc14f63c4b4c4e9fcc33b386cd22daf8fe76ce724c5e37f07875e9a3dd9,"0000 -29  0.1  10.140200  0  K1ABC FN42 33 
<DecodeFinished>",
-29.5,0.5,0.0,70,2026092870,1,K1ABC FN42 33,-29,0,10.140200,0.05195274900006552,0,official WSJT-X 3.0.2; binary SHA256 9e3c2fc14f63c4b4c4e9fcc33b386cd22daf8fe76ce724c5e37f07875e9a3dd9,"0000 -29  0.1  10.140200  0  K1ABC FN42 33 
<DecodeFinished>",
-29.5,0.5,0.0,52,2026092852,0,,,,,0.5541989929997726,0,official WSJT-X 3.0.2; binary SHA256 9e3c2fc14f63c4b4c4e9fcc33b386cd22daf8fe76ce724c5e37f07875e9a3dd9,<DecodeFinished>,
-29.5,0.5,0.0,72,2026092872,1,K1ABC FN42 33,-29,0,10.140200,0.09377250700026707,0,official WSJT-X 3.0.2; binary SHA256 9e3c2fc14f63c4b4c4e9fcc33b386cd22daf8fe76ce724c5e37f07875e9a3dd9,"0000 -29  0.0  10.140200  0  K1ABC FN42 33 
<DecodeFinished>",
-29.5,0.5,0.0,68,2026092868,1,K1ABC FN42 33,-30,0,10.140200,0.25162307000027795,0,official WSJT-X 3.0.2; binary SHA256 9e3c2fc14f63c4b4c4e9fcc33b386cd22daf8fe76ce724c5e37f07875e9a3dd9,"0000 -30 -0.0  10.140200  0  K1ABC FN42 33 
<DecodeFinished>",
-29.5,0.5,0.0,73,2026092873,1,K1ABC FN42 33,-29,0,10.140200,0.06710574399994584,0,official WSJT-X 3.0.2; binary SHA256 9e3c2fc14f63c4b4c4e9fcc33b386cd22daf8fe76ce724c5e37f07875e9a3dd9,"0000 -29 -0.1  10.140200  0  K1ABC FN42 33 
<DecodeFinished>",
-29.5,0.5,0.0,74,2026092874,1,K1ABC FN42 33,-29,0,10.140200,0.04876183999977002,0,official WSJT-X 3.0.2; binary SHA256 9e3c2fc14f63c4b4c4e9fcc33b386cd22daf8fe76ce724c5e37f07875e9a3dd9,"0000 -29  0.1  10.140200  0  K1ABC FN42 33 
<DecodeFinished>",
-29.5,0.5,0.0,76,2026092876,1,K1ABC FN42 33,-29,0,10.140200,0.047985985999730474,0,official WSJT-X 3.0.2; binary SHA256 9e3c2fc14f63c4b4c4e9fcc33b386cd22daf8fe76ce724c5e37f07875e9a3dd9,"0000 -29  0.0  10.140200  0  K1ABC FN42 33 
<DecodeFinished>",
-29.5,0.5,0.0,75,2026092875,1,K1ABC FN42 33,-29,0,10.140200,0.0749989299997651,0,official WSJT-X 3.0.2; binary SHA256 9e3c2fc14f63c4b4c4e9fcc33b386cd22daf8fe76ce724c5e37f07875e9a3dd9,"0000 -29  0.1  10.140200  0  K1ABC FN42 33 
<DecodeFinished>",
-29.5,0.5,0.0,77,2026092877,1,K1ABC FN42 33,-29,0,10.140200,0.05075091899971085,0,official WSJT-X 3.0.2; binary SHA256 9e3c2fc14f63c4b4c4e9fcc33b386cd22daf8fe76ce724c5e37f07875e9a3dd9,"0000 -29  0.1  10.140200  0  K1ABC FN42 33 
<DecodeFinished>",
-29.5,0.5,0.0,71,2026092871,1,K1ABC FN42 33,-29,0,10.140200,0.26869168899975193,0,official WSJT-X 3.0.2; binary SHA256 9e3c2fc14f63c4b4c4e9fcc33b386cd22daf8fe76ce724c5e37f07875e9a3dd9,"0000 -29 -0.1  10.140200  0  K1ABC FN42 33 
<DecodeFinished>",
-29.5,0.5,0.0,81,2026092881,1,K1ABC FN42 33,-30,0,10.140200,0.09613794800043252,0,official WSJT-X 3.0.2; binary SHA256 9e3c2fc14f63c4b4c4e9fcc33b386cd22daf8fe76ce724c5e37f07875e9a3dd9,"0000 -30  0.0  10.140200  0  K1ABC FN42 33 
<DecodeFinished>",
-29.5,0.5,0.0,78,2026092878,1,K1ABC FN42 33,-29,0,10.140200,0.26064220000034766,0,official WSJT-X 3.0.2; binary SHA256 9e3c2fc14f63c4b4c4e9fcc33b386cd22daf8fe76ce724c5e37f07875e9a3dd9,"0000 -29  0.0  10.140200  0  K1ABC FN42 33 
<DecodeFinished>",
-29.5,0.5,0.0,82,2026092882,1,K1ABC FN42 33,-29,0,10.140200,0.052861553999719035,0,official WSJT-X 3.0.2; binary SHA256 9e3c2fc14f63c4b4c4e9fcc33b386cd22daf8fe76ce724c5e37f07875e9a3dd9,"0000 -29  0.0  10.140200  0  K1ABC FN42 33 
<DecodeFinished>",
-29.5,0.5,0.0,84,2026092884,1,K1ABC FN42 33,-29,0,10.140200,0.053588025999943056,0,official WSJT-X 3.0.2; binary SHA256 9e3c2fc14f63c4b4c4e9fcc33b386cd22daf8fe76ce724c5e37f07875e9a3dd9,"0000 -29  0.1  10.140200  0  K1ABC FN42 33 
<DecodeFinished>",
-29.5,0.5,0.0,83,2026092883,1,K1ABC FN42 33,-29,0,10.140200,0.26300632299989957,0,official WSJT-X 3.0.2; binary SHA256 9e3c2fc14f63c4b4c4e9fcc33b386cd22daf8fe76ce724c5e37f07875e9a3dd9,"0000 -29  0.1  10.140200  0  K1ABC FN42 33 
<DecodeFinished>",
-29.5,0.5,0.0,79,2026092879,0,,,,,0.5307162290000633,0,official WSJT-X 3.0.2; binary SHA256 9e3c2fc14f63c4b4c4e9fcc33b386cd22daf8fe76ce724c5e37f07875e9a3dd9,<DecodeFinished>,
-29.5,0.5,0.0,85,2026092885,1,K1ABC FN42 33,-29,0,10.140200,0.26594239500036565,0,official WSJT-X 3.0.2; binary SHA256 9e3c2fc14f63c4b4c4e9fcc33b386cd22daf8fe76ce724c5e37f07875e9a3dd9,"0000 -29 -0.1  10.140200  0  K1ABC FN42 33 
<DecodeFinished>",
-29.5,0.5,0.0,80,2026092880,0,,,,,0.5508832159998747,0,official WSJT-X 3.0.2; binary SHA256 9e3c2fc14f63c4b4c4e9fcc33b386cd22daf8fe76ce724c5e37f07875e9a3dd9,<DecodeFinished>,
-29.5,0.5,0.0,87,2026092887,1,K1ABC FN42 33,-29,0,10.140200,0.04721808800013605,0,official WSJT-X 3.0.2; binary SHA256 9e3c2fc14f63c4b4c4e9fcc33b386cd22daf8fe76ce724c5e37f07875e9a3dd9,"0000 -29 -0.0  10.140200  0  K1ABC FN42 33 
<DecodeFinished>",
-29.5,0.5,0.0,86,2026092886,1,K1ABC FN42 33,-30,0,10.140200,0.0904353959999753,0,official WSJT-X 3.0.2; binary SHA256 9e3c2fc14f63c4b4c4e9fcc33b386cd22daf8fe76ce724c5e37f07875e9a3dd9,"0000 -30 -0.1  10.140200  0  K1ABC FN42 33 
<DecodeFinished>",
-29.5,0.5,0.0,90,2026092890,1,K1ABC FN42 33,-30,0,10.140200,0.06034319399986998,0,official WSJT-X 3.0.2; binary SHA256 9e3c2fc14f63c4b4c4e9fcc33b386cd22daf8fe76ce724c5e37f07875e9a3dd9,"0000 -30 -0.0  10.140200  0  K1ABC FN42 33 
<DecodeFinished>",
-29.5,0.5,0.0,92,2026092892,1,K1ABC FN42 33,-29,0,10.140200,0.05098068699999203,0,official WSJT-X 3.0.2; binary SHA256 9e3c2fc14f63c4b4c4e9fcc33b386cd22daf8fe76ce724c5e37f07875e9a3dd9,"0000 -29  0.0  10.140200  0  K1ABC FN42 33 
<DecodeFinished>",
-29.5,0.5,0.0,91,2026092891,1,K1ABC FN42 33,-29,0,10.140200,0.10214949100009107,0,official WSJT-X 3.0.2; binary SHA256 9e3c2fc14f63c4b4c4e9fcc33b386cd22daf8fe76ce724c5e37f07875e9a3dd9,"0000 -29  0.1  10.140200  0  K1ABC FN42 33 
<DecodeFinished>",
-29.5,0.5,0.0,93,2026092893,1,K1ABC FN42 33,-29,0,10.140200,0.05426105299966366,0,official WSJT-X 3.0.2; binary SHA256 9e3c2fc14f63c4b4c4e9fcc33b386cd22daf8fe76ce724c5e37f07875e9a3dd9,"0000 -29  0.1  10.140200  0  K1ABC FN42 33 
<DecodeFinished>",
-29.5,0.5,0.0,94,2026092894,1,K1ABC FN42 33,-29,0,10.140200,0.07888538800034439,0,official WSJT-X 3.0.2; binary SHA256 9e3c2fc14f63c4b4c4e9fcc33b386cd22daf8fe76ce724c5e37f07875e9a3dd9,"0000 -29 -0.0  10.140200  0  K1ABC FN42 33 
<DecodeFinished>",
-29.5,0.5,0.0,96,2026092896,1,K1ABC FN42 33,-29,0,10.140200,0.05489780200014138,0,official WSJT-X 3.0.2; binary SHA256 9e3c2fc14f63c4b4c4e9fcc33b386cd22daf8fe76ce724c5e37f07875e9a3dd9,"0000 -29 -0.1  10.140200  0  K1ABC FN42 33 
<DecodeFinished>",
-29.5,0.5,0.0,89,2026092889,1,K1ABC FN42 33,-30,0,10.140200,0.2579177949996847,0,official WSJT-X 3.0.2; binary SHA256 9e3c2fc14f63c4b4c4e9fcc33b386cd22daf8fe76ce724c5e37f07875e9a3dd9,"0000 -30  0.0  10.140200  0  K1ABC FN42 33 
<DecodeFinished>",
-29.5,0.5,0.0,95,2026092895,1,K1ABC FN42 33,-30,0,10.140200,0.11379346400008217,0,official WSJT-X 3.0.2; binary SHA256 9e3c2fc14f63c4b4c4e9fcc33b386cd22daf8fe76ce724c5e37f07875e9a3dd9,"0000 -30 -0.1  10.140200  0  K1ABC FN42 33 
<DecodeFinished>",
-29.5,0.5,0.0,99,2026092899,1,K1ABC FN42 33,-29,0,10.140200,0.05626603400014574,0,official WSJT-X 3.0.2; binary SHA256 9e3c2fc14f63c4b4c4e9fcc33b386cd22daf8fe76ce724c5e37f07875e9a3dd9,"0000 -29  0.1  10.140200  0  K1ABC FN42 33 
<DecodeFinished>",
-29.5,0.5,0.0,98,2026092898,1,K1ABC FN42 33,-30,0,10.140200,0.24674554299963347,0,official WSJT-X 3.0.2; binary SHA256 9e3c2fc14f63c4b4c4e9fcc33b386cd22daf8fe76ce724c5e37f07875e9a3dd9,"0000 -30  0.0  10.140200  0  K1ABC FN42 33 
<DecodeFinished>",
-29.5,0.5,0.0,97,2026092897,1,K1ABC FN42 33,-29,0,10.140200,0.2732480139998188,0,official WSJT-X 3.0.2; binary SHA256 9e3c2fc14f63c4b4c4e9fcc33b386cd22daf8fe76ce724c5e37f07875e9a3dd9,"0000 -29 -0.1  10.140200  0  K1ABC FN42 33 
<DecodeFinished>",
-29.5,0.5,0.0,88,2026092888,0,,,,,0.5788812719997622,0,official WSJT-X 3.0.2; binary SHA256 9e3c2fc14f63c4b4c4e9fcc33b386cd22daf8fe76ce724c5e37f07875e9a3dd9,<DecodeFinished>,
-29.5,0.5,0.125,0,2026092800,1,K1ABC FN42 33,-29,0,10.140200,0.2575785549997818,0,official WSJT-X 3.0.2; binary SHA256 9e3c2fc14f63c4b4c4e9fcc33b386cd22daf8fe76ce724c5e37f07875e9a3dd9,"0000 -29 -0.0  10.140200  0  K1ABC FN42 33 
<DecodeFinished>",
-29.5,0.5,0.125,3,2026092803,1,K1ABC FN42 33,-29,0,10.140200,0.05841022699996756,0,official WSJT-X 3.0.2; binary SHA256 9e3c2fc14f63c4b4c4e9fcc33b386cd22daf8fe76ce724c5e37f07875e9a3dd9,"0000 -29 -0.0  10.140200  0  K1ABC FN42 33 
<DecodeFinished>",
-29.5,0.5,0.125,4,2026092804,1,K1ABC FN42 33,-28,0,10.140200,0.049227494999740884,0,official WSJT-X 3.0.2; binary SHA256 9e3c2fc14f63c4b4c4e9fcc33b386cd22daf8fe76ce724c5e37f07875e9a3dd9,"0000 -28 -0.1  10.140200  0  K1ABC FN42 33 
<DecodeFinished>",
-29.5,0.5,0.125,5,2026092805,1,K1ABC FN42 33,-29,0,10.140200,0.05812793899985991,0,official WSJT-X 3.0.2; binary SHA256 9e3c2fc14f63c4b4c4e9fcc33b386cd22daf8fe76ce724c5e37f07875e9a3dd9,"0000 -29  0.0  10.140200  0  K1ABC FN42 33 
<DecodeFinished>",
-29.5,0.5,0.125,6,2026092806,1,K1ABC FN42 33,-29,0,10.140200,0.05540006000001085,0,official WSJT-X 3.0.2; binary SHA256 9e3c2fc14f63c4b4c4e9fcc33b386cd22daf8fe76ce724c5e37f07875e9a3dd9,"0000 -29  0.0  10.140200  0  K1ABC FN42 33 
<DecodeFinished>",
-29.5,0.5,0.125,7,2026092807,1,K1ABC FN42 33,-30,0,10.140200,0.05211469300002136,0,official WSJT-X 3.0.2; binary SHA256 9e3c2fc14f63c4b4c4e9fcc33b386cd22daf8fe76ce724c5e37f07875e9a3dd9,"0000 -30  0.1  10.140200  0  K1ABC FN42 33 
<DecodeFinished>",
-29.5,0.5,0.125,1,2026092801,1,K1ABC FN42 33,-28,0,10.140200,0.26929023299999244,0,official WSJT-X 3.0.2; binary SHA256 9e3c2fc14f63c4b4c4e9fcc33b386cd22daf8fe76ce724c5e37f07875e9a3dd9,"0000 -28 -0.1  10.140200  0  K1ABC FN42 33 
<DecodeFinished>",
-29.5,0.5,0.125,9,2026092809,1,K1ABC FN42 33,-29,0,10.140200,0.06920205599999463,0,official WSJT-X 3.0.2; binary SHA256 9e3c2fc14f63c4b4c4e9fcc33b386cd22daf8fe76ce724c5e37f07875e9a3dd9,"0000 -29  0.1  10.140200  0  K1ABC FN42 33 
<DecodeFinished>",
-29.5,0.5,0.125,10,2026092810,1,K1ABC FN42 33,-29,0,10.140200,0.05478119899999001,0,official WSJT-X 3.0.2; binary SHA256 9e3c2fc14f63c4b4c4e9fcc33b386cd22daf8fe76ce724c5e37f07875e9a3dd9,"0000 -29 -0.0  10.140200  0  K1ABC FN42 33 
<DecodeFinished>",
-29.5,0.5,0.125,11,2026092811,1,K1ABC FN42 33,-29,0,10.140200,0.043501670000296144,0,official WSJT-X 3.0.2; binary SHA256 9e3c2fc14f63c4b4c4e9fcc33b386cd22daf8fe76ce724c5e37f07875e9a3dd9,"0000 -29 -0.0  10.140200  0  K1ABC FN42 33 
<DecodeFinished>",
-29.5,0.5,0.125,12,2026092812,1,K1ABC FN42 33,-28,0,10.140200,0.055970254999920144,0,official WSJT-X 3.0.2; binary SHA256 9e3c2fc14f63c4b4c4e9fcc33b386cd22daf8fe76ce724c5e37f07875e9a3dd9,"0000 -28  0.1  10.140200  0  K1ABC FN42 33 
<DecodeFinished>",
-29.5,0.5,0.125,13,2026092813,1,K1ABC FN42 33,-30,0,10.140200,0.05526160199997321,0,official WSJT-X 3.0.2; binary SHA256 9e3c2fc14f63c4b4c4e9fcc33b386cd22daf8fe76ce724c5e37f07875e9a3dd9,"0000 -30  0.0  10.140200  0  K1ABC FN42 33 
<DecodeFinished>",
-29.5,0.5,0.125,14,2026092814,1,K1ABC FN42 33,-29,0,10.140200,0.05292353599998023,0,official WSJT-X 3.0.2; binary SHA256 9e3c2fc14f63c4b4c4e9fcc33b386cd22daf8fe76ce724c5e37f07875e9a3dd9,"0000 -29 -0.0  10.140200  0  K1ABC FN42 33 
<DecodeFinished>",
-29.5,0.5,0.125,15,2026092815,1,K1ABC FN42 33,-30,0,10.140200,0.056455708000157756,0,official WSJT-X 3.0.2; binary SHA256 9e3c2fc14f63c4b4c4e9fcc33b386cd22daf8fe76ce724c5e37f07875e9a3dd9,"0000 -30 -0.0  10.140200  0  K1ABC FN42 33 
<DecodeFinished>",
-29.5,0.5,0.125,8,2026092808,1,K1ABC FN42 33,-29,0,10.140200,0.2632444820001183,0,official WSJT-X 3.0.2; binary SHA256 9e3c2fc14f63c4b4c4e9fcc33b386cd22daf8fe76ce724c5e37f07875e9a3dd9,"0000 -29  0.0  10.140200  0  K1ABC FN42 33 
<DecodeFinished>",
-29.5,0.5,0.125,17,2026092817,1,K1ABC FN42 33,-29,0,10.140200,0.04612671099994259,0,official WSJT-X 3.0.2; binary SHA256 9e3c2fc14f63c4b4c4e9fcc33b386cd22daf8fe76ce724c5e37f07875e9a3dd9,"0000 -29  0.0  10.140200  0  K1ABC FN42 33 
<DecodeFinished>",
-29.5,0.5,0.125,18,2026092818,1,K1ABC FN42 33,-30,0,10.140200,0.05092549199980567,0,official WSJT-X 3.0.2; binary SHA256 9e3c2fc14f63c4b4c4e9fcc33b386cd22daf8fe76ce724c5e37f07875e9a3dd9,"0000 -30 -0.1  10.140200  0  K1ABC FN42 33 
<DecodeFinished>",
-29.5,0.5,0.125,2,2026092802,0,,,,,0.534974732000137,0,official WSJT-X 3.0.2; binary SHA256 9e3c2fc14f63c4b4c4e9fcc33b386cd22daf8fe76ce724c5e37f07875e9a3dd9,<DecodeFinished>,
-29.5,0.5,0.125,20,2026092820,1,K1ABC FN42 33,-28,0,10.140200,0.05008875600015017,0,official WSJT-X 3.0.2; binary SHA256 9e3c2fc14f63c4b4c4e9fcc33b386cd22daf8fe76ce724c5e37f07875e9a3dd9,"0000 -28 -0.0  10.140200  0  K1ABC FN42 33 
<DecodeFinished>",
-29.5,0.5,0.125,22,2026092822,1,K1ABC FN42 33,-30,0,10.140200,0.04880567299960603,0,official WSJT-X 3.0.2; binary SHA256 9e3c2fc14f63c4b4c4e9fcc33b386cd22daf8fe76ce724c5e37f07875e9a3dd9,"0000 -30  0.1  10.140200  0  K1ABC FN42 33 
<DecodeFinished>",
-29.5,0.5,0.125,23,2026092823,1,K1ABC FN42 33,-29,0,10.140200,0.04699591199960196,0,official WSJT-X 3.0.2; binary SHA256 9e3c2fc14f63c4b4c4e9fcc33b386cd22daf8fe76ce724c5e37f07875e9a3dd9,"0000 -29  0.0  10.140200  0  K1ABC FN42 33 
<DecodeFinished>",
-29.5,0.5,0.125,24,2026092824,1,K1ABC FN42 33,-29,0,10.140200,0.05566295300013735,0,official WSJT-X 3.0.2; binary SHA256 9e3c2fc14f63c4b4c4e9fcc33b386cd22daf8fe76ce724c5e37f07875e9a3dd9,"0000 -29 -0.1  10.140200  0  K1ABC FN42 33 
<DecodeFinished>",
-29.5,0.5,0.125,25,2026092825,1,K1ABC FN42 33,-29,0,10.140200,0.06597899100006543,0,official WSJT-X 3.0.2; binary SHA256 9e3c2fc14f63c4b4c4e9fcc33b386cd22daf8fe76ce724c5e37f07875e9a3dd9,"0000 -29 -0.1  10.140200  0  K1ABC FN42 33 
<DecodeFinished>",
-29.5,0.5,0.125,26,2026092826,1,K1ABC FN42 33,-29,0,10.140200,0.07832198400001289,0,official WSJT-X 3.0.2; binary SHA256 9e3c2fc14f63c4b4c4e9fcc33b386cd22daf8fe76ce724c5e37f07875e9a3dd9,"0000 -29  0.1  10.140200  0  K1ABC FN42 33 
<DecodeFinished>",
-29.5,0.5,0.125,21,2026092821,1,K1ABC FN42 33,-29,0,10.140200,0.34793381899999076,0,official WSJT-X 3.0.2; binary SHA256 9e3c2fc14f63c4b4c4e9fcc33b386cd22daf8fe76ce724c5e37f07875e9a3dd9,"0000 -29  0.1  10.140200  0  K1ABC FN42 33 
<DecodeFinished>",
-29.5,0.5,0.125,19,2026092819,0,,,,,0.42059510599983696,0,official WSJT-X 3.0.2; binary SHA256 9e3c2fc14f63c4b4c4e9fcc33b386cd22daf8fe76ce724c5e37f07875e9a3dd9,<DecodeFinished>,
-29.5,0.5,0.125,16,2026092816,0,,,,,0.5327879329997813,0,official WSJT-X 3.0.2; binary SHA256 9e3c2fc14f63c4b4c4e9fcc33b386cd22daf8fe76ce724c5e37f07875e9a3dd9,<DecodeFinished>,
-29.5,0.5,0.125,29,2026092829,1,K1ABC FN42 33,-29,0,10.140200,0.05362360199978866,0,official WSJT-X 3.0.2; binary SHA256 9e3c2fc14f63c4b4c4e9fcc33b386cd22daf8fe76ce724c5e37f07875e9a3dd9,"0000 -29 -0.1  10.140200  0  K1ABC FN42 33 
<DecodeFinished>",
-29.5,0.5,0.125,31,2026092831,1,K1ABC FN42 33,-30,0,10.140200,0.0516540060002626,0,official WSJT-X 3.0.2; binary SHA256 9e3c2fc14f63c4b4c4e9fcc33b386cd22daf8fe76ce724c5e37f07875e9a3dd9,"0000 -30 -0.1  10.140200  0  K1ABC FN42 33 
<DecodeFinished>",
-29.5,0.5,0.125,28,2026092828,1,K1ABC FN42 33,-29,0,10.140200,0.2576572729999498,0,official WSJT-X 3.0.2; binary SHA256 9e3c2fc14f63c4b4c4e9fcc33b386cd22daf8fe76ce724c5e37f07875e9a3dd9,"0000 -29  0.1  10.140200  0  K1ABC FN42 33 
<DecodeFinished>",
-29.5,0.5,0.125,27,2026092827,1,K1ABC FN42 33,-29,0,10.140200,0.3381166099998154,0,official WSJT-X 3.0.2; binary SHA256 9e3c2fc14f63c4b4c4e9fcc33b386cd22daf8fe76ce724c5e37f07875e9a3dd9,"0000 -29  0.0  10.140200  0  K1ABC FN42 33 
<DecodeFinished>",
-29.5,0.5,0.125,30,2026092830,1,K1ABC FN42 33,-30,0,10.140200,0.24061628800018298,0,official WSJT-X 3.0.2; binary SHA256 9e3c2fc14f63c4b4c4e9fcc33b386cd22daf8fe76ce724c5e37f07875e9a3dd9,"0000 -30 -0.0  10.140200  0  K1ABC FN42 33 
<DecodeFinished>",
-29.5,0.5,0.125,32,2026092832,1,K1ABC FN42 33,-30,0,10.140200,0.20028030699995725,0,official WSJT-X 3.0.2; binary SHA256 9e3c2fc14f63c4b4c4e9fcc33b386cd22daf8fe76ce724c5e37f07875e9a3dd9,"0000 -30 -0.0  10.140200  0  K1ABC FN42 33 
<DecodeFinished>",
-29.5,0.5,0.125,34,2026092834,1,K1ABC FN42 33,-29,0,10.140200,0.056983565999871644,0,official WSJT-X 3.0.2; binary SHA256 9e3c2fc14f63c4b4c4e9fcc33b386cd22daf8fe76ce724c5e37f07875e9a3dd9,"0000 -29  0.0  10.140200  0  K1ABC FN42 33 
<DecodeFinished>",
-29.5,0.5,0.125,35,2026092835,1,K1ABC FN42 33,-29,0,10.140200,0.05188007700007802,0,official WSJT-X 3.0.2; binary SHA256 9e3c2fc14f63c4b4c4e9fcc33b386cd22daf8fe76ce724c5e37f07875e9a3dd9,"0000 -29  0.0  10.140200  0  K1ABC FN42 33 
<DecodeFinished>",
-29.5,0.5,0.125,36,2026092836,1,K1ABC FN42 33,-29,0,10.140200,0.06389205499999662,0,official WSJT-X 3.0.2; binary SHA256 9e3c2fc14f63c4b4c4e9fcc33b386cd22daf8fe76ce724c5e37f07875e9a3dd9,"0000 -29 -0.1  10.140200  0  K1ABC FN42 33 
<DecodeFinished>",
-29.5,0.5,0.125,37,2026092837,1,K1ABC FN42 33,-30,0,10.140200,0.05545017500026006,0,official WSJT-X 3.0.2; binary SHA256 9e3c2fc14f63c4b4c4e9fcc33b386cd22daf8fe76ce724c5e37f07875e9a3dd9,"0000 -30 -0.0  10.140200  0  K1ABC FN42 33 
<DecodeFinished>",
-29.5,0.5,0.125,38,2026092838,1,K1ABC FN42 33,-29,0,10.140200,0.05370028800007276,0,official WSJT-X 3.0.2; binary SHA256 9e3c2fc14f63c4b4c4e9fcc33b386cd22daf8fe76ce724c5e37f07875e9a3dd9,"0000 -29  0.0  10.140200  0  K1ABC FN42 33 
<DecodeFinished>",
-29.5,0.5,0.125,39,2026092839,1,K1ABC FN42 33,-30,0,10.140200,0.048286871000073006,0,official WSJT-X 3.0.2; binary SHA256 9e3c2fc14f63c4b4c4e9fcc33b386cd22daf8fe76ce724c5e37f07875e9a3dd9,"0000 -30  0.1  10.140200  0  K1ABC FN42 33 
<DecodeFinished>",
-29.5,0.5,0.125,33,2026092833,1,K1ABC FN42 33,-29,0,10.140200,0.19489103900014015,0,official WSJT-X 3.0.2; binary SHA256 9e3c2fc14f63c4b4c4e9fcc33b386cd22daf8fe76ce724c5e37f07875e9a3dd9,"0000 -29  0.0  10.140200  0  K1ABC FN42 33 
<DecodeFinished>",
-29.5,0.5,0.125,40,2026092840,1,K1ABC FN42 33,-30,0,10.140200,0.05216031100007967,0,official WSJT-X 3.0.2; binary SHA256 9e3c2fc14f63c4b4c4e9fcc33b386cd22daf8fe76ce724c5e37f07875e9a3dd9,"0000 -30  0.1  10.140200  0  K1ABC FN42 33 
<DecodeFinished>",
-29.5,0.5,0.125,41,2026092841,1,K1ABC FN42 33,-30,0,10.140200,0.05464107400030116,0,official WSJT-X 3.0.2; binary SHA256 9e3c2fc14f63c4b4c4e9fcc33b386cd22daf8fe76ce724c5e37f07875e9a3dd9,"0000 -30  0.0  10.140200  0  K1ABC FN42 33 
<DecodeFinished>",
-29.5,0.5,0.125,42,2026092842,1,K1ABC FN42 33,-30,0,10.140200,0.08750770999995439,0,official WSJT-X 3.0.2; binary SHA256 9e3c2fc14f63c4b4c4e9fcc33b386cd22daf8fe76ce724c5e37f07875e9a3dd9,"0000 -30 -0.0  10.140200  0  K1ABC FN42 33 
<DecodeFinished>",
-29.5,0.5,0.125,44,2026092844,1,K1ABC FN42 33,-30,0,10.140200,0.0789298949998738,0,official WSJT-X 3.0.2; binary SHA256 9e3c2fc14f63c4b4c4e9fcc33b386cd22daf8fe76ce724c5e37f07875e9a3dd9,"0000 -30  0.0  10.140200  0  K1ABC FN42 33 
<DecodeFinished>",
-29.5,0.5,0.125,43,2026092843,1,K1ABC FN42 33,-30,0,10.140200,0.11863654799981305,0,official WSJT-X 3.0.2; binary SHA256 9e3c2fc14f63c4b4c4e9fcc33b386cd22daf8fe76ce724c5e37f07875e9a3dd9,"0000 -30 -0.1  10.140200  0  K1ABC FN42 33 
<DecodeFinished>",
-29.5,0.5,0.125,47,2026092847,1,K1ABC FN42 33,-29,0,10.140200,0.07148169399988547,0,official WSJT-X 3.0.2; binary SHA256 9e3c2fc14f63c4b4c4e9fcc33b386cd22daf8fe76ce724c5e37f07875e9a3dd9,"0000 -29 -0.0  10.140200  0  K1ABC FN42 33 
<DecodeFinished>",
-29.5,0.5,0.125,48,2026092848,1,K1ABC FN42 33,-29,0,10.140200,0.05014719399969181,0,official WSJT-X 3.0.2; binary SHA256 9e3c2fc14f63c4b4c4e9fcc33b386cd22daf8fe76ce724c5e37f07875e9a3dd9,"0000 -29  0.0  10.140200  0  K1ABC FN42 33 
<DecodeFinished>",
-29.5,0.5,0.125,49,2026092849,1,K1ABC FN42 33,-29,0,10.140200,0.04746523000039815,0,official WSJT-X 3.0.2; binary SHA256 9e3c2fc14f63c4b4c4e9fcc33b386cd22daf8fe76ce724c5e37f07875e9a3dd9,"0000 -29 -0.1  10.140200  0  K1ABC FN42 33 
<DecodeFinished>",
-29.5,0.5,0.125,50,2026092850,1,K1ABC FN42 33,-29,0,10.140200,0.0561288480002986,0,official WSJT-X 3.0.2; binary SHA256 9e3c2fc14f63c4b4c4e9fcc33b386cd22daf8fe76ce724c5e37f07875e9a3dd9,"0000 -29 -0.0  10.140200  0  K1ABC FN42 33 
<DecodeFinished>",
-29.5,0.5,0.125,51,2026092851,1,K1ABC FN42 33,-29,0,10.140200,0.049160276999828056,0,official WSJT-X 3.0.2; binary SHA256 9e3c2fc14f63c4b4c4e9fcc33b386cd22daf8fe76ce724c5e37f07875e9a3dd9,"0000 -29  0.0  10.140200  0  K1ABC FN42 33 
<DecodeFinished>",
-29.5,0.5,0.125,52,2026092852,1,K1ABC FN42 33,-29,0,10.140200,0.052697594999699504,0,official WSJT-X 3.0.2; binary SHA256 9e3c2fc14f63c4b4c4e9fcc33b386cd22daf8fe76ce724c5e37f07875e9a3dd9,"0000 -29  0.0  10.140200  0  K1ABC FN42 33 
<DecodeFinished>",
-29.5,0.5,0.125,45,2026092845,1,K1ABC FN42 33,-30,0,10.140200,0.2679232899999988,0,official WSJT-X 3.0.2; binary SHA256 9e3c2fc14f63c4b4c4e9fcc33b386cd22daf8fe76ce724c5e37f07875e9a3dd9,"0000 -30 -0.1  10.140200  0  K1ABC FN42 33 
<DecodeFinished>",
-29.5,0.5,0.125,53,2026092853,1,K1ABC FN42 33,-31,0,10.140200,0.07133756400025959,0,official WSJT-X 3.0.2; binary SHA256 9e3c2fc14f63c4b4c4e9fcc33b386cd22daf8fe76ce724c5e37f07875e9a3dd9,"0000 -31  0.0  10.140200  0  K1ABC FN42 33 
<DecodeFinished>",
-29.5,0.5,0.125,46,2026092846,1,K1ABC FN42 33,-30,0,10.140200,0.26304942600017966,0,official WSJT-X 3.0.2; binary SHA256 9e3c2fc14f63c4b4c4e9fcc33b386cd22daf8fe76ce724c5e37f07875e9a3dd9,"0000 -30  0.1  10.140200  0  K1ABC FN42 33 
<DecodeFinished>",
-29.5,0.5,0.125,55,2026092855,1,K1ABC FN42 33,-29,0,10.140200,0.06466973799979314,0,official WSJT-X 3.0.2; binary SHA256 9e3c2fc14f63c4b4c4e9fcc33b386cd22daf8fe76ce724c5e37f07875e9a3dd9,"0000 -29 -0.0  10.140200  0  K1ABC FN42 33 
<DecodeFinished>",
-29.5,0.5,0.125,56,2026092856,1,K1ABC FN42 33,-29,0,10.140200,0.0548329719999856,0,official WSJT-X 3.0.2; binary SHA256 9e3c2fc14f63c4b4c4e9fcc33b386cd22daf8fe76ce724c5e37f07875e9a3dd9,"0000 -29 -0.1  10.140200  0  K1ABC FN42 33 
<DecodeFinished>",
-29.5,0.5,0.125,57,2026092857,1,K1ABC FN42 33,-30,0,10.140200,0.04753301599976112,0,official WSJT-X 3.0.2; binary SHA256 9e3c2fc14f63c4b4c4e9fcc33b386cd22daf8fe76ce724c5e37f07875e9a3dd9,"0000 -30 -0.0  10.140200  0  K1ABC FN42 33 
<DecodeFinished>",
-29.5,0.5,0.125,60,2026092860,1,K1ABC FN42 33,-29,0,10.140200,0.04648238900017532,0,official WSJT-X 3.0.2; binary SHA256 9e3c2fc14f63c4b4c4e9fcc33b386cd22daf8fe76ce724c5e37f07875e9a3dd9,"0000 -29  0.0  10.140200  0  K1ABC FN42 33 
<DecodeFinished>",
-29.5,0.5,0.125,59,2026092859,1,K1ABC FN42 33,-29,0,10.140200,0.04904957300004753,0,official WSJT-X 3.0.2; binary SHA256 9e3c2fc14f63c4b4c4e9fcc33b386cd22daf8fe76ce724c5e37f07875e9a3dd9,"0000 -29 -0.1  10.140200  0  K1ABC FN42 33 
<DecodeFinished>",
-29.5,0.5,0.125,61,2026092861,1,K1ABC FN42 33,-29,0,10.140200,0.04222953599992252,0,official WSJT-X 3.0.2; binary SHA256 9e3c2fc14f63c4b4c4e9fcc33b386cd22daf8fe76ce724c5e37f07875e9a3dd9,"0000 -29  0.0  10.140200  0  K1ABC FN42 33 
<DecodeFinished>",
-29.5,0.5,0.125,54,2026092854,1,K1ABC FN42 33,-30,0,10.140200,0.25148437000007107,0,official WSJT-X 3.0.2; binary SHA256 9e3c2fc14f63c4b4c4e9fcc33b386cd22daf8fe76ce724c5e37f07875e9a3dd9,"0000 -30  0.1  10.140200  0  K1ABC FN42 33 
<DecodeFinished>",
-29.5,0.5,0.125,63,2026092863,1,K1ABC FN42 33,-30,0,10.140200,0.07083175999969171,0,official WSJT-X 3.0.2; binary SHA256 9e3c2fc14f63c4b4c4e9fcc33b386cd22daf8fe76ce724c5e37f07875e9a3dd9,"0000 -30 -0.0  10.140200  0  K1ABC FN42 33 
<DecodeFinished>",
-29.5,0.5,0.125,64,2026092864,1,K1ABC FN42 33,-29,0,10.140200,0.04598742300004233,0,official WSJT-X 3.0.2; binary SHA256 9e3c2fc14f63c4b4c4e9fcc33b386cd22daf8fe76ce724c5e37f07875e9a3dd9,"0000 -29  0.0  10.140200  0  K1ABC FN42 33 
<DecodeFinished>",
-29.5,0.5,0.125,58,2026092858,1,K1ABC FN42 33,-30,0,10.140200,0.23739667599966197,0,official WSJT-X 3.0.2; binary SHA256 9e3c2fc14f63c4b4c4e9fcc33b386cd22daf8fe76ce724c5e37f07875e9a3dd9,"0000 -30  0.0  10.140200  0  K1ABC FN42 33 
<DecodeFinished>",
-29.5,0.5,0.125,65,2026092865,1,K1ABC FN42 33,-30,0,10.140200,0.060504274999857444,0,official WSJT-X 3.0.2; binary SHA256 9e3c2fc14f63c4b4c4e9fcc33b386cd22daf8fe76ce724c5e37f07875e9a3dd9,"0000 -30  0.0  10.140200  0  K1ABC FN42 33 
<DecodeFinished>",
-29.5,0.5,0.125,66,2026092866,1,K1ABC FN42 33,-29,0,10.140200,0.05794990499998676,0,official WSJT-X 3.0.2; binary SHA256 9e3c2fc14f63c4b4c4e9fcc33b386cd22daf8fe76ce724c5e37f07875e9a3dd9,"0000 -29  0.1  10.140200  0  K1ABC FN42 33 
<DecodeFinished>",
-29.5,0.5,0.125,69,2026092869,1,K1ABC FN42 33,-30,0,10.140200,0.0747375920000195,0,official WSJT-X 3.0.2; binary SHA256 9e3c2fc14f63c4b4c4e9fcc33b386cd22daf8fe76ce724c5e37f07875e9a3dd9,"0000 -30  0.2  10.140200  0  K1ABC FN42 33 
<DecodeFinished>",
-29.5,0.5,0.125,70,2026092870,1,K1ABC FN42 33,-29,0,10.140200,0.0555085619998863,0,official WSJT-X 3.0.2; binary SHA256 9e3c2fc14f63c4b4c4e9fcc33b386cd22daf8fe76ce724c5e37f07875e9a3dd9,"0000 -29  0.1  10.140200  0  K1ABC FN42 33 
<DecodeFinished>",
-29.5,0.5,0.125,62,2026092862,1,K1ABC FN42 33,-30,0,10.140200,0.3408925989997442,0,official WSJT-X 3.0.2; binary SHA256 9e3c2fc14f63c4b4c4e9fcc33b386cd22daf8fe76ce724c5e37f07875e9a3dd9,"0000 -30  0.0  10.140200  0  K1ABC FN42 33 
<DecodeFinished>",
-29.5,0.5,0.125,72,2026092872,1,K1ABC FN42 33,-29,0,10.140200,0.06863168799964114,0,official WSJT-X 3.0.2; binary SHA256 9e3c2fc14f63c4b4c4e9fcc33b386cd22daf8fe76ce724c5e37f07875e9a3dd9,"0000 -29  0.0  10.140200  0  K1ABC FN42 33 
<DecodeFinished>",
-29.5,0.5,0.125,68,2026092868,1,K1ABC FN42 33,-30,0,10.140200,0.24020521199963696,0,official WSJT-X 3.0.2; binary SHA256 9e3c2fc14f63c4b4c4e9fcc33b386cd22daf8fe76ce724c5e37f07875e9a3dd9,"0000 -30 -0.0  10.140200  0  K1ABC FN42 33 
<DecodeFinished>",
-29.5,0.5,0.125,67,2026092867,0,,,,,0.5206510680000065,0,official WSJT-X 3.0.2; binary SHA256 9e3c2fc14f63c4b4c4e9fcc33b386cd22daf8fe76ce724c5e37f07875e9a3dd9,<DecodeFinished>,
-29.5,0.5,0.125,73,2026092873,0,,,,,0.42151438600012625,0,official WSJT-X 3.0.2; binary SHA256 9e3c2fc14f63c4b4c4e9fcc33b386cd22daf8fe76ce724c5e37f07875e9a3dd9,<DecodeFinished>,
-29.5,0.5,0.125,71,2026092871,0,,,,,0.5204689669999425,0,official WSJT-X 3.0.2; binary SHA256 9e3c2fc14f63c4b4c4e9fcc33b386cd22daf8fe76ce724c5e37f07875e9a3dd9,<DecodeFinished>,
-29.5,0.5,0.125,76,2026092876,1,K1ABC FN42 33,-29,0,10.140200,0.05506716099989717,0,official WSJT-X 3.0.2; binary SHA256 9e3c2fc14f63c4b4c4e9fcc33b386cd22daf8fe76ce724c5e37f07875e9a3dd9,"0000 -29  0.0  10.140200  0  K1ABC FN42 33 
<DecodeFinished>",
-29.5,0.5,0.125,77,2026092877,1,K1ABC FN42 33,-29,0,10.140200,0.07295088900036717,0,official WSJT-X 3.0.2; binary SHA256 9e3c2fc14f63c4b4c4e9fcc33b386cd22daf8fe76ce724c5e37f07875e9a3dd9,"0000 -29  0.1  10.140200  0  K1ABC FN42 33 
<DecodeFinished>",
-29.5,0.5,0.125,75,2026092875,1,K1ABC FN42 33,-29,0,10.140200,0.2599981270000171,0,official WSJT-X 3.0.2; binary SHA256 9e3c2fc14f63c4b4c4e9fcc33b386cd22daf8fe76ce724c5e37f07875e9a3dd9,"0000 -29 -0.0  10.140200  0  K1ABC FN42 33 
<DecodeFinished>",
-29.5,0.5,0.125,74,2026092874,0,,,,,0.5286281399999098,0,official WSJT-X 3.0.2; binary SHA256 9e3c2fc14f63c4b4c4e9fcc33b386cd22daf8fe76ce724c5e37f07875e9a3dd9,<DecodeFinished>,
-29.5,0.5,0.125,79,2026092879,1,K1ABC FN42 33,-30,0,10.140200,0.052859292999983154,0,official WSJT-X 3.0.2; binary SHA256 9e3c2fc14f63c4b4c4e9fcc33b386cd22daf8fe76ce724c5e37f07875e9a3dd9,"0000 -30  0.0  10.140200  0  K1ABC FN42 33 
<DecodeFinished>",
-29.5,0.5,0.125,81,2026092881,1,K1ABC FN42 33,-29,0,10.140200,0.04872664399999849,0,official WSJT-X 3.0.2; binary SHA256 9e3c2fc14f63c4b4c4e9fcc33b386cd22daf8fe76ce724c5e37f07875e9a3dd9,"0000 -29  0.0  10.140200  0  K1ABC FN42 33 
<DecodeFinished>",
-29.5,0.5,0.125,82,2026092882,1,K1ABC FN42 33,-29,0,10.140200,0.04480774500007101,0,official WSJT-X 3.0.2; binary SHA256 9e3c2fc14f63c4b4c4e9fcc33b386cd22daf8fe76ce724c5e37f07875e9a3dd9,"0000 -29  0.0  10.140200  0  K1ABC FN42 33 
<DecodeFinished>",
-29.5,0.5,0.125,84,2026092884,1,K1ABC FN42 33,-30,0,10.140200,0.05430153199995402,0,official WSJT-X 3.0.2; binary SHA256 9e3c2fc14f63c4b4c4e9fcc33b386cd22daf8fe76ce724c5e37f07875e9a3dd9,"0000 -30 -0.1  10.140200  0  K1ABC FN42 33 
<DecodeFinished>",
-29.5,0.5,0.125,78,2026092878,1,K1ABC FN42 33,-28,0,10.140200,0.2694066619997102,0,official WSJT-X 3.0.2; binary SHA256 9e3c2fc14f63c4b4c4e9fcc33b386cd22daf8fe76ce724c5e37f07875e9a3dd9,"0000 -28  0.0  10.140200  0  K1ABC FN42 33 
<DecodeFinished>",
-29.5,0.5,0.125,85,2026092885,1,K1ABC FN42 33,-29,0,10.140200,0.09575657899995349,0,official WSJT-X 3.0.2; binary SHA256 9e3c2fc14f63c4b4c4e9fcc33b386cd22daf8fe76ce724c5e37f07875e9a3dd9,"0000 -29 -0.1  10.140200  0  K1ABC FN42 33 
<DecodeFinished>",
-29.5,0.5,0.125,86,2026092886,1,K1ABC FN42 33,-30,0,10.140200,0.05209808500012514,0,official WSJT-X 3.0.2; binary SHA256 9e3c2fc14f63c4b4c4e9fcc33b386cd22daf8fe76ce724c5e37f07875e9a3dd9,"0000 -30 -0.0  10.140200  0  K1ABC FN42 33 
<DecodeFinished>",
-29.5,0.5,0.125,83,2026092883,1,K1ABC FN42 33,-29,0,10.140200,0.29216652300010537,0,official WSJT-X 3.0.2; binary SHA256 9e3c2fc14f63c4b4c4e9fcc33b386cd22daf8fe76ce724c5e37f07875e9a3dd9,"0000 -29 -0.1  10.140200  0  K1ABC FN42 33 
<DecodeFinished>",
-29.5,0.5,0.125,89,2026092889,1,K1ABC FN42 33,-29,0,10.140200,0.04919991299993853,0,official WSJT-X 3.0.2; binary SHA256 9e3c2fc14f63c4b4c4e9fcc33b386cd22daf8fe76ce724c5e37f07875e9a3dd9,"0000 -29  0.0  10.140200  0  K1ABC FN42 33 
<DecodeFinished>",
-29.5,0.5,0.125,90,2026092890,1,K1ABC FN42 33,-30,0,10.140200,0.04788756900006774,0,official WSJT-X 3.0.2; binary SHA256 9e3c2fc14f63c4b4c4e9fcc33b386cd22daf8fe76ce724c5e37f07875e9a3dd9,"0000 -30  0.0  10.140200  0  K1ABC FN42 33 
<DecodeFinished>",
-29.5,0.5,0.125,91,2026092891,1,K1ABC FN42 33,-29,0,10.140200,0.08695332000024791,0,official WSJT-X 3.0.2; binary SHA256 9e3c2fc14f63c4b4c4e9fcc33b386cd22daf8fe76ce724c5e37f07875e9a3dd9,"0000 -29  0.1  10.140200  0  K1ABC FN42 33 
<DecodeFinished>",
-29.5,0.5,0.125,80,2026092880,0,,,,,0.5372766160003266,0,official WSJT-X 3.0.2; binary SHA256 9e3c2fc14f63c4b4c4e9fcc33b386cd22daf8fe76ce724c5e37f07875e9a3dd9,<DecodeFinished>,
-29.5,0.5,0.125,92,2026092892,1,K1ABC FN42 33,-29,0,10.140200,0.047020350999900984,0,official WSJT-X 3.0.2; binary SHA256 9e3c2fc14f63c4b4c4e9fcc33b386cd22daf8fe76ce724c5e37f07875e9a3dd9,"0000 -29  0.0  10.140200  0  K1ABC FN42 33 
<DecodeFinished>",
-29.5,0.5,0.125,93,2026092893,1,K1ABC FN42 33,-29,0,10.140200,0.08654268999998749,0,official WSJT-X 3.0.2; binary SHA256 9e3c2fc14f63c4b4c4e9fcc33b386cd22daf8fe76ce724c5e37f07875e9a3dd9,"0000 -29  0.1  10.140200  0  K1ABC FN42 33 
<DecodeFinished>",
-29.5,0.5,0.125,94,2026092894,1,K1ABC FN42 33,-29,0,10.140200,0.059637254000335815,0,official WSJT-X 3.0.2; binary SHA256 9e3c2fc14f63c4b4c4e9fcc33b386cd22daf8fe76ce724c5e37f07875e9a3dd9,"0000 -29 -0.0  10.140200  0  K1ABC FN42 33 
<DecodeFinished>",
-29.5,0.5,0.125,96,2026092896,1,K1ABC FN42 33,-30,0,10.140200,0.045717901999978494,0,official WSJT-X 3.0.2; binary SHA256 9e3c2fc14f63c4b4c4e9fcc33b386cd22daf8fe76ce724c5e37f07875e9a3dd9,"0000 -30 -0.1  10.140200  0  K1ABC FN42 33 
<DecodeFinished>",
-29.5,0.5,0.125,95,2026092895,1,K1ABC FN42 33,-29,0,10.140200,0.07564456099999006,0,official WSJT-X 3.0.2; binary SHA256 9e3c2fc14f63c4b4c4e9fcc33b386cd22daf8fe76ce724c5e37f07875e9a3dd9,"0000 -29 -0.1  10.140200  0  K1ABC FN42 33 
<DecodeFinished>",
-29.5,0.5,0.125,98,2026092898,1,K1ABC FN42 33,-30,0,10.140200,0.042390698000417615,0,official WSJT-X 3.0.2; binary SHA256 9e3c2fc14f63c4b4c4e9fcc33b386cd22daf8fe76ce724c5e37f07875e9a3dd9,"0000 -30  0.1  10.140200  0  K1ABC FN42 33 
<DecodeFinished>",
-29.5,0.5,0.125,87,2026092887,0,,,,,0.5070504020000044,0,official WSJT-X 3.0.2; binary SHA256 9e3c2fc14f63c4b4c4e9fcc33b386cd22daf8fe76ce724c5e37f07875e9a3dd9,<DecodeFinished>,
-29.5,0.5,0.125,88,2026092888,0,,,,,0.5236927509999987,0,official WSJT-X 3.0.2; binary SHA256 9e3c2fc14f63c4b4c4e9fcc33b386cd22daf8fe76ce724c5e37f07875e9a3dd9,<DecodeFinished>,
-29.5,0.5,0.125,99,2026092899,1,K1ABC FN42 33,-29,0,10.140200,0.06248626600017815,0,official WSJT-X 3.0.2; binary SHA256 9e3c2fc14f63c4b4c4e9fcc33b386cd22daf8fe76ce724c5e37f07875e9a3dd9,"0000 -29  0.1  10.140200  0  K1ABC FN42 33 
<DecodeFinished>",
-29.5,0.5,0.25,2,2026092802,1,K1ABC FN42 33,-30,0,10.140200,0.06869121099998665,0,official WSJT-X 3.0.2; binary SHA256 9e3c2fc14f63c4b4c4e9fcc33b386cd22daf8fe76ce724c5e37f07875e9a3dd9,"0000 -30  0.0  10.140200  0  K1ABC FN42 33 
<DecodeFinished>",
-29.5,0.5,0.25,1,2026092801,1,K1ABC FN42 33,-28,0,10.140200,0.10428857500028244,0,official WSJT-X 3.0.2; binary SHA256 9e3c2fc14f63c4b4c4e9fcc33b386cd22daf8fe76ce724c5e37f07875e9a3dd9,"0000 -28 -0.1  10.140200  0  K1ABC FN42 33 
<DecodeFinished>",
-29.5,0.5,0.25,3,2026092803,1,K1ABC FN42 33,-30,0,10.140200,0.09050085499984561,0,official WSJT-X 3.0.2; binary SHA256 9e3c2fc14f63c4b4c4e9fcc33b386cd22daf8fe76ce724c5e37f07875e9a3dd9,"0000 -30 -0.0  10.140200  0  K1ABC FN42 33 
<DecodeFinished>",
-29.5,0.5,0.125,97,2026092897,1,K1ABC FN42 33,-30,0,10.140200,0.2862727819997417,0,official WSJT-X 3.0.2; binary SHA256 9e3c2fc14f63c4b4c4e9fcc33b386cd22daf8fe76ce724c5e37f07875e9a3dd9,"0000 -30 -0.1  10.140200  0  K1ABC FN42 33 
<DecodeFinished>",
-29.5,0.5,0.25,4,2026092804,1,K1ABC FN42 33,-29,0,10.140200,0.12107002999982797,0,official WSJT-X 3.0.2; binary SHA256 9e3c2fc14f63c4b4c4e9fcc33b386cd22daf8fe76ce724c5e37f07875e9a3dd9,"0000 -29 -0.1  10.140200  0  K1ABC FN42 33 
<DecodeFinished>",
-29.5,0.5,0.25,6,2026092806,1,K1ABC FN42 33,-29,0,10.140200,0.07488023499990959,0,official WSJT-X 3.0.2; binary SHA256 9e3c2fc14f63c4b4c4e9fcc33b386cd22daf8fe76ce724c5e37f07875e9a3dd9,"0000 -29  0.0  10.140200  0  K1ABC FN42 33 
<DecodeFinished>",
-29.5,0.5,0.25,7,2026092807,1,K1ABC FN42 33,-30,0,10.140200,0.051843495999946754,0,official WSJT-X 3.0.2; binary SHA256 9e3c2fc14f63c4b4c4e9fcc33b386cd22daf8fe76ce724c5e37f07875e9a3dd9,"0000 -30  0.1  10.140200  0  K1ABC FN42 33 
<DecodeFinished>",
-29.5,0.5,0.25,9,2026092809,1,K1ABC FN42 33,-29,0,10.140200,0.11427364300016052,0,official WSJT-X 3.0.2; binary SHA256 9e3c2fc14f63c4b4c4e9fcc33b386cd22daf8fe76ce724c5e37f07875e9a3dd9,"0000 -29  0.1  10.140200  0  K1ABC FN42 33 
<DecodeFinished>",
-29.5,0.5,0.25,5,2026092805,1,K1ABC FN42 33,-30,0,10.140200,0.2407768620000752,0,official WSJT-X 3.0.2; binary SHA256 9e3c2fc14f63c4b4c4e9fcc33b386cd22daf8fe76ce724c5e37f07875e9a3dd9,"0000 -30 -0.0  10.140200  0  K1ABC FN42 33 
<DecodeFinished>",
-29.5,0.5,0.25,10,2026092810,1,K1ABC FN42 33,-29,0,10.140200,0.051323095000043395,0,official WSJT-X 3.0.2; binary SHA256 9e3c2fc14f63c4b4c4e9fcc33b386cd22daf8fe76ce724c5e37f07875e9a3dd9,"0000 -29  0.1  10.140200  0  K1ABC FN42 33 
<DecodeFinished>",
-29.5,0.5,0.25,11,2026092811,1,K1ABC FN42 33,-29,0,10.140200,0.04951003900032447,0,official WSJT-X 3.0.2; binary SHA256 9e3c2fc14f63c4b4c4e9fcc33b386cd22daf8fe76ce724c5e37f07875e9a3dd9,"0000 -29 -0.0  10.140200  0  K1ABC FN42 33 
<DecodeFinished>",
-29.5,0.5,0.25,8,2026092808,1,K1ABC FN42 33,-30,0,10.140200,0.2382864639998843,0,official WSJT-X 3.0.2; binary SHA256 9e3c2fc14f63c4b4c4e9fcc33b386cd22daf8fe76ce724c5e37f07875e9a3dd9,"0000 -30 -0.0  10.140200  0  K1ABC FN42 33 
<DecodeFinished>",
-29.5,0.5,0.25,0,2026092800,0,,,,,0.5493490520002524,0,official WSJT-X 3.0.2; binary SHA256 9e3c2fc14f63c4b4c4e9fcc33b386cd22daf8fe76ce724c5e37f07875e9a3dd9,<DecodeFinished>,
-29.5,0.5,0.25,13,2026092813,1,K1ABC FN42 33,-30,0,10.140200,0.051180612000280234,0,official WSJT-X 3.0.2; binary SHA256 9e3c2fc14f63c4b4c4e9fcc33b386cd22daf8fe76ce724c5e37f07875e9a3dd9,"0000 -30  0.0  10.140200  0  K1ABC FN42 33 
<DecodeFinished>",
-29.5,0.5,0.25,14,2026092814,1,K1ABC FN42 33,-29,0,10.140200,0.05004547399994408,0,official WSJT-X 3.0.2; binary SHA256 9e3c2fc14f63c4b4c4e9fcc33b386cd22daf8fe76ce724c5e37f07875e9a3dd9,"0000 -29 -0.1  10.140200  0  K1ABC FN42 33 
<DecodeFinished>",
-29.5,0.5,0.25,17,2026092817,1,K1ABC FN42 33,-29,0,10.140200,0.04303356399987024,0,official WSJT-X 3.0.2; binary SHA256 9e3c2fc14f63c4b4c4e9fcc33b386cd22daf8fe76ce724c5e37f07875e9a3dd9,"0000 -29  0.0  10.140200  0  K1ABC FN42 33 
<DecodeFinished>",
-29.5,0.5,0.25,18,2026092818,1,K1ABC FN42 33,-30,0,10.140200,0.08946759000036764,0,official WSJT-X 3.0.2; binary SHA256 9e3c2fc14f63c4b4c4e9fcc33b386cd22daf8fe76ce724c5e37f07875e9a3dd9,"0000 -30 -0.1  10.140200  0  K1ABC FN42 33 
<DecodeFinished>",
-29.5,0.5,0.25,19,2026092819,1,K1ABC FN42 33,-30,0,10.140200,0.05108640800017383,0,official WSJT-X 3.0.2; binary SHA256 9e3c2fc14f63c4b4c4e9fcc33b386cd22daf8fe76ce724c5e37f07875e9a3dd9,"0000 -30  0.1  10.140200  0  K1ABC FN42 33 
<DecodeFinished>",
-29.5,0.5,0.25,12,2026092812,0,,,,,0.5316449100000682,0,official WSJT-X 3.0.2; binary SHA256 9e3c2fc14f63c4b4c4e9fcc33b386cd22daf8fe76ce724c5e37f07875e9a3dd9,<DecodeFinished>,
-29.5,0.5,0.25,15,2026092815,0,,,,,0.5366644739997355,0,official WSJT-X 3.0.2; binary SHA256 9e3c2fc14f63c4b4c4e9fcc33b386cd22daf8fe76ce724c5e37f07875e9a3dd9,<DecodeFinished>,
-29.5,0.5,0.25,16,2026092816,0,,,,,0.5489650449999317,0,official WSJT-X 3.0.2; binary SHA256 9e3c2fc14f63c4b4c4e9fcc33b386cd22daf8fe76ce724c5e37f07875e9a3dd9,<DecodeFinished>,
-29.5,0.5,0.25,22,2026092822,1,K1ABC FN42 33,-29,0,10.140200,0.18637643399961235,0,official WSJT-X 3.0.2; binary SHA256 9e3c2fc14f63c4b4c4e9fcc33b386cd22daf8fe76ce724c5e37f07875e9a3dd9,"0000 -29  0.0  10.140200  0  K1ABC FN42 33 
<DecodeFinished>",
-29.5,0.5,0.25,20,2026092820,1,K1ABC FN42 33,-29,0,10.140200,0.5456488029999491,0,official WSJT-X 3.0.2; binary SHA256 9e3c2fc14f63c4b4c4e9fcc33b386cd22daf8fe76ce724c5e37f07875e9a3dd9,"0000 -29 -0.0  10.140200  0  K1ABC FN42 33 
<DecodeFinished>",
-29.5,0.5,0.25,21,2026092821,1,K1ABC FN42 33,-29,0,10.140200,0.3156870110001364,0,official WSJT-X 3.0.2; binary SHA256 9e3c2fc14f63c4b4c4e9fcc33b386cd22daf8fe76ce724c5e37f07875e9a3dd9,"0000 -29  0.1  10.140200  0  K1ABC FN42 33 
<DecodeFinished>",
-29.5,0.5,0.25,24,2026092824,1,K1ABC FN42 33,-29,0,10.140200,0.07433193799988658,0,official WSJT-X 3.0.2; binary SHA256 9e3c2fc14f63c4b4c4e9fcc33b386cd22daf8fe76ce724c5e37f07875e9a3dd9,"0000 -29 -0.1  10.140200  0  K1ABC FN42 33 
<DecodeFinished>",
-29.5,0.5,0.25,27,2026092827,1,K1ABC FN42 33,-29,0,10.140200,0.0574555070002134,0,official WSJT-X 3.0.2; binary SHA256 9e3c2fc14f63c4b4c4e9fcc33b386cd22daf8fe76ce724c5e37f07875e9a3dd9,"0000 -29 -0.0  10.140200  0  K1ABC FN42 33 
<DecodeFinished>",
-29.5,0.5,0.25,26,2026092826,1,K1ABC FN42 33,-30,0,10.140200,0.06566957800032469,0,official WSJT-X 3.0.2; binary SHA256 9e3c2fc14f63c4b4c4e9fcc33b386cd22daf8fe76ce724c5e37f07875e9a3dd9,"0000 -30  0.0  10.140200  0  K1ABC FN42 33 
<DecodeFinished>",
-29.5,0.5,0.25,23,2026092823,1,K1ABC FN42 33,-29,0,10.140200,0.34527831000013975,0,official WSJT-X 3.0.2; binary SHA256 9e3c2fc14f63c4b4c4e9fcc33b386cd22daf8fe76ce724c5e37f07875e9a3dd9,"0000 -29  0.1  10.140200  0  K1ABC FN42 33 
<DecodeFinished>",
-29.5,0.5,0.25,29,2026092829,1,K1ABC FN42 33,-29,0,10.140200,0.061634289999801695,0,official WSJT-X 3.0.2; binary SHA256 9e3c2fc14f63c4b4c4e9fcc33b386cd22daf8fe76ce724c5e37f07875e9a3dd9,"0000 -29 -0.1  10.140200  0  K1ABC FN42 33 
<DecodeFinished>",
-29.5,0.5,0.25,28,2026092828,1,K1ABC FN42 33,-29,0,10.140200,0.07289409299983163,0,official WSJT-X 3.0.2; binary SHA256 9e3c2fc14f63c4b4c4e9fcc33b386cd22daf8fe76ce724c5e37f07875e9a3dd9,"0000 -29 -0.0  10.140200  0  K1ABC FN42 33 
<DecodeFinished>",
-29.5,0.5,0.25,30,2026092830,1,K1ABC FN42 33,-29,0,10.140200,0.07058929899994837,0,official WSJT-X 3.0.2; binary SHA256 9e3c2fc14f63c4b4c4e9fcc33b386cd22daf8fe76ce724c5e37f07875e9a3dd9,"0000 -29  0.1  10.140200  0  K1ABC FN42 33 
<DecodeFinished>",
-29.5,0.5,0.25,31,2026092831,1,K1ABC FN42 33,-30,0,10.140200,0.06590160399991873,0,official WSJT-X 3.0.2; binary SHA256 9e3c2fc14f63c4b4c4e9fcc33b386cd22daf8fe76ce724c5e37f07875e9a3dd9,"0000 -30 -0.1  10.140200  0  K1ABC FN42 33 
<DecodeFinished>",
-29.5,0.5,0.25,25,2026092825,1,K1ABC FN42 33,-29,0,10.140200,0.29733872399992833,0,official WSJT-X 3.0.2; binary SHA256 9e3c2fc14f63c4b4c4e9fcc33b386cd22daf8fe76ce724c5e37f07875e9a3dd9,"0000 -29 -0.1  10.140200  0  K1ABC FN42 33 
<DecodeFinished>",
-29.5,0.5,0.25,34,2026092834,1,K1ABC FN42 33,-30,0,10.140200,0.09650072300019019,0,official WSJT-X 3.0.2; binary SHA256 9e3c2fc14f63c4b4c4e9fcc33b386cd22daf8fe76ce724c5e37f07875e9a3dd9,"0000 -30  0.1  10.140200  0  K1ABC FN42 33 
<DecodeFinished>",
-29.5,0.5,0.25,36,2026092836,1,K1ABC FN42 33,-29,0,10.140200,0.07564316200023313,0,official WSJT-X 3.0.2; binary SHA256 9e3c2fc14f63c4b4c4e9fcc33b386cd22daf8fe76ce724c5e37f07875e9a3dd9,"0000 -29 -0.1  10.140200  0  K1ABC FN42 33 
<DecodeFinished>",
-29.5,0.5,0.25,32,2026092832,1,K1ABC FN42 33,-31,0,10.140200,0.25840786099979596,0,official WSJT-X 3.0.2; binary SHA256 9e3c2fc14f63c4b4c4e9fcc33b386cd22daf8fe76ce724c5e37f07875e9a3dd9,"0000 -31 -0.0  10.140200  0  K1ABC FN42 33 
<DecodeFinished>",
-29.5,0.5,0.25,37,2026092837,1,K1ABC FN42 33,-29,0,10.140200,0.057009053000001586,0,official WSJT-X 3.0.2; binary SHA256 9e3c2fc14f63c4b4c4e9fcc33b386cd22daf8fe76ce724c5e37f07875e9a3dd9,"0000 -29  0.1  10.140200  0  K1ABC FN42 33 
<DecodeFinished>",
-29.5,0.5,0.25,38,2026092838,1,K1ABC FN42 33,-30,0,10.140200,0.04912077800008774,0,official WSJT-X 3.0.2; binary SHA256 9e3c2fc14f63c4b4c4e9fcc33b386cd22daf8fe76ce724c5e37f07875e9a3dd9,"0000 -30  0.0  10.140200  0  K1ABC FN42 33 
<DecodeFinished>",
-29.5,0.5,0.25,39,2026092839,1,K1ABC FN42 33,-30,0,10.140200,0.05403411999986929,0,official WSJT-X 3.0.2; binary SHA256 9e3c2fc14f63c4b4c4e9fcc33b386cd22daf8fe76ce724c5e37f07875e9a3dd9,"0000 -30  0.1  10.140200  0  K1ABC FN42 33 
<DecodeFinished>",
-29.5,0.5,0.25,40,2026092840,1,K1ABC FN42 33,-30,0,10.140200,0.04982891200006634,0,official WSJT-X 3.0.2; binary SHA256 9e3c2fc14f63c4b4c4e9fcc33b386cd22daf8fe76ce724c5e37f07875e9a3dd9,"0000 -30  0.1  10.140200  0  K1ABC FN42 33 
<DecodeFinished>",
-29.5,0.5,0.25,33,2026092833,1,K1ABC FN42 33,-30,0,10.140200,0.349773728999935,0,official WSJT-X 3.0.2; binary SHA256 9e3c2fc14f63c4b4c4e9fcc33b386cd22daf8fe76ce724c5e37f07875e9a3dd9,"0000 -30  0.0  10.140200  0  K1ABC FN42 33 
<DecodeFinished>",
-29.5,0.5,0.25,41,2026092841,1,K1ABC FN42 33,-29,0,10.140200,0.05091624299984687,0,official WSJT-X 3.0.2; binary SHA256 9e3c2fc14f63c4b4c4e9fcc33b386cd22daf8fe76ce724c5e37f07875e9a3dd9,"0000 -29 -0.0  10.140200  0  K1ABC FN42 33 
<DecodeFinished>",
-29.5,0.5,0.25,42,2026092842,1,K1ABC FN42 33,-30,0,10.140200,0.05020315599995229,0,official WSJT-X 3.0.2; binary SHA256 9e3c2fc14f63c4b4c4e9fcc33b386cd22daf8fe76ce724c5e37f07875e9a3dd9,"0000 -30 -0.0  10.140200  0  K1ABC FN42 33 
<DecodeFinished>",
-29.5,0.5,0.25,35,2026092835,1,K1ABC FN42 33,-30,0,10.140200,0.28535719399997106,0,official WSJT-X 3.0.2; binary SHA256 9e3c2fc14f63c4b4c4e9fcc33b386cd22daf8fe76ce724c5e37f07875e9a3dd9,"0000 -30  0.0  10.140200  0  K1ABC FN42 33 
<DecodeFinished>",
-29.5,0.5,0.25,44,2026092844,1,K1ABC FN42 33,-29,0,10.140200,0.04093872500016005,0,official WSJT-X 3.0.2; binary SHA256 9e3c2fc14f63c4b4c4e9fcc33b386cd22daf8fe76ce724c5e37f07875e9a3dd9,"0000 -29  0.0  10.140200  0  K1ABC FN42 33 
<DecodeFinished>",
-29.5,0.5,0.25,43,2026092843,1,K1ABC FN42 33,-29,0,10.140200,0.0547909020001498,0,official WSJT-X 3.0.2; binary SHA256 9e3c2fc14f63c4b4c4e9fcc33b386cd22daf8fe76ce724c5e37f07875e9a3dd9,"0000 -29  0.0  10.140200  0  K1ABC FN42 33 
<DecodeFinished>",
-29.5,0.5,0.25,45,2026092845,1,K1ABC FN42 33,-29,0,10.140200,0.06641269599958832,0,official WSJT-X 3.0.2; binary SHA256 9e3c2fc14f63c4b4c4e9fcc33b386cd22daf8fe76ce724c5e37f07875e9a3dd9,"0000 -29 -0.1  10.140200  0  K1ABC FN42 33 
<DecodeFinished>",
-29.5,0.5,0.25,47,2026092847,1,K1ABC FN42 33,-29,0,10.140200,0.0680686760001663,0,official WSJT-X 3.0.2; binary SHA256 9e3c2fc14f63c4b4c4e9fcc33b386cd22daf8fe76ce724c5e37f07875e9a3dd9,"0000 -29 -0.0  10.140200  0  K1ABC FN42 33 
<DecodeFinished>",
-29.5,0.5,0.25,49,2026092849,1,K1ABC FN42 33,-29,0,10.140200,0.05727734699985376,0,official WSJT-X 3.0.2; binary SHA256 9e3c2fc14f63c4b4c4e9fcc33b386cd22daf8fe76ce724c5e37f07875e9a3dd9,"0000 -29 -0.1  10.140200  0  K1ABC FN42 33 
<DecodeFinished>",
-29.5,0.5,0.25,51,2026092851,1,K1ABC FN42 33,-29,0,10.140200,0.05177508399992803,0,official WSJT-X 3.0.2; binary SHA256 9e3c2fc14f63c4b4c4e9fcc33b386cd22daf8fe76ce724c5e37f07875e9a3dd9,"0000 -29  0.0  10.140200  0  K1ABC FN42 33 
<DecodeFinished>",
-29.5,0.5,0.25,52,2026092852,1,K1ABC FN42 33,-28,0,10.140200,0.04302295200022854,0,official WSJT-X 3.0.2; binary SHA256 9e3c2fc14f63c4b4c4e9fcc33b386cd22daf8fe76ce724c5e37f07875e9a3dd9,"0000 -28  0.0  10.140200  0  K1ABC FN42 33 
<DecodeFinished>",
-29.5,0.5,0.25,53,2026092853,1,K1ABC FN42 33,-30,0,10.140200,0.05088912800010803,0,official WSJT-X 3.0.2; binary SHA256 9e3c2fc14f63c4b4c4e9fcc33b386cd22daf8fe76ce724c5e37f07875e9a3dd9,"0000 -30  0.0  10.140200  0  K1ABC FN42 33 
<DecodeFinished>",
-29.5,0.5,0.25,54,2026092854,1,K1ABC FN42 33,-29,0,10.140200,0.06743288500001654,0,official WSJT-X 3.0.2; binary SHA256 9e3c2fc14f63c4b4c4e9fcc33b386cd22daf8fe76ce724c5e37f07875e9a3dd9,"0000 -29  0.1  10.140200  0  K1ABC FN42 33 
<DecodeFinished>",
-29.5,0.5,0.25,50,2026092850,1,K1ABC FN42 33,-29,0,10.140200,0.2569411479998962,0,official WSJT-X 3.0.2; binary SHA256 9e3c2fc14f63c4b4c4e9fcc33b386cd22daf8fe76ce724c5e37f07875e9a3dd9,"0000 -29  0.1  10.140200  0  K1ABC FN42 33 
<DecodeFinished>",
-29.5,0.5,0.25,55,2026092855,1,K1ABC FN42 33,-30,0,10.140200,0.14183418000038728,0,official WSJT-X 3.0.2; binary SHA256 9e3c2fc14f63c4b4c4e9fcc33b386cd22daf8fe76ce724c5e37f07875e9a3dd9,"0000 -30 -0.0  10.140200  0  K1ABC FN42 33 
<DecodeFinished>",
-29.5,0.5,0.25,57,2026092857,1,K1ABC FN42 33,-30,0,10.140200,0.059604841000236775,0,official WSJT-X 3.0.2; binary SHA256 9e3c2fc14f63c4b4c4e9fcc33b386cd22daf8fe76ce724c5e37f07875e9a3dd9,"0000 -30 -0.0  10.140200  0  K1ABC FN42 33 
<DecodeFinished>",
-29.5,0.5,0.25,46,2026092846,0,,,,,0.5706106840002576,0,official WSJT-X 3.0.2; binary SHA256 9e3c2fc14f63c4b4c4e9fcc33b386cd22daf8fe76ce724c5e37f07875e9a3dd9,<DecodeFinished>,
-29.5,0.5,0.25,58,2026092858,1,K1ABC FN42 33,-29,0,10.140200,0.05975049199969362,0,official WSJT-X 3.0.2; binary SHA256 9e3c2fc14f63c4b4c4e9fcc33b386cd22daf8fe76ce724c5e37f07875e9a3dd9,"0000 -29  0.0  10.140200  0  K1ABC FN42 33 
<DecodeFinished>",
-29.5,0.5,0.25,48,2026092848,0,,,,,0.5732420220001586,0,official WSJT-X 3.0.2; binary SHA256 9e3c2fc14f63c4b4c4e9fcc33b386cd22daf8fe76ce724c5e37f07875e9a3dd9,<DecodeFinished>,
-29.5,0.5,0.25,56,2026092856,1,K1ABC FN42 33,-30,0,10.140200,0.27623304700000517,0,official WSJT-X 3.0.2; binary SHA256 9e3c2fc14f63c4b4c4e9fcc33b386cd22daf8fe76ce724c5e37f07875e9a3dd9,"0000 -30 -0.0  10.140200  0  K1ABC FN42 33 
<DecodeFinished>",
-29.5,0.5,0.25,61,2026092861,1,K1ABC FN42 33,-30,0,10.140200,0.05359955599988098,0,official WSJT-X 3.0.2; binary SHA256 9e3c2fc14f63c4b4c4e9fcc33b386cd22daf8fe76ce724c5e37f07875e9a3dd9,"0000 -30  0.0  10.140200  0  K1ABC FN42 33 
<DecodeFinished>",
-29.5,0.5,0.25,62,2026092862,1,K1ABC FN42 33,-29,0,10.140200,0.05083426400005919,0,official WSJT-X 3.0.2; binary SHA256 9e3c2fc14f63c4b4c4e9fcc33b386cd22daf8fe76ce724c5e37f07875e9a3dd9,"0000 -29  0.0  10.140200  0  K1ABC FN42 33 
<DecodeFinished>",
-29.5,0.5,0.25,60,2026092860,1,K1ABC FN42 33,-29,0,10.140200,0.09322327900008531,0,official WSJT-X 3.0.2; binary SHA256 9e3c2fc14f63c4b4c4e9fcc33b386cd22daf8fe76ce724c5e37f07875e9a3dd9,"0000 -29  0.0  10.140200  0  K1ABC FN42 33 
<DecodeFinished>",
-29.5,0.5,0.25,59,2026092859,1,K1ABC FN42 33,-29,0,10.140200,0.11292951899986292,0,official WSJT-X 3.0.2; binary SHA256 9e3c2fc14f63c4b4c4e9fcc33b386cd22daf8fe76ce724c5e37f07875e9a3dd9,"0000 -29 -0.1  10.140200  0  K1ABC FN42 33 
<DecodeFinished>",
-29.5,0.5,0.25,64,2026092864,1,K1ABC FN42 33,-29,0,10.140200,0.0632257639999807,0,official WSJT-X 3.0.2; binary SHA256 9e3c2fc14f63c4b4c4e9fcc33b386cd22daf8fe76ce724c5e37f07875e9a3dd9,"0000 -29 -0.0  10.140200  0  K1ABC FN42 33 
<DecodeFinished>",
-29.5,0.5,0.25,65,2026092865,1,K1ABC FN42 33,-30,0,10.140200,0.04805456399981267,0,official WSJT-X 3.0.2; binary SHA256 9e3c2fc14f63c4b4c4e9fcc33b386cd22daf8fe76ce724c5e37f07875e9a3dd9,"0000 -30  0.0  10.140200  0  K1ABC FN42 33 
<DecodeFinished>",
-29.5,0.5,0.25,66,2026092866,1,K1ABC FN42 33,-30,0,10.140200,0.2582342460000291,0,official WSJT-X 3.0.2; binary SHA256 9e3c2fc14f63c4b4c4e9fcc33b386cd22daf8fe76ce724c5e37f07875e9a3dd9,"0000 -30  0.1  10.140200  0  K1ABC FN42 33 
<DecodeFinished>",
-29.5,0.5,0.25,68,2026092868,1,K1ABC FN42 33,-30,0,10.140200,0.25021336700001484,0,official WSJT-X 3.0.2; binary SHA256 9e3c2fc14f63c4b4c4e9fcc33b386cd22daf8fe76ce724c5e37f07875e9a3dd9,"0000 -30 -0.0  10.140200  0  K1ABC FN42 33 
<DecodeFinished>",
-29.5,0.5,0.25,70,2026092870,1,K1ABC FN42 33,-30,0,10.140200,0.17992631900006018,0,official WSJT-X 3.0.2; binary SHA256 9e3c2fc14f63c4b4c4e9fcc33b386cd22daf8fe76ce724c5e37f07875e9a3dd9,"0000 -30  0.1  10.140200  0  K1ABC FN42 33 
<DecodeFinished>",
-29.5,0.5,0.25,63,2026092863,0,,,,,0.5541570769996724,0,official WSJT-X 3.0.2; binary SHA256 9e3c2fc14f63c4b4c4e9fcc33b386cd22daf8fe76ce724c5e37f07875e9a3dd9,<DecodeFinished>,
-29.5,0.5,0.25,67,2026092867,0,,,,,0.5353499339998962,0,official WSJT-X 3.0.2; binary SHA256 9e3c2fc14f63c4b4c4e9fcc33b386cd22daf8fe76ce724c5e37f07875e9a3dd9,<DecodeFinished>,
-29.5,0.5,0.25,73,2026092873,1,K1ABC FN42 33,-29,0,10.140200,0.06960177300015857,0,official WSJT-X 3.0.2; binary SHA256 9e3c2fc14f63c4b4c4e9fcc33b386cd22daf8fe76ce724c5e37f07875e9a3dd9,"0000 -29 -0.1  10.140200  0  K1ABC FN42 33 
<DecodeFinished>",
-29.5,0.5,0.25,74,2026092874,1,K1ABC FN42 33,-28,0,10.140200,0.11067166900011216,0,official WSJT-X 3.0.2; binary SHA256 9e3c2fc14f63c4b4c4e9fcc33b386cd22daf8fe76ce724c5e37f07875e9a3dd9,"0000 -28  0.1  10.140200  0  K1ABC FN42 33 
<DecodeFinished>",
-29.5,0.5,0.25,69,2026092869,0,,,,,0.5379387789998873,0,official WSJT-X 3.0.2; binary SHA256 9e3c2fc14f63c4b4c4e9fcc33b386cd22daf8fe76ce724c5e37f07875e9a3dd9,<DecodeFinished>,
-29.5,0.5,0.25,75,2026092875,1,K1ABC FN42 33,-29,0,10.140200,0.2478907730001083,0,official WSJT-X 3.0.2; binary SHA256 9e3c2fc14f63c4b4c4e9fcc33b386cd22daf8fe76ce724c5e37f07875e9a3dd9,"0000 -29  0.0  10.140200  0  K1ABC FN42 33 
<DecodeFinished>",
-29.5,0.5,0.25,71,2026092871,0,,,,,0.5372045300000536,0,official WSJT-X 3.0.2; binary SHA256 9e3c2fc14f63c4b4c4e9fcc33b386cd22daf8fe76ce724c5e37f07875e9a3dd9,<DecodeFinished>,
-29.5,0.5,0.25,72,2026092872,0,,,,,0.5263593409999885,0,official WSJT-X 3.0.2; binary SHA256 9e3c2fc14f63c4b4c4e9fcc33b386cd22daf8fe76ce724c5e37f07875e9a3dd9,<DecodeFinished>,
-29.5,0.5,0.25,77,2026092877,1,K1ABC FN42 33,-29,0,10.140200,0.0574206910000612,0,official WSJT-X 3.0.2; binary SHA256 9e3c2fc14f63c4b4c4e9fcc33b386cd22daf8fe76ce724c5e37f07875e9a3dd9,"0000 -29  0.1  10.140200  0  K1ABC FN42 33 
<DecodeFinished>",
-29.5,0.5,0.25,79,2026092879,1,K1ABC FN42 33,-30,0,10.140200,0.055058546000054776,0,official WSJT-X 3.0.2; binary SHA256 9e3c2fc14f63c4b4c4e9fcc33b386cd22daf8fe76ce724c5e37f07875e9a3dd9,"0000 -30  0.0  10.140200  0  K1ABC FN42 33 
<DecodeFinished>",
-29.5,0.5,0.25,80,2026092880,1,K1ABC FN42 33,-29,0,10.140200,0.08184892100007346,0,official WSJT-X 3.0.2; binary SHA256 9e3c2fc14f63c4b4c4e9fcc33b386cd22daf8fe76ce724c5e37f07875e9a3dd9,"0000 -29 -0.0  10.140200  0  K1ABC FN42 33 
<DecodeFinished>",
-29.5,0.5,0.25,81,2026092881,1,K1ABC FN42 33,-29,0,10.140200,0.0650519720002194,0,official WSJT-X 3.0.2; binary SHA256 9e3c2fc14f63c4b4c4e9fcc33b386cd22daf8fe76ce724c5e37f07875e9a3dd9,"0000 -29  0.0  10.140200  0  K1ABC FN42 33 
<DecodeFinished>",
-29.5,0.5,0.25,76,2026092876,0,,,,,0.5431706099998337,0,official WSJT-X 3.0.2; binary SHA256 9e3c2fc14f63c4b4c4e9fcc33b386cd22daf8fe76ce724c5e37f07875e9a3dd9,<DecodeFinished>,
-29.5,0.5,0.25,78,2026092878,1,K1ABC FN42 33,-29,0,10.140200,0.3715273019997767,0,official WSJT-X 3.0.2; binary SHA256 9e3c2fc14f63c4b4c4e9fcc33b386cd22daf8fe76ce724c5e37f07875e9a3dd9,"0000 -29  0.1  10.140200  0  K1ABC FN42 33 
<DecodeFinished>",
-29.5,0.5,0.25,84,2026092884,1,K1ABC FN42 33,-29,0,10.140200,0.04681127699996068,0,official WSJT-X 3.0.2; binary SHA256 9e3c2fc14f63c4b4c4e9fcc33b386cd22daf8fe76ce724c5e37f07875e9a3dd9,"0000 -29  0.0  10.140200  0  K1ABC FN42 33 
<DecodeFinished>",
-29.5,0.5,0.25,86,2026092886,1,K1ABC FN42 33,-30,0,10.140200,0.058789913000055094,0,official WSJT-X 3.0.2; binary SHA256 9e3c2fc14f63c4b4c4e9fcc33b386cd22daf8fe76ce724c5e37f07875e9a3dd9,"0000 -30 -0.0  10.140200  0  K1ABC FN42 33 
<DecodeFinished>",
-29.5,0.5,0.25,83,2026092883,1,K1ABC FN42 33,-30,0,10.140200,0.3188708120001138,0,official WSJT-X 3.0.2; binary SHA256 9e3c2fc14f63c4b4c4e9fcc33b386cd22daf8fe76ce724c5e37f07875e9a3dd9,"0000 -30 -0.1  10.140200  0  K1ABC FN42 33 
<DecodeFinished>",
-29.5,0.5,0.25,87,2026092887,1,K1ABC FN42 33,-30,0,10.140200,0.07904766000001473,0,official WSJT-X 3.0.2; binary SHA256 9e3c2fc14f63c4b4c4e9fcc33b386cd22daf8fe76ce724c5e37f07875e9a3dd9,"0000 -30  0.1  10.140200  0  K1ABC FN42 33 
<DecodeFinished>",
-29.5,0.5,0.25,85,2026092885,1,K1ABC FN42 33,-29,0,10.140200,0.24991736700030742,0,official WSJT-X 3.0.2; binary SHA256 9e3c2fc14f63c4b4c4e9fcc33b386cd22daf8fe76ce724c5e37f07875e9a3dd9,"0000 -29 -0.1  10.140200  0  K1ABC FN42 33 
<DecodeFinished>",
-29.5,0.5,0.25,82,2026092882,0,,,,,0.5372194229998968,0,official WSJT-X 3.0.2; binary SHA256 9e3c2fc14f63c4b4c4e9fcc33b386cd22daf8fe76ce724c5e37f07875e9a3dd9,<DecodeFinished>,
-29.5,0.5,0.25,90,2026092890,1,K1ABC FN42 33,-29,0,10.140200,0.057122960000015155,0,official WSJT-X 3.0.2; binary SHA256 9e3c2fc14f63c4b4c4e9fcc33b386cd22daf8fe76ce724c5e37f07875e9a3dd9,"0000 -29 -0.0  10.140200  0  K1ABC FN42 33 
<DecodeFinished>",
-29.5,0.5,0.25,91,2026092891,1,K1ABC FN42 33,-29,0,10.140200,0.0838514510001005,0,official WSJT-X 3.0.2; binary SHA256 9e3c2fc14f63c4b4c4e9fcc33b386cd22daf8fe76ce724c5e37f07875e9a3dd9,"0000 -29  0.1  10.140200  0  K1ABC FN42 33 
<DecodeFinished>",
-29.5,0.5,0.25,93,2026092893,1,K1ABC FN42 33,-29,0,10.140200,0.07149436500003503,0,official WSJT-X 3.0.2; binary SHA256 9e3c2fc14f63c4b4c4e9fcc33b386cd22daf8fe76ce724c5e37f07875e9a3dd9,"0000 -29  0.1  10.140200  0  K1ABC FN42 33 
<DecodeFinished>",
-29.5,0.5,0.25,92,2026092892,1,K1ABC FN42 33,-30,0,10.140200,0.26210144100014077,0,official WSJT-X 3.0.2; binary SHA256 9e3c2fc14f63c4b4c4e9fcc33b386cd22daf8fe76ce724c5e37f07875e9a3dd9,"0000 -30  0.0  10.140200  0  K1ABC FN42 33 
<DecodeFinished>",
-29.5,0.5,0.25,95,2026092895,1,K1ABC FN42 33,-29,0,10.140200,0.0630374679999477,0,official WSJT-X 3.0.2; binary SHA256 9e3c2fc14f63c4b4c4e9fcc33b386cd22daf8fe76ce724c5e37f07875e9a3dd9,"0000 -29 -0.1  10.140200  0  K1ABC FN42 33 
<DecodeFinished>",
-29.5,0.5,0.25,88,2026092888,0,,,,,0.5320253659997434,0,official WSJT-X 3.0.2; binary SHA256 9e3c2fc14f63c4b4c4e9fcc33b386cd22daf8fe76ce724c5e37f07875e9a3dd9,<DecodeFinished>,
-29.5,0.5,0.25,89,2026092889,0,,,,,0.5249486239999896,0,official WSJT-X 3.0.2; binary SHA256 9e3c2fc14f63c4b4c4e9fcc33b386cd22daf8fe76ce724c5e37f07875e9a3dd9,<DecodeFinished>,
-29.5,0.5,0.25,96,2026092896,1,K1ABC FN42 33,-30,0,10.140200,0.04988413599994601,0,official WSJT-X 3.0.2; binary SHA256 9e3c2fc14f63c4b4c4e9fcc33b386cd22daf8fe76ce724c5e37f07875e9a3dd9,"0000 -30 -0.1  10.140200  0  K1ABC FN42 33 
<DecodeFinished>",
-29.5,0.5,0.25,97,2026092897,1,K1ABC FN42 33,-29,0,10.140200,0.05469728300022325,0,official WSJT-X 3.0.2; binary SHA256 9e3c2fc14f63c4b4c4e9fcc33b386cd22daf8fe76ce724c5e37f07875e9a3dd9,"0000 -29 -0.0  10.140200  0  K1ABC FN42 33 
<DecodeFinished>",
-29.5,0.5,0.25,94,2026092894,1,K1ABC FN42 33,-29,0,10.140200,0.2510409050000817,0,official WSJT-X 3.0.2; binary SHA256 9e3c2fc14f63c4b4c4e9fcc33b386cd22daf8fe76ce724c5e37f07875e9a3dd9,"0000 -29 -0.0  10.140200  0  K1ABC FN42 33 
<DecodeFinished>",
-29.5,0.5,0.25,98,2026092898,1,K1ABC FN42 33,-30,0,10.140200,0.09792285300000003,0,official WSJT-X 3.0.2; binary SHA256 9e3c2fc14f63c4b4c4e9fcc33b386cd22daf8fe76ce724c5e37f07875e9a3dd9,"0000 -30  0.0  10.140200  0  K1ABC FN42 33 
<DecodeFinished>",
-29.5,0.5,0.25,99,2026092899,1,K1ABC FN42 33,-29,0,10.140200,0.13555591000022105,0,official WSJT-X 3.0.2; binary SHA256 9e3c2fc14f63c4b4c4e9fcc33b386cd22daf8fe76ce724c5e37f07875e9a3dd9,"0000 -29  0.1  10.140200  0  K1ABC FN42 33 
<DecodeFinished>",
-29.5,0.5,0.375,3,2026092803,1,K1ABC FN42 33,-29,0,10.140200,0.11085117699985858,0,official WSJT-X 3.0.2; binary SHA256 9e3c2fc14f63c4b4c4e9fcc33b386cd22daf8fe76ce724c5e37f07875e9a3dd9,"0000 -29 -0.0  10.140200  0  K1ABC FN42 33 
<DecodeFinished>",
-29.5,0.5,0.375,4,2026092804,1,K1ABC FN42 33,-29,0,10.140200,0.2501546160001453,0,official WSJT-X 3.0.2; binary SHA256 9e3c2fc14f63c4b4c4e9fcc33b386cd22daf8fe76ce724c5e37f07875e9a3dd9,"0000 -29  0.0  10.140200  0  K1ABC FN42 33 
<DecodeFinished>",
-29.5,0.5,0.375,0,2026092800,0,,,,,0.5472988229998919,0,official WSJT-X 3.0.2; binary SHA256 9e3c2fc14f63c4b4c4e9fcc33b386cd22daf8fe76ce724c5e37f07875e9a3dd9,<DecodeFinished>,
-29.5,0.5,0.375,1,2026092801,0,,,,,0.5466810540001461,0,official WSJT-X 3.0.2; binary SHA256 9e3c2fc14f63c4b4c4e9fcc33b386cd22daf8fe76ce724c5e37f07875e9a3dd9,<DecodeFinished>,
-29.5,0.5,0.375,6,2026092806,1,K1ABC FN42 33,-29,0,10.140200,0.06116450399986206,0,official WSJT-X 3.0.2; binary SHA256 9e3c2fc14f63c4b4c4e9fcc33b386cd22daf8fe76ce724c5e37f07875e9a3dd9,"0000 -29  0.0  10.140200  0  K1ABC FN42 33 
<DecodeFinished>",
-29.5,0.5,0.375,7,2026092807,1,K1ABC FN42 33,-30,0,10.140200,0.051011524999921676,0,official WSJT-X 3.0.2; binary SHA256 9e3c2fc14f63c4b4c4e9fcc33b386cd22daf8fe76ce724c5e37f07875e9a3dd9,"0000 -30  0.1  10.140200  0  K1ABC FN42 33 
<DecodeFinished>",
-29.5,0.5,0.375,2,2026092802,0,,,,,0.5438349840001138,0,official WSJT-X 3.0.2; binary SHA256 9e3c2fc14f63c4b4c4e9fcc33b386cd22daf8fe76ce724c5e37f07875e9a3dd9,<DecodeFinished>,
-29.5,0.5,0.375,10,2026092810,1,K1ABC FN42 33,-30,0,10.140200,0.05859319000001051,0,official WSJT-X 3.0.2; binary SHA256 9e3c2fc14f63c4b4c4e9fcc33b386cd22daf8fe76ce724c5e37f07875e9a3dd9,"0000 -30 -0.0  10.140200  0  K1ABC FN42 33 
<DecodeFinished>",
-29.5,0.5,0.375,9,2026092809,1,K1ABC FN42 33,-29,0,10.140200,0.07898032399998556,0,official WSJT-X 3.0.2; binary SHA256 9e3c2fc14f63c4b4c4e9fcc33b386cd22daf8fe76ce724c5e37f07875e9a3dd9,"0000 -29  0.1  10.140200  0  K1ABC FN42 33 
<DecodeFinished>",
-29.5,0.5,0.375,5,2026092805,1,K1ABC FN42 33,-30,0,10.140200,0.23670497800003432,0,official WSJT-X 3.0.2; binary SHA256 9e3c2fc14f63c4b4c4e9fcc33b386cd22daf8fe76ce724c5e37f07875e9a3dd9,"0000 -30 -0.0  10.140200  0  K1ABC FN42 33 
<DecodeFinished>",
-29.5,0.5,0.375,11,2026092811,1,K1ABC FN42 33,-29,0,10.140200,0.049475552000330936,0,official WSJT-X 3.0.2; binary SHA256 9e3c2fc14f63c4b4c4e9fcc33b386cd22daf8fe76ce724c5e37f07875e9a3dd9,"0000 -29 -0.0  10.140200  0  K1ABC FN42 33 
<DecodeFinished>",
-29.5,0.5,0.375,8,2026092808,1,K1ABC FN42 33,-30,0,10.140200,0.15817107200018654,0,official WSJT-X 3.0.2; binary SHA256 9e3c2fc14f63c4b4c4e9fcc33b386cd22daf8fe76ce724c5e37f07875e9a3dd9,"0000 -30 -0.0  10.140200  0  K1ABC FN42 33 
<DecodeFinished>",
-29.5,0.5,0.375,13,2026092813,1,K1ABC FN42 33,-30,0,10.140200,0.05466614599981767,0,official WSJT-X 3.0.2; binary SHA256 9e3c2fc14f63c4b4c4e9fcc33b386cd22daf8fe76ce724c5e37f07875e9a3dd9,"0000 -30  0.0  10.140200  0  K1ABC FN42 33 
<DecodeFinished>",
-29.5,0.5,0.375,15,2026092815,1,K1ABC FN42 33,-30,0,10.140200,0.047468376999859174,0,official WSJT-X 3.0.2; binary SHA256 9e3c2fc14f63c4b4c4e9fcc33b386cd22daf8fe76ce724c5e37f07875e9a3dd9,"0000 -30 -0.0  10.140200  0  K1ABC FN42 33 
<DecodeFinished>",
-29.5,0.5,0.375,16,2026092816,1,K1ABC FN42 33,-28,0,10.140200,0.2690159670000867,0,official WSJT-X 3.0.2; binary SHA256 9e3c2fc14f63c4b4c4e9fcc33b386cd22daf8fe76ce724c5e37f07875e9a3dd9,"0000 -28  0.0  10.140200  0  K1ABC FN42 33 
<DecodeFinished>",
-29.5,0.5,0.375,18,2026092818,1,K1ABC FN42 33,-29,0,10.140200,0.05031818499992369,0,official WSJT-X 3.0.2; binary SHA256 9e3c2fc14f63c4b4c4e9fcc33b386cd22daf8fe76ce724c5e37f07875e9a3dd9,"0000 -29 -0.0  10.140200  0  K1ABC FN42 33 
<DecodeFinished>",
-29.5,0.5,0.375,19,2026092819,1,K1ABC FN42 33,-30,0,10.140200,0.05081478400006745,0,official WSJT-X 3.0.2; binary SHA256 9e3c2fc14f63c4b4c4e9fcc33b386cd22daf8fe76ce724c5e37f07875e9a3dd9,"0000 -30  0.0  10.140200  0  K1ABC FN42 33 
<DecodeFinished>",
-29.5,0.5,0.375,12,2026092812,0,,,,,0.5296120800003337,0,official WSJT-X 3.0.2; binary SHA256 9e3c2fc14f63c4b4c4e9fcc33b386cd22daf8fe76ce724c5e37f07875e9a3dd9,<DecodeFinished>,
-29.5,0.5,0.375,14,2026092814,0,,,,,0.5371563300000162,0,official WSJT-X 3.0.2; binary SHA256 9e3c2fc14f63c4b4c4e9fcc33b386cd22daf8fe76ce724c5e37f07875e9a3dd9,<DecodeFinished>,
-29.5,0.5,0.375,21,2026092821,1,K1ABC FN42 33,-29,0,10.140200,0.07025057000009838,0,official WSJT-X 3.0.2; binary SHA256 9e3c2fc14f63c4b4c4e9fcc33b386cd22daf8fe76ce724c5e37f07875e9a3dd9,"0000 -29 -0.1  10.140200  0  K1ABC FN42 33 
<DecodeFinished>",
-29.5,0.5,0.375,17,2026092817,0,,,,,0.5132472450000023,0,official WSJT-X 3.0.2; binary SHA256 9e3c2fc14f63c4b4c4e9fcc33b386cd22daf8fe76ce724c5e37f07875e9a3dd9,<DecodeFinished>,
-29.5,0.5,0.375,22,2026092822,1,K1ABC FN42 33,-29,0,10.140200,0.06874858700030018,0,official WSJT-X 3.0.2; binary SHA256 9e3c2fc14f63c4b4c4e9fcc33b386cd22daf8fe76ce724c5e37f07875e9a3dd9,"0000 -29  0.1  10.140200  0  K1ABC FN42 33 
<DecodeFinished>",
-29.5,0.5,0.375,24,2026092824,1,K1ABC FN42 33,-29,0,10.140200,0.05325746300013634,0,official WSJT-X 3.0.2; binary SHA256 9e3c2fc14f63c4b4c4e9fcc33b386cd22daf8fe76ce724c5e37f07875e9a3dd9,"0000 -29 -0.1  10.140200  0  K1ABC FN42 33 
<DecodeFinished>",
-29.5,0.5,0.375,23,2026092823,1,K1ABC FN42 33,-29,0,10.140200,0.3004402539995681,0,official WSJT-X 3.0.2; binary SHA256 9e3c2fc14f63c4b4c4e9fcc33b386cd22daf8fe76ce724c5e37f07875e9a3dd9,"0000 -29  0.1  10.140200  0  K1ABC FN42 33 
<DecodeFinished>",
-29.5,0.5,0.375,27,2026092827,1,K1ABC FN42 33,-30,0,10.140200,0.062056010000105744,0,official WSJT-X 3.0.2; binary SHA256 9e3c2fc14f63c4b4c4e9fcc33b386cd22daf8fe76ce724c5e37f07875e9a3dd9,"0000 -30  0.0  10.140200  0  K1ABC FN42 33 
<DecodeFinished>",
-29.5,0.5,0.375,20,2026092820,0,,,,,0.5167633420001039,0,official WSJT-X 3.0.2; binary SHA256 9e3c2fc14f63c4b4c4e9fcc33b386cd22daf8fe76ce724c5e37f07875e9a3dd9,<DecodeFinished>,
-29.5,0.5,0.375,28,2026092828,1,K1ABC FN42 33,-29,0,10.140200,0.06890959599968483,0,official WSJT-X 3.0.2; binary SHA256 9e3c2fc14f63c4b4c4e9fcc33b386cd22daf8fe76ce724c5e37f07875e9a3dd9,"0000 -29  0.1  10.140200  0  K1ABC FN42 33 
<DecodeFinished>",
-29.5,0.5,0.375,25,2026092825,0,,,,,0.5403214469997693,0,official WSJT-X 3.0.2; binary SHA256 9e3c2fc14f63c4b4c4e9fcc33b386cd22daf8fe76ce724c5e37f07875e9a3dd9,<DecodeFinished>,
-29.5,0.5,0.375,26,2026092826,0,,,,,0.5140851890000704,0,official WSJT-X 3.0.2; binary SHA256 9e3c2fc14f63c4b4c4e9fcc33b386cd22daf8fe76ce724c5e37f07875e9a3dd9,<DecodeFinished>,
-29.5,0.5,0.375,32,2026092832,1,K1ABC FN42 33,-29,0,10.140200,0.053513581000061095,0,official WSJT-X 3.0.2; binary SHA256 9e3c2fc14f63c4b4c4e9fcc33b386cd22daf8fe76ce724c5e37f07875e9a3dd9,"0000 -29  0.0  10.140200  0  K1ABC FN42 33 
<DecodeFinished>",
-29.5,0.5,0.375,31,2026092831,1,K1ABC FN42 33,-30,0,10.140200,0.0772424179999689,0,official WSJT-X 3.0.2; binary SHA256 9e3c2fc14f63c4b4c4e9fcc33b386cd22daf8fe76ce724c5e37f07875e9a3dd9,"0000 -30 -0.1  10.140200  0  K1ABC FN42 33 
<DecodeFinished>",
-29.5,0.5,0.375,30,2026092830,1,K1ABC FN42 33,-29,0,10.140200,0.2453078789999381,0,official WSJT-X 3.0.2; binary SHA256 9e3c2fc14f63c4b4c4e9fcc33b386cd22daf8fe76ce724c5e37f07875e9a3dd9,"0000 -29 -0.0  10.140200  0  K1ABC FN42 33 
<DecodeFinished>",
-29.5,0.5,0.375,34,2026092834,0,J8RUF EM36 50,,,,0.07234473100015748,0,official WSJT-X 3.0.2; binary SHA256 9e3c2fc14f63c4b4c4e9fcc33b386cd22daf8fe76ce724c5e37f07875e9a3dd9,"0000 -29  0.0  10.140200  0  J8RUF EM36 50 
<DecodeFinished>",
-29.5,0.5,0.375,29,2026092829,0,,,,,0.528208401000029,0,official WSJT-X 3.0.2; binary SHA256 9e3c2fc14f63c4b4c4e9fcc33b386cd22daf8fe76ce724c5e37f07875e9a3dd9,<DecodeFinished>,
-29.5,0.5,0.375,33,2026092833,1,K1ABC FN42 33,-29,0,10.140200,0.24941829099998358,0,official WSJT-X 3.0.2; binary SHA256 9e3c2fc14f63c4b4c4e9fcc33b386cd22daf8fe76ce724c5e37f07875e9a3dd9,"0000 -29  0.0  10.140200  0  K1ABC FN42 33 
<DecodeFinished>",
-29.5,0.5,0.375,35,2026092835,1,K1ABC FN42 33,-29,0,10.140200,0.27350867599989215,0,official WSJT-X 3.0.2; binary SHA256 9e3c2fc14f63c4b4c4e9fcc33b386cd22daf8fe76ce724c5e37f07875e9a3dd9,"0000 -29  0.0  10.140200  0  K1ABC FN42 33 
<DecodeFinished>",
-29.5,0.5,0.375,38,2026092838,1,K1ABC FN42 33,-30,0,10.140200,0.05487516399989545,0,official WSJT-X 3.0.2; binary SHA256 9e3c2fc14f63c4b4c4e9fcc33b386cd22daf8fe76ce724c5e37f07875e9a3dd9,"0000 -30  0.0  10.140200  0  K1ABC FN42 33 
<DecodeFinished>",
-29.5,0.5,0.375,39,2026092839,1,K1ABC FN42 33,-30,0,10.140200,0.05183659100021032,0,official WSJT-X 3.0.2; binary SHA256 9e3c2fc14f63c4b4c4e9fcc33b386cd22daf8fe76ce724c5e37f07875e9a3dd9,"0000 -30  0.1  10.140200  0  K1ABC FN42 33 
<DecodeFinished>",
-29.5,0.5,0.375,40,2026092840,1,K1ABC FN42 33,-30,0,10.140200,0.05154778400037685,0,official WSJT-X 3.0.2; binary SHA256 9e3c2fc14f63c4b4c4e9fcc33b386cd22daf8fe76ce724c5e37f07875e9a3dd9,"0000 -30  0.0  10.140200  0  K1ABC FN42 33 
<DecodeFinished>",
-29.5,0.5,0.375,42,2026092842,1,K1ABC FN42 33,-29,0,10.140200,0.05649189200039473,0,official WSJT-X 3.0.2; binary SHA256 9e3c2fc14f63c4b4c4e9fcc33b386cd22daf8fe76ce724c5e37f07875e9a3dd9,"0000 -29  0.0  10.140200  0  K1ABC FN42 33 
<DecodeFinished>",
-29.5,0.5,0.375,43,2026092843,1,K1ABC FN42 33,-30,0,10.140200,0.06972277700015184,0,official WSJT-X 3.0.2; binary SHA256 9e3c2fc14f63c4b4c4e9fcc33b386cd22daf8fe76ce724c5e37f07875e9a3dd9,"0000 -30  0.1  10.140200  0  K1ABC FN42 33 
<DecodeFinished>",
-29.5,0.5,0.375,41,2026092841,1,K1ABC FN42 33,-31,0,10.140200,0.15510870999969484,0,official WSJT-X 3.0.2; binary SHA256 9e3c2fc14f63c4b4c4e9fcc33b386cd22daf8fe76ce724c5e37f07875e9a3dd9,"0000 -31 -0.0  10.140200  0  K1ABC FN42 33 
<DecodeFinished>",
-29.5,0.5,0.375,44,2026092844,1,K1ABC FN42 33,-29,0,10.140200,0.05325540900003034,0,official WSJT-X 3.0.2; binary SHA256 9e3c2fc14f63c4b4c4e9fcc33b386cd22daf8fe76ce724c5e37f07875e9a3dd9,"0000 -29  0.0  10.140200  0  K1ABC FN42 33 
<DecodeFinished>",
-29.5,0.5,0.375,45,2026092845,1,K1ABC FN42 33,-29,0,10.140200,0.08593168699962916,0,official WSJT-X 3.0.2; binary SHA256 9e3c2fc14f63c4b4c4e9fcc33b386cd22daf8fe76ce724c5e37f07875e9a3dd9,"0000 -29  0.0  10.140200  0  K1ABC FN42 33 
<DecodeFinished>",
-29.5,0.5,0.375,36,2026092836,0,,,,,0.5201432580001892,0,official WSJT-X 3.0.2; binary SHA256 9e3c2fc14f63c4b4c4e9fcc33b386cd22daf8fe76ce724c5e37f07875e9a3dd9,<DecodeFinished>,
-29.5,0.5,0.375,46,2026092846,1,K1ABC FN42 33,-29,0,10.140200,0.059331464000024425,0,official WSJT-X 3.0.2; binary SHA256 9e3c2fc14f63c4b4c4e9fcc33b386cd22daf8fe76ce724c5e37f07875e9a3dd9,"0000 -29 -0.1  10.140200  0  K1ABC FN42 33 
<DecodeFinished>",
-29.5,0.5,0.375,47,2026092847,1,K1ABC FN42 33,-29,0,10.140200,0.06803036800010887,0,official WSJT-X 3.0.2; binary SHA256 9e3c2fc14f63c4b4c4e9fcc33b386cd22daf8fe76ce724c5e37f07875e9a3dd9,"0000 -29 -0.0  10.140200  0  K1ABC FN42 33 
<DecodeFinished>",
-29.5,0.5,0.375,49,2026092849,1,K1ABC FN42 33,-30,0,10.140200,0.07081657400021868,0,official WSJT-X 3.0.2; binary SHA256 9e3c2fc14f63c4b4c4e9fcc33b386cd22daf8fe76ce724c5e37f07875e9a3dd9,"0000 -30 -0.1  10.140200  0  K1ABC FN42 33 
<DecodeFinished>",
-29.5,0.5,0.375,37,2026092837,0,,,,,0.5403944190002221,0,official WSJT-X 3.0.2; binary SHA256 9e3c2fc14f63c4b4c4e9fcc33b386cd22daf8fe76ce724c5e37f07875e9a3dd9,<DecodeFinished>,
-29.5,0.5,0.375,52,2026092852,1,K1ABC FN42 33,-29,0,10.140200,0.04771378500026913,0,official WSJT-X 3.0.2; binary SHA256 9e3c2fc14f63c4b4c4e9fcc33b386cd22daf8fe76ce724c5e37f07875e9a3dd9,"0000 -29  0.0  10.140200  0  K1ABC FN42 33 
<DecodeFinished>",
-29.5,0.5,0.375,53,2026092853,1,K1ABC FN42 33,-30,0,10.140200,0.05221811499995965,0,official WSJT-X 3.0.2; binary SHA256 9e3c2fc14f63c4b4c4e9fcc33b386cd22daf8fe76ce724c5e37f07875e9a3dd9,"0000 -30 -0.1  10.140200  0  K1ABC FN42 33 
<DecodeFinished>",
-29.5,0.5,0.375,54,2026092854,1,K1ABC FN42 33,-29,0,10.140200,0.05355930999985503,0,official WSJT-X 3.0.2; binary SHA256 9e3c2fc14f63c4b4c4e9fcc33b386cd22daf8fe76ce724c5e37f07875e9a3dd9,"0000 -29 -0.1  10.140200  0  K1ABC FN42 33 
<DecodeFinished>",
-29.5,0.5,0.375,55,2026092855,1,K1ABC FN42 33,-29,0,10.140200,0.05804388900014601,0,official WSJT-X 3.0.2; binary SHA256 9e3c2fc14f63c4b4c4e9fcc33b386cd22daf8fe76ce724c5e37f07875e9a3dd9,"0000 -29 -0.0  10.140200  0  K1ABC FN42 33 
<DecodeFinished>",
-29.5,0.5,0.375,48,2026092848,0,,,,,0.5239178249998986,0,official WSJT-X 3.0.2; binary SHA256 9e3c2fc14f63c4b4c4e9fcc33b386cd22daf8fe76ce724c5e37f07875e9a3dd9,<DecodeFinished>,
-29.5,0.5,0.375,57,2026092857,1,K1ABC FN42 33,-30,0,10.140200,0.05145800199989026,0,official WSJT-X 3.0.2; binary SHA256 9e3c2fc14f63c4b4c4e9fcc33b386cd22daf8fe76ce724c5e37f07875e9a3dd9,"0000 -30 -0.0  10.140200  0  K1ABC FN42 33 
<DecodeFinished>",
-29.5,0.5,0.375,50,2026092850,0,,,,,0.5300908750000417,0,official WSJT-X 3.0.2; binary SHA256 9e3c2fc14f63c4b4c4e9fcc33b386cd22daf8fe76ce724c5e37f07875e9a3dd9,<DecodeFinished>,
-29.5,0.5,0.375,51,2026092851,0,,,,,0.5318035049999708,0,official WSJT-X 3.0.2; binary SHA256 9e3c2fc14f63c4b4c4e9fcc33b386cd22daf8fe76ce724c5e37f07875e9a3dd9,<DecodeFinished>,
-29.5,0.5,0.375,58,2026092858,1,K1ABC FN42 33,-30,0,10.140200,0.05555052500039892,0,official WSJT-X 3.0.2; binary SHA256 9e3c2fc14f63c4b4c4e9fcc33b386cd22daf8fe76ce724c5e37f07875e9a3dd9,"0000 -30  0.0  10.140200  0  K1ABC FN42 33 
<DecodeFinished>",
-29.5,0.5,0.375,59,2026092859,1,K1ABC FN42 33,-29,0,10.140200,0.07023608099962075,0,official WSJT-X 3.0.2; binary SHA256 9e3c2fc14f63c4b4c4e9fcc33b386cd22daf8fe76ce724c5e37f07875e9a3dd9,"0000 -29 -0.1  10.140200  0  K1ABC FN42 33 
<DecodeFinished>",
-29.5,0.5,0.375,61,2026092861,1,K1ABC FN42 33,-30,0,10.140200,0.05592116900015753,0,official WSJT-X 3.0.2; binary SHA256 9e3c2fc14f63c4b4c4e9fcc33b386cd22daf8fe76ce724c5e37f07875e9a3dd9,"0000 -30  0.0  10.140200  0  K1ABC FN42 33 
<DecodeFinished>",
-29.5,0.5,0.375,62,2026092862,1,K1ABC FN42 33,-29,0,10.140200,0.054242393000095035,0,official WSJT-X 3.0.2; binary SHA256 9e3c2fc14f63c4b4c4e9fcc33b386cd22daf8fe76ce724c5e37f07875e9a3dd9,"0000 -29  0.0  10.140200  0  K1ABC FN42 33 
<DecodeFinished>",
-29.5,0.5,0.375,64,2026092864,1,K1ABC FN42 33,-29,0,10.140200,0.052762097000140784,0,official WSJT-X 3.0.2; binary SHA256 9e3c2fc14f63c4b4c4e9fcc33b386cd22daf8fe76ce724c5e37f07875e9a3dd9,"0000 -29  0.0  10.140200  0  K1ABC FN42 33 
<DecodeFinished>",
-29.5,0.5,0.375,65,2026092865,1,K1ABC FN42 33,-29,0,10.140200,0.0473685850001857,0,official WSJT-X 3.0.2; binary SHA256 9e3c2fc14f63c4b4c4e9fcc33b386cd22daf8fe76ce724c5e37f07875e9a3dd9,"0000 -29  0.0  10.140200  0  K1ABC FN42 33 
<DecodeFinished>",
-29.5,0.5,0.375,56,2026092856,0,,,,,0.5264678419998745,0,official WSJT-X 3.0.2; binary SHA256 9e3c2fc14f63c4b4c4e9fcc33b386cd22daf8fe76ce724c5e37f07875e9a3dd9,<DecodeFinished>,
-29.5,0.5,0.375,63,2026092863,1,K1ABC FN42 33,-30,0,10.140200,0.26049506300023495,0,official WSJT-X 3.0.2; binary SHA256 9e3c2fc14f63c4b4c4e9fcc33b386cd22daf8fe76ce724c5e37f07875e9a3dd9,"0000 -30 -0.0  10.140200  0  K1ABC FN42 33 
<DecodeFinished>",
-29.5,0.5,0.375,66,2026092866,1,K1ABC FN42 33,-29,0,10.140200,0.1596864450002613,0,official WSJT-X 3.0.2; binary SHA256 9e3c2fc14f63c4b4c4e9fcc33b386cd22daf8fe76ce724c5e37f07875e9a3dd9,"0000 -29  0.1  10.140200  0  K1ABC FN42 33 
<DecodeFinished>",
-29.5,0.5,0.375,67,2026092867,1,K1ABC FN42 33,-29,0,10.140200,0.050469204999899375,0,official WSJT-X 3.0.2; binary SHA256 9e3c2fc14f63c4b4c4e9fcc33b386cd22daf8fe76ce724c5e37f07875e9a3dd9,"0000 -29  0.0  10.140200  0  K1ABC FN42 33 
<DecodeFinished>",
-29.5,0.5,0.375,69,2026092869,1,K1ABC FN42 33,-29,0,10.140200,0.053326799999922514,0,official WSJT-X 3.0.2; binary SHA256 9e3c2fc14f63c4b4c4e9fcc33b386cd22daf8fe76ce724c5e37f07875e9a3dd9,"0000 -29  0.1  10.140200  0  K1ABC FN42 33 
<DecodeFinished>",
-29.5,0.5,0.375,60,2026092860,0,,,,,0.5226512429999275,0,official WSJT-X 3.0.2; binary SHA256 9e3c2fc14f63c4b4c4e9fcc33b386cd22daf8fe76ce724c5e37f07875e9a3dd9,<DecodeFinished>,
-29.5,0.5,0.375,68,2026092868,1,K1ABC FN42 33,-30,0,10.140200,0.24133913300011045,0,official WSJT-X 3.0.2; binary SHA256 9e3c2fc14f63c4b4c4e9fcc33b386cd22daf8fe76ce724c5e37f07875e9a3dd9,"0000 -30 -0.0  10.140200  0  K1ABC FN42 33 
<DecodeFinished>",
-29.5,0.5,0.375,73,2026092873,1,K1ABC FN42 33,-29,0,10.140200,0.0913870490003319,0,official WSJT-X 3.0.2; binary SHA256 9e3c2fc14f63c4b4c4e9fcc33b386cd22daf8fe76ce724c5e37f07875e9a3dd9,"0000 -29 -0.1  10.140200  0  K1ABC FN42 33 
<DecodeFinished>",
-29.5,0.5,0.375,74,2026092874,1,K1ABC FN42 33,-29,0,10.140200,0.056562200999906054,0,official WSJT-X 3.0.2; binary SHA256 9e3c2fc14f63c4b4c4e9fcc33b386cd22daf8fe76ce724c5e37f07875e9a3dd9,"0000 -29  0.0  10.140200  0  K1ABC FN42 33 
<DecodeFinished>",
-29.5,0.5,0.375,70,2026092870,0,,,,,0.5174260960002357,0,official WSJT-X 3.0.2; binary SHA256 9e3c2fc14f63c4b4c4e9fcc33b386cd22daf8fe76ce724c5e37f07875e9a3dd9,<DecodeFinished>,
-29.5,0.5,0.375,71,2026092871,0,,,,,0.5232607170000847,0,official WSJT-X 3.0.2; binary SHA256 9e3c2fc14f63c4b4c4e9fcc33b386cd22daf8fe76ce724c5e37f07875e9a3dd9,<DecodeFinished>,
-29.5,0.5,0.375,72,2026092872,0,,,,,0.49770274299999073,0,official WSJT-X 3.0.2; binary SHA256 9e3c2fc14f63c4b4c4e9fcc33b386cd22daf8fe76ce724c5e37f07875e9a3dd9,<DecodeFinished>,
-29.5,0.5,0.375,77,2026092877,1,K1ABC FN42 33,-29,0,10.140200,0.14746712300029685,0,official WSJT-X 3.0.2; binary SHA256 9e3c2fc14f63c4b4c4e9fcc33b386cd22daf8fe76ce724c5e37f07875e9a3dd9,"0000 -29 -0.1  10.140200  0  K1ABC FN42 33 
<DecodeFinished>",
-29.5,0.5,0.375,75,2026092875,0,,,,,0.5308087539997359,0,official WSJT-X 3.0.2; binary SHA256 9e3c2fc14f63c4b4c4e9fcc33b386cd22daf8fe76ce724c5e37f07875e9a3dd9,<DecodeFinished>,
-29.5,0.5,0.375,80,2026092880,1,K1ABC FN42 33,-29,0,10.140200,0.06573557299998356,0,official WSJT-X 3.0.2; binary SHA256 9e3c2fc14f63c4b4c4e9fcc33b386cd22daf8fe76ce724c5e37f07875e9a3dd9,"0000 -29  0.1  10.140200  0  K1ABC FN42 33 
<DecodeFinished>",
-29.5,0.5,0.375,81,2026092881,1,K1ABC FN42 33,-29,0,10.140200,0.0728784530001576,0,official WSJT-X 3.0.2; binary SHA256 9e3c2fc14f63c4b4c4e9fcc33b386cd22daf8fe76ce724c5e37f07875e9a3dd9,"0000 -29  0.0  10.140200  0  K1ABC FN42 33 
<DecodeFinished>",
-29.5,0.5,0.375,76,2026092876,0,,,,,0.5259776800003237,0,official WSJT-X 3.0.2; binary SHA256 9e3c2fc14f63c4b4c4e9fcc33b386cd22daf8fe76ce724c5e37f07875e9a3dd9,<DecodeFinished>,
-29.5,0.5,0.375,82,2026092882,1,K1ABC FN42 33,-29,0,10.140200,0.10453998599996339,0,official WSJT-X 3.0.2; binary SHA256 9e3c2fc14f63c4b4c4e9fcc33b386cd22daf8fe76ce724c5e37f07875e9a3dd9,"0000 -29  0.1  10.140200  0  K1ABC FN42 33 
<DecodeFinished>",
-29.5,0.5,0.375,83,2026092883,1,K1ABC FN42 33,-30,0,10.140200,0.11332050300006813,0,official WSJT-X 3.0.2; binary SHA256 9e3c2fc14f63c4b4c4e9fcc33b386cd22daf8fe76ce724c5e37f07875e9a3dd9,"0000 -30 -0.1  10.140200  0  K1ABC FN42 33 
<DecodeFinished>",
-29.5,0.5,0.375,78,2026092878,0,,,,,0.527710850999938,0,official WSJT-X 3.0.2; binary SHA256 9e3c2fc14f63c4b4c4e9fcc33b386cd22daf8fe76ce724c5e37f07875e9a3dd9,<DecodeFinished>,
-29.5,0.5,0.375,79,2026092879,0,,,,,0.5245312100000774,0,official WSJT-X 3.0.2; binary SHA256 9e3c2fc14f63c4b4c4e9fcc33b386cd22daf8fe76ce724c5e37f07875e9a3dd9,<DecodeFinished>,
-29.5,0.5,0.375,87,2026092887,1,K1ABC FN42 33,-29,0,10.140200,0.05094621799980814,0,official WSJT-X 3.0.2; binary SHA256 9e3c2fc14f63c4b4c4e9fcc33b386cd22daf8fe76ce724c5e37f07875e9a3dd9,"0000 -29 -0.0  10.140200  0  K1ABC FN42 33 
<DecodeFinished>",
-29.5,0.5,0.375,84,2026092884,1,K1ABC FN42 33,-29,0,10.140200,0.24640526900020632,0,official WSJT-X 3.0.2; binary SHA256 9e3c2fc14f63c4b4c4e9fcc33b386cd22daf8fe76ce724c5e37f07875e9a3dd9,"0000 -29 -0.1  10.140200  0  K1ABC FN42 33 
<DecodeFinished>",
-29.5,0.5,0.375,89,2026092889,1,K1ABC FN42 33,-29,0,10.140200,0.25100730999974985,0,official WSJT-X 3.0.2; binary SHA256 9e3c2fc14f63c4b4c4e9fcc33b386cd22daf8fe76ce724c5e37f07875e9a3dd9,"0000 -29  0.0  10.140200  0  K1ABC FN42 33 
<DecodeFinished>",
-29.5,0.5,0.375,85,2026092885,0,,,,,0.5206853800000317,0,official WSJT-X 3.0.2; binary SHA256 9e3c2fc14f63c4b4c4e9fcc33b386cd22daf8fe76ce724c5e37f07875e9a3dd9,<DecodeFinished>,
-29.5,0.5,0.375,90,2026092890,1,K1ABC FN42 33,-30,0,10.140200,0.05282350300012695,0,official WSJT-X 3.0.2; binary SHA256 9e3c2fc14f63c4b4c4e9fcc33b386cd22daf8fe76ce724c5e37f07875e9a3dd9,"0000 -30  0.0  10.140200  0  K1ABC FN42 33 
<DecodeFinished>",
-29.5,0.5,0.375,86,2026092886,0,,,,,0.5338234280002325,0,official WSJT-X 3.0.2; binary SHA256 9e3c2fc14f63c4b4c4e9fcc33b386cd22daf8fe76ce724c5e37f07875e9a3dd9,<DecodeFinished>,
-29.5,0.5,0.375,93,2026092893,1,K1ABC FN42 33,-29,0,10.140200,0.056039615999907255,0,official WSJT-X 3.0.2; binary SHA256 9e3c2fc14f63c4b4c4e9fcc33b386cd22daf8fe76ce724c5e37f07875e9a3dd9,"0000 -29  0.1  10.140200  0  K1ABC FN42 33 
<DecodeFinished>",
-29.5,0.5,0.375,88,2026092888,0,,,,,0.5142469849997724,0,official WSJT-X 3.0.2; binary SHA256 9e3c2fc14f63c4b4c4e9fcc33b386cd22daf8fe76ce724c5e37f07875e9a3dd9,<DecodeFinished>,
-29.5,0.5,0.375,95,2026092895,1,K1ABC FN42 33,-30,0,10.140200,0.08537215199976345,0,official WSJT-X 3.0.2; binary SHA256 9e3c2fc14f63c4b4c4e9fcc33b386cd22daf8fe76ce724c5e37f07875e9a3dd9,"0000 -30 -0.1  10.140200  0  K1ABC FN42 33 
<DecodeFinished>",
-29.5,0.5,0.375,96,2026092896,1,K1ABC FN42 33,-30,0,10.140200,0.05667537099998299,0,official WSJT-X 3.0.2; binary SHA256 9e3c2fc14f63c4b4c4e9fcc33b386cd22daf8fe76ce724c5e37f07875e9a3dd9,"0000 -30 -0.1  10.140200  0  K1ABC FN42 33 
<DecodeFinished>",
-29.5,0.5,0.375,97,2026092897,1,K1ABC FN42 33,-28,0,10.140200,0.07063078599958317,0,official WSJT-X 3.0.2; binary SHA256 9e3c2fc14f63c4b4c4e9fcc33b386cd22daf8fe76ce724c5e37f07875e9a3dd9,"0000 -28 -0.1  10.140200  0  K1ABC FN42 33 
<DecodeFinished>",
-29.5,0.5,0.375,98,2026092898,1,K1ABC FN42 33,-30,0,10.140200,0.04674505399998452,0,official WSJT-X 3.0.2; binary SHA256 9e3c2fc14f63c4b4c4e9fcc33b386cd22daf8fe76ce724c5e37f07875e9a3dd9,"0000 -30  0.0  10.140200  0  K1ABC FN42 33 
<DecodeFinished>",
-29.5,0.5,0.375,91,2026092891,0,,,,,0.4110001289996035,0,official WSJT-X 3.0.2; binary SHA256 9e3c2fc14f63c4b4c4e9fcc33b386cd22daf8fe76ce724c5e37f07875e9a3dd9,<DecodeFinished>,
-29.5,0.5,0.375,99,2026092899,1,K1ABC FN42 33,-29,0,10.140200,0.05034824299991669,0,official WSJT-X 3.0.2; binary SHA256 9e3c2fc14f63c4b4c4e9fcc33b386cd22daf8fe76ce724c5e37f07875e9a3dd9,"0000 -29  0.1  10.140200  0  K1ABC FN42 33 
<DecodeFinished>",
-29.5,0.5,0.375,92,2026092892,0,,,,,0.5108785420002278,0,official WSJT-X 3.0.2; binary SHA256 9e3c2fc14f63c4b4c4e9fcc33b386cd22daf8fe76ce724c5e37f07875e9a3dd9,<DecodeFinished>,
-29.5,0.5,0.375,94,2026092894,0,,,,,0.5117208579999897,0,official WSJT-X 3.0.2; binary SHA256 9e3c2fc14f63c4b4c4e9fcc33b386cd22daf8fe76ce724c5e37f07875e9a3dd9,<DecodeFinished>,
-29.5,0.5,0.5,3,2026092803,1,K1ABC FN42 33,-29,0,10.140200,0.06355432100008329,0,official WSJT-X 3.0.2; binary SHA256 9e3c2fc14f63c4b4c4e9fcc33b386cd22daf8fe76ce724c5e37f07875e9a3dd9,"0000 -29 -0.1  10.140200  0  K1ABC FN42 33 
<DecodeFinished>",
-29.5,0.5,0.5,4,2026092804,1,K1ABC FN42 33,-28,0,10.140200,0.04728282699988995,0,official WSJT-X 3.0.2; binary SHA256 9e3c2fc14f63c4b4c4e9fcc33b386cd22daf8fe76ce724c5e37f07875e9a3dd9,"0000 -28 -0.1  10.140200  0  K1ABC FN42 33 
<DecodeFinished>",
-29.5,0.5,0.5,5,2026092805,1,K1ABC FN42 33,-30,0,10.140200,0.23938224999983504,0,official WSJT-X 3.0.2; binary SHA256 9e3c2fc14f63c4b4c4e9fcc33b386cd22daf8fe76ce724c5e37f07875e9a3dd9,"0000 -30 -0.0  10.140200  0  K1ABC FN42 33 
<DecodeFinished>",
-29.5,0.5,0.5,0,2026092800,0,,,,,0.5454421290000937,0,official WSJT-X 3.0.2; binary SHA256 9e3c2fc14f63c4b4c4e9fcc33b386cd22daf8fe76ce724c5e37f07875e9a3dd9,<DecodeFinished>,
-29.5,0.5,0.5,1,2026092801,0,,,,,0.5284975170002326,0,official WSJT-X 3.0.2; binary SHA256 9e3c2fc14f63c4b4c4e9fcc33b386cd22daf8fe76ce724c5e37f07875e9a3dd9,<DecodeFinished>,
-29.5,0.5,0.5,2,2026092802,0,,,,,0.535497691999808,0,official WSJT-X 3.0.2; binary SHA256 9e3c2fc14f63c4b4c4e9fcc33b386cd22daf8fe76ce724c5e37f07875e9a3dd9,<DecodeFinished>,
-29.5,0.5,0.5,9,2026092809,1,K1ABC FN42 33,-29,0,10.140200,0.09024827600023855,0,official WSJT-X 3.0.2; binary SHA256 9e3c2fc14f63c4b4c4e9fcc33b386cd22daf8fe76ce724c5e37f07875e9a3dd9,"0000 -29  0.1  10.140200  0  K1ABC FN42 33 
<DecodeFinished>",
-29.5,0.5,0.5,8,2026092808,1,K1ABC FN42 33,-29,0,10.140200,0.24581344400030503,0,official WSJT-X 3.0.2; binary SHA256 9e3c2fc14f63c4b4c4e9fcc33b386cd22daf8fe76ce724c5e37f07875e9a3dd9,"0000 -29 -0.0  10.140200  0  K1ABC FN42 33 
<DecodeFinished>",
-29.5,0.5,0.5,11,2026092811,1,K1ABC FN42 33,-29,0,10.140200,0.05482037700039655,0,official WSJT-X 3.0.2; binary SHA256 9e3c2fc14f63c4b4c4e9fcc33b386cd22daf8fe76ce724c5e37f07875e9a3dd9,"0000 -29 -0.0  10.140200  0  K1ABC FN42 33 
<DecodeFinished>",
-29.5,0.5,0.5,12,2026092812,1,K1ABC FN42 33,-29,0,10.140200,0.07023615600019184,0,official WSJT-X 3.0.2; binary SHA256 9e3c2fc14f63c4b4c4e9fcc33b386cd22daf8fe76ce724c5e37f07875e9a3dd9,"0000 -29  0.1  10.140200  0  K1ABC FN42 33 
<DecodeFinished>",
-29.5,0.5,0.5,13,2026092813,1,K1ABC FN42 33,-29,0,10.140200,0.04670552400011729,0,official WSJT-X 3.0.2; binary SHA256 9e3c2fc14f63c4b4c4e9fcc33b386cd22daf8fe76ce724c5e37f07875e9a3dd9,"0000 -29 -0.1  10.140200  0  K1ABC FN42 33 
<DecodeFinished>",
-29.5,0.5,0.5,14,2026092814,1,K1ABC FN42 33,-29,0,10.140200,0.05890692599996328,0,official WSJT-X 3.0.2; binary SHA256 9e3c2fc14f63c4b4c4e9fcc33b386cd22daf8fe76ce724c5e37f07875e9a3dd9,"0000 -29 -0.1  10.140200  0  K1ABC FN42 33 
<DecodeFinished>",
-29.5,0.5,0.5,6,2026092806,0,,,,,0.5235454519997802,0,official WSJT-X 3.0.2; binary SHA256 9e3c2fc14f63c4b4c4e9fcc33b386cd22daf8fe76ce724c5e37f07875e9a3dd9,<DecodeFinished>,
-29.5,0.5,0.5,7,2026092807,0,,,,,0.5216891639997812,0,official WSJT-X 3.0.2; binary SHA256 9e3c2fc14f63c4b4c4e9fcc33b386cd22daf8fe76ce724c5e37f07875e9a3dd9,<DecodeFinished>,
-29.5,0.5,0.5,15,2026092815,1,K1ABC FN42 33,-30,0,10.140200,0.05255076599996755,0,official WSJT-X 3.0.2; binary SHA256 9e3c2fc14f63c4b4c4e9fcc33b386cd22daf8fe76ce724c5e37f07875e9a3dd9,"0000 -30  0.0  10.140200  0  K1ABC FN42 33 
<DecodeFinished>",
-29.5,0.5,0.5,17,2026092817,1,K1ABC FN42 33,-29,0,10.140200,0.049156813000081456,0,official WSJT-X 3.0.2; binary SHA256 9e3c2fc14f63c4b4c4e9fcc33b386cd22daf8fe76ce724c5e37f07875e9a3dd9,"0000 -29  0.0  10.140200  0  K1ABC FN42 33 
<DecodeFinished>",
-29.5,0.5,0.5,19,2026092819,0,,,,,0.04529843499994968,0,official WSJT-X 3.0.2; binary SHA256 9e3c2fc14f63c4b4c4e9fcc33b386cd22daf8fe76ce724c5e37f07875e9a3dd9,<DecodeFinished>,
-29.5,0.5,0.5,18,2026092818,1,K1ABC FN42 33,-29,0,10.140200,0.07738659300002837,0,official WSJT-X 3.0.2; binary SHA256 9e3c2fc14f63c4b4c4e9fcc33b386cd22daf8fe76ce724c5e37f07875e9a3dd9,"0000 -29  0.1  10.140200  0  K1ABC FN42 33 
<DecodeFinished>",
-29.5,0.5,0.5,10,2026092810,0,,,,,0.5252775550002298,0,official WSJT-X 3.0.2; binary SHA256 9e3c2fc14f63c4b4c4e9fcc33b386cd22daf8fe76ce724c5e37f07875e9a3dd9,<DecodeFinished>,
-29.5,0.5,0.5,22,2026092822,1,K1ABC FN42 33,-29,0,10.140200,0.05402673500020683,0,official WSJT-X 3.0.2; binary SHA256 9e3c2fc14f63c4b4c4e9fcc33b386cd22daf8fe76ce724c5e37f07875e9a3dd9,"0000 -29  0.0  10.140200  0  K1ABC FN42 33 
<DecodeFinished>",
-29.5,0.5,0.5,16,2026092816,0,,,,,0.5311191579999104,0,official WSJT-X 3.0.2; binary SHA256 9e3c2fc14f63c4b4c4e9fcc33b386cd22daf8fe76ce724c5e37f07875e9a3dd9,<DecodeFinished>,
-29.5,0.5,0.5,20,2026092820,0,,,,,0.525580710000213,0,official WSJT-X 3.0.2; binary SHA256 9e3c2fc14f63c4b4c4e9fcc33b386cd22daf8fe76ce724c5e37f07875e9a3dd9,<DecodeFinished>,
-29.5,0.5,0.5,21,2026092821,0,,,,,0.5216543749997982,0,official WSJT-X 3.0.2; binary SHA256 9e3c2fc14f63c4b4c4e9fcc33b386cd22daf8fe76ce724c5e37f07875e9a3dd9,<DecodeFinished>,
-29.5,0.5,0.5,25,2026092825,1,K1ABC FN42 33,-29,0,10.140200,0.08713863899993157,0,official WSJT-X 3.0.2; binary SHA256 9e3c2fc14f63c4b4c4e9fcc33b386cd22daf8fe76ce724c5e37f07875e9a3dd9,"0000 -29 -0.1  10.140200  0  K1ABC FN42 33 
<DecodeFinished>",
-29.5,0.5,0.5,26,2026092826,1,K1ABC FN42 33,-30,0,10.140200,0.08500996999964627,0,official WSJT-X 3.0.2; binary SHA256 9e3c2fc14f63c4b4c4e9fcc33b386cd22daf8fe76ce724c5e37f07875e9a3dd9,"0000 -30  0.1  10.140200  0  K1ABC FN42 33 
<DecodeFinished>",
-29.5,0.5,0.5,23,2026092823,0,,,,,0.5181219520000013,0,official WSJT-X 3.0.2; binary SHA256 9e3c2fc14f63c4b4c4e9fcc33b386cd22daf8fe76ce724c5e37f07875e9a3dd9,<DecodeFinished>,
-29.5,0.5,0.5,29,2026092829,1,K1ABC FN42 33,-29,0,10.140200,0.07732581800019034,0,official WSJT-X 3.0.2; binary SHA256 9e3c2fc14f63c4b4c4e9fcc33b386cd22daf8fe76ce724c5e37f07875e9a3dd9,"0000 -29 -0.1  10.140200  0  K1ABC FN42 33 
<DecodeFinished>",
-29.5,0.5,0.5,24,2026092824,0,,,,,0.5220088669998404,0,official WSJT-X 3.0.2; binary SHA256 9e3c2fc14f63c4b4c4e9fcc33b386cd22daf8fe76ce724c5e37f07875e9a3dd9,<DecodeFinished>,
-29.5,0.5,0.5,31,2026092831,1,K1ABC FN42 33,-30,0,10.140200,0.06036067900004127,0,official WSJT-X 3.0.2; binary SHA256 9e3c2fc14f63c4b4c4e9fcc33b386cd22daf8fe76ce724c5e37f07875e9a3dd9,"0000 -30 -0.1  10.140200  0  K1ABC FN42 33 
<DecodeFinished>",
-29.5,0.5,0.5,32,2026092832,1,K1ABC FN42 33,-30,0,10.140200,0.06543994699995892,0,official WSJT-X 3.0.2; binary SHA256 9e3c2fc14f63c4b4c4e9fcc33b386cd22daf8fe76ce724c5e37f07875e9a3dd9,"0000 -30  0.0  10.140200  0  K1ABC FN42 33 
<DecodeFinished>",
-29.5,0.5,0.5,27,2026092827,0,,,,,0.5202412710000317,0,official WSJT-X 3.0.2; binary SHA256 9e3c2fc14f63c4b4c4e9fcc33b386cd22daf8fe76ce724c5e37f07875e9a3dd9,<DecodeFinished>,
-29.5,0.5,0.5,28,2026092828,0,,,,,0.5475697840001885,0,official WSJT-X 3.0.2; binary SHA256 9e3c2fc14f63c4b4c4e9fcc33b386cd22daf8fe76ce724c5e37f07875e9a3dd9,<DecodeFinished>,
-29.5,0.5,0.5,35,2026092835,1,K1ABC FN42 33,-29,0,10.140200,0.07712338400006047,0,official WSJT-X 3.0.2; binary SHA256 9e3c2fc14f63c4b4c4e9fcc33b386cd22daf8fe76ce724c5e37f07875e9a3dd9,"0000 -29  0.0  10.140200  0  K1ABC FN42 33 
<DecodeFinished>",
-29.5,0.5,0.5,30,2026092830,0,,,,,0.5334951109998656,0,official WSJT-X 3.0.2; binary SHA256 9e3c2fc14f63c4b4c4e9fcc33b386cd22daf8fe76ce724c5e37f07875e9a3dd9,<DecodeFinished>,
-29.5,0.5,0.5,37,2026092837,1,K1ABC FN42 33,-30,0,10.140200,0.052666220999981306,0,official WSJT-X 3.0.2; binary SHA256 9e3c2fc14f63c4b4c4e9fcc33b386cd22daf8fe76ce724c5e37f07875e9a3dd9,"0000 -30 -0.0  10.140200  0  K1ABC FN42 33 
<DecodeFinished>",
-29.5,0.5,0.5,34,2026092834,1,K1ABC FN42 33,-29,0,10.140200,0.3517663409998022,0,official WSJT-X 3.0.2; binary SHA256 9e3c2fc14f63c4b4c4e9fcc33b386cd22daf8fe76ce724c5e37f07875e9a3dd9,"0000 -29  0.0  10.140200  0  K1ABC FN42 33 
<DecodeFinished>",
-29.5,0.5,0.5,33,2026092833,0,,,,,0.5144811360000858,0,official WSJT-X 3.0.2; binary SHA256 9e3c2fc14f63c4b4c4e9fcc33b386cd22daf8fe76ce724c5e37f07875e9a3dd9,<DecodeFinished>,
-29.5,0.5,0.5,40,2026092840,1,K1ABC FN42 33,-30,0,10.140200,0.04854127399994468,0,official WSJT-X 3.0.2; binary SHA256 9e3c2fc14f63c4b4c4e9fcc33b386cd22daf8fe76ce724c5e37f07875e9a3dd9,"0000 -30  0.1  10.140200  0  K1ABC FN42 33 
<DecodeFinished>",
-29.5,0.5,0.5,41,2026092841,1,K1ABC FN42 33,-31,0,10.140200,0.08158946000003198,0,official WSJT-X 3.0.2; binary SHA256 9e3c2fc14f63c4b4c4e9fcc33b386cd22daf8fe76ce724c5e37f07875e9a3dd9,"0000 -31  0.0  10.140200  0  K1ABC FN42 33 
<DecodeFinished>",
-29.5,0.5,0.5,36,2026092836,0,,,,,0.5211684939999941,0,official WSJT-X 3.0.2; binary SHA256 9e3c2fc14f63c4b4c4e9fcc33b386cd22daf8fe76ce724c5e37f07875e9a3dd9,<DecodeFinished>,
-29.5,0.5,0.5,42,2026092842,1,K1ABC FN42 33,-30,0,10.140200,0.06848585099987758,0,official WSJT-X 3.0.2; binary SHA256 9e3c2fc14f63c4b4c4e9fcc33b386cd22daf8fe76ce724c5e37f07875e9a3dd9,"0000 -30 -0.1  10.140200  0  K1ABC FN42 33 
<DecodeFinished>",
-29.5,0.5,0.5,43,2026092843,1,K1ABC FN42 33,-30,0,10.140200,0.07841340799996033,0,official WSJT-X 3.0.2; binary SHA256 9e3c2fc14f63c4b4c4e9fcc33b386cd22daf8fe76ce724c5e37f07875e9a3dd9,"0000 -30 -0.1  10.140200  0  K1ABC FN42 33 
<DecodeFinished>",
-29.5,0.5,0.5,44,2026092844,1,K1ABC FN42 33,-30,0,10.140200,0.05171002099996258,0,official WSJT-X 3.0.2; binary SHA256 9e3c2fc14f63c4b4c4e9fcc33b386cd22daf8fe76ce724c5e37f07875e9a3dd9,"0000 -30  0.0  10.140200  0  K1ABC FN42 33 
<DecodeFinished>",
-29.5,0.5,0.5,38,2026092838,0,,,,,0.5283972739998717,0,official WSJT-X 3.0.2; binary SHA256 9e3c2fc14f63c4b4c4e9fcc33b386cd22daf8fe76ce724c5e37f07875e9a3dd9,<DecodeFinished>,
-29.5,0.5,0.5,45,2026092845,1,K1ABC FN42 33,-29,0,10.140200,0.05002355199985686,0,official WSJT-X 3.0.2; binary SHA256 9e3c2fc14f63c4b4c4e9fcc33b386cd22daf8fe76ce724c5e37f07875e9a3dd9,"0000 -29 -0.0  10.140200  0  K1ABC FN42 33 
<DecodeFinished>",
-29.5,0.5,0.5,47,2026092847,1,K1ABC FN42 33,-29,0,10.140200,0.07024248000016087,0,official WSJT-X 3.0.2; binary SHA256 9e3c2fc14f63c4b4c4e9fcc33b386cd22daf8fe76ce724c5e37f07875e9a3dd9,"0000 -29 -0.0  10.140200  0  K1ABC FN42 33 
<DecodeFinished>",
-29.5,0.5,0.5,48,2026092848,1,K1ABC FN42 33,-29,0,10.140200,0.05570288700027959,0,official WSJT-X 3.0.2; binary SHA256 9e3c2fc14f63c4b4c4e9fcc33b386cd22daf8fe76ce724c5e37f07875e9a3dd9,"0000 -29 -0.1  10.140200  0  K1ABC FN42 33 
<DecodeFinished>",
-29.5,0.5,0.5,49,2026092849,1,K1ABC FN42 33,-29,0,10.140200,0.05122086799974568,0,official WSJT-X 3.0.2; binary SHA256 9e3c2fc14f63c4b4c4e9fcc33b386cd22daf8fe76ce724c5e37f07875e9a3dd9,"0000 -29 -0.1  10.140200  0  K1ABC FN42 33 
<DecodeFinished>",
-29.5,0.5,0.5,39,2026092839,0,,,,,0.49947280500009583,0,official WSJT-X 3.0.2; binary SHA256 9e3c2fc14f63c4b4c4e9fcc33b386cd22daf8fe76ce724c5e37f07875e9a3dd9,<DecodeFinished>,
-29.5,0.5,0.5,52,2026092852,1,K1ABC FN42 33,-29,0,10.140200,0.04432394000014028,0,official WSJT-X 3.0.2; binary SHA256 9e3c2fc14f63c4b4c4e9fcc33b386cd22daf8fe76ce724c5e37f07875e9a3dd9,"0000 -29 -0.0  10.140200  0  K1ABC FN42 33 
<DecodeFinished>",
-29.5,0.5,0.5,53,2026092853,1,K1ABC FN42 33,-31,0,10.140200,0.046814954000183207,0,official WSJT-X 3.0.2; binary SHA256 9e3c2fc14f63c4b4c4e9fcc33b386cd22daf8fe76ce724c5e37f07875e9a3dd9,"0000 -31  0.1  10.140200  0  K1ABC FN42 33 
<DecodeFinished>",
-29.5,0.5,0.5,54,2026092854,1,K1ABC FN42 33,-29,0,10.140200,0.04843900900004883,0,official WSJT-X 3.0.2; binary SHA256 9e3c2fc14f63c4b4c4e9fcc33b386cd22daf8fe76ce724c5e37f07875e9a3dd9,"0000 -29  0.1  10.140200  0  K1ABC FN42 33 
<DecodeFinished>",
-29.5,0.5,0.5,46,2026092846,0,,,,,0.5206157580000763,0,official WSJT-X 3.0.2; binary SHA256 9e3c2fc14f63c4b4c4e9fcc33b386cd22daf8fe76ce724c5e37f07875e9a3dd9,<DecodeFinished>,
-29.5,0.5,0.5,56,2026092856,1,K1ABC FN42 33,-30,0,10.140200,0.04621835799980545,0,official WSJT-X 3.0.2; binary SHA256 9e3c2fc14f63c4b4c4e9fcc33b386cd22daf8fe76ce724c5e37f07875e9a3dd9,"0000 -30 -0.0  10.140200  0  K1ABC FN42 33 
<DecodeFinished>",
-29.5,0.5,0.5,50,2026092850,0,,,,,0.5103505460001543,0,official WSJT-X 3.0.2; binary SHA256 9e3c2fc14f63c4b4c4e9fcc33b386cd22daf8fe76ce724c5e37f07875e9a3dd9,<DecodeFinished>,
-29.5,0.5,0.5,57,2026092857,1,K1ABC FN42 33,-30,0,10.140200,0.049628631999894424,0,official WSJT-X 3.0.2; binary SHA256 9e3c2fc14f63c4b4c4e9fcc33b386cd22daf8fe76ce724c5e37f07875e9a3dd9,"0000 -30 -0.0  10.140200  0  K1ABC FN42 33 
<DecodeFinished>",
-29.5,0.5,0.5,51,2026092851,0,,,,,0.5168509179998182,0,official WSJT-X 3.0.2; binary SHA256 9e3c2fc14f63c4b4c4e9fcc33b386cd22daf8fe76ce724c5e37f07875e9a3dd9,<DecodeFinished>,
-29.5,0.5,0.5,60,2026092860,1,K1ABC FN42 33,-30,0,10.140200,0.07488791800005856,0,official WSJT-X 3.0.2; binary SHA256 9e3c2fc14f63c4b4c4e9fcc33b386cd22daf8fe76ce724c5e37f07875e9a3dd9,"0000 -30  0.0  10.140200  0  K1ABC FN42 33 
<DecodeFinished>",
-29.5,0.5,0.5,61,2026092861,1,K1ABC FN42 33,-29,0,10.140200,0.045522210000399355,0,official WSJT-X 3.0.2; binary SHA256 9e3c2fc14f63c4b4c4e9fcc33b386cd22daf8fe76ce724c5e37f07875e9a3dd9,"0000 -29  0.0  10.140200  0  K1ABC FN42 33 
<DecodeFinished>",
-29.5,0.5,0.5,55,2026092855,0,,,,,0.5328297099999872,0,official WSJT-X 3.0.2; binary SHA256 9e3c2fc14f63c4b4c4e9fcc33b386cd22daf8fe76ce724c5e37f07875e9a3dd9,<DecodeFinished>,
-29.5,0.5,0.5,62,2026092862,1,K1ABC FN42 33,-29,0,10.140200,0.0650506500001029,0,official WSJT-X 3.0.2; binary SHA256 9e3c2fc14f63c4b4c4e9fcc33b386cd22daf8fe76ce724c5e37f07875e9a3dd9,"0000 -29  0.0  10.140200  0  K1ABC FN42 33 
<DecodeFinished>",
-29.5,0.5,0.5,59,2026092859,1,K1ABC FN42 33,-30,0,10.140200,0.2904071869998006,0,official WSJT-X 3.0.2; binary SHA256 9e3c2fc14f63c4b4c4e9fcc33b386cd22daf8fe76ce724c5e37f07875e9a3dd9,"0000 -30 -0.1  10.140200  0  K1ABC FN42 33 
<DecodeFinished>",
-29.5,0.5,0.5,65,2026092865,1,K1ABC FN42 33,-30,0,10.140200,0.08293164599990632,0,official WSJT-X 3.0.2; binary SHA256 9e3c2fc14f63c4b4c4e9fcc33b386cd22daf8fe76ce724c5e37f07875e9a3dd9,"0000 -30  0.0  10.140200  0  K1ABC FN42 33 
<DecodeFinished>",
-29.5,0.5,0.5,58,2026092858,0,,,,,0.5423254260003887,0,official WSJT-X 3.0.2; binary SHA256 9e3c2fc14f63c4b4c4e9fcc33b386cd22daf8fe76ce724c5e37f07875e9a3dd9,<DecodeFinished>,
-29.5,0.5,0.5,67,2026092867,1,K1ABC FN42 33,-29,0,10.140200,0.07328641999993124,0,official WSJT-X 3.0.2; binary SHA256 9e3c2fc14f63c4b4c4e9fcc33b386cd22daf8fe76ce724c5e37f07875e9a3dd9,"0000 -29  0.0  10.140200  0  K1ABC FN42 33 
<DecodeFinished>",
-29.5,0.5,0.5,63,2026092863,0,,,,,0.5430703430001813,0,official WSJT-X 3.0.2; binary SHA256 9e3c2fc14f63c4b4c4e9fcc33b386cd22daf8fe76ce724c5e37f07875e9a3dd9,<DecodeFinished>,
-29.5,0.5,0.5,64,2026092864,0,,,,,0.5410110090001581,0,official WSJT-X 3.0.2; binary SHA256 9e3c2fc14f63c4b4c4e9fcc33b386cd22daf8fe76ce724c5e37f07875e9a3dd9,<DecodeFinished>,
-29.5,0.5,0.5,69,2026092869,1,K1ABC FN42 33,-29,0,10.140200,0.05886786300015956,0,official WSJT-X 3.0.2; binary SHA256 9e3c2fc14f63c4b4c4e9fcc33b386cd22daf8fe76ce724c5e37f07875e9a3dd9,"0000 -29  0.0  10.140200  0  K1ABC FN42 33 
<DecodeFinished>",
-29.5,0.5,0.5,70,2026092870,1,K1ABC FN42 33,-29,0,10.140200,0.04910848999998052,0,official WSJT-X 3.0.2; binary SHA256 9e3c2fc14f63c4b4c4e9fcc33b386cd22daf8fe76ce724c5e37f07875e9a3dd9,"0000 -29  0.1  10.140200  0  K1ABC FN42 33 
<DecodeFinished>",
-29.5,0.5,0.5,72,2026092872,1,K1ABC FN42 33,-29,0,10.140200,0.06224124300024414,0,official WSJT-X 3.0.2; binary SHA256 9e3c2fc14f63c4b4c4e9fcc33b386cd22daf8fe76ce724c5e37f07875e9a3dd9,"0000 -29  0.0  10.140200  0  K1ABC FN42 33 
<DecodeFinished>",
-29.5,0.5,0.5,66,2026092866,0,,,,,0.5404360040001848,0,official WSJT-X 3.0.2; binary SHA256 9e3c2fc14f63c4b4c4e9fcc33b386cd22daf8fe76ce724c5e37f07875e9a3dd9,<DecodeFinished>,
-29.5,0.5,0.5,73,2026092873,0,,,,,0.058836822000102984,0,official WSJT-X 3.0.2; binary SHA256 9e3c2fc14f63c4b4c4e9fcc33b386cd22daf8fe76ce724c5e37f07875e9a3dd9,<DecodeFinished>,
-29.5,0.5,0.5,75,2026092875,1,K1ABC FN42 33,-29,0,10.140200,0.0543362469998101,0,official WSJT-X 3.0.2; binary SHA256 9e3c2fc14f63c4b4c4e9fcc33b386cd22daf8fe76ce724c5e37f07875e9a3dd9,"0000 -29  0.1  10.140200  0  K1ABC FN42 33 
<DecodeFinished>",
-29.5,0.5,0.5,74,2026092874,1,K1ABC FN42 33,-29,0,10.140200,0.08211180199987211,0,official WSJT-X 3.0.2; binary SHA256 9e3c2fc14f63c4b4c4e9fcc33b386cd22daf8fe76ce724c5e37f07875e9a3dd9,"0000 -29 -0.1  10.140200  0  K1ABC FN42 33 
<DecodeFinished>",
-29.5,0.5,0.5,76,2026092876,1,K1ABC FN42 33,-29,0,10.140200,0.0590097379999861,0,official WSJT-X 3.0.2; binary SHA256 9e3c2fc14f63c4b4c4e9fcc33b386cd22daf8fe76ce724c5e37f07875e9a3dd9,"0000 -29 -0.1  10.140200  0  K1ABC FN42 33 
<DecodeFinished>",
-29.5,0.5,0.5,68,2026092868,0,,,,,0.5409959160001563,0,official WSJT-X 3.0.2; binary SHA256 9e3c2fc14f63c4b4c4e9fcc33b386cd22daf8fe76ce724c5e37f07875e9a3dd9,<DecodeFinished>,
-29.5,0.5,0.5,71,2026092871,0,,,,,0.561773205999998,0,official WSJT-X 3.0.2; binary SHA256 9e3c2fc14f63c4b4c4e9fcc33b386cd22daf8fe76ce724c5e37f07875e9a3dd9,<DecodeFinished>,
-29.5,0.5,0.5,77,2026092877,0,,,,,0.541644751000149,0,official WSJT-X 3.0.2; binary SHA256 9e3c2fc14f63c4b4c4e9fcc33b386cd22daf8fe76ce724c5e37f07875e9a3dd9,<DecodeFinished>,
-29.5,0.5,0.5,81,2026092881,1,K1ABC FN42 33,-29,0,10.140200,0.053226969000206736,0,official WSJT-X 3.0.2; binary SHA256 9e3c2fc14f63c4b4c4e9fcc33b386cd22daf8fe76ce724c5e37f07875e9a3dd9,"0000 -29  0.0  10.140200  0  K1ABC FN42 33 
<DecodeFinished>",
-29.5,0.5,0.5,78,2026092878,0,,,,,0.5685279490003268,0,official WSJT-X 3.0.2; binary SHA256 9e3c2fc14f63c4b4c4e9fcc33b386cd22daf8fe76ce724c5e37f07875e9a3dd9,<DecodeFinished>,
-29.5,0.5,0.5,82,2026092882,1,K1ABC FN42 33,-29,0,10.140200,0.06461195299971223,0,official WSJT-X 3.0.2; binary SHA256 9e3c2fc14f63c4b4c4e9fcc33b386cd22daf8fe76ce724c5e37f07875e9a3dd9,"0000 -29  0.0  10.140200  0  K1ABC FN42 33 
<DecodeFinished>",
-29.5,0.5,0.5,79,2026092879,0,,,,,0.5252246039999591,0,official WSJT-X 3.0.2; binary SHA256 9e3c2fc14f63c4b4c4e9fcc33b386cd22daf8fe76ce724c5e37f07875e9a3dd9,<DecodeFinished>,
-29.5,0.5,0.5,83,2026092883,1,K1ABC FN42 33,-29,0,10.140200,0.07859492900024634,0,official WSJT-X 3.0.2; binary SHA256 9e3c2fc14f63c4b4c4e9fcc33b386cd22daf8fe76ce724c5e37f07875e9a3dd9,"0000 -29  0.1  10.140200  0  K1ABC FN42 33 
<DecodeFinished>",
-29.5,0.5,0.5,84,2026092884,1,K1ABC FN42 33,-30,0,10.140200,0.11822890499979621,0,official WSJT-X 3.0.2; binary SHA256 9e3c2fc14f63c4b4c4e9fcc33b386cd22daf8fe76ce724c5e37f07875e9a3dd9,"0000 -30 -0.1  10.140200  0  K1ABC FN42 33 
<DecodeFinished>",
-29.5,0.5,0.5,86,2026092886,1,K1ABC FN42 33,-30,0,10.140200,0.08074040900010004,0,official WSJT-X 3.0.2; binary SHA256 9e3c2fc14f63c4b4c4e9fcc33b386cd22daf8fe76ce724c5e37f07875e9a3dd9,"0000 -30 -0.0  10.140200  0  K1ABC FN42 33 
<DecodeFinished>",
-29.5,0.5,0.5,80,2026092880,0,,,,,0.5121640420002223,0,official WSJT-X 3.0.2; binary SHA256 9e3c2fc14f63c4b4c4e9fcc33b386cd22daf8fe76ce724c5e37f07875e9a3dd9,<DecodeFinished>,
-29.5,0.5,0.5,85,2026092885,0,,,,,0.5270938510002452,0,official WSJT-X 3.0.2; binary SHA256 9e3c2fc14f63c4b4c4e9fcc33b386cd22daf8fe76ce724c5e37f07875e9a3dd9,<DecodeFinished>,
-29.5,0.5,0.5,90,2026092890,1,K1ABC FN42 33,-29,0,10.140200,0.07256130700034191,0,official WSJT-X 3.0.2; binary SHA256 9e3c2fc14f63c4b4c4e9fcc33b386cd22daf8fe76ce724c5e37f07875e9a3dd9,"0000 -29  0.0  10.140200  0  K1ABC FN42 33 
<DecodeFinished>",
-29.5,0.5,0.5,87,2026092887,0,,,,,0.5187399490000644,0,official WSJT-X 3.0.2; binary SHA256 9e3c2fc14f63c4b4c4e9fcc33b386cd22daf8fe76ce724c5e37f07875e9a3dd9,<DecodeFinished>,
-29.5,0.5,0.5,88,2026092888,0,,,,,0.5281684040000982,0,official WSJT-X 3.0.2; binary SHA256 9e3c2fc14f63c4b4c4e9fcc33b386cd22daf8fe76ce724c5e37f07875e9a3dd9,<DecodeFinished>,
-29.5,0.5,0.5,91,2026092891,1,K1ABC FN42 33,-28,0,10.140200,0.07322158299984949,0,official WSJT-X 3.0.2; binary SHA256 9e3c2fc14f63c4b4c4e9fcc33b386cd22daf8fe76ce724c5e37f07875e9a3dd9,"0000 -28  0.1  10.140200  0  K1ABC FN42 33 
<DecodeFinished>",
-29.5,0.5,0.5,92,2026092892,1,K1ABC FN42 33,-29,0,10.140200,0.06025240000008125,0,official WSJT-X 3.0.2; binary SHA256 9e3c2fc14f63c4b4c4e9fcc33b386cd22daf8fe76ce724c5e37f07875e9a3dd9,"0000 -29  0.0  10.140200  0  K1ABC FN42 33 
<DecodeFinished>",
-29.5,0.5,0.5,89,2026092889,0,,,,,0.5076253540000835,0,official WSJT-X 3.0.2; binary SHA256 9e3c2fc14f63c4b4c4e9fcc33b386cd22daf8fe76ce724c5e37f07875e9a3dd9,<DecodeFinished>,
-29.5,0.5,0.5,95,2026092895,1,K1ABC FN42 33,-30,0,10.140200,0.06319636700027331,0,official WSJT-X 3.0.2; binary SHA256 9e3c2fc14f63c4b4c4e9fcc33b386cd22daf8fe76ce724c5e37f07875e9a3dd9,"0000 -30 -0.1  10.140200  0  K1ABC FN42 33 
<DecodeFinished>",
-29.5,0.5,0.5,96,2026092896,1,K1ABC FN42 33,-30,0,10.140200,0.059435332999782986,0,official WSJT-X 3.0.2; binary SHA256 9e3c2fc14f63c4b4c4e9fcc33b386cd22daf8fe76ce724c5e37f07875e9a3dd9,"0000 -30 -0.1  10.140200  0  K1ABC FN42 33 
<DecodeFinished>",
-29.5,0.5,0.5,98,2026092898,1,K1ABC FN42 33,-30,0,10.140200,0.07694278300004953,0,official WSJT-X 3.0.2; binary SHA256 9e3c2fc14f63c4b4c4e9fcc33b386cd22daf8fe76ce724c5e37f07875e9a3dd9,"0000 -30  0.0  10.140200  0  K1ABC FN42 33 
<DecodeFinished>",
-29.5,0.5,0.5,99,2026092899,1,K1ABC FN42 33,-29,0,10.140200,0.131365034999817,0,official WSJT-X 3.0.2; binary SHA256 9e3c2fc14f63c4b4c4e9fcc33b386cd22daf8fe76ce724c5e37f07875e9a3dd9,"0000 -29  0.2  10.140200  0  K1ABC FN42 33 
<DecodeFinished>",
-30.0,0.5,0.0,0,2026102800,1,K1ABC FN42 33,-29,0,10.140200,0.05665074499984257,0,official WSJT-X 3.0.2; binary SHA256 9e3c2fc14f63c4b4c4e9fcc33b386cd22daf8fe76ce724c5e37f07875e9a3dd9,"0000 -29  0.0  10.140200  0  K1ABC FN42 33 
<DecodeFinished>",
-29.5,0.5,0.5,93,2026092893,0,,,,,0.5425439219998225,0,official WSJT-X 3.0.2; binary SHA256 9e3c2fc14f63c4b4c4e9fcc33b386cd22daf8fe76ce724c5e37f07875e9a3dd9,<DecodeFinished>,
-29.5,0.5,0.5,94,2026092894,0,,,,,0.542728705999707,0,official WSJT-X 3.0.2; binary SHA256 9e3c2fc14f63c4b4c4e9fcc33b386cd22daf8fe76ce724c5e37f07875e9a3dd9,<DecodeFinished>,
-30.0,0.5,0.0,2,2026102802,1,K1ABC FN42 33,-29,0,10.140200,0.06986346800022147,0,official WSJT-X 3.0.2; binary SHA256 9e3c2fc14f63c4b4c4e9fcc33b386cd22daf8fe76ce724c5e37f07875e9a3dd9,"0000 -29 -0.0  10.140200  0  K1ABC FN42 33 
<DecodeFinished>",
-29.5,0.5,0.5,97,2026092897,0,,,,,0.5474876929997663,0,official WSJT-X 3.0.2; binary SHA256 9e3c2fc14f63c4b4c4e9fcc33b386cd22daf8fe76ce724c5e37f07875e9a3dd9,<DecodeFinished>,
-30.0,0.5,0.0,4,2026102804,1,K1ABC FN42 33,-29,0,10.140200,0.04810956899973462,0,official WSJT-X 3.0.2; binary SHA256 9e3c2fc14f63c4b4c4e9fcc33b386cd22daf8fe76ce724c5e37f07875e9a3dd9,"0000 -29 -0.1  10.140200  0  K1ABC FN42 33 
<DecodeFinished>",
-30.0,0.5,0.0,5,2026102805,1,K1ABC FN42 33,-29,0,10.140200,0.11005506999981662,0,official WSJT-X 3.0.2; binary SHA256 9e3c2fc14f63c4b4c4e9fcc33b386cd22daf8fe76ce724c5e37f07875e9a3dd9,"0000 -29  0.1  10.140200  0  K1ABC FN42 33 
<DecodeFinished>",
-30.0,0.5,0.0,7,2026102807,1,K1ABC FN42 33,-30,0,10.140200,0.07757504399978643,0,official WSJT-X 3.0.2; binary SHA256 9e3c2fc14f63c4b4c4e9fcc33b386cd22daf8fe76ce724c5e37f07875e9a3dd9,"0000 -30 -0.1  10.140200  0  K1ABC FN42 33 
<DecodeFinished>",
-30.0,0.5,0.0,6,2026102806,1,K1ABC FN42 33,-30,0,10.140200,0.25598133599987705,0,official WSJT-X 3.0.2; binary SHA256 9e3c2fc14f63c4b4c4e9fcc33b386cd22daf8fe76ce724c5e37f07875e9a3dd9,"0000 -30  0.0  10.140200  0  K1ABC FN42 33 
<DecodeFinished>",
-30.0,0.5,0.0,1,2026102801,0,,,,,0.5589835450000464,0,official WSJT-X 3.0.2; binary SHA256 9e3c2fc14f63c4b4c4e9fcc33b386cd22daf8fe76ce724c5e37f07875e9a3dd9,<DecodeFinished>,
-30.0,0.5,0.0,10,2026102810,1,K1ABC FN42 33,-31,0,10.140200,0.05383228699975007,0,official WSJT-X 3.0.2; binary SHA256 9e3c2fc14f63c4b4c4e9fcc33b386cd22daf8fe76ce724c5e37f07875e9a3dd9,"0000 -31 -0.1  10.140200  0  K1ABC FN42 33 
<DecodeFinished>",
-30.0,0.5,0.0,8,2026102808,1,K1ABC FN42 33,-29,0,10.140200,0.2621147760000895,0,official WSJT-X 3.0.2; binary SHA256 9e3c2fc14f63c4b4c4e9fcc33b386cd22daf8fe76ce724c5e37f07875e9a3dd9,"0000 -29 -0.1  10.140200  0  K1ABC FN42 33 
<DecodeFinished>",
-30.0,0.5,0.0,3,2026102803,0,,,,,0.5349623219999557,0,official WSJT-X 3.0.2; binary SHA256 9e3c2fc14f63c4b4c4e9fcc33b386cd22daf8fe76ce724c5e37f07875e9a3dd9,<DecodeFinished>,
-30.0,0.5,0.0,12,2026102812,1,K1ABC FN42 33,-29,0,10.140200,0.04796451399988655,0,official WSJT-X 3.0.2; binary SHA256 9e3c2fc14f63c4b4c4e9fcc33b386cd22daf8fe76ce724c5e37f07875e9a3dd9,"0000 -29 -0.0  10.140200  0  K1ABC FN42 33 
<DecodeFinished>",
-30.0,0.5,0.0,13,2026102813,1,K1ABC FN42 33,-31,0,10.140200,0.05385071799992147,0,official WSJT-X 3.0.2; binary SHA256 9e3c2fc14f63c4b4c4e9fcc33b386cd22daf8fe76ce724c5e37f07875e9a3dd9,"0000 -31  0.0  10.140200  0  K1ABC FN42 33 
<DecodeFinished>",
-30.0,0.5,0.0,14,2026102814,1,K1ABC FN42 33,-30,0,10.140200,0.04974190599978101,0,official WSJT-X 3.0.2; binary SHA256 9e3c2fc14f63c4b4c4e9fcc33b386cd22daf8fe76ce724c5e37f07875e9a3dd9,"0000 -30 -0.0  10.140200  0  K1ABC FN42 33 
<DecodeFinished>",
-30.0,0.5,0.0,11,2026102811,1,K1ABC FN42 33,-29,0,10.140200,0.30535478799993143,0,official WSJT-X 3.0.2; binary SHA256 9e3c2fc14f63c4b4c4e9fcc33b386cd22daf8fe76ce724c5e37f07875e9a3dd9,"0000 -29 -0.1  10.140200  0  K1ABC FN42 33 
<DecodeFinished>",
-30.0,0.5,0.0,17,2026102817,1,K1ABC FN42 33,-30,0,10.140200,0.062091314000099374,0,official WSJT-X 3.0.2; binary SHA256 9e3c2fc14f63c4b4c4e9fcc33b386cd22daf8fe76ce724c5e37f07875e9a3dd9,"0000 -30  0.1  10.140200  0  K1ABC FN42 33 
<DecodeFinished>",
-30.0,0.5,0.0,15,2026102815,1,K1ABC FN42 33,-31,0,10.140200,0.25533459700000094,0,official WSJT-X 3.0.2; binary SHA256 9e3c2fc14f63c4b4c4e9fcc33b386cd22daf8fe76ce724c5e37f07875e9a3dd9,"0000 -31 -0.0  10.140200  0  K1ABC FN42 33 
<DecodeFinished>",
-30.0,0.5,0.0,18,2026102818,1,K1ABC FN42 33,-30,0,10.140200,0.05596590799996193,0,official WSJT-X 3.0.2; binary SHA256 9e3c2fc14f63c4b4c4e9fcc33b386cd22daf8fe76ce724c5e37f07875e9a3dd9,"0000 -30  0.0  10.140200  0  K1ABC FN42 33 
<DecodeFinished>",
-30.0,0.5,0.0,9,2026102809,0,,,,,0.5512558079999508,0,official WSJT-X 3.0.2; binary SHA256 9e3c2fc14f63c4b4c4e9fcc33b386cd22daf8fe76ce724c5e37f07875e9a3dd9,<DecodeFinished>,
-30.0,0.5,0.0,20,2026102820,1,K1ABC FN42 33,-30,0,10.140200,0.29212429099970905,0,official WSJT-X 3.0.2; binary SHA256 9e3c2fc14f63c4b4c4e9fcc33b386cd22daf8fe76ce724c5e37f07875e9a3dd9,"0000 -30 -0.1  10.140200  0  K1ABC FN42 33 
<DecodeFinished>",
-30.0,0.5,0.0,16,2026102816,0,,,,,0.5758557300000575,0,official WSJT-X 3.0.2; binary SHA256 9e3c2fc14f63c4b4c4e9fcc33b386cd22daf8fe76ce724c5e37f07875e9a3dd9,<DecodeFinished>,
-30.0,0.5,0.0,19,2026102819,1,K1ABC FN42 33,-29,0,10.140200,0.3510490039998331,0,official WSJT-X 3.0.2; binary SHA256 9e3c2fc14f63c4b4c4e9fcc33b386cd22daf8fe76ce724c5e37f07875e9a3dd9,"0000 -29  0.1  10.140200  0  K1ABC FN42 33 
<DecodeFinished>",
-30.0,0.5,0.0,23,2026102823,1,K1ABC FN42 33,-28,0,10.140200,0.057224828000016714,0,official WSJT-X 3.0.2; binary SHA256 9e3c2fc14f63c4b4c4e9fcc33b386cd22daf8fe76ce724c5e37f07875e9a3dd9,"0000 -28 -0.0  10.140200  0  K1ABC FN42 33 
<DecodeFinished>",
-30.0,0.5,0.0,24,2026102824,1,K1ABC FN42 33,-30,0,10.140200,0.079530443999829,0,official WSJT-X 3.0.2; binary SHA256 9e3c2fc14f63c4b4c4e9fcc33b386cd22daf8fe76ce724c5e37f07875e9a3dd9,"0000 -30  0.1  10.140200  0  K1ABC FN42 33 
<DecodeFinished>",
-30.0,0.5,0.0,21,2026102821,0,,,,,0.5933139160001701,0,official WSJT-X 3.0.2; binary SHA256 9e3c2fc14f63c4b4c4e9fcc33b386cd22daf8fe76ce724c5e37f07875e9a3dd9,<DecodeFinished>,
-30.0,0.5,0.0,22,2026102822,1,K1ABC FN42 33,-29,0,10.140200,0.4010138610001377,0,official WSJT-X 3.0.2; binary SHA256 9e3c2fc14f63c4b4c4e9fcc33b386cd22daf8fe76ce724c5e37f07875e9a3dd9,"0000 -29  0.1  10.140200  0  K1ABC FN42 33 
<DecodeFinished>",
-30.0,0.5,0.0,26,2026102826,1,K1ABC FN42 33,-29,0,10.140200,0.29363294999984646,0,official WSJT-X 3.0.2; binary SHA256 9e3c2fc14f63c4b4c4e9fcc33b386cd22daf8fe76ce724c5e37f07875e9a3dd9,"0000 -29  0.1  10.140200  0  K1ABC FN42 33 
<DecodeFinished>",
-30.0,0.5,0.0,29,2026102829,1,K1ABC FN42 33,-29,0,10.140200,0.0557109279998258,0,official WSJT-X 3.0.2; binary SHA256 9e3c2fc14f63c4b4c4e9fcc33b386cd22daf8fe76ce724c5e37f07875e9a3dd9,"0000 -29 -0.0  10.140200  0  K1ABC FN42 33 
<DecodeFinished>",
-30.0,0.5,0.0,25,2026102825,1,K1ABC FN42 33,-30,0,10.140200,0.41349121700022806,0,official WSJT-X 3.0.2; binary SHA256 9e3c2fc14f63c4b4c4e9fcc33b386cd22daf8fe76ce724c5e37f07875e9a3dd9,"0000 -30 -0.1  10.140200  0  K1ABC FN42 33 
<DecodeFinished>",
-30.0,0.5,0.0,28,2026102828,1,K1ABC FN42 33,-29,0,10.140200,0.2555949749998945,0,official WSJT-X 3.0.2; binary SHA256 9e3c2fc14f63c4b4c4e9fcc33b386cd22daf8fe76ce724c5e37f07875e9a3dd9,"0000 -29 -0.0  10.140200  0  K1ABC FN42 33 
<DecodeFinished>",
-30.0,0.5,0.0,32,2026102832,1,K1ABC FN42 33,-31,0,10.140200,0.07139328899984321,0,official WSJT-X 3.0.2; binary SHA256 9e3c2fc14f63c4b4c4e9fcc33b386cd22daf8fe76ce724c5e37f07875e9a3dd9,"0000 -31 -0.0  10.140200  0  K1ABC FN42 33 
<DecodeFinished>",
-30.0,0.5,0.0,33,2026102833,1,K1ABC FN42 33,-30,0,10.140200,0.06176751200018771,0,official WSJT-X 3.0.2; binary SHA256 9e3c2fc14f63c4b4c4e9fcc33b386cd22daf8fe76ce724c5e37f07875e9a3dd9,"0000 -30  0.0  10.140200  0  K1ABC FN42 33 
<DecodeFinished>",
-30.0,0.5,0.0,27,2026102827,0,,,,,0.5927365329998793,0,official WSJT-X 3.0.2; binary SHA256 9e3c2fc14f63c4b4c4e9fcc33b386cd22daf8fe76ce724c5e37f07875e9a3dd9,<DecodeFinished>,
-30.0,0.5,0.0,35,2026102835,1,K1ABC FN42 33,-29,0,10.140200,0.07194839600015257,0,official WSJT-X 3.0.2; binary SHA256 9e3c2fc14f63c4b4c4e9fcc33b386cd22daf8fe76ce724c5e37f07875e9a3dd9,"0000 -29 -0.0  10.140200  0  K1ABC FN42 33 
<DecodeFinished>",
-30.0,0.5,0.0,30,2026102830,0,,,,,0.5805672659998891,0,official WSJT-X 3.0.2; binary SHA256 9e3c2fc14f63c4b4c4e9fcc33b386cd22daf8fe76ce724c5e37f07875e9a3dd9,<DecodeFinished>,
-30.0,0.5,0.0,31,2026102831,0,,,,,0.5845861249999871,0,official WSJT-X 3.0.2; binary SHA256 9e3c2fc14f63c4b4c4e9fcc33b386cd22daf8fe76ce724c5e37f07875e9a3dd9,<DecodeFinished>,
-30.0,0.5,0.0,36,2026102836,1,K1ABC FN42 33,-31,0,10.140200,0.11457355299990013,0,official WSJT-X 3.0.2; binary SHA256 9e3c2fc14f63c4b4c4e9fcc33b386cd22daf8fe76ce724c5e37f07875e9a3dd9,"0000 -31 -0.0  10.140200  0  K1ABC FN42 33 
<DecodeFinished>",
-30.0,0.5,0.0,37,2026102837,1,K1ABC FN42 33,-29,0,10.140200,0.05417203100023471,0,official WSJT-X 3.0.2; binary SHA256 9e3c2fc14f63c4b4c4e9fcc33b386cd22daf8fe76ce724c5e37f07875e9a3dd9,"0000 -29  0.1  10.140200  0  K1ABC FN42 33 
<DecodeFinished>",
-30.0,0.5,0.0,34,2026102834,1,K1ABC FN42 33,-30,0,10.140200,0.3398815049999939,0,official WSJT-X 3.0.2; binary SHA256 9e3c2fc14f63c4b4c4e9fcc33b386cd22daf8fe76ce724c5e37f07875e9a3dd9,"0000 -30 -0.1  10.140200  0  K1ABC FN42 33 
<DecodeFinished>",
-30.0,0.5,0.0,40,2026102840,1,K1ABC FN42 33,-29,0,10.140200,0.0966528339999968,0,official WSJT-X 3.0.2; binary SHA256 9e3c2fc14f63c4b4c4e9fcc33b386cd22daf8fe76ce724c5e37f07875e9a3dd9,"0000 -29 -0.1  10.140200  0  K1ABC FN42 33 
<DecodeFinished>",
-30.0,0.5,0.0,41,2026102841,1,K1ABC FN42 33,-29,0,10.140200,0.13065935800022999,0,official WSJT-X 3.0.2; binary SHA256 9e3c2fc14f63c4b4c4e9fcc33b386cd22daf8fe76ce724c5e37f07875e9a3dd9,"0000 -29  0.1  10.140200  0  K1ABC FN42 33 
<DecodeFinished>",
-30.0,0.5,0.0,43,2026102843,1,K1ABC FN42 33,-30,0,10.140200,0.05961431299965625,0,official WSJT-X 3.0.2; binary SHA256 9e3c2fc14f63c4b4c4e9fcc33b386cd22daf8fe76ce724c5e37f07875e9a3dd9,"0000 -30 -0.1  10.140200  0  K1ABC FN42 33 
<DecodeFinished>",
-30.0,0.5,0.0,39,2026102839,0,,,,,0.5905957299996771,0,official WSJT-X 3.0.2; binary SHA256 9e3c2fc14f63c4b4c4e9fcc33b386cd22daf8fe76ce724c5e37f07875e9a3dd9,<DecodeFinished>,
-30.0,0.5,0.0,38,2026102838,0,,,,,0.5934421259998999,0,official WSJT-X 3.0.2; binary SHA256 9e3c2fc14f63c4b4c4e9fcc33b386cd22daf8fe76ce724c5e37f07875e9a3dd9,<DecodeFinished>,
-30.0,0.5,0.0,42,2026102842,0,,,,,0.5527877340000487,0,official WSJT-X 3.0.2; binary SHA256 9e3c2fc14f63c4b4c4e9fcc33b386cd22daf8fe76ce724c5e37f07875e9a3dd9,<DecodeFinished>,
-30.0,0.5,0.0,45,2026102845,1,K1ABC FN42 33,-30,0,10.140200,0.09302169600005072,0,official WSJT-X 3.0.2; binary SHA256 9e3c2fc14f63c4b4c4e9fcc33b386cd22daf8fe76ce724c5e37f07875e9a3dd9,"0000 -30  0.2  10.140200  0  K1ABC FN42 33 
<DecodeFinished>",
-30.0,0.5,0.0,44,2026102844,0,,,,,0.5733330970001589,0,official WSJT-X 3.0.2; binary SHA256 9e3c2fc14f63c4b4c4e9fcc33b386cd22daf8fe76ce724c5e37f07875e9a3dd9,<DecodeFinished>,
-30.0,0.5,0.0,46,2026102846,0,,,,,0.5640812880001249,0,official WSJT-X 3.0.2; binary SHA256 9e3c2fc14f63c4b4c4e9fcc33b386cd22daf8fe76ce724c5e37f07875e9a3dd9,<DecodeFinished>,
-30.0,0.5,0.0,50,2026102850,1,K1ABC FN42 33,-30,0,10.140200,0.06321503700019093,0,official WSJT-X 3.0.2; binary SHA256 9e3c2fc14f63c4b4c4e9fcc33b386cd22daf8fe76ce724c5e37f07875e9a3dd9,"0000 -30  0.0  10.140200  0  K1ABC FN42 33 
<DecodeFinished>",
-30.0,0.5,0.0,47,2026102847,0,,,,,0.5752515650001442,0,official WSJT-X 3.0.2; binary SHA256 9e3c2fc14f63c4b4c4e9fcc33b386cd22daf8fe76ce724c5e37f07875e9a3dd9,<DecodeFinished>,
-30.0,0.5,0.0,48,2026102848,0,,,,,0.5530567019995942,0,official WSJT-X 3.0.2; binary SHA256 9e3c2fc14f63c4b4c4e9fcc33b386cd22daf8fe76ce724c5e37f07875e9a3dd9,<DecodeFinished>,
-30.0,0.5,0.0,49,2026102849,0,,,,,0.5853052799998295,0,official WSJT-X 3.0.2; binary SHA256 9e3c2fc14f63c4b4c4e9fcc33b386cd22daf8fe76ce724c5e37f07875e9a3dd9,<DecodeFinished>,
-30.0,0.5,0.0,51,2026102851,1,K1ABC FN42 33,-30,0,10.140200,0.2578305260003617,0,official WSJT-X 3.0.2; binary SHA256 9e3c2fc14f63c4b4c4e9fcc33b386cd22daf8fe76ce724c5e37f07875e9a3dd9,"0000 -30  0.0  10.140200  0  K1ABC FN42 33 
<DecodeFinished>",
-30.0,0.5,0.0,52,2026102852,1,K1ABC FN42 33,-30,0,10.140200,0.3153483910000432,0,official WSJT-X 3.0.2; binary SHA256 9e3c2fc14f63c4b4c4e9fcc33b386cd22daf8fe76ce724c5e37f07875e9a3dd9,"0000 -30 -0.1  10.140200  0  K1ABC FN42 33 
<DecodeFinished>",
-30.0,0.5,0.0,54,2026102854,1,K1ABC FN42 33,-30,0,10.140200,0.2553755070002808,0,official WSJT-X 3.0.2; binary SHA256 9e3c2fc14f63c4b4c4e9fcc33b386cd22daf8fe76ce724c5e37f07875e9a3dd9,"0000 -30 -0.0  10.140200  0  K1ABC FN42 33 
<DecodeFinished>",
-30.0,0.5,0.0,55,2026102855,1,K1ABC FN42 33,-30,0,10.140200,0.24987251799984733,0,official WSJT-X 3.0.2; binary SHA256 9e3c2fc14f63c4b4c4e9fcc33b386cd22daf8fe76ce724c5e37f07875e9a3dd9,"0000 -30 -0.0  10.140200  0  K1ABC FN42 33 
<DecodeFinished>",
-30.0,0.5,0.0,53,2026102853,0,,,,,0.5577814779999244,0,official WSJT-X 3.0.2; binary SHA256 9e3c2fc14f63c4b4c4e9fcc33b386cd22daf8fe76ce724c5e37f07875e9a3dd9,<DecodeFinished>,
-30.0,0.5,0.0,56,2026102856,1,K1ABC FN42 33,-30,0,10.140200,0.34137120099967433,0,official WSJT-X 3.0.2; binary SHA256 9e3c2fc14f63c4b4c4e9fcc33b386cd22daf8fe76ce724c5e37f07875e9a3dd9,"0000 -30 -0.0  10.140200  0  K1ABC FN42 33 
<DecodeFinished>",
-30.0,0.5,0.0,57,2026102857,0,,,,,0.5342719000000216,0,official WSJT-X 3.0.2; binary SHA256 9e3c2fc14f63c4b4c4e9fcc33b386cd22daf8fe76ce724c5e37f07875e9a3dd9,<DecodeFinished>,
-30.0,0.5,0.0,58,2026102858,0,,,,,0.5338924019997648,0,official WSJT-X 3.0.2; binary SHA256 9e3c2fc14f63c4b4c4e9fcc33b386cd22daf8fe76ce724c5e37f07875e9a3dd9,<DecodeFinished>,
-30.0,0.5,0.0,62,2026102862,1,K1ABC FN42 33,-30,0,10.140200,0.06665531100043154,0,official WSJT-X 3.0.2; binary SHA256 9e3c2fc14f63c4b4c4e9fcc33b386cd22daf8fe76ce724c5e37f07875e9a3dd9,"0000 -30  0.1  10.140200  0  K1ABC FN42 33 
<DecodeFinished>",
-30.0,0.5,0.0,59,2026102859,0,,,,,0.5435121999998955,0,official WSJT-X 3.0.2; binary SHA256 9e3c2fc14f63c4b4c4e9fcc33b386cd22daf8fe76ce724c5e37f07875e9a3dd9,<DecodeFinished>,
-30.0,0.5,0.0,60,2026102860,0,,,,,0.5274873789999219,0,official WSJT-X 3.0.2; binary SHA256 9e3c2fc14f63c4b4c4e9fcc33b386cd22daf8fe76ce724c5e37f07875e9a3dd9,<DecodeFinished>,
-30.0,0.5,0.0,61,2026102861,1,K1ABC FN42 33,-29,0,10.140200,0.2679748139998992,0,official WSJT-X 3.0.2; binary SHA256 9e3c2fc14f63c4b4c4e9fcc33b386cd22daf8fe76ce724c5e37f07875e9a3dd9,"0000 -29  0.0  10.140200  0  K1ABC FN42 33 
<DecodeFinished>",
-30.0,0.5,0.0,64,2026102864,1,K1ABC FN42 33,-30,0,10.140200,0.27320629900032145,0,official WSJT-X 3.0.2; binary SHA256 9e3c2fc14f63c4b4c4e9fcc33b386cd22daf8fe76ce724c5e37f07875e9a3dd9,"0000 -30 -0.1  10.140200  0  K1ABC FN42 33 
<DecodeFinished>",
-30.0,0.5,0.0,66,2026102866,1,K1ABC FN42 33,-30,0,10.140200,0.21627747000002273,0,official WSJT-X 3.0.2; binary SHA256 9e3c2fc14f63c4b4c4e9fcc33b386cd22daf8fe76ce724c5e37f07875e9a3dd9,"0000 -30  0.1  10.140200  0  K1ABC FN42 33 
<DecodeFinished>",
-30.0,0.5,0.0,67,2026102867,1,K1ABC FN42 33,-30,0,10.140200,0.060695628999837936,0,official WSJT-X 3.0.2; binary SHA256 9e3c2fc14f63c4b4c4e9fcc33b386cd22daf8fe76ce724c5e37f07875e9a3dd9,"0000 -30 -0.1  10.140200  0  K1ABC FN42 33 
<DecodeFinished>",
-30.0,0.5,0.0,65,2026102865,1,K1ABC FN42 33,-30,0,10.140200,0.2547450899996875,0,official WSJT-X 3.0.2; binary SHA256 9e3c2fc14f63c4b4c4e9fcc33b386cd22daf8fe76ce724c5e37f07875e9a3dd9,"0000 -30  0.1  10.140200  0  K1ABC FN42 33 
<DecodeFinished>",
-30.0,0.5,0.0,63,2026102863,0,,,,,0.5358097090002047,0,official WSJT-X 3.0.2; binary SHA256 9e3c2fc14f63c4b4c4e9fcc33b386cd22daf8fe76ce724c5e37f07875e9a3dd9,<DecodeFinished>,
-30.0,0.5,0.0,71,2026102871,1,K1ABC FN42 33,-30,0,10.140200,0.24014330499994685,0,official WSJT-X 3.0.2; binary SHA256 9e3c2fc14f63c4b4c4e9fcc33b386cd22daf8fe76ce724c5e37f07875e9a3dd9,"0000 -30  0.0  10.140200  0  K1ABC FN42 33 
<DecodeFinished>",
-30.0,0.5,0.0,68,2026102868,0,,,,,0.5221353729998555,0,official WSJT-X 3.0.2; binary SHA256 9e3c2fc14f63c4b4c4e9fcc33b386cd22daf8fe76ce724c5e37f07875e9a3dd9,<DecodeFinished>,
-30.0,0.5,0.0,70,2026102870,0,,,,,0.5160006629998861,0,official WSJT-X 3.0.2; binary SHA256 9e3c2fc14f63c4b4c4e9fcc33b386cd22daf8fe76ce724c5e37f07875e9a3dd9,<DecodeFinished>,
-30.0,0.5,0.0,69,2026102869,0,,,,,0.5329221510000934,0,official WSJT-X 3.0.2; binary SHA256 9e3c2fc14f63c4b4c4e9fcc33b386cd22daf8fe76ce724c5e37f07875e9a3dd9,<DecodeFinished>,
-30.0,0.5,0.0,73,2026102873,1,K1ABC FN42 33,-30,0,10.140200,0.04711126000029253,0,official WSJT-X 3.0.2; binary SHA256 9e3c2fc14f63c4b4c4e9fcc33b386cd22daf8fe76ce724c5e37f07875e9a3dd9,"0000 -30  0.1  10.140200  0  K1ABC FN42 33 
<DecodeFinished>",
-30.0,0.5,0.0,74,2026102874,1,K1ABC FN42 33,-30,0,10.140200,0.057065688999955455,0,official WSJT-X 3.0.2; binary SHA256 9e3c2fc14f63c4b4c4e9fcc33b386cd22daf8fe76ce724c5e37f07875e9a3dd9,"0000 -30 -0.1  10.140200  0  K1ABC FN42 33 
<DecodeFinished>",
-30.0,0.5,0.0,75,2026102875,1,K1ABC FN42 33,-29,0,10.140200,0.07964306199983184,0,official WSJT-X 3.0.2; binary SHA256 9e3c2fc14f63c4b4c4e9fcc33b386cd22daf8fe76ce724c5e37f07875e9a3dd9,"0000 -29  0.1  10.140200  0  K1ABC FN42 33 
<DecodeFinished>",
-30.0,0.5,0.0,76,2026102876,1,K1ABC FN42 33,-29,0,10.140200,0.07096044199988683,0,official WSJT-X 3.0.2; binary SHA256 9e3c2fc14f63c4b4c4e9fcc33b386cd22daf8fe76ce724c5e37f07875e9a3dd9,"0000 -29 -0.0  10.140200  0  K1ABC FN42 33 
<DecodeFinished>",
-30.0,0.5,0.0,79,2026102879,1,K1ABC FN42 33,-29,0,10.140200,0.05142022099971655,0,official WSJT-X 3.0.2; binary SHA256 9e3c2fc14f63c4b4c4e9fcc33b386cd22daf8fe76ce724c5e37f07875e9a3dd9,"0000 -29  0.0  10.140200  0  K1ABC FN42 33 
<DecodeFinished>",
-30.0,0.5,0.0,78,2026102878,1,K1ABC FN42 33,-30,0,10.140200,0.060947710999698756,0,official WSJT-X 3.0.2; binary SHA256 9e3c2fc14f63c4b4c4e9fcc33b386cd22daf8fe76ce724c5e37f07875e9a3dd9,"0000 -30  0.0  10.140200  0  K1ABC FN42 33 
<DecodeFinished>",
-30.0,0.5,0.0,72,2026102872,1,K1ABC FN42 33,-30,0,10.140200,0.26862347599990244,0,official WSJT-X 3.0.2; binary SHA256 9e3c2fc14f63c4b4c4e9fcc33b386cd22daf8fe76ce724c5e37f07875e9a3dd9,"0000 -30  0.1  10.140200  0  K1ABC FN42 33 
<DecodeFinished>",
-30.0,0.5,0.0,80,2026102880,1,K1ABC FN42 33,-29,0,10.140200,0.04848144000015964,0,official WSJT-X 3.0.2; binary SHA256 9e3c2fc14f63c4b4c4e9fcc33b386cd22daf8fe76ce724c5e37f07875e9a3dd9,"0000 -29 -0.0  10.140200  0  K1ABC FN42 33 
<DecodeFinished>",
-30.0,0.5,0.0,81,2026102881,1,K1ABC FN42 33,-30,0,10.140200,0.07751580600006491,0,official WSJT-X 3.0.2; binary SHA256 9e3c2fc14f63c4b4c4e9fcc33b386cd22daf8fe76ce724c5e37f07875e9a3dd9,"0000 -30  0.1  10.140200  0  K1ABC FN42 33 
<DecodeFinished>",
-30.0,0.5,0.0,83,2026102883,1,K1ABC FN42 33,-30,0,10.140200,0.05944009400036521,0,official WSJT-X 3.0.2; binary SHA256 9e3c2fc14f63c4b4c4e9fcc33b386cd22daf8fe76ce724c5e37f07875e9a3dd9,"0000 -30 -0.0  10.140200  0  K1ABC FN42 33 
<DecodeFinished>",
-30.0,0.5,0.0,82,2026102882,1,K1ABC FN42 33,-29,0,10.140200,0.08825791299977936,0,official WSJT-X 3.0.2; binary SHA256 9e3c2fc14f63c4b4c4e9fcc33b386cd22daf8fe76ce724c5e37f07875e9a3dd9,"0000 -29 -0.0  10.140200  0  K1ABC FN42 33 
<DecodeFinished>",
-30.0,0.5,0.0,84,2026102884,1,K1ABC FN42 33,-30,0,10.140200,0.07505814799969812,0,official WSJT-X 3.0.2; binary SHA256 9e3c2fc14f63c4b4c4e9fcc33b386cd22daf8fe76ce724c5e37f07875e9a3dd9,"0000 -30 -0.1  10.140200  0  K1ABC FN42 33 
<DecodeFinished>",
-30.0,0.5,0.0,86,2026102886,1,K1ABC FN42 33,-30,0,10.140200,0.048136963000160904,0,official WSJT-X 3.0.2; binary SHA256 9e3c2fc14f63c4b4c4e9fcc33b386cd22daf8fe76ce724c5e37f07875e9a3dd9,"0000 -30  0.1  10.140200  0  K1ABC FN42 33 
<DecodeFinished>",
-30.0,0.5,0.0,85,2026102885,1,K1ABC FN42 33,-31,0,10.140200,0.0655166379997354,0,official WSJT-X 3.0.2; binary SHA256 9e3c2fc14f63c4b4c4e9fcc33b386cd22daf8fe76ce724c5e37f07875e9a3dd9,"0000 -31 -0.1  10.140200  0  K1ABC FN42 33 
<DecodeFinished>",
-30.0,0.5,0.0,87,2026102887,1,K1ABC FN42 33,-30,0,10.140200,0.061864556000273296,0,official WSJT-X 3.0.2; binary SHA256 9e3c2fc14f63c4b4c4e9fcc33b386cd22daf8fe76ce724c5e37f07875e9a3dd9,"0000 -30 -0.1  10.140200  0  K1ABC FN42 33 
<DecodeFinished>",
-30.0,0.5,0.0,77,2026102877,0,,,,,0.5073457640000925,0,official WSJT-X 3.0.2; binary SHA256 9e3c2fc14f63c4b4c4e9fcc33b386cd22daf8fe76ce724c5e37f07875e9a3dd9,<DecodeFinished>,
-30.0,0.5,0.0,90,2026102890,1,K1ABC FN42 33,-29,0,10.140200,0.25471791799964194,0,official WSJT-X 3.0.2; binary SHA256 9e3c2fc14f63c4b4c4e9fcc33b386cd22daf8fe76ce724c5e37f07875e9a3dd9,"0000 -29 -0.0  10.140200  0  K1ABC FN42 33 
<DecodeFinished>",
-30.0,0.5,0.0,92,2026102892,1,K1ABC FN42 33,-29,0,10.140200,0.04754652500014345,0,official WSJT-X 3.0.2; binary SHA256 9e3c2fc14f63c4b4c4e9fcc33b386cd22daf8fe76ce724c5e37f07875e9a3dd9,"0000 -29  0.1  10.140200  0  K1ABC FN42 33 
<DecodeFinished>",
-30.0,0.5,0.0,93,2026102893,1,K1ABC FN42 33,-29,0,10.140200,0.06522851599993373,0,official WSJT-X 3.0.2; binary SHA256 9e3c2fc14f63c4b4c4e9fcc33b386cd22daf8fe76ce724c5e37f07875e9a3dd9,"0000 -29 -0.0  10.140200  0  K1ABC FN42 33 
<DecodeFinished>",
-30.0,0.5,0.0,89,2026102889,0,,,,,0.5190477800001645,0,official WSJT-X 3.0.2; binary SHA256 9e3c2fc14f63c4b4c4e9fcc33b386cd22daf8fe76ce724c5e37f07875e9a3dd9,<DecodeFinished>,
-30.0,0.5,0.0,91,2026102891,1,K1ABC FN42 33,-29,0,10.140200,0.277713617000245,0,official WSJT-X 3.0.2; binary SHA256 9e3c2fc14f63c4b4c4e9fcc33b386cd22daf8fe76ce724c5e37f07875e9a3dd9,"0000 -29 -0.1  10.140200  0  K1ABC FN42 33 
<DecodeFinished>",
-30.0,0.5,0.0,88,2026102888,0,,,,,0.5280551989999367,0,official WSJT-X 3.0.2; binary SHA256 9e3c2fc14f63c4b4c4e9fcc33b386cd22daf8fe76ce724c5e37f07875e9a3dd9,<DecodeFinished>,
-30.0,0.5,0.0,95,2026102895,1,K1ABC FN42 33,-29,0,10.140200,0.07021252000004097,0,official WSJT-X 3.0.2; binary SHA256 9e3c2fc14f63c4b4c4e9fcc33b386cd22daf8fe76ce724c5e37f07875e9a3dd9,"0000 -29  0.1  10.140200  0  K1ABC FN42 33 
<DecodeFinished>",
-30.0,0.5,0.0,97,2026102897,1,K1ABC FN42 33,-30,0,10.140200,0.07259634699994422,0,official WSJT-X 3.0.2; binary SHA256 9e3c2fc14f63c4b4c4e9fcc33b386cd22daf8fe76ce724c5e37f07875e9a3dd9,"0000 -30 -0.1  10.140200  0  K1ABC FN42 33 
<DecodeFinished>",
-30.0,0.5,0.0,94,2026102894,1,K1ABC FN42 33,-31,0,10.140200,0.24742723899998964,0,official WSJT-X 3.0.2; binary SHA256 9e3c2fc14f63c4b4c4e9fcc33b386cd22daf8fe76ce724c5e37f07875e9a3dd9,"0000 -31  0.0  10.140200  0  K1ABC FN42 33 
<DecodeFinished>",
-30.0,0.5,0.0,96,2026102896,1,K1ABC FN42 33,-32,0,10.140200,0.2701572659998419,0,official WSJT-X 3.0.2; binary SHA256 9e3c2fc14f63c4b4c4e9fcc33b386cd22daf8fe76ce724c5e37f07875e9a3dd9,"0000 -32 -0.1  10.140200  0  K1ABC FN42 33 
<DecodeFinished>",
-30.0,0.5,0.0,98,2026102898,1,K1ABC FN42 33,-30,0,10.140200,0.23984482300011223,0,official WSJT-X 3.0.2; binary SHA256 9e3c2fc14f63c4b4c4e9fcc33b386cd22daf8fe76ce724c5e37f07875e9a3dd9,"0000 -30  0.0  10.140200  0  K1ABC FN42 33 
<DecodeFinished>",
-30.0,0.5,0.125,2,2026102802,1,K1ABC FN42 33,-30,0,10.140200,0.054329151999809255,0,official WSJT-X 3.0.2; binary SHA256 9e3c2fc14f63c4b4c4e9fcc33b386cd22daf8fe76ce724c5e37f07875e9a3dd9,"0000 -30 -0.0  10.140200  0  K1ABC FN42 33 
<DecodeFinished>",
-30.0,0.5,0.0,99,2026102899,1,K1ABC FN42 33,-30,0,10.140200,0.2874049090000881,0,official WSJT-X 3.0.2; binary SHA256 9e3c2fc14f63c4b4c4e9fcc33b386cd22daf8fe76ce724c5e37f07875e9a3dd9,"0000 -30  0.1  10.140200  0  K1ABC FN42 33 
<DecodeFinished>",
-30.0,0.5,0.125,0,2026102800,0,,,,,0.5289847120002378,0,official WSJT-X 3.0.2; binary SHA256 9e3c2fc14f63c4b4c4e9fcc33b386cd22daf8fe76ce724c5e37f07875e9a3dd9,<DecodeFinished>,
-30.0,0.5,0.125,1,2026102801,0,,,,,0.5311325850002504,0,official WSJT-X 3.0.2; binary SHA256 9e3c2fc14f63c4b4c4e9fcc33b386cd22daf8fe76ce724c5e37f07875e9a3dd9,<DecodeFinished>,
-30.0,0.5,0.125,3,2026102803,0,,,,,0.5223228249997192,0,official WSJT-X 3.0.2; binary SHA256 9e3c2fc14f63c4b4c4e9fcc33b386cd22daf8fe76ce724c5e37f07875e9a3dd9,<DecodeFinished>,
-30.0,0.5,0.125,4,2026102804,0,,,,,0.5253400130000045,0,official WSJT-X 3.0.2; binary SHA256 9e3c2fc14f63c4b4c4e9fcc33b386cd22daf8fe76ce724c5e37f07875e9a3dd9,<DecodeFinished>,
-30.0,0.5,0.125,7,2026102807,1,K1ABC FN42 33,-30,0,10.140200,0.05295086899968737,0,official WSJT-X 3.0.2; binary SHA256 9e3c2fc14f63c4b4c4e9fcc33b386cd22daf8fe76ce724c5e37f07875e9a3dd9,"0000 -30 -0.1  10.140200  0  K1ABC FN42 33 
<DecodeFinished>",
-30.0,0.5,0.125,5,2026102805,0,,,,,0.5116615269998874,0,official WSJT-X 3.0.2; binary SHA256 9e3c2fc14f63c4b4c4e9fcc33b386cd22daf8fe76ce724c5e37f07875e9a3dd9,<DecodeFinished>,
-30.0,0.5,0.125,10,2026102810,1,K1ABC FN42 33,-30,0,10.140200,0.055248243999812985,0,official WSJT-X 3.0.2; binary SHA256 9e3c2fc14f63c4b4c4e9fcc33b386cd22daf8fe76ce724c5e37f07875e9a3dd9,"0000 -30 -0.1  10.140200  0  K1ABC FN42 33 
<DecodeFinished>",
-30.0,0.5,0.125,6,2026102806,0,,,,,0.5353276840000945,0,official WSJT-X 3.0.2; binary SHA256 9e3c2fc14f63c4b4c4e9fcc33b386cd22daf8fe76ce724c5e37f07875e9a3dd9,<DecodeFinished>,
-30.0,0.5,0.125,8,2026102808,0,,,,,0.5311108679998142,0,official WSJT-X 3.0.2; binary SHA256 9e3c2fc14f63c4b4c4e9fcc33b386cd22daf8fe76ce724c5e37f07875e9a3dd9,<DecodeFinished>,
-30.0,0.5,0.125,9,2026102809,0,,,,,0.5216520389999459,0,official WSJT-X 3.0.2; binary SHA256 9e3c2fc14f63c4b4c4e9fcc33b386cd22daf8fe76ce724c5e37f07875e9a3dd9,<DecodeFinished>,
-30.0,0.5,0.125,13,2026102813,1,K1ABC FN42 33,-30,0,10.140200,0.0481141589998515,0,official WSJT-X 3.0.2; binary SHA256 9e3c2fc14f63c4b4c4e9fcc33b386cd22daf8fe76ce724c5e37f07875e9a3dd9,"0000 -30  0.0  10.140200  0  K1ABC FN42 33 
<DecodeFinished>",
-30.0,0.5,0.125,14,2026102814,1,K1ABC FN42 33,-30,0,10.140200,0.047704203999728634,0,official WSJT-X 3.0.2; binary SHA256 9e3c2fc14f63c4b4c4e9fcc33b386cd22daf8fe76ce724c5e37f07875e9a3dd9,"0000 -30  0.0  10.140200  0  K1ABC FN42 33 
<DecodeFinished>",
-30.0,0.5,0.125,15,2026102815,1,K1ABC FN42 33,-30,0,10.140200,0.05099086499967598,0,official WSJT-X 3.0.2; binary SHA256 9e3c2fc14f63c4b4c4e9fcc33b386cd22daf8fe76ce724c5e37f07875e9a3dd9,"0000 -30 -0.0  10.140200  0  K1ABC FN42 33 
<DecodeFinished>",
-30.0,0.5,0.125,11,2026102811,1,K1ABC FN42 33,-30,0,10.140200,0.28045281599997907,0,official WSJT-X 3.0.2; binary SHA256 9e3c2fc14f63c4b4c4e9fcc33b386cd22daf8fe76ce724c5e37f07875e9a3dd9,"0000 -30 -0.1  10.140200  0  K1ABC FN42 33 
<DecodeFinished>",
-30.0,0.5,0.125,16,2026102816,1,K1ABC FN42 33,-30,0,10.140200,0.06380818300021929,0,official WSJT-X 3.0.2; binary SHA256 9e3c2fc14f63c4b4c4e9fcc33b386cd22daf8fe76ce724c5e37f07875e9a3dd9,"0000 -30 -0.1  10.140200  0  K1ABC FN42 33 
<DecodeFinished>",
-30.0,0.5,0.125,18,2026102818,1,K1ABC FN42 33,-30,0,10.140200,0.053631905000202096,0,official WSJT-X 3.0.2; binary SHA256 9e3c2fc14f63c4b4c4e9fcc33b386cd22daf8fe76ce724c5e37f07875e9a3dd9,"0000 -30  0.0  10.140200  0  K1ABC FN42 33 
<DecodeFinished>",
-30.0,0.5,0.125,12,2026102812,1,K1ABC FN42 33,-30,0,10.140200,0.25671981800041976,0,official WSJT-X 3.0.2; binary SHA256 9e3c2fc14f63c4b4c4e9fcc33b386cd22daf8fe76ce724c5e37f07875e9a3dd9,"0000 -30 -0.0  10.140200  0  K1ABC FN42 33 
<DecodeFinished>",
-30.0,0.5,0.125,21,2026102821,1,K1ABC FN42 33,-30,0,10.140200,0.10044003199982399,0,official WSJT-X 3.0.2; binary SHA256 9e3c2fc14f63c4b4c4e9fcc33b386cd22daf8fe76ce724c5e37f07875e9a3dd9,"0000 -30 -0.1  10.140200  0  K1ABC FN42 33 
<DecodeFinished>",
-30.0,0.5,0.125,17,2026102817,1,K1ABC FN42 33,-31,0,10.140200,0.29962453999996796,0,official WSJT-X 3.0.2; binary SHA256 9e3c2fc14f63c4b4c4e9fcc33b386cd22daf8fe76ce724c5e37f07875e9a3dd9,"0000 -31  0.1  10.140200  0  K1ABC FN42 33 
<DecodeFinished>",
-30.0,0.5,0.125,22,2026102822,1,K1ABC FN42 33,-29,0,10.140200,0.12813022599993928,0,official WSJT-X 3.0.2; binary SHA256 9e3c2fc14f63c4b4c4e9fcc33b386cd22daf8fe76ce724c5e37f07875e9a3dd9,"0000 -29  0.1  10.140200  0  K1ABC FN42 33 
<DecodeFinished>",
-30.0,0.5,0.125,20,2026102820,1,K1ABC FN42 33,-29,0,10.140200,0.28169019500001014,0,official WSJT-X 3.0.2; binary SHA256 9e3c2fc14f63c4b4c4e9fcc33b386cd22daf8fe76ce724c5e37f07875e9a3dd9,"0000 -29 -0.1  10.140200  0  K1ABC FN42 33 
<DecodeFinished>",
-30.0,0.5,0.125,19,2026102819,1,K1ABC FN42 33,-30,0,10.140200,0.29830541699993773,0,official WSJT-X 3.0.2; binary SHA256 9e3c2fc14f63c4b4c4e9fcc33b386cd22daf8fe76ce724c5e37f07875e9a3dd9,"0000 -30  0.1  10.140200  0  K1ABC FN42 33 
<DecodeFinished>",
-30.0,0.5,0.125,24,2026102824,1,K1ABC FN42 33,-30,0,10.140200,0.05316121900023063,0,official WSJT-X 3.0.2; binary SHA256 9e3c2fc14f63c4b4c4e9fcc33b386cd22daf8fe76ce724c5e37f07875e9a3dd9,"0000 -30  0.1  10.140200  0  K1ABC FN42 33 
<DecodeFinished>",
-30.0,0.5,0.125,23,2026102823,1,K1ABC FN42 33,-29,0,10.140200,0.05647624899984294,0,official WSJT-X 3.0.2; binary SHA256 9e3c2fc14f63c4b4c4e9fcc33b386cd22daf8fe76ce724c5e37f07875e9a3dd9,"0000 -29 -0.0  10.140200  0  K1ABC FN42 33 
<DecodeFinished>",
-30.0,0.5,0.125,26,2026102826,1,K1ABC FN42 33,-29,0,10.140200,0.12793376800027545,0,official WSJT-X 3.0.2; binary SHA256 9e3c2fc14f63c4b4c4e9fcc33b386cd22daf8fe76ce724c5e37f07875e9a3dd9,"0000 -29 -0.1  10.140200  0  K1ABC FN42 33 
<DecodeFinished>",
-30.0,0.5,0.125,29,2026102829,1,K1ABC FN42 33,-30,0,10.140200,0.05078958500007502,0,official WSJT-X 3.0.2; binary SHA256 9e3c2fc14f63c4b4c4e9fcc33b386cd22daf8fe76ce724c5e37f07875e9a3dd9,"0000 -30 -0.0  10.140200  0  K1ABC FN42 33 
<DecodeFinished>",
-30.0,0.5,0.125,28,2026102828,1,K1ABC FN42 33,-30,0,10.140200,0.25030278299982456,0,official WSJT-X 3.0.2; binary SHA256 9e3c2fc14f63c4b4c4e9fcc33b386cd22daf8fe76ce724c5e37f07875e9a3dd9,"0000 -30 -0.0  10.140200  0  K1ABC FN42 33 
<DecodeFinished>",
-30.0,0.5,0.125,25,2026102825,1,K1ABC FN42 33,-30,0,10.140200,0.44612318200006484,0,official WSJT-X 3.0.2; binary SHA256 9e3c2fc14f63c4b4c4e9fcc33b386cd22daf8fe76ce724c5e37f07875e9a3dd9,"0000 -30 -0.1  10.140200  0  K1ABC FN42 33 
<DecodeFinished>",
-30.0,0.5,0.125,32,2026102832,1,K1ABC FN42 33,-30,0,10.140200,0.06124856300039028,0,official WSJT-X 3.0.2; binary SHA256 9e3c2fc14f63c4b4c4e9fcc33b386cd22daf8fe76ce724c5e37f07875e9a3dd9,"0000 -30 -0.0  10.140200  0  K1ABC FN42 33 
<DecodeFinished>",
-30.0,0.5,0.125,27,2026102827,0,,,,,0.5278894849998323,0,official WSJT-X 3.0.2; binary SHA256 9e3c2fc14f63c4b4c4e9fcc33b386cd22daf8fe76ce724c5e37f07875e9a3dd9,<DecodeFinished>,
-30.0,0.5,0.125,31,2026102831,1,K1ABC FN42 33,-29,0,10.140200,0.2811148860000685,0,official WSJT-X 3.0.2; binary SHA256 9e3c2fc14f63c4b4c4e9fcc33b386cd22daf8fe76ce724c5e37f07875e9a3dd9,"0000 -29  0.1  10.140200  0  K1ABC FN42 33 
<DecodeFinished>",
-30.0,0.5,0.125,33,2026102833,1,K1ABC FN42 33,-31,0,10.140200,0.0530923830001484,0,official WSJT-X 3.0.2; binary SHA256 9e3c2fc14f63c4b4c4e9fcc33b386cd22daf8fe76ce724c5e37f07875e9a3dd9,"0000 -31  0.0  10.140200  0  K1ABC FN42 33 
<DecodeFinished>",
-30.0,0.5,0.125,35,2026102835,1,K1ABC FN42 33,-29,0,10.140200,0.053849225000249135,0,official WSJT-X 3.0.2; binary SHA256 9e3c2fc14f63c4b4c4e9fcc33b386cd22daf8fe76ce724c5e37f07875e9a3dd9,"0000 -29 -0.0  10.140200  0  K1ABC FN42 33 
<DecodeFinished>",
-30.0,0.5,0.125,37,2026102837,1,K1ABC FN42 33,-30,0,10.140200,0.059509961000003386,0,official WSJT-X 3.0.2; binary SHA256 9e3c2fc14f63c4b4c4e9fcc33b386cd22daf8fe76ce724c5e37f07875e9a3dd9,"0000 -30  0.1  10.140200  0  K1ABC FN42 33 
<DecodeFinished>",
-30.0,0.5,0.125,30,2026102830,0,,,,,0.53002339700015,0,official WSJT-X 3.0.2; binary SHA256 9e3c2fc14f63c4b4c4e9fcc33b386cd22daf8fe76ce724c5e37f07875e9a3dd9,<DecodeFinished>,
-30.0,0.5,0.125,36,2026102836,1,K1ABC FN42 33,-30,0,10.140200,0.24785000800011403,0,official WSJT-X 3.0.2; binary SHA256 9e3c2fc14f63c4b4c4e9fcc33b386cd22daf8fe76ce724c5e37f07875e9a3dd9,"0000 -30 -0.0  10.140200  0  K1ABC FN42 33 
<DecodeFinished>",
-30.0,0.5,0.125,34,2026102834,1,K1ABC FN42 33,-29,0,10.140200,0.31831865000003745,0,official WSJT-X 3.0.2; binary SHA256 9e3c2fc14f63c4b4c4e9fcc33b386cd22daf8fe76ce724c5e37f07875e9a3dd9,"0000 -29 -0.1  10.140200  0  K1ABC FN42 33 
<DecodeFinished>",
-30.0,0.5,0.125,40,2026102840,1,K1ABC FN42 33,-29,0,10.140200,0.07428747099993416,0,official WSJT-X 3.0.2; binary SHA256 9e3c2fc14f63c4b4c4e9fcc33b386cd22daf8fe76ce724c5e37f07875e9a3dd9,"0000 -29 -0.1  10.140200  0  K1ABC FN42 33 
<DecodeFinished>",
-30.0,0.5,0.125,39,2026102839,1,K1ABC FN42 33,-30,0,10.140200,0.26895580300015354,0,official WSJT-X 3.0.2; binary SHA256 9e3c2fc14f63c4b4c4e9fcc33b386cd22daf8fe76ce724c5e37f07875e9a3dd9,"0000 -30 -0.0  10.140200  0  K1ABC FN42 33 
<DecodeFinished>",
-30.0,0.5,0.125,43,2026102843,1,K1ABC FN42 33,-31,0,10.140200,0.07672036800022397,0,official WSJT-X 3.0.2; binary SHA256 9e3c2fc14f63c4b4c4e9fcc33b386cd22daf8fe76ce724c5e37f07875e9a3dd9,"0000 -31  0.1  10.140200  0  K1ABC FN42 33 
<DecodeFinished>",
-30.0,0.5,0.125,41,2026102841,1,K1ABC FN42 33,-30,0,10.140200,0.26267536499972266,0,official WSJT-X 3.0.2; binary SHA256 9e3c2fc14f63c4b4c4e9fcc33b386cd22daf8fe76ce724c5e37f07875e9a3dd9,"0000 -30  0.1  10.140200  0  K1ABC FN42 33 
<DecodeFinished>",
-30.0,0.5,0.125,38,2026102838,0,,,,,0.5400581240000975,0,official WSJT-X 3.0.2; binary SHA256 9e3c2fc14f63c4b4c4e9fcc33b386cd22daf8fe76ce724c5e37f07875e9a3dd9,<DecodeFinished>,
-30.0,0.5,0.125,45,2026102845,1,K1ABC FN42 33,-29,0,10.140200,0.09406861099978414,0,official WSJT-X 3.0.2; binary SHA256 9e3c2fc14f63c4b4c4e9fcc33b386cd22daf8fe76ce724c5e37f07875e9a3dd9,"0000 -29  0.2  10.140200  0  K1ABC FN42 33 
<DecodeFinished>",
-30.0,0.5,0.125,42,2026102842,0,,,,,0.5380518599999959,0,official WSJT-X 3.0.2; binary SHA256 9e3c2fc14f63c4b4c4e9fcc33b386cd22daf8fe76ce724c5e37f07875e9a3dd9,<DecodeFinished>,
-30.0,0.5,0.125,46,2026102846,1,K1ABC FN42 33,-31,0,10.140200,0.28746425300005285,0,official WSJT-X 3.0.2; binary SHA256 9e3c2fc14f63c4b4c4e9fcc33b386cd22daf8fe76ce724c5e37f07875e9a3dd9,"0000 -31  0.1  10.140200  0  K1ABC FN42 33 
<DecodeFinished>",
-30.0,0.5,0.125,44,2026102844,0,,,,,0.5309923569998318,0,official WSJT-X 3.0.2; binary SHA256 9e3c2fc14f63c4b4c4e9fcc33b386cd22daf8fe76ce724c5e37f07875e9a3dd9,<DecodeFinished>,
-30.0,0.5,0.125,47,2026102847,0,,,,,0.5384293729998717,0,official WSJT-X 3.0.2; binary SHA256 9e3c2fc14f63c4b4c4e9fcc33b386cd22daf8fe76ce724c5e37f07875e9a3dd9,<DecodeFinished>,
-30.0,0.5,0.125,48,2026102848,0,,,,,0.5434743729997535,0,official WSJT-X 3.0.2; binary SHA256 9e3c2fc14f63c4b4c4e9fcc33b386cd22daf8fe76ce724c5e37f07875e9a3dd9,<DecodeFinished>,
-30.0,0.5,0.125,51,2026102851,1,K1ABC FN42 33,-30,0,10.140200,0.24046160599982613,0,official WSJT-X 3.0.2; binary SHA256 9e3c2fc14f63c4b4c4e9fcc33b386cd22daf8fe76ce724c5e37f07875e9a3dd9,"0000 -30  0.0  10.140200  0  K1ABC FN42 33 
<DecodeFinished>",
-30.0,0.5,0.125,49,2026102849,0,,,,,0.5331389709999712,0,official WSJT-X 3.0.2; binary SHA256 9e3c2fc14f63c4b4c4e9fcc33b386cd22daf8fe76ce724c5e37f07875e9a3dd9,<DecodeFinished>,
-30.0,0.5,0.125,54,2026102854,1,K1ABC FN42 33,-30,0,10.140200,0.07665222900004665,0,official WSJT-X 3.0.2; binary SHA256 9e3c2fc14f63c4b4c4e9fcc33b386cd22daf8fe76ce724c5e37f07875e9a3dd9,"0000 -30 -0.0  10.140200  0  K1ABC FN42 33 
<DecodeFinished>",
-30.0,0.5,0.125,50,2026102850,0,,,,,0.5086850430002414,0,official WSJT-X 3.0.2; binary SHA256 9e3c2fc14f63c4b4c4e9fcc33b386cd22daf8fe76ce724c5e37f07875e9a3dd9,<DecodeFinished>,
-30.0,0.5,0.125,52,2026102852,1,K1ABC FN42 33,-30,0,10.140200,0.1486181039999792,0,official WSJT-X 3.0.2; binary SHA256 9e3c2fc14f63c4b4c4e9fcc33b386cd22daf8fe76ce724c5e37f07875e9a3dd9,"0000 -30 -0.1  10.140200  0  K1ABC FN42 33 
<DecodeFinished>",
-30.0,0.5,0.125,55,2026102855,1,K1ABC FN42 33,-30,0,10.140200,0.053785736999998335,0,official WSJT-X 3.0.2; binary SHA256 9e3c2fc14f63c4b4c4e9fcc33b386cd22daf8fe76ce724c5e37f07875e9a3dd9,"0000 -30 -0.0  10.140200  0  K1ABC FN42 33 
<DecodeFinished>",
-30.0,0.5,0.125,56,2026102856,1,K1ABC FN42 33,-29,0,10.140200,0.05229754199990566,0,official WSJT-X 3.0.2; binary SHA256 9e3c2fc14f63c4b4c4e9fcc33b386cd22daf8fe76ce724c5e37f07875e9a3dd9,"0000 -29 -0.0  10.140200  0  K1ABC FN42 33 
<DecodeFinished>",
-30.0,0.5,0.125,53,2026102853,0,,,,,0.5362883119996695,0,official WSJT-X 3.0.2; binary SHA256 9e3c2fc14f63c4b4c4e9fcc33b386cd22daf8fe76ce724c5e37f07875e9a3dd9,<DecodeFinished>,
-30.0,0.5,0.125,57,2026102857,0,,,,,0.5388041539999904,0,official WSJT-X 3.0.2; binary SHA256 9e3c2fc14f63c4b4c4e9fcc33b386cd22daf8fe76ce724c5e37f07875e9a3dd9,<DecodeFinished>,
-30.0,0.5,0.125,59,2026102859,0,,,,,0.519657350000216,0,official WSJT-X 3.0.2; binary SHA256 9e3c2fc14f63c4b4c4e9fcc33b386cd22daf8fe76ce724c5e37f07875e9a3dd9,<DecodeFinished>,
-30.0,0.5,0.125,58,2026102858,0,,,,,0.5374753090000013,0,official WSJT-X 3.0.2; binary SHA256 9e3c2fc14f63c4b4c4e9fcc33b386cd22daf8fe76ce724c5e37f07875e9a3dd9,<DecodeFinished>,
-30.0,0.5,0.125,62,2026102862,1,K1ABC FN42 33,-29,0,10.140200,0.05065040499994211,0,official WSJT-X 3.0.2; binary SHA256 9e3c2fc14f63c4b4c4e9fcc33b386cd22daf8fe76ce724c5e37f07875e9a3dd9,"0000 -29  0.0  10.140200  0  K1ABC FN42 33 
<DecodeFinished>",
-30.0,0.5,0.125,61,2026102861,1,K1ABC FN42 33,-29,0,10.140200,0.08742324100012411,0,official WSJT-X 3.0.2; binary SHA256 9e3c2fc14f63c4b4c4e9fcc33b386cd22daf8fe76ce724c5e37f07875e9a3dd9,"0000 -29  0.0  10.140200  0  K1ABC FN42 33 
<DecodeFinished>",
-30.0,0.5,0.125,63,2026102863,1,K1ABC FN42 33,-31,0,10.140200,0.07355445799976223,0,official WSJT-X 3.0.2; binary SHA256 9e3c2fc14f63c4b4c4e9fcc33b386cd22daf8fe76ce724c5e37f07875e9a3dd9,"0000 -31 -0.0  10.140200  0  K1ABC FN42 33 
<DecodeFinished>",
-30.0,0.5,0.125,64,2026102864,1,K1ABC FN42 33,-30,0,10.140200,0.1308003699996334,0,official WSJT-X 3.0.2; binary SHA256 9e3c2fc14f63c4b4c4e9fcc33b386cd22daf8fe76ce724c5e37f07875e9a3dd9,"0000 -30 -0.1  10.140200  0  K1ABC FN42 33 
<DecodeFinished>",
-30.0,0.5,0.125,67,2026102867,1,K1ABC FN42 33,-30,0,10.140200,0.1019334429997798,0,official WSJT-X 3.0.2; binary SHA256 9e3c2fc14f63c4b4c4e9fcc33b386cd22daf8fe76ce724c5e37f07875e9a3dd9,"0000 -30 -0.1  10.140200  0  K1ABC FN42 33 
<DecodeFinished>",
-30.0,0.5,0.125,65,2026102865,1,K1ABC FN42 33,-29,0,10.140200,0.2724704950001069,0,official WSJT-X 3.0.2; binary SHA256 9e3c2fc14f63c4b4c4e9fcc33b386cd22daf8fe76ce724c5e37f07875e9a3dd9,"0000 -29  0.1  10.140200  0  K1ABC FN42 33 
<DecodeFinished>",
-30.0,0.5,0.125,66,2026102866,1,K1ABC FN42 33,-29,0,10.140200,0.2492710920000718,0,official WSJT-X 3.0.2; binary SHA256 9e3c2fc14f63c4b4c4e9fcc33b386cd22daf8fe76ce724c5e37f07875e9a3dd9,"0000 -29  0.0  10.140200  0  K1ABC FN42 33 
<DecodeFinished>",
-30.0,0.5,0.125,60,2026102860,0,,,,,0.5353584749996116,0,official WSJT-X 3.0.2; binary SHA256 9e3c2fc14f63c4b4c4e9fcc33b386cd22daf8fe76ce724c5e37f07875e9a3dd9,<DecodeFinished>,
-30.0,0.5,0.125,70,2026102870,1,K1ABC FN42 33,-29,0,10.140200,0.05436610200013092,0,official WSJT-X 3.0.2; binary SHA256 9e3c2fc14f63c4b4c4e9fcc33b386cd22daf8fe76ce724c5e37f07875e9a3dd9,"0000 -29  0.0  10.140200  0  K1ABC FN42 33 
<DecodeFinished>",
-30.0,0.5,0.125,71,2026102871,1,K1ABC FN42 33,-30,0,10.140200,0.08121029099993393,0,official WSJT-X 3.0.2; binary SHA256 9e3c2fc14f63c4b4c4e9fcc33b386cd22daf8fe76ce724c5e37f07875e9a3dd9,"0000 -30  0.0  10.140200  0  K1ABC FN42 33 
<DecodeFinished>",
-30.0,0.5,0.125,73,2026102873,1,K1ABC FN42 33,-30,0,10.140200,0.04987389999996594,0,official WSJT-X 3.0.2; binary SHA256 9e3c2fc14f63c4b4c4e9fcc33b386cd22daf8fe76ce724c5e37f07875e9a3dd9,"0000 -30 -0.1  10.140200  0  K1ABC FN42 33 
<DecodeFinished>",
-30.0,0.5,0.125,74,2026102874,1,K1ABC FN42 33,-30,0,10.140200,0.26833840499966755,0,official WSJT-X 3.0.2; binary SHA256 9e3c2fc14f63c4b4c4e9fcc33b386cd22daf8fe76ce724c5e37f07875e9a3dd9,"0000 -30  0.1  10.140200  0  K1ABC FN42 33 
<DecodeFinished>",
-30.0,0.5,0.125,68,2026102868,0,,,,,0.5378562869996131,0,official WSJT-X 3.0.2; binary SHA256 9e3c2fc14f63c4b4c4e9fcc33b386cd22daf8fe76ce724c5e37f07875e9a3dd9,<DecodeFinished>,
-30.0,0.5,0.125,69,2026102869,0,,,,,0.5306108429999767,0,official WSJT-X 3.0.2; binary SHA256 9e3c2fc14f63c4b4c4e9fcc33b386cd22daf8fe76ce724c5e37f07875e9a3dd9,<DecodeFinished>,
-30.0,0.5,0.125,76,2026102876,1,K1ABC FN42 33,-29,0,10.140200,0.06375110699991637,0,official WSJT-X 3.0.2; binary SHA256 9e3c2fc14f63c4b4c4e9fcc33b386cd22daf8fe76ce724c5e37f07875e9a3dd9,"0000 -29 -0.1  10.140200  0  K1ABC FN42 33 
<DecodeFinished>",
-30.0,0.5,0.125,72,2026102872,0,,,,,0.5312914050000472,0,official WSJT-X 3.0.2; binary SHA256 9e3c2fc14f63c4b4c4e9fcc33b386cd22daf8fe76ce724c5e37f07875e9a3dd9,<DecodeFinished>,
-30.0,0.5,0.125,75,2026102875,1,K1ABC FN42 33,-30,0,10.140200,0.3069511399999101,0,official WSJT-X 3.0.2; binary SHA256 9e3c2fc14f63c4b4c4e9fcc33b386cd22daf8fe76ce724c5e37f07875e9a3dd9,"0000 -30  0.1  10.140200  0  K1ABC FN42 33 
<DecodeFinished>",
-30.0,0.5,0.125,78,2026102878,1,K1ABC FN42 33,-31,0,10.140200,0.24907922100010182,0,official WSJT-X 3.0.2; binary SHA256 9e3c2fc14f63c4b4c4e9fcc33b386cd22daf8fe76ce724c5e37f07875e9a3dd9,"0000 -31  0.0  10.140200  0  K1ABC FN42 33 
<DecodeFinished>",
-30.0,0.5,0.125,80,2026102880,1,K1ABC FN42 33,-29,0,10.140200,0.05575275599994711,0,official WSJT-X 3.0.2; binary SHA256 9e3c2fc14f63c4b4c4e9fcc33b386cd22daf8fe76ce724c5e37f07875e9a3dd9,"0000 -29 -0.0  10.140200  0  K1ABC FN42 33 
<DecodeFinished>",
-30.0,0.5,0.125,81,2026102881,1,K1ABC FN42 33,-30,0,10.140200,0.0727506249995713,0,official WSJT-X 3.0.2; binary SHA256 9e3c2fc14f63c4b4c4e9fcc33b386cd22daf8fe76ce724c5e37f07875e9a3dd9,"0000 -30  0.1  10.140200  0  K1ABC FN42 33 
<DecodeFinished>",
-30.0,0.5,0.125,77,2026102877,0,,,,,0.5312541590001274,0,official WSJT-X 3.0.2; binary SHA256 9e3c2fc14f63c4b4c4e9fcc33b386cd22daf8fe76ce724c5e37f07875e9a3dd9,<DecodeFinished>,
-30.0,0.5,0.125,79,2026102879,0,,,,,0.5440090379997855,0,official WSJT-X 3.0.2; binary SHA256 9e3c2fc14f63c4b4c4e9fcc33b386cd22daf8fe76ce724c5e37f07875e9a3dd9,<DecodeFinished>,
-30.0,0.5,0.125,85,2026102885,1,K1ABC FN42 33,-31,0,10.140200,0.09651389000009658,0,official WSJT-X 3.0.2; binary SHA256 9e3c2fc14f63c4b4c4e9fcc33b386cd22daf8fe76ce724c5e37f07875e9a3dd9,"0000 -31 -0.1  10.140200  0  K1ABC FN42 33 
<DecodeFinished>",
-30.0,0.5,0.125,86,2026102886,1,K1ABC FN42 33,-30,0,10.140200,0.04530660300042655,0,official WSJT-X 3.0.2; binary SHA256 9e3c2fc14f63c4b4c4e9fcc33b386cd22daf8fe76ce724c5e37f07875e9a3dd9,"0000 -30  0.1  10.140200  0  K1ABC FN42 33 
<DecodeFinished>",
-30.0,0.5,0.125,87,2026102887,1,K1ABC FN42 33,-30,0,10.140200,0.0487851929997305,0,official WSJT-X 3.0.2; binary SHA256 9e3c2fc14f63c4b4c4e9fcc33b386cd22daf8fe76ce724c5e37f07875e9a3dd9,"0000 -30 -0.1  10.140200  0  K1ABC FN42 33 
<DecodeFinished>",
-30.0,0.5,0.125,84,2026102884,1,K1ABC FN42 33,-30,0,10.140200,0.2685834940002678,0,official WSJT-X 3.0.2; binary SHA256 9e3c2fc14f63c4b4c4e9fcc33b386cd22daf8fe76ce724c5e37f07875e9a3dd9,"0000 -30 -0.1  10.140200  0  K1ABC FN42 33 
<DecodeFinished>",
-30.0,0.5,0.125,82,2026102882,0,,,,,0.5148660790000577,0,official WSJT-X 3.0.2; binary SHA256 9e3c2fc14f63c4b4c4e9fcc33b386cd22daf8fe76ce724c5e37f07875e9a3dd9,<DecodeFinished>,
-30.0,0.5,0.125,89,2026102889,1,K1ABC FN42 33,-29,0,10.140200,0.04956950099995083,0,official WSJT-X 3.0.2; binary SHA256 9e3c2fc14f63c4b4c4e9fcc33b386cd22daf8fe76ce724c5e37f07875e9a3dd9,"0000 -29  0.1  10.140200  0  K1ABC FN42 33 
<DecodeFinished>",
-30.0,0.5,0.125,83,2026102883,0,,,,,0.5242098670000814,0,official WSJT-X 3.0.2; binary SHA256 9e3c2fc14f63c4b4c4e9fcc33b386cd22daf8fe76ce724c5e37f07875e9a3dd9,<DecodeFinished>,
-30.0,0.5,0.125,91,2026102891,1,K1ABC FN42 33,-29,0,10.140200,0.07749590299999909,0,official WSJT-X 3.0.2; binary SHA256 9e3c2fc14f63c4b4c4e9fcc33b386cd22daf8fe76ce724c5e37f07875e9a3dd9,"0000 -29 -0.1  10.140200  0  K1ABC FN42 33 
<DecodeFinished>",
-30.0,0.5,0.125,90,2026102890,1,K1ABC FN42 33,-29,0,10.140200,0.2594272199999068,0,official WSJT-X 3.0.2; binary SHA256 9e3c2fc14f63c4b4c4e9fcc33b386cd22daf8fe76ce724c5e37f07875e9a3dd9,"0000 -29 -0.0  10.140200  0  K1ABC FN42 33 
<DecodeFinished>",
-30.0,0.5,0.125,93,2026102893,1,K1ABC FN42 33,-30,0,10.140200,0.24050422400023308,0,official WSJT-X 3.0.2; binary SHA256 9e3c2fc14f63c4b4c4e9fcc33b386cd22daf8fe76ce724c5e37f07875e9a3dd9,"0000 -30 -0.0  10.140200  0  K1ABC FN42 33 
<DecodeFinished>",
-30.0,0.5,0.125,88,2026102888,0,,,,,0.5278845689999798,0,official WSJT-X 3.0.2; binary SHA256 9e3c2fc14f63c4b4c4e9fcc33b386cd22daf8fe76ce724c5e37f07875e9a3dd9,<DecodeFinished>,
-30.0,0.5,0.125,92,2026102892,0,,,,,0.5180881270002828,0,official WSJT-X 3.0.2; binary SHA256 9e3c2fc14f63c4b4c4e9fcc33b386cd22daf8fe76ce724c5e37f07875e9a3dd9,<DecodeFinished>,
-30.0,0.5,0.125,96,2026102896,1,K1ABC FN42 33,-31,0,10.140200,0.09018672899992453,0,official WSJT-X 3.0.2; binary SHA256 9e3c2fc14f63c4b4c4e9fcc33b386cd22daf8fe76ce724c5e37f07875e9a3dd9,"0000 -31 -0.1  10.140200  0  K1ABC FN42 33 
<DecodeFinished>",
-30.0,0.5,0.125,94,2026102894,0,,,,,0.5230331640000259,0,official WSJT-X 3.0.2; binary SHA256 9e3c2fc14f63c4b4c4e9fcc33b386cd22daf8fe76ce724c5e37f07875e9a3dd9,<DecodeFinished>,
-30.0,0.5,0.125,98,2026102898,1,K1ABC FN42 33,-30,0,10.140200,0.2040885060000619,0,official WSJT-X 3.0.2; binary SHA256 9e3c2fc14f63c4b4c4e9fcc33b386cd22daf8fe76ce724c5e37f07875e9a3dd9,"0000 -30  0.0  10.140200  0  K1ABC FN42 33 
<DecodeFinished>",
-30.0,0.5,0.125,97,2026102897,1,K1ABC FN42 33,-31,0,10.140200,0.28493276600011086,0,official WSJT-X 3.0.2; binary SHA256 9e3c2fc14f63c4b4c4e9fcc33b386cd22daf8fe76ce724c5e37f07875e9a3dd9,"0000 -31  0.1  10.140200  0  K1ABC FN42 33 
<DecodeFinished>",
-30.0,0.5,0.125,95,2026102895,0,,,,,0.5274231399998826,0,official WSJT-X 3.0.2; binary SHA256 9e3c2fc14f63c4b4c4e9fcc33b386cd22daf8fe76ce724c5e37f07875e9a3dd9,<DecodeFinished>,
-30.0,0.5,0.125,99,2026102899,1,K1ABC FN42 33,-30,0,10.140200,0.2582166460001645,0,official WSJT-X 3.0.2; binary SHA256 9e3c2fc14f63c4b4c4e9fcc33b386cd22daf8fe76ce724c5e37f07875e9a3dd9,"0000 -30  0.1  10.140200  0  K1ABC FN42 33 
<DecodeFinished>",
-30.0,0.5,0.25,2,2026102802,1,K1ABC FN42 33,-30,0,10.140200,0.2484496219999528,0,official WSJT-X 3.0.2; binary SHA256 9e3c2fc14f63c4b4c4e9fcc33b386cd22daf8fe76ce724c5e37f07875e9a3dd9,"0000 -30 -0.0  10.140200  0  K1ABC FN42 33 
<DecodeFinished>",
-30.0,0.5,0.25,1,2026102801,1,K1ABC FN42 33,-30,0,10.140200,0.2814694450003117,0,official WSJT-X 3.0.2; binary SHA256 9e3c2fc14f63c4b4c4e9fcc33b386cd22daf8fe76ce724c5e37f07875e9a3dd9,"0000 -30 -0.1  10.140200  0  K1ABC FN42 33 
<DecodeFinished>",
-30.0,0.5,0.25,4,2026102804,1,K1ABC FN42 33,-30,0,10.140200,0.054167790000065,0,official WSJT-X 3.0.2; binary SHA256 9e3c2fc14f63c4b4c4e9fcc33b386cd22daf8fe76ce724c5e37f07875e9a3dd9,"0000 -30 -0.1  10.140200  0  K1ABC FN42 33 
<DecodeFinished>",
-30.0,0.5,0.25,6,2026102806,1,K1ABC FN42 33,-29,0,10.140200,0.054583811999691534,0,official WSJT-X 3.0.2; binary SHA256 9e3c2fc14f63c4b4c4e9fcc33b386cd22daf8fe76ce724c5e37f07875e9a3dd9,"0000 -29  0.0  10.140200  0  K1ABC FN42 33 
<DecodeFinished>",
-30.0,0.5,0.25,0,2026102800,0,,,,,0.5208044619998873,0,official WSJT-X 3.0.2; binary SHA256 9e3c2fc14f63c4b4c4e9fcc33b386cd22daf8fe76ce724c5e37f07875e9a3dd9,<DecodeFinished>,
-30.0,0.5,0.25,5,2026102805,1,K1ABC FN42 33,-29,0,10.140200,0.20619942300027105,0,official WSJT-X 3.0.2; binary SHA256 9e3c2fc14f63c4b4c4e9fcc33b386cd22daf8fe76ce724c5e37f07875e9a3dd9,"0000 -29  0.1  10.140200  0  K1ABC FN42 33 
<DecodeFinished>",
-30.0,0.5,0.25,8,2026102808,1,K1ABC FN42 33,-29,0,10.140200,0.04927055500002098,0,official WSJT-X 3.0.2; binary SHA256 9e3c2fc14f63c4b4c4e9fcc33b386cd22daf8fe76ce724c5e37f07875e9a3dd9,"0000 -29 -0.1  10.140200  0  K1ABC FN42 33 
<DecodeFinished>",
-30.0,0.5,0.25,3,2026102803,1,K1ABC FN42 33,-30,0,10.140200,0.34585162900020805,0,official WSJT-X 3.0.2; binary SHA256 9e3c2fc14f63c4b4c4e9fcc33b386cd22daf8fe76ce724c5e37f07875e9a3dd9,"0000 -30  0.0  10.140200  0  K1ABC FN42 33 
<DecodeFinished>",
-30.0,0.5,0.25,10,2026102810,1,K1ABC FN42 33,-30,0,10.140200,0.047319984000296245,0,official WSJT-X 3.0.2; binary SHA256 9e3c2fc14f63c4b4c4e9fcc33b386cd22daf8fe76ce724c5e37f07875e9a3dd9,"0000 -30 -0.1  10.140200  0  K1ABC FN42 33 
<DecodeFinished>",
-30.0,0.5,0.25,9,2026102809,1,K1ABC FN42 33,-31,0,10.140200,0.24840498300000036,0,official WSJT-X 3.0.2; binary SHA256 9e3c2fc14f63c4b4c4e9fcc33b386cd22daf8fe76ce724c5e37f07875e9a3dd9,"0000 -31 -0.1  10.140200  0  K1ABC FN42 33 
<DecodeFinished>",
-30.0,0.5,0.25,13,2026102813,1,K1ABC FN42 33,-30,0,10.140200,0.046743731000333355,0,official WSJT-X 3.0.2; binary SHA256 9e3c2fc14f63c4b4c4e9fcc33b386cd22daf8fe76ce724c5e37f07875e9a3dd9,"0000 -30  0.0  10.140200  0  K1ABC FN42 33 
<DecodeFinished>",
-30.0,0.5,0.25,7,2026102807,0,,,,,0.5183247100003427,0,official WSJT-X 3.0.2; binary SHA256 9e3c2fc14f63c4b4c4e9fcc33b386cd22daf8fe76ce724c5e37f07875e9a3dd9,<DecodeFinished>,
-30.0,0.5,0.25,15,2026102815,1,K1ABC FN42 33,-30,0,10.140200,0.050398984999901586,0,official WSJT-X 3.0.2; binary SHA256 9e3c2fc14f63c4b4c4e9fcc33b386cd22daf8fe76ce724c5e37f07875e9a3dd9,"0000 -30 -0.0  10.140200  0  K1ABC FN42 33 
<DecodeFinished>",
-30.0,0.5,0.25,11,2026102811,0,,,,,0.5344613500001287,0,official WSJT-X 3.0.2; binary SHA256 9e3c2fc14f63c4b4c4e9fcc33b386cd22daf8fe76ce724c5e37f07875e9a3dd9,<DecodeFinished>,
-30.0,0.5,0.25,12,2026102812,0,,,,,0.5175161180000032,0,official WSJT-X 3.0.2; binary SHA256 9e3c2fc14f63c4b4c4e9fcc33b386cd22daf8fe76ce724c5e37f07875e9a3dd9,<DecodeFinished>,
-30.0,0.5,0.25,18,2026102818,1,K1ABC FN42 33,-30,0,10.140200,0.13763937400017312,0,official WSJT-X 3.0.2; binary SHA256 9e3c2fc14f63c4b4c4e9fcc33b386cd22daf8fe76ce724c5e37f07875e9a3dd9,"0000 -30  0.1  10.140200  0  K1ABC FN42 33 
<DecodeFinished>",
-30.0,0.5,0.25,14,2026102814,0,,,,,0.5299798770001871,0,official WSJT-X 3.0.2; binary SHA256 9e3c2fc14f63c4b4c4e9fcc33b386cd22daf8fe76ce724c5e37f07875e9a3dd9,<DecodeFinished>,
-30.0,0.5,0.25,16,2026102816,0,,,,,0.523574827000175,0,official WSJT-X 3.0.2; binary SHA256 9e3c2fc14f63c4b4c4e9fcc33b386cd22daf8fe76ce724c5e37f07875e9a3dd9,<DecodeFinished>,
-30.0,0.5,0.25,21,2026102821,1,K1ABC FN42 33,-30,0,10.140200,0.10583451999991667,0,official WSJT-X 3.0.2; binary SHA256 9e3c2fc14f63c4b4c4e9fcc33b386cd22daf8fe76ce724c5e37f07875e9a3dd9,"0000 -30 -0.1  10.140200  0  K1ABC FN42 33 
<DecodeFinished>",
-30.0,0.5,0.25,17,2026102817,0,,,,,0.5256252200001654,0,official WSJT-X 3.0.2; binary SHA256 9e3c2fc14f63c4b4c4e9fcc33b386cd22daf8fe76ce724c5e37f07875e9a3dd9,<DecodeFinished>,
-30.0,0.5,0.25,19,2026102819,0,,,,,0.5366172600001846,0,official WSJT-X 3.0.2; binary SHA256 9e3c2fc14f63c4b4c4e9fcc33b386cd22daf8fe76ce724c5e37f07875e9a3dd9,<DecodeFinished>,
-30.0,0.5,0.25,24,2026102824,1,K1ABC FN42 33,-30,0,10.140200,0.049164130999997724,0,official WSJT-X 3.0.2; binary SHA256 9e3c2fc14f63c4b4c4e9fcc33b386cd22daf8fe76ce724c5e37f07875e9a3dd9,"0000 -30  0.1  10.140200  0  K1ABC FN42 33 
<DecodeFinished>",
-30.0,0.5,0.25,20,2026102820,0,,,,,0.5248725370001921,0,official WSJT-X 3.0.2; binary SHA256 9e3c2fc14f63c4b4c4e9fcc33b386cd22daf8fe76ce724c5e37f07875e9a3dd9,<DecodeFinished>,
-30.0,0.5,0.25,22,2026102822,1,K1ABC FN42 33,-29,0,10.140200,0.27053037999985463,0,official WSJT-X 3.0.2; binary SHA256 9e3c2fc14f63c4b4c4e9fcc33b386cd22daf8fe76ce724c5e37f07875e9a3dd9,"0000 -29  0.1  10.140200  0  K1ABC FN42 33 
<DecodeFinished>",
-30.0,0.5,0.25,26,2026102826,1,K1ABC FN42 33,-29,0,10.140200,0.11469426399980875,0,official WSJT-X 3.0.2; binary SHA256 9e3c2fc14f63c4b4c4e9fcc33b386cd22daf8fe76ce724c5e37f07875e9a3dd9,"0000 -29 -0.1  10.140200  0  K1ABC FN42 33 
<DecodeFinished>",
-30.0,0.5,0.25,23,2026102823,0,,,,,0.5324566199997207,0,official WSJT-X 3.0.2; binary SHA256 9e3c2fc14f63c4b4c4e9fcc33b386cd22daf8fe76ce724c5e37f07875e9a3dd9,<DecodeFinished>,
-30.0,0.5,0.25,29,2026102829,1,K1ABC FN42 33,-29,0,10.140200,0.0482756920000611,0,official WSJT-X 3.0.2; binary SHA256 9e3c2fc14f63c4b4c4e9fcc33b386cd22daf8fe76ce724c5e37f07875e9a3dd9,"0000 -29 -0.0  10.140200  0  K1ABC FN42 33 
<DecodeFinished>",
-30.0,0.5,0.25,25,2026102825,0,,,,,0.5103229380001721,0,official WSJT-X 3.0.2; binary SHA256 9e3c2fc14f63c4b4c4e9fcc33b386cd22daf8fe76ce724c5e37f07875e9a3dd9,<DecodeFinished>,
-30.0,0.5,0.25,27,2026102827,0,,,,,0.5246626399998604,0,official WSJT-X 3.0.2; binary SHA256 9e3c2fc14f63c4b4c4e9fcc33b386cd22daf8fe76ce724c5e37f07875e9a3dd9,<DecodeFinished>,
-30.0,0.5,0.25,32,2026102832,1,K1ABC FN42 33,-31,0,10.140200,0.07454644000017652,0,official WSJT-X 3.0.2; binary SHA256 9e3c2fc14f63c4b4c4e9fcc33b386cd22daf8fe76ce724c5e37f07875e9a3dd9,"0000 -31 -0.0  10.140200  0  K1ABC FN42 33 
<DecodeFinished>",
-30.0,0.5,0.25,28,2026102828,0,,,,,0.5363421249999192,0,official WSJT-X 3.0.2; binary SHA256 9e3c2fc14f63c4b4c4e9fcc33b386cd22daf8fe76ce724c5e37f07875e9a3dd9,<DecodeFinished>,
-30.0,0.5,0.25,33,2026102833,1,K1ABC FN42 33,-30,0,10.140200,0.04962119400033771,0,official WSJT-X 3.0.2; binary SHA256 9e3c2fc14f63c4b4c4e9fcc33b386cd22daf8fe76ce724c5e37f07875e9a3dd9,"0000 -30  0.0  10.140200  0  K1ABC FN42 33 
<DecodeFinished>",
-30.0,0.5,0.25,35,2026102835,0,,,,,0.041240814000047976,0,official WSJT-X 3.0.2; binary SHA256 9e3c2fc14f63c4b4c4e9fcc33b386cd22daf8fe76ce724c5e37f07875e9a3dd9,<DecodeFinished>,
-30.0,0.5,0.25,30,2026102830,0,,,,,0.4973188989997652,0,official WSJT-X 3.0.2; binary SHA256 9e3c2fc14f63c4b4c4e9fcc33b386cd22daf8fe76ce724c5e37f07875e9a3dd9,<DecodeFinished>,
-30.0,0.5,0.25,37,2026102837,1,K1ABC FN42 33,-29,0,10.140200,0.049857085999974515,0,official WSJT-X 3.0.2; binary SHA256 9e3c2fc14f63c4b4c4e9fcc33b386cd22daf8fe76ce724c5e37f07875e9a3dd9,"0000 -29 -0.0  10.140200  0  K1ABC FN42 33 
<DecodeFinished>",
-30.0,0.5,0.25,34,2026102834,1,K1ABC FN42 33,-29,0,10.140200,0.2281962450001629,0,official WSJT-X 3.0.2; binary SHA256 9e3c2fc14f63c4b4c4e9fcc33b386cd22daf8fe76ce724c5e37f07875e9a3dd9,"0000 -29 -0.0  10.140200  0  K1ABC FN42 33 
<DecodeFinished>",
-30.0,0.5,0.25,36,2026102836,1,K1ABC FN42 33,-30,0,10.140200,0.2779608069999995,0,official WSJT-X 3.0.2; binary SHA256 9e3c2fc14f63c4b4c4e9fcc33b386cd22daf8fe76ce724c5e37f07875e9a3dd9,"0000 -30 -0.0  10.140200  0  K1ABC FN42 33 
<DecodeFinished>",
-30.0,0.5,0.25,31,2026102831,0,,,,,0.5264787950000027,0,official WSJT-X 3.0.2; binary SHA256 9e3c2fc14f63c4b4c4e9fcc33b386cd22daf8fe76ce724c5e37f07875e9a3dd9,<DecodeFinished>,
-30.0,0.5,0.25,38,2026102838,0,,,,,0.5137686999996731,0,official WSJT-X 3.0.2; binary SHA256 9e3c2fc14f63c4b4c4e9fcc33b386cd22daf8fe76ce724c5e37f07875e9a3dd9,<DecodeFinished>,
-30.0,0.5,0.25,40,2026102840,0,,,,,0.4234628519998296,0,official WSJT-X 3.0.2; binary SHA256 9e3c2fc14f63c4b4c4e9fcc33b386cd22daf8fe76ce724c5e37f07875e9a3dd9,<DecodeFinished>,
-30.0,0.5,0.25,39,2026102839,0,,,,,0.5384543570003189,0,official WSJT-X 3.0.2; binary SHA256 9e3c2fc14f63c4b4c4e9fcc33b386cd22daf8fe76ce724c5e37f07875e9a3dd9,<DecodeFinished>,
-30.0,0.5,0.25,43,2026102843,1,K1ABC FN42 33,-30,0,10.140200,0.047092895999867324,0,official WSJT-X 3.0.2; binary SHA256 9e3c2fc14f63c4b4c4e9fcc33b386cd22daf8fe76ce724c5e37f07875e9a3dd9,"0000 -30 -0.1  10.140200  0  K1ABC FN42 33 
<DecodeFinished>",
-30.0,0.5,0.25,44,2026102844,1,K1ABC FN42 33,-29,0,10.140200,0.06856385099990803,0,official WSJT-X 3.0.2; binary SHA256 9e3c2fc14f63c4b4c4e9fcc33b386cd22daf8fe76ce724c5e37f07875e9a3dd9,"0000 -29 -0.1  10.140200  0  K1ABC FN42 33 
<DecodeFinished>",
-30.0,0.5,0.25,45,2026102845,1,K1ABC FN42 33,-29,0,10.140200,0.04616910699996879,0,official WSJT-X 3.0.2; binary SHA256 9e3c2fc14f63c4b4c4e9fcc33b386cd22daf8fe76ce724c5e37f07875e9a3dd9,"0000 -29  0.1  10.140200  0  K1ABC FN42 33 
<DecodeFinished>",
-30.0,0.5,0.25,41,2026102841,0,,,,,0.5318115519999083,0,official WSJT-X 3.0.2; binary SHA256 9e3c2fc14f63c4b4c4e9fcc33b386cd22daf8fe76ce724c5e37f07875e9a3dd9,<DecodeFinished>,
-30.0,0.5,0.25,42,2026102842,1,K1ABC FN42 33,-29,0,10.140200,0.28111679399989953,0,official WSJT-X 3.0.2; binary SHA256 9e3c2fc14f63c4b4c4e9fcc33b386cd22daf8fe76ce724c5e37f07875e9a3dd9,"0000 -29  0.1  10.140200  0  K1ABC FN42 33 
<DecodeFinished>",
-30.0,0.5,0.25,47,2026102847,1,K1ABC FN42 33,-29,0,10.140200,0.24578923999979452,0,official WSJT-X 3.0.2; binary SHA256 9e3c2fc14f63c4b4c4e9fcc33b386cd22daf8fe76ce724c5e37f07875e9a3dd9,"0000 -29 -0.0  10.140200  0  K1ABC FN42 33 
<DecodeFinished>",
-30.0,0.5,0.25,46,2026102846,1,K1ABC FN42 33,-30,0,10.140200,0.26011863900021126,0,official WSJT-X 3.0.2; binary SHA256 9e3c2fc14f63c4b4c4e9fcc33b386cd22daf8fe76ce724c5e37f07875e9a3dd9,"0000 -30  0.1  10.140200  0  K1ABC FN42 33 
<DecodeFinished>",
-30.0,0.5,0.25,50,2026102850,1,K1ABC FN42 33,-31,0,10.140200,0.11554105599998366,0,official WSJT-X 3.0.2; binary SHA256 9e3c2fc14f63c4b4c4e9fcc33b386cd22daf8fe76ce724c5e37f07875e9a3dd9,"0000 -31  0.0  10.140200  0  K1ABC FN42 33 
<DecodeFinished>",
-30.0,0.5,0.25,48,2026102848,1,K1ABC FN42 33,-30,0,10.140200,0.38572213900033603,0,official WSJT-X 3.0.2; binary SHA256 9e3c2fc14f63c4b4c4e9fcc33b386cd22daf8fe76ce724c5e37f07875e9a3dd9,"0000 -30 -0.1  10.140200  0  K1ABC FN42 33 
<DecodeFinished>",
-30.0,0.5,0.25,52,2026102852,1,K1ABC FN42 33,-30,0,10.140200,0.30769984300013675,0,official WSJT-X 3.0.2; binary SHA256 9e3c2fc14f63c4b4c4e9fcc33b386cd22daf8fe76ce724c5e37f07875e9a3dd9,"0000 -30 -0.1  10.140200  0  K1ABC FN42 33 
<DecodeFinished>",
-30.0,0.5,0.25,49,2026102849,0,,,,,0.5328877030001422,0,official WSJT-X 3.0.2; binary SHA256 9e3c2fc14f63c4b4c4e9fcc33b386cd22daf8fe76ce724c5e37f07875e9a3dd9,<DecodeFinished>,
-30.0,0.5,0.25,54,2026102854,1,K1ABC FN42 33,-30,0,10.140200,0.08024475000001985,0,official WSJT-X 3.0.2; binary SHA256 9e3c2fc14f63c4b4c4e9fcc33b386cd22daf8fe76ce724c5e37f07875e9a3dd9,"0000 -30 -0.0  10.140200  0  K1ABC FN42 33 
<DecodeFinished>",
-30.0,0.5,0.25,51,2026102851,0,,,,,0.5131310210003903,0,official WSJT-X 3.0.2; binary SHA256 9e3c2fc14f63c4b4c4e9fcc33b386cd22daf8fe76ce724c5e37f07875e9a3dd9,<DecodeFinished>,
-30.0,0.5,0.25,53,2026102853,0,,,,,0.5138858109999092,0,official WSJT-X 3.0.2; binary SHA256 9e3c2fc14f63c4b4c4e9fcc33b386cd22daf8fe76ce724c5e37f07875e9a3dd9,<DecodeFinished>,
-30.0,0.5,0.25,55,2026102855,1,K1ABC FN42 33,-30,0,10.140200,0.2657147919999261,0,official WSJT-X 3.0.2; binary SHA256 9e3c2fc14f63c4b4c4e9fcc33b386cd22daf8fe76ce724c5e37f07875e9a3dd9,"0000 -30 -0.1  10.140200  0  K1ABC FN42 33 
<DecodeFinished>",
-30.0,0.5,0.25,56,2026102856,0,,,,,0.5243780979999428,0,official WSJT-X 3.0.2; binary SHA256 9e3c2fc14f63c4b4c4e9fcc33b386cd22daf8fe76ce724c5e37f07875e9a3dd9,<DecodeFinished>,
-30.0,0.5,0.25,57,2026102857,0,,,,,0.5341826280000532,0,official WSJT-X 3.0.2; binary SHA256 9e3c2fc14f63c4b4c4e9fcc33b386cd22daf8fe76ce724c5e37f07875e9a3dd9,<DecodeFinished>,
-30.0,0.5,0.25,58,2026102858,0,,,,,0.522704968999733,0,official WSJT-X 3.0.2; binary SHA256 9e3c2fc14f63c4b4c4e9fcc33b386cd22daf8fe76ce724c5e37f07875e9a3dd9,<DecodeFinished>,
-30.0,0.5,0.25,59,2026102859,0,,,,,0.5119668050001565,0,official WSJT-X 3.0.2; binary SHA256 9e3c2fc14f63c4b4c4e9fcc33b386cd22daf8fe76ce724c5e37f07875e9a3dd9,<DecodeFinished>,
-30.0,0.5,0.25,62,2026102862,1,K1ABC FN42 33,-30,0,10.140200,0.04605792399979691,0,official WSJT-X 3.0.2; binary SHA256 9e3c2fc14f63c4b4c4e9fcc33b386cd22daf8fe76ce724c5e37f07875e9a3dd9,"0000 -30  0.1  10.140200  0  K1ABC FN42 33 
<DecodeFinished>",
-30.0,0.5,0.25,60,2026102860,1,K1ABC FN42 33,-29,0,10.140200,0.23664578900024935,0,official WSJT-X 3.0.2; binary SHA256 9e3c2fc14f63c4b4c4e9fcc33b386cd22daf8fe76ce724c5e37f07875e9a3dd9,"0000 -29 -0.0  10.140200  0  K1ABC FN42 33 
<DecodeFinished>",
-30.0,0.5,0.25,63,2026102863,1,K1ABC FN42 33,-31,0,10.140200,0.26484151400018163,0,official WSJT-X 3.0.2; binary SHA256 9e3c2fc14f63c4b4c4e9fcc33b386cd22daf8fe76ce724c5e37f07875e9a3dd9,"0000 -31 -0.0  10.140200  0  K1ABC FN42 33 
<DecodeFinished>",
-30.0,0.5,0.25,64,2026102864,1,K1ABC FN42 33,-30,0,10.140200,0.24407609500030958,0,official WSJT-X 3.0.2; binary SHA256 9e3c2fc14f63c4b4c4e9fcc33b386cd22daf8fe76ce724c5e37f07875e9a3dd9,"0000 -30 -0.1  10.140200  0  K1ABC FN42 33 
<DecodeFinished>",
-30.0,0.5,0.25,67,2026102867,1,K1ABC FN42 33,-30,0,10.140200,0.06680712899969876,0,official WSJT-X 3.0.2; binary SHA256 9e3c2fc14f63c4b4c4e9fcc33b386cd22daf8fe76ce724c5e37f07875e9a3dd9,"0000 -30 -0.1  10.140200  0  K1ABC FN42 33 
<DecodeFinished>",
-30.0,0.5,0.25,61,2026102861,0,,,,,0.5380335319996448,0,official WSJT-X 3.0.2; binary SHA256 9e3c2fc14f63c4b4c4e9fcc33b386cd22daf8fe76ce724c5e37f07875e9a3dd9,<DecodeFinished>,
-30.0,0.5,0.25,68,2026102868,1,K1ABC FN42 33,-29,0,10.140200,0.0976738900003511,0,official WSJT-X 3.0.2; binary SHA256 9e3c2fc14f63c4b4c4e9fcc33b386cd22daf8fe76ce724c5e37f07875e9a3dd9,"0000 -29 -0.0  10.140200  0  K1ABC FN42 33 
<DecodeFinished>",
-30.0,0.5,0.25,70,2026102870,1,K1ABC FN42 33,-30,0,10.140200,0.07907965499998681,0,official WSJT-X 3.0.2; binary SHA256 9e3c2fc14f63c4b4c4e9fcc33b386cd22daf8fe76ce724c5e37f07875e9a3dd9,"0000 -30  0.0  10.140200  0  K1ABC FN42 33 
<DecodeFinished>",
-30.0,0.5,0.25,65,2026102865,0,,,,,0.5124341109999477,0,official WSJT-X 3.0.2; binary SHA256 9e3c2fc14f63c4b4c4e9fcc33b386cd22daf8fe76ce724c5e37f07875e9a3dd9,<DecodeFinished>,
-30.0,0.5,0.25,66,2026102866,0,,,,,0.5190825839999889,0,official WSJT-X 3.0.2; binary SHA256 9e3c2fc14f63c4b4c4e9fcc33b386cd22daf8fe76ce724c5e37f07875e9a3dd9,<DecodeFinished>,
-30.0,0.5,0.25,73,2026102873,1,K1ABC FN42 33,-30,0,10.140200,0.057119004000014684,0,official WSJT-X 3.0.2; binary SHA256 9e3c2fc14f63c4b4c4e9fcc33b386cd22daf8fe76ce724c5e37f07875e9a3dd9,"0000 -30  0.1  10.140200  0  K1ABC FN42 33 
<DecodeFinished>",
-30.0,0.5,0.25,69,2026102869,0,,,,,0.5131800489998568,0,official WSJT-X 3.0.2; binary SHA256 9e3c2fc14f63c4b4c4e9fcc33b386cd22daf8fe76ce724c5e37f07875e9a3dd9,<DecodeFinished>,
-30.0,0.5,0.25,71,2026102871,0,,,,,0.5310974330000136,0,official WSJT-X 3.0.2; binary SHA256 9e3c2fc14f63c4b4c4e9fcc33b386cd22daf8fe76ce724c5e37f07875e9a3dd9,<DecodeFinished>,
-30.0,0.5,0.25,72,2026102872,0,,,,,0.5299316890000227,0,official WSJT-X 3.0.2; binary SHA256 9e3c2fc14f63c4b4c4e9fcc33b386cd22daf8fe76ce724c5e37f07875e9a3dd9,<DecodeFinished>,
-30.0,0.5,0.25,76,2026102876,1,K1ABC FN42 33,-30,0,10.140200,0.1287698799997088,0,official WSJT-X 3.0.2; binary SHA256 9e3c2fc14f63c4b4c4e9fcc33b386cd22daf8fe76ce724c5e37f07875e9a3dd9,"0000 -30 -0.1  10.140200  0  K1ABC FN42 33 
<DecodeFinished>",
-30.0,0.5,0.25,74,2026102874,1,K1ABC FN42 33,-30,0,10.140200,0.3632142169999497,0,official WSJT-X 3.0.2; binary SHA256 9e3c2fc14f63c4b4c4e9fcc33b386cd22daf8fe76ce724c5e37f07875e9a3dd9,"0000 -30  0.1  10.140200  0  K1ABC FN42 33 
<DecodeFinished>",
-30.0,0.5,0.25,78,2026102878,1,K1ABC FN42 33,-30,0,10.140200,0.06105026599971097,0,official WSJT-X 3.0.2; binary SHA256 9e3c2fc14f63c4b4c4e9fcc33b386cd22daf8fe76ce724c5e37f07875e9a3dd9,"0000 -30  0.0  10.140200  0  K1ABC FN42 33 
<DecodeFinished>",
-30.0,0.5,0.25,77,2026102877,1,K1ABC FN42 33,-30,0,10.140200,0.2695112579999659,0,official WSJT-X 3.0.2; binary SHA256 9e3c2fc14f63c4b4c4e9fcc33b386cd22daf8fe76ce724c5e37f07875e9a3dd9,"0000 -30 -0.1  10.140200  0  K1ABC FN42 33 
<DecodeFinished>",
-30.0,0.5,0.25,75,2026102875,0,,,,,0.5450356189999184,0,official WSJT-X 3.0.2; binary SHA256 9e3c2fc14f63c4b4c4e9fcc33b386cd22daf8fe76ce724c5e37f07875e9a3dd9,<DecodeFinished>,
-30.0,0.5,0.25,81,2026102881,1,K1ABC FN42 33,-30,0,10.140200,0.08560584099996049,0,official WSJT-X 3.0.2; binary SHA256 9e3c2fc14f63c4b4c4e9fcc33b386cd22daf8fe76ce724c5e37f07875e9a3dd9,"0000 -30  0.1  10.140200  0  K1ABC FN42 33 
<DecodeFinished>",
-30.0,0.5,0.25,79,2026102879,1,K1ABC FN42 33,-30,0,10.140200,0.25391238400015936,0,official WSJT-X 3.0.2; binary SHA256 9e3c2fc14f63c4b4c4e9fcc33b386cd22daf8fe76ce724c5e37f07875e9a3dd9,"0000 -30  0.0  10.140200  0  K1ABC FN42 33 
<DecodeFinished>",
-30.0,0.5,0.25,84,2026102884,1,K1ABC FN42 33,-30,0,10.140200,0.0679427489999398,0,official WSJT-X 3.0.2; binary SHA256 9e3c2fc14f63c4b4c4e9fcc33b386cd22daf8fe76ce724c5e37f07875e9a3dd9,"0000 -30 -0.1  10.140200  0  K1ABC FN42 33 
<DecodeFinished>",
-30.0,0.5,0.25,85,2026102885,1,K1ABC FN42 33,-30,0,10.140200,0.05366325099976166,0,official WSJT-X 3.0.2; binary SHA256 9e3c2fc14f63c4b4c4e9fcc33b386cd22daf8fe76ce724c5e37f07875e9a3dd9,"0000 -30 -0.1  10.140200  0  K1ABC FN42 33 
<DecodeFinished>",
-30.0,0.5,0.25,86,2026102886,0,VX3DDP QD64 30,,,,0.05000819199995021,0,official WSJT-X 3.0.2; binary SHA256 9e3c2fc14f63c4b4c4e9fcc33b386cd22daf8fe76ce724c5e37f07875e9a3dd9,"0000 -31  0.1  10.140200  0  VX3DDP QD64 30 
<DecodeFinished>",
-30.0,0.5,0.25,87,2026102887,1,K1ABC FN42 33,-30,0,10.140200,0.0729854510000223,0,official WSJT-X 3.0.2; binary SHA256 9e3c2fc14f63c4b4c4e9fcc33b386cd22daf8fe76ce724c5e37f07875e9a3dd9,"0000 -30 -0.1  10.140200  0  K1ABC FN42 33 
<DecodeFinished>",
-30.0,0.5,0.25,80,2026102880,0,,,,,0.5132947679999234,0,official WSJT-X 3.0.2; binary SHA256 9e3c2fc14f63c4b4c4e9fcc33b386cd22daf8fe76ce724c5e37f07875e9a3dd9,<DecodeFinished>,
-30.0,0.5,0.25,82,2026102882,0,,,,,0.5109151589999783,0,official WSJT-X 3.0.2; binary SHA256 9e3c2fc14f63c4b4c4e9fcc33b386cd22daf8fe76ce724c5e37f07875e9a3dd9,<DecodeFinished>,
-30.0,0.5,0.25,83,2026102883,0,,,,,0.5506571150003765,0,official WSJT-X 3.0.2; binary SHA256 9e3c2fc14f63c4b4c4e9fcc33b386cd22daf8fe76ce724c5e37f07875e9a3dd9,<DecodeFinished>,
-30.0,0.5,0.25,89,2026102889,1,K1ABC FN42 33,-30,0,10.140200,0.239979940000012,0,official WSJT-X 3.0.2; binary SHA256 9e3c2fc14f63c4b4c4e9fcc33b386cd22daf8fe76ce724c5e37f07875e9a3dd9,"0000 -30  0.0  10.140200  0  K1ABC FN42 33 
<DecodeFinished>",
-30.0,0.5,0.25,88,2026102888,0,,,,,0.5220472740002151,0,official WSJT-X 3.0.2; binary SHA256 9e3c2fc14f63c4b4c4e9fcc33b386cd22daf8fe76ce724c5e37f07875e9a3dd9,<DecodeFinished>,
-30.0,0.5,0.25,90,2026102890,0,,,,,0.5181649229998584,0,official WSJT-X 3.0.2; binary SHA256 9e3c2fc14f63c4b4c4e9fcc33b386cd22daf8fe76ce724c5e37f07875e9a3dd9,<DecodeFinished>,
-30.0,0.5,0.25,92,2026102892,0,,,,,0.5230089329998009,0,official WSJT-X 3.0.2; binary SHA256 9e3c2fc14f63c4b4c4e9fcc33b386cd22daf8fe76ce724c5e37f07875e9a3dd9,<DecodeFinished>,
-30.0,0.5,0.25,91,2026102891,0,,,,,0.5379082320000634,0,official WSJT-X 3.0.2; binary SHA256 9e3c2fc14f63c4b4c4e9fcc33b386cd22daf8fe76ce724c5e37f07875e9a3dd9,<DecodeFinished>,
-30.0,0.5,0.25,94,2026102894,1,K1ABC FN42 33,-31,0,10.140200,0.08415978900029586,0,official WSJT-X 3.0.2; binary SHA256 9e3c2fc14f63c4b4c4e9fcc33b386cd22daf8fe76ce724c5e37f07875e9a3dd9,"0000 -31  0.0  10.140200  0  K1ABC FN42 33 
<DecodeFinished>",
-30.0,0.5,0.25,96,2026102896,1,K1ABC FN42 33,-31,0,10.140200,0.09895143799985817,0,official WSJT-X 3.0.2; binary SHA256 9e3c2fc14f63c4b4c4e9fcc33b386cd22daf8fe76ce724c5e37f07875e9a3dd9,"0000 -31 -0.1  10.140200  0  K1ABC FN42 33 
<DecodeFinished>",
-30.0,0.5,0.25,93,2026102893,0,,,,,0.52429463999988,0,official WSJT-X 3.0.2; binary SHA256 9e3c2fc14f63c4b4c4e9fcc33b386cd22daf8fe76ce724c5e37f07875e9a3dd9,<DecodeFinished>,
-30.0,0.5,0.25,97,2026102897,1,K1ABC FN42 33,-31,0,10.140200,0.3066895330002808,0,official WSJT-X 3.0.2; binary SHA256 9e3c2fc14f63c4b4c4e9fcc33b386cd22daf8fe76ce724c5e37f07875e9a3dd9,"0000 -31  0.2  10.140200  0  K1ABC FN42 33 
<DecodeFinished>",
-30.0,0.5,0.25,99,2026102899,1,K1ABC FN42 33,-29,0,10.140200,0.08764198099970599,0,official WSJT-X 3.0.2; binary SHA256 9e3c2fc14f63c4b4c4e9fcc33b386cd22daf8fe76ce724c5e37f07875e9a3dd9,"0000 -29  0.1  10.140200  0  K1ABC FN42 33 
<DecodeFinished>",
-30.0,0.5,0.25,98,2026102898,1,K1ABC FN42 33,-30,0,10.140200,0.24108805900004882,0,official WSJT-X 3.0.2; binary SHA256 9e3c2fc14f63c4b4c4e9fcc33b386cd22daf8fe76ce724c5e37f07875e9a3dd9,"0000 -30  0.1  10.140200  0  K1ABC FN42 33 
<DecodeFinished>",
-30.0,0.5,0.375,2,2026102802,1,K1ABC FN42 33,-30,0,10.140200,0.09177949200011426,0,official WSJT-X 3.0.2; binary SHA256 9e3c2fc14f63c4b4c4e9fcc33b386cd22daf8fe76ce724c5e37f07875e9a3dd9,"0000 -30 -0.0  10.140200  0  K1ABC FN42 33 
<DecodeFinished>",
-30.0,0.5,0.25,95,2026102895,0,,,,,0.5256676060002974,0,official WSJT-X 3.0.2; binary SHA256 9e3c2fc14f63c4b4c4e9fcc33b386cd22daf8fe76ce724c5e37f07875e9a3dd9,<DecodeFinished>,
-30.0,0.5,0.375,4,2026102804,1,K1ABC FN42 33,-30,0,10.140200,0.05009069600009752,0,official WSJT-X 3.0.2; binary SHA256 9e3c2fc14f63c4b4c4e9fcc33b386cd22daf8fe76ce724c5e37f07875e9a3dd9,"0000 -30 -0.0  10.140200  0  K1ABC FN42 33 
<DecodeFinished>",
-30.0,0.5,0.375,5,2026102805,1,K1ABC FN42 33,-30,0,10.140200,0.06246719999990091,0,official WSJT-X 3.0.2; binary SHA256 9e3c2fc14f63c4b4c4e9fcc33b386cd22daf8fe76ce724c5e37f07875e9a3dd9,"0000 -30  0.0  10.140200  0  K1ABC FN42 33 
<DecodeFinished>",
-30.0,0.5,0.375,0,2026102800,0,,,,,0.5213527280002381,0,official WSJT-X 3.0.2; binary SHA256 9e3c2fc14f63c4b4c4e9fcc33b386cd22daf8fe76ce724c5e37f07875e9a3dd9,<DecodeFinished>,
-30.0,0.5,0.375,1,2026102801,0,,,,,0.5464637469999616,0,official WSJT-X 3.0.2; binary SHA256 9e3c2fc14f63c4b4c4e9fcc33b386cd22daf8fe76ce724c5e37f07875e9a3dd9,<DecodeFinished>,
-30.0,0.5,0.375,7,2026102807,1,K1ABC FN42 33,-30,0,10.140200,0.05366429700006847,0,official WSJT-X 3.0.2; binary SHA256 9e3c2fc14f63c4b4c4e9fcc33b386cd22daf8fe76ce724c5e37f07875e9a3dd9,"0000 -30 -0.1  10.140200  0  K1ABC FN42 33 
<DecodeFinished>",
-30.0,0.5,0.375,8,2026102808,1,K1ABC FN42 33,-29,0,10.140200,0.06000894299995707,0,official WSJT-X 3.0.2; binary SHA256 9e3c2fc14f63c4b4c4e9fcc33b386cd22daf8fe76ce724c5e37f07875e9a3dd9,"0000 -29 -0.1  10.140200  0  K1ABC FN42 33 
<DecodeFinished>",
-30.0,0.5,0.375,3,2026102803,0,,,,,0.5247652090001793,0,official WSJT-X 3.0.2; binary SHA256 9e3c2fc14f63c4b4c4e9fcc33b386cd22daf8fe76ce724c5e37f07875e9a3dd9,<DecodeFinished>,
-30.0,0.5,0.375,10,2026102810,1,K1ABC FN42 33,-30,0,10.140200,0.049678855999900406,0,official WSJT-X 3.0.2; binary SHA256 9e3c2fc14f63c4b4c4e9fcc33b386cd22daf8fe76ce724c5e37f07875e9a3dd9,"0000 -30 -0.1  10.140200  0  K1ABC FN42 33 
<DecodeFinished>",
-30.0,0.5,0.375,9,2026102809,1,K1ABC FN42 33,-30,0,10.140200,0.2451642340001854,0,official WSJT-X 3.0.2; binary SHA256 9e3c2fc14f63c4b4c4e9fcc33b386cd22daf8fe76ce724c5e37f07875e9a3dd9,"0000 -30 -0.1  10.140200  0  K1ABC FN42 33 
<DecodeFinished>",
-30.0,0.5,0.375,6,2026102806,0,,,,,0.5174651389997962,0,official WSJT-X 3.0.2; binary SHA256 9e3c2fc14f63c4b4c4e9fcc33b386cd22daf8fe76ce724c5e37f07875e9a3dd9,<DecodeFinished>,
-30.0,0.5,0.375,13,2026102813,1,K1ABC FN42 33,-30,0,10.140200,0.0541713500001606,0,official WSJT-X 3.0.2; binary SHA256 9e3c2fc14f63c4b4c4e9fcc33b386cd22daf8fe76ce724c5e37f07875e9a3dd9,"0000 -30  0.0  10.140200  0  K1ABC FN42 33 
<DecodeFinished>",
-30.0,0.5,0.375,14,2026102814,1,K1ABC FN42 33,-30,0,10.140200,0.047191296000164584,0,official WSJT-X 3.0.2; binary SHA256 9e3c2fc14f63c4b4c4e9fcc33b386cd22daf8fe76ce724c5e37f07875e9a3dd9,"0000 -30 -0.0  10.140200  0  K1ABC FN42 33 
<DecodeFinished>",
-30.0,0.5,0.375,15,2026102815,1,K1ABC FN42 33,-30,0,10.140200,0.07245501399984278,0,official WSJT-X 3.0.2; binary SHA256 9e3c2fc14f63c4b4c4e9fcc33b386cd22daf8fe76ce724c5e37f07875e9a3dd9,"0000 -30 -0.0  10.140200  0  K1ABC FN42 33 
<DecodeFinished>",
-30.0,0.5,0.375,17,2026102817,1,K1ABC FN42 33,-30,0,10.140200,0.05335847600008492,0,official WSJT-X 3.0.2; binary SHA256 9e3c2fc14f63c4b4c4e9fcc33b386cd22daf8fe76ce724c5e37f07875e9a3dd9,"0000 -30  0.1  10.140200  0  K1ABC FN42 33 
<DecodeFinished>",
-30.0,0.5,0.375,18,2026102818,1,K1ABC FN42 33,-30,0,10.140200,0.04812371099978918,0,official WSJT-X 3.0.2; binary SHA256 9e3c2fc14f63c4b4c4e9fcc33b386cd22daf8fe76ce724c5e37f07875e9a3dd9,"0000 -30  0.0  10.140200  0  K1ABC FN42 33 
<DecodeFinished>",
-30.0,0.5,0.375,11,2026102811,0,,,,,0.5286919729996953,0,official WSJT-X 3.0.2; binary SHA256 9e3c2fc14f63c4b4c4e9fcc33b386cd22daf8fe76ce724c5e37f07875e9a3dd9,<DecodeFinished>,
-30.0,0.5,0.375,12,2026102812,0,,,,,0.5236461079998662,0,official WSJT-X 3.0.2; binary SHA256 9e3c2fc14f63c4b4c4e9fcc33b386cd22daf8fe76ce724c5e37f07875e9a3dd9,<DecodeFinished>,
-30.0,0.5,0.375,20,2026102820,1,K1ABC FN42 33,-29,0,10.140200,0.05756397300001481,0,official WSJT-X 3.0.2; binary SHA256 9e3c2fc14f63c4b4c4e9fcc33b386cd22daf8fe76ce724c5e37f07875e9a3dd9,"0000 -29  0.0  10.140200  0  K1ABC FN42 33 
<DecodeFinished>",
-30.0,0.5,0.375,16,2026102816,0,,,,,0.5227487009997276,0,official WSJT-X 3.0.2; binary SHA256 9e3c2fc14f63c4b4c4e9fcc33b386cd22daf8fe76ce724c5e37f07875e9a3dd9,<DecodeFinished>,
-30.0,0.5,0.375,19,2026102819,0,,,,,0.5334711290001906,0,official WSJT-X 3.0.2; binary SHA256 9e3c2fc14f63c4b4c4e9fcc33b386cd22daf8fe76ce724c5e37f07875e9a3dd9,<DecodeFinished>,
-30.0,0.5,0.375,21,2026102821,0,,,,,0.545229160999952,0,official WSJT-X 3.0.2; binary SHA256 9e3c2fc14f63c4b4c4e9fcc33b386cd22daf8fe76ce724c5e37f07875e9a3dd9,<DecodeFinished>,
-30.0,0.5,0.375,22,2026102822,0,,,,,0.517275871000038,0,official WSJT-X 3.0.2; binary SHA256 9e3c2fc14f63c4b4c4e9fcc33b386cd22daf8fe76ce724c5e37f07875e9a3dd9,<DecodeFinished>,
-30.0,0.5,0.375,24,2026102824,1,K1ABC FN42 33,-30,0,10.140200,0.25233581200018307,0,official WSJT-X 3.0.2; binary SHA256 9e3c2fc14f63c4b4c4e9fcc33b386cd22daf8fe76ce724c5e37f07875e9a3dd9,"0000 -30  0.0  10.140200  0  K1ABC FN42 33 
<DecodeFinished>",
-30.0,0.5,0.375,23,2026102823,0,,,,,0.529326611000215,0,official WSJT-X 3.0.2; binary SHA256 9e3c2fc14f63c4b4c4e9fcc33b386cd22daf8fe76ce724c5e37f07875e9a3dd9,<DecodeFinished>,
-30.0,0.5,0.375,28,2026102828,1,K1ABC FN42 33,-29,0,10.140200,0.07050920299980135,0,official WSJT-X 3.0.2; binary SHA256 9e3c2fc14f63c4b4c4e9fcc33b386cd22daf8fe76ce724c5e37f07875e9a3dd9,"0000 -29 -0.0  10.140200  0  K1ABC FN42 33 
<DecodeFinished>",
-30.0,0.5,0.375,29,2026102829,1,K1ABC FN42 33,-30,0,10.140200,0.055569205000210786,0,official WSJT-X 3.0.2; binary SHA256 9e3c2fc14f63c4b4c4e9fcc33b386cd22daf8fe76ce724c5e37f07875e9a3dd9,"0000 -30 -0.0  10.140200  0  K1ABC FN42 33 
<DecodeFinished>",
-30.0,0.5,0.375,25,2026102825,0,,,,,0.5272268849998909,0,official WSJT-X 3.0.2; binary SHA256 9e3c2fc14f63c4b4c4e9fcc33b386cd22daf8fe76ce724c5e37f07875e9a3dd9,<DecodeFinished>,
-30.0,0.5,0.375,26,2026102826,0,,,,,0.5352936629997203,0,official WSJT-X 3.0.2; binary SHA256 9e3c2fc14f63c4b4c4e9fcc33b386cd22daf8fe76ce724c5e37f07875e9a3dd9,<DecodeFinished>,
-30.0,0.5,0.375,27,2026102827,0,,,,,0.5405732740000531,0,official WSJT-X 3.0.2; binary SHA256 9e3c2fc14f63c4b4c4e9fcc33b386cd22daf8fe76ce724c5e37f07875e9a3dd9,<DecodeFinished>,
-30.0,0.5,0.375,33,2026102833,1,K1ABC FN42 33,-30,0,10.140200,0.06573035900009927,0,official WSJT-X 3.0.2; binary SHA256 9e3c2fc14f63c4b4c4e9fcc33b386cd22daf8fe76ce724c5e37f07875e9a3dd9,"0000 -30  0.0  10.140200  0  K1ABC FN42 33 
<DecodeFinished>",
-30.0,0.5,0.375,32,2026102832,1,K1ABC FN42 33,-31,0,10.140200,0.24741793000021062,0,official WSJT-X 3.0.2; binary SHA256 9e3c2fc14f63c4b4c4e9fcc33b386cd22daf8fe76ce724c5e37f07875e9a3dd9,"0000 -31 -0.0  10.140200  0  K1ABC FN42 33 
<DecodeFinished>",
-30.0,0.5,0.375,30,2026102830,0,,,,,0.5047154700000647,0,official WSJT-X 3.0.2; binary SHA256 9e3c2fc14f63c4b4c4e9fcc33b386cd22daf8fe76ce724c5e37f07875e9a3dd9,<DecodeFinished>,
-30.0,0.5,0.375,35,2026102835,1,K1ABC FN42 33,-29,0,10.140200,0.07383880099996531,0,official WSJT-X 3.0.2; binary SHA256 9e3c2fc14f63c4b4c4e9fcc33b386cd22daf8fe76ce724c5e37f07875e9a3dd9,"0000 -29 -0.0  10.140200  0  K1ABC FN42 33 
<DecodeFinished>",
-30.0,0.5,0.375,36,2026102836,1,K1ABC FN42 33,-30,0,10.140200,0.04799606400001721,0,official WSJT-X 3.0.2; binary SHA256 9e3c2fc14f63c4b4c4e9fcc33b386cd22daf8fe76ce724c5e37f07875e9a3dd9,"0000 -30 -0.1  10.140200  0  K1ABC FN42 33 
<DecodeFinished>",
-30.0,0.5,0.375,37,2026102837,1,K1ABC FN42 33,-29,0,10.140200,0.047748060999765585,0,official WSJT-X 3.0.2; binary SHA256 9e3c2fc14f63c4b4c4e9fcc33b386cd22daf8fe76ce724c5e37f07875e9a3dd9,"0000 -29 -0.1  10.140200  0  K1ABC FN42 33 
<DecodeFinished>",
-30.0,0.5,0.375,31,2026102831,0,,,,,0.5303014890000668,0,official WSJT-X 3.0.2; binary SHA256 9e3c2fc14f63c4b4c4e9fcc33b386cd22daf8fe76ce724c5e37f07875e9a3dd9,<DecodeFinished>,
-30.0,0.5,0.375,34,2026102834,0,,,,,0.5222259189999932,0,official WSJT-X 3.0.2; binary SHA256 9e3c2fc14f63c4b4c4e9fcc33b386cd22daf8fe76ce724c5e37f07875e9a3dd9,<DecodeFinished>,
-30.0,0.5,0.375,41,2026102841,1,K1ABC FN42 33,-29,0,10.140200,0.07683613100016373,0,official WSJT-X 3.0.2; binary SHA256 9e3c2fc14f63c4b4c4e9fcc33b386cd22daf8fe76ce724c5e37f07875e9a3dd9,"0000 -29  0.0  10.140200  0  K1ABC FN42 33 
<DecodeFinished>",
-30.0,0.5,0.375,38,2026102838,0,,,,,0.5267673979997198,0,official WSJT-X 3.0.2; binary SHA256 9e3c2fc14f63c4b4c4e9fcc33b386cd22daf8fe76ce724c5e37f07875e9a3dd9,<DecodeFinished>,
-30.0,0.5,0.375,39,2026102839,0,,,,,0.5338499340000453,0,official WSJT-X 3.0.2; binary SHA256 9e3c2fc14f63c4b4c4e9fcc33b386cd22daf8fe76ce724c5e37f07875e9a3dd9,<DecodeFinished>,
-30.0,0.5,0.375,43,2026102843,1,K1ABC FN42 33,-31,0,10.140200,0.06489229499993598,0,official WSJT-X 3.0.2; binary SHA256 9e3c2fc14f63c4b4c4e9fcc33b386cd22daf8fe76ce724c5e37f07875e9a3dd9,"0000 -31  0.1  10.140200  0  K1ABC FN42 33 
<DecodeFinished>",
-30.0,0.5,0.375,44,2026102844,1,K1ABC FN42 33,-29,0,10.140200,0.050362831999791524,0,official WSJT-X 3.0.2; binary SHA256 9e3c2fc14f63c4b4c4e9fcc33b386cd22daf8fe76ce724c5e37f07875e9a3dd9,"0000 -29  0.1  10.140200  0  K1ABC FN42 33 
<DecodeFinished>",
-30.0,0.5,0.375,40,2026102840,0,,,,,0.5390868990002673,0,official WSJT-X 3.0.2; binary SHA256 9e3c2fc14f63c4b4c4e9fcc33b386cd22daf8fe76ce724c5e37f07875e9a3dd9,<DecodeFinished>,
-30.0,0.5,0.375,42,2026102842,0,,,,,0.5228896889998396,0,official WSJT-X 3.0.2; binary SHA256 9e3c2fc14f63c4b4c4e9fcc33b386cd22daf8fe76ce724c5e37f07875e9a3dd9,<DecodeFinished>,
-30.0,0.5,0.375,45,2026102845,0,,,,,0.5447800679999091,0,official WSJT-X 3.0.2; binary SHA256 9e3c2fc14f63c4b4c4e9fcc33b386cd22daf8fe76ce724c5e37f07875e9a3dd9,<DecodeFinished>,
-30.0,0.5,0.375,46,2026102846,0,,,,,0.5327935310001521,0,official WSJT-X 3.0.2; binary SHA256 9e3c2fc14f63c4b4c4e9fcc33b386cd22daf8fe76ce724c5e37f07875e9a3dd9,<DecodeFinished>,
-30.0,0.5,0.375,50,2026102850,1,K1ABC FN42 33,-30,0,10.140200,0.05779539400009526,0,official WSJT-X 3.0.2; binary SHA256 9e3c2fc14f63c4b4c4e9fcc33b386cd22daf8fe76ce724c5e37f07875e9a3dd9,"0000 -30  0.0  10.140200  0  K1ABC FN42 33 
<DecodeFinished>",
-30.0,0.5,0.375,47,2026102847,0,,,,,0.5420532379998804,0,official WSJT-X 3.0.2; binary SHA256 9e3c2fc14f63c4b4c4e9fcc33b386cd22daf8fe76ce724c5e37f07875e9a3dd9,<DecodeFinished>,
-30.0,0.5,0.375,48,2026102848,0,,,,,0.5369023100001868,0,official WSJT-X 3.0.2; binary SHA256 9e3c2fc14f63c4b4c4e9fcc33b386cd22daf8fe76ce724c5e37f07875e9a3dd9,<DecodeFinished>,
-30.0,0.5,0.375,49,2026102849,0,,,,,0.5337594749998971,0,official WSJT-X 3.0.2; binary SHA256 9e3c2fc14f63c4b4c4e9fcc33b386cd22daf8fe76ce724c5e37f07875e9a3dd9,<DecodeFinished>,
-30.0,0.5,0.375,51,2026102851,0,,,,,0.5211383860000751,0,official WSJT-X 3.0.2; binary SHA256 9e3c2fc14f63c4b4c4e9fcc33b386cd22daf8fe76ce724c5e37f07875e9a3dd9,<DecodeFinished>,
-30.0,0.5,0.375,52,2026102852,0,,,,,0.5162850669998988,0,official WSJT-X 3.0.2; binary SHA256 9e3c2fc14f63c4b4c4e9fcc33b386cd22daf8fe76ce724c5e37f07875e9a3dd9,<DecodeFinished>,
-30.0,0.5,0.375,56,2026102856,1,K1ABC FN42 33,-30,0,10.140200,0.06637778100002834,0,official WSJT-X 3.0.2; binary SHA256 9e3c2fc14f63c4b4c4e9fcc33b386cd22daf8fe76ce724c5e37f07875e9a3dd9,"0000 -30 -0.0  10.140200  0  K1ABC FN42 33 
<DecodeFinished>",
-30.0,0.5,0.375,55,2026102855,1,K1ABC FN42 33,-31,0,10.140200,0.2670306179998079,0,official WSJT-X 3.0.2; binary SHA256 9e3c2fc14f63c4b4c4e9fcc33b386cd22daf8fe76ce724c5e37f07875e9a3dd9,"0000 -31 -0.1  10.140200  0  K1ABC FN42 33 
<DecodeFinished>",
-30.0,0.5,0.375,53,2026102853,0,,,,,0.5133527230000254,0,official WSJT-X 3.0.2; binary SHA256 9e3c2fc14f63c4b4c4e9fcc33b386cd22daf8fe76ce724c5e37f07875e9a3dd9,<DecodeFinished>,
-30.0,0.5,0.375,54,2026102854,0,,,,,0.5009765569998308,0,official WSJT-X 3.0.2; binary SHA256 9e3c2fc14f63c4b4c4e9fcc33b386cd22daf8fe76ce724c5e37f07875e9a3dd9,<DecodeFinished>,
-30.0,0.5,0.375,57,2026102857,0,,,,,0.5138276389998282,0,official WSJT-X 3.0.2; binary SHA256 9e3c2fc14f63c4b4c4e9fcc33b386cd22daf8fe76ce724c5e37f07875e9a3dd9,<DecodeFinished>,
-30.0,0.5,0.375,59,2026102859,0,,,,,0.5037870199998906,0,official WSJT-X 3.0.2; binary SHA256 9e3c2fc14f63c4b4c4e9fcc33b386cd22daf8fe76ce724c5e37f07875e9a3dd9,<DecodeFinished>,
-30.0,0.5,0.375,58,2026102858,0,,,,,0.5056544359999862,0,official WSJT-X 3.0.2; binary SHA256 9e3c2fc14f63c4b4c4e9fcc33b386cd22daf8fe76ce724c5e37f07875e9a3dd9,<DecodeFinished>,
-30.0,0.5,0.375,62,2026102862,1,K1ABC FN42 33,-30,0,10.140200,0.08382065200021316,0,official WSJT-X 3.0.2; binary SHA256 9e3c2fc14f63c4b4c4e9fcc33b386cd22daf8fe76ce724c5e37f07875e9a3dd9,"0000 -30 -0.1  10.140200  0  K1ABC FN42 33 
<DecodeFinished>",
-30.0,0.5,0.375,61,2026102861,1,K1ABC FN42 33,-30,0,10.140200,0.2678415860000314,0,official WSJT-X 3.0.2; binary SHA256 9e3c2fc14f63c4b4c4e9fcc33b386cd22daf8fe76ce724c5e37f07875e9a3dd9,"0000 -30  0.0  10.140200  0  K1ABC FN42 33 
<DecodeFinished>",
-30.0,0.5,0.375,60,2026102860,0,,,,,0.515806246000011,0,official WSJT-X 3.0.2; binary SHA256 9e3c2fc14f63c4b4c4e9fcc33b386cd22daf8fe76ce724c5e37f07875e9a3dd9,<DecodeFinished>,
-30.0,0.5,0.375,64,2026102864,1,K1ABC FN42 33,-30,0,10.140200,0.10881121200009147,0,official WSJT-X 3.0.2; binary SHA256 9e3c2fc14f63c4b4c4e9fcc33b386cd22daf8fe76ce724c5e37f07875e9a3dd9,"0000 -30 -0.1  10.140200  0  K1ABC FN42 33 
<DecodeFinished>",
-30.0,0.5,0.375,66,2026102866,1,K1ABC FN42 33,-29,0,10.140200,0.05992753399959838,0,official WSJT-X 3.0.2; binary SHA256 9e3c2fc14f63c4b4c4e9fcc33b386cd22daf8fe76ce724c5e37f07875e9a3dd9,"0000 -29  0.0  10.140200  0  K1ABC FN42 33 
<DecodeFinished>",
-30.0,0.5,0.375,68,2026102868,1,K1ABC FN42 33,-30,0,10.140200,0.19404111199992258,0,official WSJT-X 3.0.2; binary SHA256 9e3c2fc14f63c4b4c4e9fcc33b386cd22daf8fe76ce724c5e37f07875e9a3dd9,"0000 -30 -0.0  10.140200  0  K1ABC FN42 33 
<DecodeFinished>",
-30.0,0.5,0.375,63,2026102863,0,,,,,0.5218596529998649,0,official WSJT-X 3.0.2; binary SHA256 9e3c2fc14f63c4b4c4e9fcc33b386cd22daf8fe76ce724c5e37f07875e9a3dd9,<DecodeFinished>,
-30.0,0.5,0.375,65,2026102865,0,,,,,0.5209977819999949,0,official WSJT-X 3.0.2; binary SHA256 9e3c2fc14f63c4b4c4e9fcc33b386cd22daf8fe76ce724c5e37f07875e9a3dd9,<DecodeFinished>,
-30.0,0.5,0.375,67,2026102867,0,,,,,0.5139730109999618,0,official WSJT-X 3.0.2; binary SHA256 9e3c2fc14f63c4b4c4e9fcc33b386cd22daf8fe76ce724c5e37f07875e9a3dd9,<DecodeFinished>,
-30.0,0.5,0.375,69,2026102869,0,,,,,0.5189768359996378,0,official WSJT-X 3.0.2; binary SHA256 9e3c2fc14f63c4b4c4e9fcc33b386cd22daf8fe76ce724c5e37f07875e9a3dd9,<DecodeFinished>,
-30.0,0.5,0.375,70,2026102870,0,,,,,0.5121064889999616,0,official WSJT-X 3.0.2; binary SHA256 9e3c2fc14f63c4b4c4e9fcc33b386cd22daf8fe76ce724c5e37f07875e9a3dd9,<DecodeFinished>,
-30.0,0.5,0.375,73,2026102873,1,K1ABC FN42 33,-30,0,10.140200,0.09263737599985689,0,official WSJT-X 3.0.2; binary SHA256 9e3c2fc14f63c4b4c4e9fcc33b386cd22daf8fe76ce724c5e37f07875e9a3dd9,"0000 -30  0.1  10.140200  0  K1ABC FN42 33 
<DecodeFinished>",
-30.0,0.5,0.375,75,2026102875,1,K1ABC FN42 33,-29,0,10.140200,0.08141914199995881,0,official WSJT-X 3.0.2; binary SHA256 9e3c2fc14f63c4b4c4e9fcc33b386cd22daf8fe76ce724c5e37f07875e9a3dd9,"0000 -29  0.1  10.140200  0  K1ABC FN42 33 
<DecodeFinished>",
-30.0,0.5,0.375,71,2026102871,0,,,,,0.5322191410000414,0,official WSJT-X 3.0.2; binary SHA256 9e3c2fc14f63c4b4c4e9fcc33b386cd22daf8fe76ce724c5e37f07875e9a3dd9,<DecodeFinished>,
-30.0,0.5,0.375,72,2026102872,0,,,,,0.5176787130003504,0,official WSJT-X 3.0.2; binary SHA256 9e3c2fc14f63c4b4c4e9fcc33b386cd22daf8fe76ce724c5e37f07875e9a3dd9,<DecodeFinished>,
-30.0,0.5,0.375,77,2026102877,1,K1ABC FN42 33,-30,0,10.140200,0.26033058099983464,0,official WSJT-X 3.0.2; binary SHA256 9e3c2fc14f63c4b4c4e9fcc33b386cd22daf8fe76ce724c5e37f07875e9a3dd9,"0000 -30 -0.1  10.140200  0  K1ABC FN42 33 
<DecodeFinished>",
-30.0,0.5,0.375,78,2026102878,1,K1ABC FN42 33,-31,0,10.140200,0.24484152200011522,0,official WSJT-X 3.0.2; binary SHA256 9e3c2fc14f63c4b4c4e9fcc33b386cd22daf8fe76ce724c5e37f07875e9a3dd9,"0000 -31  0.0  10.140200  0  K1ABC FN42 33 
<DecodeFinished>",
-30.0,0.5,0.375,74,2026102874,0,,,,,0.5263947339999504,0,official WSJT-X 3.0.2; binary SHA256 9e3c2fc14f63c4b4c4e9fcc33b386cd22daf8fe76ce724c5e37f07875e9a3dd9,<DecodeFinished>,
-30.0,0.5,0.375,76,2026102876,0,,,,,0.5311811920000764,0,official WSJT-X 3.0.2; binary SHA256 9e3c2fc14f63c4b4c4e9fcc33b386cd22daf8fe76ce724c5e37f07875e9a3dd9,<DecodeFinished>,
-30.0,0.5,0.375,80,2026102880,1,K1ABC FN42 33,-29,0,10.140200,0.300669385999754,0,official WSJT-X 3.0.2; binary SHA256 9e3c2fc14f63c4b4c4e9fcc33b386cd22daf8fe76ce724c5e37f07875e9a3dd9,"0000 -29  0.1  10.140200  0  K1ABC FN42 33 
<DecodeFinished>",
-30.0,0.5,0.375,79,2026102879,0,,,,,0.5178927179999846,0,official WSJT-X 3.0.2; binary SHA256 9e3c2fc14f63c4b4c4e9fcc33b386cd22daf8fe76ce724c5e37f07875e9a3dd9,<DecodeFinished>,
-30.0,0.5,0.375,81,2026102881,0,,,,,0.5178701930003626,0,official WSJT-X 3.0.2; binary SHA256 9e3c2fc14f63c4b4c4e9fcc33b386cd22daf8fe76ce724c5e37f07875e9a3dd9,<DecodeFinished>,
-30.0,0.5,0.375,85,2026102885,1,K1ABC FN42 33,-30,0,10.140200,0.06178782400002092,0,official WSJT-X 3.0.2; binary SHA256 9e3c2fc14f63c4b4c4e9fcc33b386cd22daf8fe76ce724c5e37f07875e9a3dd9,"0000 -30 -0.1  10.140200  0  K1ABC FN42 33 
<DecodeFinished>",
-30.0,0.5,0.375,82,2026102882,0,,,,,0.5113185610002802,0,official WSJT-X 3.0.2; binary SHA256 9e3c2fc14f63c4b4c4e9fcc33b386cd22daf8fe76ce724c5e37f07875e9a3dd9,<DecodeFinished>,
-30.0,0.5,0.375,87,2026102887,1,K1ABC FN42 33,-30,0,10.140200,0.05724620699993466,0,official WSJT-X 3.0.2; binary SHA256 9e3c2fc14f63c4b4c4e9fcc33b386cd22daf8fe76ce724c5e37f07875e9a3dd9,"0000 -30 -0.1  10.140200  0  K1ABC FN42 33 
<DecodeFinished>",
-30.0,0.5,0.375,83,2026102883,0,,,,,0.5315903529999559,0,official WSJT-X 3.0.2; binary SHA256 9e3c2fc14f63c4b4c4e9fcc33b386cd22daf8fe76ce724c5e37f07875e9a3dd9,<DecodeFinished>,
-30.0,0.5,0.375,89,2026102889,1,K1ABC FN42 33,-29,0,10.140200,0.11953460499989887,0,official WSJT-X 3.0.2; binary SHA256 9e3c2fc14f63c4b4c4e9fcc33b386cd22daf8fe76ce724c5e37f07875e9a3dd9,"0000 -29  0.1  10.140200  0  K1ABC FN42 33 
<DecodeFinished>",
-30.0,0.5,0.375,84,2026102884,0,,,,,0.5171735400003854,0,official WSJT-X 3.0.2; binary SHA256 9e3c2fc14f63c4b4c4e9fcc33b386cd22daf8fe76ce724c5e37f07875e9a3dd9,<DecodeFinished>,
-30.0,0.5,0.375,86,2026102886,0,,,,,0.5030800250001448,0,official WSJT-X 3.0.2; binary SHA256 9e3c2fc14f63c4b4c4e9fcc33b386cd22daf8fe76ce724c5e37f07875e9a3dd9,<DecodeFinished>,
-30.0,0.5,0.375,88,2026102888,0,,,,,0.5009899759998007,0,official WSJT-X 3.0.2; binary SHA256 9e3c2fc14f63c4b4c4e9fcc33b386cd22daf8fe76ce724c5e37f07875e9a3dd9,<DecodeFinished>,
-30.0,0.5,0.375,90,2026102890,0,,,,,0.49965481899971564,0,official WSJT-X 3.0.2; binary SHA256 9e3c2fc14f63c4b4c4e9fcc33b386cd22daf8fe76ce724c5e37f07875e9a3dd9,<DecodeFinished>,
-30.0,0.5,0.375,91,2026102891,0,,,,,0.5035379589999138,0,official WSJT-X 3.0.2; binary SHA256 9e3c2fc14f63c4b4c4e9fcc33b386cd22daf8fe76ce724c5e37f07875e9a3dd9,<DecodeFinished>,
-30.0,0.5,0.375,93,2026102893,1,K1ABC FN42 33,-30,0,10.140200,0.24330775299995366,0,official WSJT-X 3.0.2; binary SHA256 9e3c2fc14f63c4b4c4e9fcc33b386cd22daf8fe76ce724c5e37f07875e9a3dd9,"0000 -30 -0.0  10.140200  0  K1ABC FN42 33 
<DecodeFinished>",
-30.0,0.5,0.375,96,2026102896,1,K1ABC FN42 33,-31,0,10.140200,0.08331517399983568,0,official WSJT-X 3.0.2; binary SHA256 9e3c2fc14f63c4b4c4e9fcc33b386cd22daf8fe76ce724c5e37f07875e9a3dd9,"0000 -31 -0.1  10.140200  0  K1ABC FN42 33 
<DecodeFinished>",
-30.0,0.5,0.375,92,2026102892,0,,,,,0.5111760119998507,0,official WSJT-X 3.0.2; binary SHA256 9e3c2fc14f63c4b4c4e9fcc33b386cd22daf8fe76ce724c5e37f07875e9a3dd9,<DecodeFinished>,
-30.0,0.5,0.375,97,2026102897,1,K1ABC FN42 33,-30,0,10.140200,0.27347738099979324,0,official WSJT-X 3.0.2; binary SHA256 9e3c2fc14f63c4b4c4e9fcc33b386cd22daf8fe76ce724c5e37f07875e9a3dd9,"0000 -30 -0.1  10.140200  0  K1ABC FN42 33 
<DecodeFinished>",
-30.0,0.5,0.375,94,2026102894,0,,,,,0.501521552000213,0,official WSJT-X 3.0.2; binary SHA256 9e3c2fc14f63c4b4c4e9fcc33b386cd22daf8fe76ce724c5e37f07875e9a3dd9,<DecodeFinished>,
-30.0,0.5,0.375,95,2026102895,0,,,,,0.5054149560000951,0,official WSJT-X 3.0.2; binary SHA256 9e3c2fc14f63c4b4c4e9fcc33b386cd22daf8fe76ce724c5e37f07875e9a3dd9,<DecodeFinished>,
-30.0,0.5,0.375,98,2026102898,0,,,,,0.5132717379997302,0,official WSJT-X 3.0.2; binary SHA256 9e3c2fc14f63c4b4c4e9fcc33b386cd22daf8fe76ce724c5e37f07875e9a3dd9,<DecodeFinished>,
-30.0,0.5,0.5,2,2026102802,1,K1ABC FN42 33,-30,0,10.140200,0.0655320840000968,0,official WSJT-X 3.0.2; binary SHA256 9e3c2fc14f63c4b4c4e9fcc33b386cd22daf8fe76ce724c5e37f07875e9a3dd9,"0000 -30 -0.0  10.140200  0  K1ABC FN42 33 
<DecodeFinished>",
-30.0,0.5,0.5,3,2026102803,1,K1ABC FN42 33,-29,0,10.140200,0.06148657399990043,0,official WSJT-X 3.0.2; binary SHA256 9e3c2fc14f63c4b4c4e9fcc33b386cd22daf8fe76ce724c5e37f07875e9a3dd9,"0000 -29  0.0  10.140200  0  K1ABC FN42 33 
<DecodeFinished>",
-30.0,0.5,0.375,99,2026102899,0,,,,,0.5201702929998646,0,official WSJT-X 3.0.2; binary SHA256 9e3c2fc14f63c4b4c4e9fcc33b386cd22daf8fe76ce724c5e37f07875e9a3dd9,<DecodeFinished>,
-30.0,0.5,0.5,0,2026102800,0,,,,,0.5002111020003213,0,official WSJT-X 3.0.2; binary SHA256 9e3c2fc14f63c4b4c4e9fcc33b386cd22daf8fe76ce724c5e37f07875e9a3dd9,<DecodeFinished>,
-30.0,0.5,0.5,1,2026102801,0,,,,,0.5150741460001882,0,official WSJT-X 3.0.2; binary SHA256 9e3c2fc14f63c4b4c4e9fcc33b386cd22daf8fe76ce724c5e37f07875e9a3dd9,<DecodeFinished>,
-30.0,0.5,0.5,4,2026102804,1,K1ABC FN42 33,-30,0,10.140200,0.24973908700030734,0,official WSJT-X 3.0.2; binary SHA256 9e3c2fc14f63c4b4c4e9fcc33b386cd22daf8fe76ce724c5e37f07875e9a3dd9,"0000 -30 -0.1  10.140200  0  K1ABC FN42 33 
<DecodeFinished>",
-30.0,0.5,0.5,7,2026102807,1,K1ABC FN42 33,-30,0,10.140200,0.06743351100021755,0,official WSJT-X 3.0.2; binary SHA256 9e3c2fc14f63c4b4c4e9fcc33b386cd22daf8fe76ce724c5e37f07875e9a3dd9,"0000 -30 -0.1  10.140200  0  K1ABC FN42 33 
<DecodeFinished>",
-30.0,0.5,0.5,5,2026102805,0,,,,,0.5183051899998645,0,official WSJT-X 3.0.2; binary SHA256 9e3c2fc14f63c4b4c4e9fcc33b386cd22daf8fe76ce724c5e37f07875e9a3dd9,<DecodeFinished>,
-30.0,0.5,0.5,10,2026102810,1,K1ABC FN42 33,-30,0,10.140200,0.051730482000039046,0,official WSJT-X 3.0.2; binary SHA256 9e3c2fc14f63c4b4c4e9fcc33b386cd22daf8fe76ce724c5e37f07875e9a3dd9,"0000 -30 -0.1  10.140200  0  K1ABC FN42 33 
<DecodeFinished>",
-30.0,0.5,0.5,6,2026102806,0,,,,,0.5185950760001106,0,official WSJT-X 3.0.2; binary SHA256 9e3c2fc14f63c4b4c4e9fcc33b386cd22daf8fe76ce724c5e37f07875e9a3dd9,<DecodeFinished>,
-30.0,0.5,0.5,8,2026102808,0,,,,,0.42238181599987,0,official WSJT-X 3.0.2; binary SHA256 9e3c2fc14f63c4b4c4e9fcc33b386cd22daf8fe76ce724c5e37f07875e9a3dd9,<DecodeFinished>,
-30.0,0.5,0.5,13,2026102813,1,K1ABC FN42 33,-30,0,10.140200,0.05288625999992291,0,official WSJT-X 3.0.2; binary SHA256 9e3c2fc14f63c4b4c4e9fcc33b386cd22daf8fe76ce724c5e37f07875e9a3dd9,"0000 -30  0.0  10.140200  0  K1ABC FN42 33 
<DecodeFinished>",
-30.0,0.5,0.5,9,2026102809,0,,,,,0.5033037700000023,0,official WSJT-X 3.0.2; binary SHA256 9e3c2fc14f63c4b4c4e9fcc33b386cd22daf8fe76ce724c5e37f07875e9a3dd9,<DecodeFinished>,
-30.0,0.5,0.5,14,2026102814,1,K1ABC FN42 33,-30,0,10.140200,0.0848948949997066,0,official WSJT-X 3.0.2; binary SHA256 9e3c2fc14f63c4b4c4e9fcc33b386cd22daf8fe76ce724c5e37f07875e9a3dd9,"0000 -30  0.0  10.140200  0  K1ABC FN42 33 
<DecodeFinished>",
-30.0,0.5,0.5,12,2026102812,1,K1ABC FN42 33,-30,0,10.140200,0.239979578999737,0,official WSJT-X 3.0.2; binary SHA256 9e3c2fc14f63c4b4c4e9fcc33b386cd22daf8fe76ce724c5e37f07875e9a3dd9,"0000 -30 -0.0  10.140200  0  K1ABC FN42 33 
<DecodeFinished>",
-30.0,0.5,0.5,17,2026102817,1,K1ABC FN42 33,-31,0,10.140200,0.2085997120002503,0,official WSJT-X 3.0.2; binary SHA256 9e3c2fc14f63c4b4c4e9fcc33b386cd22daf8fe76ce724c5e37f07875e9a3dd9,"0000 -31  0.1  10.140200  0  K1ABC FN42 33 
<DecodeFinished>",
-30.0,0.5,0.5,11,2026102811,0,,,,,0.5118492100000367,0,official WSJT-X 3.0.2; binary SHA256 9e3c2fc14f63c4b4c4e9fcc33b386cd22daf8fe76ce724c5e37f07875e9a3dd9,<DecodeFinished>,
-30.0,0.5,0.5,15,2026102815,0,,,,,0.5297653069997068,0,official WSJT-X 3.0.2; binary SHA256 9e3c2fc14f63c4b4c4e9fcc33b386cd22daf8fe76ce724c5e37f07875e9a3dd9,<DecodeFinished>,
-30.0,0.5,0.5,16,2026102816,0,,,,,0.5348720229999344,0,official WSJT-X 3.0.2; binary SHA256 9e3c2fc14f63c4b4c4e9fcc33b386cd22daf8fe76ce724c5e37f07875e9a3dd9,<DecodeFinished>,
-30.0,0.5,0.5,18,2026102818,0,,,,,0.5274632669998027,0,official WSJT-X 3.0.2; binary SHA256 9e3c2fc14f63c4b4c4e9fcc33b386cd22daf8fe76ce724c5e37f07875e9a3dd9,<DecodeFinished>,
-30.0,0.5,0.5,19,2026102819,0,,,,,0.5310893549999491,0,official WSJT-X 3.0.2; binary SHA256 9e3c2fc14f63c4b4c4e9fcc33b386cd22daf8fe76ce724c5e37f07875e9a3dd9,<DecodeFinished>,
-30.0,0.5,0.5,20,2026102820,0,,,,,0.5372591370000919,0,official WSJT-X 3.0.2; binary SHA256 9e3c2fc14f63c4b4c4e9fcc33b386cd22daf8fe76ce724c5e37f07875e9a3dd9,<DecodeFinished>,
-30.0,0.5,0.5,21,2026102821,0,,,,,0.5430937820001418,0,official WSJT-X 3.0.2; binary SHA256 9e3c2fc14f63c4b4c4e9fcc33b386cd22daf8fe76ce724c5e37f07875e9a3dd9,<DecodeFinished>,
-30.0,0.5,0.5,24,2026102824,1,K1ABC FN42 33,-30,0,10.140200,0.06958155500024077,0,official WSJT-X 3.0.2; binary SHA256 9e3c2fc14f63c4b4c4e9fcc33b386cd22daf8fe76ce724c5e37f07875e9a3dd9,"0000 -30  0.1  10.140200  0  K1ABC FN42 33 
<DecodeFinished>",
-30.0,0.5,0.5,22,2026102822,0,,,,,0.5340962919999583,0,official WSJT-X 3.0.2; binary SHA256 9e3c2fc14f63c4b4c4e9fcc33b386cd22daf8fe76ce724c5e37f07875e9a3dd9,<DecodeFinished>,
-30.0,0.5,0.5,23,2026102823,0,,,,,0.5354469180001615,0,official WSJT-X 3.0.2; binary SHA256 9e3c2fc14f63c4b4c4e9fcc33b386cd22daf8fe76ce724c5e37f07875e9a3dd9,<DecodeFinished>,
-30.0,0.5,0.5,26,2026102826,0,,,,,0.5301218499998868,0,official WSJT-X 3.0.2; binary SHA256 9e3c2fc14f63c4b4c4e9fcc33b386cd22daf8fe76ce724c5e37f07875e9a3dd9,<DecodeFinished>,
-30.0,0.5,0.5,25,2026102825,0,,,,,0.5405891850000444,0,official WSJT-X 3.0.2; binary SHA256 9e3c2fc14f63c4b4c4e9fcc33b386cd22daf8fe76ce724c5e37f07875e9a3dd9,<DecodeFinished>,
-30.0,0.5,0.5,27,2026102827,0,,,,,0.5188106270002208,0,official WSJT-X 3.0.2; binary SHA256 9e3c2fc14f63c4b4c4e9fcc33b386cd22daf8fe76ce724c5e37f07875e9a3dd9,<DecodeFinished>,
-30.0,0.5,0.5,28,2026102828,0,,,,,0.5122905339999306,0,official WSJT-X 3.0.2; binary SHA256 9e3c2fc14f63c4b4c4e9fcc33b386cd22daf8fe76ce724c5e37f07875e9a3dd9,<DecodeFinished>,
-30.0,0.5,0.5,29,2026102829,0,,,,,0.43074946900014766,0,official WSJT-X 3.0.2; binary SHA256 9e3c2fc14f63c4b4c4e9fcc33b386cd22daf8fe76ce724c5e37f07875e9a3dd9,<DecodeFinished>,
-30.0,0.5,0.5,33,2026102833,1,K1ABC FN42 33,-31,0,10.140200,0.054618392000065796,0,official WSJT-X 3.0.2; binary SHA256 9e3c2fc14f63c4b4c4e9fcc33b386cd22daf8fe76ce724c5e37f07875e9a3dd9,"0000 -31  0.0  10.140200  0  K1ABC FN42 33 
<DecodeFinished>",
-30.0,0.5,0.5,30,2026102830,0,,,,,0.5340831170001366,0,official WSJT-X 3.0.2; binary SHA256 9e3c2fc14f63c4b4c4e9fcc33b386cd22daf8fe76ce724c5e37f07875e9a3dd9,<DecodeFinished>,
-30.0,0.5,0.5,31,2026102831,0,,,,,0.5422298690000389,0,official WSJT-X 3.0.2; binary SHA256 9e3c2fc14f63c4b4c4e9fcc33b386cd22daf8fe76ce724c5e37f07875e9a3dd9,<DecodeFinished>,
-30.0,0.5,0.5,32,2026102832,0,,,,,0.5594158330000027,0,official WSJT-X 3.0.2; binary SHA256 9e3c2fc14f63c4b4c4e9fcc33b386cd22daf8fe76ce724c5e37f07875e9a3dd9,<DecodeFinished>,
-30.0,0.5,0.5,37,2026102837,1,K1ABC FN42 33,-30,0,10.140200,0.05892536700002893,0,official WSJT-X 3.0.2; binary SHA256 9e3c2fc14f63c4b4c4e9fcc33b386cd22daf8fe76ce724c5e37f07875e9a3dd9,"0000 -30  0.1  10.140200  0  K1ABC FN42 33 
<DecodeFinished>",
-30.0,0.5,0.5,34,2026102834,0,,,,,0.506213631999799,0,official WSJT-X 3.0.2; binary SHA256 9e3c2fc14f63c4b4c4e9fcc33b386cd22daf8fe76ce724c5e37f07875e9a3dd9,<DecodeFinished>,
-30.0,0.5,0.5,35,2026102835,0,,,,,0.5144713810000212,0,official WSJT-X 3.0.2; binary SHA256 9e3c2fc14f63c4b4c4e9fcc33b386cd22daf8fe76ce724c5e37f07875e9a3dd9,<DecodeFinished>,
-30.0,0.5,0.5,36,2026102836,0,,,,,0.5014456349999818,0,official WSJT-X 3.0.2; binary SHA256 9e3c2fc14f63c4b4c4e9fcc33b386cd22daf8fe76ce724c5e37f07875e9a3dd9,<DecodeFinished>,
-30.0,0.5,0.5,38,2026102838,0,,,,,0.5223387280002498,0,official WSJT-X 3.0.2; binary SHA256 9e3c2fc14f63c4b4c4e9fcc33b386cd22daf8fe76ce724c5e37f07875e9a3dd9,<DecodeFinished>,
-30.0,0.5,0.5,42,2026102842,1,K1ABC FN42 33,-29,0,10.140200,0.05486977099963042,0,official WSJT-X 3.0.2; binary SHA256 9e3c2fc14f63c4b4c4e9fcc33b386cd22daf8fe76ce724c5e37f07875e9a3dd9,"0000 -29  0.0  10.140200  0  K1ABC FN42 33 
<DecodeFinished>",
-30.0,0.5,0.5,39,2026102839,0,,,,,0.5123564130003615,0,official WSJT-X 3.0.2; binary SHA256 9e3c2fc14f63c4b4c4e9fcc33b386cd22daf8fe76ce724c5e37f07875e9a3dd9,<DecodeFinished>,
-30.0,0.5,0.5,43,2026102843,1,K1ABC FN42 33,-31,0,10.140200,0.04532830700009072,0,official WSJT-X 3.0.2; binary SHA256 9e3c2fc14f63c4b4c4e9fcc33b386cd22daf8fe76ce724c5e37f07875e9a3dd9,"0000 -31 -0.1  10.140200  0  K1ABC FN42 33 
<DecodeFinished>",
-30.0,0.5,0.5,40,2026102840,0,,,,,0.5269495470001857,0,official WSJT-X 3.0.2; binary SHA256 9e3c2fc14f63c4b4c4e9fcc33b386cd22daf8fe76ce724c5e37f07875e9a3dd9,<DecodeFinished>,
-30.0,0.5,0.5,45,2026102845,1,K1ABC FN42 33,-29,0,10.140200,0.13151311199999327,0,official WSJT-X 3.0.2; binary SHA256 9e3c2fc14f63c4b4c4e9fcc33b386cd22daf8fe76ce724c5e37f07875e9a3dd9,"0000 -29  0.2  10.140200  0  K1ABC FN42 33 
<DecodeFinished>",
-30.0,0.5,0.5,41,2026102841,0,,,,,0.5290422650000437,0,official WSJT-X 3.0.2; binary SHA256 9e3c2fc14f63c4b4c4e9fcc33b386cd22daf8fe76ce724c5e37f07875e9a3dd9,<DecodeFinished>,
-30.0,0.5,0.5,44,2026102844,0,,,,,0.502322169999843,0,official WSJT-X 3.0.2; binary SHA256 9e3c2fc14f63c4b4c4e9fcc33b386cd22daf8fe76ce724c5e37f07875e9a3dd9,<DecodeFinished>,
-30.0,0.5,0.5,46,2026102846,0,,,,,0.5292367719998765,0,official WSJT-X 3.0.2; binary SHA256 9e3c2fc14f63c4b4c4e9fcc33b386cd22daf8fe76ce724c5e37f07875e9a3dd9,<DecodeFinished>,
-30.0,0.5,0.5,50,2026102850,1,K1ABC FN42 33,-30,0,10.140200,0.06230576499956442,0,official WSJT-X 3.0.2; binary SHA256 9e3c2fc14f63c4b4c4e9fcc33b386cd22daf8fe76ce724c5e37f07875e9a3dd9,"0000 -30  0.0  10.140200  0  K1ABC FN42 33 
<DecodeFinished>",
-30.0,0.5,0.5,47,2026102847,0,,,,,0.5257606130003296,0,official WSJT-X 3.0.2; binary SHA256 9e3c2fc14f63c4b4c4e9fcc33b386cd22daf8fe76ce724c5e37f07875e9a3dd9,<DecodeFinished>,
-30.0,0.5,0.5,51,2026102851,1,K1ABC FN42 33,-30,0,10.140200,0.08954185800030245,0,official WSJT-X 3.0.2; binary SHA256 9e3c2fc14f63c4b4c4e9fcc33b386cd22daf8fe76ce724c5e37f07875e9a3dd9,"0000 -30  0.0  10.140200  0  K1ABC FN42 33 
<DecodeFinished>",
-30.0,0.5,0.5,48,2026102848,0,,,,,0.5282636550000461,0,official WSJT-X 3.0.2; binary SHA256 9e3c2fc14f63c4b4c4e9fcc33b386cd22daf8fe76ce724c5e37f07875e9a3dd9,<DecodeFinished>,
-30.0,0.5,0.5,54,2026102854,1,K1ABC FN42 33,-30,0,10.140200,0.07893741399993814,0,official WSJT-X 3.0.2; binary SHA256 9e3c2fc14f63c4b4c4e9fcc33b386cd22daf8fe76ce724c5e37f07875e9a3dd9,"0000 -30 -0.0  10.140200  0  K1ABC FN42 33 
<DecodeFinished>",
-30.0,0.5,0.5,49,2026102849,0,,,,,0.5192964549996759,0,official WSJT-X 3.0.2; binary SHA256 9e3c2fc14f63c4b4c4e9fcc33b386cd22daf8fe76ce724c5e37f07875e9a3dd9,<DecodeFinished>,
-30.0,0.5,0.5,56,2026102856,1,K1ABC FN42 33,-29,0,10.140200,0.04387866099978055,0,official WSJT-X 3.0.2; binary SHA256 9e3c2fc14f63c4b4c4e9fcc33b386cd22daf8fe76ce724c5e37f07875e9a3dd9,"0000 -29 -0.0  10.140200  0  K1ABC FN42 33 
<DecodeFinished>",
-30.0,0.5,0.5,52,2026102852,0,,,,,0.4246221999997033,0,official WSJT-X 3.0.2; binary SHA256 9e3c2fc14f63c4b4c4e9fcc33b386cd22daf8fe76ce724c5e37f07875e9a3dd9,<DecodeFinished>,
-30.0,0.5,0.5,53,2026102853,0,,,,,0.5089971600000354,0,official WSJT-X 3.0.2; binary SHA256 9e3c2fc14f63c4b4c4e9fcc33b386cd22daf8fe76ce724c5e37f07875e9a3dd9,<DecodeFinished>,
-30.0,0.5,0.5,55,2026102855,0,,,,,0.5194469210000534,0,official WSJT-X 3.0.2; binary SHA256 9e3c2fc14f63c4b4c4e9fcc33b386cd22daf8fe76ce724c5e37f07875e9a3dd9,<DecodeFinished>,
-30.0,0.5,0.5,57,2026102857,0,,,,,0.5344373590000941,0,official WSJT-X 3.0.2; binary SHA256 9e3c2fc14f63c4b4c4e9fcc33b386cd22daf8fe76ce724c5e37f07875e9a3dd9,<DecodeFinished>,
-30.0,0.5,0.5,58,2026102858,0,,,,,0.515502023999943,0,official WSJT-X 3.0.2; binary SHA256 9e3c2fc14f63c4b4c4e9fcc33b386cd22daf8fe76ce724c5e37f07875e9a3dd9,<DecodeFinished>,
-30.0,0.5,0.5,61,2026102861,1,K1ABC FN42 33,-29,0,10.140200,0.09724201700009871,0,official WSJT-X 3.0.2; binary SHA256 9e3c2fc14f63c4b4c4e9fcc33b386cd22daf8fe76ce724c5e37f07875e9a3dd9,"0000 -29  0.0  10.140200  0  K1ABC FN42 33 
<DecodeFinished>",
-30.0,0.5,0.5,59,2026102859,0,,,,,0.5168610859996079,0,official WSJT-X 3.0.2; binary SHA256 9e3c2fc14f63c4b4c4e9fcc33b386cd22daf8fe76ce724c5e37f07875e9a3dd9,<DecodeFinished>,
-30.0,0.5,0.5,60,2026102860,0,,,,,0.4989308520002851,0,official WSJT-X 3.0.2; binary SHA256 9e3c2fc14f63c4b4c4e9fcc33b386cd22daf8fe76ce724c5e37f07875e9a3dd9,<DecodeFinished>,
-30.0,0.5,0.5,65,2026102865,1,K1ABC FN42 33,-30,0,10.140200,0.05657165599996006,0,official WSJT-X 3.0.2; binary SHA256 9e3c2fc14f63c4b4c4e9fcc33b386cd22daf8fe76ce724c5e37f07875e9a3dd9,"0000 -30  0.1  10.140200  0  K1ABC FN42 33 
<DecodeFinished>",
-30.0,0.5,0.5,64,2026102864,1,K1ABC FN42 33,-30,0,10.140200,0.26246579899998324,0,official WSJT-X 3.0.2; binary SHA256 9e3c2fc14f63c4b4c4e9fcc33b386cd22daf8fe76ce724c5e37f07875e9a3dd9,"0000 -30 -0.1  10.140200  0  K1ABC FN42 33 
<DecodeFinished>",
-30.0,0.5,0.5,66,2026102866,1,K1ABC FN42 33,-29,0,10.140200,0.0471938659998159,0,official WSJT-X 3.0.2; binary SHA256 9e3c2fc14f63c4b4c4e9fcc33b386cd22daf8fe76ce724c5e37f07875e9a3dd9,"0000 -29 -0.0  10.140200  0  K1ABC FN42 33 
<DecodeFinished>",
-30.0,0.5,0.5,67,2026102867,1,K1ABC FN42 33,-30,0,10.140200,0.049770113000249694,0,official WSJT-X 3.0.2; binary SHA256 9e3c2fc14f63c4b4c4e9fcc33b386cd22daf8fe76ce724c5e37f07875e9a3dd9,"0000 -30 -0.1  10.140200  0  K1ABC FN42 33 
<DecodeFinished>",
-30.0,0.5,0.5,62,2026102862,0,,,,,0.5244119779999892,0,official WSJT-X 3.0.2; binary SHA256 9e3c2fc14f63c4b4c4e9fcc33b386cd22daf8fe76ce724c5e37f07875e9a3dd9,<DecodeFinished>,
-30.0,0.5,0.5,63,2026102863,0,,,,,0.5124570610000774,0,official WSJT-X 3.0.2; binary SHA256 9e3c2fc14f63c4b4c4e9fcc33b386cd22daf8fe76ce724c5e37f07875e9a3dd9,<DecodeFinished>,
-30.0,0.5,0.5,70,2026102870,1,K1ABC FN42 33,-29,0,10.140200,0.08525303600026746,0,official WSJT-X 3.0.2; binary SHA256 9e3c2fc14f63c4b4c4e9fcc33b386cd22daf8fe76ce724c5e37f07875e9a3dd9,"0000 -29  0.0  10.140200  0  K1ABC FN42 33 
<DecodeFinished>",
-30.0,0.5,0.5,68,2026102868,0,,,,,0.5221746470001563,0,official WSJT-X 3.0.2; binary SHA256 9e3c2fc14f63c4b4c4e9fcc33b386cd22daf8fe76ce724c5e37f07875e9a3dd9,<DecodeFinished>,
-30.0,0.5,0.5,69,2026102869,0,,,,,0.531978952999907,0,official WSJT-X 3.0.2; binary SHA256 9e3c2fc14f63c4b4c4e9fcc33b386cd22daf8fe76ce724c5e37f07875e9a3dd9,<DecodeFinished>,
-30.0,0.5,0.5,71,2026102871,0,,,,,0.5202676220001194,0,official WSJT-X 3.0.2; binary SHA256 9e3c2fc14f63c4b4c4e9fcc33b386cd22daf8fe76ce724c5e37f07875e9a3dd9,<DecodeFinished>,
-30.0,0.5,0.5,72,2026102872,0,,,,,0.5398005460001514,0,official WSJT-X 3.0.2; binary SHA256 9e3c2fc14f63c4b4c4e9fcc33b386cd22daf8fe76ce724c5e37f07875e9a3dd9,<DecodeFinished>,
-30.0,0.5,0.5,74,2026102874,1,K1ABC FN42 33,-30,0,10.140200,0.1699462900000981,0,official WSJT-X 3.0.2; binary SHA256 9e3c2fc14f63c4b4c4e9fcc33b386cd22daf8fe76ce724c5e37f07875e9a3dd9,"0000 -30 -0.1  10.140200  0  K1ABC FN42 33 
<DecodeFinished>",
-30.0,0.5,0.5,75,2026102875,1,K1ABC FN42 33,-29,0,10.140200,0.06872175999978936,0,official WSJT-X 3.0.2; binary SHA256 9e3c2fc14f63c4b4c4e9fcc33b386cd22daf8fe76ce724c5e37f07875e9a3dd9,"0000 -29 -0.1  10.140200  0  K1ABC FN42 33 
<DecodeFinished>",
-30.0,0.5,0.5,76,2026102876,1,K1ABC FN42 33,-29,0,10.140200,0.10642341399989164,0,official WSJT-X 3.0.2; binary SHA256 9e3c2fc14f63c4b4c4e9fcc33b386cd22daf8fe76ce724c5e37f07875e9a3dd9,"0000 -29 -0.0  10.140200  0  K1ABC FN42 33 
<DecodeFinished>",
-30.0,0.5,0.5,79,2026102879,1,K1ABC FN42 33,-29,0,10.140200,0.04532605500025966,0,official WSJT-X 3.0.2; binary SHA256 9e3c2fc14f63c4b4c4e9fcc33b386cd22daf8fe76ce724c5e37f07875e9a3dd9,"0000 -29  0.0  10.140200  0  K1ABC FN42 33 
<DecodeFinished>",
-30.0,0.5,0.5,80,2026102880,1,K1ABC FN42 33,-29,0,10.140200,0.06389834300034636,0,official WSJT-X 3.0.2; binary SHA256 9e3c2fc14f63c4b4c4e9fcc33b386cd22daf8fe76ce724c5e37f07875e9a3dd9,"0000 -29 -0.0  10.140200  0  K1ABC FN42 33 
<DecodeFinished>",
-30.0,0.5,0.5,81,2026102881,1,K1ABC FN42 33,-30,0,10.140200,0.04929878099983398,0,official WSJT-X 3.0.2; binary SHA256 9e3c2fc14f63c4b4c4e9fcc33b386cd22daf8fe76ce724c5e37f07875e9a3dd9,"0000 -30  0.0  10.140200  0  K1ABC FN42 33 
<DecodeFinished>",
-30.0,0.5,0.5,73,2026102873,0,,,,,0.5092137290002938,0,official WSJT-X 3.0.2; binary SHA256 9e3c2fc14f63c4b4c4e9fcc33b386cd22daf8fe76ce724c5e37f07875e9a3dd9,<DecodeFinished>,
-30.0,0.5,0.5,78,2026102878,0,,,,,0.5092550189997382,0,official WSJT-X 3.0.2; binary SHA256 9e3c2fc14f63c4b4c4e9fcc33b386cd22daf8fe76ce724c5e37f07875e9a3dd9,<DecodeFinished>,
-30.0,0.5,0.5,77,2026102877,0,,,,,0.518887772999733,0,official WSJT-X 3.0.2; binary SHA256 9e3c2fc14f63c4b4c4e9fcc33b386cd22daf8fe76ce724c5e37f07875e9a3dd9,<DecodeFinished>,
-30.0,0.5,0.5,85,2026102885,1,K1ABC FN42 33,-31,0,10.140200,0.0968157910001537,0,official WSJT-X 3.0.2; binary SHA256 9e3c2fc14f63c4b4c4e9fcc33b386cd22daf8fe76ce724c5e37f07875e9a3dd9,"0000 -31 -0.1  10.140200  0  K1ABC FN42 33 
<DecodeFinished>",
-30.0,0.5,0.5,82,2026102882,0,,,,,0.4178267289998985,0,official WSJT-X 3.0.2; binary SHA256 9e3c2fc14f63c4b4c4e9fcc33b386cd22daf8fe76ce724c5e37f07875e9a3dd9,<DecodeFinished>,
-30.0,0.5,0.5,87,2026102887,1,K1ABC FN42 33,-29,0,10.140200,0.05816688200002318,0,official WSJT-X 3.0.2; binary SHA256 9e3c2fc14f63c4b4c4e9fcc33b386cd22daf8fe76ce724c5e37f07875e9a3dd9,"0000 -29 -0.1  10.140200  0  K1ABC FN42 33 
<DecodeFinished>",
-30.0,0.5,0.5,83,2026102883,0,,,,,0.5064987260002454,0,official WSJT-X 3.0.2; binary SHA256 9e3c2fc14f63c4b4c4e9fcc33b386cd22daf8fe76ce724c5e37f07875e9a3dd9,<DecodeFinished>,
-30.0,0.5,0.5,89,2026102889,1,K1ABC FN42 33,-29,0,10.140200,0.05053850900003454,0,official WSJT-X 3.0.2; binary SHA256 9e3c2fc14f63c4b4c4e9fcc33b386cd22daf8fe76ce724c5e37f07875e9a3dd9,"0000 -29  0.0  10.140200  0  K1ABC FN42 33 
<DecodeFinished>",
-30.0,0.5,0.5,86,2026102886,0,,,,,0.41682698400018126,0,official WSJT-X 3.0.2; binary SHA256 9e3c2fc14f63c4b4c4e9fcc33b386cd22daf8fe76ce724c5e37f07875e9a3dd9,<DecodeFinished>,
-30.0,0.5,0.5,84,2026102884,0,,,,,0.5268407510002362,0,official WSJT-X 3.0.2; binary SHA256 9e3c2fc14f63c4b4c4e9fcc33b386cd22daf8fe76ce724c5e37f07875e9a3dd9,<DecodeFinished>,
-30.0,0.5,0.5,88,2026102888,0,,,,,0.512691458000063,0,official WSJT-X 3.0.2; binary SHA256 9e3c2fc14f63c4b4c4e9fcc33b386cd22daf8fe76ce724c5e37f07875e9a3dd9,<DecodeFinished>,
-30.0,0.5,0.5,93,2026102893,1,K1ABC FN42 33,-30,0,10.140200,0.058517548000054376,0,official WSJT-X 3.0.2; binary SHA256 9e3c2fc14f63c4b4c4e9fcc33b386cd22daf8fe76ce724c5e37f07875e9a3dd9,"0000 -30 -0.0  10.140200  0  K1ABC FN42 33 
<DecodeFinished>",
-30.0,0.5,0.5,90,2026102890,0,,,,,0.5053462559999389,0,official WSJT-X 3.0.2; binary SHA256 9e3c2fc14f63c4b4c4e9fcc33b386cd22daf8fe76ce724c5e37f07875e9a3dd9,<DecodeFinished>,
-30.0,0.5,0.5,92,2026102892,0,,,,,0.5172295070001383,0,official WSJT-X 3.0.2; binary SHA256 9e3c2fc14f63c4b4c4e9fcc33b386cd22daf8fe76ce724c5e37f07875e9a3dd9,<DecodeFinished>,
-30.0,0.5,0.5,91,2026102891,0,,,,,0.5330204330002744,0,official WSJT-X 3.0.2; binary SHA256 9e3c2fc14f63c4b4c4e9fcc33b386cd22daf8fe76ce724c5e37f07875e9a3dd9,<DecodeFinished>,
-30.0,0.5,0.5,96,2026102896,1,K1ABC FN42 33,-30,0,10.140200,0.055412424999758514,0,official WSJT-X 3.0.2; binary SHA256 9e3c2fc14f63c4b4c4e9fcc33b386cd22daf8fe76ce724c5e37f07875e9a3dd9,"0000 -30 -0.1  10.140200  0  K1ABC FN42 33 
<DecodeFinished>",
-30.0,0.5,0.5,97,2026102897,1,K1ABC FN42 33,-31,0,10.140200,0.06114039100020818,0,official WSJT-X 3.0.2; binary SHA256 9e3c2fc14f63c4b4c4e9fcc33b386cd22daf8fe76ce724c5e37f07875e9a3dd9,"0000 -31 -0.1  10.140200  0  K1ABC FN42 33 
<DecodeFinished>",
-30.0,0.5,0.5,94,2026102894,0,,,,,0.5194684150001194,0,official WSJT-X 3.0.2; binary SHA256 9e3c2fc14f63c4b4c4e9fcc33b386cd22daf8fe76ce724c5e37f07875e9a3dd9,<DecodeFinished>,
-30.0,0.5,0.5,95,2026102895,0,,,,,0.5213180160003503,0,official WSJT-X 3.0.2; binary SHA256 9e3c2fc14f63c4b4c4e9fcc33b386cd22daf8fe76ce724c5e37f07875e9a3dd9,<DecodeFinished>,
-30.5,0.5,0.0,1,2026112801,1,K1ABC FN42 33,-29,0,10.140200,0.04813638599989645,0,official WSJT-X 3.0.2; binary SHA256 9e3c2fc14f63c4b4c4e9fcc33b386cd22daf8fe76ce724c5e37f07875e9a3dd9,"0000 -29 -0.1  10.140200  0  K1ABC FN42 33 
<DecodeFinished>",
-30.5,0.5,0.0,2,2026112802,1,K1ABC FN42 33,-31,0,10.140200,0.06666300500000943,0,official WSJT-X 3.0.2; binary SHA256 9e3c2fc14f63c4b4c4e9fcc33b386cd22daf8fe76ce724c5e37f07875e9a3dd9,"0000 -31 -0.0  10.140200  0  K1ABC FN42 33 
<DecodeFinished>",
-30.5,0.5,0.0,3,2026112803,1,K1ABC FN42 33,-30,0,10.140200,0.056279021999671386,0,official WSJT-X 3.0.2; binary SHA256 9e3c2fc14f63c4b4c4e9fcc33b386cd22daf8fe76ce724c5e37f07875e9a3dd9,"0000 -30  0.0  10.140200  0  K1ABC FN42 33 
<DecodeFinished>",
-30.0,0.5,0.5,98,2026102898,0,,,,,0.5177020299997821,0,official WSJT-X 3.0.2; binary SHA256 9e3c2fc14f63c4b4c4e9fcc33b386cd22daf8fe76ce724c5e37f07875e9a3dd9,<DecodeFinished>,
-30.0,0.5,0.5,99,2026102899,0,,,,,0.5346503040000243,0,official WSJT-X 3.0.2; binary SHA256 9e3c2fc14f63c4b4c4e9fcc33b386cd22daf8fe76ce724c5e37f07875e9a3dd9,<DecodeFinished>,
-30.5,0.5,0.0,4,2026112804,1,K1ABC FN42 33,-30,0,10.140200,0.2472675940002773,0,official WSJT-X 3.0.2; binary SHA256 9e3c2fc14f63c4b4c4e9fcc33b386cd22daf8fe76ce724c5e37f07875e9a3dd9,"0000 -30  0.0  10.140200  0  K1ABC FN42 33 
<DecodeFinished>",
-30.5,0.5,0.0,0,2026112800,0,,,,,0.538545442999748,0,official WSJT-X 3.0.2; binary SHA256 9e3c2fc14f63c4b4c4e9fcc33b386cd22daf8fe76ce724c5e37f07875e9a3dd9,<DecodeFinished>,
-30.5,0.5,0.0,5,2026112805,1,K1ABC FN42 33,-30,0,10.140200,0.23937461400009852,0,official WSJT-X 3.0.2; binary SHA256 9e3c2fc14f63c4b4c4e9fcc33b386cd22daf8fe76ce724c5e37f07875e9a3dd9,"0000 -30 -0.0  10.140200  0  K1ABC FN42 33 
<DecodeFinished>",
-30.5,0.5,0.0,9,2026112809,1,K1ABC FN42 33,-31,0,10.140200,0.2615991520001444,0,official WSJT-X 3.0.2; binary SHA256 9e3c2fc14f63c4b4c4e9fcc33b386cd22daf8fe76ce724c5e37f07875e9a3dd9,"0000 -31 -0.1  10.140200  0  K1ABC FN42 33 
<DecodeFinished>",
-30.5,0.5,0.0,6,2026112806,0,,,,,0.5339971719999994,0,official WSJT-X 3.0.2; binary SHA256 9e3c2fc14f63c4b4c4e9fcc33b386cd22daf8fe76ce724c5e37f07875e9a3dd9,<DecodeFinished>,
-30.5,0.5,0.0,7,2026112807,0,,,,,0.5306831930001863,0,official WSJT-X 3.0.2; binary SHA256 9e3c2fc14f63c4b4c4e9fcc33b386cd22daf8fe76ce724c5e37f07875e9a3dd9,<DecodeFinished>,
-30.5,0.5,0.0,8,2026112808,0,,,,,0.5303251139998792,0,official WSJT-X 3.0.2; binary SHA256 9e3c2fc14f63c4b4c4e9fcc33b386cd22daf8fe76ce724c5e37f07875e9a3dd9,<DecodeFinished>,
-30.5,0.5,0.0,10,2026112810,1,K1ABC FN42 33,-29,0,10.140200,0.2573447549998491,0,official WSJT-X 3.0.2; binary SHA256 9e3c2fc14f63c4b4c4e9fcc33b386cd22daf8fe76ce724c5e37f07875e9a3dd9,"0000 -29  0.0  10.140200  0  K1ABC FN42 33 
<DecodeFinished>",
-30.5,0.5,0.0,14,2026112814,0,,,,,0.04942248899988044,0,official WSJT-X 3.0.2; binary SHA256 9e3c2fc14f63c4b4c4e9fcc33b386cd22daf8fe76ce724c5e37f07875e9a3dd9,<DecodeFinished>,
-30.5,0.5,0.0,13,2026112813,1,K1ABC FN42 33,-31,0,10.140200,0.2361623739998322,0,official WSJT-X 3.0.2; binary SHA256 9e3c2fc14f63c4b4c4e9fcc33b386cd22daf8fe76ce724c5e37f07875e9a3dd9,"0000 -31  0.0  10.140200  0  K1ABC FN42 33 
<DecodeFinished>",
-30.5,0.5,0.0,11,2026112811,0,,,,,0.5178145400000176,0,official WSJT-X 3.0.2; binary SHA256 9e3c2fc14f63c4b4c4e9fcc33b386cd22daf8fe76ce724c5e37f07875e9a3dd9,<DecodeFinished>,
-30.5,0.5,0.0,12,2026112812,0,,,,,0.5339878360000512,0,official WSJT-X 3.0.2; binary SHA256 9e3c2fc14f63c4b4c4e9fcc33b386cd22daf8fe76ce724c5e37f07875e9a3dd9,<DecodeFinished>,
-30.5,0.5,0.0,15,2026112815,0,,,,,0.523765037999965,0,official WSJT-X 3.0.2; binary SHA256 9e3c2fc14f63c4b4c4e9fcc33b386cd22daf8fe76ce724c5e37f07875e9a3dd9,<DecodeFinished>,
-30.5,0.5,0.0,18,2026112818,1,K1ABC FN42 33,-31,0,10.140200,0.15574462199992922,0,official WSJT-X 3.0.2; binary SHA256 9e3c2fc14f63c4b4c4e9fcc33b386cd22daf8fe76ce724c5e37f07875e9a3dd9,"0000 -31  0.0  10.140200  0  K1ABC FN42 33 
<DecodeFinished>",
-30.5,0.5,0.0,16,2026112816,0,,,,,0.5337562149998121,0,official WSJT-X 3.0.2; binary SHA256 9e3c2fc14f63c4b4c4e9fcc33b386cd22daf8fe76ce724c5e37f07875e9a3dd9,<DecodeFinished>,
-30.5,0.5,0.0,17,2026112817,0,,,,,0.5209659120000651,0,official WSJT-X 3.0.2; binary SHA256 9e3c2fc14f63c4b4c4e9fcc33b386cd22daf8fe76ce724c5e37f07875e9a3dd9,<DecodeFinished>,
-30.5,0.5,0.0,20,2026112820,1,K1ABC FN42 33,-30,0,10.140200,0.2531665450001128,0,official WSJT-X 3.0.2; binary SHA256 9e3c2fc14f63c4b4c4e9fcc33b386cd22daf8fe76ce724c5e37f07875e9a3dd9,"0000 -30 -0.1  10.140200  0  K1ABC FN42 33 
<DecodeFinished>",
-30.5,0.5,0.0,23,2026112823,1,K1ABC FN42 33,-30,0,10.140200,0.06054483200023242,0,official WSJT-X 3.0.2; binary SHA256 9e3c2fc14f63c4b4c4e9fcc33b386cd22daf8fe76ce724c5e37f07875e9a3dd9,"0000 -30  0.1  10.140200  0  K1ABC FN42 33 
<DecodeFinished>",
-30.5,0.5,0.0,19,2026112819,0,,,,,0.5331631330000164,0,official WSJT-X 3.0.2; binary SHA256 9e3c2fc14f63c4b4c4e9fcc33b386cd22daf8fe76ce724c5e37f07875e9a3dd9,<DecodeFinished>,
-30.5,0.5,0.0,21,2026112821,0,,,,,0.5593559819999427,0,official WSJT-X 3.0.2; binary SHA256 9e3c2fc14f63c4b4c4e9fcc33b386cd22daf8fe76ce724c5e37f07875e9a3dd9,<DecodeFinished>,
-30.5,0.5,0.0,26,2026112826,1,K1ABC FN42 33,-30,0,10.140200,0.07836444499980644,0,official WSJT-X 3.0.2; binary SHA256 9e3c2fc14f63c4b4c4e9fcc33b386cd22daf8fe76ce724c5e37f07875e9a3dd9,"0000 -30  0.1  10.140200  0  K1ABC FN42 33 
<DecodeFinished>",
-30.5,0.5,0.0,22,2026112822,0,,,,,0.5743440319997717,0,official WSJT-X 3.0.2; binary SHA256 9e3c2fc14f63c4b4c4e9fcc33b386cd22daf8fe76ce724c5e37f07875e9a3dd9,<DecodeFinished>,
-30.5,0.5,0.0,24,2026112824,0,,,,,0.570401929000127,0,official WSJT-X 3.0.2; binary SHA256 9e3c2fc14f63c4b4c4e9fcc33b386cd22daf8fe76ce724c5e37f07875e9a3dd9,<DecodeFinished>,
-30.5,0.5,0.0,27,2026112827,1,K1ABC FN42 33,-30,0,10.140200,0.17061665600022025,0,official WSJT-X 3.0.2; binary SHA256 9e3c2fc14f63c4b4c4e9fcc33b386cd22daf8fe76ce724c5e37f07875e9a3dd9,"0000 -30  0.1  10.140200  0  K1ABC FN42 33 
<DecodeFinished>",
-30.5,0.5,0.0,25,2026112825,0,,,,,0.5772905590001756,0,official WSJT-X 3.0.2; binary SHA256 9e3c2fc14f63c4b4c4e9fcc33b386cd22daf8fe76ce724c5e37f07875e9a3dd9,<DecodeFinished>,
-30.5,0.5,0.0,29,2026112829,1,K1ABC FN42 33,-31,0,10.140200,0.25195776100008516,0,official WSJT-X 3.0.2; binary SHA256 9e3c2fc14f63c4b4c4e9fcc33b386cd22daf8fe76ce724c5e37f07875e9a3dd9,"0000 -31  0.0  10.140200  0  K1ABC FN42 33 
<DecodeFinished>",
-30.5,0.5,0.0,28,2026112828,0,,,,,0.5379153120002229,0,official WSJT-X 3.0.2; binary SHA256 9e3c2fc14f63c4b4c4e9fcc33b386cd22daf8fe76ce724c5e37f07875e9a3dd9,<DecodeFinished>,
-30.5,0.5,0.0,30,2026112830,0,,,,,0.502312367000286,0,official WSJT-X 3.0.2; binary SHA256 9e3c2fc14f63c4b4c4e9fcc33b386cd22daf8fe76ce724c5e37f07875e9a3dd9,<DecodeFinished>,
-30.5,0.5,0.0,32,2026112832,1,K1ABC FN42 33,-30,0,10.140200,0.3665764379998109,0,official WSJT-X 3.0.2; binary SHA256 9e3c2fc14f63c4b4c4e9fcc33b386cd22daf8fe76ce724c5e37f07875e9a3dd9,"0000 -30  0.0  10.140200  0  K1ABC FN42 33 
<DecodeFinished>",
-30.5,0.5,0.0,31,2026112831,0,,,,,0.5171339900002749,0,official WSJT-X 3.0.2; binary SHA256 9e3c2fc14f63c4b4c4e9fcc33b386cd22daf8fe76ce724c5e37f07875e9a3dd9,<DecodeFinished>,
-30.5,0.5,0.0,33,2026112833,0,,,,,0.5141968190000625,0,official WSJT-X 3.0.2; binary SHA256 9e3c2fc14f63c4b4c4e9fcc33b386cd22daf8fe76ce724c5e37f07875e9a3dd9,<DecodeFinished>,
-30.5,0.5,0.0,34,2026112834,0,,,,,0.5387194690001706,0,official WSJT-X 3.0.2; binary SHA256 9e3c2fc14f63c4b4c4e9fcc33b386cd22daf8fe76ce724c5e37f07875e9a3dd9,<DecodeFinished>,
-30.5,0.5,0.0,35,2026112835,0,,,,,0.5151051590000861,0,official WSJT-X 3.0.2; binary SHA256 9e3c2fc14f63c4b4c4e9fcc33b386cd22daf8fe76ce724c5e37f07875e9a3dd9,<DecodeFinished>,
-30.5,0.5,0.0,39,2026112839,1,K1ABC FN42 33,-30,0,10.140200,0.05631984399997236,0,official WSJT-X 3.0.2; binary SHA256 9e3c2fc14f63c4b4c4e9fcc33b386cd22daf8fe76ce724c5e37f07875e9a3dd9,"0000 -30 -0.0  10.140200  0  K1ABC FN42 33 
<DecodeFinished>",
-30.5,0.5,0.0,36,2026112836,0,,,,,0.5253806519999671,0,official WSJT-X 3.0.2; binary SHA256 9e3c2fc14f63c4b4c4e9fcc33b386cd22daf8fe76ce724c5e37f07875e9a3dd9,<DecodeFinished>,
-30.5,0.5,0.0,37,2026112837,1,K1ABC FN42 33,-30,0,10.140200,0.3435048609999285,0,official WSJT-X 3.0.2; binary SHA256 9e3c2fc14f63c4b4c4e9fcc33b386cd22daf8fe76ce724c5e37f07875e9a3dd9,"0000 -30  0.0  10.140200  0  K1ABC FN42 33 
<DecodeFinished>",
-30.5,0.5,0.0,38,2026112838,1,K1ABC FN42 33,-30,0,10.140200,0.2444871909997346,0,official WSJT-X 3.0.2; binary SHA256 9e3c2fc14f63c4b4c4e9fcc33b386cd22daf8fe76ce724c5e37f07875e9a3dd9,"0000 -30  0.1  10.140200  0  K1ABC FN42 33 
<DecodeFinished>",
-30.5,0.5,0.0,43,2026112843,1,K1ABC FN42 33,-30,0,10.140200,0.09144047500012675,0,official WSJT-X 3.0.2; binary SHA256 9e3c2fc14f63c4b4c4e9fcc33b386cd22daf8fe76ce724c5e37f07875e9a3dd9,"0000 -30  0.0  10.140200  0  K1ABC FN42 33 
<DecodeFinished>",
-30.5,0.5,0.0,44,2026112844,1,K1ABC FN42 33,-31,0,10.140200,0.08324235600002794,0,official WSJT-X 3.0.2; binary SHA256 9e3c2fc14f63c4b4c4e9fcc33b386cd22daf8fe76ce724c5e37f07875e9a3dd9,"0000 -31 -0.0  10.140200  0  K1ABC FN42 33 
<DecodeFinished>",
-30.5,0.5,0.0,40,2026112840,0,,,,,0.45335134300012214,0,official WSJT-X 3.0.2; binary SHA256 9e3c2fc14f63c4b4c4e9fcc33b386cd22daf8fe76ce724c5e37f07875e9a3dd9,<DecodeFinished>,
-30.5,0.5,0.0,41,2026112841,0,,,,,0.5466619520002496,0,official WSJT-X 3.0.2; binary SHA256 9e3c2fc14f63c4b4c4e9fcc33b386cd22daf8fe76ce724c5e37f07875e9a3dd9,<DecodeFinished>,
-30.5,0.5,0.0,42,2026112842,0,,,,,0.5616506460000892,0,official WSJT-X 3.0.2; binary SHA256 9e3c2fc14f63c4b4c4e9fcc33b386cd22daf8fe76ce724c5e37f07875e9a3dd9,<DecodeFinished>,
-30.5,0.5,0.0,45,2026112845,0,,,,,0.5690038049997383,0,official WSJT-X 3.0.2; binary SHA256 9e3c2fc14f63c4b4c4e9fcc33b386cd22daf8fe76ce724c5e37f07875e9a3dd9,<DecodeFinished>,
-30.5,0.5,0.0,48,2026112848,1,K1ABC FN42 33,-31,0,10.140200,0.2538519059999089,0,official WSJT-X 3.0.2; binary SHA256 9e3c2fc14f63c4b4c4e9fcc33b386cd22daf8fe76ce724c5e37f07875e9a3dd9,"0000 -31 -0.0  10.140200  0  K1ABC FN42 33 
<DecodeFinished>",
-30.5,0.5,0.0,47,2026112847,1,K1ABC FN42 33,-30,0,10.140200,0.36994544099979976,0,official WSJT-X 3.0.2; binary SHA256 9e3c2fc14f63c4b4c4e9fcc33b386cd22daf8fe76ce724c5e37f07875e9a3dd9,"0000 -30 -0.1  10.140200  0  K1ABC FN42 33 
<DecodeFinished>",
-30.5,0.5,0.0,46,2026112846,0,,,,,0.5477395849998175,0,official WSJT-X 3.0.2; binary SHA256 9e3c2fc14f63c4b4c4e9fcc33b386cd22daf8fe76ce724c5e37f07875e9a3dd9,<DecodeFinished>,
-30.5,0.5,0.0,51,2026112851,1,K1ABC FN42 33,-30,0,10.140200,0.06499884400000155,0,official WSJT-X 3.0.2; binary SHA256 9e3c2fc14f63c4b4c4e9fcc33b386cd22daf8fe76ce724c5e37f07875e9a3dd9,"0000 -30 -0.0  10.140200  0  K1ABC FN42 33 
<DecodeFinished>",
-30.5,0.5,0.0,50,2026112850,1,K1ABC FN42 33,-30,0,10.140200,0.2298878629999308,0,official WSJT-X 3.0.2; binary SHA256 9e3c2fc14f63c4b4c4e9fcc33b386cd22daf8fe76ce724c5e37f07875e9a3dd9,"0000 -30 -0.0  10.140200  0  K1ABC FN42 33 
<DecodeFinished>",
-30.5,0.5,0.0,49,2026112849,1,K1ABC FN42 33,-31,0,10.140200,0.3263216039999861,0,official WSJT-X 3.0.2; binary SHA256 9e3c2fc14f63c4b4c4e9fcc33b386cd22daf8fe76ce724c5e37f07875e9a3dd9,"0000 -31  0.0  10.140200  0  K1ABC FN42 33 
<DecodeFinished>",
-30.5,0.5,0.0,53,2026112853,1,K1ABC FN42 33,-31,0,10.140200,0.2371987110000191,0,official WSJT-X 3.0.2; binary SHA256 9e3c2fc14f63c4b4c4e9fcc33b386cd22daf8fe76ce724c5e37f07875e9a3dd9,"0000 -31  0.0  10.140200  0  K1ABC FN42 33 
<DecodeFinished>",
-30.5,0.5,0.0,52,2026112852,1,K1ABC FN42 33,-30,0,10.140200,0.34923436100007166,0,official WSJT-X 3.0.2; binary SHA256 9e3c2fc14f63c4b4c4e9fcc33b386cd22daf8fe76ce724c5e37f07875e9a3dd9,"0000 -30 -0.1  10.140200  0  K1ABC FN42 33 
<DecodeFinished>",
-30.5,0.5,0.0,54,2026112854,1,K1ABC FN42 33,-31,0,10.140200,0.25726011999995535,0,official WSJT-X 3.0.2; binary SHA256 9e3c2fc14f63c4b4c4e9fcc33b386cd22daf8fe76ce724c5e37f07875e9a3dd9,"0000 -31 -0.1  10.140200  0  K1ABC FN42 33 
<DecodeFinished>",
-30.5,0.5,0.0,55,2026112855,1,K1ABC FN42 33,-31,0,10.140200,0.23103153400006704,0,official WSJT-X 3.0.2; binary SHA256 9e3c2fc14f63c4b4c4e9fcc33b386cd22daf8fe76ce724c5e37f07875e9a3dd9,"0000 -31  0.1  10.140200  0  K1ABC FN42 33 
<DecodeFinished>",
-30.5,0.5,0.0,57,2026112857,1,K1ABC FN42 33,-30,0,10.140200,0.22961935100011033,0,official WSJT-X 3.0.2; binary SHA256 9e3c2fc14f63c4b4c4e9fcc33b386cd22daf8fe76ce724c5e37f07875e9a3dd9,"0000 -30  0.0  10.140200  0  K1ABC FN42 33 
<DecodeFinished>",
-30.5,0.5,0.0,58,2026112858,1,K1ABC FN42 33,-30,0,10.140200,0.23337002599964762,0,official WSJT-X 3.0.2; binary SHA256 9e3c2fc14f63c4b4c4e9fcc33b386cd22daf8fe76ce724c5e37f07875e9a3dd9,"0000 -30  0.0  10.140200  0  K1ABC FN42 33 
<DecodeFinished>",
-30.5,0.5,0.0,56,2026112856,0,,,,,0.5160989999999401,0,official WSJT-X 3.0.2; binary SHA256 9e3c2fc14f63c4b4c4e9fcc33b386cd22daf8fe76ce724c5e37f07875e9a3dd9,<DecodeFinished>,
-30.5,0.5,0.0,60,2026112860,1,K1ABC FN42 33,-31,0,10.140200,0.2491794719999234,0,official WSJT-X 3.0.2; binary SHA256 9e3c2fc14f63c4b4c4e9fcc33b386cd22daf8fe76ce724c5e37f07875e9a3dd9,"0000 -31  0.1  10.140200  0  K1ABC FN42 33 
<DecodeFinished>",
-30.5,0.5,0.0,59,2026112859,0,,,,,0.507656144000066,0,official WSJT-X 3.0.2; binary SHA256 9e3c2fc14f63c4b4c4e9fcc33b386cd22daf8fe76ce724c5e37f07875e9a3dd9,<DecodeFinished>,
-30.5,0.5,0.0,61,2026112861,0,,,,,0.5196573029998035,0,official WSJT-X 3.0.2; binary SHA256 9e3c2fc14f63c4b4c4e9fcc33b386cd22daf8fe76ce724c5e37f07875e9a3dd9,<DecodeFinished>,
-30.5,0.5,0.0,62,2026112862,0,,,,,0.5187208289999035,0,official WSJT-X 3.0.2; binary SHA256 9e3c2fc14f63c4b4c4e9fcc33b386cd22daf8fe76ce724c5e37f07875e9a3dd9,<DecodeFinished>,
-30.5,0.5,0.0,63,2026112863,0,,,,,0.5183194359997287,0,official WSJT-X 3.0.2; binary SHA256 9e3c2fc14f63c4b4c4e9fcc33b386cd22daf8fe76ce724c5e37f07875e9a3dd9,<DecodeFinished>,
-30.5,0.5,0.0,67,2026112867,1,K1ABC FN42 33,-29,0,10.140200,0.060140089000014996,0,official WSJT-X 3.0.2; binary SHA256 9e3c2fc14f63c4b4c4e9fcc33b386cd22daf8fe76ce724c5e37f07875e9a3dd9,"0000 -29 -0.0  10.140200  0  K1ABC FN42 33 
<DecodeFinished>",
-30.5,0.5,0.0,64,2026112864,0,,,,,0.5075582620002024,0,official WSJT-X 3.0.2; binary SHA256 9e3c2fc14f63c4b4c4e9fcc33b386cd22daf8fe76ce724c5e37f07875e9a3dd9,<DecodeFinished>,
-30.5,0.5,0.0,66,2026112866,1,K1ABC FN42 33,-30,0,10.140200,0.2415209880000475,0,official WSJT-X 3.0.2; binary SHA256 9e3c2fc14f63c4b4c4e9fcc33b386cd22daf8fe76ce724c5e37f07875e9a3dd9,"0000 -30 -0.0  10.140200  0  K1ABC FN42 33 
<DecodeFinished>",
-30.5,0.5,0.0,70,2026112870,1,K1ABC FN42 33,-30,0,10.140200,0.055479995000041527,0,official WSJT-X 3.0.2; binary SHA256 9e3c2fc14f63c4b4c4e9fcc33b386cd22daf8fe76ce724c5e37f07875e9a3dd9,"0000 -30  0.1  10.140200  0  K1ABC FN42 33 
<DecodeFinished>",
-30.5,0.5,0.0,65,2026112865,0,,,,,0.5172302880000643,0,official WSJT-X 3.0.2; binary SHA256 9e3c2fc14f63c4b4c4e9fcc33b386cd22daf8fe76ce724c5e37f07875e9a3dd9,<DecodeFinished>,
-30.5,0.5,0.0,69,2026112869,1,K1ABC FN42 33,-31,0,10.140200,0.2624997220000296,0,official WSJT-X 3.0.2; binary SHA256 9e3c2fc14f63c4b4c4e9fcc33b386cd22daf8fe76ce724c5e37f07875e9a3dd9,"0000 -31  0.1  10.140200  0  K1ABC FN42 33 
<DecodeFinished>",
-30.5,0.5,0.0,72,2026112872,1,K1ABC FN42 33,-30,0,10.140200,0.05506931599984455,0,official WSJT-X 3.0.2; binary SHA256 9e3c2fc14f63c4b4c4e9fcc33b386cd22daf8fe76ce724c5e37f07875e9a3dd9,"0000 -30 -0.0  10.140200  0  K1ABC FN42 33 
<DecodeFinished>",
-30.5,0.5,0.0,68,2026112868,0,,,,,0.5190142799997375,0,official WSJT-X 3.0.2; binary SHA256 9e3c2fc14f63c4b4c4e9fcc33b386cd22daf8fe76ce724c5e37f07875e9a3dd9,<DecodeFinished>,
-30.5,0.5,0.0,71,2026112871,0,,,,,0.5177427650000936,0,official WSJT-X 3.0.2; binary SHA256 9e3c2fc14f63c4b4c4e9fcc33b386cd22daf8fe76ce724c5e37f07875e9a3dd9,<DecodeFinished>,
-30.5,0.5,0.0,73,2026112873,0,,,,,0.42751993299998503,0,official WSJT-X 3.0.2; binary SHA256 9e3c2fc14f63c4b4c4e9fcc33b386cd22daf8fe76ce724c5e37f07875e9a3dd9,<DecodeFinished>,
-30.5,0.5,0.0,74,2026112874,0,,,,,0.5284357360001195,0,official WSJT-X 3.0.2; binary SHA256 9e3c2fc14f63c4b4c4e9fcc33b386cd22daf8fe76ce724c5e37f07875e9a3dd9,<DecodeFinished>,
-30.5,0.5,0.0,75,2026112875,0,,,,,0.5345099190003566,0,official WSJT-X 3.0.2; binary SHA256 9e3c2fc14f63c4b4c4e9fcc33b386cd22daf8fe76ce724c5e37f07875e9a3dd9,<DecodeFinished>,
-30.5,0.5,0.0,76,2026112876,1,K1ABC FN42 33,-31,0,10.140200,0.35720951299981607,0,official WSJT-X 3.0.2; binary SHA256 9e3c2fc14f63c4b4c4e9fcc33b386cd22daf8fe76ce724c5e37f07875e9a3dd9,"0000 -31  0.1  10.140200  0  K1ABC FN42 33 
<DecodeFinished>",
-30.5,0.5,0.0,80,2026112880,1,K1ABC FN42 33,-30,0,10.140200,0.04750965399989582,0,official WSJT-X 3.0.2; binary SHA256 9e3c2fc14f63c4b4c4e9fcc33b386cd22daf8fe76ce724c5e37f07875e9a3dd9,"0000 -30  0.0  10.140200  0  K1ABC FN42 33 
<DecodeFinished>",
-30.5,0.5,0.0,78,2026112878,1,K1ABC FN42 33,-31,0,10.140200,0.23259332499992524,0,official WSJT-X 3.0.2; binary SHA256 9e3c2fc14f63c4b4c4e9fcc33b386cd22daf8fe76ce724c5e37f07875e9a3dd9,"0000 -31  0.0  10.140200  0  K1ABC FN42 33 
<DecodeFinished>",
-30.5,0.5,0.0,77,2026112877,1,K1ABC FN42 33,-31,0,10.140200,0.3619509059999473,0,official WSJT-X 3.0.2; binary SHA256 9e3c2fc14f63c4b4c4e9fcc33b386cd22daf8fe76ce724c5e37f07875e9a3dd9,"0000 -31 -0.1  10.140200  0  K1ABC FN42 33 
<DecodeFinished>",
-30.5,0.5,0.0,81,2026112881,1,K1ABC FN42 33,-30,0,10.140200,0.2835763920002137,0,official WSJT-X 3.0.2; binary SHA256 9e3c2fc14f63c4b4c4e9fcc33b386cd22daf8fe76ce724c5e37f07875e9a3dd9,"0000 -30 -0.1  10.140200  0  K1ABC FN42 33 
<DecodeFinished>",
-30.5,0.5,0.0,84,2026112884,1,K1ABC FN42 33,-30,0,10.140200,0.07748207300028298,0,official WSJT-X 3.0.2; binary SHA256 9e3c2fc14f63c4b4c4e9fcc33b386cd22daf8fe76ce724c5e37f07875e9a3dd9,"0000 -30  0.0  10.140200  0  K1ABC FN42 33 
<DecodeFinished>",
-30.5,0.5,0.0,82,2026112882,1,K1ABC FN42 33,-30,0,10.140200,0.3859031430001778,0,official WSJT-X 3.0.2; binary SHA256 9e3c2fc14f63c4b4c4e9fcc33b386cd22daf8fe76ce724c5e37f07875e9a3dd9,"0000 -30 -0.1  10.140200  0  K1ABC FN42 33 
<DecodeFinished>",
-30.5,0.5,0.0,86,2026112886,1,K1ABC FN42 33,-30,0,10.140200,0.04974629099979211,0,official WSJT-X 3.0.2; binary SHA256 9e3c2fc14f63c4b4c4e9fcc33b386cd22daf8fe76ce724c5e37f07875e9a3dd9,"0000 -30  0.1  10.140200  0  K1ABC FN42 33 
<DecodeFinished>",
-30.5,0.5,0.0,79,2026112879,0,,,,,0.5088605299997653,0,official WSJT-X 3.0.2; binary SHA256 9e3c2fc14f63c4b4c4e9fcc33b386cd22daf8fe76ce724c5e37f07875e9a3dd9,<DecodeFinished>,
-30.5,0.5,0.0,83,2026112883,0,,,,,0.49956046500028606,0,official WSJT-X 3.0.2; binary SHA256 9e3c2fc14f63c4b4c4e9fcc33b386cd22daf8fe76ce724c5e37f07875e9a3dd9,<DecodeFinished>,
-30.5,0.5,0.0,85,2026112885,1,K1ABC FN42 33,-31,0,10.140200,0.2819686350003394,0,official WSJT-X 3.0.2; binary SHA256 9e3c2fc14f63c4b4c4e9fcc33b386cd22daf8fe76ce724c5e37f07875e9a3dd9,"0000 -31  0.1  10.140200  0  K1ABC FN42 33 
<DecodeFinished>",
-30.5,0.5,0.0,88,2026112888,1,K1ABC FN42 33,-30,0,10.140200,0.33404428500034555,0,official WSJT-X 3.0.2; binary SHA256 9e3c2fc14f63c4b4c4e9fcc33b386cd22daf8fe76ce724c5e37f07875e9a3dd9,"0000 -30  0.0  10.140200  0  K1ABC FN42 33 
<DecodeFinished>",
-30.5,0.5,0.0,87,2026112887,0,,,,,0.5200784570001815,0,official WSJT-X 3.0.2; binary SHA256 9e3c2fc14f63c4b4c4e9fcc33b386cd22daf8fe76ce724c5e37f07875e9a3dd9,<DecodeFinished>,
-30.5,0.5,0.0,89,2026112889,0,,,,,0.4973525269997481,0,official WSJT-X 3.0.2; binary SHA256 9e3c2fc14f63c4b4c4e9fcc33b386cd22daf8fe76ce724c5e37f07875e9a3dd9,<DecodeFinished>,
-30.5,0.5,0.0,92,2026112892,0,,,,,0.1449283980000473,0,official WSJT-X 3.0.2; binary SHA256 9e3c2fc14f63c4b4c4e9fcc33b386cd22daf8fe76ce724c5e37f07875e9a3dd9,<DecodeFinished>,
-30.5,0.5,0.0,90,2026112890,0,,,,,0.5141924300000937,0,official WSJT-X 3.0.2; binary SHA256 9e3c2fc14f63c4b4c4e9fcc33b386cd22daf8fe76ce724c5e37f07875e9a3dd9,<DecodeFinished>,
-30.5,0.5,0.0,91,2026112891,0,,,,,0.5081265049998365,0,official WSJT-X 3.0.2; binary SHA256 9e3c2fc14f63c4b4c4e9fcc33b386cd22daf8fe76ce724c5e37f07875e9a3dd9,<DecodeFinished>,
-30.5,0.5,0.0,95,2026112895,1,K1ABC FN42 33,-30,0,10.140200,0.35002697500021895,0,official WSJT-X 3.0.2; binary SHA256 9e3c2fc14f63c4b4c4e9fcc33b386cd22daf8fe76ce724c5e37f07875e9a3dd9,"0000 -30  0.1  10.140200  0  K1ABC FN42 33 
<DecodeFinished>",
-30.5,0.5,0.0,93,2026112893,0,,,,,0.5206222440001511,0,official WSJT-X 3.0.2; binary SHA256 9e3c2fc14f63c4b4c4e9fcc33b386cd22daf8fe76ce724c5e37f07875e9a3dd9,<DecodeFinished>,
-30.5,0.5,0.0,96,2026112896,1,K1ABC FN42 33,-31,0,10.140200,0.23990766799988705,0,official WSJT-X 3.0.2; binary SHA256 9e3c2fc14f63c4b4c4e9fcc33b386cd22daf8fe76ce724c5e37f07875e9a3dd9,"0000 -31 -0.0  10.140200  0  K1ABC FN42 33 
<DecodeFinished>",
-30.5,0.5,0.0,94,2026112894,0,,,,,0.5138419390000308,0,official WSJT-X 3.0.2; binary SHA256 9e3c2fc14f63c4b4c4e9fcc33b386cd22daf8fe76ce724c5e37f07875e9a3dd9,<DecodeFinished>,
-30.5,0.5,0.0,98,2026112898,1,K1ABC FN42 33,-30,0,10.140200,0.3001555130003908,0,official WSJT-X 3.0.2; binary SHA256 9e3c2fc14f63c4b4c4e9fcc33b386cd22daf8fe76ce724c5e37f07875e9a3dd9,"0000 -30  0.1  10.140200  0  K1ABC FN42 33 
<DecodeFinished>",
-30.5,0.5,0.0,97,2026112897,0,,,,,0.5285324680003214,0,official WSJT-X 3.0.2; binary SHA256 9e3c2fc14f63c4b4c4e9fcc33b386cd22daf8fe76ce724c5e37f07875e9a3dd9,<DecodeFinished>,
-30.5,0.5,0.0,99,2026112899,0,,,,,0.599498766999659,0,official WSJT-X 3.0.2; binary SHA256 9e3c2fc14f63c4b4c4e9fcc33b386cd22daf8fe76ce724c5e37f07875e9a3dd9,<DecodeFinished>,
-30.5,0.5,0.125,0,2026112800,0,,,,,0.5711520619997827,0,official WSJT-X 3.0.2; binary SHA256 9e3c2fc14f63c4b4c4e9fcc33b386cd22daf8fe76ce724c5e37f07875e9a3dd9,<DecodeFinished>,
-30.5,0.5,0.125,3,2026112803,1,K1ABC FN42 33,-30,0,10.140200,0.05884910499980833,0,official WSJT-X 3.0.2; binary SHA256 9e3c2fc14f63c4b4c4e9fcc33b386cd22daf8fe76ce724c5e37f07875e9a3dd9,"0000 -30  0.1  10.140200  0  K1ABC FN42 33 
<DecodeFinished>",
-30.5,0.5,0.125,5,2026112805,1,K1ABC FN42 33,-31,0,10.140200,0.06577128899971285,0,official WSJT-X 3.0.2; binary SHA256 9e3c2fc14f63c4b4c4e9fcc33b386cd22daf8fe76ce724c5e37f07875e9a3dd9,"0000 -31  0.0  10.140200  0  K1ABC FN42 33 
<DecodeFinished>",
-30.5,0.5,0.125,2,2026112802,1,K1ABC FN42 33,-31,0,10.140200,0.2581577279997873,0,official WSJT-X 3.0.2; binary SHA256 9e3c2fc14f63c4b4c4e9fcc33b386cd22daf8fe76ce724c5e37f07875e9a3dd9,"0000 -31 -0.0  10.140200  0  K1ABC FN42 33 
<DecodeFinished>",
-30.5,0.5,0.125,1,2026112801,0,,,,,0.5247151799999301,0,official WSJT-X 3.0.2; binary SHA256 9e3c2fc14f63c4b4c4e9fcc33b386cd22daf8fe76ce724c5e37f07875e9a3dd9,<DecodeFinished>,
-30.5,0.5,0.125,6,2026112806,1,K1ABC FN42 33,-29,0,10.140200,0.14978530300004422,0,official WSJT-X 3.0.2; binary SHA256 9e3c2fc14f63c4b4c4e9fcc33b386cd22daf8fe76ce724c5e37f07875e9a3dd9,"0000 -29  0.1  10.140200  0  K1ABC FN42 33 
<DecodeFinished>",
-30.5,0.5,0.125,9,2026112809,1,K1ABC FN42 33,-30,0,10.140200,0.051369798999985505,0,official WSJT-X 3.0.2; binary SHA256 9e3c2fc14f63c4b4c4e9fcc33b386cd22daf8fe76ce724c5e37f07875e9a3dd9,"0000 -30  0.0  10.140200  0  K1ABC FN42 33 
<DecodeFinished>",
-30.5,0.5,0.125,7,2026112807,1,K1ABC FN42 33,-31,0,10.140200,0.2789525390003291,0,official WSJT-X 3.0.2; binary SHA256 9e3c2fc14f63c4b4c4e9fcc33b386cd22daf8fe76ce724c5e37f07875e9a3dd9,"0000 -31 -0.1  10.140200  0  K1ABC FN42 33 
<DecodeFinished>",
-30.5,0.5,0.125,4,2026112804,0,,,,,0.5260537770000155,0,official WSJT-X 3.0.2; binary SHA256 9e3c2fc14f63c4b4c4e9fcc33b386cd22daf8fe76ce724c5e37f07875e9a3dd9,<DecodeFinished>,
-30.5,0.5,0.125,8,2026112808,0,,,,,0.5143051439999908,0,official WSJT-X 3.0.2; binary SHA256 9e3c2fc14f63c4b4c4e9fcc33b386cd22daf8fe76ce724c5e37f07875e9a3dd9,<DecodeFinished>,
-30.5,0.5,0.125,10,2026112810,0,,,,,0.5120391870000276,0,official WSJT-X 3.0.2; binary SHA256 9e3c2fc14f63c4b4c4e9fcc33b386cd22daf8fe76ce724c5e37f07875e9a3dd9,<DecodeFinished>,
-30.5,0.5,0.125,11,2026112811,0,,,,,0.5091477129999475,0,official WSJT-X 3.0.2; binary SHA256 9e3c2fc14f63c4b4c4e9fcc33b386cd22daf8fe76ce724c5e37f07875e9a3dd9,<DecodeFinished>,
-30.5,0.5,0.125,14,2026112814,1,K1ABC FN42 33,-29,0,10.140200,0.24347635599997375,0,official WSJT-X 3.0.2; binary SHA256 9e3c2fc14f63c4b4c4e9fcc33b386cd22daf8fe76ce724c5e37f07875e9a3dd9,"0000 -29  0.0  10.140200  0  K1ABC FN42 33 
<DecodeFinished>",
-30.5,0.5,0.125,12,2026112812,0,,,,,0.5149318519997905,0,official WSJT-X 3.0.2; binary SHA256 9e3c2fc14f63c4b4c4e9fcc33b386cd22daf8fe76ce724c5e37f07875e9a3dd9,<DecodeFinished>,
-30.5,0.5,0.125,13,2026112813,0,,,,,0.5463186100000712,0,official WSJT-X 3.0.2; binary SHA256 9e3c2fc14f63c4b4c4e9fcc33b386cd22daf8fe76ce724c5e37f07875e9a3dd9,<DecodeFinished>,
-30.5,0.5,0.125,15,2026112815,0,,,,,0.5751841340002102,0,official WSJT-X 3.0.2; binary SHA256 9e3c2fc14f63c4b4c4e9fcc33b386cd22daf8fe76ce724c5e37f07875e9a3dd9,<DecodeFinished>,
-30.5,0.5,0.125,17,2026112817,0,,,,,0.5428154450000875,0,official WSJT-X 3.0.2; binary SHA256 9e3c2fc14f63c4b4c4e9fcc33b386cd22daf8fe76ce724c5e37f07875e9a3dd9,<DecodeFinished>,
-30.5,0.5,0.125,16,2026112816,0,,,,,0.5876103610003156,0,official WSJT-X 3.0.2; binary SHA256 9e3c2fc14f63c4b4c4e9fcc33b386cd22daf8fe76ce724c5e37f07875e9a3dd9,<DecodeFinished>,
-30.5,0.5,0.125,18,2026112818,0,,,,,0.5249439359999997,0,official WSJT-X 3.0.2; binary SHA256 9e3c2fc14f63c4b4c4e9fcc33b386cd22daf8fe76ce724c5e37f07875e9a3dd9,<DecodeFinished>,
-30.5,0.5,0.125,19,2026112819,1,K1ABC FN42 33,-31,0,10.140200,0.39194795200000954,0,official WSJT-X 3.0.2; binary SHA256 9e3c2fc14f63c4b4c4e9fcc33b386cd22daf8fe76ce724c5e37f07875e9a3dd9,"0000 -31  0.1  10.140200  0  K1ABC FN42 33 
<DecodeFinished>",
-30.5,0.5,0.125,23,2026112823,1,K1ABC FN42 33,-30,0,10.140200,0.053709642000285385,0,official WSJT-X 3.0.2; binary SHA256 9e3c2fc14f63c4b4c4e9fcc33b386cd22daf8fe76ce724c5e37f07875e9a3dd9,"0000 -30  0.1  10.140200  0  K1ABC FN42 33 
<DecodeFinished>",
-30.5,0.5,0.125,20,2026112820,0,,,,,0.5193819789997178,0,official WSJT-X 3.0.2; binary SHA256 9e3c2fc14f63c4b4c4e9fcc33b386cd22daf8fe76ce724c5e37f07875e9a3dd9,<DecodeFinished>,
-30.5,0.5,0.125,21,2026112821,0,,,,,0.5227971180001987,0,official WSJT-X 3.0.2; binary SHA256 9e3c2fc14f63c4b4c4e9fcc33b386cd22daf8fe76ce724c5e37f07875e9a3dd9,<DecodeFinished>,
-30.5,0.5,0.125,22,2026112822,0,,,,,0.4981209890001992,0,official WSJT-X 3.0.2; binary SHA256 9e3c2fc14f63c4b4c4e9fcc33b386cd22daf8fe76ce724c5e37f07875e9a3dd9,<DecodeFinished>,
-30.5,0.5,0.125,24,2026112824,1,K1ABC FN42 33,-30,0,10.140200,0.3683478230000219,0,official WSJT-X 3.0.2; binary SHA256 9e3c2fc14f63c4b4c4e9fcc33b386cd22daf8fe76ce724c5e37f07875e9a3dd9,"0000 -30 -0.0  10.140200  0  K1ABC FN42 33 
<DecodeFinished>",
-30.5,0.5,0.125,28,2026112828,1,K1ABC FN42 33,-29,0,10.140200,0.10943705699992279,0,official WSJT-X 3.0.2; binary SHA256 9e3c2fc14f63c4b4c4e9fcc33b386cd22daf8fe76ce724c5e37f07875e9a3dd9,"0000 -29  0.1  10.140200  0  K1ABC FN42 33 
<DecodeFinished>",
-30.5,0.5,0.125,25,2026112825,0,,,,,0.4990756490001331,0,official WSJT-X 3.0.2; binary SHA256 9e3c2fc14f63c4b4c4e9fcc33b386cd22daf8fe76ce724c5e37f07875e9a3dd9,<DecodeFinished>,
-30.5,0.5,0.125,30,2026112830,1,K1ABC FN42 33,-31,0,10.140200,0.050677275999987614,0,official WSJT-X 3.0.2; binary SHA256 9e3c2fc14f63c4b4c4e9fcc33b386cd22daf8fe76ce724c5e37f07875e9a3dd9,"0000 -31  0.0  10.140200  0  K1ABC FN42 33 
<DecodeFinished>",
-30.5,0.5,0.125,26,2026112826,0,,,,,0.5109799570000177,0,official WSJT-X 3.0.2; binary SHA256 9e3c2fc14f63c4b4c4e9fcc33b386cd22daf8fe76ce724c5e37f07875e9a3dd9,<DecodeFinished>,
-30.5,0.5,0.125,29,2026112829,1,K1ABC FN42 33,-32,0,10.140200,0.26865505100022347,0,official WSJT-X 3.0.2; binary SHA256 9e3c2fc14f63c4b4c4e9fcc33b386cd22daf8fe76ce724c5e37f07875e9a3dd9,"0000 -32  0.1  10.140200  0  K1ABC FN42 33 
<DecodeFinished>",
-30.5,0.5,0.125,27,2026112827,0,,,,,0.4920772420000503,0,official WSJT-X 3.0.2; binary SHA256 9e3c2fc14f63c4b4c4e9fcc33b386cd22daf8fe76ce724c5e37f07875e9a3dd9,<DecodeFinished>,
-30.5,0.5,0.125,34,2026112834,1,K1ABC FN42 33,-31,0,10.140200,0.05232593899972926,0,official WSJT-X 3.0.2; binary SHA256 9e3c2fc14f63c4b4c4e9fcc33b386cd22daf8fe76ce724c5e37f07875e9a3dd9,"0000 -31  0.0  10.140200  0  K1ABC FN42 33 
<DecodeFinished>",
-30.5,0.5,0.125,31,2026112831,1,K1ABC FN42 33,-31,0,10.140200,0.24720597400028055,0,official WSJT-X 3.0.2; binary SHA256 9e3c2fc14f63c4b4c4e9fcc33b386cd22daf8fe76ce724c5e37f07875e9a3dd9,"0000 -31 -0.1  10.140200  0  K1ABC FN42 33 
<DecodeFinished>",
-30.5,0.5,0.125,36,2026112836,1,K1ABC FN42 33,-31,0,10.140200,0.06323554099981266,0,official WSJT-X 3.0.2; binary SHA256 9e3c2fc14f63c4b4c4e9fcc33b386cd22daf8fe76ce724c5e37f07875e9a3dd9,"0000 -31 -0.1  10.140200  0  K1ABC FN42 33 
<DecodeFinished>",
-30.5,0.5,0.125,33,2026112833,0,,,,,0.49749639300034687,0,official WSJT-X 3.0.2; binary SHA256 9e3c2fc14f63c4b4c4e9fcc33b386cd22daf8fe76ce724c5e37f07875e9a3dd9,<DecodeFinished>,
-30.5,0.5,0.125,32,2026112832,0,,,,,0.5080789540002115,0,official WSJT-X 3.0.2; binary SHA256 9e3c2fc14f63c4b4c4e9fcc33b386cd22daf8fe76ce724c5e37f07875e9a3dd9,<DecodeFinished>,
-30.5,0.5,0.125,37,2026112837,1,K1ABC FN42 33,-31,0,10.140200,0.23796974900005807,0,official WSJT-X 3.0.2; binary SHA256 9e3c2fc14f63c4b4c4e9fcc33b386cd22daf8fe76ce724c5e37f07875e9a3dd9,"0000 -31  0.0  10.140200  0  K1ABC FN42 33 
<DecodeFinished>",
-30.5,0.5,0.125,39,2026112839,1,K1ABC FN42 33,-30,0,10.140200,0.052857425999718544,0,official WSJT-X 3.0.2; binary SHA256 9e3c2fc14f63c4b4c4e9fcc33b386cd22daf8fe76ce724c5e37f07875e9a3dd9,"0000 -30 -0.0  10.140200  0  K1ABC FN42 33 
<DecodeFinished>",
-30.5,0.5,0.125,35,2026112835,0,,,,,0.6134976829998777,0,official WSJT-X 3.0.2; binary SHA256 9e3c2fc14f63c4b4c4e9fcc33b386cd22daf8fe76ce724c5e37f07875e9a3dd9,<DecodeFinished>,
-30.5,0.5,0.125,38,2026112838,1,K1ABC FN42 33,-30,0,10.140200,0.2725381479999669,0,official WSJT-X 3.0.2; binary SHA256 9e3c2fc14f63c4b4c4e9fcc33b386cd22daf8fe76ce724c5e37f07875e9a3dd9,"0000 -30  0.1  10.140200  0  K1ABC FN42 33 
<DecodeFinished>",
-30.5,0.5,0.125,43,2026112843,1,K1ABC FN42 33,-29,0,10.140200,0.2438130230002571,0,official WSJT-X 3.0.2; binary SHA256 9e3c2fc14f63c4b4c4e9fcc33b386cd22daf8fe76ce724c5e37f07875e9a3dd9,"0000 -29  0.0  10.140200  0  K1ABC FN42 33 
<DecodeFinished>",
-30.5,0.5,0.125,40,2026112840,0,,,,,0.5319196269997519,0,official WSJT-X 3.0.2; binary SHA256 9e3c2fc14f63c4b4c4e9fcc33b386cd22daf8fe76ce724c5e37f07875e9a3dd9,<DecodeFinished>,
-30.5,0.5,0.125,41,2026112841,0,,,,,0.5318240080000578,0,official WSJT-X 3.0.2; binary SHA256 9e3c2fc14f63c4b4c4e9fcc33b386cd22daf8fe76ce724c5e37f07875e9a3dd9,<DecodeFinished>,
-30.5,0.5,0.125,42,2026112842,0,,,,,0.5279915749997599,0,official WSJT-X 3.0.2; binary SHA256 9e3c2fc14f63c4b4c4e9fcc33b386cd22daf8fe76ce724c5e37f07875e9a3dd9,<DecodeFinished>,
-30.5,0.5,0.125,44,2026112844,0,,,,,0.5215400090000912,0,official WSJT-X 3.0.2; binary SHA256 9e3c2fc14f63c4b4c4e9fcc33b386cd22daf8fe76ce724c5e37f07875e9a3dd9,<DecodeFinished>,
-30.5,0.5,0.125,45,2026112845,0,,,,,0.51898078000022,0,official WSJT-X 3.0.2; binary SHA256 9e3c2fc14f63c4b4c4e9fcc33b386cd22daf8fe76ce724c5e37f07875e9a3dd9,<DecodeFinished>,
-30.5,0.5,0.125,46,2026112846,0,,,,,0.5269238690002567,0,official WSJT-X 3.0.2; binary SHA256 9e3c2fc14f63c4b4c4e9fcc33b386cd22daf8fe76ce724c5e37f07875e9a3dd9,<DecodeFinished>,
-30.5,0.5,0.125,48,2026112848,1,K1ABC FN42 33,-30,0,10.140200,0.2421755159998611,0,official WSJT-X 3.0.2; binary SHA256 9e3c2fc14f63c4b4c4e9fcc33b386cd22daf8fe76ce724c5e37f07875e9a3dd9,"0000 -30 -0.0  10.140200  0  K1ABC FN42 33 
<DecodeFinished>",
-30.5,0.5,0.125,47,2026112847,0,,,,,0.5025455279997004,0,official WSJT-X 3.0.2; binary SHA256 9e3c2fc14f63c4b4c4e9fcc33b386cd22daf8fe76ce724c5e37f07875e9a3dd9,<DecodeFinished>,
-30.5,0.5,0.125,49,2026112849,1,K1ABC FN42 33,-30,0,10.140200,0.2385596600001918,0,official WSJT-X 3.0.2; binary SHA256 9e3c2fc14f63c4b4c4e9fcc33b386cd22daf8fe76ce724c5e37f07875e9a3dd9,"0000 -30  0.0  10.140200  0  K1ABC FN42 33 
<DecodeFinished>",
-30.5,0.5,0.125,50,2026112850,1,K1ABC FN42 33,-30,0,10.140200,0.22351766200017664,0,official WSJT-X 3.0.2; binary SHA256 9e3c2fc14f63c4b4c4e9fcc33b386cd22daf8fe76ce724c5e37f07875e9a3dd9,"0000 -30 -0.0  10.140200  0  K1ABC FN42 33 
<DecodeFinished>",
-30.5,0.5,0.125,52,2026112852,1,K1ABC FN42 33,-30,0,10.140200,0.25547965500027203,0,official WSJT-X 3.0.2; binary SHA256 9e3c2fc14f63c4b4c4e9fcc33b386cd22daf8fe76ce724c5e37f07875e9a3dd9,"0000 -30 -0.1  10.140200  0  K1ABC FN42 33 
<DecodeFinished>",
-30.5,0.5,0.125,53,2026112853,1,K1ABC FN42 33,-31,0,10.140200,0.23715412599995034,0,official WSJT-X 3.0.2; binary SHA256 9e3c2fc14f63c4b4c4e9fcc33b386cd22daf8fe76ce724c5e37f07875e9a3dd9,"0000 -31  0.0  10.140200  0  K1ABC FN42 33 
<DecodeFinished>",
-30.5,0.5,0.125,55,2026112855,1,K1ABC FN42 33,-31,0,10.140200,0.12258873599967046,0,official WSJT-X 3.0.2; binary SHA256 9e3c2fc14f63c4b4c4e9fcc33b386cd22daf8fe76ce724c5e37f07875e9a3dd9,"0000 -31  0.1  10.140200  0  K1ABC FN42 33 
<DecodeFinished>",
-30.5,0.5,0.125,57,2026112857,1,K1ABC FN42 33,-29,0,10.140200,0.06346097599998757,0,official WSJT-X 3.0.2; binary SHA256 9e3c2fc14f63c4b4c4e9fcc33b386cd22daf8fe76ce724c5e37f07875e9a3dd9,"0000 -29  0.0  10.140200  0  K1ABC FN42 33 
<DecodeFinished>",
-30.5,0.5,0.125,51,2026112851,0,,,,,0.5192041450000033,0,official WSJT-X 3.0.2; binary SHA256 9e3c2fc14f63c4b4c4e9fcc33b386cd22daf8fe76ce724c5e37f07875e9a3dd9,<DecodeFinished>,
-30.5,0.5,0.125,54,2026112854,0,,,,,0.4845748600000661,0,official WSJT-X 3.0.2; binary SHA256 9e3c2fc14f63c4b4c4e9fcc33b386cd22daf8fe76ce724c5e37f07875e9a3dd9,<DecodeFinished>,
-30.5,0.5,0.125,58,2026112858,1,K1ABC FN42 33,-30,0,10.140200,0.24015974200028722,0,official WSJT-X 3.0.2; binary SHA256 9e3c2fc14f63c4b4c4e9fcc33b386cd22daf8fe76ce724c5e37f07875e9a3dd9,"0000 -30  0.0  10.140200  0  K1ABC FN42 33 
<DecodeFinished>",
-30.5,0.5,0.125,60,2026112860,1,K1ABC FN42 33,-31,0,10.140200,0.24647709400005624,0,official WSJT-X 3.0.2; binary SHA256 9e3c2fc14f63c4b4c4e9fcc33b386cd22daf8fe76ce724c5e37f07875e9a3dd9,"0000 -31 -0.0  10.140200  0  K1ABC FN42 33 
<DecodeFinished>",
-30.5,0.5,0.125,56,2026112856,0,,,,,0.5151964040001076,0,official WSJT-X 3.0.2; binary SHA256 9e3c2fc14f63c4b4c4e9fcc33b386cd22daf8fe76ce724c5e37f07875e9a3dd9,<DecodeFinished>,
-30.5,0.5,0.125,62,2026112862,1,K1ABC FN42 33,-30,0,10.140200,0.2521064029997433,0,official WSJT-X 3.0.2; binary SHA256 9e3c2fc14f63c4b4c4e9fcc33b386cd22daf8fe76ce724c5e37f07875e9a3dd9,"0000 -30  0.0  10.140200  0  K1ABC FN42 33 
<DecodeFinished>",
-30.5,0.5,0.125,59,2026112859,0,,,,,0.540134776999821,0,official WSJT-X 3.0.2; binary SHA256 9e3c2fc14f63c4b4c4e9fcc33b386cd22daf8fe76ce724c5e37f07875e9a3dd9,<DecodeFinished>,
-30.5,0.5,0.125,63,2026112863,1,K1ABC FN42 33,-31,0,10.140200,0.3952368129998831,0,official WSJT-X 3.0.2; binary SHA256 9e3c2fc14f63c4b4c4e9fcc33b386cd22daf8fe76ce724c5e37f07875e9a3dd9,"0000 -31  0.1  10.140200  0  K1ABC FN42 33 
<DecodeFinished>",
-30.5,0.5,0.125,61,2026112861,0,,,,,0.5308686490002401,0,official WSJT-X 3.0.2; binary SHA256 9e3c2fc14f63c4b4c4e9fcc33b386cd22daf8fe76ce724c5e37f07875e9a3dd9,<DecodeFinished>,
-30.5,0.5,0.125,67,2026112867,1,K1ABC FN42 33,-30,0,10.140200,0.08903423199990357,0,official WSJT-X 3.0.2; binary SHA256 9e3c2fc14f63c4b4c4e9fcc33b386cd22daf8fe76ce724c5e37f07875e9a3dd9,"0000 -30 -0.1  10.140200  0  K1ABC FN42 33 
<DecodeFinished>",
-30.5,0.5,0.125,65,2026112865,1,K1ABC FN42 33,-31,0,10.140200,0.2537344359998315,0,official WSJT-X 3.0.2; binary SHA256 9e3c2fc14f63c4b4c4e9fcc33b386cd22daf8fe76ce724c5e37f07875e9a3dd9,"0000 -31  0.1  10.140200  0  K1ABC FN42 33 
<DecodeFinished>",
-30.5,0.5,0.125,68,2026112868,1,K1ABC FN42 33,-31,0,10.140200,0.14305183399983434,0,official WSJT-X 3.0.2; binary SHA256 9e3c2fc14f63c4b4c4e9fcc33b386cd22daf8fe76ce724c5e37f07875e9a3dd9,"0000 -31  0.0  10.140200  0  K1ABC FN42 33 
<DecodeFinished>",
-30.5,0.5,0.125,64,2026112864,0,,,,,0.5132718169998043,0,official WSJT-X 3.0.2; binary SHA256 9e3c2fc14f63c4b4c4e9fcc33b386cd22daf8fe76ce724c5e37f07875e9a3dd9,<DecodeFinished>,
-30.5,0.5,0.125,71,2026112871,1,K1ABC FN42 33,-30,0,10.140200,0.06020216099977915,0,official WSJT-X 3.0.2; binary SHA256 9e3c2fc14f63c4b4c4e9fcc33b386cd22daf8fe76ce724c5e37f07875e9a3dd9,"0000 -30 -0.1  10.140200  0  K1ABC FN42 33 
<DecodeFinished>",
-30.5,0.5,0.125,70,2026112870,1,K1ABC FN42 33,-29,0,10.140200,0.2536454920000324,0,official WSJT-X 3.0.2; binary SHA256 9e3c2fc14f63c4b4c4e9fcc33b386cd22daf8fe76ce724c5e37f07875e9a3dd9,"0000 -29  0.1  10.140200  0  K1ABC FN42 33 
<DecodeFinished>",
-30.5,0.5,0.125,66,2026112866,0,,,,,0.5363789400003043,0,official WSJT-X 3.0.2; binary SHA256 9e3c2fc14f63c4b4c4e9fcc33b386cd22daf8fe76ce724c5e37f07875e9a3dd9,<DecodeFinished>,
-30.5,0.5,0.125,69,2026112869,0,,,,,0.5176435769999443,0,official WSJT-X 3.0.2; binary SHA256 9e3c2fc14f63c4b4c4e9fcc33b386cd22daf8fe76ce724c5e37f07875e9a3dd9,<DecodeFinished>,
-30.5,0.5,0.125,73,2026112873,1,K1ABC FN42 33,-31,0,10.140200,0.2650911720002114,0,official WSJT-X 3.0.2; binary SHA256 9e3c2fc14f63c4b4c4e9fcc33b386cd22daf8fe76ce724c5e37f07875e9a3dd9,"0000 -31  0.1  10.140200  0  K1ABC FN42 33 
<DecodeFinished>",
-30.5,0.5,0.125,75,2026112875,1,K1ABC FN42 33,-31,0,10.140200,0.23964446100035275,0,official WSJT-X 3.0.2; binary SHA256 9e3c2fc14f63c4b4c4e9fcc33b386cd22daf8fe76ce724c5e37f07875e9a3dd9,"0000 -31 -0.0  10.140200  0  K1ABC FN42 33 
<DecodeFinished>",
-30.5,0.5,0.125,77,2026112877,1,K1ABC FN42 33,-29,0,10.140200,0.05834923600014008,0,official WSJT-X 3.0.2; binary SHA256 9e3c2fc14f63c4b4c4e9fcc33b386cd22daf8fe76ce724c5e37f07875e9a3dd9,"0000 -29  0.0  10.140200  0  K1ABC FN42 33 
<DecodeFinished>",
-30.5,0.5,0.125,72,2026112872,0,,,,,0.5216152120001425,0,official WSJT-X 3.0.2; binary SHA256 9e3c2fc14f63c4b4c4e9fcc33b386cd22daf8fe76ce724c5e37f07875e9a3dd9,<DecodeFinished>,
-30.5,0.5,0.125,79,2026112879,1,K1ABC FN42 33,-30,0,10.140200,0.10086662300000171,0,official WSJT-X 3.0.2; binary SHA256 9e3c2fc14f63c4b4c4e9fcc33b386cd22daf8fe76ce724c5e37f07875e9a3dd9,"0000 -30 -0.1  10.140200  0  K1ABC FN42 33 
<DecodeFinished>",
-30.5,0.5,0.125,74,2026112874,0,,,,,0.5092028149997532,0,official WSJT-X 3.0.2; binary SHA256 9e3c2fc14f63c4b4c4e9fcc33b386cd22daf8fe76ce724c5e37f07875e9a3dd9,<DecodeFinished>,
-30.5,0.5,0.125,76,2026112876,0,,,,,0.5322729150002488,0,official WSJT-X 3.0.2; binary SHA256 9e3c2fc14f63c4b4c4e9fcc33b386cd22daf8fe76ce724c5e37f07875e9a3dd9,<DecodeFinished>,
-30.5,0.5,0.125,78,2026112878,0,,,,,0.5306758839997201,0,official WSJT-X 3.0.2; binary SHA256 9e3c2fc14f63c4b4c4e9fcc33b386cd22daf8fe76ce724c5e37f07875e9a3dd9,<DecodeFinished>,
-30.5,0.5,0.125,80,2026112880,0,,,,,0.4940081569998256,0,official WSJT-X 3.0.2; binary SHA256 9e3c2fc14f63c4b4c4e9fcc33b386cd22daf8fe76ce724c5e37f07875e9a3dd9,<DecodeFinished>,
-30.5,0.5,0.125,81,2026112881,0,,,,,0.504611063000084,0,official WSJT-X 3.0.2; binary SHA256 9e3c2fc14f63c4b4c4e9fcc33b386cd22daf8fe76ce724c5e37f07875e9a3dd9,<DecodeFinished>,
-30.5,0.5,0.125,85,2026112885,1,K1ABC FN42 33,-31,0,10.140200,0.10851282700014053,0,official WSJT-X 3.0.2; binary SHA256 9e3c2fc14f63c4b4c4e9fcc33b386cd22daf8fe76ce724c5e37f07875e9a3dd9,"0000 -31  0.1  10.140200  0  K1ABC FN42 33 
<DecodeFinished>",
-30.5,0.5,0.125,82,2026112882,0,,,,,0.5252671580001333,0,official WSJT-X 3.0.2; binary SHA256 9e3c2fc14f63c4b4c4e9fcc33b386cd22daf8fe76ce724c5e37f07875e9a3dd9,<DecodeFinished>,
-30.5,0.5,0.125,83,2026112883,0,,,,,0.5156584460000886,0,official WSJT-X 3.0.2; binary SHA256 9e3c2fc14f63c4b4c4e9fcc33b386cd22daf8fe76ce724c5e37f07875e9a3dd9,<DecodeFinished>,
-30.5,0.5,0.125,84,2026112884,0,,,,,0.5267608710000786,0,official WSJT-X 3.0.2; binary SHA256 9e3c2fc14f63c4b4c4e9fcc33b386cd22daf8fe76ce724c5e37f07875e9a3dd9,<DecodeFinished>,
-30.5,0.5,0.125,89,2026112889,1,K1ABC FN42 33,-30,0,10.140200,0.08491315600031157,0,official WSJT-X 3.0.2; binary SHA256 9e3c2fc14f63c4b4c4e9fcc33b386cd22daf8fe76ce724c5e37f07875e9a3dd9,"0000 -30 -0.0  10.140200  0  K1ABC FN42 33 
<DecodeFinished>",
-30.5,0.5,0.125,86,2026112886,0,,,,,0.5167029469998852,0,official WSJT-X 3.0.2; binary SHA256 9e3c2fc14f63c4b4c4e9fcc33b386cd22daf8fe76ce724c5e37f07875e9a3dd9,<DecodeFinished>,
-30.5,0.5,0.125,91,2026112891,1,K1ABC FN42 33,-31,0,10.140200,0.06900230300016119,0,official WSJT-X 3.0.2; binary SHA256 9e3c2fc14f63c4b4c4e9fcc33b386cd22daf8fe76ce724c5e37f07875e9a3dd9,"0000 -31  0.0  10.140200  0  K1ABC FN42 33 
<DecodeFinished>",
-30.5,0.5,0.125,87,2026112887,0,,,,,0.5352545050000117,0,official WSJT-X 3.0.2; binary SHA256 9e3c2fc14f63c4b4c4e9fcc33b386cd22daf8fe76ce724c5e37f07875e9a3dd9,<DecodeFinished>,
-30.5,0.5,0.125,88,2026112888,0,,,,,0.5107933570002388,0,official WSJT-X 3.0.2; binary SHA256 9e3c2fc14f63c4b4c4e9fcc33b386cd22daf8fe76ce724c5e37f07875e9a3dd9,<DecodeFinished>,
-30.5,0.5,0.125,92,2026112892,1,K1ABC FN42 33,-30,0,10.140200,0.3219695339998907,0,official WSJT-X 3.0.2; binary SHA256 9e3c2fc14f63c4b4c4e9fcc33b386cd22daf8fe76ce724c5e37f07875e9a3dd9,"0000 -30  0.0  10.140200  0  K1ABC FN42 33 
<DecodeFinished>",
-30.5,0.5,0.125,93,2026112893,1,K1ABC FN42 33,-30,0,10.140200,0.23438655000018116,0,official WSJT-X 3.0.2; binary SHA256 9e3c2fc14f63c4b4c4e9fcc33b386cd22daf8fe76ce724c5e37f07875e9a3dd9,"0000 -30  0.0  10.140200  0  K1ABC FN42 33 
<DecodeFinished>",
-30.5,0.5,0.125,95,2026112895,1,K1ABC FN42 33,-30,0,10.140200,0.049035484999876644,0,official WSJT-X 3.0.2; binary SHA256 9e3c2fc14f63c4b4c4e9fcc33b386cd22daf8fe76ce724c5e37f07875e9a3dd9,"0000 -30  0.0  10.140200  0  K1ABC FN42 33 
<DecodeFinished>",
-30.5,0.5,0.125,90,2026112890,0,,,,,0.5150701630000185,0,official WSJT-X 3.0.2; binary SHA256 9e3c2fc14f63c4b4c4e9fcc33b386cd22daf8fe76ce724c5e37f07875e9a3dd9,<DecodeFinished>,
-30.5,0.5,0.125,96,2026112896,1,K1ABC FN42 33,-30,0,10.140200,0.23167975999967894,0,official WSJT-X 3.0.2; binary SHA256 9e3c2fc14f63c4b4c4e9fcc33b386cd22daf8fe76ce724c5e37f07875e9a3dd9,"0000 -30  0.0  10.140200  0  K1ABC FN42 33 
<DecodeFinished>",
-30.5,0.5,0.125,94,2026112894,0,,,,,0.5093506359999083,0,official WSJT-X 3.0.2; binary SHA256 9e3c2fc14f63c4b4c4e9fcc33b386cd22daf8fe76ce724c5e37f07875e9a3dd9,<DecodeFinished>,
-30.5,0.5,0.125,99,2026112899,1,K1ABC FN42 33,-30,0,10.140200,0.24626686800002062,0,official WSJT-X 3.0.2; binary SHA256 9e3c2fc14f63c4b4c4e9fcc33b386cd22daf8fe76ce724c5e37f07875e9a3dd9,"0000 -30 -0.0  10.140200  0  K1ABC FN42 33 
<DecodeFinished>",
-30.5,0.5,0.125,97,2026112897,0,,,,,0.5080910169999697,0,official WSJT-X 3.0.2; binary SHA256 9e3c2fc14f63c4b4c4e9fcc33b386cd22daf8fe76ce724c5e37f07875e9a3dd9,<DecodeFinished>,
-30.5,0.5,0.25,0,2026112800,1,K1ABC FN42 33,-31,0,10.140200,0.16662898399999904,0,official WSJT-X 3.0.2; binary SHA256 9e3c2fc14f63c4b4c4e9fcc33b386cd22daf8fe76ce724c5e37f07875e9a3dd9,"0000 -31  0.1  10.140200  0  K1ABC FN42 33 
<DecodeFinished>",
-30.5,0.5,0.125,98,2026112898,0,,,,,0.5225325730002623,0,official WSJT-X 3.0.2; binary SHA256 9e3c2fc14f63c4b4c4e9fcc33b386cd22daf8fe76ce724c5e37f07875e9a3dd9,<DecodeFinished>,
-30.5,0.5,0.25,2,2026112802,1,K1ABC FN42 33,-31,0,10.140200,0.06385396399991805,0,official WSJT-X 3.0.2; binary SHA256 9e3c2fc14f63c4b4c4e9fcc33b386cd22daf8fe76ce724c5e37f07875e9a3dd9,"0000 -31 -0.0  10.140200  0  K1ABC FN42 33 
<DecodeFinished>",
-30.5,0.5,0.25,1,2026112801,1,K1ABC FN42 33,-30,0,10.140200,0.26275032200010173,0,official WSJT-X 3.0.2; binary SHA256 9e3c2fc14f63c4b4c4e9fcc33b386cd22daf8fe76ce724c5e37f07875e9a3dd9,"0000 -30 -0.1  10.140200  0  K1ABC FN42 33 
<DecodeFinished>",
-30.5,0.5,0.25,4,2026112804,1,K1ABC FN42 33,-30,0,10.140200,0.24089916100001574,0,official WSJT-X 3.0.2; binary SHA256 9e3c2fc14f63c4b4c4e9fcc33b386cd22daf8fe76ce724c5e37f07875e9a3dd9,"0000 -30  0.0  10.140200  0  K1ABC FN42 33 
<DecodeFinished>",
-30.5,0.5,0.25,3,2026112803,0,,,,,0.4215665519996037,0,official WSJT-X 3.0.2; binary SHA256 9e3c2fc14f63c4b4c4e9fcc33b386cd22daf8fe76ce724c5e37f07875e9a3dd9,<DecodeFinished>,
-30.5,0.5,0.25,5,2026112805,0,,,,,0.5086931229998299,0,official WSJT-X 3.0.2; binary SHA256 9e3c2fc14f63c4b4c4e9fcc33b386cd22daf8fe76ce724c5e37f07875e9a3dd9,<DecodeFinished>,
-30.5,0.5,0.25,6,2026112806,0,,,,,0.5070573429998149,0,official WSJT-X 3.0.2; binary SHA256 9e3c2fc14f63c4b4c4e9fcc33b386cd22daf8fe76ce724c5e37f07875e9a3dd9,<DecodeFinished>,
-30.5,0.5,0.25,7,2026112807,0,,,,,0.5150975699998526,0,official WSJT-X 3.0.2; binary SHA256 9e3c2fc14f63c4b4c4e9fcc33b386cd22daf8fe76ce724c5e37f07875e9a3dd9,<DecodeFinished>,
-30.5,0.5,0.25,8,2026112808,0,,,,,0.5258885369999007,0,official WSJT-X 3.0.2; binary SHA256 9e3c2fc14f63c4b4c4e9fcc33b386cd22daf8fe76ce724c5e37f07875e9a3dd9,<DecodeFinished>,
-30.5,0.5,0.25,9,2026112809,0,,,,,0.5142243739996957,0,official WSJT-X 3.0.2; binary SHA256 9e3c2fc14f63c4b4c4e9fcc33b386cd22daf8fe76ce724c5e37f07875e9a3dd9,<DecodeFinished>,
-30.5,0.5,0.25,10,2026112810,0,,,,,0.4278681939999842,0,official WSJT-X 3.0.2; binary SHA256 9e3c2fc14f63c4b4c4e9fcc33b386cd22daf8fe76ce724c5e37f07875e9a3dd9,<DecodeFinished>,
-30.5,0.5,0.25,14,2026112814,1,K1ABC FN42 33,-30,0,10.140200,0.05301090500006467,0,official WSJT-X 3.0.2; binary SHA256 9e3c2fc14f63c4b4c4e9fcc33b386cd22daf8fe76ce724c5e37f07875e9a3dd9,"0000 -30  0.0  10.140200  0  K1ABC FN42 33 
<DecodeFinished>",
-30.5,0.5,0.25,12,2026112812,1,K1ABC FN42 33,-31,0,10.140200,0.23431248499991852,0,official WSJT-X 3.0.2; binary SHA256 9e3c2fc14f63c4b4c4e9fcc33b386cd22daf8fe76ce724c5e37f07875e9a3dd9,"0000 -31 -0.0  10.140200  0  K1ABC FN42 33 
<DecodeFinished>",
-30.5,0.5,0.25,16,2026112816,1,K1ABC FN42 33,-30,0,10.140200,0.11193710999987161,0,official WSJT-X 3.0.2; binary SHA256 9e3c2fc14f63c4b4c4e9fcc33b386cd22daf8fe76ce724c5e37f07875e9a3dd9,"0000 -30 -0.1  10.140200  0  K1ABC FN42 33 
<DecodeFinished>",
-30.5,0.5,0.25,11,2026112811,0,,,,,0.5163659760000883,0,official WSJT-X 3.0.2; binary SHA256 9e3c2fc14f63c4b4c4e9fcc33b386cd22daf8fe76ce724c5e37f07875e9a3dd9,<DecodeFinished>,
-30.5,0.5,0.25,17,2026112817,1,K1ABC FN42 33,-30,0,10.140200,0.0535816579999846,0,official WSJT-X 3.0.2; binary SHA256 9e3c2fc14f63c4b4c4e9fcc33b386cd22daf8fe76ce724c5e37f07875e9a3dd9,"0000 -30 -0.1  10.140200  0  K1ABC FN42 33 
<DecodeFinished>",
-30.5,0.5,0.25,13,2026112813,0,,,,,0.5138001389996134,0,official WSJT-X 3.0.2; binary SHA256 9e3c2fc14f63c4b4c4e9fcc33b386cd22daf8fe76ce724c5e37f07875e9a3dd9,<DecodeFinished>,
-30.5,0.5,0.25,19,2026112819,1,K1ABC FN42 33,-30,0,10.140200,0.26619622799989884,0,official WSJT-X 3.0.2; binary SHA256 9e3c2fc14f63c4b4c4e9fcc33b386cd22daf8fe76ce724c5e37f07875e9a3dd9,"0000 -30 -0.1  10.140200  0  K1ABC FN42 33 
<DecodeFinished>",
-30.5,0.5,0.25,15,2026112815,0,,,,,0.5134882130000733,0,official WSJT-X 3.0.2; binary SHA256 9e3c2fc14f63c4b4c4e9fcc33b386cd22daf8fe76ce724c5e37f07875e9a3dd9,<DecodeFinished>,
-30.5,0.5,0.25,18,2026112818,0,,,,,0.6211349750001318,0,official WSJT-X 3.0.2; binary SHA256 9e3c2fc14f63c4b4c4e9fcc33b386cd22daf8fe76ce724c5e37f07875e9a3dd9,<DecodeFinished>,
-30.5,0.5,0.25,20,2026112820,0,,,,,0.5222416169999633,0,official WSJT-X 3.0.2; binary SHA256 9e3c2fc14f63c4b4c4e9fcc33b386cd22daf8fe76ce724c5e37f07875e9a3dd9,<DecodeFinished>,
-30.5,0.5,0.25,23,2026112823,1,K1ABC FN42 33,-31,0,10.140200,0.17665854300003048,0,official WSJT-X 3.0.2; binary SHA256 9e3c2fc14f63c4b4c4e9fcc33b386cd22daf8fe76ce724c5e37f07875e9a3dd9,"0000 -31  0.1  10.140200  0  K1ABC FN42 33 
<DecodeFinished>",
-30.5,0.5,0.25,21,2026112821,0,,,,,0.5309605200000078,0,official WSJT-X 3.0.2; binary SHA256 9e3c2fc14f63c4b4c4e9fcc33b386cd22daf8fe76ce724c5e37f07875e9a3dd9,<DecodeFinished>,
-30.5,0.5,0.25,22,2026112822,0,,,,,0.6271361680001064,0,official WSJT-X 3.0.2; binary SHA256 9e3c2fc14f63c4b4c4e9fcc33b386cd22daf8fe76ce724c5e37f07875e9a3dd9,<DecodeFinished>,
-30.5,0.5,0.25,24,2026112824,1,K1ABC FN42 33,-30,0,10.140200,0.2906880150003417,0,official WSJT-X 3.0.2; binary SHA256 9e3c2fc14f63c4b4c4e9fcc33b386cd22daf8fe76ce724c5e37f07875e9a3dd9,"0000 -30 -0.1  10.140200  0  K1ABC FN42 33 
<DecodeFinished>",
-30.5,0.5,0.25,26,2026112826,0,,,,,0.4289467519997743,0,official WSJT-X 3.0.2; binary SHA256 9e3c2fc14f63c4b4c4e9fcc33b386cd22daf8fe76ce724c5e37f07875e9a3dd9,<DecodeFinished>,
-30.5,0.5,0.25,25,2026112825,0,,,,,0.5181620369999109,0,official WSJT-X 3.0.2; binary SHA256 9e3c2fc14f63c4b4c4e9fcc33b386cd22daf8fe76ce724c5e37f07875e9a3dd9,<DecodeFinished>,
-30.5,0.5,0.25,27,2026112827,0,,,,,0.5118205220001073,0,official WSJT-X 3.0.2; binary SHA256 9e3c2fc14f63c4b4c4e9fcc33b386cd22daf8fe76ce724c5e37f07875e9a3dd9,<DecodeFinished>,
-30.5,0.5,0.25,28,2026112828,0,,,,,0.5084408100001383,0,official WSJT-X 3.0.2; binary SHA256 9e3c2fc14f63c4b4c4e9fcc33b386cd22daf8fe76ce724c5e37f07875e9a3dd9,<DecodeFinished>,
-30.5,0.5,0.25,31,2026112831,1,K1ABC FN42 33,-31,0,10.140200,0.2515117999996619,0,official WSJT-X 3.0.2; binary SHA256 9e3c2fc14f63c4b4c4e9fcc33b386cd22daf8fe76ce724c5e37f07875e9a3dd9,"0000 -31 -0.1  10.140200  0  K1ABC FN42 33 
<DecodeFinished>",
-30.5,0.5,0.25,29,2026112829,0,,,,,0.5206782410000415,0,official WSJT-X 3.0.2; binary SHA256 9e3c2fc14f63c4b4c4e9fcc33b386cd22daf8fe76ce724c5e37f07875e9a3dd9,<DecodeFinished>,
-30.5,0.5,0.25,30,2026112830,0,,,,,0.5170449199999894,0,official WSJT-X 3.0.2; binary SHA256 9e3c2fc14f63c4b4c4e9fcc33b386cd22daf8fe76ce724c5e37f07875e9a3dd9,<DecodeFinished>,
-30.5,0.5,0.25,34,2026112834,1,K1ABC FN42 33,-31,0,10.140200,0.05529105899995557,0,official WSJT-X 3.0.2; binary SHA256 9e3c2fc14f63c4b4c4e9fcc33b386cd22daf8fe76ce724c5e37f07875e9a3dd9,"0000 -31  0.0  10.140200  0  K1ABC FN42 33 
<DecodeFinished>",
-30.5,0.5,0.25,32,2026112832,0,,,,,0.524099748000026,0,official WSJT-X 3.0.2; binary SHA256 9e3c2fc14f63c4b4c4e9fcc33b386cd22daf8fe76ce724c5e37f07875e9a3dd9,<DecodeFinished>,
-30.5,0.5,0.25,33,2026112833,0,,,,,0.5261681790002513,0,official WSJT-X 3.0.2; binary SHA256 9e3c2fc14f63c4b4c4e9fcc33b386cd22daf8fe76ce724c5e37f07875e9a3dd9,<DecodeFinished>,
-30.5,0.5,0.25,35,2026112835,0,,,,,0.5139338889998726,0,official WSJT-X 3.0.2; binary SHA256 9e3c2fc14f63c4b4c4e9fcc33b386cd22daf8fe76ce724c5e37f07875e9a3dd9,<DecodeFinished>,
-30.5,0.5,0.25,36,2026112836,0,,,,,0.5196735949998583,0,official WSJT-X 3.0.2; binary SHA256 9e3c2fc14f63c4b4c4e9fcc33b386cd22daf8fe76ce724c5e37f07875e9a3dd9,<DecodeFinished>,
-30.5,0.5,0.25,37,2026112837,0,,,,,0.5104635809998399,0,official WSJT-X 3.0.2; binary SHA256 9e3c2fc14f63c4b4c4e9fcc33b386cd22daf8fe76ce724c5e37f07875e9a3dd9,<DecodeFinished>,
-30.5,0.5,0.25,40,2026112840,1,K1ABC FN42 33,-30,0,10.140200,0.2644066570001087,0,official WSJT-X 3.0.2; binary SHA256 9e3c2fc14f63c4b4c4e9fcc33b386cd22daf8fe76ce724c5e37f07875e9a3dd9,"0000 -30  0.1  10.140200  0  K1ABC FN42 33 
<DecodeFinished>",
-30.5,0.5,0.25,38,2026112838,0,,,,,0.4384844249998423,0,official WSJT-X 3.0.2; binary SHA256 9e3c2fc14f63c4b4c4e9fcc33b386cd22daf8fe76ce724c5e37f07875e9a3dd9,<DecodeFinished>,
-30.5,0.5,0.25,39,2026112839,0,,,,,0.4284604699996635,0,official WSJT-X 3.0.2; binary SHA256 9e3c2fc14f63c4b4c4e9fcc33b386cd22daf8fe76ce724c5e37f07875e9a3dd9,<DecodeFinished>,
-30.5,0.5,0.25,44,2026112844,1,K1ABC FN42 33,-31,0,10.140200,0.08089474600001267,0,official WSJT-X 3.0.2; binary SHA256 9e3c2fc14f63c4b4c4e9fcc33b386cd22daf8fe76ce724c5e37f07875e9a3dd9,"0000 -31 -0.0  10.140200  0  K1ABC FN42 33 
<DecodeFinished>",
-30.5,0.5,0.25,41,2026112841,0,,,,,0.5351198369999111,0,official WSJT-X 3.0.2; binary SHA256 9e3c2fc14f63c4b4c4e9fcc33b386cd22daf8fe76ce724c5e37f07875e9a3dd9,<DecodeFinished>,
-30.5,0.5,0.25,42,2026112842,0,,,,,0.5266196519996811,0,official WSJT-X 3.0.2; binary SHA256 9e3c2fc14f63c4b4c4e9fcc33b386cd22daf8fe76ce724c5e37f07875e9a3dd9,<DecodeFinished>,
-30.5,0.5,0.25,43,2026112843,0,,,,,0.52905819300031,0,official WSJT-X 3.0.2; binary SHA256 9e3c2fc14f63c4b4c4e9fcc33b386cd22daf8fe76ce724c5e37f07875e9a3dd9,<DecodeFinished>,
-30.5,0.5,0.25,47,2026112847,1,K1ABC FN42 33,-30,0,10.140200,0.20411156999989544,0,official WSJT-X 3.0.2; binary SHA256 9e3c2fc14f63c4b4c4e9fcc33b386cd22daf8fe76ce724c5e37f07875e9a3dd9,"0000 -30 -0.1  10.140200  0  K1ABC FN42 33 
<DecodeFinished>",
-30.5,0.5,0.25,45,2026112845,0,,,,,0.529622948999986,0,official WSJT-X 3.0.2; binary SHA256 9e3c2fc14f63c4b4c4e9fcc33b386cd22daf8fe76ce724c5e37f07875e9a3dd9,<DecodeFinished>,
-30.5,0.5,0.25,48,2026112848,1,K1ABC FN42 33,-31,0,10.140200,0.24430221699958565,0,official WSJT-X 3.0.2; binary SHA256 9e3c2fc14f63c4b4c4e9fcc33b386cd22daf8fe76ce724c5e37f07875e9a3dd9,"0000 -31 -0.0  10.140200  0  K1ABC FN42 33 
<DecodeFinished>",
-30.5,0.5,0.25,50,2026112850,1,K1ABC FN42 33,-30,0,10.140200,0.2426425339999696,0,official WSJT-X 3.0.2; binary SHA256 9e3c2fc14f63c4b4c4e9fcc33b386cd22daf8fe76ce724c5e37f07875e9a3dd9,"0000 -30  0.0  10.140200  0  K1ABC FN42 33 
<DecodeFinished>",
-30.5,0.5,0.25,46,2026112846,0,,,,,0.5118254680000973,0,official WSJT-X 3.0.2; binary SHA256 9e3c2fc14f63c4b4c4e9fcc33b386cd22daf8fe76ce724c5e37f07875e9a3dd9,<DecodeFinished>,
-30.5,0.5,0.25,51,2026112851,1,K1ABC FN42 33,-31,0,10.140200,0.2726881260000482,0,official WSJT-X 3.0.2; binary SHA256 9e3c2fc14f63c4b4c4e9fcc33b386cd22daf8fe76ce724c5e37f07875e9a3dd9,"0000 -31 -0.0  10.140200  0  K1ABC FN42 33 
<DecodeFinished>",
-30.5,0.5,0.25,54,2026112854,1,K1ABC FN42 33,-30,0,10.140200,0.058106623999719886,0,official WSJT-X 3.0.2; binary SHA256 9e3c2fc14f63c4b4c4e9fcc33b386cd22daf8fe76ce724c5e37f07875e9a3dd9,"0000 -30 -0.1  10.140200  0  K1ABC FN42 33 
<DecodeFinished>",
-30.5,0.5,0.25,49,2026112849,0,,,,,0.5409939830001349,0,official WSJT-X 3.0.2; binary SHA256 9e3c2fc14f63c4b4c4e9fcc33b386cd22daf8fe76ce724c5e37f07875e9a3dd9,<DecodeFinished>,
-30.5,0.5,0.25,56,2026112856,1,K1ABC FN42 33,-29,0,10.140200,0.10037758299995403,0,official WSJT-X 3.0.2; binary SHA256 9e3c2fc14f63c4b4c4e9fcc33b386cd22daf8fe76ce724c5e37f07875e9a3dd9,"0000 -29 -0.0  10.140200  0  K1ABC FN42 33 
<DecodeFinished>",
-30.5,0.5,0.25,53,2026112853,0,,,,,0.444983616999707,0,official WSJT-X 3.0.2; binary SHA256 9e3c2fc14f63c4b4c4e9fcc33b386cd22daf8fe76ce724c5e37f07875e9a3dd9,<DecodeFinished>,
-30.5,0.5,0.25,52,2026112852,0,,,,,0.5516536149998501,0,official WSJT-X 3.0.2; binary SHA256 9e3c2fc14f63c4b4c4e9fcc33b386cd22daf8fe76ce724c5e37f07875e9a3dd9,<DecodeFinished>,
-30.5,0.5,0.25,55,2026112855,0,,,,,0.5806289830002243,0,official WSJT-X 3.0.2; binary SHA256 9e3c2fc14f63c4b4c4e9fcc33b386cd22daf8fe76ce724c5e37f07875e9a3dd9,<DecodeFinished>,
-30.5,0.5,0.25,60,2026112860,1,K1ABC FN42 33,-30,0,10.140200,0.04979538399993544,0,official WSJT-X 3.0.2; binary SHA256 9e3c2fc14f63c4b4c4e9fcc33b386cd22daf8fe76ce724c5e37f07875e9a3dd9,"0000 -30  0.0  10.140200  0  K1ABC FN42 33 
<DecodeFinished>",
-30.5,0.5,0.25,57,2026112857,0,,,,,0.5612876919999508,0,official WSJT-X 3.0.2; binary SHA256 9e3c2fc14f63c4b4c4e9fcc33b386cd22daf8fe76ce724c5e37f07875e9a3dd9,<DecodeFinished>,
-30.5,0.5,0.25,58,2026112858,0,,,,,0.5531383600000481,0,official WSJT-X 3.0.2; binary SHA256 9e3c2fc14f63c4b4c4e9fcc33b386cd22daf8fe76ce724c5e37f07875e9a3dd9,<DecodeFinished>,
-30.5,0.5,0.25,59,2026112859,0,,,,,0.5482086470001377,0,official WSJT-X 3.0.2; binary SHA256 9e3c2fc14f63c4b4c4e9fcc33b386cd22daf8fe76ce724c5e37f07875e9a3dd9,<DecodeFinished>,
-30.5,0.5,0.25,61,2026112861,1,K1ABC FN42 33,-30,0,10.140200,0.25950856899999053,0,official WSJT-X 3.0.2; binary SHA256 9e3c2fc14f63c4b4c4e9fcc33b386cd22daf8fe76ce724c5e37f07875e9a3dd9,"0000 -30  0.1  10.140200  0  K1ABC FN42 33 
<DecodeFinished>",
-30.5,0.5,0.25,62,2026112862,0,,,,,0.576796872000159,0,official WSJT-X 3.0.2; binary SHA256 9e3c2fc14f63c4b4c4e9fcc33b386cd22daf8fe76ce724c5e37f07875e9a3dd9,<DecodeFinished>,
-30.5,0.5,0.25,63,2026112863,0,,,,,0.5668339230001038,0,official WSJT-X 3.0.2; binary SHA256 9e3c2fc14f63c4b4c4e9fcc33b386cd22daf8fe76ce724c5e37f07875e9a3dd9,<DecodeFinished>,
-30.5,0.5,0.25,64,2026112864,0,,,,,0.5546537619998162,0,official WSJT-X 3.0.2; binary SHA256 9e3c2fc14f63c4b4c4e9fcc33b386cd22daf8fe76ce724c5e37f07875e9a3dd9,<DecodeFinished>,
-30.5,0.5,0.25,65,2026112865,0,,,,,0.5612159420002172,0,official WSJT-X 3.0.2; binary SHA256 9e3c2fc14f63c4b4c4e9fcc33b386cd22daf8fe76ce724c5e37f07875e9a3dd9,<DecodeFinished>,
-30.5,0.5,0.25,68,2026112868,1,K1ABC FN42 33,-30,0,10.140200,0.05268610599978274,0,official WSJT-X 3.0.2; binary SHA256 9e3c2fc14f63c4b4c4e9fcc33b386cd22daf8fe76ce724c5e37f07875e9a3dd9,"0000 -30  0.1  10.140200  0  K1ABC FN42 33 
<DecodeFinished>",
-30.5,0.5,0.25,69,2026112869,1,K1ABC FN42 33,-31,0,10.140200,0.3167887059998975,0,official WSJT-X 3.0.2; binary SHA256 9e3c2fc14f63c4b4c4e9fcc33b386cd22daf8fe76ce724c5e37f07875e9a3dd9,"0000 -31  0.1  10.140200  0  K1ABC FN42 33 
<DecodeFinished>",
-30.5,0.5,0.25,70,2026112870,1,K1ABC FN42 33,-30,0,10.140200,0.2894249510000009,0,official WSJT-X 3.0.2; binary SHA256 9e3c2fc14f63c4b4c4e9fcc33b386cd22daf8fe76ce724c5e37f07875e9a3dd9,"0000 -30  0.1  10.140200  0  K1ABC FN42 33 
<DecodeFinished>",
-30.5,0.5,0.25,71,2026112871,1,K1ABC FN42 33,-30,0,10.140200,0.05048819200010257,0,official WSJT-X 3.0.2; binary SHA256 9e3c2fc14f63c4b4c4e9fcc33b386cd22daf8fe76ce724c5e37f07875e9a3dd9,"0000 -30  0.0  10.140200  0  K1ABC FN42 33 
<DecodeFinished>",
-30.5,0.5,0.25,66,2026112866,0,,,,,0.5251868929999546,0,official WSJT-X 3.0.2; binary SHA256 9e3c2fc14f63c4b4c4e9fcc33b386cd22daf8fe76ce724c5e37f07875e9a3dd9,<DecodeFinished>,
-30.5,0.5,0.25,73,2026112873,1,K1ABC FN42 33,-31,0,10.140200,0.04898366499992335,0,official WSJT-X 3.0.2; binary SHA256 9e3c2fc14f63c4b4c4e9fcc33b386cd22daf8fe76ce724c5e37f07875e9a3dd9,"0000 -31 -0.1  10.140200  0  K1ABC FN42 33 
<DecodeFinished>",
-30.5,0.5,0.25,67,2026112867,0,,,,,0.529455145999691,0,official WSJT-X 3.0.2; binary SHA256 9e3c2fc14f63c4b4c4e9fcc33b386cd22daf8fe76ce724c5e37f07875e9a3dd9,<DecodeFinished>,
-30.5,0.5,0.25,72,2026112872,1,K1ABC FN42 33,-31,0,10.140200,0.2545141129999138,0,official WSJT-X 3.0.2; binary SHA256 9e3c2fc14f63c4b4c4e9fcc33b386cd22daf8fe76ce724c5e37f07875e9a3dd9,"0000 -31  0.1  10.140200  0  K1ABC FN42 33 
<DecodeFinished>",
-30.5,0.5,0.25,74,2026112874,0,,,,,0.5168701929997042,0,official WSJT-X 3.0.2; binary SHA256 9e3c2fc14f63c4b4c4e9fcc33b386cd22daf8fe76ce724c5e37f07875e9a3dd9,<DecodeFinished>,
-30.5,0.5,0.25,75,2026112875,0,,,,,0.5281219059997966,0,official WSJT-X 3.0.2; binary SHA256 9e3c2fc14f63c4b4c4e9fcc33b386cd22daf8fe76ce724c5e37f07875e9a3dd9,<DecodeFinished>,
-30.5,0.5,0.25,76,2026112876,0,,,,,0.5185066489998462,0,official WSJT-X 3.0.2; binary SHA256 9e3c2fc14f63c4b4c4e9fcc33b386cd22daf8fe76ce724c5e37f07875e9a3dd9,<DecodeFinished>,
-30.5,0.5,0.25,79,2026112879,1,K1ABC FN42 33,-30,0,10.140200,0.1299921669997275,0,official WSJT-X 3.0.2; binary SHA256 9e3c2fc14f63c4b4c4e9fcc33b386cd22daf8fe76ce724c5e37f07875e9a3dd9,"0000 -30 -0.1  10.140200  0  K1ABC FN42 33 
<DecodeFinished>",
-30.5,0.5,0.25,77,2026112877,0,,,,,0.5160638069996821,0,official WSJT-X 3.0.2; binary SHA256 9e3c2fc14f63c4b4c4e9fcc33b386cd22daf8fe76ce724c5e37f07875e9a3dd9,<DecodeFinished>,
-30.5,0.5,0.25,80,2026112880,1,K1ABC FN42 33,-31,0,10.140200,0.15068582300000344,0,official WSJT-X 3.0.2; binary SHA256 9e3c2fc14f63c4b4c4e9fcc33b386cd22daf8fe76ce724c5e37f07875e9a3dd9,"0000 -31  0.0  10.140200  0  K1ABC FN42 33 
<DecodeFinished>",
-30.5,0.5,0.25,82,2026112882,1,K1ABC FN42 33,-30,0,10.140200,0.05543773899989901,0,official WSJT-X 3.0.2; binary SHA256 9e3c2fc14f63c4b4c4e9fcc33b386cd22daf8fe76ce724c5e37f07875e9a3dd9,"0000 -30  0.1  10.140200  0  K1ABC FN42 33 
<DecodeFinished>",
-30.5,0.5,0.25,78,2026112878,0,,,,,0.5020743179998135,0,official WSJT-X 3.0.2; binary SHA256 9e3c2fc14f63c4b4c4e9fcc33b386cd22daf8fe76ce724c5e37f07875e9a3dd9,<DecodeFinished>,
-30.5,0.5,0.25,81,2026112881,0,,,,,0.42532509700004084,0,official WSJT-X 3.0.2; binary SHA256 9e3c2fc14f63c4b4c4e9fcc33b386cd22daf8fe76ce724c5e37f07875e9a3dd9,<DecodeFinished>,
-30.5,0.5,0.25,83,2026112883,0,,,,,0.5266216689997236,0,official WSJT-X 3.0.2; binary SHA256 9e3c2fc14f63c4b4c4e9fcc33b386cd22daf8fe76ce724c5e37f07875e9a3dd9,<DecodeFinished>,
-30.5,0.5,0.25,84,2026112884,0,,,,,0.5137571710001794,0,official WSJT-X 3.0.2; binary SHA256 9e3c2fc14f63c4b4c4e9fcc33b386cd22daf8fe76ce724c5e37f07875e9a3dd9,<DecodeFinished>,
-30.5,0.5,0.25,85,2026112885,1,K1ABC FN42 33,-31,0,10.140200,0.4249559610002507,0,official WSJT-X 3.0.2; binary SHA256 9e3c2fc14f63c4b4c4e9fcc33b386cd22daf8fe76ce724c5e37f07875e9a3dd9,"0000 -31 -0.1  10.140200  0  K1ABC FN42 33 
<DecodeFinished>",
-30.5,0.5,0.25,86,2026112886,0,,,,,0.502969744999973,0,official WSJT-X 3.0.2; binary SHA256 9e3c2fc14f63c4b4c4e9fcc33b386cd22daf8fe76ce724c5e37f07875e9a3dd9,<DecodeFinished>,
-30.5,0.5,0.25,87,2026112887,0,,,,,0.4949916470000062,0,official WSJT-X 3.0.2; binary SHA256 9e3c2fc14f63c4b4c4e9fcc33b386cd22daf8fe76ce724c5e37f07875e9a3dd9,<DecodeFinished>,
-30.5,0.5,0.25,88,2026112888,0,,,,,0.49500999299971227,0,official WSJT-X 3.0.2; binary SHA256 9e3c2fc14f63c4b4c4e9fcc33b386cd22daf8fe76ce724c5e37f07875e9a3dd9,<DecodeFinished>,
-30.5,0.5,0.25,89,2026112889,0,,,,,0.49402383999995436,0,official WSJT-X 3.0.2; binary SHA256 9e3c2fc14f63c4b4c4e9fcc33b386cd22daf8fe76ce724c5e37f07875e9a3dd9,<DecodeFinished>,
-30.5,0.5,0.25,90,2026112890,0,,,,,0.41144587300004787,0,official WSJT-X 3.0.2; binary SHA256 9e3c2fc14f63c4b4c4e9fcc33b386cd22daf8fe76ce724c5e37f07875e9a3dd9,<DecodeFinished>,
-30.5,0.5,0.25,92,2026112892,1,K1ABC FN42 33,-30,0,10.140200,0.2704936179998185,0,official WSJT-X 3.0.2; binary SHA256 9e3c2fc14f63c4b4c4e9fcc33b386cd22daf8fe76ce724c5e37f07875e9a3dd9,"0000 -30 -0.1  10.140200  0  K1ABC FN42 33 
<DecodeFinished>",
-30.5,0.5,0.25,95,2026112895,1,K1ABC FN42 33,-30,0,10.140200,0.23157709999986764,0,official WSJT-X 3.0.2; binary SHA256 9e3c2fc14f63c4b4c4e9fcc33b386cd22daf8fe76ce724c5e37f07875e9a3dd9,"0000 -30  0.0  10.140200  0  K1ABC FN42 33 
<DecodeFinished>",
-30.5,0.5,0.25,91,2026112891,0,,,,,0.508181236999917,0,official WSJT-X 3.0.2; binary SHA256 9e3c2fc14f63c4b4c4e9fcc33b386cd22daf8fe76ce724c5e37f07875e9a3dd9,<DecodeFinished>,
-30.5,0.5,0.25,94,2026112894,1,K1ABC FN42 33,-30,0,10.140200,0.33965085799991357,0,official WSJT-X 3.0.2; binary SHA256 9e3c2fc14f63c4b4c4e9fcc33b386cd22daf8fe76ce724c5e37f07875e9a3dd9,"0000 -30  0.0  10.140200  0  K1ABC FN42 33 
<DecodeFinished>",
-30.5,0.5,0.25,93,2026112893,0,,,,,0.5061479349997171,0,official WSJT-X 3.0.2; binary SHA256 9e3c2fc14f63c4b4c4e9fcc33b386cd22daf8fe76ce724c5e37f07875e9a3dd9,<DecodeFinished>,
-30.5,0.5,0.25,96,2026112896,0,,,,,0.5126916700000947,0,official WSJT-X 3.0.2; binary SHA256 9e3c2fc14f63c4b4c4e9fcc33b386cd22daf8fe76ce724c5e37f07875e9a3dd9,<DecodeFinished>,
-30.5,0.5,0.25,97,2026112897,0,,,,,0.5201743740003621,0,official WSJT-X 3.0.2; binary SHA256 9e3c2fc14f63c4b4c4e9fcc33b386cd22daf8fe76ce724c5e37f07875e9a3dd9,<DecodeFinished>,
-30.5,0.5,0.25,98,2026112898,0,,,,,0.5162034380000478,0,official WSJT-X 3.0.2; binary SHA256 9e3c2fc14f63c4b4c4e9fcc33b386cd22daf8fe76ce724c5e37f07875e9a3dd9,<DecodeFinished>,
-30.5,0.5,0.375,2,2026112802,1,K1ABC FN42 33,-32,0,10.140200,0.054653615999995964,0,official WSJT-X 3.0.2; binary SHA256 9e3c2fc14f63c4b4c4e9fcc33b386cd22daf8fe76ce724c5e37f07875e9a3dd9,"0000 -32 -0.0  10.140200  0  K1ABC FN42 33 
<DecodeFinished>",
-30.5,0.5,0.25,99,2026112899,0,,,,,0.5128352370002176,0,official WSJT-X 3.0.2; binary SHA256 9e3c2fc14f63c4b4c4e9fcc33b386cd22daf8fe76ce724c5e37f07875e9a3dd9,<DecodeFinished>,
-30.5,0.5,0.375,1,2026112801,1,K1ABC FN42 33,-30,0,10.140200,0.26024180400008845,0,official WSJT-X 3.0.2; binary SHA256 9e3c2fc14f63c4b4c4e9fcc33b386cd22daf8fe76ce724c5e37f07875e9a3dd9,"0000 -30 -0.1  10.140200  0  K1ABC FN42 33 
<DecodeFinished>",
-30.5,0.5,0.375,0,2026112800,0,,,,,0.5085856400000921,0,official WSJT-X 3.0.2; binary SHA256 9e3c2fc14f63c4b4c4e9fcc33b386cd22daf8fe76ce724c5e37f07875e9a3dd9,<DecodeFinished>,
-30.5,0.5,0.375,3,2026112803,0,,,,,0.4033466999999291,0,official WSJT-X 3.0.2; binary SHA256 9e3c2fc14f63c4b4c4e9fcc33b386cd22daf8fe76ce724c5e37f07875e9a3dd9,<DecodeFinished>,
-30.5,0.5,0.375,6,2026112806,0,,,,,0.042338712999935524,0,official WSJT-X 3.0.2; binary SHA256 9e3c2fc14f63c4b4c4e9fcc33b386cd22daf8fe76ce724c5e37f07875e9a3dd9,<DecodeFinished>,
-30.5,0.5,0.375,4,2026112804,0,,,,,0.5077849970002717,0,official WSJT-X 3.0.2; binary SHA256 9e3c2fc14f63c4b4c4e9fcc33b386cd22daf8fe76ce724c5e37f07875e9a3dd9,<DecodeFinished>,
-30.5,0.5,0.375,5,2026112805,0,,,,,0.503072758000144,0,official WSJT-X 3.0.2; binary SHA256 9e3c2fc14f63c4b4c4e9fcc33b386cd22daf8fe76ce724c5e37f07875e9a3dd9,<DecodeFinished>,
-30.5,0.5,0.375,8,2026112808,0,,,,,0.5176526979998926,0,official WSJT-X 3.0.2; binary SHA256 9e3c2fc14f63c4b4c4e9fcc33b386cd22daf8fe76ce724c5e37f07875e9a3dd9,<DecodeFinished>,
-30.5,0.5,0.375,7,2026112807,0,,,,,0.523774678999871,0,official WSJT-X 3.0.2; binary SHA256 9e3c2fc14f63c4b4c4e9fcc33b386cd22daf8fe76ce724c5e37f07875e9a3dd9,<DecodeFinished>,
-30.5,0.5,0.375,9,2026112809,0,,,,,0.5108819670003868,0,official WSJT-X 3.0.2; binary SHA256 9e3c2fc14f63c4b4c4e9fcc33b386cd22daf8fe76ce724c5e37f07875e9a3dd9,<DecodeFinished>,
-30.5,0.5,0.375,10,2026112810,0,,,,,0.5192981000000145,0,official WSJT-X 3.0.2; binary SHA256 9e3c2fc14f63c4b4c4e9fcc33b386cd22daf8fe76ce724c5e37f07875e9a3dd9,<DecodeFinished>,
-30.5,0.5,0.375,11,2026112811,0,,,,,0.504578390000006,0,official WSJT-X 3.0.2; binary SHA256 9e3c2fc14f63c4b4c4e9fcc33b386cd22daf8fe76ce724c5e37f07875e9a3dd9,<DecodeFinished>,
-30.5,0.5,0.375,12,2026112812,0,,,,,0.5102633219999007,0,official WSJT-X 3.0.2; binary SHA256 9e3c2fc14f63c4b4c4e9fcc33b386cd22daf8fe76ce724c5e37f07875e9a3dd9,<DecodeFinished>,
-30.5,0.5,0.375,13,2026112813,0,,,,,0.5053281740001694,0,official WSJT-X 3.0.2; binary SHA256 9e3c2fc14f63c4b4c4e9fcc33b386cd22daf8fe76ce724c5e37f07875e9a3dd9,<DecodeFinished>,
-30.5,0.5,0.375,17,2026112817,1,K1ABC FN42 33,-30,0,10.140200,0.052010691999839764,0,official WSJT-X 3.0.2; binary SHA256 9e3c2fc14f63c4b4c4e9fcc33b386cd22daf8fe76ce724c5e37f07875e9a3dd9,"0000 -30  0.0  10.140200  0  K1ABC FN42 33 
<DecodeFinished>",
-30.5,0.5,0.375,14,2026112814,0,,,,,0.49924359399983587,0,official WSJT-X 3.0.2; binary SHA256 9e3c2fc14f63c4b4c4e9fcc33b386cd22daf8fe76ce724c5e37f07875e9a3dd9,<DecodeFinished>,
-30.5,0.5,0.375,15,2026112815,0,,,,,0.41983165600004213,0,official WSJT-X 3.0.2; binary SHA256 9e3c2fc14f63c4b4c4e9fcc33b386cd22daf8fe76ce724c5e37f07875e9a3dd9,<DecodeFinished>,
-30.5,0.5,0.375,16,2026112816,0,,,,,0.5043774910000138,0,official WSJT-X 3.0.2; binary SHA256 9e3c2fc14f63c4b4c4e9fcc33b386cd22daf8fe76ce724c5e37f07875e9a3dd9,<DecodeFinished>,
-30.5,0.5,0.375,19,2026112819,1,K1ABC FN42 33,-31,0,10.140200,0.36030451799979346,0,official WSJT-X 3.0.2; binary SHA256 9e3c2fc14f63c4b4c4e9fcc33b386cd22daf8fe76ce724c5e37f07875e9a3dd9,"0000 -31 -0.1  10.140200  0  K1ABC FN42 33 
<DecodeFinished>",
-30.5,0.5,0.375,18,2026112818,0,,,,,0.5211911520000285,0,official WSJT-X 3.0.2; binary SHA256 9e3c2fc14f63c4b4c4e9fcc33b386cd22daf8fe76ce724c5e37f07875e9a3dd9,<DecodeFinished>,
-30.5,0.5,0.375,23,2026112823,1,K1ABC FN42 33,-31,0,10.140200,0.054090729000108695,0,official WSJT-X 3.0.2; binary SHA256 9e3c2fc14f63c4b4c4e9fcc33b386cd22daf8fe76ce724c5e37f07875e9a3dd9,"0000 -31  0.0  10.140200  0  K1ABC FN42 33 
<DecodeFinished>",
-30.5,0.5,0.375,20,2026112820,0,,,,,0.49540689700006624,0,official WSJT-X 3.0.2; binary SHA256 9e3c2fc14f63c4b4c4e9fcc33b386cd22daf8fe76ce724c5e37f07875e9a3dd9,<DecodeFinished>,
-30.5,0.5,0.375,21,2026112821,0,,,,,0.5194961300003342,0,official WSJT-X 3.0.2; binary SHA256 9e3c2fc14f63c4b4c4e9fcc33b386cd22daf8fe76ce724c5e37f07875e9a3dd9,<DecodeFinished>,
-30.5,0.5,0.375,26,2026112826,0,,,,,0.045812582000053226,0,official WSJT-X 3.0.2; binary SHA256 9e3c2fc14f63c4b4c4e9fcc33b386cd22daf8fe76ce724c5e37f07875e9a3dd9,<DecodeFinished>,
-30.5,0.5,0.375,22,2026112822,0,,,,,0.5104352260000269,0,official WSJT-X 3.0.2; binary SHA256 9e3c2fc14f63c4b4c4e9fcc33b386cd22daf8fe76ce724c5e37f07875e9a3dd9,<DecodeFinished>,
-30.5,0.5,0.375,24,2026112824,0,,,,,0.5238269579999724,0,official WSJT-X 3.0.2; binary SHA256 9e3c2fc14f63c4b4c4e9fcc33b386cd22daf8fe76ce724c5e37f07875e9a3dd9,<DecodeFinished>,
-30.5,0.5,0.375,25,2026112825,0,,,,,0.5074735349999173,0,official WSJT-X 3.0.2; binary SHA256 9e3c2fc14f63c4b4c4e9fcc33b386cd22daf8fe76ce724c5e37f07875e9a3dd9,<DecodeFinished>,
-30.5,0.5,0.375,28,2026112828,0,,,,,0.42320970699984173,0,official WSJT-X 3.0.2; binary SHA256 9e3c2fc14f63c4b4c4e9fcc33b386cd22daf8fe76ce724c5e37f07875e9a3dd9,<DecodeFinished>,
-30.5,0.5,0.375,27,2026112827,0,,,,,0.5224563930000841,0,official WSJT-X 3.0.2; binary SHA256 9e3c2fc14f63c4b4c4e9fcc33b386cd22daf8fe76ce724c5e37f07875e9a3dd9,<DecodeFinished>,
-30.5,0.5,0.375,29,2026112829,0,,,,,0.5240055979998033,0,official WSJT-X 3.0.2; binary SHA256 9e3c2fc14f63c4b4c4e9fcc33b386cd22daf8fe76ce724c5e37f07875e9a3dd9,<DecodeFinished>,
-30.5,0.5,0.375,32,2026112832,1,K1ABC FN42 33,-30,0,10.140200,0.27031042299995534,0,official WSJT-X 3.0.2; binary SHA256 9e3c2fc14f63c4b4c4e9fcc33b386cd22daf8fe76ce724c5e37f07875e9a3dd9,"0000 -30  0.0  10.140200  0  K1ABC FN42 33 
<DecodeFinished>",
-30.5,0.5,0.375,30,2026112830,0,,,,,0.5209423149999566,0,official WSJT-X 3.0.2; binary SHA256 9e3c2fc14f63c4b4c4e9fcc33b386cd22daf8fe76ce724c5e37f07875e9a3dd9,<DecodeFinished>,
-30.5,0.5,0.375,31,2026112831,0,,,,,0.5358579499998086,0,official WSJT-X 3.0.2; binary SHA256 9e3c2fc14f63c4b4c4e9fcc33b386cd22daf8fe76ce724c5e37f07875e9a3dd9,<DecodeFinished>,
-30.5,0.5,0.375,33,2026112833,0,,,,,0.5326444279999123,0,official WSJT-X 3.0.2; binary SHA256 9e3c2fc14f63c4b4c4e9fcc33b386cd22daf8fe76ce724c5e37f07875e9a3dd9,<DecodeFinished>,
-30.5,0.5,0.375,34,2026112834,0,,,,,0.5255464910001137,0,official WSJT-X 3.0.2; binary SHA256 9e3c2fc14f63c4b4c4e9fcc33b386cd22daf8fe76ce724c5e37f07875e9a3dd9,<DecodeFinished>,
-30.5,0.5,0.375,35,2026112835,0,,,,,0.5259531849997074,0,official WSJT-X 3.0.2; binary SHA256 9e3c2fc14f63c4b4c4e9fcc33b386cd22daf8fe76ce724c5e37f07875e9a3dd9,<DecodeFinished>,
-30.5,0.5,0.375,36,2026112836,0,,,,,0.5163288569997349,0,official WSJT-X 3.0.2; binary SHA256 9e3c2fc14f63c4b4c4e9fcc33b386cd22daf8fe76ce724c5e37f07875e9a3dd9,<DecodeFinished>,
-30.5,0.5,0.375,37,2026112837,0,,,,,0.5179165179997653,0,official WSJT-X 3.0.2; binary SHA256 9e3c2fc14f63c4b4c4e9fcc33b386cd22daf8fe76ce724c5e37f07875e9a3dd9,<DecodeFinished>,
-30.5,0.5,0.375,39,2026112839,0,,,,,0.42137189899995064,0,official WSJT-X 3.0.2; binary SHA256 9e3c2fc14f63c4b4c4e9fcc33b386cd22daf8fe76ce724c5e37f07875e9a3dd9,<DecodeFinished>,
-30.5,0.5,0.375,38,2026112838,0,,,,,0.5064750389997243,0,official WSJT-X 3.0.2; binary SHA256 9e3c2fc14f63c4b4c4e9fcc33b386cd22daf8fe76ce724c5e37f07875e9a3dd9,<DecodeFinished>,
-30.5,0.5,0.375,40,2026112840,0,,,,,0.5253464980000899,0,official WSJT-X 3.0.2; binary SHA256 9e3c2fc14f63c4b4c4e9fcc33b386cd22daf8fe76ce724c5e37f07875e9a3dd9,<DecodeFinished>,
-30.5,0.5,0.375,43,2026112843,0,,,,,0.4260807800001203,0,official WSJT-X 3.0.2; binary SHA256 9e3c2fc14f63c4b4c4e9fcc33b386cd22daf8fe76ce724c5e37f07875e9a3dd9,<DecodeFinished>,
-30.5,0.5,0.375,41,2026112841,0,,,,,0.5153028160002577,0,official WSJT-X 3.0.2; binary SHA256 9e3c2fc14f63c4b4c4e9fcc33b386cd22daf8fe76ce724c5e37f07875e9a3dd9,<DecodeFinished>,
-30.5,0.5,0.375,42,2026112842,0,,,,,0.5134376419996443,0,official WSJT-X 3.0.2; binary SHA256 9e3c2fc14f63c4b4c4e9fcc33b386cd22daf8fe76ce724c5e37f07875e9a3dd9,<DecodeFinished>,
-30.5,0.5,0.375,44,2026112844,0,,,,,0.5220886600000085,0,official WSJT-X 3.0.2; binary SHA256 9e3c2fc14f63c4b4c4e9fcc33b386cd22daf8fe76ce724c5e37f07875e9a3dd9,<DecodeFinished>,
-30.5,0.5,0.375,45,2026112845,0,,,,,0.5082374040002833,0,official WSJT-X 3.0.2; binary SHA256 9e3c2fc14f63c4b4c4e9fcc33b386cd22daf8fe76ce724c5e37f07875e9a3dd9,<DecodeFinished>,
-30.5,0.5,0.375,46,2026112846,0,,,,,0.5097276750002493,0,official WSJT-X 3.0.2; binary SHA256 9e3c2fc14f63c4b4c4e9fcc33b386cd22daf8fe76ce724c5e37f07875e9a3dd9,<DecodeFinished>,
-30.5,0.5,0.375,47,2026112847,0,,,,,0.5192266660001223,0,official WSJT-X 3.0.2; binary SHA256 9e3c2fc14f63c4b4c4e9fcc33b386cd22daf8fe76ce724c5e37f07875e9a3dd9,<DecodeFinished>,
-30.5,0.5,0.375,48,2026112848,0,,,,,0.5325983859997905,0,official WSJT-X 3.0.2; binary SHA256 9e3c2fc14f63c4b4c4e9fcc33b386cd22daf8fe76ce724c5e37f07875e9a3dd9,<DecodeFinished>,
-30.5,0.5,0.375,52,2026112852,1,K1ABC FN42 33,-30,0,10.140200,0.10280068000020037,0,official WSJT-X 3.0.2; binary SHA256 9e3c2fc14f63c4b4c4e9fcc33b386cd22daf8fe76ce724c5e37f07875e9a3dd9,"0000 -30 -0.1  10.140200  0  K1ABC FN42 33 
<DecodeFinished>",
-30.5,0.5,0.375,50,2026112850,0,,,,,0.4192982879999363,0,official WSJT-X 3.0.2; binary SHA256 9e3c2fc14f63c4b4c4e9fcc33b386cd22daf8fe76ce724c5e37f07875e9a3dd9,<DecodeFinished>,
-30.5,0.5,0.375,54,2026112854,1,K1ABC FN42 33,-30,0,10.140200,0.07799368599989975,0,official WSJT-X 3.0.2; binary SHA256 9e3c2fc14f63c4b4c4e9fcc33b386cd22daf8fe76ce724c5e37f07875e9a3dd9,"0000 -30 -0.1  10.140200  0  K1ABC FN42 33 
<DecodeFinished>",
-30.5,0.5,0.375,49,2026112849,0,,,,,0.5176198750000367,0,official WSJT-X 3.0.2; binary SHA256 9e3c2fc14f63c4b4c4e9fcc33b386cd22daf8fe76ce724c5e37f07875e9a3dd9,<DecodeFinished>,
-30.5,0.5,0.375,51,2026112851,0,,,,,0.5124928489999547,0,official WSJT-X 3.0.2; binary SHA256 9e3c2fc14f63c4b4c4e9fcc33b386cd22daf8fe76ce724c5e37f07875e9a3dd9,<DecodeFinished>,
-30.5,0.5,0.375,53,2026112853,0,,,,,0.4194855360001384,0,official WSJT-X 3.0.2; binary SHA256 9e3c2fc14f63c4b4c4e9fcc33b386cd22daf8fe76ce724c5e37f07875e9a3dd9,<DecodeFinished>,
-30.5,0.5,0.375,56,2026112856,0,,,,,0.515333413999997,0,official WSJT-X 3.0.2; binary SHA256 9e3c2fc14f63c4b4c4e9fcc33b386cd22daf8fe76ce724c5e37f07875e9a3dd9,<DecodeFinished>,
-30.5,0.5,0.375,55,2026112855,0,,,,,0.5381646279997767,0,official WSJT-X 3.0.2; binary SHA256 9e3c2fc14f63c4b4c4e9fcc33b386cd22daf8fe76ce724c5e37f07875e9a3dd9,<DecodeFinished>,
-30.5,0.5,0.375,57,2026112857,0,,,,,0.5154272210002091,0,official WSJT-X 3.0.2; binary SHA256 9e3c2fc14f63c4b4c4e9fcc33b386cd22daf8fe76ce724c5e37f07875e9a3dd9,<DecodeFinished>,
-30.5,0.5,0.375,58,2026112858,0,,,,,0.5026541430001998,0,official WSJT-X 3.0.2; binary SHA256 9e3c2fc14f63c4b4c4e9fcc33b386cd22daf8fe76ce724c5e37f07875e9a3dd9,<DecodeFinished>,
-30.5,0.5,0.375,59,2026112859,0,,,,,0.5171339849998731,0,official WSJT-X 3.0.2; binary SHA256 9e3c2fc14f63c4b4c4e9fcc33b386cd22daf8fe76ce724c5e37f07875e9a3dd9,<DecodeFinished>,
-30.5,0.5,0.375,60,2026112860,0,,,,,0.5134142639999482,0,official WSJT-X 3.0.2; binary SHA256 9e3c2fc14f63c4b4c4e9fcc33b386cd22daf8fe76ce724c5e37f07875e9a3dd9,<DecodeFinished>,
-30.5,0.5,0.375,61,2026112861,0,,,,,0.5075902899998255,0,official WSJT-X 3.0.2; binary SHA256 9e3c2fc14f63c4b4c4e9fcc33b386cd22daf8fe76ce724c5e37f07875e9a3dd9,<DecodeFinished>,
-30.5,0.5,0.375,62,2026112862,0,,,,,0.5203368960001171,0,official WSJT-X 3.0.2; binary SHA256 9e3c2fc14f63c4b4c4e9fcc33b386cd22daf8fe76ce724c5e37f07875e9a3dd9,<DecodeFinished>,
-30.5,0.5,0.375,63,2026112863,0,,,,,0.43006772099988666,0,official WSJT-X 3.0.2; binary SHA256 9e3c2fc14f63c4b4c4e9fcc33b386cd22daf8fe76ce724c5e37f07875e9a3dd9,<DecodeFinished>,
-30.5,0.5,0.375,64,2026112864,0,,,,,0.5083099499997843,0,official WSJT-X 3.0.2; binary SHA256 9e3c2fc14f63c4b4c4e9fcc33b386cd22daf8fe76ce724c5e37f07875e9a3dd9,<DecodeFinished>,
-30.5,0.5,0.375,65,2026112865,0,,,,,0.5173179779999373,0,official WSJT-X 3.0.2; binary SHA256 9e3c2fc14f63c4b4c4e9fcc33b386cd22daf8fe76ce724c5e37f07875e9a3dd9,<DecodeFinished>,
-30.5,0.5,0.375,66,2026112866,0,,,,,0.5162488779997148,0,official WSJT-X 3.0.2; binary SHA256 9e3c2fc14f63c4b4c4e9fcc33b386cd22daf8fe76ce724c5e37f07875e9a3dd9,<DecodeFinished>,
-30.5,0.5,0.375,70,2026112870,1,K1ABC FN42 33,-30,0,10.140200,0.05449532500006171,0,official WSJT-X 3.0.2; binary SHA256 9e3c2fc14f63c4b4c4e9fcc33b386cd22daf8fe76ce724c5e37f07875e9a3dd9,"0000 -30  0.1  10.140200  0  K1ABC FN42 33 
<DecodeFinished>",
-30.5,0.5,0.375,69,2026112869,1,K1ABC FN42 33,-30,0,10.140200,0.28306890499970905,0,official WSJT-X 3.0.2; binary SHA256 9e3c2fc14f63c4b4c4e9fcc33b386cd22daf8fe76ce724c5e37f07875e9a3dd9,"0000 -30  0.1  10.140200  0  K1ABC FN42 33 
<DecodeFinished>",
-30.5,0.5,0.375,71,2026112871,0,,,,,0.04136668099999952,0,official WSJT-X 3.0.2; binary SHA256 9e3c2fc14f63c4b4c4e9fcc33b386cd22daf8fe76ce724c5e37f07875e9a3dd9,<DecodeFinished>,
-30.5,0.5,0.375,67,2026112867,0,,,,,0.517511542000193,0,official WSJT-X 3.0.2; binary SHA256 9e3c2fc14f63c4b4c4e9fcc33b386cd22daf8fe76ce724c5e37f07875e9a3dd9,<DecodeFinished>,
-30.5,0.5,0.375,68,2026112868,0,,,,,0.4238040350001029,0,official WSJT-X 3.0.2; binary SHA256 9e3c2fc14f63c4b4c4e9fcc33b386cd22daf8fe76ce724c5e37f07875e9a3dd9,<DecodeFinished>,
-30.5,0.5,0.375,72,2026112872,1,K1ABC FN42 33,-30,0,10.140200,0.28537234899977193,0,official WSJT-X 3.0.2; binary SHA256 9e3c2fc14f63c4b4c4e9fcc33b386cd22daf8fe76ce724c5e37f07875e9a3dd9,"0000 -30  0.1  10.140200  0  K1ABC FN42 33 
<DecodeFinished>",
-30.5,0.5,0.375,73,2026112873,0,,,,,0.517105819000335,0,official WSJT-X 3.0.2; binary SHA256 9e3c2fc14f63c4b4c4e9fcc33b386cd22daf8fe76ce724c5e37f07875e9a3dd9,<DecodeFinished>,
-30.5,0.5,0.375,74,2026112874,0,,,,,0.5426910170003794,0,official WSJT-X 3.0.2; binary SHA256 9e3c2fc14f63c4b4c4e9fcc33b386cd22daf8fe76ce724c5e37f07875e9a3dd9,<DecodeFinished>,
-30.5,0.5,0.375,75,2026112875,0,,,,,0.5452048109996213,0,official WSJT-X 3.0.2; binary SHA256 9e3c2fc14f63c4b4c4e9fcc33b386cd22daf8fe76ce724c5e37f07875e9a3dd9,<DecodeFinished>,
-30.5,0.5,0.375,76,2026112876,0,,,,,0.5246323420001318,0,official WSJT-X 3.0.2; binary SHA256 9e3c2fc14f63c4b4c4e9fcc33b386cd22daf8fe76ce724c5e37f07875e9a3dd9,<DecodeFinished>,
-30.5,0.5,0.375,79,2026112879,0,,,,,0.4216895909999039,0,official WSJT-X 3.0.2; binary SHA256 9e3c2fc14f63c4b4c4e9fcc33b386cd22daf8fe76ce724c5e37f07875e9a3dd9,<DecodeFinished>,
-30.5,0.5,0.375,77,2026112877,0,,,,,0.5022917799997231,0,official WSJT-X 3.0.2; binary SHA256 9e3c2fc14f63c4b4c4e9fcc33b386cd22daf8fe76ce724c5e37f07875e9a3dd9,<DecodeFinished>,
-30.5,0.5,0.375,80,2026112880,1,K1ABC FN42 33,-30,0,10.140200,0.2616997850000189,0,official WSJT-X 3.0.2; binary SHA256 9e3c2fc14f63c4b4c4e9fcc33b386cd22daf8fe76ce724c5e37f07875e9a3dd9,"0000 -30 -0.1  10.140200  0  K1ABC FN42 33 
<DecodeFinished>",
-30.5,0.5,0.375,82,2026112882,1,K1ABC FN42 33,-30,0,10.140200,0.05118868499994278,0,official WSJT-X 3.0.2; binary SHA256 9e3c2fc14f63c4b4c4e9fcc33b386cd22daf8fe76ce724c5e37f07875e9a3dd9,"0000 -30  0.1  10.140200  0  K1ABC FN42 33 
<DecodeFinished>",
-30.5,0.5,0.375,78,2026112878,0,,,,,0.5095399679998991,0,official WSJT-X 3.0.2; binary SHA256 9e3c2fc14f63c4b4c4e9fcc33b386cd22daf8fe76ce724c5e37f07875e9a3dd9,<DecodeFinished>,
-30.5,0.5,0.375,84,2026112884,1,K1ABC FN42 33,-31,0,10.140200,0.06900510400009807,0,official WSJT-X 3.0.2; binary SHA256 9e3c2fc14f63c4b4c4e9fcc33b386cd22daf8fe76ce724c5e37f07875e9a3dd9,"0000 -31 -0.0  10.140200  0  K1ABC FN42 33 
<DecodeFinished>",
-30.5,0.5,0.375,81,2026112881,0,,,,,0.5148505120000664,0,official WSJT-X 3.0.2; binary SHA256 9e3c2fc14f63c4b4c4e9fcc33b386cd22daf8fe76ce724c5e37f07875e9a3dd9,<DecodeFinished>,
-30.5,0.5,0.375,83,2026112883,0,,,,,0.5002190899999732,0,official WSJT-X 3.0.2; binary SHA256 9e3c2fc14f63c4b4c4e9fcc33b386cd22daf8fe76ce724c5e37f07875e9a3dd9,<DecodeFinished>,
-30.5,0.5,0.375,85,2026112885,0,,,,,0.5160479119999763,0,official WSJT-X 3.0.2; binary SHA256 9e3c2fc14f63c4b4c4e9fcc33b386cd22daf8fe76ce724c5e37f07875e9a3dd9,<DecodeFinished>,
-30.5,0.5,0.375,86,2026112886,0,,,,,0.5061774959999639,0,official WSJT-X 3.0.2; binary SHA256 9e3c2fc14f63c4b4c4e9fcc33b386cd22daf8fe76ce724c5e37f07875e9a3dd9,<DecodeFinished>,
-30.5,0.5,0.375,89,2026112889,1,K1ABC FN42 33,-31,0,10.140200,0.2359016660002453,0,official WSJT-X 3.0.2; binary SHA256 9e3c2fc14f63c4b4c4e9fcc33b386cd22daf8fe76ce724c5e37f07875e9a3dd9,"0000 -31 -0.1  10.140200  0  K1ABC FN42 33 
<DecodeFinished>",
-30.5,0.5,0.375,87,2026112887,0,,,,,0.5107889589999104,0,official WSJT-X 3.0.2; binary SHA256 9e3c2fc14f63c4b4c4e9fcc33b386cd22daf8fe76ce724c5e37f07875e9a3dd9,<DecodeFinished>,
-30.5,0.5,0.375,88,2026112888,0,,,,,0.5064131929998439,0,official WSJT-X 3.0.2; binary SHA256 9e3c2fc14f63c4b4c4e9fcc33b386cd22daf8fe76ce724c5e37f07875e9a3dd9,<DecodeFinished>,
-30.5,0.5,0.375,90,2026112890,0,,,,,0.41070399199998064,0,official WSJT-X 3.0.2; binary SHA256 9e3c2fc14f63c4b4c4e9fcc33b386cd22daf8fe76ce724c5e37f07875e9a3dd9,<DecodeFinished>,
-30.5,0.5,0.375,91,2026112891,0,,,,,0.5061779020002177,0,official WSJT-X 3.0.2; binary SHA256 9e3c2fc14f63c4b4c4e9fcc33b386cd22daf8fe76ce724c5e37f07875e9a3dd9,<DecodeFinished>,
-30.5,0.5,0.375,92,2026112892,0,,,,,0.513331510000171,0,official WSJT-X 3.0.2; binary SHA256 9e3c2fc14f63c4b4c4e9fcc33b386cd22daf8fe76ce724c5e37f07875e9a3dd9,<DecodeFinished>,
-30.5,0.5,0.375,93,2026112893,0,,,,,0.511975295999946,0,official WSJT-X 3.0.2; binary SHA256 9e3c2fc14f63c4b4c4e9fcc33b386cd22daf8fe76ce724c5e37f07875e9a3dd9,<DecodeFinished>,
-30.5,0.5,0.375,94,2026112894,0,,,,,0.4962386739998692,0,official WSJT-X 3.0.2; binary SHA256 9e3c2fc14f63c4b4c4e9fcc33b386cd22daf8fe76ce724c5e37f07875e9a3dd9,<DecodeFinished>,
-30.5,0.5,0.375,95,2026112895,1,K1ABC FN42 33,-30,0,10.140200,0.26119596099988485,0,official WSJT-X 3.0.2; binary SHA256 9e3c2fc14f63c4b4c4e9fcc33b386cd22daf8fe76ce724c5e37f07875e9a3dd9,"0000 -30  0.1  10.140200  0  K1ABC FN42 33 
<DecodeFinished>",
-30.5,0.5,0.375,98,2026112898,1,K1ABC FN42 33,-31,0,10.140200,0.2780282650001027,0,official WSJT-X 3.0.2; binary SHA256 9e3c2fc14f63c4b4c4e9fcc33b386cd22daf8fe76ce724c5e37f07875e9a3dd9,"0000 -31  0.1  10.140200  0  K1ABC FN42 33 
<DecodeFinished>",
-30.5,0.5,0.375,97,2026112897,0,,,,,0.5203721959996983,0,official WSJT-X 3.0.2; binary SHA256 9e3c2fc14f63c4b4c4e9fcc33b386cd22daf8fe76ce724c5e37f07875e9a3dd9,<DecodeFinished>,
-30.5,0.5,0.375,96,2026112896,0,,,,,0.5416451760002019,0,official WSJT-X 3.0.2; binary SHA256 9e3c2fc14f63c4b4c4e9fcc33b386cd22daf8fe76ce724c5e37f07875e9a3dd9,<DecodeFinished>,
-30.5,0.5,0.5,1,2026112801,0,,,,,0.05586933099993985,0,official WSJT-X 3.0.2; binary SHA256 9e3c2fc14f63c4b4c4e9fcc33b386cd22daf8fe76ce724c5e37f07875e9a3dd9,<DecodeFinished>,
-30.5,0.5,0.375,99,2026112899,0,,,,,0.5357699750002212,0,official WSJT-X 3.0.2; binary SHA256 9e3c2fc14f63c4b4c4e9fcc33b386cd22daf8fe76ce724c5e37f07875e9a3dd9,<DecodeFinished>,
-30.5,0.5,0.5,3,2026112803,1,K1ABC FN42 33,-31,0,10.140200,0.07028843600028267,0,official WSJT-X 3.0.2; binary SHA256 9e3c2fc14f63c4b4c4e9fcc33b386cd22daf8fe76ce724c5e37f07875e9a3dd9,"0000 -31  0.1  10.140200  0  K1ABC FN42 33 
<DecodeFinished>",
-30.5,0.5,0.5,0,2026112800,0,,,,,0.4334820240001136,0,official WSJT-X 3.0.2; binary SHA256 9e3c2fc14f63c4b4c4e9fcc33b386cd22daf8fe76ce724c5e37f07875e9a3dd9,<DecodeFinished>,
-30.5,0.5,0.5,6,2026112806,0,,,,,0.04877051899984508,0,official WSJT-X 3.0.2; binary SHA256 9e3c2fc14f63c4b4c4e9fcc33b386cd22daf8fe76ce724c5e37f07875e9a3dd9,<DecodeFinished>,
-30.5,0.5,0.5,2,2026112802,0,,,,,0.4328497440001229,0,official WSJT-X 3.0.2; binary SHA256 9e3c2fc14f63c4b4c4e9fcc33b386cd22daf8fe76ce724c5e37f07875e9a3dd9,<DecodeFinished>,
-30.5,0.5,0.5,4,2026112804,0,,,,,0.5280270920002295,0,official WSJT-X 3.0.2; binary SHA256 9e3c2fc14f63c4b4c4e9fcc33b386cd22daf8fe76ce724c5e37f07875e9a3dd9,<DecodeFinished>,
-30.5,0.5,0.5,5,2026112805,0,,,,,0.5222544140001446,0,official WSJT-X 3.0.2; binary SHA256 9e3c2fc14f63c4b4c4e9fcc33b386cd22daf8fe76ce724c5e37f07875e9a3dd9,<DecodeFinished>,
-30.5,0.5,0.5,7,2026112807,0,,,,,0.5458077409998623,0,official WSJT-X 3.0.2; binary SHA256 9e3c2fc14f63c4b4c4e9fcc33b386cd22daf8fe76ce724c5e37f07875e9a3dd9,<DecodeFinished>,
-30.5,0.5,0.5,8,2026112808,0,,,,,0.5453886259997489,0,official WSJT-X 3.0.2; binary SHA256 9e3c2fc14f63c4b4c4e9fcc33b386cd22daf8fe76ce724c5e37f07875e9a3dd9,<DecodeFinished>,
-30.5,0.5,0.5,12,2026112812,1,K1ABC FN42 33,-30,0,10.140200,0.049981080000179645,0,official WSJT-X 3.0.2; binary SHA256 9e3c2fc14f63c4b4c4e9fcc33b386cd22daf8fe76ce724c5e37f07875e9a3dd9,"0000 -30 -0.0  10.140200  0  K1ABC FN42 33 
<DecodeFinished>",
-30.5,0.5,0.5,9,2026112809,0,,,,,0.5463357429998723,0,official WSJT-X 3.0.2; binary SHA256 9e3c2fc14f63c4b4c4e9fcc33b386cd22daf8fe76ce724c5e37f07875e9a3dd9,<DecodeFinished>,
-30.5,0.5,0.5,10,2026112810,0,,,,,0.5493907969998872,0,official WSJT-X 3.0.2; binary SHA256 9e3c2fc14f63c4b4c4e9fcc33b386cd22daf8fe76ce724c5e37f07875e9a3dd9,<DecodeFinished>,
-30.5,0.5,0.5,14,2026112814,1,K1ABC FN42 33,-30,0,10.140200,0.05073939200019595,0,official WSJT-X 3.0.2; binary SHA256 9e3c2fc14f63c4b4c4e9fcc33b386cd22daf8fe76ce724c5e37f07875e9a3dd9,"0000 -30 -0.0  10.140200  0  K1ABC FN42 33 
<DecodeFinished>",
-30.5,0.5,0.5,11,2026112811,0,,,,,0.5157204809997893,0,official WSJT-X 3.0.2; binary SHA256 9e3c2fc14f63c4b4c4e9fcc33b386cd22daf8fe76ce724c5e37f07875e9a3dd9,<DecodeFinished>,
-30.5,0.5,0.5,13,2026112813,0,,,,,0.5405682969999361,0,official WSJT-X 3.0.2; binary SHA256 9e3c2fc14f63c4b4c4e9fcc33b386cd22daf8fe76ce724c5e37f07875e9a3dd9,<DecodeFinished>,
-30.5,0.5,0.5,15,2026112815,0,,,,,0.5127012930001911,0,official WSJT-X 3.0.2; binary SHA256 9e3c2fc14f63c4b4c4e9fcc33b386cd22daf8fe76ce724c5e37f07875e9a3dd9,<DecodeFinished>,
-30.5,0.5,0.5,16,2026112816,0,,,,,0.531372865999856,0,official WSJT-X 3.0.2; binary SHA256 9e3c2fc14f63c4b4c4e9fcc33b386cd22daf8fe76ce724c5e37f07875e9a3dd9,<DecodeFinished>,
-30.5,0.5,0.5,18,2026112818,1,K1ABC FN42 33,-32,0,10.140200,0.17802430699975957,0,official WSJT-X 3.0.2; binary SHA256 9e3c2fc14f63c4b4c4e9fcc33b386cd22daf8fe76ce724c5e37f07875e9a3dd9,"0000 -32  0.0  10.140200  0  K1ABC FN42 33 
<DecodeFinished>",
-30.5,0.5,0.5,17,2026112817,0,,,,,0.5444723969999359,0,official WSJT-X 3.0.2; binary SHA256 9e3c2fc14f63c4b4c4e9fcc33b386cd22daf8fe76ce724c5e37f07875e9a3dd9,<DecodeFinished>,
-30.5,0.5,0.5,19,2026112819,0,,,,,0.5330980339999769,0,official WSJT-X 3.0.2; binary SHA256 9e3c2fc14f63c4b4c4e9fcc33b386cd22daf8fe76ce724c5e37f07875e9a3dd9,<DecodeFinished>,
-30.5,0.5,0.5,20,2026112820,0,,,,,0.5298868310001126,0,official WSJT-X 3.0.2; binary SHA256 9e3c2fc14f63c4b4c4e9fcc33b386cd22daf8fe76ce724c5e37f07875e9a3dd9,<DecodeFinished>,
-30.5,0.5,0.5,21,2026112821,0,,,,,0.5218598880001082,0,official WSJT-X 3.0.2; binary SHA256 9e3c2fc14f63c4b4c4e9fcc33b386cd22daf8fe76ce724c5e37f07875e9a3dd9,<DecodeFinished>,
-30.5,0.5,0.5,23,2026112823,1,K1ABC FN42 33,-30,0,10.140200,0.04656664499998442,0,official WSJT-X 3.0.2; binary SHA256 9e3c2fc14f63c4b4c4e9fcc33b386cd22daf8fe76ce724c5e37f07875e9a3dd9,"0000 -30  0.0  10.140200  0  K1ABC FN42 33 
<DecodeFinished>",
-30.5,0.5,0.5,26,2026112826,0,,,,,0.047653918999913,0,official WSJT-X 3.0.2; binary SHA256 9e3c2fc14f63c4b4c4e9fcc33b386cd22daf8fe76ce724c5e37f07875e9a3dd9,<DecodeFinished>,
-30.5,0.5,0.5,22,2026112822,0,,,,,0.5294343629998366,0,official WSJT-X 3.0.2; binary SHA256 9e3c2fc14f63c4b4c4e9fcc33b386cd22daf8fe76ce724c5e37f07875e9a3dd9,<DecodeFinished>,
-30.5,0.5,0.5,24,2026112824,0,,,,,0.5251577129997713,0,official WSJT-X 3.0.2; binary SHA256 9e3c2fc14f63c4b4c4e9fcc33b386cd22daf8fe76ce724c5e37f07875e9a3dd9,<DecodeFinished>,
-30.5,0.5,0.5,28,2026112828,0,,,,,0.42875847000004796,0,official WSJT-X 3.0.2; binary SHA256 9e3c2fc14f63c4b4c4e9fcc33b386cd22daf8fe76ce724c5e37f07875e9a3dd9,<DecodeFinished>,
-30.5,0.5,0.5,25,2026112825,0,,,,,0.5248235200001545,0,official WSJT-X 3.0.2; binary SHA256 9e3c2fc14f63c4b4c4e9fcc33b386cd22daf8fe76ce724c5e37f07875e9a3dd9,<DecodeFinished>,
-30.5,0.5,0.5,27,2026112827,0,,,,,0.5177802399998654,0,official WSJT-X 3.0.2; binary SHA256 9e3c2fc14f63c4b4c4e9fcc33b386cd22daf8fe76ce724c5e37f07875e9a3dd9,<DecodeFinished>,
-30.5,0.5,0.5,31,2026112831,1,K1ABC FN42 33,-31,0,10.140200,0.05665820099966368,0,official WSJT-X 3.0.2; binary SHA256 9e3c2fc14f63c4b4c4e9fcc33b386cd22daf8fe76ce724c5e37f07875e9a3dd9,"0000 -31 -0.1  10.140200  0  K1ABC FN42 33 
<DecodeFinished>",
-30.5,0.5,0.5,29,2026112829,1,K1ABC FN42 33,-31,0,10.140200,0.33243687399999544,0,official WSJT-X 3.0.2; binary SHA256 9e3c2fc14f63c4b4c4e9fcc33b386cd22daf8fe76ce724c5e37f07875e9a3dd9,"0000 -31  0.0  10.140200  0  K1ABC FN42 33 
<DecodeFinished>",
-30.5,0.5,0.5,32,2026112832,0,,,,,0.4195998459999828,0,official WSJT-X 3.0.2; binary SHA256 9e3c2fc14f63c4b4c4e9fcc33b386cd22daf8fe76ce724c5e37f07875e9a3dd9,<DecodeFinished>,
-30.5,0.5,0.5,30,2026112830,0,,,,,0.5274772389998361,0,official WSJT-X 3.0.2; binary SHA256 9e3c2fc14f63c4b4c4e9fcc33b386cd22daf8fe76ce724c5e37f07875e9a3dd9,<DecodeFinished>,
-30.5,0.5,0.5,33,2026112833,0,,,,,0.5106435180000517,0,official WSJT-X 3.0.2; binary SHA256 9e3c2fc14f63c4b4c4e9fcc33b386cd22daf8fe76ce724c5e37f07875e9a3dd9,<DecodeFinished>,
-30.5,0.5,0.5,36,2026112836,1,K1ABC FN42 33,-31,0,10.140200,0.06807560100014598,0,official WSJT-X 3.0.2; binary SHA256 9e3c2fc14f63c4b4c4e9fcc33b386cd22daf8fe76ce724c5e37f07875e9a3dd9,"0000 -31 -0.1  10.140200  0  K1ABC FN42 33 
<DecodeFinished>",
-30.5,0.5,0.5,34,2026112834,0,,,,,0.4294727299998158,0,official WSJT-X 3.0.2; binary SHA256 9e3c2fc14f63c4b4c4e9fcc33b386cd22daf8fe76ce724c5e37f07875e9a3dd9,<DecodeFinished>,
-30.5,0.5,0.5,35,2026112835,0,,,,,0.5379997029999686,0,official WSJT-X 3.0.2; binary SHA256 9e3c2fc14f63c4b4c4e9fcc33b386cd22daf8fe76ce724c5e37f07875e9a3dd9,<DecodeFinished>,
-30.5,0.5,0.5,37,2026112837,0,,,,,0.5236757819998274,0,official WSJT-X 3.0.2; binary SHA256 9e3c2fc14f63c4b4c4e9fcc33b386cd22daf8fe76ce724c5e37f07875e9a3dd9,<DecodeFinished>,
-30.5,0.5,0.5,38,2026112838,0,,,,,0.5269380810000257,0,official WSJT-X 3.0.2; binary SHA256 9e3c2fc14f63c4b4c4e9fcc33b386cd22daf8fe76ce724c5e37f07875e9a3dd9,<DecodeFinished>,
-30.5,0.5,0.5,39,2026112839,0,,,,,0.5323393799999394,0,official WSJT-X 3.0.2; binary SHA256 9e3c2fc14f63c4b4c4e9fcc33b386cd22daf8fe76ce724c5e37f07875e9a3dd9,<DecodeFinished>,
-30.5,0.5,0.5,40,2026112840,0,,,,,0.5190072820000751,0,official WSJT-X 3.0.2; binary SHA256 9e3c2fc14f63c4b4c4e9fcc33b386cd22daf8fe76ce724c5e37f07875e9a3dd9,<DecodeFinished>,
-30.5,0.5,0.5,41,2026112841,0,,,,,0.43504988399990907,0,official WSJT-X 3.0.2; binary SHA256 9e3c2fc14f63c4b4c4e9fcc33b386cd22daf8fe76ce724c5e37f07875e9a3dd9,<DecodeFinished>,
-30.5,0.5,0.5,42,2026112842,0,,,,,0.5310927360001187,0,official WSJT-X 3.0.2; binary SHA256 9e3c2fc14f63c4b4c4e9fcc33b386cd22daf8fe76ce724c5e37f07875e9a3dd9,<DecodeFinished>,
-30.5,0.5,0.5,43,2026112843,0,,,,,0.5320898360000683,0,official WSJT-X 3.0.2; binary SHA256 9e3c2fc14f63c4b4c4e9fcc33b386cd22daf8fe76ce724c5e37f07875e9a3dd9,<DecodeFinished>,
-30.5,0.5,0.5,44,2026112844,0,,,,,0.42792686700022387,0,official WSJT-X 3.0.2; binary SHA256 9e3c2fc14f63c4b4c4e9fcc33b386cd22daf8fe76ce724c5e37f07875e9a3dd9,<DecodeFinished>,
-30.5,0.5,0.5,45,2026112845,0,,,,,0.5288848380000672,0,official WSJT-X 3.0.2; binary SHA256 9e3c2fc14f63c4b4c4e9fcc33b386cd22daf8fe76ce724c5e37f07875e9a3dd9,<DecodeFinished>,
-30.5,0.5,0.5,46,2026112846,0,,,,,0.5220482770000672,0,official WSJT-X 3.0.2; binary SHA256 9e3c2fc14f63c4b4c4e9fcc33b386cd22daf8fe76ce724c5e37f07875e9a3dd9,<DecodeFinished>,
-30.5,0.5,0.5,47,2026112847,0,,,,,0.5111552650000704,0,official WSJT-X 3.0.2; binary SHA256 9e3c2fc14f63c4b4c4e9fcc33b386cd22daf8fe76ce724c5e37f07875e9a3dd9,<DecodeFinished>,
-30.5,0.5,0.5,48,2026112848,0,,,,,0.5103379819997826,0,official WSJT-X 3.0.2; binary SHA256 9e3c2fc14f63c4b4c4e9fcc33b386cd22daf8fe76ce724c5e37f07875e9a3dd9,<DecodeFinished>,
-30.5,0.5,0.5,49,2026112849,0,,,,,0.5262665420000303,0,official WSJT-X 3.0.2; binary SHA256 9e3c2fc14f63c4b4c4e9fcc33b386cd22daf8fe76ce724c5e37f07875e9a3dd9,<DecodeFinished>,
-30.5,0.5,0.5,50,2026112850,0,,,,,0.4108665310000106,0,official WSJT-X 3.0.2; binary SHA256 9e3c2fc14f63c4b4c4e9fcc33b386cd22daf8fe76ce724c5e37f07875e9a3dd9,<DecodeFinished>,
-30.5,0.5,0.5,51,2026112851,0,,,,,0.5076587150001615,0,official WSJT-X 3.0.2; binary SHA256 9e3c2fc14f63c4b4c4e9fcc33b386cd22daf8fe76ce724c5e37f07875e9a3dd9,<DecodeFinished>,
-30.5,0.5,0.5,52,2026112852,0,,,,,0.5047274160001507,0,official WSJT-X 3.0.2; binary SHA256 9e3c2fc14f63c4b4c4e9fcc33b386cd22daf8fe76ce724c5e37f07875e9a3dd9,<DecodeFinished>,
-30.5,0.5,0.5,53,2026112853,0,,,,,0.4209454110000479,0,official WSJT-X 3.0.2; binary SHA256 9e3c2fc14f63c4b4c4e9fcc33b386cd22daf8fe76ce724c5e37f07875e9a3dd9,<DecodeFinished>,
-30.5,0.5,0.5,55,2026112855,1,K1ABC FN42 33,-31,0,10.140200,0.23214367900027355,0,official WSJT-X 3.0.2; binary SHA256 9e3c2fc14f63c4b4c4e9fcc33b386cd22daf8fe76ce724c5e37f07875e9a3dd9,"0000 -31  0.1  10.140200  0  K1ABC FN42 33 
<DecodeFinished>",
-30.5,0.5,0.5,54,2026112854,0,,,,,0.5259949149999557,0,official WSJT-X 3.0.2; binary SHA256 9e3c2fc14f63c4b4c4e9fcc33b386cd22daf8fe76ce724c5e37f07875e9a3dd9,<DecodeFinished>,
-30.5,0.5,0.5,56,2026112856,0,,,,,0.5414025869999932,0,official WSJT-X 3.0.2; binary SHA256 9e3c2fc14f63c4b4c4e9fcc33b386cd22daf8fe76ce724c5e37f07875e9a3dd9,<DecodeFinished>,
-30.5,0.5,0.5,57,2026112857,0,,,,,0.5479801829997086,0,official WSJT-X 3.0.2; binary SHA256 9e3c2fc14f63c4b4c4e9fcc33b386cd22daf8fe76ce724c5e37f07875e9a3dd9,<DecodeFinished>,
-30.5,0.5,0.5,58,2026112858,0,,,,,0.5351070430001528,0,official WSJT-X 3.0.2; binary SHA256 9e3c2fc14f63c4b4c4e9fcc33b386cd22daf8fe76ce724c5e37f07875e9a3dd9,<DecodeFinished>,
-30.5,0.5,0.5,59,2026112859,0,,,,,0.5335930890000782,0,official WSJT-X 3.0.2; binary SHA256 9e3c2fc14f63c4b4c4e9fcc33b386cd22daf8fe76ce724c5e37f07875e9a3dd9,<DecodeFinished>,
-30.5,0.5,0.5,61,2026112861,0,,,,,0.4458925869998893,0,official WSJT-X 3.0.2; binary SHA256 9e3c2fc14f63c4b4c4e9fcc33b386cd22daf8fe76ce724c5e37f07875e9a3dd9,<DecodeFinished>,
-30.5,0.5,0.5,60,2026112860,0,,,,,0.5312527790001695,0,official WSJT-X 3.0.2; binary SHA256 9e3c2fc14f63c4b4c4e9fcc33b386cd22daf8fe76ce724c5e37f07875e9a3dd9,<DecodeFinished>,
-30.5,0.5,0.5,65,2026112865,1,K1ABC FN42 33,-30,0,10.140200,0.0518246309998176,0,official WSJT-X 3.0.2; binary SHA256 9e3c2fc14f63c4b4c4e9fcc33b386cd22daf8fe76ce724c5e37f07875e9a3dd9,"0000 -30  0.1  10.140200  0  K1ABC FN42 33 
<DecodeFinished>",
-30.5,0.5,0.5,62,2026112862,0,,,,,0.5349798989996088,0,official WSJT-X 3.0.2; binary SHA256 9e3c2fc14f63c4b4c4e9fcc33b386cd22daf8fe76ce724c5e37f07875e9a3dd9,<DecodeFinished>,
-30.5,0.5,0.5,63,2026112863,0,,,,,0.5302815549998741,0,official WSJT-X 3.0.2; binary SHA256 9e3c2fc14f63c4b4c4e9fcc33b386cd22daf8fe76ce724c5e37f07875e9a3dd9,<DecodeFinished>,
-30.5,0.5,0.5,68,2026112868,0,,,,,0.05035917100030929,0,official WSJT-X 3.0.2; binary SHA256 9e3c2fc14f63c4b4c4e9fcc33b386cd22daf8fe76ce724c5e37f07875e9a3dd9,<DecodeFinished>,
-30.5,0.5,0.5,64,2026112864,0,,,,,0.4431123919998754,0,official WSJT-X 3.0.2; binary SHA256 9e3c2fc14f63c4b4c4e9fcc33b386cd22daf8fe76ce724c5e37f07875e9a3dd9,<DecodeFinished>,
-30.5,0.5,0.5,66,2026112866,0,,,,,0.5336912940001639,0,official WSJT-X 3.0.2; binary SHA256 9e3c2fc14f63c4b4c4e9fcc33b386cd22daf8fe76ce724c5e37f07875e9a3dd9,<DecodeFinished>,
-30.5,0.5,0.5,67,2026112867,0,,,,,0.5345797950003544,0,official WSJT-X 3.0.2; binary SHA256 9e3c2fc14f63c4b4c4e9fcc33b386cd22daf8fe76ce724c5e37f07875e9a3dd9,<DecodeFinished>,
-30.5,0.5,0.5,71,2026112871,1,K1ABC FN42 33,-30,0,10.140200,0.07686080400026185,0,official WSJT-X 3.0.2; binary SHA256 9e3c2fc14f63c4b4c4e9fcc33b386cd22daf8fe76ce724c5e37f07875e9a3dd9,"0000 -30 -0.1  10.140200  0  K1ABC FN42 33 
<DecodeFinished>",
-30.5,0.5,0.5,69,2026112869,0,,,,,0.528832421000061,0,official WSJT-X 3.0.2; binary SHA256 9e3c2fc14f63c4b4c4e9fcc33b386cd22daf8fe76ce724c5e37f07875e9a3dd9,<DecodeFinished>,
-30.5,0.5,0.5,70,2026112870,0,,,,,0.5373883409997688,0,official WSJT-X 3.0.2; binary SHA256 9e3c2fc14f63c4b4c4e9fcc33b386cd22daf8fe76ce724c5e37f07875e9a3dd9,<DecodeFinished>,
-30.5,0.5,0.5,75,2026112875,1,K1ABC FN42 33,-30,0,10.140200,0.08280284800002846,0,official WSJT-X 3.0.2; binary SHA256 9e3c2fc14f63c4b4c4e9fcc33b386cd22daf8fe76ce724c5e37f07875e9a3dd9,"0000 -30  0.0  10.140200  0  K1ABC FN42 33 
<DecodeFinished>",
-30.5,0.5,0.5,73,2026112873,0,,,,,0.41797316800011686,0,official WSJT-X 3.0.2; binary SHA256 9e3c2fc14f63c4b4c4e9fcc33b386cd22daf8fe76ce724c5e37f07875e9a3dd9,<DecodeFinished>,
-30.5,0.5,0.5,72,2026112872,0,,,,,0.5221208640000441,0,official WSJT-X 3.0.2; binary SHA256 9e3c2fc14f63c4b4c4e9fcc33b386cd22daf8fe76ce724c5e37f07875e9a3dd9,<DecodeFinished>,
-30.5,0.5,0.5,74,2026112874,0,,,,,0.5164515999999821,0,official WSJT-X 3.0.2; binary SHA256 9e3c2fc14f63c4b4c4e9fcc33b386cd22daf8fe76ce724c5e37f07875e9a3dd9,<DecodeFinished>,
-30.5,0.5,0.5,76,2026112876,0,,,,,0.516642199999751,0,official WSJT-X 3.0.2; binary SHA256 9e3c2fc14f63c4b4c4e9fcc33b386cd22daf8fe76ce724c5e37f07875e9a3dd9,<DecodeFinished>,
-30.5,0.5,0.5,77,2026112877,0,,,,,0.5216832889996112,0,official WSJT-X 3.0.2; binary SHA256 9e3c2fc14f63c4b4c4e9fcc33b386cd22daf8fe76ce724c5e37f07875e9a3dd9,<DecodeFinished>,
-30.5,0.5,0.5,79,2026112879,0,,,,,0.428805248000117,0,official WSJT-X 3.0.2; binary SHA256 9e3c2fc14f63c4b4c4e9fcc33b386cd22daf8fe76ce724c5e37f07875e9a3dd9,<DecodeFinished>,
-30.5,0.5,0.5,78,2026112878,0,,,,,0.5295379750000393,0,official WSJT-X 3.0.2; binary SHA256 9e3c2fc14f63c4b4c4e9fcc33b386cd22daf8fe76ce724c5e37f07875e9a3dd9,<DecodeFinished>,
-30.5,0.5,0.5,80,2026112880,0,,,,,0.5388117880002028,0,official WSJT-X 3.0.2; binary SHA256 9e3c2fc14f63c4b4c4e9fcc33b386cd22daf8fe76ce724c5e37f07875e9a3dd9,<DecodeFinished>,
-30.5,0.5,0.5,82,2026112882,0,,,,,0.45039309199955824,0,official WSJT-X 3.0.2; binary SHA256 9e3c2fc14f63c4b4c4e9fcc33b386cd22daf8fe76ce724c5e37f07875e9a3dd9,<DecodeFinished>,
-30.5,0.5,0.5,81,2026112881,0,,,,,0.5361764859999312,0,official WSJT-X 3.0.2; binary SHA256 9e3c2fc14f63c4b4c4e9fcc33b386cd22daf8fe76ce724c5e37f07875e9a3dd9,<DecodeFinished>,
-30.5,0.5,0.5,83,2026112883,0,,,,,0.559027555999819,0,official WSJT-X 3.0.2; binary SHA256 9e3c2fc14f63c4b4c4e9fcc33b386cd22daf8fe76ce724c5e37f07875e9a3dd9,<DecodeFinished>,
-30.5,0.5,0.5,85,2026112885,0,,,,,0.4457933380003851,0,official WSJT-X 3.0.2; binary SHA256 9e3c2fc14f63c4b4c4e9fcc33b386cd22daf8fe76ce724c5e37f07875e9a3dd9,<DecodeFinished>,
-30.5,0.5,0.5,84,2026112884,0,,,,,0.5247873490002348,0,official WSJT-X 3.0.2; binary SHA256 9e3c2fc14f63c4b4c4e9fcc33b386cd22daf8fe76ce724c5e37f07875e9a3dd9,<DecodeFinished>,
-30.5,0.5,0.5,86,2026112886,0,,,,,0.522529072999987,0,official WSJT-X 3.0.2; binary SHA256 9e3c2fc14f63c4b4c4e9fcc33b386cd22daf8fe76ce724c5e37f07875e9a3dd9,<DecodeFinished>,
-30.5,0.5,0.5,89,2026112889,1,K1ABC FN42 33,-30,0,10.140200,0.062242421000064496,0,official WSJT-X 3.0.2; binary SHA256 9e3c2fc14f63c4b4c4e9fcc33b386cd22daf8fe76ce724c5e37f07875e9a3dd9,"0000 -30 -0.0  10.140200  0  K1ABC FN42 33 
<DecodeFinished>",
-30.5,0.5,0.5,87,2026112887,0,,,,,0.5296359800004211,0,official WSJT-X 3.0.2; binary SHA256 9e3c2fc14f63c4b4c4e9fcc33b386cd22daf8fe76ce724c5e37f07875e9a3dd9,<DecodeFinished>,
-30.5,0.5,0.5,92,2026112892,0,,,,,0.04028638099998716,0,official WSJT-X 3.0.2; binary SHA256 9e3c2fc14f63c4b4c4e9fcc33b386cd22daf8fe76ce724c5e37f07875e9a3dd9,<DecodeFinished>,
-30.5,0.5,0.5,88,2026112888,0,,,,,0.5134790600000088,0,official WSJT-X 3.0.2; binary SHA256 9e3c2fc14f63c4b4c4e9fcc33b386cd22daf8fe76ce724c5e37f07875e9a3dd9,<DecodeFinished>,
-30.5,0.5,0.5,90,2026112890,0,,,,,0.507217958000183,0,official WSJT-X 3.0.2; binary SHA256 9e3c2fc14f63c4b4c4e9fcc33b386cd22daf8fe76ce724c5e37f07875e9a3dd9,<DecodeFinished>,
-30.5,0.5,0.5,91,2026112891,0,,,,,0.5060884810000061,0,official WSJT-X 3.0.2; binary SHA256 9e3c2fc14f63c4b4c4e9fcc33b386cd22daf8fe76ce724c5e37f07875e9a3dd9,<DecodeFinished>,
-30.5,0.5,0.5,93,2026112893,0,,,,,0.4121228999997584,0,official WSJT-X 3.0.2; binary SHA256 9e3c2fc14f63c4b4c4e9fcc33b386cd22daf8fe76ce724c5e37f07875e9a3dd9,<DecodeFinished>,
-30.5,0.5,0.5,94,2026112894,0,,,,,0.5156609010000466,0,official WSJT-X 3.0.2; binary SHA256 9e3c2fc14f63c4b4c4e9fcc33b386cd22daf8fe76ce724c5e37f07875e9a3dd9,<DecodeFinished>,
-30.5,0.5,0.5,95,2026112895,0,,,,,0.5172799420001866,0,official WSJT-X 3.0.2; binary SHA256 9e3c2fc14f63c4b4c4e9fcc33b386cd22daf8fe76ce724c5e37f07875e9a3dd9,<DecodeFinished>,
-30.5,0.5,0.5,96,2026112896,0,,,,,0.5260661719999007,0,official WSJT-X 3.0.2; binary SHA256 9e3c2fc14f63c4b4c4e9fcc33b386cd22daf8fe76ce724c5e37f07875e9a3dd9,<DecodeFinished>,
-30.5,0.5,0.5,97,2026112897,0,,,,,0.5199996979999923,0,official WSJT-X 3.0.2; binary SHA256 9e3c2fc14f63c4b4c4e9fcc33b386cd22daf8fe76ce724c5e37f07875e9a3dd9,<DecodeFinished>,
-31.0,0.5,0.0,0,2026122800,1,K1ABC FN42 33,-30,0,10.140200,0.22300622500006284,0,official WSJT-X 3.0.2; binary SHA256 9e3c2fc14f63c4b4c4e9fcc33b386cd22daf8fe76ce724c5e37f07875e9a3dd9,"0000 -30 -0.0  10.140200  0  K1ABC FN42 33 
<DecodeFinished>",
-30.5,0.5,0.5,98,2026112898,0,,,,,0.511435130999871,0,official WSJT-X 3.0.2; binary SHA256 9e3c2fc14f63c4b4c4e9fcc33b386cd22daf8fe76ce724c5e37f07875e9a3dd9,<DecodeFinished>,
-31.0,0.5,0.0,2,2026122802,1,K1ABC FN42 33,-31,0,10.140200,0.24015358899987405,0,official WSJT-X 3.0.2; binary SHA256 9e3c2fc14f63c4b4c4e9fcc33b386cd22daf8fe76ce724c5e37f07875e9a3dd9,"0000 -31 -0.0  10.140200  0  K1ABC FN42 33 
<DecodeFinished>",
-30.5,0.5,0.5,99,2026112899,0,,,,,0.5215266019999945,0,official WSJT-X 3.0.2; binary SHA256 9e3c2fc14f63c4b4c4e9fcc33b386cd22daf8fe76ce724c5e37f07875e9a3dd9,<DecodeFinished>,
-31.0,0.5,0.0,1,2026122801,0,,,,,0.5259512069997072,0,official WSJT-X 3.0.2; binary SHA256 9e3c2fc14f63c4b4c4e9fcc33b386cd22daf8fe76ce724c5e37f07875e9a3dd9,<DecodeFinished>,
-31.0,0.5,0.0,3,2026122803,0,,,,,0.5071207559999493,0,official WSJT-X 3.0.2; binary SHA256 9e3c2fc14f63c4b4c4e9fcc33b386cd22daf8fe76ce724c5e37f07875e9a3dd9,<DecodeFinished>,
-31.0,0.5,0.0,5,2026122805,0,,,,,0.41510601599975416,0,official WSJT-X 3.0.2; binary SHA256 9e3c2fc14f63c4b4c4e9fcc33b386cd22daf8fe76ce724c5e37f07875e9a3dd9,<DecodeFinished>,
-31.0,0.5,0.0,4,2026122804,0,,,,,0.5209731179998016,0,official WSJT-X 3.0.2; binary SHA256 9e3c2fc14f63c4b4c4e9fcc33b386cd22daf8fe76ce724c5e37f07875e9a3dd9,<DecodeFinished>,
-31.0,0.5,0.0,6,2026122806,0,,,,,0.43524124199984726,0,official WSJT-X 3.0.2; binary SHA256 9e3c2fc14f63c4b4c4e9fcc33b386cd22daf8fe76ce724c5e37f07875e9a3dd9,<DecodeFinished>,
-31.0,0.5,0.0,9,2026122809,1,K1ABC FN42 33,-32,0,10.140200,0.2855767329997434,0,official WSJT-X 3.0.2; binary SHA256 9e3c2fc14f63c4b4c4e9fcc33b386cd22daf8fe76ce724c5e37f07875e9a3dd9,"0000 -32  0.1  10.140200  0  K1ABC FN42 33 
<DecodeFinished>",
-31.0,0.5,0.0,11,2026122811,0,,,,,0.04697142399982113,0,official WSJT-X 3.0.2; binary SHA256 9e3c2fc14f63c4b4c4e9fcc33b386cd22daf8fe76ce724c5e37f07875e9a3dd9,<DecodeFinished>,
-31.0,0.5,0.0,7,2026122807,0,,,,,0.5047248649998437,0,official WSJT-X 3.0.2; binary SHA256 9e3c2fc14f63c4b4c4e9fcc33b386cd22daf8fe76ce724c5e37f07875e9a3dd9,<DecodeFinished>,
-31.0,0.5,0.0,8,2026122808,0,,,,,0.5028877159998046,0,official WSJT-X 3.0.2; binary SHA256 9e3c2fc14f63c4b4c4e9fcc33b386cd22daf8fe76ce724c5e37f07875e9a3dd9,<DecodeFinished>,
-31.0,0.5,0.0,10,2026122810,0,,,,,0.5099598809997588,0,official WSJT-X 3.0.2; binary SHA256 9e3c2fc14f63c4b4c4e9fcc33b386cd22daf8fe76ce724c5e37f07875e9a3dd9,<DecodeFinished>,
-31.0,0.5,0.0,13,2026122813,1,K1ABC FN42 33,-30,0,10.140200,0.33842747100015913,0,official WSJT-X 3.0.2; binary SHA256 9e3c2fc14f63c4b4c4e9fcc33b386cd22daf8fe76ce724c5e37f07875e9a3dd9,"0000 -30  0.0  10.140200  0  K1ABC FN42 33 
<DecodeFinished>",
-31.0,0.5,0.0,12,2026122812,0,,,,,0.5240112490000683,0,official WSJT-X 3.0.2; binary SHA256 9e3c2fc14f63c4b4c4e9fcc33b386cd22daf8fe76ce724c5e37f07875e9a3dd9,<DecodeFinished>,
-31.0,0.5,0.0,17,2026122817,1,K1ABC FN42 33,-31,0,10.140200,0.055153210000298714,0,official WSJT-X 3.0.2; binary SHA256 9e3c2fc14f63c4b4c4e9fcc33b386cd22daf8fe76ce724c5e37f07875e9a3dd9,"0000 -31 -0.0  10.140200  0  K1ABC FN42 33 
<DecodeFinished>",
-31.0,0.5,0.0,14,2026122814,0,,,,,0.5109608289999414,0,official WSJT-X 3.0.2; binary SHA256 9e3c2fc14f63c4b4c4e9fcc33b386cd22daf8fe76ce724c5e37f07875e9a3dd9,<DecodeFinished>,
-31.0,0.5,0.0,19,2026122819,1,K1ABC FN42 33,-30,0,10.140200,0.06590716300024724,0,official WSJT-X 3.0.2; binary SHA256 9e3c2fc14f63c4b4c4e9fcc33b386cd22daf8fe76ce724c5e37f07875e9a3dd9,"0000 -30  0.0  10.140200  0  K1ABC FN42 33 
<DecodeFinished>",
-31.0,0.5,0.0,15,2026122815,0,,,,,0.522985947000052,0,official WSJT-X 3.0.2; binary SHA256 9e3c2fc14f63c4b4c4e9fcc33b386cd22daf8fe76ce724c5e37f07875e9a3dd9,<DecodeFinished>,
-31.0,0.5,0.0,20,2026122820,1,K1ABC FN42 33,-30,0,10.140200,0.2525529849999657,0,official WSJT-X 3.0.2; binary SHA256 9e3c2fc14f63c4b4c4e9fcc33b386cd22daf8fe76ce724c5e37f07875e9a3dd9,"0000 -30 -0.0  10.140200  0  K1ABC FN42 33 
<DecodeFinished>",
-31.0,0.5,0.0,16,2026122816,0,,,,,0.5163003850002497,0,official WSJT-X 3.0.2; binary SHA256 9e3c2fc14f63c4b4c4e9fcc33b386cd22daf8fe76ce724c5e37f07875e9a3dd9,<DecodeFinished>,
-31.0,0.5,0.0,18,2026122818,0,,,,,0.5095360770001207,0,official WSJT-X 3.0.2; binary SHA256 9e3c2fc14f63c4b4c4e9fcc33b386cd22daf8fe76ce724c5e37f07875e9a3dd9,<DecodeFinished>,
-31.0,0.5,0.0,21,2026122821,0,,,,,0.5170630630000232,0,official WSJT-X 3.0.2; binary SHA256 9e3c2fc14f63c4b4c4e9fcc33b386cd22daf8fe76ce724c5e37f07875e9a3dd9,<DecodeFinished>,
-31.0,0.5,0.0,23,2026122823,0,,,,,0.5152676540001266,0,official WSJT-X 3.0.2; binary SHA256 9e3c2fc14f63c4b4c4e9fcc33b386cd22daf8fe76ce724c5e37f07875e9a3dd9,<DecodeFinished>,
-31.0,0.5,0.0,22,2026122822,0,,,,,0.5293222370000876,0,official WSJT-X 3.0.2; binary SHA256 9e3c2fc14f63c4b4c4e9fcc33b386cd22daf8fe76ce724c5e37f07875e9a3dd9,<DecodeFinished>,
-31.0,0.5,0.0,24,2026122824,0,,,,,0.530928985999708,0,official WSJT-X 3.0.2; binary SHA256 9e3c2fc14f63c4b4c4e9fcc33b386cd22daf8fe76ce724c5e37f07875e9a3dd9,<DecodeFinished>,
-31.0,0.5,0.0,25,2026122825,0,,,,,0.4266673110000738,0,official WSJT-X 3.0.2; binary SHA256 9e3c2fc14f63c4b4c4e9fcc33b386cd22daf8fe76ce724c5e37f07875e9a3dd9,<DecodeFinished>,
-31.0,0.5,0.0,28,2026122828,0,,,,,0.048047760000372364,0,official WSJT-X 3.0.2; binary SHA256 9e3c2fc14f63c4b4c4e9fcc33b386cd22daf8fe76ce724c5e37f07875e9a3dd9,<DecodeFinished>,
-31.0,0.5,0.0,27,2026122827,1,K1ABC FN42 33,-30,0,10.140200,0.24301109199996063,0,official WSJT-X 3.0.2; binary SHA256 9e3c2fc14f63c4b4c4e9fcc33b386cd22daf8fe76ce724c5e37f07875e9a3dd9,"0000 -30  0.1  10.140200  0  K1ABC FN42 33 
<DecodeFinished>",
-31.0,0.5,0.0,26,2026122826,0,,,,,0.5143829009998626,0,official WSJT-X 3.0.2; binary SHA256 9e3c2fc14f63c4b4c4e9fcc33b386cd22daf8fe76ce724c5e37f07875e9a3dd9,<DecodeFinished>,
-31.0,0.5,0.0,29,2026122829,0,,,,,0.5118451489997824,0,official WSJT-X 3.0.2; binary SHA256 9e3c2fc14f63c4b4c4e9fcc33b386cd22daf8fe76ce724c5e37f07875e9a3dd9,<DecodeFinished>,
-31.0,0.5,0.0,30,2026122830,0,,,,,0.5135166240002036,0,official WSJT-X 3.0.2; binary SHA256 9e3c2fc14f63c4b4c4e9fcc33b386cd22daf8fe76ce724c5e37f07875e9a3dd9,<DecodeFinished>,
-31.0,0.5,0.0,31,2026122831,0,,,,,0.5122729219997382,0,official WSJT-X 3.0.2; binary SHA256 9e3c2fc14f63c4b4c4e9fcc33b386cd22daf8fe76ce724c5e37f07875e9a3dd9,<DecodeFinished>,
-31.0,0.5,0.0,32,2026122832,0,,,,,0.5156347910001386,0,official WSJT-X 3.0.2; binary SHA256 9e3c2fc14f63c4b4c4e9fcc33b386cd22daf8fe76ce724c5e37f07875e9a3dd9,<DecodeFinished>,
-31.0,0.5,0.0,33,2026122833,0,,,,,0.5208398029999444,0,official WSJT-X 3.0.2; binary SHA256 9e3c2fc14f63c4b4c4e9fcc33b386cd22daf8fe76ce724c5e37f07875e9a3dd9,<DecodeFinished>,
-31.0,0.5,0.0,34,2026122834,0,,,,,0.5232932200001414,0,official WSJT-X 3.0.2; binary SHA256 9e3c2fc14f63c4b4c4e9fcc33b386cd22daf8fe76ce724c5e37f07875e9a3dd9,<DecodeFinished>,
-31.0,0.5,0.0,35,2026122835,0,,,,,0.5191470360000494,0,official WSJT-X 3.0.2; binary SHA256 9e3c2fc14f63c4b4c4e9fcc33b386cd22daf8fe76ce724c5e37f07875e9a3dd9,<DecodeFinished>,
-31.0,0.5,0.0,37,2026122837,1,K1ABC FN42 33,-30,0,10.140200,0.2452567899999849,0,official WSJT-X 3.0.2; binary SHA256 9e3c2fc14f63c4b4c4e9fcc33b386cd22daf8fe76ce724c5e37f07875e9a3dd9,"0000 -30  0.1  10.140200  0  K1ABC FN42 33 
<DecodeFinished>",
-31.0,0.5,0.0,38,2026122838,1,K1ABC FN42 33,-31,0,10.140200,0.2437744690000727,0,official WSJT-X 3.0.2; binary SHA256 9e3c2fc14f63c4b4c4e9fcc33b386cd22daf8fe76ce724c5e37f07875e9a3dd9,"0000 -31  0.0  10.140200  0  K1ABC FN42 33 
<DecodeFinished>",
-31.0,0.5,0.0,36,2026122836,0,,,,,0.5208760719997372,0,official WSJT-X 3.0.2; binary SHA256 9e3c2fc14f63c4b4c4e9fcc33b386cd22daf8fe76ce724c5e37f07875e9a3dd9,<DecodeFinished>,
-31.0,0.5,0.0,39,2026122839,0,,,,,0.5301152030001504,0,official WSJT-X 3.0.2; binary SHA256 9e3c2fc14f63c4b4c4e9fcc33b386cd22daf8fe76ce724c5e37f07875e9a3dd9,<DecodeFinished>,
-31.0,0.5,0.0,40,2026122840,0,,,,,0.556494475999898,0,official WSJT-X 3.0.2; binary SHA256 9e3c2fc14f63c4b4c4e9fcc33b386cd22daf8fe76ce724c5e37f07875e9a3dd9,<DecodeFinished>,
-31.0,0.5,0.0,41,2026122841,0,,,,,0.5595391570000174,0,official WSJT-X 3.0.2; binary SHA256 9e3c2fc14f63c4b4c4e9fcc33b386cd22daf8fe76ce724c5e37f07875e9a3dd9,<DecodeFinished>,
-31.0,0.5,0.0,42,2026122842,0,,,,,0.5595609010001681,0,official WSJT-X 3.0.2; binary SHA256 9e3c2fc14f63c4b4c4e9fcc33b386cd22daf8fe76ce724c5e37f07875e9a3dd9,<DecodeFinished>,
-31.0,0.5,0.0,43,2026122843,0,,,,,0.5078093239999362,0,official WSJT-X 3.0.2; binary SHA256 9e3c2fc14f63c4b4c4e9fcc33b386cd22daf8fe76ce724c5e37f07875e9a3dd9,<DecodeFinished>,
-31.0,0.5,0.0,45,2026122845,0,,,,,0.41721639300021707,0,official WSJT-X 3.0.2; binary SHA256 9e3c2fc14f63c4b4c4e9fcc33b386cd22daf8fe76ce724c5e37f07875e9a3dd9,<DecodeFinished>,
-31.0,0.5,0.0,44,2026122844,0,,,,,0.5000450699999419,0,official WSJT-X 3.0.2; binary SHA256 9e3c2fc14f63c4b4c4e9fcc33b386cd22daf8fe76ce724c5e37f07875e9a3dd9,<DecodeFinished>,
-31.0,0.5,0.0,46,2026122846,0,,,,,0.5200559589998193,0,official WSJT-X 3.0.2; binary SHA256 9e3c2fc14f63c4b4c4e9fcc33b386cd22daf8fe76ce724c5e37f07875e9a3dd9,<DecodeFinished>,
-31.0,0.5,0.0,47,2026122847,0,,,,,0.41794318800020847,0,official WSJT-X 3.0.2; binary SHA256 9e3c2fc14f63c4b4c4e9fcc33b386cd22daf8fe76ce724c5e37f07875e9a3dd9,<DecodeFinished>,
-31.0,0.5,0.0,48,2026122848,0,,,,,0.5190160440001819,0,official WSJT-X 3.0.2; binary SHA256 9e3c2fc14f63c4b4c4e9fcc33b386cd22daf8fe76ce724c5e37f07875e9a3dd9,<DecodeFinished>,
-31.0,0.5,0.0,49,2026122849,0,,,,,0.5267095110002629,0,official WSJT-X 3.0.2; binary SHA256 9e3c2fc14f63c4b4c4e9fcc33b386cd22daf8fe76ce724c5e37f07875e9a3dd9,<DecodeFinished>,
-31.0,0.5,0.0,50,2026122850,0,,,,,0.5212224970000534,0,official WSJT-X 3.0.2; binary SHA256 9e3c2fc14f63c4b4c4e9fcc33b386cd22daf8fe76ce724c5e37f07875e9a3dd9,<DecodeFinished>,
-31.0,0.5,0.0,51,2026122851,0,,,,,0.5232106230000682,0,official WSJT-X 3.0.2; binary SHA256 9e3c2fc14f63c4b4c4e9fcc33b386cd22daf8fe76ce724c5e37f07875e9a3dd9,<DecodeFinished>,
-31.0,0.5,0.0,53,2026122853,1,K1ABC FN42 33,-31,0,10.140200,0.27877880599999116,0,official WSJT-X 3.0.2; binary SHA256 9e3c2fc14f63c4b4c4e9fcc33b386cd22daf8fe76ce724c5e37f07875e9a3dd9,"0000 -31  0.1  10.140200  0  K1ABC FN42 33 
<DecodeFinished>",
-31.0,0.5,0.0,52,2026122852,0,,,,,0.5881655779999164,0,official WSJT-X 3.0.2; binary SHA256 9e3c2fc14f63c4b4c4e9fcc33b386cd22daf8fe76ce724c5e37f07875e9a3dd9,<DecodeFinished>,
-31.0,0.5,0.0,56,2026122856,1,K1ABC FN42 33,-30,0,10.140200,0.2681758029998491,0,official WSJT-X 3.0.2; binary SHA256 9e3c2fc14f63c4b4c4e9fcc33b386cd22daf8fe76ce724c5e37f07875e9a3dd9,"0000 -30  0.0  10.140200  0  K1ABC FN42 33 
<DecodeFinished>",
-31.0,0.5,0.0,55,2026122855,0,,,,,0.42150391299992407,0,official WSJT-X 3.0.2; binary SHA256 9e3c2fc14f63c4b4c4e9fcc33b386cd22daf8fe76ce724c5e37f07875e9a3dd9,<DecodeFinished>,
-31.0,0.5,0.0,54,2026122854,0,,,,,0.5641697189998922,0,official WSJT-X 3.0.2; binary SHA256 9e3c2fc14f63c4b4c4e9fcc33b386cd22daf8fe76ce724c5e37f07875e9a3dd9,<DecodeFinished>,
-31.0,0.5,0.0,57,2026122857,1,K1ABC FN42 33,-30,0,10.140200,0.24193169499994838,0,official WSJT-X 3.0.2; binary SHA256 9e3c2fc14f63c4b4c4e9fcc33b386cd22daf8fe76ce724c5e37f07875e9a3dd9,"0000 -30  0.1  10.140200  0  K1ABC FN42 33 
<DecodeFinished>",
-31.0,0.5,0.0,58,2026122858,1,K1ABC FN42 33,-30,0,10.140200,0.33213704799982224,0,official WSJT-X 3.0.2; binary SHA256 9e3c2fc14f63c4b4c4e9fcc33b386cd22daf8fe76ce724c5e37f07875e9a3dd9,"0000 -30  0.0  10.140200  0  K1ABC FN42 33 
<DecodeFinished>",
-31.0,0.5,0.0,62,2026122862,0,,,,,0.04565264400025626,0,official WSJT-X 3.0.2; binary SHA256 9e3c2fc14f63c4b4c4e9fcc33b386cd22daf8fe76ce724c5e37f07875e9a3dd9,<DecodeFinished>,
-31.0,0.5,0.0,63,2026122863,0,,,,,0.04753376400003617,0,official WSJT-X 3.0.2; binary SHA256 9e3c2fc14f63c4b4c4e9fcc33b386cd22daf8fe76ce724c5e37f07875e9a3dd9,<DecodeFinished>,
-31.0,0.5,0.0,64,2026122864,1,K1ABC FN42 33,-32,0,10.140200,0.05961208299959253,0,official WSJT-X 3.0.2; binary SHA256 9e3c2fc14f63c4b4c4e9fcc33b386cd22daf8fe76ce724c5e37f07875e9a3dd9,"0000 -32  0.1  10.140200  0  K1ABC FN42 33 
<DecodeFinished>",
-31.0,0.5,0.0,61,2026122861,1,K1ABC FN42 33,-31,0,10.140200,0.31964045299991994,0,official WSJT-X 3.0.2; binary SHA256 9e3c2fc14f63c4b4c4e9fcc33b386cd22daf8fe76ce724c5e37f07875e9a3dd9,"0000 -31  0.1  10.140200  0  K1ABC FN42 33 
<DecodeFinished>",
-31.0,0.5,0.0,59,2026122859,0,,,,,0.5135361340003328,0,official WSJT-X 3.0.2; binary SHA256 9e3c2fc14f63c4b4c4e9fcc33b386cd22daf8fe76ce724c5e37f07875e9a3dd9,<DecodeFinished>,
-31.0,0.5,0.0,60,2026122860,0,,,,,0.5022332339999593,0,official WSJT-X 3.0.2; binary SHA256 9e3c2fc14f63c4b4c4e9fcc33b386cd22daf8fe76ce724c5e37f07875e9a3dd9,<DecodeFinished>,
-31.0,0.5,0.0,66,2026122866,1,K1ABC FN42 33,-31,0,10.140200,0.29207470200026364,0,official WSJT-X 3.0.2; binary SHA256 9e3c2fc14f63c4b4c4e9fcc33b386cd22daf8fe76ce724c5e37f07875e9a3dd9,"0000 -31  0.1  10.140200  0  K1ABC FN42 33 
<DecodeFinished>",
-31.0,0.5,0.0,68,2026122868,1,K1ABC FN42 33,-31,0,10.140200,0.28694650599982197,0,official WSJT-X 3.0.2; binary SHA256 9e3c2fc14f63c4b4c4e9fcc33b386cd22daf8fe76ce724c5e37f07875e9a3dd9,"0000 -31  0.1  10.140200  0  K1ABC FN42 33 
<DecodeFinished>",
-31.0,0.5,0.0,65,2026122865,0,,,,,0.5046460969997497,0,official WSJT-X 3.0.2; binary SHA256 9e3c2fc14f63c4b4c4e9fcc33b386cd22daf8fe76ce724c5e37f07875e9a3dd9,<DecodeFinished>,
-31.0,0.5,0.0,67,2026122867,0,,,,,0.5127170650002881,0,official WSJT-X 3.0.2; binary SHA256 9e3c2fc14f63c4b4c4e9fcc33b386cd22daf8fe76ce724c5e37f07875e9a3dd9,<DecodeFinished>,
-31.0,0.5,0.0,71,2026122871,1,K1ABC FN42 33,-32,0,10.140200,0.3196389380000255,0,official WSJT-X 3.0.2; binary SHA256 9e3c2fc14f63c4b4c4e9fcc33b386cd22daf8fe76ce724c5e37f07875e9a3dd9,"0000 -32  0.0  10.140200  0  K1ABC FN42 33 
<DecodeFinished>",
-31.0,0.5,0.0,72,2026122872,1,K1ABC FN42 33,-30,0,10.140200,0.27293090900002426,0,official WSJT-X 3.0.2; binary SHA256 9e3c2fc14f63c4b4c4e9fcc33b386cd22daf8fe76ce724c5e37f07875e9a3dd9,"0000 -30 -0.0  10.140200  0  K1ABC FN42 33 
<DecodeFinished>",
-31.0,0.5,0.0,69,2026122869,0,,,,,0.56628697799988,0,official WSJT-X 3.0.2; binary SHA256 9e3c2fc14f63c4b4c4e9fcc33b386cd22daf8fe76ce724c5e37f07875e9a3dd9,<DecodeFinished>,
-31.0,0.5,0.0,70,2026122870,0,,,,,0.5605421089999254,0,official WSJT-X 3.0.2; binary SHA256 9e3c2fc14f63c4b4c4e9fcc33b386cd22daf8fe76ce724c5e37f07875e9a3dd9,<DecodeFinished>,
-31.0,0.5,0.0,73,2026122873,0,,,,,0.5097825709999597,0,official WSJT-X 3.0.2; binary SHA256 9e3c2fc14f63c4b4c4e9fcc33b386cd22daf8fe76ce724c5e37f07875e9a3dd9,<DecodeFinished>,
-31.0,0.5,0.0,74,2026122874,0,,,,,0.5111192849999497,0,official WSJT-X 3.0.2; binary SHA256 9e3c2fc14f63c4b4c4e9fcc33b386cd22daf8fe76ce724c5e37f07875e9a3dd9,<DecodeFinished>,
-31.0,0.5,0.0,75,2026122875,0,,,,,0.5190398799995819,0,official WSJT-X 3.0.2; binary SHA256 9e3c2fc14f63c4b4c4e9fcc33b386cd22daf8fe76ce724c5e37f07875e9a3dd9,<DecodeFinished>,
-31.0,0.5,0.0,76,2026122876,0,,,,,0.507021764000001,0,official WSJT-X 3.0.2; binary SHA256 9e3c2fc14f63c4b4c4e9fcc33b386cd22daf8fe76ce724c5e37f07875e9a3dd9,<DecodeFinished>,
-31.0,0.5,0.0,78,2026122878,1,K1ABC FN42 33,-31,0,10.140200,0.3407568050001828,0,official WSJT-X 3.0.2; binary SHA256 9e3c2fc14f63c4b4c4e9fcc33b386cd22daf8fe76ce724c5e37f07875e9a3dd9,"0000 -31 -0.0  10.140200  0  K1ABC FN42 33 
<DecodeFinished>",
-31.0,0.5,0.0,77,2026122877,0,,,,,0.5117747929998586,0,official WSJT-X 3.0.2; binary SHA256 9e3c2fc14f63c4b4c4e9fcc33b386cd22daf8fe76ce724c5e37f07875e9a3dd9,<DecodeFinished>,
-31.0,0.5,0.0,79,2026122879,0,,,,,0.5135367289999522,0,official WSJT-X 3.0.2; binary SHA256 9e3c2fc14f63c4b4c4e9fcc33b386cd22daf8fe76ce724c5e37f07875e9a3dd9,<DecodeFinished>,
-31.0,0.5,0.0,80,2026122880,0,,,,,0.5060489229999803,0,official WSJT-X 3.0.2; binary SHA256 9e3c2fc14f63c4b4c4e9fcc33b386cd22daf8fe76ce724c5e37f07875e9a3dd9,<DecodeFinished>,
-31.0,0.5,0.0,81,2026122881,0,,,,,0.5289829040002587,0,official WSJT-X 3.0.2; binary SHA256 9e3c2fc14f63c4b4c4e9fcc33b386cd22daf8fe76ce724c5e37f07875e9a3dd9,<DecodeFinished>,
-31.0,0.5,0.0,85,2026122885,0,,,,,0.04730938200009405,0,official WSJT-X 3.0.2; binary SHA256 9e3c2fc14f63c4b4c4e9fcc33b386cd22daf8fe76ce724c5e37f07875e9a3dd9,<DecodeFinished>,
-31.0,0.5,0.0,82,2026122882,0,,,,,0.5226404910004021,0,official WSJT-X 3.0.2; binary SHA256 9e3c2fc14f63c4b4c4e9fcc33b386cd22daf8fe76ce724c5e37f07875e9a3dd9,<DecodeFinished>,
-31.0,0.5,0.0,83,2026122883,0,,,,,0.5234949749997213,0,official WSJT-X 3.0.2; binary SHA256 9e3c2fc14f63c4b4c4e9fcc33b386cd22daf8fe76ce724c5e37f07875e9a3dd9,<DecodeFinished>,
-31.0,0.5,0.0,84,2026122884,0,,,,,0.5236862889996701,0,official WSJT-X 3.0.2; binary SHA256 9e3c2fc14f63c4b4c4e9fcc33b386cd22daf8fe76ce724c5e37f07875e9a3dd9,<DecodeFinished>,
-31.0,0.5,0.0,86,2026122886,0,,,,,0.5201840449999509,0,official WSJT-X 3.0.2; binary SHA256 9e3c2fc14f63c4b4c4e9fcc33b386cd22daf8fe76ce724c5e37f07875e9a3dd9,<DecodeFinished>,
-31.0,0.5,0.0,87,2026122887,0,,,,,0.5206116949998432,0,official WSJT-X 3.0.2; binary SHA256 9e3c2fc14f63c4b4c4e9fcc33b386cd22daf8fe76ce724c5e37f07875e9a3dd9,<DecodeFinished>,
-31.0,0.5,0.0,88,2026122888,0,,,,,0.5250036049997107,0,official WSJT-X 3.0.2; binary SHA256 9e3c2fc14f63c4b4c4e9fcc33b386cd22daf8fe76ce724c5e37f07875e9a3dd9,<DecodeFinished>,
-31.0,0.5,0.0,89,2026122889,0,,,,,0.5052354609997565,0,official WSJT-X 3.0.2; binary SHA256 9e3c2fc14f63c4b4c4e9fcc33b386cd22daf8fe76ce724c5e37f07875e9a3dd9,<DecodeFinished>,
-31.0,0.5,0.0,90,2026122890,0,,,,,0.42892061199972886,0,official WSJT-X 3.0.2; binary SHA256 9e3c2fc14f63c4b4c4e9fcc33b386cd22daf8fe76ce724c5e37f07875e9a3dd9,<DecodeFinished>,
-31.0,0.5,0.0,91,2026122891,0,,,,,0.5105560080000942,0,official WSJT-X 3.0.2; binary SHA256 9e3c2fc14f63c4b4c4e9fcc33b386cd22daf8fe76ce724c5e37f07875e9a3dd9,<DecodeFinished>,
-31.0,0.5,0.0,92,2026122892,0,,,,,0.49964833900003214,0,official WSJT-X 3.0.2; binary SHA256 9e3c2fc14f63c4b4c4e9fcc33b386cd22daf8fe76ce724c5e37f07875e9a3dd9,<DecodeFinished>,
-31.0,0.5,0.0,93,2026122893,0,,,,,0.5194767749999301,0,official WSJT-X 3.0.2; binary SHA256 9e3c2fc14f63c4b4c4e9fcc33b386cd22daf8fe76ce724c5e37f07875e9a3dd9,<DecodeFinished>,
-31.0,0.5,0.0,97,2026122897,1,K1ABC FN42 33,-30,0,10.140200,0.08217005300002711,0,official WSJT-X 3.0.2; binary SHA256 9e3c2fc14f63c4b4c4e9fcc33b386cd22daf8fe76ce724c5e37f07875e9a3dd9,"0000 -30  0.1  10.140200  0  K1ABC FN42 33 
<DecodeFinished>",
-31.0,0.5,0.0,94,2026122894,0,,,,,0.41973111000015706,0,official WSJT-X 3.0.2; binary SHA256 9e3c2fc14f63c4b4c4e9fcc33b386cd22daf8fe76ce724c5e37f07875e9a3dd9,<DecodeFinished>,
-31.0,0.5,0.0,95,2026122895,0,,,,,0.5156976060002307,0,official WSJT-X 3.0.2; binary SHA256 9e3c2fc14f63c4b4c4e9fcc33b386cd22daf8fe76ce724c5e37f07875e9a3dd9,<DecodeFinished>,
-31.0,0.5,0.0,96,2026122896,0,,,,,0.5276955109998198,0,official WSJT-X 3.0.2; binary SHA256 9e3c2fc14f63c4b4c4e9fcc33b386cd22daf8fe76ce724c5e37f07875e9a3dd9,<DecodeFinished>,
-31.0,0.5,0.0,98,2026122898,0,,,,,0.5272360949998074,0,official WSJT-X 3.0.2; binary SHA256 9e3c2fc14f63c4b4c4e9fcc33b386cd22daf8fe76ce724c5e37f07875e9a3dd9,<DecodeFinished>,
-31.0,0.5,0.0,99,2026122899,0,,,,,0.5205856189995757,0,official WSJT-X 3.0.2; binary SHA256 9e3c2fc14f63c4b4c4e9fcc33b386cd22daf8fe76ce724c5e37f07875e9a3dd9,<DecodeFinished>,
-31.0,0.5,0.125,2,2026122802,1,K1ABC FN42 33,-31,0,10.140200,0.25326564800025153,0,official WSJT-X 3.0.2; binary SHA256 9e3c2fc14f63c4b4c4e9fcc33b386cd22daf8fe76ce724c5e37f07875e9a3dd9,"0000 -31 -0.0  10.140200  0  K1ABC FN42 33 
<DecodeFinished>",
-31.0,0.5,0.125,0,2026122800,0,,,,,0.5150954549999369,0,official WSJT-X 3.0.2; binary SHA256 9e3c2fc14f63c4b4c4e9fcc33b386cd22daf8fe76ce724c5e37f07875e9a3dd9,<DecodeFinished>,
-31.0,0.5,0.125,1,2026122801,0,,,,,0.5224679979996836,0,official WSJT-X 3.0.2; binary SHA256 9e3c2fc14f63c4b4c4e9fcc33b386cd22daf8fe76ce724c5e37f07875e9a3dd9,<DecodeFinished>,
-31.0,0.5,0.125,4,2026122804,1,K1ABC FN42 33,-30,0,10.140200,0.2762033680000968,0,official WSJT-X 3.0.2; binary SHA256 9e3c2fc14f63c4b4c4e9fcc33b386cd22daf8fe76ce724c5e37f07875e9a3dd9,"0000 -30  0.1  10.140200  0  K1ABC FN42 33 
<DecodeFinished>",
-31.0,0.5,0.125,3,2026122803,0,,,,,0.5084491600000547,0,official WSJT-X 3.0.2; binary SHA256 9e3c2fc14f63c4b4c4e9fcc33b386cd22daf8fe76ce724c5e37f07875e9a3dd9,<DecodeFinished>,
-31.0,0.5,0.125,5,2026122805,0,,,,,0.5057363569999325,0,official WSJT-X 3.0.2; binary SHA256 9e3c2fc14f63c4b4c4e9fcc33b386cd22daf8fe76ce724c5e37f07875e9a3dd9,<DecodeFinished>,
-31.0,0.5,0.125,6,2026122806,0,,,,,0.4164615029999368,0,official WSJT-X 3.0.2; binary SHA256 9e3c2fc14f63c4b4c4e9fcc33b386cd22daf8fe76ce724c5e37f07875e9a3dd9,<DecodeFinished>,
-31.0,0.5,0.125,9,2026122809,1,K1ABC FN42 33,-31,0,10.140200,0.10153889599996546,0,official WSJT-X 3.0.2; binary SHA256 9e3c2fc14f63c4b4c4e9fcc33b386cd22daf8fe76ce724c5e37f07875e9a3dd9,"0000 -31  0.1  10.140200  0  K1ABC FN42 33 
<DecodeFinished>",
-31.0,0.5,0.125,11,2026122811,1,K1ABC FN42 33,-30,0,10.140200,0.09463361400003123,0,official WSJT-X 3.0.2; binary SHA256 9e3c2fc14f63c4b4c4e9fcc33b386cd22daf8fe76ce724c5e37f07875e9a3dd9,"0000 -30 -0.1  10.140200  0  K1ABC FN42 33 
<DecodeFinished>",
-31.0,0.5,0.125,7,2026122807,0,,,,,0.4991547879999416,0,official WSJT-X 3.0.2; binary SHA256 9e3c2fc14f63c4b4c4e9fcc33b386cd22daf8fe76ce724c5e37f07875e9a3dd9,<DecodeFinished>,
-31.0,0.5,0.125,8,2026122808,0,,,,,0.5105842829998437,0,official WSJT-X 3.0.2; binary SHA256 9e3c2fc14f63c4b4c4e9fcc33b386cd22daf8fe76ce724c5e37f07875e9a3dd9,<DecodeFinished>,
-31.0,0.5,0.125,10,2026122810,0,,,,,0.513656075000199,0,official WSJT-X 3.0.2; binary SHA256 9e3c2fc14f63c4b4c4e9fcc33b386cd22daf8fe76ce724c5e37f07875e9a3dd9,<DecodeFinished>,
-31.0,0.5,0.125,12,2026122812,0,,,,,0.5404342180004278,0,official WSJT-X 3.0.2; binary SHA256 9e3c2fc14f63c4b4c4e9fcc33b386cd22daf8fe76ce724c5e37f07875e9a3dd9,<DecodeFinished>,
-31.0,0.5,0.125,13,2026122813,0,,,,,0.5211605260001306,0,official WSJT-X 3.0.2; binary SHA256 9e3c2fc14f63c4b4c4e9fcc33b386cd22daf8fe76ce724c5e37f07875e9a3dd9,<DecodeFinished>,
-31.0,0.5,0.125,14,2026122814,0,,,,,0.5335068230001525,0,official WSJT-X 3.0.2; binary SHA256 9e3c2fc14f63c4b4c4e9fcc33b386cd22daf8fe76ce724c5e37f07875e9a3dd9,<DecodeFinished>,
-31.0,0.5,0.125,15,2026122815,1,K1ABC FN42 33,-31,0,10.140200,0.3198419360001026,0,official WSJT-X 3.0.2; binary SHA256 9e3c2fc14f63c4b4c4e9fcc33b386cd22daf8fe76ce724c5e37f07875e9a3dd9,"0000 -31  0.1  10.140200  0  K1ABC FN42 33 
<DecodeFinished>",
-31.0,0.5,0.125,19,2026122819,1,K1ABC FN42 33,-30,0,10.140200,0.06955568300008963,0,official WSJT-X 3.0.2; binary SHA256 9e3c2fc14f63c4b4c4e9fcc33b386cd22daf8fe76ce724c5e37f07875e9a3dd9,"0000 -30  0.1  10.140200  0  K1ABC FN42 33 
<DecodeFinished>",
-31.0,0.5,0.125,16,2026122816,0,,,,,0.42809621300011713,0,official WSJT-X 3.0.2; binary SHA256 9e3c2fc14f63c4b4c4e9fcc33b386cd22daf8fe76ce724c5e37f07875e9a3dd9,<DecodeFinished>,
-31.0,0.5,0.125,17,2026122817,0,,,,,0.5291378480001185,0,official WSJT-X 3.0.2; binary SHA256 9e3c2fc14f63c4b4c4e9fcc33b386cd22daf8fe76ce724c5e37f07875e9a3dd9,<DecodeFinished>,
-31.0,0.5,0.125,20,2026122820,0,,,,,0.43658100099992225,0,official WSJT-X 3.0.2; binary SHA256 9e3c2fc14f63c4b4c4e9fcc33b386cd22daf8fe76ce724c5e37f07875e9a3dd9,<DecodeFinished>,
-31.0,0.5,0.125,18,2026122818,0,,,,,0.5250063389999013,0,official WSJT-X 3.0.2; binary SHA256 9e3c2fc14f63c4b4c4e9fcc33b386cd22daf8fe76ce724c5e37f07875e9a3dd9,<DecodeFinished>,
-31.0,0.5,0.125,21,2026122821,0,,,,,0.5070956329996079,0,official WSJT-X 3.0.2; binary SHA256 9e3c2fc14f63c4b4c4e9fcc33b386cd22daf8fe76ce724c5e37f07875e9a3dd9,<DecodeFinished>,
-31.0,0.5,0.125,25,2026122825,1,K1ABC FN42 33,-29,0,10.140200,0.05084937199990236,0,official WSJT-X 3.0.2; binary SHA256 9e3c2fc14f63c4b4c4e9fcc33b386cd22daf8fe76ce724c5e37f07875e9a3dd9,"0000 -29 -0.0  10.140200  0  K1ABC FN42 33 
<DecodeFinished>",
-31.0,0.5,0.125,22,2026122822,0,,,,,0.5078964139997879,0,official WSJT-X 3.0.2; binary SHA256 9e3c2fc14f63c4b4c4e9fcc33b386cd22daf8fe76ce724c5e37f07875e9a3dd9,<DecodeFinished>,
-31.0,0.5,0.125,23,2026122823,0,,,,,0.5094174539999585,0,official WSJT-X 3.0.2; binary SHA256 9e3c2fc14f63c4b4c4e9fcc33b386cd22daf8fe76ce724c5e37f07875e9a3dd9,<DecodeFinished>,
-31.0,0.5,0.125,24,2026122824,0,,,,,0.5176488259999132,0,official WSJT-X 3.0.2; binary SHA256 9e3c2fc14f63c4b4c4e9fcc33b386cd22daf8fe76ce724c5e37f07875e9a3dd9,<DecodeFinished>,
-31.0,0.5,0.125,28,2026122828,0,,,,,0.048055838999971456,0,official WSJT-X 3.0.2; binary SHA256 9e3c2fc14f63c4b4c4e9fcc33b386cd22daf8fe76ce724c5e37f07875e9a3dd9,<DecodeFinished>,
-31.0,0.5,0.125,26,2026122826,0,,,,,0.5359593770003812,0,official WSJT-X 3.0.2; binary SHA256 9e3c2fc14f63c4b4c4e9fcc33b386cd22daf8fe76ce724c5e37f07875e9a3dd9,<DecodeFinished>,
-31.0,0.5,0.125,27,2026122827,0,,,,,0.5239631699996607,0,official WSJT-X 3.0.2; binary SHA256 9e3c2fc14f63c4b4c4e9fcc33b386cd22daf8fe76ce724c5e37f07875e9a3dd9,<DecodeFinished>,
-31.0,0.5,0.125,29,2026122829,0,,,,,0.5262678989997767,0,official WSJT-X 3.0.2; binary SHA256 9e3c2fc14f63c4b4c4e9fcc33b386cd22daf8fe76ce724c5e37f07875e9a3dd9,<DecodeFinished>,
-31.0,0.5,0.125,30,2026122830,0,,,,,0.5049554280003576,0,official WSJT-X 3.0.2; binary SHA256 9e3c2fc14f63c4b4c4e9fcc33b386cd22daf8fe76ce724c5e37f07875e9a3dd9,<DecodeFinished>,
-31.0,0.5,0.125,34,2026122834,1,K1ABC FN42 33,-30,0,10.140200,0.26608489999989615,0,official WSJT-X 3.0.2; binary SHA256 9e3c2fc14f63c4b4c4e9fcc33b386cd22daf8fe76ce724c5e37f07875e9a3dd9,"0000 -30  0.1  10.140200  0  K1ABC FN42 33 
<DecodeFinished>",
-31.0,0.5,0.125,31,2026122831,0,,,,,0.5284261159999915,0,official WSJT-X 3.0.2; binary SHA256 9e3c2fc14f63c4b4c4e9fcc33b386cd22daf8fe76ce724c5e37f07875e9a3dd9,<DecodeFinished>,
-31.0,0.5,0.125,33,2026122833,0,,,,,0.4444388849997267,0,official WSJT-X 3.0.2; binary SHA256 9e3c2fc14f63c4b4c4e9fcc33b386cd22daf8fe76ce724c5e37f07875e9a3dd9,<DecodeFinished>,
-31.0,0.5,0.125,32,2026122832,0,,,,,0.529367025999818,0,official WSJT-X 3.0.2; binary SHA256 9e3c2fc14f63c4b4c4e9fcc33b386cd22daf8fe76ce724c5e37f07875e9a3dd9,<DecodeFinished>,
-31.0,0.5,0.125,38,2026122838,0,,,,,0.05299313999967126,0,official WSJT-X 3.0.2; binary SHA256 9e3c2fc14f63c4b4c4e9fcc33b386cd22daf8fe76ce724c5e37f07875e9a3dd9,<DecodeFinished>,
-31.0,0.5,0.125,35,2026122835,0,,,,,0.5431851479997931,0,official WSJT-X 3.0.2; binary SHA256 9e3c2fc14f63c4b4c4e9fcc33b386cd22daf8fe76ce724c5e37f07875e9a3dd9,<DecodeFinished>,
-31.0,0.5,0.125,39,2026122839,1,K1ABC FN42 33,-31,0,10.140200,0.36664741899994624,0,official WSJT-X 3.0.2; binary SHA256 9e3c2fc14f63c4b4c4e9fcc33b386cd22daf8fe76ce724c5e37f07875e9a3dd9,"0000 -31 -0.0  10.140200  0  K1ABC FN42 33 
<DecodeFinished>",
-31.0,0.5,0.125,36,2026122836,0,,,,,0.5259223580001162,0,official WSJT-X 3.0.2; binary SHA256 9e3c2fc14f63c4b4c4e9fcc33b386cd22daf8fe76ce724c5e37f07875e9a3dd9,<DecodeFinished>,
-31.0,0.5,0.125,41,2026122841,1,K1ABC FN42 33,-31,0,10.140200,0.06356614400010585,0,official WSJT-X 3.0.2; binary SHA256 9e3c2fc14f63c4b4c4e9fcc33b386cd22daf8fe76ce724c5e37f07875e9a3dd9,"0000 -31 -0.0  10.140200  0  K1ABC FN42 33 
<DecodeFinished>",
-31.0,0.5,0.125,37,2026122837,0,,,,,0.5388449699999001,0,official WSJT-X 3.0.2; binary SHA256 9e3c2fc14f63c4b4c4e9fcc33b386cd22daf8fe76ce724c5e37f07875e9a3dd9,<DecodeFinished>,
-31.0,0.5,0.125,40,2026122840,0,,,,,0.5583540920001724,0,official WSJT-X 3.0.2; binary SHA256 9e3c2fc14f63c4b4c4e9fcc33b386cd22daf8fe76ce724c5e37f07875e9a3dd9,<DecodeFinished>,
-31.0,0.5,0.125,42,2026122842,0,,,,,0.5406797350001398,0,official WSJT-X 3.0.2; binary SHA256 9e3c2fc14f63c4b4c4e9fcc33b386cd22daf8fe76ce724c5e37f07875e9a3dd9,<DecodeFinished>,
-31.0,0.5,0.125,43,2026122843,0,,,,,0.5409445639998012,0,official WSJT-X 3.0.2; binary SHA256 9e3c2fc14f63c4b4c4e9fcc33b386cd22daf8fe76ce724c5e37f07875e9a3dd9,<DecodeFinished>,
-31.0,0.5,0.125,44,2026122844,0,,,,,0.5325647580002624,0,official WSJT-X 3.0.2; binary SHA256 9e3c2fc14f63c4b4c4e9fcc33b386cd22daf8fe76ce724c5e37f07875e9a3dd9,<DecodeFinished>,
-31.0,0.5,0.125,47,2026122847,0,,,,,0.1383038320000196,0,official WSJT-X 3.0.2; binary SHA256 9e3c2fc14f63c4b4c4e9fcc33b386cd22daf8fe76ce724c5e37f07875e9a3dd9,<DecodeFinished>,
-31.0,0.5,0.125,45,2026122845,0,,,,,0.5225481180000315,0,official WSJT-X 3.0.2; binary SHA256 9e3c2fc14f63c4b4c4e9fcc33b386cd22daf8fe76ce724c5e37f07875e9a3dd9,<DecodeFinished>,
-31.0,0.5,0.125,46,2026122846,0,,,,,0.5283563819998562,0,official WSJT-X 3.0.2; binary SHA256 9e3c2fc14f63c4b4c4e9fcc33b386cd22daf8fe76ce724c5e37f07875e9a3dd9,<DecodeFinished>,
-31.0,0.5,0.125,48,2026122848,0,,,,,0.5207864839999274,0,official WSJT-X 3.0.2; binary SHA256 9e3c2fc14f63c4b4c4e9fcc33b386cd22daf8fe76ce724c5e37f07875e9a3dd9,<DecodeFinished>,
-31.0,0.5,0.125,49,2026122849,0,,,,,0.5374707279997892,0,official WSJT-X 3.0.2; binary SHA256 9e3c2fc14f63c4b4c4e9fcc33b386cd22daf8fe76ce724c5e37f07875e9a3dd9,<DecodeFinished>,
-31.0,0.5,0.125,53,2026122853,1,K1ABC FN42 33,-31,0,10.140200,0.05510158400011278,0,official WSJT-X 3.0.2; binary SHA256 9e3c2fc14f63c4b4c4e9fcc33b386cd22daf8fe76ce724c5e37f07875e9a3dd9,"0000 -31  0.0  10.140200  0  K1ABC FN42 33 
<DecodeFinished>",
-31.0,0.5,0.125,50,2026122850,0,,,,,0.499026411000159,0,official WSJT-X 3.0.2; binary SHA256 9e3c2fc14f63c4b4c4e9fcc33b386cd22daf8fe76ce724c5e37f07875e9a3dd9,<DecodeFinished>,
-31.0,0.5,0.125,51,2026122851,0,,,,,0.5309577549996902,0,official WSJT-X 3.0.2; binary SHA256 9e3c2fc14f63c4b4c4e9fcc33b386cd22daf8fe76ce724c5e37f07875e9a3dd9,<DecodeFinished>,
-31.0,0.5,0.125,52,2026122852,0,,,,,0.5251795080002921,0,official WSJT-X 3.0.2; binary SHA256 9e3c2fc14f63c4b4c4e9fcc33b386cd22daf8fe76ce724c5e37f07875e9a3dd9,<DecodeFinished>,
-31.0,0.5,0.125,55,2026122855,0,,,,,0.22272362400008205,0,official WSJT-X 3.0.2; binary SHA256 9e3c2fc14f63c4b4c4e9fcc33b386cd22daf8fe76ce724c5e37f07875e9a3dd9,<DecodeFinished>,
-31.0,0.5,0.125,54,2026122854,0,,,,,0.5187189260000196,0,official WSJT-X 3.0.2; binary SHA256 9e3c2fc14f63c4b4c4e9fcc33b386cd22daf8fe76ce724c5e37f07875e9a3dd9,<DecodeFinished>,
-31.0,0.5,0.125,58,2026122858,1,K1ABC FN42 33,-30,0,10.140200,0.28230433899989293,0,official WSJT-X 3.0.2; binary SHA256 9e3c2fc14f63c4b4c4e9fcc33b386cd22daf8fe76ce724c5e37f07875e9a3dd9,"0000 -30  0.0  10.140200  0  K1ABC FN42 33 
<DecodeFinished>",
-31.0,0.5,0.125,56,2026122856,0,,,,,0.5607039720002831,0,official WSJT-X 3.0.2; binary SHA256 9e3c2fc14f63c4b4c4e9fcc33b386cd22daf8fe76ce724c5e37f07875e9a3dd9,<DecodeFinished>,
-31.0,0.5,0.125,57,2026122857,0,,,,,0.5416482979999273,0,official WSJT-X 3.0.2; binary SHA256 9e3c2fc14f63c4b4c4e9fcc33b386cd22daf8fe76ce724c5e37f07875e9a3dd9,<DecodeFinished>,
-31.0,0.5,0.125,62,2026122862,0,,,,,0.049094837000211555,0,official WSJT-X 3.0.2; binary SHA256 9e3c2fc14f63c4b4c4e9fcc33b386cd22daf8fe76ce724c5e37f07875e9a3dd9,<DecodeFinished>,
-31.0,0.5,0.125,59,2026122859,0,,,,,0.45863628200004314,0,official WSJT-X 3.0.2; binary SHA256 9e3c2fc14f63c4b4c4e9fcc33b386cd22daf8fe76ce724c5e37f07875e9a3dd9,<DecodeFinished>,
-31.0,0.5,0.125,63,2026122863,0,,,,,0.060471228000096744,0,official WSJT-X 3.0.2; binary SHA256 9e3c2fc14f63c4b4c4e9fcc33b386cd22daf8fe76ce724c5e37f07875e9a3dd9,<DecodeFinished>,
-31.0,0.5,0.125,60,2026122860,0,,,,,0.5486123880000378,0,official WSJT-X 3.0.2; binary SHA256 9e3c2fc14f63c4b4c4e9fcc33b386cd22daf8fe76ce724c5e37f07875e9a3dd9,<DecodeFinished>,
-31.0,0.5,0.125,61,2026122861,0,,,,,0.6894044830000894,0,official WSJT-X 3.0.2; binary SHA256 9e3c2fc14f63c4b4c4e9fcc33b386cd22daf8fe76ce724c5e37f07875e9a3dd9,<DecodeFinished>,
-31.0,0.5,0.125,64,2026122864,0,,,,,0.6894865810004376,0,official WSJT-X 3.0.2; binary SHA256 9e3c2fc14f63c4b4c4e9fcc33b386cd22daf8fe76ce724c5e37f07875e9a3dd9,<DecodeFinished>,
-31.0,0.5,0.125,65,2026122865,0,,,,,0.8896204679999755,0,official WSJT-X 3.0.2; binary SHA256 9e3c2fc14f63c4b4c4e9fcc33b386cd22daf8fe76ce724c5e37f07875e9a3dd9,<DecodeFinished>,
-31.0,0.5,0.125,67,2026122867,0,,,,,0.49506880799981445,0,official WSJT-X 3.0.2; binary SHA256 9e3c2fc14f63c4b4c4e9fcc33b386cd22daf8fe76ce724c5e37f07875e9a3dd9,"0000 -31  0.1  10.140200  0  ZYV/GJ4LOP 37 
<DecodeFinished>",
-31.0,0.5,0.125,66,2026122866,0,,,,,0.9789655770000536,0,official WSJT-X 3.0.2; binary SHA256 9e3c2fc14f63c4b4c4e9fcc33b386cd22daf8fe76ce724c5e37f07875e9a3dd9,<DecodeFinished>,
-31.0,0.5,0.125,68,2026122868,0,,,,,0.853825551999762,0,official WSJT-X 3.0.2; binary SHA256 9e3c2fc14f63c4b4c4e9fcc33b386cd22daf8fe76ce724c5e37f07875e9a3dd9,<DecodeFinished>,
-31.0,0.5,0.125,69,2026122869,0,,,,,0.7616190649996497,0,official WSJT-X 3.0.2; binary SHA256 9e3c2fc14f63c4b4c4e9fcc33b386cd22daf8fe76ce724c5e37f07875e9a3dd9,<DecodeFinished>,
-31.0,0.5,0.125,70,2026122870,0,,,,,0.6166681989998324,0,official WSJT-X 3.0.2; binary SHA256 9e3c2fc14f63c4b4c4e9fcc33b386cd22daf8fe76ce724c5e37f07875e9a3dd9,<DecodeFinished>,
-31.0,0.5,0.125,73,2026122873,0,,,,,0.15182808200006548,0,official WSJT-X 3.0.2; binary SHA256 9e3c2fc14f63c4b4c4e9fcc33b386cd22daf8fe76ce724c5e37f07875e9a3dd9,<DecodeFinished>,
-31.0,0.5,0.125,75,2026122875,0,,,,,0.09525354900006278,0,official WSJT-X 3.0.2; binary SHA256 9e3c2fc14f63c4b4c4e9fcc33b386cd22daf8fe76ce724c5e37f07875e9a3dd9,<DecodeFinished>,
-31.0,0.5,0.125,71,2026122871,0,,,,,0.8457487030000266,0,official WSJT-X 3.0.2; binary SHA256 9e3c2fc14f63c4b4c4e9fcc33b386cd22daf8fe76ce724c5e37f07875e9a3dd9,<DecodeFinished>,
-31.0,0.5,0.125,72,2026122872,0,,,,,0.7020811990000766,0,official WSJT-X 3.0.2; binary SHA256 9e3c2fc14f63c4b4c4e9fcc33b386cd22daf8fe76ce724c5e37f07875e9a3dd9,<DecodeFinished>,
-31.0,0.5,0.125,74,2026122874,0,,,,,0.8533924110001863,0,official WSJT-X 3.0.2; binary SHA256 9e3c2fc14f63c4b4c4e9fcc33b386cd22daf8fe76ce724c5e37f07875e9a3dd9,<DecodeFinished>,
-31.0,0.5,0.125,76,2026122876,0,,,,,0.672124925999924,0,official WSJT-X 3.0.2; binary SHA256 9e3c2fc14f63c4b4c4e9fcc33b386cd22daf8fe76ce724c5e37f07875e9a3dd9,<DecodeFinished>,
-31.0,0.5,0.125,77,2026122877,0,,,,,0.8384080810001251,0,official WSJT-X 3.0.2; binary SHA256 9e3c2fc14f63c4b4c4e9fcc33b386cd22daf8fe76ce724c5e37f07875e9a3dd9,<DecodeFinished>,
-31.0,0.5,0.125,78,2026122878,0,,,,,0.8853893989999051,0,official WSJT-X 3.0.2; binary SHA256 9e3c2fc14f63c4b4c4e9fcc33b386cd22daf8fe76ce724c5e37f07875e9a3dd9,<DecodeFinished>,
-31.0,0.5,0.125,80,2026122880,0,,,,,0.9113411249995806,0,official WSJT-X 3.0.2; binary SHA256 9e3c2fc14f63c4b4c4e9fcc33b386cd22daf8fe76ce724c5e37f07875e9a3dd9,<DecodeFinished>,
-31.0,0.5,0.125,79,2026122879,0,,,,,1.1508637590000035,0,official WSJT-X 3.0.2; binary SHA256 9e3c2fc14f63c4b4c4e9fcc33b386cd22daf8fe76ce724c5e37f07875e9a3dd9,<DecodeFinished>,
-31.0,0.5,0.125,81,2026122881,0,,,,,0.839162874000067,0,official WSJT-X 3.0.2; binary SHA256 9e3c2fc14f63c4b4c4e9fcc33b386cd22daf8fe76ce724c5e37f07875e9a3dd9,<DecodeFinished>,
-31.0,0.5,0.125,82,2026122882,0,,,,,0.7153106720002143,0,official WSJT-X 3.0.2; binary SHA256 9e3c2fc14f63c4b4c4e9fcc33b386cd22daf8fe76ce724c5e37f07875e9a3dd9,<DecodeFinished>,
-31.0,0.5,0.125,85,2026122885,0,,,,,0.14300609000019904,0,official WSJT-X 3.0.2; binary SHA256 9e3c2fc14f63c4b4c4e9fcc33b386cd22daf8fe76ce724c5e37f07875e9a3dd9,<DecodeFinished>,
-31.0,0.5,0.125,86,2026122886,1,K1ABC FN42 33,-31,0,10.140200,0.2654253350001454,0,official WSJT-X 3.0.2; binary SHA256 9e3c2fc14f63c4b4c4e9fcc33b386cd22daf8fe76ce724c5e37f07875e9a3dd9,"0000 -31 -0.1  10.140200  0  K1ABC FN42 33 
<DecodeFinished>",
-31.0,0.5,0.125,83,2026122883,0,,,,,0.819472782000048,0,official WSJT-X 3.0.2; binary SHA256 9e3c2fc14f63c4b4c4e9fcc33b386cd22daf8fe76ce724c5e37f07875e9a3dd9,<DecodeFinished>,
-31.0,0.5,0.125,84,2026122884,0,,,,,0.6604169540000839,0,official WSJT-X 3.0.2; binary SHA256 9e3c2fc14f63c4b4c4e9fcc33b386cd22daf8fe76ce724c5e37f07875e9a3dd9,<DecodeFinished>,
-31.0,0.5,0.125,88,2026122888,1,K1ABC FN42 33,-30,0,10.140200,0.3245813700000326,0,official WSJT-X 3.0.2; binary SHA256 9e3c2fc14f63c4b4c4e9fcc33b386cd22daf8fe76ce724c5e37f07875e9a3dd9,"0000 -30 -0.1  10.140200  0  K1ABC FN42 33 
<DecodeFinished>",
-31.0,0.5,0.125,87,2026122887,0,,,,,0.6646281920002366,0,official WSJT-X 3.0.2; binary SHA256 9e3c2fc14f63c4b4c4e9fcc33b386cd22daf8fe76ce724c5e37f07875e9a3dd9,<DecodeFinished>,
-31.0,0.5,0.125,89,2026122889,0,,,,,0.4947272420004083,0,official WSJT-X 3.0.2; binary SHA256 9e3c2fc14f63c4b4c4e9fcc33b386cd22daf8fe76ce724c5e37f07875e9a3dd9,<DecodeFinished>,
-31.0,0.5,0.125,92,2026122892,1,K1ABC FN42 33,-30,0,10.140200,0.25575664799998776,0,official WSJT-X 3.0.2; binary SHA256 9e3c2fc14f63c4b4c4e9fcc33b386cd22daf8fe76ce724c5e37f07875e9a3dd9,"0000 -30  0.1  10.140200  0  K1ABC FN42 33 
<DecodeFinished>",
-31.0,0.5,0.125,90,2026122890,0,,,,,0.4938566030000402,0,official WSJT-X 3.0.2; binary SHA256 9e3c2fc14f63c4b4c4e9fcc33b386cd22daf8fe76ce724c5e37f07875e9a3dd9,<DecodeFinished>,
-31.0,0.5,0.125,91,2026122891,0,,,,,0.474008442000013,0,official WSJT-X 3.0.2; binary SHA256 9e3c2fc14f63c4b4c4e9fcc33b386cd22daf8fe76ce724c5e37f07875e9a3dd9,<DecodeFinished>,
-31.0,0.5,0.125,96,2026122896,1,K1ABC FN42 33,-30,0,10.140200,0.24891910899987124,0,official WSJT-X 3.0.2; binary SHA256 9e3c2fc14f63c4b4c4e9fcc33b386cd22daf8fe76ce724c5e37f07875e9a3dd9,"0000 -30 -0.0  10.140200  0  K1ABC FN42 33 
<DecodeFinished>",
-31.0,0.5,0.125,93,2026122893,0,,,,,0.5192045230000986,0,official WSJT-X 3.0.2; binary SHA256 9e3c2fc14f63c4b4c4e9fcc33b386cd22daf8fe76ce724c5e37f07875e9a3dd9,<DecodeFinished>,
-31.0,0.5,0.125,94,2026122894,0,,,,,0.5201946490001319,0,official WSJT-X 3.0.2; binary SHA256 9e3c2fc14f63c4b4c4e9fcc33b386cd22daf8fe76ce724c5e37f07875e9a3dd9,<DecodeFinished>,
-31.0,0.5,0.125,95,2026122895,0,,,,,0.5207239159999517,0,official WSJT-X 3.0.2; binary SHA256 9e3c2fc14f63c4b4c4e9fcc33b386cd22daf8fe76ce724c5e37f07875e9a3dd9,<DecodeFinished>,
-31.0,0.5,0.125,97,2026122897,1,K1ABC FN42 33,-30,0,10.140200,0.30464315799963515,0,official WSJT-X 3.0.2; binary SHA256 9e3c2fc14f63c4b4c4e9fcc33b386cd22daf8fe76ce724c5e37f07875e9a3dd9,"0000 -30  0.1  10.140200  0  K1ABC FN42 33 
<DecodeFinished>",
-31.0,0.5,0.125,99,2026122899,1,K1ABC FN42 33,-31,0,10.140200,0.29053257499981555,0,official WSJT-X 3.0.2; binary SHA256 9e3c2fc14f63c4b4c4e9fcc33b386cd22daf8fe76ce724c5e37f07875e9a3dd9,"0000 -31 -0.1  10.140200  0  K1ABC FN42 33 
<DecodeFinished>",
-31.0,0.5,0.125,98,2026122898,0,,,,,0.42008479100013574,0,official WSJT-X 3.0.2; binary SHA256 9e3c2fc14f63c4b4c4e9fcc33b386cd22daf8fe76ce724c5e37f07875e9a3dd9,<DecodeFinished>,
-31.0,0.5,0.25,0,2026122800,0,,,,,0.5118593070001225,0,official WSJT-X 3.0.2; binary SHA256 9e3c2fc14f63c4b4c4e9fcc33b386cd22daf8fe76ce724c5e37f07875e9a3dd9,<DecodeFinished>,
-31.0,0.5,0.25,1,2026122801,0,,,,,0.5307560830001421,0,official WSJT-X 3.0.2; binary SHA256 9e3c2fc14f63c4b4c4e9fcc33b386cd22daf8fe76ce724c5e37f07875e9a3dd9,<DecodeFinished>,
-31.0,0.5,0.25,2,2026122802,0,,,,,0.5468924730002982,0,official WSJT-X 3.0.2; binary SHA256 9e3c2fc14f63c4b4c4e9fcc33b386cd22daf8fe76ce724c5e37f07875e9a3dd9,<DecodeFinished>,
-31.0,0.5,0.25,3,2026122803,0,,,,,0.5557926619999307,0,official WSJT-X 3.0.2; binary SHA256 9e3c2fc14f63c4b4c4e9fcc33b386cd22daf8fe76ce724c5e37f07875e9a3dd9,<DecodeFinished>,
-31.0,0.5,0.25,7,2026122807,1,K1ABC FN42 33,-30,0,10.140200,0.08603062400015915,0,official WSJT-X 3.0.2; binary SHA256 9e3c2fc14f63c4b4c4e9fcc33b386cd22daf8fe76ce724c5e37f07875e9a3dd9,"0000 -30  0.0  10.140200  0  K1ABC FN42 33 
<DecodeFinished>",
-31.0,0.5,0.25,6,2026122806,1,K1ABC FN42 33,-30,0,10.140200,0.20861526399994545,0,official WSJT-X 3.0.2; binary SHA256 9e3c2fc14f63c4b4c4e9fcc33b386cd22daf8fe76ce724c5e37f07875e9a3dd9,"0000 -30 -0.1  10.140200  0  K1ABC FN42 33 
<DecodeFinished>",
-31.0,0.5,0.25,4,2026122804,0,,,,,0.5887270150001314,0,official WSJT-X 3.0.2; binary SHA256 9e3c2fc14f63c4b4c4e9fcc33b386cd22daf8fe76ce724c5e37f07875e9a3dd9,<DecodeFinished>,
-31.0,0.5,0.25,5,2026122805,0,,,,,0.5549858959998346,0,official WSJT-X 3.0.2; binary SHA256 9e3c2fc14f63c4b4c4e9fcc33b386cd22daf8fe76ce724c5e37f07875e9a3dd9,<DecodeFinished>,
-31.0,0.5,0.25,9,2026122809,1,K1ABC FN42 33,-32,0,10.140200,0.35021474599989233,0,official WSJT-X 3.0.2; binary SHA256 9e3c2fc14f63c4b4c4e9fcc33b386cd22daf8fe76ce724c5e37f07875e9a3dd9,"0000 -32  0.1  10.140200  0  K1ABC FN42 33 
<DecodeFinished>",
-31.0,0.5,0.25,8,2026122808,1,K1ABC FN42 33,-30,0,10.140200,0.3941808090003178,0,official WSJT-X 3.0.2; binary SHA256 9e3c2fc14f63c4b4c4e9fcc33b386cd22daf8fe76ce724c5e37f07875e9a3dd9,"0000 -30  0.0  10.140200  0  K1ABC FN42 33 
<DecodeFinished>",
-31.0,0.5,0.25,10,2026122810,0,,,,,0.5662888219999331,0,official WSJT-X 3.0.2; binary SHA256 9e3c2fc14f63c4b4c4e9fcc33b386cd22daf8fe76ce724c5e37f07875e9a3dd9,<DecodeFinished>,
-31.0,0.5,0.25,11,2026122811,0,,,,,0.6139537039998686,0,official WSJT-X 3.0.2; binary SHA256 9e3c2fc14f63c4b4c4e9fcc33b386cd22daf8fe76ce724c5e37f07875e9a3dd9,<DecodeFinished>,
-31.0,0.5,0.25,12,2026122812,0,,,,,0.454468781000287,0,official WSJT-X 3.0.2; binary SHA256 9e3c2fc14f63c4b4c4e9fcc33b386cd22daf8fe76ce724c5e37f07875e9a3dd9,<DecodeFinished>,
-31.0,0.5,0.25,16,2026122816,0,,,,,0.05054070300002422,0,official WSJT-X 3.0.2; binary SHA256 9e3c2fc14f63c4b4c4e9fcc33b386cd22daf8fe76ce724c5e37f07875e9a3dd9,<DecodeFinished>,
-31.0,0.5,0.25,13,2026122813,0,,,,,0.5683521989999463,0,official WSJT-X 3.0.2; binary SHA256 9e3c2fc14f63c4b4c4e9fcc33b386cd22daf8fe76ce724c5e37f07875e9a3dd9,<DecodeFinished>,
-31.0,0.5,0.25,17,2026122817,1,K1ABC FN42 33,-31,0,10.140200,0.2764945260000786,0,official WSJT-X 3.0.2; binary SHA256 9e3c2fc14f63c4b4c4e9fcc33b386cd22daf8fe76ce724c5e37f07875e9a3dd9,"0000 -31 -0.0  10.140200  0  K1ABC FN42 33 
<DecodeFinished>",
-31.0,0.5,0.25,19,2026122819,0,,,,,0.05207747200029189,0,official WSJT-X 3.0.2; binary SHA256 9e3c2fc14f63c4b4c4e9fcc33b386cd22daf8fe76ce724c5e37f07875e9a3dd9,<DecodeFinished>,
-31.0,0.5,0.25,14,2026122814,0,,,,,0.5649945689997367,0,official WSJT-X 3.0.2; binary SHA256 9e3c2fc14f63c4b4c4e9fcc33b386cd22daf8fe76ce724c5e37f07875e9a3dd9,<DecodeFinished>,
-31.0,0.5,0.25,15,2026122815,0,,,,,0.5521231799998532,0,official WSJT-X 3.0.2; binary SHA256 9e3c2fc14f63c4b4c4e9fcc33b386cd22daf8fe76ce724c5e37f07875e9a3dd9,<DecodeFinished>,
-31.0,0.5,0.25,18,2026122818,0,,,,,0.5541133729998364,0,official WSJT-X 3.0.2; binary SHA256 9e3c2fc14f63c4b4c4e9fcc33b386cd22daf8fe76ce724c5e37f07875e9a3dd9,<DecodeFinished>,
-31.0,0.5,0.25,20,2026122820,1,K1ABC FN42 33,-30,0,10.140200,0.3666133940000691,0,official WSJT-X 3.0.2; binary SHA256 9e3c2fc14f63c4b4c4e9fcc33b386cd22daf8fe76ce724c5e37f07875e9a3dd9,"0000 -30 -0.0  10.140200  0  K1ABC FN42 33 
<DecodeFinished>",
-31.0,0.5,0.25,21,2026122821,0,,,,,0.5429147229997398,0,official WSJT-X 3.0.2; binary SHA256 9e3c2fc14f63c4b4c4e9fcc33b386cd22daf8fe76ce724c5e37f07875e9a3dd9,<DecodeFinished>,
-31.0,0.5,0.25,25,2026122825,0,,,,,0.048738571999820124,0,official WSJT-X 3.0.2; binary SHA256 9e3c2fc14f63c4b4c4e9fcc33b386cd22daf8fe76ce724c5e37f07875e9a3dd9,<DecodeFinished>,
-31.0,0.5,0.25,22,2026122822,0,,,,,0.5611108039997816,0,official WSJT-X 3.0.2; binary SHA256 9e3c2fc14f63c4b4c4e9fcc33b386cd22daf8fe76ce724c5e37f07875e9a3dd9,<DecodeFinished>,
-31.0,0.5,0.25,23,2026122823,0,,,,,0.5511839040000268,0,official WSJT-X 3.0.2; binary SHA256 9e3c2fc14f63c4b4c4e9fcc33b386cd22daf8fe76ce724c5e37f07875e9a3dd9,<DecodeFinished>,
-31.0,0.5,0.25,24,2026122824,0,,,,,0.556044036000003,0,official WSJT-X 3.0.2; binary SHA256 9e3c2fc14f63c4b4c4e9fcc33b386cd22daf8fe76ce724c5e37f07875e9a3dd9,<DecodeFinished>,
-31.0,0.5,0.25,28,2026122828,0,,,,,0.05309488800003237,0,official WSJT-X 3.0.2; binary SHA256 9e3c2fc14f63c4b4c4e9fcc33b386cd22daf8fe76ce724c5e37f07875e9a3dd9,<DecodeFinished>,
-31.0,0.5,0.25,26,2026122826,0,,,,,0.4619922330002737,0,official WSJT-X 3.0.2; binary SHA256 9e3c2fc14f63c4b4c4e9fcc33b386cd22daf8fe76ce724c5e37f07875e9a3dd9,<DecodeFinished>,
-31.0,0.5,0.25,27,2026122827,0,,,,,0.5352280859997336,0,official WSJT-X 3.0.2; binary SHA256 9e3c2fc14f63c4b4c4e9fcc33b386cd22daf8fe76ce724c5e37f07875e9a3dd9,<DecodeFinished>,
-31.0,0.5,0.25,29,2026122829,0,,,,,0.4384050619996742,0,official WSJT-X 3.0.2; binary SHA256 9e3c2fc14f63c4b4c4e9fcc33b386cd22daf8fe76ce724c5e37f07875e9a3dd9,<DecodeFinished>,
-31.0,0.5,0.25,30,2026122830,0,,,,,0.5435976620001384,0,official WSJT-X 3.0.2; binary SHA256 9e3c2fc14f63c4b4c4e9fcc33b386cd22daf8fe76ce724c5e37f07875e9a3dd9,<DecodeFinished>,
-31.0,0.5,0.25,31,2026122831,0,,,,,0.5478232690002187,0,official WSJT-X 3.0.2; binary SHA256 9e3c2fc14f63c4b4c4e9fcc33b386cd22daf8fe76ce724c5e37f07875e9a3dd9,<DecodeFinished>,
-31.0,0.5,0.25,32,2026122832,0,,,,,0.5505810000004203,0,official WSJT-X 3.0.2; binary SHA256 9e3c2fc14f63c4b4c4e9fcc33b386cd22daf8fe76ce724c5e37f07875e9a3dd9,<DecodeFinished>,
-31.0,0.5,0.25,36,2026122836,1,K1ABC FN42 33,-30,0,10.140200,0.07823423399986495,0,official WSJT-X 3.0.2; binary SHA256 9e3c2fc14f63c4b4c4e9fcc33b386cd22daf8fe76ce724c5e37f07875e9a3dd9,"0000 -30 -0.0  10.140200  0  K1ABC FN42 33 
<DecodeFinished>",
-31.0,0.5,0.25,33,2026122833,0,,,,,0.5694944460001352,0,official WSJT-X 3.0.2; binary SHA256 9e3c2fc14f63c4b4c4e9fcc33b386cd22daf8fe76ce724c5e37f07875e9a3dd9,<DecodeFinished>,
-31.0,0.5,0.25,38,2026122838,0,,,,,0.05066900000019814,0,official WSJT-X 3.0.2; binary SHA256 9e3c2fc14f63c4b4c4e9fcc33b386cd22daf8fe76ce724c5e37f07875e9a3dd9,<DecodeFinished>,
-31.0,0.5,0.25,34,2026122834,0,,,,,0.55841393899982,0,official WSJT-X 3.0.2; binary SHA256 9e3c2fc14f63c4b4c4e9fcc33b386cd22daf8fe76ce724c5e37f07875e9a3dd9,<DecodeFinished>,
-31.0,0.5,0.25,35,2026122835,0,,,,,0.5482216030000018,0,official WSJT-X 3.0.2; binary SHA256 9e3c2fc14f63c4b4c4e9fcc33b386cd22daf8fe76ce724c5e37f07875e9a3dd9,<DecodeFinished>,
-31.0,0.5,0.25,41,2026122841,0,,,,,0.05642824300002758,0,official WSJT-X 3.0.2; binary SHA256 9e3c2fc14f63c4b4c4e9fcc33b386cd22daf8fe76ce724c5e37f07875e9a3dd9,<DecodeFinished>,
-31.0,0.5,0.25,37,2026122837,0,,,,,0.5629960699998264,0,official WSJT-X 3.0.2; binary SHA256 9e3c2fc14f63c4b4c4e9fcc33b386cd22daf8fe76ce724c5e37f07875e9a3dd9,<DecodeFinished>,
-31.0,0.5,0.25,40,2026122840,1,K1ABC FN42 33,-32,0,10.140200,0.40908154199996716,0,official WSJT-X 3.0.2; binary SHA256 9e3c2fc14f63c4b4c4e9fcc33b386cd22daf8fe76ce724c5e37f07875e9a3dd9,"0000 -32  0.1  10.140200  0  K1ABC FN42 33 
<DecodeFinished>",
-31.0,0.5,0.25,39,2026122839,0,,,,,0.5425999110002522,0,official WSJT-X 3.0.2; binary SHA256 9e3c2fc14f63c4b4c4e9fcc33b386cd22daf8fe76ce724c5e37f07875e9a3dd9,<DecodeFinished>,
-31.0,0.5,0.25,42,2026122842,0,,,,,0.5398699369998212,0,official WSJT-X 3.0.2; binary SHA256 9e3c2fc14f63c4b4c4e9fcc33b386cd22daf8fe76ce724c5e37f07875e9a3dd9,<DecodeFinished>,
-31.0,0.5,0.25,43,2026122843,0,,,,,0.5160105320001094,0,official WSJT-X 3.0.2; binary SHA256 9e3c2fc14f63c4b4c4e9fcc33b386cd22daf8fe76ce724c5e37f07875e9a3dd9,<DecodeFinished>,
-31.0,0.5,0.25,44,2026122844,0,,,,,0.5209574850000536,0,official WSJT-X 3.0.2; binary SHA256 9e3c2fc14f63c4b4c4e9fcc33b386cd22daf8fe76ce724c5e37f07875e9a3dd9,<DecodeFinished>,
-31.0,0.5,0.25,47,2026122847,0,,,,,0.053731078999589954,0,official WSJT-X 3.0.2; binary SHA256 9e3c2fc14f63c4b4c4e9fcc33b386cd22daf8fe76ce724c5e37f07875e9a3dd9,<DecodeFinished>,
-31.0,0.5,0.25,45,2026122845,0,,,,,0.5131067760003134,0,official WSJT-X 3.0.2; binary SHA256 9e3c2fc14f63c4b4c4e9fcc33b386cd22daf8fe76ce724c5e37f07875e9a3dd9,<DecodeFinished>,
-31.0,0.5,0.25,46,2026122846,0,,,,,0.533548797000094,0,official WSJT-X 3.0.2; binary SHA256 9e3c2fc14f63c4b4c4e9fcc33b386cd22daf8fe76ce724c5e37f07875e9a3dd9,<DecodeFinished>,
-31.0,0.5,0.25,48,2026122848,0,,,,,0.5703541419998146,0,official WSJT-X 3.0.2; binary SHA256 9e3c2fc14f63c4b4c4e9fcc33b386cd22daf8fe76ce724c5e37f07875e9a3dd9,<DecodeFinished>,
-31.0,0.5,0.25,49,2026122849,0,,,,,0.5599340660000962,0,official WSJT-X 3.0.2; binary SHA256 9e3c2fc14f63c4b4c4e9fcc33b386cd22daf8fe76ce724c5e37f07875e9a3dd9,<DecodeFinished>,
-31.0,0.5,0.25,50,2026122850,0,,,,,0.5400207329998921,0,official WSJT-X 3.0.2; binary SHA256 9e3c2fc14f63c4b4c4e9fcc33b386cd22daf8fe76ce724c5e37f07875e9a3dd9,<DecodeFinished>,
-31.0,0.5,0.25,53,2026122853,1,K1ABC FN42 33,-31,0,10.140200,0.08687735100011196,0,official WSJT-X 3.0.2; binary SHA256 9e3c2fc14f63c4b4c4e9fcc33b386cd22daf8fe76ce724c5e37f07875e9a3dd9,"0000 -31  0.1  10.140200  0  K1ABC FN42 33 
<DecodeFinished>",
-31.0,0.5,0.25,52,2026122852,1,K1ABC FN42 33,-30,0,10.140200,0.16162086299982548,0,official WSJT-X 3.0.2; binary SHA256 9e3c2fc14f63c4b4c4e9fcc33b386cd22daf8fe76ce724c5e37f07875e9a3dd9,"0000 -30  0.0  10.140200  0  K1ABC FN42 33 
<DecodeFinished>",
-31.0,0.5,0.25,51,2026122851,0,,,,,0.5355848990002414,0,official WSJT-X 3.0.2; binary SHA256 9e3c2fc14f63c4b4c4e9fcc33b386cd22daf8fe76ce724c5e37f07875e9a3dd9,<DecodeFinished>,
-31.0,0.5,0.25,55,2026122855,0,,,,,0.44053537099989626,0,official WSJT-X 3.0.2; binary SHA256 9e3c2fc14f63c4b4c4e9fcc33b386cd22daf8fe76ce724c5e37f07875e9a3dd9,<DecodeFinished>,
-31.0,0.5,0.25,54,2026122854,0,,,,,0.536124240999925,0,official WSJT-X 3.0.2; binary SHA256 9e3c2fc14f63c4b4c4e9fcc33b386cd22daf8fe76ce724c5e37f07875e9a3dd9,<DecodeFinished>,
-31.0,0.5,0.25,56,2026122856,0,,,,,0.5405121490002784,0,official WSJT-X 3.0.2; binary SHA256 9e3c2fc14f63c4b4c4e9fcc33b386cd22daf8fe76ce724c5e37f07875e9a3dd9,<DecodeFinished>,
-31.0,0.5,0.25,57,2026122857,0,,,,,0.5346589499999936,0,official WSJT-X 3.0.2; binary SHA256 9e3c2fc14f63c4b4c4e9fcc33b386cd22daf8fe76ce724c5e37f07875e9a3dd9,<DecodeFinished>,
-31.0,0.5,0.25,58,2026122858,0,,,,,0.5479801849996875,0,official WSJT-X 3.0.2; binary SHA256 9e3c2fc14f63c4b4c4e9fcc33b386cd22daf8fe76ce724c5e37f07875e9a3dd9,<DecodeFinished>,
-31.0,0.5,0.25,59,2026122859,0,,,,,0.5355869459999667,0,official WSJT-X 3.0.2; binary SHA256 9e3c2fc14f63c4b4c4e9fcc33b386cd22daf8fe76ce724c5e37f07875e9a3dd9,<DecodeFinished>,
-31.0,0.5,0.25,62,2026122862,0,,,,,0.05698724600006244,0,official WSJT-X 3.0.2; binary SHA256 9e3c2fc14f63c4b4c4e9fcc33b386cd22daf8fe76ce724c5e37f07875e9a3dd9,<DecodeFinished>,
-31.0,0.5,0.25,63,2026122863,0,,,,,0.04868214499992973,0,official WSJT-X 3.0.2; binary SHA256 9e3c2fc14f63c4b4c4e9fcc33b386cd22daf8fe76ce724c5e37f07875e9a3dd9,<DecodeFinished>,
-31.0,0.5,0.25,60,2026122860,0,,,,,0.538957095999649,0,official WSJT-X 3.0.2; binary SHA256 9e3c2fc14f63c4b4c4e9fcc33b386cd22daf8fe76ce724c5e37f07875e9a3dd9,<DecodeFinished>,
-31.0,0.5,0.25,61,2026122861,0,,,,,0.5751881739997771,0,official WSJT-X 3.0.2; binary SHA256 9e3c2fc14f63c4b4c4e9fcc33b386cd22daf8fe76ce724c5e37f07875e9a3dd9,<DecodeFinished>,
-31.0,0.5,0.25,65,2026122865,1,K1ABC FN42 33,-30,0,10.140200,0.26173435800001243,0,official WSJT-X 3.0.2; binary SHA256 9e3c2fc14f63c4b4c4e9fcc33b386cd22daf8fe76ce724c5e37f07875e9a3dd9,"0000 -30 -0.0  10.140200  0  K1ABC FN42 33 
<DecodeFinished>",
-31.0,0.5,0.25,64,2026122864,0,,,,,0.5541743240000869,0,official WSJT-X 3.0.2; binary SHA256 9e3c2fc14f63c4b4c4e9fcc33b386cd22daf8fe76ce724c5e37f07875e9a3dd9,<DecodeFinished>,
-31.0,0.5,0.25,66,2026122866,0,,,,,0.5393999889997758,0,official WSJT-X 3.0.2; binary SHA256 9e3c2fc14f63c4b4c4e9fcc33b386cd22daf8fe76ce724c5e37f07875e9a3dd9,<DecodeFinished>,
-31.0,0.5,0.25,67,2026122867,0,,,,,0.5254754070001582,0,official WSJT-X 3.0.2; binary SHA256 9e3c2fc14f63c4b4c4e9fcc33b386cd22daf8fe76ce724c5e37f07875e9a3dd9,<DecodeFinished>,
-31.0,0.5,0.25,68,2026122868,0,,,,,0.5508756009999161,0,official WSJT-X 3.0.2; binary SHA256 9e3c2fc14f63c4b4c4e9fcc33b386cd22daf8fe76ce724c5e37f07875e9a3dd9,<DecodeFinished>,
-31.0,0.5,0.25,70,2026122870,0,,,,,0.4417685650000749,0,official WSJT-X 3.0.2; binary SHA256 9e3c2fc14f63c4b4c4e9fcc33b386cd22daf8fe76ce724c5e37f07875e9a3dd9,<DecodeFinished>,
-31.0,0.5,0.25,69,2026122869,0,,,,,0.5484606190002523,0,official WSJT-X 3.0.2; binary SHA256 9e3c2fc14f63c4b4c4e9fcc33b386cd22daf8fe76ce724c5e37f07875e9a3dd9,<DecodeFinished>,
-31.0,0.5,0.25,71,2026122871,0,,,,,0.445532682999783,0,official WSJT-X 3.0.2; binary SHA256 9e3c2fc14f63c4b4c4e9fcc33b386cd22daf8fe76ce724c5e37f07875e9a3dd9,<DecodeFinished>,
-31.0,0.5,0.25,72,2026122872,0,,,,,0.5328511490001802,0,official WSJT-X 3.0.2; binary SHA256 9e3c2fc14f63c4b4c4e9fcc33b386cd22daf8fe76ce724c5e37f07875e9a3dd9,<DecodeFinished>,
-31.0,0.5,0.25,75,2026122875,1,K1ABC FN42 33,-31,0,10.140200,0.1708953190000102,0,official WSJT-X 3.0.2; binary SHA256 9e3c2fc14f63c4b4c4e9fcc33b386cd22daf8fe76ce724c5e37f07875e9a3dd9,"0000 -31  0.0  10.140200  0  K1ABC FN42 33 
<DecodeFinished>",
-31.0,0.5,0.25,73,2026122873,0,,,,,0.5406196680000903,0,official WSJT-X 3.0.2; binary SHA256 9e3c2fc14f63c4b4c4e9fcc33b386cd22daf8fe76ce724c5e37f07875e9a3dd9,<DecodeFinished>,
-31.0,0.5,0.25,74,2026122874,0,,,,,0.5617925359997571,0,official WSJT-X 3.0.2; binary SHA256 9e3c2fc14f63c4b4c4e9fcc33b386cd22daf8fe76ce724c5e37f07875e9a3dd9,<DecodeFinished>,
-31.0,0.5,0.25,77,2026122877,1,K1ABC FN42 33,-31,0,10.140200,0.3162383270000646,0,official WSJT-X 3.0.2; binary SHA256 9e3c2fc14f63c4b4c4e9fcc33b386cd22daf8fe76ce724c5e37f07875e9a3dd9,"0000 -31  0.1  10.140200  0  K1ABC FN42 33 
<DecodeFinished>",
-31.0,0.5,0.25,76,2026122876,0,,,,,0.46794037399968147,0,official WSJT-X 3.0.2; binary SHA256 9e3c2fc14f63c4b4c4e9fcc33b386cd22daf8fe76ce724c5e37f07875e9a3dd9,<DecodeFinished>,
-31.0,0.5,0.25,78,2026122878,1,K1ABC FN42 33,-31,0,10.140200,0.28190064299997175,0,official WSJT-X 3.0.2; binary SHA256 9e3c2fc14f63c4b4c4e9fcc33b386cd22daf8fe76ce724c5e37f07875e9a3dd9,"0000 -31  0.0  10.140200  0  K1ABC FN42 33 
<DecodeFinished>",
-31.0,0.5,0.25,79,2026122879,0,,,,,0.5642176359997393,0,official WSJT-X 3.0.2; binary SHA256 9e3c2fc14f63c4b4c4e9fcc33b386cd22daf8fe76ce724c5e37f07875e9a3dd9,<DecodeFinished>,
-31.0,0.5,0.25,80,2026122880,0,,,,,0.566781600000013,0,official WSJT-X 3.0.2; binary SHA256 9e3c2fc14f63c4b4c4e9fcc33b386cd22daf8fe76ce724c5e37f07875e9a3dd9,<DecodeFinished>,
-31.0,0.5,0.25,82,2026122882,0,,,,,0.5712908680002329,0,official WSJT-X 3.0.2; binary SHA256 9e3c2fc14f63c4b4c4e9fcc33b386cd22daf8fe76ce724c5e37f07875e9a3dd9,<DecodeFinished>,
-31.0,0.5,0.25,83,2026122883,1,K1ABC FN42 33,-31,0,10.140200,0.26298717500003477,0,official WSJT-X 3.0.2; binary SHA256 9e3c2fc14f63c4b4c4e9fcc33b386cd22daf8fe76ce724c5e37f07875e9a3dd9,"0000 -31  0.0  10.140200  0  K1ABC FN42 33 
<DecodeFinished>",
-31.0,0.5,0.25,85,2026122885,0,,,,,0.051897599000312766,0,official WSJT-X 3.0.2; binary SHA256 9e3c2fc14f63c4b4c4e9fcc33b386cd22daf8fe76ce724c5e37f07875e9a3dd9,<DecodeFinished>,
-31.0,0.5,0.25,81,2026122881,0,,,,,0.9655792680000559,0,official WSJT-X 3.0.2; binary SHA256 9e3c2fc14f63c4b4c4e9fcc33b386cd22daf8fe76ce724c5e37f07875e9a3dd9,<DecodeFinished>,
-31.0,0.5,0.25,84,2026122884,0,,,,,0.5592511820000254,0,official WSJT-X 3.0.2; binary SHA256 9e3c2fc14f63c4b4c4e9fcc33b386cd22daf8fe76ce724c5e37f07875e9a3dd9,<DecodeFinished>,
-31.0,0.5,0.25,86,2026122886,0,,,,,0.5587857350001286,0,official WSJT-X 3.0.2; binary SHA256 9e3c2fc14f63c4b4c4e9fcc33b386cd22daf8fe76ce724c5e37f07875e9a3dd9,<DecodeFinished>,
-31.0,0.5,0.25,87,2026122887,0,,,,,0.5402928220000831,0,official WSJT-X 3.0.2; binary SHA256 9e3c2fc14f63c4b4c4e9fcc33b386cd22daf8fe76ce724c5e37f07875e9a3dd9,<DecodeFinished>,
-31.0,0.5,0.25,88,2026122888,0,,,,,0.4357192600000417,0,official WSJT-X 3.0.2; binary SHA256 9e3c2fc14f63c4b4c4e9fcc33b386cd22daf8fe76ce724c5e37f07875e9a3dd9,<DecodeFinished>,
-31.0,0.5,0.25,89,2026122889,0,,,,,0.5338805639999009,0,official WSJT-X 3.0.2; binary SHA256 9e3c2fc14f63c4b4c4e9fcc33b386cd22daf8fe76ce724c5e37f07875e9a3dd9,<DecodeFinished>,
-31.0,0.5,0.25,90,2026122890,0,,,,,0.522150989000238,0,official WSJT-X 3.0.2; binary SHA256 9e3c2fc14f63c4b4c4e9fcc33b386cd22daf8fe76ce724c5e37f07875e9a3dd9,<DecodeFinished>,
-31.0,0.5,0.25,91,2026122891,0,,,,,0.5615726349997203,0,official WSJT-X 3.0.2; binary SHA256 9e3c2fc14f63c4b4c4e9fcc33b386cd22daf8fe76ce724c5e37f07875e9a3dd9,<DecodeFinished>,
-31.0,0.5,0.25,92,2026122892,0,,,,,0.5360579049997796,0,official WSJT-X 3.0.2; binary SHA256 9e3c2fc14f63c4b4c4e9fcc33b386cd22daf8fe76ce724c5e37f07875e9a3dd9,<DecodeFinished>,
-31.0,0.5,0.25,93,2026122893,0,,,,,0.5188575379997928,0,official WSJT-X 3.0.2; binary SHA256 9e3c2fc14f63c4b4c4e9fcc33b386cd22daf8fe76ce724c5e37f07875e9a3dd9,<DecodeFinished>,
-31.0,0.5,0.25,94,2026122894,0,,,,,0.5485290410001653,0,official WSJT-X 3.0.2; binary SHA256 9e3c2fc14f63c4b4c4e9fcc33b386cd22daf8fe76ce724c5e37f07875e9a3dd9,<DecodeFinished>,
-31.0,0.5,0.25,95,2026122895,0,,,,,0.5337625820002359,0,official WSJT-X 3.0.2; binary SHA256 9e3c2fc14f63c4b4c4e9fcc33b386cd22daf8fe76ce724c5e37f07875e9a3dd9,<DecodeFinished>,
-31.0,0.5,0.25,96,2026122896,0,,,,,0.5430599470000743,0,official WSJT-X 3.0.2; binary SHA256 9e3c2fc14f63c4b4c4e9fcc33b386cd22daf8fe76ce724c5e37f07875e9a3dd9,<DecodeFinished>,
-31.0,0.5,0.25,97,2026122897,0,,,,,0.6451194810001653,0,official WSJT-X 3.0.2; binary SHA256 9e3c2fc14f63c4b4c4e9fcc33b386cd22daf8fe76ce724c5e37f07875e9a3dd9,<DecodeFinished>,
-31.0,0.5,0.25,98,2026122898,0,,,,,0.551943492999726,0,official WSJT-X 3.0.2; binary SHA256 9e3c2fc14f63c4b4c4e9fcc33b386cd22daf8fe76ce724c5e37f07875e9a3dd9,<DecodeFinished>,
-31.0,0.5,0.25,99,2026122899,0,,,,,0.5259812159997637,0,official WSJT-X 3.0.2; binary SHA256 9e3c2fc14f63c4b4c4e9fcc33b386cd22daf8fe76ce724c5e37f07875e9a3dd9,<DecodeFinished>,
-31.0,0.5,0.375,0,2026122800,0,,,,,0.43739376500025173,0,official WSJT-X 3.0.2; binary SHA256 9e3c2fc14f63c4b4c4e9fcc33b386cd22daf8fe76ce724c5e37f07875e9a3dd9,<DecodeFinished>,
-31.0,0.5,0.375,1,2026122801,0,,,,,0.5297217130000718,0,official WSJT-X 3.0.2; binary SHA256 9e3c2fc14f63c4b4c4e9fcc33b386cd22daf8fe76ce724c5e37f07875e9a3dd9,<DecodeFinished>,
-31.0,0.5,0.375,2,2026122802,0,,,,,0.5562351230000786,0,official WSJT-X 3.0.2; binary SHA256 9e3c2fc14f63c4b4c4e9fcc33b386cd22daf8fe76ce724c5e37f07875e9a3dd9,<DecodeFinished>,
-31.0,0.5,0.375,3,2026122803,0,,,,,0.5500860729998749,0,official WSJT-X 3.0.2; binary SHA256 9e3c2fc14f63c4b4c4e9fcc33b386cd22daf8fe76ce724c5e37f07875e9a3dd9,<DecodeFinished>,
-31.0,0.5,0.375,4,2026122804,0,,,,,0.5365086870001505,0,official WSJT-X 3.0.2; binary SHA256 9e3c2fc14f63c4b4c4e9fcc33b386cd22daf8fe76ce724c5e37f07875e9a3dd9,<DecodeFinished>,
-31.0,0.5,0.375,5,2026122805,0,,,,,0.5589801040000566,0,official WSJT-X 3.0.2; binary SHA256 9e3c2fc14f63c4b4c4e9fcc33b386cd22daf8fe76ce724c5e37f07875e9a3dd9,<DecodeFinished>,
-31.0,0.5,0.375,6,2026122806,0,,,,,0.454501498999889,0,official WSJT-X 3.0.2; binary SHA256 9e3c2fc14f63c4b4c4e9fcc33b386cd22daf8fe76ce724c5e37f07875e9a3dd9,<DecodeFinished>,
-31.0,0.5,0.375,7,2026122807,0,,,,,0.555411402000118,0,official WSJT-X 3.0.2; binary SHA256 9e3c2fc14f63c4b4c4e9fcc33b386cd22daf8fe76ce724c5e37f07875e9a3dd9,<DecodeFinished>,
-31.0,0.5,0.375,8,2026122808,0,,,,,0.5300356430002466,0,official WSJT-X 3.0.2; binary SHA256 9e3c2fc14f63c4b4c4e9fcc33b386cd22daf8fe76ce724c5e37f07875e9a3dd9,<DecodeFinished>,
-31.0,0.5,0.375,11,2026122811,0,,,,,0.050995613999930356,0,official WSJT-X 3.0.2; binary SHA256 9e3c2fc14f63c4b4c4e9fcc33b386cd22daf8fe76ce724c5e37f07875e9a3dd9,<DecodeFinished>,
-31.0,0.5,0.375,9,2026122809,0,,,,,0.5352489100000639,0,official WSJT-X 3.0.2; binary SHA256 9e3c2fc14f63c4b4c4e9fcc33b386cd22daf8fe76ce724c5e37f07875e9a3dd9,<DecodeFinished>,
-31.0,0.5,0.375,10,2026122810,0,,,,,0.569641251000121,0,official WSJT-X 3.0.2; binary SHA256 9e3c2fc14f63c4b4c4e9fcc33b386cd22daf8fe76ce724c5e37f07875e9a3dd9,<DecodeFinished>,
-31.0,0.5,0.375,12,2026122812,0,,,,,0.5232456690000618,0,official WSJT-X 3.0.2; binary SHA256 9e3c2fc14f63c4b4c4e9fcc33b386cd22daf8fe76ce724c5e37f07875e9a3dd9,<DecodeFinished>,
-31.0,0.5,0.375,13,2026122813,0,,,,,0.5616439610002999,0,official WSJT-X 3.0.2; binary SHA256 9e3c2fc14f63c4b4c4e9fcc33b386cd22daf8fe76ce724c5e37f07875e9a3dd9,<DecodeFinished>,
-31.0,0.5,0.375,15,2026122815,0,,,,,0.44393883699967773,0,official WSJT-X 3.0.2; binary SHA256 9e3c2fc14f63c4b4c4e9fcc33b386cd22daf8fe76ce724c5e37f07875e9a3dd9,<DecodeFinished>,
-31.0,0.5,0.375,14,2026122814,0,,,,,0.5822715530002824,0,official WSJT-X 3.0.2; binary SHA256 9e3c2fc14f63c4b4c4e9fcc33b386cd22daf8fe76ce724c5e37f07875e9a3dd9,<DecodeFinished>,
-31.0,0.5,0.375,16,2026122816,0,,,,,0.4464001029996325,0,official WSJT-X 3.0.2; binary SHA256 9e3c2fc14f63c4b4c4e9fcc33b386cd22daf8fe76ce724c5e37f07875e9a3dd9,<DecodeFinished>,
-31.0,0.5,0.375,17,2026122817,0,,,,,0.5429869859999599,0,official WSJT-X 3.0.2; binary SHA256 9e3c2fc14f63c4b4c4e9fcc33b386cd22daf8fe76ce724c5e37f07875e9a3dd9,<DecodeFinished>,
-31.0,0.5,0.375,20,2026122820,1,K1ABC FN42 33,-30,0,10.140200,0.17439195199995083,0,official WSJT-X 3.0.2; binary SHA256 9e3c2fc14f63c4b4c4e9fcc33b386cd22daf8fe76ce724c5e37f07875e9a3dd9,"0000 -30 -0.1  10.140200  0  K1ABC FN42 33 
<DecodeFinished>",
-31.0,0.5,0.375,19,2026122819,0,,,,,0.46847311200008335,0,official WSJT-X 3.0.2; binary SHA256 9e3c2fc14f63c4b4c4e9fcc33b386cd22daf8fe76ce724c5e37f07875e9a3dd9,<DecodeFinished>,
-31.0,0.5,0.375,18,2026122818,0,,,,,0.5480068790002406,0,official WSJT-X 3.0.2; binary SHA256 9e3c2fc14f63c4b4c4e9fcc33b386cd22daf8fe76ce724c5e37f07875e9a3dd9,<DecodeFinished>,
-31.0,0.5,0.375,23,2026122823,1,K1ABC FN42 33,-30,0,10.140200,0.1483006330004173,0,official WSJT-X 3.0.2; binary SHA256 9e3c2fc14f63c4b4c4e9fcc33b386cd22daf8fe76ce724c5e37f07875e9a3dd9,"0000 -30 -0.1  10.140200  0  K1ABC FN42 33 
<DecodeFinished>",
-31.0,0.5,0.375,21,2026122821,0,,,,,0.5457344480000756,0,official WSJT-X 3.0.2; binary SHA256 9e3c2fc14f63c4b4c4e9fcc33b386cd22daf8fe76ce724c5e37f07875e9a3dd9,<DecodeFinished>,
-31.0,0.5,0.375,22,2026122822,0,,,,,0.555657882000105,0,official WSJT-X 3.0.2; binary SHA256 9e3c2fc14f63c4b4c4e9fcc33b386cd22daf8fe76ce724c5e37f07875e9a3dd9,<DecodeFinished>,
-31.0,0.5,0.375,24,2026122824,0,,,,,0.46127301299975443,0,official WSJT-X 3.0.2; binary SHA256 9e3c2fc14f63c4b4c4e9fcc33b386cd22daf8fe76ce724c5e37f07875e9a3dd9,<DecodeFinished>,
-31.0,0.5,0.375,28,2026122828,0,,,,,0.05436284400002478,0,official WSJT-X 3.0.2; binary SHA256 9e3c2fc14f63c4b4c4e9fcc33b386cd22daf8fe76ce724c5e37f07875e9a3dd9,<DecodeFinished>,
-31.0,0.5,0.375,29,2026122829,0,,,,,0.048921169999630365,0,official WSJT-X 3.0.2; binary SHA256 9e3c2fc14f63c4b4c4e9fcc33b386cd22daf8fe76ce724c5e37f07875e9a3dd9,<DecodeFinished>,
-31.0,0.5,0.375,25,2026122825,0,,,,,0.4507390549997581,0,official WSJT-X 3.0.2; binary SHA256 9e3c2fc14f63c4b4c4e9fcc33b386cd22daf8fe76ce724c5e37f07875e9a3dd9,<DecodeFinished>,
-31.0,0.5,0.375,26,2026122826,0,,,,,0.5542508260000432,0,official WSJT-X 3.0.2; binary SHA256 9e3c2fc14f63c4b4c4e9fcc33b386cd22daf8fe76ce724c5e37f07875e9a3dd9,<DecodeFinished>,
-31.0,0.5,0.375,27,2026122827,0,,,,,0.5453067339999507,0,official WSJT-X 3.0.2; binary SHA256 9e3c2fc14f63c4b4c4e9fcc33b386cd22daf8fe76ce724c5e37f07875e9a3dd9,<DecodeFinished>,
-31.0,0.5,0.375,30,2026122830,0,,,,,0.5357328149998466,0,official WSJT-X 3.0.2; binary SHA256 9e3c2fc14f63c4b4c4e9fcc33b386cd22daf8fe76ce724c5e37f07875e9a3dd9,<DecodeFinished>,
-31.0,0.5,0.375,31,2026122831,0,,,,,0.5591962270000295,0,official WSJT-X 3.0.2; binary SHA256 9e3c2fc14f63c4b4c4e9fcc33b386cd22daf8fe76ce724c5e37f07875e9a3dd9,<DecodeFinished>,
-31.0,0.5,0.375,33,2026122833,0,,,,,0.5503481249998003,0,official WSJT-X 3.0.2; binary SHA256 9e3c2fc14f63c4b4c4e9fcc33b386cd22daf8fe76ce724c5e37f07875e9a3dd9,<DecodeFinished>,
-31.0,0.5,0.375,32,2026122832,0,,,,,0.572968942999978,0,official WSJT-X 3.0.2; binary SHA256 9e3c2fc14f63c4b4c4e9fcc33b386cd22daf8fe76ce724c5e37f07875e9a3dd9,<DecodeFinished>,
-31.0,0.5,0.375,35,2026122835,1,K1ABC FN42 33,-31,0,10.140200,0.2958597390002069,0,official WSJT-X 3.0.2; binary SHA256 9e3c2fc14f63c4b4c4e9fcc33b386cd22daf8fe76ce724c5e37f07875e9a3dd9,"0000 -31  0.1  10.140200  0  K1ABC FN42 33 
<DecodeFinished>",
-31.0,0.5,0.375,38,2026122838,0,,,,,0.04768132899971533,0,official WSJT-X 3.0.2; binary SHA256 9e3c2fc14f63c4b4c4e9fcc33b386cd22daf8fe76ce724c5e37f07875e9a3dd9,<DecodeFinished>,
-31.0,0.5,0.375,34,2026122834,0,,,,,0.5421747800000958,0,official WSJT-X 3.0.2; binary SHA256 9e3c2fc14f63c4b4c4e9fcc33b386cd22daf8fe76ce724c5e37f07875e9a3dd9,<DecodeFinished>,
-31.0,0.5,0.375,36,2026122836,0,,,,,0.5259844530000919,0,official WSJT-X 3.0.2; binary SHA256 9e3c2fc14f63c4b4c4e9fcc33b386cd22daf8fe76ce724c5e37f07875e9a3dd9,<DecodeFinished>,
-31.0,0.5,0.375,37,2026122837,0,,,,,0.5308964960004232,0,official WSJT-X 3.0.2; binary SHA256 9e3c2fc14f63c4b4c4e9fcc33b386cd22daf8fe76ce724c5e37f07875e9a3dd9,<DecodeFinished>,
-31.0,0.5,0.375,39,2026122839,0,,,,,0.5236536759998671,0,official WSJT-X 3.0.2; binary SHA256 9e3c2fc14f63c4b4c4e9fcc33b386cd22daf8fe76ce724c5e37f07875e9a3dd9,<DecodeFinished>,
-31.0,0.5,0.375,40,2026122840,0,,,,,0.5670919039998807,0,official WSJT-X 3.0.2; binary SHA256 9e3c2fc14f63c4b4c4e9fcc33b386cd22daf8fe76ce724c5e37f07875e9a3dd9,<DecodeFinished>,
-31.0,0.5,0.375,41,2026122841,0,,,,,0.43058988099983253,0,official WSJT-X 3.0.2; binary SHA256 9e3c2fc14f63c4b4c4e9fcc33b386cd22daf8fe76ce724c5e37f07875e9a3dd9,<DecodeFinished>,
-31.0,0.5,0.375,42,2026122842,0,,,,,0.4467922480002926,0,official WSJT-X 3.0.2; binary SHA256 9e3c2fc14f63c4b4c4e9fcc33b386cd22daf8fe76ce724c5e37f07875e9a3dd9,<DecodeFinished>,
-31.0,0.5,0.375,43,2026122843,0,,,,,0.5078282340000442,0,official WSJT-X 3.0.2; binary SHA256 9e3c2fc14f63c4b4c4e9fcc33b386cd22daf8fe76ce724c5e37f07875e9a3dd9,<DecodeFinished>,
-31.0,0.5,0.375,47,2026122847,0,,,,,0.12704522200010615,0,official WSJT-X 3.0.2; binary SHA256 9e3c2fc14f63c4b4c4e9fcc33b386cd22daf8fe76ce724c5e37f07875e9a3dd9,<DecodeFinished>,
-31.0,0.5,0.375,44,2026122844,0,,,,,0.4229838699998254,0,official WSJT-X 3.0.2; binary SHA256 9e3c2fc14f63c4b4c4e9fcc33b386cd22daf8fe76ce724c5e37f07875e9a3dd9,<DecodeFinished>,
-31.0,0.5,0.375,45,2026122845,0,,,,,0.4996163569999226,0,official WSJT-X 3.0.2; binary SHA256 9e3c2fc14f63c4b4c4e9fcc33b386cd22daf8fe76ce724c5e37f07875e9a3dd9,<DecodeFinished>,
-31.0,0.5,0.375,46,2026122846,0,,,,,0.5021866349998163,0,official WSJT-X 3.0.2; binary SHA256 9e3c2fc14f63c4b4c4e9fcc33b386cd22daf8fe76ce724c5e37f07875e9a3dd9,<DecodeFinished>,
-31.0,0.5,0.375,49,2026122849,0,,,,,0.5349770160000844,0,official WSJT-X 3.0.2; binary SHA256 9e3c2fc14f63c4b4c4e9fcc33b386cd22daf8fe76ce724c5e37f07875e9a3dd9,<DecodeFinished>,
-31.0,0.5,0.375,48,2026122848,0,,,,,0.5433989060002204,0,official WSJT-X 3.0.2; binary SHA256 9e3c2fc14f63c4b4c4e9fcc33b386cd22daf8fe76ce724c5e37f07875e9a3dd9,<DecodeFinished>,
-31.0,0.5,0.375,50,2026122850,0,,,,,0.5492532029998074,0,official WSJT-X 3.0.2; binary SHA256 9e3c2fc14f63c4b4c4e9fcc33b386cd22daf8fe76ce724c5e37f07875e9a3dd9,<DecodeFinished>,
-31.0,0.5,0.375,51,2026122851,0,,,,,0.5559638089998771,0,official WSJT-X 3.0.2; binary SHA256 9e3c2fc14f63c4b4c4e9fcc33b386cd22daf8fe76ce724c5e37f07875e9a3dd9,<DecodeFinished>,
-31.0,0.5,0.375,53,2026122853,0,,,,,0.4368228029998136,0,official WSJT-X 3.0.2; binary SHA256 9e3c2fc14f63c4b4c4e9fcc33b386cd22daf8fe76ce724c5e37f07875e9a3dd9,<DecodeFinished>,
-31.0,0.5,0.375,52,2026122852,0,,,,,0.5293585809999968,0,official WSJT-X 3.0.2; binary SHA256 9e3c2fc14f63c4b4c4e9fcc33b386cd22daf8fe76ce724c5e37f07875e9a3dd9,<DecodeFinished>,
-31.0,0.5,0.375,54,2026122854,0,,,,,0.5492825810001705,0,official WSJT-X 3.0.2; binary SHA256 9e3c2fc14f63c4b4c4e9fcc33b386cd22daf8fe76ce724c5e37f07875e9a3dd9,<DecodeFinished>,
-31.0,0.5,0.375,55,2026122855,0,,,,,0.5307455629999822,0,official WSJT-X 3.0.2; binary SHA256 9e3c2fc14f63c4b4c4e9fcc33b386cd22daf8fe76ce724c5e37f07875e9a3dd9,<DecodeFinished>,
-31.0,0.5,0.375,56,2026122856,0,,,,,0.5441941180001777,0,official WSJT-X 3.0.2; binary SHA256 9e3c2fc14f63c4b4c4e9fcc33b386cd22daf8fe76ce724c5e37f07875e9a3dd9,<DecodeFinished>,
-31.0,0.5,0.375,57,2026122857,0,,,,,0.5283195000001797,0,official WSJT-X 3.0.2; binary SHA256 9e3c2fc14f63c4b4c4e9fcc33b386cd22daf8fe76ce724c5e37f07875e9a3dd9,<DecodeFinished>,
-31.0,0.5,0.375,58,2026122858,0,,,,,0.4503499559996271,0,official WSJT-X 3.0.2; binary SHA256 9e3c2fc14f63c4b4c4e9fcc33b386cd22daf8fe76ce724c5e37f07875e9a3dd9,<DecodeFinished>,
-31.0,0.5,0.375,59,2026122859,0,,,,,0.550834223000038,0,official WSJT-X 3.0.2; binary SHA256 9e3c2fc14f63c4b4c4e9fcc33b386cd22daf8fe76ce724c5e37f07875e9a3dd9,<DecodeFinished>,
-31.0,0.5,0.375,63,2026122863,0,,,,,0.05063578800036339,0,official WSJT-X 3.0.2; binary SHA256 9e3c2fc14f63c4b4c4e9fcc33b386cd22daf8fe76ce724c5e37f07875e9a3dd9,<DecodeFinished>,
-31.0,0.5,0.375,60,2026122860,0,,,,,0.5875697690003108,0,official WSJT-X 3.0.2; binary SHA256 9e3c2fc14f63c4b4c4e9fcc33b386cd22daf8fe76ce724c5e37f07875e9a3dd9,<DecodeFinished>,
-31.0,0.5,0.375,61,2026122861,0,,,,,0.55777860399985,0,official WSJT-X 3.0.2; binary SHA256 9e3c2fc14f63c4b4c4e9fcc33b386cd22daf8fe76ce724c5e37f07875e9a3dd9,<DecodeFinished>,
-31.0,0.5,0.375,65,2026122865,0,,,,,0.05585188500026561,0,official WSJT-X 3.0.2; binary SHA256 9e3c2fc14f63c4b4c4e9fcc33b386cd22daf8fe76ce724c5e37f07875e9a3dd9,<DecodeFinished>,
-31.0,0.5,0.375,62,2026122862,0,,,,,0.47126643100000365,0,official WSJT-X 3.0.2; binary SHA256 9e3c2fc14f63c4b4c4e9fcc33b386cd22daf8fe76ce724c5e37f07875e9a3dd9,<DecodeFinished>,
-31.0,0.5,0.375,64,2026122864,0,,,,,0.4867423509999753,0,official WSJT-X 3.0.2; binary SHA256 9e3c2fc14f63c4b4c4e9fcc33b386cd22daf8fe76ce724c5e37f07875e9a3dd9,<DecodeFinished>,
-31.0,0.5,0.375,67,2026122867,0,,,,,0.441232447999937,0,official WSJT-X 3.0.2; binary SHA256 9e3c2fc14f63c4b4c4e9fcc33b386cd22daf8fe76ce724c5e37f07875e9a3dd9,<DecodeFinished>,
-31.0,0.5,0.375,66,2026122866,0,,,,,0.5561891020001895,0,official WSJT-X 3.0.2; binary SHA256 9e3c2fc14f63c4b4c4e9fcc33b386cd22daf8fe76ce724c5e37f07875e9a3dd9,<DecodeFinished>,
-31.0,0.5,0.375,68,2026122868,0,,,,,0.5490063390002433,0,official WSJT-X 3.0.2; binary SHA256 9e3c2fc14f63c4b4c4e9fcc33b386cd22daf8fe76ce724c5e37f07875e9a3dd9,<DecodeFinished>,
-31.0,0.5,0.375,69,2026122869,0,,,,,0.5505766420001237,0,official WSJT-X 3.0.2; binary SHA256 9e3c2fc14f63c4b4c4e9fcc33b386cd22daf8fe76ce724c5e37f07875e9a3dd9,<DecodeFinished>,
-31.0,0.5,0.375,70,2026122870,0,,,,,0.5481880909997017,0,official WSJT-X 3.0.2; binary SHA256 9e3c2fc14f63c4b4c4e9fcc33b386cd22daf8fe76ce724c5e37f07875e9a3dd9,<DecodeFinished>,
-31.0,0.5,0.375,71,2026122871,0,,,,,0.4504161579998254,0,official WSJT-X 3.0.2; binary SHA256 9e3c2fc14f63c4b4c4e9fcc33b386cd22daf8fe76ce724c5e37f07875e9a3dd9,<DecodeFinished>,
-31.0,0.5,0.375,72,2026122872,0,,,,,0.5439388459999464,0,official WSJT-X 3.0.2; binary SHA256 9e3c2fc14f63c4b4c4e9fcc33b386cd22daf8fe76ce724c5e37f07875e9a3dd9,<DecodeFinished>,
-31.0,0.5,0.375,73,2026122873,0,,,,,0.4578068279997751,0,official WSJT-X 3.0.2; binary SHA256 9e3c2fc14f63c4b4c4e9fcc33b386cd22daf8fe76ce724c5e37f07875e9a3dd9,<DecodeFinished>,
-31.0,0.5,0.375,75,2026122875,1,K1ABC FN42 33,-30,0,10.140200,0.2720275310002762,0,official WSJT-X 3.0.2; binary SHA256 9e3c2fc14f63c4b4c4e9fcc33b386cd22daf8fe76ce724c5e37f07875e9a3dd9,"0000 -30  0.0  10.140200  0  K1ABC FN42 33 
<DecodeFinished>",
-31.0,0.5,0.375,78,2026122878,0,,,,,0.05322498299983636,0,official WSJT-X 3.0.2; binary SHA256 9e3c2fc14f63c4b4c4e9fcc33b386cd22daf8fe76ce724c5e37f07875e9a3dd9,<DecodeFinished>,
-31.0,0.5,0.375,74,2026122874,0,,,,,0.5380896819997361,0,official WSJT-X 3.0.2; binary SHA256 9e3c2fc14f63c4b4c4e9fcc33b386cd22daf8fe76ce724c5e37f07875e9a3dd9,<DecodeFinished>,
-31.0,0.5,0.375,76,2026122876,0,,,,,0.5263435329998174,0,official WSJT-X 3.0.2; binary SHA256 9e3c2fc14f63c4b4c4e9fcc33b386cd22daf8fe76ce724c5e37f07875e9a3dd9,<DecodeFinished>,
-31.0,0.5,0.375,77,2026122877,0,,,,,0.560157246000017,0,official WSJT-X 3.0.2; binary SHA256 9e3c2fc14f63c4b4c4e9fcc33b386cd22daf8fe76ce724c5e37f07875e9a3dd9,<DecodeFinished>,
-31.0,0.5,0.375,79,2026122879,0,,,,,0.5566581190000761,0,official WSJT-X 3.0.2; binary SHA256 9e3c2fc14f63c4b4c4e9fcc33b386cd22daf8fe76ce724c5e37f07875e9a3dd9,<DecodeFinished>,
-31.0,0.5,0.375,83,2026122883,0,,,,,0.050324056999670574,0,official WSJT-X 3.0.2; binary SHA256 9e3c2fc14f63c4b4c4e9fcc33b386cd22daf8fe76ce724c5e37f07875e9a3dd9,<DecodeFinished>,
-31.0,0.5,0.375,80,2026122880,0,,,,,0.5367382539998289,0,official WSJT-X 3.0.2; binary SHA256 9e3c2fc14f63c4b4c4e9fcc33b386cd22daf8fe76ce724c5e37f07875e9a3dd9,<DecodeFinished>,
-31.0,0.5,0.375,85,2026122885,0,,,,,0.04621038699997371,0,official WSJT-X 3.0.2; binary SHA256 9e3c2fc14f63c4b4c4e9fcc33b386cd22daf8fe76ce724c5e37f07875e9a3dd9,<DecodeFinished>,
-31.0,0.5,0.375,81,2026122881,0,,,,,0.55529828500039,0,official WSJT-X 3.0.2; binary SHA256 9e3c2fc14f63c4b4c4e9fcc33b386cd22daf8fe76ce724c5e37f07875e9a3dd9,<DecodeFinished>,
-31.0,0.5,0.375,82,2026122882,0,,,,,0.5276314840002669,0,official WSJT-X 3.0.2; binary SHA256 9e3c2fc14f63c4b4c4e9fcc33b386cd22daf8fe76ce724c5e37f07875e9a3dd9,<DecodeFinished>,
-31.0,0.5,0.375,88,2026122888,0,,,,,0.053780048999669816,0,official WSJT-X 3.0.2; binary SHA256 9e3c2fc14f63c4b4c4e9fcc33b386cd22daf8fe76ce724c5e37f07875e9a3dd9,<DecodeFinished>,
-31.0,0.5,0.375,84,2026122884,0,,,,,0.5407505709999896,0,official WSJT-X 3.0.2; binary SHA256 9e3c2fc14f63c4b4c4e9fcc33b386cd22daf8fe76ce724c5e37f07875e9a3dd9,<DecodeFinished>,
-31.0,0.5,0.375,86,2026122886,0,,,,,0.4464101799999298,0,official WSJT-X 3.0.2; binary SHA256 9e3c2fc14f63c4b4c4e9fcc33b386cd22daf8fe76ce724c5e37f07875e9a3dd9,<DecodeFinished>,
-31.0,0.5,0.375,87,2026122887,0,,,,,0.5271757710002021,0,official WSJT-X 3.0.2; binary SHA256 9e3c2fc14f63c4b4c4e9fcc33b386cd22daf8fe76ce724c5e37f07875e9a3dd9,<DecodeFinished>,
-31.0,0.5,0.375,90,2026122890,0,,,,,0.4385483659998499,0,official WSJT-X 3.0.2; binary SHA256 9e3c2fc14f63c4b4c4e9fcc33b386cd22daf8fe76ce724c5e37f07875e9a3dd9,<DecodeFinished>,
-31.0,0.5,0.375,89,2026122889,0,,,,,0.5373271909998039,0,official WSJT-X 3.0.2; binary SHA256 9e3c2fc14f63c4b4c4e9fcc33b386cd22daf8fe76ce724c5e37f07875e9a3dd9,<DecodeFinished>,
-31.0,0.5,0.375,91,2026122891,0,,,,,0.5580309609999858,0,official WSJT-X 3.0.2; binary SHA256 9e3c2fc14f63c4b4c4e9fcc33b386cd22daf8fe76ce724c5e37f07875e9a3dd9,<DecodeFinished>,
-31.0,0.5,0.375,92,2026122892,0,,,,,0.5198667599997862,0,official WSJT-X 3.0.2; binary SHA256 9e3c2fc14f63c4b4c4e9fcc33b386cd22daf8fe76ce724c5e37f07875e9a3dd9,<DecodeFinished>,
-31.0,0.5,0.375,93,2026122893,0,,,,,0.45149876899995434,0,official WSJT-X 3.0.2; binary SHA256 9e3c2fc14f63c4b4c4e9fcc33b386cd22daf8fe76ce724c5e37f07875e9a3dd9,<DecodeFinished>,
-31.0,0.5,0.375,94,2026122894,0,,,,,0.444154792000063,0,official WSJT-X 3.0.2; binary SHA256 9e3c2fc14f63c4b4c4e9fcc33b386cd22daf8fe76ce724c5e37f07875e9a3dd9,<DecodeFinished>,
-31.0,0.5,0.375,95,2026122895,0,,,,,0.5630713820000892,0,official WSJT-X 3.0.2; binary SHA256 9e3c2fc14f63c4b4c4e9fcc33b386cd22daf8fe76ce724c5e37f07875e9a3dd9,<DecodeFinished>,
-31.0,0.5,0.375,96,2026122896,0,,,,,0.5359575039997253,0,official WSJT-X 3.0.2; binary SHA256 9e3c2fc14f63c4b4c4e9fcc33b386cd22daf8fe76ce724c5e37f07875e9a3dd9,<DecodeFinished>,
-31.0,0.5,0.375,98,2026122898,0,,,,,0.5494635519999065,0,official WSJT-X 3.0.2; binary SHA256 9e3c2fc14f63c4b4c4e9fcc33b386cd22daf8fe76ce724c5e37f07875e9a3dd9,<DecodeFinished>,
-31.0,0.5,0.375,97,2026122897,0,,,,,0.5837392490002458,0,official WSJT-X 3.0.2; binary SHA256 9e3c2fc14f63c4b4c4e9fcc33b386cd22daf8fe76ce724c5e37f07875e9a3dd9,<DecodeFinished>,
-31.0,0.5,0.375,99,2026122899,0,,,,,0.5617101439997896,0,official WSJT-X 3.0.2; binary SHA256 9e3c2fc14f63c4b4c4e9fcc33b386cd22daf8fe76ce724c5e37f07875e9a3dd9,<DecodeFinished>,
-31.0,0.5,0.5,3,2026122803,1,K1ABC FN42 33,-32,0,10.140200,0.07234455200023149,0,official WSJT-X 3.0.2; binary SHA256 9e3c2fc14f63c4b4c4e9fcc33b386cd22daf8fe76ce724c5e37f07875e9a3dd9,"0000 -32 -0.1  10.140200  0  K1ABC FN42 33 
<DecodeFinished>",
-31.0,0.5,0.5,0,2026122800,0,,,,,0.5316529609999634,0,official WSJT-X 3.0.2; binary SHA256 9e3c2fc14f63c4b4c4e9fcc33b386cd22daf8fe76ce724c5e37f07875e9a3dd9,<DecodeFinished>,
-31.0,0.5,0.5,1,2026122801,0,,,,,0.5378467450000244,0,official WSJT-X 3.0.2; binary SHA256 9e3c2fc14f63c4b4c4e9fcc33b386cd22daf8fe76ce724c5e37f07875e9a3dd9,<DecodeFinished>,
-31.0,0.5,0.5,2,2026122802,0,,,,,0.5361364109999158,0,official WSJT-X 3.0.2; binary SHA256 9e3c2fc14f63c4b4c4e9fcc33b386cd22daf8fe76ce724c5e37f07875e9a3dd9,<DecodeFinished>,
-31.0,0.5,0.5,6,2026122806,0,,,,,0.04928912500008664,0,official WSJT-X 3.0.2; binary SHA256 9e3c2fc14f63c4b4c4e9fcc33b386cd22daf8fe76ce724c5e37f07875e9a3dd9,<DecodeFinished>,
-31.0,0.5,0.5,5,2026122805,0,,,,,0.43927146599980915,0,official WSJT-X 3.0.2; binary SHA256 9e3c2fc14f63c4b4c4e9fcc33b386cd22daf8fe76ce724c5e37f07875e9a3dd9,<DecodeFinished>,
-31.0,0.5,0.5,4,2026122804,0,,,,,0.5585510690002593,0,official WSJT-X 3.0.2; binary SHA256 9e3c2fc14f63c4b4c4e9fcc33b386cd22daf8fe76ce724c5e37f07875e9a3dd9,<DecodeFinished>,
-31.0,0.5,0.5,7,2026122807,0,,,,,0.5520043890001034,0,official WSJT-X 3.0.2; binary SHA256 9e3c2fc14f63c4b4c4e9fcc33b386cd22daf8fe76ce724c5e37f07875e9a3dd9,<DecodeFinished>,
-31.0,0.5,0.5,8,2026122808,0,,,,,0.562306843999977,0,official WSJT-X 3.0.2; binary SHA256 9e3c2fc14f63c4b4c4e9fcc33b386cd22daf8fe76ce724c5e37f07875e9a3dd9,<DecodeFinished>,
-31.0,0.5,0.5,11,2026122811,1,K1ABC FN42 33,-30,0,10.140200,0.17086693700002797,0,official WSJT-X 3.0.2; binary SHA256 9e3c2fc14f63c4b4c4e9fcc33b386cd22daf8fe76ce724c5e37f07875e9a3dd9,"0000 -30 -0.1  10.140200  0  K1ABC FN42 33 
<DecodeFinished>",
-31.0,0.5,0.5,9,2026122809,0,,,,,0.5559080989996801,0,official WSJT-X 3.0.2; binary SHA256 9e3c2fc14f63c4b4c4e9fcc33b386cd22daf8fe76ce724c5e37f07875e9a3dd9,<DecodeFinished>,
-31.0,0.5,0.5,14,2026122814,0,,,,,0.05651319299977331,0,official WSJT-X 3.0.2; binary SHA256 9e3c2fc14f63c4b4c4e9fcc33b386cd22daf8fe76ce724c5e37f07875e9a3dd9,<DecodeFinished>,
-31.0,0.5,0.5,10,2026122810,0,,,,,0.5363454700000148,0,official WSJT-X 3.0.2; binary SHA256 9e3c2fc14f63c4b4c4e9fcc33b386cd22daf8fe76ce724c5e37f07875e9a3dd9,<DecodeFinished>,
-31.0,0.5,0.5,12,2026122812,0,,,,,0.43545792299983077,0,official WSJT-X 3.0.2; binary SHA256 9e3c2fc14f63c4b4c4e9fcc33b386cd22daf8fe76ce724c5e37f07875e9a3dd9,<DecodeFinished>,
-31.0,0.5,0.5,13,2026122813,0,,,,,0.5649229949999608,0,official WSJT-X 3.0.2; binary SHA256 9e3c2fc14f63c4b4c4e9fcc33b386cd22daf8fe76ce724c5e37f07875e9a3dd9,<DecodeFinished>,
-31.0,0.5,0.5,17,2026122817,1,K1ABC FN42 33,-30,0,10.140200,0.2692397490000076,0,official WSJT-X 3.0.2; binary SHA256 9e3c2fc14f63c4b4c4e9fcc33b386cd22daf8fe76ce724c5e37f07875e9a3dd9,"0000 -30 -0.0  10.140200  0  K1ABC FN42 33 
<DecodeFinished>",
-31.0,0.5,0.5,15,2026122815,0,,,,,0.4256228290000763,0,official WSJT-X 3.0.2; binary SHA256 9e3c2fc14f63c4b4c4e9fcc33b386cd22daf8fe76ce724c5e37f07875e9a3dd9,<DecodeFinished>,
-31.0,0.5,0.5,16,2026122816,0,,,,,0.5280921150001632,0,official WSJT-X 3.0.2; binary SHA256 9e3c2fc14f63c4b4c4e9fcc33b386cd22daf8fe76ce724c5e37f07875e9a3dd9,<DecodeFinished>,
-31.0,0.5,0.5,19,2026122819,0,,,,,0.46042305299988584,0,official WSJT-X 3.0.2; binary SHA256 9e3c2fc14f63c4b4c4e9fcc33b386cd22daf8fe76ce724c5e37f07875e9a3dd9,<DecodeFinished>,
-31.0,0.5,0.5,20,2026122820,0,,,,,0.4325588870001411,0,official WSJT-X 3.0.2; binary SHA256 9e3c2fc14f63c4b4c4e9fcc33b386cd22daf8fe76ce724c5e37f07875e9a3dd9,<DecodeFinished>,
-31.0,0.5,0.5,18,2026122818,0,,,,,0.5315664150002704,0,official WSJT-X 3.0.2; binary SHA256 9e3c2fc14f63c4b4c4e9fcc33b386cd22daf8fe76ce724c5e37f07875e9a3dd9,<DecodeFinished>,
-31.0,0.5,0.5,21,2026122821,0,,,,,0.5301778570001261,0,official WSJT-X 3.0.2; binary SHA256 9e3c2fc14f63c4b4c4e9fcc33b386cd22daf8fe76ce724c5e37f07875e9a3dd9,<DecodeFinished>,
-31.0,0.5,0.5,22,2026122822,0,,,,,0.4467490690003615,0,official WSJT-X 3.0.2; binary SHA256 9e3c2fc14f63c4b4c4e9fcc33b386cd22daf8fe76ce724c5e37f07875e9a3dd9,<DecodeFinished>,
-31.0,0.5,0.5,26,2026122826,0,,,,,0.05381701099986458,0,official WSJT-X 3.0.2; binary SHA256 9e3c2fc14f63c4b4c4e9fcc33b386cd22daf8fe76ce724c5e37f07875e9a3dd9,<DecodeFinished>,
-31.0,0.5,0.5,23,2026122823,0,,,,,0.5578466740003023,0,official WSJT-X 3.0.2; binary SHA256 9e3c2fc14f63c4b4c4e9fcc33b386cd22daf8fe76ce724c5e37f07875e9a3dd9,<DecodeFinished>,
-31.0,0.5,0.5,24,2026122824,0,,,,,0.5353595000001405,0,official WSJT-X 3.0.2; binary SHA256 9e3c2fc14f63c4b4c4e9fcc33b386cd22daf8fe76ce724c5e37f07875e9a3dd9,<DecodeFinished>,
-31.0,0.5,0.5,28,2026122828,0,,,,,0.05017915100006576,0,official WSJT-X 3.0.2; binary SHA256 9e3c2fc14f63c4b4c4e9fcc33b386cd22daf8fe76ce724c5e37f07875e9a3dd9,<DecodeFinished>,
-31.0,0.5,0.5,25,2026122825,0,,,,,0.45004628800006685,0,official WSJT-X 3.0.2; binary SHA256 9e3c2fc14f63c4b4c4e9fcc33b386cd22daf8fe76ce724c5e37f07875e9a3dd9,<DecodeFinished>,
-31.0,0.5,0.5,27,2026122827,0,,,,,0.4531957039998815,0,official WSJT-X 3.0.2; binary SHA256 9e3c2fc14f63c4b4c4e9fcc33b386cd22daf8fe76ce724c5e37f07875e9a3dd9,<DecodeFinished>,
-31.0,0.5,0.5,29,2026122829,0,,,,,0.4526390410001113,0,official WSJT-X 3.0.2; binary SHA256 9e3c2fc14f63c4b4c4e9fcc33b386cd22daf8fe76ce724c5e37f07875e9a3dd9,<DecodeFinished>,
-31.0,0.5,0.5,30,2026122830,0,,,,,0.5316973819999475,0,official WSJT-X 3.0.2; binary SHA256 9e3c2fc14f63c4b4c4e9fcc33b386cd22daf8fe76ce724c5e37f07875e9a3dd9,<DecodeFinished>,
-31.0,0.5,0.5,31,2026122831,0,,,,,0.5213497979998465,0,official WSJT-X 3.0.2; binary SHA256 9e3c2fc14f63c4b4c4e9fcc33b386cd22daf8fe76ce724c5e37f07875e9a3dd9,<DecodeFinished>,
-31.0,0.5,0.5,32,2026122832,0,,,,,0.5327382639998177,0,official WSJT-X 3.0.2; binary SHA256 9e3c2fc14f63c4b4c4e9fcc33b386cd22daf8fe76ce724c5e37f07875e9a3dd9,<DecodeFinished>,
-31.0,0.5,0.5,33,2026122833,0,,,,,0.5492178280001099,0,official WSJT-X 3.0.2; binary SHA256 9e3c2fc14f63c4b4c4e9fcc33b386cd22daf8fe76ce724c5e37f07875e9a3dd9,<DecodeFinished>,
-31.0,0.5,0.5,37,2026122837,0,,,,,0.05149741000013819,0,official WSJT-X 3.0.2; binary SHA256 9e3c2fc14f63c4b4c4e9fcc33b386cd22daf8fe76ce724c5e37f07875e9a3dd9,<DecodeFinished>,
-31.0,0.5,0.5,38,2026122838,0,,,,,0.048912550000295596,0,official WSJT-X 3.0.2; binary SHA256 9e3c2fc14f63c4b4c4e9fcc33b386cd22daf8fe76ce724c5e37f07875e9a3dd9,<DecodeFinished>,
-31.0,0.5,0.5,34,2026122834,0,,,,,0.5610010450000118,0,official WSJT-X 3.0.2; binary SHA256 9e3c2fc14f63c4b4c4e9fcc33b386cd22daf8fe76ce724c5e37f07875e9a3dd9,<DecodeFinished>,
-31.0,0.5,0.5,35,2026122835,0,,,,,0.5415989009998157,0,official WSJT-X 3.0.2; binary SHA256 9e3c2fc14f63c4b4c4e9fcc33b386cd22daf8fe76ce724c5e37f07875e9a3dd9,<DecodeFinished>,
-31.0,0.5,0.5,36,2026122836,0,,,,,0.5350526759998502,0,official WSJT-X 3.0.2; binary SHA256 9e3c2fc14f63c4b4c4e9fcc33b386cd22daf8fe76ce724c5e37f07875e9a3dd9,<DecodeFinished>,
-31.0,0.5,0.5,39,2026122839,0,,,,,0.5164739910001117,0,official WSJT-X 3.0.2; binary SHA256 9e3c2fc14f63c4b4c4e9fcc33b386cd22daf8fe76ce724c5e37f07875e9a3dd9,<DecodeFinished>,
-31.0,0.5,0.5,40,2026122840,0,,,,,0.5600783849999971,0,official WSJT-X 3.0.2; binary SHA256 9e3c2fc14f63c4b4c4e9fcc33b386cd22daf8fe76ce724c5e37f07875e9a3dd9,<DecodeFinished>,
-31.0,0.5,0.5,41,2026122841,0,,,,,0.529474331000074,0,official WSJT-X 3.0.2; binary SHA256 9e3c2fc14f63c4b4c4e9fcc33b386cd22daf8fe76ce724c5e37f07875e9a3dd9,<DecodeFinished>,
-31.0,0.5,0.5,42,2026122842,0,,,,,0.4428014089999124,0,official WSJT-X 3.0.2; binary SHA256 9e3c2fc14f63c4b4c4e9fcc33b386cd22daf8fe76ce724c5e37f07875e9a3dd9,<DecodeFinished>,
-31.0,0.5,0.5,43,2026122843,0,,,,,0.508700281000074,0,official WSJT-X 3.0.2; binary SHA256 9e3c2fc14f63c4b4c4e9fcc33b386cd22daf8fe76ce724c5e37f07875e9a3dd9,<DecodeFinished>,
-31.0,0.5,0.5,47,2026122847,0,,,,,0.05520545499985019,0,official WSJT-X 3.0.2; binary SHA256 9e3c2fc14f63c4b4c4e9fcc33b386cd22daf8fe76ce724c5e37f07875e9a3dd9,<DecodeFinished>,
-31.0,0.5,0.5,44,2026122844,0,,,,,0.5146785880001516,0,official WSJT-X 3.0.2; binary SHA256 9e3c2fc14f63c4b4c4e9fcc33b386cd22daf8fe76ce724c5e37f07875e9a3dd9,<DecodeFinished>,
-31.0,0.5,0.5,45,2026122845,0,,,,,0.524298422999891,0,official WSJT-X 3.0.2; binary SHA256 9e3c2fc14f63c4b4c4e9fcc33b386cd22daf8fe76ce724c5e37f07875e9a3dd9,<DecodeFinished>,
-31.0,0.5,0.5,46,2026122846,0,,,,,0.5353923039997426,0,official WSJT-X 3.0.2; binary SHA256 9e3c2fc14f63c4b4c4e9fcc33b386cd22daf8fe76ce724c5e37f07875e9a3dd9,<DecodeFinished>,
-31.0,0.5,0.5,48,2026122848,0,,,,,0.5498485420002908,0,official WSJT-X 3.0.2; binary SHA256 9e3c2fc14f63c4b4c4e9fcc33b386cd22daf8fe76ce724c5e37f07875e9a3dd9,<DecodeFinished>,
-31.0,0.5,0.5,49,2026122849,0,,,,,0.5459432630000265,0,official WSJT-X 3.0.2; binary SHA256 9e3c2fc14f63c4b4c4e9fcc33b386cd22daf8fe76ce724c5e37f07875e9a3dd9,<DecodeFinished>,
-31.0,0.5,0.5,50,2026122850,0,,,,,0.5478716600000553,0,official WSJT-X 3.0.2; binary SHA256 9e3c2fc14f63c4b4c4e9fcc33b386cd22daf8fe76ce724c5e37f07875e9a3dd9,<DecodeFinished>,
-31.0,0.5,0.5,53,2026122853,0,,,,,0.05893661600021005,0,official WSJT-X 3.0.2; binary SHA256 9e3c2fc14f63c4b4c4e9fcc33b386cd22daf8fe76ce724c5e37f07875e9a3dd9,<DecodeFinished>,
-31.0,0.5,0.5,51,2026122851,0,,,,,0.5371214629999486,0,official WSJT-X 3.0.2; binary SHA256 9e3c2fc14f63c4b4c4e9fcc33b386cd22daf8fe76ce724c5e37f07875e9a3dd9,<DecodeFinished>,
-31.0,0.5,0.5,55,2026122855,0,,,,,0.4397420680002142,0,official WSJT-X 3.0.2; binary SHA256 9e3c2fc14f63c4b4c4e9fcc33b386cd22daf8fe76ce724c5e37f07875e9a3dd9,<DecodeFinished>,
-31.0,0.5,0.5,57,2026122857,0,,,,,0.04610154200008765,0,official WSJT-X 3.0.2; binary SHA256 9e3c2fc14f63c4b4c4e9fcc33b386cd22daf8fe76ce724c5e37f07875e9a3dd9,<DecodeFinished>,
-31.0,0.5,0.5,54,2026122854,0,,,,,0.5374305210002603,0,official WSJT-X 3.0.2; binary SHA256 9e3c2fc14f63c4b4c4e9fcc33b386cd22daf8fe76ce724c5e37f07875e9a3dd9,<DecodeFinished>,
-31.0,0.5,0.5,52,2026122852,0,,,,,0.5668698179997591,0,official WSJT-X 3.0.2; binary SHA256 9e3c2fc14f63c4b4c4e9fcc33b386cd22daf8fe76ce724c5e37f07875e9a3dd9,<DecodeFinished>,
-31.0,0.5,0.5,56,2026122856,0,,,,,0.5238990360003299,0,official WSJT-X 3.0.2; binary SHA256 9e3c2fc14f63c4b4c4e9fcc33b386cd22daf8fe76ce724c5e37f07875e9a3dd9,<DecodeFinished>,
-31.0,0.5,0.5,58,2026122858,0,,,,,0.5384540410000227,0,official WSJT-X 3.0.2; binary SHA256 9e3c2fc14f63c4b4c4e9fcc33b386cd22daf8fe76ce724c5e37f07875e9a3dd9,<DecodeFinished>,
-31.0,0.5,0.5,59,2026122859,0,,,,,0.538196464000066,0,official WSJT-X 3.0.2; binary SHA256 9e3c2fc14f63c4b4c4e9fcc33b386cd22daf8fe76ce724c5e37f07875e9a3dd9,<DecodeFinished>,
-31.0,0.5,0.5,60,2026122860,0,,,,,0.5375811140002043,0,official WSJT-X 3.0.2; binary SHA256 9e3c2fc14f63c4b4c4e9fcc33b386cd22daf8fe76ce724c5e37f07875e9a3dd9,<DecodeFinished>,
-31.0,0.5,0.5,62,2026122862,0,,,,,0.049512976999722014,0,official WSJT-X 3.0.2; binary SHA256 9e3c2fc14f63c4b4c4e9fcc33b386cd22daf8fe76ce724c5e37f07875e9a3dd9,<DecodeFinished>,
-31.0,0.5,0.5,63,2026122863,0,,,,,0.04660811799976727,0,official WSJT-X 3.0.2; binary SHA256 9e3c2fc14f63c4b4c4e9fcc33b386cd22daf8fe76ce724c5e37f07875e9a3dd9,<DecodeFinished>,
-31.0,0.5,0.5,61,2026122861,0,,,,,0.5439609869999913,0,official WSJT-X 3.0.2; binary SHA256 9e3c2fc14f63c4b4c4e9fcc33b386cd22daf8fe76ce724c5e37f07875e9a3dd9,<DecodeFinished>,
-31.0,0.5,0.5,66,2026122866,0,,,,,0.14499244400030875,0,official WSJT-X 3.0.2; binary SHA256 9e3c2fc14f63c4b4c4e9fcc33b386cd22daf8fe76ce724c5e37f07875e9a3dd9,<DecodeFinished>,
-31.0,0.5,0.5,68,2026122868,0,,,,,0.06311427399987224,0,official WSJT-X 3.0.2; binary SHA256 9e3c2fc14f63c4b4c4e9fcc33b386cd22daf8fe76ce724c5e37f07875e9a3dd9,<DecodeFinished>,
-31.0,0.5,0.5,64,2026122864,0,,,,,0.43338860399990153,0,official WSJT-X 3.0.2; binary SHA256 9e3c2fc14f63c4b4c4e9fcc33b386cd22daf8fe76ce724c5e37f07875e9a3dd9,<DecodeFinished>,
-31.0,0.5,0.5,65,2026122865,0,,,,,0.5663370419997591,0,official WSJT-X 3.0.2; binary SHA256 9e3c2fc14f63c4b4c4e9fcc33b386cd22daf8fe76ce724c5e37f07875e9a3dd9,<DecodeFinished>,
-31.0,0.5,0.5,67,2026122867,0,,,,,0.4503840219999802,0,official WSJT-X 3.0.2; binary SHA256 9e3c2fc14f63c4b4c4e9fcc33b386cd22daf8fe76ce724c5e37f07875e9a3dd9,<DecodeFinished>,
-31.0,0.5,0.5,69,2026122869,0,,,,,0.5533485000000837,0,official WSJT-X 3.0.2; binary SHA256 9e3c2fc14f63c4b4c4e9fcc33b386cd22daf8fe76ce724c5e37f07875e9a3dd9,<DecodeFinished>,
-31.0,0.5,0.5,70,2026122870,0,,,,,0.5373411300001862,0,official WSJT-X 3.0.2; binary SHA256 9e3c2fc14f63c4b4c4e9fcc33b386cd22daf8fe76ce724c5e37f07875e9a3dd9,<DecodeFinished>,
-31.0,0.5,0.5,71,2026122871,0,,,,,0.4279356099996221,0,official WSJT-X 3.0.2; binary SHA256 9e3c2fc14f63c4b4c4e9fcc33b386cd22daf8fe76ce724c5e37f07875e9a3dd9,<DecodeFinished>,
-31.0,0.5,0.5,75,2026122875,0,,,,,0.05677208899987818,0,official WSJT-X 3.0.2; binary SHA256 9e3c2fc14f63c4b4c4e9fcc33b386cd22daf8fe76ce724c5e37f07875e9a3dd9,<DecodeFinished>,
-31.0,0.5,0.5,72,2026122872,0,,,,,0.5545977239999047,0,official WSJT-X 3.0.2; binary SHA256 9e3c2fc14f63c4b4c4e9fcc33b386cd22daf8fe76ce724c5e37f07875e9a3dd9,<DecodeFinished>,
-31.0,0.5,0.5,73,2026122873,0,,,,,0.43147383299992725,0,official WSJT-X 3.0.2; binary SHA256 9e3c2fc14f63c4b4c4e9fcc33b386cd22daf8fe76ce724c5e37f07875e9a3dd9,<DecodeFinished>,
-31.0,0.5,0.5,74,2026122874,0,,,,,0.5825427820000186,0,official WSJT-X 3.0.2; binary SHA256 9e3c2fc14f63c4b4c4e9fcc33b386cd22daf8fe76ce724c5e37f07875e9a3dd9,<DecodeFinished>,
-31.0,0.5,0.5,76,2026122876,0,,,,,0.5472308579996934,0,official WSJT-X 3.0.2; binary SHA256 9e3c2fc14f63c4b4c4e9fcc33b386cd22daf8fe76ce724c5e37f07875e9a3dd9,<DecodeFinished>,
-31.0,0.5,0.5,77,2026122877,0,,,,,0.5565186489998268,0,official WSJT-X 3.0.2; binary SHA256 9e3c2fc14f63c4b4c4e9fcc33b386cd22daf8fe76ce724c5e37f07875e9a3dd9,<DecodeFinished>,
-31.0,0.5,0.5,78,2026122878,0,,,,,0.5465502229999402,0,official WSJT-X 3.0.2; binary SHA256 9e3c2fc14f63c4b4c4e9fcc33b386cd22daf8fe76ce724c5e37f07875e9a3dd9,<DecodeFinished>,
-31.0,0.5,0.5,79,2026122879,0,,,,,0.5467511080000804,0,official WSJT-X 3.0.2; binary SHA256 9e3c2fc14f63c4b4c4e9fcc33b386cd22daf8fe76ce724c5e37f07875e9a3dd9,<DecodeFinished>,
-31.0,0.5,0.5,80,2026122880,0,,,,,0.5322443919999387,0,official WSJT-X 3.0.2; binary SHA256 9e3c2fc14f63c4b4c4e9fcc33b386cd22daf8fe76ce724c5e37f07875e9a3dd9,<DecodeFinished>,
-31.0,0.5,0.5,81,2026122881,0,,,,,0.47661051399973076,0,official WSJT-X 3.0.2; binary SHA256 9e3c2fc14f63c4b4c4e9fcc33b386cd22daf8fe76ce724c5e37f07875e9a3dd9,<DecodeFinished>,
-31.0,0.5,0.5,85,2026122885,0,,,,,0.04295096299983925,0,official WSJT-X 3.0.2; binary SHA256 9e3c2fc14f63c4b4c4e9fcc33b386cd22daf8fe76ce724c5e37f07875e9a3dd9,<DecodeFinished>,
-31.0,0.5,0.5,86,2026122886,0,,,,,0.05171681699994224,0,official WSJT-X 3.0.2; binary SHA256 9e3c2fc14f63c4b4c4e9fcc33b386cd22daf8fe76ce724c5e37f07875e9a3dd9,<DecodeFinished>,
-31.0,0.5,0.5,82,2026122882,0,,,,,0.5360892469998362,0,official WSJT-X 3.0.2; binary SHA256 9e3c2fc14f63c4b4c4e9fcc33b386cd22daf8fe76ce724c5e37f07875e9a3dd9,<DecodeFinished>,
-31.0,0.5,0.5,84,2026122884,0,,,,,0.43649994399993375,0,official WSJT-X 3.0.2; binary SHA256 9e3c2fc14f63c4b4c4e9fcc33b386cd22daf8fe76ce724c5e37f07875e9a3dd9,<DecodeFinished>,
-31.0,0.5,0.5,83,2026122883,0,,,,,0.5313439460001064,0,official WSJT-X 3.0.2; binary SHA256 9e3c2fc14f63c4b4c4e9fcc33b386cd22daf8fe76ce724c5e37f07875e9a3dd9,<DecodeFinished>,
-31.0,0.5,0.5,87,2026122887,0,,,,,0.5512556209996546,0,official WSJT-X 3.0.2; binary SHA256 9e3c2fc14f63c4b4c4e9fcc33b386cd22daf8fe76ce724c5e37f07875e9a3dd9,<DecodeFinished>,
-31.0,0.5,0.5,88,2026122888,0,,,,,0.5400096030002715,0,official WSJT-X 3.0.2; binary SHA256 9e3c2fc14f63c4b4c4e9fcc33b386cd22daf8fe76ce724c5e37f07875e9a3dd9,<DecodeFinished>,
-31.0,0.5,0.5,90,2026122890,0,,,,,0.45952987200007556,0,official WSJT-X 3.0.2; binary SHA256 9e3c2fc14f63c4b4c4e9fcc33b386cd22daf8fe76ce724c5e37f07875e9a3dd9,<DecodeFinished>,
-31.0,0.5,0.5,89,2026122889,0,,,,,0.5279408490000606,0,official WSJT-X 3.0.2; binary SHA256 9e3c2fc14f63c4b4c4e9fcc33b386cd22daf8fe76ce724c5e37f07875e9a3dd9,<DecodeFinished>,
-31.0,0.5,0.5,92,2026122892,0,,,,,0.5423629560000336,0,official WSJT-X 3.0.2; binary SHA256 9e3c2fc14f63c4b4c4e9fcc33b386cd22daf8fe76ce724c5e37f07875e9a3dd9,<DecodeFinished>,
-31.0,0.5,0.5,91,2026122891,0,,,,,0.5474485109998568,0,official WSJT-X 3.0.2; binary SHA256 9e3c2fc14f63c4b4c4e9fcc33b386cd22daf8fe76ce724c5e37f07875e9a3dd9,<DecodeFinished>,
-31.0,0.5,0.5,93,2026122893,0,,,,,0.561676940000325,0,official WSJT-X 3.0.2; binary SHA256 9e3c2fc14f63c4b4c4e9fcc33b386cd22daf8fe76ce724c5e37f07875e9a3dd9,<DecodeFinished>,
-31.0,0.5,0.5,94,2026122894,0,,,,,0.5445395010001448,0,official WSJT-X 3.0.2; binary SHA256 9e3c2fc14f63c4b4c4e9fcc33b386cd22daf8fe76ce724c5e37f07875e9a3dd9,<DecodeFinished>,
-31.0,0.5,0.5,95,2026122895,0,,,,,0.45575947400038785,0,official WSJT-X 3.0.2; binary SHA256 9e3c2fc14f63c4b4c4e9fcc33b386cd22daf8fe76ce724c5e37f07875e9a3dd9,<DecodeFinished>,
-31.0,0.5,0.5,96,2026122896,0,,,,,0.5480240369997773,0,official WSJT-X 3.0.2; binary SHA256 9e3c2fc14f63c4b4c4e9fcc33b386cd22daf8fe76ce724c5e37f07875e9a3dd9,<DecodeFinished>,
-31.0,0.5,0.5,98,2026122898,0,,,,,0.5274461079998218,0,official WSJT-X 3.0.2; binary SHA256 9e3c2fc14f63c4b4c4e9fcc33b386cd22daf8fe76ce724c5e37f07875e9a3dd9,<DecodeFinished>,
-31.0,0.5,0.5,97,2026122897,0,,,,,0.6379546829998617,0,official WSJT-X 3.0.2; binary SHA256 9e3c2fc14f63c4b4c4e9fcc33b386cd22daf8fe76ce724c5e37f07875e9a3dd9,<DecodeFinished>,
-31.0,0.5,0.5,99,2026122899,0,,,,,0.5304381339997235,0,official WSJT-X 3.0.2; binary SHA256 9e3c2fc14f63c4b4c4e9fcc33b386cd22daf8fe76ce724c5e37f07875e9a3dd9,<DecodeFinished>,
