tau_seconds,symbol_index,symbol_center_time_seconds,x,raw_hz,constant_linear_fit_hz,residual_hz,normalized_thermal_residual,normalized_quadratic_residual
5,0,0.3413333333333333,-1.0,0.06598862933387606,0.8323254861542612,-0.7663368568203851,-1.0,1.0
5,1,1.024,-0.9876543209876543,0.18518973783127057,0.8338472052166144,-0.6486574673853438,-0.8464390843430056,0.9627329192546583
5,2,1.7066666666666666,-0.9753086419753086,0.28917807193077527,0.8353689242789676,-0.5461908523481923,-0.7127294576622577,0.9259316770186335
5,3,2.389333333333333,-0.9629629629629629,0.3798951278801884,0.8368906433413208,-0.4569955154611324,-0.5963376436796429,0.8895962732919253
5,4,3.072,-0.9506172839506173,0.4590346228186707,0.8384123624036739,-0.3793777395850032,-0.4950534953507034,0.8537267080745341
5,5,3.7546666666666666,-0.9382716049382716,0.5280741170303276,0.8399340814660271,-0.3118599644356995,-0.40694893069562177,0.8183229813664594
5,6,4.437333333333333,-0.9259259259259259,0.588302600478529,0.8414558005283803,-0.2531532000498513,-0.33034193487732205,0.783385093167702
5,7,5.12,-0.9135802469135802,0.6408445586705954,0.8429775195907335,-0.2021329609201381,-0.263765156433699,0.7489130434782607
5,8,5.802666666666666,-0.9012345679012346,0.6866809671704226,0.8444992386530867,-0.15781827148266414,-0.2059385113453492,0.7149068322981366
5,9,6.485333333333333,-0.8888888888888888,0.7266676067334732,0.84602095771544,-0.11935335098196675,-0.15574528344777358,0.6813664596273291
5,10,7.168,-0.8765432098765432,0.7615510410136994,0.847542676777793,-0.08599163576409363,-0.11221127497492718,0.6482919254658386
5,11,7.850666666666666,-0.8641975308641975,0.7919825551514188,0.8490643958401463,-0.05708184068872746,-0.07448661796793413,0.6156832298136645
5,12,8.533333333333333,-0.8518518518518519,0.818530315480142,0.8505861149024995,-0.03205579942235748,-0.041829906962012074,0.5835403726708074
5,13,9.216,-0.8395061728395061,0.8416899773780613,0.8521078339648527,-0.010417856586791396,-0.013594356703677564,0.5518633540372668
5,14,9.898666666666667,-0.8271604938271605,0.8618939393162595,0.8536295530272059,0.008264386289053571,0.010784273541720815,0.5206521739130434
5,15,10.581333333333333,-0.8148148148148148,0.8795194158797509,0.8551512720895591,0.02436814379019181,0.03179821454927522,0.48990683229813653
5,16,11.264,-0.8024691358024691,0.8948954804872994,0.8566729911519122,0.03822248933538719,0.049876877244266246,0.45962732919254656
5,17,11.946666666666665,-0.7901234567901234,0.9083092092998991,0.8581947102142654,0.0501144990856337,0.06539486994474493,0.4298136645962731
5,18,12.629333333333333,-0.7777777777777778,0.9200110410267011,0.8597164292766186,0.06029461175008244,0.07867899242149377,0.4004658385093167
5,19,13.312,-0.7654320987654321,0.9302194526977172,0.8612381483389718,0.06898130435874539,0.09001433735675499,0.3715838509316768
5,20,13.994666666666665,-0.7530864197530864,0.9391250387015094,0.862759867401325,0.07636517130018439,0.09964961311795935,0.34316770186335394
5,21,14.677333333333333,-0.7407407407407407,0.9468940692448324,0.8642815864636781,0.0826124827811543,0.10780178722438388,0.3152173913043476
5,22,15.36,-0.7283950617283951,0.9536715946718378,0.8658033055260314,0.08786828914580647,0.11466013720178037,0.2877329192546584
5,23,16.042666666666666,-0.7160493827160493,0.9595841536014952,0.8673250245883846,0.09225912901311062,0.12038978445575979,0.26071428571428557
5,24,16.72533333333333,-0.7037037037037037,0.9647421354450421,0.8688467436507378,0.09589539179430429,0.1251347771425019,0.23416149068322975
5,25,17.407999999999998,-0.691358024691358,0.969241841412438,0.870368462713091,0.09887337869934698,0.1290207795949987,0.20807453416149055
5,26,18.090666666666667,-0.6790123456790124,0.9731672824874874,0.8718901817754441,0.10127710071204332,0.1321574185172993,0.18245341614906826
5,27,18.773333333333333,-0.6666666666666666,0.9765917479404164,0.8734119008377973,0.10317984710261907,0.1346403297509707,0.1572981366459626
5,28,19.456,-0.654320987654321,0.9795791736625452,0.8749336199001505,0.1046455537623947,0.13655294382757535,0.13260869565217387
5,29,20.138666666666666,-0.6419753086419753,0.9821853358703151,0.8764553389625037,0.10572999690781137,0.13796804364401397,0.10838509316770169
5,30,20.82133333333333,-0.6296296296296297,0.9844588924655123,0.8779770580248569,0.1064818344406554,0.13894912334304277,0.08462732919254659
5,31,21.503999999999998,-0.6172839506172839,0.9864422914942276,0.87949877708721,0.10694351440701755,0.13955157376970986,0.061335403726707885
5,32,22.186666666666667,-0.6049382716049383,0.9881725636657752,0.8810204961495632,0.10715206751621198,0.13982371663656834,0.03850931677018626
5,33,22.869333333333334,-0.5925925925925926,0.989682013728162,0.8825422152119164,0.10713979851624555,0.13980770670587372,0.016149068322981196
5,34,23.552,-0.5802469135802469,0.9909988236083103,0.8840639342742697,0.1069348893340406,0.13954031883279774,-0.005745341614906957
5,35,24.234666666666666,-0.5679012345679012,0.9921475785778614,0.8855856533366229,0.10656192524123853,0.13905363456401607,-0.027173913043478375
5,36,24.917333333333332,-0.5555555555555556,0.9931497262682477,0.887107372398976,0.10604235386927174,0.13837564111068987,-0.04813664596273297
5,37,25.599999999999998,-0.5432098765432098,0.994023977104994,0.8886290914613292,0.10539488564366484,0.13753075387886166,-0.068633540372671
5,38,26.282666666666668,-0.5308641975308642,0.9947866536374891,0.8901508105236824,0.10463584311380669,0.13654027231308197,-0.08866459627329203
5,39,26.965333333333334,-0.5185185185185185,0.9954519952863268,0.8916725295860356,0.10377946570029117,0.13542277756401205,-0.1082298136645965
5,40,27.648,-0.5061728395061729,0.9960324241979519,0.8931942486483888,0.1028381755495631,0.1341944794045922,-0.1273291925465839
5,41,28.330666666666666,-0.49382716049382713,0.9965387771702013,0.894715967710742,0.10182280945945932,0.13286951887180948,-0.1459627329192548
5,42,29.013333333333332,-0.48148148148148145,0.9969805079788683,0.8962376867730951,0.10074282120577316,0.1314602322844892,-0.16413043478260889
5,43,29.695999999999998,-0.4691358024691358,0.9973658638827918,0.8977594058354483,0.09960645804734347,0.12997738156640604,-0.18183229813664617
5,44,30.378666666666664,-0.4567901234567901,0.9977020396028801,0.8992811248978015,0.09842091470507852,0.12843035517492607,-0.19906832298136662
5,45,31.061333333333334,-0.4444444444444444,0.997995311649905,0.9008028439601548,0.0971924676897502,0.12682734338657847,-0.21583850931677032
5,46,31.744,-0.43209876543209874,0.9982511555090142,0.902324563022508,0.09592659248650626,0.12517549121220153,-0.2321428571428573
5,47,32.42666666666666,-0.41975308641975306,0.9984743478688314,0.9038462820848611,0.09462806578397032,0.12348103179663372,-0.24798136645962754
5,48,33.10933333333333,-0.4074074074074074,0.998669055803797,0.9053680011472143,0.09330105465658267,0.12174940279356898,-0.26335403726708095
5,49,33.792,-0.3950617283950617,0.9988389145748121,0.9068897202095675,0.09194919436524462,0.1199853478883318,-0.27826086956521756
5,50,34.474666666666664,-0.38271604938271603,0.9989870955007508,0.9084114392719207,0.09057565622883013,0.11819300536403582,-0.2927018633540374
5,51,35.157333333333334,-0.37037037037037035,0.9991163651680209,0.9099331583342739,0.08918320683374703,0.11637598536468394,-0.3066770186335406
5,52,35.839999999999996,-0.35802469135802467,0.9992291370836387,0.9114548773966271,0.08777425968701158,0.11453743729773944,-0.3201863354037269
5,53,36.522666666666666,-0.345679012345679,0.999327516736195,0.9129765964589802,0.0863509202772148,0.11268010863459466,-0.3332298136645965
5,54,37.205333333333336,-0.3333333333333333,0.9994133409060167,0.9144983155213334,0.08491502538468332,0.1108063962067608,-0.3458074534161492
5,55,37.888,-0.32098765432098764,0.9994882119584569,0.9160200345836866,0.0834681773747703,0.10891839095549813,-0.35791925465838526
5,56,38.57066666666667,-0.30864197530864196,0.9995535277605806,0.9175417536460398,0.08201177411454075,0.1070179169703732,-0.36956521739130455
5,57,39.25333333333333,-0.2962962962962963,0.9996105077798004,0.9190634727083931,0.08054703507140737,0.10510656554560846,-0.380745341614907
5,58,39.936,-0.2839506172839506,0.999660215851733,0.9205851917707462,0.07907502408098688,0.10318572489006694,-0.3914596273291927
5,59,40.61866666666666,-0.2716049382716049,0.9997035800423578,0.9221069108330994,0.07759666920925845,0.10125660604556522,-0.4017080745341616
5,60,41.30133333333333,-0.25925925925925924,0.999741409975313,0.9236286298954526,0.07611278007986044,0.0993202654974219,-0.4114906832298138
5,61,41.984,-0.24691358024691357,0.999774411947834,0.9251503489578058,0.07462406299002822,0.09737762489938376,-0.4208074534161492
5,62,42.666666666666664,-0.2345679012345679,0.9998032021175541,0.926672068020159,0.07313113409739513,0.09542948828120333,-0.4296583850931679
5,63,43.349333333333334,-0.2222222222222222,0.999828318006369,0.9281937870825121,0.07163453092385685,0.09347655706013712,-0.43804347826086976
5,64,44.032,-0.20987654320987653,0.9998502285361469,0.9297155061448653,0.0701347223912816,0.091519443136636,-0.4459627329192548
5,65,44.714666666666666,-0.19753086419753085,0.9998693427836531,0.9312372252072185,0.06863211757643461,0.08955868031872659,-0.4534161490683231
5,66,45.39733333333333,-0.18518518518518517,0.9998860176181475,0.9327589442695717,0.06712707334857582,0.08759473428838245,-0.4604037267080747
5,67,46.08,-0.1728395061728395,0.9999005643642501,0.9342806633319249,0.06561990103232518,0.08562801129595839,-0.46692546583850947
5,68,46.76266666666667,-0.16049382716049382,0.9999132546144738,0.935802382394278,0.06411087222019574,0.08365886574501807,-0.4729813664596276
5,69,47.44533333333333,-0.14814814814814814,0.9999243252999456,0.9373241014566313,0.06260022384331432,0.08168760680916412,-0.47857142857142876
5,70,48.128,-0.13580246913580246,0.9999339831139883,0.9388458205189845,0.061088162595003825,0.07971450420441116,-0.4836956521739132
5,71,48.81066666666666,-0.12345679012345678,0.9999424083711526,0.9403675395813377,0.05957486878981488,0.07773979322487175,-0.4883540372670809
5,72,49.49333333333333,-0.1111111111111111,0.9999497583737482,0.9418892586436909,0.058060499730057336,0.07576367913577413,-0.49254658385093186
5,73,50.175999999999995,-0.09876543209876543,0.9999561703487305,0.9434109777060441,0.056545192642686426,0.07378634100583205,-0.49627329192546604
5,74,50.858666666666664,-0.08641975308641975,0.999961764009772,0.9449326967683972,0.055029067241374796,0.071807935050516,-0.49953416149068336
5,75,51.541333333333334,-0.07407407407407407,0.9999666437923558,0.9464544158307504,0.053512227961605374,0.06982859754864645,-0.502329192546584
5,76,52.224,-0.06172839506172839,0.9999709008036207,0.9479761348931036,0.051994765910517105,0.06784844738676545,-0.5046583850931678
5,77,52.906666666666666,-0.04938271604938271,0.9999746145233609,0.9494978539554568,0.050476760567904067,0.06586758827878596,-0.506521739130435
5,78,53.58933333333333,-0.037037037037037035,0.99997785428794,0.95101957301781,0.04895828127012991,0.06388611070236545,-0.5079192546583853
5,79,54.272,-0.024691358024691357,0.9999806805848234,0.9525412920801631,0.04743938850466023,0.06190409358815314,-0.5088509316770188
5,80,54.95466666666667,-0.012345679012345678,0.9999831461818995,0.9540630111425163,0.04592013503938319,0.059921605793450704,-0.5093167701863356
5,81,55.63733333333333,0.0,0.999985297112673,0.9555847302048696,0.044400566907803474,0.05793870738780104,-0.5093167701863356
5,82,56.32,0.012345679012345678,0.9999871735357259,0.9571064492672228,0.04288072426850309,0.05595545077450649,-0.5088509316770189
5,83,57.00266666666666,0.024691358024691357,0.9999888104844907,0.958628168329576,0.04136064215491475,0.053971881669015044,-0.5079192546583853
5,84,57.68533333333333,0.037037037037037035,0.9999902385213371,0.9601498873919291,0.03984035112940798,0.05198803995244327,-0.5065217391304349
5,85,58.367999999999995,0.04938271604938271,0.9999914843081805,0.9616716064542823,0.03831987785389823,0.050003960416169425,-0.5046583850931678
5,86,59.050666666666665,0.06172839506172839,0.9999925711042693,0.9631933255166355,0.03679924558763381,0.04801967341140015,-0.502329192546584
5,87,59.733333333333334,0.07407407407407407,0.9999935192004422,0.9647150445789887,0.035278474621453504,0.04603520541583727,-0.4995341614906834
5,88,60.416,0.08641975308641975,0.9999943462979654,0.9662367636413419,0.03375758265662343,0.044050579528025456,-0.49627329192546604
5,89,61.09866666666667,0.09876543209876543,0.9999950678390203,0.967758482703695,0.032236585135325235,0.042065815898609304,-0.4925465838509318
5,90,61.78133333333333,0.1111111111111111,0.9999956972950146,0.9692802017660482,0.030715495528966352,0.040080932106552045,-0.4883540372670809
5,91,62.464,0.12345679012345678,0.999996246418098,0.9708019208284014,0.02919432558969659,0.03809594348734187,-0.4836956521739132
5,92,63.14666666666666,0.13580246913580246,0.9999967254605782,0.9723236398907547,0.027673085569823508,0.03611086341930903,-0.47857142857142876
5,93,63.82933333333333,0.14814814814814814,0.9999971433663352,0.9738453589531079,0.026151784413227297,0.0341257035734049,-0.4729813664596276
5,94,64.512,0.16049382716049382,0.9999975079378063,0.9753670780154611,0.02463042992234521,0.032140474131101486,-0.46692546583850947
5,95,65.19466666666666,0.1728395061728395,0.9999978259816602,0.9768887970778142,0.02310902890384603,0.030155183974483364,-0.46040372670807467
5,96,65.87733333333333,0.18518518518518517,0.9999981034358799,0.9784105161401674,0.02158758729571253,0.028169840852078777,-0.45341614906832317
5,97,66.56,0.19753086419753085,0.9999983454806264,0.9799322352025206,0.020066110278105787,0.026184451523527472,-0.4459627329192548
5,98,67.24266666666666,0.20987654320987653,0.9999985566349544,0.9814539542648738,0.0185446023700806,0.02419902188578554,-0.43804347826086976
5,99,67.92533333333333,0.2222222222222222,0.9999987408411845,0.982975673327227,0.017023067513957435,0.022213557083223156,-0.42965838509316784
5,100,68.608,0.2345679012345679,0.9999989015385071,0.9844973923895801,0.015501509148927006,0.020228061603671854,-0.4208074534161492
5,101,69.29066666666667,0.24691358024691357,0.999999041727194,0.9860191114519333,0.013979930275260677,0.01824253936221328,-0.4114906832298138
5,102,69.97333333333333,0.25925925925925924,0.9999991640246139,0.9875408305142865,0.012458333510327324,0.01625699377427611,-0.4017080745341617
5,103,70.65599999999999,0.2716049382716049,0.9999992707140994,0.9890625495766397,0.010936721137459693,0.01427142781940221,-0.3914596273291927
5,104,71.33866666666667,0.2839506172839506,0.9999993637875785,0.990584268638993,0.009415095148585517,0.012285844096876365,-0.380745341614907
5,105,72.02133333333333,0.2962962962962963,0.9999994449827634,0.9921059877013461,0.007893457281417326,0.010300244874255609,-0.3695652173913045
5,106,72.704,0.30864197530864196,0.9999995158155947,0.9936277067636993,0.006371809051895383,0.008314632129704307,-0.3579192546583853
5,107,73.38666666666667,0.32098765432098764,0.9999995776085445,0.9951494258260525,0.00485015178249204,0.006329007588928774,-0.34580745341614927
5,108,74.06933333333333,0.3333333333333333,0.9999996315153077,0.9966711448884057,0.003328486626901994,0.00434337275739581,-0.3332298136645965
5,109,74.752,0.345679012345679,0.999999678542341,0.9981928639507589,0.001806814591582051,0.002357728948440143,-0.3201863354037268
5,110,75.43466666666666,0.35802469135802467,0.9999997195676544,0.999714583013112,0.00028513655454243114,0.0003720773077853696,-0.3066770186335405
5,111,76.11733333333333,0.37037037037037035,0.9999997553572042,1.0012363020754653,-0.0012365467182611223,-0.0016135811650658288,-0.2927018633540374
5,112,76.8,0.38271604938271603,0.9999997865791929,1.0027580211378184,-0.0027582345586255608,-0.0035992455981691597,-0.27826086956521756
5,113,77.48266666666666,0.3950617283950617,0.9999998138165452,1.0042797402001715,-0.004279926383626287,-0.005584915230860964,-0.26335403726708095
5,114,78.16533333333334,0.4074074074074074,0.9999998375777915,1.0058014592625248,-0.005801621684733305,-0.0075705893995557825,-0.24798136645962746
5,115,78.848,0.41975308641975306,0.9999998583065619,1.007323178324878,-0.007323320018316037,-0.009556267525356,-0.2321428571428573
5,116,79.53066666666666,0.43209876543209874,0.9999998763898695,1.0088448973872313,-0.00884502099736173,-0.011541949103245124,-0.21583850931677032
5,117,80.21333333333332,0.4444444444444444,0.9999998921653355,1.0103666164495844,-0.010366724284248896,-0.013527633692657772,-0.19906832298136662
5,118,80.896,0.4567901234567901,0.9999999059274929,1.0118883355119377,-0.011888429584444804,-0.01551332090925548,-0.18183229813664617
5,119,81.57866666666666,0.4691358024691358,0.9999999179332859,1.0134100545742908,-0.013410136641004877,-0.017499010417748914,-0.1641304347826088
5,120,82.26133333333333,0.48148148148148145,0.9999999284068664,1.0149317736366439,-0.01493184522977753,-0.01948470192564061,-0.1459627329192548
5,121,82.944,0.49382716049382713,0.9999999375437797,1.0164534926989972,-0.016453555155217514,-0.021470395177761777,-0.12732919254658398
5,122,83.62666666666667,0.5061728395061729,0.9999999455146148,1.0179752117613503,-0.01797526624673551,-0.02345608995150885,-0.10822981366459633
5,123,84.30933333333333,0.5185185185185185,0.9999999524681901,1.0194969308237036,-0.01949697835551356,-0.025441786052687904,-0.08866459627329203
5,124,84.99199999999999,0.5308641975308642,0.9999999585343308,1.0210186498860567,-0.02101869135172596,-0.027427483311888188,-0.06863354037267083
5,125,85.67466666666667,0.5432098765432098,0.999999963826294,1.0225403689484098,-0.02254040512211586,-0.029413181581319798,-0.04813664596273305
5,126,86.35733333333333,0.5555555555555556,0.9999999684428821,1.0240620880107631,-0.02406211956788107,-0.03139888073205485,-0.027173913043478288
5,127,87.03999999999999,0.5679012345679012,0.9999999724702886,1.0255838070731162,-0.02558383460282765,-0.03338458065161809,-0.005745341614906957
5,128,87.72266666666667,0.5802469135802469,0.9999999759837063,1.0271055261354696,-0.027105550151763302,-0.03537028124189038,0.016149068322981366
5,129,88.40533333333333,0.5925925925925926,0.999999979048732,1.0286272451978227,-0.028627266149090724,-0.03735598241727321,0.03850931677018626
5,130,89.088,0.6049382716049383,0.9999999817225906,1.0301489642601758,-0.030148982537585134,-0.03934168410309343,0.06133540372670805
5,131,89.77066666666667,0.6172839506172839,0.9999999840552041,1.031670683322529,-0.03167069926732502,-0.041327386234208015,0.08462732919254641
5,132,90.45333333333333,0.6296296296296297,0.9999999860901229,1.0331924023848822,-0.03319241629475933,-0.043313088753786776,0.10838509316770185
5,133,91.136,0.6419753086419753,0.9999999878653398,1.0347141214472355,-0.03471413358189568,-0.045298791612253114,0.13260869565217387
5,134,91.81866666666666,0.654320987654321,0.9999999894139986,1.0362358405095886,-0.03623585109559002,-0.047284494766357064,0.15729813664596276
5,135,92.50133333333333,0.6666666666666666,0.9999999907650133,1.0377575595719417,-0.03775756880692838,-0.049270198178368495,0.18245341614906826
5,136,93.184,0.6790123456790124,0.9999999919436078,1.039279278634295,-0.039279286690687254,-0.05125590181537305,0.20807453416149063
5,137,93.86666666666666,0.691358024691358,0.9999999929717868,1.0408009976966481,-0.04080100472486137,-0.05324160564865583,0.23416149068322967
5,138,94.54933333333334,0.7037037037037037,0.9999999938687468,1.0423227167590015,-0.04232272289025463,-0.055227309653167675,0.2607142857142858
5,139,95.232,0.7160493827160493,0.9999999946512342,1.0438444358213546,-0.04384444117012032,-0.057213013807055645,0.2877329192546583
5,140,95.91466666666666,0.7283950617283951,0.9999999953338585,1.0453661548837077,-0.04536615954984913,-0.05919871809125592,0.3152173913043479
5,141,96.59733333333332,0.7407407407407407,0.9999999959293643,1.046887873946061,-0.046887878016696694,-0.06118442248913825,0.3431677018633539
5,142,97.28,0.7530864197530864,0.99999999644887,1.048409593008414,-0.04840959655954402,-0.06317012698619338,0.37158385093167695
5,143,97.96266666666666,0.7654320987654321,0.9999999969020751,1.0499313120707674,-0.049931315168692314,-0.06515583156976525,0.40046583850931666
5,144,98.64533333333333,0.7777777777777778,0.9999999972974408,1.0514530311331205,-0.051453033835679673,-0.06714153622881183,0.42981366459627335
5,145,99.328,0.7901234567901234,0.9999999976423489,1.0529747501954736,-0.05297475255312467,-0.06912724095370106,0.45962732919254645
5,146,100.01066666666667,0.8024691358024691,0.9999999979432388,1.054496469257827,-0.054496471314588124,-0.07111294573603037,0.48990683229813664
5,147,100.69333333333333,0.8148148148148148,0.9999999982057284,1.05601818832018,-0.05601819011445164,-0.07309865056846827,0.5206521739130434
5,148,101.37599999999999,0.8271604938271605,0.9999999984347182,1.0575399073825333,-0.05753990894781513,-0.07508435544462062,0.5518633540372672
5,149,102.05866666666667,0.8395061728395061,0.9999999986344839,1.0590616264448864,-0.059061627810402584,-0.07707006035890757,0.5835403726708074
5,150,102.74133333333333,0.8518518518518519,0.9999999988087548,1.0605833455072395,-0.06058334669848475,-0.0790557653064628,0.6156832298136646
5,151,103.42399999999999,0.8641975308641975,0.9999999989607847,1.0621050645695929,-0.06210506560880813,-0.0810414702830408,0.6482919254658385
5,152,104.10666666666667,0.8765432098765432,0.9999999990934123,1.063626783631946,-0.06362678453853365,-0.08302717528493683,0.6813664596273292
5,153,104.78933333333333,0.8888888888888888,0.9999999992091135,1.0651485026942993,-0.06514850348518575,-0.0850128803089205,0.7149068322981367
5,154,105.472,0.9012345679012346,0.9999999993100487,1.0666702217566524,-0.0666702224466037,-0.08699858535217228,0.7489130434782609
5,155,106.15466666666666,0.9135802469135802,0.9999999993981021,1.0681919408190055,-0.06819194142090335,-0.08898429041223349,0.7833850931677017
5,156,106.83733333333333,0.9259259259259259,0.999999999474918,1.0697136598813588,-0.06971366040644078,-0.090969995486959,0.8183229813664598
5,157,107.52,0.9382716049382716,0.9999999995419304,1.071235378943712,-0.07123537940178148,-0.09295570057447688,0.8537267080745341
5,158,108.20266666666666,0.9506172839506173,0.9999999996003905,1.0727570980060652,-0.07275709840567468,-0.094941405673155,0.8895962732919258
5,159,108.88533333333334,0.9629629629629629,0.9999999996513897,1.0742788170684183,-0.07427881741702858,-0.09692711078156864,0.9259316770186334
5,160,109.568,0.9753086419753086,0.9999999996958804,1.0758005361307716,-0.07580053643489126,-0.09891281589847567,0.9627329192546583
5,161,110.25066666666666,0.9876543209876543,0.999999999734693,1.0773222551931247,-0.07732225545843174,-0.1008985210227917,1.0
15,0,0.3413333333333333,-1.0,0.022498600642196553,0.5694817602722125,-0.546983159630016,-1.0,1.0
15,1,1.024,-0.9876543209876543,0.06598862933387606,0.5731461260996927,-0.5071574967658167,-0.9271903308848892,0.9627329192546583
15,2,1.7066666666666666,-0.9753086419753086,0.10754374253914734,0.5768104919271728,-0.4692667493880255,-0.85791809332017,0.9259316770186335
15,3,2.389333333333333,-0.9629629629629629,0.14725002661049558,0.580474857754653,-0.43322483114415744,-0.7920259033883134,0.8895962732919253
15,4,3.072,-0.9506172839506173,0.18518973783127057,0.5841392235821332,-0.39894948575086264,-0.7293633793419078,0.8537267080745341
15,5,3.7546666666666666,-0.9382716049382716,0.221441472819347,0.5878035894096134,-0.3663621165902664,-0.6697868300700095,0.8183229813664594
15,6,4.437333333333333,-0.9259259259259259,0.2560803313493535,0.5914679552370935,-0.33538762388774,-0.6131589574249398,0.783385093167702
15,7,5.12,-0.9135802469135802,0.28917807193077527,0.5951323210645736,-0.3059542491337983,-0.5593485717928653,0.7489130434782607
15,8,5.802666666666666,-0.9012345679012346,0.32080326046422913,0.5987966868920538,-0.27799342642782465,-0.5082303203189322,0.7149068322981366
15,9,6.485333333333333,-0.8888888888888888,0.3510214122838704,0.602461052719534,-0.2514396404356636,-0.4596844272239377,0.6813664596273291
15,10,7.168,-0.8765432098765432,0.3798951278801884,0.6061254185470142,-0.22623029066682576,-0.41359644567457954,0.6482919254658386
15,11,7.850666666666666,-0.8641975308641975,0.4074842225843581,0.6097897843744943,-0.20230556179013615,-0.36985702069324644,0.6156832298136645
15,12,8.533333333333333,-0.8518518518518519,0.43384585048280244,0.6134541502019744,-0.17960829971917192,-0.3283616626161955,0.5835403726708074
15,13,9.216,-0.8395061728395061,0.4590346228186707,0.6171185160294546,-0.15808389321078387,-0.2890105306308025,0.5518633540372668
15,14,9.898666666666667,-0.8271604938271605,0.4831027211255148,0.6207828818569348,-0.13768016073141998,-0.2517082259434605,0.5206521739130434
15,15,10.581333333333333,-0.8148148148148148,0.5061000053275335,0.624447247684415,-0.11834724235688143,-0.21636359414964898,0.48990683229813653
15,16,11.264,-0.8024691358024691,0.5280741170303276,0.628111613511895,-0.10003749648156746,-0.18288953639675792,0.45962732919254656
15,17,11.946666666666665,-0.7901234567901234,0.5490705782161438,0.6317759793393752,-0.08270540112323144,-0.15120282894847087,0.4298136645962731
15,18,12.629333333333333,-0.7777777777777778,0.5691328855480682,0.6354403451668553,-0.06630745961878715,-0.12122395077690887,0.4004658385093167
15,19,13.312,-0.7654320987654321,0.588302600478529,0.6391047109943355,-0.05080211051580652,-0.09287691882537936,0.3715838509316768
15,20,13.994666666666665,-0.7530864197530864,0.6066194353487826,0.6427690768218157,-0.03614964147303312,-0.06608913060044672,0.34316770186335394
15,21,14.677333333333333,-0.7407407407407407,0.624121335657744,0.6464334426492959,-0.02231210699155195,-0.04079121376724659,0.3152173913043476
15,22,15.36,-0.7283950617283951,0.6408445586705954,0.650097808476776,-0.009253249806180586,-0.016916882436453,0.2877329192546584
15,23,16.042666666666666,-0.7160493827160493,0.656823748530017,0.6537621743042562,0.0030615742257608103,0.005597200154812234,0.26071428571428557
15,24,16.72533333333333,-0.7037037037037037,0.6720920080256431,0.6574265401317363,0.01466546789390677,0.026811552852608143,0.23416149068322975
15,25,17.407999999999998,-0.691358024691358,0.6866809671704226,0.6610909059592165,0.025590061211206105,0.04678400195815066,0.20807453416149055
15,26,18.090666666666667,-0.6790123456790124,0.7006208487259475,0.6647552717866967,0.035865576939250854,0.06556980102186442,0.18245341614906826
15,27,18.773333333333333,-0.6666666666666666,0.7139405308124929,0.6684196376141769,0.04552089319831598,0.083221745307674,0.1572981366459626
15,28,19.456,-0.654320987654321,0.7266676067334732,0.672084003441657,0.05458360329181622,0.09979028116466515,0.13260869565217387
15,29,20.138666666666666,-0.6419753086419753,0.7388284421382474,0.6757483692691372,0.06308007286911022,0.11532361053268643,0.10838509316770169
15,30,20.82133333333333,-0.6296296296296297,0.7504482296416928,0.6794127350966173,0.07103549454507552,0.12986779079839408,0.08462732919254659
15,31,21.503999999999998,-0.6172839506172839,0.7615510410136994,0.6830771009240975,0.07847394008960196,0.143466830208598,0.061335403726707885
15,32,22.186666666666667,-0.6049382716049383,0.7721598770466999,0.6867414667515777,0.0854184102951222,0.15616277903857212,0.03850931677018626
15,33,22.869333333333334,-0.5925925925925926,0.7822967152045425,0.6904058325790577,0.09189088262548473,0.16799581670419342,0.016149068322981196
15,34,23.552,-0.5802469135802469,0.7919825551514188,0.6940701984065379,0.09791235674488086,0.17900433499837473,-0.005745341614906957
15,35,24.234666666666666,-0.5679012345679012,0.8012374622551612,0.697734564234018,0.10350289802114321,0.18922501762422347,-0.027173913043478375
15,36,24.917333333333332,-0.5555555555555556,0.8100806091550359,0.7013989300614982,0.10868167909353765,0.1986929161896883,-0.04813664596273297
15,37,25.599999999999998,-0.5432098765432098,0.818530315480142,0.7050632958889784,0.11346701959116356,0.20744152282112965,-0.068633540372671
15,38,26.282666666666668,-0.5308641975308642,0.8266040858006998,0.7087276617164585,0.11787642408424126,0.21550283954623733,-0.08866459627329203
15,39,26.965333333333334,-0.5185185185185185,0.8343186458908457,0.7123920275439387,0.12192661834690699,0.2229074445900294,-0.1082298136645965
15,40,27.648,-0.5061728395061729,0.8416899773780613,0.7160563933714188,0.12563358400664248,0.22968455572128052,-0.1273291925465839
15,41,28.330666666666666,-0.49382716049382713,0.8487333508510115,0.719720759198899,0.12901259165211254,0.23586209078059686,-0.1459627329192548
15,42,29.013333333333332,-0.48148148148148145,0.8554633574943838,0.7233851250263792,0.13207823246800465,0.24146672551554144,-0.16413043478260889
15,43,29.695999999999998,-0.4691358024691358,0.8618939393162595,0.7270494908538594,0.13484444846240007,0.24652394884261153,-0.18183229813664617
15,44,30.378666666666664,-0.4567901234567901,0.8680384180306394,0.7307138566813395,0.13732456134929993,0.2510581156505575,-0.19906832298136662
15,45,31.061333333333334,-0.4444444444444444,0.8739095226549575,0.7343782225088197,0.1395313001461378,0.25509249725442723,-0.21583850931677032
15,46,31.744,-0.43209876543209874,0.8795194158797509,0.7380425883362998,0.14147682754345114,0.25864932960485887,-0.2321428571428573
15,47,32.42666666666666,-0.41975308641975306,0.8848797192651192,0.74170695416378,0.14317276510133925,0.2617498593524936,-0.24798136645962754
15,48,33.10933333333333,-0.4074074074074074,0.8900015373161659,0.7453713199912602,0.14463021732490577,0.2644143878629369,-0.26335403726708095
15,49,33.792,-0.3950617283950617,0.8948954804872995,0.7490356858187404,0.14585979466855914,0.2666623132734469,-0.27826086956521756
15,50,34.474666666666664,-0.38271604938271603,0.89957168716305,0.7527000516462204,0.14687163551682958,0.2685121706784808,-0.2927018633540374
15,51,35.157333333333334,-0.37037037037037035,0.9040398446609375,0.7563644174737006,0.1476754271872368,0.2699816705273444,-0.3066770186335406
15,52,35.839999999999996,-0.35802469135802467,0.9083092092998991,0.7600287833011807,0.14828042599871838,0.2710877353134903,-0.3201863354037269
15,53,36.522666666666666,-0.345679012345679,0.9123886255758553,0.7636931491286609,0.14869547644719439,0.27184653463147435,-0.3332298136645965
15,54,37.205333333333336,-0.3333333333333333,0.9162865444841318,0.7673575149561411,0.1489290295279907,0.27227351867419014,-0.3458074534161492
15,55,37.888,-0.32098765432098764,0.9200110410267011,0.7710218807836212,0.14898916024307984,0.27238345023977956,-0.35791925465838526
15,56,38.57066666666667,-0.30864197530864196,0.9235698309405076,0.7746862466111014,0.14888358432940618,0.27219043531452103,-0.36956521739130455
15,57,39.25333333333333,-0.2962962962962963,0.9269702866815337,0.7783506124385816,0.14861967424295208,0.2717079522950573,-0.380745341614907
15,58,39.936,-0.2839506172839506,0.9302194526977172,0.7820149782660617,0.14820447443165552,0.27094887991049355,-0.3914596273291927
15,59,40.61866666666666,-0.2716049382716049,0.9333240600223627,0.7856793440935419,0.14764471592882078,0.2699255239022147,-0.4017080745341616
15,60,41.30133333333333,-0.25925925925925924,0.9362905402182756,0.7893437099210221,0.14694683029725353,0.26864964251669027,-0.4114906832298138
15,61,41.984,-0.24691358024691357,0.9391250387015094,0.7930080757485022,0.14611696295300725,0.26713247086407926,-0.4208074534161492
15,62,42.666666666666664,-0.2345679012345679,0.941833427472324,0.7966724415759824,0.14516098589634163,0.26538474419309316,-0.4296583850931679
15,63,43.349333333333334,-0.2222222222222222,0.9444213172797322,0.8003368074034625,0.14408450987626975,0.26341672013034134,-0.43804347826086976
15,64,44.032,-0.20987654320987653,0.9468940692448323,0.8040011732309427,0.14289289601388966,0.2612381999302202,-0.4459627329192548
15,65,44.714666666666666,-0.19753086419753085,0.9492568059670079,0.8076655390584229,0.14159126690858503,0.2588585487793784,-0.4534161490683231
15,66,45.39733333333333,-0.18518518518518517,0.9515144221359997,0.811329904885903,0.14018451725009673,0.25628671519781104,-0.4604037267080747
15,67,46.08,-0.1728395061728395,0.9536715946718378,0.8149942707133832,0.13867732395845467,0.2535312495767825,-0.46692546583850947
15,68,46.76266666666667,-0.16049382716049382,0.9557327924136367,0.8186586365408633,0.13707415587277338,0.25060032189197834,-0.4729813664596276
15,69,47.44533333333333,-0.14814814814814814,0.9577022853773258,0.8223230023683434,0.1353792830089824,0.24750173862857877,-0.47857142857142876
15,70,48.128,-0.13580246913580246,0.9595841536014952,0.8259873681958236,0.13359678540567155,0.2442429589533205,-0.4836956521739132
15,71,48.81066666666666,-0.12345679012345678,0.9613822955996798,0.8296517340233038,0.13173056157637597,0.24083111016704725,-0.4883540372670809
15,72,49.49333333333333,-0.1111111111111111,0.9631004364365933,0.8333160998507839,0.12978433658580935,0.23727300246975896,-0.49254658385093186
15,73,50.175999999999995,-0.09876543209876543,0.9647421354450421,0.8369804656782641,0.12776166976677794,0.23357514306875007,-0.49627329192546604
15,74,50.858666666666664,-0.08641975308641975,0.966310793599506,0.8406448315057443,0.12566596209376169,0.229743749659063,-0.49953416149068336
15,75,51.541333333333334,-0.07407407407407407,0.9678096605616606,0.8443091973332244,0.12350046322843622,0.225784763304181,-0.502329192546584
15,76,52.224,-0.06172839506172839,0.969241841412438,0.8479735631607046,0.12126827825173336,0.22170386074364748,-0.5046583850931678
15,77,52.906666666666666,-0.04938271604938271,0.9706103030845697,0.8516379289881847,0.11897237409638506,0.217506466153106,-0.506521739130435
15,78,53.58933333333333,-0.037037037037037035,0.9719178805089412,0.8553022948156649,0.11661558569327635,0.2131977623811236,-0.5079192546583853
15,79,54.272,-0.024691358024691357,0.9731672824874874,0.8589666606431451,0.11420062184434232,0.20878270168607857,-0.5088509316770188
15,80,54.95466666666667,-0.012345679012345678,0.9743610973047977,0.8626310264706252,0.11173007083417252,0.2042660159953511,-0.5093167701863356
15,81,55.63733333333333,0.0,0.975501798090055,0.8662953922981054,0.10920640579194962,0.19965222670807226,-0.5093167701863356
15,82,56.32,0.012345679012345678,0.9765917479404164,0.8699597581255856,0.1066319898148308,0.19494565406174036,-0.5088509316770189
15,83,57.00266666666666,0.024691358024691357,0.9776332048164497,0.8736241239530657,0.104009080863384,0.19015042608210575,-0.5079192546583853
15,84,57.68533333333333,0.037037037037037035,0.9786283262197669,0.8772884897805459,0.10133983643922106,0.18527048713486569,-0.5065217391304349
15,85,58.367999999999995,0.04938271604938271,0.9795791736625452,0.880952855608026,0.09862631805451916,0.18030960609688756,-0.5046583850931678
15,86,59.050666666666665,0.06172839506172839,0.9804877169381939,0.8846172214355061,0.09587049550268778,0.1752713841638843,-0.502329192546584
15,87,59.733333333333334,0.07407407407407407,0.9813558382020158,0.8882815872629863,0.09307425093902943,0.17015926231071837,-0.4995341614906834
15,88,60.416,0.08641975308641975,0.9821853358703151,0.8919459530904664,0.09023938277984866,0.16497652841979146,-0.49627329192546604
15,89,61.09866666666667,0.09876543209876543,0.9829779283460309,0.8956103189179466,0.0873676094280843,0.1597263240922819,-0.4925465838509318
15,90,61.78133333333333,0.1111111111111111,0.9837352575786124,0.8992746847454268,0.08446057283318553,0.15441165115634525,-0.4883540372670809
15,91,62.464,0.12345679012345678,0.9844588924655123,0.9029390505729069,0.08151984189260542,0.14903537788575819,-0.4836956521739132
15,92,63.14666666666666,0.13580246913580246,0.985150332102345,0.9066034164003871,0.07854691570195793,0.14360024494188767,-0.47857142857142876
15,93,63.82933333333333,0.14814814814814814,0.9858110088884399,0.9102677822278673,0.07554322666057256,0.1381088710512964,-0.4729813664596276
15,94,64.512,0.16049382716049382,0.9864422914942276,0.9139321480553474,0.07251014343888018,0.13256375843074703,-0.46692546583850947
15,95,65.19466666666666,0.1728395061728395,0.9870454876966032,0.9175965138828276,0.06944897381377557,0.1269672979708396,-0.46040372670807467
15,96,65.87733333333333,0.18518518518518517,0.9876218470881412,0.9212608797103078,0.06636096737783337,0.1213217741890271,-0.45341614906832317
15,97,66.56,0.19753086419753085,0.9881725636657752,0.9249252455377879,0.06324731812798734,0.11562936996226421,-0.4459627329192548
15,98,67.24266666666666,0.20987654320987653,0.988698778304304,0.9285896113652681,0.060109166939035896,0.10989217104909453,-0.43804347826086976
15,99,67.92533333333333,0.2222222222222222,0.9892015811198496,0.9322539771927483,0.0569476039271013,0.10411217041055,-0.42965838509316784
15,100,68.608,0.2345679012345679,0.989682013728162,0.9359183430202284,0.05376367070793364,0.09829127233880444,-0.4208074534161492
15,101,69.29066666666667,0.24691358024691357,0.9901410714024501,0.9395827088477086,0.050558362554741554,0.09243129640214089,-0.4114906832298138
15,102,69.97333333333333,0.25925925925925924,0.9905797051352083,0.9432470746751886,0.047332630460019676,0.08653398121440496,-0.4017080745341617
15,103,70.65599999999999,0.2716049382716049,0.9909988236083103,0.9469114405026688,0.04408738310564142,0.08060098803674778,-0.3914596273291927
15,104,71.33866666666667,0.2839506172839506,0.9913992950754515,0.950575806330149,0.040823488745302505,0.0746339042191278,-0.380745341614907
15,105,72.02133333333333,0.2962962962962963,0.9917819491608401,0.9542401721576291,0.03754177700321093,0.06863424648869355,-0.3695652173913045
15,106,72.704,0.30864197530864196,0.9921475785778614,0.9579045379851093,0.03424304059275207,0.0626034640918641,-0.3579192546583853
15,107,73.38666666666667,0.32098765432098764,0.9924969407712786,0.9615689038125895,0.030928036958689065,0.05654294179661591,-0.34580745341614927
15,108,74.06933333333333,0.3333333333333333,0.9928307594863687,0.9652332696400696,0.02759748984629906,0.0504540027611933,-0.3332298136645965
15,109,74.752,0.345679012345679,0.9931497262682477,0.9688976354675498,0.0242520908006979,0.04433791127518847,-0.3201863354037268
15,110,75.43466666666666,0.35802469135802467,0.9934545018944877,0.97256200129503,0.020892500599457686,0.03819587537866714,-0.3066770186335405
15,111,76.11733333333333,0.37037037037037035,0.9937457177439966,0.9762263671225101,0.017519350621486462,0.032029049364767824,-0.2927018633540374
15,112,76.8,0.38271604938271603,0.994023977104994,0.9798907329499903,0.014133244155003721,0.02583853617095555,-0.27826086956521756
15,113,77.48266666666666,0.3950617283950617,0.9942898564247952,0.9835550987774704,0.010734757647324789,0.01962538966388996,-0.26335403726708095
15,114,78.16533333333334,0.4074074074074074,0.9945439065039894,0.9872194646049506,0.007324441899038803,0.01339061682263329,-0.24798136645962746
15,115,78.848,0.41975308641975306,0.9947866536374891,0.9908838304324308,0.0039028232050583034,0.007135179824728436,-0.2321428571428573
15,116,79.53066666666666,0.43209876543209874,0.9950186007048121,0.994548196259911,0.0004704044449010958,0.0008599980394630089,-0.21583850931677032
15,117,80.21333333333332,0.4444444444444444,0.9952402282118569,0.9982125620873911,-0.0029723338755341944,-0.0054340500675463315,-0.19906832298136662
15,118,80.896,0.4567901234567901,0.9954519952863268,1.0018769279148712,-0.0064249326285443775,-0.011746125114510392,-0.18183229813664617
15,119,81.57866666666666,0.4691358024691358,0.9956543406288679,1.0055412937423513,-0.009886953113483421,-0.01807542506458707,-0.1641304347826088
15,120,82.26133333333333,0.48148148148148145,0.99584768342189,1.0092056595698315,-0.013357976147941542,-0.024421183564366022,-0.1459627329192548
15,121,82.944,0.49382716049382713,0.9960324241979519,1.0128700253973117,-0.016837601199359842,-0.030782668356277982,-0.12732919254658398
15,122,83.62666666666667,0.5061728395061729,0.9962089456695128,1.016534391224792,-0.020325445555279154,-0.03715917976163554,-0.10822981366459633
15,123,84.30933333333333,0.5185185185185185,0.9963776135217665,1.0201987570522721,-0.023821143530505684,-0.04355004923116556,-0.08866459627329203
15,124,84.99199999999999,0.5308641975308642,0.9965387771702013,1.0238631228797521,-0.02732434570955078,-0.04995463796003006,-0.06863354037267083
15,125,85.67466666666667,0.5432098765432098,0.9966927704844566,1.0275274887072323,-0.030834718222775725,-0.05637233556446708,-0.04813664596273305
15,126,86.35733333333333,0.5555555555555556,0.9968399124799723,1.0311918545347125,-0.03435194205474024,-0.06280255881730651,-0.027173913043478288
15,127,87.03999999999999,0.5679012345679012,0.9969805079788683,1.0348562203621927,-0.037875712383324434,-0.06924475043974641,-0.005745341614906957
15,128,87.72266666666667,0.5802469135802469,0.9971148482414189,1.038520586189673,-0.04140573794825397,-0.07569837794688444,0.016149068322981366
15,129,88.40533333333333,0.5925925925925926,0.9972432115694335,1.0421849520171529,-0.04494174044771937,-0.08216293254461132,0.03850931677018626
15,130,89.088,0.6049382716049383,0.9973658638827918,1.045849317844633,-0.04848345396184128,-0.08863792807558445,0.06133540372670805
15,131,89.77066666666667,0.6172839506172839,0.9974830592703283,1.0495136836721133,-0.052030624401784964,-0.09512290001209346,0.08462732919254641
15,132,90.45333333333333,0.6296296296296297,0.9975950405162074,1.0531780494995935,-0.055583008983386084,-0.1016174044937378,0.10838509316770185
15,133,91.136,0.6419753086419753,0.9977020396028801,1.0568424153270737,-0.05914037572419362,-0.10812101740791556,0.13260869565217387
15,134,91.81866666666666,0.654320987654321,0.9978042781916624,1.0605067811545537,-0.06270250296289126,-0.11463333351122502,0.15729813664596276
15,135,92.50133333333333,0.6666666666666666,0.9979019680819339,1.0641711469820339,-0.06626917890009998,-0.1211539655899553,0.18245341614906826
15,136,93.184,0.6790123456790124,0.997995311649905,1.067835512809514,-0.0698402011596091,-0.12768254365792467,0.20807453416149063
15,137,93.86666666666666,0.691358024691358,0.9980845022678629,1.0714998786369943,-0.07341537636913131,-0.13421871419001288,0.23416149068322967
15,138,94.54933333333334,0.7037037037037037,0.9981697247047661,1.0751642444644745,-0.07699451975970839,-0.1407621393897906,0.2607142857142858
15,139,95.232,0.7160493827160493,0.9982511555090142,1.0788286102919546,-0.08057745478294043,-0.14731249648973416,0.2877329192546583
15,140,95.91466666666666,0.7283950617283951,0.9983289633741899,1.0824929761194348,-0.08416401274524499,-0.1538694770825746,0.3152173913043479
15,141,96.59733333333332,0.7407407407407407,0.998403309488527,1.0861573419469148,-0.08775403245838787,-0.1604327864823945,0.3431677018633539
15,142,97.28,0.7530864197530864,0.9984743478688314,1.089821707774395,-0.09134735990556364,-0.1670021431141532,0.37158385093167695
15,143,97.96266666666666,0.7654320987654321,0.9985422256795452,1.0934860736018752,-0.09494384792233002,-0.17357727793036778,0.40046583850931666
15,144,98.64533333333333,0.7777777777777778,0.998607083537615,1.0971504394293554,-0.09854335589174046,-0.1801579338537516,0.42981366459627335
15,145,99.328,0.7901234567901234,0.998669055803797,1.1008148052568356,-0.10214574945303867,-0.1867438652446465,0.45962732919254645
15,146,100.01066666666667,0.8024691358024691,0.9987282708610009,1.1044791710843156,-0.10575090022331468,-0.19333483739215204,0.48990683229813664
15,147,100.69333333333333,0.8148148148148148,0.9987848513802507,1.1081435369117958,-0.10935868553154504,-0.19993062602789485,0.5206521739130434
15,148,101.37599999999999,0.8271604938271605,0.9988389145748121,1.111807902739276,-0.11296898816446388,-0.2065310168614278,0.5518633540372672
15,149,102.05866666666667,0.8395061728395061,0.9988905724430137,1.1154722685667562,-0.11658169612374247,-0.21313580513630312,0.5835403726708074
15,150,102.74133333333333,0.8518518518518519,0.9989399320002649,1.1191366343942364,-0.12019670239397151,-0.21974479520589552,0.6156832298136646
15,151,103.42399999999999,0.8641975308641975,0.9989870955007508,1.1228010002217164,-0.12381390472096554,-0.22635780012809592,0.6482919254658385
15,152,104.10666666666667,0.8765432098765432,0.9990321606492644,1.1264653660491966,-0.1274332053999322,-0.2329746412780406,0.6813664596273292
15,153,104.78933333333333,0.8888888888888888,0.9990752208036131,1.1301297318766768,-0.13105451107306365,-0.23959514797806578,0.7149068322981367
15,154,105.472,0.9012345679012346,0.9991163651680209,1.133794097704157,-0.13467773253613602,-0.24621915714413067,0.7489130434782609
15,155,106.15466666666666,0.9135802469135802,0.9991556789779255,1.1374584635316372,-0.1383027845537117,-0.2528465129479688,0.7833850931677017
15,156,106.83733333333333,0.9259259259259259,0.999193243676553,1.1411228293591171,-0.14192958568256409,-0.259477066494271,0.8183229813664598
15,157,107.52,0.9382716049382716,0.9992291370836387,1.1447871951865973,-0.14555805810295863,-0.2661106755122321,0.8537267080745341
15,158,108.20266666666666,0.9506172839506173,0.999263433556638,1.1484515610140775,-0.14918812745743948,-0.272747204060819,0.8895962732919258
15,159,108.88533333333334,0.9629629629629629,0.9992962041447684,1.1521159268415577,-0.15281972269678934,-0.2793865222471527,0.9259316770186334
15,160,109.568,0.9753086419753086,0.999327516736195,1.155780292669038,-0.1564527759328429,-0.28602850595742085,0.9627329192546583
15,161,110.25066666666666,0.9876543209876543,0.9993574361986702,1.159444658496518,-0.16008722229784766,-0.29267303659975935,1.0
30,0,0.3413333333333333,-1.0,0.011313295650334232,0.3342939034530119,-0.3229806078026777,-1.0,1.0
30,1,1.024,-0.9876543209876543,0.03355736297174683,0.33927828806417815,-0.3057209250924313,-0.9465612414699801,0.9627329192546583
30,2,1.7066666666666666,-0.9753086419753086,0.05530096990583677,0.34426267267534433,-0.28896170276950756,-0.8946719889326802,0.9259316770186335
30,3,2.389333333333333,-0.9629629629629629,0.07655537611099583,0.34924705728651056,-0.27269168117551473,-0.8442973806715772,0.8895962732919253
30,4,3.072,-0.9506172839506173,0.09733158791905794,0.35423144189767675,-0.2568998539786188,-0.7954033393099862,0.8537267080745341
30,5,3.7546666666666666,-0.9382716049382716,0.11764036403479283,0.359215826508843,-0.24157546247405015,-0.7479565541645109,0.8183229813664594
30,6,4.437333333333333,-0.9259259259259259,0.13749222110716797,0.36420021112000917,-0.2267079900128412,-0.7019244639955181,0.783385093167702
30,7,5.12,-0.9135802469135802,0.15689743917526577,0.3691845957311754,-0.21228715655590963,-0.6572752401457016,0.7489130434782607
30,8,5.802666666666666,-0.9012345679012346,0.17586606699167473,0.3741689803423416,-0.19830291335066685,-0.6139777700580041,0.7149068322981366
30,9,6.485333333333333,-0.8888888888888888,0.19440792722611178,0.3791533649535078,-0.18474543772739604,-0.5720016411643659,0.6813664596273291
30,10,7.168,-0.8765432098765432,0.21253262155197084,0.38413774956467406,-0.17160512801270322,-0.5313171251369493,0.6482919254658386
30,11,7.850666666666666,-0.8641975308641975,0.23024953561843053,0.38912213417584024,-0.1588725985574097,-0.49189516249369253,0.6156832298136645
30,12,8.533333333333333,-0.8518518518518519,0.24756784391069675,0.3941065187870065,-0.14653867487630973,-0.45370734755021674,0.5835403726708074
30,13,9.216,-0.8395061728395061,0.26449651450089695,0.3990909033981727,-0.13459438889727576,-0.4167259137102903,0.5518633540372668
30,14,9.898666666666667,-0.8271604938271605,0.28104431369208493,0.4040752880093389,-0.12303097431725396,-0.38092371908724226,0.5206521739130434
30,15,10.581333333333333,-0.8148148148148148,0.29721981055776303,0.40905967262050513,-0.1118398620627421,-0.3462742324488712,0.48990683229813653
30,16,11.264,-0.8024691358024691,0.3130313813792711,0.4140440572316713,-0.1010126758524002,-0.3127515194785721,0.45962732919254656
30,17,11.946666666666665,-0.7901234567901234,0.32848721398334035,0.41902844184283755,-0.0905412278594972,-0.280330229345573,0.4298136645962731
30,18,12.629333333333333,-0.7777777777777778,0.34359531198205795,0.42401282645400373,-0.08041751447194578,-0.24898558157731934,0.4004658385093167
30,19,13.312,-0.7654320987654321,0.35836349891743924,0.42899721106516997,-0.07063371214773073,-0.21869335322721237,0.3715838509316768
30,20,13.994666666666665,-0.7530864197530864,0.3727994223127521,0.43398159567633615,-0.06118217336358406,-0.18942986633105477,0.34316770186335394
30,21,14.677333333333333,-0.7407407407407407,0.38691055763269255,0.4389659802875024,-0.052055422654809835,-0.16117197564571017,0.3152173913043476
30,22,15.36,-0.7283950617283951,0.4007042121544616,0.44395036489866857,-0.043246152744206956,-0.1338970566636243,0.2877329192546584
30,23,16.042666666666666,-0.7160493827160493,0.4141875287517489,0.4489347495098348,-0.034747220758085895,-0.10758299389700332,0.26071428571428557
30,24,16.72533333333333,-0.7037037037037037,0.4273674895935815,0.453919134121001,-0.026551644527419482,-0.08220816942558047,0.23416149068322975
30,25,17.407999999999998,-0.691358024691358,0.440250919759954,0.4589035187321672,-0.01865259897221322,-0.057751451702044196,0.20807453416149055
30,26,18.090666666666667,-0.6790123456790124,0.45284449077611166,0.4638879033433334,-0.011043412567221744,-0.03419218460932684,0.18245341614906826
30,27,18.773333333333333,-0.6666666666666666,0.4651547240673176,0.46887228795449964,-0.0037175638871820293,-0.011510176764089948,0.1572981366459626
30,28,19.456,-0.654320987654321,0.47718799433589243,0.4738566725656658,0.003331321770226603,0.010314308939135585,0.13260869565217387
30,29,20.138666666666666,-0.6419753086419753,0.48895053286227497,0.47884105717683206,0.010109475685442904,0.03130056554856446,0.10838509316770169
30,30,20.82133333333333,-0.6296296296296297,0.500448430731814,0.4838254417879983,0.016622988943815697,0.05146745204582492,0.08462732919254659
30,31,21.503999999999998,-0.6172839506172839,0.5116876419889616,0.4888098263991645,0.022877815589797068,0.07083340311184899,0.061335403726707885
30,32,22.186666666666667,-0.6049382716049383,0.5226739867205012,0.4937942110103307,0.02887977571017053,0.08941643867304377,0.03850931677018626
30,33,22.869333333333334,-0.5925925925925926,0.5334131540694085,0.49877859562149696,0.03463455844791152,0.107234173232689,0.016149068322981196
30,34,23.552,-0.5802469135802469,0.543910705180903,0.5037629802326631,0.04014772494823993,0.1243038249923904,-0.005745341614906957
30,35,24.234666666666666,-0.5679012345679012,0.5541720760822189,0.5087473648438293,0.04542471123838954,0.1406422247683099,-0.027173913043478375
30,36,24.917333333333332,-0.5555555555555556,0.5642025804975846,0.5137317494549956,0.05047083104258909,0.15626582470680045,-0.04813664596273297
30,37,25.599999999999998,-0.5432098765432098,0.5740074125998693,0.5187161340661618,0.05529127853370752,0.17119070680394308,-0.068633540372671
30,38,26.282666666666668,-0.5308641975308642,0.5835916497003208,0.523700518677328,0.059891131022992816,0.18543259123341177,-0.08866459627329203
30,39,26.965333333333334,-0.5185185185185185,0.5929602548777893,0.5286849032884942,0.0642753515892951,0.19900684448697176,-0.1082298136645965
30,40,27.648,-0.5061728395061729,0.6021180795487953,0.5336692878996604,0.06844879164913487,0.21192848733182484,-0.1273291925465839
30,41,28.330666666666666,-0.49382716049382713,0.6110698659797772,0.5386536725108266,0.07241619346895056,0.22421220258893262,-0.1459627329192548
30,42,29.013333333333332,-0.48148148148148145,0.6198202497428142,0.5436380571219929,0.07618219262082138,0.23587234273633004,-0.16413043478260889
30,43,29.695999999999998,-0.4691358024691358,0.6283737621161006,0.5486224417331591,0.07975132038294153,0.24692293734138038,-0.18183229813664617
30,44,30.378666666666664,-0.4567901234567901,0.6367348324304124,0.5536068263443252,0.08312800608608717,0.25737770032581503,-0.19906832298136662
30,45,31.061333333333334,-0.4444444444444444,0.6449077903627811,0.5585912109554915,0.08631657940728965,0.26725003706731537,-0.21583850931677032
30,46,31.744,-0.43209876543209874,0.6528968681785641,0.5635755955666577,0.08932127261190637,0.2765530513413253,-0.2321428571428573
30,47,32.42666666666666,-0.41975308641975306,0.6607062029230704,0.5685599801778239,0.09214622274524642,0.2852995521066775,-0.24798136645962754
30,48,33.10933333333333,-0.4074074074074074,0.6683398385638786,0.5735443647889902,0.0947954737748884,0.2935020601385545,-0.26335403726708095
30,49,33.792,-0.3950617283950617,0.6758017280849564,0.5785287494001563,0.09727297868480012,0.3011728145122206,-0.27826086956521756
30,50,34.474666666666664,-0.38271604938271603,0.6830957355336632,0.5835131340113225,0.09958260152234066,0.3083237789408701,-0.2927018633540374
30,51,35.157333333333334,-0.37037037037037035,0.6902256380217004,0.5884975186224888,0.10172811939921167,0.31496664797089496,-0.3066770186335406
30,52,35.839999999999996,-0.35802469135802467,0.6971951276810413,0.5934819032336549,0.1037132244473864,0.32111285303775616,-0.3201863354037269
30,53,36.522666666666666,-0.345679012345679,0.704007813575857,0.5984662878448211,0.10554152573103581,0.32677356838561505,-0.3332298136645965
30,54,37.205333333333336,-0.3333333333333333,0.7106672235714244,0.6034506724559874,0.10721655111543704,0.331959716853775,-0.3458074534161492
30,55,37.888,-0.32098765432098764,0.7171768061609888,0.6084350570671536,0.10874174909383516,0.3366819755329398,-0.35791925465838526
30,56,38.57066666666667,-0.30864197530864196,0.7235399322515232,0.6134194416783199,0.11012049057320339,0.340950781294215,-0.36956521739130455
30,57,39.25333333333333,-0.2962962962962963,0.7297598969093109,0.618403826289486,0.11135607061982489,0.3447763361937103,-0.380745341614907
30,58,39.936,-0.2839506172839506,0.7358399210662543,0.6233882109006522,0.11245171016560207,0.34816861275554817,-0.3914596273291927
30,59,40.61866666666666,-0.2716049382716049,0.7417831531877956,0.6283725955118185,0.11341055767597719,0.35113735913601485,-0.4017080745341616
30,60,41.30133333333333,-0.25925925925925924,0.7475926709033107,0.6333569801229847,0.11423569078032603,0.3536921041715216,-0.4114906832298138
30,61,41.984,-0.24691358024691357,0.7532714825998207,0.6383413647341509,0.11493011786566976,0.3558421623129936,-0.4208074534161492
30,62,42.666666666666664,-0.2345679012345679,0.7588225289798485,0.643325749345317,0.11549677963453142,0.35759663844924466,-0.4296583850931679
30,63,43.349333333333334,-0.2222222222222222,0.7642486845842259,0.6483101339564833,0.11593855062774261,0.3589644326218319,-0.43804347826086976
30,64,44.032,-0.20987654320987653,0.7695527592806378,0.6532945185676495,0.11625824071298829,0.35995424463383047,-0.4459627329192548
30,65,44.714666666666666,-0.19753086419753085,0.774737499718679,0.6582789031788158,0.11645859653986324,0.36057457855492253,-0.4534161490683231
30,66,45.39733333333333,-0.18518518518518517,0.779805590752171,0.6632632877899819,0.11654230296218915,0.3608337471251206,-0.4604037267080747
30,67,46.08,-0.1728395061728395,0.7847596568294825,0.6682476724011481,0.11651198442833433,0.36073987605942076,-0.46692546583850947
30,68,46.76266666666667,-0.16049382716049382,0.7896022633525652,0.6732320570123144,0.11637020634025086,0.3603009082556011,-0.4729813664596276
30,69,47.44533333333333,-0.14814814814814814,0.7943359180054179,0.6782164416234806,0.11611947638193731,0.3595246079073563,-0.47857142857142876
30,70,48.128,-0.13580246913580246,0.7989630720526579,0.6832008262346467,0.1157622458180112,0.35841856452488685,-0.4836956521739132
30,71,48.81066666666666,-0.12345679012345678,0.8034861216088792,0.688185210845813,0.11530091076306626,0.356990196865034,-0.4883540372670809
30,72,49.49333333333333,-0.1111111111111111,0.8079074088794502,0.6931695954569792,0.11473781342247102,0.3552467567729922,-0.49254658385093186
30,73,50.175999999999995,-0.09876543209876543,0.8122292233733963,0.6981539800681454,0.11407524330525087,0.35319533293758676,-0.49627329192546604
30,74,50.858666666666664,-0.08641975308641975,0.8164538030889933,0.7031383646793117,0.11331543840968161,0.35084285456206316,-0.49953416149068336
30,75,51.541333333333334,-0.07407407407407407,0.820583335672688,0.7081227492904778,0.11246058638221024,0.3481960949522923,-0.502329192546584
30,76,52.224,-0.06172839506172839,0.8246199595519432,0.713107133901644,0.11151282565029919,0.34526167502423866,-0.5046583850931678
30,77,52.906666666666666,-0.04938271604938271,0.8285657650425964,0.7180915185128103,0.1104742465297861,0.3420460667325248,-0.506521739130435
30,78,53.58933333333333,-0.037037037037037035,0.8324227954313035,0.7230759031239765,0.10934689230732697,0.3385555964218494,-0.5079192546583853
30,79,54.272,-0.024691358024691357,0.8361930480336303,0.7280602877351426,0.10813276029848762,0.3347964481030094,-0.5088509316770188
30,80,54.95466666666667,-0.012345679012345678,0.8398784752283371,0.7330446723463089,0.10683380288202826,0.3307746666552113,-0.5093167701863356
30,81,55.63733333333333,0.0,0.8434809854683943,0.7380290569574751,0.10545192851091922,0.32649616095633893,-0.5093167701863356
30,82,56.32,0.012345679012345678,0.8470024442692511,0.7430134415686414,0.10398900270060973,0.3219667069427925,-0.5088509316770189
30,83,57.00266666666666,0.024691358024691357,0.8504446751748694,0.7479978261798076,0.10244684899506185,0.3171919506004859,-0.5079192546583853
30,84,57.68533333333333,0.037037037037037035,0.853809460702024,0.7529822107909737,0.1008272499110503,0.31217741088855055,-0.5065217391304349
30,85,58.367999999999995,0.04938271604938271,0.8570985432633564,0.75796659540214,0.09913194786121649,0.3069284825972596,-0.5046583850931678
30,86,59.050666666666665,0.06172839506172839,0.8603136260696624,0.7629509800133062,0.09736264605635625,0.3014504391416563,-0.502329192546584
30,87,59.733333333333334,0.07407407407407407,0.8634563740118776,0.7679353646244724,0.09552100938740515,0.2957484352923223,-0.4995341614906834
30,88,60.416,0.08641975308641975,0.8665284145232218,0.7729197492356386,0.09360866528758327,0.28982750984471706,-0.49627329192546604
30,89,61.09866666666667,0.09876543209876543,0.8695313384219447,0.7779041338468048,0.09162720457513995,0.2836925882284513,-0.4925465838509318
30,90,61.78133333333333,0.1111111111111111,0.8724667007351112,0.782888518457971,0.0895781822771402,0.2773484850578622,-0.4883540372670809
30,91,62.464,0.12345679012345678,0.8753360215038537,0.7878729030691373,0.08746311843471644,0.27079990662520304,-0.4836956521739132
30,92,63.14666666666666,0.13580246913580246,0.8781407865705059,0.7928572876803035,0.08528349889020237,0.26405145333773605,-0.47857142857142876
30,93,63.82933333333333,0.14814814814814814,0.8808824483480282,0.7978416722914696,0.08304077605655857,0.25710762209999816,-0.4729813664596276
30,94,64.512,0.16049382716049382,0.8835624265721221,0.8028260569026359,0.08073636966948627,0.24997280864246652,-0.46692546583850947
30,95,65.19466666666666,0.1728395061728395,0.8861821090364225,0.8078104415138021,0.07837166752262037,0.24265130979783434,-0.46040372670807467
30,96,65.87733333333333,0.18518518518518517,0.888742852311149,0.8127948261249683,0.07594802618618068,0.23514732572607114,-0.45341614906832317
30,97,66.56,0.19753086419753085,0.8912459824455904,0.8177792107361345,0.07346677170945592,0.22746496208942624,-0.4459627329192548
30,98,67.24266666666666,0.20987654320987653,0.8936927956547814,0.8227635953473007,0.07092920030748073,0.21960823217849146,-0.43804347826086976
30,99,67.92533333333333,0.2222222222222222,0.8960845589907329,0.8277479799584669,0.06833657903226598,0.21158105899043833,-0.42965838509316784
30,100,68.608,0.2345679012345679,0.8984225109985582,0.8327323645696332,0.06569014642892501,0.2033872772604907,-0.4208074534161492
30,101,69.29066666666667,0.24691358024691357,0.9007078623578387,0.8377167491807993,0.06299111317703943,0.19503063544769636,-0.4114906832298138
30,102,69.97333333333333,0.25925925925925924,0.9029417965095597,0.8427011337919655,0.06024066271759421,0.18651479767601942,-0.4017080745341617
30,103,70.65599999999999,0.2716049382716049,0.9051254702689402,0.8476855184031318,0.057439951865808414,0.17784334563176274,-0.3914596273291927
30,104,71.33866666666667,0.2839506172839506,0.9072600144244756,0.852669903014298,0.054590111410177555,0.1690197804182997,-0.380745341614907
30,105,72.02133333333333,0.2962962962962963,0.9093465343235023,0.8576542876254643,0.05169224669803807,0.1600475243690761,-0.3695652173913045
30,106,72.704,0.30864197530864196,0.911386110444589,0.8626386722366304,0.04874743820795857,0.1509299228198258,-0.3579192546583853
30,107,73.38666666666667,0.32098765432098764,0.9133797989570478,0.8676230568477966,0.04575674210925118,0.14167024584090784,-0.34580745341614927
30,108,74.06933333333333,0.3333333333333333,0.91532863226786,0.8726074414589629,0.042721190808897136,0.13227168993067626,-0.3332298136645965
30,109,74.752,0.345679012345679,0.917233619556294,0.8775918260701291,0.03964179348616492,0.12273737967074404,-0.3201863354037268
30,110,75.43466666666666,0.35802469135802467,0.919095747296497,0.8825762106812953,0.036519536615201686,0.11307036934401025,-0.3066770186335405
30,111,76.11733333333333,0.37037037037037035,0.9209159797683285,0.8875605952924615,0.033355384475867056,0.10327364451628393,-0.2927018633540374
30,112,76.8,0.38271604938271603,0.9226952595567003,0.8925449799036277,0.030150279653072598,0.09335012358231941,-0.27826086956521756
30,113,77.48266666666666,0.3950617283950617,0.9244345080396827,0.8975293645147939,0.02690514352488882,0.08330265927707428,-0.26335403726708095
30,114,78.16533333333334,0.4074074074074074,0.926134625865629,0.90251374912596,0.02362087673966895,0.07313404015296153,-0.24798136645962746
30,115,78.848,0.41975308641975306,0.9277964934195646,0.9074981337371263,0.020298359682438316,0.06284699202386612,-0.2321428571428573
30,116,79.53066666666666,0.43209876543209874,0.9294209712790841,0.9124825183482925,0.016938452930791548,0.052444179376676246,-0.21583850931677032
30,117,80.21333333333332,0.4444444444444444,0.9310089006599901,0.9174669029594588,0.013541997700531327,0.04192820675105268,-0.19906832298136662
30,118,80.896,0.4567901234567901,0.932561103851907,0.922451287570625,0.010109816281282047,0.03130162008815884,-0.18183229813664617
30,119,81.57866666666666,0.4691358024691358,0.9340783846440937,0.9274356721817911,0.006642712462302525,0.02056690804904558,-0.1641304347826088
30,120,82.26133333333333,0.48148148148148145,0.9355615287416746,0.9324200567929574,0.003141471948717278,0.009726503303370259,-0.1459627329192548
30,121,82.944,0.49382716049382713,0.9370113041725093,0.9374044414041236,-0.00039313723161427117,-0.0012172162108706388,-0.12732919254658398
30,122,83.62666666666667,0.5061728395061729,0.9384284616849049,0.9423888260152898,-0.003960364330384936,-0.012261926055958404,-0.10822981366459633
30,123,84.30933333333333,0.5185185185185185,0.9398137351363819,0.9473732106264561,-0.007559475490074186,-0.023405354090771248,-0.08866459627329203
30,124,84.99199999999999,0.5308641975308642,0.9411678418736938,0.9523575952376222,-0.011189753363928356,-0.034645279294181784,-0.06863354037267083
30,125,85.67466666666667,0.5432098765432098,0.9424914831042962,0.9573419798487884,-0.014850496744492236,-0.045979530614930986,-0.04813664596273305
30,126,86.35733333333333,0.5555555555555556,0.9437853442594577,0.9623263644599547,-0.01854102020049697,-0.057405985847374635,-0.027173913043478288
30,127,87.03999999999999,0.5679012345679012,0.9450500953492027,0.9673107490711209,-0.02226065372191821,-0.06892257053252612,-0.005745341614906957
30,128,87.72266666666667,0.5802469135802469,0.9462863913092677,0.9722951336822871,-0.026008742373019422,-0.08052725688382271,0.016149068322981366
30,129,88.40533333333333,0.5925925925925926,0.9474948723402518,0.9772795182934533,-0.029784645953201516,-0.09221806273706129,0.03850931677018626
30,130,89.088,0.6049382716049383,0.948676164239136,0.9822639029046195,-0.03358773866548348,-0.10399305052396096,0.06133540372670805
30,131,89.77066666666667,0.6172839506172839,0.9498308787233454,0.9872482875157857,-0.037417408792440376,-0.11585032626881497,0.08462732919254641
30,132,90.45333333333333,0.6296296296296297,0.9509596137475187,0.9922326721269519,-0.04127305837943318,-0.12778803860771917,0.10838509316770185
30,133,91.136,0.6419753086419753,0.9520629538131524,0.9972170567381182,-0.0451541029249658,-0.1398043778298675,0.13260869565217387
30,134,91.81866666666666,0.654320987654321,0.9531414702712768,1.0022014413492843,-0.049059971078007525,-0.15189757494041348,0.15729813664596276
30,135,92.50133333333333,0.6666666666666666,0.9541957216183239,1.0071858259604505,-0.05299010434212659,-0.1640659007444201,0.18245341614906826
30,136,93.184,0.6790123456790124,0.9552262537853372,1.0121702105716168,-0.056943956786279615,-0.1763076649514173,0.20807453416149063
30,137,93.86666666666666,0.691358024691358,0.956233600420676,1.017154595182783,-0.060920994762106995,-0.188621215300103,0.23416149068322967
30,138,94.54933333333334,0.7037037037037037,0.9572182831663579,1.0221389797939493,-0.06492069662759137,-0.2010049367027451,0.2607142857142858
30,139,95.232,0.7160493827160493,0.9581808119281856,1.0271233644051154,-0.06894255247692982,-0.21345725040882238,0.2877329192546583
30,140,95.91466666666666,0.7283950617283951,0.9591216851397942,1.0321077490162818,-0.07298606387648754,-0.22597661318749443,0.3152173913043479
30,141,96.59733333333332,0.7407407407407407,0.9600413900207599,1.037092133627448,-0.07705074360668795,-0.23856151652845198,0.3431677018633539
30,142,97.28,0.7530864197530864,0.9609404028289001,1.042076518238614,-0.08113611540971388,-0.2512104858607589,0.37158385093167695
30,143,97.96266666666666,0.7654320987654321,0.9618191891068979,1.0470609028497804,-0.08524171374288247,-0.2639220797892615,0.40046583850931666
30,144,98.64533333333333,0.7777777777777778,0.962678203923377,1.0520452874609465,-0.0893670835375695,-0.276694889348179,0.42981366459627335
30,145,99.328,0.7901234567901234,0.9635178921085544,1.0570296720721126,-0.0935117799635582,-0.28952753727148983,0.45962732919254645
30,146,100.01066666666667,0.8024691358024691,0.9643386884845896,1.062014056683279,-0.09767536819868938,-0.3024186772797311,0.48990683229813664
30,147,100.69333333333333,0.8148148148148148,0.9651410180907518,1.066998441294445,-0.10185742320369329,-0.31536699338284185,0.5206521739130434
30,148,101.37599999999999,0.8271604938271605,0.9659252964035214,1.0719828259056112,-0.1060575295020898,-0.32837119919869856,0.5518633540372672
30,149,102.05866666666667,0.8395061728395061,0.9666919295517399,1.0769672105167776,-0.11027528096503769,-0.3414300372869738,0.5835403726708074
30,150,102.74133333333333,0.8518518518518519,0.9674413145269174,1.0819515951279437,-0.1145102806010263,-0.35454227849798775,0.6156832298136646
30,151,103.42399999999999,0.8641975308641975,0.9681738393888112,1.08693597973911,-0.11876214035029886,-0.3677067213362098,0.6482919254658385
30,152,104.10666666666667,0.8765432098765432,0.9688898834663767,1.0919203643502762,-0.12303048088389945,-0.3809221913380753,0.6813664596273292
30,153,104.78933333333333,0.8888888888888888,0.9695898175541989,1.0969047489614425,-0.1273149314072436,-0.3941875404638089,0.7149068322981367
30,154,105.472,0.9012345679012346,0.9702740041045034,1.1018891335726086,-0.13161512946810527,-0.4075016465029208,0.7489130434782609
30,155,106.15466666666666,0.9135802469135802,0.9709427974148477,1.1068735181837748,-0.1359307207689271,-0.4208634124930895,0.7833850931677017
30,156,106.83733333333333,0.9259259259259259,0.9715965438115904,1.1118579027949411,-0.14026135898335068,-0.43427176615210966,0.8183229813664598
30,157,107.52,0.9382716049382716,0.9722355818292316,1.1168422874061072,-0.1446067055768756,-0.4477256593226237,0.8537267080745341
30,158,108.20266666666666,0.9506172839506173,0.9728602423857187,1.1218266720172734,-0.1489664296315547,-0.4612240674293502,0.8895962732919258
30,159,108.88533333333334,0.9629629629629629,0.9734708489538084,1.1268110566284397,-0.1533402076746313,-0.4747659889485168,0.9259316770186334
30,160,109.568,0.9753086419753086,0.9740677177285731,1.1317954412396058,-0.1577277235110327,-0.48835044488923357,0.9627329192546583
30,161,110.25066666666666,0.9876543209876543,0.9746511577911388,1.136779825850772,-0.16212866805963322,-0.5019764782865366,1.0
60,0,0.3413333333333333,-1.0,0.005672737802253636,0.14702884773689212,-0.14135610993463849,-1.0,1.0
60,1,1.024,-0.9876543209876543,0.01692185609268415,0.15195217167834757,-0.13503031558566342,-0.9552492329344657,0.9627329192546583
60,2,1.7066666666666666,-0.9753086419753086,0.028043709782089477,0.1568754956198029,-0.12883178583771343,-0.9113987778616987,0.9259316770186335
60,3,2.389333333333333,-0.9629629629629629,0.039039738652526745,0.16179881956125836,-0.12275908090873161,-0.8684384492859493,0.8895962732919253
60,4,3.072,-0.9506172839506173,0.04991136619737313,0.16672214350271375,-0.11681077730534062,-0.8263581769429892,0.8537267080745341
60,5,3.7546666666666666,-0.9382716049382716,0.060659999805604325,0.17164546744416914,-0.11098546763856482,-0.7851480044964684,0.8183229813664594
60,6,4.437333333333333,-0.9259259259259259,0.07128703094398858,0.17656879138562454,-0.10528176044163595,-0.7447980882490123,0.783385093167702
60,7,5.12,-0.9135802469135802,0.08179383533721896,0.18149211532707998,-0.09969827998986103,-0.705298695867907,0.7489130434782607
60,8,5.802666666666666,-0.9012345679012346,0.0921817731460084,0.18641543926853538,-0.09423366612252698,-0.6666402051251947,0.7149068322981366
60,9,6.485333333333333,-0.8888888888888888,0.10245218914316978,0.19133876320999077,-0.08888657406682099,-0.6288131026520266,0.6813664596273291
60,10,7.168,-0.8765432098765432,0.11260641288770334,0.19626208715144616,-0.08365567426374282,-0.5918079827071097,0.6482919254658386
60,11,7.850666666666666,-0.8641975308641975,0.12264575889691542,0.2011854110929016,-0.07853965219598619,-0.555615545959082,0.6156832298136645
60,12,8.533333333333333,-0.8518518518518519,0.13257152681658924,0.20610873503435695,-0.07353720821776771,-0.5202265982826672,0.5835403726708074
60,13,9.216,-0.8395061728395061,0.14238500158923117,0.2110320589758124,-0.06864705738658122,-0.48563204956844713,0.5518633540372668
60,14,9.898666666666667,-0.8271604938271605,0.1520874536204131,0.2159553829172678,-0.0638679292968547,-0.4518229125460974,0.5206521739130434
60,15,10.581333333333333,-0.8148148148148148,0.16168013894323308,0.22087870685872318,-0.05919856791549011,-0.4187903016209407,0.48990683229813653
60,16,11.264,-0.8024691358024691,0.17116429938091537,0.22580203080017858,-0.0546377314192632,-0.38652543172365944,0.45962732919254656
60,17,11.946666666666665,-0.7901234567901234,0.18054116270757103,0.23072535474163403,-0.05018419203406299,-0.35501961717302216,0.4298136645962731
60,18,12.629333333333333,-0.7777777777777778,0.18981194280713942,0.23564867868308936,-0.04583673587594994,-0.324264270551477,0.4004658385093167
60,19,13.312,-0.7654320987654321,0.19897783983053208,0.2405720026245448,-0.041594162794012735,-0.2942509015934679,0.3715838509316768
60,20,13.994666666666665,-0.7530864197530864,0.20804004035099866,0.2454953265660002,-0.03745528621500155,-0.2649711160863189,0.34316770186335394
60,21,14.677333333333333,-0.7407407407407407,0.2169997175177346,0.2504186505074556,-0.033418932989720984,-0.23641661478356707,0.3152173913043476
60,22,15.36,-0.7283950617283951,0.2258580312077516,0.255341974448911,-0.029483943241159383,-0.20857919233057867,0.2877329192546584
60,23,16.042666666666666,-0.7160493827160493,0.23461612817603017,0.26026529839036644,-0.02564917021433627,-0.18145073620232027,0.26071428571428557
60,24,16.72533333333333,-0.7037037037037037,0.24327514220397217,0.26518862233182183,-0.02191348012784966,-0.1550232256531551,0.23416149068322975
60,25,17.407999999999998,-0.691358024691358,0.25183619424617576,0.2701119462732772,-0.018275752027101466,-0.129288730678511,0.20807453416149055
60,26,18.090666666666667,-0.6790123456790124,0.26030039257554805,0.2750352702147326,-0.014734877639184574,-0.10423941098830337,0.18245341614906826
60,27,18.773333333333333,-0.6666666666666666,0.268668832926777,0.27995859415618807,-0.011289761229411055,-0.07986751499196827,0.1572981366459626
60,28,19.456,-0.654320987654321,0.2769425986381804,0.2848819180976434,-0.007939319459463023,-0.05616537879497446,0.13260869565217387
60,29,20.138666666666666,-0.6419753086419753,0.285122760791949,0.28980524203909885,-0.004682481247149872,-0.033125425206699595,0.10838509316770169
60,30,20.82133333333333,-0.6296296296296297,0.2932103783528044,0.29472856598055425,-0.0015181876277498563,-0.010740162759514602,0.08462732919254659
60,31,21.503999999999998,-0.6172839506172839,0.30120649830508694,0.29965188992200964,0.001554608383077305,0.010997815261017998,0.061335403726707885
60,32,22.186666666666667,-0.6049382716049383,0.3091121557882939,0.30457521386346503,0.004536941924828841,0.03209583177498782,0.03850931677018626
60,33,22.869333333333334,-0.5925925925925926,0.316928374231083,0.3094985378049205,0.007429836426162517,0.0525611268561224,0.016149068322981196
60,34,23.552,-0.5802469135802469,0.3246561654837612,0.3144218617463759,0.01023430373738532,0.07240085866905611,-0.005745341614906957
60,35,24.234666666666666,-0.5679012345679012,0.3322965299492737,0.31934518568783127,0.012951344261442455,0.09162210439598978,-0.027173913043478375
60,36,24.917333333333332,-0.5555555555555556,0.33985045671271175,0.32426850962928666,0.015581947083425085,0.11023186115287133,-0.04813664596273297
60,37,25.599999999999998,-0.5432098765432098,0.3473189236693539,0.3291918335707421,0.018127090098611798,0.12823704689520365,-0.068633540372671
60,38,26.282666666666668,-0.5308641975308642,0.35470289765126084,0.33411515751219745,0.020587740139063393,0.14564450131361806,-0.08866459627329203
60,39,26.965333333333334,-0.5185185185185185,0.36200333455243616,0.3390384814536529,0.022964853098783267,0.16246098671930037,-0.1082298136645965
60,40,27.648,-0.5061728395061729,0.3692211794525718,0.34396180539510823,0.02525937405746359,0.17869318891941247,-0.1273291925465839
60,41,28.330666666666666,-0.49382716049382713,0.3763573667393939,0.3488851293365637,0.027472237402830224,0.19434771808260065,-0.1459627329192548
60,42,29.013333333333332,-0.48148148148148145,0.3834128202296241,0.35380845327801913,0.029604366951604955,0.20943110959472278,-0.16413043478260889
60,43,29.695999999999998,-0.4691358024691358,0.3903884532885722,0.35873177721947447,0.03165667606909772,0.2239498249048833,-0.18183229813664617
60,44,30.378666666666664,-0.4567901234567901,0.39728516894837607,0.3636551011609299,0.03363006778744615,0.23791025236189878,-0.19906832298136662
60,45,31.061333333333334,-0.4444444444444444,0.4041038600249044,0.3685784251023853,0.035525434922519084,0.2513187080413125,-0.21583850931677032
60,46,31.744,-0.43209876543209874,0.41084540923333557,0.3735017490438407,0.037343660189494865,0.26418143656303333,-0.2321428571428573
60,47,32.42666666666666,-0.41975308641975306,0.4175106893024305,0.37842507298529615,0.039085616317134364,0.2765046118997412,-0.24798136645962754
60,48,33.10933333333333,-0.4074074074074074,0.42410056308751143,0.3833483969267515,0.04075216616075994,0.28829433817613753,-0.26335403726708095
60,49,33.792,-0.3950617283950617,0.4306158836821635,0.38827172086820694,0.04234416281395659,0.2995566504591564,-0.27826086956521756
60,50,34.474666666666664,-0.38271604938271603,0.4370574945286714,0.39319504480966233,0.043862449719009045,0.31029751553923324,-0.2927018633540374
60,51,35.157333333333334,-0.37037037037037035,0.44342622952720845,0.3981183687511177,0.045307860776090725,0.32052283270274334,-0.3066770186335406
60,52,35.839999999999996,-0.35802469135802467,0.4497229131437884,0.4030416926925732,0.046681220451215255,0.33023843449568707,-0.3201863354037269
60,53,36.522666666666666,-0.345679012345679,0.4559483605169974,0.4079650166340285,0.047983343882968876,0.3394500874787503,-0.3332298136645965
60,54,37.205333333333336,-0.3333333333333333,0.4621033775635176,0.41288834057548396,0.049215036988033645,0.34816349297381016,-0.3458074534161492
60,55,37.888,-0.32098765432098764,0.46818876108245777,0.41781166451693935,0.05037709656551842,0.35638428780200754,-0.35791925465838526
60,56,38.57066666666667,-0.30864197530864196,0.4742052988585025,0.42273498845839474,0.051470310400107744,0.36411804501345607,-0.36956521739130455
60,57,39.25333333333333,-0.2962962962962963,0.48015376976389534,0.4276583123998502,0.05249545736404515,0.37137027460870614,-0.380745341614907
60,58,39.936,-0.2839506172839506,0.48603494385926804,0.43258163634130553,0.05345330751796251,0.378146424252045,-0.3914596273291927
60,59,40.61866666666666,-0.2716049382716049,0.4918495824933288,0.437504960282761,0.054344622210567795,0.38445187997672087,-0.4017080745341616
60,60,41.30133333333333,-0.25925925925925924,0.4975984384014225,0.4424282842242164,0.05517015417720611,0.3902919668821969,-0.4114906832298138
60,61,41.984,-0.24691358024691357,0.5032822558029768,0.44735160816567177,0.05593064763730504,0.3956719498235114,-0.4208074534161492
60,62,42.666666666666664,-0.2345679012345679,0.5089017704978449,0.45227493210712716,0.05662683839071775,0.400597034092841,-0.4296583850931679
60,63,43.349333333333334,-0.2222222222222222,0.5144577099615584,0.45719825604858255,0.05725945391297582,0.4050723660933508,-0.43804347826086976
60,64,44.032,-0.20987654320987653,0.5199507934395036,0.462121579990038,0.057829213449465566,0.40910303400542897,-0.4459627329192548
60,65,44.714666666666666,-0.19753086419753085,0.5253817320400309,0.4670449039314934,0.05833682810853752,0.4126940684453741,-0.4534161490683231
60,66,45.39733333333333,-0.18518518518518517,0.5307512288265116,0.4719682278729488,0.058783000953562814,0.4158504431166324,-0.4604037267080747
60,67,46.08,-0.1728395061728395,0.5360599789083533,0.4768915518144042,0.05916842709394915,0.418577075453675,-0.46692546583850947
60,68,46.76266666666667,-0.16049382716049382,0.5413086695309854,0.4818148757558596,0.05949379377512587,0.4208788272585822,-0.4729813664596276
60,69,47.44533333333333,-0.14814814814814814,0.5464979801648264,0.486738199697315,0.0597597804675114,0.42276050533042875,-0.47857142857142876
60,70,48.128,-0.13580246913580246,0.5516285825932457,0.4916615236387704,0.05996705895447524,0.42422686208755567,-0.4836956521739132
60,71,48.81066666666666,-0.12345679012345678,0.5567011409995275,0.4965848475802258,0.06011629341930169,0.42528259618278125,-0.4883540372670809
60,72,49.49333333333333,-0.1111111111111111,0.5617163120528558,0.5015081715216813,0.060208140531174514,0.42593235311168437,-0.49254658385093186
60,73,50.175999999999995,-0.09876543209876543,0.5666747449933206,0.5064314954631366,0.060243249530184007,0.42618072581397315,-0.49627329192546604
60,74,50.858666666666664,-0.08641975308641975,0.5715770817159677,0.511354819404592,0.06022226231137562,0.4260322552680725,-0.49953416149068336
60,75,51.541333333333334,-0.07407407407407407,0.5764239568538939,0.5162781433460474,0.060145813507846535,0.4254914310789771,-0.502329192546584
60,76,52.224,-0.06172839506172839,0.5812159978604046,0.5212014672875028,0.060014530572901736,0.4245626920594504,-0.5046583850931678
60,77,52.906666666666666,-0.04938271604938271,0.58595382509024,0.5261247912289583,0.05982903386128169,0.4232504268046565,-0.506521739130435
60,78,53.58933333333333,-0.037037037037037035,0.590638051879884,0.5310481151704136,0.05958993670947044,0.4215589742602861,-0.5079192546583853
60,79,54.272,-0.024691358024691357,0.5952692846269637,0.5359714391118691,0.05929784551509465,0.4194926242842515,-0.5088509316770188
60,80,54.95466666666667,-0.012345679012345678,0.5998481228687502,0.5408947630533244,0.05895335981542582,0.41705561820203746,-0.5093167701863356
60,81,55.63733333333333,0.0,0.6043751593597722,0.5458180869947798,0.0585570723649923,0.41425214935575444,-0.5093167701863356
60,82,56.32,0.012345679012345678,0.6088509801485514,0.5507414109362353,0.05810956921231614,0.41108636364700024,-0.5088509316770189
60,83,57.00266666666666,0.024691358024691357,0.6132761646534692,0.5556647348776906,0.0576114297757786,0.4075623600735581,-0.5079192546583853
60,84,57.68533333333333,0.037037037037037035,0.6176512857377758,0.5605880588191461,0.05706322691862975,0.40368419126003935,-0.5065217391304349
60,85,58.367999999999995,0.04938271604938271,0.6219769097837495,0.5655113827606014,0.05646552702314811,0.39945586398251304,-0.5046583850931678
60,86,59.050666666666665,0.06172839506172839,0.6262535967660189,0.5704347067020569,0.05581889006396201,0.394881339687206,-0.502329192546584
60,87,59.733333333333334,0.07407407407407407,0.6304819003240539,0.5753580306435123,0.055123869680541615,0.3899645350033351,-0.4995341614906834
60,88,60.416,0.08641975308641975,0.6346623678338376,0.5802813545849677,0.0543810132488699,0.3847093222501319,-0.49627329192546604
60,89,61.09866666666667,0.09876543209876543,0.6387955404787264,0.5852046785264231,0.05359086195230334,0.379119529938134,-0.4925465838509318
60,90,61.78133333333333,0.1111111111111111,0.6428819533195098,0.5901280024678784,0.05275395085163137,0.37319894326480985,-0.4883540372670809
60,91,62.464,0.12345679012345678,0.646922135363676,0.5950513264093339,0.05187080895434215,0.36695130460456676,-0.4836956521739132
60,92,63.14666666666666,0.13580246913580246,0.6509166096338954,0.5999746503507893,0.050941959283106075,0.3603803139932266,-0.47857142857142876
60,93,63.82933333333333,0.14814814814814814,0.6548658932357283,0.6048979742922447,0.049967918943483625,0.3534896296070134,-0.4729813664596276
60,94,64.512,0.16049382716049382,0.6587704974245665,0.6098212982337001,0.04894919919086638,0.3462828682361162,-0.46692546583850947
60,95,65.19466666666666,0.1728395061728395,0.6626309276718187,0.6147446221751555,0.047886305496663284,0.33876360575291287,-0.46040372670807467
60,96,65.87733333333333,0.18518518518518517,0.6664476837303465,0.6196679461166109,0.04677973761373555,0.330935377574878,-0.45341614906832317
60,97,66.56,0.19753086419753085,0.6702212596991588,0.6245912700580663,0.04562998964109255,0.3228016791222633,-0.4459627329192548
60,98,67.24266666666666,0.20987654320987653,0.673952144087377,0.6295145939995217,0.044437550087855326,0.31436596627059676,-0.43804347826086976
60,99,67.92533333333333,0.2222222222222222,0.6776408198774742,0.6344379179409771,0.04320290193649701,0.305631655798066,-0.42965838509316784
60,100,68.608,0.2345679012345679,0.6812877645877997,0.6393612418824325,0.04192652270536723,0.2966021258278372,-0.4208074534161492
60,101,69.29066666666667,0.24691358024691357,0.6848934503343967,0.6442845658238879,0.040608884510508814,0.2872807162653664,-0.4114906832298138
60,102,69.97333333333333,0.25925925925925924,0.6884583438921205,0.6492078897653433,0.03925045412677719,0.2776707292307787,-0.4017080745341617
60,103,70.65599999999999,0.2716049382716049,0.6919829067550636,0.6541312137067987,0.037851693048264856,0.2677754294863311,-0.3914596273291927
60,104,71.33866666666667,0.2839506172839506,0.6954675951963003,0.6590545376482542,0.036413057548046135,0.25759804485906646,-0.380745341614907
60,105,72.02133333333333,0.2962962962962963,0.6989128603269518,0.6639778615897095,0.03493499873724226,0.2471417666586596,-0.3695652173913045
60,106,72.704,0.30864197530864196,0.7023191481545864,0.668901185531165,0.03341796262342145,0.23640975009055887,-0.3579192546583853
60,107,73.38666666666667,0.32098765432098764,0.7056868996409569,0.6738245094726203,0.031862390168336585,0.2254051146644415,-0.34580745341614927
60,108,74.06933333333333,0.3333333333333333,0.7090165507590853,0.6787478334140757,0.030268717345009577,0.21413094459804743,-0.3332298136645965
60,109,74.752,0.345679012345679,0.7123085325497017,0.6836711573555312,0.028637375194170533,0.20259028921644873,-0.3201863354037268
60,110,75.43466666666666,0.35802469135802467,0.7155632711770454,0.6885944812969865,0.026968789880058908,0.19078616334680532,-0.3066770186335405
60,111,76.11733333333333,0.37037037037037035,0.7187811879840336,0.693517805238442,0.02526338274559159,0.17872154770864238,-0.2927018633540374
60,112,76.8,0.38271604938271603,0.7219626995468058,0.6984411291798973,0.023521570366908495,0.16639938929972403,-0.27826086956521756
60,113,77.48266666666666,0.3950617283950617,0.7251082177286536,0.7033644531213528,0.021743764607300875,0.1538226017775599,-0.26335403726708095
60,114,78.16533333333334,0.4074074074074074,0.7282181497333367,0.7082877770628082,0.01993037267052844,0.14099406583658836,-0.24798136645962746
60,115,78.848,0.41975308641975306,0.7312928981577984,0.7132111010042635,0.018081797153534862,0.12791662958110325,-0.2321428571428573
60,116,79.53066666666666,0.43209876543209874,0.7343328610442836,0.718134424945719,0.01619843609856464,0.11459310889394607,-0.21583850931677032
60,117,80.21333333333332,0.4444444444444444,0.7373384319318681,0.7230577488871743,0.014280683044693765,0.1010262878010508,-0.19906832298136662
60,118,80.896,0.4567901234567901,0.7403099999074032,0.7279810728286298,0.012328927078773422,0.08721891883183672,-0.18183229813664617
60,119,81.57866666666666,0.4691358024691358,0.7432479496558861,0.7329043967700852,0.01034355288580091,0.07317372337554887,-0.1641304347826088
60,120,82.26133333333333,0.48148148148148145,0.7461526615102585,0.7378277207115406,0.008324940798717928,0.05889339203354768,-0.1459627329192548
60,121,82.944,0.49382716049382713,0.7490245115006435,0.742751044652996,0.006273466847647513,0.04438058496762747,-0.12732919254658398
60,122,83.62666666666667,0.5061728395061729,0.7518638714030237,0.7476743685944515,0.004189502808572221,0.029637932244381944,-0.10822981366459633
60,123,84.30933333333333,0.5185185185185185,0.7546711087873706,0.7525976925359068,0.0020734162514638443,0.014668034175689819,-0.08866459627329203
60,124,84.99199999999999,0.5308641975308642,0.7574465870652278,0.7575210164773623,-7.442941213442467e-05,-0.0005265383446731804,-0.06863354037267083
60,125,85.67466666666667,0.5432098765432098,0.7601906655367565,0.7624443404188176,-0.002253674882061074,-0.015943243508208797,-0.04813664596273305
60,126,86.35733333333333,0.5555555555555556,0.7629036994372491,0.767367664360273,-0.004463964923023922,-0.031579568262652465,-0.027173913043478288
60,127,87.03999999999999,0.5679012345679012,0.7655860399831159,0.7722909883017284,-0.006704948318612458,-0.04743302798664135,-0.005745341614906957
60,128,87.72266666666667,0.5802469135802469,0.7682380344173526,0.7772143122431838,-0.008976277825831214,-0.06350116616806833,0.016149068322981366
60,129,88.40533333333333,0.5925925925925926,0.7708600260544917,0.7821376361846393,-0.011277610130147608,-0.0797815540860756,0.03850931677018626
60,130,89.088,0.6049382716049383,0.7734523543250471,0.7870609601260947,-0.013608605801047613,-0.0962717904966406,0.06133540372670805
60,131,89.77066666666667,0.6172839506172839,0.776015354819455,0.7919842840675501,-0.01596892924809501,-0.11296950132172473,0.08462732919254641
60,132,90.45333333333333,0.6296296296296297,0.7785493593315177,0.7969076080090054,-0.0183582486774877,-0.12987233934193826,0.10838509316770185
60,133,91.136,0.6419753086419753,0.7810546959013562,0.8018309319504608,-0.020776236049104613,-0.14697798389267586,0.13260869565217387
60,134,91.81866666666666,0.654320987654321,0.7835316888578765,0.8067542558919163,-0.0232225670340398,-0.16428414056369872,0.15729813664596276
60,135,92.50133333333333,0.6666666666666666,0.7859806588607559,0.8116775798333716,-0.025696920972615778,-0.1817885409021071,0.18245341614906826
60,136,93.184,0.6790123456790124,0.7884019229419539,0.8166009037748271,-0.0281989808328732,-0.19948894211868237,0.20807453416149063
60,137,93.86666666666666,0.691358024691358,0.7907957945467537,0.8215242277162824,-0.03072843316952867,-0.21738312679754104,0.23416149068322967
60,138,94.54933333333334,0.7037037037037037,0.7931625835743396,0.8264475516577379,-0.033284968083398314,-0.23546890260908368,0.2607142857142858
60,139,95.232,0.7160493827160493,0.7955025964179143,0.8313708755991933,-0.035868279181278995,-0.2537441020261812,0.2877329192546583
60,140,95.91466666666666,0.7283950617283951,0.7978161360043642,0.8362941995406488,-0.03847806353628458,-0.27220658204358067,0.3152173913043479
60,141,96.59733333333332,0.7407407407407407,0.8001035018334738,0.8412175234821041,-0.04111402164863032,-0.29085422390048077,0.3431677018633539
60,142,97.28,0.7530864197530864,0.8023649900166983,0.8461408474235594,-0.043775857406861185,-0.3096849328062484,0.37158385093167695
60,143,97.96266666666666,0.7654320987654321,0.804600893315496,0.8510641713650149,-0.046463278049518886,-0.32869663766923835,0.40046583850931666
60,144,98.64533333333333,0.7777777777777778,0.806811501179229,0.8559874953064703,-0.049175994127241385,-0.34788729082867254,0.42981366459627335
60,145,99.328,0.7901234567901234,0.8089970997826327,0.8609108192479257,-0.051913719465292996,-0.3672548677895659,0.45962732919254645
60,146,100.01066666666667,0.8024691358024691,0.811157972062863,0.8658341431893811,-0.054676171126518125,-0.3867973669606484,0.48990683229813664
60,147,100.69333333333333,0.8148148148148148,0.8132943977561246,0.8707574671308365,-0.057463069374711906,-0.4065128093952373,0.5206521739130434
60,148,101.37599999999999,0.8271604938271605,0.8154066534338832,0.8756807910722919,-0.06027413763840872,-0.4263992385350645,0.5518633540372672
60,149,102.05866666666667,0.8395061728395061,0.8174950125386703,0.8806041150137474,-0.06310910247507706,-0.4464547199569797,0.5835403726708074
60,150,102.74133333333333,0.8518518518518519,0.8195597454194808,0.8855274389552028,-0.06596769353572196,-0.46667734112253584,0.6156832298136646
60,151,103.42399999999999,0.8641975308641975,0.8216011193667718,0.890450762896658,-0.0688496435298862,-0.4870652111303963,0.6482919254658385
60,152,104.10666666666667,0.8765432098765432,0.8236193986470642,0.8953740868381135,-0.07175468819104924,-0.5076164604715553,0.6813664596273292
60,153,104.78933333333333,0.8888888888888888,0.8256148445371537,0.9002974107795689,-0.0746825662424152,-0.5283292407873109,0.7149068322981367
60,154,105.472,0.9012345679012346,0.8275877153579344,0.9052207347210244,-0.07763301936308997,-0.5492017246299904,0.7489130434782609
60,155,106.15466666666666,0.9135802469135802,0.8295382665078397,0.9101440586624797,-0.08060579215464003,-0.5702321052263766,0.7833850931677017
60,156,106.83733333333333,0.9259259259259259,0.831466750495905,0.9150673826039352,-0.08360063210803015,-0.591418596243814,0.8183229813664598
60,157,107.52,0.9382716049382716,0.8333734169744563,0.9199907065453905,-0.08661728957093418,-0.6127594315589546,0.8537267080745341
60,158,108.20266666666666,0.9506172839506173,0.8352585127714293,0.924914030486846,-0.08965551771541669,-0.6342528650291269,0.8895962732919258
60,159,108.88533333333334,0.9629629629629629,0.8371222819223219,0.9298373544283014,-0.09271507250597955,-0.6558971702662869,0.9259316770186334
60,160,109.568,0.9753086419753086,0.8389649657017865,0.9347606783697568,-0.09579571266797038,-0.6776906404135291,0.9627329192546583
60,161,110.25066666666666,0.9876543209876543,0.8407868026548638,0.9396840023112121,-0.09889719965634824,-0.6996315879241246,1.0
120,0,0.3413333333333333,-1.0,0.0028404028452886365,0.05161240336370859,-0.048772000518419956,-1.0,1.0
120,1,1.024,-0.9876543209876543,0.008497027786948164,0.055277602712573204,-0.04678057492562504,-0.9591686711304204,0.9627329192546583
120,2,1.7066666666666666,-0.9753086419753086,0.014121564178467994,0.058942802061437816,-0.04482123788296982,-0.9189952720114889,0.9259316770186335
120,3,2.389333333333333,-0.9629629629629629,0.019714194049779588,0.06260800141030243,-0.04289380736052284,-0.8794760703802365,0.8895962732919253
120,4,3.072,-0.9506172839506173,0.025275098398206075,0.06627320075916704,-0.040998102360960964,-0.8406073551458487,0.8537267080745341
120,5,3.7546666666666666,-0.9382716049382716,0.030804457194320567,0.06993840010803165,-0.039133942913711084,-0.8023854362695494,0.8183229813664594
120,6,4.437333333333333,-0.9259259259259259,0.03630244938777005,0.07360359945689626,-0.03730115006912621,-0.7648066446451895,0.783385093167702
120,7,5.12,-0.9135802469135802,0.04176925291306732,0.07726879880576087,-0.03549954589269355,-0.7278673319804929,0.7489130434782607
120,8,5.802666666666666,-0.9012345679012346,0.04720504469534914,0.08093399815462543,-0.03372895345927629,-0.6915638706789916,0.7149068322981366
120,9,6.485333333333333,-0.8888888888888888,0.05261000065610244,0.0845991975034901,-0.03198919684738766,-0.655892653722624,0.6813664596273291
120,10,7.168,-0.8765432098765432,0.05798429571885766,0.08826439685235465,-0.030280101133496995,-0.6208500945549889,0.6482919254658386
120,11,7.850666666666666,-0.8641975308641975,0.06332810381484988,0.09192959620121927,-0.028601492386369387,-0.5864326269652876,0.6156832298136645
120,12,8.533333333333333,-0.8518518518518519,0.06864159788864799,0.09559479555008388,-0.02695319766143589,-0.5526367049728942,0.5835403726708074
120,13,9.216,-0.8395061728395061,0.07392494990375165,0.09925999489894852,-0.02533504499519687,-0.5194588027126027,0.5518633540372668
120,14,9.898666666666667,-0.8271604938271605,0.07917833084815662,0.1029251942478131,-0.02374686339965648,-0.48689541432051553,0.5206521739130434
120,15,10.581333333333333,-0.8148148148148148,0.08440191073988856,0.10659039359667771,-0.02218848285678915,-0.4549430538205854,0.48990683229813653
120,16,11.264,-0.8024691358024691,0.08959585863250563,0.11025559294554232,-0.020659734313036693,-0.4235982550117876,0.45962732919254656
120,17,11.946666666666665,-0.7901234567901234,0.09476034262056932,0.11392079229440694,-0.01916044967383762,-0.39285757135595045,0.4298136645962731
120,18,12.629333333333333,-0.7777777777777778,0.09989552984508476,0.11758599164327152,-0.017690461798186757,-0.3627175758662086,0.4004658385093167
120,19,13.312,-0.7654320987654321,0.10500158649891012,0.12125119099213616,-0.016249604493226044,-0.33317486099609506,0.3715838509316768
120,20,13.994666666666665,-0.7530864197530864,0.11007867783213476,0.12491639034100074,-0.01483771250886598,-0.3042260385292613,0.34316770186335394
120,21,14.677333333333333,-0.7407407407407407,0.11512696815742796,0.12858158968986536,-0.0134546215324374,-0.27586773946981996,0.3152173913043476
120,22,15.36,-0.7283950617283951,0.12014662085535621,0.13224678903872997,-0.012100168183373755,-0.24809661393331256,0.2877329192546584
120,23,16.042666666666666,-0.7160493827160493,0.12513779837967065,0.13591198838759458,-0.010774190007923928,-0.22090933103830318,0.26071428571428557
120,24,16.72533333333333,-0.7037037037037037,0.13010066226256511,0.13957718773645916,-0.009476525473894049,-0.1943025787985671,0.23416149068322975
120,25,17.407999999999998,-0.691358024691358,0.13503537311990366,0.1432423870853238,-0.008207013965420146,-0.1682730640159114,0.20807453416149055
120,26,18.090666666666667,-0.6790123456790124,0.13994209065641872,0.1469075864341884,-0.00696549577776967,-0.14281751217358776,0.18245341614906826
120,27,18.773333333333333,-0.6666666666666666,0.14482097367087932,0.150572785783053,-0.005751812112173682,-0.11793266733033367,0.1572981366459626
120,28,19.456,-0.654320987654321,0.14967218006123095,0.1542379851319176,-0.004565805070686657,-0.09361529201498035,0.13260869565217387
120,29,20.138666666666666,-0.6419753086419753,0.1544958668297055,0.15790318448078222,-0.0034073176510767134,-0.069862167121684,0.10838509316770169
120,30,20.82133333333333,-0.6296296296296297,0.1592921900879024,0.1615683838296468,-0.002276193741744398,-0.046670091805742865,0.08462732919254659
120,31,21.503999999999998,-0.6172839506172839,0.1640613050618407,0.16523358317851145,-0.0011722781166707552,-0.024035883380014632,0.061335403726707885
120,32,22.186666666666667,-0.6049382716049383,0.168803366096983,0.16889878252737603,-9.54164303930416e-05,-0.0019563772119006112,0.03850931677018626
120,33,22.869333333333334,-0.5925925925925926,0.17351852666323064,0.17256398187624064,0.0009545447869900026,0.01957157337906398,0.016149068322981196
120,34,23.552,-0.5802469135802469,0.1782069393598904,0.17622918122510525,0.0019777581347851514,0.040551097223051204,-0.005745341614906957
120,35,24.234666666666666,-0.5679012345679012,0.18286875592061336,0.17989438057396986,0.002974375346643493,0.06098530540120343,-0.027173913043478375
120,36,24.917333333333332,-0.5555555555555556,0.187504127218305,0.18355957992283445,0.003944547295470557,0.08087729134630844,-0.04813664596273297
120,37,25.599999999999998,-0.5432098765432098,0.1921132032700088,0.1872247792716991,0.0048884239983097155,0.10023013094292658,-0.068633540372671
120,38,26.282666666666668,-0.5308641975308642,0.1966961332417606,0.19088997862056367,0.005806154621196935,0.11904688262693053,-0.08866459627329203
120,39,26.965333333333334,-0.5185185185185185,0.2012530654534167,0.1945551779694283,0.006697887483988391,0.1373305874844885,-0.1082298136645965
120,40,27.648,-0.5061728395061729,0.2057841473834533,0.1982203773182929,0.007563770065160402,0.15508426935048025,-0.1273291925465839
120,41,28.330666666666666,-0.49382716049382713,0.21028952567374026,0.2018855766671575,0.008403949006582756,0.17231093490636695,-0.1459627329192548
120,42,29.013333333333332,-0.48148148148148145,0.21476934613428655,0.20555077601602212,0.009218570118264435,0.18901357377749584,-0.16413043478260889
120,43,29.695999999999998,-0.4691358024691358,0.219223753747959,0.20921597536488673,0.010007778383072263,0.20519515862984905,-0.18183229813664617
120,44,30.378666666666664,-0.4567901234567901,0.22365289267517463,0.21288117471375134,0.010771717961423288,0.2208586452662544,-0.19906832298136662
120,45,31.061333333333334,-0.4444444444444444,0.22805690625856645,0.21654637406261595,0.011510532195950496,0.23600697272204896,-0.21583850931677032
120,46,31.744,-0.43209876543209874,0.2324359370276221,0.22021157341148054,0.01222436361614157,0.2506430633601904,-0.2321428571428573
120,47,32.42666666666666,-0.41975308641975306,0.2367901267032969,0.22387677276034518,0.012913353942951733,0.2647698229658364,-0.24798136645962754
120,48,33.10933333333333,-0.4074074074074074,0.24111961620260036,0.22754197210920976,0.0135776440933906,0.27839014084039193,-0.26335403726708095
120,49,33.792,-0.3950617283950617,0.24542454564315674,0.23120717145807437,0.014217374185082371,0.29150688989500906,-0.27826086956521756
120,50,34.474666666666664,-0.38271604938271603,0.24970505434773949,0.23487237080693898,0.014832683540800501,0.30412292674356406,-0.2927018633540374
120,51,35.157333333333334,-0.37037037037037035,0.2539612808487809,0.23853757015580357,0.015423710692977322,0.3162410917951207,-0.3066770186335406
120,52,35.839999999999996,-0.35802469135802467,0.2581933628928549,0.24220276950466818,0.015990593388186702,0.32786420934584093,-0.3201863354037269
120,53,36.522666666666666,-0.345679012345679,0.26240143744513533,0.2458679688535328,0.01653346859160254,0.33899508767039943,-0.3332298136645965
120,54,37.205333333333336,-0.3333333333333333,0.2665856406938283,0.2495331682023974,0.01705247249143088,0.3496365191128585,-0.3458074534161492
120,55,37.888,-0.32098765432098764,0.27074610805458,0.253198367551262,0.017547740503317977,0.35979128017704826,-0.35791925465838526
120,56,38.57066666666667,-0.30864197530864196,0.2748829741748594,0.2568635669001266,0.01801940727473278,0.3694621316164241,-0.36956521739130455
120,57,39.25333333333333,-0.2962962962962963,0.2789963729383155,0.26052876624899124,0.018467606689324234,0.37865181852340635,-0.380745341614907
120,58,39.936,-0.2839506172839506,0.28308643746911033,0.26419396559785585,0.01889247187125448,0.3873630704182263,-0.3914596273291927
120,59,40.61866666666666,-0.2716049382716049,0.28715330013622753,0.26785916494672046,0.019294135189507067,0.39559860133726027,-0.4017080745341616
120,60,41.30133333333333,-0.25925925925925924,0.2911970925577566,0.2715243642955851,0.019672728262171535,0.4033611099208785,-0.4114906832298138
120,61,41.984,-0.24691358024691357,0.2952179456051516,0.2751895636444497,0.02002838196070189,0.41065327950075936,-0.4208074534161492
120,62,42.666666666666664,-0.2345679012345679,0.2992159894074672,0.27885476299331424,0.020361226414152944,0.4174777781867492,-0.4296583850931679
120,63,43.349333333333334,-0.2222222222222222,0.30319135335557035,0.2825199623421789,0.020671391013391438,0.4238372589532056,-0.43804347826086976
120,64,44.032,-0.20987654320987653,0.30714416610632744,0.28618516169104347,0.020959004415283977,0.42973435972486485,-0.4459627329192548
120,65,44.714666666666666,-0.19753086419753085,0.3110745555867681,0.2898503610399081,0.02122419454686003,0.4351717034621983,-0.4534161490683231
120,66,45.39733333333333,-0.18518518518518517,0.3149826489982255,0.2935155603887727,0.02146708860945279,0.44015189824631473,-0.4604037267080747
120,67,46.08,-0.1728395061728395,0.3188685728204529,0.2971807597376373,0.021687813082815588,0.44467753736336174,-0.46692546583850947
120,68,46.76266666666667,-0.16049382716049382,0.3227324528157173,0.3008459590865019,0.02188649372921536,0.4487511993884562,-0.4729813664596276
120,69,47.44533333333333,-0.14814814814814814,0.32657441403286913,0.3045111584353665,0.022063255597502607,0.45237544826913284,-0.47857142857142876
120,70,48.128,-0.13580246913580246,0.3303945808113897,0.30817635778423114,0.02221822302715859,0.4555528334083267,-0.4836956521739132
120,71,48.81066666666666,-0.12345679012345678,0.3341930767854149,0.31184155713309575,0.02235151965231913,0.45828588974687484,-0.4883540372670809
120,72,49.49333333333333,-0.1111111111111111,0.33797002488773653,0.31550675648196036,0.02246326840577617,0.46057713784556287,-0.49254658385093186
120,73,50.175999999999995,-0.09876543209876543,0.3417255473537809,0.31917195583082497,0.02255359152295594,0.46242908396669147,-0.49627329192546604
120,74,50.858666666666664,-0.08641975308641975,0.3454597657255649,0.3228371551796896,0.022622610545875332,0.4638442201551963,-0.49953416149068336
120,75,51.541333333333334,-0.07407407407407407,0.3491728008556295,0.32650235452855414,0.022670446327075378,0.4648250243192981,-0.502329192546584
120,76,52.224,-0.06172839506172839,0.35286477291095064,0.33016755387741875,0.02269721903353189,0.4653739603106853,-0.5046583850931678
120,77,52.906666666666666,-0.04938271604938271,0.3565358013768287,0.33383275322628336,0.022703048150545357,0.4654934780042699,-0.506521739130435
120,78,53.58933333333333,-0.037037037037037035,0.36018600506075515,0.337497952575148,0.02268805248560718,0.46518601337745974,-0.5079192546583853
120,79,54.272,-0.024691358024691357,0.363815502096258,0.3411631519240126,0.022652350172245428,0.4644539885890103,-0.5088509316770188
120,80,54.95466666666667,-0.012345679012345678,0.3674244099467243,0.3448283512728772,0.02259605867384712,0.4632998120573946,-0.5093167701863356
120,81,55.63733333333333,0.0,0.37101284540920243,0.3484935506217418,0.02251929478746062,0.4617258785387663,-0.5093167701863356
120,82,56.32,0.012345679012345678,0.3745809246181817,0.3521587499706064,0.022422174647575288,0.4597345692044557,-0.5088509316770189
120,83,57.00266666666666,0.024691358024691357,0.3781287630493506,0.35582394931947103,0.02230481372987958,0.45732825171802444,-0.5079192546583853
120,84,57.68533333333333,0.037037037037037035,0.3816564755233348,0.35948914866833565,0.02216732685499917,0.4545092803119103,-0.5065217391304349
120,85,58.367999999999995,0.04938271604938271,0.38516417620941235,0.36315434801720026,0.02200982819221209,0.4512799958636007,-0.5046583850931678
120,86,59.050666666666665,0.06172839506172839,0.38865197862920897,0.36681954736606487,0.021832431263144103,0.44764272597140126,-0.502329192546584
120,87,59.733333333333334,0.07407407407407407,0.39211999566037203,0.3704847467149295,0.021635248945442553,0.44359978502976244,-0.4995341614906834
120,88,60.416,0.08641975308641975,0.39556833954022363,0.37414994606379404,0.021418393476429598,0.4391534743041842,-0.49627329192546604
120,89,61.09866666666667,0.09876543209876543,0.39899712186939273,0.37781514541265865,0.021181976456734086,0.4343060820056825,-0.4925465838509318
120,90,61.78133333333333,0.1111111111111111,0.4024064536154275,0.38148034476152326,0.020926108853904224,0.42905988336486134,-0.4883540372670809
120,91,62.464,0.12345679012345678,0.40579644511638613,0.38514554411038787,0.020650901005998257,0.42341714070553516,-0.4836956521739132
120,92,63.14666666666666,0.13580246913580246,0.4091672060844078,0.3888107434592525,0.020356462625155336,0.4173801035179439,-0.47857142857142876
120,93,63.82933333333333,0.14814814814814814,0.412518845609264,0.3924759428081171,0.0200429028011469,0.4109510085315693,-0.4729813664596276
120,94,64.512,0.16049382716049382,0.415851472161888,0.3961411421569817,0.019710330004906296,0.4041320797875043,-0.46692546583850947
120,95,65.19466666666666,0.1728395061728395,0.41916519359788607,0.3998063415058463,0.019358852092039747,0.39692552871044107,-0.46040372670807467
120,96,65.87733333333333,0.18518518518518517,0.42246011716102794,0.40347154085471093,0.018988576306317007,0.3893335541802412,-0.45341614906832317
120,97,66.56,0.19753086419753085,0.4257363494867178,0.40713674020357554,0.01859960928314225,0.38135834260310164,-0.4459627329192548
120,98,67.24266666666666,0.20987654320987653,0.4289939966054447,0.41080193955244015,0.01819205705300453,0.3730020679823016,-0.43804347826086976
120,99,67.92533333333333,0.2222222222222222,0.4322331639462147,0.4144671389013047,0.017766025044909983,0.36426689198857454,-0.42965838509316784
120,100,68.608,0.2345679012345679,0.4354539563399631,0.4181323382501694,0.01732161808979371,0.3551549640300642,-0.4208074534161492
120,101,69.29066666666667,0.24691358024691357,0.43865647802294605,0.42179753759903393,0.016858940423912117,0.3456684213218795,-0.4114906832298138
120,102,69.97333333333333,0.25925925925925924,0.44184083264011553,0.42546273694789855,0.016378095692216987,0.33580938895527557,-0.4017080745341617
120,103,70.65599999999999,0.2716049382716049,0.44500712324847236,0.42912793629676316,0.0158791869517092,0.325579979966416,-0.3914596273291927
120,104,71.33866666666667,0.2839506172839506,0.4481554523204023,0.43279313564562777,0.015362316674774557,0.31498229540477013,-0.380745341614907
120,105,72.02133333333333,0.2962962962962963,0.4512859217469919,0.4364583349944924,0.01482758675249951,0.3040184244010968,-0.3695652173913045
120,106,72.704,0.30864197530864196,0.45439863284132653,0.440123534343357,0.01427509849796954,0.29269044423507284,-0.3579192546583853
120,107,73.38666666666667,0.32098765432098764,0.4574936863417689,0.4437887336922216,0.013704952649547297,0.281000420402507,-0.34580745341614927
120,108,74.06933333333333,0.3333333333333333,0.4605711824152192,0.4474539330410862,0.013117249374133,0.2689504066821894,-0.3332298136645965
120,109,74.752,0.345679012345679,0.46363122066035733,0.4511191323899508,0.012512088270406507,0.2565424452023658,-0.3201863354037268
120,110,75.43466666666666,0.35802469135802467,0.46667390011086596,0.45478433173881544,0.011889568372050519,0.2437785665068245,-0.3066770186335405
120,111,76.11733333333333,0.37037037037037035,0.4696993192386356,0.45844953108768005,0.011249788150955564,0.23066078962061035,-0.2927018633540374
120,112,76.8,0.38271604938271603,0.47270757595695145,0.4621147304365446,0.010592845520406846,0.21719112211536606,-0.27826086956521756
120,113,77.48266666666666,0.3950617283950617,0.47569876762366237,0.4657799297854093,0.009918837838253092,0.20337156017430527,-0.26335403726708095
120,114,78.16533333333334,0.4074074074074074,0.4786729910443319,0.46944512913427383,0.009227861910058088,0.18920408865683,-0.24798136645962746
120,115,78.848,0.41975308641975306,0.4816303424753705,0.47311032848313844,0.008520013992232067,0.17469068116273542,-0.2321428571428573
120,116,79.53066666666666,0.43209876543209874,0.48457091762715176,0.47677552783200305,0.0077953897951487106,0.15983330009611946,-0.21583850931677032
120,117,80.21333333333332,0.4444444444444444,0.48749481166710906,0.48044072718086767,0.0070540844862413965,0.14463389672886692,-0.19906832298136662
120,118,80.896,0.4567901234567901,0.4904021192228163,0.4841059265297323,0.006296192693084013,0.12909441126381724,-0.18183229813664617
120,119,81.57866666666666,0.4691358024691358,0.4932929343850494,0.4877711258785969,0.005521808506452508,0.11321677289753698,-0.1641304347826088
120,120,82.26133333333333,0.48148148148148145,0.4961673507108323,0.4914363252274615,0.004731025483370788,0.09700289988277185,-0.1459627329192548
120,121,82.944,0.49382716049382713,0.49902546122646463,0.4951015245763261,0.003923936650138515,0.08045469959052721,-0.12732919254658398
120,122,83.62666666666667,0.5061728395061729,0.5018673584305318,0.4987667239251907,0.003100634505341038,0.06357406857178241,-0.10822981366459633
120,123,84.30933333333333,0.5185185185185185,0.5046931342968994,0.5024319232740553,0.002261211022844156,0.04636289261889419,-0.08866459627329203
120,124,84.99199999999999,0.5308641975308642,0.5075028802776891,0.50609712262292,0.0014057576547691353,0.028823046826595027,-0.06863354037267083
120,125,85.67466666666667,0.5432098765432098,0.510296687306239,0.5097623219717845,0.0005343653344545007,0.010956395652720548,-0.04813664596273305
120,126,86.35733333333333,0.5555555555555556,0.5130746458000457,0.5134275213206492,-0.0003528755206034795,-0.007235207021500119,-0.027173913043478288
120,127,87.03999999999999,0.5679012345679012,0.5158368456636915,0.5170927206695137,-0.001255875005822249,-0.025749917831398707,-0.005745341614906957
120,128,87.72266666666667,0.5802469135802469,0.5185833762917536,0.5207579200183784,-0.0021745437266248446,-0.04458590386924101,0.016149068322981366
120,129,88.40533333333333,0.5925925925925926,0.5213143265716966,0.524423119367243,-0.0031087927955463224,-0.06374134262489826,0.03850931677018626
120,130,89.088,0.6049382716049383,0.5240297848867506,0.5280883187161076,-0.004058533829357058,-0.08321442192686462,0.06133540372670805
120,131,89.77066666666667,0.6172839506172839,0.5267298391187704,0.5317535180649722,-0.005023678946201815,-0.10300333988359772,0.08462732919254641
120,132,90.45333333333333,0.6296296296296297,0.52941457665108,0.5354187174138368,-0.006004140762756793,-0.12310630482522816,0.10838509316770185
120,133,91.136,0.6419753086419753,0.532084084371301,0.5390839167627014,-0.006999832391400451,-0.1435215352455512,0.13260869565217387
120,134,91.81866666666666,0.654320987654321,0.534738448674164,0.5427491161115661,-0.008010667437402086,-0.16424725974438262,0.15729813664596276
120,135,92.50133333333333,0.6666666666666666,0.5373777554643053,0.5464143154604306,-0.009036559996125293,-0.18528171697021967,0.18245341614906826
120,136,93.184,0.6790123456790124,0.5400020901590463,0.5500795148092952,-0.010077424650248856,-0.20662315556325944,0.20807453416149063
120,137,93.86666666666666,0.691358024691358,0.5426115376911588,0.5537447141581598,-0.011133176467001071,-0.22826983409869256,0.23416149068322967
120,138,94.54933333333334,0.7037037037037037,0.5452061825116128,0.5574099135070245,-0.012203730995411721,-0.250220021030359,0.2607142857142858
120,139,95.232,0.7160493827160493,0.5477861085923105,0.5610751128558891,-0.013289004263578597,-0.27247199463470184,0.2877329192546583
120,140,95.91466666666666,0.7283950617283951,0.5503513994288031,0.5647403122047536,-0.014388912775950558,-0.2950240429550604,0.3152173913043479
120,141,96.59733333333332,0.7407407407407407,0.5529021380429937,0.5684055115536183,-0.015503373510624585,-0.3178744637462503,0.3431677018633539
120,142,97.28,0.7530864197530864,0.555438406985824,0.5720707109024828,-0.01663230391665882,-0.3410215644194709,0.37158385093167695
120,143,97.96266666666666,0.7654320987654321,0.5579602883399457,0.5757359102513475,-0.017775621911401807,-0.36446366198754554,0.40046583850931666
120,144,98.64533333333333,0.7777777777777778,0.560467863722377,0.5794011096002121,-0.01893324587783507,-0.38819908301043465,0.42981366459627335
120,145,99.328,0.7901234567901234,0.5629612142871444,0.5830663089490766,-0.02010509466193222,-0.41222616354108815,0.45962732919254645
120,146,100.01066666666667,0.8024691358024691,0.5654404207279087,0.5867315082979413,-0.02129108757003262,-0.43654324907159614,0.48990683229813664
120,147,100.69333333333333,0.8148148148148148,0.567905563280577,0.590396707646806,-0.02249114436622901,-0.4611486944796261,0.5206521739130434
120,148,101.37599999999999,0.8271604938271605,0.5703567217258987,0.5940619069956705,-0.023705185269771833,-0.48604086397520196,0.5518633540372672
120,149,102.05866666666667,0.8395061728395061,0.5727939753920485,0.5977271063445351,-0.024933130952486615,-0.5112181310477515,0.5835403726708074
120,150,102.74133333333333,0.8518518518518519,0.5752174031571924,0.6013923056933997,-0.026174902536207356,-0.5366788784134814,0.6156832298136646
120,151,103.42399999999999,0.8641975308641975,0.5776270834520421,0.6050575050422644,-0.027430421590222354,-0.562421497963008,0.6482919254658385
120,152,104.10666666666667,0.8765432098765432,0.5800230942623918,0.608722704391129,-0.02869961012873712,-0.5884443907093374,0.6813664596273292
120,153,104.78933333333333,0.8888888888888888,0.5824055131316431,0.6123879037399935,-0.029982390608350395,-0.6147459667361154,0.7149068322981367
120,154,105.472,0.9012345679012346,0.584774417163314,0.6160531030888582,-0.03127868592554417,-0.6413246451461633,0.7489130434782609
120,155,106.15466666666666,0.9135802469135802,0.5871298830235344,0.6197183024377227,-0.03258841941418833,-0.6681788540103148,0.7833850931677017
120,156,106.83733333333333,0.9259259259259259,0.5894719869435279,0.6233835017865874,-0.03391151484305954,-0.6953070303165444,0.8183229813664598
120,157,107.52,0.9382716049382716,0.5918008047220773,0.627048701135452,-0.03524789641337467,-0.7227076199193926,0.8537267080745341
120,158,108.20266666666666,0.9506172839506173,0.5941164117279799,0.6307139004843165,-0.036597488756336616,-0.7503790774896483,0.8895962732919258
120,159,108.88533333333334,0.9629629629629629,0.596418882902485,0.6343790998331812,-0.03796021693069618,-0.7783198664643571,0.9259316770186334
120,160,109.568,0.9753086419753086,0.5987082927617198,0.6380442991820459,-0.039336006420326086,-0.806528458997081,0.9627329192546583
120,161,110.25066666666666,0.9876543209876543,0.6009847153991013,0.6417094985309104,-0.04072478313180916,-0.8350033359084469,1.0
300,0,0.3413333333333333,-1.0,0.0011371307540549713,0.010748121433617391,-0.00961099067956242,-1.0,1.0
300,1,1.024,-0.9876543209876543,0.003407514533494971,0.012647068695392005,-0.009239554161897034,-0.9613529416426094,0.9627329192546583
300,2,1.7066666666666666,-0.9753086419753086,0.005672737802253636,0.014546015957166591,-0.008873278154912956,-0.9232428217604877,0.9259316770186335
300,3,2.389333333333333,-0.9629629629629629,0.007932812290008973,0.016444963218941178,-0.008512150928932205,-0.8856684199094194,0.8895962732919253
300,4,3.072,-0.9506172839506173,0.010187749699777426,0.018343910480715764,-0.008156160780938337,-0.8486285184192562,0.8537267080745341
300,5,3.7546666666666666,-0.9382716049382716,0.012437561707975497,0.020242857742490378,-0.00780529603451488,-0.8121219023875121,0.8183229813664594
300,6,4.437333333333333,-0.9259259259259259,0.014682259964479027,0.022141805004264964,-0.007459545039785936,-0.7761473596731823,0.783385093167702
300,7,5.12,-0.9135802469135802,0.01692185609268415,0.02404075226603955,-0.007118896173355399,-0.7407036808904195,0.7489130434782607
300,8,5.802666666666666,-0.9012345679012346,0.01915636168956769,0.025939699527814136,-0.006783337838246445,-0.705789659402238,0.7149068322981366
300,9,6.485333333333333,-0.8888888888888888,0.021385788325746558,0.02783864678958875,-0.006452858463842193,-0.6714040913143394,0.6813664596273291
300,10,7.168,-0.8765432098765432,0.02361014754553814,0.029737594051363336,-0.006127446505825196,-0.6375457754688171,0.6482919254658386
300,11,7.850666666666666,-0.8641975308641975,0.025829450867020043,0.03163654131313792,-0.00580709044611788,-0.6042135134379583,0.6156832298136645
300,12,8.533333333333333,-0.8518518518518519,0.028043709782089477,0.03353548857491251,-0.005491778792823032,-0.5714061095180532,0.5835403726708074
300,13,9.216,-0.8395061728395061,0.030252935756523103,0.03543443583668712,-0.00518150008016402,-0.5391223707231739,0.5518633540372668
300,14,9.898666666666667,-0.8271604938271605,0.0324571402300361,0.03733338309846171,-0.004876242868425612,-0.5073611067790176,0.5206521739130434
300,15,10.581333333333333,-0.8148148148148148,0.034656334616341655,0.039232330360236295,-0.00457599574389464,-0.47612113011673224,0.48990683229813653
300,16,11.264,-0.8024691358024691,0.03685053030320984,0.041131277622010895,-0.004280747318801056,-0.44540125586678386,0.45962732919254656
300,17,11.946666666666665,-0.7901234567901234,0.039039738652526745,0.043030224883785495,-0.00399048623125875,-0.4152003018527985,0.4298136645962731
300,18,12.629333333333333,-0.7777777777777778,0.04122397100035313,0.04492917214556008,-0.003705201145206949,-0.3855170885854655,0.4004658385093167
300,19,13.312,-0.7654320987654321,0.04340323865698359,0.04682811940733468,-0.003424880750351092,-0.35635043925638515,0.3715838509316768
300,20,13.994666666666665,-0.7530864197530864,0.04557755290700427,0.04872706666910927,-0.003149513762104997,-0.3276991797320514,0.34316770186335394
300,21,14.677333333333333,-0.7407407407407407,0.04774692500935218,0.05062601393088387,-0.002879088921531686,-0.2995621385476953,0.3152173913043476
300,22,15.36,-0.7283950617283951,0.04991136619737313,0.052524961192658454,-0.0026135949952853232,-0.27193814690124307,0.2877329192546584
300,23,16.042666666666666,-0.7160493827160493,0.052070887678879574,0.054423908454433054,-0.00235302077555348,-0.24482603864730945,0.26071428571428557
300,24,16.72533333333333,-0.7037037037037037,0.054225500636209345,0.05632285571620764,-0.002097355079998295,-0.21822465029107546,0.23416149068322975
300,25,17.407999999999998,-0.691358024691358,0.05637521622628283,0.05822180297798224,-0.0018465867516994083,-0.1921328209823508,0.20807453416149055
300,26,18.090666666666667,-0.6790123456790124,0.05852004558066126,0.060120750239756826,-0.0016007046590955643,-0.16654939250949757,0.18245341614906826
300,27,18.773333333333333,-0.6666666666666666,0.060659999805604325,0.062019697501531426,-0.0013596976959271007,-0.14147320929344678,0.1572981366459626
300,28,19.456,-0.654320987654321,0.06279508998212735,0.06391864476330601,-0.0011235547811786623,-0.1169031183817376,0.13260869565217387
300,29,20.138666666666666,-0.6419753086419753,0.0649253271660587,0.06581759202508061,-0.0008922648590219129,-0.09283796944255666,0.10838509316770169
300,30,20.82133333333333,-0.6296296296296297,0.06705072238809762,0.0677165392868552,-0.0006658168987575819,-0.0692766147587083,0.08462732919254659
300,31,21.503999999999998,-0.6172839506172839,0.06917128665387051,0.0696154865486298,-0.0004441998947592868,-0.0462179092217693,0.061335403726707885
300,32,22.186666666666667,-0.6049382716049383,0.07128703094398858,0.07151443381040438,-0.00022740286641580176,-0.023660710326082142,0.03850931677018626
300,33,22.869333333333334,-0.5925925925925926,0.07339796621410433,0.07341338107217898,-1.5414858074658255e-05,-0.0016038781628867505,0.016149068322981196
300,34,23.552,-0.5802469135802469,0.0755041033949686,0.07531232833395357,0.0001917750610150315,0.019953724585628548,-0.005745341614906957
300,35,24.234666666666666,-0.5679012345679012,0.0776054533924867,0.07721127559572817,0.0003941777967585297,0.04101323265214906,-0.027173913043478375
300,36,24.917333333333332,-0.5555555555555556,0.0797020270877754,0.07911022285750276,0.0005918042302726495,0.06157577819018276,-0.04813664596273297
300,37,25.599999999999998,-0.5432098765432098,0.08179383533721896,0.08100917011927736,0.0007846652179415992,0.0816424907798708,-0.068633540372671
300,38,26.282666666666668,-0.5308641975308642,0.08388088897252521,0.08290811738105194,0.0009727715914732704,0.10121449743384413,-0.08866459627329203
300,39,26.965333333333334,-0.5185185185185185,0.08596319880078218,0.08480706464282656,0.001156134157955624,0.12029292260309024,-0.1082298136645965
300,40,27.648,-0.5061728395061729,0.08804077560451351,0.08670601190460113,0.0013347636999123808,0.13887888818274782,-0.1273291925465839
300,41,28.330666666666666,-0.49382716049382713,0.09011363014173468,0.08860495916637574,0.0015086709753589361,0.15697351351792432,-0.1459627329192548
300,42,29.013333333333332,-0.48148148148148145,0.0921817731460084,0.09050390642815033,0.0016778667178580647,0.17457791540949205,-0.16413043478260889
300,43,29.695999999999998,-0.4691358024691358,0.09424521532650032,0.09240285368992493,0.0018423616365753903,0.19169320811985965,-0.18183229813664617
300,44,30.378666666666664,-0.4567901234567901,0.0963039673680347,0.09430180095169952,0.002002166416335188,0.20832050337877814,-0.19906832298136662
300,45,31.061333333333334,-0.4444444444444444,0.09835803993114922,0.09620074821347412,0.0021572917176751055,0.22446091038903443,-0.21583850931677032
300,46,31.744,-0.43209876543209874,0.1004074436521506,0.0980996954752487,0.0023077481769018943,0.24011553583225034,-0.2321428571428573
300,47,32.42666666666666,-0.41975308641975306,0.10245218914316978,0.0999986427370233,0.0024535464061464785,0.25528548387461203,-0.24798136645962754
300,48,33.10933333333333,-0.4074074074074074,0.10449228699221647,0.10189758999879789,0.002594696993418577,0.2699718561725534,-0.26335403726708095
300,49,33.792,-0.3950617283950617,0.10652774776323415,0.10379653726057249,0.00273121050266166,0.2841757518784744,-0.27826086956521756
300,50,34.474666666666664,-0.38271604938271603,0.10855858199615487,0.10569548452234709,0.0028630974738077797,0.29789826764644556,-0.2927018633540374
300,51,35.157333333333334,-0.37037037037037035,0.11058480020695383,0.10759443178412167,0.0029903684228321514,0.31114049763788765,-0.3066770186335406
300,52,35.839999999999996,-0.35802469135802467,0.11260641288770334,0.10949337904589626,0.0031130338418070835,0.3239035335271824,-0.3201863354037269
300,53,36.522666666666666,-0.345679012345679,0.11462343050662815,0.11139232630767086,0.0032311041989572936,0.3361884645074282,-0.3332298136645965
300,54,37.205333333333336,-0.3333333333333333,0.11663586350815869,0.11329127356944546,0.003344589938713227,0.3479963772959879,-0.3458074534161492
300,55,37.888,-0.32098765432098764,0.11864372231298559,0.11519022083122005,0.003453501481765542,0.35932835614015773,-0.35791925465838526
300,56,38.57066666666667,-0.30864197530864196,0.12064701731811356,0.11708916809299463,0.0035578492251189253,0.3701854828227667,-0.36956521739130455
300,57,39.25333333333333,-0.2962962962962963,0.12264575889691542,0.11898811535476923,0.003657643542146191,0.38056883666780544,-0.380745341614907
300,58,39.936,-0.2839506172839506,0.12463995739918532,0.12088706261654383,0.003752894782641486,0.39047949454596204,-0.3914596273291927
300,59,40.61866666666666,-0.2716049382716049,0.12662962315119308,0.12278600987831842,0.003843613272874663,0.3999185308802796,-0.4017080745341616
300,60,41.30133333333333,-0.25925925925925924,0.12861476645573688,0.12468495714009302,0.003929809315643865,0.40888701765162727,-0.4114906832298138
300,61,41.984,-0.24691358024691357,0.13059539759219696,0.12658390440186762,0.0040114931903293405,0.41738602440430006,-0.4208074534161492
300,62,42.666666666666664,-0.2345679012345679,0.13257152681658924,0.1284828516636422,0.00408867515294703,0.4254166182515936,-0.4296583850931679
300,63,43.349333333333334,-0.2222222222222222,0.1345431643616175,0.1303817989254168,0.004161365436200715,0.43297986388123083,-0.43804347826086976
300,64,44.032,-0.20987654320987653,0.1365103204367274,0.13228074618719138,0.004229574249536017,0.4400768235609802,-0.4459627329192548
300,65,44.714666666666666,-0.19753086419753085,0.13847300522815864,0.134179693448966,0.004293311779192649,0.4467085571440924,-0.4534161490683231
300,66,45.39733333333333,-0.18518518518518517,0.14043122889899773,0.13607864071074058,0.0043525881882571504,0.452876122074787,-0.4604037267080747
300,67,46.08,-0.1728395061728395,0.14238500158923117,0.13797758797251516,0.0044074136167160105,0.45858057339378006,-0.46692546583850947
300,68,46.76266666666667,-0.16049382716049382,0.14433433341579727,0.13987653523428978,0.0044577981815074885,0.46382296374367604,-0.4729813664596276
300,69,47.44533333333333,-0.14814814814814814,0.14627923447263913,0.14177548249606436,0.004503751976574766,0.46860434337449774,-0.47857142857142876
300,70,48.128,-0.13580246913580246,0.14821971483075636,0.14367442975783895,0.004545285072917404,0.47292576014904086,-0.4836956521739132
300,71,48.81066666666666,-0.12345679012345678,0.15015578453825784,0.14557337701961354,0.004582407518644305,0.4767882595483838,-0.4883540372670809
300,72,49.49333333333333,-0.1111111111111111,0.1520874536204131,0.14747232428138815,0.004615129339024943,0.4801928846772189,-0.49254658385093186
300,73,50.175999999999995,-0.09876543209876543,0.15401473207970462,0.14937127154316274,0.004643460536541882,0.48314067626931617,-0.49627329192546604
300,74,50.858666666666664,-0.08641975308641975,0.15593762989587978,0.15127021880493732,0.004667411090942458,0.48563267269290095,-0.49953416149068336
300,75,51.541333333333334,-0.07407407407407407,0.1578561570260021,0.1531691660667119,0.004686990959290177,0.48766990995600173,-0.502329192546584
300,76,52.224,-0.06172839506172839,0.1597703234045028,0.15506811332848652,0.004702210076016289,0.4892534217118163,-0.5046583850931678
300,77,52.906666666666666,-0.04938271604938271,0.16168013894323308,0.1569670605902611,0.004713078352971967,0.490384239264141,-0.506521739130435
300,78,53.58933333333333,-0.037037037037037035,0.16358561353151413,0.1588660078520357,0.004719605679478434,0.49106339157258583,-0.5079192546583853
300,79,54.272,-0.024691358024691357,0.16548675703618954,0.16076495511381028,0.004721801922379254,0.49129190525801586,-0.5088509316770188
300,80,54.95466666666667,-0.012345679012345678,0.16738357930167558,0.1626639023755849,0.004719676926090682,0.4910708046077894,-0.5093167701863356
300,81,55.63733333333333,0.0,0.16927609015001244,0.16456284963735948,0.004713240512652955,0.4904011115810951,-0.5093167701863356
300,82,56.32,0.012345679012345678,0.17116429938091537,0.16646179689913407,0.004702502481781307,0.48928384581425977,-0.5088509316770189
300,83,57.00266666666666,0.024691358024691357,0.17304821677182503,0.16836074416090868,0.004687472610916343,0.48772002462598996,-0.5079192546583853
300,84,57.68533333333333,0.037037037037037035,0.17492785207795836,0.17025969142268327,0.004668160655275089,0.4857106630226829,-0.5065217391304349
300,85,58.367999999999995,0.04938271604938271,0.17680321503235874,0.17215863868445785,0.004644576347900886,0.4832567737036188,-0.5046583850931678
300,86,59.050666666666665,0.06172839506172839,0.1786743153459469,0.17405758594623244,0.00461672939971447,0.48035936706627475,-0.502329192546584
300,87,59.733333333333334,0.07407407407407407,0.18054116270757103,0.17595653320800705,0.00458462949956398,0.47701945121152844,-0.4995341614906834
300,88,60.416,0.08641975308641975,0.18240376678405645,0.17785548046978164,0.004548286314274813,0.4732380319488451,-0.49627329192546604
300,89,61.09866666666667,0.09876543209876543,0.18426213722025664,0.17975442773155623,0.004507709488700412,0.4690161128015623,-0.4925465838509318
300,90,61.78133333333333,0.1111111111111111,0.18611628363910226,0.1816533749933308,0.004462908645771452,0.4643546950120072,-0.4883540372670809
300,91,62.464,0.12345679012345678,0.1879662156416514,0.18355232225510543,0.004413893386545964,0.45925477754671223,-0.4836956521739132
300,92,63.14666666666666,0.13580246913580246,0.1898119428071393,0.18545126951688,0.004360673290259298,0.45371735710161315,-0.47857142857142876
300,93,63.82933333333333,0.14814814814814814,0.19165347469302807,0.1873502167786546,0.004303257914373471,0.44774342810718387,-0.4729813664596276
300,94,64.512,0.16049382716049382,0.19349082083505564,0.18924916404042919,0.004241656794626458,0.44133398273356533,-0.46692546583850947
300,95,65.19466666666666,0.1728395061728395,0.1953239907472858,0.1911481113022038,0.0041758794450819925,0.43449001089574635,-0.46040372670807467
300,96,65.87733333333333,0.18518518518518517,0.19715299392215713,0.19304705856397839,0.004105935358178742,0.42721250025868107,-0.45341614906832317
300,97,66.56,0.19753086419753085,0.19897783983053208,0.19494600582575297,0.004031834004779106,0.4195024362423658,-0.4459627329192548
300,98,67.24266666666666,0.20987654320987653,0.20079853792174618,0.19684495308752759,0.003953584834218593,0.4113608020269765,-0.43804347826086976
300,99,67.92533333333333,0.2222222222222222,0.20261509762365704,0.19874390034930217,0.003871197274354865,0.40278857855797207,-0.42965838509316784
300,100,68.608,0.2345679012345679,0.20442752834269295,0.20064284761107676,0.0037846807316161968,0.3937867445511361,-0.4208074534161492
300,101,69.29066666666667,0.24691358024691357,0.20623583946390145,0.20254179487285134,0.003694044591050105,0.38435627649763693,-0.4114906832298138
300,102,69.97333333333333,0.25925925925925924,0.20804004035099866,0.20444074213462593,0.003599298216372726,0.374498148669165,-0.4017080745341617
300,103,70.65599999999999,0.2716049382716049,0.20984014034641685,0.20633968939640054,0.003500450950016304,0.3642133331228739,-0.3914596273291927
300,104,71.33866666666667,0.2839506172839506,0.2116361487713535,0.20823863665817513,0.0033975121131783748,0.35350279970649817,-0.380745341614907
300,105,72.02133333333333,0.2962962962962963,0.21342807492581917,0.21013758391994974,0.0032904910058694226,0.34236751606331134,-0.3695652173913045
300,106,72.704,0.30864197530864196,0.21521592808868573,0.21203653118172433,0.003179396906961396,0.3308084476371744,-0.3579192546583853
300,107,73.38666666666667,0.32098765432098764,0.2169997175177346,0.21393547844349892,0.0030642390742356973,0.31882655767752854,-0.34580745341614927
300,108,74.06933333333333,0.3333333333333333,0.21877945244970443,0.2158344257052735,0.002945026744430923,0.3064228072443628,-0.3332298136645965
300,109,74.752,0.345679012345679,0.22055514210033933,0.2177333729670481,0.002821769133291241,0.29359815521324734,-0.3201863354037268
300,110,75.43466666666666,0.35802469135802467,0.2223267956644358,0.2196323202288227,0.002694475435613103,0.28035355828019387,-0.3066770186335405
300,111,76.11733333333333,0.37037037037037035,0.2240944223158916,0.2215312674905973,0.002563154825294317,0.2666899709667615,-0.2927018633540374
300,112,76.8,0.38271604938271603,0.2258580312077516,0.22343021475237188,0.0024278164553797332,0.2526083456248102,-0.27826086956521756
300,113,77.48266666666666,0.3950617283950617,0.2276176314722569,0.2253291620141465,0.002288469458110398,0.2381096324416153,-0.26335403726708095
300,114,78.16533333333334,0.4074074074074074,0.2293732322208909,0.22722810927592108,0.002145122944969824,0.2231947794446815,-0.24798136645962746
300,115,78.848,0.41975308641975306,0.2311248425444269,0.22912705653769566,0.001997786006731228,0.20786473250665827,-0.2321428571428573
300,116,79.53066666666666,0.43209876543209874,0.2328724715129752,0.23102600379947025,0.00184646771350494,0.19212043535027215,-0.21583850931677032
300,117,80.21333333333332,0.4444444444444444,0.23461612817603017,0.23292495106124483,0.001691177114785336,0.1759628295532104,-0.19906832298136662
300,118,80.896,0.4567901234567901,0.23635582156251667,0.23482389832301945,0.0015319232394972182,0.1593928545529466,-0.18183229813664617
300,119,81.57866666666666,0.4691358024691358,0.23809156068083737,0.23672284558479403,0.0013687150960433325,0.14241144765168465,-0.1641304347826088
300,120,82.26133333333333,0.48148148148148145,0.239823354518919,0.23862179284656865,0.0012015616723503597,0.1250195440211441,-0.1459627329192548
300,121,82.944,0.49382716049382713,0.2415512120442591,0.24052074010834323,0.0010304719359158776,0.10721807670744657,-0.12732919254658398
300,122,83.62666666666667,0.5061728395061729,0.24327514220397217,0.24241968737011782,0.0008554548338543522,0.08900797663590079,-0.10822981366459633
300,123,84.30933333333333,0.5185185185185185,0.2449951539248365,0.2443186346318924,0.0006765192929441,0.07039017261588909,-0.08866459627329203
300,124,84.99199999999999,0.5308641975308642,0.24671125611333977,0.24621758189366702,0.0004936742196727517,0.05136559134559771,-0.06863354037267083
300,125,85.67466666666667,0.5432098765432098,0.24842345765572582,0.2481165291554416,0.0003069285002842148,0.03193515741690314,-0.04813664596273305
300,126,86.35733333333333,0.5555555555555556,0.2501317674180401,0.2500154764172162,0.0001162910008238871,0.012099793320076524,-0.027173913043478288
300,127,87.03999999999999,0.5679012345679012,0.25183619424617576,0.2519144236789908,-7.82294328150468e-05,-0.00813958055139936,-0.005745341614906957
300,128,87.72266666666667,0.5802469135802469,0.2535367469659199,0.2538133709407654,-0.0002766239748455135,-0.028782045896033264,0.016149068322981366
300,129,88.40533333333333,0.5925925925925926,0.2552334343829985,0.25571231820254,-0.00047888381954147574,-0.04982668649963553,0.03850931677018626
300,130,89.088,0.6049382716049383,0.25692626528312257,0.25761126546431456,-0.000685000181191997,-0.07127258823053863,0.06133540372670805
300,131,89.77066666666667,0.6172839506172839,0.25861524843203343,0.25951021272608915,-0.0008949642940557223,-0.093118839034861,0.08462732919254641
300,132,90.45333333333333,0.6296296296296297,0.26030039257554805,0.26140915998786374,-0.001108767412315692,-0.11536452893180553,0.10838509316770185
300,133,91.136,0.6419753086419753,0.2619817064396047,0.2633081072496384,-0.0013264008100336566,-0.1380087500089061,0.13260869565217387
300,134,91.81866666666666,0.654320987654321,0.26365919873030763,0.26520705451141297,-0.001547855781105334,-0.1610505964173723,0.15729813664596276
300,135,92.50133333333333,0.6666666666666666,0.26533287813397255,0.26710600177318755,-0.0017731236392150018,-0.18448916436736473,0.18245341614906826
300,136,93.184,0.6790123456790124,0.2670027533171714,0.26900494903496214,-0.0020021957177907557,-0.2083235521233399,0.20807453416149063
300,137,93.86666666666666,0.691358024691358,0.268668832926777,0.2709038962967367,-0.002235063369959711,-0.2325528599993889,0.23416149068322967
300,138,94.54933333333334,0.7037037037037037,0.2703311255900086,0.2728028435585113,-0.002471717968502707,-0.2571761903545246,0.2607142857142858
300,139,95.232,0.7160493827160493,0.27198963991447567,0.2747017908202859,-0.002712150905810229,-0.28219264758809554,0.2877329192546583
300,140,95.91466666666666,0.7283950617283951,0.27364438448822304,0.27660073808206054,-0.002956353593837502,-0.30760133813511326,0.3152173913043479
300,141,96.59733333333332,0.7407407407407407,0.27529536787977515,0.27849968534383507,-0.0032043174640599137,-0.33340137046161444,0.3431677018633539
300,142,97.28,0.7530864197530864,0.2769425986381804,0.2803986326056097,-0.0034560339674293283,-0.35959185506011526,0.37158385093167695
300,143,97.96266666666666,0.7654320987654321,0.2785860852930555,0.2822975798673843,-0.0037114945743287886,-0.38617190444489846,0.40046583850931666
300,144,98.64533333333333,0.7777777777777778,0.2802258363546295,0.2841965271291589,-0.003970690774529384,-0.4131406331475254,0.42981366459627335
300,145,99.328,0.7901234567901234,0.28186186031378835,0.28609547439093347,-0.00423361407714512,-0.44049715771214054,0.45962732919254645
300,146,100.01066666666667,0.8024691358024691,0.28349416564211793,0.28799442165270805,-0.00450025601059012,-0.468240596691018,0.48990683229813664
300,147,100.69333333333333,0.8148148148148148,0.285122760791949,0.2898933689144827,-0.004770608122533715,-0.4963700706398892,0.5206521739130434
300,148,101.37599999999999,0.8271604938271605,0.2867476541964,0.2917923161762572,-0.005044661979857201,-0.5248847021134433,0.5518633540372672
300,149,102.05866666666667,0.8395061728395061,0.2883688542694217,0.29369126343803187,-0.005322409168610154,-0.553783615660782,0.5835403726708074
300,150,102.74133333333333,0.8518518518518519,0.28998636940583944,0.29559021069980645,-0.005603841293967016,-0.5830659378209025,0.6156832298136646
300,151,103.42399999999999,0.8641975308641975,0.2916002079813981,0.29748915796158104,-0.005888949980182967,-0.6127307971181059,0.6482919254658385
300,152,104.10666666666667,0.8765432098765432,0.2932103783528044,0.2993881052233556,-0.006177726870551237,-0.6427773240575553,0.6813664596273292
300,153,104.78933333333333,0.8888888888888888,0.2948168888577706,0.3012870524851302,-0.0064701636273596375,-0.673204651120754,0.7149068322981367
300,154,105.472,0.9012345679012346,0.29641974781505775,0.30318599974690486,-0.0067662519318471,-0.7040119127610227,0.7489130434782609
300,155,106.15466666666666,0.9135802469135802,0.2980189635245184,0.3050849470086794,-0.007065983484160987,-0.7351982453990575,0.7833850931677017
300,156,106.83733333333333,0.9259259259259259,0.29961454426713985,0.306983894270454,-0.007369350003314179,-0.7667627874184662,0.8183229813664598
300,157,107.52,0.9382716049382716,0.30120649830508694,0.30888284153222856,-0.007676343227141613,-0.7987046791612444,0.8537267080745341
300,158,108.20266666666666,0.9506172839506173,0.3027948338817451,0.3107817887940032,-0.007986954912258093,-0.8310230629233876,0.8895962732919258
300,159,108.88533333333334,0.9629629629629629,0.30437955922176274,0.3126807360557778,-0.008301176834015045,-0.8637170829503905,0.9259316770186334
300,160,109.568,0.9753086419753086,0.30596068253109354,0.31457968331755237,-0.00861900078645883,-0.89678588543291,0.9627329192546583
300,161,110.25066666666666,0.9876543209876543,0.3075382119970397,0.31647863057932696,-0.00894041858228728,-0.9302286185022426,1.0
